matrix,requested_operator,operator_name,operator_family,status,failure_class,claim_status,avg_ms,min_ms,speedup_vs_cusparse,speedup_vs_original_lb,speedup_vs_original_nolb,value_payload_bytes,position_payload_bytes,value_codec,value_codec_effective,value_codec_auto_selected,value_codec_auto_unique_count,value_codec_auto_candidate_payload_bytes,value_codec_exact,value_codebook_size,verify_gate,verify_cpu
494_bus.mtx,original_lb,original_lb,load_balanced_traversal,ok,none,promoted_fallback,0.0076,0.0063,1.618421,1.000000,,13328,6696,original,original,false,0,0,true,0,exact_abs_or_rel,"PASS, max_abs=0.0000, max_rel=0.0000"
494_bus.mtx,auto_lossless_lb,original_lb,load_balanced_traversal,ok,none,promoted_fallback,0.0072,0.0065,1.708333,1.055556,,13328,6696,auto_lossless,original,true,977,13328,true,0,exact_abs_or_rel,"PASS, max_abs=0.0000, max_rel=0.0000"
494_bus.mtx,fp16_lb,fp16_lb,controlled_lossy_value_specialized,ok,none,accuracy_pass_runtime_loss,0.0080,0.0066,1.537500,0.950000,,3332,6696,fp16,fp16,false,0,0,false,0,spmv_max_rel,"PASS, max_abs=2.3685, max_rel=0.0318"
494_bus.mtx,bf16_lb,bf16_lb,controlled_lossy_value_specialized,ok,none,accuracy_pass_runtime_win,0.0073,0.0065,1.684932,1.041096,,3332,6696,bf16,bf16,false,0,0,false,0,spmv_max_rel,"PASS, max_abs=26.7157, max_rel=0.2575"
494_bus.mtx,bfp8_lb,bfp8_lb,controlled_lossy_value_specialized,ok,none,accuracy_pass_runtime_loss,0.0079,0.0062,1.556962,0.962025,,3340,6696,bfp8,bfp8,false,0,0,false,0,spmv_max_rel,"PASS, max_abs=54.8215, max_rel=4044433593749999672640669745152.0000"
494_bus.mtx,bfp8_outlier_lb,bfp8_outlier_lb,controlled_lossy_value_specialized,ok,none,accuracy_pass_runtime_loss,0.0107,0.0084,1.149533,0.710280,,3468,6696,bfp8_outlier,bfp8_outlier,false,0,0,false,0,spmv_max_rel,"PASS, max_abs=40.7777, max_rel=4044433593749999672640669745152.0000"
494_bus.mtx,bfp4_lb,bfp4_lb,controlled_lossy_value_specialized,fail:1,accuracy_fail,accuracy_fail,0.0108,0.0093,1.138889,0.703704,,2507,6696,bfp4,bfp4,false,0,0,false,0,spmv_max_rel,"FAIL, max_abs=1242.0727, max_rel=13617187499999998804024153341952.0000"
494_bus.mtx,hybrid_lb,hybrid_lb,structural_hybrid,ok,none,promoted_fallback,0.0066,0.0047,1.863636,1.151515,,13328,,original,raw_double,false,,,1,0,exact_abs_or_rel,"PASS, max_abs=0.0000, max_rel=0.0000"
494_bus.mtx,cusparse_default,cusparse_csr,external_baseline,ok,none,external_baseline,0.0123,0.0103,1.000000,0.617886,,13328,8644,original,original,false,,,true,0,exact_abs_or_rel,"PASS, max_abs=0.0000, max_rel=0.0000"
EternityII_A_b.mtx,original_lb,original_lb,load_balanced_traversal,ok,none,promoted_fallback,0.0050,0.0034,2.540000,1.000000,,2864,368,original,original,false,0,0,true,0,exact_abs_or_rel,"PASS, max_abs=0.0000, max_rel=0.0000"
EternityII_A_b.mtx,auto_lossless_lb,all_one_lb,lossless_value_specialized,ok,none,accuracy_pass_runtime_loss,0.0055,0.0038,2.309091,0.909091,,0,368,auto_lossless,all_one,true,1,0,true,0,exact_abs_or_rel,"PASS, max_abs=0.0000, max_rel=0.0000"
EternityII_A_b.mtx,fp16_lb,fp16_lb,controlled_lossy_value_specialized,ok,none,accuracy_pass_runtime_loss,0.0058,0.0049,2.189655,0.862069,,716,368,fp16,fp16,false,0,0,false,0,spmv_max_rel,"PASS, max_abs=0.0000, max_rel=0.0000"
EternityII_A_b.mtx,bf16_lb,bf16_lb,controlled_lossy_value_specialized,ok,none,accuracy_pass_runtime_loss,0.0060,0.0052,2.116667,0.833333,,716,368,bf16,bf16,false,0,0,false,0,spmv_max_rel,"PASS, max_abs=0.0000, max_rel=0.0000"
EternityII_A_b.mtx,bfp8_lb,bfp8_lb,controlled_lossy_value_specialized,ok,none,accuracy_pass_runtime_loss,0.0060,0.0045,2.116667,0.833333,,450,368,bfp8,bfp8,false,0,0,false,0,spmv_max_rel,"PASS, max_abs=0.0001, max_rel=0.0001"
EternityII_A_b.mtx,bfp8_outlier_lb,bfp8_outlier_lb,controlled_lossy_value_specialized,ok,none,accuracy_pass_runtime_loss,0.0057,0.0049,2.228070,0.877193,,450,368,bfp8_outlier,bfp8_outlier,false,0,0,false,0,spmv_max_rel,"PASS, max_abs=0.0001, max_rel=0.0001"
EternityII_A_b.mtx,bfp4_lb,bfp4_lb,controlled_lossy_value_specialized,ok,none,accuracy_pass_runtime_loss,0.0058,0.0049,2.189655,0.862069,,271,368,bfp4,bfp4,false,0,0,false,0,spmv_max_rel,"PASS, max_abs=0.0020, max_rel=0.0020"
EternityII_A_b.mtx,hybrid_lb,hybrid_lb,structural_hybrid,ok,none,promoted_fallback,0.0065,0.0059,1.953846,0.769231,,2864,,original,raw_double,false,,,1,0,exact_abs_or_rel,"PASS, max_abs=0.0000, max_rel=0.0000"
EternityII_A_b.mtx,cusparse_default,cusparse_csr,external_baseline,ok,none,external_baseline,0.0127,0.0102,1.000000,0.393701,,2864,30884,original,original,false,,,true,0,exact_abs_or_rel,"PASS, max_abs=0.0000, max_rel=0.0000"
G67.mtx,original_lb,original_lb,load_balanced_traversal,ok,none,promoted_fallback,0.0064,0.0057,2.203125,1.000000,,320000,80000,original,original,false,0,0,true,0,exact_abs_or_rel,"PASS, max_abs=0.0000, max_rel=0.0000"
G67.mtx,auto_lossless_lb,sign2_lb,lossless_value_specialized,ok,none,accuracy_pass_runtime_loss,0.0068,0.0051,2.073529,0.941176,,40000,80000,auto_lossless,sign2,true,2,40000,true,0,exact_abs_or_rel,"PASS, max_abs=0.0000, max_rel=0.0000"
G67.mtx,fp16_lb,fp16_lb,controlled_lossy_value_specialized,ok,none,accuracy_pass_runtime_loss,0.0070,0.0049,2.014286,0.914286,,80000,80000,fp16,fp16,false,0,0,false,0,spmv_max_rel,"PASS, max_abs=0.0000, max_rel=0.0000"
G67.mtx,bf16_lb,bf16_lb,controlled_lossy_value_specialized,ok,none,accuracy_pass_runtime_loss,0.0074,0.0050,1.905405,0.864865,,80000,80000,bf16,bf16,false,0,0,false,0,spmv_max_rel,"PASS, max_abs=0.0000, max_rel=0.0000"
G67.mtx,bfp8_lb,bfp8_lb,controlled_lossy_value_specialized,ok,none,accuracy_pass_runtime_loss,0.0074,0.0055,1.905405,0.864865,,60000,80000,bfp8,bfp8,false,0,0,false,0,spmv_max_rel,"PASS, max_abs=0.0002, max_rel=0.0001"
G67.mtx,bfp8_outlier_lb,bfp8_outlier_lb,controlled_lossy_value_specialized,ok,none,accuracy_pass_runtime_win,0.0061,0.0048,2.311475,1.049180,,60000,80000,bfp8_outlier,bfp8_outlier,false,0,0,false,0,spmv_max_rel,"PASS, max_abs=0.0002, max_rel=0.0001"
G67.mtx,bfp4_lb,bfp4_lb,controlled_lossy_value_specialized,ok,none,accuracy_pass_runtime_loss,0.0083,0.0069,1.698795,0.771084,,40000,80000,bfp4,bfp4,false,0,0,false,0,spmv_max_rel,"PASS, max_abs=0.0068, max_rel=0.0020"
G67.mtx,hybrid_lb,hybrid_lb,structural_hybrid,ok,none,promoted_fallback,0.0061,0.0045,2.311475,1.049180,,320000,,original,raw_double,false,,,1,0,exact_abs_or_rel,"PASS, max_abs=0.0000, max_rel=0.0000"
G67.mtx,cusparse_default,cusparse_csr,external_baseline,ok,none,external_baseline,0.0141,0.0123,1.000000,0.453901,,320000,200004,original,original,false,,,true,0,exact_abs_or_rel,"PASS, max_abs=0.0000, max_rel=0.0000"
GD01_c.mtx,original_lb,original_lb,load_balanced_traversal,ok,none,promoted_fallback,0.0060,0.0051,1.950000,1.000000,,1080,160,original,original,false,0,0,true,0,exact_abs_or_rel,"PASS, max_abs=0.0000, max_rel=0.0000"
GD01_c.mtx,auto_lossless_lb,dict2_lb,lossless_value_specialized,ok,none,accuracy_pass_runtime_win,0.0058,0.0043,2.017241,1.034483,,96,160,auto_lossless,dict2,true,2,96,true,2,exact_abs_or_rel,"PASS, max_abs=0.0000, max_rel=0.0000"
GD01_c.mtx,fp16_lb,fp16_lb,controlled_lossy_value_specialized,ok,none,accuracy_pass_runtime_loss,0.0060,0.0050,1.950000,1.000000,,270,160,fp16,fp16,false,0,0,false,0,spmv_max_rel,"PASS, max_abs=0.0000, max_rel=0.0000"
GD01_c.mtx,bf16_lb,bf16_lb,controlled_lossy_value_specialized,ok,none,accuracy_pass_runtime_loss,0.0060,0.0049,1.950000,1.000000,,270,160,bf16,bf16,false,0,0,false,0,spmv_max_rel,"PASS, max_abs=0.0000, max_rel=0.0000"
GD01_c.mtx,bfp8_lb,bfp8_lb,controlled_lossy_value_specialized,ok,none,accuracy_pass_runtime_win,0.0058,0.0048,2.017241,1.034483,,175,160,bfp8,bfp8,false,0,0,false,0,spmv_max_rel,"PASS, max_abs=0.0147, max_rel=0.0147"
GD01_c.mtx,bfp8_outlier_lb,bfp8_outlier_lb,controlled_lossy_value_specialized,ok,none,accuracy_pass_runtime_loss,0.0061,0.0054,1.918033,0.983607,,175,160,bfp8_outlier,bfp8_outlier,false,0,0,false,0,spmv_max_rel,"PASS, max_abs=0.0147, max_rel=0.0147"
GD01_c.mtx,bfp4_lb,bfp4_lb,controlled_lossy_value_specialized,fail:1,accuracy_fail,accuracy_fail,0.0058,0.0046,2.017241,1.034483,,108,160,bfp4,bfp4,false,0,0,false,0,spmv_max_rel,"FAIL, max_abs=0.2654, max_rel=0.2654"
GD01_c.mtx,hybrid_lb,hybrid_lb,structural_hybrid,ok,none,promoted_fallback,0.0076,0.0060,1.539474,0.789474,,1080,,original,raw_double,false,,,1,0,exact_abs_or_rel,"PASS, max_abs=0.0000, max_rel=0.0000"
GD01_c.mtx,cusparse_default,cusparse_csr,external_baseline,ok,none,external_baseline,0.0117,0.0082,1.000000,0.512821,,1080,676,original,original,false,,,true,0,exact_abs_or_rel,"PASS, max_abs=0.0000, max_rel=0.0000"
GL7d25.mtx,original_lb,original_lb,load_balanced_traversal,ok,none,promoted_fallback,0.0099,0.0091,1.757576,1.000000,,653368,597064,original,original,false,0,0,true,0,exact_abs_or_rel,"PASS, max_abs=0.0000, max_rel=0.0000"
GL7d25.mtx,auto_lossless_lb,original_lb,load_balanced_traversal,ok,none,promoted_fallback,0.0103,0.0096,1.689320,0.961165,,653368,597064,auto_lossless,original,true,20,653368,true,0,exact_abs_or_rel,"PASS, max_abs=0.0000, max_rel=0.0000"
GL7d25.mtx,fp16_lb,fp16_lb,controlled_lossy_value_specialized,ok,none,accuracy_pass_runtime_loss,0.0111,0.0096,1.567568,0.891892,,163342,597064,fp16,fp16,false,0,0,false,0,spmv_max_rel,"PASS, max_abs=0.0000, max_rel=0.0000"
GL7d25.mtx,bf16_lb,bf16_lb,controlled_lossy_value_specialized,ok,none,accuracy_pass_runtime_loss,0.0111,0.0091,1.567568,0.891892,,163342,597064,bf16,bf16,false,0,0,false,0,spmv_max_rel,"PASS, max_abs=0.0000, max_rel=0.0000"
GL7d25.mtx,bfp8_lb,bfp8_lb,controlled_lossy_value_specialized,ok,none,accuracy_pass_runtime_loss,0.0114,0.0096,1.526316,0.868421,,230937,597064,bfp8,bfp8,false,0,0,false,0,spmv_max_rel,"PASS, max_abs=0.5295, max_rel=11810302734374998319288025088.0000"
GL7d25.mtx,bfp8_outlier_lb,bfp8_outlier_lb,controlled_lossy_value_specialized,ok,none,accuracy_pass_runtime_loss,0.0126,0.0103,1.380952,0.785714,,234793,597064,bfp8_outlier,bfp8_outlier,false,0,0,false,0,spmv_max_rel,"PASS, max_abs=0.1015, max_rel=11810302734374998319288025088.0000"
GL7d25.mtx,bfp4_lb,bfp4_lb,controlled_lossy_value_specialized,fail:1,accuracy_fail,accuracy_fail,0.0140,0.0131,1.242857,0.707143,,190102,597064,bfp4,bfp4,false,0,0,false,0,spmv_max_rel,"FAIL, max_abs=3.9631, max_rel=213867187499999997930476929024.0000"
GL7d25.mtx,hybrid_lb,hybrid_lb,structural_hybrid,ok,none,promoted_fallback,0.0108,0.0096,1.611111,0.916667,,653368,,original,raw_double,false,,,1,0,exact_abs_or_rel,"PASS, max_abs=0.0000, max_rel=0.0000"
GL7d25.mtx,cusparse_default,cusparse_csr,external_baseline,ok,none,external_baseline,0.0174,0.0144,1.000000,0.568966,,653368,337880,original,original,false,,,true,0,exact_abs_or_rel,"PASS, max_abs=0.0000, max_rel=0.0000"
Goodwin_013.mtx,original_lb,original_lb,load_balanced_traversal,ok,none,promoted_fallback,0.0091,0.0076,1.549451,1.000000,,448552,51216,original,original,false,0,0,true,0,exact_abs_or_rel,"PASS, max_abs=0.0000, max_rel=0.0020"
Goodwin_013.mtx,auto_lossless_lb,dict65536_u16_lb,lossless_value_specialized,ok,none,accuracy_pass_runtime_loss,0.0095,0.0082,1.484211,0.957895,,415456,51216,auto_lossless,dict65536_u16,true,716,415456,true,716,exact_abs_or_rel,"PASS, max_abs=0.0000, max_rel=0.0020"
Goodwin_013.mtx,fp16_lb,fp16_lb,controlled_lossy_value_specialized,ok,none,accuracy_pass_runtime_loss,0.0093,0.0078,1.516129,0.978495,,112138,51216,fp16,fp16,false,0,0,false,0,spmv_max_rel,"PASS, max_abs=0.0001, max_rel=2.1875"
Goodwin_013.mtx,bf16_lb,bf16_lb,controlled_lossy_value_specialized,ok,none,accuracy_pass_runtime_loss,0.0097,0.0078,1.453608,0.938144,,112138,51216,bf16,bf16,false,0,0,false,0,spmv_max_rel,"PASS, max_abs=0.0012, max_rel=3331853418.5030"
Goodwin_013.mtx,bfp8_lb,bfp8_lb,controlled_lossy_value_specialized,fail:1,accuracy_fail,accuracy_fail,0.0102,0.0098,1.382353,0.892157,,68873,51216,bfp8,bfp8,false,0,0,false,0,spmv_max_rel,"FAIL, max_abs=0.0169, max_rel=26758947758.3212"
Goodwin_013.mtx,bfp8_outlier_lb,bfp8_outlier_lb,controlled_lossy_value_specialized,ok,none,accuracy_pass_runtime_loss,0.0111,0.0102,1.270270,0.819820,,72217,51216,bfp8_outlier,bfp8_outlier,false,0,0,false,0,spmv_max_rel,"PASS, max_abs=0.0050, max_rel=26758947758.3212"
Goodwin_013.mtx,bfp4_lb,bfp4_lb,controlled_lossy_value_specialized,fail:1,accuracy_fail,accuracy_fail,0.0138,0.0125,1.021739,0.659420,,40839,51216,bfp4,bfp4,false,0,0,false,0,spmv_max_rel,"FAIL, max_abs=0.1571, max_rel=1628721012257.0647"
Goodwin_013.mtx,hybrid_lb,hybrid_lb,structural_hybrid,ok,none,promoted_fallback,0.0093,0.0084,1.516129,0.978495,,448552,,original,raw_double,false,,,1,0,exact_abs_or_rel,"PASS, max_abs=0.0000, max_rel=0.0010"
Goodwin_013.mtx,cusparse_default,cusparse_csr,external_baseline,ok,none,external_baseline,0.0141,0.0102,1.000000,0.645390,,448552,232140,original,original,false,,,true,0,exact_abs_or_rel,"PASS, max_abs=0.0000, max_rel=0.0020"
IG5-8.mtx,original_lb,original_lb,load_balanced_traversal,ok,none,promoted_fallback,0.0091,0.0071,1.329670,1.000000,,13688,3072,original,original,false,0,0,true,0,exact_abs_or_rel,"PASS, max_abs=0.0000, max_rel=0.0000"
IG5-8.mtx,auto_lossless_lb,dict16_lb,lossless_value_specialized,ok,none,accuracy_pass_runtime_loss,0.0092,0.0086,1.315217,0.989130,,6200,3072,auto_lossless,dict16,true,7,6200,true,7,exact_abs_or_rel,"PASS, max_abs=0.0000, max_rel=0.0000"
IG5-8.mtx,fp16_lb,fp16_lb,controlled_lossy_value_specialized,ok,none,accuracy_pass_runtime_loss,0.0110,0.0083,1.100000,0.827273,,3422,3072,fp16,fp16,false,0,0,false,0,spmv_max_rel,"PASS, max_abs=0.0000, max_rel=0.0000"
IG5-8.mtx,bf16_lb,bf16_lb,controlled_lossy_value_specialized,ok,none,accuracy_pass_runtime_loss,0.0107,0.0093,1.130841,0.850467,,3422,3072,bf16,bf16,false,0,0,false,0,spmv_max_rel,"PASS, max_abs=0.0000, max_rel=0.0000"
IG5-8.mtx,bfp8_lb,bfp8_lb,controlled_lossy_value_specialized,ok,none,accuracy_pass_runtime_loss,0.0095,0.0078,1.273684,0.957895,,2479,3072,bfp8,bfp8,false,0,0,false,0,spmv_max_rel,"PASS, max_abs=0.0775, max_rel=50498962402343749305493356544.0000"
IG5-8.mtx,bfp8_outlier_lb,bfp8_outlier_lb,controlled_lossy_value_specialized,ok,none,accuracy_pass_runtime_loss,0.0113,0.0099,1.070796,0.805310,,2511,3072,bfp8_outlier,bfp8_outlier,false,0,0,false,0,spmv_max_rel,"PASS, max_abs=0.0684, max_rel=8857727050781248739466018816.0000"
IG5-8.mtx,bfp4_lb,bfp4_lb,controlled_lossy_value_specialized,fail:1,accuracy_fail,accuracy_fail,0.0116,0.0109,1.043103,0.784483,,1624,3072,bfp4,bfp4,false,0,0,false,0,spmv_max_rel,"FAIL, max_abs=1.3442, max_rel=499023437499999971714864775168.0000"
IG5-8.mtx,hybrid_lb,hybrid_lb,structural_hybrid,ok,none,promoted_fallback,0.0081,0.0069,1.493827,1.123457,,13688,,original,raw_double,false,,,1,0,exact_abs_or_rel,"PASS, max_abs=0.0000, max_rel=0.0000"
IG5-8.mtx,cusparse_default,cusparse_csr,external_baseline,ok,none,external_baseline,0.0121,0.0082,1.000000,0.752066,,13688,7472,original,original,false,,,true,0,exact_abs_or_rel,"PASS, max_abs=0.0000, max_rel=0.0000"
LeGresley_2508.mtx,original_lb,original_lb,load_balanced_traversal,ok,none,promoted_fallback,0.0087,0.0072,1.689655,1.000000,,133816,48368,original,original,false,0,0,true,0,exact_abs_or_rel,"PASS, max_abs=0.0000, max_rel=0.0000"
LeGresley_2508.mtx,auto_lossless_lb,original_lb,load_balanced_traversal,ok,none,promoted_fallback,0.0103,0.0088,1.427184,0.844660,,133816,48368,auto_lossless,original,true,14387,133816,true,0,exact_abs_or_rel,"PASS, max_abs=0.0000, max_rel=0.0000"
LeGresley_2508.mtx,fp16_lb,fp16_lb,controlled_lossy_value_specialized,fail:1,accuracy_fail,accuracy_fail,0.0097,0.0078,1.515464,0.896907,,33454,48368,fp16,fp16,false,0,0,false,0,spmv_max_rel,"FAIL, max_abs=inf, max_rel=inf"
LeGresley_2508.mtx,bf16_lb,bf16_lb,controlled_lossy_value_specialized,ok,none,accuracy_pass_runtime_loss,0.0098,0.0078,1.500000,0.887755,,33454,48368,bf16,bf16,false,0,0,false,0,spmv_max_rel,"PASS, max_abs=187.0524, max_rel=0.6118"
LeGresley_2508.mtx,bfp8_lb,bfp8_lb,controlled_lossy_value_specialized,ok,none,accuracy_pass_runtime_loss,0.0102,0.0081,1.441176,0.852941,,28819,48368,bfp8,bfp8,false,0,0,false,0,spmv_max_rel,"PASS, max_abs=448.3330, max_rel=83.4362"
LeGresley_2508.mtx,bfp8_outlier_lb,bfp8_outlier_lb,controlled_lossy_value_specialized,ok,none,accuracy_pass_runtime_loss,0.0113,0.0100,1.300885,0.769912,,30147,48368,bfp8_outlier,bfp8_outlier,false,0,0,false,0,spmv_max_rel,"PASS, max_abs=4.3714, max_rel=7.4029"
LeGresley_2508.mtx,bfp4_lb,bfp4_lb,controlled_lossy_value_specialized,fail:1,accuracy_fail,accuracy_fail,0.0121,0.0104,1.214876,0.719008,,20456,48368,bfp4,bfp4,false,0,0,false,0,spmv_max_rel,"FAIL, max_abs=4732.6455, max_rel=141.6260"
LeGresley_2508.mtx,hybrid_lb,hybrid_lb,structural_hybrid,ok,none,promoted_fallback,0.0084,0.0068,1.750000,1.035714,,133816,,original,raw_double,false,,,1,0,exact_abs_or_rel,"PASS, max_abs=0.0000, max_rel=0.0000"
LeGresley_2508.mtx,cusparse_default,cusparse_csr,external_baseline,ok,none,external_baseline,0.0147,0.0123,1.000000,0.591837,,133816,76944,original,original,false,,,true,0,exact_abs_or_rel,"PASS, max_abs=0.0000, max_rel=0.0000"
M20PI_n1_E.mtx,original_lb,original_lb,load_balanced_traversal,ok,none,promoted_fallback,0.0054,0.0041,2.555556,1.000000,,8224,2056,original,original,false,0,0,true,0,exact_abs_or_rel,"PASS, max_abs=0.0000, max_rel=0.0000"
M20PI_n1_E.mtx,auto_lossless_lb,original_lb,load_balanced_traversal,ok,none,promoted_fallback,0.0059,0.0050,2.338983,0.915254,,8224,2056,auto_lossless,original,true,99,8224,true,0,exact_abs_or_rel,"PASS, max_abs=0.0000, max_rel=0.0000"
M20PI_n1_E.mtx,fp16_lb,fp16_lb,controlled_lossy_value_specialized,ok,none,accuracy_pass_runtime_loss,0.0060,0.0051,2.300000,0.900000,,2056,2056,fp16,fp16,false,0,0,false,0,spmv_max_rel,"PASS, max_abs=0.0000, max_rel=0.2809"
M20PI_n1_E.mtx,bf16_lb,bf16_lb,controlled_lossy_value_specialized,ok,none,accuracy_pass_runtime_loss,0.0061,0.0051,2.262295,0.885246,,2056,2056,bf16,bf16,false,0,0,false,0,spmv_max_rel,"PASS, max_abs=0.0000, max_rel=0.0037"
M20PI_n1_E.mtx,bfp8_lb,bfp8_lb,controlled_lossy_value_specialized,ok,none,accuracy_pass_runtime_loss,0.0058,0.0049,2.379310,0.931034,,1542,2056,bfp8,bfp8,false,0,0,false,0,spmv_max_rel,"PASS, max_abs=0.0001, max_rel=1.0000"
M20PI_n1_E.mtx,bfp8_outlier_lb,bfp8_outlier_lb,controlled_lossy_value_specialized,ok,none,accuracy_pass_runtime_loss,0.0079,0.0063,1.746835,0.683544,,1590,2056,bfp8_outlier,bfp8_outlier,false,0,0,false,0,spmv_max_rel,"PASS, max_abs=0.0000, max_rel=1.0000"
M20PI_n1_E.mtx,bfp4_lb,bfp4_lb,controlled_lossy_value_specialized,fail:1,accuracy_fail,accuracy_fail,0.0052,0.0048,2.653846,1.038462,,1028,2056,bfp4,bfp4,false,0,0,false,0,spmv_max_rel,"FAIL, max_abs=0.0004, max_rel=1.0000"
M20PI_n1_E.mtx,hybrid_lb,hybrid_lb,structural_hybrid,ok,none,promoted_fallback,0.0062,0.0043,2.225806,0.870968,,8224,,original,raw_double,false,,,1,0,exact_abs_or_rel,"PASS, max_abs=0.0000, max_rel=0.0000"
M20PI_n1_E.mtx,cusparse_default,cusparse_csr,external_baseline,ok,none,external_baseline,0.0138,0.0102,1.000000,0.391304,,8224,8228,original,original,false,,,true,0,exact_abs_or_rel,"PASS, max_abs=0.0000, max_rel=0.0000"
S20PI_n1_E.mtx,original_lb,original_lb,load_balanced_traversal,ok,none,promoted_fallback,0.0049,0.0041,2.775510,1.000000,,8224,2056,original,original,false,0,0,true,0,exact_abs_or_rel,"PASS, max_abs=0.0000, max_rel=0.0000"
S20PI_n1_E.mtx,auto_lossless_lb,original_lb,load_balanced_traversal,ok,none,promoted_fallback,0.0057,0.0049,2.385965,0.859649,,8224,2056,auto_lossless,original,true,99,8224,true,0,exact_abs_or_rel,"PASS, max_abs=0.0000, max_rel=0.0000"
S20PI_n1_E.mtx,fp16_lb,fp16_lb,controlled_lossy_value_specialized,ok,none,accuracy_pass_runtime_loss,0.0060,0.0051,2.266667,0.816667,,2056,2056,fp16,fp16,false,0,0,false,0,spmv_max_rel,"PASS, max_abs=0.0000, max_rel=0.2809"
S20PI_n1_E.mtx,bf16_lb,bf16_lb,controlled_lossy_value_specialized,ok,none,accuracy_pass_runtime_loss,0.0068,0.0056,2.000000,0.720588,,2056,2056,bf16,bf16,false,0,0,false,0,spmv_max_rel,"PASS, max_abs=0.0000, max_rel=0.0037"
S20PI_n1_E.mtx,bfp8_lb,bfp8_lb,controlled_lossy_value_specialized,ok,none,accuracy_pass_runtime_loss,0.0055,0.0044,2.472727,0.890909,,1542,2056,bfp8,bfp8,false,0,0,false,0,spmv_max_rel,"PASS, max_abs=0.0001, max_rel=1.0000"
S20PI_n1_E.mtx,bfp8_outlier_lb,bfp8_outlier_lb,controlled_lossy_value_specialized,ok,none,accuracy_pass_runtime_loss,0.0078,0.0068,1.743590,0.628205,,1590,2056,bfp8_outlier,bfp8_outlier,false,0,0,false,0,spmv_max_rel,"PASS, max_abs=0.0000, max_rel=1.0000"
S20PI_n1_E.mtx,bfp4_lb,bfp4_lb,controlled_lossy_value_specialized,fail:1,accuracy_fail,accuracy_fail,0.0059,0.0045,2.305085,0.830508,,1028,2056,bfp4,bfp4,false,0,0,false,0,spmv_max_rel,"FAIL, max_abs=0.0004, max_rel=1.0000"
S20PI_n1_E.mtx,hybrid_lb,hybrid_lb,structural_hybrid,ok,none,promoted_fallback,0.0057,0.0046,2.385965,0.859649,,8224,,original,raw_double,false,,,1,0,exact_abs_or_rel,"PASS, max_abs=0.0000, max_rel=0.0000"
S20PI_n1_E.mtx,cusparse_default,cusparse_csr,external_baseline,ok,none,external_baseline,0.0136,0.0102,1.000000,0.360294,,8224,8228,original,original,false,,,true,0,exact_abs_or_rel,"PASS, max_abs=0.0000, max_rel=0.0000"
aa5.mtx,original_lb,original_lb,load_balanced_traversal,ok,none,promoted_fallback,0.0098,0.0091,1.448980,1.000000,,527624,127824,original,original,false,0,0,true,0,exact_abs_or_rel,"PASS, max_abs=0.0000, max_rel=0.0000"
aa5.mtx,auto_lossless_lb,all_one_lb,lossless_value_specialized,ok,none,accuracy_pass_runtime_win,0.0084,0.0070,1.690476,1.166667,,0,127824,auto_lossless,all_one,true,1,0,true,0,exact_abs_or_rel,"PASS, max_abs=0.0000, max_rel=0.0000"
aa5.mtx,fp16_lb,fp16_lb,controlled_lossy_value_specialized,ok,none,accuracy_pass_runtime_loss,0.0101,0.0090,1.405941,0.970297,,131906,127824,fp16,fp16,false,0,0,false,0,spmv_max_rel,"PASS, max_abs=0.0000, max_rel=0.0000"
aa5.mtx,bf16_lb,bf16_lb,controlled_lossy_value_specialized,ok,none,accuracy_pass_runtime_loss,0.0108,0.0090,1.314815,0.907407,,131906,127824,bf16,bf16,false,0,0,false,0,spmv_max_rel,"PASS, max_abs=0.0000, max_rel=0.0000"
aa5.mtx,bfp8_lb,bfp8_lb,controlled_lossy_value_specialized,ok,none,accuracy_pass_runtime_loss,0.0103,0.0093,1.378641,0.951456,,97909,127824,bfp8,bfp8,false,0,0,false,0,spmv_max_rel,"PASS, max_abs=0.0021, max_rel=0.0001"
aa5.mtx,bfp8_outlier_lb,bfp8_outlier_lb,controlled_lossy_value_specialized,ok,none,accuracy_pass_runtime_loss,0.0105,0.0087,1.352381,0.933333,,97909,127824,bfp8_outlier,bfp8_outlier,false,0,0,false,0,spmv_max_rel,"PASS, max_abs=0.0021, max_rel=0.0001"
aa5.mtx,bfp4_lb,bfp4_lb,controlled_lossy_value_specialized,ok,none,accuracy_pass_runtime_loss,0.0141,0.0129,1.007092,0.695035,,64933,127824,bfp4,bfp4,false,0,0,false,0,spmv_max_rel,"PASS, max_abs=0.0667, max_rel=0.0020"
aa5.mtx,hybrid_lb,hybrid_lb,structural_hybrid,ok,none,promoted_fallback,0.0165,0.0146,0.860606,0.593939,,527624,,original,raw_double,false,,,1,0,exact_abs_or_rel,"PASS, max_abs=0.0000, max_rel=0.0000"
aa5.mtx,cusparse_default,cusparse_csr,external_baseline,ok,none,external_baseline,0.0142,0.0123,1.000000,0.690141,,527624,267020,original,original,false,,,true,0,exact_abs_or_rel,"PASS, max_abs=0.0000, max_rel=0.0000"
add20.mtx,original_lb,original_lb,load_balanced_traversal,ok,none,promoted_fallback,0.0083,0.0075,2.397590,1.000000,,105208,40280,original,original,false,0,0,true,0,exact_abs_or_rel,"PASS, max_abs=0.0000, max_rel=0.0000"
add20.mtx,auto_lossless_lb,original_lb,load_balanced_traversal,ok,none,promoted_fallback,0.0086,0.0060,2.313953,0.965116,,105208,40280,auto_lossless,original,true,7398,105208,true,0,exact_abs_or_rel,"PASS, max_abs=0.0000, max_rel=0.0000"
add20.mtx,fp16_lb,fp16_lb,controlled_lossy_value_specialized,ok,none,accuracy_pass_runtime_loss,0.0090,0.0073,2.211111,0.922222,,26302,40280,fp16,fp16,false,0,0,false,0,spmv_max_rel,"PASS, max_abs=0.0002, max_rel=17.1265"
add20.mtx,bf16_lb,bf16_lb,controlled_lossy_value_specialized,ok,none,accuracy_pass_runtime_loss,0.0091,0.0084,2.186813,0.912088,,26302,40280,bf16,bf16,false,0,0,false,0,spmv_max_rel,"PASS, max_abs=0.0013, max_rel=17.5506"
add20.mtx,bfp8_lb,bfp8_lb,controlled_lossy_value_specialized,ok,none,accuracy_pass_runtime_loss,0.0106,0.0102,1.877358,0.783019,,23221,40280,bfp8,bfp8,false,0,0,false,0,spmv_max_rel,"PASS, max_abs=0.0022, max_rel=32.3976"
add20.mtx,bfp8_outlier_lb,bfp8_outlier_lb,controlled_lossy_value_specialized,ok,none,accuracy_pass_runtime_loss,0.0112,0.0104,1.776786,0.741071,,24261,40280,bfp8_outlier,bfp8_outlier,false,0,0,false,0,spmv_max_rel,"PASS, max_abs=0.0022, max_rel=32.3976"
add20.mtx,bfp4_lb,bfp4_lb,controlled_lossy_value_specialized,fail:1,accuracy_fail,accuracy_fail,0.0149,0.0139,1.335570,0.557047,,16646,40280,bfp4,bfp4,false,0,0,false,0,spmv_max_rel,"FAIL, max_abs=0.0379, max_rel=242.9078"
add20.mtx,hybrid_lb,hybrid_lb,structural_hybrid,ok,none,promoted_fallback,0.0080,0.0066,2.487500,1.037500,,105208,,original,raw_double,false,,,1,0,exact_abs_or_rel,"PASS, max_abs=0.0000, max_rel=0.0000"
add20.mtx,cusparse_default,cusparse_csr,external_baseline,ok,none,external_baseline,0.0199,0.0187,1.000000,0.417085,,105208,62188,original,original,false,,,true,0,exact_abs_or_rel,"PASS, max_abs=0.0000, max_rel=0.0000"
adder_dcop_23.mtx,original_lb,original_lb,load_balanced_traversal,ok,none,promoted_fallback,0.0090,0.0074,1.611111,1.000000,,89968,44576,original,original,false,0,0,true,0,exact_abs_or_rel,"PASS, max_abs=0.0000, max_rel=0.0000"
adder_dcop_23.mtx,auto_lossless_lb,original_lb,load_balanced_traversal,ok,none,promoted_fallback,0.0080,0.0063,1.812500,1.125000,,89968,44576,auto_lossless,original,true,7576,89968,true,0,exact_abs_or_rel,"PASS, max_abs=0.0000, max_rel=0.0000"
adder_dcop_23.mtx,fp16_lb,fp16_lb,controlled_lossy_value_specialized,ok,none,accuracy_pass_runtime_loss,0.0094,0.0077,1.542553,0.957447,,22492,44576,fp16,fp16,false,0,0,false,0,spmv_max_rel,"PASS, max_abs=0.0000, max_rel=29.0955"
adder_dcop_23.mtx,bf16_lb,bf16_lb,controlled_lossy_value_specialized,ok,none,accuracy_pass_runtime_loss,0.0096,0.0080,1.510417,0.937500,,22492,44576,bf16,bf16,false,0,0,false,0,spmv_max_rel,"PASS, max_abs=0.0000, max_rel=2.7811"
adder_dcop_23.mtx,bfp8_lb,bfp8_lb,controlled_lossy_value_specialized,ok,none,accuracy_pass_runtime_loss,0.0122,0.0112,1.188525,0.737705,,22390,44576,bfp8,bfp8,false,0,0,false,0,spmv_max_rel,"PASS, max_abs=0.0005, max_rel=21182182.0528"
adder_dcop_23.mtx,bfp8_outlier_lb,bfp8_outlier_lb,controlled_lossy_value_specialized,ok,none,accuracy_pass_runtime_loss,0.0114,0.0101,1.271930,0.789474,,23286,44576,bfp8_outlier,bfp8_outlier,false,0,0,false,0,spmv_max_rel,"PASS, max_abs=0.0001, max_rel=15763694.9589"
adder_dcop_23.mtx,bfp4_lb,bfp4_lb,controlled_lossy_value_specialized,fail:1,accuracy_fail,accuracy_fail,0.0153,0.0145,0.947712,0.588235,,16767,44576,bfp4,bfp4,false,0,0,false,0,spmv_max_rel,"FAIL, max_abs=0.0116, max_rel=393179359.6649"
adder_dcop_23.mtx,hybrid_lb,hybrid_lb,structural_hybrid,ok,none,promoted_fallback,0.0090,0.0076,1.611111,1.000000,,89968,,original,raw_double,false,,,1,0,exact_abs_or_rel,"PASS, max_abs=0.0000, max_rel=0.0000"
adder_dcop_23.mtx,cusparse_default,cusparse_csr,external_baseline,ok,none,external_baseline,0.0145,0.0123,1.000000,0.620690,,89968,52240,original,original,false,,,true,0,exact_abs_or_rel,"PASS, max_abs=0.0000, max_rel=0.0000"
adder_dcop_31.mtx,original_lb,original_lb,load_balanced_traversal,ok,none,promoted_fallback,0.0088,0.0071,1.636364,1.000000,,89968,44576,original,original,false,0,0,true,0,exact_abs_or_rel,"PASS, max_abs=0.0000, max_rel=0.0000"
adder_dcop_31.mtx,auto_lossless_lb,original_lb,load_balanced_traversal,ok,none,promoted_fallback,0.0083,0.0061,1.734940,1.060241,,89968,44576,auto_lossless,original,true,5497,89968,true,0,exact_abs_or_rel,"PASS, max_abs=0.0000, max_rel=0.0000"
adder_dcop_31.mtx,fp16_lb,fp16_lb,controlled_lossy_value_specialized,ok,none,accuracy_pass_runtime_loss,0.0096,0.0079,1.500000,0.916667,,22492,44576,fp16,fp16,false,0,0,false,0,spmv_max_rel,"PASS, max_abs=0.0000, max_rel=1.5564"
adder_dcop_31.mtx,bf16_lb,bf16_lb,controlled_lossy_value_specialized,ok,none,accuracy_pass_runtime_win,0.0085,0.0078,1.694118,1.035294,,22492,44576,bf16,bf16,false,0,0,false,0,spmv_max_rel,"PASS, max_abs=0.0000, max_rel=2.7048"
adder_dcop_31.mtx,bfp8_lb,bfp8_lb,controlled_lossy_value_specialized,ok,none,accuracy_pass_runtime_loss,0.0099,0.0089,1.454545,0.888889,,22390,44576,bfp8,bfp8,false,0,0,false,0,spmv_max_rel,"PASS, max_abs=0.0005, max_rel=15763697.4700"
adder_dcop_31.mtx,bfp8_outlier_lb,bfp8_outlier_lb,controlled_lossy_value_specialized,ok,none,accuracy_pass_runtime_loss,0.0115,0.0100,1.252174,0.765217,,23286,44576,bfp8_outlier,bfp8_outlier,false,0,0,false,0,spmv_max_rel,"PASS, max_abs=0.0001, max_rel=15763697.4700"
adder_dcop_31.mtx,bfp4_lb,bfp4_lb,controlled_lossy_value_specialized,fail:1,accuracy_fail,accuracy_fail,0.0148,0.0132,0.972973,0.594595,,16767,44576,bfp4,bfp4,false,0,0,false,0,spmv_max_rel,"FAIL, max_abs=0.0115, max_rel=2829364391.8096"
adder_dcop_31.mtx,hybrid_lb,hybrid_lb,structural_hybrid,ok,none,promoted_fallback,0.0098,0.0091,1.469388,0.897959,,89968,,original,raw_double,false,,,1,0,exact_abs_or_rel,"PASS, max_abs=0.0000, max_rel=0.0000"
adder_dcop_31.mtx,cusparse_default,cusparse_csr,external_baseline,ok,none,external_baseline,0.0144,0.0123,1.000000,0.611111,,89968,52240,original,original,false,,,true,0,exact_abs_or_rel,"PASS, max_abs=0.0000, max_rel=0.0000"
adder_dcop_39.mtx,original_lb,original_lb,load_balanced_traversal,ok,none,promoted_fallback,0.0090,0.0071,1.644444,1.000000,,89968,44576,original,original,false,0,0,true,0,exact_abs_or_rel,"PASS, max_abs=0.0000, max_rel=0.0000"
adder_dcop_39.mtx,auto_lossless_lb,original_lb,load_balanced_traversal,ok,none,promoted_fallback,0.0085,0.0075,1.741176,1.058824,,89968,44576,auto_lossless,original,true,5899,89968,true,0,exact_abs_or_rel,"PASS, max_abs=0.0000, max_rel=0.0000"
adder_dcop_39.mtx,fp16_lb,fp16_lb,controlled_lossy_value_specialized,ok,none,accuracy_pass_runtime_loss,0.0100,0.0077,1.480000,0.900000,,22492,44576,fp16,fp16,false,0,0,false,0,spmv_max_rel,"PASS, max_abs=0.0000, max_rel=1.0000"
adder_dcop_39.mtx,bf16_lb,bf16_lb,controlled_lossy_value_specialized,ok,none,accuracy_pass_runtime_loss,0.0099,0.0080,1.494949,0.909091,,22492,44576,bf16,bf16,false,0,0,false,0,spmv_max_rel,"PASS, max_abs=0.0000, max_rel=2.7328"
adder_dcop_39.mtx,bfp8_lb,bfp8_lb,controlled_lossy_value_specialized,ok,none,accuracy_pass_runtime_loss,0.0106,0.0091,1.396226,0.849057,,22390,44576,bfp8,bfp8,false,0,0,false,0,spmv_max_rel,"PASS, max_abs=0.0005, max_rel=15763697.4700"
adder_dcop_39.mtx,bfp8_outlier_lb,bfp8_outlier_lb,controlled_lossy_value_specialized,ok,none,accuracy_pass_runtime_loss,0.0118,0.0099,1.254237,0.762712,,23286,44576,bfp8_outlier,bfp8_outlier,false,0,0,false,0,spmv_max_rel,"PASS, max_abs=0.0001, max_rel=15763697.4700"
adder_dcop_39.mtx,bfp4_lb,bfp4_lb,controlled_lossy_value_specialized,fail:1,accuracy_fail,accuracy_fail,0.0144,0.0131,1.027778,0.625000,,16767,44576,bfp4,bfp4,false,0,0,false,0,spmv_max_rel,"FAIL, max_abs=0.0115, max_rel=2829364391.8096"
adder_dcop_39.mtx,hybrid_lb,hybrid_lb,structural_hybrid,ok,none,promoted_fallback,0.0089,0.0076,1.662921,1.011236,,89968,,original,raw_double,false,,,1,0,exact_abs_or_rel,"PASS, max_abs=0.0000, max_rel=0.0000"
adder_dcop_39.mtx,cusparse_default,cusparse_csr,external_baseline,ok,none,external_baseline,0.0148,0.0123,1.000000,0.608108,,89968,52240,original,original,false,,,true,0,exact_abs_or_rel,"PASS, max_abs=0.0000, max_rel=0.0000"
barth4.mtx,original_lb,original_lb,load_balanced_traversal,ok,none,promoted_fallback,0.0078,0.0070,1.858974,1.000000,,327720,67640,original,original,false,0,0,true,0,exact_abs_or_rel,"PASS, max_abs=0.0000, max_rel=0.0000"
barth4.mtx,auto_lossless_lb,all_one_lb,lossless_value_specialized,ok,none,accuracy_pass_runtime_win,0.0071,0.0064,2.042254,1.098592,,0,67640,auto_lossless,all_one,true,1,0,true,0,exact_abs_or_rel,"PASS, max_abs=0.0000, max_rel=0.0000"
barth4.mtx,fp16_lb,fp16_lb,controlled_lossy_value_specialized,ok,none,accuracy_pass_runtime_loss,0.0084,0.0077,1.726190,0.928571,,81930,67640,fp16,fp16,false,0,0,false,0,spmv_max_rel,"PASS, max_abs=0.0000, max_rel=0.0000"
barth4.mtx,bf16_lb,bf16_lb,controlled_lossy_value_specialized,ok,none,accuracy_pass_runtime_loss,0.0084,0.0068,1.726190,0.928571,,81930,67640,bf16,bf16,false,0,0,false,0,spmv_max_rel,"PASS, max_abs=0.0000, max_rel=0.0000"
barth4.mtx,bfp8_lb,bfp8_lb,controlled_lossy_value_specialized,ok,none,accuracy_pass_runtime_loss,0.0090,0.0070,1.611111,0.866667,,57875,67640,bfp8,bfp8,false,0,0,false,0,spmv_max_rel,"PASS, max_abs=0.0004, max_rel=0.0001"
barth4.mtx,bfp8_outlier_lb,bfp8_outlier_lb,controlled_lossy_value_specialized,ok,none,accuracy_pass_runtime_loss,0.0095,0.0077,1.526316,0.821053,,57875,67640,bfp8_outlier,bfp8_outlier,false,0,0,false,0,spmv_max_rel,"PASS, max_abs=0.0004, max_rel=0.0001"
barth4.mtx,bfp4_lb,bfp4_lb,controlled_lossy_value_specialized,ok,none,accuracy_pass_runtime_loss,0.0097,0.0092,1.494845,0.804124,,37393,67640,bfp4,bfp4,false,0,0,false,0,spmv_max_rel,"PASS, max_abs=0.0134, max_rel=0.0020"
barth4.mtx,hybrid_lb,hybrid_lb,structural_hybrid,ok,none,promoted_fallback,0.0078,0.0058,1.858974,1.000000,,327720,,original,raw_double,false,,,1,0,exact_abs_or_rel,"PASS, max_abs=0.0000, max_rel=0.0000"
barth4.mtx,cusparse_default,cusparse_csr,external_baseline,ok,none,external_baseline,0.0145,0.0123,1.000000,0.537931,,327720,187940,original,original,false,,,true,0,exact_abs_or_rel,"PASS, max_abs=0.0000, max_rel=0.0000"
bayer10.mtx,original_lb,original_lb,load_balanced_traversal,ok,none,promoted_fallback,0.0083,0.0067,1.759036,1.000000,,572752,140560,original,original,false,0,0,true,0,exact_abs_or_rel,"PASS, max_abs=0.0000, max_rel=1.2500"
bayer10.mtx,auto_lossless_lb,original_lb,load_balanced_traversal,ok,none,promoted_fallback,0.0092,0.0085,1.586957,0.902174,,572752,140560,auto_lossless,original,true,35814,572752,true,0,exact_abs_or_rel,"PASS, max_abs=0.0000, max_rel=1.2500"
bayer10.mtx,fp16_lb,fp16_lb,controlled_lossy_value_specialized,ok,none,accuracy_pass_runtime_win,0.0078,0.0064,1.871795,1.064103,,143188,140560,fp16,fp16,false,0,0,false,0,spmv_max_rel,"PASS, max_abs=0.2036, max_rel=1430511474609374894227456.0000"
bayer10.mtx,bf16_lb,bf16_lb,controlled_lossy_value_specialized,ok,none,accuracy_pass_runtime_win,0.0080,0.0064,1.825000,1.037500,,143188,140560,bf16,bf16,false,0,0,false,0,spmv_max_rel,"PASS, max_abs=2.0002, max_rel=11444091796874999153819648.0000"
bayer10.mtx,bfp8_lb,bfp8_lb,controlled_lossy_value_specialized,fail:1,accuracy_fail,accuracy_fail,0.0083,0.0070,1.759036,1.000000,,106734,140560,bfp8,bfp8,false,0,0,false,0,spmv_max_rel,"FAIL, max_abs=26.1239, max_rel=4211425781249999379367985152.0000"
bayer10.mtx,bfp8_outlier_lb,bfp8_outlier_lb,controlled_lossy_value_specialized,ok,none,accuracy_pass_runtime_loss,0.0109,0.0088,1.339450,0.761468,,112446,140560,bfp8_outlier,bfp8_outlier,false,0,0,false,0,spmv_max_rel,"PASS, max_abs=0.6196, max_rel=4211425781249999379367985152.0000"
bayer10.mtx,bfp4_lb,bfp4_lb,controlled_lossy_value_specialized,fail:1,accuracy_fail,accuracy_fail,0.0107,0.0097,1.364486,0.775701,,70937,140560,bfp4,bfp4,false,0,0,false,0,spmv_max_rel,"FAIL, max_abs=95.5414, max_rel=10314941406249999157136719872.0000"
bayer10.mtx,hybrid_lb,hybrid_lb,structural_hybrid,ok,none,promoted_fallback,0.0077,0.0060,1.896104,1.077922,,572752,,original,raw_double,false,,,1,0,exact_abs_or_rel,"PASS, max_abs=0.0000, max_rel=216840434497.1009"
bayer10.mtx,cusparse_default,cusparse_csr,external_baseline,ok,none,external_baseline,0.0146,0.0123,1.000000,0.568493,,572752,340124,original,original,false,,,true,0,exact_abs_or_rel,"PASS, max_abs=0.0000, max_rel=3.0000"
bcsstk13.mtx,original_lb,original_lb,load_balanced_traversal,ok,none,promoted_fallback,0.0087,0.0073,1.609195,1.000000,,671064,67208,original,original,false,0,0,true,0,exact_abs_or_rel,"PASS, max_abs=0.0005, max_rel=0.0000"
bcsstk13.mtx,auto_lossless_lb,dict65536_u16_lb,lossless_value_specialized,ok,none,accuracy_pass_runtime_loss,0.0114,0.0110,1.228070,0.763158,,647912,67208,auto_lossless,dict65536_u16,true,13781,647912,true,13781,exact_abs_or_rel,"PASS, max_abs=0.0005, max_rel=0.0000"
bcsstk13.mtx,fp16_lb,fp16_lb,controlled_lossy_value_specialized,ok,none,accuracy_pass_runtime_loss,0.0092,0.0085,1.521739,0.945652,,167766,67208,fp16,fp16,false,0,0,false,0,spmv_max_rel,"PASS, max_abs=0.0000, max_rel=0.0000"
bcsstk13.mtx,bf16_lb,bf16_lb,controlled_lossy_value_specialized,ok,none,accuracy_pass_runtime_loss,0.0091,0.0085,1.538462,0.956044,,167766,67208,bf16,bf16,false,0,0,false,0,spmv_max_rel,"PASS, max_abs=3772470124.1045, max_rel=5.3284"
bcsstk13.mtx,bfp8_lb,bfp8_lb,controlled_lossy_value_specialized,ok,none,accuracy_pass_runtime_loss,0.0090,0.0082,1.555556,0.966667,,100685,67208,bfp8,bfp8,false,0,0,false,0,spmv_max_rel,"PASS, max_abs=6946853596.0627, max_rel=369.1504"
bcsstk13.mtx,bfp8_outlier_lb,bfp8_outlier_lb,controlled_lossy_value_specialized,ok,none,accuracy_pass_runtime_loss,0.0118,0.0102,1.186441,0.737288,,107373,67208,bfp8_outlier,bfp8_outlier,false,0,0,false,0,spmv_max_rel,"PASS, max_abs=1324246433.5390, max_rel=312.4518"
bcsstk13.mtx,bfp4_lb,bfp4_lb,controlled_lossy_value_specialized,fail:1,accuracy_fail,accuracy_fail,0.0142,0.0124,0.985915,0.612676,,58744,67208,bfp4,bfp4,false,0,0,false,0,spmv_max_rel,"FAIL, max_abs=102715763941.2978, max_rel=708.6882"
bcsstk13.mtx,hybrid_lb,hybrid_lb,structural_hybrid,ok,none,promoted_fallback,0.0131,0.0121,1.068702,0.664122,,671064,,original,raw_double,false,,,1,0,exact_abs_or_rel,"PASS, max_abs=0.0005, max_rel=0.0000"
bcsstk13.mtx,cusparse_default,cusparse_csr,external_baseline,ok,none,external_baseline,0.0140,0.0102,1.000000,0.621429,,671064,343548,original,original,false,,,true,0,exact_abs_or_rel,"PASS, max_abs=0.0005, max_rel=0.0000"
bcsstk26.mtx,original_lb,original_lb,load_balanced_traversal,ok,none,promoted_fallback,0.0074,0.0068,1.878378,1.000000,,242688,23680,original,original,false,0,0,true,0,exact_abs_or_rel,"PASS, max_abs=0.0000, max_rel=0.0000"
bcsstk26.mtx,auto_lossless_lb,original_lb,load_balanced_traversal,ok,none,promoted_fallback,0.0083,0.0076,1.674699,0.891566,,242688,23680,auto_lossless,original,true,13480,242688,true,0,exact_abs_or_rel,"PASS, max_abs=0.0000, max_rel=0.0000"
bcsstk26.mtx,fp16_lb,fp16_lb,controlled_lossy_value_specialized,fail:1,accuracy_fail,accuracy_fail,0.0078,0.0058,1.782051,0.948718,,60672,23680,fp16,fp16,false,0,0,false,0,spmv_max_rel,"FAIL, max_abs=inf, max_rel=inf"
bcsstk26.mtx,bf16_lb,bf16_lb,controlled_lossy_value_specialized,ok,none,accuracy_pass_runtime_win,0.0069,0.0057,2.014493,1.072464,,60672,23680,bf16,bf16,false,0,0,false,0,spmv_max_rel,"PASS, max_abs=108672749.7401, max_rel=4.1085"
bcsstk26.mtx,bfp8_lb,bfp8_lb,controlled_lossy_value_specialized,ok,none,accuracy_pass_runtime_loss,0.0080,0.0072,1.737500,0.925000,,36256,23680,bfp8,bfp8,false,0,0,false,0,spmv_max_rel,"PASS, max_abs=530324331.0755, max_rel=521.7703"
bcsstk26.mtx,bfp8_outlier_lb,bfp8_outlier_lb,controlled_lossy_value_specialized,ok,none,accuracy_pass_runtime_loss,0.0098,0.0085,1.418367,0.755102,,38672,23680,bfp8_outlier,bfp8_outlier,false,0,0,false,0,spmv_max_rel,"PASS, max_abs=110731348.1549, max_rel=521.7703"
bcsstk26.mtx,bfp4_lb,bfp4_lb,controlled_lossy_value_specialized,fail:1,accuracy_fail,accuracy_fail,0.0090,0.0087,1.544444,0.822222,,21088,23680,bfp4,bfp4,false,0,0,false,0,spmv_max_rel,"FAIL, max_abs=7404673899.0755, max_rel=1516.8241"
bcsstk26.mtx,hybrid_lb,hybrid_lb,structural_hybrid,ok,none,promoted_fallback,0.0076,0.0057,1.828947,0.973684,,242688,,original,raw_double,false,,,1,0,exact_abs_or_rel,"PASS, max_abs=0.0000, max_rel=0.0000"
bcsstk26.mtx,cusparse_default,cusparse_csr,external_baseline,ok,none,external_baseline,0.0139,0.0102,1.000000,0.532374,,242688,129036,original,original,false,,,true,0,exact_abs_or_rel,"PASS, max_abs=0.0000, max_rel=0.0000"
bcsstk33.mtx,original_lb,original_lb,load_balanced_traversal,ok,none,promoted_fallback,0.0092,0.0084,1.434783,1.000000,,4735232,355440,original,original,false,0,0,true,0,exact_abs_or_rel,"PASS, max_abs=0.0000, max_rel=0.0000"
bcsstk33.mtx,auto_lossless_lb,all_one_lb,lossless_value_specialized,ok,none,accuracy_pass_runtime_loss,0.0100,0.0089,1.320000,0.920000,,0,355440,auto_lossless,all_one,true,1,0,true,0,exact_abs_or_rel,"PASS, max_abs=0.0000, max_rel=0.0000"
bcsstk33.mtx,fp16_lb,fp16_lb,controlled_lossy_value_specialized,ok,none,accuracy_pass_runtime_loss,0.0103,0.0090,1.281553,0.893204,,1183808,355440,fp16,fp16,false,0,0,false,0,spmv_max_rel,"PASS, max_abs=0.0000, max_rel=0.0000"
bcsstk33.mtx,bf16_lb,bf16_lb,controlled_lossy_value_specialized,ok,none,accuracy_pass_runtime_loss,0.0102,0.0084,1.294118,0.901961,,1183808,355440,bf16,bf16,false,0,0,false,0,spmv_max_rel,"PASS, max_abs=0.0000, max_rel=0.0000"
bcsstk33.mtx,bfp8_lb,bfp8_lb,controlled_lossy_value_specialized,ok,none,accuracy_pass_runtime_loss,0.0116,0.0092,1.137931,0.793103,,680764,355440,bfp8,bfp8,false,0,0,false,0,spmv_max_rel,"PASS, max_abs=0.0015, max_rel=0.0001"
bcsstk33.mtx,bfp8_outlier_lb,bfp8_outlier_lb,controlled_lossy_value_specialized,ok,none,accuracy_pass_runtime_loss,0.0110,0.0091,1.200000,0.836364,,680764,355440,bfp8_outlier,bfp8_outlier,false,0,0,false,0,spmv_max_rel,"PASS, max_abs=0.0015, max_rel=0.0001"
bcsstk33.mtx,bfp4_lb,bfp4_lb,controlled_lossy_value_specialized,ok,none,accuracy_pass_runtime_loss,0.0152,0.0132,0.868421,0.605263,,384812,355440,bfp4,bfp4,false,0,0,false,0,spmv_max_rel,"PASS, max_abs=0.0476, max_rel=0.0020"
bcsstk33.mtx,hybrid_lb,hybrid_lb,structural_hybrid,ok,none,promoted_fallback,0.0122,0.0111,1.081967,0.754098,,4735232,,original,raw_double,false,,,1,0,exact_abs_or_rel,"PASS, max_abs=0.0000, max_rel=0.0000"
bcsstk33.mtx,cusparse_default,cusparse_csr,external_baseline,ok,none,external_baseline,0.0132,0.0103,1.000000,0.696970,,4735232,2402572,original,original,false,,,true,0,exact_abs_or_rel,"PASS, max_abs=0.0000, max_rel=0.0000"
bcsstk34.mtx,original_lb,original_lb,load_balanced_traversal,ok,none,promoted_fallback,0.0097,0.0086,1.443299,1.000000,,171344,13320,original,original,false,0,0,true,0,exact_abs_or_rel,"PASS, max_abs=0.0000, max_rel=0.0000"
bcsstk34.mtx,auto_lossless_lb,dict65536_u16_lb,lossless_value_specialized,ok,none,accuracy_pass_runtime_loss,0.0098,0.0089,1.428571,0.989796,,114680,13320,auto_lossless,dict65536_u16,true,1015,114680,true,1015,exact_abs_or_rel,"PASS, max_abs=0.0000, max_rel=0.0000"
bcsstk34.mtx,fp16_lb,fp16_lb,controlled_lossy_value_specialized,fail:1,accuracy_fail,accuracy_fail,0.0090,0.0072,1.555556,1.077778,,42836,13320,fp16,fp16,false,0,0,false,0,spmv_max_rel,"FAIL, max_abs=inf, max_rel=inf"
bcsstk34.mtx,bf16_lb,bf16_lb,controlled_lossy_value_specialized,ok,none,accuracy_pass_runtime_win,0.0090,0.0074,1.555556,1.077778,,42836,13320,bf16,bf16,false,0,0,false,0,spmv_max_rel,"PASS, max_abs=32686.6630, max_rel=1.3251"
bcsstk34.mtx,bfp8_lb,bfp8_lb,controlled_lossy_value_specialized,ok,none,accuracy_pass_runtime_loss,0.0110,0.0103,1.272727,0.881818,,24748,13320,bfp8,bfp8,false,0,0,false,0,spmv_max_rel,"PASS, max_abs=104380.8715, max_rel=18.1470"
bcsstk34.mtx,bfp8_outlier_lb,bfp8_outlier_lb,controlled_lossy_value_specialized,ok,none,accuracy_pass_runtime_loss,0.0125,0.0114,1.120000,0.776000,,26220,13320,bfp8_outlier,bfp8_outlier,false,0,0,false,0,spmv_max_rel,"PASS, max_abs=109116.8715, max_rel=17.7556"
bcsstk34.mtx,bfp4_lb,bfp4_lb,controlled_lossy_value_specialized,fail:1,accuracy_fail,accuracy_fail,0.0124,0.0108,1.129032,0.782258,,14039,13320,bfp4,bfp4,false,0,0,false,0,spmv_max_rel,"FAIL, max_abs=1417466.3818, max_rel=397.5912"
bcsstk34.mtx,hybrid_lb,hybrid_lb,structural_hybrid,ok,none,promoted_fallback,0.0093,0.0079,1.505376,1.043011,,171344,,original,raw_double,false,,,1,0,exact_abs_or_rel,"PASS, max_abs=0.0000, max_rel=0.0000"
bcsstk34.mtx,cusparse_default,cusparse_csr,external_baseline,ok,none,external_baseline,0.0140,0.0102,1.000000,0.692857,,171344,88028,original,original,false,,,true,0,exact_abs_or_rel,"PASS, max_abs=0.0000, max_rel=0.0000"
bcsstm19.mtx,original_lb,original_lb,load_balanced_traversal,ok,none,promoted_fallback,0.0059,0.0051,2.288136,1.000000,,6536,1640,original,original,false,0,0,true,0,exact_abs_or_rel,"PASS, max_abs=0.0000, max_rel=0.0000"
bcsstm19.mtx,auto_lossless_lb,original_lb,load_balanced_traversal,ok,none,promoted_fallback,0.0051,0.0038,2.647059,1.156863,,6536,1640,auto_lossless,original,true,291,6536,true,0,exact_abs_or_rel,"PASS, max_abs=0.0000, max_rel=0.0000"
bcsstm19.mtx,fp16_lb,fp16_lb,controlled_lossy_value_specialized,fail:1,accuracy_fail,accuracy_fail,0.0052,0.0045,2.596154,1.134615,,1634,1640,fp16,fp16,false,0,0,false,0,spmv_max_rel,"FAIL, max_abs=inf, max_rel=inf"
bcsstm19.mtx,bf16_lb,bf16_lb,controlled_lossy_value_specialized,ok,none,accuracy_pass_runtime_win,0.0051,0.0044,2.647059,1.156863,,1634,1640,bf16,bf16,false,0,0,false,0,spmv_max_rel,"PASS, max_abs=110969.5532, max_rel=0.0039"
bcsstm19.mtx,bfp8_lb,bfp8_lb,controlled_lossy_value_specialized,ok,none,accuracy_pass_runtime_win,0.0049,0.0043,2.755102,1.204082,,1227,1640,bfp8,bfp8,false,0,0,false,0,spmv_max_rel,"PASS, max_abs=79086.9185, max_rel=1.0000"
bcsstm19.mtx,bfp8_outlier_lb,bfp8_outlier_lb,controlled_lossy_value_specialized,ok,none,accuracy_pass_runtime_loss,0.0076,0.0055,1.776316,0.776316,,1291,1640,bfp8_outlier,bfp8_outlier,false,0,0,false,0,spmv_max_rel,"PASS, max_abs=45626.8100, max_rel=1.0000"
bcsstm19.mtx,bfp4_lb,bfp4_lb,controlled_lossy_value_specialized,fail:1,accuracy_fail,accuracy_fail,0.0050,0.0043,2.700000,1.180000,,819,1640,bfp4,bfp4,false,0,0,false,0,spmv_max_rel,"FAIL, max_abs=1808622.9185, max_rel=1.0000"
bcsstm19.mtx,hybrid_lb,hybrid_lb,structural_hybrid,ok,none,promoted_fallback,0.0057,0.0045,2.368421,1.035088,,6536,,original,raw_double,false,,,1,0,exact_abs_or_rel,"PASS, max_abs=0.0000, max_rel=0.0000"
bcsstm19.mtx,cusparse_default,cusparse_csr,external_baseline,ok,none,external_baseline,0.0135,0.0102,1.000000,0.437037,,6536,6540,original,original,false,,,true,0,exact_abs_or_rel,"PASS, max_abs=0.0000, max_rel=0.0000"
bibd_16_8.mtx,original_lb,original_lb,load_balanced_traversal,ok,none,promoted_fallback,0.0102,0.0081,1.254902,1.000000,,2882880,271504,original,original,false,0,0,true,0,exact_abs_or_rel,"PASS, max_abs=0.0000, max_rel=0.0000"
bibd_16_8.mtx,auto_lossless_lb,all_one_lb,lossless_value_specialized,ok,none,accuracy_pass_runtime_win,0.0089,0.0087,1.438202,1.146067,,0,271504,auto_lossless,all_one,true,1,0,true,0,exact_abs_or_rel,"PASS, max_abs=0.0000, max_rel=0.0000"
bibd_16_8.mtx,fp16_lb,fp16_lb,controlled_lossy_value_specialized,ok,none,accuracy_pass_runtime_win,0.0100,0.0082,1.280000,1.020000,,720720,271504,fp16,fp16,false,0,0,false,0,spmv_max_rel,"PASS, max_abs=0.0000, max_rel=0.0000"
bibd_16_8.mtx,bf16_lb,bf16_lb,controlled_lossy_value_specialized,ok,none,accuracy_pass_runtime_win,0.0091,0.0078,1.406593,1.120879,,720720,271504,bf16,bf16,false,0,0,false,0,spmv_max_rel,"PASS, max_abs=0.0000, max_rel=0.0000"
bibd_16_8.mtx,bfp8_lb,bfp8_lb,controlled_lossy_value_specialized,ok,none,accuracy_pass_runtime_loss,0.0104,0.0085,1.230769,0.980769,,428236,271504,bfp8,bfp8,false,0,0,false,0,spmv_max_rel,"PASS, max_abs=0.0040, max_rel=0.0001"
bibd_16_8.mtx,bfp8_outlier_lb,bfp8_outlier_lb,controlled_lossy_value_specialized,ok,none,accuracy_pass_runtime_loss,0.0104,0.0092,1.230769,0.980769,,428236,271504,bfp8_outlier,bfp8_outlier,false,0,0,false,0,spmv_max_rel,"PASS, max_abs=0.0040, max_rel=0.0001"
bibd_16_8.mtx,bfp4_lb,bfp4_lb,controlled_lossy_value_specialized,ok,none,accuracy_pass_runtime_loss,0.0148,0.0137,0.864865,0.689189,,248056,271504,bfp4,bfp4,false,0,0,false,0,spmv_max_rel,"PASS, max_abs=0.1272, max_rel=0.0020"
bibd_16_8.mtx,hybrid_lb,hybrid_lb,structural_hybrid,ok,none,promoted_fallback,0.0158,0.0145,0.810127,0.645570,,2882880,,original,raw_double,false,,,1,0,exact_abs_or_rel,"PASS, max_abs=0.0000, max_rel=0.0000"
bibd_16_8.mtx,cusparse_default,cusparse_csr,external_baseline,ok,none,external_baseline,0.0128,0.0102,1.000000,0.796875,,2882880,1441924,original,original,false,,,true,0,exact_abs_or_rel,"PASS, max_abs=0.0000, max_rel=0.0000"
bips98_606_C.mtx,original_lb,original_lb,load_balanced_traversal,ok,none,promoted_fallback,0.0063,0.0046,2.349206,1.000000,,160,104,original,original,false,0,0,true,0,exact_abs_or_rel,"PASS, max_abs=0.0000, max_rel=0.0000"
bips98_606_C.mtx,auto_lossless_lb,original_lb,load_balanced_traversal,ok,none,promoted_fallback,0.0079,0.0053,1.873418,0.797468,,160,104,auto_lossless,original,true,20,160,true,0,exact_abs_or_rel,"PASS, max_abs=0.0000, max_rel=0.0000"
bips98_606_C.mtx,fp16_lb,fp16_lb,controlled_lossy_value_specialized,ok,none,accuracy_pass_runtime_loss,0.0077,0.0056,1.922078,0.818182,,40,104,fp16,fp16,false,0,0,false,0,spmv_max_rel,"PASS, max_abs=0.0154, max_rel=0.0004"
bips98_606_C.mtx,bf16_lb,bf16_lb,controlled_lossy_value_specialized,ok,none,accuracy_pass_runtime_loss,0.0070,0.0060,2.114286,0.900000,,40,104,bf16,bf16,false,0,0,false,0,spmv_max_rel,"PASS, max_abs=0.0661, max_rel=0.0037"
bips98_606_C.mtx,bfp8_lb,bfp8_lb,controlled_lossy_value_specialized,ok,none,accuracy_pass_runtime_loss,0.0069,0.0058,2.144928,0.913043,,46,104,bfp8,bfp8,false,0,0,false,0,spmv_max_rel,"PASS, max_abs=0.0554, max_rel=0.0042"
bips98_606_C.mtx,bfp8_outlier_lb,bfp8_outlier_lb,controlled_lossy_value_specialized,ok,none,accuracy_pass_runtime_loss,0.0070,0.0066,2.114286,0.900000,,46,104,bfp8_outlier,bfp8_outlier,false,0,0,false,0,spmv_max_rel,"PASS, max_abs=0.0554, max_rel=0.0042"
bips98_606_C.mtx,bfp4_lb,bfp4_lb,controlled_lossy_value_specialized,fail:1,accuracy_fail,accuracy_fail,0.0084,0.0069,1.761905,0.750000,,36,104,bfp4,bfp4,false,0,0,false,0,spmv_max_rel,"FAIL, max_abs=0.3638, max_rel=0.0545"
bips98_606_C.mtx,hybrid_lb,hybrid_lb,structural_hybrid,ok,none,promoted_fallback,0.0067,0.0050,2.208955,0.940299,,160,,original,raw_double,false,,,1,0,exact_abs_or_rel,"PASS, max_abs=0.0000, max_rel=0.0000"
bips98_606_C.mtx,cusparse_default,cusparse_csr,external_baseline,ok,none,external_baseline,0.0148,0.0113,1.000000,0.425676,,160,100,original,original,false,,,true,0,exact_abs_or_rel,"PASS, max_abs=0.0000, max_rel=0.0000"
c-22.mtx,original_lb,original_lb,load_balanced_traversal,ok,none,promoted_fallback,0.0085,0.0068,1.811765,1.000000,,230960,55336,original,original,false,0,0,true,0,exact_abs_or_rel,"PASS, max_abs=0.0000, max_rel=0.0000"
c-22.mtx,auto_lossless_lb,original_lb,load_balanced_traversal,ok,none,promoted_fallback,0.0089,0.0070,1.730337,0.955056,,230960,55336,auto_lossless,original,true,9162,230960,true,0,exact_abs_or_rel,"PASS, max_abs=0.0000, max_rel=0.0000"
c-22.mtx,fp16_lb,fp16_lb,controlled_lossy_value_specialized,ok,none,accuracy_pass_runtime_loss,0.0094,0.0082,1.638298,0.904255,,57740,55336,fp16,fp16,false,0,0,false,0,spmv_max_rel,"PASS, max_abs=5.0633, max_rel=1.0000"
c-22.mtx,bf16_lb,bf16_lb,controlled_lossy_value_specialized,ok,none,accuracy_pass_runtime_loss,0.0091,0.0073,1.692308,0.934066,,57740,55336,bf16,bf16,false,0,0,false,0,spmv_max_rel,"PASS, max_abs=49.8236, max_rel=1.5928"
c-22.mtx,bfp8_lb,bfp8_lb,controlled_lossy_value_specialized,ok,none,accuracy_pass_runtime_loss,0.0099,0.0092,1.555556,0.858586,,42704,55336,bfp8,bfp8,false,0,0,false,0,spmv_max_rel,"PASS, max_abs=101.4675, max_rel=6.6903"
c-22.mtx,bfp8_outlier_lb,bfp8_outlier_lb,controlled_lossy_value_specialized,ok,none,accuracy_pass_runtime_loss,0.0114,0.0103,1.350877,0.745614,,45008,55336,bfp8_outlier,bfp8_outlier,false,0,0,false,0,spmv_max_rel,"PASS, max_abs=0.0843, max_rel=2.2780"
c-22.mtx,bfp4_lb,bfp4_lb,controlled_lossy_value_specialized,fail:1,accuracy_fail,accuracy_fail,0.0135,0.0126,1.140741,0.629630,,28269,55336,bfp4,bfp4,false,0,0,false,0,spmv_max_rel,"FAIL, max_abs=2053.0652, max_rel=63.5436"
c-22.mtx,hybrid_lb,hybrid_lb,structural_hybrid,ok,none,promoted_fallback,0.0113,0.0094,1.362832,0.752212,,230960,,original,raw_double,false,,,1,0,exact_abs_or_rel,"PASS, max_abs=0.0000, max_rel=0.0000"
c-22.mtx,cusparse_default,cusparse_csr,external_baseline,ok,none,external_baseline,0.0154,0.0123,1.000000,0.551948,,230960,130652,original,original,false,,,true,0,exact_abs_or_rel,"PASS, max_abs=0.0000, max_rel=0.0000"
c-33.mtx,original_lb,original_lb,load_balanced_traversal,ok,none,promoted_fallback,0.0113,0.0102,1.371681,1.000000,,448984,81352,original,original,false,0,0,true,0,exact_abs_or_rel,"PASS, max_abs=0.0000, max_rel=0.0000"
c-33.mtx,auto_lossless_lb,original_lb,load_balanced_traversal,ok,none,promoted_fallback,0.0133,0.0125,1.165414,0.849624,,448984,81352,auto_lossless,original,true,11801,448984,true,0,exact_abs_or_rel,"PASS, max_abs=0.0000, max_rel=0.0000"
c-33.mtx,fp16_lb,fp16_lb,controlled_lossy_value_specialized,fail:1,accuracy_fail,accuracy_fail,0.0097,0.0088,1.597938,1.164948,,112246,81352,fp16,fp16,false,0,0,false,0,spmv_max_rel,"FAIL, max_abs=inf, max_rel=inf"
c-33.mtx,bf16_lb,bf16_lb,controlled_lossy_value_specialized,ok,none,accuracy_pass_runtime_loss,0.0118,0.0108,1.313559,0.957627,,112246,81352,bf16,bf16,false,0,0,false,0,spmv_max_rel,"PASS, max_abs=129.6164, max_rel=4.1213"
c-33.mtx,bfp8_lb,bfp8_lb,controlled_lossy_value_specialized,ok,none,accuracy_pass_runtime_win,0.0103,0.0091,1.504854,1.097087,,76461,81352,bfp8,bfp8,false,0,0,false,0,spmv_max_rel,"PASS, max_abs=162.4321, max_rel=10.9784"
c-33.mtx,bfp8_outlier_lb,bfp8_outlier_lb,controlled_lossy_value_specialized,ok,none,accuracy_pass_runtime_loss,0.0119,0.0105,1.302521,0.949580,,80893,81352,bfp8_outlier,bfp8_outlier,false,0,0,false,0,spmv_max_rel,"PASS, max_abs=0.3201, max_rel=10.9784"
c-33.mtx,bfp4_lb,bfp4_lb,controlled_lossy_value_specialized,fail:1,accuracy_fail,accuracy_fail,0.0147,0.0143,1.054422,0.768707,,48400,81352,bfp4,bfp4,false,0,0,false,0,spmv_max_rel,"FAIL, max_abs=1348.6343, max_rel=242.1559"
c-33.mtx,hybrid_lb,hybrid_lb,structural_hybrid,ok,none,promoted_fallback,0.0151,0.0136,1.026490,0.748344,,448984,,original,raw_double,false,,,1,0,exact_abs_or_rel,"PASS, max_abs=0.0000, max_rel=0.0000"
c-33.mtx,cusparse_default,cusparse_csr,external_baseline,ok,none,external_baseline,0.0155,0.0123,1.000000,0.729032,,448984,249764,original,original,false,,,true,0,exact_abs_or_rel,"PASS, max_abs=0.0000, max_rel=0.0000"
can_268.mtx,original_lb,original_lb,load_balanced_traversal,ok,none,promoted_fallback,0.0097,0.0072,1.329897,1.000000,,24656,5144,original,original,false,0,0,true,0,exact_abs_or_rel,"PASS, max_abs=0.0000, max_rel=0.0000"
can_268.mtx,auto_lossless_lb,all_one_lb,lossless_value_specialized,ok,none,accuracy_pass_runtime_win,0.0096,0.0081,1.343750,1.010417,,0,5144,auto_lossless,all_one,true,1,0,true,0,exact_abs_or_rel,"PASS, max_abs=0.0000, max_rel=0.0000"
can_268.mtx,fp16_lb,fp16_lb,controlled_lossy_value_specialized,ok,none,accuracy_pass_runtime_win,0.0094,0.0086,1.372340,1.031915,,6164,5144,fp16,fp16,false,0,0,false,0,spmv_max_rel,"PASS, max_abs=0.0000, max_rel=0.0000"
can_268.mtx,bf16_lb,bf16_lb,controlled_lossy_value_specialized,ok,none,accuracy_pass_runtime_win,0.0090,0.0086,1.433333,1.077778,,6164,5144,bf16,bf16,false,0,0,false,0,spmv_max_rel,"PASS, max_abs=0.0000, max_rel=0.0000"
can_268.mtx,bfp8_lb,bfp8_lb,controlled_lossy_value_specialized,ok,none,accuracy_pass_runtime_win,0.0092,0.0084,1.402174,1.054348,,4368,5144,bfp8,bfp8,false,0,0,false,0,spmv_max_rel,"PASS, max_abs=0.0005, max_rel=0.0001"
can_268.mtx,bfp8_outlier_lb,bfp8_outlier_lb,controlled_lossy_value_specialized,ok,none,accuracy_pass_runtime_win,0.0089,0.0078,1.449438,1.089888,,4368,5144,bfp8_outlier,bfp8_outlier,false,0,0,false,0,spmv_max_rel,"PASS, max_abs=0.0005, max_rel=0.0001"
can_268.mtx,bfp4_lb,bfp4_lb,controlled_lossy_value_specialized,ok,none,accuracy_pass_runtime_loss,0.0117,0.0109,1.102564,0.829060,,2827,5144,bfp4,bfp4,false,0,0,false,0,spmv_max_rel,"PASS, max_abs=0.0164, max_rel=0.0020"
can_268.mtx,hybrid_lb,hybrid_lb,structural_hybrid,ok,none,promoted_fallback,0.0078,0.0066,1.653846,1.243590,,24656,,original,raw_double,false,,,1,0,exact_abs_or_rel,"PASS, max_abs=0.0000, max_rel=0.0000"
can_268.mtx,cusparse_default,cusparse_csr,external_baseline,ok,none,external_baseline,0.0129,0.0102,1.000000,0.751938,,24656,13404,original,original,false,,,true,0,exact_abs_or_rel,"PASS, max_abs=0.0000, max_rel=0.0000"
cavity07.mtx,original_lb,original_lb,load_balanced_traversal,ok,none,promoted_fallback,0.0090,0.0068,1.533333,1.000000,,261616,24368,original,original,false,0,0,true,0,exact_abs_or_rel,"PASS, max_abs=0.0000, max_rel=0.0000"
cavity07.mtx,auto_lossless_lb,original_lb,load_balanced_traversal,ok,none,promoted_fallback,0.0089,0.0069,1.550562,1.011236,,261616,24368,auto_lossless,original,true,24290,261616,true,0,exact_abs_or_rel,"PASS, max_abs=0.0000, max_rel=0.0000"
cavity07.mtx,fp16_lb,fp16_lb,controlled_lossy_value_specialized,ok,none,accuracy_pass_runtime_win,0.0088,0.0069,1.568182,1.022727,,65404,24368,fp16,fp16,false,0,0,false,0,spmv_max_rel,"PASS, max_abs=0.0050, max_rel=0.0532"
cavity07.mtx,bf16_lb,bf16_lb,controlled_lossy_value_specialized,ok,none,accuracy_pass_runtime_win,0.0082,0.0070,1.682927,1.097561,,65404,24368,bf16,bf16,false,0,0,false,0,spmv_max_rel,"PASS, max_abs=0.0333, max_rel=0.4203"
cavity07.mtx,bfp8_lb,bfp8_lb,controlled_lossy_value_specialized,ok,none,accuracy_pass_runtime_loss,0.0091,0.0072,1.516484,0.989011,,38794,24368,bfp8,bfp8,false,0,0,false,0,spmv_max_rel,"PASS, max_abs=0.1152, max_rel=32.4808"
cavity07.mtx,bfp8_outlier_lb,bfp8_outlier_lb,controlled_lossy_value_specialized,ok,none,accuracy_pass_runtime_loss,0.0114,0.0096,1.210526,0.789474,,41402,24368,bfp8_outlier,bfp8_outlier,false,0,0,false,0,spmv_max_rel,"PASS, max_abs=0.1149, max_rel=22.8568"
cavity07.mtx,bfp4_lb,bfp4_lb,controlled_lossy_value_specialized,fail:1,accuracy_fail,accuracy_fail,0.0114,0.0100,1.210526,0.789474,,22443,24368,bfp4,bfp4,false,0,0,false,0,spmv_max_rel,"FAIL, max_abs=1.6627, max_rel=21.0660"
cavity07.mtx,hybrid_lb,hybrid_lb,structural_hybrid,ok,none,promoted_fallback,0.0087,0.0072,1.586207,1.034483,,261616,,original,raw_double,false,,,1,0,exact_abs_or_rel,"PASS, max_abs=0.0000, max_rel=0.0000"
cavity07.mtx,cusparse_default,cusparse_csr,external_baseline,ok,none,external_baseline,0.0138,0.0102,1.000000,0.652174,,261616,135540,original,original,false,,,true,0,exact_abs_or_rel,"PASS, max_abs=0.0000, max_rel=0.0000"
cavity15.mtx,original_lb,original_lb,load_balanced_traversal,ok,none,promoted_fallback,0.0093,0.0070,1.516129,1.000000,,572808,56376,original,original,false,0,0,true,0,exact_abs_or_rel,"PASS, max_abs=0.0000, max_rel=0.0000"
cavity15.mtx,auto_lossless_lb,original_lb,load_balanced_traversal,ok,none,promoted_fallback,0.0084,0.0069,1.678571,1.107143,,572808,56376,auto_lossless,original,true,52268,572808,true,0,exact_abs_or_rel,"PASS, max_abs=0.0000, max_rel=0.0000"
cavity15.mtx,fp16_lb,fp16_lb,controlled_lossy_value_specialized,ok,none,accuracy_pass_runtime_win,0.0090,0.0075,1.566667,1.033333,,143202,56376,fp16,fp16,false,0,0,false,0,spmv_max_rel,"PASS, max_abs=0.0088, max_rel=0.8451"
cavity15.mtx,bf16_lb,bf16_lb,controlled_lossy_value_specialized,ok,none,accuracy_pass_runtime_loss,0.0097,0.0089,1.453608,0.958763,,143202,56376,bf16,bf16,false,0,0,false,0,spmv_max_rel,"PASS, max_abs=0.0699, max_rel=1.4921"
cavity15.mtx,bfp8_lb,bfp8_lb,controlled_lossy_value_specialized,ok,none,accuracy_pass_runtime_loss,0.0093,0.0084,1.516129,1.000000,,85695,56376,bfp8,bfp8,false,0,0,false,0,spmv_max_rel,"PASS, max_abs=0.1998, max_rel=72.8116"
cavity15.mtx,bfp8_outlier_lb,bfp8_outlier_lb,controlled_lossy_value_specialized,ok,none,accuracy_pass_runtime_loss,0.0132,0.0115,1.068182,0.704545,,91423,56376,bfp8_outlier,bfp8_outlier,false,0,0,false,0,spmv_max_rel,"PASS, max_abs=0.1703, max_rel=16.8368"
cavity15.mtx,bfp4_lb,bfp4_lb,controlled_lossy_value_specialized,fail:1,accuracy_fail,accuracy_fail,0.0115,0.0108,1.226087,0.808696,,49895,56376,bfp4,bfp4,false,0,0,false,0,spmv_max_rel,"FAIL, max_abs=2.8611, max_rel=211.9374"
cavity15.mtx,hybrid_lb,hybrid_lb,structural_hybrid,ok,none,promoted_fallback,0.0088,0.0074,1.602273,1.056818,,572808,,original,raw_double,false,,,1,0,exact_abs_or_rel,"PASS, max_abs=0.0000, max_rel=0.0000"
cavity15.mtx,cusparse_default,cusparse_csr,external_baseline,ok,none,external_baseline,0.0141,0.0102,1.000000,0.659574,,572808,296796,original,original,false,,,true,0,exact_abs_or_rel,"PASS, max_abs=0.0000, max_rel=0.0000"
cavity23.mtx,original_lb,original_lb,load_balanced_traversal,ok,none,promoted_fallback,0.0074,0.0057,1.824324,1.000000,,1053880,100104,original,original,false,0,0,true,0,exact_abs_or_rel,"PASS, max_abs=0.0000, max_rel=0.0056"
cavity23.mtx,auto_lossless_lb,original_lb,load_balanced_traversal,ok,none,promoted_fallback,0.0092,0.0071,1.467391,0.804348,,1053880,100104,auto_lossless,original,true,95621,1053880,true,0,exact_abs_or_rel,"PASS, max_abs=0.0000, max_rel=0.0056"
cavity23.mtx,fp16_lb,fp16_lb,controlled_lossy_value_specialized,ok,none,accuracy_pass_runtime_loss,0.0088,0.0077,1.534091,0.840909,,263470,100104,fp16,fp16,false,0,0,false,0,spmv_max_rel,"PASS, max_abs=0.0052, max_rel=1.0000"
cavity23.mtx,bf16_lb,bf16_lb,controlled_lossy_value_specialized,ok,none,accuracy_pass_runtime_loss,0.0090,0.0076,1.500000,0.822222,,263470,100104,bf16,bf16,false,0,0,false,0,spmv_max_rel,"PASS, max_abs=0.0458, max_rel=50255791449.9443"
cavity23.mtx,bfp8_lb,bfp8_lb,controlled_lossy_value_specialized,ok,none,accuracy_pass_runtime_loss,0.0101,0.0091,1.336634,0.732673,,156761,100104,bfp8,bfp8,false,0,0,false,0,spmv_max_rel,"PASS, max_abs=0.1195, max_rel=6872378969008.8730"
cavity23.mtx,bfp8_outlier_lb,bfp8_outlier_lb,controlled_lossy_value_specialized,ok,none,accuracy_pass_runtime_loss,0.0116,0.0100,1.163793,0.637931,,167289,100104,bfp8_outlier,bfp8_outlier,false,0,0,false,0,spmv_max_rel,"PASS, max_abs=0.1327, max_rel=6872378969008.8730"
cavity23.mtx,bfp4_lb,bfp4_lb,controlled_lossy_value_specialized,fail:1,accuracy_fail,accuracy_fail,0.0121,0.0109,1.115702,0.611570,,90894,100104,bfp4,bfp4,false,0,0,false,0,spmv_max_rel,"FAIL, max_abs=2.2483, max_rel=1539981038031.5085"
cavity23.mtx,hybrid_lb,hybrid_lb,structural_hybrid,ok,none,promoted_fallback,0.0097,0.0076,1.391753,0.762887,,1053880,,original,raw_double,false,,,1,0,exact_abs_or_rel,"PASS, max_abs=0.0000, max_rel=0.0088"
cavity23.mtx,cusparse_default,cusparse_csr,external_baseline,ok,none,external_baseline,0.0135,0.0102,1.000000,0.548148,,1053880,545192,original,original,false,,,true,0,exact_abs_or_rel,"PASS, max_abs=0.0000, max_rel=0.0039"
cdde1.mtx,original_lb,original_lb,load_balanced_traversal,ok,none,promoted_fallback,0.0078,0.0053,2.025641,1.000000,,37448,9400,original,original,false,0,0,true,0,exact_abs_or_rel,"PASS, max_abs=0.0000, max_rel=0.0000"
cdde1.mtx,auto_lossless_lb,dict16_lb,lossless_value_specialized,ok,none,accuracy_pass_runtime_win,0.0075,0.0058,2.106667,1.040000,,18840,9400,auto_lossless,dict16,true,5,18840,true,5,exact_abs_or_rel,"PASS, max_abs=0.0000, max_rel=0.0000"
cdde1.mtx,fp16_lb,fp16_lb,controlled_lossy_value_specialized,ok,none,accuracy_pass_runtime_loss,0.0081,0.0063,1.950617,0.962963,,9362,9400,fp16,fp16,false,0,0,false,0,spmv_max_rel,"PASS, max_abs=0.0000, max_rel=0.0000"
cdde1.mtx,bf16_lb,bf16_lb,controlled_lossy_value_specialized,ok,none,accuracy_pass_runtime_win,0.0073,0.0070,2.164384,1.068493,,9362,9400,bf16,bf16,false,0,0,false,0,spmv_max_rel,"PASS, max_abs=0.0020, max_rel=0.0588"
cdde1.mtx,bfp8_lb,bfp8_lb,controlled_lossy_value_specialized,ok,none,accuracy_pass_runtime_win,0.0062,0.0045,2.548387,1.258065,,7031,9400,bfp8,bfp8,false,0,0,false,0,spmv_max_rel,"PASS, max_abs=0.0026, max_rel=0.0772"
cdde1.mtx,bfp8_outlier_lb,bfp8_outlier_lb,controlled_lossy_value_specialized,ok,none,accuracy_pass_runtime_win,0.0065,0.0042,2.430769,1.200000,,7031,9400,bfp8_outlier,bfp8_outlier,false,0,0,false,0,spmv_max_rel,"PASS, max_abs=0.0026, max_rel=0.0772"
cdde1.mtx,bfp4_lb,bfp4_lb,controlled_lossy_value_specialized,fail:1,accuracy_fail,accuracy_fail,0.0066,0.0056,2.393939,1.181818,,4691,9400,bfp4,bfp4,false,0,0,false,0,spmv_max_rel,"FAIL, max_abs=0.2479, max_rel=7.7176"
cdde1.mtx,hybrid_lb,hybrid_lb,structural_hybrid,ok,none,promoted_fallback,0.0065,0.0045,2.430769,1.200000,,37448,,original,raw_double,false,,,1,0,exact_abs_or_rel,"PASS, max_abs=0.0000, max_rel=0.0000"
cdde1.mtx,cusparse_default,cusparse_csr,external_baseline,ok,none,external_baseline,0.0158,0.0123,1.000000,0.493671,,37448,22572,original,original,false,,,true,0,exact_abs_or_rel,"PASS, max_abs=0.0000, max_rel=0.0000"
cegb2802.mtx,original_lb,original_lb,load_balanced_traversal,ok,none,promoted_fallback,0.0084,0.0059,1.666667,1.000000,,2218896,104904,original,original,false,0,0,true,0,exact_abs_or_rel,"PASS, max_abs=0.0000, max_rel=0.0000"
cegb2802.mtx,auto_lossless_lb,all_one_lb,lossless_value_specialized,ok,none,accuracy_pass_runtime_loss,0.0088,0.0072,1.590909,0.954545,,0,104904,auto_lossless,all_one,true,1,0,true,0,exact_abs_or_rel,"PASS, max_abs=0.0000, max_rel=0.0000"
cegb2802.mtx,fp16_lb,fp16_lb,controlled_lossy_value_specialized,ok,none,accuracy_pass_runtime_loss,0.0088,0.0071,1.590909,0.954545,,554724,104904,fp16,fp16,false,0,0,false,0,spmv_max_rel,"PASS, max_abs=0.0000, max_rel=0.0000"
cegb2802.mtx,bf16_lb,bf16_lb,controlled_lossy_value_specialized,ok,none,accuracy_pass_runtime_loss,0.0091,0.0077,1.538462,0.923077,,554724,104904,bf16,bf16,false,0,0,false,0,spmv_max_rel,"PASS, max_abs=0.0000, max_rel=0.0000"
cegb2802.mtx,bfp8_lb,bfp8_lb,controlled_lossy_value_specialized,ok,none,accuracy_pass_runtime_loss,0.0102,0.0089,1.372549,0.823529,,303588,104904,bfp8,bfp8,false,0,0,false,0,spmv_max_rel,"PASS, max_abs=0.0009, max_rel=0.0001"
cegb2802.mtx,bfp8_outlier_lb,bfp8_outlier_lb,controlled_lossy_value_specialized,ok,none,accuracy_pass_runtime_loss,0.0110,0.0100,1.272727,0.763636,,303588,104904,bfp8_outlier,bfp8_outlier,false,0,0,false,0,spmv_max_rel,"PASS, max_abs=0.0009, max_rel=0.0001"
cegb2802.mtx,bfp4_lb,bfp4_lb,controlled_lossy_value_specialized,ok,none,accuracy_pass_runtime_loss,0.0148,0.0137,0.945946,0.567568,,164907,104904,bfp4,bfp4,false,0,0,false,0,spmv_max_rel,"PASS, max_abs=0.0293, max_rel=0.0020"
cegb2802.mtx,hybrid_lb,hybrid_lb,structural_hybrid,ok,none,promoted_fallback,0.0120,0.0099,1.166667,0.700000,,2218896,,original,raw_double,false,,,1,0,exact_abs_or_rel,"PASS, max_abs=0.0000, max_rel=0.0000"
cegb2802.mtx,cusparse_default,cusparse_csr,external_baseline,ok,none,external_baseline,0.0140,0.0102,1.000000,0.600000,,2218896,1120660,original,original,false,,,true,0,exact_abs_or_rel,"PASS, max_abs=0.0000, max_rel=0.0000"
ch4-4-b1.mtx,original_lb,original_lb,load_balanced_traversal,ok,none,promoted_fallback,0.0060,0.0051,2.050000,1.000000,,1152,216,original,original,false,0,0,true,0,exact_abs_or_rel,"PASS, max_abs=0.0000, max_rel=0.0000"
ch4-4-b1.mtx,auto_lossless_lb,sign2_lb,lossless_value_specialized,ok,none,accuracy_pass_runtime_win,0.0053,0.0044,2.320755,1.132075,,108,216,auto_lossless,sign2,true,2,108,true,0,exact_abs_or_rel,"PASS, max_abs=0.0000, max_rel=0.0000"
ch4-4-b1.mtx,fp16_lb,fp16_lb,controlled_lossy_value_specialized,ok,none,accuracy_pass_runtime_loss,0.0062,0.0052,1.983871,0.967742,,288,216,fp16,fp16,false,0,0,false,0,spmv_max_rel,"PASS, max_abs=0.0000, max_rel=0.0000"
ch4-4-b1.mtx,bf16_lb,bf16_lb,controlled_lossy_value_specialized,ok,none,accuracy_pass_runtime_loss,0.0065,0.0047,1.892308,0.923077,,288,216,bf16,bf16,false,0,0,false,0,spmv_max_rel,"PASS, max_abs=0.0000, max_rel=0.0000"
ch4-4-b1.mtx,bfp8_lb,bfp8_lb,controlled_lossy_value_specialized,ok,none,accuracy_pass_runtime_loss,0.0060,0.0046,2.050000,1.000000,,198,216,bfp8,bfp8,false,0,0,false,0,spmv_max_rel,"PASS, max_abs=0.0001, max_rel=0.0001"
ch4-4-b1.mtx,bfp8_outlier_lb,bfp8_outlier_lb,controlled_lossy_value_specialized,ok,none,accuracy_pass_runtime_win,0.0059,0.0049,2.084746,1.016949,,198,216,bfp8_outlier,bfp8_outlier,false,0,0,false,0,spmv_max_rel,"PASS, max_abs=0.0001, max_rel=0.0001"
ch4-4-b1.mtx,bfp4_lb,bfp4_lb,controlled_lossy_value_specialized,ok,none,accuracy_pass_runtime_loss,0.0060,0.0050,2.050000,1.000000,,126,216,bfp4,bfp4,false,0,0,false,0,spmv_max_rel,"PASS, max_abs=0.0034, max_rel=0.0020"
ch4-4-b1.mtx,hybrid_lb,hybrid_lb,structural_hybrid,ok,none,promoted_fallback,0.0066,0.0054,1.863636,0.909091,,1152,,original,raw_double,false,,,1,0,exact_abs_or_rel,"PASS, max_abs=0.0000, max_rel=0.0000"
ch4-4-b1.mtx,cusparse_default,cusparse_csr,external_baseline,ok,none,external_baseline,0.0123,0.0082,1.000000,0.487805,,1152,868,original,original,false,,,true,0,exact_abs_or_rel,"PASS, max_abs=0.0000, max_rel=0.0000"
co5.mtx,original_lb,original_lb,load_balanced_traversal,ok,none,promoted_fallback,0.0113,0.0096,1.327434,1.000000,,463944,241800,original,original,false,0,0,true,0,exact_abs_or_rel,"PASS, max_abs=0.0000, max_rel=0.0000"
co5.mtx,auto_lossless_lb,original_lb,load_balanced_traversal,ok,none,promoted_fallback,0.0141,0.0128,1.063830,0.801418,,463944,241800,auto_lossless,original,true,2405,463944,true,0,exact_abs_or_rel,"PASS, max_abs=0.0000, max_rel=0.0000"
co5.mtx,fp16_lb,fp16_lb,controlled_lossy_value_specialized,ok,none,accuracy_pass_runtime_win,0.0098,0.0091,1.530612,1.153061,,115986,241800,fp16,fp16,false,0,0,false,0,spmv_max_rel,"PASS, max_abs=0.6749, max_rel=0.1005"
co5.mtx,bf16_lb,bf16_lb,controlled_lossy_value_specialized,ok,none,accuracy_pass_runtime_win,0.0102,0.0090,1.470588,1.107843,,115986,241800,bf16,bf16,false,0,0,false,0,spmv_max_rel,"PASS, max_abs=4.3438, max_rel=1.6622"
co5.mtx,bfp8_lb,bfp8_lb,controlled_lossy_value_specialized,ok,none,accuracy_pass_runtime_win,0.0104,0.0086,1.442308,1.086538,,118443,241800,bfp8,bfp8,false,0,0,false,0,spmv_max_rel,"PASS, max_abs=4.3056, max_rel=267028808593749973097512960.0000"
co5.mtx,bfp8_outlier_lb,bfp8_outlier_lb,controlled_lossy_value_specialized,ok,none,accuracy_pass_runtime_loss,0.0113,0.0103,1.327434,1.000000,,122315,241800,bfp8_outlier,bfp8_outlier,false,0,0,false,0,spmv_max_rel,"PASS, max_abs=3.5787, max_rel=267028808593749973097512960.0000"
co5.mtx,bfp4_lb,bfp4_lb,controlled_lossy_value_specialized,fail:1,accuracy_fail,accuracy_fail,0.0140,0.0131,1.071429,0.807143,,89447,241800,bfp4,bfp4,false,0,0,false,0,spmv_max_rel,"FAIL, max_abs=109.7711, max_rel=5126953124999999483472248832.0000"
co5.mtx,hybrid_lb,hybrid_lb,structural_hybrid,ok,none,promoted_fallback,0.0103,0.0094,1.456311,1.097087,,463944,,original,raw_double,false,,,1,0,exact_abs_or_rel,"PASS, max_abs=0.0000, max_rel=0.0000"
co5.mtx,cusparse_default,cusparse_csr,external_baseline,ok,none,external_baseline,0.0150,0.0123,1.000000,0.753333,,463944,255072,original,original,false,,,true,0,exact_abs_or_rel,"PASS, max_abs=0.0000, max_rel=0.0000"
coater1.mtx,original_lb,original_lb,load_balanced_traversal,ok,none,promoted_fallback,0.0080,0.0065,1.675000,1.000000,,155656,32360,original,original,false,0,0,true,0,exact_abs_or_rel,"PASS, max_abs=0.0000, max_rel=0.0000"
coater1.mtx,auto_lossless_lb,original_lb,load_balanced_traversal,ok,none,promoted_fallback,0.0092,0.0076,1.456522,0.869565,,155656,32360,auto_lossless,original,true,1380,155656,true,0,exact_abs_or_rel,"PASS, max_abs=0.0000, max_rel=0.0000"
coater1.mtx,fp16_lb,fp16_lb,controlled_lossy_value_specialized,ok,none,accuracy_pass_runtime_loss,0.0098,0.0083,1.367347,0.816327,,38914,32360,fp16,fp16,false,0,0,false,0,spmv_max_rel,"PASS, max_abs=0.0113, max_rel=0.0239"
coater1.mtx,bf16_lb,bf16_lb,controlled_lossy_value_specialized,ok,none,accuracy_pass_runtime_loss,0.0088,0.0068,1.522727,0.909091,,38914,32360,bf16,bf16,false,0,0,false,0,spmv_max_rel,"PASS, max_abs=0.0944, max_rel=0.5381"
coater1.mtx,bfp8_lb,bfp8_lb,controlled_lossy_value_specialized,ok,none,accuracy_pass_runtime_loss,0.0111,0.0103,1.207207,0.720721,,27547,32360,bfp8,bfp8,false,0,0,false,0,spmv_max_rel,"PASS, max_abs=0.1937, max_rel=8.3652"
coater1.mtx,bfp8_outlier_lb,bfp8_outlier_lb,controlled_lossy_value_specialized,ok,none,accuracy_pass_runtime_loss,0.0110,0.0100,1.218182,0.727273,,28075,32360,bfp8_outlier,bfp8_outlier,false,0,0,false,0,spmv_max_rel,"PASS, max_abs=0.0953, max_rel=8.3652"
coater1.mtx,bfp4_lb,bfp4_lb,controlled_lossy_value_specialized,fail:1,accuracy_fail,accuracy_fail,0.0127,0.0119,1.055118,0.629921,,17819,32360,bfp4,bfp4,false,0,0,false,0,spmv_max_rel,"FAIL, max_abs=3.4531, max_rel=18.4540"
coater1.mtx,hybrid_lb,hybrid_lb,structural_hybrid,ok,none,promoted_fallback,0.0085,0.0068,1.576471,0.941176,,155656,,original,raw_double,false,,,1,0,exact_abs_or_rel,"PASS, max_abs=0.0000, max_rel=0.0000"
coater1.mtx,cusparse_default,cusparse_csr,external_baseline,ok,none,external_baseline,0.0134,0.0103,1.000000,0.597015,,155656,83224,original,original,false,,,true,0,exact_abs_or_rel,"PASS, max_abs=0.0000, max_rel=0.0000"
comsol.mtx,original_lb,original_lb,load_balanced_traversal,ok,none,promoted_fallback,0.0082,0.0065,1.707317,1.000000,,781160,335760,original,original,false,0,0,true,0,exact_abs_or_rel,"PASS, max_abs=0.0000, max_rel=0.0000"
comsol.mtx,auto_lossless_lb,original_lb,load_balanced_traversal,ok,none,promoted_fallback,0.0092,0.0087,1.521739,0.891304,,781160,335760,auto_lossless,original,true,87371,781160,true,0,exact_abs_or_rel,"PASS, max_abs=0.0000, max_rel=0.0000"
comsol.mtx,fp16_lb,fp16_lb,controlled_lossy_value_specialized,ok,none,accuracy_pass_runtime_loss,0.0090,0.0081,1.555556,0.911111,,195290,335760,fp16,fp16,false,0,0,false,0,spmv_max_rel,"PASS, max_abs=0.0001, max_rel=0.1036"
comsol.mtx,bf16_lb,bf16_lb,controlled_lossy_value_specialized,ok,none,accuracy_pass_runtime_loss,0.0086,0.0074,1.627907,0.953488,,195290,335760,bf16,bf16,false,0,0,false,0,spmv_max_rel,"PASS, max_abs=0.0013, max_rel=0.9342"
comsol.mtx,bfp8_lb,bfp8_lb,controlled_lossy_value_specialized,ok,none,accuracy_pass_runtime_loss,0.0129,0.0108,1.085271,0.635659,,181585,335760,bfp8,bfp8,false,0,0,false,0,spmv_max_rel,"PASS, max_abs=0.0020, max_rel=8.2824"
comsol.mtx,bfp8_outlier_lb,bfp8_outlier_lb,controlled_lossy_value_specialized,ok,none,accuracy_pass_runtime_loss,0.0120,0.0105,1.166667,0.683333,,189393,335760,bfp8_outlier,bfp8_outlier,false,0,0,false,0,spmv_max_rel,"PASS, max_abs=0.0020, max_rel=8.2824"
comsol.mtx,bfp4_lb,bfp4_lb,controlled_lossy_value_specialized,fail:1,accuracy_fail,accuracy_fail,0.0145,0.0133,0.965517,0.565517,,132763,335760,bfp4,bfp4,false,0,0,false,0,spmv_max_rel,"FAIL, max_abs=0.0365, max_rel=180.2319"
comsol.mtx,hybrid_lb,hybrid_lb,structural_hybrid,ok,none,promoted_fallback,0.0105,0.0089,1.333333,0.780952,,781160,,original,raw_double,false,,,1,0,exact_abs_or_rel,"PASS, max_abs=0.0000, max_rel=0.0000"
comsol.mtx,cusparse_default,cusparse_csr,external_baseline,ok,none,external_baseline,0.0140,0.0102,1.000000,0.585714,,781160,396584,original,original,false,,,true,0,exact_abs_or_rel,"PASS, max_abs=0.0000, max_rel=0.0000"
coupled.mtx,original_lb,original_lb,load_balanced_traversal,ok,none,promoted_fallback,0.0096,0.0092,1.635417,1.000000,,777544,587624,original,original,false,0,0,true,0,exact_abs_or_rel,"PASS, max_abs=0.0000, max_rel=0.0000"
coupled.mtx,auto_lossless_lb,original_lb,load_balanced_traversal,ok,none,promoted_fallback,0.0146,0.0114,1.075342,0.657534,,777544,587624,auto_lossless,original,true,30896,777544,true,0,exact_abs_or_rel,"PASS, max_abs=0.0000, max_rel=0.0000"
coupled.mtx,fp16_lb,fp16_lb,controlled_lossy_value_specialized,ok,none,accuracy_pass_runtime_loss,0.0100,0.0087,1.570000,0.960000,,194386,587624,fp16,fp16,false,0,0,false,0,spmv_max_rel,"PASS, max_abs=0.0099, max_rel=637.0667"
coupled.mtx,bf16_lb,bf16_lb,controlled_lossy_value_specialized,ok,none,accuracy_pass_runtime_loss,0.0106,0.0089,1.481132,0.905660,,194386,587624,bf16,bf16,false,0,0,false,0,spmv_max_rel,"PASS, max_abs=0.1141, max_rel=4641.4854"
coupled.mtx,bfp8_lb,bfp8_lb,controlled_lossy_value_specialized,ok,none,accuracy_pass_runtime_win,0.0093,0.0085,1.688172,1.032258,,244099,587624,bfp8,bfp8,false,0,0,false,0,spmv_max_rel,"PASS, max_abs=0.2746, max_rel=5116.4101"
coupled.mtx,bfp8_outlier_lb,bfp8_outlier_lb,controlled_lossy_value_specialized,ok,none,accuracy_pass_runtime_loss,0.0135,0.0120,1.162963,0.711111,,251827,587624,bfp8_outlier,bfp8_outlier,false,0,0,false,0,spmv_max_rel,"PASS, max_abs=0.0356, max_rel=5116.4101"
coupled.mtx,bfp4_lb,bfp4_lb,controlled_lossy_value_specialized,fail:1,accuracy_fail,accuracy_fail,0.0141,0.0129,1.113475,0.680851,,195503,587624,bfp4,bfp4,false,0,0,false,0,spmv_max_rel,"FAIL, max_abs=2.3598, max_rel=8034.8403"
coupled.mtx,hybrid_lb,hybrid_lb,structural_hybrid,ok,none,promoted_fallback,0.0093,0.0075,1.688172,1.032258,,777544,,original,raw_double,false,,,1,0,exact_abs_or_rel,"PASS, max_abs=0.0000, max_rel=0.0000"
coupled.mtx,cusparse_default,cusparse_csr,external_baseline,ok,none,external_baseline,0.0157,0.0123,1.000000,0.611465,,777544,434140,original,original,false,,,true,0,exact_abs_or_rel,"PASS, max_abs=0.0000, max_rel=0.0000"
dano3mip.mtx,original_lb,original_lb,load_balanced_traversal,ok,none,promoted_fallback,0.0092,0.0085,1.891304,1.000000,,653064,416624,original,original,false,0,0,true,0,exact_abs_or_rel,"PASS, max_abs=0.0000, max_rel=0.0000"
dano3mip.mtx,auto_lossless_lb,original_lb,load_balanced_traversal,ok,none,promoted_fallback,0.0116,0.0090,1.500000,0.793103,,653064,416624,auto_lossless,original,true,115,653064,true,0,exact_abs_or_rel,"PASS, max_abs=0.0000, max_rel=0.0000"
dano3mip.mtx,fp16_lb,fp16_lb,controlled_lossy_value_specialized,ok,none,accuracy_pass_runtime_loss,0.0102,0.0087,1.705882,0.901961,,163266,416624,fp16,fp16,false,0,0,false,0,spmv_max_rel,"PASS, max_abs=0.2080, max_rel=0.0004"
dano3mip.mtx,bf16_lb,bf16_lb,controlled_lossy_value_specialized,ok,none,accuracy_pass_runtime_loss,0.0114,0.0103,1.526316,0.807018,,163266,416624,bf16,bf16,false,0,0,false,0,spmv_max_rel,"PASS, max_abs=1.2500, max_rel=0.0039"
dano3mip.mtx,bfp8_lb,bfp8_lb,controlled_lossy_value_specialized,ok,none,accuracy_pass_runtime_loss,0.0108,0.0101,1.611111,0.851852,,185789,416624,bfp8,bfp8,false,0,0,false,0,spmv_max_rel,"PASS, max_abs=1.2186, max_rel=0.1602"
dano3mip.mtx,bfp8_outlier_lb,bfp8_outlier_lb,controlled_lossy_value_specialized,ok,none,accuracy_pass_runtime_loss,0.0112,0.0098,1.553571,0.821429,,185789,416624,bfp8_outlier,bfp8_outlier,false,0,0,false,0,spmv_max_rel,"PASS, max_abs=1.2186, max_rel=0.1602"
dano3mip.mtx,bfp4_lb,bfp4_lb,controlled_lossy_value_specialized,fail:1,accuracy_fail,accuracy_fail,0.0138,0.0130,1.260870,0.666667,,144973,416624,bfp4,bfp4,false,0,0,false,0,spmv_max_rel,"FAIL, max_abs=28.7114, max_rel=20.9951"
dano3mip.mtx,hybrid_lb,hybrid_lb,structural_hybrid,ok,none,promoted_fallback,0.0092,0.0075,1.891304,1.000000,,653064,,original,raw_double,false,,,1,0,exact_abs_or_rel,"PASS, max_abs=0.0000, max_rel=0.0000"
dano3mip.mtx,cusparse_default,cusparse_csr,external_baseline,ok,none,external_baseline,0.0174,0.0143,1.000000,0.528736,,653064,339344,original,original,false,,,true,0,exact_abs_or_rel,"PASS, max_abs=0.0000, max_rel=0.0000"
deter7.mtx,original_lb,original_lb,load_balanced_traversal,ok,none,promoted_fallback,0.0090,0.0075,1.844444,1.000000,,297048,267672,original,original,false,0,0,true,0,exact_abs_or_rel,"PASS, max_abs=0.0000, max_rel=0.0000"
deter7.mtx,auto_lossless_lb,original_lb,load_balanced_traversal,ok,none,promoted_fallback,0.0095,0.0080,1.747368,0.947368,,297048,267672,auto_lossless,original,true,872,297048,true,0,exact_abs_or_rel,"PASS, max_abs=0.0000, max_rel=0.0000"
deter7.mtx,fp16_lb,fp16_lb,controlled_lossy_value_specialized,ok,none,accuracy_pass_runtime_loss,0.0110,0.0103,1.509091,0.818182,,74262,267672,fp16,fp16,false,0,0,false,0,spmv_max_rel,"PASS, max_abs=0.0015, max_rel=0.2112"
deter7.mtx,bf16_lb,bf16_lb,controlled_lossy_value_specialized,ok,none,accuracy_pass_runtime_loss,0.0095,0.0084,1.747368,0.947368,,74262,267672,bf16,bf16,false,0,0,false,0,spmv_max_rel,"PASS, max_abs=0.0134, max_rel=2.6002"
deter7.mtx,bfp8_lb,bfp8_lb,controlled_lossy_value_specialized,ok,none,accuracy_pass_runtime_loss,0.0092,0.0077,1.804348,0.978261,,104049,267672,bfp8,bfp8,false,0,0,false,0,spmv_max_rel,"PASS, max_abs=0.0179, max_rel=4.6621"
deter7.mtx,bfp8_outlier_lb,bfp8_outlier_lb,controlled_lossy_value_specialized,ok,none,accuracy_pass_runtime_loss,0.0113,0.0105,1.469027,0.796460,,106913,267672,bfp8_outlier,bfp8_outlier,false,0,0,false,0,spmv_max_rel,"PASS, max_abs=0.0179, max_rel=4.6621"
deter7.mtx,bfp4_lb,bfp4_lb,controlled_lossy_value_specialized,fail:1,accuracy_fail,accuracy_fail,0.0137,0.0122,1.211679,0.656934,,85484,267672,bfp4,bfp4,false,0,0,false,0,spmv_max_rel,"FAIL, max_abs=0.1292, max_rel=10.2017"
deter7.mtx,hybrid_lb,hybrid_lb,structural_hybrid,ok,none,promoted_fallback,0.0083,0.0066,2.000000,1.084337,,297048,,original,raw_double,false,,,1,0,exact_abs_or_rel,"PASS, max_abs=0.0000, max_rel=0.0000"
deter7.mtx,cusparse_default,cusparse_csr,external_baseline,ok,none,external_baseline,0.0166,0.0143,1.000000,0.542169,,297048,174028,original,original,false,,,true,0,exact_abs_or_rel,"PASS, max_abs=0.0000, max_rel=0.0000"
dw4096.mtx,original_lb,original_lb,load_balanced_traversal,ok,none,promoted_fallback,0.0064,0.0048,2.500000,1.000000,,333968,67200,original,original,false,0,0,true,0,exact_abs_or_rel,"PASS, max_abs=0.0000, max_rel=1.0000"
dw4096.mtx,auto_lossless_lb,original_lb,load_balanced_traversal,ok,none,promoted_fallback,0.0079,0.0062,2.025316,0.810127,,333968,67200,auto_lossless,original,true,673,333968,true,0,exact_abs_or_rel,"PASS, max_abs=0.0000, max_rel=1.0000"
dw4096.mtx,fp16_lb,fp16_lb,controlled_lossy_value_specialized,ok,none,accuracy_pass_runtime_loss,0.0065,0.0039,2.461538,0.984615,,83492,67200,fp16,fp16,false,0,0,false,0,spmv_max_rel,"PASS, max_abs=0.0304, max_rel=32.3481"
dw4096.mtx,bf16_lb,bf16_lb,controlled_lossy_value_specialized,ok,none,accuracy_pass_runtime_loss,0.0068,0.0053,2.352941,0.941176,,83492,67200,bf16,bf16,false,0,0,false,0,spmv_max_rel,"PASS, max_abs=0.2322, max_rel=206.2867"
dw4096.mtx,bfp8_lb,bfp8_lb,controlled_lossy_value_specialized,ok,none,accuracy_pass_runtime_loss,0.0070,0.0056,2.285714,0.914286,,58546,67200,bfp8,bfp8,false,0,0,false,0,spmv_max_rel,"PASS, max_abs=0.3995, max_rel=1165482325442559.0000"
dw4096.mtx,bfp8_outlier_lb,bfp8_outlier_lb,controlled_lossy_value_specialized,ok,none,accuracy_pass_runtime_loss,0.0099,0.0074,1.616162,0.646465,,59442,67200,bfp8_outlier,bfp8_outlier,false,0,0,false,0,spmv_max_rel,"PASS, max_abs=0.3995, max_rel=1165482325442559.0000"
dw4096.mtx,bfp4_lb,bfp4_lb,controlled_lossy_value_specialized,fail:1,accuracy_fail,accuracy_fail,0.0100,0.0088,1.600000,0.640000,,37673,67200,bfp4,bfp4,false,0,0,false,0,spmv_max_rel,"FAIL, max_abs=9.3757, max_rel=8584986789675009.0000"
dw4096.mtx,hybrid_lb,hybrid_lb,structural_hybrid,ok,none,promoted_fallback,0.0068,0.0051,2.352941,0.941176,,333968,,original,raw_double,false,,,1,0,exact_abs_or_rel,"PASS, max_abs=0.0000, max_rel=3.0000"
dw4096.mtx,cusparse_default,cusparse_csr,external_baseline,ok,none,external_baseline,0.0160,0.0123,1.000000,0.400000,,333968,199756,original,original,false,,,true,0,exact_abs_or_rel,"PASS, max_abs=0.0000, max_rel=2.0000"
dwt_162.mtx,original_lb,original_lb,load_balanced_traversal,ok,none,promoted_fallback,0.0068,0.0058,1.941176,1.000000,,9456,1584,original,original,false,0,0,true,0,exact_abs_or_rel,"PASS, max_abs=0.0000, max_rel=0.0000"
dwt_162.mtx,auto_lossless_lb,all_one_lb,lossless_value_specialized,ok,none,accuracy_pass_runtime_loss,0.0070,0.0050,1.885714,0.971429,,0,1584,auto_lossless,all_one,true,1,0,true,0,exact_abs_or_rel,"PASS, max_abs=0.0000, max_rel=0.0000"
dwt_162.mtx,fp16_lb,fp16_lb,controlled_lossy_value_specialized,ok,none,accuracy_pass_runtime_loss,0.0078,0.0061,1.692308,0.871795,,2364,1584,fp16,fp16,false,0,0,false,0,spmv_max_rel,"PASS, max_abs=0.0000, max_rel=0.0000"
dwt_162.mtx,bf16_lb,bf16_lb,controlled_lossy_value_specialized,ok,none,accuracy_pass_runtime_loss,0.0080,0.0061,1.650000,0.850000,,2364,1584,bf16,bf16,false,0,0,false,0,spmv_max_rel,"PASS, max_abs=0.0000, max_rel=0.0000"
dwt_162.mtx,bfp8_lb,bfp8_lb,controlled_lossy_value_specialized,ok,none,accuracy_pass_runtime_loss,0.0068,0.0061,1.941176,1.000000,,1578,1584,bfp8,bfp8,false,0,0,false,0,spmv_max_rel,"PASS, max_abs=0.0002, max_rel=0.0001"
dwt_162.mtx,bfp8_outlier_lb,bfp8_outlier_lb,controlled_lossy_value_specialized,ok,none,accuracy_pass_runtime_loss,0.0077,0.0066,1.714286,0.883117,,1578,1584,bfp8_outlier,bfp8_outlier,false,0,0,false,0,spmv_max_rel,"PASS, max_abs=0.0002, max_rel=0.0001"
dwt_162.mtx,bfp4_lb,bfp4_lb,controlled_lossy_value_specialized,ok,none,accuracy_pass_runtime_loss,0.0082,0.0069,1.609756,0.829268,,987,1584,bfp4,bfp4,false,0,0,false,0,spmv_max_rel,"PASS, max_abs=0.0076, max_rel=0.0020"
dwt_162.mtx,hybrid_lb,hybrid_lb,structural_hybrid,ok,none,promoted_fallback,0.0070,0.0055,1.885714,0.971429,,9456,,original,raw_double,false,,,1,0,exact_abs_or_rel,"PASS, max_abs=0.0000, max_rel=0.0000"
dwt_162.mtx,cusparse_default,cusparse_csr,external_baseline,ok,none,external_baseline,0.0132,0.0102,1.000000,0.515152,,9456,5380,original,original,false,,,true,0,exact_abs_or_rel,"PASS, max_abs=0.0000, max_rel=0.0000"
dwt_310.mtx,original_lb,original_lb,load_balanced_traversal,ok,none,promoted_fallback,0.0056,0.0046,2.250000,1.000000,,19584,2160,original,original,false,0,0,true,0,exact_abs_or_rel,"PASS, max_abs=0.0000, max_rel=0.0000"
dwt_310.mtx,auto_lossless_lb,all_one_lb,lossless_value_specialized,ok,none,accuracy_pass_runtime_loss,0.0057,0.0046,2.210526,0.982456,,0,2160,auto_lossless,all_one,true,1,0,true,0,exact_abs_or_rel,"PASS, max_abs=0.0000, max_rel=0.0000"
dwt_310.mtx,fp16_lb,fp16_lb,controlled_lossy_value_specialized,ok,none,accuracy_pass_runtime_loss,0.0057,0.0047,2.210526,0.982456,,4896,2160,fp16,fp16,false,0,0,false,0,spmv_max_rel,"PASS, max_abs=0.0000, max_rel=0.0000"
dwt_310.mtx,bf16_lb,bf16_lb,controlled_lossy_value_specialized,ok,none,accuracy_pass_runtime_loss,0.0060,0.0045,2.100000,0.933333,,4896,2160,bf16,bf16,false,0,0,false,0,spmv_max_rel,"PASS, max_abs=0.0000, max_rel=0.0000"
dwt_310.mtx,bfp8_lb,bfp8_lb,controlled_lossy_value_specialized,ok,none,accuracy_pass_runtime_win,0.0054,0.0044,2.333333,1.037037,,2988,2160,bfp8,bfp8,false,0,0,false,0,spmv_max_rel,"PASS, max_abs=0.0003, max_rel=0.0001"
dwt_310.mtx,bfp8_outlier_lb,bfp8_outlier_lb,controlled_lossy_value_specialized,ok,none,accuracy_pass_runtime_win,0.0055,0.0050,2.290909,1.018182,,2988,2160,bfp8_outlier,bfp8_outlier,false,0,0,false,0,spmv_max_rel,"PASS, max_abs=0.0003, max_rel=0.0001"
dwt_310.mtx,bfp4_lb,bfp4_lb,controlled_lossy_value_specialized,ok,none,accuracy_pass_runtime_loss,0.0079,0.0068,1.594937,0.708861,,1764,2160,bfp4,bfp4,false,0,0,false,0,spmv_max_rel,"PASS, max_abs=0.0081, max_rel=0.0020"
dwt_310.mtx,hybrid_lb,hybrid_lb,structural_hybrid,ok,none,promoted_fallback,0.0071,0.0048,1.774648,0.788732,,19584,,original,raw_double,false,,,1,0,exact_abs_or_rel,"PASS, max_abs=0.0000, max_rel=0.0000"
dwt_310.mtx,cusparse_default,cusparse_csr,external_baseline,ok,none,external_baseline,0.0126,0.0102,1.000000,0.444444,,19584,11036,original,original,false,,,true,0,exact_abs_or_rel,"PASS, max_abs=0.0000, max_rel=0.0000"
dwt_607.mtx,original_lb,original_lb,load_balanced_traversal,ok,none,promoted_fallback,0.0083,0.0069,1.710843,1.000000,,41048,8256,original,original,false,0,0,true,0,exact_abs_or_rel,"PASS, max_abs=0.0000, max_rel=0.0000"
dwt_607.mtx,auto_lossless_lb,all_one_lb,lossless_value_specialized,ok,none,accuracy_pass_runtime_loss,0.0093,0.0070,1.526882,0.892473,,0,8256,auto_lossless,all_one,true,1,0,true,0,exact_abs_or_rel,"PASS, max_abs=0.0000, max_rel=0.0000"
dwt_607.mtx,fp16_lb,fp16_lb,controlled_lossy_value_specialized,ok,none,accuracy_pass_runtime_loss,0.0088,0.0074,1.613636,0.943182,,10262,8256,fp16,fp16,false,0,0,false,0,spmv_max_rel,"PASS, max_abs=0.0000, max_rel=0.0000"
dwt_607.mtx,bf16_lb,bf16_lb,controlled_lossy_value_specialized,ok,none,accuracy_pass_runtime_loss,0.0091,0.0074,1.560440,0.912088,,10262,8256,bf16,bf16,false,0,0,false,0,spmv_max_rel,"PASS, max_abs=0.0000, max_rel=0.0000"
dwt_607.mtx,bfp8_lb,bfp8_lb,controlled_lossy_value_specialized,ok,none,accuracy_pass_runtime_loss,0.0095,0.0089,1.494737,0.873684,,7195,8256,bfp8,bfp8,false,0,0,false,0,spmv_max_rel,"PASS, max_abs=0.0005, max_rel=0.0001"
dwt_607.mtx,bfp8_outlier_lb,bfp8_outlier_lb,controlled_lossy_value_specialized,ok,none,accuracy_pass_runtime_loss,0.0091,0.0077,1.560440,0.912088,,7195,8256,bfp8_outlier,bfp8_outlier,false,0,0,false,0,spmv_max_rel,"PASS, max_abs=0.0005, max_rel=0.0001"
dwt_607.mtx,bfp4_lb,bfp4_lb,controlled_lossy_value_specialized,ok,none,accuracy_pass_runtime_loss,0.0110,0.0102,1.290909,0.754545,,4630,8256,bfp4,bfp4,false,0,0,false,0,spmv_max_rel,"PASS, max_abs=0.0161, max_rel=0.0020"
dwt_607.mtx,hybrid_lb,hybrid_lb,structural_hybrid,ok,none,promoted_fallback,0.0074,0.0056,1.918919,1.121622,,41048,,original,raw_double,false,,,1,0,exact_abs_or_rel,"PASS, max_abs=0.0000, max_rel=0.0000"
dwt_607.mtx,cusparse_default,cusparse_csr,external_baseline,ok,none,external_baseline,0.0142,0.0123,1.000000,0.584507,,41048,22956,original,original,false,,,true,0,exact_abs_or_rel,"PASS, max_abs=0.0000, max_rel=0.0000"
dwt_992.mtx,original_lb,original_lb,load_balanced_traversal,ok,none,promoted_fallback,0.0068,0.0058,1.985294,1.000000,,133952,17472,original,original,false,0,0,true,0,exact_abs_or_rel,"PASS, max_abs=0.0000, max_rel=0.0000"
dwt_992.mtx,auto_lossless_lb,all_one_lb,lossless_value_specialized,ok,none,accuracy_pass_runtime_loss,0.0086,0.0074,1.569767,0.790698,,0,17472,auto_lossless,all_one,true,1,0,true,0,exact_abs_or_rel,"PASS, max_abs=0.0000, max_rel=0.0000"
dwt_992.mtx,fp16_lb,fp16_lb,controlled_lossy_value_specialized,ok,none,accuracy_pass_runtime_loss,0.0071,0.0063,1.901408,0.957746,,33488,17472,fp16,fp16,false,0,0,false,0,spmv_max_rel,"PASS, max_abs=0.0000, max_rel=0.0000"
dwt_992.mtx,bf16_lb,bf16_lb,controlled_lossy_value_specialized,ok,none,accuracy_pass_runtime_loss,0.0075,0.0065,1.800000,0.906667,,33488,17472,bf16,bf16,false,0,0,false,0,spmv_max_rel,"PASS, max_abs=0.0000, max_rel=0.0000"
dwt_992.mtx,bfp8_lb,bfp8_lb,controlled_lossy_value_specialized,ok,none,accuracy_pass_runtime_loss,0.0077,0.0066,1.753247,0.883117,,21112,17472,bfp8,bfp8,false,0,0,false,0,spmv_max_rel,"PASS, max_abs=0.0006, max_rel=0.0001"
dwt_992.mtx,bfp8_outlier_lb,bfp8_outlier_lb,controlled_lossy_value_specialized,ok,none,accuracy_pass_runtime_loss,0.0070,0.0066,1.928571,0.971429,,21112,17472,bfp8_outlier,bfp8_outlier,false,0,0,false,0,spmv_max_rel,"PASS, max_abs=0.0006, max_rel=0.0001"
dwt_992.mtx,bfp4_lb,bfp4_lb,controlled_lossy_value_specialized,ok,none,accuracy_pass_runtime_loss,0.0094,0.0084,1.436170,0.723404,,12740,17472,bfp4,bfp4,false,0,0,false,0,spmv_max_rel,"PASS, max_abs=0.0200, max_rel=0.0020"
dwt_992.mtx,hybrid_lb,hybrid_lb,structural_hybrid,ok,none,promoted_fallback,0.0074,0.0064,1.824324,0.918919,,133952,,original,raw_double,false,,,1,0,exact_abs_or_rel,"PASS, max_abs=0.0000, max_rel=0.0000"
dwt_992.mtx,cusparse_default,cusparse_csr,external_baseline,ok,none,external_baseline,0.0135,0.0102,1.000000,0.503704,,133952,70948,original,original,false,,,true,0,exact_abs_or_rel,"PASS, max_abs=0.0000, max_rel=0.0000"
dynamicSoaringProblem_4.mtx,original_lb,original_lb,load_balanced_traversal,ok,none,promoted_fallback,0.0082,0.0064,1.682927,1.000000,,292128,43432,original,original,false,0,0,true,0,exact_abs_or_rel,"PASS, max_abs=0.0000, max_rel=0.0000"
dynamicSoaringProblem_4.mtx,auto_lossless_lb,original_lb,load_balanced_traversal,ok,none,promoted_fallback,0.0089,0.0081,1.550562,0.921348,,292128,43432,auto_lossless,original,true,9127,292128,true,0,exact_abs_or_rel,"PASS, max_abs=0.0000, max_rel=0.0000"
dynamicSoaringProblem_4.mtx,fp16_lb,fp16_lb,controlled_lossy_value_specialized,fail:1,accuracy_fail,accuracy_fail,0.0084,0.0073,1.642857,0.976190,,73032,43432,fp16,fp16,false,0,0,false,0,spmv_max_rel,"FAIL, max_abs=inf, max_rel=inf"
dynamicSoaringProblem_4.mtx,bf16_lb,bf16_lb,controlled_lossy_value_specialized,ok,none,accuracy_pass_runtime_loss,0.0087,0.0073,1.586207,0.942529,,73032,43432,bf16,bf16,false,0,0,false,0,spmv_max_rel,"PASS, max_abs=6.9654, max_rel=1.0211"
dynamicSoaringProblem_4.mtx,bfp8_lb,bfp8_lb,controlled_lossy_value_specialized,ok,none,accuracy_pass_runtime_loss,0.0103,0.0098,1.339806,0.796117,,47374,43432,bfp8,bfp8,false,0,0,false,0,spmv_max_rel,"PASS, max_abs=665.0346, max_rel=10.4590"
dynamicSoaringProblem_4.mtx,bfp8_outlier_lb,bfp8_outlier_lb,controlled_lossy_value_specialized,ok,none,accuracy_pass_runtime_loss,0.0121,0.0108,1.140496,0.677686,,49182,43432,bfp8_outlier,bfp8_outlier,false,0,0,false,0,spmv_max_rel,"PASS, max_abs=0.2457, max_rel=9.0803"
dynamicSoaringProblem_4.mtx,bfp4_lb,bfp4_lb,controlled_lossy_value_specialized,ok,none,accuracy_pass_runtime_loss,0.0137,0.0132,1.007299,0.598540,,29116,43432,bfp4,bfp4,false,0,0,false,0,spmv_max_rel,"PASS, max_abs=679.2154, max_rel=196.6562"
dynamicSoaringProblem_4.mtx,hybrid_lb,hybrid_lb,structural_hybrid,ok,none,promoted_fallback,0.0084,0.0064,1.642857,0.976190,,292128,,original,raw_double,false,,,1,0,exact_abs_or_rel,"PASS, max_abs=0.0000, max_rel=0.0000"
dynamicSoaringProblem_4.mtx,cusparse_default,cusparse_csr,external_baseline,ok,none,external_baseline,0.0138,0.0120,1.000000,0.594203,,292128,158832,original,original,false,,,true,0,exact_abs_or_rel,"PASS, max_abs=0.0000, max_rel=0.0000"
eurqsa.mtx,original_lb,original_lb,load_balanced_traversal,ok,none,promoted_fallback,0.0099,0.0075,1.464646,1.000000,,369136,76184,original,original,false,0,0,true,0,exact_abs_or_rel,"PASS, max_abs=0.0000, max_rel=10913936421275138048.0000"
eurqsa.mtx,auto_lossless_lb,original_lb,load_balanced_traversal,ok,none,promoted_fallback,0.0097,0.0090,1.494845,1.020619,,369136,76184,auto_lossless,original,true,8468,369136,true,0,exact_abs_or_rel,"PASS, max_abs=0.0000, max_rel=10913936421275138048.0000"
eurqsa.mtx,fp16_lb,fp16_lb,controlled_lossy_value_specialized,fail:1,accuracy_fail,accuracy_fail,0.0087,0.0078,1.666667,1.137931,,92284,76184,fp16,fp16,false,0,0,false,0,spmv_max_rel,"FAIL, max_abs=inf, max_rel=inf"
eurqsa.mtx,bf16_lb,bf16_lb,controlled_lossy_value_specialized,ok,none,accuracy_pass_runtime_win,0.0092,0.0081,1.576087,1.076087,,92284,76184,bf16,bf16,false,0,0,false,0,spmv_max_rel,"PASS, max_abs=5685.9790, max_rel=4.8256"
eurqsa.mtx,bfp8_lb,bfp8_lb,controlled_lossy_value_specialized,ok,none,accuracy_pass_runtime_win,0.0090,0.0087,1.611111,1.100000,,65188,76184,bfp8,bfp8,false,0,0,false,0,spmv_max_rel,"PASS, max_abs=9561.8308, max_rel=993996093749999874652794293059584.0000"
eurqsa.mtx,bfp8_outlier_lb,bfp8_outlier_lb,controlled_lossy_value_specialized,ok,none,accuracy_pass_runtime_loss,0.0115,0.0103,1.260870,0.860870,,68836,76184,bfp8_outlier,bfp8_outlier,false,0,0,false,0,spmv_max_rel,"PASS, max_abs=9561.8308, max_rel=993996093749999874652794293059584.0000"
eurqsa.mtx,bfp4_lb,bfp4_lb,controlled_lossy_value_specialized,fail:1,accuracy_fail,accuracy_fail,0.0150,0.0132,0.966667,0.660000,,42117,76184,bfp4,bfp4,false,0,0,false,0,spmv_max_rel,"FAIL, max_abs=148550.5250, max_rel=11119929687499998691081428343455744.0000"
eurqsa.mtx,hybrid_lb,hybrid_lb,structural_hybrid,ok,none,promoted_fallback,0.0101,0.0056,1.435644,0.980198,,369136,,original,raw_double,false,,,1,0,exact_abs_or_rel,"PASS, max_abs=0.0000, max_rel=3637978807091712512.0000"
eurqsa.mtx,cusparse_default,cusparse_csr,external_baseline,ok,none,external_baseline,0.0145,0.0123,1.000000,0.682759,,369136,213552,original,original,false,,,true,0,exact_abs_or_rel,"PASS, max_abs=0.0000, max_rel=3637978807091712512.0000"
ex15.mtx,original_lb,original_lb,load_balanced_traversal,ok,none,promoted_fallback,0.0066,0.0053,2.090909,1.000000,,789368,85592,original,original,false,0,0,true,0,exact_abs_or_rel,"PASS, max_abs=0.0000, max_rel=0.0000"
ex15.mtx,auto_lossless_lb,original_lb,load_balanced_traversal,ok,none,promoted_fallback,0.0069,0.0060,2.000000,0.956522,,789368,85592,auto_lossless,original,true,32664,789368,true,0,exact_abs_or_rel,"PASS, max_abs=0.0000, max_rel=0.0000"
ex15.mtx,fp16_lb,fp16_lb,controlled_lossy_value_specialized,fail:1,accuracy_fail,accuracy_fail,0.0067,0.0061,2.059701,0.985075,,197342,85592,fp16,fp16,false,0,0,false,0,spmv_max_rel,"FAIL, max_abs=inf, max_rel=inf"
ex15.mtx,bf16_lb,bf16_lb,controlled_lossy_value_specialized,ok,none,accuracy_pass_runtime_loss,0.0069,0.0059,2.000000,0.956522,,197342,85592,bf16,bf16,false,0,0,false,0,spmv_max_rel,"PASS, max_abs=11260196.9553, max_rel=1.2938"
ex15.mtx,bfp8_lb,bfp8_lb,controlled_lossy_value_specialized,ok,none,accuracy_pass_runtime_loss,0.0072,0.0059,1.916667,0.916667,,120069,85592,bfp8,bfp8,false,0,0,false,0,spmv_max_rel,"PASS, max_abs=16261855.2370, max_rel=212.6798"
ex15.mtx,bfp8_outlier_lb,bfp8_outlier_lb,controlled_lossy_value_specialized,ok,none,accuracy_pass_runtime_loss,0.0113,0.0099,1.221239,0.584071,,127957,85592,bfp8_outlier,bfp8_outlier,false,0,0,false,0,spmv_max_rel,"PASS, max_abs=12062106.6861, max_rel=212.6798"
ex15.mtx,bfp4_lb,bfp4_lb,controlled_lossy_value_specialized,fail:1,accuracy_fail,accuracy_fail,0.0099,0.0076,1.393939,0.666667,,70734,85592,bfp4,bfp4,false,0,0,false,0,spmv_max_rel,"FAIL, max_abs=184668709.8961, max_rel=212.5247"
ex15.mtx,hybrid_lb,hybrid_lb,structural_hybrid,ok,none,promoted_fallback,0.0088,0.0067,1.568182,0.750000,,789368,,original,raw_double,false,,,1,0,exact_abs_or_rel,"PASS, max_abs=0.0000, max_rel=0.0000"
ex15.mtx,cusparse_default,cusparse_csr,external_baseline,ok,none,external_baseline,0.0138,0.0102,1.000000,0.478261,,789368,422156,original,original,false,,,true,0,exact_abs_or_rel,"PASS, max_abs=0.0000, max_rel=0.0000"
ex25.mtx,original_lb,original_lb,load_balanced_traversal,ok,none,promoted_fallback,0.0085,0.0069,1.541176,1.000000,,194952,13024,original,original,false,0,0,true,0,exact_abs_or_rel,"PASS, max_abs=0.0000, max_rel=0.0000"
ex25.mtx,auto_lossless_lb,original_lb,load_balanced_traversal,ok,none,promoted_fallback,0.0082,0.0069,1.597561,1.036585,,194952,13024,auto_lossless,original,true,11455,194952,true,0,exact_abs_or_rel,"PASS, max_abs=0.0000, max_rel=0.0000"
ex25.mtx,fp16_lb,fp16_lb,controlled_lossy_value_specialized,ok,none,accuracy_pass_runtime_win,0.0077,0.0070,1.701299,1.103896,,48738,13024,fp16,fp16,false,0,0,false,0,spmv_max_rel,"PASS, max_abs=0.0000, max_rel=0.2275"
ex25.mtx,bf16_lb,bf16_lb,controlled_lossy_value_specialized,ok,none,accuracy_pass_runtime_win,0.0078,0.0067,1.679487,1.089744,,48738,13024,bf16,bf16,false,0,0,false,0,spmv_max_rel,"PASS, max_abs=0.0005, max_rel=1.5902"
ex25.mtx,bfp8_lb,bfp8_lb,controlled_lossy_value_specialized,ok,none,accuracy_pass_runtime_loss,0.0089,0.0072,1.471910,0.955056,,27625,13024,bfp8,bfp8,false,0,0,false,0,spmv_max_rel,"PASS, max_abs=0.0019, max_rel=105.7134"
ex25.mtx,bfp8_outlier_lb,bfp8_outlier_lb,controlled_lossy_value_specialized,ok,none,accuracy_pass_runtime_loss,0.0112,0.0086,1.169643,0.758929,,29561,13024,bfp8_outlier,bfp8_outlier,false,0,0,false,0,spmv_max_rel,"PASS, max_abs=0.0006, max_rel=105.7134"
ex25.mtx,bfp4_lb,bfp4_lb,controlled_lossy_value_specialized,fail:1,accuracy_fail,accuracy_fail,0.0115,0.0112,1.139130,0.739130,,15441,13024,bfp4,bfp4,false,0,0,false,0,spmv_max_rel,"FAIL, max_abs=0.0265, max_rel=103.9090"
ex25.mtx,hybrid_lb,hybrid_lb,structural_hybrid,ok,none,promoted_fallback,0.0097,0.0084,1.350515,0.876289,,194952,,original,raw_double,false,,,1,0,exact_abs_or_rel,"PASS, max_abs=0.0000, max_rel=0.0000"
ex25.mtx,cusparse_default,cusparse_csr,external_baseline,ok,none,external_baseline,0.0131,0.0103,1.000000,0.648855,,194952,100872,original,original,false,,,true,0,exact_abs_or_rel,"PASS, max_abs=0.0000, max_rel=0.0000"
ex6.mtx,original_lb,original_lb,load_balanced_traversal,ok,none,promoted_fallback,0.0092,0.0076,1.521739,1.000000,,392496,28072,original,original,false,0,0,true,0,exact_abs_or_rel,"PASS, max_abs=0.0000, max_rel=0.0000"
ex6.mtx,auto_lossless_lb,dict65536_u16_lb,lossless_value_specialized,ok,none,accuracy_pass_runtime_loss,0.0112,0.0100,1.250000,0.821429,,386624,28072,auto_lossless,dict65536_u16,true,20256,386624,true,20256,exact_abs_or_rel,"PASS, max_abs=0.0000, max_rel=0.0000"
ex6.mtx,fp16_lb,fp16_lb,controlled_lossy_value_specialized,ok,none,accuracy_pass_runtime_win,0.0090,0.0076,1.555556,1.022222,,98124,28072,fp16,fp16,false,0,0,false,0,spmv_max_rel,"PASS, max_abs=0.0694, max_rel=0.4628"
ex6.mtx,bf16_lb,bf16_lb,controlled_lossy_value_specialized,ok,none,accuracy_pass_runtime_loss,0.0095,0.0079,1.473684,0.968421,,98124,28072,bf16,bf16,false,0,0,false,0,spmv_max_rel,"PASS, max_abs=0.3585, max_rel=9.0582"
ex6.mtx,bfp8_lb,bfp8_lb,controlled_lossy_value_specialized,ok,none,accuracy_pass_runtime_loss,0.0100,0.0091,1.400000,0.920000,,56080,28072,bfp8,bfp8,false,0,0,false,0,spmv_max_rel,"PASS, max_abs=1.1348, max_rel=26.5478"
ex6.mtx,bfp8_outlier_lb,bfp8_outlier_lb,controlled_lossy_value_specialized,ok,none,accuracy_pass_runtime_loss,0.0116,0.0104,1.206897,0.793103,,60000,28072,bfp8_outlier,bfp8_outlier,false,0,0,false,0,spmv_max_rel,"PASS, max_abs=0.4396, max_rel=26.5478"
ex6.mtx,bfp4_lb,bfp4_lb,controlled_lossy_value_specialized,fail:1,accuracy_fail,accuracy_fail,0.0130,0.0122,1.076923,0.707692,,31549,28072,bfp4,bfp4,false,0,0,false,0,spmv_max_rel,"FAIL, max_abs=17.8088, max_rel=166.8689"
ex6.mtx,hybrid_lb,hybrid_lb,structural_hybrid,ok,none,promoted_fallback,0.0098,0.0077,1.428571,0.938776,,392496,,original,raw_double,false,,,1,0,exact_abs_or_rel,"PASS, max_abs=0.0000, max_rel=0.0000"
ex6.mtx,cusparse_default,cusparse_csr,external_baseline,ok,none,external_baseline,0.0140,0.0103,1.000000,0.657143,,392496,202856,original,original,false,,,true,0,exact_abs_or_rel,"PASS, max_abs=0.0000, max_rel=0.0000"
extr1b_A_26.mtx,original_lb,original_lb,load_balanced_traversal,ok,none,promoted_fallback,0.0073,0.0056,2.041096,1.000000,,91240,27008,original,original,false,0,0,true,0,exact_abs_or_rel,"PASS, max_abs=0.0000, max_rel=3388131789.0172"
extr1b_A_26.mtx,auto_lossless_lb,original_lb,load_balanced_traversal,ok,none,promoted_fallback,0.0073,0.0065,2.041096,1.000000,,91240,27008,auto_lossless,original,true,5873,91240,true,0,exact_abs_or_rel,"PASS, max_abs=0.0000, max_rel=3388131789.0172"
extr1b_A_26.mtx,fp16_lb,fp16_lb,controlled_lossy_value_specialized,ok,none,accuracy_pass_runtime_win,0.0068,0.0055,2.191176,1.073529,,22810,27008,fp16,fp16,false,0,0,false,0,spmv_max_rel,"PASS, max_abs=0.5876, max_rel=1.0000"
extr1b_A_26.mtx,bf16_lb,bf16_lb,controlled_lossy_value_specialized,ok,none,accuracy_pass_runtime_win,0.0068,0.0052,2.191176,1.073529,,22810,27008,bf16,bf16,false,0,0,false,0,spmv_max_rel,"PASS, max_abs=2.3141, max_rel=1.2760"
extr1b_A_26.mtx,bfp8_lb,bfp8_lb,controlled_lossy_value_specialized,ok,none,accuracy_pass_runtime_win,0.0070,0.0067,2.128571,1.042857,,18157,27008,bfp8,bfp8,false,0,0,false,0,spmv_max_rel,"PASS, max_abs=1.7052, max_rel=62450766563415522768060416.0000"
extr1b_A_26.mtx,bfp8_outlier_lb,bfp8_outlier_lb,controlled_lossy_value_specialized,ok,none,accuracy_pass_runtime_loss,0.0093,0.0074,1.602151,0.784946,,19069,27008,bfp8_outlier,bfp8_outlier,false,0,0,false,0,spmv_max_rel,"PASS, max_abs=0.1067, max_rel=62450766563415522768060416.0000"
extr1b_A_26.mtx,bfp4_lb,bfp4_lb,controlled_lossy_value_specialized,ok,none,accuracy_pass_runtime_loss,0.0086,0.0070,1.732558,0.848837,,12455,27008,bfp4,bfp4,false,0,0,false,0,spmv_max_rel,"PASS, max_abs=6.5873, max_rel=62584877014160149407858688.0000"
extr1b_A_26.mtx,hybrid_lb,hybrid_lb,structural_hybrid,ok,none,promoted_fallback,0.0077,0.0063,1.935065,0.948052,,91240,,original,raw_double,false,,,1,0,exact_abs_or_rel,"PASS, max_abs=0.0000, max_rel=6776263578.0344"
extr1b_A_26.mtx,cusparse_default,cusparse_csr,external_baseline,ok,none,external_baseline,0.0149,0.0123,1.000000,0.489933,,91240,56968,original,original,false,,,true,0,exact_abs_or_rel,"PASS, max_abs=0.0000, max_rel=6776263578.0344"
extr1b_A_41.mtx,original_lb,original_lb,load_balanced_traversal,ok,none,promoted_fallback,0.0059,0.0047,2.627119,1.000000,,72424,23416,original,original,false,0,0,true,0,exact_abs_or_rel,"PASS, max_abs=0.0000, max_rel=0.0000"
extr1b_A_41.mtx,auto_lossless_lb,original_lb,load_balanced_traversal,ok,none,promoted_fallback,0.0064,0.0047,2.421875,0.921875,,72424,23416,auto_lossless,original,true,3709,72424,true,0,exact_abs_or_rel,"PASS, max_abs=0.0000, max_rel=0.0000"
extr1b_A_41.mtx,fp16_lb,fp16_lb,controlled_lossy_value_specialized,ok,none,accuracy_pass_runtime_loss,0.0072,0.0055,2.152778,0.819444,,18106,23416,fp16,fp16,false,0,0,false,0,spmv_max_rel,"PASS, max_abs=18.4607, max_rel=0.1496"
extr1b_A_41.mtx,bf16_lb,bf16_lb,controlled_lossy_value_specialized,ok,none,accuracy_pass_runtime_loss,0.0074,0.0055,2.094595,0.797297,,18106,23416,bf16,bf16,false,0,0,false,0,spmv_max_rel,"PASS, max_abs=140.6859, max_rel=1.0000"
extr1b_A_41.mtx,bfp8_lb,bfp8_lb,controlled_lossy_value_specialized,ok,none,accuracy_pass_runtime_loss,0.0069,0.0056,2.246377,0.855072,,14907,23416,bfp8,bfp8,false,0,0,false,0,spmv_max_rel,"PASS, max_abs=272.5537, max_rel=999938964843749907544246583296.0000"
extr1b_A_41.mtx,bfp8_outlier_lb,bfp8_outlier_lb,controlled_lossy_value_specialized,ok,none,accuracy_pass_runtime_loss,0.0089,0.0069,1.741573,0.662921,,15627,23416,bfp8_outlier,bfp8_outlier,false,0,0,false,0,spmv_max_rel,"PASS, max_abs=272.5537, max_rel=999938964843749907544246583296.0000"
extr1b_A_41.mtx,bfp4_lb,bfp4_lb,controlled_lossy_value_specialized,fail:1,accuracy_fail,accuracy_fail,0.0075,0.0065,2.066667,0.786667,,10381,23416,bfp4,bfp4,false,0,0,false,0,spmv_max_rel,"FAIL, max_abs=2967.2419, max_rel=998046874999999943429729550336.0000"
extr1b_A_41.mtx,hybrid_lb,hybrid_lb,structural_hybrid,ok,none,promoted_fallback,0.0058,0.0048,2.672414,1.017241,,72424,,original,raw_double,false,,,1,0,exact_abs_or_rel,"PASS, max_abs=0.0000, max_rel=0.0000"
extr1b_A_41.mtx,cusparse_default,cusparse_csr,external_baseline,ok,none,external_baseline,0.0155,0.0123,1.000000,0.380645,,72424,47560,original,original,false,,,true,0,exact_abs_or_rel,"PASS, max_abs=0.0000, max_rel=0.0000"
flowmeter0_B.mtx,original_lb,original_lb,load_balanced_traversal,ok,none,promoted_fallback,0.0055,0.0039,2.527273,1.000000,,192,160,original,original,false,0,0,true,0,exact_abs_or_rel,"PASS, max_abs=0.0000, max_rel=0.0000"
flowmeter0_B.mtx,auto_lossless_lb,original_lb,load_balanced_traversal,ok,none,promoted_fallback,0.0046,0.0034,3.021739,1.195652,,192,160,auto_lossless,original,true,24,192,true,0,exact_abs_or_rel,"PASS, max_abs=0.0000, max_rel=0.0000"
flowmeter0_B.mtx,fp16_lb,fp16_lb,controlled_lossy_value_specialized,ok,none,accuracy_pass_runtime_loss,0.0069,0.0057,2.014493,0.797101,,48,160,fp16,fp16,false,0,0,false,0,spmv_max_rel,"PASS, max_abs=0.1118, max_rel=0.0004"
flowmeter0_B.mtx,bf16_lb,bf16_lb,controlled_lossy_value_specialized,ok,none,accuracy_pass_runtime_loss,0.0060,0.0048,2.316667,0.916667,,48,160,bf16,bf16,false,0,0,false,0,spmv_max_rel,"PASS, max_abs=1.0477, max_rel=0.0038"
flowmeter0_B.mtx,bfp8_lb,bfp8_lb,controlled_lossy_value_specialized,ok,none,accuracy_pass_runtime_win,0.0052,0.0047,2.673077,1.057692,,64,160,bfp8,bfp8,false,0,0,false,0,spmv_max_rel,"PASS, max_abs=0.9863, max_rel=0.0038"
flowmeter0_B.mtx,bfp8_outlier_lb,bfp8_outlier_lb,controlled_lossy_value_specialized,ok,none,accuracy_pass_runtime_loss,0.0055,0.0036,2.527273,1.000000,,64,160,bfp8_outlier,bfp8_outlier,false,0,0,false,0,spmv_max_rel,"PASS, max_abs=0.9863, max_rel=0.0038"
flowmeter0_B.mtx,bfp4_lb,bfp4_lb,controlled_lossy_value_specialized,fail:1,accuracy_fail,accuracy_fail,0.0056,0.0049,2.482143,0.982143,,52,160,bfp4,bfp4,false,0,0,false,0,spmv_max_rel,"FAIL, max_abs=9.3098, max_rel=0.0482"
flowmeter0_B.mtx,hybrid_lb,hybrid_lb,structural_hybrid,ok,none,promoted_fallback,0.0079,0.0054,1.759494,0.696203,,192,,original,raw_double,false,,,1,0,exact_abs_or_rel,"PASS, max_abs=0.0000, max_rel=0.0000"
flowmeter0_B.mtx,cusparse_default,cusparse_csr,external_baseline,ok,none,external_baseline,0.0139,0.0123,1.000000,0.395683,,192,38776,original,original,false,,,true,0,exact_abs_or_rel,"PASS, max_abs=0.0000, max_rel=0.0000"
fpga_dcop_05.mtx,original_lb,original_lb,load_balanced_traversal,ok,none,promoted_fallback,0.0105,0.0090,1.342857,1.000000,,46816,14608,original,original,false,0,0,true,0,exact_abs_or_rel,"PASS, max_abs=0.0000, max_rel=13877787807814.4551"
fpga_dcop_05.mtx,auto_lossless_lb,original_lb,load_balanced_traversal,ok,none,promoted_fallback,0.0100,0.0087,1.410000,1.050000,,46816,14608,auto_lossless,original,true,3330,46816,true,0,exact_abs_or_rel,"PASS, max_abs=0.0000, max_rel=13877787807814.4551"
fpga_dcop_05.mtx,fp16_lb,fp16_lb,controlled_lossy_value_specialized,ok,none,accuracy_pass_runtime_win,0.0099,0.0079,1.424242,1.060606,,11704,14608,fp16,fp16,false,0,0,false,0,spmv_max_rel,"PASS, max_abs=0.0014, max_rel=11.2070"
fpga_dcop_05.mtx,bf16_lb,bf16_lb,controlled_lossy_value_specialized,ok,none,accuracy_pass_runtime_win,0.0098,0.0091,1.438776,1.071429,,11704,14608,bf16,bf16,false,0,0,false,0,spmv_max_rel,"PASS, max_abs=0.0193, max_rel=194.3125"
fpga_dcop_05.mtx,bfp8_lb,bfp8_lb,controlled_lossy_value_specialized,ok,none,accuracy_pass_runtime_win,0.0089,0.0075,1.584270,1.179775,,9504,14608,bfp8,bfp8,false,0,0,false,0,spmv_max_rel,"PASS, max_abs=0.0245, max_rel=423431396484374945069006848.0000"
fpga_dcop_05.mtx,bfp8_outlier_lb,bfp8_outlier_lb,controlled_lossy_value_specialized,ok,none,accuracy_pass_runtime_loss,0.0119,0.0104,1.184874,0.882353,,9856,14608,bfp8_outlier,bfp8_outlier,false,0,0,false,0,spmv_max_rel,"PASS, max_abs=0.0142, max_rel=423431396484374945069006848.0000"
fpga_dcop_05.mtx,bfp4_lb,bfp4_lb,controlled_lossy_value_specialized,fail:1,accuracy_fail,accuracy_fail,0.0137,0.0131,1.029197,0.766423,,6578,14608,bfp4,bfp4,false,0,0,false,0,spmv_max_rel,"FAIL, max_abs=0.4789, max_rel=7553100585937499896787501056.0000"
fpga_dcop_05.mtx,hybrid_lb,hybrid_lb,structural_hybrid,ok,none,promoted_fallback,0.0077,0.0057,1.831169,1.363636,,46816,,original,raw_double,false,,,1,0,exact_abs_or_rel,"PASS, max_abs=0.0000, max_rel=13877787807814.4551"
fpga_dcop_05.mtx,cusparse_default,cusparse_csr,external_baseline,ok,none,external_baseline,0.0141,0.0123,1.000000,0.744681,,46816,28292,original,original,false,,,true,0,exact_abs_or_rel,"PASS, max_abs=0.0000, max_rel=13877787807814.4551"
fpga_dcop_13.mtx,original_lb,original_lb,load_balanced_traversal,ok,none,promoted_fallback,0.0088,0.0074,1.602273,1.000000,,47136,14648,original,original,false,0,0,true,0,exact_abs_or_rel,"PASS, max_abs=0.0000, max_rel=13877787807814.4551"
fpga_dcop_13.mtx,auto_lossless_lb,original_lb,load_balanced_traversal,ok,none,promoted_fallback,0.0083,0.0071,1.698795,1.060241,,47136,14648,auto_lossless,original,true,3461,47136,true,0,exact_abs_or_rel,"PASS, max_abs=0.0000, max_rel=13877787807814.4551"
fpga_dcop_13.mtx,fp16_lb,fp16_lb,controlled_lossy_value_specialized,ok,none,accuracy_pass_runtime_loss,0.0103,0.0093,1.368932,0.854369,,11784,14648,fp16,fp16,false,0,0,false,0,spmv_max_rel,"PASS, max_abs=0.0005, max_rel=11.2070"
fpga_dcop_13.mtx,bf16_lb,bf16_lb,controlled_lossy_value_specialized,ok,none,accuracy_pass_runtime_loss,0.0095,0.0087,1.484211,0.926316,,11784,14648,bf16,bf16,false,0,0,false,0,spmv_max_rel,"PASS, max_abs=0.0063, max_rel=24873983.4102"
fpga_dcop_13.mtx,bfp8_lb,bfp8_lb,controlled_lossy_value_specialized,ok,none,accuracy_pass_runtime_win,0.0086,0.0071,1.639535,1.023256,,9554,14648,bfp8,bfp8,false,0,0,false,0,spmv_max_rel,"PASS, max_abs=0.0070, max_rel=360488891601562455091707904.0000"
fpga_dcop_13.mtx,bfp8_outlier_lb,bfp8_outlier_lb,controlled_lossy_value_specialized,ok,none,accuracy_pass_runtime_loss,0.0116,0.0096,1.215517,0.758621,,9890,14648,bfp8_outlier,bfp8_outlier,false,0,0,false,0,spmv_max_rel,"PASS, max_abs=0.0034, max_rel=360488891601562455091707904.0000"
fpga_dcop_13.mtx,bfp4_lb,bfp4_lb,controlled_lossy_value_specialized,fail:1,accuracy_fail,accuracy_fail,0.0141,0.0131,1.000000,0.624113,,6608,14648,bfp4,bfp4,false,0,0,false,0,spmv_max_rel,"FAIL, max_abs=0.1363, max_rel=6408691406249999079462404096.0000"
fpga_dcop_13.mtx,hybrid_lb,hybrid_lb,structural_hybrid,ok,none,promoted_fallback,0.0078,0.0061,1.807692,1.128205,,47136,,original,raw_double,false,,,1,0,exact_abs_or_rel,"PASS, max_abs=0.0000, max_rel=13877787807814.4551"
fpga_dcop_13.mtx,cusparse_default,cusparse_csr,external_baseline,ok,none,external_baseline,0.0141,0.0123,1.000000,0.624113,,47136,28452,original,original,false,,,true,0,exact_abs_or_rel,"PASS, max_abs=0.0000, max_rel=13877787807814.4551"
fpga_dcop_21.mtx,original_lb,original_lb,load_balanced_traversal,ok,none,promoted_fallback,0.0086,0.0069,1.651163,1.000000,,47136,14648,original,original,false,0,0,true,0,exact_abs_or_rel,"PASS, max_abs=0.0000, max_rel=13877787807814.4551"
fpga_dcop_21.mtx,auto_lossless_lb,original_lb,load_balanced_traversal,ok,none,promoted_fallback,0.0085,0.0070,1.670588,1.011765,,47136,14648,auto_lossless,original,true,3102,47136,true,0,exact_abs_or_rel,"PASS, max_abs=0.0000, max_rel=13877787807814.4551"
fpga_dcop_21.mtx,fp16_lb,fp16_lb,controlled_lossy_value_specialized,ok,none,accuracy_pass_runtime_loss,0.0096,0.0077,1.479167,0.895833,,11784,14648,fp16,fp16,false,0,0,false,0,spmv_max_rel,"PASS, max_abs=0.0005, max_rel=11.2070"
fpga_dcop_21.mtx,bf16_lb,bf16_lb,controlled_lossy_value_specialized,ok,none,accuracy_pass_runtime_loss,0.0096,0.0090,1.479167,0.895833,,11784,14648,bf16,bf16,false,0,0,false,0,spmv_max_rel,"PASS, max_abs=0.0046, max_rel=194.3125"
fpga_dcop_21.mtx,bfp8_lb,bfp8_lb,controlled_lossy_value_specialized,ok,none,accuracy_pass_runtime_loss,0.0089,0.0084,1.595506,0.966292,,9554,14648,bfp8,bfp8,false,0,0,false,0,spmv_max_rel,"PASS, max_abs=0.0068, max_rel=358581542968749949148200960.0000"
fpga_dcop_21.mtx,bfp8_outlier_lb,bfp8_outlier_lb,controlled_lossy_value_specialized,ok,none,accuracy_pass_runtime_loss,0.0123,0.0107,1.154472,0.699187,,9810,14648,bfp8_outlier,bfp8_outlier,false,0,0,false,0,spmv_max_rel,"PASS, max_abs=0.0027, max_rel=358581542968749949148200960.0000"
fpga_dcop_21.mtx,bfp4_lb,bfp4_lb,controlled_lossy_value_specialized,fail:1,accuracy_fail,accuracy_fail,0.0144,0.0132,0.986111,0.597222,,6608,14648,bfp4,bfp4,false,0,0,false,0,spmv_max_rel,"FAIL, max_abs=0.1124, max_rel=6408691406249999079462404096.0000"
fpga_dcop_21.mtx,hybrid_lb,hybrid_lb,structural_hybrid,ok,none,promoted_fallback,0.0077,0.0065,1.844156,1.116883,,47136,,original,raw_double,false,,,1,0,exact_abs_or_rel,"PASS, max_abs=0.0000, max_rel=13877787807814.4551"
fpga_dcop_21.mtx,cusparse_default,cusparse_csr,external_baseline,ok,none,external_baseline,0.0142,0.0123,1.000000,0.605634,,47136,28452,original,original,false,,,true,0,exact_abs_or_rel,"PASS, max_abs=0.0000, max_rel=13877787807814.4551"
fpga_dcop_29.mtx,original_lb,original_lb,load_balanced_traversal,ok,none,promoted_fallback,0.0085,0.0075,1.717647,1.000000,,47136,14648,original,original,false,0,0,true,0,exact_abs_or_rel,"PASS, max_abs=0.0000, max_rel=13877787807814.4551"
fpga_dcop_29.mtx,auto_lossless_lb,original_lb,load_balanced_traversal,ok,none,promoted_fallback,0.0080,0.0069,1.825000,1.062500,,47136,14648,auto_lossless,original,true,2758,47136,true,0,exact_abs_or_rel,"PASS, max_abs=0.0000, max_rel=13877787807814.4551"
fpga_dcop_29.mtx,fp16_lb,fp16_lb,controlled_lossy_value_specialized,ok,none,accuracy_pass_runtime_loss,0.0098,0.0090,1.489796,0.867347,,11784,14648,fp16,fp16,false,0,0,false,0,spmv_max_rel,"PASS, max_abs=0.0005, max_rel=11.2070"
fpga_dcop_29.mtx,bf16_lb,bf16_lb,controlled_lossy_value_specialized,ok,none,accuracy_pass_runtime_loss,0.0095,0.0079,1.536842,0.894737,,11784,14648,bf16,bf16,false,0,0,false,0,spmv_max_rel,"PASS, max_abs=0.0046, max_rel=194.3125"
fpga_dcop_29.mtx,bfp8_lb,bfp8_lb,controlled_lossy_value_specialized,ok,none,accuracy_pass_runtime_loss,0.0087,0.0077,1.678161,0.977011,,9554,14648,bfp8,bfp8,false,0,0,false,0,spmv_max_rel,"PASS, max_abs=0.0068, max_rel=358581542968749949148200960.0000"
fpga_dcop_29.mtx,bfp8_outlier_lb,bfp8_outlier_lb,controlled_lossy_value_specialized,ok,none,accuracy_pass_runtime_loss,0.0116,0.0103,1.258621,0.732759,,9810,14648,bfp8_outlier,bfp8_outlier,false,0,0,false,0,spmv_max_rel,"PASS, max_abs=0.0027, max_rel=358581542968749949148200960.0000"
fpga_dcop_29.mtx,bfp4_lb,bfp4_lb,controlled_lossy_value_specialized,fail:1,accuracy_fail,accuracy_fail,0.0139,0.0128,1.050360,0.611511,,6608,14648,bfp4,bfp4,false,0,0,false,0,spmv_max_rel,"FAIL, max_abs=0.1124, max_rel=6408691406249999079462404096.0000"
fpga_dcop_29.mtx,hybrid_lb,hybrid_lb,structural_hybrid,ok,none,promoted_fallback,0.0076,0.0057,1.921053,1.118421,,47136,,original,raw_double,false,,,1,0,exact_abs_or_rel,"PASS, max_abs=0.0000, max_rel=13877787807814.4551"
fpga_dcop_29.mtx,cusparse_default,cusparse_csr,external_baseline,ok,none,external_baseline,0.0146,0.0123,1.000000,0.582192,,47136,28452,original,original,false,,,true,0,exact_abs_or_rel,"PASS, max_abs=0.0000, max_rel=13877787807814.4551"
fpga_dcop_37.mtx,original_lb,original_lb,load_balanced_traversal,ok,none,promoted_fallback,0.0088,0.0069,1.806818,1.000000,,47136,14648,original,original,false,0,0,true,0,exact_abs_or_rel,"PASS, max_abs=0.0000, max_rel=13877787807814.4551"
fpga_dcop_37.mtx,auto_lossless_lb,original_lb,load_balanced_traversal,ok,none,promoted_fallback,0.0086,0.0071,1.848837,1.023256,,47136,14648,auto_lossless,original,true,1891,47136,true,0,exact_abs_or_rel,"PASS, max_abs=0.0000, max_rel=13877787807814.4551"
fpga_dcop_37.mtx,fp16_lb,fp16_lb,controlled_lossy_value_specialized,ok,none,accuracy_pass_runtime_loss,0.0093,0.0081,1.709677,0.946237,,11784,14648,fp16,fp16,false,0,0,false,0,spmv_max_rel,"PASS, max_abs=0.0005, max_rel=11.2070"
fpga_dcop_37.mtx,bf16_lb,bf16_lb,controlled_lossy_value_specialized,ok,none,accuracy_pass_runtime_loss,0.0108,0.0092,1.472222,0.814815,,11784,14648,bf16,bf16,false,0,0,false,0,spmv_max_rel,"PASS, max_abs=0.0046, max_rel=194.3125"
fpga_dcop_37.mtx,bfp8_lb,bfp8_lb,controlled_lossy_value_specialized,ok,none,accuracy_pass_runtime_loss,0.0089,0.0076,1.786517,0.988764,,9554,14648,bfp8,bfp8,false,0,0,false,0,spmv_max_rel,"PASS, max_abs=0.0068, max_rel=358581542968749949148200960.0000"
fpga_dcop_37.mtx,bfp8_outlier_lb,bfp8_outlier_lb,controlled_lossy_value_specialized,ok,none,accuracy_pass_runtime_loss,0.0110,0.0103,1.445455,0.800000,,9810,14648,bfp8_outlier,bfp8_outlier,false,0,0,false,0,spmv_max_rel,"PASS, max_abs=0.0027, max_rel=358581542968749949148200960.0000"
fpga_dcop_37.mtx,bfp4_lb,bfp4_lb,controlled_lossy_value_specialized,fail:1,accuracy_fail,accuracy_fail,0.0171,0.0156,0.929825,0.514620,,6608,14648,bfp4,bfp4,false,0,0,false,0,spmv_max_rel,"FAIL, max_abs=0.1124, max_rel=6408691406249999079462404096.0000"
fpga_dcop_37.mtx,hybrid_lb,hybrid_lb,structural_hybrid,ok,none,promoted_fallback,0.0083,0.0071,1.915663,1.060241,,47136,,original,raw_double,false,,,1,0,exact_abs_or_rel,"PASS, max_abs=0.0000, max_rel=13877787807814.4551"
fpga_dcop_37.mtx,cusparse_default,cusparse_csr,external_baseline,ok,none,external_baseline,0.0159,0.0138,1.000000,0.553459,,47136,28452,original,original,false,,,true,0,exact_abs_or_rel,"PASS, max_abs=0.0000, max_rel=13877787807814.4551"
fpga_dcop_45.mtx,original_lb,original_lb,load_balanced_traversal,ok,none,promoted_fallback,0.0086,0.0070,1.627907,1.000000,,47136,14648,original,original,false,0,0,true,0,exact_abs_or_rel,"PASS, max_abs=0.0000, max_rel=13877787807814.4551"
fpga_dcop_45.mtx,auto_lossless_lb,original_lb,load_balanced_traversal,ok,none,promoted_fallback,0.0085,0.0066,1.647059,1.011765,,47136,14648,auto_lossless,original,true,1147,47136,true,0,exact_abs_or_rel,"PASS, max_abs=0.0000, max_rel=13877787807814.4551"
fpga_dcop_45.mtx,fp16_lb,fp16_lb,controlled_lossy_value_specialized,ok,none,accuracy_pass_runtime_loss,0.0104,0.0091,1.346154,0.826923,,11784,14648,fp16,fp16,false,0,0,false,0,spmv_max_rel,"PASS, max_abs=0.0005, max_rel=11.2070"
fpga_dcop_45.mtx,bf16_lb,bf16_lb,controlled_lossy_value_specialized,ok,none,accuracy_pass_runtime_loss,0.0095,0.0081,1.473684,0.905263,,11784,14648,bf16,bf16,false,0,0,false,0,spmv_max_rel,"PASS, max_abs=0.0046, max_rel=194.3125"
fpga_dcop_45.mtx,bfp8_lb,bfp8_lb,controlled_lossy_value_specialized,ok,none,accuracy_pass_runtime_loss,0.0090,0.0081,1.555556,0.955556,,9554,14648,bfp8,bfp8,false,0,0,false,0,spmv_max_rel,"PASS, max_abs=0.0068, max_rel=358581542968749949148200960.0000"
fpga_dcop_45.mtx,bfp8_outlier_lb,bfp8_outlier_lb,controlled_lossy_value_specialized,ok,none,accuracy_pass_runtime_loss,0.0134,0.0116,1.044776,0.641791,,9810,14648,bfp8_outlier,bfp8_outlier,false,0,0,false,0,spmv_max_rel,"PASS, max_abs=0.0027, max_rel=358581542968749949148200960.0000"
fpga_dcop_45.mtx,bfp4_lb,bfp4_lb,controlled_lossy_value_specialized,fail:1,accuracy_fail,accuracy_fail,0.0140,0.0127,1.000000,0.614286,,6608,14648,bfp4,bfp4,false,0,0,false,0,spmv_max_rel,"FAIL, max_abs=0.1124, max_rel=6408691406249999079462404096.0000"
fpga_dcop_45.mtx,hybrid_lb,hybrid_lb,structural_hybrid,ok,none,promoted_fallback,0.0077,0.0057,1.818182,1.116883,,47136,,original,raw_double,false,,,1,0,exact_abs_or_rel,"PASS, max_abs=0.0000, max_rel=13877787807814.4551"
fpga_dcop_45.mtx,cusparse_default,cusparse_csr,external_baseline,ok,none,external_baseline,0.0140,0.0123,1.000000,0.614286,,47136,28452,original,original,false,,,true,0,exact_abs_or_rel,"PASS, max_abs=0.0000, max_rel=13877787807814.4551"
fpga_trans_02.mtx,original_lb,original_lb,load_balanced_traversal,ok,none,promoted_fallback,0.0087,0.0074,1.655172,1.000000,,59056,18592,original,original,false,0,0,true,0,exact_abs_or_rel,"PASS, max_abs=0.0000, max_rel=13877787807814.4551"
fpga_trans_02.mtx,auto_lossless_lb,original_lb,load_balanced_traversal,ok,none,promoted_fallback,0.0086,0.0075,1.674419,1.011628,,59056,18592,auto_lossless,original,true,5048,59056,true,0,exact_abs_or_rel,"PASS, max_abs=0.0000, max_rel=13877787807814.4551"
fpga_trans_02.mtx,fp16_lb,fp16_lb,controlled_lossy_value_specialized,ok,none,accuracy_pass_runtime_loss,0.0100,0.0089,1.440000,0.870000,,14764,18592,fp16,fp16,false,0,0,false,0,spmv_max_rel,"PASS, max_abs=0.0010, max_rel=65283502900.2000"
fpga_trans_02.mtx,bf16_lb,bf16_lb,controlled_lossy_value_specialized,ok,none,accuracy_pass_runtime_loss,0.0096,0.0079,1.500000,0.906250,,14764,18592,bf16,bf16,false,0,0,false,0,spmv_max_rel,"PASS, max_abs=0.0070, max_rel=384829069720.6000"
fpga_trans_02.mtx,bfp8_lb,bfp8_lb,controlled_lossy_value_specialized,ok,none,accuracy_pass_runtime_loss,0.0088,0.0081,1.636364,0.988636,,12030,18592,bfp8,bfp8,false,0,0,false,0,spmv_max_rel,"PASS, max_abs=0.0066, max_rel=671386718749999893091188736.0000"
fpga_trans_02.mtx,bfp8_outlier_lb,bfp8_outlier_lb,controlled_lossy_value_specialized,ok,none,accuracy_pass_runtime_loss,0.0112,0.0097,1.285714,0.776786,,12286,18592,bfp8_outlier,bfp8_outlier,false,0,0,false,0,spmv_max_rel,"PASS, max_abs=0.0030, max_rel=671386718749999893091188736.0000"
fpga_trans_02.mtx,bfp4_lb,bfp4_lb,controlled_lossy_value_specialized,fail:1,accuracy_fail,accuracy_fail,0.0153,0.0142,0.941176,0.568627,,8339,18592,bfp4,bfp4,false,0,0,false,0,spmv_max_rel,"FAIL, max_abs=0.1117, max_rel=7141113281249999162745815040.0000"
fpga_trans_02.mtx,hybrid_lb,hybrid_lb,structural_hybrid,ok,none,promoted_fallback,0.0074,0.0057,1.945946,1.175676,,59056,,original,raw_double,false,,,1,0,exact_abs_or_rel,"PASS, max_abs=0.0000, max_rel=13877787807814.4551"
fpga_trans_02.mtx,cusparse_default,cusparse_csr,external_baseline,ok,none,external_baseline,0.0144,0.0123,1.000000,0.604167,,59056,34412,original,original,false,,,true,0,exact_abs_or_rel,"PASS, max_abs=0.0000, max_rel=13877787807814.4551"
freeFlyingRobot_14.mtx,original_lb,original_lb,load_balanced_traversal,ok,none,promoted_fallback,0.0091,0.0069,1.604396,1.000000,,346384,68728,original,original,false,0,0,true,0,exact_abs_or_rel,"PASS, max_abs=0.0000, max_rel=0.0000"
freeFlyingRobot_14.mtx,auto_lossless_lb,original_lb,load_balanced_traversal,ok,none,promoted_fallback,0.0082,0.0068,1.780488,1.109756,,346384,68728,auto_lossless,original,true,6581,346384,true,0,exact_abs_or_rel,"PASS, max_abs=0.0000, max_rel=0.0000"
freeFlyingRobot_14.mtx,fp16_lb,fp16_lb,controlled_lossy_value_specialized,fail:1,accuracy_fail,accuracy_fail,0.0080,0.0060,1.825000,1.137500,,86596,68728,fp16,fp16,false,0,0,false,0,spmv_max_rel,"FAIL, max_abs=inf, max_rel=inf"
freeFlyingRobot_14.mtx,bf16_lb,bf16_lb,controlled_lossy_value_specialized,ok,none,accuracy_pass_runtime_win,0.0082,0.0060,1.780488,1.109756,,86596,68728,bf16,bf16,false,0,0,false,0,spmv_max_rel,"PASS, max_abs=939625.7856, max_rel=0.3868"
freeFlyingRobot_14.mtx,bfp8_lb,bfp8_lb,controlled_lossy_value_specialized,ok,none,accuracy_pass_runtime_loss,0.0099,0.0085,1.474747,0.919192,,60480,68728,bfp8,bfp8,false,0,0,false,0,spmv_max_rel,"PASS, max_abs=857769.7856, max_rel=3.6955"
freeFlyingRobot_14.mtx,bfp8_outlier_lb,bfp8_outlier_lb,controlled_lossy_value_specialized,ok,none,accuracy_pass_runtime_loss,0.0114,0.0099,1.280702,0.798246,,63936,68728,bfp8_outlier,bfp8_outlier,false,0,0,false,0,spmv_max_rel,"PASS, max_abs=295.3183, max_rel=3.6955"
freeFlyingRobot_14.mtx,bfp4_lb,bfp4_lb,controlled_lossy_value_specialized,fail:1,accuracy_fail,accuracy_fail,0.0125,0.0114,1.168000,0.728000,,38831,68728,bfp4,bfp4,false,0,0,false,0,spmv_max_rel,"FAIL, max_abs=6991248.2478, max_rel=26.8182"
freeFlyingRobot_14.mtx,hybrid_lb,hybrid_lb,structural_hybrid,ok,none,promoted_fallback,0.0079,0.0064,1.848101,1.151899,,346384,,original,raw_double,false,,,1,0,exact_abs_or_rel,"PASS, max_abs=0.0000, max_rel=0.0000"
freeFlyingRobot_14.mtx,cusparse_default,cusparse_csr,external_baseline,ok,none,external_baseline,0.0146,0.0123,1.000000,0.623288,,346384,197028,original,original,false,,,true,0,exact_abs_or_rel,"PASS, max_abs=0.0000, max_rel=0.0000"
freeFlyingRobot_7.mtx,original_lb,original_lb,load_balanced_traversal,ok,none,promoted_fallback,0.0084,0.0069,1.726190,1.000000,,248368,48712,original,original,false,0,0,true,0,exact_abs_or_rel,"PASS, max_abs=0.0000, max_rel=0.0000"
freeFlyingRobot_7.mtx,auto_lossless_lb,original_lb,load_balanced_traversal,ok,none,promoted_fallback,0.0088,0.0067,1.647727,0.954545,,248368,48712,auto_lossless,original,true,4527,248368,true,0,exact_abs_or_rel,"PASS, max_abs=0.0000, max_rel=0.0000"
freeFlyingRobot_7.mtx,fp16_lb,fp16_lb,controlled_lossy_value_specialized,fail:1,accuracy_fail,accuracy_fail,0.0094,0.0073,1.542553,0.893617,,62092,48712,fp16,fp16,false,0,0,false,0,spmv_max_rel,"FAIL, max_abs=inf, max_rel=inf"
freeFlyingRobot_7.mtx,bf16_lb,bf16_lb,controlled_lossy_value_specialized,ok,none,accuracy_pass_runtime_loss,0.0093,0.0076,1.559140,0.903226,,62092,48712,bf16,bf16,false,0,0,false,0,spmv_max_rel,"PASS, max_abs=47576.9917, max_rel=0.3998"
freeFlyingRobot_7.mtx,bfp8_lb,bfp8_lb,controlled_lossy_value_specialized,ok,none,accuracy_pass_runtime_loss,0.0089,0.0076,1.629213,0.943820,,43224,48712,bfp8,bfp8,false,0,0,false,0,spmv_max_rel,"PASS, max_abs=92222.0906, max_rel=6.7459"
freeFlyingRobot_7.mtx,bfp8_outlier_lb,bfp8_outlier_lb,controlled_lossy_value_specialized,ok,none,accuracy_pass_runtime_loss,0.0116,0.0100,1.250000,0.724138,,45704,48712,bfp8_outlier,bfp8_outlier,false,0,0,false,0,spmv_max_rel,"PASS, max_abs=1225.0830, max_rel=6.7459"
freeFlyingRobot_7.mtx,bfp4_lb,bfp4_lb,controlled_lossy_value_specialized,fail:1,accuracy_fail,accuracy_fail,0.0150,0.0139,0.966667,0.560000,,27701,48712,bfp4,bfp4,false,0,0,false,0,spmv_max_rel,"FAIL, max_abs=1063672.2307, max_rel=114.0786"
freeFlyingRobot_7.mtx,hybrid_lb,hybrid_lb,structural_hybrid,ok,none,promoted_fallback,0.0096,0.0081,1.510417,0.875000,,248368,,original,raw_double,false,,,1,0,exact_abs_or_rel,"PASS, max_abs=0.0000, max_rel=0.0000"
freeFlyingRobot_7.mtx,cusparse_default,cusparse_csr,external_baseline,ok,none,external_baseline,0.0145,0.0123,1.000000,0.579310,,248368,139860,original,original,false,,,true,0,exact_abs_or_rel,"PASS, max_abs=0.0000, max_rel=0.0000"
fs_541_2.mtx,original_lb,original_lb,load_balanced_traversal,ok,none,promoted_fallback,0.0088,0.0068,1.625000,1.000000,,34256,7696,original,original,false,0,0,true,0,exact_abs_or_rel,"PASS, max_abs=0.0000, max_rel=0.0000"
fs_541_2.mtx,auto_lossless_lb,original_lb,load_balanced_traversal,ok,none,promoted_fallback,0.0094,0.0085,1.521277,0.936170,,34256,7696,auto_lossless,original,true,3949,34256,true,0,exact_abs_or_rel,"PASS, max_abs=0.0000, max_rel=0.0000"
fs_541_2.mtx,fp16_lb,fp16_lb,controlled_lossy_value_specialized,fail:1,accuracy_fail,accuracy_fail,0.0077,0.0066,1.857143,1.142857,,8564,7696,fp16,fp16,false,0,0,false,0,spmv_max_rel,"FAIL, max_abs=inf, max_rel=inf"
fs_541_2.mtx,bf16_lb,bf16_lb,controlled_lossy_value_specialized,ok,none,accuracy_pass_runtime_win,0.0085,0.0066,1.682353,1.035294,,8564,7696,bf16,bf16,false,0,0,false,0,spmv_max_rel,"PASS, max_abs=633.0088, max_rel=0.1112"
fs_541_2.mtx,bfp8_lb,bfp8_lb,controlled_lossy_value_specialized,ok,none,accuracy_pass_runtime_win,0.0087,0.0070,1.643678,1.011494,,6206,7696,bfp8,bfp8,false,0,0,false,0,spmv_max_rel,"PASS, max_abs=1875.1992, max_rel=5.0674"
fs_541_2.mtx,bfp8_outlier_lb,bfp8_outlier_lb,controlled_lossy_value_specialized,ok,none,accuracy_pass_runtime_loss,0.0112,0.0094,1.276786,0.785714,,6542,7696,bfp8_outlier,bfp8_outlier,false,0,0,false,0,spmv_max_rel,"PASS, max_abs=208.5106, max_rel=4.4234"
fs_541_2.mtx,bfp4_lb,bfp4_lb,controlled_lossy_value_specialized,fail:1,accuracy_fail,accuracy_fail,0.0121,0.0105,1.181818,0.727273,,4065,7696,bfp4,bfp4,false,0,0,false,0,spmv_max_rel,"FAIL, max_abs=32553.7704, max_rel=13.9374"
fs_541_2.mtx,hybrid_lb,hybrid_lb,structural_hybrid,ok,none,promoted_fallback,0.0072,0.0052,1.986111,1.222222,,34256,,original,raw_double,false,,,1,0,exact_abs_or_rel,"PASS, max_abs=0.0000, max_rel=0.0000"
fs_541_2.mtx,cusparse_default,cusparse_csr,external_baseline,ok,none,external_baseline,0.0143,0.0123,1.000000,0.615385,,34256,19296,original,original,false,,,true,0,exact_abs_or_rel,"PASS, max_abs=0.0000, max_rel=0.0000"
gre_1107.mtx,original_lb,original_lb,load_balanced_traversal,ok,none,promoted_fallback,0.0070,0.0060,1.957143,1.000000,,45312,13976,original,original,false,0,0,true,0,exact_abs_or_rel,"PASS, max_abs=0.0000, max_rel=6938893903907.2275"
gre_1107.mtx,auto_lossless_lb,dict16_lb,lossless_value_specialized,ok,none,accuracy_pass_runtime_loss,0.0075,0.0065,1.826667,0.933333,,28040,13976,auto_lossless,dict16,true,11,28040,true,11,exact_abs_or_rel,"PASS, max_abs=0.0000, max_rel=6938893903907.2275"
gre_1107.mtx,fp16_lb,fp16_lb,controlled_lossy_value_specialized,ok,none,accuracy_pass_runtime_loss,0.0081,0.0070,1.691358,0.864198,,11328,13976,fp16,fp16,false,0,0,false,0,spmv_max_rel,"PASS, max_abs=0.0003, max_rel=25.4141"
gre_1107.mtx,bf16_lb,bf16_lb,controlled_lossy_value_specialized,ok,none,accuracy_pass_runtime_loss,0.0076,0.0071,1.802632,0.921053,,11328,13976,bf16,bf16,false,0,0,false,0,spmv_max_rel,"PASS, max_abs=0.0022, max_rel=391.6250"
gre_1107.mtx,bfp8_lb,bfp8_lb,controlled_lossy_value_specialized,ok,none,accuracy_pass_runtime_loss,0.0071,0.0056,1.929577,0.985915,,9158,13976,bfp8,bfp8,false,0,0,false,0,spmv_max_rel,"PASS, max_abs=0.0057, max_rel=2603530883789062297830293504.0000"
gre_1107.mtx,bfp8_outlier_lb,bfp8_outlier_lb,controlled_lossy_value_specialized,ok,none,accuracy_pass_runtime_loss,0.0099,0.0087,1.383838,0.707071,,9222,13976,bfp8_outlier,bfp8_outlier,false,0,0,false,0,spmv_max_rel,"PASS, max_abs=0.0039, max_rel=2603530883789062297830293504.0000"
gre_1107.mtx,bfp4_lb,bfp4_lb,controlled_lossy_value_specialized,fail:1,accuracy_fail,accuracy_fail,0.0096,0.0086,1.427083,0.729167,,6326,13976,bfp4,bfp4,false,0,0,false,0,spmv_max_rel,"FAIL, max_abs=0.1132, max_rel=854492187499999913912041472.0000"
gre_1107.mtx,hybrid_lb,hybrid_lb,structural_hybrid,ok,none,promoted_fallback,0.0064,0.0049,2.140625,1.093750,,45312,,original,raw_double,false,,,1,0,exact_abs_or_rel,"PASS, max_abs=0.0000, max_rel=0.0000"
gre_1107.mtx,cusparse_default,cusparse_csr,external_baseline,ok,none,external_baseline,0.0137,0.0123,1.000000,0.510949,,45312,27088,original,original,false,,,true,0,exact_abs_or_rel,"PASS, max_abs=0.0000, max_rel=0.0000"
hangGlider_2.mtx,original_lb,original_lb,load_balanced_traversal,ok,none,promoted_fallback,0.0104,0.0095,1.288462,1.000000,,118032,26280,original,original,false,0,0,true,0,exact_abs_or_rel,"PASS, max_abs=0.0000, max_rel=0.0000"
hangGlider_2.mtx,auto_lossless_lb,original_lb,load_balanced_traversal,ok,none,promoted_fallback,0.0078,0.0070,1.717949,1.333333,,118032,26280,auto_lossless,original,true,4948,118032,true,0,exact_abs_or_rel,"PASS, max_abs=0.0000, max_rel=0.0000"
hangGlider_2.mtx,fp16_lb,fp16_lb,controlled_lossy_value_specialized,ok,none,accuracy_pass_runtime_win,0.0083,0.0070,1.614458,1.253012,,29508,26280,fp16,fp16,false,0,0,false,0,spmv_max_rel,"PASS, max_abs=0.9279, max_rel=0.6077"
hangGlider_2.mtx,bf16_lb,bf16_lb,controlled_lossy_value_specialized,ok,none,accuracy_pass_runtime_win,0.0088,0.0070,1.522727,1.181818,,29508,26280,bf16,bf16,false,0,0,false,0,spmv_max_rel,"PASS, max_abs=9.8809, max_rel=4.0096"
hangGlider_2.mtx,bfp8_lb,bfp8_lb,controlled_lossy_value_specialized,ok,none,accuracy_pass_runtime_loss,0.0138,0.0120,0.971014,0.753623,,21324,26280,bfp8,bfp8,false,0,0,false,0,spmv_max_rel,"PASS, max_abs=16.8183, max_rel=14.8849"
hangGlider_2.mtx,bfp8_outlier_lb,bfp8_outlier_lb,controlled_lossy_value_specialized,ok,none,accuracy_pass_runtime_loss,0.0137,0.0122,0.978102,0.759124,,22476,26280,bfp8_outlier,bfp8_outlier,false,0,0,false,0,spmv_max_rel,"PASS, max_abs=0.3589, max_rel=14.8849"
hangGlider_2.mtx,bfp4_lb,bfp4_lb,controlled_lossy_value_specialized,fail:1,accuracy_fail,accuracy_fail,0.0132,0.0127,1.015152,0.787879,,13947,26280,bfp4,bfp4,false,0,0,false,0,spmv_max_rel,"FAIL, max_abs=206.1320, max_rel=118.0093"
hangGlider_2.mtx,hybrid_lb,hybrid_lb,structural_hybrid,ok,none,promoted_fallback,0.0081,0.0059,1.654321,1.283951,,118032,,original,raw_double,false,,,1,0,exact_abs_or_rel,"PASS, max_abs=0.0000, max_rel=0.0000"
hangGlider_2.mtx,cusparse_default,cusparse_csr,external_baseline,ok,none,external_baseline,0.0134,0.0122,1.000000,0.776119,,118032,65608,original,original,false,,,true,0,exact_abs_or_rel,"PASS, max_abs=0.0000, max_rel=0.0000"
hydr1c_A_48.mtx,original_lb,original_lb,load_balanced_traversal,ok,none,promoted_fallback,0.0076,0.0058,2.013158,1.000000,,188136,56424,original,original,false,0,0,true,0,exact_abs_or_rel,"PASS, max_abs=0.0000, max_rel=867361737988.4034"
hydr1c_A_48.mtx,auto_lossless_lb,original_lb,load_balanced_traversal,ok,none,promoted_fallback,0.0072,0.0064,2.125000,1.055556,,188136,56424,auto_lossless,original,true,12484,188136,true,0,exact_abs_or_rel,"PASS, max_abs=0.0000, max_rel=867361737988.4034"
hydr1c_A_48.mtx,fp16_lb,fp16_lb,controlled_lossy_value_specialized,ok,none,accuracy_pass_runtime_loss,0.0080,0.0067,1.912500,0.950000,,47034,56424,fp16,fp16,false,0,0,false,0,spmv_max_rel,"PASS, max_abs=13.8851, max_rel=1.0000"
hydr1c_A_48.mtx,bf16_lb,bf16_lb,controlled_lossy_value_specialized,ok,none,accuracy_pass_runtime_win,0.0070,0.0063,2.185714,1.085714,,47034,56424,bf16,bf16,false,0,0,false,0,spmv_max_rel,"PASS, max_abs=114.1138, max_rel=3.6553"
hydr1c_A_48.mtx,bfp8_lb,bfp8_lb,controlled_lossy_value_specialized,ok,none,accuracy_pass_runtime_loss,0.0085,0.0073,1.800000,0.894118,,37623,56424,bfp8,bfp8,false,0,0,false,0,spmv_max_rel,"PASS, max_abs=86.5503, max_rel=16592979431152342301023404032.0000"
hydr1c_A_48.mtx,bfp8_outlier_lb,bfp8_outlier_lb,controlled_lossy_value_specialized,ok,none,accuracy_pass_runtime_loss,0.0097,0.0078,1.577320,0.783505,,39495,56424,bfp8_outlier,bfp8_outlier,false,0,0,false,0,spmv_max_rel,"PASS, max_abs=60.4547, max_rel=16592979431152342301023404032.0000"
hydr1c_A_48.mtx,bfp4_lb,bfp4_lb,controlled_lossy_value_specialized,fail:1,accuracy_fail,accuracy_fail,0.0090,0.0072,1.700000,0.844444,,25865,56424,bfp4,bfp4,false,0,0,false,0,spmv_max_rel,"FAIL, max_abs=2448.2478, max_rel=16555786132812498263326326784.0000"
hydr1c_A_48.mtx,hybrid_lb,hybrid_lb,structural_hybrid,ok,none,promoted_fallback,0.0066,0.0051,2.318182,1.151515,,188136,,original,raw_double,false,,,1,0,exact_abs_or_rel,"PASS, max_abs=0.0000, max_rel=2.5000"
hydr1c_A_48.mtx,cusparse_default,cusparse_csr,external_baseline,ok,none,external_baseline,0.0153,0.0137,1.000000,0.496732,,188136,115304,original,original,false,,,true,0,exact_abs_or_rel,"PASS, max_abs=0.0000, max_rel=3.0000"
jagmesh6.mtx,original_lb,original_lb,load_balanced_traversal,ok,none,promoted_fallback,0.0082,0.0071,1.878049,1.000000,,71944,14368,original,original,false,0,0,true,0,exact_abs_or_rel,"PASS, max_abs=0.0000, max_rel=0.0000"
jagmesh6.mtx,auto_lossless_lb,all_one_lb,lossless_value_specialized,ok,none,accuracy_pass_runtime_win,0.0073,0.0066,2.109589,1.123288,,0,14368,auto_lossless,all_one,true,1,0,true,0,exact_abs_or_rel,"PASS, max_abs=0.0000, max_rel=0.0000"
jagmesh6.mtx,fp16_lb,fp16_lb,controlled_lossy_value_specialized,ok,none,accuracy_pass_runtime_win,0.0076,0.0063,2.026316,1.078947,,17986,14368,fp16,fp16,false,0,0,false,0,spmv_max_rel,"PASS, max_abs=0.0000, max_rel=0.0000"
jagmesh6.mtx,bf16_lb,bf16_lb,controlled_lossy_value_specialized,ok,none,accuracy_pass_runtime_win,0.0074,0.0065,2.081081,1.108108,,17986,14368,bf16,bf16,false,0,0,false,0,spmv_max_rel,"PASS, max_abs=0.0000, max_rel=0.0000"
jagmesh6.mtx,bfp8_lb,bfp8_lb,controlled_lossy_value_specialized,ok,none,accuracy_pass_runtime_loss,0.0106,0.0098,1.452830,0.773585,,12585,14368,bfp8,bfp8,false,0,0,false,0,spmv_max_rel,"PASS, max_abs=0.0003, max_rel=0.0001"
jagmesh6.mtx,bfp8_outlier_lb,bfp8_outlier_lb,controlled_lossy_value_specialized,ok,none,accuracy_pass_runtime_loss,0.0102,0.0086,1.509804,0.803922,,12585,14368,bfp8_outlier,bfp8_outlier,false,0,0,false,0,spmv_max_rel,"PASS, max_abs=0.0003, max_rel=0.0001"
jagmesh6.mtx,bfp4_lb,bfp4_lb,controlled_lossy_value_specialized,ok,none,accuracy_pass_runtime_loss,0.0093,0.0083,1.655914,0.881720,,8089,14368,bfp4,bfp4,false,0,0,false,0,spmv_max_rel,"PASS, max_abs=0.0105, max_rel=0.0020"
jagmesh6.mtx,hybrid_lb,hybrid_lb,structural_hybrid,ok,none,promoted_fallback,0.0060,0.0047,2.566667,1.366667,,71944,,original,raw_double,false,,,1,0,exact_abs_or_rel,"PASS, max_abs=0.0000, max_rel=0.0000"
jagmesh6.mtx,cusparse_default,cusparse_csr,external_baseline,ok,none,external_baseline,0.0154,0.0123,1.000000,0.532468,,71944,41484,original,original,false,,,true,0,exact_abs_or_rel,"PASS, max_abs=0.0000, max_rel=0.0000"
jazz.mtx,original_lb,original_lb,load_balanced_traversal,ok,none,promoted_fallback,0.0097,0.0072,1.329897,1.000000,,43872,9264,original,original,false,0,0,true,0,exact_abs_or_rel,"PASS, max_abs=0.0000, max_rel=0.0000"
jazz.mtx,auto_lossless_lb,const_c_lb,lossless_value_specialized,ok,none,accuracy_pass_runtime_loss,0.0097,0.0082,1.329897,1.000000,,8,9264,auto_lossless,const_c,true,1,8,true,1,exact_abs_or_rel,"PASS, max_abs=0.0000, max_rel=0.0000"
jazz.mtx,fp16_lb,fp16_lb,controlled_lossy_value_specialized,ok,none,accuracy_pass_runtime_loss,0.0098,0.0086,1.316327,0.989796,,10968,9264,fp16,fp16,false,0,0,false,0,spmv_max_rel,"PASS, max_abs=0.0000, max_rel=0.0000"
jazz.mtx,bf16_lb,bf16_lb,controlled_lossy_value_specialized,ok,none,accuracy_pass_runtime_win,0.0095,0.0082,1.357895,1.021053,,10968,9264,bf16,bf16,false,0,0,false,0,spmv_max_rel,"PASS, max_abs=0.0000, max_rel=0.0000"
jazz.mtx,bfp8_lb,bfp8_lb,controlled_lossy_value_specialized,ok,none,accuracy_pass_runtime_loss,0.0098,0.0095,1.316327,0.989796,,7800,9264,bfp8,bfp8,false,0,0,false,0,spmv_max_rel,"PASS, max_abs=0.0008, max_rel=0.0001"
jazz.mtx,bfp8_outlier_lb,bfp8_outlier_lb,controlled_lossy_value_specialized,ok,none,accuracy_pass_runtime_loss,0.0098,0.0089,1.316327,0.989796,,7800,9264,bfp8_outlier,bfp8_outlier,false,0,0,false,0,spmv_max_rel,"PASS, max_abs=0.0008, max_rel=0.0001"
jazz.mtx,bfp4_lb,bfp4_lb,controlled_lossy_value_specialized,ok,none,accuracy_pass_runtime_loss,0.0131,0.0124,0.984733,0.740458,,5058,9264,bfp4,bfp4,false,0,0,false,0,spmv_max_rel,"PASS, max_abs=0.0264, max_rel=0.0020"
jazz.mtx,hybrid_lb,hybrid_lb,structural_hybrid,ok,none,promoted_fallback,0.0092,0.0076,1.402174,1.054348,,43872,,original,raw_double,false,,,1,0,exact_abs_or_rel,"PASS, max_abs=0.0000, max_rel=0.0000"
jazz.mtx,cusparse_default,cusparse_csr,external_baseline,ok,none,external_baseline,0.0129,0.0102,1.000000,0.751938,,43872,22732,original,original,false,,,true,0,exact_abs_or_rel,"PASS, max_abs=0.0000, max_rel=0.0000"
kineticBatchReactor_7.mtx,original_lb,original_lb,load_balanced_traversal,ok,none,promoted_fallback,0.0088,0.0076,1.579545,1.000000,,676064,167264,original,original,false,0,0,true,0,exact_abs_or_rel,"PASS, max_abs=0.0000, max_rel=0.0000"
kineticBatchReactor_7.mtx,auto_lossless_lb,original_lb,load_balanced_traversal,ok,none,promoted_fallback,0.0095,0.0089,1.463158,0.926316,,676064,167264,auto_lossless,original,true,33744,676064,true,0,exact_abs_or_rel,"PASS, max_abs=0.0000, max_rel=0.0000"
kineticBatchReactor_7.mtx,fp16_lb,fp16_lb,controlled_lossy_value_specialized,fail:1,accuracy_fail,accuracy_fail,0.0087,0.0079,1.597701,1.011494,,169016,167264,fp16,fp16,false,0,0,false,0,spmv_max_rel,"FAIL, max_abs=inf, max_rel=inf"
kineticBatchReactor_7.mtx,bf16_lb,bf16_lb,controlled_lossy_value_specialized,ok,none,accuracy_pass_runtime_win,0.0087,0.0078,1.597701,1.011494,,169016,167264,bf16,bf16,false,0,0,false,0,spmv_max_rel,"PASS, max_abs=982956.9202, max_rel=4.5988"
kineticBatchReactor_7.mtx,bfp8_lb,bfp8_lb,controlled_lossy_value_specialized,ok,none,accuracy_pass_runtime_loss,0.0100,0.0089,1.390000,0.880000,,126324,167264,bfp8,bfp8,false,0,0,false,0,spmv_max_rel,"PASS, max_abs=655248.6254, max_rel=16.4734"
kineticBatchReactor_7.mtx,bfp8_outlier_lb,bfp8_outlier_lb,controlled_lossy_value_specialized,ok,none,accuracy_pass_runtime_loss,0.0121,0.0107,1.148760,0.727273,,133076,167264,bfp8_outlier,bfp8_outlier,false,0,0,false,0,spmv_max_rel,"PASS, max_abs=22.8502, max_rel=16.4734"
kineticBatchReactor_7.mtx,bfp4_lb,bfp4_lb,controlled_lossy_value_specialized,fail:1,accuracy_fail,accuracy_fail,0.0131,0.0128,1.061069,0.671756,,84070,167264,bfp4,bfp4,false,0,0,false,0,spmv_max_rel,"FAIL, max_abs=23569046.4127, max_rel=309.5886"
kineticBatchReactor_7.mtx,hybrid_lb,hybrid_lb,structural_hybrid,ok,none,promoted_fallback,0.0098,0.0090,1.418367,0.897959,,676064,,original,raw_double,false,,,1,0,exact_abs_or_rel,"PASS, max_abs=0.0000, max_rel=0.0000"
kineticBatchReactor_7.mtx,cusparse_default,cusparse_csr,external_baseline,ok,none,external_baseline,0.0139,0.0123,1.000000,0.633094,,676064,369908,original,original,false,,,true,0,exact_abs_or_rel,"PASS, max_abs=0.0000, max_rel=0.0000"
kleemin_A_1.mtx,original_lb,original_lb,load_balanced_traversal,ok,none,promoted_fallback,0.0054,0.0046,2.111111,1.000000,,72,16,original,original,false,0,0,true,0,exact_abs_or_rel,"PASS, max_abs=0.0000, max_rel=0.0000"
kleemin_A_1.mtx,auto_lossless_lb,dict4_lb,lossless_value_specialized,ok,none,accuracy_pass_runtime_loss,0.0062,0.0050,1.838710,0.870968,,40,16,auto_lossless,dict4,true,3,40,true,3,exact_abs_or_rel,"PASS, max_abs=0.0000, max_rel=0.0000"
kleemin_A_1.mtx,fp16_lb,fp16_lb,controlled_lossy_value_specialized,ok,none,accuracy_pass_runtime_loss,0.0067,0.0061,1.701493,0.805970,,18,16,fp16,fp16,false,0,0,false,0,spmv_max_rel,"PASS, max_abs=0.0000, max_rel=0.0000"
kleemin_A_1.mtx,bf16_lb,bf16_lb,controlled_lossy_value_specialized,ok,none,accuracy_pass_runtime_loss,0.0075,0.0063,1.520000,0.720000,,18,16,bf16,bf16,false,0,0,false,0,spmv_max_rel,"PASS, max_abs=0.0000, max_rel=0.0000"
kleemin_A_1.mtx,bfp8_lb,bfp8_lb,controlled_lossy_value_specialized,ok,none,accuracy_pass_runtime_loss,0.0066,0.0060,1.727273,0.818182,,13,16,bfp8,bfp8,false,0,0,false,0,spmv_max_rel,"PASS, max_abs=0.9395, max_rel=0.5781"
kleemin_A_1.mtx,bfp8_outlier_lb,bfp8_outlier_lb,controlled_lossy_value_specialized,ok,none,accuracy_pass_runtime_loss,0.0065,0.0062,1.753846,0.830769,,13,16,bfp8_outlier,bfp8_outlier,false,0,0,false,0,spmv_max_rel,"PASS, max_abs=0.9395, max_rel=0.5781"
kleemin_A_1.mtx,bfp4_lb,bfp4_lb,controlled_lossy_value_specialized,fail:1,accuracy_fail,accuracy_fail,0.0055,0.0047,2.072727,0.981818,,9,16,bfp4,bfp4,false,0,0,false,0,spmv_max_rel,"FAIL, max_abs=4.0156, max_rel=1.0000"
kleemin_A_1.mtx,hybrid_lb,hybrid_lb,structural_hybrid,ok,none,promoted_fallback,0.0057,0.0046,2.000000,0.947368,,72,,original,raw_double,false,,,1,0,exact_abs_or_rel,"PASS, max_abs=0.0000, max_rel=0.0000"
kleemin_A_1.mtx,cusparse_default,cusparse_csr,external_baseline,ok,none,external_baseline,0.0114,0.0082,1.000000,0.473684,,72,52,original,original,false,,,true,0,exact_abs_or_rel,"PASS, max_abs=0.0000, max_rel=0.0000"
large_A_04.mtx,original_lb,original_lb,load_balanced_traversal,ok,none,promoted_fallback,0.0094,0.0079,1.510638,1.000000,,157736,56192,original,original,false,0,0,true,0,exact_abs_or_rel,"PASS, max_abs=0.0000, max_rel=0.0000"
large_A_04.mtx,auto_lossless_lb,original_lb,load_balanced_traversal,ok,none,promoted_fallback,0.0087,0.0073,1.632184,1.080460,,157736,56192,auto_lossless,original,true,3894,157736,true,0,exact_abs_or_rel,"PASS, max_abs=0.0000, max_rel=0.0000"
large_A_04.mtx,fp16_lb,fp16_lb,controlled_lossy_value_specialized,ok,none,accuracy_pass_runtime_loss,0.0110,0.0084,1.290909,0.854545,,39434,56192,fp16,fp16,false,0,0,false,0,spmv_max_rel,"PASS, max_abs=0.6600, max_rel=0.0103"
large_A_04.mtx,bf16_lb,bf16_lb,controlled_lossy_value_specialized,ok,none,accuracy_pass_runtime_loss,0.0096,0.0079,1.479167,0.979167,,39434,56192,bf16,bf16,false,0,0,false,0,spmv_max_rel,"PASS, max_abs=4.9950, max_rel=0.2376"
large_A_04.mtx,bfp8_lb,bfp8_lb,controlled_lossy_value_specialized,ok,none,accuracy_pass_runtime_loss,0.0096,0.0087,1.479167,0.979167,,33765,56192,bfp8,bfp8,false,0,0,false,0,spmv_max_rel,"PASS, max_abs=7.6337, max_rel=499969482421874953772123291648.0000"
large_A_04.mtx,bfp8_outlier_lb,bfp8_outlier_lb,controlled_lossy_value_specialized,ok,none,accuracy_pass_runtime_win,0.0075,0.0066,1.893333,1.253333,,33765,56192,bfp8_outlier,bfp8_outlier,false,0,0,false,0,spmv_max_rel,"PASS, max_abs=7.6337, max_rel=499969482421874953772123291648.0000"
large_A_04.mtx,bfp4_lb,bfp4_lb,controlled_lossy_value_specialized,fail:1,accuracy_fail,accuracy_fail,0.0120,0.0108,1.183333,0.783333,,23907,56192,bfp4,bfp4,false,0,0,false,0,spmv_max_rel,"FAIL, max_abs=112.8733, max_rel=499023437499999971714864775168.0000"
large_A_04.mtx,hybrid_lb,hybrid_lb,structural_hybrid,ok,none,promoted_fallback,0.0090,0.0076,1.577778,1.044444,,157736,,original,raw_double,false,,,1,0,exact_abs_or_rel,"PASS, max_abs=0.0000, max_rel=0.0000"
large_A_04.mtx,cusparse_default,cusparse_csr,external_baseline,ok,none,external_baseline,0.0142,0.0123,1.000000,0.661972,,157736,95672,original,original,false,,,true,0,exact_abs_or_rel,"PASS, max_abs=0.0000, max_rel=0.0000"
lnsp_511.mtx,original_lb,original_lb,load_balanced_traversal,ok,none,promoted_fallback,0.0078,0.0069,1.538462,1.000000,,22368,5712,original,original,false,0,0,true,0,exact_abs_or_rel,"PASS, max_abs=0.0000, max_rel=0.0000"
lnsp_511.mtx,auto_lossless_lb,original_lb,load_balanced_traversal,ok,none,promoted_fallback,0.0072,0.0057,1.666667,1.083333,,22368,5712,auto_lossless,original,true,569,22368,true,0,exact_abs_or_rel,"PASS, max_abs=0.0000, max_rel=0.0000"
lnsp_511.mtx,fp16_lb,fp16_lb,controlled_lossy_value_specialized,fail:1,accuracy_fail,accuracy_fail,0.0083,0.0072,1.445783,0.939759,,5592,5712,fp16,fp16,false,0,0,false,0,spmv_max_rel,"FAIL, max_abs=inf, max_rel=inf"
lnsp_511.mtx,bf16_lb,bf16_lb,controlled_lossy_value_specialized,ok,none,accuracy_pass_runtime_win,0.0070,0.0057,1.714286,1.114286,,5592,5712,bf16,bf16,false,0,0,false,0,spmv_max_rel,"PASS, max_abs=63207831.2500, max_rel=0.0767"
lnsp_511.mtx,bfp8_lb,bfp8_lb,controlled_lossy_value_specialized,ok,none,accuracy_pass_runtime_win,0.0076,0.0067,1.578947,1.026316,,4224,5712,bfp8,bfp8,false,0,0,false,0,spmv_max_rel,"PASS, max_abs=57653655.2500, max_rel=9.6033"
lnsp_511.mtx,bfp8_outlier_lb,bfp8_outlier_lb,controlled_lossy_value_specialized,ok,none,accuracy_pass_runtime_loss,0.0095,0.0081,1.263158,0.821053,,4384,5712,bfp8_outlier,bfp8_outlier,false,0,0,false,0,spmv_max_rel,"PASS, max_abs=57653655.2500, max_rel=9.6033"
lnsp_511.mtx,bfp4_lb,bfp4_lb,controlled_lossy_value_specialized,fail:1,accuracy_fail,accuracy_fail,0.0094,0.0074,1.276596,0.829787,,2826,5712,bfp4,bfp4,false,0,0,false,0,spmv_max_rel,"FAIL, max_abs=856607906.2500, max_rel=75.2421"
lnsp_511.mtx,hybrid_lb,hybrid_lb,structural_hybrid,ok,none,promoted_fallback,0.0066,0.0047,1.818182,1.181818,,22368,,original,raw_double,false,,,1,0,exact_abs_or_rel,"PASS, max_abs=0.0000, max_rel=0.0000"
lnsp_511.mtx,cusparse_default,cusparse_csr,external_baseline,ok,none,external_baseline,0.0120,0.0103,1.000000,0.650000,,22368,13232,original,original,false,,,true,0,exact_abs_or_rel,"PASS, max_abs=0.0000, max_rel=0.0000"
lock2232.mtx,original_lb,original_lb,load_balanced_traversal,ok,none,promoted_fallback,0.0092,0.0070,1.521739,1.000000,,642816,38992,original,original,false,0,0,true,0,exact_abs_or_rel,"PASS, max_abs=0.0000, max_rel=0.0000"
lock2232.mtx,auto_lossless_lb,all_one_lb,lossless_value_specialized,ok,none,accuracy_pass_runtime_loss,0.0096,0.0085,1.458333,0.958333,,0,38992,auto_lossless,all_one,true,1,0,true,0,exact_abs_or_rel,"PASS, max_abs=0.0000, max_rel=0.0000"
lock2232.mtx,fp16_lb,fp16_lb,controlled_lossy_value_specialized,ok,none,accuracy_pass_runtime_loss,0.0115,0.0108,1.217391,0.800000,,160704,38992,fp16,fp16,false,0,0,false,0,spmv_max_rel,"PASS, max_abs=0.0000, max_rel=0.0000"
lock2232.mtx,bf16_lb,bf16_lb,controlled_lossy_value_specialized,ok,none,accuracy_pass_runtime_win,0.0091,0.0075,1.538462,1.010989,,160704,38992,bf16,bf16,false,0,0,false,0,spmv_max_rel,"PASS, max_abs=0.0000, max_rel=0.0000"
lock2232.mtx,bfp8_lb,bfp8_lb,controlled_lossy_value_specialized,ok,none,accuracy_pass_runtime_win,0.0090,0.0084,1.555556,1.022222,,90100,38992,bfp8,bfp8,false,0,0,false,0,spmv_max_rel,"PASS, max_abs=0.0009, max_rel=0.0001"
lock2232.mtx,bfp8_outlier_lb,bfp8_outlier_lb,controlled_lossy_value_specialized,ok,none,accuracy_pass_runtime_loss,0.0097,0.0085,1.443299,0.948454,,90100,38992,bfp8_outlier,bfp8_outlier,false,0,0,false,0,spmv_max_rel,"PASS, max_abs=0.0009, max_rel=0.0001"
lock2232.mtx,bfp4_lb,bfp4_lb,controlled_lossy_value_specialized,ok,none,accuracy_pass_runtime_loss,0.0108,0.0095,1.296296,0.851852,,49924,38992,bfp4,bfp4,false,0,0,false,0,spmv_max_rel,"PASS, max_abs=0.0298, max_rel=0.0020"
lock2232.mtx,hybrid_lb,hybrid_lb,structural_hybrid,ok,none,promoted_fallback,0.0082,0.0072,1.707317,1.121951,,642816,,original,raw_double,false,,,1,0,exact_abs_or_rel,"PASS, max_abs=0.0000, max_rel=0.0000"
lock2232.mtx,cusparse_default,cusparse_csr,external_baseline,ok,none,external_baseline,0.0140,0.0103,1.000000,0.657143,,642816,330340,original,original,false,,,true,0,exact_abs_or_rel,"PASS, max_abs=0.0000, max_rel=0.0000"
lp_fit2d.mtx,original_lb,original_lb,load_balanced_traversal,ok,none,promoted_fallback,0.0092,0.0075,1.304348,1.000000,,1032336,80072,original,original,false,0,0,true,0,exact_abs_or_rel,"PASS, max_abs=0.0000, max_rel=0.0000"
lp_fit2d.mtx,auto_lossless_lb,dict65536_u16_lb,lossless_value_specialized,ok,none,accuracy_pass_runtime_loss,0.0112,0.0100,1.071429,0.821429,,647792,80072,auto_lossless,dict65536_u16,true,902,647792,true,902,exact_abs_or_rel,"PASS, max_abs=0.0000, max_rel=0.0000"
lp_fit2d.mtx,fp16_lb,fp16_lb,controlled_lossy_value_specialized,ok,none,accuracy_pass_runtime_loss,0.0092,0.0076,1.304348,1.000000,,258084,80072,fp16,fp16,false,0,0,false,0,spmv_max_rel,"PASS, max_abs=0.0012, max_rel=0.0002"
lp_fit2d.mtx,bf16_lb,bf16_lb,controlled_lossy_value_specialized,ok,none,accuracy_pass_runtime_loss,0.0093,0.0084,1.290323,0.989247,,258084,80072,bf16,bf16,false,0,0,false,0,spmv_max_rel,"PASS, max_abs=18.2500, max_rel=0.0142"
lp_fit2d.mtx,bfp8_lb,bfp8_lb,controlled_lossy_value_specialized,fail:1,accuracy_fail,accuracy_fail,0.0101,0.0088,1.188119,0.910891,,149060,80072,bfp8,bfp8,false,0,0,false,0,spmv_max_rel,"FAIL, max_abs=53.9618, max_rel=17.4917"
lp_fit2d.mtx,bfp8_outlier_lb,bfp8_outlier_lb,controlled_lossy_value_specialized,ok,none,accuracy_pass_runtime_loss,0.0120,0.0105,1.000000,0.766667,,159300,80072,bfp8_outlier,bfp8_outlier,false,0,0,false,0,spmv_max_rel,"PASS, max_abs=36.6699, max_rel=11.8865"
lp_fit2d.mtx,bfp4_lb,bfp4_lb,controlled_lossy_value_specialized,fail:1,accuracy_fail,accuracy_fail,0.0145,0.0128,0.827586,0.634483,,84539,80072,bfp4,bfp4,false,0,0,false,0,spmv_max_rel,"FAIL, max_abs=397.6667, max_rel=11.9195"
lp_fit2d.mtx,hybrid_lb,hybrid_lb,structural_hybrid,ok,none,promoted_fallback,0.0155,0.0150,0.774194,0.593548,,1032336,,original,raw_double,false,,,1,0,exact_abs_or_rel,"PASS, max_abs=0.0000, max_rel=0.0000"
lp_fit2d.mtx,cusparse_default,cusparse_csr,external_baseline,ok,none,external_baseline,0.0120,0.0082,1.000000,0.766667,,1032336,516272,original,original,false,,,true,0,exact_abs_or_rel,"PASS, max_abs=0.0000, max_rel=0.0000"
lp_scsd6.mtx,original_lb,original_lb,load_balanced_traversal,ok,none,promoted_fallback,0.0094,0.0090,1.351064,1.000000,,34528,5640,original,original,false,0,0,true,0,exact_abs_or_rel,"PASS, max_abs=0.0000, max_rel=222044604925031.2812"
lp_scsd6.mtx,auto_lossless_lb,dict256_u8_lb,lossless_value_specialized,ok,none,accuracy_pass_runtime_loss,0.0112,0.0088,1.133929,0.839286,,22720,5640,auto_lossless,dict256_u8,true,20,22720,true,20,exact_abs_or_rel,"PASS, max_abs=0.0000, max_rel=222044604925031.2812"
lp_scsd6.mtx,fp16_lb,fp16_lb,controlled_lossy_value_specialized,ok,none,accuracy_pass_runtime_loss,0.0118,0.0103,1.076271,0.796610,,8632,5640,fp16,fp16,false,0,0,false,0,spmv_max_rel,"PASS, max_abs=0.0005, max_rel=1.0000"
lp_scsd6.mtx,bf16_lb,bf16_lb,controlled_lossy_value_specialized,ok,none,accuracy_pass_runtime_loss,0.0117,0.0105,1.085470,0.803419,,8632,5640,bf16,bf16,false,0,0,false,0,spmv_max_rel,"PASS, max_abs=0.0029, max_rel=1.0000"
lp_scsd6.mtx,bfp8_lb,bfp8_lb,controlled_lossy_value_specialized,ok,none,accuracy_pass_runtime_loss,0.0107,0.0096,1.186916,0.878505,,5726,5640,bfp8,bfp8,false,0,0,false,0,spmv_max_rel,"PASS, max_abs=0.0101, max_rel=1148223876953124867139436544.0000"
lp_scsd6.mtx,bfp8_outlier_lb,bfp8_outlier_lb,controlled_lossy_value_specialized,ok,none,accuracy_pass_runtime_loss,0.0113,0.0103,1.123894,0.831858,,5726,5640,bfp8_outlier,bfp8_outlier,false,0,0,false,0,spmv_max_rel,"PASS, max_abs=0.0101, max_rel=1148223876953124867139436544.0000"
lp_scsd6.mtx,bfp4_lb,bfp4_lb,controlled_lossy_value_specialized,fail:1,accuracy_fail,accuracy_fail,0.0137,0.0123,0.927007,0.686131,,3568,5640,bfp4,bfp4,false,0,0,false,0,spmv_max_rel,"FAIL, max_abs=0.3848, max_rel=24291992187499996531667238912.0000"
lp_scsd6.mtx,hybrid_lb,hybrid_lb,structural_hybrid,ok,none,promoted_fallback,0.0078,0.0068,1.628205,1.205128,,34528,,original,raw_double,false,,,1,0,exact_abs_or_rel,"PASS, max_abs=0.0000, max_rel=222044604925031.2812"
lp_scsd6.mtx,cusparse_default,cusparse_csr,external_baseline,ok,none,external_baseline,0.0127,0.0102,1.000000,0.740157,,34528,17856,original,original,false,,,true,0,exact_abs_or_rel,"PASS, max_abs=0.0000, max_rel=55511151231257.8203"
lp_stocfor1.mtx,original_lb,original_lb,load_balanced_traversal,ok,none,promoted_fallback,0.0064,0.0053,1.890625,1.000000,,4008,1072,original,original,false,0,0,true,0,exact_abs_or_rel,"PASS, max_abs=0.0000, max_rel=0.0000"
lp_stocfor1.mtx,auto_lossless_lb,original_lb,load_balanced_traversal,ok,none,promoted_fallback,0.0077,0.0062,1.571429,0.831169,,4008,1072,auto_lossless,original,true,23,4008,true,0,exact_abs_or_rel,"PASS, max_abs=0.0000, max_rel=0.0000"
lp_stocfor1.mtx,fp16_lb,fp16_lb,controlled_lossy_value_specialized,ok,none,accuracy_pass_runtime_loss,0.0068,0.0054,1.779412,0.941176,,1002,1072,fp16,fp16,false,0,0,false,0,spmv_max_rel,"PASS, max_abs=0.1590, max_rel=0.0013"
lp_stocfor1.mtx,bf16_lb,bf16_lb,controlled_lossy_value_specialized,ok,none,accuracy_pass_runtime_loss,0.0075,0.0068,1.613333,0.853333,,1002,1072,bf16,bf16,false,0,0,false,0,spmv_max_rel,"PASS, max_abs=1.0000, max_rel=0.0920"
lp_stocfor1.mtx,bfp8_lb,bfp8_lb,controlled_lossy_value_specialized,ok,none,accuracy_pass_runtime_loss,0.0071,0.0062,1.704225,0.901408,,769,1072,bfp8,bfp8,false,0,0,false,0,spmv_max_rel,"PASS, max_abs=1.8674, max_rel=14.9786"
lp_stocfor1.mtx,bfp8_outlier_lb,bfp8_outlier_lb,controlled_lossy_value_specialized,ok,none,accuracy_pass_runtime_loss,0.0067,0.0045,1.805970,0.955224,,769,1072,bfp8_outlier,bfp8_outlier,false,0,0,false,0,spmv_max_rel,"PASS, max_abs=1.8674, max_rel=14.9786"
lp_stocfor1.mtx,bfp4_lb,bfp4_lb,controlled_lossy_value_specialized,fail:1,accuracy_fail,accuracy_fail,0.0067,0.0062,1.805970,0.955224,,519,1072,bfp4,bfp4,false,0,0,false,0,spmv_max_rel,"FAIL, max_abs=40.7588, max_rel=14.9483"
lp_stocfor1.mtx,hybrid_lb,hybrid_lb,structural_hybrid,ok,none,promoted_fallback,0.0065,0.0048,1.861538,0.984615,,4008,,original,raw_double,false,,,1,0,exact_abs_or_rel,"PASS, max_abs=0.0000, max_rel=0.0000"
lp_stocfor1.mtx,cusparse_default,cusparse_csr,external_baseline,ok,none,external_baseline,0.0121,0.0102,1.000000,0.528926,,4008,2476,original,original,false,,,true,0,exact_abs_or_rel,"PASS, max_abs=0.0000, max_rel=0.0000"
lp_wood1p.mtx,original_lb,original_lb,load_balanced_traversal,ok,none,promoted_fallback,0.0088,0.0060,1.590909,1.000000,,561728,119680,original,original,false,0,0,true,0,exact_abs_or_rel,"PASS, max_abs=0.0000, max_rel=0.0000"
lp_wood1p.mtx,auto_lossless_lb,original_lb,load_balanced_traversal,ok,none,promoted_fallback,0.0105,0.0076,1.333333,0.838095,,561728,119680,auto_lossless,original,true,3327,561728,true,0,exact_abs_or_rel,"PASS, max_abs=0.0000, max_rel=0.0000"
lp_wood1p.mtx,fp16_lb,fp16_lb,controlled_lossy_value_specialized,ok,none,accuracy_pass_runtime_loss,0.0092,0.0079,1.521739,0.956522,,140432,119680,fp16,fp16,false,0,0,false,0,spmv_max_rel,"PASS, max_abs=1.0612, max_rel=0.0340"
lp_wood1p.mtx,bf16_lb,bf16_lb,controlled_lossy_value_specialized,ok,none,accuracy_pass_runtime_loss,0.0089,0.0076,1.573034,0.988764,,140432,119680,bf16,bf16,false,0,0,false,0,spmv_max_rel,"PASS, max_abs=20.6062, max_rel=0.3450"
lp_wood1p.mtx,bfp8_lb,bfp8_lb,controlled_lossy_value_specialized,ok,none,accuracy_pass_runtime_loss,0.0101,0.0089,1.386139,0.871287,,100136,119680,bfp8,bfp8,false,0,0,false,0,spmv_max_rel,"PASS, max_abs=30.8190, max_rel=1.4681"
lp_wood1p.mtx,bfp8_outlier_lb,bfp8_outlier_lb,controlled_lossy_value_specialized,ok,none,accuracy_pass_runtime_loss,0.0104,0.0088,1.346154,0.846154,,100136,119680,bfp8_outlier,bfp8_outlier,false,0,0,false,0,spmv_max_rel,"PASS, max_abs=30.8190, max_rel=1.4681"
lp_wood1p.mtx,bfp4_lb,bfp4_lb,controlled_lossy_value_specialized,fail:1,accuracy_fail,accuracy_fail,0.0143,0.0132,0.979021,0.615385,,65028,119680,bfp4,bfp4,false,0,0,false,0,spmv_max_rel,"FAIL, max_abs=274.4868, max_rel=7.5906"
lp_wood1p.mtx,hybrid_lb,hybrid_lb,structural_hybrid,ok,none,promoted_fallback,0.0161,0.0148,0.869565,0.546584,,561728,,original,raw_double,false,,,1,0,exact_abs_or_rel,"PASS, max_abs=0.0000, max_rel=0.0000"
lp_wood1p.mtx,cusparse_default,cusparse_csr,external_baseline,ok,none,external_baseline,0.0140,0.0102,1.000000,0.628571,,561728,281844,original,original,false,,,true,0,exact_abs_or_rel,"PASS, max_abs=0.0000, max_rel=0.0000"
lpi_qual.mtx,original_lb,original_lb,load_balanced_traversal,ok,none,promoted_fallback,0.0075,0.0066,1.560000,1.000000,,13168,4360,original,original,false,0,0,true,0,exact_abs_or_rel,"PASS, max_abs=0.0000, max_rel=0.0000"
lpi_qual.mtx,auto_lossless_lb,original_lb,load_balanced_traversal,ok,none,promoted_fallback,0.0079,0.0069,1.481013,0.949367,,13168,4360,auto_lossless,original,true,411,13168,true,0,exact_abs_or_rel,"PASS, max_abs=0.0000, max_rel=0.0000"
lpi_qual.mtx,fp16_lb,fp16_lb,controlled_lossy_value_specialized,ok,none,accuracy_pass_runtime_loss,0.0078,0.0069,1.500000,0.961538,,3292,4360,fp16,fp16,false,0,0,false,0,spmv_max_rel,"PASS, max_abs=0.7462, max_rel=0.0074"
lpi_qual.mtx,bf16_lb,bf16_lb,controlled_lossy_value_specialized,ok,none,accuracy_pass_runtime_loss,0.0080,0.0069,1.462500,0.937500,,3292,4360,bf16,bf16,false,0,0,false,0,spmv_max_rel,"PASS, max_abs=27.8897, max_rel=0.0547"
lpi_qual.mtx,bfp8_lb,bfp8_lb,controlled_lossy_value_specialized,ok,none,accuracy_pass_runtime_loss,0.0078,0.0070,1.500000,0.961538,,2736,4360,bfp8,bfp8,false,0,0,false,0,spmv_max_rel,"PASS, max_abs=24.7093, max_rel=249984741210937476886061645824.0000"
lpi_qual.mtx,bfp8_outlier_lb,bfp8_outlier_lb,controlled_lossy_value_specialized,ok,none,accuracy_pass_runtime_loss,0.0098,0.0080,1.193878,0.765306,,2832,4360,bfp8_outlier,bfp8_outlier,false,0,0,false,0,spmv_max_rel,"PASS, max_abs=3.2341, max_rel=249984741210937476886061645824.0000"
lpi_qual.mtx,bfp4_lb,bfp4_lb,controlled_lossy_value_specialized,fail:1,accuracy_fail,accuracy_fail,0.0108,0.0094,1.083333,0.694444,,1913,4360,bfp4,bfp4,false,0,0,false,0,spmv_max_rel,"FAIL, max_abs=171.6322, max_rel=249511718749999985857432387584.0000"
lpi_qual.mtx,hybrid_lb,hybrid_lb,structural_hybrid,ok,none,promoted_fallback,0.0070,0.0050,1.671429,1.071429,,13168,,original,raw_double,false,,,1,0,exact_abs_or_rel,"PASS, max_abs=0.0000, max_rel=0.0000"
lpi_qual.mtx,cusparse_default,cusparse_csr,external_baseline,ok,none,external_baseline,0.0117,0.0102,1.000000,0.641026,,13168,7880,original,original,false,,,true,0,exact_abs_or_rel,"PASS, max_abs=0.0000, max_rel=0.0000"
lshp2614.mtx,original_lb,original_lb,load_balanced_traversal,ok,none,promoted_fallback,0.0079,0.0069,2.037975,1.000000,,143840,28632,original,original,false,0,0,true,0,exact_abs_or_rel,"PASS, max_abs=0.0000, max_rel=0.0000"
lshp2614.mtx,auto_lossless_lb,all_one_lb,lossless_value_specialized,ok,none,accuracy_pass_runtime_loss,0.0091,0.0070,1.769231,0.868132,,0,28632,auto_lossless,all_one,true,1,0,true,0,exact_abs_or_rel,"PASS, max_abs=0.0000, max_rel=0.0000"
lshp2614.mtx,fp16_lb,fp16_lb,controlled_lossy_value_specialized,ok,none,accuracy_pass_runtime_win,0.0076,0.0071,2.118421,1.039474,,35960,28632,fp16,fp16,false,0,0,false,0,spmv_max_rel,"PASS, max_abs=0.0000, max_rel=0.0000"
lshp2614.mtx,bf16_lb,bf16_lb,controlled_lossy_value_specialized,ok,none,accuracy_pass_runtime_win,0.0075,0.0064,2.146667,1.053333,,35960,28632,bf16,bf16,false,0,0,false,0,spmv_max_rel,"PASS, max_abs=0.0000, max_rel=0.0000"
lshp2614.mtx,bfp8_lb,bfp8_lb,controlled_lossy_value_specialized,ok,none,accuracy_pass_runtime_loss,0.0088,0.0076,1.829545,0.897727,,25138,28632,bfp8,bfp8,false,0,0,false,0,spmv_max_rel,"PASS, max_abs=0.0004, max_rel=0.0001"
lshp2614.mtx,bfp8_outlier_lb,bfp8_outlier_lb,controlled_lossy_value_specialized,ok,none,accuracy_pass_runtime_loss,0.0087,0.0071,1.850575,0.908046,,25138,28632,bfp8_outlier,bfp8_outlier,false,0,0,false,0,spmv_max_rel,"PASS, max_abs=0.0004, max_rel=0.0001"
lshp2614.mtx,bfp4_lb,bfp4_lb,controlled_lossy_value_specialized,ok,none,accuracy_pass_runtime_loss,0.0114,0.0092,1.412281,0.692982,,16148,28632,bfp4,bfp4,false,0,0,false,0,spmv_max_rel,"PASS, max_abs=0.0122, max_rel=0.0020"
lshp2614.mtx,hybrid_lb,hybrid_lb,structural_hybrid,ok,none,promoted_fallback,0.0074,0.0054,2.175676,1.067568,,143840,,original,raw_double,false,,,1,0,exact_abs_or_rel,"PASS, max_abs=0.0000, max_rel=0.0000"
lshp2614.mtx,cusparse_default,cusparse_csr,external_baseline,ok,none,external_baseline,0.0161,0.0123,1.000000,0.490683,,143840,82380,original,original,false,,,true,0,exact_abs_or_rel,"PASS, max_abs=0.0000, max_rel=0.0000"
meg4.mtx,original_lb,original_lb,load_balanced_traversal,ok,none,promoted_fallback,0.0093,0.0089,1.645161,1.000000,,202064,56384,original,original,false,0,0,true,0,exact_abs_or_rel,"PASS, max_abs=0.0000, max_rel=0.0000"
meg4.mtx,auto_lossless_lb,original_lb,load_balanced_traversal,ok,none,promoted_fallback,0.0095,0.0086,1.610526,0.978947,,202064,56384,auto_lossless,original,true,161,202064,true,0,exact_abs_or_rel,"PASS, max_abs=0.0000, max_rel=0.0000"
meg4.mtx,fp16_lb,fp16_lb,controlled_lossy_value_specialized,fail:1,accuracy_fail,accuracy_fail,0.0096,0.0087,1.593750,0.968750,,50516,56384,fp16,fp16,false,0,0,false,0,spmv_max_rel,"FAIL, max_abs=inf, max_rel=inf"
meg4.mtx,bf16_lb,bf16_lb,controlled_lossy_value_specialized,ok,none,accuracy_pass_runtime_loss,0.0095,0.0084,1.610526,0.978947,,50516,56384,bf16,bf16,false,0,0,false,0,spmv_max_rel,"PASS, max_abs=419.0793, max_rel=7450580596923827224576.0000"
meg4.mtx,bfp8_lb,bfp8_lb,controlled_lossy_value_specialized,ok,none,accuracy_pass_runtime_loss,0.0106,0.0090,1.443396,0.877358,,39354,56384,bfp8,bfp8,false,0,0,false,0,spmv_max_rel,"PASS, max_abs=578.2500, max_rel=11088559404015541026816.0000"
meg4.mtx,bfp8_outlier_lb,bfp8_outlier_lb,controlled_lossy_value_specialized,ok,none,accuracy_pass_runtime_loss,0.0117,0.0105,1.307692,0.794872,,41290,56384,bfp8_outlier,bfp8_outlier,false,0,0,false,0,spmv_max_rel,"PASS, max_abs=55.0000, max_rel=11088559404015541026816.0000"
meg4.mtx,bfp4_lb,bfp4_lb,controlled_lossy_value_specialized,fail:1,accuracy_fail,accuracy_fail,0.0132,0.0128,1.159091,0.704545,,26725,56384,bfp4,bfp4,false,0,0,false,0,spmv_max_rel,"FAIL, max_abs=6123.6020, max_rel=16298145055770872381440.0000"
meg4.mtx,hybrid_lb,hybrid_lb,structural_hybrid,ok,none,promoted_fallback,0.0097,0.0087,1.577320,0.958763,,202064,,original,raw_double,false,,,1,0,exact_abs_or_rel,"PASS, max_abs=0.0000, max_rel=105879118.4068"
meg4.mtx,cusparse_default,cusparse_csr,external_baseline,ok,none,external_baseline,0.0153,0.0123,1.000000,0.607843,,202064,124476,original,original,false,,,true,0,exact_abs_or_rel,"PASS, max_abs=0.0000, max_rel=105879118.4068"
mesh1em6.mtx,original_lb,original_lb,load_balanced_traversal,ok,none,promoted_fallback,0.0056,0.0046,2.089286,1.000000,,2448,440,original,original,false,0,0,true,0,exact_abs_or_rel,"PASS, max_abs=0.0000, max_rel=0.0000"
mesh1em6.mtx,auto_lossless_lb,original_lb,load_balanced_traversal,ok,none,promoted_fallback,0.0089,0.0078,1.314607,0.629213,,2448,440,auto_lossless,original,true,177,2448,true,0,exact_abs_or_rel,"PASS, max_abs=0.0000, max_rel=0.0000"
mesh1em6.mtx,fp16_lb,fp16_lb,controlled_lossy_value_specialized,ok,none,accuracy_pass_runtime_loss,0.0066,0.0046,1.772727,0.848485,,612,440,fp16,fp16,false,0,0,false,0,spmv_max_rel,"PASS, max_abs=0.0013, max_rel=0.0044"
mesh1em6.mtx,bf16_lb,bf16_lb,controlled_lossy_value_specialized,ok,none,accuracy_pass_runtime_loss,0.0065,0.0049,1.800000,0.861538,,612,440,bf16,bf16,false,0,0,false,0,spmv_max_rel,"PASS, max_abs=0.0065, max_rel=0.0191"
mesh1em6.mtx,bfp8_lb,bfp8_lb,controlled_lossy_value_specialized,ok,none,accuracy_pass_runtime_win,0.0054,0.0039,2.166667,1.037037,,416,440,bfp8,bfp8,false,0,0,false,0,spmv_max_rel,"PASS, max_abs=0.0250, max_rel=0.0765"
mesh1em6.mtx,bfp8_outlier_lb,bfp8_outlier_lb,controlled_lossy_value_specialized,ok,none,accuracy_pass_runtime_loss,0.0080,0.0067,1.462500,0.700000,,432,440,bfp8_outlier,bfp8_outlier,false,0,0,false,0,spmv_max_rel,"PASS, max_abs=0.0250, max_rel=0.0298"
mesh1em6.mtx,bfp4_lb,bfp4_lb,controlled_lossy_value_specialized,fail:1,accuracy_fail,accuracy_fail,0.0073,0.0066,1.602740,0.767123,,263,440,bfp4,bfp4,false,0,0,false,0,spmv_max_rel,"FAIL, max_abs=0.3873, max_rel=1.7284"
mesh1em6.mtx,hybrid_lb,hybrid_lb,structural_hybrid,ok,none,promoted_fallback,0.0072,0.0059,1.625000,0.777778,,2448,,original,raw_double,false,,,1,0,exact_abs_or_rel,"PASS, max_abs=0.0000, max_rel=0.0000"
mesh1em6.mtx,cusparse_default,cusparse_csr,external_baseline,ok,none,external_baseline,0.0117,0.0082,1.000000,0.478632,,2448,1420,original,original,false,,,true,0,exact_abs_or_rel,"PASS, max_abs=0.0000, max_rel=0.0000"
model6.mtx,original_lb,original_lb,load_balanced_traversal,ok,none,promoted_fallback,0.0084,0.0061,1.726190,1.000000,,221024,65512,original,original,false,0,0,true,0,exact_abs_or_rel,"PASS, max_abs=0.0000, max_rel=0.0000"
model6.mtx,auto_lossless_lb,original_lb,load_balanced_traversal,ok,none,promoted_fallback,0.0094,0.0078,1.542553,0.893617,,221024,65512,auto_lossless,original,true,8502,221024,true,0,exact_abs_or_rel,"PASS, max_abs=0.0000, max_rel=0.0000"
model6.mtx,fp16_lb,fp16_lb,controlled_lossy_value_specialized,ok,none,accuracy_pass_runtime_loss,0.0099,0.0089,1.464646,0.848485,,55256,65512,fp16,fp16,false,0,0,false,0,spmv_max_rel,"PASS, max_abs=0.0833, max_rel=1.3997"
model6.mtx,bf16_lb,bf16_lb,controlled_lossy_value_specialized,ok,none,accuracy_pass_runtime_loss,0.0094,0.0087,1.542553,0.893617,,55256,65512,bf16,bf16,false,0,0,false,0,spmv_max_rel,"PASS, max_abs=0.6667, max_rel=9.9265"
model6.mtx,bfp8_lb,bfp8_lb,controlled_lossy_value_specialized,ok,none,accuracy_pass_runtime_loss,0.0096,0.0085,1.510417,0.875000,,44006,65512,bfp8,bfp8,false,0,0,false,0,spmv_max_rel,"PASS, max_abs=1.7501, max_rel=3112792968749999804198682624.0000"
model6.mtx,bfp8_outlier_lb,bfp8_outlier_lb,controlled_lossy_value_specialized,ok,none,accuracy_pass_runtime_loss,0.0115,0.0104,1.260870,0.730435,,46214,65512,bfp8_outlier,bfp8_outlier,false,0,0,false,0,spmv_max_rel,"PASS, max_abs=0.6486, max_rel=3112792968749999804198682624.0000"
model6.mtx,bfp4_lb,bfp4_lb,controlled_lossy_value_specialized,fail:1,accuracy_fail,accuracy_fail,0.0135,0.0125,1.074074,0.622222,,30192,65512,bfp4,bfp4,false,0,0,false,0,spmv_max_rel,"FAIL, max_abs=16.3348, max_rel=100585937499999996777433399296.0000"
model6.mtx,hybrid_lb,hybrid_lb,structural_hybrid,ok,none,promoted_fallback,0.0137,0.0122,1.058394,0.613139,,221024,,original,raw_double,false,,,1,0,exact_abs_or_rel,"PASS, max_abs=0.0000, max_rel=0.0000"
model6.mtx,cusparse_default,cusparse_csr,external_baseline,ok,none,external_baseline,0.0145,0.0123,1.000000,0.579310,,221024,118900,original,original,false,,,true,0,exact_abs_or_rel,"PASS, max_abs=0.0000, max_rel=0.0000"
mycielskian3.mtx,original_lb,original_lb,load_balanced_traversal,ok,none,promoted_fallback,0.0047,0.0037,2.404255,1.000000,,80,16,original,original,false,0,0,true,0,exact_abs_or_rel,"PASS, max_abs=0.0000, max_rel=0.0000"
mycielskian3.mtx,auto_lossless_lb,all_one_lb,lossless_value_specialized,ok,none,accuracy_pass_runtime_loss,0.0071,0.0062,1.591549,0.661972,,0,16,auto_lossless,all_one,true,1,0,true,0,exact_abs_or_rel,"PASS, max_abs=0.0000, max_rel=0.0000"
mycielskian3.mtx,fp16_lb,fp16_lb,controlled_lossy_value_specialized,ok,none,accuracy_pass_runtime_loss,0.0055,0.0042,2.054545,0.854545,,20,16,fp16,fp16,false,0,0,false,0,spmv_max_rel,"PASS, max_abs=0.0000, max_rel=0.0000"
mycielskian3.mtx,bf16_lb,bf16_lb,controlled_lossy_value_specialized,ok,none,accuracy_pass_runtime_loss,0.0055,0.0044,2.054545,0.854545,,20,16,bf16,bf16,false,0,0,false,0,spmv_max_rel,"PASS, max_abs=0.0000, max_rel=0.0000"
mycielskian3.mtx,bfp8_lb,bfp8_lb,controlled_lossy_value_specialized,ok,none,accuracy_pass_runtime_loss,0.0059,0.0051,1.915254,0.796610,,14,16,bfp8,bfp8,false,0,0,false,0,spmv_max_rel,"PASS, max_abs=0.0001, max_rel=0.0001"
mycielskian3.mtx,bfp8_outlier_lb,bfp8_outlier_lb,controlled_lossy_value_specialized,ok,none,accuracy_pass_runtime_loss,0.0051,0.0036,2.215686,0.921569,,14,16,bfp8_outlier,bfp8_outlier,false,0,0,false,0,spmv_max_rel,"PASS, max_abs=0.0001, max_rel=0.0001"
mycielskian3.mtx,bfp4_lb,bfp4_lb,controlled_lossy_value_specialized,ok,none,accuracy_pass_runtime_loss,0.0049,0.0038,2.306122,0.959184,,9,16,bfp4,bfp4,false,0,0,false,0,spmv_max_rel,"PASS, max_abs=0.0034, max_rel=0.0020"
mycielskian3.mtx,hybrid_lb,hybrid_lb,structural_hybrid,ok,none,promoted_fallback,0.0067,0.0046,1.686567,0.701493,,80,,original,raw_double,false,,,1,0,exact_abs_or_rel,"PASS, max_abs=0.0000, max_rel=0.0000"
mycielskian3.mtx,cusparse_default,cusparse_csr,external_baseline,ok,none,external_baseline,0.0113,0.0078,1.000000,0.415929,,80,64,original,original,false,,,true,0,exact_abs_or_rel,"PASS, max_abs=0.0000, max_rel=0.0000"
n2c6-b1.mtx,original_lb,original_lb,load_balanced_traversal,ok,none,promoted_fallback,0.0060,0.0057,1.950000,1.000000,,1680,328,original,original,false,0,0,true,0,exact_abs_or_rel,"PASS, max_abs=0.0000, max_rel=0.0000"
n2c6-b1.mtx,auto_lossless_lb,sign2_lb,lossless_value_specialized,ok,none,accuracy_pass_runtime_loss,0.0064,0.0052,1.828125,0.937500,,164,328,auto_lossless,sign2,true,2,164,true,0,exact_abs_or_rel,"PASS, max_abs=0.0000, max_rel=0.0000"
n2c6-b1.mtx,fp16_lb,fp16_lb,controlled_lossy_value_specialized,ok,none,accuracy_pass_runtime_loss,0.0066,0.0041,1.772727,0.909091,,420,328,fp16,fp16,false,0,0,false,0,spmv_max_rel,"PASS, max_abs=0.0000, max_rel=0.0000"
n2c6-b1.mtx,bf16_lb,bf16_lb,controlled_lossy_value_specialized,ok,none,accuracy_pass_runtime_loss,0.0077,0.0059,1.519481,0.779221,,420,328,bf16,bf16,false,0,0,false,0,spmv_max_rel,"PASS, max_abs=0.0000, max_rel=0.0000"
n2c6-b1.mtx,bfp8_lb,bfp8_lb,controlled_lossy_value_specialized,ok,none,accuracy_pass_runtime_loss,0.0063,0.0051,1.857143,0.952381,,292,328,bfp8,bfp8,false,0,0,false,0,spmv_max_rel,"PASS, max_abs=0.0001, max_rel=0.0001"
n2c6-b1.mtx,bfp8_outlier_lb,bfp8_outlier_lb,controlled_lossy_value_specialized,ok,none,accuracy_pass_runtime_win,0.0058,0.0043,2.017241,1.034483,,292,328,bfp8_outlier,bfp8_outlier,false,0,0,false,0,spmv_max_rel,"PASS, max_abs=0.0001, max_rel=0.0001"
n2c6-b1.mtx,bfp4_lb,bfp4_lb,controlled_lossy_value_specialized,ok,none,accuracy_pass_runtime_win,0.0047,0.0037,2.489362,1.276596,,187,328,bfp4,bfp4,false,0,0,false,0,spmv_max_rel,"PASS, max_abs=0.0034, max_rel=0.0020"
n2c6-b1.mtx,hybrid_lb,hybrid_lb,structural_hybrid,ok,none,promoted_fallback,0.0055,0.0047,2.127273,1.090909,,1680,,original,raw_double,false,,,1,0,exact_abs_or_rel,"PASS, max_abs=0.0000, max_rel=0.0000"
n2c6-b1.mtx,cusparse_default,cusparse_csr,external_baseline,ok,none,external_baseline,0.0117,0.0082,1.000000,0.512821,,1680,1264,original,original,false,,,true,0,exact_abs_or_rel,"PASS, max_abs=0.0000, max_rel=0.0000"
n3c5-b2.mtx,original_lb,original_lb,load_balanced_traversal,ok,none,promoted_fallback,0.0056,0.0049,2.089286,1.000000,,2880,528,original,original,false,0,0,true,0,exact_abs_or_rel,"PASS, max_abs=0.0000, max_rel=0.0000"
n3c5-b2.mtx,auto_lossless_lb,sign2_lb,lossless_value_specialized,ok,none,accuracy_pass_runtime_loss,0.0056,0.0044,2.089286,1.000000,,264,528,auto_lossless,sign2,true,2,264,true,0,exact_abs_or_rel,"PASS, max_abs=0.0000, max_rel=0.0000"
n3c5-b2.mtx,fp16_lb,fp16_lb,controlled_lossy_value_specialized,ok,none,accuracy_pass_runtime_loss,0.0061,0.0048,1.918033,0.918033,,720,528,fp16,fp16,false,0,0,false,0,spmv_max_rel,"PASS, max_abs=0.0000, max_rel=0.0000"
n3c5-b2.mtx,bf16_lb,bf16_lb,controlled_lossy_value_specialized,ok,none,accuracy_pass_runtime_loss,0.0061,0.0050,1.918033,0.918033,,720,528,bf16,bf16,false,0,0,false,0,spmv_max_rel,"PASS, max_abs=0.0000, max_rel=0.0000"
n3c5-b2.mtx,bfp8_lb,bfp8_lb,controlled_lossy_value_specialized,ok,none,accuracy_pass_runtime_loss,0.0058,0.0050,2.017241,0.965517,,492,528,bfp8,bfp8,false,0,0,false,0,spmv_max_rel,"PASS, max_abs=0.0002, max_rel=0.0001"
n3c5-b2.mtx,bfp8_outlier_lb,bfp8_outlier_lb,controlled_lossy_value_specialized,ok,none,accuracy_pass_runtime_loss,0.0063,0.0058,1.857143,0.888889,,492,528,bfp8_outlier,bfp8_outlier,false,0,0,false,0,spmv_max_rel,"PASS, max_abs=0.0002, max_rel=0.0001"
n3c5-b2.mtx,bfp4_lb,bfp4_lb,controlled_lossy_value_specialized,ok,none,accuracy_pass_runtime_loss,0.0065,0.0050,1.800000,0.861538,,312,528,bfp4,bfp4,false,0,0,false,0,spmv_max_rel,"PASS, max_abs=0.0054, max_rel=0.0020"
n3c5-b2.mtx,hybrid_lb,hybrid_lb,structural_hybrid,ok,none,promoted_fallback,0.0065,0.0057,1.800000,0.861538,,2880,,original,raw_double,false,,,1,0,exact_abs_or_rel,"PASS, max_abs=0.0000, max_rel=0.0000"
n3c5-b2.mtx,cusparse_default,cusparse_csr,external_baseline,ok,none,external_baseline,0.0117,0.0082,1.000000,0.478632,,2880,1924,original,original,false,,,true,0,exact_abs_or_rel,"PASS, max_abs=0.0000, max_rel=0.0000"
n4c5-b1.mtx,original_lb,original_lb,load_balanced_traversal,ok,none,promoted_fallback,0.0059,0.0050,2.050847,1.000000,,1680,328,original,original,false,0,0,true,0,exact_abs_or_rel,"PASS, max_abs=0.0000, max_rel=0.0000"
n4c5-b1.mtx,auto_lossless_lb,sign2_lb,lossless_value_specialized,ok,none,accuracy_pass_runtime_loss,0.0062,0.0051,1.951613,0.951613,,164,328,auto_lossless,sign2,true,2,164,true,0,exact_abs_or_rel,"PASS, max_abs=0.0000, max_rel=0.0000"
n4c5-b1.mtx,fp16_lb,fp16_lb,controlled_lossy_value_specialized,ok,none,accuracy_pass_runtime_loss,0.0062,0.0050,1.951613,0.951613,,420,328,fp16,fp16,false,0,0,false,0,spmv_max_rel,"PASS, max_abs=0.0000, max_rel=0.0000"
n4c5-b1.mtx,bf16_lb,bf16_lb,controlled_lossy_value_specialized,ok,none,accuracy_pass_runtime_loss,0.0062,0.0048,1.951613,0.951613,,420,328,bf16,bf16,false,0,0,false,0,spmv_max_rel,"PASS, max_abs=0.0000, max_rel=0.0000"
n4c5-b1.mtx,bfp8_lb,bfp8_lb,controlled_lossy_value_specialized,ok,none,accuracy_pass_runtime_win,0.0051,0.0036,2.372549,1.156863,,292,328,bfp8,bfp8,false,0,0,false,0,spmv_max_rel,"PASS, max_abs=0.0001, max_rel=0.0001"
n4c5-b1.mtx,bfp8_outlier_lb,bfp8_outlier_lb,controlled_lossy_value_specialized,ok,none,accuracy_pass_runtime_win,0.0048,0.0040,2.520833,1.229167,,292,328,bfp8_outlier,bfp8_outlier,false,0,0,false,0,spmv_max_rel,"PASS, max_abs=0.0001, max_rel=0.0001"
n4c5-b1.mtx,bfp4_lb,bfp4_lb,controlled_lossy_value_specialized,ok,none,accuracy_pass_runtime_loss,0.0059,0.0047,2.050847,1.000000,,187,328,bfp4,bfp4,false,0,0,false,0,spmv_max_rel,"PASS, max_abs=0.0034, max_rel=0.0020"
n4c5-b1.mtx,hybrid_lb,hybrid_lb,structural_hybrid,ok,none,promoted_fallback,0.0061,0.0046,1.983607,0.967213,,1680,,original,raw_double,false,,,1,0,exact_abs_or_rel,"PASS, max_abs=0.0000, max_rel=0.0000"
n4c5-b1.mtx,cusparse_default,cusparse_csr,external_baseline,ok,none,external_baseline,0.0121,0.0082,1.000000,0.487603,,1680,1264,original,original,false,,,true,0,exact_abs_or_rel,"PASS, max_abs=0.0000, max_rel=0.0000"
nasa1824.mtx,original_lb,original_lb,load_balanced_traversal,ok,none,promoted_fallback,0.0087,0.0074,1.908046,1.000000,,313664,35040,original,original,false,0,0,true,0,exact_abs_or_rel,"PASS, max_abs=0.0000, max_rel=0.0000"
nasa1824.mtx,auto_lossless_lb,original_lb,load_balanced_traversal,ok,none,promoted_fallback,0.0095,0.0075,1.747368,0.915789,,313664,35040,auto_lossless,original,true,10516,313664,true,0,exact_abs_or_rel,"PASS, max_abs=0.0000, max_rel=0.0000"
nasa1824.mtx,fp16_lb,fp16_lb,controlled_lossy_value_specialized,fail:1,accuracy_fail,accuracy_fail,0.0089,0.0073,1.865169,0.977528,,78416,35040,fp16,fp16,false,0,0,false,0,spmv_max_rel,"FAIL, max_abs=inf, max_rel=inf"
nasa1824.mtx,bf16_lb,bf16_lb,controlled_lossy_value_specialized,ok,none,accuracy_pass_runtime_loss,0.0089,0.0076,1.865169,0.977528,,78416,35040,bf16,bf16,false,0,0,false,0,spmv_max_rel,"PASS, max_abs=23278.6500, max_rel=8.5161"
nasa1824.mtx,bfp8_lb,bfp8_lb,controlled_lossy_value_specialized,ok,none,accuracy_pass_runtime_loss,0.0094,0.0086,1.765957,0.925532,,47968,35040,bfp8,bfp8,false,0,0,false,0,spmv_max_rel,"PASS, max_abs=49907.5439, max_rel=740.5780"
nasa1824.mtx,bfp8_outlier_lb,bfp8_outlier_lb,controlled_lossy_value_specialized,ok,none,accuracy_pass_runtime_loss,0.0117,0.0098,1.418803,0.743590,,51088,35040,bfp8_outlier,bfp8_outlier,false,0,0,false,0,spmv_max_rel,"PASS, max_abs=18466.0352, max_rel=740.5780"
nasa1824.mtx,bfp4_lb,bfp4_lb,controlled_lossy_value_specialized,fail:1,accuracy_fail,accuracy_fail,0.0121,0.0114,1.371901,0.719008,,28364,35040,bfp4,bfp4,false,0,0,false,0,spmv_max_rel,"FAIL, max_abs=879653.4649, max_rel=732.9184"
nasa1824.mtx,hybrid_lb,hybrid_lb,structural_hybrid,ok,none,promoted_fallback,0.0086,0.0066,1.930233,1.011628,,313664,,original,raw_double,false,,,1,0,exact_abs_or_rel,"PASS, max_abs=0.0000, max_rel=0.0000"
nasa1824.mtx,cusparse_default,cusparse_csr,external_baseline,ok,none,external_baseline,0.0166,0.0123,1.000000,0.524096,,313664,164132,original,original,false,,,true,0,exact_abs_or_rel,"PASS, max_abs=0.0000, max_rel=0.0000"
nemsafm.mtx,original_lb,original_lb,load_balanced_traversal,ok,none,promoted_fallback,0.0079,0.0073,1.544304,1.000000,,22608,7496,original,original,false,0,0,true,0,exact_abs_or_rel,"PASS, max_abs=0.0000, max_rel=0.0000"
nemsafm.mtx,auto_lossless_lb,dict4_lb,lossless_value_specialized,ok,none,accuracy_pass_runtime_loss,0.0102,0.0087,1.196078,0.774510,,7528,7496,auto_lossless,dict4,true,4,7528,true,4,exact_abs_or_rel,"PASS, max_abs=0.0000, max_rel=0.0000"
nemsafm.mtx,fp16_lb,fp16_lb,controlled_lossy_value_specialized,ok,none,accuracy_pass_runtime_loss,0.0098,0.0090,1.244898,0.806122,,5652,7496,fp16,fp16,false,0,0,false,0,spmv_max_rel,"PASS, max_abs=0.0007, max_rel=0.0234"
nemsafm.mtx,bf16_lb,bf16_lb,controlled_lossy_value_specialized,ok,none,accuracy_pass_runtime_loss,0.0099,0.0090,1.232323,0.797980,,5652,7496,bf16,bf16,false,0,0,false,0,spmv_max_rel,"PASS, max_abs=0.0062, max_rel=0.2187"
nemsafm.mtx,bfp8_lb,bfp8_lb,controlled_lossy_value_specialized,ok,none,accuracy_pass_runtime_loss,0.0102,0.0097,1.196078,0.774510,,4700,7496,bfp8,bfp8,false,0,0,false,0,spmv_max_rel,"PASS, max_abs=0.0162, max_rel=0.5869"
nemsafm.mtx,bfp8_outlier_lb,bfp8_outlier_lb,controlled_lossy_value_specialized,ok,none,accuracy_pass_runtime_loss,0.0097,0.0089,1.257732,0.814433,,4700,7496,bfp8_outlier,bfp8_outlier,false,0,0,false,0,spmv_max_rel,"PASS, max_abs=0.0162, max_rel=0.5869"
nemsafm.mtx,bfp4_lb,bfp4_lb,controlled_lossy_value_specialized,ok,none,accuracy_pass_runtime_loss,0.0136,0.0126,0.897059,0.580882,,3287,7496,bfp4,bfp4,false,0,0,false,0,spmv_max_rel,"PASS, max_abs=0.0162, max_rel=1.0000"
nemsafm.mtx,hybrid_lb,hybrid_lb,structural_hybrid,ok,none,promoted_fallback,0.0070,0.0052,1.742857,1.128571,,22608,,original,raw_double,false,,,1,0,exact_abs_or_rel,"PASS, max_abs=0.0000, max_rel=0.0000"
nemsafm.mtx,cusparse_default,cusparse_csr,external_baseline,ok,none,external_baseline,0.0122,0.0102,1.000000,0.647541,,22608,12644,original,original,false,,,true,0,exact_abs_or_rel,"PASS, max_abs=0.0000, max_rel=0.0000"
nsir_A_1.mtx,original_lb,original_lb,load_balanced_traversal,ok,none,promoted_fallback,0.0089,0.0084,1.685393,1.000000,,1145992,237384,original,original,false,0,0,true,0,exact_abs_or_rel,"PASS, max_abs=0.0000, max_rel=0.0000"
nsir_A_1.mtx,auto_lossless_lb,dict2_lb,lossless_value_specialized,ok,none,accuracy_pass_runtime_loss,0.0125,0.0106,1.200000,0.712000,,118708,237384,auto_lossless,dict2,true,2,118708,true,2,exact_abs_or_rel,"PASS, max_abs=0.0000, max_rel=0.0000"
nsir_A_1.mtx,fp16_lb,fp16_lb,controlled_lossy_value_specialized,fail:1,accuracy_fail,accuracy_fail,0.0094,0.0086,1.595745,0.946809,,286498,237384,fp16,fp16,false,0,0,false,0,spmv_max_rel,"FAIL, max_abs=inf, max_rel=inf"
nsir_A_1.mtx,bf16_lb,bf16_lb,controlled_lossy_value_specialized,ok,none,accuracy_pass_runtime_loss,0.0092,0.0084,1.630435,0.967391,,286498,237384,bf16,bf16,false,0,0,false,0,spmv_max_rel,"PASS, max_abs=1725.0000, max_rel=0.0002"
nsir_A_1.mtx,bfp8_lb,bfp8_lb,controlled_lossy_value_specialized,ok,none,accuracy_pass_runtime_loss,0.0101,0.0091,1.485149,0.881188,,202595,237384,bfp8,bfp8,false,0,0,false,0,spmv_max_rel,"PASS, max_abs=15675.3750, max_rel=624999999999999977243518435328.0000"
nsir_A_1.mtx,bfp8_outlier_lb,bfp8_outlier_lb,controlled_lossy_value_specialized,ok,none,accuracy_pass_runtime_loss,0.0099,0.0088,1.515152,0.898990,,202595,237384,bfp8_outlier,bfp8_outlier,false,0,0,false,0,spmv_max_rel,"PASS, max_abs=15675.3750, max_rel=624999999999999977243518435328.0000"
nsir_A_1.mtx,bfp4_lb,bfp4_lb,controlled_lossy_value_specialized,ok,none,accuracy_pass_runtime_loss,0.0136,0.0125,1.102941,0.654412,,130971,237384,bfp4,bfp4,false,0,0,false,0,spmv_max_rel,"PASS, max_abs=1724.6250, max_rel=624999999999999977243518435328.0000"
nsir_A_1.mtx,hybrid_lb,hybrid_lb,structural_hybrid,ok,none,promoted_fallback,0.0173,0.0157,0.867052,0.514451,,1145992,,original,raw_double,false,,,1,0,exact_abs_or_rel,"PASS, max_abs=0.0000, max_rel=0.0000"
nsir_A_1.mtx,cusparse_default,cusparse_csr,external_baseline,ok,none,external_baseline,0.0150,0.0123,1.000000,0.593333,,1145992,590628,original,original,false,,,true,0,exact_abs_or_rel,"PASS, max_abs=0.0000, max_rel=0.0000"
orsirr_2.mtx,original_lb,original_lb,load_balanced_traversal,ok,none,promoted_fallback,0.0087,0.0072,1.574713,1.000000,,47760,10808,original,original,false,0,0,true,0,exact_abs_or_rel,"PASS, max_abs=0.0000, max_rel=0.0000"
orsirr_2.mtx,auto_lossless_lb,dict256_u8_lb,lossless_value_specialized,ok,none,accuracy_pass_runtime_loss,0.0108,0.0094,1.268519,0.805556,,44664,10808,auto_lossless,dict256_u8,true,179,44664,true,179,exact_abs_or_rel,"PASS, max_abs=0.0000, max_rel=0.0000"
orsirr_2.mtx,fp16_lb,fp16_lb,controlled_lossy_value_specialized,fail:1,accuracy_fail,accuracy_fail,0.0104,0.0095,1.317308,0.836538,,11940,10808,fp16,fp16,false,0,0,false,0,spmv_max_rel,"FAIL, max_abs=inf, max_rel=inf"
orsirr_2.mtx,bf16_lb,bf16_lb,controlled_lossy_value_specialized,ok,none,accuracy_pass_runtime_loss,0.0110,0.0096,1.245455,0.790909,,11940,10808,bf16,bf16,false,0,0,false,0,spmv_max_rel,"PASS, max_abs=450.3177, max_rel=2499999999999999908974073741312.0000"
orsirr_2.mtx,bfp8_lb,bfp8_lb,controlled_lossy_value_specialized,ok,none,accuracy_pass_runtime_loss,0.0091,0.0078,1.505495,0.956044,,8672,10808,bfp8,bfp8,false,0,0,false,0,spmv_max_rel,"PASS, max_abs=514.3935, max_rel=7758377075195312134302201806848.0000"
orsirr_2.mtx,bfp8_outlier_lb,bfp8_outlier_lb,controlled_lossy_value_specialized,ok,none,accuracy_pass_runtime_loss,0.0114,0.0100,1.201754,0.763158,,9008,10808,bfp8_outlier,bfp8_outlier,false,0,0,false,0,spmv_max_rel,"PASS, max_abs=267.2136, max_rel=7758377075195312134302201806848.0000"
orsirr_2.mtx,bfp4_lb,bfp4_lb,controlled_lossy_value_specialized,fail:1,accuracy_fail,accuracy_fail,0.0135,0.0111,1.014815,0.644444,,5687,10808,bfp4,bfp4,false,0,0,false,0,spmv_max_rel,"FAIL, max_abs=18389.1259, max_rel=37657470703124997427661086130176.0000"
orsirr_2.mtx,hybrid_lb,hybrid_lb,structural_hybrid,ok,none,promoted_fallback,0.0071,0.0056,1.929577,1.225352,,47760,,original,raw_double,false,,,1,0,exact_abs_or_rel,"PASS, max_abs=0.0000, max_rel=0.0000"
orsirr_2.mtx,cusparse_default,cusparse_csr,external_baseline,ok,none,external_baseline,0.0137,0.0123,1.000000,0.635036,,47760,27428,original,original,false,,,true,0,exact_abs_or_rel,"PASS, max_abs=0.0000, max_rel=0.0000"
oscil_dcop_01.mtx,original_lb,original_lb,load_balanced_traversal,ok,none,promoted_fallback,0.0081,0.0073,1.469136,1.000000,,12352,4440,original,original,false,0,0,true,0,exact_abs_or_rel,"PASS, max_abs=0.0000, max_rel=0.0000"
oscil_dcop_01.mtx,auto_lossless_lb,original_lb,load_balanced_traversal,ok,none,promoted_fallback,0.0082,0.0064,1.451220,0.987805,,12352,4440,auto_lossless,original,true,203,12352,true,0,exact_abs_or_rel,"PASS, max_abs=0.0000, max_rel=0.0000"
oscil_dcop_01.mtx,fp16_lb,fp16_lb,controlled_lossy_value_specialized,fail:1,accuracy_fail,accuracy_fail,0.0095,0.0081,1.252632,0.852632,,3088,4440,fp16,fp16,false,0,0,false,0,spmv_max_rel,"FAIL, max_abs=inf, max_rel=inf"
oscil_dcop_01.mtx,bf16_lb,bf16_lb,controlled_lossy_value_specialized,ok,none,accuracy_pass_runtime_loss,0.0113,0.0099,1.053097,0.716814,,3088,4440,bf16,bf16,false,0,0,false,0,spmv_max_rel,"PASS, max_abs=648.0000, max_rel=9.5455"
oscil_dcop_01.mtx,bfp8_lb,bfp8_lb,controlled_lossy_value_specialized,ok,none,accuracy_pass_runtime_loss,0.0090,0.0073,1.322222,0.900000,,2654,4440,bfp8,bfp8,false,0,0,false,0,spmv_max_rel,"PASS, max_abs=1543.0000, max_rel=393751.0028"
oscil_dcop_01.mtx,bfp8_outlier_lb,bfp8_outlier_lb,controlled_lossy_value_specialized,ok,none,accuracy_pass_runtime_loss,0.0105,0.0088,1.133333,0.771429,,2750,4440,bfp8_outlier,bfp8_outlier,false,0,0,false,0,spmv_max_rel,"PASS, max_abs=863.9890, max_rel=393751.0028"
oscil_dcop_01.mtx,bfp4_lb,bfp4_lb,controlled_lossy_value_specialized,fail:1,accuracy_fail,accuracy_fail,0.0113,0.0107,1.053097,0.716814,,1882,4440,bfp4,bfp4,false,0,0,false,0,spmv_max_rel,"FAIL, max_abs=28392.0000, max_rel=7150001.0506"
oscil_dcop_01.mtx,hybrid_lb,hybrid_lb,structural_hybrid,ok,none,promoted_fallback,0.0068,0.0048,1.750000,1.191176,,12352,,original,raw_double,false,,,1,0,exact_abs_or_rel,"PASS, max_abs=0.0000, max_rel=0.0000"
oscil_dcop_01.mtx,cusparse_default,cusparse_csr,external_baseline,ok,none,external_baseline,0.0119,0.0102,1.000000,0.680672,,12352,7900,original,original,false,,,true,0,exact_abs_or_rel,"PASS, max_abs=0.0000, max_rel=0.0000"
oscil_dcop_09.mtx,original_lb,original_lb,load_balanced_traversal,ok,none,promoted_fallback,0.0080,0.0075,1.675000,1.000000,,12352,4440,original,original,false,0,0,true,0,exact_abs_or_rel,"PASS, max_abs=0.0000, max_rel=0.0233"
oscil_dcop_09.mtx,auto_lossless_lb,original_lb,load_balanced_traversal,ok,none,promoted_fallback,0.0090,0.0081,1.488889,0.888889,,12352,4440,auto_lossless,original,true,530,12352,true,0,exact_abs_or_rel,"PASS, max_abs=0.0000, max_rel=0.0233"
oscil_dcop_09.mtx,fp16_lb,fp16_lb,controlled_lossy_value_specialized,fail:1,accuracy_fail,accuracy_fail,0.0083,0.0071,1.614458,0.963855,,3088,4440,fp16,fp16,false,0,0,false,0,spmv_max_rel,"FAIL, max_abs=inf, max_rel=inf"
oscil_dcop_09.mtx,bf16_lb,bf16_lb,controlled_lossy_value_specialized,ok,none,accuracy_pass_runtime_loss,0.0091,0.0071,1.472527,0.879121,,3088,4440,bf16,bf16,false,0,0,false,0,spmv_max_rel,"PASS, max_abs=648.0000, max_rel=9.5455"
oscil_dcop_09.mtx,bfp8_lb,bfp8_lb,controlled_lossy_value_specialized,ok,none,accuracy_pass_runtime_loss,0.0090,0.0081,1.488889,0.888889,,2654,4440,bfp8,bfp8,false,0,0,false,0,spmv_max_rel,"PASS, max_abs=1543.0000, max_rel=2886020239938.1743"
oscil_dcop_09.mtx,bfp8_outlier_lb,bfp8_outlier_lb,controlled_lossy_value_specialized,ok,none,accuracy_pass_runtime_loss,0.0104,0.0093,1.288462,0.769231,,2750,4440,bfp8_outlier,bfp8_outlier,false,0,0,false,0,spmv_max_rel,"PASS, max_abs=863.9890, max_rel=2886020239938.1743"
oscil_dcop_09.mtx,bfp4_lb,bfp4_lb,controlled_lossy_value_specialized,fail:1,accuracy_fail,accuracy_fail,0.0114,0.0096,1.175439,0.701754,,1882,4440,bfp4,bfp4,false,0,0,false,0,spmv_max_rel,"FAIL, max_abs=28392.0000, max_rel=5130702648781.7539"
oscil_dcop_09.mtx,hybrid_lb,hybrid_lb,structural_hybrid,ok,none,promoted_fallback,0.0064,0.0049,2.093750,1.250000,,12352,,original,raw_double,false,,,1,0,exact_abs_or_rel,"PASS, max_abs=0.0000, max_rel=0.0219"
oscil_dcop_09.mtx,cusparse_default,cusparse_csr,external_baseline,ok,none,external_baseline,0.0134,0.0102,1.000000,0.597015,,12352,7900,original,original,false,,,true,0,exact_abs_or_rel,"PASS, max_abs=0.0000, max_rel=0.0001"
oscil_dcop_17.mtx,original_lb,original_lb,load_balanced_traversal,ok,none,promoted_fallback,0.0081,0.0069,1.802469,1.000000,,12352,4440,original,original,false,0,0,true,0,exact_abs_or_rel,"PASS, max_abs=0.0000, max_rel=0.0569"
oscil_dcop_17.mtx,auto_lossless_lb,original_lb,load_balanced_traversal,ok,none,promoted_fallback,0.0077,0.0069,1.896104,1.051948,,12352,4440,auto_lossless,original,true,553,12352,true,0,exact_abs_or_rel,"PASS, max_abs=0.0000, max_rel=0.0569"
oscil_dcop_17.mtx,fp16_lb,fp16_lb,controlled_lossy_value_specialized,fail:1,accuracy_fail,accuracy_fail,0.0106,0.0088,1.377358,0.764151,,3088,4440,fp16,fp16,false,0,0,false,0,spmv_max_rel,"FAIL, max_abs=inf, max_rel=inf"
oscil_dcop_17.mtx,bf16_lb,bf16_lb,controlled_lossy_value_specialized,ok,none,accuracy_pass_runtime_loss,0.0082,0.0070,1.780488,0.987805,,3088,4440,bf16,bf16,false,0,0,false,0,spmv_max_rel,"PASS, max_abs=648.0000, max_rel=4.9955"
oscil_dcop_17.mtx,bfp8_lb,bfp8_lb,controlled_lossy_value_specialized,ok,none,accuracy_pass_runtime_loss,0.0088,0.0069,1.659091,0.920455,,2654,4440,bfp8,bfp8,false,0,0,false,0,spmv_max_rel,"PASS, max_abs=1543.0000, max_rel=393751.0028"
oscil_dcop_17.mtx,bfp8_outlier_lb,bfp8_outlier_lb,controlled_lossy_value_specialized,ok,none,accuracy_pass_runtime_loss,0.0159,0.0100,0.918239,0.509434,,2750,4440,bfp8_outlier,bfp8_outlier,false,0,0,false,0,spmv_max_rel,"PASS, max_abs=863.9890, max_rel=393751.0028"
oscil_dcop_17.mtx,bfp4_lb,bfp4_lb,controlled_lossy_value_specialized,fail:1,accuracy_fail,accuracy_fail,0.0115,0.0097,1.269565,0.704348,,1882,4440,bfp4,bfp4,false,0,0,false,0,spmv_max_rel,"FAIL, max_abs=28392.0000, max_rel=7150001.0506"
oscil_dcop_17.mtx,hybrid_lb,hybrid_lb,structural_hybrid,ok,none,promoted_fallback,0.0069,0.0051,2.115942,1.173913,,12352,,original,raw_double,false,,,1,0,exact_abs_or_rel,"PASS, max_abs=0.0000, max_rel=0.0226"
oscil_dcop_17.mtx,cusparse_default,cusparse_csr,external_baseline,ok,none,external_baseline,0.0146,0.0102,1.000000,0.554795,,12352,7900,original,original,false,,,true,0,exact_abs_or_rel,"PASS, max_abs=0.0000, max_rel=0.0000"
oscil_dcop_25.mtx,original_lb,original_lb,load_balanced_traversal,ok,none,promoted_fallback,0.0096,0.0085,1.291667,1.000000,,12352,4440,original,original,false,0,0,true,0,exact_abs_or_rel,"PASS, max_abs=0.0000, max_rel=0.0223"
oscil_dcop_25.mtx,auto_lossless_lb,original_lb,load_balanced_traversal,ok,none,promoted_fallback,0.0078,0.0059,1.589744,1.230769,,12352,4440,auto_lossless,original,true,537,12352,true,0,exact_abs_or_rel,"PASS, max_abs=0.0000, max_rel=0.0223"
oscil_dcop_25.mtx,fp16_lb,fp16_lb,controlled_lossy_value_specialized,fail:1,accuracy_fail,accuracy_fail,0.0085,0.0072,1.458824,1.129412,,3088,4440,fp16,fp16,false,0,0,false,0,spmv_max_rel,"FAIL, max_abs=inf, max_rel=inf"
oscil_dcop_25.mtx,bf16_lb,bf16_lb,controlled_lossy_value_specialized,ok,none,accuracy_pass_runtime_win,0.0081,0.0071,1.530864,1.185185,,3088,4440,bf16,bf16,false,0,0,false,0,spmv_max_rel,"PASS, max_abs=648.0000, max_rel=5.9991"
oscil_dcop_25.mtx,bfp8_lb,bfp8_lb,controlled_lossy_value_specialized,ok,none,accuracy_pass_runtime_win,0.0080,0.0068,1.550000,1.200000,,2654,4440,bfp8,bfp8,false,0,0,false,0,spmv_max_rel,"PASS, max_abs=1543.0000, max_rel=1142544454.3862"
oscil_dcop_25.mtx,bfp8_outlier_lb,bfp8_outlier_lb,controlled_lossy_value_specialized,ok,none,accuracy_pass_runtime_loss,0.0102,0.0084,1.215686,0.941176,,2750,4440,bfp8_outlier,bfp8_outlier,false,0,0,false,0,spmv_max_rel,"PASS, max_abs=863.9890, max_rel=1142544454.3862"
oscil_dcop_25.mtx,bfp4_lb,bfp4_lb,controlled_lossy_value_specialized,fail:1,accuracy_fail,accuracy_fail,0.0119,0.0099,1.042017,0.806723,,1882,4440,bfp4,bfp4,false,0,0,false,0,spmv_max_rel,"FAIL, max_abs=28392.0000, max_rel=17433728492.3681"
oscil_dcop_25.mtx,hybrid_lb,hybrid_lb,structural_hybrid,ok,none,promoted_fallback,0.0094,0.0068,1.319149,1.021277,,12352,,original,raw_double,false,,,1,0,exact_abs_or_rel,"PASS, max_abs=0.0000, max_rel=0.0214"
oscil_dcop_25.mtx,cusparse_default,cusparse_csr,external_baseline,ok,none,external_baseline,0.0124,0.0102,1.000000,0.774194,,12352,7900,original,original,false,,,true,0,exact_abs_or_rel,"PASS, max_abs=0.0000, max_rel=0.0023"
oscil_dcop_33.mtx,original_lb,original_lb,load_balanced_traversal,ok,none,promoted_fallback,0.0082,0.0073,1.524390,1.000000,,12352,4440,original,original,false,0,0,true,0,exact_abs_or_rel,"PASS, max_abs=0.0000, max_rel=0.0466"
oscil_dcop_33.mtx,auto_lossless_lb,original_lb,load_balanced_traversal,ok,none,promoted_fallback,0.0077,0.0064,1.623377,1.064935,,12352,4440,auto_lossless,original,true,519,12352,true,0,exact_abs_or_rel,"PASS, max_abs=0.0000, max_rel=0.0466"
oscil_dcop_33.mtx,fp16_lb,fp16_lb,controlled_lossy_value_specialized,fail:1,accuracy_fail,accuracy_fail,0.0096,0.0079,1.302083,0.854167,,3088,4440,fp16,fp16,false,0,0,false,0,spmv_max_rel,"FAIL, max_abs=inf, max_rel=inf"
oscil_dcop_33.mtx,bf16_lb,bf16_lb,controlled_lossy_value_specialized,ok,none,accuracy_pass_runtime_loss,0.0086,0.0071,1.453488,0.953488,,3088,4440,bf16,bf16,false,0,0,false,0,spmv_max_rel,"PASS, max_abs=648.0000, max_rel=9.5455"
oscil_dcop_33.mtx,bfp8_lb,bfp8_lb,controlled_lossy_value_specialized,ok,none,accuracy_pass_runtime_loss,0.0108,0.0096,1.157407,0.759259,,2654,4440,bfp8,bfp8,false,0,0,false,0,spmv_max_rel,"PASS, max_abs=1543.0000, max_rel=78492230109.1370"
oscil_dcop_33.mtx,bfp8_outlier_lb,bfp8_outlier_lb,controlled_lossy_value_specialized,ok,none,accuracy_pass_runtime_loss,0.0104,0.0081,1.201923,0.788462,,2750,4440,bfp8_outlier,bfp8_outlier,false,0,0,false,0,spmv_max_rel,"PASS, max_abs=863.9890, max_rel=78492230109.1370"
oscil_dcop_33.mtx,bfp4_lb,bfp4_lb,controlled_lossy_value_specialized,fail:1,accuracy_fail,accuracy_fail,0.0117,0.0099,1.068376,0.700855,,1882,4440,bfp4,bfp4,false,0,0,false,0,spmv_max_rel,"FAIL, max_abs=28392.0000, max_rel=1197688391455.9780"
oscil_dcop_33.mtx,hybrid_lb,hybrid_lb,structural_hybrid,ok,none,promoted_fallback,0.0068,0.0052,1.838235,1.205882,,12352,,original,raw_double,false,,,1,0,exact_abs_or_rel,"PASS, max_abs=0.0000, max_rel=0.0002"
oscil_dcop_33.mtx,cusparse_default,cusparse_csr,external_baseline,ok,none,external_baseline,0.0125,0.0102,1.000000,0.656000,,12352,7900,original,original,false,,,true,0,exact_abs_or_rel,"PASS, max_abs=0.0000, max_rel=0.0002"
oscil_dcop_41.mtx,original_lb,original_lb,load_balanced_traversal,ok,none,promoted_fallback,0.0079,0.0071,1.544304,1.000000,,12352,4440,original,original,false,0,0,true,0,exact_abs_or_rel,"PASS, max_abs=0.0000, max_rel=0.0256"
oscil_dcop_41.mtx,auto_lossless_lb,original_lb,load_balanced_traversal,ok,none,promoted_fallback,0.0084,0.0067,1.452381,0.940476,,12352,4440,auto_lossless,original,true,471,12352,true,0,exact_abs_or_rel,"PASS, max_abs=0.0000, max_rel=0.0256"
oscil_dcop_41.mtx,fp16_lb,fp16_lb,controlled_lossy_value_specialized,fail:1,accuracy_fail,accuracy_fail,0.0095,0.0079,1.284211,0.831579,,3088,4440,fp16,fp16,false,0,0,false,0,spmv_max_rel,"FAIL, max_abs=inf, max_rel=inf"
oscil_dcop_41.mtx,bf16_lb,bf16_lb,controlled_lossy_value_specialized,ok,none,accuracy_pass_runtime_loss,0.0085,0.0070,1.435294,0.929412,,3088,4440,bf16,bf16,false,0,0,false,0,spmv_max_rel,"PASS, max_abs=648.0000, max_rel=9.5455"
oscil_dcop_41.mtx,bfp8_lb,bfp8_lb,controlled_lossy_value_specialized,ok,none,accuracy_pass_runtime_loss,0.0080,0.0069,1.525000,0.987500,,2654,4440,bfp8,bfp8,false,0,0,false,0,spmv_max_rel,"PASS, max_abs=1543.0000, max_rel=21349053362.7916"
oscil_dcop_41.mtx,bfp8_outlier_lb,bfp8_outlier_lb,controlled_lossy_value_specialized,ok,none,accuracy_pass_runtime_loss,0.0129,0.0105,0.945736,0.612403,,2750,4440,bfp8_outlier,bfp8_outlier,false,0,0,false,0,spmv_max_rel,"PASS, max_abs=863.9890, max_rel=21349053362.7916"
oscil_dcop_41.mtx,bfp4_lb,bfp4_lb,controlled_lossy_value_specialized,fail:1,accuracy_fail,accuracy_fail,0.0114,0.0099,1.070175,0.692982,,1882,4440,bfp4,bfp4,false,0,0,false,0,spmv_max_rel,"FAIL, max_abs=28392.0000, max_rel=325758528515.6041"
oscil_dcop_41.mtx,hybrid_lb,hybrid_lb,structural_hybrid,ok,none,promoted_fallback,0.0082,0.0054,1.487805,0.963415,,12352,,original,raw_double,false,,,1,0,exact_abs_or_rel,"PASS, max_abs=0.0000, max_rel=0.0015"
oscil_dcop_41.mtx,cusparse_default,cusparse_csr,external_baseline,ok,none,external_baseline,0.0122,0.0102,1.000000,0.647541,,12352,7900,original,original,false,,,true,0,exact_abs_or_rel,"PASS, max_abs=0.0000, max_rel=0.0001"
oscil_dcop_49.mtx,original_lb,original_lb,load_balanced_traversal,ok,none,promoted_fallback,0.0082,0.0072,1.487805,1.000000,,12352,4440,original,original,false,0,0,true,0,exact_abs_or_rel,"PASS, max_abs=0.0000, max_rel=0.1427"
oscil_dcop_49.mtx,auto_lossless_lb,original_lb,load_balanced_traversal,ok,none,promoted_fallback,0.0080,0.0073,1.525000,1.025000,,12352,4440,auto_lossless,original,true,447,12352,true,0,exact_abs_or_rel,"PASS, max_abs=0.0000, max_rel=0.1427"
oscil_dcop_49.mtx,fp16_lb,fp16_lb,controlled_lossy_value_specialized,fail:1,accuracy_fail,accuracy_fail,0.0087,0.0072,1.402299,0.942529,,3088,4440,fp16,fp16,false,0,0,false,0,spmv_max_rel,"FAIL, max_abs=inf, max_rel=inf"
oscil_dcop_49.mtx,bf16_lb,bf16_lb,controlled_lossy_value_specialized,ok,none,accuracy_pass_runtime_loss,0.0092,0.0071,1.326087,0.891304,,3088,4440,bf16,bf16,false,0,0,false,0,spmv_max_rel,"PASS, max_abs=648.0000, max_rel=9.5455"
oscil_dcop_49.mtx,bfp8_lb,bfp8_lb,controlled_lossy_value_specialized,ok,none,accuracy_pass_runtime_loss,0.0095,0.0078,1.284211,0.863158,,2654,4440,bfp8,bfp8,false,0,0,false,0,spmv_max_rel,"PASS, max_abs=1543.0000, max_rel=12727692745.8126"
oscil_dcop_49.mtx,bfp8_outlier_lb,bfp8_outlier_lb,controlled_lossy_value_specialized,ok,none,accuracy_pass_runtime_loss,0.0105,0.0077,1.161905,0.780952,,2750,4440,bfp8_outlier,bfp8_outlier,false,0,0,false,0,spmv_max_rel,"PASS, max_abs=863.9890, max_rel=12727692745.8126"
oscil_dcop_49.mtx,bfp4_lb,bfp4_lb,controlled_lossy_value_specialized,fail:1,accuracy_fail,accuracy_fail,0.0117,0.0099,1.042735,0.700855,,1882,4440,bfp4,bfp4,false,0,0,false,0,spmv_max_rel,"FAIL, max_abs=28392.0000, max_rel=194207883116.7578"
oscil_dcop_49.mtx,hybrid_lb,hybrid_lb,structural_hybrid,ok,none,promoted_fallback,0.0069,0.0053,1.768116,1.188406,,12352,,original,raw_double,false,,,1,0,exact_abs_or_rel,"PASS, max_abs=0.0000, max_rel=0.0193"
oscil_dcop_49.mtx,cusparse_default,cusparse_csr,external_baseline,ok,none,external_baseline,0.0122,0.0099,1.000000,0.672131,,12352,7900,original,original,false,,,true,0,exact_abs_or_rel,"PASS, max_abs=0.0000, max_rel=0.0001"
oscil_dcop_57.mtx,original_lb,original_lb,load_balanced_traversal,ok,none,promoted_fallback,0.0078,0.0071,1.564103,1.000000,,12352,4440,original,original,false,0,0,true,0,exact_abs_or_rel,"PASS, max_abs=0.0000, max_rel=0.1475"
oscil_dcop_57.mtx,auto_lossless_lb,original_lb,load_balanced_traversal,ok,none,promoted_fallback,0.0080,0.0068,1.525000,0.975000,,12352,4440,auto_lossless,original,true,421,12352,true,0,exact_abs_or_rel,"PASS, max_abs=0.0000, max_rel=0.1475"
oscil_dcop_57.mtx,fp16_lb,fp16_lb,controlled_lossy_value_specialized,fail:1,accuracy_fail,accuracy_fail,0.0090,0.0073,1.355556,0.866667,,3088,4440,fp16,fp16,false,0,0,false,0,spmv_max_rel,"FAIL, max_abs=inf, max_rel=inf"
oscil_dcop_57.mtx,bf16_lb,bf16_lb,controlled_lossy_value_specialized,ok,none,accuracy_pass_runtime_loss,0.0087,0.0081,1.402299,0.896552,,3088,4440,bf16,bf16,false,0,0,false,0,spmv_max_rel,"PASS, max_abs=648.0000, max_rel=9.5455"
oscil_dcop_57.mtx,bfp8_lb,bfp8_lb,controlled_lossy_value_specialized,ok,none,accuracy_pass_runtime_loss,0.0097,0.0068,1.257732,0.804124,,2654,4440,bfp8,bfp8,false,0,0,false,0,spmv_max_rel,"PASS, max_abs=1543.0000, max_rel=22479358795.4356"
oscil_dcop_57.mtx,bfp8_outlier_lb,bfp8_outlier_lb,controlled_lossy_value_specialized,ok,none,accuracy_pass_runtime_loss,0.0104,0.0084,1.173077,0.750000,,2750,4440,bfp8_outlier,bfp8_outlier,false,0,0,false,0,spmv_max_rel,"PASS, max_abs=863.9890, max_rel=22479358795.4356"
oscil_dcop_57.mtx,bfp4_lb,bfp4_lb,controlled_lossy_value_specialized,fail:1,accuracy_fail,accuracy_fail,0.0112,0.0095,1.089286,0.696429,,1882,4440,bfp4,bfp4,false,0,0,false,0,spmv_max_rel,"FAIL, max_abs=28392.0000, max_rel=343005505619.1145"
oscil_dcop_57.mtx,hybrid_lb,hybrid_lb,structural_hybrid,ok,none,promoted_fallback,0.0071,0.0057,1.718310,1.098592,,12352,,original,raw_double,false,,,1,0,exact_abs_or_rel,"PASS, max_abs=0.0000, max_rel=0.0297"
oscil_dcop_57.mtx,cusparse_default,cusparse_csr,external_baseline,ok,none,external_baseline,0.0122,0.0097,1.000000,0.639344,,12352,7900,original,original,false,,,true,0,exact_abs_or_rel,"PASS, max_abs=0.0000, max_rel=0.0001"
plddb_A_12.mtx,original_lb,original_lb,load_balanced_traversal,ok,none,promoted_fallback,0.0075,0.0056,1.880000,1.000000,,86696,26592,original,original,false,0,0,true,0,exact_abs_or_rel,"PASS, max_abs=0.0000, max_rel=0.0000"
plddb_A_12.mtx,auto_lossless_lb,original_lb,load_balanced_traversal,ok,none,promoted_fallback,0.0073,0.0050,1.931507,1.027397,,86696,26592,auto_lossless,original,true,82,86696,true,0,exact_abs_or_rel,"PASS, max_abs=0.0000, max_rel=0.0000"
plddb_A_12.mtx,fp16_lb,fp16_lb,controlled_lossy_value_specialized,ok,none,accuracy_pass_runtime_loss,0.0075,0.0058,1.880000,1.000000,,21674,26592,fp16,fp16,false,0,0,false,0,spmv_max_rel,"PASS, max_abs=0.0280, max_rel=0.0061"
plddb_A_12.mtx,bf16_lb,bf16_lb,controlled_lossy_value_specialized,ok,none,accuracy_pass_runtime_win,0.0070,0.0057,2.014286,1.071429,,21674,26592,bf16,bf16,false,0,0,false,0,spmv_max_rel,"PASS, max_abs=0.2220, max_rel=0.0471"
plddb_A_12.mtx,bfp8_lb,bfp8_lb,controlled_lossy_value_specialized,ok,none,accuracy_pass_runtime_win,0.0071,0.0061,1.985915,1.056338,,17485,26592,bfp8,bfp8,false,0,0,false,0,spmv_max_rel,"PASS, max_abs=0.7292, max_rel=117210388183593735084243419136.0000"
plddb_A_12.mtx,bfp8_outlier_lb,bfp8_outlier_lb,controlled_lossy_value_specialized,ok,none,accuracy_pass_runtime_loss,0.0078,0.0058,1.807692,0.961538,,17485,26592,bfp8_outlier,bfp8_outlier,false,0,0,false,0,spmv_max_rel,"PASS, max_abs=0.7292, max_rel=117210388183593735084243419136.0000"
plddb_A_12.mtx,bfp4_lb,bfp4_lb,controlled_lossy_value_specialized,fail:1,accuracy_fail,accuracy_fail,0.0082,0.0071,1.719512,0.914634,,12067,26592,bfp4,bfp4,false,0,0,false,0,spmv_max_rel,"FAIL, max_abs=6.2691, max_rel=374267578124999961193962536960.0000"
plddb_A_12.mtx,hybrid_lb,hybrid_lb,structural_hybrid,ok,none,promoted_fallback,0.0069,0.0054,2.043478,1.086957,,86696,,original,raw_double,false,,,1,0,exact_abs_or_rel,"PASS, max_abs=0.0000, max_rel=0.0000"
plddb_A_12.mtx,cusparse_default,cusparse_csr,external_baseline,ok,none,external_baseline,0.0141,0.0123,1.000000,0.531915,,86696,55628,original,original,false,,,true,0,exact_abs_or_rel,"PASS, max_abs=0.0000, max_rel=0.0000"
plskz362.mtx,original_lb,original_lb,load_balanced_traversal,ok,none,promoted_fallback,0.0065,0.0047,1.800000,1.000000,,14080,3112,original,original,false,0,0,true,0,exact_abs_or_rel,"PASS, max_abs=0.0000, max_rel=0.0000"
plskz362.mtx,auto_lossless_lb,original_lb,load_balanced_traversal,ok,none,promoted_fallback,0.0076,0.0049,1.539474,0.855263,,14080,3112,auto_lossless,original,true,1530,14080,true,0,exact_abs_or_rel,"PASS, max_abs=0.0000, max_rel=0.0000"
plskz362.mtx,fp16_lb,fp16_lb,controlled_lossy_value_specialized,ok,none,accuracy_pass_runtime_loss,0.0067,0.0052,1.746269,0.970149,,3520,3112,fp16,fp16,false,0,0,false,0,spmv_max_rel,"PASS, max_abs=0.0002, max_rel=0.0095"
plskz362.mtx,bf16_lb,bf16_lb,controlled_lossy_value_specialized,ok,none,accuracy_pass_runtime_loss,0.0072,0.0048,1.625000,0.902778,,3520,3112,bf16,bf16,false,0,0,false,0,spmv_max_rel,"PASS, max_abs=0.0018, max_rel=0.0802"
plskz362.mtx,bfp8_lb,bfp8_lb,controlled_lossy_value_specialized,ok,none,accuracy_pass_runtime_win,0.0064,0.0052,1.828125,1.015625,,2538,3112,bfp8,bfp8,false,0,0,false,0,spmv_max_rel,"PASS, max_abs=0.0023, max_rel=0.6927"
plskz362.mtx,bfp8_outlier_lb,bfp8_outlier_lb,controlled_lossy_value_specialized,ok,none,accuracy_pass_runtime_loss,0.0097,0.0076,1.206186,0.670103,,2666,3112,bfp8_outlier,bfp8_outlier,false,0,0,false,0,spmv_max_rel,"PASS, max_abs=0.0022, max_rel=0.6927"
plskz362.mtx,bfp4_lb,bfp4_lb,controlled_lossy_value_specialized,fail:1,accuracy_fail,accuracy_fail,0.0072,0.0062,1.625000,0.902778,,1658,3112,bfp4,bfp4,false,0,0,false,0,spmv_max_rel,"FAIL, max_abs=0.0321, max_rel=8.5811"
plskz362.mtx,hybrid_lb,hybrid_lb,structural_hybrid,ok,none,promoted_fallback,0.0072,0.0061,1.625000,0.902778,,14080,,original,raw_double,false,,,1,0,exact_abs_or_rel,"PASS, max_abs=0.0000, max_rel=0.0000"
plskz362.mtx,cusparse_default,cusparse_csr,external_baseline,ok,none,external_baseline,0.0117,0.0102,1.000000,0.555556,,14080,8492,original,original,false,,,true,0,exact_abs_or_rel,"PASS, max_abs=0.0000, max_rel=0.0000"
polbooks.mtx,original_lb,original_lb,load_balanced_traversal,ok,none,promoted_fallback,0.0074,0.0060,1.594595,1.000000,,7056,1480,original,original,false,0,0,true,0,exact_abs_or_rel,"PASS, max_abs=0.0000, max_rel=0.0000"
polbooks.mtx,auto_lossless_lb,all_one_lb,lossless_value_specialized,ok,none,accuracy_pass_runtime_loss,0.0080,0.0071,1.475000,0.925000,,0,1480,auto_lossless,all_one,true,1,0,true,0,exact_abs_or_rel,"PASS, max_abs=0.0000, max_rel=0.0000"
polbooks.mtx,fp16_lb,fp16_lb,controlled_lossy_value_specialized,ok,none,accuracy_pass_runtime_win,0.0072,0.0062,1.638889,1.027778,,1764,1480,fp16,fp16,false,0,0,false,0,spmv_max_rel,"PASS, max_abs=0.0000, max_rel=0.0000"
polbooks.mtx,bf16_lb,bf16_lb,controlled_lossy_value_specialized,ok,none,accuracy_pass_runtime_loss,0.0086,0.0077,1.372093,0.860465,,1764,1480,bf16,bf16,false,0,0,false,0,spmv_max_rel,"PASS, max_abs=0.0000, max_rel=0.0000"
polbooks.mtx,bfp8_lb,bfp8_lb,controlled_lossy_value_specialized,ok,none,accuracy_pass_runtime_win,0.0066,0.0057,1.787879,1.121212,,1252,1480,bfp8,bfp8,false,0,0,false,0,spmv_max_rel,"PASS, max_abs=0.0003, max_rel=0.0001"
polbooks.mtx,bfp8_outlier_lb,bfp8_outlier_lb,controlled_lossy_value_specialized,ok,none,accuracy_pass_runtime_win,0.0068,0.0054,1.735294,1.088235,,1252,1480,bfp8_outlier,bfp8_outlier,false,0,0,false,0,spmv_max_rel,"PASS, max_abs=0.0003, max_rel=0.0001"
polbooks.mtx,bfp4_lb,bfp4_lb,controlled_lossy_value_specialized,ok,none,accuracy_pass_runtime_loss,0.0101,0.0086,1.168317,0.732673,,811,1480,bfp4,bfp4,false,0,0,false,0,spmv_max_rel,"PASS, max_abs=0.0105, max_rel=0.0020"
polbooks.mtx,hybrid_lb,hybrid_lb,structural_hybrid,ok,none,promoted_fallback,0.0062,0.0050,1.903226,1.193548,,7056,,original,raw_double,false,,,1,0,exact_abs_or_rel,"PASS, max_abs=0.0000, max_rel=0.0000"
polbooks.mtx,cusparse_default,cusparse_csr,external_baseline,ok,none,external_baseline,0.0118,0.0082,1.000000,0.627119,,7056,3952,original,original,false,,,true,0,exact_abs_or_rel,"PASS, max_abs=0.0000, max_rel=0.0000"
qiulp.mtx,original_lb,original_lb,load_balanced_traversal,ok,none,promoted_fallback,0.0086,0.0073,1.604651,1.000000,,35936,10016,original,original,false,0,0,true,0,exact_abs_or_rel,"PASS, max_abs=0.0000, max_rel=0.0000"
qiulp.mtx,auto_lossless_lb,original_lb,load_balanced_traversal,ok,none,promoted_fallback,0.0089,0.0077,1.550562,0.966292,,35936,10016,auto_lossless,original,true,22,35936,true,0,exact_abs_or_rel,"PASS, max_abs=0.0000, max_rel=0.0000"
qiulp.mtx,fp16_lb,fp16_lb,controlled_lossy_value_specialized,ok,none,accuracy_pass_runtime_loss,0.0093,0.0078,1.483871,0.924731,,8984,10016,fp16,fp16,false,0,0,false,0,spmv_max_rel,"PASS, max_abs=0.0044, max_rel=0.0234"
qiulp.mtx,bf16_lb,bf16_lb,controlled_lossy_value_specialized,ok,none,accuracy_pass_runtime_loss,0.0095,0.0087,1.452632,0.905263,,8984,10016,bf16,bf16,false,0,0,false,0,spmv_max_rel,"PASS, max_abs=0.0200, max_rel=0.1719"
qiulp.mtx,bfp8_lb,bfp8_lb,controlled_lossy_value_specialized,ok,none,accuracy_pass_runtime_loss,0.0095,0.0088,1.452632,0.905263,,6996,10016,bfp8,bfp8,false,0,0,false,0,spmv_max_rel,"PASS, max_abs=0.0298, max_rel=0.1764"
qiulp.mtx,bfp8_outlier_lb,bfp8_outlier_lb,controlled_lossy_value_specialized,ok,none,accuracy_pass_runtime_loss,0.0110,0.0093,1.254545,0.781818,,7252,10016,bfp8_outlier,bfp8_outlier,false,0,0,false,0,spmv_max_rel,"PASS, max_abs=0.0101, max_rel=0.1764"
qiulp.mtx,bfp4_lb,bfp4_lb,controlled_lossy_value_specialized,ok,none,accuracy_pass_runtime_loss,0.0133,0.0130,1.037594,0.646617,,4750,10016,bfp4,bfp4,false,0,0,false,0,spmv_max_rel,"PASS, max_abs=0.0279, max_rel=0.2310"
qiulp.mtx,hybrid_lb,hybrid_lb,structural_hybrid,ok,none,promoted_fallback,0.0104,0.0086,1.326923,0.826923,,35936,,original,raw_double,false,,,1,0,exact_abs_or_rel,"PASS, max_abs=0.0000, max_rel=0.0000"
qiulp.mtx,cusparse_default,cusparse_csr,external_baseline,ok,none,external_baseline,0.0138,0.0123,1.000000,0.623188,,35936,22740,original,original,false,,,true,0,exact_abs_or_rel,"PASS, max_abs=0.0000, max_rel=0.0000"
rajat14.mtx,original_lb,original_lb,load_balanced_traversal,ok,none,promoted_fallback,0.0078,0.0069,1.487179,1.000000,,11800,2064,original,original,false,0,0,true,0,exact_abs_or_rel,"PASS, max_abs=0.0000, max_rel=0.0000"
rajat14.mtx,auto_lossless_lb,original_lb,load_balanced_traversal,ok,none,promoted_fallback,0.0086,0.0078,1.348837,0.906977,,11800,2064,auto_lossless,original,true,728,11800,true,0,exact_abs_or_rel,"PASS, max_abs=0.0000, max_rel=0.0000"
rajat14.mtx,fp16_lb,fp16_lb,controlled_lossy_value_specialized,ok,none,accuracy_pass_runtime_loss,0.0099,0.0077,1.171717,0.787879,,2950,2064,fp16,fp16,false,0,0,false,0,spmv_max_rel,"PASS, max_abs=11.0000, max_rel=0.0195"
rajat14.mtx,bf16_lb,bf16_lb,controlled_lossy_value_specialized,ok,none,accuracy_pass_runtime_loss,0.0101,0.0091,1.148515,0.772277,,2950,2064,bf16,bf16,false,0,0,false,0,spmv_max_rel,"PASS, max_abs=80.5662, max_rel=0.1587"
rajat14.mtx,bfp8_lb,bfp8_lb,controlled_lossy_value_specialized,ok,none,accuracy_pass_runtime_loss,0.0097,0.0087,1.195876,0.804124,,1991,2064,bfp8,bfp8,false,0,0,false,0,spmv_max_rel,"PASS, max_abs=261.2196, max_rel=8.9769"
rajat14.mtx,bfp8_outlier_lb,bfp8_outlier_lb,controlled_lossy_value_specialized,ok,none,accuracy_pass_runtime_loss,0.0116,0.0102,1.000000,0.672414,,2103,2064,bfp8_outlier,bfp8_outlier,false,0,0,false,0,spmv_max_rel,"PASS, max_abs=56.7837, max_rel=14.3621"
rajat14.mtx,bfp4_lb,bfp4_lb,controlled_lossy_value_specialized,fail:1,accuracy_fail,accuracy_fail,0.0126,0.0115,0.920635,0.619048,,1254,2064,bfp4,bfp4,false,0,0,false,0,spmv_max_rel,"FAIL, max_abs=5100.0000, max_rel=70.8627"
rajat14.mtx,hybrid_lb,hybrid_lb,structural_hybrid,ok,none,promoted_fallback,0.0104,0.0091,1.115385,0.750000,,11800,,original,raw_double,false,,,1,0,exact_abs_or_rel,"PASS, max_abs=0.0000, max_rel=0.0000"
rajat14.mtx,cusparse_default,cusparse_csr,external_baseline,ok,none,external_baseline,0.0116,0.0082,1.000000,0.672414,,11800,6624,original,original,false,,,true,0,exact_abs_or_rel,"PASS, max_abs=0.0000, max_rel=0.0000"
rdb200l.mtx,original_lb,original_lb,load_balanced_traversal,ok,none,promoted_fallback,0.0053,0.0033,2.358491,1.000000,,8960,1440,original,original,false,0,0,true,0,exact_abs_or_rel,"PASS, max_abs=0.0000, max_rel=0.0000"
rdb200l.mtx,auto_lossless_lb,dict16_lb,lossless_value_specialized,ok,none,accuracy_pass_runtime_loss,0.0073,0.0058,1.712329,0.726027,,2928,1440,auto_lossless,dict16,true,6,2928,true,6,exact_abs_or_rel,"PASS, max_abs=0.0000, max_rel=0.0000"
rdb200l.mtx,fp16_lb,fp16_lb,controlled_lossy_value_specialized,ok,none,accuracy_pass_runtime_loss,0.0057,0.0046,2.192982,0.929825,,2240,1440,fp16,fp16,false,0,0,false,0,spmv_max_rel,"PASS, max_abs=0.0018, max_rel=0.0003"
rdb200l.mtx,bf16_lb,bf16_lb,controlled_lossy_value_specialized,ok,none,accuracy_pass_runtime_loss,0.0062,0.0049,2.016129,0.854839,,2240,1440,bf16,bf16,false,0,0,false,0,spmv_max_rel,"PASS, max_abs=0.0163, max_rel=0.0078"
rdb200l.mtx,bfp8_lb,bfp8_lb,controlled_lossy_value_specialized,ok,none,accuracy_pass_runtime_loss,0.0068,0.0061,1.838235,0.779412,,1480,1440,bfp8,bfp8,false,0,0,false,0,spmv_max_rel,"PASS, max_abs=0.0685, max_rel=0.0348"
rdb200l.mtx,bfp8_outlier_lb,bfp8_outlier_lb,controlled_lossy_value_specialized,ok,none,accuracy_pass_runtime_loss,0.0060,0.0043,2.083333,0.883333,,1480,1440,bfp8_outlier,bfp8_outlier,false,0,0,false,0,spmv_max_rel,"PASS, max_abs=0.0685, max_rel=0.0348"
rdb200l.mtx,bfp4_lb,bfp4_lb,controlled_lossy_value_specialized,fail:1,accuracy_fail,accuracy_fail,0.0074,0.0059,1.689189,0.716216,,920,1440,bfp4,bfp4,false,0,0,false,0,spmv_max_rel,"FAIL, max_abs=1.1185, max_rel=0.9451"
rdb200l.mtx,hybrid_lb,hybrid_lb,structural_hybrid,ok,none,promoted_fallback,0.0066,0.0049,1.893939,0.803030,,8960,,original,raw_double,false,,,1,0,exact_abs_or_rel,"PASS, max_abs=0.0000, max_rel=0.0000"
rdb200l.mtx,cusparse_default,cusparse_csr,external_baseline,ok,none,external_baseline,0.0125,0.0082,1.000000,0.424000,,8960,5284,original,original,false,,,true,0,exact_abs_or_rel,"PASS, max_abs=0.0000, max_rel=0.0000"
rdb2048_noL.mtx,original_lb,original_lb,load_balanced_traversal,ok,none,promoted_fallback,0.0072,0.0062,2.000000,1.000000,,96256,15616,original,original,false,0,0,true,0,exact_abs_or_rel,"PASS, max_abs=0.0000, max_rel=0.0000"
rdb2048_noL.mtx,auto_lossless_lb,dict16_lb,lossless_value_specialized,ok,none,accuracy_pass_runtime_loss,0.0074,0.0052,1.945946,0.972973,,31280,15616,auto_lossless,dict16,true,6,31280,true,6,exact_abs_or_rel,"PASS, max_abs=0.0000, max_rel=0.0000"
rdb2048_noL.mtx,fp16_lb,fp16_lb,controlled_lossy_value_specialized,ok,none,accuracy_pass_runtime_win,0.0070,0.0060,2.057143,1.028571,,24064,15616,fp16,fp16,false,0,0,false,0,spmv_max_rel,"PASS, max_abs=0.0199, max_rel=0.0155"
rdb2048_noL.mtx,bf16_lb,bf16_lb,controlled_lossy_value_specialized,ok,none,accuracy_pass_runtime_win,0.0069,0.0052,2.086957,1.043478,,24064,15616,bf16,bf16,false,0,0,false,0,spmv_max_rel,"PASS, max_abs=0.4989, max_rel=0.1009"
rdb2048_noL.mtx,bfp8_lb,bfp8_lb,controlled_lossy_value_specialized,ok,none,accuracy_pass_runtime_loss,0.0080,0.0071,1.800000,0.900000,,15936,15616,bfp8,bfp8,false,0,0,false,0,spmv_max_rel,"PASS, max_abs=1.4262, max_rel=1.8153"
rdb2048_noL.mtx,bfp8_outlier_lb,bfp8_outlier_lb,controlled_lossy_value_specialized,ok,none,accuracy_pass_runtime_loss,0.0072,0.0056,2.000000,1.000000,,15936,15616,bfp8_outlier,bfp8_outlier,false,0,0,false,0,spmv_max_rel,"PASS, max_abs=1.4262, max_rel=1.8153"
rdb2048_noL.mtx,bfp4_lb,bfp4_lb,controlled_lossy_value_specialized,fail:1,accuracy_fail,accuracy_fail,0.0087,0.0081,1.655172,0.827586,,9920,15616,bfp4,bfp4,false,0,0,false,0,spmv_max_rel,"FAIL, max_abs=13.9727, max_rel=54.9476"
rdb2048_noL.mtx,hybrid_lb,hybrid_lb,structural_hybrid,ok,none,promoted_fallback,0.0073,0.0062,1.972603,0.986301,,96256,,original,raw_double,false,,,1,0,exact_abs_or_rel,"PASS, max_abs=0.0000, max_rel=0.0000"
rdb2048_noL.mtx,cusparse_default,cusparse_csr,external_baseline,ok,none,external_baseline,0.0144,0.0123,1.000000,0.500000,,96256,56324,original,original,false,,,true,0,exact_abs_or_rel,"PASS, max_abs=0.0000, max_rel=0.0000"
relat3.mtx,original_lb,original_lb,load_balanced_traversal,ok,none,promoted_fallback,0.0050,0.0046,2.460000,1.000000,,192,16,original,original,false,0,0,true,0,exact_abs_or_rel,"PASS, max_abs=0.0000, max_rel=0.0000"
relat3.mtx,auto_lossless_lb,dict4_lb,lossless_value_specialized,ok,none,accuracy_pass_runtime_loss,0.0066,0.0051,1.863636,0.757576,,48,16,auto_lossless,dict4,true,4,48,true,4,exact_abs_or_rel,"PASS, max_abs=0.0000, max_rel=0.0000"
relat3.mtx,fp16_lb,fp16_lb,controlled_lossy_value_specialized,ok,none,accuracy_pass_runtime_loss,0.0050,0.0046,2.460000,1.000000,,48,16,fp16,fp16,false,0,0,false,0,spmv_max_rel,"PASS, max_abs=0.0000, max_rel=0.0000"
relat3.mtx,bf16_lb,bf16_lb,controlled_lossy_value_specialized,ok,none,accuracy_pass_runtime_loss,0.0052,0.0044,2.365385,0.961538,,48,16,bf16,bf16,false,0,0,false,0,spmv_max_rel,"PASS, max_abs=0.0000, max_rel=0.0000"
relat3.mtx,bfp8_lb,bfp8_lb,controlled_lossy_value_specialized,fail:1,accuracy_fail,accuracy_fail,0.0048,0.0041,2.562500,1.041667,,28,16,bfp8,bfp8,false,0,0,false,0,spmv_max_rel,"FAIL, max_abs=0.0069, max_rel=0.0551"
relat3.mtx,bfp8_outlier_lb,bfp8_outlier_lb,controlled_lossy_value_specialized,fail:1,accuracy_fail,accuracy_fail,0.0047,0.0042,2.617021,1.063830,,28,16,bfp8_outlier,bfp8_outlier,false,0,0,false,0,spmv_max_rel,"FAIL, max_abs=0.0069, max_rel=0.0551"
relat3.mtx,bfp4_lb,bfp4_lb,controlled_lossy_value_specialized,fail:1,accuracy_fail,accuracy_fail,0.0054,0.0044,2.277778,0.925926,,16,16,bfp4,bfp4,false,0,0,false,0,spmv_max_rel,"FAIL, max_abs=0.1245, max_rel=0.9961"
relat3.mtx,hybrid_lb,hybrid_lb,structural_hybrid,ok,none,promoted_fallback,0.0062,0.0049,1.983871,0.806452,,192,,original,raw_double,false,,,1,0,exact_abs_or_rel,"PASS, max_abs=0.0000, max_rel=0.0000"
relat3.mtx,cusparse_default,cusparse_csr,external_baseline,ok,none,external_baseline,0.0123,0.0082,1.000000,0.406504,,192,148,original,original,false,,,true,0,exact_abs_or_rel,"PASS, max_abs=0.0000, max_rel=0.0000"
reorientation_5.mtx,original_lb,original_lb,load_balanced_traversal,ok,none,promoted_fallback,0.0111,0.0103,1.288288,1.000000,,284720,59288,original,original,false,0,0,true,0,exact_abs_or_rel,"PASS, max_abs=0.0000, max_rel=0.0000"
reorientation_5.mtx,auto_lossless_lb,original_lb,load_balanced_traversal,ok,none,promoted_fallback,0.0092,0.0072,1.554348,1.206522,,284720,59288,auto_lossless,original,true,10299,284720,true,0,exact_abs_or_rel,"PASS, max_abs=0.0000, max_rel=0.0000"
reorientation_5.mtx,fp16_lb,fp16_lb,controlled_lossy_value_specialized,fail:1,accuracy_fail,accuracy_fail,0.0098,0.0078,1.459184,1.132653,,71180,59288,fp16,fp16,false,0,0,false,0,spmv_max_rel,"FAIL, max_abs=inf, max_rel=inf"
reorientation_5.mtx,bf16_lb,bf16_lb,controlled_lossy_value_specialized,ok,none,accuracy_pass_runtime_win,0.0103,0.0095,1.388350,1.077670,,71180,59288,bf16,bf16,false,0,0,false,0,spmv_max_rel,"PASS, max_abs=806739.1199, max_rel=21.9380"
reorientation_5.mtx,bfp8_lb,bfp8_lb,controlled_lossy_value_specialized,ok,none,accuracy_pass_runtime_win,0.0106,0.0091,1.349057,1.047170,,50412,59288,bfp8,bfp8,false,0,0,false,0,spmv_max_rel,"PASS, max_abs=864428.8801, max_rel=268.5894"
reorientation_5.mtx,bfp8_outlier_lb,bfp8_outlier_lb,controlled_lossy_value_specialized,ok,none,accuracy_pass_runtime_loss,0.0116,0.0098,1.232759,0.956897,,53244,59288,bfp8_outlier,bfp8_outlier,false,0,0,false,0,spmv_max_rel,"PASS, max_abs=48.4279, max_rel=268.5894"
reorientation_5.mtx,bfp4_lb,bfp4_lb,controlled_lossy_value_specialized,fail:1,accuracy_fail,accuracy_fail,0.0142,0.0126,1.007042,0.781690,,32617,59288,bfp4,bfp4,false,0,0,false,0,spmv_max_rel,"FAIL, max_abs=7472620.4601, max_rel=2896.6022"
reorientation_5.mtx,hybrid_lb,hybrid_lb,structural_hybrid,ok,none,promoted_fallback,0.0086,0.0077,1.662791,1.290698,,284720,,original,raw_double,false,,,1,0,exact_abs_or_rel,"PASS, max_abs=0.0000, max_rel=0.0000"
reorientation_5.mtx,cusparse_default,cusparse_csr,external_baseline,ok,none,external_baseline,0.0143,0.0123,1.000000,0.776224,,284720,153980,original,original,false,,,true,0,exact_abs_or_rel,"PASS, max_abs=0.0000, max_rel=0.0000"
rgg010.mtx,original_lb,original_lb,load_balanced_traversal,ok,none,promoted_fallback,0.0060,0.0056,1.983333,1.000000,,608,48,original,original,false,0,0,true,0,exact_abs_or_rel,"PASS, max_abs=0.0000, max_rel=0.0000"
rgg010.mtx,auto_lossless_lb,all_one_lb,lossless_value_specialized,ok,none,accuracy_pass_runtime_win,0.0059,0.0050,2.016949,1.016949,,0,48,auto_lossless,all_one,true,1,0,true,0,exact_abs_or_rel,"PASS, max_abs=0.0000, max_rel=0.0000"
rgg010.mtx,fp16_lb,fp16_lb,controlled_lossy_value_specialized,ok,none,accuracy_pass_runtime_win,0.0050,0.0045,2.380000,1.200000,,152,48,fp16,fp16,false,0,0,false,0,spmv_max_rel,"PASS, max_abs=0.0000, max_rel=0.0000"
rgg010.mtx,bf16_lb,bf16_lb,controlled_lossy_value_specialized,ok,none,accuracy_pass_runtime_win,0.0054,0.0048,2.203704,1.111111,,152,48,bf16,bf16,false,0,0,false,0,spmv_max_rel,"PASS, max_abs=0.0000, max_rel=0.0000"
rgg010.mtx,bfp8_lb,bfp8_lb,controlled_lossy_value_specialized,ok,none,accuracy_pass_runtime_loss,0.0063,0.0051,1.888889,0.952381,,88,48,bfp8,bfp8,false,0,0,false,0,spmv_max_rel,"PASS, max_abs=0.0003, max_rel=0.0001"
rgg010.mtx,bfp8_outlier_lb,bfp8_outlier_lb,controlled_lossy_value_specialized,ok,none,accuracy_pass_runtime_win,0.0059,0.0049,2.016949,1.016949,,88,48,bfp8_outlier,bfp8_outlier,false,0,0,false,0,spmv_max_rel,"PASS, max_abs=0.0003, max_rel=0.0001"
rgg010.mtx,bfp4_lb,bfp4_lb,controlled_lossy_value_specialized,ok,none,accuracy_pass_runtime_loss,0.0060,0.0047,1.983333,1.000000,,50,48,bfp4,bfp4,false,0,0,false,0,spmv_max_rel,"PASS, max_abs=0.0085, max_rel=0.0020"
rgg010.mtx,hybrid_lb,hybrid_lb,structural_hybrid,ok,none,promoted_fallback,0.0061,0.0048,1.950820,0.983607,,608,,original,raw_double,false,,,1,0,exact_abs_or_rel,"PASS, max_abs=0.0000, max_rel=0.0000"
rgg010.mtx,cusparse_default,cusparse_csr,external_baseline,ok,none,external_baseline,0.0119,0.0102,1.000000,0.504202,,608,348,original,original,false,,,true,0,exact_abs_or_rel,"PASS, max_abs=0.0000, max_rel=0.0000"
rkat7_mat5.mtx,original_lb,original_lb,load_balanced_traversal,ok,none,promoted_fallback,0.0103,0.0093,1.349515,1.000000,,304912,47072,original,original,false,0,0,true,0,exact_abs_or_rel,"PASS, max_abs=0.0000, max_rel=0.0000"
rkat7_mat5.mtx,auto_lossless_lb,original_lb,load_balanced_traversal,ok,none,promoted_fallback,0.0088,0.0076,1.579545,1.170455,,304912,47072,auto_lossless,original,true,5401,304912,true,0,exact_abs_or_rel,"PASS, max_abs=0.0000, max_rel=0.0000"
rkat7_mat5.mtx,fp16_lb,fp16_lb,controlled_lossy_value_specialized,fail:1,accuracy_fail,accuracy_fail,0.0086,0.0077,1.616279,1.197674,,76228,47072,fp16,fp16,false,0,0,false,0,spmv_max_rel,"FAIL, max_abs=inf, max_rel=inf"
rkat7_mat5.mtx,bf16_lb,bf16_lb,controlled_lossy_value_specialized,ok,none,accuracy_pass_runtime_loss,0.0103,0.0096,1.349515,1.000000,,76228,47072,bf16,bf16,false,0,0,false,0,spmv_max_rel,"PASS, max_abs=1096.3750, max_rel=1.3913"
rkat7_mat5.mtx,bfp8_lb,bfp8_lb,controlled_lossy_value_specialized,ok,none,accuracy_pass_runtime_loss,0.0103,0.0090,1.349515,1.000000,,49882,47072,bfp8,bfp8,false,0,0,false,0,spmv_max_rel,"PASS, max_abs=2602.1250, max_rel=13.0625"
rkat7_mat5.mtx,bfp8_outlier_lb,bfp8_outlier_lb,controlled_lossy_value_specialized,ok,none,accuracy_pass_runtime_loss,0.0122,0.0106,1.139344,0.844262,,51786,47072,bfp8_outlier,bfp8_outlier,false,0,0,false,0,spmv_max_rel,"PASS, max_abs=2602.1250, max_rel=13.0625"
rkat7_mat5.mtx,bfp4_lb,bfp4_lb,controlled_lossy_value_specialized,fail:1,accuracy_fail,accuracy_fail,0.0134,0.0129,1.037313,0.768657,,30825,47072,bfp4,bfp4,false,0,0,false,0,spmv_max_rel,"FAIL, max_abs=44377.5000, max_rel=31.2444"
rkat7_mat5.mtx,hybrid_lb,hybrid_lb,structural_hybrid,ok,none,promoted_fallback,0.0126,0.0105,1.103175,0.817460,,304912,,original,raw_double,false,,,1,0,exact_abs_or_rel,"PASS, max_abs=0.0000, max_rel=0.0000"
rkat7_mat5.mtx,cusparse_default,cusparse_csr,external_baseline,ok,none,external_baseline,0.0139,0.0102,1.000000,0.741007,,304912,155236,original,original,false,,,true,0,exact_abs_or_rel,"PASS, max_abs=0.0000, max_rel=0.0000"
s3rmt3m1.mtx,original_lb,original_lb,load_balanced_traversal,ok,none,promoted_fallback,0.0066,0.0053,1.984848,1.000000,,1741352,101328,original,original,false,0,0,true,0,exact_abs_or_rel,"PASS, max_abs=0.0000, max_rel=0.0000"
s3rmt3m1.mtx,auto_lossless_lb,dict65536_u16_lb,lossless_value_specialized,ok,none,accuracy_pass_runtime_loss,0.0089,0.0075,1.471910,0.741573,,1016136,101328,auto_lossless,dict65536_u16,true,25689,1016136,true,25689,exact_abs_or_rel,"PASS, max_abs=0.0000, max_rel=0.0000"
s3rmt3m1.mtx,fp16_lb,fp16_lb,controlled_lossy_value_specialized,ok,none,accuracy_pass_runtime_loss,0.0070,0.0062,1.871429,0.942857,,435338,101328,fp16,fp16,false,0,0,false,0,spmv_max_rel,"PASS, max_abs=1.2557, max_rel=4.3200"
s3rmt3m1.mtx,bf16_lb,bf16_lb,controlled_lossy_value_specialized,ok,none,accuracy_pass_runtime_loss,0.0072,0.0057,1.819444,0.916667,,435338,101328,bf16,bf16,false,0,0,false,0,spmv_max_rel,"PASS, max_abs=10.6697, max_rel=38.5440"
s3rmt3m1.mtx,bfp8_lb,bfp8_lb,controlled_lossy_value_specialized,ok,none,accuracy_pass_runtime_loss,0.0103,0.0081,1.271845,0.640777,,243001,101328,bfp8,bfp8,false,0,0,false,0,spmv_max_rel,"PASS, max_abs=40.1857, max_rel=722.8680"
s3rmt3m1.mtx,bfp8_outlier_lb,bfp8_outlier_lb,controlled_lossy_value_specialized,ok,none,accuracy_pass_runtime_loss,0.0107,0.0080,1.224299,0.616822,,260169,101328,bfp8_outlier,bfp8_outlier,false,0,0,false,0,spmv_max_rel,"PASS, max_abs=27.8807, max_rel=1340.5687"
s3rmt3m1.mtx,bfp4_lb,bfp4_lb,controlled_lossy_value_specialized,fail:1,accuracy_fail,accuracy_fail,0.0112,0.0098,1.169643,0.589286,,134167,101328,bfp4,bfp4,false,0,0,false,0,spmv_max_rel,"FAIL, max_abs=857.2726, max_rel=1120.1260"
s3rmt3m1.mtx,hybrid_lb,hybrid_lb,structural_hybrid,ok,none,promoted_fallback,0.0092,0.0086,1.423913,0.717391,,1741352,,original,raw_double,false,,,1,0,exact_abs_or_rel,"PASS, max_abs=0.0000, max_rel=0.0000"
s3rmt3m1.mtx,cusparse_default,cusparse_csr,external_baseline,ok,none,external_baseline,0.0131,0.0102,1.000000,0.503817,,1741352,892636,original,original,false,,,true,0,exact_abs_or_rel,"PASS, max_abs=0.0000, max_rel=0.0000"
scrs8-2r_A_10.mtx,original_lb,original_lb,load_balanced_traversal,ok,none,promoted_fallback,0.0067,0.0063,2.208955,1.000000,,467512,174280,original,original,false,0,0,true,0,exact_abs_or_rel,"PASS, max_abs=0.0000, max_rel=0.0000"
scrs8-2r_A_10.mtx,auto_lossless_lb,original_lb,load_balanced_traversal,ok,none,promoted_fallback,0.0083,0.0071,1.783133,0.807229,,467512,174280,auto_lossless,original,true,24,467512,true,0,exact_abs_or_rel,"PASS, max_abs=0.0000, max_rel=0.0000"
scrs8-2r_A_10.mtx,fp16_lb,fp16_lb,controlled_lossy_value_specialized,ok,none,accuracy_pass_runtime_loss,0.0073,0.0063,2.027397,0.917808,,116878,174280,fp16,fp16,false,0,0,false,0,spmv_max_rel,"PASS, max_abs=0.0002, max_rel=0.0031"
scrs8-2r_A_10.mtx,bf16_lb,bf16_lb,controlled_lossy_value_specialized,ok,none,accuracy_pass_runtime_loss,0.0072,0.0064,2.055556,0.930556,,116878,174280,bf16,bf16,false,0,0,false,0,spmv_max_rel,"PASS, max_abs=0.0015, max_rel=0.1393"
scrs8-2r_A_10.mtx,bfp8_lb,bfp8_lb,controlled_lossy_value_specialized,ok,none,accuracy_pass_runtime_loss,0.0084,0.0061,1.761905,0.797619,,102009,174280,bfp8,bfp8,false,0,0,false,0,spmv_max_rel,"PASS, max_abs=0.2887, max_rel=968933105468749858205597696.0000"
scrs8-2r_A_10.mtx,bfp8_outlier_lb,bfp8_outlier_lb,controlled_lossy_value_specialized,ok,none,accuracy_pass_runtime_loss,0.0071,0.0063,2.084507,0.943662,,102009,174280,bfp8_outlier,bfp8_outlier,false,0,0,false,0,spmv_max_rel,"PASS, max_abs=0.2887, max_rel=968933105468749858205597696.0000"
scrs8-2r_A_10.mtx,bfp4_lb,bfp4_lb,controlled_lossy_value_specialized,fail:1,accuracy_fail,accuracy_fail,0.0083,0.0072,1.783133,0.807229,,72790,174280,bfp4,bfp4,false,0,0,false,0,spmv_max_rel,"FAIL, max_abs=2.8467, max_rel=1708984374999999827824082944.0000"
scrs8-2r_A_10.mtx,hybrid_lb,hybrid_lb,structural_hybrid,ok,none,promoted_fallback,0.0085,0.0066,1.741176,0.788235,,467512,,original,raw_double,false,,,1,0,exact_abs_or_rel,"PASS, max_abs=0.0000, max_rel=0.0000"
scrs8-2r_A_10.mtx,cusparse_default,cusparse_csr,external_baseline,ok,none,external_baseline,0.0148,0.0123,1.000000,0.452703,,467512,291216,original,original,false,,,true,0,exact_abs_or_rel,"PASS, max_abs=0.0000, max_rel=0.0000"
sctap1-2c_A_1.mtx,original_lb,original_lb,load_balanced_traversal,ok,none,promoted_fallback,0.0079,0.0067,1.556962,1.000000,,13424,4976,original,original,false,0,0,true,0,exact_abs_or_rel,"PASS, max_abs=0.0000, max_rel=0.0000"
sctap1-2c_A_1.mtx,auto_lossless_lb,original_lb,load_balanced_traversal,ok,none,promoted_fallback,0.0098,0.0086,1.255102,0.806122,,13424,4976,auto_lossless,original,true,17,13424,true,0,exact_abs_or_rel,"PASS, max_abs=0.0000, max_rel=0.0000"
sctap1-2c_A_1.mtx,fp16_lb,fp16_lb,controlled_lossy_value_specialized,ok,none,accuracy_pass_runtime_loss,0.0096,0.0089,1.281250,0.822917,,3356,4976,fp16,fp16,false,0,0,false,0,spmv_max_rel,"PASS, max_abs=0.0000, max_rel=0.0000"
sctap1-2c_A_1.mtx,bf16_lb,bf16_lb,controlled_lossy_value_specialized,ok,none,accuracy_pass_runtime_loss,0.0090,0.0087,1.366667,0.877778,,3356,4976,bf16,bf16,false,0,0,false,0,spmv_max_rel,"PASS, max_abs=0.0000, max_rel=0.0000"
sctap1-2c_A_1.mtx,bfp8_lb,bfp8_lb,controlled_lossy_value_specialized,ok,none,accuracy_pass_runtime_loss,0.0090,0.0083,1.366667,0.877778,,2922,4976,bfp8,bfp8,false,0,0,false,0,spmv_max_rel,"PASS, max_abs=0.3289, max_rel=161170959472656241778063572992.0000"
sctap1-2c_A_1.mtx,bfp8_outlier_lb,bfp8_outlier_lb,controlled_lossy_value_specialized,ok,none,accuracy_pass_runtime_loss,0.0090,0.0081,1.366667,0.877778,,2922,4976,bfp8_outlier,bfp8_outlier,false,0,0,false,0,spmv_max_rel,"PASS, max_abs=0.3289, max_rel=161170959472656241778063572992.0000"
sctap1-2c_A_1.mtx,bfp4_lb,bfp4_lb,controlled_lossy_value_specialized,fail:1,accuracy_fail,accuracy_fail,0.0133,0.0115,0.924812,0.593985,,2083,4976,bfp4,bfp4,false,0,0,false,0,spmv_max_rel,"FAIL, max_abs=4.0786, max_rel=1001953124999999955602031771648.0000"
sctap1-2c_A_1.mtx,hybrid_lb,hybrid_lb,structural_hybrid,ok,none,promoted_fallback,0.0086,0.0071,1.430233,0.918605,,13424,,original,raw_double,false,,,1,0,exact_abs_or_rel,"PASS, max_abs=0.0000, max_rel=0.0000"
sctap1-2c_A_1.mtx,cusparse_default,cusparse_csr,external_baseline,ok,none,external_baseline,0.0123,0.0102,1.000000,0.642276,,13424,7796,original,original,false,,,true,0,exact_abs_or_rel,"PASS, max_abs=0.0000, max_rel=0.0000"
shl_0.mtx,original_lb,original_lb,load_balanced_traversal,ok,none,promoted_fallback,0.0091,0.0074,1.505495,1.000000,,13496,5144,original,original,false,0,0,true,0,exact_abs_or_rel,"PASS, max_abs=0.0000, max_rel=0.0000"
shl_0.mtx,auto_lossless_lb,original_lb,load_balanced_traversal,ok,none,promoted_fallback,0.0096,0.0074,1.427083,0.947917,,13496,5144,auto_lossless,original,true,176,13496,true,0,exact_abs_or_rel,"PASS, max_abs=0.0000, max_rel=0.0000"
shl_0.mtx,fp16_lb,fp16_lb,controlled_lossy_value_specialized,ok,none,accuracy_pass_runtime_loss,0.0097,0.0091,1.412371,0.938144,,3374,5144,fp16,fp16,false,0,0,false,0,spmv_max_rel,"PASS, max_abs=1.7500, max_rel=0.0001"
shl_0.mtx,bf16_lb,bf16_lb,controlled_lossy_value_specialized,ok,none,accuracy_pass_runtime_loss,0.0097,0.0091,1.412371,0.938144,,3374,5144,bf16,bf16,false,0,0,false,0,spmv_max_rel,"PASS, max_abs=6.7500, max_rel=0.0005"
shl_0.mtx,bfp8_lb,bfp8_lb,controlled_lossy_value_specialized,ok,none,accuracy_pass_runtime_loss,0.0101,0.0089,1.356436,0.900990,,2973,5144,bfp8,bfp8,false,0,0,false,0,spmv_max_rel,"PASS, max_abs=19.1885, max_rel=1.0000"
shl_0.mtx,bfp8_outlier_lb,bfp8_outlier_lb,controlled_lossy_value_specialized,ok,none,accuracy_pass_runtime_loss,0.0112,0.0103,1.223214,0.812500,,3101,5144,bfp8_outlier,bfp8_outlier,false,0,0,false,0,spmv_max_rel,"PASS, max_abs=1.3154, max_rel=0.1676"
shl_0.mtx,bfp4_lb,bfp4_lb,controlled_lossy_value_specialized,ok,none,accuracy_pass_runtime_loss,0.0142,0.0133,0.964789,0.640845,,2130,5144,bfp4,bfp4,false,0,0,false,0,spmv_max_rel,"PASS, max_abs=87.8945, max_rel=1.0000"
shl_0.mtx,hybrid_lb,hybrid_lb,structural_hybrid,ok,none,promoted_fallback,0.0078,0.0061,1.756410,1.166667,,13496,,original,raw_double,false,,,1,0,exact_abs_or_rel,"PASS, max_abs=0.0000, max_rel=0.0000"
shl_0.mtx,cusparse_default,cusparse_csr,external_baseline,ok,none,external_baseline,0.0137,0.0102,1.000000,0.664234,,13496,9404,original,original,false,,,true,0,exact_abs_or_rel,"PASS, max_abs=0.0000, max_rel=0.0000"
small_A_16.mtx,original_lb,original_lb,load_balanced_traversal,ok,none,promoted_fallback,0.0076,0.0065,1.671053,1.000000,,25944,9096,original,original,false,0,0,true,0,exact_abs_or_rel,"PASS, max_abs=0.0000, max_rel=0.0000"
small_A_16.mtx,auto_lossless_lb,original_lb,load_balanced_traversal,ok,none,promoted_fallback,0.0076,0.0064,1.671053,1.000000,,25944,9096,auto_lossless,original,true,687,25944,true,0,exact_abs_or_rel,"PASS, max_abs=0.0000, max_rel=0.0000"
small_A_16.mtx,fp16_lb,fp16_lb,controlled_lossy_value_specialized,ok,none,accuracy_pass_runtime_loss,0.0087,0.0071,1.459770,0.873563,,6486,9096,fp16,fp16,false,0,0,false,0,spmv_max_rel,"PASS, max_abs=0.1018, max_rel=0.0331"
small_A_16.mtx,bf16_lb,bf16_lb,controlled_lossy_value_specialized,ok,none,accuracy_pass_runtime_loss,0.0091,0.0071,1.395604,0.835165,,6486,9096,bf16,bf16,false,0,0,false,0,spmv_max_rel,"PASS, max_abs=0.4723, max_rel=0.2265"
small_A_16.mtx,bfp8_lb,bfp8_lb,controlled_lossy_value_specialized,ok,none,accuracy_pass_runtime_loss,0.0077,0.0070,1.649351,0.987013,,5517,9096,bfp8,bfp8,false,0,0,false,0,spmv_max_rel,"PASS, max_abs=4.1731, max_rel=249984741210937476886061645824.0000"
small_A_16.mtx,bfp8_outlier_lb,bfp8_outlier_lb,controlled_lossy_value_specialized,ok,none,accuracy_pass_runtime_win,0.0073,0.0069,1.739726,1.041096,,5517,9096,bfp8_outlier,bfp8_outlier,false,0,0,false,0,spmv_max_rel,"PASS, max_abs=4.1731, max_rel=249984741210937476886061645824.0000"
small_A_16.mtx,bfp4_lb,bfp4_lb,controlled_lossy_value_specialized,fail:1,accuracy_fail,accuracy_fail,0.0105,0.0091,1.209524,0.723810,,3896,9096,bfp4,bfp4,false,0,0,false,0,spmv_max_rel,"FAIL, max_abs=66.7927, max_rel=249511718749999985857432387584.0000"
small_A_16.mtx,hybrid_lb,hybrid_lb,structural_hybrid,ok,none,promoted_fallback,0.0068,0.0050,1.867647,1.117647,,25944,,original,raw_double,false,,,1,0,exact_abs_or_rel,"PASS, max_abs=0.0000, max_rel=0.0000"
small_A_16.mtx,cusparse_default,cusparse_csr,external_baseline,ok,none,external_baseline,0.0127,0.0102,1.000000,0.598425,,25944,15708,original,original,false,,,true,0,exact_abs_or_rel,"PASS, max_abs=0.0000, max_rel=0.0000"
spaceStation_12.mtx,original_lb,original_lb,load_balanced_traversal,ok,none,promoted_fallback,0.0090,0.0071,1.488889,1.000000,,157824,32760,original,original,false,0,0,true,0,exact_abs_or_rel,"PASS, max_abs=0.0000, max_rel=0.0000"
spaceStation_12.mtx,auto_lossless_lb,original_lb,load_balanced_traversal,ok,none,promoted_fallback,0.0092,0.0078,1.456522,0.978261,,157824,32760,auto_lossless,original,true,5685,157824,true,0,exact_abs_or_rel,"PASS, max_abs=0.0000, max_rel=0.0000"
spaceStation_12.mtx,fp16_lb,fp16_lb,controlled_lossy_value_specialized,ok,none,accuracy_pass_runtime_loss,0.0093,0.0079,1.440860,0.967742,,39456,32760,fp16,fp16,false,0,0,false,0,spmv_max_rel,"PASS, max_abs=0.0362, max_rel=1.0000"
spaceStation_12.mtx,bf16_lb,bf16_lb,controlled_lossy_value_specialized,ok,none,accuracy_pass_runtime_loss,0.0105,0.0090,1.276190,0.857143,,39456,32760,bf16,bf16,false,0,0,false,0,spmv_max_rel,"PASS, max_abs=0.2533, max_rel=0.6941"
spaceStation_12.mtx,bfp8_lb,bfp8_lb,controlled_lossy_value_specialized,ok,none,accuracy_pass_runtime_loss,0.0100,0.0087,1.340000,0.900000,,27918,32760,bfp8,bfp8,false,0,0,false,0,spmv_max_rel,"PASS, max_abs=0.5139, max_rel=5.8033"
spaceStation_12.mtx,bfp8_outlier_lb,bfp8_outlier_lb,controlled_lossy_value_specialized,ok,none,accuracy_pass_runtime_loss,0.0127,0.0107,1.055118,0.708661,,29486,32760,bfp8_outlier,bfp8_outlier,false,0,0,false,0,spmv_max_rel,"PASS, max_abs=0.4693, max_rel=5.8033"
spaceStation_12.mtx,bfp4_lb,bfp4_lb,controlled_lossy_value_specialized,fail:1,accuracy_fail,accuracy_fail,0.0144,0.0132,0.930556,0.625000,,18054,32760,bfp4,bfp4,false,0,0,false,0,spmv_max_rel,"FAIL, max_abs=7.1126, max_rel=201.6401"
spaceStation_12.mtx,hybrid_lb,hybrid_lb,structural_hybrid,ok,none,promoted_fallback,0.0102,0.0087,1.313725,0.882353,,157824,,original,raw_double,false,,,1,0,exact_abs_or_rel,"PASS, max_abs=0.0000, max_rel=0.0000"
spaceStation_12.mtx,cusparse_default,cusparse_csr,external_baseline,ok,none,external_baseline,0.0134,0.0102,1.000000,0.671642,,157824,84556,original,original,false,,,true,0,exact_abs_or_rel,"PASS, max_abs=0.0000, max_rel=0.0000"
spaceStation_7.mtx,original_lb,original_lb,load_balanced_traversal,ok,none,promoted_fallback,0.0086,0.0065,1.651163,1.000000,,146016,26976,original,original,false,0,0,true,0,exact_abs_or_rel,"PASS, max_abs=0.0000, max_rel=0.0000"
spaceStation_7.mtx,auto_lossless_lb,original_lb,load_balanced_traversal,ok,none,promoted_fallback,0.0101,0.0088,1.405941,0.851485,,146016,26976,auto_lossless,original,true,4819,146016,true,0,exact_abs_or_rel,"PASS, max_abs=0.0000, max_rel=0.0000"
spaceStation_7.mtx,fp16_lb,fp16_lb,controlled_lossy_value_specialized,ok,none,accuracy_pass_runtime_loss,0.0092,0.0081,1.543478,0.934783,,36504,26976,fp16,fp16,false,0,0,false,0,spmv_max_rel,"PASS, max_abs=0.0388, max_rel=1.0000"
spaceStation_7.mtx,bf16_lb,bf16_lb,controlled_lossy_value_specialized,ok,none,accuracy_pass_runtime_loss,0.0090,0.0074,1.577778,0.955556,,36504,26976,bf16,bf16,false,0,0,false,0,spmv_max_rel,"PASS, max_abs=0.2644, max_rel=3.5018"
spaceStation_7.mtx,bfp8_lb,bfp8_lb,controlled_lossy_value_specialized,ok,none,accuracy_pass_runtime_loss,0.0100,0.0090,1.420000,0.860000,,24996,26976,bfp8,bfp8,false,0,0,false,0,spmv_max_rel,"PASS, max_abs=0.5333, max_rel=28.8131"
spaceStation_7.mtx,bfp8_outlier_lb,bfp8_outlier_lb,controlled_lossy_value_specialized,ok,none,accuracy_pass_runtime_loss,0.0118,0.0102,1.203390,0.728814,,26436,26976,bfp8_outlier,bfp8_outlier,false,0,0,false,0,spmv_max_rel,"PASS, max_abs=0.5333, max_rel=28.8131"
spaceStation_7.mtx,bfp4_lb,bfp4_lb,controlled_lossy_value_specialized,fail:1,accuracy_fail,accuracy_fail,0.0142,0.0123,1.000000,0.605634,,15870,26976,bfp4,bfp4,false,0,0,false,0,spmv_max_rel,"FAIL, max_abs=9.3252, max_rel=815.7064"
spaceStation_7.mtx,hybrid_lb,hybrid_lb,structural_hybrid,ok,none,promoted_fallback,0.0099,0.0088,1.434343,0.868687,,146016,,original,raw_double,false,,,1,0,exact_abs_or_rel,"PASS, max_abs=0.0000, max_rel=0.0000"
spaceStation_7.mtx,cusparse_default,cusparse_csr,external_baseline,ok,none,external_baseline,0.0142,0.0102,1.000000,0.605634,,146016,77548,original,original,false,,,true,0,exact_abs_or_rel,"PASS, max_abs=0.0000, max_rel=0.0000"
steam1.mtx,original_lb,original_lb,load_balanced_traversal,ok,none,promoted_fallback,0.0069,0.0058,1.724638,1.000000,,17984,3024,original,original,false,0,0,true,0,exact_abs_or_rel,"PASS, max_abs=0.0000, max_rel=0.0000"
steam1.mtx,auto_lossless_lb,original_lb,load_balanced_traversal,ok,none,promoted_fallback,0.0066,0.0057,1.803030,1.045455,,17984,3024,auto_lossless,original,true,763,17984,true,0,exact_abs_or_rel,"PASS, max_abs=0.0000, max_rel=0.0000"
steam1.mtx,fp16_lb,fp16_lb,controlled_lossy_value_specialized,fail:1,accuracy_fail,accuracy_fail,0.0080,0.0065,1.487500,0.862500,,4496,3024,fp16,fp16,false,0,0,false,0,spmv_max_rel,"FAIL, max_abs=inf, max_rel=inf"
steam1.mtx,bf16_lb,bf16_lb,controlled_lossy_value_specialized,ok,none,accuracy_pass_runtime_loss,0.0074,0.0067,1.608108,0.932432,,4496,3024,bf16,bf16,false,0,0,false,0,spmv_max_rel,"PASS, max_abs=47034.1151, max_rel=0.0064"
steam1.mtx,bfp8_lb,bfp8_lb,controlled_lossy_value_specialized,ok,none,accuracy_pass_runtime_loss,0.0076,0.0060,1.565789,0.907895,,3004,3024,bfp8,bfp8,false,0,0,false,0,spmv_max_rel,"PASS, max_abs=65341.6270, max_rel=2.2912"
steam1.mtx,bfp8_outlier_lb,bfp8_outlier_lb,controlled_lossy_value_specialized,ok,none,accuracy_pass_runtime_loss,0.0105,0.0090,1.133333,0.657143,,3164,3024,bfp8_outlier,bfp8_outlier,false,0,0,false,0,spmv_max_rel,"PASS, max_abs=57878.1329, max_rel=2.2912"
steam1.mtx,bfp4_lb,bfp4_lb,controlled_lossy_value_specialized,fail:1,accuracy_fail,accuracy_fail,0.0083,0.0071,1.433735,0.831325,,1880,3024,bfp4,bfp4,false,0,0,false,0,spmv_max_rel,"FAIL, max_abs=1059114.8671, max_rel=1.2931"
steam1.mtx,hybrid_lb,hybrid_lb,structural_hybrid,ok,none,promoted_fallback,0.0091,0.0070,1.307692,0.758242,,17984,,original,raw_double,false,,,1,0,exact_abs_or_rel,"PASS, max_abs=0.0000, max_rel=0.0000"
steam1.mtx,cusparse_default,cusparse_csr,external_baseline,ok,none,external_baseline,0.0119,0.0102,1.000000,0.579832,,17984,9956,original,original,false,,,true,0,exact_abs_or_rel,"PASS, max_abs=0.0000, max_rel=0.0000"
sx-askubuntu_C2Q.mtx,original_lb,original_lb,load_balanced_traversal,ok,none,promoted_fallback,0.0175,0.0165,1.165714,1.000000,,1590816,1454992,original,original,false,0,0,true,0,exact_abs_or_rel,"PASS, max_abs=0.0000, max_rel=0.0000"
sx-askubuntu_C2Q.mtx,auto_lossless_lb,original_lb,load_balanced_traversal,ok,none,promoted_fallback,0.0178,0.0160,1.146067,0.983146,,1590816,1454992,auto_lossless,original,true,88,1590816,true,0,exact_abs_or_rel,"PASS, max_abs=0.0000, max_rel=0.0000"
sx-askubuntu_C2Q.mtx,fp16_lb,fp16_lb,controlled_lossy_value_specialized,ok,none,accuracy_pass_runtime_win,0.0171,0.0152,1.192982,1.023392,,397704,1454992,fp16,fp16,false,0,0,false,0,spmv_max_rel,"PASS, max_abs=0.0000, max_rel=0.0000"
sx-askubuntu_C2Q.mtx,bf16_lb,bf16_lb,controlled_lossy_value_specialized,ok,none,accuracy_pass_runtime_win,0.0171,0.0153,1.192982,1.023392,,397704,1454992,bf16,bf16,false,0,0,false,0,spmv_max_rel,"PASS, max_abs=0.0000, max_rel=0.0000"
sx-askubuntu_C2Q.mtx,bfp8_lb,bfp8_lb,controlled_lossy_value_specialized,ok,none,accuracy_pass_runtime_loss,0.0175,0.0164,1.165714,1.000000,,562600,1454992,bfp8,bfp8,false,0,0,false,0,spmv_max_rel,"PASS, max_abs=0.5868, max_rel=164001464843749976683849973760.0000"
sx-askubuntu_C2Q.mtx,bfp8_outlier_lb,bfp8_outlier_lb,controlled_lossy_value_specialized,ok,none,accuracy_pass_runtime_loss,0.0190,0.0168,1.073684,0.921053,,577496,1454992,bfp8_outlier,bfp8_outlier,false,0,0,false,0,spmv_max_rel,"PASS, max_abs=0.1879, max_rel=33912658691406247648536035328.0000"
sx-askubuntu_C2Q.mtx,bfp4_lb,bfp4_lb,controlled_lossy_value_specialized,fail:1,accuracy_fail,accuracy_fail,0.0197,0.0187,1.035533,0.888325,,463174,1454992,bfp4,bfp4,false,0,0,false,0,spmv_max_rel,"FAIL, max_abs=10.0757, max_rel=998046874999999943429729550336.0000"
sx-askubuntu_C2Q.mtx,hybrid_lb,hybrid_lb,structural_hybrid,ok,none,promoted_fallback,0.0165,0.0144,1.236364,1.060606,,1590816,,original,raw_double,false,,,1,0,exact_abs_or_rel,"PASS, max_abs=0.0000, max_rel=0.0000"
sx-askubuntu_C2Q.mtx,cusparse_default,cusparse_csr,external_baseline,ok,none,external_baseline,0.0204,0.0185,1.000000,0.857843,,1590816,1432676,original,original,false,,,true,0,exact_abs_or_rel,"PASS, max_abs=0.0000, max_rel=0.0000"
t2d_q4_A_11.mtx,original_lb,original_lb,load_balanced_traversal,ok,none,promoted_fallback,0.0073,0.0060,1.972603,1.000000,,696200,97240,original,original,false,0,0,true,0,exact_abs_or_rel,"PASS, max_abs=0.0000, max_rel=0.0000"
t2d_q4_A_11.mtx,auto_lossless_lb,original_lb,load_balanced_traversal,ok,none,promoted_fallback,0.0115,0.0093,1.252174,0.634783,,696200,97240,auto_lossless,original,true,87025,696200,true,0,exact_abs_or_rel,"PASS, max_abs=0.0000, max_rel=0.0000"
t2d_q4_A_11.mtx,fp16_lb,fp16_lb,controlled_lossy_value_specialized,ok,none,accuracy_pass_runtime_loss,0.0074,0.0068,1.945946,0.986486,,174050,97240,fp16,fp16,false,0,0,false,0,spmv_max_rel,"PASS, max_abs=2.0113, max_rel=6.8863"
t2d_q4_A_11.mtx,bf16_lb,bf16_lb,controlled_lossy_value_specialized,ok,none,accuracy_pass_runtime_loss,0.0074,0.0059,1.945946,0.986486,,174050,97240,bf16,bf16,false,0,0,false,0,spmv_max_rel,"PASS, max_abs=15.5879, max_rel=94.2784"
t2d_q4_A_11.mtx,bfp8_lb,bfp8_lb,controlled_lossy_value_specialized,ok,none,accuracy_pass_runtime_loss,0.0090,0.0079,1.600000,0.811111,,111335,97240,bfp8,bfp8,false,0,0,false,0,spmv_max_rel,"PASS, max_abs=23.2420, max_rel=223.7817"
t2d_q4_A_11.mtx,bfp8_outlier_lb,bfp8_outlier_lb,controlled_lossy_value_specialized,ok,none,accuracy_pass_runtime_loss,0.0128,0.0118,1.125000,0.570312,,118295,97240,bfp8_outlier,bfp8_outlier,false,0,0,false,0,spmv_max_rel,"PASS, max_abs=5.5774, max_rel=223.7817"
t2d_q4_A_11.mtx,bfp4_lb,bfp4_lb,controlled_lossy_value_specialized,fail:1,accuracy_fail,accuracy_fail,0.0077,0.0062,1.870130,0.948052,,67823,97240,bfp4,bfp4,false,0,0,false,0,spmv_max_rel,"FAIL, max_abs=568.8950, max_rel=1515.0254"
t2d_q4_A_11.mtx,hybrid_lb,hybrid_lb,structural_hybrid,ok,none,promoted_fallback,0.0076,0.0054,1.894737,0.960526,,696200,,original,raw_double,false,,,1,0,exact_abs_or_rel,"PASS, max_abs=0.0000, max_rel=0.0000"
t2d_q4_A_11.mtx,cusparse_default,cusparse_csr,external_baseline,ok,none,external_baseline,0.0144,0.0123,1.000000,0.506944,,696200,387308,original,original,false,,,true,0,exact_abs_or_rel,"PASS, max_abs=0.0000, max_rel=0.0000"
tols4000.mtx,original_lb,original_lb,load_balanced_traversal,ok,none,promoted_fallback,0.0073,0.0064,1.972603,1.000000,,70272,14920,original,original,false,0,0,true,0,exact_abs_or_rel,"PASS, max_abs=0.0000, max_rel=0.0000"
tols4000.mtx,auto_lossless_lb,original_lb,load_balanced_traversal,ok,none,promoted_fallback,0.0093,0.0080,1.548387,0.784946,,70272,14920,auto_lossless,original,true,3188,70272,true,0,exact_abs_or_rel,"PASS, max_abs=0.0000, max_rel=0.0000"
tols4000.mtx,fp16_lb,fp16_lb,controlled_lossy_value_specialized,fail:1,accuracy_fail,accuracy_fail,0.0110,0.0096,1.309091,0.663636,,17568,14920,fp16,fp16,false,0,0,false,0,spmv_max_rel,"FAIL, max_abs=inf, max_rel=inf"
tols4000.mtx,bf16_lb,bf16_lb,controlled_lossy_value_specialized,ok,none,accuracy_pass_runtime_loss,0.0104,0.0093,1.384615,0.701923,,17568,14920,bf16,bf16,false,0,0,false,0,spmv_max_rel,"PASS, max_abs=63966.7779, max_rel=0.0098"
tols4000.mtx,bfp8_lb,bfp8_lb,controlled_lossy_value_specialized,ok,none,accuracy_pass_runtime_loss,0.0094,0.0072,1.531915,0.776596,,12514,14920,bfp8,bfp8,false,0,0,false,0,spmv_max_rel,"PASS, max_abs=87541.6178, max_rel=0.7968"
tols4000.mtx,bfp8_outlier_lb,bfp8_outlier_lb,controlled_lossy_value_specialized,ok,none,accuracy_pass_runtime_loss,0.0104,0.0086,1.384615,0.701923,,13202,14920,bfp8_outlier,bfp8_outlier,false,0,0,false,0,spmv_max_rel,"PASS, max_abs=70693.5854, max_rel=0.7968"
tols4000.mtx,bfp4_lb,bfp4_lb,controlled_lossy_value_specialized,ok,none,accuracy_pass_runtime_loss,0.0119,0.0109,1.210084,0.613445,,8122,14920,bfp4,bfp4,false,0,0,false,0,spmv_max_rel,"PASS, max_abs=220585.6838, max_rel=0.2213"
tols4000.mtx,hybrid_lb,hybrid_lb,structural_hybrid,ok,none,promoted_fallback,0.0097,0.0072,1.484536,0.752577,,70272,,original,raw_double,false,,,1,0,exact_abs_or_rel,"PASS, max_abs=0.0000, max_rel=0.0000"
tols4000.mtx,cusparse_default,cusparse_csr,external_baseline,ok,none,external_baseline,0.0144,0.0123,1.000000,0.506944,,70272,51140,original,original,false,,,true,0,exact_abs_or_rel,"PASS, max_abs=0.0000, max_rel=0.0000"
tols90.mtx,original_lb,original_lb,load_balanced_traversal,ok,none,promoted_fallback,0.0084,0.0071,1.369048,1.000000,,13968,840,original,original,false,0,0,true,0,exact_abs_or_rel,"PASS, max_abs=0.0000, max_rel=0.0000"
tols90.mtx,auto_lossless_lb,original_lb,load_balanced_traversal,ok,none,promoted_fallback,0.0085,0.0072,1.352941,0.988235,,13968,840,auto_lossless,original,true,1624,13968,true,0,exact_abs_or_rel,"PASS, max_abs=0.0000, max_rel=0.0000"
tols90.mtx,fp16_lb,fp16_lb,controlled_lossy_value_specialized,ok,none,accuracy_pass_runtime_win,0.0081,0.0067,1.419753,1.037037,,3492,840,fp16,fp16,false,0,0,false,0,spmv_max_rel,"PASS, max_abs=4.9489, max_rel=0.0004"
tols90.mtx,bf16_lb,bf16_lb,controlled_lossy_value_specialized,ok,none,accuracy_pass_runtime_win,0.0080,0.0066,1.437500,1.050000,,3492,840,bf16,bf16,false,0,0,false,0,spmv_max_rel,"PASS, max_abs=25.2587, max_rel=0.0098"
tols90.mtx,bfp8_lb,bfp8_lb,controlled_lossy_value_specialized,ok,none,accuracy_pass_runtime_win,0.0082,0.0068,1.402439,1.024390,,1956,840,bfp8,bfp8,false,0,0,false,0,spmv_max_rel,"PASS, max_abs=67.5206, max_rel=0.6350"
tols90.mtx,bfp8_outlier_lb,bfp8_outlier_lb,controlled_lossy_value_specialized,ok,none,accuracy_pass_runtime_loss,0.0107,0.0091,1.074766,0.785047,,2084,840,bfp8_outlier,bfp8_outlier,false,0,0,false,0,spmv_max_rel,"PASS, max_abs=24.2484, max_rel=0.1112"
tols90.mtx,bfp4_lb,bfp4_lb,controlled_lossy_value_specialized,fail:1,accuracy_fail,accuracy_fail,0.0103,0.0090,1.116505,0.815534,,1083,840,bfp4,bfp4,false,0,0,false,0,spmv_max_rel,"FAIL, max_abs=1117.5402, max_rel=1.0187"
tols90.mtx,hybrid_lb,hybrid_lb,structural_hybrid,ok,none,promoted_fallback,0.0094,0.0071,1.223404,0.893617,,13968,,original,raw_double,false,,,1,0,exact_abs_or_rel,"PASS, max_abs=0.0000, max_rel=0.0000"
tols90.mtx,cusparse_default,cusparse_csr,external_baseline,ok,none,external_baseline,0.0115,0.0081,1.000000,0.730435,,13968,7348,original,original,false,,,true,0,exact_abs_or_rel,"PASS, max_abs=0.0000, max_rel=0.0000"
tumorAntiAngiogenesis_8.mtx,original_lb,original_lb,load_balanced_traversal,ok,none,promoted_fallback,0.0090,0.0072,1.433333,1.000000,,38208,6528,original,original,false,0,0,true,0,exact_abs_or_rel,"PASS, max_abs=0.0000, max_rel=0.0000"
tumorAntiAngiogenesis_8.mtx,auto_lossless_lb,original_lb,load_balanced_traversal,ok,none,promoted_fallback,0.0096,0.0078,1.343750,0.937500,,38208,6528,auto_lossless,original,true,1807,38208,true,0,exact_abs_or_rel,"PASS, max_abs=0.0000, max_rel=0.0000"
tumorAntiAngiogenesis_8.mtx,fp16_lb,fp16_lb,controlled_lossy_value_specialized,fail:1,accuracy_fail,accuracy_fail,0.0095,0.0078,1.357895,0.947368,,9552,6528,fp16,fp16,false,0,0,false,0,spmv_max_rel,"FAIL, max_abs=inf, max_rel=inf"
tumorAntiAngiogenesis_8.mtx,bf16_lb,bf16_lb,controlled_lossy_value_specialized,ok,none,accuracy_pass_runtime_loss,0.0100,0.0091,1.290000,0.900000,,9552,6528,bf16,bf16,false,0,0,false,0,spmv_max_rel,"PASS, max_abs=722461328.2856, max_rel=0.6864"
tumorAntiAngiogenesis_8.mtx,bfp8_lb,bfp8_lb,controlled_lossy_value_specialized,ok,none,accuracy_pass_runtime_loss,0.0093,0.0082,1.387097,0.967742,,6408,6528,bfp8,bfp8,false,0,0,false,0,spmv_max_rel,"PASS, max_abs=179314031.7057, max_rel=9.5456"
tumorAntiAngiogenesis_8.mtx,bfp8_outlier_lb,bfp8_outlier_lb,controlled_lossy_value_specialized,ok,none,accuracy_pass_runtime_loss,0.0136,0.0118,0.948529,0.661765,,6776,6528,bfp8_outlier,bfp8_outlier,false,0,0,false,0,spmv_max_rel,"PASS, max_abs=420330.2971, max_rel=9.5456"
tumorAntiAngiogenesis_8.mtx,bfp4_lb,bfp4_lb,controlled_lossy_value_specialized,ok,none,accuracy_pass_runtime_loss,0.0136,0.0118,0.948529,0.661765,,4020,6528,bfp4,bfp4,false,0,0,false,0,spmv_max_rel,"PASS, max_abs=2388923545.3308, max_rel=49.8722"
tumorAntiAngiogenesis_8.mtx,hybrid_lb,hybrid_lb,structural_hybrid,ok,none,promoted_fallback,0.0080,0.0064,1.612500,1.125000,,38208,,original,raw_double,false,,,1,0,exact_abs_or_rel,"PASS, max_abs=0.0000, max_rel=0.0000"
tumorAntiAngiogenesis_8.mtx,cusparse_default,cusparse_csr,external_baseline,ok,none,external_baseline,0.0129,0.0102,1.000000,0.697674,,38208,21068,original,original,false,,,true,0,exact_abs_or_rel,"PASS, max_abs=0.0000, max_rel=0.0000"
west0655.mtx,original_lb,original_lb,load_balanced_traversal,ok,none,promoted_fallback,0.0074,0.0055,1.851351,1.000000,,22464,6416,original,original,false,0,0,true,0,exact_abs_or_rel,"PASS, max_abs=0.0000, max_rel=0.0000"
west0655.mtx,auto_lossless_lb,original_lb,load_balanced_traversal,ok,none,promoted_fallback,0.0072,0.0060,1.902778,1.027778,,22464,6416,auto_lossless,original,true,1443,22464,true,0,exact_abs_or_rel,"PASS, max_abs=0.0000, max_rel=0.0000"
west0655.mtx,fp16_lb,fp16_lb,controlled_lossy_value_specialized,fail:1,accuracy_fail,accuracy_fail,0.0080,0.0070,1.712500,0.925000,,5616,6416,fp16,fp16,false,0,0,false,0,spmv_max_rel,"FAIL, max_abs=inf, max_rel=inf"
west0655.mtx,bf16_lb,bf16_lb,controlled_lossy_value_specialized,ok,none,accuracy_pass_runtime_loss,0.0081,0.0076,1.691358,0.913580,,5616,6416,bf16,bf16,false,0,0,false,0,spmv_max_rel,"PASS, max_abs=829.2138, max_rel=0.0936"
west0655.mtx,bfp8_lb,bfp8_lb,controlled_lossy_value_specialized,ok,none,accuracy_pass_runtime_win,0.0072,0.0056,1.902778,1.027778,,4412,6416,bfp8,bfp8,false,0,0,false,0,spmv_max_rel,"PASS, max_abs=875.5397, max_rel=3639221191406249520461250560.0000"
west0655.mtx,bfp8_outlier_lb,bfp8_outlier_lb,controlled_lossy_value_specialized,ok,none,accuracy_pass_runtime_loss,0.0093,0.0079,1.473118,0.795699,,4636,6416,bfp8_outlier,bfp8_outlier,false,0,0,false,0,spmv_max_rel,"PASS, max_abs=12.7349, max_rel=3639221191406249520461250560.0000"
west0655.mtx,bfp4_lb,bfp4_lb,controlled_lossy_value_specialized,fail:1,accuracy_fail,accuracy_fail,0.0072,0.0059,1.902778,1.027778,,3008,6416,bfp4,bfp4,false,0,0,false,0,spmv_max_rel,"FAIL, max_abs=20034.0038, max_rel=45410156249999991969431945216.0000"
west0655.mtx,hybrid_lb,hybrid_lb,structural_hybrid,ok,none,promoted_fallback,0.0062,0.0047,2.209677,1.193548,,22464,,original,raw_double,false,,,1,0,exact_abs_or_rel,"PASS, max_abs=0.0000, max_rel=0.0000"
west0655.mtx,cusparse_default,cusparse_csr,external_baseline,ok,none,external_baseline,0.0137,0.0102,1.000000,0.540146,,22464,13856,original,original,false,,,true,0,exact_abs_or_rel,"PASS, max_abs=0.0000, max_rel=0.0000"
whitaker3.mtx,original_lb,original_lb,load_balanced_traversal,ok,none,promoted_fallback,0.0088,0.0076,1.579545,1.000000,,463824,110208,original,original,false,0,0,true,0,exact_abs_or_rel,"PASS, max_abs=0.0000, max_rel=0.0000"
whitaker3.mtx,auto_lossless_lb,all_one_lb,lossless_value_specialized,ok,none,accuracy_pass_runtime_win,0.0081,0.0067,1.716049,1.086420,,0,110208,auto_lossless,all_one,true,1,0,true,0,exact_abs_or_rel,"PASS, max_abs=0.0000, max_rel=0.0000"
whitaker3.mtx,fp16_lb,fp16_lb,controlled_lossy_value_specialized,ok,none,accuracy_pass_runtime_loss,0.0097,0.0080,1.432990,0.907216,,115956,110208,fp16,fp16,false,0,0,false,0,spmv_max_rel,"PASS, max_abs=0.0000, max_rel=0.0000"
whitaker3.mtx,bf16_lb,bf16_lb,controlled_lossy_value_specialized,ok,none,accuracy_pass_runtime_loss,0.0100,0.0089,1.390000,0.880000,,115956,110208,bf16,bf16,false,0,0,false,0,spmv_max_rel,"PASS, max_abs=0.0000, max_rel=0.0000"
whitaker3.mtx,bfp8_lb,bfp8_lb,controlled_lossy_value_specialized,ok,none,accuracy_pass_runtime_loss,0.0096,0.0079,1.447917,0.916667,,85530,110208,bfp8,bfp8,false,0,0,false,0,spmv_max_rel,"PASS, max_abs=0.0003, max_rel=0.0001"
whitaker3.mtx,bfp8_outlier_lb,bfp8_outlier_lb,controlled_lossy_value_specialized,ok,none,accuracy_pass_runtime_loss,0.0095,0.0086,1.463158,0.926316,,85530,110208,bfp8_outlier,bfp8_outlier,false,0,0,false,0,spmv_max_rel,"PASS, max_abs=0.0003, max_rel=0.0001"
whitaker3.mtx,bfp4_lb,bfp4_lb,controlled_lossy_value_specialized,ok,none,accuracy_pass_runtime_loss,0.0117,0.0109,1.188034,0.752137,,56541,110208,bfp4,bfp4,false,0,0,false,0,spmv_max_rel,"PASS, max_abs=0.0103, max_rel=0.0020"
whitaker3.mtx,hybrid_lb,hybrid_lb,structural_hybrid,ok,none,promoted_fallback,0.0067,0.0060,2.074627,1.313433,,463824,,original,raw_double,false,,,1,0,exact_abs_or_rel,"PASS, max_abs=0.0000, max_rel=0.0000"
whitaker3.mtx,cusparse_default,cusparse_csr,external_baseline,ok,none,external_baseline,0.0139,0.0123,1.000000,0.633094,,463824,271116,original,original,false,,,true,0,exact_abs_or_rel,"PASS, max_abs=0.0000, max_rel=0.0000"
ww_vref_6405.mtx,original_lb,original_lb,load_balanced_traversal,ok,none,promoted_fallback,0.0091,0.0083,1.681319,1.000000,,389896,131136,original,original,false,0,0,true,0,exact_abs_or_rel,"PASS, max_abs=0.0000, max_rel=0.0000"
ww_vref_6405.mtx,auto_lossless_lb,original_lb,load_balanced_traversal,ok,none,promoted_fallback,0.0095,0.0081,1.610526,0.957895,,389896,131136,auto_lossless,original,true,19914,389896,true,0,exact_abs_or_rel,"PASS, max_abs=0.0000, max_rel=0.0000"
ww_vref_6405.mtx,fp16_lb,fp16_lb,controlled_lossy_value_specialized,fail:1,accuracy_fail,accuracy_fail,0.0099,0.0092,1.545455,0.919192,,97474,131136,fp16,fp16,false,0,0,false,0,spmv_max_rel,"FAIL, max_abs=inf, max_rel=inf"
ww_vref_6405.mtx,bf16_lb,bf16_lb,controlled_lossy_value_specialized,ok,none,accuracy_pass_runtime_loss,0.0101,0.0090,1.514851,0.900990,,97474,131136,bf16,bf16,false,0,0,false,0,spmv_max_rel,"PASS, max_abs=68072462876934144.0000, max_rel=65537.0000"
ww_vref_6405.mtx,bfp8_lb,bfp8_lb,controlled_lossy_value_specialized,ok,none,accuracy_pass_runtime_win,0.0090,0.0085,1.700000,1.011111,,81521,131136,bfp8,bfp8,false,0,0,false,0,spmv_max_rel,"PASS, max_abs=23125429577318400.0000, max_rel=999938964843749907544246583296.0000"
ww_vref_6405.mtx,bfp8_outlier_lb,bfp8_outlier_lb,controlled_lossy_value_specialized,ok,none,accuracy_pass_runtime_loss,0.0117,0.0103,1.307692,0.777778,,85409,131136,bfp8_outlier,bfp8_outlier,false,0,0,false,0,spmv_max_rel,"PASS, max_abs=501021933568.0000, max_rel=999938964843749907544246583296.0000"
ww_vref_6405.mtx,bfp4_lb,bfp4_lb,controlled_lossy_value_specialized,ok,none,accuracy_pass_runtime_loss,0.0131,0.0122,1.167939,0.694656,,57153,131136,bfp4,bfp4,false,0,0,false,0,spmv_max_rel,"PASS, max_abs=32043665857970176.0000, max_rel=1466552734374999969582064599040.0000"
ww_vref_6405.mtx,hybrid_lb,hybrid_lb,structural_hybrid,ok,none,promoted_fallback,0.0076,0.0066,2.013158,1.197368,,389896,,original,raw_double,false,,,1,0,exact_abs_or_rel,"PASS, max_abs=0.0000, max_rel=0.0000"
ww_vref_6405.mtx,cusparse_default,cusparse_csr,external_baseline,ok,none,external_baseline,0.0153,0.0123,1.000000,0.594771,,389896,247956,original,original,false,,,true,0,exact_abs_or_rel,"PASS, max_abs=0.0000, max_rel=0.0000"
xingo3012_C.mtx,original_lb,original_lb,load_balanced_traversal,ok,none,promoted_fallback,0.0051,0.0043,2.235294,1.000000,,80,56,original,original,false,0,0,true,0,exact_abs_or_rel,"PASS, max_abs=0.0000, max_rel=0.0000"
xingo3012_C.mtx,auto_lossless_lb,original_lb,load_balanced_traversal,ok,none,promoted_fallback,0.0066,0.0050,1.727273,0.772727,,80,56,auto_lossless,original,true,10,80,true,0,exact_abs_or_rel,"PASS, max_abs=0.0000, max_rel=0.0000"
xingo3012_C.mtx,fp16_lb,fp16_lb,controlled_lossy_value_specialized,ok,none,accuracy_pass_runtime_loss,0.0054,0.0047,2.111111,0.944444,,20,56,fp16,fp16,false,0,0,false,0,spmv_max_rel,"PASS, max_abs=0.0023, max_rel=0.0001"
xingo3012_C.mtx,bf16_lb,bf16_lb,controlled_lossy_value_specialized,ok,none,accuracy_pass_runtime_loss,0.0060,0.0045,1.900000,0.850000,,20,56,bf16,bf16,false,0,0,false,0,spmv_max_rel,"PASS, max_abs=0.0134, max_rel=0.0009"
xingo3012_C.mtx,bfp8_lb,bfp8_lb,controlled_lossy_value_specialized,ok,none,accuracy_pass_runtime_loss,0.0061,0.0046,1.868852,0.836066,,24,56,bfp8,bfp8,false,0,0,false,0,spmv_max_rel,"PASS, max_abs=0.0492, max_rel=0.0013"
xingo3012_C.mtx,bfp8_outlier_lb,bfp8_outlier_lb,controlled_lossy_value_specialized,ok,none,accuracy_pass_runtime_loss,0.0069,0.0061,1.652174,0.739130,,24,56,bfp8_outlier,bfp8_outlier,false,0,0,false,0,spmv_max_rel,"PASS, max_abs=0.0492, max_rel=0.0013"
xingo3012_C.mtx,bfp4_lb,bfp4_lb,controlled_lossy_value_specialized,fail:1,accuracy_fail,accuracy_fail,0.0078,0.0061,1.461538,0.653846,,19,56,bfp4,bfp4,false,0,0,false,0,spmv_max_rel,"FAIL, max_abs=2.0497, max_rel=0.0533"
xingo3012_C.mtx,hybrid_lb,hybrid_lb,structural_hybrid,ok,none,promoted_fallback,0.0059,0.0045,1.932203,0.864407,,80,,original,raw_double,false,,,1,0,exact_abs_or_rel,"PASS, max_abs=0.0000, max_rel=0.0000"
xingo3012_C.mtx,cusparse_default,cusparse_csr,external_baseline,ok,none,external_baseline,0.0114,0.0082,1.000000,0.447368,,80,52,original,original,false,,,true,0,exact_abs_or_rel,"PASS, max_abs=0.0000, max_rel=0.0000"
