matrix,requested_operator,operator_name,operator_family,status,failure_class,claim_status,avg_ms,min_ms,speedup_vs_cusparse,speedup_vs_original_lb,speedup_vs_original_nolb,value_payload_bytes,position_payload_bytes,value_codec,value_codec_effective,value_codec_auto_selected,value_codec_auto_unique_count,value_codec_auto_candidate_payload_bytes,value_codec_exact,value_codebook_size,verify_gate,verify_cpu
Franz6.mtx,original_lb,original_lb,load_balanced_traversal,ok,none,promoted_fallback,0.0068,0.0051,2.205882,1.000000,,363648,63120,original,original,false,0,0,true,0,exact_abs_or_rel,"PASS, max_abs=0.0000, max_rel=0.0000"
Franz6.mtx,auto_lossless_lb,sign2_lb,lossless_value_specialized,ok,none,accuracy_pass_runtime_loss,0.0072,0.0058,2.083333,0.944444,,31560,63120,auto_lossless,sign2,true,2,31560,true,0,exact_abs_or_rel,"PASS, max_abs=0.0000, max_rel=0.0000"
Franz6.mtx,fp16_lb,fp16_lb,controlled_lossy_value_specialized,ok,none,accuracy_pass_runtime_win,0.0064,0.0057,2.343750,1.062500,,90912,63120,fp16,fp16,false,0,0,false,0,spmv_max_rel,"PASS, max_abs=0.0000, max_rel=0.0000"
Franz6.mtx,bf16_lb,bf16_lb,controlled_lossy_value_specialized,ok,none,accuracy_pass_runtime_win,0.0066,0.0052,2.272727,1.030303,,90912,63120,bf16,bf16,false,0,0,false,0,spmv_max_rel,"PASS, max_abs=0.0000, max_rel=0.0000"
Franz6.mtx,bfp8_lb,bfp8_lb,controlled_lossy_value_specialized,ok,none,accuracy_pass_runtime_loss,0.0074,0.0061,2.027027,0.918919,,61236,63120,bfp8,bfp8,false,0,0,false,0,spmv_max_rel,"PASS, max_abs=0.0003, max_rel=0.0001"
Franz6.mtx,bfp8_outlier_lb,bfp8_outlier_lb,controlled_lossy_value_specialized,ok,none,accuracy_pass_runtime_loss,0.0074,0.0061,2.027027,0.918919,,61236,63120,bfp8_outlier,bfp8_outlier,false,0,0,false,0,spmv_max_rel,"PASS, max_abs=0.0003, max_rel=0.0001"
Franz6.mtx,bfp4_lb,bfp4_lb,controlled_lossy_value_specialized,ok,none,accuracy_pass_runtime_loss,0.0073,0.0066,2.054795,0.931507,,38508,63120,bfp4,bfp4,false,0,0,false,0,spmv_max_rel,"PASS, max_abs=0.0095, max_rel=0.0020"
Franz6.mtx,hybrid_lb,hybrid_lb,structural_hybrid,ok,none,promoted_fallback,0.0057,0.0045,2.631579,1.192982,,363648,,original,raw_double,false,,,1,0,exact_abs_or_rel,"PASS, max_abs=0.0000, max_rel=0.0000"
Franz6.mtx,cusparse_default,cusparse_csr,external_baseline,ok,none,external_baseline,0.0150,0.0123,1.000000,0.453333,,363648,212132,original,original,false,,,true,0,exact_abs_or_rel,"PASS, max_abs=0.0000, max_rel=0.0000"
G34.mtx,original_lb,original_lb,load_balanced_traversal,ok,none,promoted_fallback,0.0053,0.0043,3.301887,1.000000,,64000,16000,original,original,false,0,0,true,0,exact_abs_or_rel,"PASS, max_abs=0.0000, max_rel=0.0000"
G34.mtx,auto_lossless_lb,sign2_lb,lossless_value_specialized,ok,none,accuracy_pass_runtime_loss,0.0068,0.0051,2.573529,0.779412,,8000,16000,auto_lossless,sign2,true,2,8000,true,0,exact_abs_or_rel,"PASS, max_abs=0.0000, max_rel=0.0000"
G34.mtx,fp16_lb,fp16_lb,controlled_lossy_value_specialized,ok,none,accuracy_pass_runtime_loss,0.0053,0.0047,3.301887,1.000000,,16000,16000,fp16,fp16,false,0,0,false,0,spmv_max_rel,"PASS, max_abs=0.0000, max_rel=0.0000"
G34.mtx,bf16_lb,bf16_lb,controlled_lossy_value_specialized,ok,none,accuracy_pass_runtime_loss,0.0056,0.0044,3.125000,0.946429,,16000,16000,bf16,bf16,false,0,0,false,0,spmv_max_rel,"PASS, max_abs=0.0000, max_rel=0.0000"
G34.mtx,bfp8_lb,bfp8_lb,controlled_lossy_value_specialized,ok,none,accuracy_pass_runtime_loss,0.0070,0.0062,2.500000,0.757143,,12000,16000,bfp8,bfp8,false,0,0,false,0,spmv_max_rel,"PASS, max_abs=0.0002, max_rel=0.0001"
G34.mtx,bfp8_outlier_lb,bfp8_outlier_lb,controlled_lossy_value_specialized,ok,none,accuracy_pass_runtime_loss,0.0070,0.0063,2.500000,0.757143,,12000,16000,bfp8_outlier,bfp8_outlier,false,0,0,false,0,spmv_max_rel,"PASS, max_abs=0.0002, max_rel=0.0001"
G34.mtx,bfp4_lb,bfp4_lb,controlled_lossy_value_specialized,ok,none,accuracy_pass_runtime_loss,0.0074,0.0070,2.364865,0.716216,,8000,16000,bfp4,bfp4,false,0,0,false,0,spmv_max_rel,"PASS, max_abs=0.0056, max_rel=0.0020"
G34.mtx,hybrid_lb,hybrid_lb,structural_hybrid,ok,none,promoted_fallback,0.0071,0.0057,2.464789,0.746479,,64000,,original,raw_double,false,,,1,0,exact_abs_or_rel,"PASS, max_abs=0.0000, max_rel=0.0000"
G34.mtx,cusparse_default,cusparse_csr,external_baseline,ok,none,external_baseline,0.0175,0.0123,1.000000,0.302857,,64000,40004,original,original,false,,,true,0,exact_abs_or_rel,"PASS, max_abs=0.0000, max_rel=0.0000"
M10PI_n.mtx,original_lb,original_lb,load_balanced_traversal,ok,none,promoted_fallback,0.0076,0.0071,1.802632,1.000000,,13064,3912,original,original,false,0,0,true,0,exact_abs_or_rel,"PASS, max_abs=0.0000, max_rel=0.0000"
M10PI_n.mtx,auto_lossless_lb,original_lb,load_balanced_traversal,ok,none,promoted_fallback,0.0076,0.0070,1.802632,1.000000,,13064,3912,auto_lossless,original,true,74,13064,true,0,exact_abs_or_rel,"PASS, max_abs=0.0000, max_rel=0.0000"
M10PI_n.mtx,fp16_lb,fp16_lb,controlled_lossy_value_specialized,ok,none,accuracy_pass_runtime_loss,0.0128,0.0087,1.070312,0.593750,,3266,3912,fp16,fp16,false,0,0,false,0,spmv_max_rel,"PASS, max_abs=0.0097, max_rel=0.0008"
M10PI_n.mtx,bf16_lb,bf16_lb,controlled_lossy_value_specialized,ok,none,accuracy_pass_runtime_loss,0.0077,0.0066,1.779221,0.987013,,3266,3912,bf16,bf16,false,0,0,false,0,spmv_max_rel,"PASS, max_abs=0.1035, max_rel=0.0114"
M10PI_n.mtx,bfp8_lb,bfp8_lb,controlled_lossy_value_specialized,ok,none,accuracy_pass_runtime_loss,0.0087,0.0069,1.574713,0.873563,,2611,3912,bfp8,bfp8,false,0,0,false,0,spmv_max_rel,"PASS, max_abs=0.1642, max_rel=0.8754"
M10PI_n.mtx,bfp8_outlier_lb,bfp8_outlier_lb,controlled_lossy_value_specialized,ok,none,accuracy_pass_runtime_loss,0.0101,0.0086,1.356436,0.752475,,2739,3912,bfp8_outlier,bfp8_outlier,false,0,0,false,0,spmv_max_rel,"PASS, max_abs=0.0034, max_rel=0.0732"
M10PI_n.mtx,bfp4_lb,bfp4_lb,controlled_lossy_value_specialized,fail:1,accuracy_fail,accuracy_fail,0.0105,0.0088,1.304762,0.723810,,1795,3912,bfp4,bfp4,false,0,0,false,0,spmv_max_rel,"FAIL, max_abs=1.5777, max_rel=6.9883"
M10PI_n.mtx,hybrid_lb,hybrid_lb,structural_hybrid,ok,none,promoted_fallback,0.0060,0.0047,2.283333,1.266667,,13064,,original,raw_double,false,,,1,0,exact_abs_or_rel,"PASS, max_abs=0.0000, max_rel=0.0000"
M10PI_n.mtx,cusparse_default,cusparse_csr,external_baseline,ok,none,external_baseline,0.0137,0.0102,1.000000,0.554745,,13064,9264,original,original,false,,,true,0,exact_abs_or_rel,"PASS, max_abs=0.0000, max_rel=0.0000"
S10PI_n.mtx,original_lb,original_lb,load_balanced_traversal,ok,none,promoted_fallback,0.0080,0.0077,1.750000,1.000000,,13064,3912,original,original,false,0,0,true,0,exact_abs_or_rel,"PASS, max_abs=0.0000, max_rel=0.0000"
S10PI_n.mtx,auto_lossless_lb,original_lb,load_balanced_traversal,ok,none,promoted_fallback,0.0079,0.0068,1.772152,1.012658,,13064,3912,auto_lossless,original,true,74,13064,true,0,exact_abs_or_rel,"PASS, max_abs=0.0000, max_rel=0.0000"
S10PI_n.mtx,fp16_lb,fp16_lb,controlled_lossy_value_specialized,ok,none,accuracy_pass_runtime_loss,0.0083,0.0070,1.686747,0.963855,,3266,3912,fp16,fp16,false,0,0,false,0,spmv_max_rel,"PASS, max_abs=0.0097, max_rel=0.0008"
S10PI_n.mtx,bf16_lb,bf16_lb,controlled_lossy_value_specialized,ok,none,accuracy_pass_runtime_win,0.0077,0.0069,1.818182,1.038961,,3266,3912,bf16,bf16,false,0,0,false,0,spmv_max_rel,"PASS, max_abs=0.1035, max_rel=0.0114"
S10PI_n.mtx,bfp8_lb,bfp8_lb,controlled_lossy_value_specialized,ok,none,accuracy_pass_runtime_win,0.0078,0.0068,1.794872,1.025641,,2611,3912,bfp8,bfp8,false,0,0,false,0,spmv_max_rel,"PASS, max_abs=0.1642, max_rel=0.8754"
S10PI_n.mtx,bfp8_outlier_lb,bfp8_outlier_lb,controlled_lossy_value_specialized,ok,none,accuracy_pass_runtime_loss,0.0098,0.0084,1.428571,0.816327,,2739,3912,bfp8_outlier,bfp8_outlier,false,0,0,false,0,spmv_max_rel,"PASS, max_abs=0.0034, max_rel=0.0732"
S10PI_n.mtx,bfp4_lb,bfp4_lb,controlled_lossy_value_specialized,fail:1,accuracy_fail,accuracy_fail,0.0105,0.0088,1.333333,0.761905,,1795,3912,bfp4,bfp4,false,0,0,false,0,spmv_max_rel,"FAIL, max_abs=1.5777, max_rel=6.9883"
S10PI_n.mtx,hybrid_lb,hybrid_lb,structural_hybrid,ok,none,promoted_fallback,0.0062,0.0048,2.258065,1.290323,,13064,,original,raw_double,false,,,1,0,exact_abs_or_rel,"PASS, max_abs=0.0000, max_rel=0.0000"
S10PI_n.mtx,cusparse_default,cusparse_csr,external_baseline,ok,none,external_baseline,0.0140,0.0102,1.000000,0.571429,,13064,9264,original,original,false,,,true,0,exact_abs_or_rel,"PASS, max_abs=0.0000, max_rel=0.0000"
S20PI_n.mtx,original_lb,original_lb,load_balanced_traversal,ok,none,promoted_fallback,0.0078,0.0066,1.846154,1.000000,,23048,6008,original,original,false,0,0,true,0,exact_abs_or_rel,"PASS, max_abs=0.0000, max_rel=0.0000"
S20PI_n.mtx,auto_lossless_lb,original_lb,load_balanced_traversal,ok,none,promoted_fallback,0.0076,0.0062,1.894737,1.026316,,23048,6008,auto_lossless,original,true,74,23048,true,0,exact_abs_or_rel,"PASS, max_abs=0.0000, max_rel=0.0000"
S20PI_n.mtx,fp16_lb,fp16_lb,controlled_lossy_value_specialized,ok,none,accuracy_pass_runtime_win,0.0076,0.0064,1.894737,1.026316,,5762,6008,fp16,fp16,false,0,0,false,0,spmv_max_rel,"PASS, max_abs=0.0097, max_rel=0.0020"
S20PI_n.mtx,bf16_lb,bf16_lb,controlled_lossy_value_specialized,ok,none,accuracy_pass_runtime_win,0.0074,0.0064,1.945946,1.054054,,5762,6008,bf16,bf16,false,0,0,false,0,spmv_max_rel,"PASS, max_abs=0.1035, max_rel=0.0127"
S20PI_n.mtx,bfp8_lb,bfp8_lb,controlled_lossy_value_specialized,ok,none,accuracy_pass_runtime_loss,0.0080,0.0071,1.800000,0.975000,,4383,6008,bfp8,bfp8,false,0,0,false,0,spmv_max_rel,"PASS, max_abs=0.1642, max_rel=0.1709"
S20PI_n.mtx,bfp8_outlier_lb,bfp8_outlier_lb,controlled_lossy_value_specialized,ok,none,accuracy_pass_runtime_loss,0.0096,0.0078,1.500000,0.812500,,4575,6008,bfp8_outlier,bfp8_outlier,false,0,0,false,0,spmv_max_rel,"PASS, max_abs=0.0033, max_rel=0.0227"
S20PI_n.mtx,bfp4_lb,bfp4_lb,controlled_lossy_value_specialized,fail:1,accuracy_fail,accuracy_fail,0.0096,0.0081,1.500000,0.812500,,2943,6008,bfp4,bfp4,false,0,0,false,0,spmv_max_rel,"FAIL, max_abs=1.5801, max_rel=1.0000"
S20PI_n.mtx,hybrid_lb,hybrid_lb,structural_hybrid,ok,none,promoted_fallback,0.0064,0.0053,2.250000,1.218750,,23048,,original,raw_double,false,,,1,0,exact_abs_or_rel,"PASS, max_abs=0.0000, max_rel=0.0000"
S20PI_n.mtx,cusparse_default,cusparse_csr,external_baseline,ok,none,external_baseline,0.0144,0.0102,1.000000,0.541667,,23048,16256,original,original,false,,,true,0,exact_abs_or_rel,"PASS, max_abs=0.0000, max_rel=0.0000"
SiNa.mtx,original_lb,original_lb,load_balanced_traversal,ok,none,promoted_fallback,0.0095,0.0092,1.473684,1.000000,,1590296,342032,original,original,false,0,0,true,0,exact_abs_or_rel,"PASS, max_abs=0.0000, max_rel=0.0000"
SiNa.mtx,auto_lossless_lb,original_lb,load_balanced_traversal,ok,none,promoted_fallback,0.0091,0.0084,1.538462,1.043956,,1590296,342032,auto_lossless,original,true,24317,1590296,true,0,exact_abs_or_rel,"PASS, max_abs=0.0000, max_rel=0.0000"
SiNa.mtx,fp16_lb,fp16_lb,controlled_lossy_value_specialized,ok,none,accuracy_pass_runtime_loss,0.0098,0.0087,1.428571,0.969388,,397574,342032,fp16,fp16,false,0,0,false,0,spmv_max_rel,"PASS, max_abs=0.0064, max_rel=5.5867"
SiNa.mtx,bf16_lb,bf16_lb,controlled_lossy_value_specialized,ok,none,accuracy_pass_runtime_loss,0.0099,0.0087,1.414141,0.959596,,397574,342032,bf16,bf16,false,0,0,false,0,spmv_max_rel,"PASS, max_abs=0.0561, max_rel=17.6559"
SiNa.mtx,bfp8_lb,bfp8_lb,controlled_lossy_value_specialized,ok,none,accuracy_pass_runtime_loss,0.0101,0.0095,1.386139,0.940594,,284295,342032,bfp8,bfp8,false,0,0,false,0,spmv_max_rel,"PASS, max_abs=0.1504, max_rel=117.9495"
SiNa.mtx,bfp8_outlier_lb,bfp8_outlier_lb,controlled_lossy_value_specialized,ok,none,accuracy_pass_runtime_loss,0.0123,0.0113,1.138211,0.772358,,300183,342032,bfp8_outlier,bfp8_outlier,false,0,0,false,0,spmv_max_rel,"PASS, max_abs=0.1480, max_rel=47.1120"
SiNa.mtx,bfp4_lb,bfp4_lb,controlled_lossy_value_specialized,fail:1,accuracy_fail,accuracy_fail,0.0134,0.0130,1.044776,0.708955,,184902,342032,bfp4,bfp4,false,0,0,false,0,spmv_max_rel,"FAIL, max_abs=2.2257, max_rel=896.7540"
SiNa.mtx,hybrid_lb,hybrid_lb,structural_hybrid,ok,none,promoted_fallback,0.0144,0.0136,0.972222,0.659722,,1590296,,original,raw_double,false,,,1,0,exact_abs_or_rel,"PASS, max_abs=0.0000, max_rel=0.0000"
SiNa.mtx,cusparse_default,cusparse_csr,external_baseline,ok,none,external_baseline,0.0140,0.0102,1.000000,0.678571,,1590296,818124,original,original,false,,,true,0,exact_abs_or_rel,"PASS, max_abs=0.0000, max_rel=0.0000"
Tina_DisCal.mtx,original_lb,original_lb,load_balanced_traversal,ok,none,promoted_fallback,0.0052,0.0039,2.307692,1.000000,,328,48,original,original,false,0,0,true,0,exact_abs_or_rel,"PASS, max_abs=0.0000, max_rel=0.0000"
Tina_DisCal.mtx,auto_lossless_lb,all_one_lb,lossless_value_specialized,ok,none,accuracy_pass_runtime_loss,0.0057,0.0048,2.105263,0.912281,,0,48,auto_lossless,all_one,true,1,0,true,0,exact_abs_or_rel,"PASS, max_abs=0.0000, max_rel=0.0000"
Tina_DisCal.mtx,fp16_lb,fp16_lb,controlled_lossy_value_specialized,ok,none,accuracy_pass_runtime_loss,0.0060,0.0048,2.000000,0.866667,,82,48,fp16,fp16,false,0,0,false,0,spmv_max_rel,"PASS, max_abs=0.0000, max_rel=0.0000"
Tina_DisCal.mtx,bf16_lb,bf16_lb,controlled_lossy_value_specialized,ok,none,accuracy_pass_runtime_loss,0.0055,0.0044,2.181818,0.945455,,82,48,bf16,bf16,false,0,0,false,0,spmv_max_rel,"PASS, max_abs=0.0000, max_rel=0.0000"
Tina_DisCal.mtx,bfp8_lb,bfp8_lb,controlled_lossy_value_specialized,ok,none,accuracy_pass_runtime_loss,0.0053,0.0044,2.264151,0.981132,,53,48,bfp8,bfp8,false,0,0,false,0,spmv_max_rel,"PASS, max_abs=0.0002, max_rel=0.0001"
Tina_DisCal.mtx,bfp8_outlier_lb,bfp8_outlier_lb,controlled_lossy_value_specialized,ok,none,accuracy_pass_runtime_loss,0.0053,0.0043,2.264151,0.981132,,53,48,bfp8_outlier,bfp8_outlier,false,0,0,false,0,spmv_max_rel,"PASS, max_abs=0.0002, max_rel=0.0001"
Tina_DisCal.mtx,bfp4_lb,bfp4_lb,controlled_lossy_value_specialized,ok,none,accuracy_pass_runtime_loss,0.0060,0.0054,2.000000,0.866667,,33,48,bfp4,bfp4,false,0,0,false,0,spmv_max_rel,"PASS, max_abs=0.0063, max_rel=0.0020"
Tina_DisCal.mtx,hybrid_lb,hybrid_lb,structural_hybrid,ok,none,promoted_fallback,0.0064,0.0050,1.875000,0.812500,,328,,original,raw_double,false,,,1,0,exact_abs_or_rel,"PASS, max_abs=0.0000, max_rel=0.0000"
Tina_DisCal.mtx,cusparse_default,cusparse_csr,external_baseline,ok,none,external_baseline,0.0120,0.0082,1.000000,0.433333,,328,212,original,original,false,,,true,0,exact_abs_or_rel,"PASS, max_abs=0.0000, max_rel=0.0000"
Trec7.mtx,original_lb,original_lb,load_balanced_traversal,ok,none,promoted_fallback,0.0066,0.0054,1.833333,1.000000,,1176,136,original,original,false,0,0,true,0,exact_abs_or_rel,"PASS, max_abs=0.0000, max_rel=0.0000"
Trec7.mtx,auto_lossless_lb,dict16_lb,lossless_value_specialized,ok,none,accuracy_pass_runtime_win,0.0058,0.0048,2.086207,1.137931,,336,136,auto_lossless,dict16,true,8,336,true,8,exact_abs_or_rel,"PASS, max_abs=0.0000, max_rel=0.0000"
Trec7.mtx,fp16_lb,fp16_lb,controlled_lossy_value_specialized,ok,none,accuracy_pass_runtime_loss,0.0067,0.0049,1.805970,0.985075,,294,136,fp16,fp16,false,0,0,false,0,spmv_max_rel,"PASS, max_abs=0.0000, max_rel=0.0000"
Trec7.mtx,bf16_lb,bf16_lb,controlled_lossy_value_specialized,ok,none,accuracy_pass_runtime_loss,0.0066,0.0049,1.833333,1.000000,,294,136,bf16,bf16,false,0,0,false,0,spmv_max_rel,"PASS, max_abs=0.0000, max_rel=0.0000"
Trec7.mtx,bfp8_lb,bfp8_lb,controlled_lossy_value_specialized,ok,none,accuracy_pass_runtime_win,0.0058,0.0048,2.086207,1.137931,,181,136,bfp8,bfp8,false,0,0,false,0,spmv_max_rel,"PASS, max_abs=0.0862, max_rel=0.0625"
Trec7.mtx,bfp8_outlier_lb,bfp8_outlier_lb,controlled_lossy_value_specialized,ok,none,accuracy_pass_runtime_win,0.0064,0.0060,1.890625,1.031250,,181,136,bfp8_outlier,bfp8_outlier,false,0,0,false,0,spmv_max_rel,"PASS, max_abs=0.0862, max_rel=0.0625"
Trec7.mtx,bfp4_lb,bfp4_lb,controlled_lossy_value_specialized,fail:1,accuracy_fail,accuracy_fail,0.0077,0.0058,1.571429,0.857143,,108,136,bfp4,bfp4,false,0,0,false,0,spmv_max_rel,"FAIL, max_abs=1.5923, max_rel=1.1228"
Trec7.mtx,hybrid_lb,hybrid_lb,structural_hybrid,ok,none,promoted_fallback,0.0074,0.0058,1.635135,0.891892,,1176,,original,raw_double,false,,,1,0,exact_abs_or_rel,"PASS, max_abs=0.0000, max_rel=0.0000"
Trec7.mtx,cusparse_default,cusparse_csr,external_baseline,ok,none,external_baseline,0.0121,0.0082,1.000000,0.545455,,1176,636,original,original,false,,,true,0,exact_abs_or_rel,"PASS, max_abs=0.0000, max_rel=0.0000"
aa01.mtx,original_lb,original_lb,load_balanced_traversal,ok,none,promoted_fallback,0.0103,0.0090,1.368932,1.000000,,583720,130264,original,original,false,0,0,true,0,exact_abs_or_rel,"PASS, max_abs=0.0000, max_rel=0.0000"
aa01.mtx,auto_lossless_lb,all_one_lb,lossless_value_specialized,ok,none,accuracy_pass_runtime_win,0.0093,0.0079,1.516129,1.107527,,0,130264,auto_lossless,all_one,true,1,0,true,0,exact_abs_or_rel,"PASS, max_abs=0.0000, max_rel=0.0000"
aa01.mtx,fp16_lb,fp16_lb,controlled_lossy_value_specialized,ok,none,accuracy_pass_runtime_win,0.0102,0.0089,1.382353,1.009804,,145930,130264,fp16,fp16,false,0,0,false,0,spmv_max_rel,"PASS, max_abs=0.0000, max_rel=0.0000"
aa01.mtx,bf16_lb,bf16_lb,controlled_lossy_value_specialized,ok,none,accuracy_pass_runtime_win,0.0095,0.0090,1.484211,1.084211,,145930,130264,bf16,bf16,false,0,0,false,0,spmv_max_rel,"PASS, max_abs=0.0000, max_rel=0.0000"
aa01.mtx,bfp8_lb,bfp8_lb,controlled_lossy_value_specialized,ok,none,accuracy_pass_runtime_loss,0.0110,0.0090,1.281818,0.936364,,105531,130264,bfp8,bfp8,false,0,0,false,0,spmv_max_rel,"PASS, max_abs=0.0013, max_rel=0.0001"
aa01.mtx,bfp8_outlier_lb,bfp8_outlier_lb,controlled_lossy_value_specialized,ok,none,accuracy_pass_runtime_loss,0.0106,0.0092,1.330189,0.971698,,105531,130264,bfp8_outlier,bfp8_outlier,false,0,0,false,0,spmv_max_rel,"PASS, max_abs=0.0013, max_rel=0.0001"
aa01.mtx,bfp4_lb,bfp4_lb,controlled_lossy_value_specialized,ok,none,accuracy_pass_runtime_loss,0.0145,0.0131,0.972414,0.710345,,69049,130264,bfp4,bfp4,false,0,0,false,0,spmv_max_rel,"PASS, max_abs=0.0405, max_rel=0.0020"
aa01.mtx,hybrid_lb,hybrid_lb,structural_hybrid,ok,none,promoted_fallback,0.0168,0.0149,0.839286,0.613095,,583720,,original,raw_double,false,,,1,0,exact_abs_or_rel,"PASS, max_abs=0.0000, max_rel=0.0000"
aa01.mtx,cusparse_default,cusparse_csr,external_baseline,ok,none,external_baseline,0.0141,0.0123,1.000000,0.730496,,583720,295156,original,original,false,,,true,0,exact_abs_or_rel,"PASS, max_abs=0.0000, max_rel=0.0000"
adder_dcop_20.mtx,original_lb,original_lb,load_balanced_traversal,ok,none,promoted_fallback,0.0087,0.0075,1.597701,1.000000,,89968,44576,original,original,false,0,0,true,0,exact_abs_or_rel,"PASS, max_abs=0.0000, max_rel=0.0000"
adder_dcop_20.mtx,auto_lossless_lb,original_lb,load_balanced_traversal,ok,none,promoted_fallback,0.0085,0.0071,1.635294,1.023529,,89968,44576,auto_lossless,original,true,8688,89968,true,0,exact_abs_or_rel,"PASS, max_abs=0.0000, max_rel=0.0000"
adder_dcop_20.mtx,fp16_lb,fp16_lb,controlled_lossy_value_specialized,ok,none,accuracy_pass_runtime_loss,0.0099,0.0091,1.404040,0.878788,,22492,44576,fp16,fp16,false,0,0,false,0,spmv_max_rel,"PASS, max_abs=0.0000, max_rel=86173.5128"
adder_dcop_20.mtx,bf16_lb,bf16_lb,controlled_lossy_value_specialized,ok,none,accuracy_pass_runtime_loss,0.0097,0.0092,1.432990,0.896907,,22492,44576,bf16,bf16,false,0,0,false,0,spmv_max_rel,"PASS, max_abs=0.0001, max_rel=56819.1814"
adder_dcop_20.mtx,bfp8_lb,bfp8_lb,controlled_lossy_value_specialized,ok,none,accuracy_pass_runtime_loss,0.0099,0.0091,1.404040,0.878788,,22390,44576,bfp8,bfp8,false,0,0,false,0,spmv_max_rel,"PASS, max_abs=0.0005, max_rel=29918750.3728"
adder_dcop_20.mtx,bfp8_outlier_lb,bfp8_outlier_lb,controlled_lossy_value_specialized,ok,none,accuracy_pass_runtime_loss,0.0117,0.0104,1.188034,0.743590,,23286,44576,bfp8_outlier,bfp8_outlier,false,0,0,false,0,spmv_max_rel,"PASS, max_abs=0.0001, max_rel=29918750.3728"
adder_dcop_20.mtx,bfp4_lb,bfp4_lb,controlled_lossy_value_specialized,ok,none,accuracy_pass_runtime_loss,0.0144,0.0130,0.965278,0.604167,,16767,44576,bfp4,bfp4,false,0,0,false,0,spmv_max_rel,"PASS, max_abs=0.0020, max_rel=276609959.3318"
adder_dcop_20.mtx,hybrid_lb,hybrid_lb,structural_hybrid,ok,none,promoted_fallback,0.0084,0.0064,1.654762,1.035714,,89968,,original,raw_double,false,,,1,0,exact_abs_or_rel,"PASS, max_abs=0.0000, max_rel=0.0000"
adder_dcop_20.mtx,cusparse_default,cusparse_csr,external_baseline,ok,none,external_baseline,0.0139,0.0123,1.000000,0.625899,,89968,52240,original,original,false,,,true,0,exact_abs_or_rel,"PASS, max_abs=0.0000, max_rel=0.0000"
adder_dcop_28.mtx,original_lb,original_lb,load_balanced_traversal,ok,none,promoted_fallback,0.0090,0.0076,1.533333,1.000000,,89968,44576,original,original,false,0,0,true,0,exact_abs_or_rel,"PASS, max_abs=0.0000, max_rel=0.0000"
adder_dcop_28.mtx,auto_lossless_lb,original_lb,load_balanced_traversal,ok,none,promoted_fallback,0.0087,0.0076,1.586207,1.034483,,89968,44576,auto_lossless,original,true,6180,89968,true,0,exact_abs_or_rel,"PASS, max_abs=0.0000, max_rel=0.0000"
adder_dcop_28.mtx,fp16_lb,fp16_lb,controlled_lossy_value_specialized,ok,none,accuracy_pass_runtime_loss,0.0096,0.0090,1.437500,0.937500,,22492,44576,fp16,fp16,false,0,0,false,0,spmv_max_rel,"PASS, max_abs=0.0000, max_rel=7.7409"
adder_dcop_28.mtx,bf16_lb,bf16_lb,controlled_lossy_value_specialized,ok,none,accuracy_pass_runtime_loss,0.0095,0.0088,1.452632,0.947368,,22492,44576,bf16,bf16,false,0,0,false,0,spmv_max_rel,"PASS, max_abs=0.0000, max_rel=2.6880"
adder_dcop_28.mtx,bfp8_lb,bfp8_lb,controlled_lossy_value_specialized,ok,none,accuracy_pass_runtime_loss,0.0101,0.0087,1.366337,0.891089,,22390,44576,bfp8,bfp8,false,0,0,false,0,spmv_max_rel,"PASS, max_abs=0.0005, max_rel=15763679.8920"
adder_dcop_28.mtx,bfp8_outlier_lb,bfp8_outlier_lb,controlled_lossy_value_specialized,ok,none,accuracy_pass_runtime_loss,0.0116,0.0103,1.189655,0.775862,,23286,44576,bfp8_outlier,bfp8_outlier,false,0,0,false,0,spmv_max_rel,"PASS, max_abs=0.0001, max_rel=15763679.8920"
adder_dcop_28.mtx,bfp4_lb,bfp4_lb,controlled_lossy_value_specialized,fail:1,accuracy_fail,accuracy_fail,0.0144,0.0129,0.958333,0.625000,,16767,44576,bfp4,bfp4,false,0,0,false,0,spmv_max_rel,"FAIL, max_abs=0.0115, max_rel=2829364391.8096"
adder_dcop_28.mtx,hybrid_lb,hybrid_lb,structural_hybrid,ok,none,promoted_fallback,0.0087,0.0061,1.586207,1.034483,,89968,,original,raw_double,false,,,1,0,exact_abs_or_rel,"PASS, max_abs=0.0000, max_rel=0.0000"
adder_dcop_28.mtx,cusparse_default,cusparse_csr,external_baseline,ok,none,external_baseline,0.0138,0.0123,1.000000,0.652174,,89968,52240,original,original,false,,,true,0,exact_abs_or_rel,"PASS, max_abs=0.0000, max_rel=0.0000"
adder_dcop_36.mtx,original_lb,original_lb,load_balanced_traversal,ok,none,promoted_fallback,0.0089,0.0074,1.617978,1.000000,,89968,44576,original,original,false,0,0,true,0,exact_abs_or_rel,"PASS, max_abs=0.0000, max_rel=0.0000"
adder_dcop_36.mtx,auto_lossless_lb,original_lb,load_balanced_traversal,ok,none,promoted_fallback,0.0108,0.0088,1.333333,0.824074,,89968,44576,auto_lossless,original,true,5848,89968,true,0,exact_abs_or_rel,"PASS, max_abs=0.0000, max_rel=0.0000"
adder_dcop_36.mtx,fp16_lb,fp16_lb,controlled_lossy_value_specialized,ok,none,accuracy_pass_runtime_loss,0.0096,0.0090,1.500000,0.927083,,22492,44576,fp16,fp16,false,0,0,false,0,spmv_max_rel,"PASS, max_abs=0.0000, max_rel=200.4825"
adder_dcop_36.mtx,bf16_lb,bf16_lb,controlled_lossy_value_specialized,ok,none,accuracy_pass_runtime_loss,0.0097,0.0092,1.484536,0.917526,,22492,44576,bf16,bf16,false,0,0,false,0,spmv_max_rel,"PASS, max_abs=0.0001, max_rel=2.7281"
adder_dcop_36.mtx,bfp8_lb,bfp8_lb,controlled_lossy_value_specialized,ok,none,accuracy_pass_runtime_loss,0.0098,0.0091,1.469388,0.908163,,22390,44576,bfp8,bfp8,false,0,0,false,0,spmv_max_rel,"PASS, max_abs=0.0006, max_rel=15763671.3541"
adder_dcop_36.mtx,bfp8_outlier_lb,bfp8_outlier_lb,controlled_lossy_value_specialized,ok,none,accuracy_pass_runtime_loss,0.0119,0.0104,1.210084,0.747899,,23286,44576,bfp8_outlier,bfp8_outlier,false,0,0,false,0,spmv_max_rel,"PASS, max_abs=0.0001, max_rel=15763671.3541"
adder_dcop_36.mtx,bfp4_lb,bfp4_lb,controlled_lossy_value_specialized,fail:1,accuracy_fail,accuracy_fail,0.0148,0.0130,0.972973,0.601351,,16767,44576,bfp4,bfp4,false,0,0,false,0,spmv_max_rel,"FAIL, max_abs=0.0179, max_rel=2826808338.4200"
adder_dcop_36.mtx,hybrid_lb,hybrid_lb,structural_hybrid,ok,none,promoted_fallback,0.0089,0.0068,1.617978,1.000000,,89968,,original,raw_double,false,,,1,0,exact_abs_or_rel,"PASS, max_abs=0.0000, max_rel=0.0000"
adder_dcop_36.mtx,cusparse_default,cusparse_csr,external_baseline,ok,none,external_baseline,0.0144,0.0123,1.000000,0.618056,,89968,52240,original,original,false,,,true,0,exact_abs_or_rel,"PASS, max_abs=0.0000, max_rel=0.0000"
adder_dcop_46.mtx,original_lb,original_lb,load_balanced_traversal,ok,none,promoted_fallback,0.0088,0.0074,1.590909,1.000000,,89968,44576,original,original,false,0,0,true,0,exact_abs_or_rel,"PASS, max_abs=0.0000, max_rel=0.0000"
adder_dcop_46.mtx,auto_lossless_lb,original_lb,load_balanced_traversal,ok,none,promoted_fallback,0.0086,0.0072,1.627907,1.023256,,89968,44576,auto_lossless,original,true,4614,89968,true,0,exact_abs_or_rel,"PASS, max_abs=0.0000, max_rel=0.0000"
adder_dcop_46.mtx,fp16_lb,fp16_lb,controlled_lossy_value_specialized,ok,none,accuracy_pass_runtime_loss,0.0096,0.0090,1.458333,0.916667,,22492,44576,fp16,fp16,false,0,0,false,0,spmv_max_rel,"PASS, max_abs=0.0000, max_rel=2.8871"
adder_dcop_46.mtx,bf16_lb,bf16_lb,controlled_lossy_value_specialized,ok,none,accuracy_pass_runtime_loss,0.0094,0.0090,1.489362,0.936170,,22492,44576,bf16,bf16,false,0,0,false,0,spmv_max_rel,"PASS, max_abs=0.0000, max_rel=2.7326"
adder_dcop_46.mtx,bfp8_lb,bfp8_lb,controlled_lossy_value_specialized,ok,none,accuracy_pass_runtime_loss,0.0105,0.0095,1.333333,0.838095,,22390,44576,bfp8,bfp8,false,0,0,false,0,spmv_max_rel,"PASS, max_abs=0.0005, max_rel=15763697.4700"
adder_dcop_46.mtx,bfp8_outlier_lb,bfp8_outlier_lb,controlled_lossy_value_specialized,ok,none,accuracy_pass_runtime_loss,0.0117,0.0104,1.196581,0.752137,,23286,44576,bfp8_outlier,bfp8_outlier,false,0,0,false,0,spmv_max_rel,"PASS, max_abs=0.0001, max_rel=15763697.4700"
adder_dcop_46.mtx,bfp4_lb,bfp4_lb,controlled_lossy_value_specialized,fail:1,accuracy_fail,accuracy_fail,0.0144,0.0136,0.972222,0.611111,,16767,44576,bfp4,bfp4,false,0,0,false,0,spmv_max_rel,"FAIL, max_abs=0.0115, max_rel=2829364391.8096"
adder_dcop_46.mtx,hybrid_lb,hybrid_lb,structural_hybrid,ok,none,promoted_fallback,0.0105,0.0084,1.333333,0.838095,,89968,,original,raw_double,false,,,1,0,exact_abs_or_rel,"PASS, max_abs=0.0000, max_rel=0.0000"
adder_dcop_46.mtx,cusparse_default,cusparse_csr,external_baseline,ok,none,external_baseline,0.0140,0.0123,1.000000,0.628571,,89968,52240,original,original,false,,,true,0,exact_abs_or_rel,"PASS, max_abs=0.0000, max_rel=0.0000"
ash608.mtx,original_lb,original_lb,load_balanced_traversal,ok,none,promoted_fallback,0.0059,0.0049,2.338983,1.000000,,9728,2336,original,original,false,0,0,true,0,exact_abs_or_rel,"PASS, max_abs=0.0000, max_rel=0.0000"
ash608.mtx,auto_lossless_lb,all_one_lb,lossless_value_specialized,ok,none,accuracy_pass_runtime_win,0.0056,0.0046,2.464286,1.053571,,0,2336,auto_lossless,all_one,true,1,0,true,0,exact_abs_or_rel,"PASS, max_abs=0.0000, max_rel=0.0000"
ash608.mtx,fp16_lb,fp16_lb,controlled_lossy_value_specialized,ok,none,accuracy_pass_runtime_loss,0.0061,0.0046,2.262295,0.967213,,2432,2336,fp16,fp16,false,0,0,false,0,spmv_max_rel,"PASS, max_abs=0.0000, max_rel=0.0000"
ash608.mtx,bf16_lb,bf16_lb,controlled_lossy_value_specialized,ok,none,accuracy_pass_runtime_win,0.0058,0.0043,2.379310,1.017241,,2432,2336,bf16,bf16,false,0,0,false,0,spmv_max_rel,"PASS, max_abs=0.0000, max_rel=0.0000"
ash608.mtx,bfp8_lb,bfp8_lb,controlled_lossy_value_specialized,ok,none,accuracy_pass_runtime_win,0.0048,0.0045,2.875000,1.229167,,1800,2336,bfp8,bfp8,false,0,0,false,0,spmv_max_rel,"PASS, max_abs=0.0001, max_rel=0.0001"
ash608.mtx,bfp8_outlier_lb,bfp8_outlier_lb,controlled_lossy_value_specialized,ok,none,accuracy_pass_runtime_win,0.0051,0.0046,2.705882,1.156863,,1800,2336,bfp8_outlier,bfp8_outlier,false,0,0,false,0,spmv_max_rel,"PASS, max_abs=0.0001, max_rel=0.0001"
ash608.mtx,bfp4_lb,bfp4_lb,controlled_lossy_value_specialized,ok,none,accuracy_pass_runtime_loss,0.0061,0.0045,2.262295,0.967213,,1192,2336,bfp4,bfp4,false,0,0,false,0,spmv_max_rel,"PASS, max_abs=0.0039, max_rel=0.0020"
ash608.mtx,hybrid_lb,hybrid_lb,structural_hybrid,ok,none,promoted_fallback,0.0065,0.0045,2.123077,0.907692,,9728,,original,raw_double,false,,,1,0,exact_abs_or_rel,"PASS, max_abs=0.0000, max_rel=0.0000"
ash608.mtx,cusparse_default,cusparse_csr,external_baseline,ok,none,external_baseline,0.0138,0.0102,1.000000,0.427536,,9728,7300,original,original,false,,,true,0,exact_abs_or_rel,"PASS, max_abs=0.0000, max_rel=0.0000"
b2_ss.mtx,original_lb,original_lb,load_balanced_traversal,ok,none,promoted_fallback,0.0079,0.0060,1.772152,1.000000,,31160,10352,original,original,false,0,0,true,0,exact_abs_or_rel,"PASS, max_abs=0.0000, max_rel=1.0000"
b2_ss.mtx,auto_lossless_lb,original_lb,load_balanced_traversal,ok,none,promoted_fallback,0.0080,0.0061,1.750000,0.987500,,31160,10352,auto_lossless,original,true,105,31160,true,0,exact_abs_or_rel,"PASS, max_abs=0.0000, max_rel=1.0000"
b2_ss.mtx,fp16_lb,fp16_lb,controlled_lossy_value_specialized,fail:1,accuracy_fail,accuracy_fail,0.0086,0.0076,1.627907,0.918605,,7790,10352,fp16,fp16,false,0,0,false,0,spmv_max_rel,"FAIL, max_abs=inf, max_rel=inf"
b2_ss.mtx,bf16_lb,bf16_lb,controlled_lossy_value_specialized,ok,none,accuracy_pass_runtime_win,0.0078,0.0060,1.794872,1.012821,,7790,10352,bf16,bf16,false,0,0,false,0,spmv_max_rel,"PASS, max_abs=220.0000, max_rel=20.5313"
b2_ss.mtx,bfp8_lb,bfp8_lb,controlled_lossy_value_specialized,ok,none,accuracy_pass_runtime_win,0.0071,0.0057,1.971831,1.112676,,6483,10352,bfp8,bfp8,false,0,0,false,0,spmv_max_rel,"PASS, max_abs=138.1194, max_rel=249984741210937476886061645824.0000"
b2_ss.mtx,bfp8_outlier_lb,bfp8_outlier_lb,controlled_lossy_value_specialized,ok,none,accuracy_pass_runtime_win,0.0071,0.0056,1.971831,1.112676,,6483,10352,bfp8_outlier,bfp8_outlier,false,0,0,false,0,spmv_max_rel,"PASS, max_abs=138.1194, max_rel=249984741210937476886061645824.0000"
b2_ss.mtx,bfp4_lb,bfp4_lb,controlled_lossy_value_specialized,fail:1,accuracy_fail,accuracy_fail,0.0083,0.0076,1.686747,0.951807,,4536,10352,bfp4,bfp4,false,0,0,false,0,spmv_max_rel,"FAIL, max_abs=1390.9123, max_rel=998046874999999943429729550336.0000"
b2_ss.mtx,hybrid_lb,hybrid_lb,structural_hybrid,ok,none,promoted_fallback,0.0062,0.0051,2.258065,1.274194,,31160,,original,raw_double,false,,,1,0,exact_abs_or_rel,"PASS, max_abs=0.0000, max_rel=1.0000"
b2_ss.mtx,cusparse_default,cusparse_csr,external_baseline,ok,none,external_baseline,0.0140,0.0123,1.000000,0.564286,,31160,19940,original,original,false,,,true,0,exact_abs_or_rel,"PASS, max_abs=0.0000, max_rel=1.0000"
bayer07.mtx,original_lb,original_lb,load_balanced_traversal,ok,none,promoted_fallback,0.0099,0.0077,1.444444,1.000000,,167704,28808,original,original,false,0,0,true,0,exact_abs_or_rel,"PASS, max_abs=0.0000, max_rel=0.0000"
bayer07.mtx,auto_lossless_lb,original_lb,load_balanced_traversal,ok,none,promoted_fallback,0.0101,0.0086,1.415842,0.980198,,167704,28808,auto_lossless,original,true,3914,167704,true,0,exact_abs_or_rel,"PASS, max_abs=0.0000, max_rel=0.0000"
bayer07.mtx,fp16_lb,fp16_lb,controlled_lossy_value_specialized,fail:1,accuracy_fail,accuracy_fail,0.0098,0.0089,1.459184,1.010204,,41926,28808,fp16,fp16,false,0,0,false,0,spmv_max_rel,"FAIL, max_abs=inf, max_rel=inf"
bayer07.mtx,bf16_lb,bf16_lb,controlled_lossy_value_specialized,ok,none,accuracy_pass_runtime_win,0.0093,0.0079,1.537634,1.064516,,41926,28808,bf16,bf16,false,0,0,false,0,spmv_max_rel,"PASS, max_abs=1643968368.6895, max_rel=0.0701"
bayer07.mtx,bfp8_lb,bfp8_lb,controlled_lossy_value_specialized,ok,none,accuracy_pass_runtime_win,0.0098,0.0091,1.459184,1.010204,,28165,28808,bfp8,bfp8,false,0,0,false,0,spmv_max_rel,"PASS, max_abs=2276003583.2672, max_rel=54702758789062496187186151424.0000"
bayer07.mtx,bfp8_outlier_lb,bfp8_outlier_lb,controlled_lossy_value_specialized,ok,none,accuracy_pass_runtime_loss,0.0118,0.0104,1.211864,0.838983,,29765,28808,bfp8_outlier,bfp8_outlier,false,0,0,false,0,spmv_max_rel,"PASS, max_abs=16110.5585, max_rel=54702758789062496187186151424.0000"
bayer07.mtx,bfp4_lb,bfp4_lb,controlled_lossy_value_specialized,fail:1,accuracy_fail,accuracy_fail,0.0126,0.0112,1.134921,0.785714,,17684,28808,bfp4,bfp4,false,0,0,false,0,spmv_max_rel,"FAIL, max_abs=50460790625.4783, max_rel=249511718749999985857432387584.0000"
bayer07.mtx,hybrid_lb,hybrid_lb,structural_hybrid,ok,none,promoted_fallback,0.0079,0.0065,1.810127,1.253165,,167704,,original,raw_double,false,,,1,0,exact_abs_or_rel,"PASS, max_abs=0.0000, max_rel=0.0000"
bayer07.mtx,cusparse_default,cusparse_csr,external_baseline,ok,none,external_baseline,0.0143,0.0123,1.000000,0.692308,,167704,96928,original,original,false,,,true,0,exact_abs_or_rel,"PASS, max_abs=0.0000, max_rel=0.0000"
bcsstk10.mtx,original_lb,original_lb,load_balanced_traversal,ok,none,promoted_fallback,0.0071,0.0061,2.338028,1.000000,,176560,16496,original,original,false,0,0,true,0,exact_abs_or_rel,"PASS, max_abs=0.0000, max_rel=0.0000"
bcsstk10.mtx,auto_lossless_lb,dict65536_u16_lb,lossless_value_specialized,ok,none,accuracy_pass_runtime_loss,0.0077,0.0069,2.155844,0.922078,,142880,16496,auto_lossless,dict65536_u16,true,1364,142880,true,1364,exact_abs_or_rel,"PASS, max_abs=0.0000, max_rel=0.0000"
bcsstk10.mtx,fp16_lb,fp16_lb,controlled_lossy_value_specialized,fail:1,accuracy_fail,accuracy_fail,0.0084,0.0074,1.976190,0.845238,,44140,16496,fp16,fp16,false,0,0,false,0,spmv_max_rel,"FAIL, max_abs=inf, max_rel=inf"
bcsstk10.mtx,bf16_lb,bf16_lb,controlled_lossy_value_specialized,ok,none,accuracy_pass_runtime_loss,0.0071,0.0064,2.338028,1.000000,,44140,16496,bf16,bf16,false,0,0,false,0,spmv_max_rel,"PASS, max_abs=73203.2841, max_rel=0.1772"
bcsstk10.mtx,bfp8_lb,bfp8_lb,controlled_lossy_value_specialized,ok,none,accuracy_pass_runtime_loss,0.0081,0.0069,2.049383,0.876543,,26194,16496,bfp8,bfp8,false,0,0,false,0,spmv_max_rel,"PASS, max_abs=93184.4437, max_rel=7.9476"
bcsstk10.mtx,bfp8_outlier_lb,bfp8_outlier_lb,controlled_lossy_value_specialized,ok,none,accuracy_pass_runtime_loss,0.0097,0.0085,1.711340,0.731959,,27874,16496,bfp8_outlier,bfp8_outlier,false,0,0,false,0,spmv_max_rel,"PASS, max_abs=91343.0624, max_rel=15.8984"
bcsstk10.mtx,bfp4_lb,bfp4_lb,controlled_lossy_value_specialized,fail:1,accuracy_fail,accuracy_fail,0.0111,0.0096,1.495495,0.639640,,15159,16496,bfp4,bfp4,false,0,0,false,0,spmv_max_rel,"FAIL, max_abs=1918155.0803, max_rel=41.8681"
bcsstk10.mtx,hybrid_lb,hybrid_lb,structural_hybrid,ok,none,promoted_fallback,0.0079,0.0072,2.101266,0.898734,,176560,,original,raw_double,false,,,1,0,exact_abs_or_rel,"PASS, max_abs=0.0000, max_rel=0.0000"
bcsstk10.mtx,cusparse_default,cusparse_csr,external_baseline,ok,none,external_baseline,0.0166,0.0123,1.000000,0.427711,,176560,92628,original,original,false,,,true,0,exact_abs_or_rel,"PASS, max_abs=0.0000, max_rel=0.0000"
bcsstk22.mtx,original_lb,original_lb,load_balanced_traversal,ok,none,promoted_fallback,0.0066,0.0053,1.833333,1.000000,,5568,1056,original,original,false,0,0,true,0,exact_abs_or_rel,"PASS, max_abs=0.0000, max_rel=1.0000"
bcsstk22.mtx,auto_lossless_lb,dict256_u8_lb,lossless_value_specialized,ok,none,accuracy_pass_runtime_loss,0.0073,0.0055,1.657534,0.904110,,5512,1056,auto_lossless,dict256_u8,true,161,5512,true,161,exact_abs_or_rel,"PASS, max_abs=0.0000, max_rel=1.0000"
bcsstk22.mtx,fp16_lb,fp16_lb,controlled_lossy_value_specialized,fail:1,accuracy_fail,accuracy_fail,0.0082,0.0064,1.475610,0.804878,,1392,1056,fp16,fp16,false,0,0,false,0,spmv_max_rel,"FAIL, max_abs=inf, max_rel=inf"
bcsstk22.mtx,bf16_lb,bf16_lb,controlled_lossy_value_specialized,ok,none,accuracy_pass_runtime_loss,0.0069,0.0057,1.753623,0.956522,,1392,1056,bf16,bf16,false,0,0,false,0,spmv_max_rel,"PASS, max_abs=15320.1453, max_rel=1.0000"
bcsstk22.mtx,bfp8_lb,bfp8_lb,controlled_lossy_value_specialized,ok,none,accuracy_pass_runtime_loss,0.0074,0.0059,1.635135,0.891892,,960,1056,bfp8,bfp8,false,0,0,false,0,spmv_max_rel,"PASS, max_abs=16564.2129, max_rel=4383999999999999825965416905179136.0000"
bcsstk22.mtx,bfp8_outlier_lb,bfp8_outlier_lb,controlled_lossy_value_specialized,ok,none,accuracy_pass_runtime_loss,0.0087,0.0074,1.390805,0.758621,,992,1056,bfp8_outlier,bfp8_outlier,false,0,0,false,0,spmv_max_rel,"PASS, max_abs=13557.4330, max_rel=4383999999999999825965416905179136.0000"
bcsstk22.mtx,bfp4_lb,bfp4_lb,controlled_lossy_value_specialized,fail:1,accuracy_fail,accuracy_fail,0.0078,0.0066,1.551282,0.846154,,612,1056,bfp4,bfp4,false,0,0,false,0,spmv_max_rel,"FAIL, max_abs=555672.8886, max_rel=55551999999999997862038947330260992.0000"
bcsstk22.mtx,hybrid_lb,hybrid_lb,structural_hybrid,ok,none,promoted_fallback,0.0069,0.0052,1.753623,0.956522,,5568,,original,raw_double,false,,,1,0,exact_abs_or_rel,"PASS, max_abs=0.0000, max_rel=3637978807091712512.0000"
bcsstk22.mtx,cusparse_default,cusparse_csr,external_baseline,ok,none,external_baseline,0.0121,0.0082,1.000000,0.545455,,5568,3340,original,original,false,,,true,0,exact_abs_or_rel,"PASS, max_abs=0.0000, max_rel=7275957614183425024.0000"
bcsstm26.mtx,original_lb,original_lb,load_balanced_traversal,ok,none,promoted_fallback,0.0060,0.0055,2.350000,1.000000,,15376,3848,original,original,false,0,0,true,0,exact_abs_or_rel,"PASS, max_abs=0.0000, max_rel=0.0000"
bcsstm26.mtx,auto_lossless_lb,original_lb,load_balanced_traversal,ok,none,promoted_fallback,0.0041,0.0029,3.439024,1.463415,,15376,3848,auto_lossless,original,true,1010,15376,true,0,exact_abs_or_rel,"PASS, max_abs=0.0000, max_rel=0.0000"
bcsstm26.mtx,fp16_lb,fp16_lb,controlled_lossy_value_specialized,ok,none,accuracy_pass_runtime_win,0.0053,0.0044,2.660377,1.132075,,3844,3848,fp16,fp16,false,0,0,false,0,spmv_max_rel,"PASS, max_abs=0.0003, max_rel=0.0038"
bcsstm26.mtx,bf16_lb,bf16_lb,controlled_lossy_value_specialized,ok,none,accuracy_pass_runtime_loss,0.0067,0.0060,2.104478,0.895522,,3844,3848,bf16,bf16,false,0,0,false,0,spmv_max_rel,"PASS, max_abs=0.0029, max_rel=0.0038"
bcsstm26.mtx,bfp8_lb,bfp8_lb,controlled_lossy_value_specialized,ok,none,accuracy_pass_runtime_win,0.0051,0.0043,2.764706,1.176471,,2884,3848,bfp8,bfp8,false,0,0,false,0,spmv_max_rel,"PASS, max_abs=0.0029, max_rel=1.0000"
bcsstm26.mtx,bfp8_outlier_lb,bfp8_outlier_lb,controlled_lossy_value_specialized,ok,none,accuracy_pass_runtime_loss,0.0075,0.0060,1.880000,0.800000,,3028,3848,bfp8_outlier,bfp8_outlier,false,0,0,false,0,spmv_max_rel,"PASS, max_abs=0.0029, max_rel=1.0000"
bcsstm26.mtx,bfp4_lb,bfp4_lb,controlled_lossy_value_specialized,fail:1,accuracy_fail,accuracy_fail,0.0081,0.0075,1.740741,0.740741,,1923,3848,bfp4,bfp4,false,0,0,false,0,spmv_max_rel,"FAIL, max_abs=0.0354, max_rel=1.0000"
bcsstm26.mtx,hybrid_lb,hybrid_lb,structural_hybrid,ok,none,promoted_fallback,0.0059,0.0045,2.389831,1.016949,,15376,,original,raw_double,false,,,1,0,exact_abs_or_rel,"PASS, max_abs=0.0000, max_rel=0.0000"
bcsstm26.mtx,cusparse_default,cusparse_csr,external_baseline,ok,none,external_baseline,0.0141,0.0102,1.000000,0.425532,,15376,15380,original,original,false,,,true,0,exact_abs_or_rel,"PASS, max_abs=0.0000, max_rel=0.0000"
bibd_13_6.mtx,original_lb,original_lb,load_balanced_traversal,ok,none,promoted_fallback,0.0077,0.0070,1.636364,1.000000,,205920,23632,original,original,false,0,0,true,0,exact_abs_or_rel,"PASS, max_abs=0.0000, max_rel=0.0000"
bibd_13_6.mtx,auto_lossless_lb,all_one_lb,lossless_value_specialized,ok,none,accuracy_pass_runtime_loss,0.0094,0.0074,1.340426,0.819149,,0,23632,auto_lossless,all_one,true,1,0,true,0,exact_abs_or_rel,"PASS, max_abs=0.0000, max_rel=0.0000"
bibd_13_6.mtx,fp16_lb,fp16_lb,controlled_lossy_value_specialized,ok,none,accuracy_pass_runtime_loss,0.0090,0.0088,1.400000,0.855556,,51480,23632,fp16,fp16,false,0,0,false,0,spmv_max_rel,"PASS, max_abs=0.0000, max_rel=0.0000"
bibd_13_6.mtx,bf16_lb,bf16_lb,controlled_lossy_value_specialized,ok,none,accuracy_pass_runtime_loss,0.0090,0.0079,1.400000,0.855556,,51480,23632,bf16,bf16,false,0,0,false,0,spmv_max_rel,"PASS, max_abs=0.0000, max_rel=0.0000"
bibd_13_6.mtx,bfp8_lb,bfp8_lb,controlled_lossy_value_specialized,ok,none,accuracy_pass_runtime_loss,0.0099,0.0084,1.272727,0.777778,,31648,23632,bfp8,bfp8,false,0,0,false,0,spmv_max_rel,"PASS, max_abs=0.0019, max_rel=0.0001"
bibd_13_6.mtx,bfp8_outlier_lb,bfp8_outlier_lb,controlled_lossy_value_specialized,ok,none,accuracy_pass_runtime_loss,0.0091,0.0087,1.384615,0.846154,,31648,23632,bfp8_outlier,bfp8_outlier,false,0,0,false,0,spmv_max_rel,"PASS, max_abs=0.0019, max_rel=0.0001"
bibd_13_6.mtx,bfp4_lb,bfp4_lb,controlled_lossy_value_specialized,ok,none,accuracy_pass_runtime_loss,0.0137,0.0129,0.919708,0.562044,,18778,23632,bfp4,bfp4,false,0,0,false,0,spmv_max_rel,"PASS, max_abs=0.0623, max_rel=0.0020"
bibd_13_6.mtx,hybrid_lb,hybrid_lb,structural_hybrid,ok,none,promoted_fallback,0.0156,0.0152,0.807692,0.493590,,205920,,original,raw_double,false,,,1,0,exact_abs_or_rel,"PASS, max_abs=0.0000, max_rel=0.0000"
bibd_13_6.mtx,cusparse_default,cusparse_csr,external_baseline,ok,none,external_baseline,0.0126,0.0102,1.000000,0.611111,,205920,103276,original,original,false,,,true,0,exact_abs_or_rel,"PASS, max_abs=0.0000, max_rel=0.0000"
bips07_2476_C.mtx,original_lb,original_lb,load_balanced_traversal,ok,none,promoted_fallback,0.0065,0.0052,1.907692,1.000000,,160,112,original,original,false,0,0,true,0,exact_abs_or_rel,"PASS, max_abs=0.0000, max_rel=0.0000"
bips07_2476_C.mtx,auto_lossless_lb,original_lb,load_balanced_traversal,ok,none,promoted_fallback,0.0078,0.0056,1.589744,0.833333,,160,112,auto_lossless,original,true,20,160,true,0,exact_abs_or_rel,"PASS, max_abs=0.0000, max_rel=0.0000"
bips07_2476_C.mtx,fp16_lb,fp16_lb,controlled_lossy_value_specialized,ok,none,accuracy_pass_runtime_loss,0.0068,0.0050,1.823529,0.955882,,40,112,fp16,fp16,false,0,0,false,0,spmv_max_rel,"PASS, max_abs=0.0042, max_rel=0.0004"
bips07_2476_C.mtx,bf16_lb,bf16_lb,controlled_lossy_value_specialized,ok,none,accuracy_pass_runtime_loss,0.0066,0.0054,1.878788,0.984848,,40,112,bf16,bf16,false,0,0,false,0,spmv_max_rel,"PASS, max_abs=0.0100, max_rel=0.0010"
bips07_2476_C.mtx,bfp8_lb,bfp8_lb,controlled_lossy_value_specialized,ok,none,accuracy_pass_runtime_loss,0.0073,0.0062,1.698630,0.890411,,48,112,bfp8,bfp8,false,0,0,false,0,spmv_max_rel,"PASS, max_abs=0.0358, max_rel=0.0037"
bips07_2476_C.mtx,bfp8_outlier_lb,bfp8_outlier_lb,controlled_lossy_value_specialized,ok,none,accuracy_pass_runtime_loss,0.0071,0.0063,1.746479,0.915493,,48,112,bfp8_outlier,bfp8_outlier,false,0,0,false,0,spmv_max_rel,"PASS, max_abs=0.0358, max_rel=0.0037"
bips07_2476_C.mtx,bfp4_lb,bfp4_lb,controlled_lossy_value_specialized,fail:1,accuracy_fail,accuracy_fail,0.0093,0.0081,1.333333,0.698925,,38,112,bfp4,bfp4,false,0,0,false,0,spmv_max_rel,"FAIL, max_abs=0.1123, max_rel=0.0268"
bips07_2476_C.mtx,hybrid_lb,hybrid_lb,structural_hybrid,ok,none,promoted_fallback,0.0058,0.0047,2.137931,1.120690,,160,,original,raw_double,false,,,1,0,exact_abs_or_rel,"PASS, max_abs=0.0000, max_rel=0.0000"
bips07_2476_C.mtx,cusparse_default,cusparse_csr,external_baseline,ok,none,external_baseline,0.0124,0.0082,1.000000,0.524194,,160,100,original,original,false,,,true,0,exact_abs_or_rel,"PASS, max_abs=0.0000, max_rel=0.0000"
bips98_1142_C.mtx,original_lb,original_lb,load_balanced_traversal,ok,none,promoted_fallback,0.0061,0.0044,1.868852,1.000000,,160,88,original,original,false,0,0,true,0,exact_abs_or_rel,"PASS, max_abs=0.0000, max_rel=0.0000"
bips98_1142_C.mtx,auto_lossless_lb,original_lb,load_balanced_traversal,ok,none,promoted_fallback,0.0076,0.0065,1.500000,0.802632,,160,88,auto_lossless,original,true,20,160,true,0,exact_abs_or_rel,"PASS, max_abs=0.0000, max_rel=0.0000"
bips98_1142_C.mtx,fp16_lb,fp16_lb,controlled_lossy_value_specialized,ok,none,accuracy_pass_runtime_loss,0.0063,0.0053,1.809524,0.968254,,40,88,fp16,fp16,false,0,0,false,0,spmv_max_rel,"PASS, max_abs=0.0132, max_rel=0.0003"
bips98_1142_C.mtx,bf16_lb,bf16_lb,controlled_lossy_value_specialized,ok,none,accuracy_pass_runtime_loss,0.0083,0.0072,1.373494,0.734940,,40,88,bf16,bf16,false,0,0,false,0,spmv_max_rel,"PASS, max_abs=0.1187, max_rel=0.0028"
bips98_1142_C.mtx,bfp8_lb,bfp8_lb,controlled_lossy_value_specialized,ok,none,accuracy_pass_runtime_loss,0.0074,0.0062,1.540541,0.824324,,42,88,bfp8,bfp8,false,0,0,false,0,spmv_max_rel,"PASS, max_abs=0.0678, max_rel=0.0042"
bips98_1142_C.mtx,bfp8_outlier_lb,bfp8_outlier_lb,controlled_lossy_value_specialized,ok,none,accuracy_pass_runtime_loss,0.0090,0.0073,1.266667,0.677778,,42,88,bfp8_outlier,bfp8_outlier,false,0,0,false,0,spmv_max_rel,"PASS, max_abs=0.0678, max_rel=0.0042"
bips98_1142_C.mtx,bfp4_lb,bfp4_lb,controlled_lossy_value_specialized,ok,none,accuracy_pass_runtime_loss,0.0075,0.0064,1.520000,0.813333,,32,88,bfp4,bfp4,false,0,0,false,0,spmv_max_rel,"PASS, max_abs=0.4330, max_rel=0.0468"
bips98_1142_C.mtx,hybrid_lb,hybrid_lb,structural_hybrid,ok,none,promoted_fallback,0.0053,0.0044,2.150943,1.150943,,160,,original,raw_double,false,,,1,0,exact_abs_or_rel,"PASS, max_abs=0.0000, max_rel=0.0000"
bips98_1142_C.mtx,cusparse_default,cusparse_csr,external_baseline,ok,none,external_baseline,0.0114,0.0082,1.000000,0.535088,,160,100,original,original,false,,,true,0,exact_abs_or_rel,"PASS, max_abs=0.0000, max_rel=0.0000"
bp_1600.mtx,original_lb,original_lb,load_balanced_traversal,ok,none,promoted_fallback,0.0095,0.0086,1.494737,1.000000,,38728,19376,original,original,false,0,0,true,0,exact_abs_or_rel,"PASS, max_abs=0.0000, max_rel=0.0000"
bp_1600.mtx,auto_lossless_lb,original_lb,load_balanced_traversal,ok,none,promoted_fallback,0.0093,0.0077,1.526882,1.021505,,38728,19376,auto_lossless,original,true,1803,38728,true,0,exact_abs_or_rel,"PASS, max_abs=0.0000, max_rel=0.0000"
bp_1600.mtx,fp16_lb,fp16_lb,controlled_lossy_value_specialized,ok,none,accuracy_pass_runtime_win,0.0092,0.0085,1.543478,1.032609,,9682,19376,fp16,fp16,false,0,0,false,0,spmv_max_rel,"PASS, max_abs=0.0456, max_rel=1.0000"
bp_1600.mtx,bf16_lb,bf16_lb,controlled_lossy_value_specialized,ok,none,accuracy_pass_runtime_loss,0.0095,0.0076,1.494737,1.000000,,9682,19376,bf16,bf16,false,0,0,false,0,spmv_max_rel,"PASS, max_abs=0.2815, max_rel=5.8359"
bp_1600.mtx,bfp8_lb,bfp8_lb,controlled_lossy_value_specialized,ok,none,accuracy_pass_runtime_win,0.0090,0.0076,1.577778,1.055556,,9685,19376,bfp8,bfp8,false,0,0,false,0,spmv_max_rel,"PASS, max_abs=0.9576, max_rel=242622375488281239403374837760.0000"
bp_1600.mtx,bfp8_outlier_lb,bfp8_outlier_lb,controlled_lossy_value_specialized,ok,none,accuracy_pass_runtime_loss,0.0126,0.0113,1.126984,0.753968,,10037,19376,bfp8_outlier,bfp8_outlier,false,0,0,false,0,spmv_max_rel,"PASS, max_abs=0.6651, max_rel=242622375488281239403374837760.0000"
bp_1600.mtx,bfp4_lb,bfp4_lb,controlled_lossy_value_specialized,fail:1,accuracy_fail,accuracy_fail,0.0135,0.0127,1.051852,0.703704,,7265,19376,bfp4,bfp4,false,0,0,false,0,spmv_max_rel,"FAIL, max_abs=15.4042, max_rel=873291015624999862540083134464.0000"
bp_1600.mtx,hybrid_lb,hybrid_lb,structural_hybrid,ok,none,promoted_fallback,0.0086,0.0069,1.651163,1.104651,,38728,,original,raw_double,false,,,1,0,exact_abs_or_rel,"PASS, max_abs=0.0000, max_rel=0.0000"
bp_1600.mtx,cusparse_default,cusparse_csr,external_baseline,ok,none,external_baseline,0.0142,0.0123,1.000000,0.669014,,38728,22656,original,original,false,,,true,0,exact_abs_or_rel,"PASS, max_abs=0.0000, max_rel=0.0000"
c-18.mtx,original_lb,original_lb,load_balanced_traversal,ok,none,promoted_fallback,0.0092,0.0078,1.532609,1.000000,,121160,31216,original,original,false,0,0,true,0,exact_abs_or_rel,"PASS, max_abs=0.0000, max_rel=0.0000"
c-18.mtx,auto_lossless_lb,original_lb,load_balanced_traversal,ok,none,promoted_fallback,0.0086,0.0068,1.639535,1.069767,,121160,31216,auto_lossless,original,true,4861,121160,true,0,exact_abs_or_rel,"PASS, max_abs=0.0000, max_rel=0.0000"
c-18.mtx,fp16_lb,fp16_lb,controlled_lossy_value_specialized,fail:1,accuracy_fail,accuracy_fail,0.0099,0.0088,1.424242,0.929293,,30290,31216,fp16,fp16,false,0,0,false,0,spmv_max_rel,"FAIL, max_abs=inf, max_rel=inf"
c-18.mtx,bf16_lb,bf16_lb,controlled_lossy_value_specialized,ok,none,accuracy_pass_runtime_loss,0.0094,0.0080,1.500000,0.978723,,30290,31216,bf16,bf16,false,0,0,false,0,spmv_max_rel,"PASS, max_abs=1773.6278, max_rel=0.1133"
c-18.mtx,bfp8_lb,bfp8_lb,controlled_lossy_value_specialized,ok,none,accuracy_pass_runtime_loss,0.0103,0.0090,1.368932,0.893204,,22949,31216,bfp8,bfp8,false,0,0,false,0,spmv_max_rel,"PASS, max_abs=1303.1488, max_rel=2.8611"
c-18.mtx,bfp8_outlier_lb,bfp8_outlier_lb,controlled_lossy_value_specialized,ok,none,accuracy_pass_runtime_loss,0.0115,0.0096,1.226087,0.800000,,24149,31216,bfp8_outlier,bfp8_outlier,false,0,0,false,0,spmv_max_rel,"PASS, max_abs=0.4657, max_rel=0.3732"
c-18.mtx,bfp4_lb,bfp4_lb,controlled_lossy_value_specialized,fail:1,accuracy_fail,accuracy_fail,0.0132,0.0127,1.068182,0.696970,,15377,31216,bfp4,bfp4,false,0,0,false,0,spmv_max_rel,"FAIL, max_abs=23976.8532, max_rel=6.1198"
c-18.mtx,hybrid_lb,hybrid_lb,structural_hybrid,ok,none,promoted_fallback,0.0092,0.0079,1.532609,1.000000,,121160,,original,raw_double,false,,,1,0,exact_abs_or_rel,"PASS, max_abs=0.0000, max_rel=0.0000"
c-18.mtx,cusparse_default,cusparse_csr,external_baseline,ok,none,external_baseline,0.0141,0.0123,1.000000,0.652482,,121160,69260,original,original,false,,,true,0,exact_abs_or_rel,"PASS, max_abs=0.0000, max_rel=0.0000"
c-27.mtx,original_lb,original_lb,load_balanced_traversal,ok,none,promoted_fallback,0.0092,0.0076,1.652174,1.000000,,247416,66472,original,original,false,0,0,true,0,exact_abs_or_rel,"PASS, max_abs=0.0000, max_rel=0.0000"
c-27.mtx,auto_lossless_lb,original_lb,load_balanced_traversal,ok,none,promoted_fallback,0.0088,0.0072,1.727273,1.045455,,247416,66472,auto_lossless,original,true,10068,247416,true,0,exact_abs_or_rel,"PASS, max_abs=0.0000, max_rel=0.0000"
c-27.mtx,fp16_lb,fp16_lb,controlled_lossy_value_specialized,ok,none,accuracy_pass_runtime_loss,0.0096,0.0092,1.583333,0.958333,,61854,66472,fp16,fp16,false,0,0,false,0,spmv_max_rel,"PASS, max_abs=2.7058, max_rel=1.0000"
c-27.mtx,bf16_lb,bf16_lb,controlled_lossy_value_specialized,ok,none,accuracy_pass_runtime_loss,0.0117,0.0103,1.299145,0.786325,,61854,66472,bf16,bf16,false,0,0,false,0,spmv_max_rel,"PASS, max_abs=55.6705, max_rel=4.4968"
c-27.mtx,bfp8_lb,bfp8_lb,controlled_lossy_value_specialized,ok,none,accuracy_pass_runtime_loss,0.0099,0.0087,1.535354,0.929293,,47545,66472,bfp8,bfp8,false,0,0,false,0,spmv_max_rel,"PASS, max_abs=37.2955, max_rel=8.8901"
c-27.mtx,bfp8_outlier_lb,bfp8_outlier_lb,controlled_lossy_value_specialized,ok,none,accuracy_pass_runtime_loss,0.0116,0.0102,1.310345,0.793103,,50009,66472,bfp8_outlier,bfp8_outlier,false,0,0,false,0,spmv_max_rel,"PASS, max_abs=0.0863, max_rel=6.0914"
c-27.mtx,bfp4_lb,bfp4_lb,controlled_lossy_value_specialized,fail:1,accuracy_fail,accuracy_fail,0.0151,0.0133,1.006623,0.609272,,32082,66472,bfp4,bfp4,false,0,0,false,0,spmv_max_rel,"FAIL, max_abs=436.9774, max_rel=51.1258"
c-27.mtx,hybrid_lb,hybrid_lb,structural_hybrid,ok,none,promoted_fallback,0.0109,0.0072,1.394495,0.844037,,247416,,original,raw_double,false,,,1,0,exact_abs_or_rel,"PASS, max_abs=0.0000, max_rel=0.0000"
c-27.mtx,cusparse_default,cusparse_csr,external_baseline,ok,none,external_baseline,0.0152,0.0123,1.000000,0.605263,,247416,141964,original,original,false,,,true,0,exact_abs_or_rel,"PASS, max_abs=0.0000, max_rel=0.0000"
c-38.mtx,original_lb,original_lb,load_balanced_traversal,ok,none,promoted_fallback,0.0094,0.0077,1.638298,1.000000,,621512,144064,original,original,false,0,0,true,0,exact_abs_or_rel,"PASS, max_abs=0.0000, max_rel=0.0000"
c-38.mtx,auto_lossless_lb,original_lb,load_balanced_traversal,ok,none,promoted_fallback,0.0151,0.0133,1.019868,0.622517,,621512,144064,auto_lossless,original,true,24712,621512,true,0,exact_abs_or_rel,"PASS, max_abs=0.0000, max_rel=0.0000"
c-38.mtx,fp16_lb,fp16_lb,controlled_lossy_value_specialized,ok,none,accuracy_pass_runtime_loss,0.0094,0.0083,1.638298,1.000000,,155378,144064,fp16,fp16,false,0,0,false,0,spmv_max_rel,"PASS, max_abs=0.0766, max_rel=0.1889"
c-38.mtx,bf16_lb,bf16_lb,controlled_lossy_value_specialized,ok,none,accuracy_pass_runtime_loss,0.0098,0.0090,1.571429,0.959184,,155378,144064,bf16,bf16,false,0,0,false,0,spmv_max_rel,"PASS, max_abs=0.4983, max_rel=0.9632"
c-38.mtx,bfp8_lb,bfp8_lb,controlled_lossy_value_specialized,ok,none,accuracy_pass_runtime_loss,0.0130,0.0108,1.184615,0.723077,,113705,144064,bfp8,bfp8,false,0,0,false,0,spmv_max_rel,"PASS, max_abs=0.7507, max_rel=7.9685"
c-38.mtx,bfp8_outlier_lb,bfp8_outlier_lb,controlled_lossy_value_specialized,ok,none,accuracy_pass_runtime_loss,0.0153,0.0139,1.006536,0.614379,,119913,144064,bfp8_outlier,bfp8_outlier,false,0,0,false,0,spmv_max_rel,"PASS, max_abs=0.2905, max_rel=3.4737"
c-38.mtx,bfp4_lb,bfp4_lb,controlled_lossy_value_specialized,fail:1,accuracy_fail,accuracy_fail,0.0137,0.0127,1.124088,0.686131,,74861,144064,bfp4,bfp4,false,0,0,false,0,spmv_max_rel,"FAIL, max_abs=14.2432, max_rel=114.6188"
c-38.mtx,hybrid_lb,hybrid_lb,structural_hybrid,ok,none,promoted_fallback,0.0095,0.0086,1.621053,0.989474,,621512,,original,raw_double,false,,,1,0,exact_abs_or_rel,"PASS, max_abs=0.0000, max_rel=0.0000"
c-38.mtx,cusparse_default,cusparse_csr,external_baseline,ok,none,external_baseline,0.0154,0.0123,1.000000,0.610390,,621512,343268,original,original,false,,,true,0,exact_abs_or_rel,"PASS, max_abs=0.0000, max_rel=0.0000"
cage7.mtx,original_lb,original_lb,load_balanced_traversal,ok,none,promoted_fallback,0.0076,0.0068,1.671053,1.000000,,24672,6328,original,original,false,0,0,true,0,exact_abs_or_rel,"PASS, max_abs=0.0000, max_rel=0.0000"
cage7.mtx,auto_lossless_lb,original_lb,load_balanced_traversal,ok,none,promoted_fallback,0.0078,0.0068,1.628205,0.974359,,24672,6328,auto_lossless,original,true,108,24672,true,0,exact_abs_or_rel,"PASS, max_abs=0.0000, max_rel=0.0000"
cage7.mtx,fp16_lb,fp16_lb,controlled_lossy_value_specialized,ok,none,accuracy_pass_runtime_loss,0.0094,0.0072,1.351064,0.808511,,6168,6328,fp16,fp16,false,0,0,false,0,spmv_max_rel,"PASS, max_abs=0.0003, max_rel=0.0055"
cage7.mtx,bf16_lb,bf16_lb,controlled_lossy_value_specialized,ok,none,accuracy_pass_runtime_loss,0.0093,0.0076,1.365591,0.817204,,6168,6328,bf16,bf16,false,0,0,false,0,spmv_max_rel,"PASS, max_abs=0.0023, max_rel=0.1095"
cage7.mtx,bfp8_lb,bfp8_lb,controlled_lossy_value_specialized,ok,none,accuracy_pass_runtime_loss,0.0085,0.0059,1.494118,0.894118,,4666,6328,bfp8,bfp8,false,0,0,false,0,spmv_max_rel,"PASS, max_abs=0.0053, max_rel=0.1016"
cage7.mtx,bfp8_outlier_lb,bfp8_outlier_lb,controlled_lossy_value_specialized,ok,none,accuracy_pass_runtime_loss,0.0113,0.0096,1.123894,0.672566,,4890,6328,bfp8_outlier,bfp8_outlier,false,0,0,false,0,spmv_max_rel,"PASS, max_abs=0.0053, max_rel=0.1016"
cage7.mtx,bfp4_lb,bfp4_lb,controlled_lossy_value_specialized,fail:1,accuracy_fail,accuracy_fail,0.0111,0.0090,1.144144,0.684685,,3124,6328,bfp4,bfp4,false,0,0,false,0,spmv_max_rel,"FAIL, max_abs=0.1143, max_rel=2.2548"
cage7.mtx,hybrid_lb,hybrid_lb,structural_hybrid,ok,none,promoted_fallback,0.0079,0.0059,1.607595,0.962025,,24672,,original,raw_double,false,,,1,0,exact_abs_or_rel,"PASS, max_abs=0.0000, max_rel=0.0000"
cage7.mtx,cusparse_default,cusparse_csr,external_baseline,ok,none,external_baseline,0.0127,0.0102,1.000000,0.598425,,24672,13700,original,original,false,,,true,0,exact_abs_or_rel,"PASS, max_abs=0.0000, max_rel=0.0000"
cage_G_36.mtx,original_lb,original_lb,load_balanced_traversal,ok,none,promoted_fallback,0.0062,0.0054,1.951613,1.000000,,1680,312,original,original,false,0,0,true,0,exact_abs_or_rel,"PASS, max_abs=0.0000, max_rel=0.0000"
cage_G_36.mtx,auto_lossless_lb,all_one_lb,lossless_value_specialized,ok,none,accuracy_pass_runtime_win,0.0052,0.0047,2.326923,1.192308,,0,312,auto_lossless,all_one,true,1,0,true,0,exact_abs_or_rel,"PASS, max_abs=0.0000, max_rel=0.0000"
cage_G_36.mtx,fp16_lb,fp16_lb,controlled_lossy_value_specialized,ok,none,accuracy_pass_runtime_loss,0.0069,0.0048,1.753623,0.898551,,420,312,fp16,fp16,false,0,0,false,0,spmv_max_rel,"PASS, max_abs=0.0000, max_rel=0.0000"
cage_G_36.mtx,bf16_lb,bf16_lb,controlled_lossy_value_specialized,ok,none,accuracy_pass_runtime_loss,0.0064,0.0051,1.890625,0.968750,,420,312,bf16,bf16,false,0,0,false,0,spmv_max_rel,"PASS, max_abs=0.0000, max_rel=0.0000"
cage_G_36.mtx,bfp8_lb,bfp8_lb,controlled_lossy_value_specialized,ok,none,accuracy_pass_runtime_loss,0.0072,0.0044,1.680556,0.861111,,288,312,bfp8,bfp8,false,0,0,false,0,spmv_max_rel,"PASS, max_abs=0.0003, max_rel=0.0001"
cage_G_36.mtx,bfp8_outlier_lb,bfp8_outlier_lb,controlled_lossy_value_specialized,ok,none,accuracy_pass_runtime_win,0.0055,0.0046,2.200000,1.127273,,288,312,bfp8_outlier,bfp8_outlier,false,0,0,false,0,spmv_max_rel,"PASS, max_abs=0.0003, max_rel=0.0001"
cage_G_36.mtx,bfp4_lb,bfp4_lb,controlled_lossy_value_specialized,ok,none,accuracy_pass_runtime_loss,0.0067,0.0047,1.805970,0.925373,,183,312,bfp4,bfp4,false,0,0,false,0,spmv_max_rel,"PASS, max_abs=0.0081, max_rel=0.0020"
cage_G_36.mtx,hybrid_lb,hybrid_lb,structural_hybrid,ok,none,promoted_fallback,0.0066,0.0049,1.833333,0.939394,,1680,,original,raw_double,false,,,1,0,exact_abs_or_rel,"PASS, max_abs=0.0000, max_rel=0.0000"
cage_G_36.mtx,cusparse_default,cusparse_csr,external_baseline,ok,none,external_baseline,0.0121,0.0082,1.000000,0.512397,,1680,1012,original,original,false,,,true,0,exact_abs_or_rel,"PASS, max_abs=0.0000, max_rel=0.0000"
can_229.mtx,original_lb,original_lb,load_balanced_traversal,ok,none,promoted_fallback,0.0071,0.0052,1.690141,1.000000,,14216,2768,original,original,false,0,0,true,0,exact_abs_or_rel,"PASS, max_abs=0.0000, max_rel=0.0000"
can_229.mtx,auto_lossless_lb,all_one_lb,lossless_value_specialized,ok,none,accuracy_pass_runtime_loss,0.0074,0.0058,1.621622,0.959459,,0,2768,auto_lossless,all_one,true,1,0,true,0,exact_abs_or_rel,"PASS, max_abs=0.0000, max_rel=0.0000"
can_229.mtx,fp16_lb,fp16_lb,controlled_lossy_value_specialized,ok,none,accuracy_pass_runtime_loss,0.0073,0.0056,1.643836,0.972603,,3554,2768,fp16,fp16,false,0,0,false,0,spmv_max_rel,"PASS, max_abs=0.0000, max_rel=0.0000"
can_229.mtx,bf16_lb,bf16_lb,controlled_lossy_value_specialized,ok,none,accuracy_pass_runtime_loss,0.0075,0.0061,1.600000,0.946667,,3554,2768,bf16,bf16,false,0,0,false,0,spmv_max_rel,"PASS, max_abs=0.0000, max_rel=0.0000"
can_229.mtx,bfp8_lb,bfp8_lb,controlled_lossy_value_specialized,ok,none,accuracy_pass_runtime_loss,0.0073,0.0058,1.643836,0.972603,,2469,2768,bfp8,bfp8,false,0,0,false,0,spmv_max_rel,"PASS, max_abs=0.0003, max_rel=0.0001"
can_229.mtx,bfp8_outlier_lb,bfp8_outlier_lb,controlled_lossy_value_specialized,ok,none,accuracy_pass_runtime_loss,0.0095,0.0092,1.263158,0.747368,,2469,2768,bfp8_outlier,bfp8_outlier,false,0,0,false,0,spmv_max_rel,"PASS, max_abs=0.0003, max_rel=0.0001"
can_229.mtx,bfp4_lb,bfp4_lb,controlled_lossy_value_specialized,ok,none,accuracy_pass_runtime_loss,0.0091,0.0072,1.318681,0.780220,,1581,2768,bfp4,bfp4,false,0,0,false,0,spmv_max_rel,"PASS, max_abs=0.0090, max_rel=0.0020"
can_229.mtx,hybrid_lb,hybrid_lb,structural_hybrid,ok,none,promoted_fallback,0.0066,0.0054,1.818182,1.075758,,14216,,original,raw_double,false,,,1,0,exact_abs_or_rel,"PASS, max_abs=0.0000, max_rel=0.0000"
can_229.mtx,cusparse_default,cusparse_csr,external_baseline,ok,none,external_baseline,0.0120,0.0102,1.000000,0.591667,,14216,8028,original,original,false,,,true,0,exact_abs_or_rel,"PASS, max_abs=0.0000, max_rel=0.0000"
can_715.mtx,original_lb,original_lb,load_balanced_traversal,ok,none,promoted_fallback,0.0087,0.0069,1.620690,1.000000,,53320,9968,original,original,false,0,0,true,0,exact_abs_or_rel,"PASS, max_abs=0.0000, max_rel=0.0000"
can_715.mtx,auto_lossless_lb,all_one_lb,lossless_value_specialized,ok,none,accuracy_pass_runtime_loss,0.0094,0.0068,1.500000,0.925532,,0,9968,auto_lossless,all_one,true,1,0,true,0,exact_abs_or_rel,"PASS, max_abs=0.0000, max_rel=0.0000"
can_715.mtx,fp16_lb,fp16_lb,controlled_lossy_value_specialized,ok,none,accuracy_pass_runtime_win,0.0084,0.0069,1.678571,1.035714,,13330,9968,fp16,fp16,false,0,0,false,0,spmv_max_rel,"PASS, max_abs=0.0000, max_rel=0.0000"
can_715.mtx,bf16_lb,bf16_lb,controlled_lossy_value_specialized,ok,none,accuracy_pass_runtime_loss,0.0090,0.0074,1.566667,0.966667,,13330,9968,bf16,bf16,false,0,0,false,0,spmv_max_rel,"PASS, max_abs=0.0000, max_rel=0.0000"
can_715.mtx,bfp8_lb,bfp8_lb,controlled_lossy_value_specialized,ok,none,accuracy_pass_runtime_loss,0.0103,0.0090,1.368932,0.844660,,9157,9968,bfp8,bfp8,false,0,0,false,0,spmv_max_rel,"PASS, max_abs=0.0004, max_rel=0.0001"
can_715.mtx,bfp8_outlier_lb,bfp8_outlier_lb,controlled_lossy_value_specialized,ok,none,accuracy_pass_runtime_loss,0.0097,0.0083,1.453608,0.896907,,9157,9968,bfp8_outlier,bfp8_outlier,false,0,0,false,0,spmv_max_rel,"PASS, max_abs=0.0004, max_rel=0.0001"
can_715.mtx,bfp4_lb,bfp4_lb,controlled_lossy_value_specialized,ok,none,accuracy_pass_runtime_loss,0.0125,0.0112,1.128000,0.696000,,5825,9968,bfp4,bfp4,false,0,0,false,0,spmv_max_rel,"PASS, max_abs=0.0132, max_rel=0.0020"
can_715.mtx,hybrid_lb,hybrid_lb,structural_hybrid,ok,none,promoted_fallback,0.0094,0.0074,1.500000,0.925532,,53320,,original,raw_double,false,,,1,0,exact_abs_or_rel,"PASS, max_abs=0.0000, max_rel=0.0000"
can_715.mtx,cusparse_default,cusparse_csr,external_baseline,ok,none,external_baseline,0.0141,0.0123,1.000000,0.617021,,53320,29524,original,original,false,,,true,0,exact_abs_or_rel,"PASS, max_abs=0.0000, max_rel=0.0000"
cavity04.mtx,original_lb,original_lb,load_balanced_traversal,ok,none,promoted_fallback,0.0074,0.0058,1.729730,1.000000,,47384,5440,original,original,false,0,0,true,0,exact_abs_or_rel,"PASS, max_abs=0.0000, max_rel=0.0000"
cavity04.mtx,auto_lossless_lb,original_lb,load_balanced_traversal,ok,none,promoted_fallback,0.0095,0.0084,1.347368,0.778947,,47384,5440,auto_lossless,original,true,4422,47384,true,0,exact_abs_or_rel,"PASS, max_abs=0.0000, max_rel=0.0000"
cavity04.mtx,fp16_lb,fp16_lb,controlled_lossy_value_specialized,ok,none,accuracy_pass_runtime_loss,0.0090,0.0073,1.422222,0.822222,,11846,5440,fp16,fp16,false,0,0,false,0,spmv_max_rel,"PASS, max_abs=0.0178, max_rel=0.0085"
cavity04.mtx,bf16_lb,bf16_lb,controlled_lossy_value_specialized,ok,none,accuracy_pass_runtime_loss,0.0080,0.0067,1.600000,0.925000,,11846,5440,bf16,bf16,false,0,0,false,0,spmv_max_rel,"PASS, max_abs=0.0766, max_rel=0.0915"
cavity04.mtx,bfp8_lb,bfp8_lb,controlled_lossy_value_specialized,ok,none,accuracy_pass_runtime_loss,0.0082,0.0067,1.560976,0.902439,,7283,5440,bfp8,bfp8,false,0,0,false,0,spmv_max_rel,"PASS, max_abs=0.2835, max_rel=13.0712"
cavity04.mtx,bfp8_outlier_lb,bfp8_outlier_lb,controlled_lossy_value_specialized,ok,none,accuracy_pass_runtime_loss,0.0106,0.0095,1.207547,0.698113,,7747,5440,bfp8_outlier,bfp8_outlier,false,0,0,false,0,spmv_max_rel,"PASS, max_abs=0.1872, max_rel=13.0712"
cavity04.mtx,bfp4_lb,bfp4_lb,controlled_lossy_value_specialized,fail:1,accuracy_fail,accuracy_fail,0.0112,0.0091,1.142857,0.660714,,4322,5440,bfp4,bfp4,false,0,0,false,0,spmv_max_rel,"FAIL, max_abs=5.4964, max_rel=12.9293"
cavity04.mtx,hybrid_lb,hybrid_lb,structural_hybrid,ok,none,promoted_fallback,0.0084,0.0068,1.523810,0.880952,,47384,,original,raw_double,false,,,1,0,exact_abs_or_rel,"PASS, max_abs=0.0000, max_rel=0.0000"
cavity04.mtx,cusparse_default,cusparse_csr,external_baseline,ok,none,external_baseline,0.0128,0.0102,1.000000,0.578125,,47384,24964,original,original,false,,,true,0,exact_abs_or_rel,"PASS, max_abs=0.0000, max_rel=0.0000"
cavity12.mtx,original_lb,original_lb,load_balanced_traversal,ok,none,promoted_fallback,0.0089,0.0078,1.595506,1.000000,,610064,57208,original,original,false,0,0,true,0,exact_abs_or_rel,"PASS, max_abs=0.0000, max_rel=0.0000"
cavity12.mtx,auto_lossless_lb,original_lb,load_balanced_traversal,ok,none,promoted_fallback,0.0079,0.0070,1.797468,1.126582,,610064,57208,auto_lossless,original,true,56236,610064,true,0,exact_abs_or_rel,"PASS, max_abs=0.0000, max_rel=0.0000"
cavity12.mtx,fp16_lb,fp16_lb,controlled_lossy_value_specialized,ok,none,accuracy_pass_runtime_loss,0.0092,0.0079,1.543478,0.967391,,152516,57208,fp16,fp16,false,0,0,false,0,spmv_max_rel,"PASS, max_abs=0.0046, max_rel=0.1479"
cavity12.mtx,bf16_lb,bf16_lb,controlled_lossy_value_specialized,ok,none,accuracy_pass_runtime_loss,0.0093,0.0078,1.526882,0.956989,,152516,57208,bf16,bf16,false,0,0,false,0,spmv_max_rel,"PASS, max_abs=0.0497, max_rel=0.7953"
cavity12.mtx,bfp8_lb,bfp8_lb,controlled_lossy_value_specialized,ok,none,accuracy_pass_runtime_loss,0.0089,0.0084,1.595506,1.000000,,90560,57208,bfp8,bfp8,false,0,0,false,0,spmv_max_rel,"PASS, max_abs=0.1435, max_rel=24.3022"
cavity12.mtx,bfp8_outlier_lb,bfp8_outlier_lb,controlled_lossy_value_specialized,ok,none,accuracy_pass_runtime_loss,0.0113,0.0100,1.256637,0.787611,,96656,57208,bfp8_outlier,bfp8_outlier,false,0,0,false,0,spmv_max_rel,"PASS, max_abs=0.1045, max_rel=39.4901"
cavity12.mtx,bfp4_lb,bfp4_lb,controlled_lossy_value_specialized,fail:1,accuracy_fail,accuracy_fail,0.0116,0.0111,1.224138,0.767241,,52431,57208,bfp4,bfp4,false,0,0,false,0,spmv_max_rel,"FAIL, max_abs=2.2082, max_rel=75.0359"
cavity12.mtx,hybrid_lb,hybrid_lb,structural_hybrid,ok,none,promoted_fallback,0.0099,0.0086,1.434343,0.898990,,610064,,original,raw_double,false,,,1,0,exact_abs_or_rel,"PASS, max_abs=0.0000, max_rel=0.0000"
cavity12.mtx,cusparse_default,cusparse_csr,external_baseline,ok,none,external_baseline,0.0142,0.0102,1.000000,0.626761,,610064,315424,original,original,false,,,true,0,exact_abs_or_rel,"PASS, max_abs=0.0000, max_rel=0.0000"
cavity20.mtx,original_lb,original_lb,load_balanced_traversal,ok,none,promoted_fallback,0.0085,0.0072,1.741176,1.000000,,1104320,101312,original,original,false,0,0,true,0,exact_abs_or_rel,"PASS, max_abs=0.0000, max_rel=0.0056"
cavity20.mtx,auto_lossless_lb,original_lb,load_balanced_traversal,ok,none,promoted_fallback,0.0140,0.0135,1.057143,0.607143,,1104320,101312,auto_lossless,original,true,100700,1104320,true,0,exact_abs_or_rel,"PASS, max_abs=0.0000, max_rel=0.0056"
cavity20.mtx,fp16_lb,fp16_lb,controlled_lossy_value_specialized,ok,none,accuracy_pass_runtime_loss,0.0112,0.0091,1.321429,0.758929,,276080,101312,fp16,fp16,false,0,0,false,0,spmv_max_rel,"PASS, max_abs=0.0046, max_rel=1.0000"
cavity20.mtx,bf16_lb,bf16_lb,controlled_lossy_value_specialized,ok,none,accuracy_pass_runtime_loss,0.0091,0.0073,1.626374,0.934066,,276080,101312,bf16,bf16,false,0,0,false,0,spmv_max_rel,"PASS, max_abs=0.0408, max_rel=50255791449.9443"
cavity20.mtx,bfp8_lb,bfp8_lb,controlled_lossy_value_specialized,ok,none,accuracy_pass_runtime_loss,0.0098,0.0091,1.510204,0.867347,,163368,101312,bfp8,bfp8,false,0,0,false,0,spmv_max_rel,"PASS, max_abs=0.1443, max_rel=105335241455.3320"
cavity20.mtx,bfp8_outlier_lb,bfp8_outlier_lb,controlled_lossy_value_specialized,ok,none,accuracy_pass_runtime_loss,0.0117,0.0103,1.264957,0.726496,,174408,101312,bfp8_outlier,bfp8_outlier,false,0,0,false,0,spmv_max_rel,"PASS, max_abs=0.1157, max_rel=105335241455.3320"
cavity20.mtx,bfp4_lb,bfp4_lb,controlled_lossy_value_specialized,fail:1,accuracy_fail,accuracy_fail,0.0117,0.0111,1.264957,0.726496,,94348,101312,bfp4,bfp4,false,0,0,false,0,spmv_max_rel,"FAIL, max_abs=1.7404, max_rel=1539981038031.5085"
cavity20.mtx,hybrid_lb,hybrid_lb,structural_hybrid,ok,none,promoted_fallback,0.0095,0.0073,1.557895,0.894737,,1104320,,original,raw_double,false,,,1,0,exact_abs_or_rel,"PASS, max_abs=0.0000, max_rel=0.0088"
cavity20.mtx,cusparse_default,cusparse_csr,external_baseline,ok,none,external_baseline,0.0148,0.0102,1.000000,0.574324,,1104320,570412,original,original,false,,,true,0,exact_abs_or_rel,"PASS, max_abs=0.0000, max_rel=0.0056"
cis-n4c6-b1.mtx,original_lb,original_lb,load_balanced_traversal,ok,none,promoted_fallback,0.0064,0.0058,2.312500,1.000000,,3360,688,original,original,false,0,0,true,0,exact_abs_or_rel,"PASS, max_abs=0.0000, max_rel=0.0000"
cis-n4c6-b1.mtx,auto_lossless_lb,sign2_lb,lossless_value_specialized,ok,none,accuracy_pass_runtime_win,0.0062,0.0048,2.387097,1.032258,,344,688,auto_lossless,sign2,true,2,344,true,0,exact_abs_or_rel,"PASS, max_abs=0.0000, max_rel=0.0000"
cis-n4c6-b1.mtx,fp16_lb,fp16_lb,controlled_lossy_value_specialized,ok,none,accuracy_pass_runtime_loss,0.0065,0.0060,2.276923,0.984615,,840,688,fp16,fp16,false,0,0,false,0,spmv_max_rel,"PASS, max_abs=0.0000, max_rel=0.0000"
cis-n4c6-b1.mtx,bf16_lb,bf16_lb,controlled_lossy_value_specialized,ok,none,accuracy_pass_runtime_loss,0.0068,0.0049,2.176471,0.941176,,840,688,bf16,bf16,false,0,0,false,0,spmv_max_rel,"PASS, max_abs=0.0000, max_rel=0.0000"
cis-n4c6-b1.mtx,bfp8_lb,bfp8_lb,controlled_lossy_value_specialized,ok,none,accuracy_pass_runtime_win,0.0060,0.0049,2.466667,1.066667,,592,688,bfp8,bfp8,false,0,0,false,0,spmv_max_rel,"PASS, max_abs=0.0001, max_rel=0.0001"
cis-n4c6-b1.mtx,bfp8_outlier_lb,bfp8_outlier_lb,controlled_lossy_value_specialized,ok,none,accuracy_pass_runtime_loss,0.0069,0.0049,2.144928,0.927536,,592,688,bfp8_outlier,bfp8_outlier,false,0,0,false,0,spmv_max_rel,"PASS, max_abs=0.0001, max_rel=0.0001"
cis-n4c6-b1.mtx,bfp4_lb,bfp4_lb,controlled_lossy_value_specialized,ok,none,accuracy_pass_runtime_win,0.0056,0.0043,2.642857,1.142857,,382,688,bfp4,bfp4,false,0,0,false,0,spmv_max_rel,"PASS, max_abs=0.0039, max_rel=0.0020"
cis-n4c6-b1.mtx,hybrid_lb,hybrid_lb,structural_hybrid,ok,none,promoted_fallback,0.0060,0.0040,2.466667,1.066667,,3360,,original,raw_double,false,,,1,0,exact_abs_or_rel,"PASS, max_abs=0.0000, max_rel=0.0000"
cis-n4c6-b1.mtx,cusparse_default,cusparse_csr,external_baseline,ok,none,external_baseline,0.0148,0.0102,1.000000,0.432432,,3360,2524,original,original,false,,,true,0,exact_abs_or_rel,"PASS, max_abs=0.0000, max_rel=0.0000"
d_dyn1.mtx,original_lb,original_lb,load_balanced_traversal,ok,none,promoted_fallback,0.0055,0.0045,2.381818,1.000000,,1856,600,original,original,false,0,0,true,0,exact_abs_or_rel,"PASS, max_abs=0.0000, max_rel=0.0000"
d_dyn1.mtx,auto_lossless_lb,original_lb,load_balanced_traversal,ok,none,promoted_fallback,0.0083,0.0069,1.578313,0.662651,,1856,600,auto_lossless,original,true,82,1856,true,0,exact_abs_or_rel,"PASS, max_abs=0.0000, max_rel=0.0000"
d_dyn1.mtx,fp16_lb,fp16_lb,controlled_lossy_value_specialized,ok,none,accuracy_pass_runtime_loss,0.0060,0.0050,2.183333,0.916667,,464,600,fp16,fp16,false,0,0,false,0,spmv_max_rel,"PASS, max_abs=0.5150, max_rel=0.0056"
d_dyn1.mtx,bf16_lb,bf16_lb,controlled_lossy_value_specialized,ok,none,accuracy_pass_runtime_loss,0.0057,0.0044,2.298246,0.964912,,464,600,bf16,bf16,false,0,0,false,0,spmv_max_rel,"PASS, max_abs=16.0000, max_rel=0.0385"
d_dyn1.mtx,bfp8_lb,bfp8_lb,controlled_lossy_value_specialized,ok,none,accuracy_pass_runtime_loss,0.0057,0.0047,2.298246,0.964912,,382,600,bfp8,bfp8,false,0,0,false,0,spmv_max_rel,"PASS, max_abs=73.3685, max_rel=129882812499999982516583792640.0000"
d_dyn1.mtx,bfp8_outlier_lb,bfp8_outlier_lb,controlled_lossy_value_specialized,ok,none,accuracy_pass_runtime_win,0.0054,0.0044,2.425926,1.018519,,382,600,bfp8_outlier,bfp8_outlier,false,0,0,false,0,spmv_max_rel,"PASS, max_abs=73.3685, max_rel=129882812499999982516583792640.0000"
d_dyn1.mtx,bfp4_lb,bfp4_lb,controlled_lossy_value_specialized,ok,none,accuracy_pass_runtime_loss,0.0074,0.0063,1.770270,0.743243,,266,600,bfp4,bfp4,false,0,0,false,0,spmv_max_rel,"PASS, max_abs=73.3616, max_rel=5.9902"
d_dyn1.mtx,hybrid_lb,hybrid_lb,structural_hybrid,ok,none,promoted_fallback,0.0064,0.0046,2.046875,0.859375,,1856,,original,raw_double,false,,,1,0,exact_abs_or_rel,"PASS, max_abs=0.0000, max_rel=0.0000"
d_dyn1.mtx,cusparse_default,cusparse_csr,external_baseline,ok,none,external_baseline,0.0131,0.0102,1.000000,0.419847,,1856,1280,original,original,false,,,true,0,exact_abs_or_rel,"PASS, max_abs=0.0000, max_rel=0.0000"
delf_A_26.mtx,original_lb,original_lb,load_balanced_traversal,ok,none,promoted_fallback,0.0090,0.0080,1.688889,1.000000,,123360,44568,original,original,false,0,0,true,0,exact_abs_or_rel,"PASS, max_abs=0.0000, max_rel=0.0000"
delf_A_26.mtx,auto_lossless_lb,original_lb,load_balanced_traversal,ok,none,promoted_fallback,0.0073,0.0067,2.082192,1.232877,,123360,44568,auto_lossless,original,true,3291,123360,true,0,exact_abs_or_rel,"PASS, max_abs=0.0000, max_rel=0.0000"
delf_A_26.mtx,fp16_lb,fp16_lb,controlled_lossy_value_specialized,ok,none,accuracy_pass_runtime_loss,0.0096,0.0083,1.583333,0.937500,,30840,44568,fp16,fp16,false,0,0,false,0,spmv_max_rel,"PASS, max_abs=0.6600, max_rel=0.0331"
delf_A_26.mtx,bf16_lb,bf16_lb,controlled_lossy_value_specialized,ok,none,accuracy_pass_runtime_win,0.0078,0.0071,1.948718,1.153846,,30840,44568,bf16,bf16,false,0,0,false,0,spmv_max_rel,"PASS, max_abs=4.9950, max_rel=0.2265"
delf_A_26.mtx,bfp8_lb,bfp8_lb,controlled_lossy_value_specialized,ok,none,accuracy_pass_runtime_loss,0.0092,0.0083,1.652174,0.978261,,26562,44568,bfp8,bfp8,false,0,0,false,0,spmv_max_rel,"PASS, max_abs=7.3177, max_rel=100.0039"
delf_A_26.mtx,bfp8_outlier_lb,bfp8_outlier_lb,controlled_lossy_value_specialized,ok,none,accuracy_pass_runtime_win,0.0087,0.0070,1.747126,1.034483,,26562,44568,bfp8_outlier,bfp8_outlier,false,0,0,false,0,spmv_max_rel,"PASS, max_abs=7.3177, max_rel=100.0039"
delf_A_26.mtx,bfp4_lb,bfp4_lb,controlled_lossy_value_specialized,fail:1,accuracy_fail,accuracy_fail,0.0103,0.0086,1.475728,0.873786,,18852,44568,bfp4,bfp4,false,0,0,false,0,spmv_max_rel,"FAIL, max_abs=80.0689, max_rel=99.8165"
delf_A_26.mtx,hybrid_lb,hybrid_lb,structural_hybrid,ok,none,promoted_fallback,0.0077,0.0062,1.974026,1.168831,,123360,,original,raw_double,false,,,1,0,exact_abs_or_rel,"PASS, max_abs=0.0000, max_rel=0.0000"
delf_A_26.mtx,cusparse_default,cusparse_csr,external_baseline,ok,none,external_baseline,0.0152,0.0123,1.000000,0.592105,,123360,74444,original,original,false,,,true,0,exact_abs_or_rel,"PASS, max_abs=0.0000, max_rel=0.0000"
deter4.mtx,original_lb,original_lb,load_balanced_traversal,ok,none,promoted_fallback,0.0093,0.0086,1.709677,1.000000,,153848,135376,original,original,false,0,0,true,0,exact_abs_or_rel,"PASS, max_abs=0.0000, max_rel=0.0000"
deter4.mtx,auto_lossless_lb,original_lb,load_balanced_traversal,ok,none,promoted_fallback,0.0095,0.0085,1.673684,0.978947,,153848,135376,auto_lossless,original,true,948,153848,true,0,exact_abs_or_rel,"PASS, max_abs=0.0000, max_rel=0.0000"
deter4.mtx,fp16_lb,fp16_lb,controlled_lossy_value_specialized,ok,none,accuracy_pass_runtime_win,0.0092,0.0088,1.728261,1.010870,,38462,135376,fp16,fp16,false,0,0,false,0,spmv_max_rel,"PASS, max_abs=0.0015, max_rel=0.1216"
deter4.mtx,bf16_lb,bf16_lb,controlled_lossy_value_specialized,ok,none,accuracy_pass_runtime_loss,0.0094,0.0086,1.691489,0.989362,,38462,135376,bf16,bf16,false,0,0,false,0,spmv_max_rel,"PASS, max_abs=0.0101, max_rel=0.7577"
deter4.mtx,bfp8_lb,bfp8_lb,controlled_lossy_value_specialized,ok,none,accuracy_pass_runtime_loss,0.0093,0.0088,1.709677,1.000000,,53075,135376,bfp8,bfp8,false,0,0,false,0,spmv_max_rel,"PASS, max_abs=0.0123, max_rel=2.9058"
deter4.mtx,bfp8_outlier_lb,bfp8_outlier_lb,controlled_lossy_value_specialized,ok,none,accuracy_pass_runtime_loss,0.0119,0.0108,1.336134,0.781513,,54563,135376,bfp8_outlier,bfp8_outlier,false,0,0,false,0,spmv_max_rel,"PASS, max_abs=0.0123, max_rel=2.9058"
deter4.mtx,bfp4_lb,bfp4_lb,controlled_lossy_value_specialized,fail:1,accuracy_fail,accuracy_fail,0.0132,0.0124,1.204545,0.704545,,43460,135376,bfp4,bfp4,false,0,0,false,0,spmv_max_rel,"FAIL, max_abs=0.1098, max_rel=19.6012"
deter4.mtx,hybrid_lb,hybrid_lb,structural_hybrid,ok,none,promoted_fallback,0.0079,0.0065,2.012658,1.177215,,153848,,original,raw_double,false,,,1,0,exact_abs_or_rel,"PASS, max_abs=0.0000, max_rel=0.0000"
deter4.mtx,cusparse_default,cusparse_csr,external_baseline,ok,none,external_baseline,0.0159,0.0123,1.000000,0.584906,,153848,89868,original,original,false,,,true,0,exact_abs_or_rel,"PASS, max_abs=0.0000, max_rel=0.0000"
dwt_1005.mtx,original_lb,original_lb,load_balanced_traversal,ok,none,promoted_fallback,0.0075,0.0061,1.906667,1.000000,,68968,12160,original,original,false,0,0,true,0,exact_abs_or_rel,"PASS, max_abs=0.0000, max_rel=0.0000"
dwt_1005.mtx,auto_lossless_lb,all_one_lb,lossless_value_specialized,ok,none,accuracy_pass_runtime_loss,0.0102,0.0086,1.401961,0.735294,,0,12160,auto_lossless,all_one,true,1,0,true,0,exact_abs_or_rel,"PASS, max_abs=0.0000, max_rel=0.0000"
dwt_1005.mtx,fp16_lb,fp16_lb,controlled_lossy_value_specialized,ok,none,accuracy_pass_runtime_loss,0.0096,0.0082,1.489583,0.781250,,17242,12160,fp16,fp16,false,0,0,false,0,spmv_max_rel,"PASS, max_abs=0.0000, max_rel=0.0000"
dwt_1005.mtx,bf16_lb,bf16_lb,controlled_lossy_value_specialized,ok,none,accuracy_pass_runtime_loss,0.0095,0.0073,1.505263,0.789474,,17242,12160,bf16,bf16,false,0,0,false,0,spmv_max_rel,"PASS, max_abs=0.0000, max_rel=0.0000"
dwt_1005.mtx,bfp8_lb,bfp8_lb,controlled_lossy_value_specialized,ok,none,accuracy_pass_runtime_loss,0.0103,0.0096,1.388350,0.728155,,11661,12160,bfp8,bfp8,false,0,0,false,0,spmv_max_rel,"PASS, max_abs=0.0006, max_rel=0.0001"
dwt_1005.mtx,bfp8_outlier_lb,bfp8_outlier_lb,controlled_lossy_value_specialized,ok,none,accuracy_pass_runtime_loss,0.0089,0.0084,1.606742,0.842697,,11661,12160,bfp8_outlier,bfp8_outlier,false,0,0,false,0,spmv_max_rel,"PASS, max_abs=0.0006, max_rel=0.0001"
dwt_1005.mtx,bfp4_lb,bfp4_lb,controlled_lossy_value_specialized,ok,none,accuracy_pass_runtime_loss,0.0113,0.0091,1.265487,0.663717,,7351,12160,bfp4,bfp4,false,0,0,false,0,spmv_max_rel,"PASS, max_abs=0.0186, max_rel=0.0020"
dwt_1005.mtx,hybrid_lb,hybrid_lb,structural_hybrid,ok,none,promoted_fallback,0.0074,0.0064,1.932432,1.013514,,68968,,original,raw_double,false,,,1,0,exact_abs_or_rel,"PASS, max_abs=0.0000, max_rel=0.0000"
dwt_1005.mtx,cusparse_default,cusparse_csr,external_baseline,ok,none,external_baseline,0.0143,0.0123,1.000000,0.524476,,68968,38508,original,original,false,,,true,0,exact_abs_or_rel,"PASS, max_abs=0.0000, max_rel=0.0000"
dwt_245.mtx,original_lb,original_lb,load_balanced_traversal,ok,none,promoted_fallback,0.0069,0.0052,1.739130,1.000000,,11688,2480,original,original,false,0,0,true,0,exact_abs_or_rel,"PASS, max_abs=0.0000, max_rel=0.0000"
dwt_245.mtx,auto_lossless_lb,all_one_lb,lossless_value_specialized,ok,none,accuracy_pass_runtime_loss,0.0098,0.0060,1.224490,0.704082,,0,2480,auto_lossless,all_one,true,1,0,true,0,exact_abs_or_rel,"PASS, max_abs=0.0000, max_rel=0.0000"
dwt_245.mtx,fp16_lb,fp16_lb,controlled_lossy_value_specialized,ok,none,accuracy_pass_runtime_loss,0.0078,0.0060,1.538462,0.884615,,2922,2480,fp16,fp16,false,0,0,false,0,spmv_max_rel,"PASS, max_abs=0.0000, max_rel=0.0000"
dwt_245.mtx,bf16_lb,bf16_lb,controlled_lossy_value_specialized,ok,none,accuracy_pass_runtime_loss,0.0077,0.0067,1.558442,0.896104,,2922,2480,bf16,bf16,false,0,0,false,0,spmv_max_rel,"PASS, max_abs=0.0000, max_rel=0.0000"
dwt_245.mtx,bfp8_lb,bfp8_lb,controlled_lossy_value_specialized,ok,none,accuracy_pass_runtime_loss,0.0076,0.0059,1.578947,0.907895,,2081,2480,bfp8,bfp8,false,0,0,false,0,spmv_max_rel,"PASS, max_abs=0.0003, max_rel=0.0001"
dwt_245.mtx,bfp8_outlier_lb,bfp8_outlier_lb,controlled_lossy_value_specialized,ok,none,accuracy_pass_runtime_loss,0.0078,0.0061,1.538462,0.884615,,2081,2480,bfp8_outlier,bfp8_outlier,false,0,0,false,0,spmv_max_rel,"PASS, max_abs=0.0003, max_rel=0.0001"
dwt_245.mtx,bfp4_lb,bfp4_lb,controlled_lossy_value_specialized,ok,none,accuracy_pass_runtime_loss,0.0085,0.0070,1.411765,0.811765,,1351,2480,bfp4,bfp4,false,0,0,false,0,spmv_max_rel,"PASS, max_abs=0.0107, max_rel=0.0020"
dwt_245.mtx,hybrid_lb,hybrid_lb,structural_hybrid,ok,none,promoted_fallback,0.0078,0.0064,1.538462,0.884615,,11688,,original,raw_double,false,,,1,0,exact_abs_or_rel,"PASS, max_abs=0.0000, max_rel=0.0000"
dwt_245.mtx,cusparse_default,cusparse_csr,external_baseline,ok,none,external_baseline,0.0120,0.0102,1.000000,0.575000,,11688,6828,original,original,false,,,true,0,exact_abs_or_rel,"PASS, max_abs=0.0000, max_rel=0.0000"
dwt_512.mtx,original_lb,original_lb,load_balanced_traversal,ok,none,promoted_fallback,0.0068,0.0058,1.779412,1.000000,,28016,4200,original,original,false,0,0,true,0,exact_abs_or_rel,"PASS, max_abs=0.0000, max_rel=0.0000"
dwt_512.mtx,auto_lossless_lb,all_one_lb,lossless_value_specialized,ok,none,accuracy_pass_runtime_loss,0.0079,0.0070,1.531646,0.860759,,0,4200,auto_lossless,all_one,true,1,0,true,0,exact_abs_or_rel,"PASS, max_abs=0.0000, max_rel=0.0000"
dwt_512.mtx,fp16_lb,fp16_lb,controlled_lossy_value_specialized,ok,none,accuracy_pass_runtime_loss,0.0074,0.0058,1.635135,0.918919,,7004,4200,fp16,fp16,false,0,0,false,0,spmv_max_rel,"PASS, max_abs=0.0000, max_rel=0.0000"
dwt_512.mtx,bf16_lb,bf16_lb,controlled_lossy_value_specialized,ok,none,accuracy_pass_runtime_loss,0.0077,0.0058,1.571429,0.883117,,7004,4200,bf16,bf16,false,0,0,false,0,spmv_max_rel,"PASS, max_abs=0.0000, max_rel=0.0000"
dwt_512.mtx,bfp8_lb,bfp8_lb,controlled_lossy_value_specialized,ok,none,accuracy_pass_runtime_loss,0.0072,0.0054,1.680556,0.944444,,4552,4200,bfp8,bfp8,false,0,0,false,0,spmv_max_rel,"PASS, max_abs=0.0004, max_rel=0.0001"
dwt_512.mtx,bfp8_outlier_lb,bfp8_outlier_lb,controlled_lossy_value_specialized,ok,none,accuracy_pass_runtime_loss,0.0072,0.0054,1.680556,0.944444,,4552,4200,bfp8_outlier,bfp8_outlier,false,0,0,false,0,spmv_max_rel,"PASS, max_abs=0.0004, max_rel=0.0001"
dwt_512.mtx,bfp4_lb,bfp4_lb,controlled_lossy_value_specialized,ok,none,accuracy_pass_runtime_loss,0.0088,0.0070,1.375000,0.772727,,2801,4200,bfp4,bfp4,false,0,0,false,0,spmv_max_rel,"PASS, max_abs=0.0112, max_rel=0.0020"
dwt_512.mtx,hybrid_lb,hybrid_lb,structural_hybrid,ok,none,promoted_fallback,0.0071,0.0054,1.704225,0.957746,,28016,,original,raw_double,false,,,1,0,exact_abs_or_rel,"PASS, max_abs=0.0000, max_rel=0.0000"
dwt_512.mtx,cusparse_default,cusparse_csr,external_baseline,ok,none,external_baseline,0.0121,0.0102,1.000000,0.561983,,28016,16060,original,original,false,,,true,0,exact_abs_or_rel,"PASS, max_abs=0.0000, max_rel=0.0000"
dwt_87.mtx,original_lb,original_lb,load_balanced_traversal,ok,none,promoted_fallback,0.0067,0.0046,1.776119,1.000000,,4328,1048,original,original,false,0,0,true,0,exact_abs_or_rel,"PASS, max_abs=0.0000, max_rel=0.0000"
dwt_87.mtx,auto_lossless_lb,all_one_lb,lossless_value_specialized,ok,none,accuracy_pass_runtime_loss,0.0074,0.0063,1.608108,0.905405,,0,1048,auto_lossless,all_one,true,1,0,true,0,exact_abs_or_rel,"PASS, max_abs=0.0000, max_rel=0.0000"
dwt_87.mtx,fp16_lb,fp16_lb,controlled_lossy_value_specialized,ok,none,accuracy_pass_runtime_win,0.0063,0.0052,1.888889,1.063492,,1082,1048,fp16,fp16,false,0,0,false,0,spmv_max_rel,"PASS, max_abs=0.0000, max_rel=0.0000"
dwt_87.mtx,bf16_lb,bf16_lb,controlled_lossy_value_specialized,ok,none,accuracy_pass_runtime_loss,0.0070,0.0062,1.700000,0.957143,,1082,1048,bf16,bf16,false,0,0,false,0,spmv_max_rel,"PASS, max_abs=0.0000, max_rel=0.0000"
dwt_87.mtx,bfp8_lb,bfp8_lb,controlled_lossy_value_specialized,ok,none,accuracy_pass_runtime_loss,0.0067,0.0053,1.776119,1.000000,,803,1048,bfp8,bfp8,false,0,0,false,0,spmv_max_rel,"PASS, max_abs=0.0003, max_rel=0.0001"
dwt_87.mtx,bfp8_outlier_lb,bfp8_outlier_lb,controlled_lossy_value_specialized,ok,none,accuracy_pass_runtime_loss,0.0067,0.0061,1.776119,1.000000,,803,1048,bfp8_outlier,bfp8_outlier,false,0,0,false,0,spmv_max_rel,"PASS, max_abs=0.0003, max_rel=0.0001"
dwt_87.mtx,bfp4_lb,bfp4_lb,controlled_lossy_value_specialized,ok,none,accuracy_pass_runtime_loss,0.0075,0.0065,1.586667,0.893333,,533,1048,bfp4,bfp4,false,0,0,false,0,spmv_max_rel,"PASS, max_abs=0.0083, max_rel=0.0020"
dwt_87.mtx,hybrid_lb,hybrid_lb,structural_hybrid,ok,none,promoted_fallback,0.0070,0.0050,1.700000,0.957143,,4328,,original,raw_double,false,,,1,0,exact_abs_or_rel,"PASS, max_abs=0.0000, max_rel=0.0000"
dwt_87.mtx,cusparse_default,cusparse_csr,external_baseline,ok,none,external_baseline,0.0119,0.0082,1.000000,0.563025,,4328,2516,original,original,false,,,true,0,exact_abs_or_rel,"PASS, max_abs=0.0000, max_rel=0.0000"
ex10.mtx,original_lb,original_lb,load_balanced_traversal,fail:1,accuracy_fail,accuracy_fail,0.0090,0.0072,1.588889,1.000000,,438720,46816,original,original,false,0,0,true,0,exact_abs_or_rel,"FAIL, max_abs=0.0000, max_rel=0.0169"
ex10.mtx,auto_lossless_lb,original_lb,load_balanced_traversal,fail:1,accuracy_fail,accuracy_fail,0.0095,0.0072,1.505263,0.947368,,438720,46816,auto_lossless,original,true,26442,438720,true,0,exact_abs_or_rel,"FAIL, max_abs=0.0000, max_rel=0.0169"
ex10.mtx,fp16_lb,fp16_lb,controlled_lossy_value_specialized,fail:1,accuracy_fail,accuracy_fail,0.0090,0.0074,1.588889,1.000000,,109680,46816,fp16,fp16,false,0,0,false,0,spmv_max_rel,"FAIL, max_abs=inf, max_rel=inf"
ex10.mtx,bf16_lb,bf16_lb,controlled_lossy_value_specialized,ok,none,accuracy_pass_runtime_loss,0.0092,0.0074,1.554348,0.978261,,109680,46816,bf16,bf16,false,0,0,false,0,spmv_max_rel,"PASS, max_abs=44547.5300, max_rel=1118147418078.2881"
ex10.mtx,bfp8_lb,bfp8_lb,controlled_lossy_value_specialized,ok,none,accuracy_pass_runtime_loss,0.0091,0.0085,1.571429,0.989011,,66544,46816,bfp8,bfp8,false,0,0,false,0,spmv_max_rel,"PASS, max_abs=186518.6040, max_rel=3896404266276.2339"
ex10.mtx,bfp8_outlier_lb,bfp8_outlier_lb,controlled_lossy_value_specialized,ok,none,accuracy_pass_runtime_loss,0.0115,0.0102,1.243478,0.782609,,70912,46816,bfp8_outlier,bfp8_outlier,false,0,0,false,0,spmv_max_rel,"PASS, max_abs=51656.1202, max_rel=3896404266276.2339"
ex10.mtx,bfp4_lb,bfp4_lb,controlled_lossy_value_specialized,fail:1,accuracy_fail,accuracy_fail,0.0122,0.0120,1.172131,0.737705,,39124,46816,bfp4,bfp4,false,0,0,false,0,spmv_max_rel,"FAIL, max_abs=3255436.9270, max_rel=4886465932532.4219"
ex10.mtx,hybrid_lb,hybrid_lb,structural_hybrid,ok,none,promoted_fallback,0.0087,0.0070,1.643678,1.034483,,438720,,original,raw_double,false,,,1,0,exact_abs_or_rel,"PASS, max_abs=0.0000, max_rel=0.0169"
ex10.mtx,cusparse_default,cusparse_csr,external_baseline,fail:1,accuracy_fail,accuracy_fail,0.0143,0.0102,1.000000,0.629371,,438720,229004,original,original,false,,,true,0,exact_abs_or_rel,"FAIL, max_abs=0.0000, max_rel=0.0254"
ex22.mtx,original_lb,original_lb,load_balanced_traversal,ok,none,promoted_fallback,0.0080,0.0070,2.000000,1.000000,,179680,13336,original,original,false,0,0,true,0,exact_abs_or_rel,"PASS, max_abs=0.0000, max_rel=0.0000"
ex22.mtx,auto_lossless_lb,original_lb,load_balanced_traversal,ok,none,promoted_fallback,0.0089,0.0073,1.797753,0.898876,,179680,13336,auto_lossless,original,true,11095,179680,true,0,exact_abs_or_rel,"PASS, max_abs=0.0000, max_rel=0.0000"
ex22.mtx,fp16_lb,fp16_lb,controlled_lossy_value_specialized,ok,none,accuracy_pass_runtime_loss,0.0083,0.0073,1.927711,0.963855,,44920,13336,fp16,fp16,false,0,0,false,0,spmv_max_rel,"PASS, max_abs=0.0028, max_rel=0.1644"
ex22.mtx,bf16_lb,bf16_lb,controlled_lossy_value_specialized,ok,none,accuracy_pass_runtime_loss,0.0080,0.0066,2.000000,1.000000,,44920,13336,bf16,bf16,false,0,0,false,0,spmv_max_rel,"PASS, max_abs=0.0147, max_rel=4.2396"
ex22.mtx,bfp8_lb,bfp8_lb,controlled_lossy_value_specialized,ok,none,accuracy_pass_runtime_loss,0.0094,0.0082,1.702128,0.851064,,25794,13336,bfp8,bfp8,false,0,0,false,0,spmv_max_rel,"PASS, max_abs=0.0686, max_rel=61.4187"
ex22.mtx,bfp8_outlier_lb,bfp8_outlier_lb,controlled_lossy_value_specialized,ok,none,accuracy_pass_runtime_loss,0.0107,0.0089,1.495327,0.747664,,27586,13336,bfp8_outlier,bfp8_outlier,false,0,0,false,0,spmv_max_rel,"PASS, max_abs=0.0215, max_rel=10.8945"
ex22.mtx,bfp4_lb,bfp4_lb,controlled_lossy_value_specialized,fail:1,accuracy_fail,accuracy_fail,0.0103,0.0092,1.553398,0.776699,,14564,13336,bfp4,bfp4,false,0,0,false,0,spmv_max_rel,"FAIL, max_abs=0.6897, max_rel=48.5219"
ex22.mtx,hybrid_lb,hybrid_lb,structural_hybrid,ok,none,promoted_fallback,0.0092,0.0072,1.739130,0.869565,,179680,,original,raw_double,false,,,1,0,exact_abs_or_rel,"PASS, max_abs=0.0000, max_rel=0.0000"
ex22.mtx,cusparse_default,cusparse_csr,external_baseline,ok,none,external_baseline,0.0160,0.0113,1.000000,0.500000,,179680,93200,original,original,false,,,true,0,exact_abs_or_rel,"PASS, max_abs=0.0000, max_rel=0.0000"
ex31.mtx,original_lb,original_lb,load_balanced_traversal,ok,none,promoted_fallback,0.0095,0.0079,1.452632,1.000000,,729784,91040,original,original,false,0,0,true,0,exact_abs_or_rel,"PASS, max_abs=0.0000, max_rel=0.0000"
ex31.mtx,auto_lossless_lb,original_lb,load_balanced_traversal,ok,none,promoted_fallback,0.0099,0.0079,1.393939,0.959596,,729784,91040,auto_lossless,original,true,38078,729784,true,0,exact_abs_or_rel,"PASS, max_abs=0.0000, max_rel=0.0000"
ex31.mtx,fp16_lb,fp16_lb,controlled_lossy_value_specialized,ok,none,accuracy_pass_runtime_loss,0.0105,0.0091,1.314286,0.904762,,182446,91040,fp16,fp16,false,0,0,false,0,spmv_max_rel,"PASS, max_abs=0.0022, max_rel=0.0766"
ex31.mtx,bf16_lb,bf16_lb,controlled_lossy_value_specialized,ok,none,accuracy_pass_runtime_win,0.0094,0.0084,1.468085,1.010638,,182446,91040,bf16,bf16,false,0,0,false,0,spmv_max_rel,"PASS, max_abs=0.0448, max_rel=1.2013"
ex31.mtx,bfp8_lb,bfp8_lb,controlled_lossy_value_specialized,ok,none,accuracy_pass_runtime_loss,0.0098,0.0096,1.408163,0.969388,,113983,91040,bfp8,bfp8,false,0,0,false,0,spmv_max_rel,"PASS, max_abs=0.1133, max_rel=32.6391"
ex31.mtx,bfp8_outlier_lb,bfp8_outlier_lb,controlled_lossy_value_specialized,ok,none,accuracy_pass_runtime_loss,0.0115,0.0096,1.200000,0.826087,,121279,91040,bfp8_outlier,bfp8_outlier,false,0,0,false,0,spmv_max_rel,"PASS, max_abs=0.0083, max_rel=32.6391"
ex31.mtx,bfp4_lb,bfp4_lb,controlled_lossy_value_specialized,fail:1,accuracy_fail,accuracy_fail,0.0133,0.0126,1.037594,0.714286,,68372,91040,bfp4,bfp4,false,0,0,false,0,spmv_max_rel,"FAIL, max_abs=0.9343, max_rel=314.4144"
ex31.mtx,hybrid_lb,hybrid_lb,structural_hybrid,ok,none,promoted_fallback,0.0098,0.0086,1.408163,0.969388,,729784,,original,raw_double,false,,,1,0,exact_abs_or_rel,"PASS, max_abs=0.0000, max_rel=0.0000"
ex31.mtx,cusparse_default,cusparse_csr,external_baseline,ok,none,external_baseline,0.0138,0.0102,1.000000,0.688406,,729784,380532,original,original,false,,,true,0,exact_abs_or_rel,"PASS, max_abs=0.0000, max_rel=0.0000"
fpga_dcop_02.mtx,original_lb,original_lb,load_balanced_traversal,ok,none,promoted_fallback,0.0092,0.0079,1.510870,1.000000,,47136,14648,original,original,false,0,0,true,0,exact_abs_or_rel,"PASS, max_abs=0.0000, max_rel=13877787807814.4551"
fpga_dcop_02.mtx,auto_lossless_lb,original_lb,load_balanced_traversal,ok,none,promoted_fallback,0.0088,0.0068,1.579545,1.045455,,47136,14648,auto_lossless,original,true,3405,47136,true,0,exact_abs_or_rel,"PASS, max_abs=0.0000, max_rel=13877787807814.4551"
fpga_dcop_02.mtx,fp16_lb,fp16_lb,controlled_lossy_value_specialized,ok,none,accuracy_pass_runtime_loss,0.0105,0.0088,1.323810,0.876190,,11784,14648,fp16,fp16,false,0,0,false,0,spmv_max_rel,"PASS, max_abs=0.0005, max_rel=23.0174"
fpga_dcop_02.mtx,bf16_lb,bf16_lb,controlled_lossy_value_specialized,ok,none,accuracy_pass_runtime_loss,0.0098,0.0080,1.418367,0.938776,,11784,14648,bf16,bf16,false,0,0,false,0,spmv_max_rel,"PASS, max_abs=0.0046, max_rel=4724683.5989"
fpga_dcop_02.mtx,bfp8_lb,bfp8_lb,controlled_lossy_value_specialized,ok,none,accuracy_pass_runtime_loss,0.0093,0.0082,1.494624,0.989247,,9554,14648,bfp8,bfp8,false,0,0,false,0,spmv_max_rel,"PASS, max_abs=0.0068, max_rel=358581542968749949148200960.0000"
fpga_dcop_02.mtx,bfp8_outlier_lb,bfp8_outlier_lb,controlled_lossy_value_specialized,ok,none,accuracy_pass_runtime_loss,0.0128,0.0115,1.085937,0.718750,,9810,14648,bfp8_outlier,bfp8_outlier,false,0,0,false,0,spmv_max_rel,"PASS, max_abs=0.0027, max_rel=358581542968749949148200960.0000"
fpga_dcop_02.mtx,bfp4_lb,bfp4_lb,controlled_lossy_value_specialized,fail:1,accuracy_fail,accuracy_fail,0.0150,0.0128,0.926667,0.613333,,6608,14648,bfp4,bfp4,false,0,0,false,0,spmv_max_rel,"FAIL, max_abs=0.1124, max_rel=6408691406249999079462404096.0000"
fpga_dcop_02.mtx,hybrid_lb,hybrid_lb,structural_hybrid,ok,none,promoted_fallback,0.0072,0.0067,1.930556,1.277778,,47136,,original,raw_double,false,,,1,0,exact_abs_or_rel,"PASS, max_abs=0.0000, max_rel=13877787807814.4551"
fpga_dcop_02.mtx,cusparse_default,cusparse_csr,external_baseline,ok,none,external_baseline,0.0139,0.0123,1.000000,0.661871,,47136,28452,original,original,false,,,true,0,exact_abs_or_rel,"PASS, max_abs=0.0000, max_rel=13877787807814.4551"
fpga_dcop_10.mtx,original_lb,original_lb,load_balanced_traversal,ok,none,promoted_fallback,0.0092,0.0073,1.500000,1.000000,,47072,14632,original,original,false,0,0,true,0,exact_abs_or_rel,"PASS, max_abs=0.0000, max_rel=13877787807814.4551"
fpga_dcop_10.mtx,auto_lossless_lb,original_lb,load_balanced_traversal,ok,none,promoted_fallback,0.0088,0.0078,1.568182,1.045455,,47072,14632,auto_lossless,original,true,3411,47072,true,0,exact_abs_or_rel,"PASS, max_abs=0.0000, max_rel=13877787807814.4551"
fpga_dcop_10.mtx,fp16_lb,fp16_lb,controlled_lossy_value_specialized,ok,none,accuracy_pass_runtime_loss,0.0094,0.0088,1.468085,0.978723,,11768,14632,fp16,fp16,false,0,0,false,0,spmv_max_rel,"PASS, max_abs=0.0007, max_rel=11.2070"
fpga_dcop_10.mtx,bf16_lb,bf16_lb,controlled_lossy_value_specialized,ok,none,accuracy_pass_runtime_loss,0.0094,0.0091,1.468085,0.978723,,11768,14632,bf16,bf16,false,0,0,false,0,spmv_max_rel,"PASS, max_abs=0.0074, max_rel=23574647.4578"
fpga_dcop_10.mtx,bfp8_lb,bfp8_lb,controlled_lossy_value_specialized,ok,none,accuracy_pass_runtime_loss,0.0093,0.0082,1.483871,0.989247,,9542,14632,bfp8,bfp8,false,0,0,false,0,spmv_max_rel,"PASS, max_abs=0.0121, max_rel=358581542968749949148200960.0000"
fpga_dcop_10.mtx,bfp8_outlier_lb,bfp8_outlier_lb,controlled_lossy_value_specialized,ok,none,accuracy_pass_runtime_loss,0.0120,0.0101,1.150000,0.766667,,9894,14632,bfp8_outlier,bfp8_outlier,false,0,0,false,0,spmv_max_rel,"PASS, max_abs=0.0042, max_rel=358581542968749949148200960.0000"
fpga_dcop_10.mtx,bfp4_lb,bfp4_lb,controlled_lossy_value_specialized,fail:1,accuracy_fail,accuracy_fail,0.0146,0.0135,0.945205,0.630137,,6600,14632,bfp4,bfp4,false,0,0,false,0,spmv_max_rel,"FAIL, max_abs=0.1238, max_rel=6408691406249999079462404096.0000"
fpga_dcop_10.mtx,hybrid_lb,hybrid_lb,structural_hybrid,ok,none,promoted_fallback,0.0088,0.0071,1.568182,1.045455,,47072,,original,raw_double,false,,,1,0,exact_abs_or_rel,"PASS, max_abs=0.0000, max_rel=13877787807814.4551"
fpga_dcop_10.mtx,cusparse_default,cusparse_csr,external_baseline,ok,none,external_baseline,0.0138,0.0123,1.000000,0.666667,,47072,28420,original,original,false,,,true,0,exact_abs_or_rel,"PASS, max_abs=0.0000, max_rel=13877787807814.4551"
fpga_dcop_18.mtx,original_lb,original_lb,load_balanced_traversal,ok,none,promoted_fallback,0.0090,0.0069,1.544444,1.000000,,47136,14648,original,original,false,0,0,true,0,exact_abs_or_rel,"PASS, max_abs=0.0000, max_rel=13877787807814.4551"
fpga_dcop_18.mtx,auto_lossless_lb,original_lb,load_balanced_traversal,ok,none,promoted_fallback,0.0085,0.0074,1.635294,1.058824,,47136,14648,auto_lossless,original,true,3302,47136,true,0,exact_abs_or_rel,"PASS, max_abs=0.0000, max_rel=13877787807814.4551"
fpga_dcop_18.mtx,fp16_lb,fp16_lb,controlled_lossy_value_specialized,ok,none,accuracy_pass_runtime_loss,0.0109,0.0089,1.275229,0.825688,,11784,14648,fp16,fp16,false,0,0,false,0,spmv_max_rel,"PASS, max_abs=0.0005, max_rel=11.2070"
fpga_dcop_18.mtx,bf16_lb,bf16_lb,controlled_lossy_value_specialized,ok,none,accuracy_pass_runtime_loss,0.0093,0.0090,1.494624,0.967742,,11784,14648,bf16,bf16,false,0,0,false,0,spmv_max_rel,"PASS, max_abs=0.0046, max_rel=194.3125"
fpga_dcop_18.mtx,bfp8_lb,bfp8_lb,controlled_lossy_value_specialized,ok,none,accuracy_pass_runtime_loss,0.0098,0.0087,1.418367,0.918367,,9554,14648,bfp8,bfp8,false,0,0,false,0,spmv_max_rel,"PASS, max_abs=0.0083, max_rel=358581542968749949148200960.0000"
fpga_dcop_18.mtx,bfp8_outlier_lb,bfp8_outlier_lb,controlled_lossy_value_specialized,ok,none,accuracy_pass_runtime_loss,0.0117,0.0107,1.188034,0.769231,,9810,14648,bfp8_outlier,bfp8_outlier,false,0,0,false,0,spmv_max_rel,"PASS, max_abs=0.0027, max_rel=358581542968749949148200960.0000"
fpga_dcop_18.mtx,bfp4_lb,bfp4_lb,controlled_lossy_value_specialized,fail:1,accuracy_fail,accuracy_fail,0.0153,0.0141,0.908497,0.588235,,6608,14648,bfp4,bfp4,false,0,0,false,0,spmv_max_rel,"FAIL, max_abs=0.1600, max_rel=6408691406249999079462404096.0000"
fpga_dcop_18.mtx,hybrid_lb,hybrid_lb,structural_hybrid,ok,none,promoted_fallback,0.0074,0.0065,1.878378,1.216216,,47136,,original,raw_double,false,,,1,0,exact_abs_or_rel,"PASS, max_abs=0.0000, max_rel=13877787807814.4551"
fpga_dcop_18.mtx,cusparse_default,cusparse_csr,external_baseline,ok,none,external_baseline,0.0139,0.0123,1.000000,0.647482,,47136,28452,original,original,false,,,true,0,exact_abs_or_rel,"PASS, max_abs=0.0000, max_rel=13877787807814.4551"
fpga_dcop_26.mtx,original_lb,original_lb,load_balanced_traversal,ok,none,promoted_fallback,0.0092,0.0081,1.489130,1.000000,,47136,14648,original,original,false,0,0,true,0,exact_abs_or_rel,"PASS, max_abs=0.0000, max_rel=13877787807814.4551"
fpga_dcop_26.mtx,auto_lossless_lb,original_lb,load_balanced_traversal,ok,none,promoted_fallback,0.0085,0.0071,1.611765,1.082353,,47136,14648,auto_lossless,original,true,3060,47136,true,0,exact_abs_or_rel,"PASS, max_abs=0.0000, max_rel=13877787807814.4551"
fpga_dcop_26.mtx,fp16_lb,fp16_lb,controlled_lossy_value_specialized,ok,none,accuracy_pass_runtime_loss,0.0093,0.0087,1.473118,0.989247,,11784,14648,fp16,fp16,false,0,0,false,0,spmv_max_rel,"PASS, max_abs=0.0005, max_rel=11.2070"
fpga_dcop_26.mtx,bf16_lb,bf16_lb,controlled_lossy_value_specialized,ok,none,accuracy_pass_runtime_loss,0.0094,0.0086,1.457447,0.978723,,11784,14648,bf16,bf16,false,0,0,false,0,spmv_max_rel,"PASS, max_abs=0.0046, max_rel=194.3125"
fpga_dcop_26.mtx,bfp8_lb,bfp8_lb,controlled_lossy_value_specialized,ok,none,accuracy_pass_runtime_win,0.0090,0.0086,1.522222,1.022222,,9554,14648,bfp8,bfp8,false,0,0,false,0,spmv_max_rel,"PASS, max_abs=0.0068, max_rel=358581542968749949148200960.0000"
fpga_dcop_26.mtx,bfp8_outlier_lb,bfp8_outlier_lb,controlled_lossy_value_specialized,ok,none,accuracy_pass_runtime_loss,0.0114,0.0101,1.201754,0.807018,,9810,14648,bfp8_outlier,bfp8_outlier,false,0,0,false,0,spmv_max_rel,"PASS, max_abs=0.0027, max_rel=358581542968749949148200960.0000"
fpga_dcop_26.mtx,bfp4_lb,bfp4_lb,controlled_lossy_value_specialized,fail:1,accuracy_fail,accuracy_fail,0.0151,0.0134,0.907285,0.609272,,6608,14648,bfp4,bfp4,false,0,0,false,0,spmv_max_rel,"FAIL, max_abs=0.1124, max_rel=6408691406249999079462404096.0000"
fpga_dcop_26.mtx,hybrid_lb,hybrid_lb,structural_hybrid,ok,none,promoted_fallback,0.0079,0.0061,1.734177,1.164557,,47136,,original,raw_double,false,,,1,0,exact_abs_or_rel,"PASS, max_abs=0.0000, max_rel=13877787807814.4551"
fpga_dcop_26.mtx,cusparse_default,cusparse_csr,external_baseline,ok,none,external_baseline,0.0137,0.0123,1.000000,0.671533,,47136,28452,original,original,false,,,true,0,exact_abs_or_rel,"PASS, max_abs=0.0000, max_rel=13877787807814.4551"
fpga_dcop_34.mtx,original_lb,original_lb,load_balanced_traversal,ok,none,promoted_fallback,0.0091,0.0071,1.758242,1.000000,,47136,14648,original,original,false,0,0,true,0,exact_abs_or_rel,"PASS, max_abs=0.0000, max_rel=13877787807814.4551"
fpga_dcop_34.mtx,auto_lossless_lb,original_lb,load_balanced_traversal,ok,none,promoted_fallback,0.0082,0.0073,1.951220,1.109756,,47136,14648,auto_lossless,original,true,2760,47136,true,0,exact_abs_or_rel,"PASS, max_abs=0.0000, max_rel=13877787807814.4551"
fpga_dcop_34.mtx,fp16_lb,fp16_lb,controlled_lossy_value_specialized,ok,none,accuracy_pass_runtime_loss,0.0094,0.0090,1.702128,0.968085,,11784,14648,fp16,fp16,false,0,0,false,0,spmv_max_rel,"PASS, max_abs=0.0005, max_rel=11.2070"
fpga_dcop_34.mtx,bf16_lb,bf16_lb,controlled_lossy_value_specialized,ok,none,accuracy_pass_runtime_loss,0.0102,0.0090,1.568627,0.892157,,11784,14648,bf16,bf16,false,0,0,false,0,spmv_max_rel,"PASS, max_abs=0.0046, max_rel=194.3125"
fpga_dcop_34.mtx,bfp8_lb,bfp8_lb,controlled_lossy_value_specialized,ok,none,accuracy_pass_runtime_loss,0.0110,0.0096,1.454545,0.827273,,9554,14648,bfp8,bfp8,false,0,0,false,0,spmv_max_rel,"PASS, max_abs=0.0068, max_rel=358581542968749949148200960.0000"
fpga_dcop_34.mtx,bfp8_outlier_lb,bfp8_outlier_lb,controlled_lossy_value_specialized,ok,none,accuracy_pass_runtime_loss,0.0117,0.0098,1.367521,0.777778,,9810,14648,bfp8_outlier,bfp8_outlier,false,0,0,false,0,spmv_max_rel,"PASS, max_abs=0.0027, max_rel=358581542968749949148200960.0000"
fpga_dcop_34.mtx,bfp4_lb,bfp4_lb,controlled_lossy_value_specialized,fail:1,accuracy_fail,accuracy_fail,0.0152,0.0140,1.052632,0.598684,,6608,14648,bfp4,bfp4,false,0,0,false,0,spmv_max_rel,"FAIL, max_abs=0.1124, max_rel=6408691406249999079462404096.0000"
fpga_dcop_34.mtx,hybrid_lb,hybrid_lb,structural_hybrid,ok,none,promoted_fallback,0.0077,0.0059,2.077922,1.181818,,47136,,original,raw_double,false,,,1,0,exact_abs_or_rel,"PASS, max_abs=0.0000, max_rel=13877787807814.4551"
fpga_dcop_34.mtx,cusparse_default,cusparse_csr,external_baseline,ok,none,external_baseline,0.0160,0.0123,1.000000,0.568750,,47136,28452,original,original,false,,,true,0,exact_abs_or_rel,"PASS, max_abs=0.0000, max_rel=13877787807814.4551"
fpga_dcop_42.mtx,original_lb,original_lb,load_balanced_traversal,ok,none,promoted_fallback,0.0115,0.0096,1.260870,1.000000,,47136,14648,original,original,false,0,0,true,0,exact_abs_or_rel,"PASS, max_abs=0.0000, max_rel=13877787807814.4551"
fpga_dcop_42.mtx,auto_lossless_lb,original_lb,load_balanced_traversal,ok,none,promoted_fallback,0.0084,0.0071,1.726190,1.369048,,47136,14648,auto_lossless,original,true,1254,47136,true,0,exact_abs_or_rel,"PASS, max_abs=0.0000, max_rel=13877787807814.4551"
fpga_dcop_42.mtx,fp16_lb,fp16_lb,controlled_lossy_value_specialized,ok,none,accuracy_pass_runtime_win,0.0098,0.0093,1.479592,1.173469,,11784,14648,fp16,fp16,false,0,0,false,0,spmv_max_rel,"PASS, max_abs=0.0005, max_rel=11.2070"
fpga_dcop_42.mtx,bf16_lb,bf16_lb,controlled_lossy_value_specialized,ok,none,accuracy_pass_runtime_win,0.0102,0.0089,1.421569,1.127451,,11784,14648,bf16,bf16,false,0,0,false,0,spmv_max_rel,"PASS, max_abs=0.0046, max_rel=194.3125"
fpga_dcop_42.mtx,bfp8_lb,bfp8_lb,controlled_lossy_value_specialized,ok,none,accuracy_pass_runtime_win,0.0090,0.0081,1.611111,1.277778,,9554,14648,bfp8,bfp8,false,0,0,false,0,spmv_max_rel,"PASS, max_abs=0.0068, max_rel=358581542968749949148200960.0000"
fpga_dcop_42.mtx,bfp8_outlier_lb,bfp8_outlier_lb,controlled_lossy_value_specialized,ok,none,accuracy_pass_runtime_loss,0.0119,0.0101,1.218487,0.966387,,9810,14648,bfp8_outlier,bfp8_outlier,false,0,0,false,0,spmv_max_rel,"PASS, max_abs=0.0027, max_rel=358581542968749949148200960.0000"
fpga_dcop_42.mtx,bfp4_lb,bfp4_lb,controlled_lossy_value_specialized,fail:1,accuracy_fail,accuracy_fail,0.0144,0.0132,1.006944,0.798611,,6608,14648,bfp4,bfp4,false,0,0,false,0,spmv_max_rel,"FAIL, max_abs=0.1124, max_rel=6408691406249999079462404096.0000"
fpga_dcop_42.mtx,hybrid_lb,hybrid_lb,structural_hybrid,ok,none,promoted_fallback,0.0084,0.0075,1.726190,1.369048,,47136,,original,raw_double,false,,,1,0,exact_abs_or_rel,"PASS, max_abs=0.0000, max_rel=13877787807814.4551"
fpga_dcop_42.mtx,cusparse_default,cusparse_csr,external_baseline,ok,none,external_baseline,0.0145,0.0123,1.000000,0.793103,,47136,28452,original,original,false,,,true,0,exact_abs_or_rel,"PASS, max_abs=0.0000, max_rel=13877787807814.4551"
fpga_dcop_50.mtx,original_lb,original_lb,load_balanced_traversal,ok,none,promoted_fallback,0.0091,0.0076,1.516484,1.000000,,47136,14648,original,original,false,0,0,true,0,exact_abs_or_rel,"PASS, max_abs=0.0000, max_rel=13877787807814.4551"
fpga_dcop_50.mtx,auto_lossless_lb,original_lb,load_balanced_traversal,ok,none,promoted_fallback,0.0087,0.0073,1.586207,1.045977,,47136,14648,auto_lossless,original,true,1001,47136,true,0,exact_abs_or_rel,"PASS, max_abs=0.0000, max_rel=13877787807814.4551"
fpga_dcop_50.mtx,fp16_lb,fp16_lb,controlled_lossy_value_specialized,ok,none,accuracy_pass_runtime_loss,0.0114,0.0108,1.210526,0.798246,,11784,14648,fp16,fp16,false,0,0,false,0,spmv_max_rel,"PASS, max_abs=0.0005, max_rel=11.2070"
fpga_dcop_50.mtx,bf16_lb,bf16_lb,controlled_lossy_value_specialized,ok,none,accuracy_pass_runtime_loss,0.0093,0.0091,1.483871,0.978495,,11784,14648,bf16,bf16,false,0,0,false,0,spmv_max_rel,"PASS, max_abs=0.0046, max_rel=194.3125"
fpga_dcop_50.mtx,bfp8_lb,bfp8_lb,controlled_lossy_value_specialized,ok,none,accuracy_pass_runtime_win,0.0090,0.0083,1.533333,1.011111,,9554,14648,bfp8,bfp8,false,0,0,false,0,spmv_max_rel,"PASS, max_abs=0.0068, max_rel=358581542968749949148200960.0000"
fpga_dcop_50.mtx,bfp8_outlier_lb,bfp8_outlier_lb,controlled_lossy_value_specialized,ok,none,accuracy_pass_runtime_loss,0.0124,0.0111,1.112903,0.733871,,9810,14648,bfp8_outlier,bfp8_outlier,false,0,0,false,0,spmv_max_rel,"PASS, max_abs=0.0027, max_rel=358581542968749949148200960.0000"
fpga_dcop_50.mtx,bfp4_lb,bfp4_lb,controlled_lossy_value_specialized,fail:1,accuracy_fail,accuracy_fail,0.0151,0.0132,0.913907,0.602649,,6608,14648,bfp4,bfp4,false,0,0,false,0,spmv_max_rel,"FAIL, max_abs=0.1124, max_rel=6408691406249999079462404096.0000"
fpga_dcop_50.mtx,hybrid_lb,hybrid_lb,structural_hybrid,ok,none,promoted_fallback,0.0077,0.0061,1.792208,1.181818,,47136,,original,raw_double,false,,,1,0,exact_abs_or_rel,"PASS, max_abs=0.0000, max_rel=13877787807814.4551"
fpga_dcop_50.mtx,cusparse_default,cusparse_csr,external_baseline,ok,none,external_baseline,0.0138,0.0123,1.000000,0.659420,,47136,28452,original,original,false,,,true,0,exact_abs_or_rel,"PASS, max_abs=0.0000, max_rel=13877787807814.4551"
freeFlyingRobot_11.mtx,original_lb,original_lb,load_balanced_traversal,ok,none,promoted_fallback,0.0087,0.0074,1.724138,1.000000,,320432,66472,original,original,false,0,0,true,0,exact_abs_or_rel,"PASS, max_abs=0.0000, max_rel=0.0000"
freeFlyingRobot_11.mtx,auto_lossless_lb,original_lb,load_balanced_traversal,ok,none,promoted_fallback,0.0101,0.0084,1.485149,0.861386,,320432,66472,auto_lossless,original,true,5861,320432,true,0,exact_abs_or_rel,"PASS, max_abs=0.0000, max_rel=0.0000"
freeFlyingRobot_11.mtx,fp16_lb,fp16_lb,controlled_lossy_value_specialized,fail:1,accuracy_fail,accuracy_fail,0.0091,0.0077,1.648352,0.956044,,80108,66472,fp16,fp16,false,0,0,false,0,spmv_max_rel,"FAIL, max_abs=inf, max_rel=inf"
freeFlyingRobot_11.mtx,bf16_lb,bf16_lb,controlled_lossy_value_specialized,ok,none,accuracy_pass_runtime_loss,0.0090,0.0075,1.666667,0.966667,,80108,66472,bf16,bf16,false,0,0,false,0,spmv_max_rel,"PASS, max_abs=255511.5532, max_rel=5.8537"
freeFlyingRobot_11.mtx,bfp8_lb,bfp8_lb,controlled_lossy_value_specialized,ok,none,accuracy_pass_runtime_loss,0.0099,0.0092,1.515152,0.878788,,56672,66472,bfp8,bfp8,false,0,0,false,0,spmv_max_rel,"PASS, max_abs=226927.5532, max_rel=12.7803"
freeFlyingRobot_11.mtx,bfp8_outlier_lb,bfp8_outlier_lb,controlled_lossy_value_specialized,ok,none,accuracy_pass_runtime_loss,0.0117,0.0107,1.282051,0.743590,,59872,66472,bfp8_outlier,bfp8_outlier,false,0,0,false,0,spmv_max_rel,"PASS, max_abs=6265.2412, max_rel=12.7803"
freeFlyingRobot_11.mtx,bfp4_lb,bfp4_lb,controlled_lossy_value_specialized,fail:1,accuracy_fail,accuracy_fail,0.0134,0.0118,1.119403,0.649254,,36645,66472,bfp4,bfp4,false,0,0,false,0,spmv_max_rel,"FAIL, max_abs=2971922.7857, max_rel=258.2743"
freeFlyingRobot_11.mtx,hybrid_lb,hybrid_lb,structural_hybrid,ok,none,promoted_fallback,0.0081,0.0067,1.851852,1.074074,,320432,,original,raw_double,false,,,1,0,exact_abs_or_rel,"PASS, max_abs=0.0000, max_rel=0.0000"
freeFlyingRobot_11.mtx,cusparse_default,cusparse_csr,external_baseline,ok,none,external_baseline,0.0150,0.0123,1.000000,0.580000,,320432,181972,original,original,false,,,true,0,exact_abs_or_rel,"PASS, max_abs=0.0000, max_rel=0.0000"
freeFlyingRobot_4.mtx,original_lb,original_lb,load_balanced_traversal,ok,none,promoted_fallback,0.0076,0.0059,2.078947,1.000000,,145744,27584,original,original,false,0,0,true,0,exact_abs_or_rel,"PASS, max_abs=0.0000, max_rel=0.0000"
freeFlyingRobot_4.mtx,auto_lossless_lb,original_lb,load_balanced_traversal,ok,none,promoted_fallback,0.0087,0.0077,1.816092,0.873563,,145744,27584,auto_lossless,original,true,2870,145744,true,0,exact_abs_or_rel,"PASS, max_abs=0.0000, max_rel=0.0000"
freeFlyingRobot_4.mtx,fp16_lb,fp16_lb,controlled_lossy_value_specialized,fail:1,accuracy_fail,accuracy_fail,0.0096,0.0086,1.645833,0.791667,,36436,27584,fp16,fp16,false,0,0,false,0,spmv_max_rel,"FAIL, max_abs=inf, max_rel=inf"
freeFlyingRobot_4.mtx,bf16_lb,bf16_lb,controlled_lossy_value_specialized,ok,none,accuracy_pass_runtime_loss,0.0094,0.0085,1.680851,0.808511,,36436,27584,bf16,bf16,false,0,0,false,0,spmv_max_rel,"PASS, max_abs=15238.9977, max_rel=0.1765"
freeFlyingRobot_4.mtx,bfp8_lb,bfp8_lb,controlled_lossy_value_specialized,ok,none,accuracy_pass_runtime_loss,0.0086,0.0075,1.837209,0.883721,,25114,27584,bfp8,bfp8,false,0,0,false,0,spmv_max_rel,"PASS, max_abs=39357.2737, max_rel=3.1374"
freeFlyingRobot_4.mtx,bfp8_outlier_lb,bfp8_outlier_lb,controlled_lossy_value_specialized,ok,none,accuracy_pass_runtime_loss,0.0113,0.0101,1.398230,0.672566,,26570,27584,bfp8_outlier,bfp8_outlier,false,0,0,false,0,spmv_max_rel,"PASS, max_abs=1331.1818, max_rel=3.1374"
freeFlyingRobot_4.mtx,bfp4_lb,bfp4_lb,controlled_lossy_value_specialized,fail:1,accuracy_fail,accuracy_fail,0.0141,0.0124,1.120567,0.539007,,16005,27584,bfp4,bfp4,false,0,0,false,0,spmv_max_rel,"FAIL, max_abs=679490.6965, max_rel=67.4126"
freeFlyingRobot_4.mtx,hybrid_lb,hybrid_lb,structural_hybrid,ok,none,promoted_fallback,0.0087,0.0070,1.816092,0.873563,,145744,,original,raw_double,false,,,1,0,exact_abs_or_rel,"PASS, max_abs=0.0000, max_rel=0.0000"
freeFlyingRobot_4.mtx,cusparse_default,cusparse_csr,external_baseline,ok,none,external_baseline,0.0158,0.0123,1.000000,0.481013,,145744,82308,original,original,false,,,true,0,exact_abs_or_rel,"PASS, max_abs=0.0000, max_rel=0.0000"
fs_183_3.mtx,original_lb,original_lb,load_balanced_traversal,ok,none,promoted_fallback,0.0092,0.0072,1.293478,1.000000,,8552,2640,original,original,false,0,0,true,0,exact_abs_or_rel,"PASS, max_abs=0.0000, max_rel=0.0000"
fs_183_3.mtx,auto_lossless_lb,original_lb,load_balanced_traversal,ok,none,promoted_fallback,0.0083,0.0070,1.433735,1.108434,,8552,2640,auto_lossless,original,true,829,8552,true,0,exact_abs_or_rel,"PASS, max_abs=0.0000, max_rel=0.0000"
fs_183_3.mtx,fp16_lb,fp16_lb,controlled_lossy_value_specialized,fail:1,accuracy_fail,accuracy_fail,0.0088,0.0071,1.352273,1.045455,,2138,2640,fp16,fp16,false,0,0,false,0,spmv_max_rel,"FAIL, max_abs=inf, max_rel=inf"
fs_183_3.mtx,bf16_lb,bf16_lb,controlled_lossy_value_specialized,ok,none,accuracy_pass_runtime_loss,0.0096,0.0089,1.239583,0.958333,,2138,2640,bf16,bf16,false,0,0,false,0,spmv_max_rel,"PASS, max_abs=1227307.4447, max_rel=0.1782"
fs_183_3.mtx,bfp8_lb,bfp8_lb,controlled_lossy_value_specialized,ok,none,accuracy_pass_runtime_win,0.0087,0.0081,1.367816,1.057471,,1729,2640,bfp8,bfp8,false,0,0,false,0,spmv_max_rel,"PASS, max_abs=1542233.8737, max_rel=1.1041"
fs_183_3.mtx,bfp8_outlier_lb,bfp8_outlier_lb,controlled_lossy_value_specialized,ok,none,accuracy_pass_runtime_loss,0.0113,0.0097,1.053097,0.814159,,1809,2640,bfp8_outlier,bfp8_outlier,false,0,0,false,0,spmv_max_rel,"PASS, max_abs=1135.9451, max_rel=1.1041"
fs_183_3.mtx,bfp4_lb,bfp4_lb,controlled_lossy_value_specialized,fail:1,accuracy_fail,accuracy_fail,0.0112,0.0103,1.062500,0.821429,,1195,2640,bfp4,bfp4,false,0,0,false,0,spmv_max_rel,"FAIL, max_abs=30836825.8737, max_rel=15.5458"
fs_183_3.mtx,hybrid_lb,hybrid_lb,structural_hybrid,ok,none,promoted_fallback,0.0087,0.0078,1.367816,1.057471,,8552,,original,raw_double,false,,,1,0,exact_abs_or_rel,"PASS, max_abs=0.0000, max_rel=0.0000"
fs_183_3.mtx,cusparse_default,cusparse_csr,external_baseline,ok,none,external_baseline,0.0119,0.0101,1.000000,0.773109,,8552,5012,original,original,false,,,true,0,exact_abs_or_rel,"PASS, max_abs=0.0000, max_rel=0.0000"
fv2.mtx,original_lb,original_lb,load_balanced_traversal,ok,none,promoted_fallback,0.0078,0.0056,1.948718,1.000000,,696200,97240,original,original,false,0,0,true,0,exact_abs_or_rel,"PASS, max_abs=0.0000, max_rel=0.0000"
fv2.mtx,auto_lossless_lb,dict4_lb,lossless_value_specialized,ok,none,accuracy_pass_runtime_loss,0.0079,0.0063,1.924051,0.987342,,97264,97240,auto_lossless,dict4,true,3,97264,true,3,exact_abs_or_rel,"PASS, max_abs=0.0000, max_rel=0.0000"
fv2.mtx,fp16_lb,fp16_lb,controlled_lossy_value_specialized,ok,none,accuracy_pass_runtime_win,0.0074,0.0059,2.054054,1.054054,,174050,97240,fp16,fp16,false,0,0,false,0,spmv_max_rel,"PASS, max_abs=0.0003, max_rel=0.0283"
fv2.mtx,bf16_lb,bf16_lb,controlled_lossy_value_specialized,ok,none,accuracy_pass_runtime_win,0.0074,0.0070,2.054054,1.054054,,174050,97240,bf16,bf16,false,0,0,false,0,spmv_max_rel,"PASS, max_abs=0.0056, max_rel=0.5547"
fv2.mtx,bfp8_lb,bfp8_lb,controlled_lossy_value_specialized,ok,none,accuracy_pass_runtime_win,0.0072,0.0068,2.111111,1.083333,,111335,97240,bfp8,bfp8,false,0,0,false,0,spmv_max_rel,"PASS, max_abs=0.0122, max_rel=423431396484374945069006848.0000"
fv2.mtx,bfp8_outlier_lb,bfp8_outlier_lb,controlled_lossy_value_specialized,ok,none,accuracy_pass_runtime_win,0.0072,0.0067,2.111111,1.083333,,111335,97240,bfp8_outlier,bfp8_outlier,false,0,0,false,0,spmv_max_rel,"PASS, max_abs=0.0122, max_rel=423431396484374945069006848.0000"
fv2.mtx,bfp4_lb,bfp4_lb,controlled_lossy_value_specialized,fail:1,accuracy_fail,accuracy_fail,0.0070,0.0062,2.171429,1.114286,,67823,97240,bfp4,bfp4,false,0,0,false,0,spmv_max_rel,"FAIL, max_abs=0.0744, max_rel=122070312499999985247453184.0000"
fv2.mtx,hybrid_lb,hybrid_lb,structural_hybrid,ok,none,promoted_fallback,0.0074,0.0055,2.054054,1.054054,,696200,,original,raw_double,false,,,1,0,exact_abs_or_rel,"PASS, max_abs=0.0000, max_rel=0.0000"
fv2.mtx,cusparse_default,cusparse_csr,external_baseline,ok,none,external_baseline,0.0152,0.0123,1.000000,0.513158,,696200,387308,original,original,false,,,true,0,exact_abs_or_rel,"PASS, max_abs=0.0000, max_rel=0.0000"
g7jac010sc.mtx,original_lb,original_lb,load_balanced_traversal,ok,none,promoted_fallback,0.0096,0.0082,1.562500,1.000000,,145832,47096,original,original,false,0,0,true,0,exact_abs_or_rel,"PASS, max_abs=0.0000, max_rel=0.0000"
g7jac010sc.mtx,auto_lossless_lb,original_lb,load_balanced_traversal,ok,none,promoted_fallback,0.0096,0.0091,1.562500,1.000000,,145832,47096,auto_lossless,original,true,11920,145832,true,0,exact_abs_or_rel,"PASS, max_abs=0.0000, max_rel=0.0000"
g7jac010sc.mtx,fp16_lb,fp16_lb,controlled_lossy_value_specialized,ok,none,accuracy_pass_runtime_win,0.0094,0.0083,1.595745,1.021277,,36458,47096,fp16,fp16,false,0,0,false,0,spmv_max_rel,"PASS, max_abs=1.4787, max_rel=0.4006"
g7jac010sc.mtx,bf16_lb,bf16_lb,controlled_lossy_value_specialized,ok,none,accuracy_pass_runtime_win,0.0095,0.0082,1.578947,1.010526,,36458,47096,bf16,bf16,false,0,0,false,0,spmv_max_rel,"PASS, max_abs=14.9196, max_rel=1.4821"
g7jac010sc.mtx,bfp8_lb,bfp8_lb,controlled_lossy_value_specialized,ok,none,accuracy_pass_runtime_loss,0.0105,0.0099,1.428571,0.914286,,30003,47096,bfp8,bfp8,false,0,0,false,0,spmv_max_rel,"PASS, max_abs=14.3793, max_rel=249984741210937476886061645824.0000"
g7jac010sc.mtx,bfp8_outlier_lb,bfp8_outlier_lb,controlled_lossy_value_specialized,ok,none,accuracy_pass_runtime_loss,0.0116,0.0103,1.293103,0.827586,,31459,47096,bfp8_outlier,bfp8_outlier,false,0,0,false,0,spmv_max_rel,"PASS, max_abs=1.1848, max_rel=5249023437499999863856693248.0000"
g7jac010sc.mtx,bfp4_lb,bfp4_lb,controlled_lossy_value_specialized,fail:1,accuracy_fail,accuracy_fail,0.0148,0.0138,1.013514,0.648649,,20889,47096,bfp4,bfp4,false,0,0,false,0,spmv_max_rel,"FAIL, max_abs=155.2700, max_rel=249511718749999985857432387584.0000"
g7jac010sc.mtx,hybrid_lb,hybrid_lb,structural_hybrid,ok,none,promoted_fallback,0.0076,0.0060,1.973684,1.263158,,145832,,original,raw_double,false,,,1,0,exact_abs_or_rel,"PASS, max_abs=0.0000, max_rel=0.0000"
g7jac010sc.mtx,cusparse_default,cusparse_csr,external_baseline,ok,none,external_baseline,0.0150,0.0123,1.000000,0.640000,,145832,84440,original,original,false,,,true,0,exact_abs_or_rel,"PASS, max_abs=0.0000, max_rel=0.0000"
g7jac020sc.mtx,original_lb,original_lb,load_balanced_traversal,ok,none,promoted_fallback,0.0092,0.0080,1.554348,1.000000,,340544,124096,original,original,false,0,0,true,0,exact_abs_or_rel,"PASS, max_abs=0.0000, max_rel=0.0000"
g7jac020sc.mtx,auto_lossless_lb,original_lb,load_balanced_traversal,ok,none,promoted_fallback,0.0089,0.0083,1.606742,1.033708,,340544,124096,auto_lossless,original,true,26182,340544,true,0,exact_abs_or_rel,"PASS, max_abs=0.0000, max_rel=0.0000"
g7jac020sc.mtx,fp16_lb,fp16_lb,controlled_lossy_value_specialized,ok,none,accuracy_pass_runtime_win,0.0089,0.0077,1.606742,1.033708,,85136,124096,fp16,fp16,false,0,0,false,0,spmv_max_rel,"PASS, max_abs=4.6591, max_rel=0.4077"
g7jac020sc.mtx,bf16_lb,bf16_lb,controlled_lossy_value_specialized,ok,none,accuracy_pass_runtime_win,0.0087,0.0076,1.643678,1.057471,,85136,124096,bf16,bf16,false,0,0,false,0,spmv_max_rel,"PASS, max_abs=59.3175, max_rel=3.3254"
g7jac020sc.mtx,bfp8_lb,bfp8_lb,controlled_lossy_value_specialized,ok,none,accuracy_pass_runtime_loss,0.0100,0.0091,1.430000,0.920000,,73592,124096,bfp8,bfp8,false,0,0,false,0,spmv_max_rel,"PASS, max_abs=29.7899, max_rel=249984741210937476886061645824.0000"
g7jac020sc.mtx,bfp8_outlier_lb,bfp8_outlier_lb,controlled_lossy_value_specialized,ok,none,accuracy_pass_runtime_loss,0.0122,0.0104,1.172131,0.754098,,76984,124096,bfp8_outlier,bfp8_outlier,false,0,0,false,0,spmv_max_rel,"PASS, max_abs=0.6054, max_rel=15335083007812498857528393728.0000"
g7jac020sc.mtx,bfp4_lb,bfp4_lb,controlled_lossy_value_specialized,ok,none,accuracy_pass_runtime_loss,0.0138,0.0130,1.036232,0.666667,,52308,124096,bfp4,bfp4,false,0,0,false,0,spmv_max_rel,"PASS, max_abs=94.2146, max_rel=249511718749999985857432387584.0000"
g7jac020sc.mtx,hybrid_lb,hybrid_lb,structural_hybrid,ok,none,promoted_fallback,0.0074,0.0063,1.932432,1.243243,,340544,,original,raw_double,false,,,1,0,exact_abs_or_rel,"PASS, max_abs=0.0000, max_rel=0.0000"
g7jac020sc.mtx,cusparse_default,cusparse_csr,external_baseline,ok,none,external_baseline,0.0143,0.0123,1.000000,0.643357,,340544,193676,original,original,false,,,true,0,exact_abs_or_rel,"PASS, max_abs=0.0000, max_rel=0.0000"
gemat11.mtx,original_lb,original_lb,load_balanced_traversal,ok,none,promoted_fallback,0.0090,0.0078,1.677778,1.000000,,264864,82352,original,original,false,0,0,true,0,exact_abs_or_rel,"PASS, max_abs=0.0000, max_rel=0.0000"
gemat11.mtx,auto_lossless_lb,original_lb,load_balanced_traversal,ok,none,promoted_fallback,0.0090,0.0074,1.677778,1.000000,,264864,82352,auto_lossless,original,true,32523,264864,true,0,exact_abs_or_rel,"PASS, max_abs=0.0000, max_rel=0.0000"
gemat11.mtx,fp16_lb,fp16_lb,controlled_lossy_value_specialized,ok,none,accuracy_pass_runtime_loss,0.0107,0.0096,1.411215,0.841121,,66216,82352,fp16,fp16,false,0,0,false,0,spmv_max_rel,"PASS, max_abs=0.0214, max_rel=0.6983"
gemat11.mtx,bf16_lb,bf16_lb,controlled_lossy_value_specialized,ok,none,accuracy_pass_runtime_loss,0.0108,0.0097,1.398148,0.833333,,66216,82352,bf16,bf16,false,0,0,false,0,spmv_max_rel,"PASS, max_abs=0.4029, max_rel=3.2231"
gemat11.mtx,bfp8_lb,bfp8_lb,controlled_lossy_value_specialized,fail:1,accuracy_fail,accuracy_fail,0.0104,0.0088,1.451923,0.865385,,53696,82352,bfp8,bfp8,false,0,0,false,0,spmv_max_rel,"FAIL, max_abs=1.0531, max_rel=14.1879"
gemat11.mtx,bfp8_outlier_lb,bfp8_outlier_lb,controlled_lossy_value_specialized,ok,none,accuracy_pass_runtime_loss,0.0123,0.0106,1.227642,0.731707,,56336,82352,bfp8_outlier,bfp8_outlier,false,0,0,false,0,spmv_max_rel,"PASS, max_abs=0.0677, max_rel=14.1879"
gemat11.mtx,bfp4_lb,bfp4_lb,controlled_lossy_value_specialized,fail:1,accuracy_fail,accuracy_fail,0.0152,0.0140,0.993421,0.592105,,37142,82352,bfp4,bfp4,false,0,0,false,0,spmv_max_rel,"FAIL, max_abs=14.6861, max_rel=176.7126"
gemat11.mtx,hybrid_lb,hybrid_lb,structural_hybrid,ok,none,promoted_fallback,0.0072,0.0053,2.097222,1.250000,,264864,,original,raw_double,false,,,1,0,exact_abs_or_rel,"PASS, max_abs=0.0000, max_rel=0.0000"
gemat11.mtx,cusparse_default,cusparse_csr,external_baseline,ok,none,external_baseline,0.0151,0.0123,1.000000,0.596026,,264864,152152,original,original,false,,,true,0,exact_abs_or_rel,"PASS, max_abs=0.0000, max_rel=0.0000"
geom.mtx,original_lb,original_lb,load_balanced_traversal,ok,none,promoted_fallback,0.0091,0.0078,1.956044,1.000000,,190368,187400,original,original,false,0,0,true,0,exact_abs_or_rel,"PASS, max_abs=0.0000, max_rel=0.0000"
geom.mtx,auto_lossless_lb,original_lb,load_balanced_traversal,ok,none,promoted_fallback,0.0107,0.0091,1.663551,0.850467,,190368,187400,auto_lossless,original,true,42,190368,true,0,exact_abs_or_rel,"PASS, max_abs=0.0000, max_rel=0.0000"
geom.mtx,fp16_lb,fp16_lb,controlled_lossy_value_specialized,ok,none,accuracy_pass_runtime_loss,0.0093,0.0083,1.913978,0.978495,,47592,187400,fp16,fp16,false,0,0,false,0,spmv_max_rel,"PASS, max_abs=0.0000, max_rel=0.0000"
geom.mtx,bf16_lb,bf16_lb,controlled_lossy_value_specialized,ok,none,accuracy_pass_runtime_loss,0.0092,0.0083,1.934783,0.989130,,47592,187400,bf16,bf16,false,0,0,false,0,spmv_max_rel,"PASS, max_abs=0.0000, max_rel=0.0000"
geom.mtx,bfp8_lb,bfp8_lb,controlled_lossy_value_specialized,ok,none,accuracy_pass_runtime_loss,0.0108,0.0097,1.648148,0.842593,,70646,187400,bfp8,bfp8,false,0,0,false,0,spmv_max_rel,"PASS, max_abs=0.1860, max_rel=55488586425781241214207524864.0000"
geom.mtx,bfp8_outlier_lb,bfp8_outlier_lb,controlled_lossy_value_specialized,ok,none,accuracy_pass_runtime_loss,0.0116,0.0105,1.534483,0.784483,,72502,187400,bfp8_outlier,bfp8_outlier,false,0,0,false,0,spmv_max_rel,"PASS, max_abs=0.0845, max_rel=55488586425781241214207524864.0000"
geom.mtx,bfp4_lb,bfp4_lb,controlled_lossy_value_specialized,fail:1,accuracy_fail,accuracy_fail,0.0150,0.0135,1.186667,0.606667,,58748,187400,bfp4,bfp4,false,0,0,false,0,spmv_max_rel,"FAIL, max_abs=1.8059, max_rel=873291015624999862540083134464.0000"
geom.mtx,hybrid_lb,hybrid_lb,structural_hybrid,ok,none,promoted_fallback,0.0086,0.0064,2.069767,1.058140,,190368,,original,raw_double,false,,,1,0,exact_abs_or_rel,"PASS, max_abs=0.0000, max_rel=0.0000"
geom.mtx,cusparse_default,cusparse_csr,external_baseline,ok,none,external_baseline,0.0178,0.0143,1.000000,0.511236,,190368,124560,original,original,false,,,true,0,exact_abs_or_rel,"PASS, max_abs=0.0000, max_rel=0.0000"
gre_216a.mtx,original_lb,original_lb,load_balanced_traversal,ok,none,promoted_fallback,0.0055,0.0046,2.181818,1.000000,,6496,1576,original,original,false,0,0,true,0,exact_abs_or_rel,"PASS, max_abs=0.0000, max_rel=0.0000"
gre_216a.mtx,auto_lossless_lb,dict4_lb,lossless_value_specialized,ok,none,accuracy_pass_runtime_loss,0.0062,0.0054,1.935484,0.887097,,1600,1576,auto_lossless,dict4,true,3,1600,true,3,exact_abs_or_rel,"PASS, max_abs=0.0000, max_rel=0.0000"
gre_216a.mtx,fp16_lb,fp16_lb,controlled_lossy_value_specialized,ok,none,accuracy_pass_runtime_loss,0.0075,0.0051,1.600000,0.733333,,1624,1576,fp16,fp16,false,0,0,false,0,spmv_max_rel,"PASS, max_abs=0.0000, max_rel=0.0000"
gre_216a.mtx,bf16_lb,bf16_lb,controlled_lossy_value_specialized,ok,none,accuracy_pass_runtime_loss,0.0070,0.0057,1.714286,0.785714,,1624,1576,bf16,bf16,false,0,0,false,0,spmv_max_rel,"PASS, max_abs=0.0000, max_rel=0.0000"
gre_216a.mtx,bfp8_lb,bfp8_lb,controlled_lossy_value_specialized,ok,none,accuracy_pass_runtime_loss,0.0072,0.0048,1.666667,0.763889,,1206,1576,bfp8,bfp8,false,0,0,false,0,spmv_max_rel,"PASS, max_abs=0.0037, max_rel=1968383789062499811507306496.0000"
gre_216a.mtx,bfp8_outlier_lb,bfp8_outlier_lb,controlled_lossy_value_specialized,ok,none,accuracy_pass_runtime_loss,0.0083,0.0068,1.445783,0.662651,,1270,1576,bfp8_outlier,bfp8_outlier,false,0,0,false,0,spmv_max_rel,"PASS, max_abs=0.0037, max_rel=1968383789062499811507306496.0000"
gre_216a.mtx,bfp4_lb,bfp4_lb,controlled_lossy_value_specialized,fail:1,accuracy_fail,accuracy_fail,0.0074,0.0057,1.621622,0.743243,,800,1576,bfp4,bfp4,false,0,0,false,0,spmv_max_rel,"FAIL, max_abs=0.0659, max_rel=35644531249999996723048480768.0000"
gre_216a.mtx,hybrid_lb,hybrid_lb,structural_hybrid,ok,none,promoted_fallback,0.0062,0.0048,1.935484,0.887097,,6496,,original,raw_double,false,,,1,0,exact_abs_or_rel,"PASS, max_abs=0.0000, max_rel=0.0000"
gre_216a.mtx,cusparse_default,cusparse_csr,external_baseline,ok,none,external_baseline,0.0120,0.0102,1.000000,0.458333,,6496,4116,original,original,false,,,true,0,exact_abs_or_rel,"PASS, max_abs=0.0000, max_rel=0.0000"
hydr1c_A_03.mtx,original_lb,original_lb,load_balanced_traversal,ok,none,promoted_fallback,0.0073,0.0058,2.109589,1.000000,,183968,55696,original,original,false,0,0,true,0,exact_abs_or_rel,"PASS, max_abs=0.0000, max_rel=0.2987"
hydr1c_A_03.mtx,auto_lossless_lb,original_lb,load_balanced_traversal,ok,none,promoted_fallback,0.0090,0.0073,1.711111,0.811111,,183968,55696,auto_lossless,original,true,12081,183968,true,0,exact_abs_or_rel,"PASS, max_abs=0.0000, max_rel=0.2987"
hydr1c_A_03.mtx,fp16_lb,fp16_lb,controlled_lossy_value_specialized,fail:1,accuracy_fail,accuracy_fail,0.0081,0.0068,1.901235,0.901235,,45992,55696,fp16,fp16,false,0,0,false,0,spmv_max_rel,"FAIL, max_abs=inf, max_rel=inf"
hydr1c_A_03.mtx,bf16_lb,bf16_lb,controlled_lossy_value_specialized,ok,none,accuracy_pass_runtime_loss,0.0079,0.0074,1.949367,0.924051,,45992,55696,bf16,bf16,false,0,0,false,0,spmv_max_rel,"PASS, max_abs=4262.4495, max_rel=1.9023"
hydr1c_A_03.mtx,bfp8_lb,bfp8_lb,controlled_lossy_value_specialized,ok,none,accuracy_pass_runtime_loss,0.0091,0.0080,1.692308,0.802198,,36920,55696,bfp8,bfp8,false,0,0,false,0,spmv_max_rel,"PASS, max_abs=5555.5219, max_rel=999938964843749907544246583296.0000"
hydr1c_A_03.mtx,bfp8_outlier_lb,bfp8_outlier_lb,controlled_lossy_value_specialized,ok,none,accuracy_pass_runtime_loss,0.0091,0.0079,1.692308,0.802198,,38744,55696,bfp8_outlier,bfp8_outlier,false,0,0,false,0,spmv_max_rel,"PASS, max_abs=4481.3657, max_rel=999938964843749907544246583296.0000"
hydr1c_A_03.mtx,bfp4_lb,bfp4_lb,controlled_lossy_value_specialized,fail:1,accuracy_fail,accuracy_fail,0.0088,0.0075,1.750000,0.829545,,25422,55696,bfp4,bfp4,false,0,0,false,0,spmv_max_rel,"FAIL, max_abs=139705.5505, max_rel=998046874999999943429729550336.0000"
hydr1c_A_03.mtx,hybrid_lb,hybrid_lb,structural_hybrid,ok,none,promoted_fallback,0.0069,0.0057,2.231884,1.057971,,183968,,original,raw_double,false,,,1,0,exact_abs_or_rel,"PASS, max_abs=0.0000, max_rel=0.3472"
hydr1c_A_03.mtx,cusparse_default,cusparse_csr,external_baseline,ok,none,external_baseline,0.0154,0.0123,1.000000,0.474026,,183968,113220,original,original,false,,,true,0,exact_abs_or_rel,"PASS, max_abs=0.0000, max_rel=0.2987"
illc1850.mtx,original_lb,original_lb,load_balanced_traversal,ok,none,promoted_fallback,0.0075,0.0066,1.933333,1.000000,,69088,14936,original,original,false,0,0,true,0,exact_abs_or_rel,"PASS, max_abs=0.0000, max_rel=0.0000"
illc1850.mtx,auto_lossless_lb,original_lb,load_balanced_traversal,ok,none,promoted_fallback,0.0073,0.0064,1.986301,1.027397,,69088,14936,auto_lossless,original,true,3719,69088,true,0,exact_abs_or_rel,"PASS, max_abs=0.0000, max_rel=0.0000"
illc1850.mtx,fp16_lb,fp16_lb,controlled_lossy_value_specialized,ok,none,accuracy_pass_runtime_loss,0.0080,0.0068,1.812500,0.937500,,17272,14936,fp16,fp16,false,0,0,false,0,spmv_max_rel,"PASS, max_abs=0.0003, max_rel=0.0238"
illc1850.mtx,bf16_lb,bf16_lb,controlled_lossy_value_specialized,ok,none,accuracy_pass_runtime_loss,0.0085,0.0072,1.705882,0.882353,,17272,14936,bf16,bf16,false,0,0,false,0,spmv_max_rel,"PASS, max_abs=0.0021, max_rel=0.2172"
illc1850.mtx,bfp8_lb,bfp8_lb,controlled_lossy_value_specialized,ok,none,accuracy_pass_runtime_win,0.0074,0.0058,1.959459,1.013514,,12370,14936,bfp8,bfp8,false,0,0,false,0,spmv_max_rel,"PASS, max_abs=0.0054, max_rel=0.2395"
illc1850.mtx,bfp8_outlier_lb,bfp8_outlier_lb,controlled_lossy_value_specialized,ok,none,accuracy_pass_runtime_loss,0.0094,0.0083,1.542553,0.797872,,13058,14936,bfp8_outlier,bfp8_outlier,false,0,0,false,0,spmv_max_rel,"PASS, max_abs=0.0039, max_rel=0.3786"
illc1850.mtx,bfp4_lb,bfp4_lb,controlled_lossy_value_specialized,fail:1,accuracy_fail,accuracy_fail,0.0101,0.0082,1.435644,0.742574,,8052,14936,bfp4,bfp4,false,0,0,false,0,spmv_max_rel,"FAIL, max_abs=0.0761, max_rel=7.1403"
illc1850.mtx,hybrid_lb,hybrid_lb,structural_hybrid,ok,none,promoted_fallback,0.0062,0.0044,2.338710,1.209677,,69088,,original,raw_double,false,,,1,0,exact_abs_or_rel,"PASS, max_abs=0.0000, max_rel=0.0000"
illc1850.mtx,cusparse_default,cusparse_csr,external_baseline,ok,none,external_baseline,0.0145,0.0123,1.000000,0.517241,,69088,41948,original,original,false,,,true,0,exact_abs_or_rel,"PASS, max_abs=0.0000, max_rel=0.0000"
impcol_b.mtx,original_lb,original_lb,load_balanced_traversal,ok,none,promoted_fallback,0.0055,0.0039,2.472727,1.000000,,2168,368,original,original,false,0,0,true,0,exact_abs_or_rel,"PASS, max_abs=0.0000, max_rel=0.0000"
impcol_b.mtx,auto_lossless_lb,original_lb,load_balanced_traversal,ok,none,promoted_fallback,0.0059,0.0046,2.305085,0.932203,,2168,368,auto_lossless,original,true,166,2168,true,0,exact_abs_or_rel,"PASS, max_abs=0.0000, max_rel=0.0000"
impcol_b.mtx,fp16_lb,fp16_lb,controlled_lossy_value_specialized,ok,none,accuracy_pass_runtime_win,0.0051,0.0044,2.666667,1.078431,,542,368,fp16,fp16,false,0,0,false,0,spmv_max_rel,"PASS, max_abs=0.0002, max_rel=0.0007"
impcol_b.mtx,bf16_lb,bf16_lb,controlled_lossy_value_specialized,ok,none,accuracy_pass_runtime_win,0.0051,0.0046,2.666667,1.078431,,542,368,bf16,bf16,false,0,0,false,0,spmv_max_rel,"PASS, max_abs=0.0030, max_rel=0.0101"
impcol_b.mtx,bfp8_lb,bfp8_lb,controlled_lossy_value_specialized,ok,none,accuracy_pass_runtime_win,0.0052,0.0044,2.615385,1.057692,,363,368,bfp8,bfp8,false,0,0,false,0,spmv_max_rel,"PASS, max_abs=0.0076, max_rel=0.1286"
impcol_b.mtx,bfp8_outlier_lb,bfp8_outlier_lb,controlled_lossy_value_specialized,ok,none,accuracy_pass_runtime_loss,0.0058,0.0046,2.344828,0.948276,,363,368,bfp8_outlier,bfp8_outlier,false,0,0,false,0,spmv_max_rel,"PASS, max_abs=0.0076, max_rel=0.1286"
impcol_b.mtx,bfp4_lb,bfp4_lb,controlled_lossy_value_specialized,fail:1,accuracy_fail,accuracy_fail,0.0070,0.0053,1.942857,0.785714,,228,368,bfp4,bfp4,false,0,0,false,0,spmv_max_rel,"FAIL, max_abs=0.1208, max_rel=1.6301"
impcol_b.mtx,hybrid_lb,hybrid_lb,structural_hybrid,ok,none,promoted_fallback,0.0063,0.0033,2.158730,0.873016,,2168,,original,raw_double,false,,,1,0,exact_abs_or_rel,"PASS, max_abs=0.0000, max_rel=0.0000"
impcol_b.mtx,cusparse_default,cusparse_csr,external_baseline,ok,none,external_baseline,0.0136,0.0102,1.000000,0.404412,,2168,1324,original,original,false,,,true,0,exact_abs_or_rel,"PASS, max_abs=0.0000, max_rel=0.0000"
jagmesh3.mtx,original_lb,original_lb,load_balanced_traversal,ok,none,promoted_fallback,0.0075,0.0069,1.880000,1.000000,,58888,11736,original,original,false,0,0,true,0,exact_abs_or_rel,"PASS, max_abs=0.0000, max_rel=0.0000"
jagmesh3.mtx,auto_lossless_lb,all_one_lb,lossless_value_specialized,ok,none,accuracy_pass_runtime_loss,0.0079,0.0075,1.784810,0.949367,,0,11736,auto_lossless,all_one,true,1,0,true,0,exact_abs_or_rel,"PASS, max_abs=0.0000, max_rel=0.0000"
jagmesh3.mtx,fp16_lb,fp16_lb,controlled_lossy_value_specialized,ok,none,accuracy_pass_runtime_win,0.0070,0.0064,2.014286,1.071429,,14722,11736,fp16,fp16,false,0,0,false,0,spmv_max_rel,"PASS, max_abs=0.0000, max_rel=0.0000"
jagmesh3.mtx,bf16_lb,bf16_lb,controlled_lossy_value_specialized,ok,none,accuracy_pass_runtime_loss,0.0075,0.0065,1.880000,1.000000,,14722,11736,bf16,bf16,false,0,0,false,0,spmv_max_rel,"PASS, max_abs=0.0000, max_rel=0.0000"
jagmesh3.mtx,bfp8_lb,bfp8_lb,controlled_lossy_value_specialized,ok,none,accuracy_pass_runtime_loss,0.0091,0.0083,1.549451,0.824176,,10295,11736,bfp8,bfp8,false,0,0,false,0,spmv_max_rel,"PASS, max_abs=0.0003, max_rel=0.0001"
jagmesh3.mtx,bfp8_outlier_lb,bfp8_outlier_lb,controlled_lossy_value_specialized,ok,none,accuracy_pass_runtime_win,0.0072,0.0069,1.958333,1.041667,,10295,11736,bfp8_outlier,bfp8_outlier,false,0,0,false,0,spmv_max_rel,"PASS, max_abs=0.0003, max_rel=0.0001"
jagmesh3.mtx,bfp4_lb,bfp4_lb,controlled_lossy_value_specialized,ok,none,accuracy_pass_runtime_loss,0.0112,0.0091,1.258929,0.669643,,6615,11736,bfp4,bfp4,false,0,0,false,0,spmv_max_rel,"PASS, max_abs=0.0110, max_rel=0.0020"
jagmesh3.mtx,hybrid_lb,hybrid_lb,structural_hybrid,ok,none,promoted_fallback,0.0073,0.0062,1.931507,1.027397,,58888,,original,raw_double,false,,,1,0,exact_abs_or_rel,"PASS, max_abs=0.0000, max_rel=0.0000"
jagmesh3.mtx,cusparse_default,cusparse_csr,external_baseline,ok,none,external_baseline,0.0141,0.0123,1.000000,0.531915,,58888,33804,original,original,false,,,true,0,exact_abs_or_rel,"PASS, max_abs=0.0000, max_rel=0.0000"
jan99jac020sc.mtx,original_lb,original_lb,load_balanced_traversal,ok,none,promoted_fallback,0.0093,0.0088,1.623656,1.000000,,269952,101704,original,original,false,0,0,true,0,exact_abs_or_rel,"PASS, max_abs=0.0000, max_rel=0.0000"
jan99jac020sc.mtx,auto_lossless_lb,original_lb,load_balanced_traversal,ok,none,promoted_fallback,0.0096,0.0085,1.572917,0.968750,,269952,101704,auto_lossless,original,true,4865,269952,true,0,exact_abs_or_rel,"PASS, max_abs=0.0000, max_rel=0.0000"
jan99jac020sc.mtx,fp16_lb,fp16_lb,controlled_lossy_value_specialized,ok,none,accuracy_pass_runtime_loss,0.0104,0.0092,1.451923,0.894231,,67488,101704,fp16,fp16,false,0,0,false,0,spmv_max_rel,"PASS, max_abs=0.0305, max_rel=2.8130"
jan99jac020sc.mtx,bf16_lb,bf16_lb,controlled_lossy_value_specialized,ok,none,accuracy_pass_runtime_loss,0.0093,0.0078,1.623656,1.000000,,67488,101704,bf16,bf16,false,0,0,false,0,spmv_max_rel,"PASS, max_abs=0.2000, max_rel=2.6260"
jan99jac020sc.mtx,bfp8_lb,bfp8_lb,controlled_lossy_value_specialized,ok,none,accuracy_pass_runtime_loss,0.0099,0.0088,1.525253,0.939394,,59170,101704,bfp8,bfp8,false,0,0,false,0,spmv_max_rel,"PASS, max_abs=1.0009, max_rel=19683837890624998664828878848.0000"
jan99jac020sc.mtx,bfp8_outlier_lb,bfp8_outlier_lb,controlled_lossy_value_specialized,ok,none,accuracy_pass_runtime_loss,0.0118,0.0103,1.279661,0.788136,,61666,101704,bfp8_outlier,bfp8_outlier,false,0,0,false,0,spmv_max_rel,"PASS, max_abs=0.1766, max_rel=19683837890624998664828878848.0000"
jan99jac020sc.mtx,bfp4_lb,bfp4_lb,controlled_lossy_value_specialized,fail:1,accuracy_fail,accuracy_fail,0.0142,0.0136,1.063380,0.654930,,42298,101704,bfp4,bfp4,false,0,0,false,0,spmv_max_rel,"FAIL, max_abs=15.9859, max_rel=356445312499999949638298763264.0000"
jan99jac020sc.mtx,hybrid_lb,hybrid_lb,structural_hybrid,ok,none,promoted_fallback,0.0088,0.0065,1.715909,1.056818,,269952,,original,raw_double,false,,,1,0,exact_abs_or_rel,"PASS, max_abs=0.0000, max_rel=0.0000"
jan99jac020sc.mtx,cusparse_default,cusparse_csr,external_baseline,ok,none,external_baseline,0.0151,0.0123,1.000000,0.615894,,269952,162076,original,original,false,,,true,0,exact_abs_or_rel,"PASS, max_abs=0.0000, max_rel=0.0000"
jendrec1.mtx,original_lb,original_lb,load_balanced_traversal,ok,none,promoted_fallback,0.0073,0.0062,1.945205,1.000000,,716864,47680,original,original,false,0,0,true,0,exact_abs_or_rel,"PASS, max_abs=0.0000, max_rel=0.0000"
jendrec1.mtx,auto_lossless_lb,original_lb,load_balanced_traversal,ok,none,promoted_fallback,0.0084,0.0075,1.690476,0.869048,,716864,47680,auto_lossless,original,true,44620,716864,true,0,exact_abs_or_rel,"PASS, max_abs=0.0000, max_rel=0.0000"
jendrec1.mtx,fp16_lb,fp16_lb,controlled_lossy_value_specialized,ok,none,accuracy_pass_runtime_loss,0.0073,0.0063,1.945205,1.000000,,179216,47680,fp16,fp16,false,0,0,false,0,spmv_max_rel,"PASS, max_abs=0.0959, max_rel=0.2559"
jendrec1.mtx,bf16_lb,bf16_lb,controlled_lossy_value_specialized,ok,none,accuracy_pass_runtime_loss,0.0073,0.0057,1.945205,1.000000,,179216,47680,bf16,bf16,false,0,0,false,0,spmv_max_rel,"PASS, max_abs=0.8172, max_rel=1.3627"
jendrec1.mtx,bfp8_lb,bfp8_lb,controlled_lossy_value_specialized,ok,none,accuracy_pass_runtime_loss,0.0103,0.0097,1.378641,0.708738,,101528,47680,bfp8,bfp8,false,0,0,false,0,spmv_max_rel,"PASS, max_abs=2.6654, max_rel=11.2087"
jendrec1.mtx,bfp8_outlier_lb,bfp8_outlier_lb,controlled_lossy_value_specialized,ok,none,accuracy_pass_runtime_loss,0.0110,0.0093,1.290909,0.663636,,108696,47680,bfp8_outlier,bfp8_outlier,false,0,0,false,0,spmv_max_rel,"PASS, max_abs=2.0532, max_rel=11.2506"
jendrec1.mtx,bfp4_lb,bfp4_lb,controlled_lossy_value_specialized,fail:1,accuracy_fail,accuracy_fail,0.0110,0.0097,1.290909,0.663636,,56724,47680,bfp4,bfp4,false,0,0,false,0,spmv_max_rel,"FAIL, max_abs=40.6319, max_rel=138.2841"
jendrec1.mtx,hybrid_lb,hybrid_lb,structural_hybrid,ok,none,promoted_fallback,0.0089,0.0077,1.595506,0.820225,,716864,,original,raw_double,false,,,1,0,exact_abs_or_rel,"PASS, max_abs=0.0000, max_rel=0.0000"
jendrec1.mtx,cusparse_default,cusparse_csr,external_baseline,ok,none,external_baseline,0.0142,0.0102,1.000000,0.514085,,716864,366872,original,original,false,,,true,0,exact_abs_or_rel,"PASS, max_abs=0.0000, max_rel=0.0000"
jgl011.mtx,original_lb,original_lb,load_balanced_traversal,ok,none,promoted_fallback,0.0053,0.0045,2.169811,1.000000,,608,48,original,original,false,0,0,true,0,exact_abs_or_rel,"PASS, max_abs=0.0000, max_rel=0.0000"
jgl011.mtx,auto_lossless_lb,all_one_lb,lossless_value_specialized,ok,none,accuracy_pass_runtime_loss,0.0074,0.0068,1.554054,0.716216,,0,48,auto_lossless,all_one,true,1,0,true,0,exact_abs_or_rel,"PASS, max_abs=0.0000, max_rel=0.0000"
jgl011.mtx,fp16_lb,fp16_lb,controlled_lossy_value_specialized,ok,none,accuracy_pass_runtime_loss,0.0055,0.0045,2.090909,0.963636,,152,48,fp16,fp16,false,0,0,false,0,spmv_max_rel,"PASS, max_abs=0.0000, max_rel=0.0000"
jgl011.mtx,bf16_lb,bf16_lb,controlled_lossy_value_specialized,ok,none,accuracy_pass_runtime_win,0.0052,0.0044,2.211538,1.019231,,152,48,bf16,bf16,false,0,0,false,0,spmv_max_rel,"PASS, max_abs=0.0000, max_rel=0.0000"
jgl011.mtx,bfp8_lb,bfp8_lb,controlled_lossy_value_specialized,ok,none,accuracy_pass_runtime_loss,0.0058,0.0050,1.982759,0.913793,,88,48,bfp8,bfp8,false,0,0,false,0,spmv_max_rel,"PASS, max_abs=0.0003, max_rel=0.0001"
jgl011.mtx,bfp8_outlier_lb,bfp8_outlier_lb,controlled_lossy_value_specialized,ok,none,accuracy_pass_runtime_loss,0.0058,0.0050,1.982759,0.913793,,88,48,bfp8_outlier,bfp8_outlier,false,0,0,false,0,spmv_max_rel,"PASS, max_abs=0.0003, max_rel=0.0001"
jgl011.mtx,bfp4_lb,bfp4_lb,controlled_lossy_value_specialized,ok,none,accuracy_pass_runtime_loss,0.0056,0.0047,2.053571,0.946429,,50,48,bfp4,bfp4,false,0,0,false,0,spmv_max_rel,"PASS, max_abs=0.0081, max_rel=0.0020"
jgl011.mtx,hybrid_lb,hybrid_lb,structural_hybrid,ok,none,promoted_fallback,0.0061,0.0044,1.885246,0.868852,,608,,original,raw_double,false,,,1,0,exact_abs_or_rel,"PASS, max_abs=0.0000, max_rel=0.0000"
jgl011.mtx,cusparse_default,cusparse_csr,external_baseline,ok,none,external_baseline,0.0115,0.0082,1.000000,0.460870,,608,352,original,original,false,,,true,0,exact_abs_or_rel,"PASS, max_abs=0.0000, max_rel=0.0000"
kineticBatchReactor_4.mtx,original_lb,original_lb,load_balanced_traversal,ok,none,promoted_fallback,0.0098,0.0092,1.469388,1.000000,,598952,151336,original,original,false,0,0,true,0,exact_abs_or_rel,"PASS, max_abs=0.0061, max_rel=0.0000"
kineticBatchReactor_4.mtx,auto_lossless_lb,original_lb,load_balanced_traversal,ok,none,promoted_fallback,0.0116,0.0105,1.241379,0.844828,,598952,151336,auto_lossless,original,true,30101,598952,true,0,exact_abs_or_rel,"PASS, max_abs=0.0061, max_rel=0.0000"
kineticBatchReactor_4.mtx,fp16_lb,fp16_lb,controlled_lossy_value_specialized,fail:1,accuracy_fail,accuracy_fail,0.0095,0.0087,1.515789,1.031579,,149738,151336,fp16,fp16,false,0,0,false,0,spmv_max_rel,"FAIL, max_abs=inf, max_rel=inf"
kineticBatchReactor_4.mtx,bf16_lb,bf16_lb,controlled_lossy_value_specialized,ok,none,accuracy_pass_runtime_win,0.0097,0.0089,1.484536,1.010309,,149738,151336,bf16,bf16,false,0,0,false,0,spmv_max_rel,"PASS, max_abs=8613331393.4463, max_rel=4.0559"
kineticBatchReactor_4.mtx,bfp8_lb,bfp8_lb,controlled_lossy_value_specialized,ok,none,accuracy_pass_runtime_win,0.0096,0.0084,1.500000,1.020833,,112703,151336,bfp8,bfp8,false,0,0,false,0,spmv_max_rel,"PASS, max_abs=14787346881.4463, max_rel=28.6998"
kineticBatchReactor_4.mtx,bfp8_outlier_lb,bfp8_outlier_lb,controlled_lossy_value_specialized,ok,none,accuracy_pass_runtime_loss,0.0117,0.0104,1.230769,0.837607,,118687,151336,bfp8_outlier,bfp8_outlier,false,0,0,false,0,spmv_max_rel,"PASS, max_abs=196221.4883, max_rel=28.6998"
kineticBatchReactor_4.mtx,bfp4_lb,bfp4_lb,controlled_lossy_value_specialized,fail:1,accuracy_fail,accuracy_fail,0.0155,0.0142,0.929032,0.632258,,75269,151336,bfp4,bfp4,false,0,0,false,0,spmv_max_rel,"FAIL, max_abs=275773400651.7747, max_rel=397.8435"
kineticBatchReactor_4.mtx,hybrid_lb,hybrid_lb,structural_hybrid,ok,none,promoted_fallback,0.0106,0.0093,1.358491,0.924528,,598952,,original,raw_double,false,,,1,0,exact_abs_or_rel,"PASS, max_abs=0.0063, max_rel=0.0000"
kineticBatchReactor_4.mtx,cusparse_default,cusparse_csr,external_baseline,ok,none,external_baseline,0.0144,0.0123,1.000000,0.680556,,598952,327900,original,original,false,,,true,0,exact_abs_or_rel,"PASS, max_abs=0.0061, max_rel=0.0000"
linverse.mtx,original_lb,original_lb,load_balanced_traversal,ok,none,promoted_fallback,0.0052,0.0049,2.788462,1.000000,,767816,47984,original,original,false,0,0,true,0,exact_abs_or_rel,"PASS, max_abs=0.0000, max_rel=0.0000"
linverse.mtx,auto_lossless_lb,original_lb,load_balanced_traversal,ok,none,promoted_fallback,0.0057,0.0048,2.543860,0.912281,,767816,47984,auto_lossless,original,true,53988,767816,true,0,exact_abs_or_rel,"PASS, max_abs=0.0000, max_rel=0.0000"
linverse.mtx,fp16_lb,fp16_lb,controlled_lossy_value_specialized,ok,none,accuracy_pass_runtime_loss,0.0064,0.0048,2.265625,0.812500,,191954,47984,fp16,fp16,false,0,0,false,0,spmv_max_rel,"PASS, max_abs=0.0057, max_rel=0.9584"
linverse.mtx,bf16_lb,bf16_lb,controlled_lossy_value_specialized,ok,none,accuracy_pass_runtime_loss,0.0060,0.0057,2.416667,0.866667,,191954,47984,bf16,bf16,false,0,0,false,0,spmv_max_rel,"PASS, max_abs=0.0514, max_rel=20.6470"
linverse.mtx,bfp8_lb,bfp8_lb,controlled_lossy_value_specialized,ok,none,accuracy_pass_runtime_loss,0.0059,0.0049,2.457627,0.881356,,107973,47984,bfp8,bfp8,false,0,0,false,0,spmv_max_rel,"PASS, max_abs=0.1360, max_rel=253.7741"
linverse.mtx,bfp8_outlier_lb,bfp8_outlier_lb,controlled_lossy_value_specialized,ok,none,accuracy_pass_runtime_loss,0.0077,0.0065,1.883117,0.675325,,115637,47984,bfp8_outlier,bfp8_outlier,false,0,0,false,0,spmv_max_rel,"PASS, max_abs=0.1106, max_rel=147.8688"
linverse.mtx,bfp4_lb,bfp4_lb,controlled_lossy_value_specialized,fail:1,accuracy_fail,accuracy_fail,0.0060,0.0049,2.416667,0.866667,,59985,47984,bfp4,bfp4,false,0,0,false,0,spmv_max_rel,"FAIL, max_abs=1.9648, max_rel=1645.5288"
linverse.mtx,hybrid_lb,hybrid_lb,structural_hybrid,ok,none,promoted_fallback,0.0102,0.0087,1.421569,0.509804,,767816,,original,raw_double,false,,,1,0,exact_abs_or_rel,"PASS, max_abs=0.0000, max_rel=0.0000"
linverse.mtx,cusparse_default,cusparse_csr,external_baseline,ok,none,external_baseline,0.0145,0.0123,1.000000,0.358621,,767816,431908,original,original,false,,,true,0,exact_abs_or_rel,"PASS, max_abs=0.0000, max_rel=0.0000"
lowThrust_1.mtx,original_lb,original_lb,load_balanced_traversal,ok,none,promoted_fallback,0.0086,0.0078,1.616279,1.000000,,49064,11680,original,original,false,0,0,true,0,exact_abs_or_rel,"PASS, max_abs=0.0000, max_rel=0.0000"
lowThrust_1.mtx,auto_lossless_lb,original_lb,load_balanced_traversal,ok,none,promoted_fallback,0.0094,0.0087,1.478723,0.914894,,49064,11680,auto_lossless,original,true,972,49064,true,0,exact_abs_or_rel,"PASS, max_abs=0.0000, max_rel=0.0000"
lowThrust_1.mtx,fp16_lb,fp16_lb,controlled_lossy_value_specialized,ok,none,accuracy_pass_runtime_loss,0.0117,0.0102,1.188034,0.735043,,12266,11680,fp16,fp16,false,0,0,false,0,spmv_max_rel,"PASS, max_abs=0.0205, max_rel=0.0588"
lowThrust_1.mtx,bf16_lb,bf16_lb,controlled_lossy_value_specialized,ok,none,accuracy_pass_runtime_loss,0.0101,0.0094,1.376238,0.851485,,12266,11680,bf16,bf16,false,0,0,false,0,spmv_max_rel,"PASS, max_abs=0.1498, max_rel=0.3748"
lowThrust_1.mtx,bfp8_lb,bfp8_lb,controlled_lossy_value_specialized,ok,none,accuracy_pass_runtime_loss,0.0089,0.0075,1.561798,0.966292,,9053,11680,bfp8,bfp8,false,0,0,false,0,spmv_max_rel,"PASS, max_abs=0.3758, max_rel=2.9270"
lowThrust_1.mtx,bfp8_outlier_lb,bfp8_outlier_lb,controlled_lossy_value_specialized,ok,none,accuracy_pass_runtime_loss,0.0112,0.0103,1.241071,0.767857,,9373,11680,bfp8_outlier,bfp8_outlier,false,0,0,false,0,spmv_max_rel,"PASS, max_abs=0.0801, max_rel=2.9270"
lowThrust_1.mtx,bfp4_lb,bfp4_lb,controlled_lossy_value_specialized,fail:1,accuracy_fail,accuracy_fail,0.0138,0.0135,1.007246,0.623188,,5987,11680,bfp4,bfp4,false,0,0,false,0,spmv_max_rel,"FAIL, max_abs=2.9081, max_rel=11.9919"
lowThrust_1.mtx,hybrid_lb,hybrid_lb,structural_hybrid,ok,none,promoted_fallback,0.0116,0.0097,1.198276,0.741379,,49064,,original,raw_double,false,,,1,0,exact_abs_or_rel,"PASS, max_abs=0.0000, max_rel=0.0000"
lowThrust_1.mtx,cusparse_default,cusparse_csr,external_baseline,ok,none,external_baseline,0.0139,0.0102,1.000000,0.618705,,49064,26872,original,original,false,,,true,0,exact_abs_or_rel,"PASS, max_abs=0.0000, max_rel=0.0000"
lp_cre_d.mtx,original_lb,original_lb,load_balanced_traversal,ok,none,promoted_fallback,0.0111,0.0090,1.333333,1.000000,,1972912,649920,original,original,false,0,0,true,0,exact_abs_or_rel,"PASS, max_abs=0.0000, max_rel=0.0000"
lp_cre_d.mtx,auto_lossless_lb,original_lb,load_balanced_traversal,ok,none,promoted_fallback,0.0150,0.0134,0.986667,0.740000,,1972912,649920,auto_lossless,original,true,199,1972912,true,0,exact_abs_or_rel,"PASS, max_abs=0.0000, max_rel=0.0000"
lp_cre_d.mtx,fp16_lb,fp16_lb,controlled_lossy_value_specialized,ok,none,accuracy_pass_runtime_loss,0.0112,0.0098,1.321429,0.991071,,493228,649920,fp16,fp16,false,0,0,false,0,spmv_max_rel,"PASS, max_abs=0.0279, max_rel=0.0017"
lp_cre_d.mtx,bf16_lb,bf16_lb,controlled_lossy_value_specialized,ok,none,accuracy_pass_runtime_win,0.0110,0.0094,1.345455,1.009091,,493228,649920,bf16,bf16,false,0,0,false,0,spmv_max_rel,"PASS, max_abs=0.2566, max_rel=0.0239"
lp_cre_d.mtx,bfp8_lb,bfp8_lb,controlled_lossy_value_specialized,ok,none,accuracy_pass_runtime_loss,0.0117,0.0100,1.264957,0.948718,,409094,649920,bfp8,bfp8,false,0,0,false,0,spmv_max_rel,"PASS, max_abs=0.2736, max_rel=7888793945312499843333095424.0000"
lp_cre_d.mtx,bfp8_outlier_lb,bfp8_outlier_lb,controlled_lossy_value_specialized,ok,none,accuracy_pass_runtime_loss,0.0130,0.0114,1.138462,0.853846,,428502,649920,bfp8_outlier,bfp8_outlier,false,0,0,false,0,spmv_max_rel,"PASS, max_abs=0.2948, max_rel=7888793945312499843333095424.0000"
lp_cre_d.mtx,bfp4_lb,bfp4_lb,controlled_lossy_value_specialized,fail:1,accuracy_fail,accuracy_fail,0.0150,0.0140,0.986667,0.740000,,285787,649920,bfp4,bfp4,false,0,0,false,0,spmv_max_rel,"FAIL, max_abs=4.7542, max_rel=175292968750000000874294804480.0000"
lp_cre_d.mtx,hybrid_lb,hybrid_lb,structural_hybrid,ok,none,promoted_fallback,0.0128,0.0105,1.156250,0.867188,,1972912,,original,raw_double,false,,,1,0,exact_abs_or_rel,"PASS, max_abs=0.0000, max_rel=0.0000"
lp_cre_d.mtx,cusparse_default,cusparse_csr,external_baseline,ok,none,external_baseline,0.0148,0.0123,1.000000,0.750000,,1972912,1022164,original,original,false,,,true,0,exact_abs_or_rel,"PASS, max_abs=0.0000, max_rel=0.0000"
lp_gfrd_pnc.mtx,original_lb,original_lb,load_balanced_traversal,ok,none,promoted_fallback,0.0065,0.0053,1.953846,1.000000,,19560,5304,original,original,false,0,0,true,0,exact_abs_or_rel,"PASS, max_abs=0.0000, max_rel=0.0000"
lp_gfrd_pnc.mtx,auto_lossless_lb,original_lb,load_balanced_traversal,ok,none,promoted_fallback,0.0070,0.0053,1.814286,0.928571,,19560,5304,auto_lossless,original,true,18,19560,true,0,exact_abs_or_rel,"PASS, max_abs=0.0000, max_rel=0.0000"
lp_gfrd_pnc.mtx,fp16_lb,fp16_lb,controlled_lossy_value_specialized,ok,none,accuracy_pass_runtime_loss,0.0079,0.0066,1.607595,0.822785,,4890,5304,fp16,fp16,false,0,0,false,0,spmv_max_rel,"PASS, max_abs=0.6750, max_rel=0.0016"
lp_gfrd_pnc.mtx,bf16_lb,bf16_lb,controlled_lossy_value_specialized,ok,none,accuracy_pass_runtime_loss,0.0071,0.0063,1.788732,0.915493,,4890,5304,bf16,bf16,false,0,0,false,0,spmv_max_rel,"PASS, max_abs=2.0812, max_rel=0.0044"
lp_gfrd_pnc.mtx,bfp8_lb,bfp8_lb,controlled_lossy_value_specialized,ok,none,accuracy_pass_runtime_loss,0.0073,0.0057,1.739726,0.890411,,3771,5304,bfp8,bfp8,false,0,0,false,0,spmv_max_rel,"PASS, max_abs=10.5363, max_rel=3.9998"
lp_gfrd_pnc.mtx,bfp8_outlier_lb,bfp8_outlier_lb,controlled_lossy_value_specialized,ok,none,accuracy_pass_runtime_loss,0.0066,0.0060,1.924242,0.984848,,3771,5304,bfp8_outlier,bfp8_outlier,false,0,0,false,0,spmv_max_rel,"PASS, max_abs=10.5363, max_rel=3.9998"
lp_gfrd_pnc.mtx,bfp4_lb,bfp4_lb,controlled_lossy_value_specialized,fail:1,accuracy_fail,accuracy_fail,0.0080,0.0067,1.587500,0.812500,,2549,5304,bfp4,bfp4,false,0,0,false,0,spmv_max_rel,"FAIL, max_abs=126.6159, max_rel=3.9941"
lp_gfrd_pnc.mtx,hybrid_lb,hybrid_lb,structural_hybrid,ok,none,promoted_fallback,0.0061,0.0049,2.081967,1.065574,,19560,,original,raw_double,false,,,1,0,exact_abs_or_rel,"PASS, max_abs=0.0000, max_rel=0.0000"
lp_gfrd_pnc.mtx,cusparse_default,cusparse_csr,external_baseline,ok,none,external_baseline,0.0127,0.0102,1.000000,0.511811,,19560,12248,original,original,false,,,true,0,exact_abs_or_rel,"PASS, max_abs=0.0000, max_rel=0.0000"
lp_grow7.mtx,original_lb,original_lb,load_balanced_traversal,ok,none,promoted_fallback,0.0122,0.0111,1.213115,1.000000,,20896,1680,original,original,false,0,0,true,0,exact_abs_or_rel,"PASS, max_abs=0.0000, max_rel=0.0000"
lp_grow7.mtx,auto_lossless_lb,dict65536_u16_lb,lossless_value_specialized,ok,none,accuracy_pass_runtime_win,0.0086,0.0083,1.720930,1.418605,,16024,1680,auto_lossless,dict65536_u16,true,323,16024,true,323,exact_abs_or_rel,"PASS, max_abs=0.0000, max_rel=0.0000"
lp_grow7.mtx,fp16_lb,fp16_lb,controlled_lossy_value_specialized,ok,none,accuracy_pass_runtime_win,0.0076,0.0069,1.947368,1.605263,,5224,1680,fp16,fp16,false,0,0,false,0,spmv_max_rel,"PASS, max_abs=0.0002, max_rel=0.0671"
lp_grow7.mtx,bf16_lb,bf16_lb,controlled_lossy_value_specialized,ok,none,accuracy_pass_runtime_win,0.0076,0.0070,1.947368,1.605263,,5224,1680,bf16,bf16,false,0,0,false,0,spmv_max_rel,"PASS, max_abs=0.0017, max_rel=0.5301"
lp_grow7.mtx,bfp8_lb,bfp8_lb,controlled_lossy_value_specialized,ok,none,accuracy_pass_runtime_win,0.0071,0.0067,2.084507,1.718310,,3032,1680,bfp8,bfp8,false,0,0,false,0,spmv_max_rel,"PASS, max_abs=0.0103, max_rel=0.8780"
lp_grow7.mtx,bfp8_outlier_lb,bfp8_outlier_lb,controlled_lossy_value_specialized,ok,none,accuracy_pass_runtime_win,0.0070,0.0062,2.114286,1.742857,,3032,1680,bfp8_outlier,bfp8_outlier,false,0,0,false,0,spmv_max_rel,"PASS, max_abs=0.0103, max_rel=0.8780"
lp_grow7.mtx,bfp4_lb,bfp4_lb,controlled_lossy_value_specialized,fail:1,accuracy_fail,accuracy_fail,0.0093,0.0077,1.591398,1.311828,,1726,1680,bfp4,bfp4,false,0,0,false,0,spmv_max_rel,"FAIL, max_abs=0.1597, max_rel=1.0000"
lp_grow7.mtx,hybrid_lb,hybrid_lb,structural_hybrid,ok,none,promoted_fallback,0.0076,0.0062,1.947368,1.605263,,20896,,original,raw_double,false,,,1,0,exact_abs_or_rel,"PASS, max_abs=0.0000, max_rel=0.0000"
lp_grow7.mtx,cusparse_default,cusparse_csr,external_baseline,ok,none,external_baseline,0.0148,0.0102,1.000000,0.824324,,20896,11012,original,original,false,,,true,0,exact_abs_or_rel,"PASS, max_abs=0.0000, max_rel=0.0000"
lp_pilot_we.mtx,original_lb,original_lb,load_balanced_traversal,ok,none,promoted_fallback,0.0089,0.0076,1.584270,1.000000,,74120,17584,original,original,false,0,0,true,0,exact_abs_or_rel,"PASS, max_abs=0.0000, max_rel=0.0000"
lp_pilot_we.mtx,auto_lossless_lb,original_lb,load_balanced_traversal,ok,none,promoted_fallback,0.0102,0.0093,1.382353,0.872549,,74120,17584,auto_lossless,original,true,2010,74120,true,0,exact_abs_or_rel,"PASS, max_abs=0.0000, max_rel=0.0000"
lp_pilot_we.mtx,fp16_lb,fp16_lb,controlled_lossy_value_specialized,ok,none,accuracy_pass_runtime_loss,0.0089,0.0072,1.584270,1.000000,,18530,17584,fp16,fp16,false,0,0,false,0,spmv_max_rel,"PASS, max_abs=12.3128, max_rel=0.0284"
lp_pilot_we.mtx,bf16_lb,bf16_lb,controlled_lossy_value_specialized,ok,none,accuracy_pass_runtime_win,0.0088,0.0074,1.602273,1.011364,,18530,17584,bf16,bf16,false,0,0,false,0,spmv_max_rel,"PASS, max_abs=60.3362, max_rel=0.2643"
lp_pilot_we.mtx,bfp8_lb,bfp8_lb,controlled_lossy_value_specialized,ok,none,accuracy_pass_runtime_loss,0.0092,0.0087,1.532609,0.967391,,13661,17584,bfp8,bfp8,false,0,0,false,0,spmv_max_rel,"PASS, max_abs=248.2614, max_rel=6.0079"
lp_pilot_we.mtx,bfp8_outlier_lb,bfp8_outlier_lb,controlled_lossy_value_specialized,ok,none,accuracy_pass_runtime_loss,0.0117,0.0104,1.205128,0.760684,,14397,17584,bfp8_outlier,bfp8_outlier,false,0,0,false,0,spmv_max_rel,"PASS, max_abs=19.5272, max_rel=6.0079"
lp_pilot_we.mtx,bfp4_lb,bfp4_lb,controlled_lossy_value_specialized,fail:1,accuracy_fail,accuracy_fail,0.0139,0.0125,1.014388,0.640288,,9029,17584,bfp4,bfp4,false,0,0,false,0,spmv_max_rel,"FAIL, max_abs=3525.8513, max_rel=35.0840"
lp_pilot_we.mtx,hybrid_lb,hybrid_lb,structural_hybrid,ok,none,promoted_fallback,0.0117,0.0101,1.205128,0.760684,,74120,,original,raw_double,false,,,1,0,exact_abs_or_rel,"PASS, max_abs=0.0000, max_rel=0.0000"
lp_pilot_we.mtx,cusparse_default,cusparse_csr,external_baseline,ok,none,external_baseline,0.0141,0.0102,1.000000,0.631206,,74120,39952,original,original,false,,,true,0,exact_abs_or_rel,"PASS, max_abs=0.0000, max_rel=0.0000"
lp_sc50a.mtx,original_lb,original_lb,load_balanced_traversal,ok,none,promoted_fallback,0.0061,0.0048,1.950820,1.000000,,1280,320,original,original,false,0,0,true,0,exact_abs_or_rel,"PASS, max_abs=0.0000, max_rel=0.0000"
lp_sc50a.mtx,auto_lossless_lb,dict16_lb,lossless_value_specialized,ok,none,accuracy_pass_runtime_loss,0.0064,0.0053,1.859375,0.953125,,704,320,auto_lossless,dict16,true,8,704,true,8,exact_abs_or_rel,"PASS, max_abs=0.0000, max_rel=0.0000"
lp_sc50a.mtx,fp16_lb,fp16_lb,controlled_lossy_value_specialized,ok,none,accuracy_pass_runtime_loss,0.0065,0.0047,1.830769,0.938462,,320,320,fp16,fp16,false,0,0,false,0,spmv_max_rel,"PASS, max_abs=0.0004, max_rel=0.0005"
lp_sc50a.mtx,bf16_lb,bf16_lb,controlled_lossy_value_specialized,ok,none,accuracy_pass_runtime_loss,0.0071,0.0050,1.676056,0.859155,,320,320,bf16,bf16,false,0,0,false,0,spmv_max_rel,"PASS, max_abs=0.0016, max_rel=0.0018"
lp_sc50a.mtx,bfp8_lb,bfp8_lb,controlled_lossy_value_specialized,ok,none,accuracy_pass_runtime_win,0.0048,0.0042,2.479167,1.270833,,240,320,bfp8,bfp8,false,0,0,false,0,spmv_max_rel,"PASS, max_abs=0.0107, max_rel=3936767578124999623014612992.0000"
lp_sc50a.mtx,bfp8_outlier_lb,bfp8_outlier_lb,controlled_lossy_value_specialized,ok,none,accuracy_pass_runtime_win,0.0051,0.0044,2.333333,1.196078,,240,320,bfp8_outlier,bfp8_outlier,false,0,0,false,0,spmv_max_rel,"PASS, max_abs=0.0107, max_rel=3936767578124999623014612992.0000"
lp_sc50a.mtx,bfp4_lb,bfp4_lb,controlled_lossy_value_specialized,fail:1,accuracy_fail,accuracy_fail,0.0070,0.0052,1.700000,0.871429,,160,320,bfp4,bfp4,false,0,0,false,0,spmv_max_rel,"FAIL, max_abs=0.1486, max_rel=71289062499999993446096961536.0000"
lp_sc50a.mtx,hybrid_lb,hybrid_lb,structural_hybrid,ok,none,promoted_fallback,0.0061,0.0054,1.950820,1.000000,,1280,,original,raw_double,false,,,1,0,exact_abs_or_rel,"PASS, max_abs=0.0000, max_rel=0.0000"
lp_sc50a.mtx,cusparse_default,cusparse_csr,external_baseline,ok,none,external_baseline,0.0119,0.0082,1.000000,0.512605,,1280,844,original,original,false,,,true,0,exact_abs_or_rel,"PASS, max_abs=0.0000, max_rel=0.0000"
lp_standata.mtx,original_lb,original_lb,load_balanced_traversal,ok,none,promoted_fallback,0.0089,0.0075,1.426966,1.000000,,25840,14616,original,original,false,0,0,true,0,exact_abs_or_rel,"PASS, max_abs=0.0000, max_rel=0.0000"
lp_standata.mtx,auto_lossless_lb,original_lb,load_balanced_traversal,ok,none,promoted_fallback,0.0099,0.0078,1.282828,0.898990,,25840,14616,auto_lossless,original,true,74,25840,true,0,exact_abs_or_rel,"PASS, max_abs=0.0000, max_rel=0.0000"
lp_standata.mtx,fp16_lb,fp16_lb,controlled_lossy_value_specialized,ok,none,accuracy_pass_runtime_loss,0.0101,0.0085,1.257426,0.881188,,6460,14616,fp16,fp16,false,0,0,false,0,spmv_max_rel,"PASS, max_abs=0.0108, max_rel=0.0002"
lp_standata.mtx,bf16_lb,bf16_lb,controlled_lossy_value_specialized,ok,none,accuracy_pass_runtime_loss,0.0103,0.0081,1.233010,0.864078,,6460,14616,bf16,bf16,false,0,0,false,0,spmv_max_rel,"PASS, max_abs=0.2937, max_rel=0.0031"
lp_standata.mtx,bfp8_lb,bfp8_lb,controlled_lossy_value_specialized,ok,none,accuracy_pass_runtime_loss,0.0093,0.0083,1.365591,0.956989,,6884,14616,bfp8,bfp8,false,0,0,false,0,spmv_max_rel,"PASS, max_abs=1.6614, max_rel=0.1323"
lp_standata.mtx,bfp8_outlier_lb,bfp8_outlier_lb,controlled_lossy_value_specialized,ok,none,accuracy_pass_runtime_loss,0.0120,0.0106,1.058333,0.741667,,7076,14616,bfp8_outlier,bfp8_outlier,false,0,0,false,0,spmv_max_rel,"PASS, max_abs=0.6453, max_rel=0.1323"
lp_standata.mtx,bfp4_lb,bfp4_lb,controlled_lossy_value_specialized,fail:1,accuracy_fail,accuracy_fail,0.0138,0.0132,0.920290,0.644928,,5269,14616,bfp4,bfp4,false,0,0,false,0,spmv_max_rel,"FAIL, max_abs=36.8431, max_rel=2.5918"
lp_standata.mtx,hybrid_lb,hybrid_lb,structural_hybrid,ok,none,promoted_fallback,0.0092,0.0077,1.380435,0.967391,,25840,,original,raw_double,false,,,1,0,exact_abs_or_rel,"PASS, max_abs=0.0000, max_rel=0.0000"
lp_standata.mtx,cusparse_default,cusparse_csr,external_baseline,ok,none,external_baseline,0.0127,0.0102,1.000000,0.700787,,25840,14360,original,original,false,,,true,0,exact_abs_or_rel,"PASS, max_abs=0.0000, max_rel=0.0000"
lpi_ceria3d.mtx,original_lb,original_lb,load_balanced_traversal,ok,none,promoted_fallback,0.0088,0.0068,1.727273,1.000000,,169424,42392,original,original,false,0,0,true,0,exact_abs_or_rel,"PASS, max_abs=0.0000, max_rel=0.0000"
lpi_ceria3d.mtx,auto_lossless_lb,sign2_lb,lossless_value_specialized,ok,none,accuracy_pass_runtime_loss,0.0100,0.0092,1.520000,0.880000,,21196,42392,auto_lossless,sign2,true,2,21196,true,0,exact_abs_or_rel,"PASS, max_abs=0.0000, max_rel=0.0000"
lpi_ceria3d.mtx,fp16_lb,fp16_lb,controlled_lossy_value_specialized,ok,none,accuracy_pass_runtime_loss,0.0090,0.0075,1.688889,0.977778,,42356,42392,fp16,fp16,false,0,0,false,0,spmv_max_rel,"PASS, max_abs=0.0000, max_rel=0.0000"
lpi_ceria3d.mtx,bf16_lb,bf16_lb,controlled_lossy_value_specialized,ok,none,accuracy_pass_runtime_loss,0.0093,0.0075,1.634409,0.946237,,42356,42392,bf16,bf16,false,0,0,false,0,spmv_max_rel,"PASS, max_abs=0.0000, max_rel=0.0000"
lpi_ceria3d.mtx,bfp8_lb,bfp8_lb,controlled_lossy_value_specialized,ok,none,accuracy_pass_runtime_loss,0.0095,0.0084,1.600000,0.926316,,31776,42392,bfp8,bfp8,false,0,0,false,0,spmv_max_rel,"PASS, max_abs=0.0009, max_rel=0.0001"
lpi_ceria3d.mtx,bfp8_outlier_lb,bfp8_outlier_lb,controlled_lossy_value_specialized,ok,none,accuracy_pass_runtime_loss,0.0093,0.0084,1.634409,0.946237,,31776,42392,bfp8_outlier,bfp8_outlier,false,0,0,false,0,spmv_max_rel,"PASS, max_abs=0.0009, max_rel=0.0001"
lpi_ceria3d.mtx,bfp4_lb,bfp4_lb,controlled_lossy_value_specialized,ok,none,accuracy_pass_runtime_loss,0.0139,0.0131,1.093525,0.633094,,21187,42392,bfp4,bfp4,false,0,0,false,0,spmv_max_rel,"PASS, max_abs=0.0303, max_rel=0.0020"
lpi_ceria3d.mtx,hybrid_lb,hybrid_lb,structural_hybrid,ok,none,promoted_fallback,0.0127,0.0117,1.196850,0.692913,,169424,,original,raw_double,false,,,1,0,exact_abs_or_rel,"PASS, max_abs=0.0000, max_rel=0.0000"
lpi_ceria3d.mtx,cusparse_default,cusparse_csr,external_baseline,ok,none,external_baseline,0.0152,0.0123,1.000000,0.578947,,169424,99020,original,original,false,,,true,0,exact_abs_or_rel,"PASS, max_abs=0.0000, max_rel=0.0000"
lpi_cplex2.mtx,original_lb,original_lb,load_balanced_traversal,ok,none,promoted_fallback,0.0089,0.0072,1.348315,1.000000,,9720,3120,original,original,false,0,0,true,0,exact_abs_or_rel,"PASS, max_abs=0.0000, max_rel=0.0000"
lpi_cplex2.mtx,auto_lossless_lb,dict16_lb,lossless_value_specialized,ok,none,accuracy_pass_runtime_loss,0.0117,0.0101,1.025641,0.760684,,6288,3120,auto_lossless,dict16,true,6,6288,true,6,exact_abs_or_rel,"PASS, max_abs=0.0000, max_rel=0.0000"
lpi_cplex2.mtx,fp16_lb,fp16_lb,controlled_lossy_value_specialized,ok,none,accuracy_pass_runtime_win,0.0088,0.0075,1.363636,1.011364,,2430,3120,fp16,fp16,false,0,0,false,0,spmv_max_rel,"PASS, max_abs=0.0002, max_rel=0.0013"
lpi_cplex2.mtx,bf16_lb,bf16_lb,controlled_lossy_value_specialized,ok,none,accuracy_pass_runtime_loss,0.0093,0.0084,1.290323,0.956989,,2430,3120,bf16,bf16,false,0,0,false,0,spmv_max_rel,"PASS, max_abs=0.0011, max_rel=0.0012"
lpi_cplex2.mtx,bfp8_lb,bfp8_lb,controlled_lossy_value_specialized,ok,none,accuracy_pass_runtime_loss,0.0091,0.0083,1.318681,0.978022,,1995,3120,bfp8,bfp8,false,0,0,false,0,spmv_max_rel,"PASS, max_abs=0.0104, max_rel=0.0781"
lpi_cplex2.mtx,bfp8_outlier_lb,bfp8_outlier_lb,controlled_lossy_value_specialized,ok,none,accuracy_pass_runtime_loss,0.0098,0.0093,1.224490,0.908163,,1995,3120,bfp8_outlier,bfp8_outlier,false,0,0,false,0,spmv_max_rel,"PASS, max_abs=0.0104, max_rel=0.0781"
lpi_cplex2.mtx,bfp4_lb,bfp4_lb,controlled_lossy_value_specialized,fail:1,accuracy_fail,accuracy_fail,0.0133,0.0121,0.902256,0.669173,,1388,3120,bfp4,bfp4,false,0,0,false,0,spmv_max_rel,"FAIL, max_abs=0.0981, max_rel=0.9524"
lpi_cplex2.mtx,hybrid_lb,hybrid_lb,structural_hybrid,ok,none,promoted_fallback,0.0094,0.0076,1.276596,0.946809,,9720,,original,raw_double,false,,,1,0,exact_abs_or_rel,"PASS, max_abs=0.0000, max_rel=0.0000"
lpi_cplex2.mtx,cusparse_default,cusparse_csr,external_baseline,ok,none,external_baseline,0.0120,0.0102,1.000000,0.741667,,9720,5760,original,original,false,,,true,0,exact_abs_or_rel,"PASS, max_abs=0.0000, max_rel=0.0000"
lshp1561.mtx,original_lb,original_lb,load_balanced_traversal,ok,none,promoted_fallback,0.0083,0.0076,1.674699,1.000000,,85448,16984,original,original,false,0,0,true,0,exact_abs_or_rel,"PASS, max_abs=0.0000, max_rel=0.0000"
lshp1561.mtx,auto_lossless_lb,all_one_lb,lossless_value_specialized,ok,none,accuracy_pass_runtime_win,0.0076,0.0064,1.828947,1.092105,,0,16984,auto_lossless,all_one,true,1,0,true,0,exact_abs_or_rel,"PASS, max_abs=0.0000, max_rel=0.0000"
lshp1561.mtx,fp16_lb,fp16_lb,controlled_lossy_value_specialized,ok,none,accuracy_pass_runtime_win,0.0073,0.0063,1.904110,1.136986,,21362,16984,fp16,fp16,false,0,0,false,0,spmv_max_rel,"PASS, max_abs=0.0000, max_rel=0.0000"
lshp1561.mtx,bf16_lb,bf16_lb,controlled_lossy_value_specialized,ok,none,accuracy_pass_runtime_loss,0.0092,0.0072,1.510870,0.902174,,21362,16984,bf16,bf16,false,0,0,false,0,spmv_max_rel,"PASS, max_abs=0.0000, max_rel=0.0000"
lshp1561.mtx,bfp8_lb,bfp8_lb,controlled_lossy_value_specialized,ok,none,accuracy_pass_runtime_win,0.0082,0.0070,1.695122,1.012195,,14927,16984,bfp8,bfp8,false,0,0,false,0,spmv_max_rel,"PASS, max_abs=0.0003, max_rel=0.0001"
lshp1561.mtx,bfp8_outlier_lb,bfp8_outlier_lb,controlled_lossy_value_specialized,ok,none,accuracy_pass_runtime_loss,0.0083,0.0070,1.674699,1.000000,,14927,16984,bfp8_outlier,bfp8_outlier,false,0,0,false,0,spmv_max_rel,"PASS, max_abs=0.0003, max_rel=0.0001"
lshp1561.mtx,bfp4_lb,bfp4_lb,controlled_lossy_value_specialized,ok,none,accuracy_pass_runtime_loss,0.0110,0.0094,1.263636,0.754545,,9587,16984,bfp4,bfp4,false,0,0,false,0,spmv_max_rel,"PASS, max_abs=0.0107, max_rel=0.0020"
lshp1561.mtx,hybrid_lb,hybrid_lb,structural_hybrid,ok,none,promoted_fallback,0.0073,0.0059,1.904110,1.136986,,85448,,original,raw_double,false,,,1,0,exact_abs_or_rel,"PASS, max_abs=0.0000, max_rel=0.0000"
lshp1561.mtx,cusparse_default,cusparse_csr,external_baseline,ok,none,external_baseline,0.0139,0.0123,1.000000,0.597122,,85448,48972,original,original,false,,,true,0,exact_abs_or_rel,"PASS, max_abs=0.0000, max_rel=0.0000"
lshp_577.mtx,original_lb,original_lb,load_balanced_traversal,ok,none,promoted_fallback,0.0071,0.0055,2.042254,1.000000,,31112,6360,original,original,false,0,0,true,0,exact_abs_or_rel,"PASS, max_abs=0.0000, max_rel=0.0000"
lshp_577.mtx,auto_lossless_lb,all_one_lb,lossless_value_specialized,ok,none,accuracy_pass_runtime_loss,0.0074,0.0055,1.959459,0.959459,,0,6360,auto_lossless,all_one,true,1,0,true,0,exact_abs_or_rel,"PASS, max_abs=0.0000, max_rel=0.0000"
lshp_577.mtx,fp16_lb,fp16_lb,controlled_lossy_value_specialized,ok,none,accuracy_pass_runtime_loss,0.0073,0.0069,1.986301,0.972603,,7778,6360,fp16,fp16,false,0,0,false,0,spmv_max_rel,"PASS, max_abs=0.0000, max_rel=0.0000"
lshp_577.mtx,bf16_lb,bf16_lb,controlled_lossy_value_specialized,ok,none,accuracy_pass_runtime_win,0.0069,0.0066,2.101449,1.028986,,7778,6360,bf16,bf16,false,0,0,false,0,spmv_max_rel,"PASS, max_abs=0.0000, max_rel=0.0000"
lshp_577.mtx,bfp8_lb,bfp8_lb,controlled_lossy_value_specialized,ok,none,accuracy_pass_runtime_loss,0.0081,0.0072,1.790123,0.876543,,5479,6360,bfp8,bfp8,false,0,0,false,0,spmv_max_rel,"PASS, max_abs=0.0003, max_rel=0.0001"
lshp_577.mtx,bfp8_outlier_lb,bfp8_outlier_lb,controlled_lossy_value_specialized,ok,none,accuracy_pass_runtime_loss,0.0079,0.0066,1.835443,0.898734,,5479,6360,bfp8_outlier,bfp8_outlier,false,0,0,false,0,spmv_max_rel,"PASS, max_abs=0.0003, max_rel=0.0001"
lshp_577.mtx,bfp4_lb,bfp4_lb,controlled_lossy_value_specialized,ok,none,accuracy_pass_runtime_loss,0.0092,0.0076,1.576087,0.771739,,3535,6360,bfp4,bfp4,false,0,0,false,0,spmv_max_rel,"PASS, max_abs=0.0105, max_rel=0.0020"
lshp_577.mtx,hybrid_lb,hybrid_lb,structural_hybrid,ok,none,promoted_fallback,0.0070,0.0055,2.071429,1.014286,,31112,,original,raw_double,false,,,1,0,exact_abs_or_rel,"PASS, max_abs=0.0000, max_rel=0.0000"
lshp_577.mtx,cusparse_default,cusparse_csr,external_baseline,ok,none,external_baseline,0.0145,0.0103,1.000000,0.489655,,31112,17868,original,original,false,,,true,0,exact_abs_or_rel,"PASS, max_abs=0.0000, max_rel=0.0000"
mesh3e1.mtx,original_lb,original_lb,load_balanced_traversal,ok,none,promoted_fallback,0.0060,0.0051,2.050000,1.000000,,11016,3080,original,original,false,0,0,true,0,exact_abs_or_rel,"PASS, max_abs=0.0000, max_rel=0.0000"
mesh3e1.mtx,auto_lossless_lb,dict16_lb,lossless_value_specialized,ok,none,accuracy_pass_runtime_loss,0.0069,0.0053,1.782609,0.869565,,6200,3080,auto_lossless,dict16,true,5,6200,true,5,exact_abs_or_rel,"PASS, max_abs=0.0000, max_rel=0.0000"
mesh3e1.mtx,fp16_lb,fp16_lb,controlled_lossy_value_specialized,ok,none,accuracy_pass_runtime_loss,0.0073,0.0058,1.684932,0.821918,,2754,3080,fp16,fp16,false,0,0,false,0,spmv_max_rel,"PASS, max_abs=0.0000, max_rel=0.0000"
mesh3e1.mtx,bf16_lb,bf16_lb,controlled_lossy_value_specialized,ok,none,accuracy_pass_runtime_loss,0.0077,0.0059,1.597403,0.779221,,2754,3080,bf16,bf16,false,0,0,false,0,spmv_max_rel,"PASS, max_abs=0.0000, max_rel=0.0000"
mesh3e1.mtx,bfp8_lb,bfp8_lb,controlled_lossy_value_specialized,ok,none,accuracy_pass_runtime_loss,0.0066,0.0056,1.863636,0.909091,,2147,3080,bfp8,bfp8,false,0,0,false,0,spmv_max_rel,"PASS, max_abs=0.0374, max_rel=2159118652343749856102187008.0000"
mesh3e1.mtx,bfp8_outlier_lb,bfp8_outlier_lb,controlled_lossy_value_specialized,ok,none,accuracy_pass_runtime_loss,0.0067,0.0057,1.835821,0.895522,,2147,3080,bfp8_outlier,bfp8_outlier,false,0,0,false,0,spmv_max_rel,"PASS, max_abs=0.0374, max_rel=2159118652343749856102187008.0000"
mesh3e1.mtx,bfp4_lb,bfp4_lb,controlled_lossy_value_specialized,fail:1,accuracy_fail,accuracy_fail,0.0079,0.0068,1.556962,0.759494,,1459,3080,bfp4,bfp4,false,0,0,false,0,spmv_max_rel,"FAIL, max_abs=0.4973, max_rel=35644531249999996723048480768.0000"
mesh3e1.mtx,hybrid_lb,hybrid_lb,structural_hybrid,ok,none,promoted_fallback,0.0066,0.0059,1.863636,0.909091,,11016,,original,raw_double,false,,,1,0,exact_abs_or_rel,"PASS, max_abs=0.0000, max_rel=0.0000"
mesh3e1.mtx,cusparse_default,cusparse_csr,external_baseline,ok,none,external_baseline,0.0123,0.0102,1.000000,0.487805,,11016,6668,original,original,false,,,true,0,exact_abs_or_rel,"PASS, max_abs=0.0000, max_rel=0.0000"
mhd3200a.mtx,original_lb,original_lb,load_balanced_traversal,ok,none,promoted_fallback,0.0060,0.0044,2.333333,1.000000,,544208,38272,original,original,false,0,0,true,0,exact_abs_or_rel,"PASS, max_abs=0.0000, max_rel=0.0000"
mhd3200a.mtx,auto_lossless_lb,original_lb,load_balanced_traversal,ok,none,promoted_fallback,0.0064,0.0046,2.187500,0.937500,,544208,38272,auto_lossless,original,true,47873,544208,true,0,exact_abs_or_rel,"PASS, max_abs=0.0000, max_rel=0.0000"
mhd3200a.mtx,fp16_lb,fp16_lb,controlled_lossy_value_specialized,fail:1,accuracy_fail,accuracy_fail,0.0069,0.0060,2.028986,0.869565,,136052,38272,fp16,fp16,false,0,0,false,0,spmv_max_rel,"FAIL, max_abs=inf, max_rel=inf"
mhd3200a.mtx,bf16_lb,bf16_lb,controlled_lossy_value_specialized,ok,none,accuracy_pass_runtime_loss,0.0070,0.0054,2.000000,0.857143,,136052,38272,bf16,bf16,false,0,0,false,0,spmv_max_rel,"PASS, max_abs=191.9327, max_rel=1821.9731"
mhd3200a.mtx,bfp8_lb,bfp8_lb,controlled_lossy_value_specialized,ok,none,accuracy_pass_runtime_loss,0.0082,0.0059,1.707317,0.731707,,77594,38272,bfp8,bfp8,false,0,0,false,0,spmv_max_rel,"PASS, max_abs=166.5009, max_rel=1860.2015"
mhd3200a.mtx,bfp8_outlier_lb,bfp8_outlier_lb,controlled_lossy_value_specialized,ok,none,accuracy_pass_runtime_loss,0.0095,0.0076,1.473684,0.631579,,83034,38272,bfp8_outlier,bfp8_outlier,false,0,0,false,0,spmv_max_rel,"PASS, max_abs=2.9842, max_rel=1860.2015"
mhd3200a.mtx,bfp4_lb,bfp4_lb,controlled_lossy_value_specialized,ok,none,accuracy_pass_runtime_loss,0.0078,0.0067,1.794872,0.769231,,43581,38272,bfp4,bfp4,false,0,0,false,0,spmv_max_rel,"PASS, max_abs=296.7868, max_rel=1474.9236"
mhd3200a.mtx,hybrid_lb,hybrid_lb,structural_hybrid,ok,none,promoted_fallback,0.0077,0.0071,1.818182,0.779221,,544208,,original,raw_double,false,,,1,0,exact_abs_or_rel,"PASS, max_abs=0.0000, max_rel=0.0000"
mhd3200a.mtx,cusparse_default,cusparse_csr,external_baseline,ok,none,external_baseline,0.0140,0.0102,1.000000,0.428571,,544208,284908,original,original,false,,,true,0,exact_abs_or_rel,"PASS, max_abs=0.0000, max_rel=0.0000"
mimo28x28_system.mtx,original_lb,original_lb,load_balanced_traversal,ok,none,promoted_fallback,0.0091,0.0079,1.758242,1.000000,,389896,131136,original,original,false,0,0,true,0,exact_abs_or_rel,"PASS, max_abs=0.0000, max_rel=0.0000"
mimo28x28_system.mtx,auto_lossless_lb,original_lb,load_balanced_traversal,ok,none,promoted_fallback,0.0108,0.0092,1.481481,0.842593,,389896,131136,auto_lossless,original,true,19914,389896,true,0,exact_abs_or_rel,"PASS, max_abs=0.0000, max_rel=0.0000"
mimo28x28_system.mtx,fp16_lb,fp16_lb,controlled_lossy_value_specialized,fail:1,accuracy_fail,accuracy_fail,0.0107,0.0090,1.495327,0.850467,,97474,131136,fp16,fp16,false,0,0,false,0,spmv_max_rel,"FAIL, max_abs=inf, max_rel=inf"
mimo28x28_system.mtx,bf16_lb,bf16_lb,controlled_lossy_value_specialized,ok,none,accuracy_pass_runtime_loss,0.0096,0.0090,1.666667,0.947917,,97474,131136,bf16,bf16,false,0,0,false,0,spmv_max_rel,"PASS, max_abs=68072462876934144.0000, max_rel=65537.0000"
mimo28x28_system.mtx,bfp8_lb,bfp8_lb,controlled_lossy_value_specialized,ok,none,accuracy_pass_runtime_loss,0.0091,0.0085,1.758242,1.000000,,81521,131136,bfp8,bfp8,false,0,0,false,0,spmv_max_rel,"PASS, max_abs=23125429577318400.0000, max_rel=999938964843749907544246583296.0000"
mimo28x28_system.mtx,bfp8_outlier_lb,bfp8_outlier_lb,controlled_lossy_value_specialized,ok,none,accuracy_pass_runtime_loss,0.0123,0.0109,1.300813,0.739837,,85409,131136,bfp8_outlier,bfp8_outlier,false,0,0,false,0,spmv_max_rel,"PASS, max_abs=501021933568.0000, max_rel=999938964843749907544246583296.0000"
mimo28x28_system.mtx,bfp4_lb,bfp4_lb,controlled_lossy_value_specialized,ok,none,accuracy_pass_runtime_loss,0.0133,0.0122,1.203008,0.684211,,57153,131136,bfp4,bfp4,false,0,0,false,0,spmv_max_rel,"PASS, max_abs=32043665857970176.0000, max_rel=1466552734374999969582064599040.0000"
mimo28x28_system.mtx,hybrid_lb,hybrid_lb,structural_hybrid,ok,none,promoted_fallback,0.0081,0.0068,1.975309,1.123457,,389896,,original,raw_double,false,,,1,0,exact_abs_or_rel,"PASS, max_abs=0.0000, max_rel=0.0000"
mimo28x28_system.mtx,cusparse_default,cusparse_csr,external_baseline,ok,none,external_baseline,0.0160,0.0123,1.000000,0.568750,,389896,247956,original,original,false,,,true,0,exact_abs_or_rel,"PASS, max_abs=0.0000, max_rel=0.0000"
model1.mtx,original_lb,original_lb,load_balanced_traversal,ok,none,promoted_fallback,0.0092,0.0080,1.336957,1.000000,,24224,6504,original,original,false,0,0,true,0,exact_abs_or_rel,"PASS, max_abs=0.0000, max_rel=0.0000"
model1.mtx,auto_lossless_lb,original_lb,load_balanced_traversal,ok,none,promoted_fallback,0.0088,0.0072,1.397727,1.045455,,24224,6504,auto_lossless,original,true,343,24224,true,0,exact_abs_or_rel,"PASS, max_abs=0.0000, max_rel=0.0000"
model1.mtx,fp16_lb,fp16_lb,controlled_lossy_value_specialized,ok,none,accuracy_pass_runtime_loss,0.0093,0.0083,1.322581,0.989247,,6056,6504,fp16,fp16,false,0,0,false,0,spmv_max_rel,"PASS, max_abs=0.0008, max_rel=0.0056"
model1.mtx,bf16_lb,bf16_lb,controlled_lossy_value_specialized,ok,none,accuracy_pass_runtime_loss,0.0099,0.0082,1.242424,0.929293,,6056,6504,bf16,bf16,false,0,0,false,0,spmv_max_rel,"PASS, max_abs=0.0061, max_rel=0.0234"
model1.mtx,bfp8_lb,bfp8_lb,controlled_lossy_value_specialized,ok,none,accuracy_pass_runtime_win,0.0086,0.0077,1.430233,1.069767,,4654,6504,bfp8,bfp8,false,0,0,false,0,spmv_max_rel,"PASS, max_abs=0.0366, max_rel=0.0707"
model1.mtx,bfp8_outlier_lb,bfp8_outlier_lb,controlled_lossy_value_specialized,ok,none,accuracy_pass_runtime_loss,0.0118,0.0108,1.042373,0.779661,,4878,6504,bfp8_outlier,bfp8_outlier,false,0,0,false,0,spmv_max_rel,"PASS, max_abs=0.0104, max_rel=0.0642"
model1.mtx,bfp4_lb,bfp4_lb,controlled_lossy_value_specialized,fail:1,accuracy_fail,accuracy_fail,0.0119,0.0113,1.033613,0.773109,,3140,6504,bfp4,bfp4,false,0,0,false,0,spmv_max_rel,"FAIL, max_abs=0.3065, max_rel=4.0572"
model1.mtx,hybrid_lb,hybrid_lb,structural_hybrid,ok,none,promoted_fallback,0.0087,0.0069,1.413793,1.057471,,24224,,original,raw_double,false,,,1,0,exact_abs_or_rel,"PASS, max_abs=0.0000, max_rel=0.0000"
model1.mtx,cusparse_default,cusparse_csr,external_baseline,ok,none,external_baseline,0.0123,0.0102,1.000000,0.747967,,24224,13564,original,original,false,,,true,0,exact_abs_or_rel,"PASS, max_abs=0.0000, max_rel=0.0000"
msc01440.mtx,original_lb,original_lb,load_balanced_traversal,ok,none,promoted_fallback,0.0092,0.0079,1.532609,1.000000,,359984,36064,original,original,false,0,0,true,0,exact_abs_or_rel,"PASS, max_abs=0.0000, max_rel=0.0000"
msc01440.mtx,auto_lossless_lb,dict65536_u16_lb,lossless_value_specialized,ok,none,accuracy_pass_runtime_loss,0.0109,0.0093,1.293578,0.844037,,314112,36064,auto_lossless,dict65536_u16,true,3200,314112,true,3200,exact_abs_or_rel,"PASS, max_abs=0.0000, max_rel=0.0000"
msc01440.mtx,fp16_lb,fp16_lb,controlled_lossy_value_specialized,fail:1,accuracy_fail,accuracy_fail,0.0087,0.0074,1.620690,1.057471,,89996,36064,fp16,fp16,false,0,0,false,0,spmv_max_rel,"FAIL, max_abs=inf, max_rel=inf"
msc01440.mtx,bf16_lb,bf16_lb,controlled_lossy_value_specialized,ok,none,accuracy_pass_runtime_win,0.0090,0.0076,1.566667,1.022222,,89996,36064,bf16,bf16,false,0,0,false,0,spmv_max_rel,"PASS, max_abs=1490.1167, max_rel=0.9417"
msc01440.mtx,bfp8_lb,bfp8_lb,controlled_lossy_value_specialized,ok,none,accuracy_pass_runtime_loss,0.0102,0.0091,1.382353,0.901961,,54014,36064,bfp8,bfp8,false,0,0,false,0,spmv_max_rel,"PASS, max_abs=4388.5429, max_rel=132.1323"
msc01440.mtx,bfp8_outlier_lb,bfp8_outlier_lb,controlled_lossy_value_specialized,ok,none,accuracy_pass_runtime_loss,0.0121,0.0107,1.165289,0.760331,,57598,36064,bfp8_outlier,bfp8_outlier,false,0,0,false,0,spmv_max_rel,"PASS, max_abs=2819.1817, max_rel=27.5081"
msc01440.mtx,bfp4_lb,bfp4_lb,controlled_lossy_value_specialized,fail:1,accuracy_fail,accuracy_fail,0.0133,0.0122,1.060150,0.691729,,31515,36064,bfp4,bfp4,false,0,0,false,0,spmv_max_rel,"FAIL, max_abs=50696.5939, max_rel=133.9903"
msc01440.mtx,hybrid_lb,hybrid_lb,structural_hybrid,ok,none,promoted_fallback,0.0098,0.0083,1.438776,0.938776,,359984,,original,raw_double,false,,,1,0,exact_abs_or_rel,"PASS, max_abs=0.0000, max_rel=0.0000"
msc01440.mtx,cusparse_default,cusparse_csr,external_baseline,ok,none,external_baseline,0.0141,0.0102,1.000000,0.652482,,359984,185756,original,original,false,,,true,0,exact_abs_or_rel,"PASS, max_abs=0.0000, max_rel=0.0000"
mycielskian10.mtx,original_lb,original_lb,load_balanced_traversal,ok,none,promoted_fallback,0.0091,0.0073,1.626374,1.000000,,355136,47512,original,original,false,0,0,true,0,exact_abs_or_rel,"PASS, max_abs=0.0000, max_rel=0.0000"
mycielskian10.mtx,auto_lossless_lb,all_one_lb,lossless_value_specialized,ok,none,accuracy_pass_runtime_win,0.0086,0.0072,1.720930,1.058140,,0,47512,auto_lossless,all_one,true,1,0,true,0,exact_abs_or_rel,"PASS, max_abs=0.0000, max_rel=0.0000"
mycielskian10.mtx,fp16_lb,fp16_lb,controlled_lossy_value_specialized,ok,none,accuracy_pass_runtime_loss,0.0104,0.0084,1.423077,0.875000,,88784,47512,fp16,fp16,false,0,0,false,0,spmv_max_rel,"PASS, max_abs=0.0000, max_rel=0.0000"
mycielskian10.mtx,bf16_lb,bf16_lb,controlled_lossy_value_specialized,ok,none,accuracy_pass_runtime_win,0.0089,0.0078,1.662921,1.022472,,88784,47512,bf16,bf16,false,0,0,false,0,spmv_max_rel,"PASS, max_abs=0.0000, max_rel=0.0000"
mycielskian10.mtx,bfp8_lb,bfp8_lb,controlled_lossy_value_specialized,ok,none,accuracy_pass_runtime_loss,0.0094,0.0084,1.574468,0.968085,,56270,47512,bfp8,bfp8,false,0,0,false,0,spmv_max_rel,"PASS, max_abs=0.0005, max_rel=0.0001"
mycielskian10.mtx,bfp8_outlier_lb,bfp8_outlier_lb,controlled_lossy_value_specialized,ok,none,accuracy_pass_runtime_win,0.0090,0.0083,1.644444,1.011111,,56270,47512,bfp8_outlier,bfp8_outlier,false,0,0,false,0,spmv_max_rel,"PASS, max_abs=0.0005, max_rel=0.0001"
mycielskian10.mtx,bfp4_lb,bfp4_lb,controlled_lossy_value_specialized,ok,none,accuracy_pass_runtime_loss,0.0138,0.0131,1.072464,0.659420,,34074,47512,bfp4,bfp4,false,0,0,false,0,spmv_max_rel,"PASS, max_abs=0.0159, max_rel=0.0020"
mycielskian10.mtx,hybrid_lb,hybrid_lb,structural_hybrid,ok,none,promoted_fallback,0.0159,0.0147,0.930818,0.572327,,355136,,original,raw_double,false,,,1,0,exact_abs_or_rel,"PASS, max_abs=0.0000, max_rel=0.0000"
mycielskian10.mtx,cusparse_default,cusparse_csr,external_baseline,ok,none,external_baseline,0.0148,0.0102,1.000000,0.614865,,355136,180640,original,original,false,,,true,0,exact_abs_or_rel,"PASS, max_abs=0.0000, max_rel=0.0000"
mycielskian8.mtx,original_lb,original_lb,load_balanced_traversal,ok,none,promoted_fallback,0.0095,0.0072,1.336842,1.000000,,37760,5072,original,original,false,0,0,true,0,exact_abs_or_rel,"PASS, max_abs=0.0000, max_rel=0.0000"
mycielskian8.mtx,auto_lossless_lb,all_one_lb,lossless_value_specialized,ok,none,accuracy_pass_runtime_win,0.0086,0.0067,1.476744,1.104651,,0,5072,auto_lossless,all_one,true,1,0,true,0,exact_abs_or_rel,"PASS, max_abs=0.0000, max_rel=0.0000"
mycielskian8.mtx,fp16_lb,fp16_lb,controlled_lossy_value_specialized,ok,none,accuracy_pass_runtime_loss,0.0099,0.0081,1.282828,0.959596,,9440,5072,fp16,fp16,false,0,0,false,0,spmv_max_rel,"PASS, max_abs=0.0000, max_rel=0.0000"
mycielskian8.mtx,bf16_lb,bf16_lb,controlled_lossy_value_specialized,ok,none,accuracy_pass_runtime_loss,0.0095,0.0078,1.336842,1.000000,,9440,5072,bf16,bf16,false,0,0,false,0,spmv_max_rel,"PASS, max_abs=0.0000, max_rel=0.0000"
mycielskian8.mtx,bfp8_lb,bfp8_lb,controlled_lossy_value_specialized,ok,none,accuracy_pass_runtime_loss,0.0096,0.0073,1.322917,0.989583,,5988,5072,bfp8,bfp8,false,0,0,false,0,spmv_max_rel,"PASS, max_abs=0.0003, max_rel=0.0001"
mycielskian8.mtx,bfp8_outlier_lb,bfp8_outlier_lb,controlled_lossy_value_specialized,ok,none,accuracy_pass_runtime_loss,0.0095,0.0084,1.336842,1.000000,,5988,5072,bfp8_outlier,bfp8_outlier,false,0,0,false,0,spmv_max_rel,"PASS, max_abs=0.0003, max_rel=0.0001"
mycielskian8.mtx,bfp4_lb,bfp4_lb,controlled_lossy_value_specialized,ok,none,accuracy_pass_runtime_loss,0.0140,0.0129,0.907143,0.678571,,3628,5072,bfp4,bfp4,false,0,0,false,0,spmv_max_rel,"PASS, max_abs=0.0105, max_rel=0.0020"
mycielskian8.mtx,hybrid_lb,hybrid_lb,structural_hybrid,ok,none,promoted_fallback,0.0112,0.0092,1.133929,0.848214,,37760,,original,raw_double,false,,,1,0,exact_abs_or_rel,"PASS, max_abs=0.0000, max_rel=0.0000"
mycielskian8.mtx,cusparse_default,cusparse_csr,external_baseline,ok,none,external_baseline,0.0127,0.0102,1.000000,0.748031,,37760,19648,original,original,false,,,true,0,exact_abs_or_rel,"PASS, max_abs=0.0000, max_rel=0.0000"
n3c4-b3.mtx,original_lb,original_lb,load_balanced_traversal,ok,none,promoted_fallback,0.0063,0.0056,1.984127,1.000000,,480,72,original,original,false,0,0,true,0,exact_abs_or_rel,"PASS, max_abs=0.0000, max_rel=0.0000"
n3c4-b3.mtx,auto_lossless_lb,sign2_lb,lossless_value_specialized,ok,none,accuracy_pass_runtime_win,0.0049,0.0043,2.551020,1.285714,,36,72,auto_lossless,sign2,true,2,36,true,0,exact_abs_or_rel,"PASS, max_abs=0.0000, max_rel=0.0000"
n3c4-b3.mtx,fp16_lb,fp16_lb,controlled_lossy_value_specialized,ok,none,accuracy_pass_runtime_win,0.0048,0.0044,2.604167,1.312500,,120,72,fp16,fp16,false,0,0,false,0,spmv_max_rel,"PASS, max_abs=0.0000, max_rel=0.0000"
n3c4-b3.mtx,bf16_lb,bf16_lb,controlled_lossy_value_specialized,ok,none,accuracy_pass_runtime_win,0.0050,0.0044,2.500000,1.260000,,120,72,bf16,bf16,false,0,0,false,0,spmv_max_rel,"PASS, max_abs=0.0000, max_rel=0.0000"
n3c4-b3.mtx,bfp8_lb,bfp8_lb,controlled_lossy_value_specialized,ok,none,accuracy_pass_runtime_win,0.0049,0.0044,2.551020,1.285714,,78,72,bfp8,bfp8,false,0,0,false,0,spmv_max_rel,"PASS, max_abs=0.0001, max_rel=0.0001"
n3c4-b3.mtx,bfp8_outlier_lb,bfp8_outlier_lb,controlled_lossy_value_specialized,ok,none,accuracy_pass_runtime_win,0.0050,0.0047,2.500000,1.260000,,78,72,bfp8_outlier,bfp8_outlier,false,0,0,false,0,spmv_max_rel,"PASS, max_abs=0.0001, max_rel=0.0001"
n3c4-b3.mtx,bfp4_lb,bfp4_lb,controlled_lossy_value_specialized,ok,none,accuracy_pass_runtime_loss,0.0071,0.0058,1.760563,0.887324,,48,72,bfp4,bfp4,false,0,0,false,0,spmv_max_rel,"PASS, max_abs=0.0027, max_rel=0.0020"
n3c4-b3.mtx,hybrid_lb,hybrid_lb,structural_hybrid,ok,none,promoted_fallback,0.0066,0.0057,1.893939,0.954545,,480,,original,raw_double,false,,,1,0,exact_abs_or_rel,"PASS, max_abs=0.0000, max_rel=0.0000"
n3c4-b3.mtx,cusparse_default,cusparse_csr,external_baseline,ok,none,external_baseline,0.0125,0.0082,1.000000,0.504000,,480,304,original,original,false,,,true,0,exact_abs_or_rel,"PASS, max_abs=0.0000, max_rel=0.0000"
n3c6-b1.mtx,original_lb,original_lb,load_balanced_traversal,ok,none,promoted_fallback,0.0054,0.0045,2.203704,1.000000,,1680,328,original,original,false,0,0,true,0,exact_abs_or_rel,"PASS, max_abs=0.0000, max_rel=0.0000"
n3c6-b1.mtx,auto_lossless_lb,sign2_lb,lossless_value_specialized,ok,none,accuracy_pass_runtime_loss,0.0065,0.0058,1.830769,0.830769,,164,328,auto_lossless,sign2,true,2,164,true,0,exact_abs_or_rel,"PASS, max_abs=0.0000, max_rel=0.0000"
n3c6-b1.mtx,fp16_lb,fp16_lb,controlled_lossy_value_specialized,ok,none,accuracy_pass_runtime_loss,0.0059,0.0050,2.016949,0.915254,,420,328,fp16,fp16,false,0,0,false,0,spmv_max_rel,"PASS, max_abs=0.0000, max_rel=0.0000"
n3c6-b1.mtx,bf16_lb,bf16_lb,controlled_lossy_value_specialized,ok,none,accuracy_pass_runtime_win,0.0053,0.0045,2.245283,1.018868,,420,328,bf16,bf16,false,0,0,false,0,spmv_max_rel,"PASS, max_abs=0.0000, max_rel=0.0000"
n3c6-b1.mtx,bfp8_lb,bfp8_lb,controlled_lossy_value_specialized,ok,none,accuracy_pass_runtime_win,0.0052,0.0044,2.288462,1.038462,,292,328,bfp8,bfp8,false,0,0,false,0,spmv_max_rel,"PASS, max_abs=0.0001, max_rel=0.0001"
n3c6-b1.mtx,bfp8_outlier_lb,bfp8_outlier_lb,controlled_lossy_value_specialized,ok,none,accuracy_pass_runtime_win,0.0051,0.0042,2.333333,1.058824,,292,328,bfp8_outlier,bfp8_outlier,false,0,0,false,0,spmv_max_rel,"PASS, max_abs=0.0001, max_rel=0.0001"
n3c6-b1.mtx,bfp4_lb,bfp4_lb,controlled_lossy_value_specialized,ok,none,accuracy_pass_runtime_win,0.0050,0.0042,2.380000,1.080000,,187,328,bfp4,bfp4,false,0,0,false,0,spmv_max_rel,"PASS, max_abs=0.0034, max_rel=0.0020"
n3c6-b1.mtx,hybrid_lb,hybrid_lb,structural_hybrid,ok,none,promoted_fallback,0.0064,0.0045,1.859375,0.843750,,1680,,original,raw_double,false,,,1,0,exact_abs_or_rel,"PASS, max_abs=0.0000, max_rel=0.0000"
n3c6-b1.mtx,cusparse_default,cusparse_csr,external_baseline,ok,none,external_baseline,0.0119,0.0082,1.000000,0.453782,,1680,1264,original,original,false,,,true,0,exact_abs_or_rel,"PASS, max_abs=0.0000, max_rel=0.0000"
nasa4704.mtx,original_lb,original_lb,load_balanced_traversal,ok,none,promoted_fallback,0.0093,0.0078,1.505376,1.000000,,838048,98256,original,original,false,0,0,true,0,exact_abs_or_rel,"PASS, max_abs=0.0000, max_rel=0.0000"
nasa4704.mtx,auto_lossless_lb,all_one_lb,lossless_value_specialized,ok,none,accuracy_pass_runtime_loss,0.0095,0.0076,1.473684,0.978947,,0,98256,auto_lossless,all_one,true,1,0,true,0,exact_abs_or_rel,"PASS, max_abs=0.0000, max_rel=0.0000"
nasa4704.mtx,fp16_lb,fp16_lb,controlled_lossy_value_specialized,ok,none,accuracy_pass_runtime_loss,0.0095,0.0087,1.473684,0.978947,,209512,98256,fp16,fp16,false,0,0,false,0,spmv_max_rel,"PASS, max_abs=0.0000, max_rel=0.0000"
nasa4704.mtx,bf16_lb,bf16_lb,controlled_lossy_value_specialized,ok,none,accuracy_pass_runtime_loss,0.0095,0.0089,1.473684,0.978947,,209512,98256,bf16,bf16,false,0,0,false,0,spmv_max_rel,"PASS, max_abs=0.0000, max_rel=0.0000"
nasa4704.mtx,bfp8_lb,bfp8_lb,controlled_lossy_value_specialized,ok,none,accuracy_pass_runtime_loss,0.0099,0.0091,1.414141,0.939394,,129320,98256,bfp8,bfp8,false,0,0,false,0,spmv_max_rel,"PASS, max_abs=0.0007, max_rel=0.0001"
nasa4704.mtx,bfp8_outlier_lb,bfp8_outlier_lb,controlled_lossy_value_specialized,ok,none,accuracy_pass_runtime_loss,0.0105,0.0092,1.333333,0.885714,,129320,98256,bfp8_outlier,bfp8_outlier,false,0,0,false,0,spmv_max_rel,"PASS, max_abs=0.0007, max_rel=0.0001"
nasa4704.mtx,bfp4_lb,bfp4_lb,controlled_lossy_value_specialized,ok,none,accuracy_pass_runtime_loss,0.0122,0.0110,1.147541,0.762295,,76942,98256,bfp4,bfp4,false,0,0,false,0,spmv_max_rel,"PASS, max_abs=0.0225, max_rel=0.0020"
nasa4704.mtx,hybrid_lb,hybrid_lb,structural_hybrid,ok,none,promoted_fallback,0.0093,0.0079,1.505376,1.000000,,838048,,original,raw_double,false,,,1,0,exact_abs_or_rel,"PASS, max_abs=0.0000, max_rel=0.0000"
nasa4704.mtx,cusparse_default,cusparse_csr,external_baseline,ok,none,external_baseline,0.0140,0.0102,1.000000,0.664286,,838048,437844,original,original,false,,,true,0,exact_abs_or_rel,"PASS, max_abs=0.0000, max_rel=0.0000"
ncvxqp9.mtx,original_lb,original_lb,load_balanced_traversal,ok,none,promoted_fallback,0.0086,0.0071,1.848837,1.000000,,432320,248688,original,original,false,0,0,true,0,exact_abs_or_rel,"PASS, max_abs=0.0000, max_rel=0.0000"
ncvxqp9.mtx,auto_lossless_lb,original_lb,load_balanced_traversal,ok,none,promoted_fallback,0.0141,0.0128,1.127660,0.609929,,432320,248688,auto_lossless,original,true,8911,432320,true,0,exact_abs_or_rel,"PASS, max_abs=0.0000, max_rel=0.0000"
ncvxqp9.mtx,fp16_lb,fp16_lb,controlled_lossy_value_specialized,fail:1,accuracy_fail,accuracy_fail,0.0085,0.0070,1.870588,1.011765,,108080,248688,fp16,fp16,false,0,0,false,0,spmv_max_rel,"FAIL, max_abs=inf, max_rel=inf"
ncvxqp9.mtx,bf16_lb,bf16_lb,controlled_lossy_value_specialized,ok,none,accuracy_pass_runtime_win,0.0081,0.0069,1.962963,1.061728,,108080,248688,bf16,bf16,false,0,0,false,0,spmv_max_rel,"PASS, max_abs=89548287.0497, max_rel=1.0000"
ncvxqp9.mtx,bfp8_lb,bfp8_lb,controlled_lossy_value_specialized,ok,none,accuracy_pass_runtime_win,0.0071,0.0062,2.239437,1.211268,,116212,248688,bfp8,bfp8,false,0,0,false,0,spmv_max_rel,"PASS, max_abs=50436608.9503, max_rel=7751464843749998865644781568.0000"
ncvxqp9.mtx,bfp8_outlier_lb,bfp8_outlier_lb,controlled_lossy_value_specialized,ok,none,accuracy_pass_runtime_loss,0.0105,0.0084,1.514286,0.819048,,120532,248688,bfp8_outlier,bfp8_outlier,false,0,0,false,0,spmv_max_rel,"PASS, max_abs=1534.5497, max_rel=7751464843749998865644781568.0000"
ncvxqp9.mtx,bfp4_lb,bfp4_lb,controlled_lossy_value_specialized,ok,none,accuracy_pass_runtime_loss,0.0104,0.0091,1.528846,0.826923,,89192,248688,bfp4,bfp4,false,0,0,false,0,spmv_max_rel,"PASS, max_abs=61446656.9503, max_rel=76.6721"
ncvxqp9.mtx,hybrid_lb,hybrid_lb,structural_hybrid,ok,none,promoted_fallback,0.0069,0.0049,2.304348,1.246377,,432320,,original,raw_double,false,,,1,0,exact_abs_or_rel,"PASS, max_abs=0.0000, max_rel=0.0000"
ncvxqp9.mtx,cusparse_default,cusparse_csr,external_baseline,ok,none,external_baseline,0.0159,0.0123,1.000000,0.540881,,432320,282380,original,original,false,,,true,0,exact_abs_or_rel,"PASS, max_abs=0.0000, max_rel=0.0000"
nnc666.mtx,original_lb,original_lb,load_balanced_traversal,ok,none,promoted_fallback,0.0085,0.0069,1.717647,1.000000,,32256,7096,original,original,false,0,0,true,0,exact_abs_or_rel,"PASS, max_abs=0.0000, max_rel=55511151231257.8203"
nnc666.mtx,auto_lossless_lb,dict16_lb,lossless_value_specialized,ok,none,accuracy_pass_runtime_win,0.0077,0.0069,1.896104,1.103896,,14304,7096,auto_lossless,dict16,true,14,14304,true,14,exact_abs_or_rel,"PASS, max_abs=0.0000, max_rel=55511151231257.8203"
nnc666.mtx,fp16_lb,fp16_lb,controlled_lossy_value_specialized,ok,none,accuracy_pass_runtime_win,0.0077,0.0063,1.896104,1.103896,,8064,7096,fp16,fp16,false,0,0,false,0,spmv_max_rel,"PASS, max_abs=0.0621, max_rel=1.0000"
nnc666.mtx,bf16_lb,bf16_lb,controlled_lossy_value_specialized,ok,none,accuracy_pass_runtime_win,0.0077,0.0069,1.896104,1.103896,,8064,7096,bf16,bf16,false,0,0,false,0,spmv_max_rel,"PASS, max_abs=0.8746, max_rel=1.0000"
nnc666.mtx,bfp8_lb,bfp8_lb,controlled_lossy_value_specialized,ok,none,accuracy_pass_runtime_win,0.0071,0.0061,2.056338,1.197183,,5806,7096,bfp8,bfp8,false,0,0,false,0,spmv_max_rel,"PASS, max_abs=2.5803, max_rel=87411174408191.0000"
nnc666.mtx,bfp8_outlier_lb,bfp8_outlier_lb,controlled_lossy_value_specialized,ok,none,accuracy_pass_runtime_win,0.0071,0.0063,2.056338,1.197183,,5806,7096,bfp8_outlier,bfp8_outlier,false,0,0,false,0,spmv_max_rel,"PASS, max_abs=2.5803, max_rel=87411174408191.0000"
nnc666.mtx,bfp4_lb,bfp4_lb,controlled_lossy_value_specialized,fail:1,accuracy_fail,accuracy_fail,0.0088,0.0081,1.659091,0.965909,,3790,7096,bfp4,bfp4,false,0,0,false,0,spmv_max_rel,"FAIL, max_abs=14.3728, max_rel=145135534866431.0000"
nnc666.mtx,hybrid_lb,hybrid_lb,structural_hybrid,ok,none,promoted_fallback,0.0067,0.0051,2.179104,1.268657,,32256,,original,raw_double,false,,,1,0,exact_abs_or_rel,"PASS, max_abs=0.0000, max_rel=0.5000"
nnc666.mtx,cusparse_default,cusparse_csr,external_baseline,ok,none,external_baseline,0.0146,0.0123,1.000000,0.582192,,32256,18796,original,original,false,,,true,0,exact_abs_or_rel,"PASS, max_abs=0.0000, max_rel=1.0000"
nos5.mtx,original_lb,original_lb,load_balanced_traversal,ok,none,promoted_fallback,0.0084,0.0069,1.559524,1.000000,,41376,7488,original,original,false,0,0,true,0,exact_abs_or_rel,"PASS, max_abs=0.0000, max_rel=0.0000"
nos5.mtx,auto_lossless_lb,dict256_u8_lb,lossless_value_specialized,ok,none,accuracy_pass_runtime_win,0.0074,0.0065,1.770270,1.135135,,31168,7488,auto_lossless,dict256_u8,true,152,31168,true,152,exact_abs_or_rel,"PASS, max_abs=0.0000, max_rel=0.0000"
nos5.mtx,fp16_lb,fp16_lb,controlled_lossy_value_specialized,fail:1,accuracy_fail,accuracy_fail,0.0074,0.0060,1.770270,1.135135,,10344,7488,fp16,fp16,false,0,0,false,0,spmv_max_rel,"FAIL, max_abs=inf, max_rel=inf"
nos5.mtx,bf16_lb,bf16_lb,controlled_lossy_value_specialized,ok,none,accuracy_pass_runtime_win,0.0079,0.0064,1.658228,1.063291,,10344,7488,bf16,bf16,false,0,0,false,0,spmv_max_rel,"PASS, max_abs=999.0000, max_rel=1.0853"
nos5.mtx,bfp8_lb,bfp8_lb,controlled_lossy_value_specialized,ok,none,accuracy_pass_runtime_win,0.0073,0.0068,1.794521,1.150685,,7044,7488,bfp8,bfp8,false,0,0,false,0,spmv_max_rel,"PASS, max_abs=2302.0000, max_rel=1.4295"
nos5.mtx,bfp8_outlier_lb,bfp8_outlier_lb,controlled_lossy_value_specialized,ok,none,accuracy_pass_runtime_loss,0.0097,0.0084,1.350515,0.865979,,7396,7488,bfp8_outlier,bfp8_outlier,false,0,0,false,0,spmv_max_rel,"PASS, max_abs=2106.0000, max_rel=4.1240"
nos5.mtx,bfp4_lb,bfp4_lb,controlled_lossy_value_specialized,fail:1,accuracy_fail,accuracy_fail,0.0089,0.0083,1.471910,0.943820,,4458,7488,bfp4,bfp4,false,0,0,false,0,spmv_max_rel,"FAIL, max_abs=31702.5000, max_rel=45.9018"
nos5.mtx,hybrid_lb,hybrid_lb,structural_hybrid,ok,none,promoted_fallback,0.0073,0.0059,1.794521,1.150685,,41376,,original,raw_double,false,,,1,0,exact_abs_or_rel,"PASS, max_abs=0.0000, max_rel=0.0000"
nos5.mtx,cusparse_default,cusparse_csr,external_baseline,ok,none,external_baseline,0.0131,0.0102,1.000000,0.641221,,41376,22564,original,original,false,,,true,0,exact_abs_or_rel,"PASS, max_abs=0.0000, max_rel=0.0000"
nos7.mtx,original_lb,original_lb,load_balanced_traversal,ok,none,promoted_fallback,0.0075,0.0070,2.000000,1.000000,,36936,9432,original,original,false,0,0,true,0,exact_abs_or_rel,"PASS, max_abs=0.0000, max_rel=0.0000"
nos7.mtx,auto_lossless_lb,original_lb,load_balanced_traversal,ok,none,promoted_fallback,0.0078,0.0058,1.923077,0.961538,,36936,9432,auto_lossless,original,true,17,36936,true,0,exact_abs_or_rel,"PASS, max_abs=0.0000, max_rel=0.0000"
nos7.mtx,fp16_lb,fp16_lb,controlled_lossy_value_specialized,fail:1,accuracy_fail,accuracy_fail,0.0073,0.0065,2.054795,1.027397,,9234,9432,fp16,fp16,false,0,0,false,0,spmv_max_rel,"FAIL, max_abs=inf, max_rel=inf"
nos7.mtx,bf16_lb,bf16_lb,controlled_lossy_value_specialized,ok,none,accuracy_pass_runtime_win,0.0074,0.0065,2.027027,1.013514,,9234,9432,bf16,bf16,false,0,0,false,0,spmv_max_rel,"PASS, max_abs=13764.0000, max_rel=0.0046"
nos7.mtx,bfp8_lb,bfp8_lb,controlled_lossy_value_specialized,ok,none,accuracy_pass_runtime_loss,0.0080,0.0073,1.875000,0.937500,,6975,9432,bfp8,bfp8,false,0,0,false,0,spmv_max_rel,"PASS, max_abs=32720.5000, max_rel=150316406249999995946613369470976.0000"
nos7.mtx,bfp8_outlier_lb,bfp8_outlier_lb,controlled_lossy_value_specialized,ok,none,accuracy_pass_runtime_loss,0.0094,0.0080,1.595745,0.797872,,7295,9432,bfp8_outlier,bfp8_outlier,false,0,0,false,0,spmv_max_rel,"PASS, max_abs=9779.5000, max_rel=150316406249999995946613369470976.0000"
nos7.mtx,bfp4_lb,bfp4_lb,controlled_lossy_value_specialized,fail:1,accuracy_fail,accuracy_fail,0.0086,0.0072,1.744186,0.872093,,4667,9432,bfp4,bfp4,false,0,0,false,0,spmv_max_rel,"FAIL, max_abs=425645.0000, max_rel=150281249999999994288950277570560.0000"
nos7.mtx,hybrid_lb,hybrid_lb,structural_hybrid,ok,none,promoted_fallback,0.0070,0.0054,2.142857,1.071429,,36936,,original,raw_double,false,,,1,0,exact_abs_or_rel,"PASS, max_abs=0.0000, max_rel=0.0000"
nos7.mtx,cusparse_default,cusparse_csr,external_baseline,ok,none,external_baseline,0.0150,0.0123,1.000000,0.500000,,36936,21388,original,original,false,,,true,0,exact_abs_or_rel,"PASS, max_abs=0.0000, max_rel=0.0000"
oscil_dcop_06.mtx,original_lb,original_lb,load_balanced_traversal,ok,none,promoted_fallback,0.0079,0.0068,1.556962,1.000000,,12352,4440,original,original,false,0,0,true,0,exact_abs_or_rel,"PASS, max_abs=0.0000, max_rel=0.1016"
oscil_dcop_06.mtx,auto_lossless_lb,original_lb,load_balanced_traversal,ok,none,promoted_fallback,0.0074,0.0071,1.662162,1.067568,,12352,4440,auto_lossless,original,true,505,12352,true,0,exact_abs_or_rel,"PASS, max_abs=0.0000, max_rel=0.1016"
oscil_dcop_06.mtx,fp16_lb,fp16_lb,controlled_lossy_value_specialized,fail:1,accuracy_fail,accuracy_fail,0.0093,0.0069,1.322581,0.849462,,3088,4440,fp16,fp16,false,0,0,false,0,spmv_max_rel,"FAIL, max_abs=inf, max_rel=inf"
oscil_dcop_06.mtx,bf16_lb,bf16_lb,controlled_lossy_value_specialized,ok,none,accuracy_pass_runtime_loss,0.0091,0.0071,1.351648,0.868132,,3088,4440,bf16,bf16,false,0,0,false,0,spmv_max_rel,"PASS, max_abs=648.0000, max_rel=6.9974"
oscil_dcop_06.mtx,bfp8_lb,bfp8_lb,controlled_lossy_value_specialized,ok,none,accuracy_pass_runtime_loss,0.0095,0.0075,1.294737,0.831579,,2654,4440,bfp8,bfp8,false,0,0,false,0,spmv_max_rel,"PASS, max_abs=1543.0000, max_rel=41722391041.6659"
oscil_dcop_06.mtx,bfp8_outlier_lb,bfp8_outlier_lb,controlled_lossy_value_specialized,ok,none,accuracy_pass_runtime_loss,0.0108,0.0093,1.138889,0.731481,,2750,4440,bfp8_outlier,bfp8_outlier,false,0,0,false,0,spmv_max_rel,"PASS, max_abs=863.9890, max_rel=41722391041.6659"
oscil_dcop_06.mtx,bfp4_lb,bfp4_lb,controlled_lossy_value_specialized,fail:1,accuracy_fail,accuracy_fail,0.0114,0.0099,1.078947,0.692982,,1882,4440,bfp4,bfp4,false,0,0,false,0,spmv_max_rel,"FAIL, max_abs=28392.0000, max_rel=2081211035539.0388"
oscil_dcop_06.mtx,hybrid_lb,hybrid_lb,structural_hybrid,ok,none,promoted_fallback,0.0071,0.0054,1.732394,1.112676,,12352,,original,raw_double,false,,,1,0,exact_abs_or_rel,"PASS, max_abs=0.0000, max_rel=0.0010"
oscil_dcop_06.mtx,cusparse_default,cusparse_csr,external_baseline,ok,none,external_baseline,0.0123,0.0102,1.000000,0.642276,,12352,7900,original,original,false,,,true,0,exact_abs_or_rel,"PASS, max_abs=0.0000, max_rel=0.0000"
oscil_dcop_14.mtx,original_lb,original_lb,load_balanced_traversal,ok,none,promoted_fallback,0.0084,0.0075,1.440476,1.000000,,12352,4440,original,original,false,0,0,true,0,exact_abs_or_rel,"PASS, max_abs=0.0000, max_rel=0.0258"
oscil_dcop_14.mtx,auto_lossless_lb,original_lb,load_balanced_traversal,ok,none,promoted_fallback,0.0077,0.0071,1.571429,1.090909,,12352,4440,auto_lossless,original,true,552,12352,true,0,exact_abs_or_rel,"PASS, max_abs=0.0000, max_rel=0.0258"
oscil_dcop_14.mtx,fp16_lb,fp16_lb,controlled_lossy_value_specialized,fail:1,accuracy_fail,accuracy_fail,0.0091,0.0088,1.329670,0.923077,,3088,4440,fp16,fp16,false,0,0,false,0,spmv_max_rel,"FAIL, max_abs=inf, max_rel=inf"
oscil_dcop_14.mtx,bf16_lb,bf16_lb,controlled_lossy_value_specialized,ok,none,accuracy_pass_runtime_loss,0.0090,0.0072,1.344444,0.933333,,3088,4440,bf16,bf16,false,0,0,false,0,spmv_max_rel,"PASS, max_abs=648.0000, max_rel=5.2046"
oscil_dcop_14.mtx,bfp8_lb,bfp8_lb,controlled_lossy_value_specialized,ok,none,accuracy_pass_runtime_loss,0.0094,0.0071,1.287234,0.893617,,2654,4440,bfp8,bfp8,false,0,0,false,0,spmv_max_rel,"PASS, max_abs=1543.0000, max_rel=393751.0028"
oscil_dcop_14.mtx,bfp8_outlier_lb,bfp8_outlier_lb,controlled_lossy_value_specialized,ok,none,accuracy_pass_runtime_loss,0.0107,0.0086,1.130841,0.785047,,2750,4440,bfp8_outlier,bfp8_outlier,false,0,0,false,0,spmv_max_rel,"PASS, max_abs=863.9890, max_rel=393751.0028"
oscil_dcop_14.mtx,bfp4_lb,bfp4_lb,controlled_lossy_value_specialized,fail:1,accuracy_fail,accuracy_fail,0.0116,0.0109,1.043103,0.724138,,1882,4440,bfp4,bfp4,false,0,0,false,0,spmv_max_rel,"FAIL, max_abs=28392.0000, max_rel=7150001.0506"
oscil_dcop_14.mtx,hybrid_lb,hybrid_lb,structural_hybrid,ok,none,promoted_fallback,0.0070,0.0056,1.728571,1.200000,,12352,,original,raw_double,false,,,1,0,exact_abs_or_rel,"PASS, max_abs=0.0000, max_rel=0.0216"
oscil_dcop_14.mtx,cusparse_default,cusparse_csr,external_baseline,ok,none,external_baseline,0.0121,0.0102,1.000000,0.694215,,12352,7900,original,original,false,,,true,0,exact_abs_or_rel,"PASS, max_abs=0.0000, max_rel=0.0000"
oscil_dcop_22.mtx,original_lb,original_lb,load_balanced_traversal,ok,none,promoted_fallback,0.0094,0.0070,1.297872,1.000000,,12352,4440,original,original,false,0,0,true,0,exact_abs_or_rel,"PASS, max_abs=0.0000, max_rel=0.0223"
oscil_dcop_22.mtx,auto_lossless_lb,original_lb,load_balanced_traversal,ok,none,promoted_fallback,0.0081,0.0059,1.506173,1.160494,,12352,4440,auto_lossless,original,true,549,12352,true,0,exact_abs_or_rel,"PASS, max_abs=0.0000, max_rel=0.0223"
oscil_dcop_22.mtx,fp16_lb,fp16_lb,controlled_lossy_value_specialized,fail:1,accuracy_fail,accuracy_fail,0.0087,0.0069,1.402299,1.080460,,3088,4440,fp16,fp16,false,0,0,false,0,spmv_max_rel,"FAIL, max_abs=inf, max_rel=inf"
oscil_dcop_22.mtx,bf16_lb,bf16_lb,controlled_lossy_value_specialized,ok,none,accuracy_pass_runtime_loss,0.0112,0.0098,1.089286,0.839286,,3088,4440,bf16,bf16,false,0,0,false,0,spmv_max_rel,"PASS, max_abs=648.0000, max_rel=5.9911"
oscil_dcop_22.mtx,bfp8_lb,bfp8_lb,controlled_lossy_value_specialized,ok,none,accuracy_pass_runtime_loss,0.0098,0.0078,1.244898,0.959184,,2654,4440,bfp8,bfp8,false,0,0,false,0,spmv_max_rel,"PASS, max_abs=1543.0000, max_rel=393751.0028"
oscil_dcop_22.mtx,bfp8_outlier_lb,bfp8_outlier_lb,controlled_lossy_value_specialized,ok,none,accuracy_pass_runtime_loss,0.0110,0.0102,1.109091,0.854545,,2750,4440,bfp8_outlier,bfp8_outlier,false,0,0,false,0,spmv_max_rel,"PASS, max_abs=863.9890, max_rel=393751.0028"
oscil_dcop_22.mtx,bfp4_lb,bfp4_lb,controlled_lossy_value_specialized,fail:1,accuracy_fail,accuracy_fail,0.0116,0.0100,1.051724,0.810345,,1882,4440,bfp4,bfp4,false,0,0,false,0,spmv_max_rel,"FAIL, max_abs=28392.0000, max_rel=7150001.0506"
oscil_dcop_22.mtx,hybrid_lb,hybrid_lb,structural_hybrid,ok,none,promoted_fallback,0.0072,0.0051,1.694444,1.305556,,12352,,original,raw_double,false,,,1,0,exact_abs_or_rel,"PASS, max_abs=0.0000, max_rel=0.0221"
oscil_dcop_22.mtx,cusparse_default,cusparse_csr,external_baseline,ok,none,external_baseline,0.0122,0.0102,1.000000,0.770492,,12352,7900,original,original,false,,,true,0,exact_abs_or_rel,"PASS, max_abs=0.0000, max_rel=0.0124"
oscil_dcop_30.mtx,original_lb,original_lb,load_balanced_traversal,ok,none,promoted_fallback,0.0087,0.0069,1.390805,1.000000,,12352,4440,original,original,false,0,0,true,0,exact_abs_or_rel,"PASS, max_abs=0.0000, max_rel=0.0474"
oscil_dcop_30.mtx,auto_lossless_lb,original_lb,load_balanced_traversal,ok,none,promoted_fallback,0.0089,0.0076,1.359551,0.977528,,12352,4440,auto_lossless,original,true,519,12352,true,0,exact_abs_or_rel,"PASS, max_abs=0.0000, max_rel=0.0474"
oscil_dcop_30.mtx,fp16_lb,fp16_lb,controlled_lossy_value_specialized,fail:1,accuracy_fail,accuracy_fail,0.0093,0.0072,1.301075,0.935484,,3088,4440,fp16,fp16,false,0,0,false,0,spmv_max_rel,"FAIL, max_abs=inf, max_rel=inf"
oscil_dcop_30.mtx,bf16_lb,bf16_lb,controlled_lossy_value_specialized,ok,none,accuracy_pass_runtime_loss,0.0093,0.0070,1.301075,0.935484,,3088,4440,bf16,bf16,false,0,0,false,0,spmv_max_rel,"PASS, max_abs=648.0000, max_rel=5.9859"
oscil_dcop_30.mtx,bfp8_lb,bfp8_lb,controlled_lossy_value_specialized,ok,none,accuracy_pass_runtime_loss,0.0093,0.0072,1.301075,0.935484,,2654,4440,bfp8,bfp8,false,0,0,false,0,spmv_max_rel,"PASS, max_abs=1543.0000, max_rel=41940577466.5105"
oscil_dcop_30.mtx,bfp8_outlier_lb,bfp8_outlier_lb,controlled_lossy_value_specialized,ok,none,accuracy_pass_runtime_loss,0.0106,0.0087,1.141509,0.820755,,2750,4440,bfp8_outlier,bfp8_outlier,false,0,0,false,0,spmv_max_rel,"PASS, max_abs=863.9890, max_rel=41940577466.5105"
oscil_dcop_30.mtx,bfp4_lb,bfp4_lb,controlled_lossy_value_specialized,fail:1,accuracy_fail,accuracy_fail,0.0115,0.0107,1.052174,0.756522,,1882,4440,bfp4,bfp4,false,0,0,false,0,spmv_max_rel,"FAIL, max_abs=28392.0000, max_rel=639958154993.9714"
oscil_dcop_30.mtx,hybrid_lb,hybrid_lb,structural_hybrid,ok,none,promoted_fallback,0.0073,0.0050,1.657534,1.191781,,12352,,original,raw_double,false,,,1,0,exact_abs_or_rel,"PASS, max_abs=0.0000, max_rel=0.0205"
oscil_dcop_30.mtx,cusparse_default,cusparse_csr,external_baseline,ok,none,external_baseline,0.0121,0.0102,1.000000,0.719008,,12352,7900,original,original,false,,,true,0,exact_abs_or_rel,"PASS, max_abs=0.0000, max_rel=0.0001"
oscil_dcop_38.mtx,original_lb,original_lb,load_balanced_traversal,ok,none,promoted_fallback,0.0087,0.0071,1.494253,1.000000,,12352,4440,original,original,false,0,0,true,0,exact_abs_or_rel,"PASS, max_abs=0.0000, max_rel=0.0250"
oscil_dcop_38.mtx,auto_lossless_lb,original_lb,load_balanced_traversal,ok,none,promoted_fallback,0.0080,0.0068,1.625000,1.087500,,12352,4440,auto_lossless,original,true,491,12352,true,0,exact_abs_or_rel,"PASS, max_abs=0.0000, max_rel=0.0250"
oscil_dcop_38.mtx,fp16_lb,fp16_lb,controlled_lossy_value_specialized,fail:1,accuracy_fail,accuracy_fail,0.0091,0.0072,1.428571,0.956044,,3088,4440,fp16,fp16,false,0,0,false,0,spmv_max_rel,"FAIL, max_abs=inf, max_rel=inf"
oscil_dcop_38.mtx,bf16_lb,bf16_lb,controlled_lossy_value_specialized,ok,none,accuracy_pass_runtime_loss,0.0091,0.0070,1.428571,0.956044,,3088,4440,bf16,bf16,false,0,0,false,0,spmv_max_rel,"PASS, max_abs=648.0000, max_rel=9.5455"
oscil_dcop_38.mtx,bfp8_lb,bfp8_lb,controlled_lossy_value_specialized,ok,none,accuracy_pass_runtime_loss,0.0098,0.0089,1.326531,0.887755,,2654,4440,bfp8,bfp8,false,0,0,false,0,spmv_max_rel,"PASS, max_abs=1543.0000, max_rel=23998613454.6235"
oscil_dcop_38.mtx,bfp8_outlier_lb,bfp8_outlier_lb,controlled_lossy_value_specialized,ok,none,accuracy_pass_runtime_loss,0.0107,0.0088,1.214953,0.813084,,2750,4440,bfp8_outlier,bfp8_outlier,false,0,0,false,0,spmv_max_rel,"PASS, max_abs=863.9890, max_rel=23998613454.6235"
oscil_dcop_38.mtx,bfp4_lb,bfp4_lb,controlled_lossy_value_specialized,fail:1,accuracy_fail,accuracy_fail,0.0119,0.0114,1.092437,0.731092,,1882,4440,bfp4,bfp4,false,0,0,false,0,spmv_max_rel,"FAIL, max_abs=28392.0000, max_rel=366187337329.9658"
oscil_dcop_38.mtx,hybrid_lb,hybrid_lb,structural_hybrid,ok,none,promoted_fallback,0.0069,0.0050,1.884058,1.260870,,12352,,original,raw_double,false,,,1,0,exact_abs_or_rel,"PASS, max_abs=0.0000, max_rel=0.0001"
oscil_dcop_38.mtx,cusparse_default,cusparse_csr,external_baseline,ok,none,external_baseline,0.0130,0.0102,1.000000,0.669231,,12352,7900,original,original,false,,,true,0,exact_abs_or_rel,"PASS, max_abs=0.0000, max_rel=0.0001"
oscil_dcop_46.mtx,original_lb,original_lb,load_balanced_traversal,ok,none,promoted_fallback,0.0082,0.0068,1.487805,1.000000,,12352,4440,original,original,false,0,0,true,0,exact_abs_or_rel,"PASS, max_abs=0.0000, max_rel=0.1448"
oscil_dcop_46.mtx,auto_lossless_lb,original_lb,load_balanced_traversal,ok,none,promoted_fallback,0.0078,0.0068,1.564103,1.051282,,12352,4440,auto_lossless,original,true,453,12352,true,0,exact_abs_or_rel,"PASS, max_abs=0.0000, max_rel=0.1448"
oscil_dcop_46.mtx,fp16_lb,fp16_lb,controlled_lossy_value_specialized,fail:1,accuracy_fail,accuracy_fail,0.0088,0.0071,1.386364,0.931818,,3088,4440,fp16,fp16,false,0,0,false,0,spmv_max_rel,"FAIL, max_abs=inf, max_rel=inf"
oscil_dcop_46.mtx,bf16_lb,bf16_lb,controlled_lossy_value_specialized,ok,none,accuracy_pass_runtime_loss,0.0105,0.0087,1.161905,0.780952,,3088,4440,bf16,bf16,false,0,0,false,0,spmv_max_rel,"PASS, max_abs=648.0000, max_rel=9.5455"
oscil_dcop_46.mtx,bfp8_lb,bfp8_lb,controlled_lossy_value_specialized,ok,none,accuracy_pass_runtime_loss,0.0091,0.0071,1.340659,0.901099,,2654,4440,bfp8,bfp8,false,0,0,false,0,spmv_max_rel,"PASS, max_abs=1543.0000, max_rel=16352606021.8284"
oscil_dcop_46.mtx,bfp8_outlier_lb,bfp8_outlier_lb,controlled_lossy_value_specialized,ok,none,accuracy_pass_runtime_loss,0.0105,0.0089,1.161905,0.780952,,2750,4440,bfp8_outlier,bfp8_outlier,false,0,0,false,0,spmv_max_rel,"PASS, max_abs=863.9890, max_rel=16352606021.8284"
oscil_dcop_46.mtx,bfp4_lb,bfp4_lb,controlled_lossy_value_specialized,fail:1,accuracy_fail,accuracy_fail,0.0120,0.0113,1.016667,0.683333,,1882,4440,bfp4,bfp4,false,0,0,false,0,spmv_max_rel,"FAIL, max_abs=28392.0000, max_rel=249519301135.3467"
oscil_dcop_46.mtx,hybrid_lb,hybrid_lb,structural_hybrid,ok,none,promoted_fallback,0.0071,0.0056,1.718310,1.154930,,12352,,original,raw_double,false,,,1,0,exact_abs_or_rel,"PASS, max_abs=0.0000, max_rel=0.0220"
oscil_dcop_46.mtx,cusparse_default,cusparse_csr,external_baseline,ok,none,external_baseline,0.0122,0.0102,1.000000,0.672131,,12352,7900,original,original,false,,,true,0,exact_abs_or_rel,"PASS, max_abs=0.0000, max_rel=0.0001"
oscil_dcop_54.mtx,original_lb,original_lb,load_balanced_traversal,ok,none,promoted_fallback,0.0080,0.0065,1.512500,1.000000,,12352,4440,original,original,false,0,0,true,0,exact_abs_or_rel,"PASS, max_abs=0.0000, max_rel=0.1475"
oscil_dcop_54.mtx,auto_lossless_lb,original_lb,load_balanced_traversal,ok,none,promoted_fallback,0.0075,0.0069,1.613333,1.066667,,12352,4440,auto_lossless,original,true,443,12352,true,0,exact_abs_or_rel,"PASS, max_abs=0.0000, max_rel=0.1475"
oscil_dcop_54.mtx,fp16_lb,fp16_lb,controlled_lossy_value_specialized,fail:1,accuracy_fail,accuracy_fail,0.0091,0.0072,1.329670,0.879121,,3088,4440,fp16,fp16,false,0,0,false,0,spmv_max_rel,"FAIL, max_abs=inf, max_rel=inf"
oscil_dcop_54.mtx,bf16_lb,bf16_lb,controlled_lossy_value_specialized,ok,none,accuracy_pass_runtime_loss,0.0092,0.0070,1.315217,0.869565,,3088,4440,bf16,bf16,false,0,0,false,0,spmv_max_rel,"PASS, max_abs=648.0000, max_rel=9.5455"
oscil_dcop_54.mtx,bfp8_lb,bfp8_lb,controlled_lossy_value_specialized,ok,none,accuracy_pass_runtime_loss,0.0094,0.0073,1.287234,0.851064,,2654,4440,bfp8,bfp8,false,0,0,false,0,spmv_max_rel,"PASS, max_abs=1543.0000, max_rel=20533391025.2592"
oscil_dcop_54.mtx,bfp8_outlier_lb,bfp8_outlier_lb,controlled_lossy_value_specialized,ok,none,accuracy_pass_runtime_loss,0.0106,0.0091,1.141509,0.754717,,2750,4440,bfp8_outlier,bfp8_outlier,false,0,0,false,0,spmv_max_rel,"PASS, max_abs=863.9890, max_rel=20533391025.2592"
oscil_dcop_54.mtx,bfp4_lb,bfp4_lb,controlled_lossy_value_specialized,fail:1,accuracy_fail,accuracy_fail,0.0115,0.0111,1.052174,0.695652,,1882,4440,bfp4,bfp4,false,0,0,false,0,spmv_max_rel,"FAIL, max_abs=28392.0000, max_rel=313312591998.5073"
oscil_dcop_54.mtx,hybrid_lb,hybrid_lb,structural_hybrid,ok,none,promoted_fallback,0.0071,0.0055,1.704225,1.126761,,12352,,original,raw_double,false,,,1,0,exact_abs_or_rel,"PASS, max_abs=0.0000, max_rel=0.0297"
oscil_dcop_54.mtx,cusparse_default,cusparse_csr,external_baseline,ok,none,external_baseline,0.0121,0.0102,1.000000,0.661157,,12352,7900,original,original,false,,,true,0,exact_abs_or_rel,"PASS, max_abs=0.0000, max_rel=0.0001"
plddb_A_09.mtx,original_lb,original_lb,load_balanced_traversal,ok,none,promoted_fallback,0.0073,0.0054,1.972603,1.000000,,86632,26576,original,original,false,0,0,true,0,exact_abs_or_rel,"PASS, max_abs=0.0000, max_rel=0.0000"
plddb_A_09.mtx,auto_lossless_lb,original_lb,load_balanced_traversal,ok,none,promoted_fallback,0.0075,0.0070,1.920000,0.973333,,86632,26576,auto_lossless,original,true,84,86632,true,0,exact_abs_or_rel,"PASS, max_abs=0.0000, max_rel=0.0000"
plddb_A_09.mtx,fp16_lb,fp16_lb,controlled_lossy_value_specialized,ok,none,accuracy_pass_runtime_loss,0.0074,0.0056,1.945946,0.986486,,21658,26576,fp16,fp16,false,0,0,false,0,spmv_max_rel,"PASS, max_abs=0.0280, max_rel=0.0025"
plddb_A_09.mtx,bf16_lb,bf16_lb,controlled_lossy_value_specialized,ok,none,accuracy_pass_runtime_loss,0.0077,0.0058,1.870130,0.948052,,21658,26576,bf16,bf16,false,0,0,false,0,spmv_max_rel,"PASS, max_abs=0.2220, max_rel=0.0494"
plddb_A_09.mtx,bfp8_lb,bfp8_lb,controlled_lossy_value_specialized,ok,none,accuracy_pass_runtime_loss,0.0075,0.0067,1.920000,0.973333,,17473,26576,bfp8,bfp8,false,0,0,false,0,spmv_max_rel,"PASS, max_abs=0.7492, max_rel=117210388183593735084243419136.0000"
plddb_A_09.mtx,bfp8_outlier_lb,bfp8_outlier_lb,controlled_lossy_value_specialized,ok,none,accuracy_pass_runtime_loss,0.0073,0.0069,1.972603,1.000000,,17473,26576,bfp8_outlier,bfp8_outlier,false,0,0,false,0,spmv_max_rel,"PASS, max_abs=0.7492, max_rel=117210388183593735084243419136.0000"
plddb_A_09.mtx,bfp4_lb,bfp4_lb,controlled_lossy_value_specialized,fail:1,accuracy_fail,accuracy_fail,0.0091,0.0072,1.582418,0.802198,,12059,26576,bfp4,bfp4,false,0,0,false,0,spmv_max_rel,"FAIL, max_abs=6.2691, max_rel=374267578124999961193962536960.0000"
plddb_A_09.mtx,hybrid_lb,hybrid_lb,structural_hybrid,ok,none,promoted_fallback,0.0064,0.0046,2.250000,1.140625,,86632,,original,raw_double,false,,,1,0,exact_abs_or_rel,"PASS, max_abs=0.0000, max_rel=0.0000"
plddb_A_09.mtx,cusparse_default,cusparse_csr,external_baseline,ok,none,external_baseline,0.0144,0.0123,1.000000,0.506944,,86632,55596,original,original,false,,,true,0,exact_abs_or_rel,"PASS, max_abs=0.0000, max_rel=0.0000"
rdb1250.mtx,original_lb,original_lb,load_balanced_traversal,ok,none,promoted_fallback,0.0062,0.0046,2.193548,1.000000,,58400,12104,original,original,false,0,0,true,0,exact_abs_or_rel,"PASS, max_abs=0.0000, max_rel=0.0000"
rdb1250.mtx,auto_lossless_lb,dict16_lb,lossless_value_specialized,ok,none,accuracy_pass_runtime_loss,0.0074,0.0060,1.837838,0.837838,,24256,12104,auto_lossless,dict16,true,6,24256,true,6,exact_abs_or_rel,"PASS, max_abs=0.0000, max_rel=0.0000"
rdb1250.mtx,fp16_lb,fp16_lb,controlled_lossy_value_specialized,ok,none,accuracy_pass_runtime_loss,0.0087,0.0070,1.563218,0.712644,,14600,12104,fp16,fp16,false,0,0,false,0,spmv_max_rel,"PASS, max_abs=0.0366, max_rel=0.1082"
rdb1250.mtx,bf16_lb,bf16_lb,controlled_lossy_value_specialized,ok,none,accuracy_pass_runtime_loss,0.0096,0.0076,1.416667,0.645833,,14600,12104,bf16,bf16,false,0,0,false,0,spmv_max_rel,"PASS, max_abs=0.0679, max_rel=0.5567"
rdb1250.mtx,bfp8_lb,bfp8_lb,controlled_lossy_value_specialized,ok,none,accuracy_pass_runtime_loss,0.0069,0.0056,1.971014,0.898551,,10326,12104,bfp8,bfp8,false,0,0,false,0,spmv_max_rel,"PASS, max_abs=0.7778, max_rel=2.8231"
rdb1250.mtx,bfp8_outlier_lb,bfp8_outlier_lb,controlled_lossy_value_specialized,ok,none,accuracy_pass_runtime_loss,0.0079,0.0067,1.721519,0.784810,,10326,12104,bfp8_outlier,bfp8_outlier,false,0,0,false,0,spmv_max_rel,"PASS, max_abs=0.7778, max_rel=2.8231"
rdb1250.mtx,bfp4_lb,bfp4_lb,controlled_lossy_value_specialized,fail:1,accuracy_fail,accuracy_fail,0.0078,0.0072,1.743590,0.794872,,6676,12104,bfp4,bfp4,false,0,0,false,0,spmv_max_rel,"FAIL, max_abs=11.1437, max_rel=68.5907"
rdb1250.mtx,hybrid_lb,hybrid_lb,structural_hybrid,ok,none,promoted_fallback,0.0064,0.0046,2.125000,0.968750,,58400,,original,raw_double,false,,,1,0,exact_abs_or_rel,"PASS, max_abs=0.0000, max_rel=0.0000"
rdb1250.mtx,cusparse_default,cusparse_csr,external_baseline,ok,none,external_baseline,0.0136,0.0123,1.000000,0.455882,,58400,34204,original,original,false,,,true,0,exact_abs_or_rel,"PASS, max_abs=0.0000, max_rel=0.0000"
rdb800l.mtx,original_lb,original_lb,load_balanced_traversal,ok,none,promoted_fallback,0.0059,0.0048,2.372881,1.000000,,37120,5920,original,original,false,0,0,true,0,exact_abs_or_rel,"PASS, max_abs=0.0000, max_rel=0.0000"
rdb800l.mtx,auto_lossless_lb,dict16_lb,lossless_value_specialized,ok,none,accuracy_pass_runtime_loss,0.0073,0.0058,1.917808,0.808219,,11888,5920,auto_lossless,dict16,true,6,11888,true,6,exact_abs_or_rel,"PASS, max_abs=0.0000, max_rel=0.0000"
rdb800l.mtx,fp16_lb,fp16_lb,controlled_lossy_value_specialized,ok,none,accuracy_pass_runtime_loss,0.0068,0.0046,2.058824,0.867647,,9280,5920,fp16,fp16,false,0,0,false,0,spmv_max_rel,"PASS, max_abs=0.0040, max_rel=0.0579"
rdb800l.mtx,bf16_lb,bf16_lb,controlled_lossy_value_specialized,ok,none,accuracy_pass_runtime_loss,0.0063,0.0051,2.222222,0.936508,,9280,5920,bf16,bf16,false,0,0,false,0,spmv_max_rel,"PASS, max_abs=0.0296, max_rel=0.3490"
rdb800l.mtx,bfp8_lb,bfp8_lb,controlled_lossy_value_specialized,ok,none,accuracy_pass_runtime_loss,0.0069,0.0050,2.028986,0.855072,,6120,5920,bfp8,bfp8,false,0,0,false,0,spmv_max_rel,"PASS, max_abs=0.0952, max_rel=6.2683"
rdb800l.mtx,bfp8_outlier_lb,bfp8_outlier_lb,controlled_lossy_value_specialized,ok,none,accuracy_pass_runtime_loss,0.0067,0.0056,2.089552,0.880597,,6120,5920,bfp8_outlier,bfp8_outlier,false,0,0,false,0,spmv_max_rel,"PASS, max_abs=0.0952, max_rel=6.2683"
rdb800l.mtx,bfp4_lb,bfp4_lb,controlled_lossy_value_specialized,fail:1,accuracy_fail,accuracy_fail,0.0066,0.0061,2.121212,0.893939,,3800,5920,bfp4,bfp4,false,0,0,false,0,spmv_max_rel,"FAIL, max_abs=2.2929, max_rel=42.4727"
rdb800l.mtx,hybrid_lb,hybrid_lb,structural_hybrid,ok,none,promoted_fallback,0.0067,0.0056,2.089552,0.880597,,37120,,original,raw_double,false,,,1,0,exact_abs_or_rel,"PASS, max_abs=0.0000, max_rel=0.0000"
rdb800l.mtx,cusparse_default,cusparse_csr,external_baseline,ok,none,external_baseline,0.0140,0.0123,1.000000,0.421429,,37120,21764,original,original,false,,,true,0,exact_abs_or_rel,"PASS, max_abs=0.0000, max_rel=0.0000"
reorientation_1.mtx,original_lb,original_lb,load_balanced_traversal,ok,none,promoted_fallback,0.0114,0.0105,1.131579,1.000000,,58608,13720,original,original,false,0,0,true,0,exact_abs_or_rel,"PASS, max_abs=0.0000, max_rel=0.0000"
reorientation_1.mtx,auto_lossless_lb,original_lb,load_balanced_traversal,ok,none,promoted_fallback,0.0114,0.0104,1.131579,1.000000,,58608,13720,auto_lossless,original,true,2300,58608,true,0,exact_abs_or_rel,"PASS, max_abs=0.0000, max_rel=0.0000"
reorientation_1.mtx,fp16_lb,fp16_lb,controlled_lossy_value_specialized,fail:1,accuracy_fail,accuracy_fail,0.0098,0.0087,1.316327,1.163265,,14652,13720,fp16,fp16,false,0,0,false,0,spmv_max_rel,"FAIL, max_abs=inf, max_rel=inf"
reorientation_1.mtx,bf16_lb,bf16_lb,controlled_lossy_value_specialized,ok,none,accuracy_pass_runtime_win,0.0108,0.0098,1.194444,1.055556,,14652,13720,bf16,bf16,false,0,0,false,0,spmv_max_rel,"PASS, max_abs=1074262.8694, max_rel=2.6991"
reorientation_1.mtx,bfp8_lb,bfp8_lb,controlled_lossy_value_specialized,ok,none,accuracy_pass_runtime_win,0.0103,0.0099,1.252427,1.106796,,10756,13720,bfp8,bfp8,false,0,0,false,0,spmv_max_rel,"PASS, max_abs=903818.0533, max_rel=47.7242"
reorientation_1.mtx,bfp8_outlier_lb,bfp8_outlier_lb,controlled_lossy_value_specialized,ok,none,accuracy_pass_runtime_win,0.0113,0.0105,1.141593,1.008850,,11332,13720,bfp8_outlier,bfp8_outlier,false,0,0,false,0,spmv_max_rel,"PASS, max_abs=2754.6575, max_rel=47.7242"
reorientation_1.mtx,bfp4_lb,bfp4_lb,controlled_lossy_value_specialized,ok,none,accuracy_pass_runtime_loss,0.0140,0.0130,0.921429,0.814286,,7093,13720,bfp4,bfp4,false,0,0,false,0,spmv_max_rel,"PASS, max_abs=3907113.7839, max_rel=200.2841"
reorientation_1.mtx,hybrid_lb,hybrid_lb,structural_hybrid,ok,none,promoted_fallback,0.0079,0.0070,1.632911,1.443038,,58608,,original,raw_double,false,,,1,0,exact_abs_or_rel,"PASS, max_abs=0.0000, max_rel=0.0000"
reorientation_1.mtx,cusparse_default,cusparse_csr,external_baseline,ok,none,external_baseline,0.0129,0.0102,1.000000,0.883721,,58608,32016,original,original,false,,,true,0,exact_abs_or_rel,"PASS, max_abs=0.0000, max_rel=0.0000"
robot.mtx,original_lb,original_lb,load_balanced_traversal,ok,none,promoted_fallback,0.0066,0.0052,1.818182,1.000000,,6960,1024,original,original,false,0,0,true,0,exact_abs_or_rel,"PASS, max_abs=0.0000, max_rel=0.0000"
robot.mtx,auto_lossless_lb,original_lb,load_balanced_traversal,ok,none,promoted_fallback,0.0078,0.0067,1.538462,0.846154,,6960,1024,auto_lossless,original,true,490,6960,true,0,exact_abs_or_rel,"PASS, max_abs=0.0000, max_rel=0.0000"
robot.mtx,fp16_lb,fp16_lb,controlled_lossy_value_specialized,ok,none,accuracy_pass_runtime_loss,0.0067,0.0050,1.791045,0.985075,,1740,1024,fp16,fp16,false,0,0,false,0,spmv_max_rel,"PASS, max_abs=0.0174, max_rel=0.0033"
robot.mtx,bf16_lb,bf16_lb,controlled_lossy_value_specialized,ok,none,accuracy_pass_runtime_loss,0.0066,0.0055,1.818182,1.000000,,1740,1024,bf16,bf16,false,0,0,false,0,spmv_max_rel,"PASS, max_abs=0.3047, max_rel=0.0104"
robot.mtx,bfp8_lb,bfp8_lb,controlled_lossy_value_specialized,ok,none,accuracy_pass_runtime_loss,0.0068,0.0056,1.764706,0.970588,,1126,1024,bfp8,bfp8,false,0,0,false,0,spmv_max_rel,"PASS, max_abs=0.3014, max_rel=1.0302"
robot.mtx,bfp8_outlier_lb,bfp8_outlier_lb,controlled_lossy_value_specialized,ok,none,accuracy_pass_runtime_loss,0.0094,0.0074,1.276596,0.702128,,1174,1024,bfp8_outlier,bfp8_outlier,false,0,0,false,0,spmv_max_rel,"PASS, max_abs=0.2922, max_rel=1.0302"
robot.mtx,bfp4_lb,bfp4_lb,controlled_lossy_value_specialized,fail:1,accuracy_fail,accuracy_fail,0.0070,0.0065,1.714286,0.942857,,691,1024,bfp4,bfp4,false,0,0,false,0,spmv_max_rel,"FAIL, max_abs=6.2485, max_rel=12.1295"
robot.mtx,hybrid_lb,hybrid_lb,structural_hybrid,ok,none,promoted_fallback,0.0071,0.0056,1.690141,0.929577,,6960,,original,raw_double,false,,,1,0,exact_abs_or_rel,"PASS, max_abs=0.0000, max_rel=0.0000"
robot.mtx,cusparse_default,cusparse_csr,external_baseline,ok,none,external_baseline,0.0120,0.0102,1.000000,0.550000,,6960,3964,original,original,false,,,true,0,exact_abs_or_rel,"PASS, max_abs=0.0000, max_rel=0.0000"
s2rmq4m1.mtx,original_lb,original_lb,load_balanced_traversal,ok,none,promoted_fallback,0.0073,0.0062,1.931507,1.000000,,2106808,114520,original,original,false,0,0,true,0,exact_abs_or_rel,"PASS, max_abs=0.0000, max_rel=0.0000"
s2rmq4m1.mtx,auto_lossless_lb,dict65536_u16_lb,lossless_value_specialized,ok,none,accuracy_pass_runtime_loss,0.0091,0.0082,1.549451,0.802198,,1057952,114520,auto_lossless,dict65536_u16,true,17724,1057952,true,17724,exact_abs_or_rel,"PASS, max_abs=0.0000, max_rel=0.0000"
s2rmq4m1.mtx,fp16_lb,fp16_lb,controlled_lossy_value_specialized,ok,none,accuracy_pass_runtime_loss,0.0082,0.0065,1.719512,0.890244,,526702,114520,fp16,fp16,false,0,0,false,0,spmv_max_rel,"PASS, max_abs=10.8603, max_rel=10.8608"
s2rmq4m1.mtx,bf16_lb,bf16_lb,controlled_lossy_value_specialized,ok,none,accuracy_pass_runtime_loss,0.0103,0.0088,1.368932,0.708738,,526702,114520,bf16,bf16,false,0,0,false,0,spmv_max_rel,"PASS, max_abs=66.5020, max_rel=32.1156"
s2rmq4m1.mtx,bfp8_lb,bfp8_lb,controlled_lossy_value_specialized,ok,none,accuracy_pass_runtime_loss,0.0086,0.0071,1.639535,0.848837,,291981,114520,bfp8,bfp8,false,0,0,false,0,spmv_max_rel,"PASS, max_abs=216.4671, max_rel=686.7664"
s2rmq4m1.mtx,bfp8_outlier_lb,bfp8_outlier_lb,controlled_lossy_value_specialized,ok,none,accuracy_pass_runtime_loss,0.0106,0.0094,1.330189,0.688679,,312861,114520,bfp8_outlier,bfp8_outlier,false,0,0,false,0,spmv_max_rel,"PASS, max_abs=166.3545, max_rel=221.5614"
s2rmq4m1.mtx,bfp4_lb,bfp4_lb,controlled_lossy_value_specialized,fail:1,accuracy_fail,accuracy_fail,0.0121,0.0109,1.165289,0.603306,,160306,114520,bfp4,bfp4,false,0,0,false,0,spmv_max_rel,"FAIL, max_abs=4072.3703, max_rel=4240.2946"
s2rmq4m1.mtx,hybrid_lb,hybrid_lb,structural_hybrid,ok,none,promoted_fallback,0.0098,0.0084,1.438776,0.744898,,2106808,,original,raw_double,false,,,1,0,exact_abs_or_rel,"PASS, max_abs=0.0000, max_rel=0.0000"
s2rmq4m1.mtx,cusparse_default,cusparse_csr,external_baseline,ok,none,external_baseline,0.0141,0.0102,1.000000,0.517730,,2106808,1075364,original,original,false,,,true,0,exact_abs_or_rel,"PASS, max_abs=0.0000, max_rel=0.0000"
scrs8-2r.mtx,original_lb,original_lb,load_balanced_traversal,ok,none,promoted_fallback,0.0070,0.0063,2.228571,1.000000,,467512,174280,original,original,false,0,0,true,0,exact_abs_or_rel,"PASS, max_abs=0.0000, max_rel=0.0000"
scrs8-2r.mtx,auto_lossless_lb,original_lb,load_balanced_traversal,ok,none,promoted_fallback,0.0078,0.0070,2.000000,0.897436,,467512,174280,auto_lossless,original,true,24,467512,true,0,exact_abs_or_rel,"PASS, max_abs=0.0000, max_rel=0.0000"
scrs8-2r.mtx,fp16_lb,fp16_lb,controlled_lossy_value_specialized,ok,none,accuracy_pass_runtime_win,0.0069,0.0065,2.260870,1.014493,,116878,174280,fp16,fp16,false,0,0,false,0,spmv_max_rel,"PASS, max_abs=0.0002, max_rel=0.0031"
scrs8-2r.mtx,bf16_lb,bf16_lb,controlled_lossy_value_specialized,ok,none,accuracy_pass_runtime_loss,0.0071,0.0065,2.197183,0.985915,,116878,174280,bf16,bf16,false,0,0,false,0,spmv_max_rel,"PASS, max_abs=0.0015, max_rel=0.1393"
scrs8-2r.mtx,bfp8_lb,bfp8_lb,controlled_lossy_value_specialized,ok,none,accuracy_pass_runtime_loss,0.0071,0.0060,2.197183,0.985915,,102009,174280,bfp8,bfp8,false,0,0,false,0,spmv_max_rel,"PASS, max_abs=0.2887, max_rel=968933105468749858205597696.0000"
scrs8-2r.mtx,bfp8_outlier_lb,bfp8_outlier_lb,controlled_lossy_value_specialized,ok,none,accuracy_pass_runtime_loss,0.0072,0.0061,2.166667,0.972222,,102009,174280,bfp8_outlier,bfp8_outlier,false,0,0,false,0,spmv_max_rel,"PASS, max_abs=0.2887, max_rel=968933105468749858205597696.0000"
scrs8-2r.mtx,bfp4_lb,bfp4_lb,controlled_lossy_value_specialized,fail:1,accuracy_fail,accuracy_fail,0.0088,0.0072,1.772727,0.795455,,72790,174280,bfp4,bfp4,false,0,0,false,0,spmv_max_rel,"FAIL, max_abs=2.8467, max_rel=1708984374999999827824082944.0000"
scrs8-2r.mtx,hybrid_lb,hybrid_lb,structural_hybrid,ok,none,promoted_fallback,0.0073,0.0058,2.136986,0.958904,,467512,,original,raw_double,false,,,1,0,exact_abs_or_rel,"PASS, max_abs=0.0000, max_rel=0.0000"
scrs8-2r.mtx,cusparse_default,cusparse_csr,external_baseline,ok,none,external_baseline,0.0156,0.0123,1.000000,0.448718,,467512,291216,original,original,false,,,true,0,exact_abs_or_rel,"PASS, max_abs=0.0000, max_rel=0.0000"
sctap1-2b_A_2.mtx,original_lb,original_lb,load_balanced_traversal,ok,none,promoted_fallback,0.0098,0.0080,1.408163,1.000000,,50672,18896,original,original,false,0,0,true,0,exact_abs_or_rel,"PASS, max_abs=0.0000, max_rel=0.0000"
sctap1-2b_A_2.mtx,auto_lossless_lb,original_lb,load_balanced_traversal,ok,none,promoted_fallback,0.0090,0.0073,1.533333,1.088889,,50672,18896,auto_lossless,original,true,17,50672,true,0,exact_abs_or_rel,"PASS, max_abs=0.0000, max_rel=0.0000"
sctap1-2b_A_2.mtx,fp16_lb,fp16_lb,controlled_lossy_value_specialized,ok,none,accuracy_pass_runtime_win,0.0091,0.0084,1.516484,1.076923,,12668,18896,fp16,fp16,false,0,0,false,0,spmv_max_rel,"PASS, max_abs=0.0000, max_rel=0.0000"
sctap1-2b_A_2.mtx,bf16_lb,bf16_lb,controlled_lossy_value_specialized,ok,none,accuracy_pass_runtime_win,0.0091,0.0081,1.516484,1.076923,,12668,18896,bf16,bf16,false,0,0,false,0,spmv_max_rel,"PASS, max_abs=0.0000, max_rel=0.0000"
sctap1-2b_A_2.mtx,bfp8_lb,bfp8_lb,controlled_lossy_value_specialized,ok,none,accuracy_pass_runtime_loss,0.0102,0.0095,1.352941,0.960784,,11058,18896,bfp8,bfp8,false,0,0,false,0,spmv_max_rel,"PASS, max_abs=0.3012, max_rel=88172912597656234210491367424.0000"
sctap1-2b_A_2.mtx,bfp8_outlier_lb,bfp8_outlier_lb,controlled_lossy_value_specialized,ok,none,accuracy_pass_runtime_loss,0.0101,0.0088,1.366337,0.970297,,11058,18896,bfp8_outlier,bfp8_outlier,false,0,0,false,0,spmv_max_rel,"PASS, max_abs=0.3012, max_rel=88172912597656234210491367424.0000"
sctap1-2b_A_2.mtx,bfp4_lb,bfp4_lb,controlled_lossy_value_specialized,fail:1,accuracy_fail,accuracy_fail,0.0148,0.0134,0.932432,0.662162,,7891,18896,bfp4,bfp4,false,0,0,false,0,spmv_max_rel,"FAIL, max_abs=7.4207, max_rel=1250976562499999922345740337152.0000"
sctap1-2b_A_2.mtx,hybrid_lb,hybrid_lb,structural_hybrid,ok,none,promoted_fallback,0.0067,0.0050,2.059701,1.462687,,50672,,original,raw_double,false,,,1,0,exact_abs_or_rel,"PASS, max_abs=0.0000, max_rel=0.0000"
sctap1-2b_A_2.mtx,cusparse_default,cusparse_csr,external_baseline,ok,none,external_baseline,0.0138,0.0123,1.000000,0.710145,,50672,29300,original,original,false,,,true,0,exact_abs_or_rel,"PASS, max_abs=0.0000, max_rel=0.0000"
shermanACd.mtx,original_lb,original_lb,load_balanced_traversal,ok,none,promoted_fallback,0.0092,0.0085,1.706522,1.000000,,426632,186656,original,original,false,0,0,true,0,exact_abs_or_rel,"PASS, max_abs=0.0000, max_rel=1.0000"
shermanACd.mtx,auto_lossless_lb,original_lb,load_balanced_traversal,ok,none,promoted_fallback,0.0143,0.0136,1.097902,0.643357,,426632,186656,auto_lossless,original,true,29890,426632,true,0,exact_abs_or_rel,"PASS, max_abs=0.0000, max_rel=1.0000"
shermanACd.mtx,fp16_lb,fp16_lb,controlled_lossy_value_specialized,ok,none,accuracy_pass_runtime_win,0.0081,0.0072,1.938272,1.135802,,106658,186656,fp16,fp16,false,0,0,false,0,spmv_max_rel,"PASS, max_abs=0.0043, max_rel=4780485338157.5215"
shermanACd.mtx,bf16_lb,bf16_lb,controlled_lossy_value_specialized,ok,none,accuracy_pass_runtime_win,0.0080,0.0072,1.962500,1.150000,,106658,186656,bf16,bf16,false,0,0,false,0,spmv_max_rel,"PASS, max_abs=0.0851, max_rel=4589265924631.2607"
shermanACd.mtx,bfp8_lb,bfp8_lb,controlled_lossy_value_specialized,ok,none,accuracy_pass_runtime_loss,0.0102,0.0096,1.539216,0.901961,,99993,186656,bfp8,bfp8,false,0,0,false,0,spmv_max_rel,"PASS, max_abs=0.0887, max_rel=6258487701416014726037504.0000"
shermanACd.mtx,bfp8_outlier_lb,bfp8_outlier_lb,controlled_lossy_value_specialized,ok,none,accuracy_pass_runtime_loss,0.0118,0.0094,1.330508,0.779661,,104233,186656,bfp8_outlier,bfp8_outlier,false,0,0,false,0,spmv_max_rel,"PASS, max_abs=0.0055, max_rel=6258487701416014726037504.0000"
shermanACd.mtx,bfp4_lb,bfp4_lb,controlled_lossy_value_specialized,fail:1,accuracy_fail,accuracy_fail,0.0137,0.0128,1.145985,0.671533,,73329,186656,bfp4,bfp4,false,0,0,false,0,spmv_max_rel,"FAIL, max_abs=0.5630, max_rel=148773193359374982557204480.0000"
shermanACd.mtx,hybrid_lb,hybrid_lb,structural_hybrid,ok,none,promoted_fallback,0.0118,0.0105,1.330508,0.779661,,426632,,original,raw_double,false,,,1,0,exact_abs_or_rel,"PASS, max_abs=0.0000, max_rel=1.0000"
shermanACd.mtx,cusparse_default,cusparse_csr,external_baseline,ok,none,external_baseline,0.0157,0.0123,1.000000,0.585987,,426632,237864,original,original,false,,,true,0,exact_abs_or_rel,"PASS, max_abs=0.0000, max_rel=1.0000"
small.mtx,original_lb,original_lb,load_balanced_traversal,ok,none,promoted_fallback,0.0080,0.0071,1.737500,1.000000,,25656,9144,original,original,false,0,0,true,0,exact_abs_or_rel,"PASS, max_abs=0.0000, max_rel=0.0000"
small.mtx,auto_lossless_lb,original_lb,load_balanced_traversal,ok,none,promoted_fallback,0.0078,0.0066,1.782051,1.025641,,25656,9144,auto_lossless,original,true,674,25656,true,0,exact_abs_or_rel,"PASS, max_abs=0.0000, max_rel=0.0000"
small.mtx,fp16_lb,fp16_lb,controlled_lossy_value_specialized,ok,none,accuracy_pass_runtime_loss,0.0083,0.0066,1.674699,0.963855,,6414,9144,fp16,fp16,false,0,0,false,0,spmv_max_rel,"PASS, max_abs=0.1018, max_rel=123.0703"
small.mtx,bf16_lb,bf16_lb,controlled_lossy_value_specialized,ok,none,accuracy_pass_runtime_win,0.0079,0.0066,1.759494,1.012658,,6414,9144,bf16,bf16,false,0,0,false,0,spmv_max_rel,"PASS, max_abs=0.5349, max_rel=975.5625"
small.mtx,bfp8_lb,bfp8_lb,controlled_lossy_value_specialized,ok,none,accuracy_pass_runtime_loss,0.0082,0.0064,1.695122,0.975610,,5493,9144,bfp8,bfp8,false,0,0,false,0,spmv_max_rel,"PASS, max_abs=4.1730, max_rel=19867.9434"
small.mtx,bfp8_outlier_lb,bfp8_outlier_lb,controlled_lossy_value_specialized,ok,none,accuracy_pass_runtime_loss,0.0085,0.0073,1.635294,0.941176,,5493,9144,bfp8_outlier,bfp8_outlier,false,0,0,false,0,spmv_max_rel,"PASS, max_abs=4.1730, max_rel=19867.9434"
small.mtx,bfp4_lb,bfp4_lb,controlled_lossy_value_specialized,fail:1,accuracy_fail,accuracy_fail,0.0094,0.0084,1.478723,0.851064,,3890,9144,bfp4,bfp4,false,0,0,false,0,spmv_max_rel,"FAIL, max_abs=66.5731, max_rel=499024.4374"
small.mtx,hybrid_lb,hybrid_lb,structural_hybrid,ok,none,promoted_fallback,0.0069,0.0052,2.014493,1.159420,,25656,,original,raw_double,false,,,1,0,exact_abs_or_rel,"PASS, max_abs=0.0000, max_rel=0.0000"
small.mtx,cusparse_default,cusparse_csr,external_baseline,ok,none,external_baseline,0.0139,0.0102,1.000000,0.575540,,25656,15540,original,original,false,,,true,0,exact_abs_or_rel,"PASS, max_abs=0.0000, max_rel=0.0000"
spaceShuttleEntry_2.mtx,original_lb,original_lb,load_balanced_traversal,ok,none,promoted_fallback,0.0086,0.0074,1.604651,1.000000,,192584,34784,original,original,false,0,0,true,0,exact_abs_or_rel,"PASS, max_abs=0.0000, max_rel=0.0000"
spaceShuttleEntry_2.mtx,auto_lossless_lb,original_lb,load_balanced_traversal,ok,none,promoted_fallback,0.0089,0.0085,1.550562,0.966292,,192584,34784,auto_lossless,original,true,6779,192584,true,0,exact_abs_or_rel,"PASS, max_abs=0.0000, max_rel=0.0000"
spaceShuttleEntry_2.mtx,fp16_lb,fp16_lb,controlled_lossy_value_specialized,ok,none,accuracy_pass_runtime_loss,0.0089,0.0077,1.550562,0.966292,,48146,34784,fp16,fp16,false,0,0,false,0,spmv_max_rel,"PASS, max_abs=0.0215, max_rel=0.0632"
spaceShuttleEntry_2.mtx,bf16_lb,bf16_lb,controlled_lossy_value_specialized,ok,none,accuracy_pass_runtime_loss,0.0087,0.0079,1.586207,0.988506,,48146,34784,bf16,bf16,false,0,0,false,0,spmv_max_rel,"PASS, max_abs=0.1196, max_rel=0.6638"
spaceShuttleEntry_2.mtx,bfp8_lb,bfp8_lb,controlled_lossy_value_specialized,ok,none,accuracy_pass_runtime_loss,0.0095,0.0084,1.452632,0.905263,,32769,34784,bfp8,bfp8,false,0,0,false,0,spmv_max_rel,"PASS, max_abs=0.3518, max_rel=3.0953"
spaceShuttleEntry_2.mtx,bfp8_outlier_lb,bfp8_outlier_lb,controlled_lossy_value_specialized,ok,none,accuracy_pass_runtime_loss,0.0127,0.0106,1.086614,0.677165,,34689,34784,bfp8_outlier,bfp8_outlier,false,0,0,false,0,spmv_max_rel,"PASS, max_abs=0.2758, max_rel=2.2491"
spaceShuttleEntry_2.mtx,bfp4_lb,bfp4_lb,controlled_lossy_value_specialized,fail:1,accuracy_fail,accuracy_fail,0.0147,0.0130,0.938776,0.585034,,20733,34784,bfp4,bfp4,false,0,0,false,0,spmv_max_rel,"FAIL, max_abs=6.2928, max_rel=17.6619"
spaceShuttleEntry_2.mtx,hybrid_lb,hybrid_lb,structural_hybrid,ok,none,promoted_fallback,0.0091,0.0071,1.516484,0.945055,,192584,,original,raw_double,false,,,1,0,exact_abs_or_rel,"PASS, max_abs=0.0000, max_rel=0.0000"
spaceShuttleEntry_2.mtx,cusparse_default,cusparse_csr,external_baseline,ok,none,external_baseline,0.0138,0.0102,1.000000,0.623188,,192584,102008,original,original,false,,,true,0,exact_abs_or_rel,"PASS, max_abs=0.0000, max_rel=0.0000"
spaceShuttleEntry_4.mtx,original_lb,original_lb,load_balanced_traversal,ok,none,promoted_fallback,0.0083,0.0071,1.674699,1.000000,,317352,58952,original,original,false,0,0,true,0,exact_abs_or_rel,"PASS, max_abs=0.0000, max_rel=0.0000"
spaceShuttleEntry_4.mtx,auto_lossless_lb,original_lb,load_balanced_traversal,ok,none,promoted_fallback,0.0089,0.0082,1.561798,0.932584,,317352,58952,auto_lossless,original,true,12010,317352,true,0,exact_abs_or_rel,"PASS, max_abs=0.0000, max_rel=0.0000"
spaceShuttleEntry_4.mtx,fp16_lb,fp16_lb,controlled_lossy_value_specialized,ok,none,accuracy_pass_runtime_loss,0.0086,0.0075,1.616279,0.965116,,79338,58952,fp16,fp16,false,0,0,false,0,spmv_max_rel,"PASS, max_abs=0.0247, max_rel=6.0291"
spaceShuttleEntry_4.mtx,bf16_lb,bf16_lb,controlled_lossy_value_specialized,ok,none,accuracy_pass_runtime_loss,0.0087,0.0084,1.597701,0.954023,,79338,58952,bf16,bf16,false,0,0,false,0,spmv_max_rel,"PASS, max_abs=0.1008, max_rel=21.7724"
spaceShuttleEntry_4.mtx,bfp8_lb,bfp8_lb,controlled_lossy_value_specialized,ok,none,accuracy_pass_runtime_loss,0.0101,0.0090,1.376238,0.821782,,54407,58952,bfp8,bfp8,false,0,0,false,0,spmv_max_rel,"PASS, max_abs=0.3894, max_rel=499.0031"
spaceShuttleEntry_4.mtx,bfp8_outlier_lb,bfp8_outlier_lb,controlled_lossy_value_specialized,ok,none,accuracy_pass_runtime_loss,0.0114,0.0104,1.219298,0.728070,,57575,58952,bfp8_outlier,bfp8_outlier,false,0,0,false,0,spmv_max_rel,"PASS, max_abs=0.2312, max_rel=499.0031"
spaceShuttleEntry_4.mtx,bfp4_lb,bfp4_lb,controlled_lossy_value_specialized,fail:1,accuracy_fail,accuracy_fail,0.0148,0.0132,0.939189,0.560811,,34573,58952,bfp4,bfp4,false,0,0,false,0,spmv_max_rel,"FAIL, max_abs=5.9462, max_rel=10517.0676"
spaceShuttleEntry_4.mtx,hybrid_lb,hybrid_lb,structural_hybrid,ok,none,promoted_fallback,0.0083,0.0072,1.674699,1.000000,,317352,,original,raw_double,false,,,1,0,exact_abs_or_rel,"PASS, max_abs=0.0000, max_rel=0.0000"
spaceShuttleEntry_4.mtx,cusparse_default,cusparse_csr,external_baseline,ok,none,external_baseline,0.0139,0.0102,1.000000,0.597122,,317352,168480,original,original,false,,,true,0,exact_abs_or_rel,"PASS, max_abs=0.0000, max_rel=0.0000"
spaceStation_4.mtx,original_lb,original_lb,load_balanced_traversal,ok,none,promoted_fallback,0.0090,0.0073,1.566667,1.000000,,109008,22216,original,original,false,0,0,true,0,exact_abs_or_rel,"PASS, max_abs=0.0000, max_rel=0.0000"
spaceStation_4.mtx,auto_lossless_lb,original_lb,load_balanced_traversal,ok,none,promoted_fallback,0.0088,0.0076,1.602273,1.022727,,109008,22216,auto_lossless,original,true,3772,109008,true,0,exact_abs_or_rel,"PASS, max_abs=0.0000, max_rel=0.0000"
spaceStation_4.mtx,fp16_lb,fp16_lb,controlled_lossy_value_specialized,ok,none,accuracy_pass_runtime_loss,0.0094,0.0080,1.500000,0.957447,,27252,22216,fp16,fp16,false,0,0,false,0,spmv_max_rel,"PASS, max_abs=0.0408, max_rel=1.0000"
spaceStation_4.mtx,bf16_lb,bf16_lb,controlled_lossy_value_specialized,ok,none,accuracy_pass_runtime_loss,0.0094,0.0080,1.500000,0.957447,,27252,22216,bf16,bf16,false,0,0,false,0,spmv_max_rel,"PASS, max_abs=0.3127, max_rel=0.5584"
spaceStation_4.mtx,bfp8_lb,bfp8_lb,controlled_lossy_value_specialized,ok,none,accuracy_pass_runtime_loss,0.0099,0.0089,1.424242,0.909091,,19180,22216,bfp8,bfp8,false,0,0,false,0,spmv_max_rel,"PASS, max_abs=0.4731, max_rel=52.4048"
spaceStation_4.mtx,bfp8_outlier_lb,bfp8_outlier_lb,controlled_lossy_value_specialized,ok,none,accuracy_pass_runtime_loss,0.0118,0.0103,1.194915,0.762712,,20268,22216,bfp8_outlier,bfp8_outlier,false,0,0,false,0,spmv_max_rel,"PASS, max_abs=0.3810, max_rel=52.4048"
spaceStation_4.mtx,bfp4_lb,bfp4_lb,controlled_lossy_value_specialized,fail:1,accuracy_fail,accuracy_fail,0.0145,0.0134,0.972414,0.620690,,12367,22216,bfp4,bfp4,false,0,0,false,0,spmv_max_rel,"FAIL, max_abs=9.8011, max_rel=760.7010"
spaceStation_4.mtx,hybrid_lb,hybrid_lb,structural_hybrid,ok,none,promoted_fallback,0.0096,0.0078,1.468750,0.937500,,109008,,original,raw_double,false,,,1,0,exact_abs_or_rel,"PASS, max_abs=0.0000, max_rel=0.0000"
spaceStation_4.mtx,cusparse_default,cusparse_csr,external_baseline,ok,none,external_baseline,0.0141,0.0102,1.000000,0.638298,,109008,58308,original,original,false,,,true,0,exact_abs_or_rel,"PASS, max_abs=0.0000, max_rel=0.0000"
sphere3.mtx,original_lb,original_lb,load_balanced_traversal,ok,none,promoted_fallback,0.0073,0.0065,1.684932,1.000000,,14352,3208,original,original,false,0,0,true,0,exact_abs_or_rel,"PASS, max_abs=0.0000, max_rel=0.0000"
sphere3.mtx,auto_lossless_lb,all_one_lb,lossless_value_specialized,ok,none,accuracy_pass_runtime_loss,0.0079,0.0059,1.556962,0.924051,,0,3208,auto_lossless,all_one,true,1,0,true,0,exact_abs_or_rel,"PASS, max_abs=0.0000, max_rel=0.0000"
sphere3.mtx,fp16_lb,fp16_lb,controlled_lossy_value_specialized,ok,none,accuracy_pass_runtime_win,0.0068,0.0054,1.808824,1.073529,,3588,3208,fp16,fp16,false,0,0,false,0,spmv_max_rel,"PASS, max_abs=0.0000, max_rel=0.0000"
sphere3.mtx,bf16_lb,bf16_lb,controlled_lossy_value_specialized,ok,none,accuracy_pass_runtime_win,0.0062,0.0054,1.983871,1.177419,,3588,3208,bf16,bf16,false,0,0,false,0,spmv_max_rel,"PASS, max_abs=0.0000, max_rel=0.0000"
sphere3.mtx,bfp8_lb,bfp8_lb,controlled_lossy_value_specialized,ok,none,accuracy_pass_runtime_loss,0.0080,0.0075,1.537500,0.912500,,2596,3208,bfp8,bfp8,false,0,0,false,0,spmv_max_rel,"PASS, max_abs=0.0002, max_rel=0.0001"
sphere3.mtx,bfp8_outlier_lb,bfp8_outlier_lb,controlled_lossy_value_specialized,ok,none,accuracy_pass_runtime_loss,0.0078,0.0069,1.576923,0.935897,,2596,3208,bfp8_outlier,bfp8_outlier,false,0,0,false,0,spmv_max_rel,"PASS, max_abs=0.0002, max_rel=0.0001"
sphere3.mtx,bfp4_lb,bfp4_lb,controlled_lossy_value_specialized,ok,none,accuracy_pass_runtime_loss,0.0091,0.0077,1.351648,0.802198,,1699,3208,bfp4,bfp4,false,0,0,false,0,spmv_max_rel,"PASS, max_abs=0.0073, max_rel=0.0020"
sphere3.mtx,hybrid_lb,hybrid_lb,structural_hybrid,ok,none,promoted_fallback,0.0070,0.0057,1.757143,1.042857,,14352,,original,raw_double,false,,,1,0,exact_abs_or_rel,"PASS, max_abs=0.0000, max_rel=0.0000"
sphere3.mtx,cusparse_default,cusparse_csr,external_baseline,ok,none,external_baseline,0.0123,0.0102,1.000000,0.593496,,14352,8212,original,original,false,,,true,0,exact_abs_or_rel,"PASS, max_abs=0.0000, max_rel=0.0000"
stormg2-27.mtx,original_lb,original_lb,load_balanced_traversal,ok,none,promoted_fallback,0.0093,0.0085,1.580645,1.000000,,754192,282072,original,original,false,0,0,true,0,exact_abs_or_rel,"PASS, max_abs=0.0000, max_rel=0.0000"
stormg2-27.mtx,auto_lossless_lb,original_lb,load_balanced_traversal,ok,none,promoted_fallback,0.0098,0.0083,1.500000,0.948980,,754192,282072,auto_lossless,original,true,99,754192,true,0,exact_abs_or_rel,"PASS, max_abs=0.0000, max_rel=0.0000"
stormg2-27.mtx,fp16_lb,fp16_lb,controlled_lossy_value_specialized,ok,none,accuracy_pass_runtime_win,0.0092,0.0085,1.597826,1.010870,,188548,282072,fp16,fp16,false,0,0,false,0,spmv_max_rel,"PASS, max_abs=0.0213, max_rel=0.0008"
stormg2-27.mtx,bf16_lb,bf16_lb,controlled_lossy_value_specialized,ok,none,accuracy_pass_runtime_loss,0.0102,0.0085,1.441176,0.911765,,188548,282072,bf16,bf16,false,0,0,false,0,spmv_max_rel,"PASS, max_abs=0.1656, max_rel=0.0109"
stormg2-27.mtx,bfp8_lb,bfp8_lb,controlled_lossy_value_specialized,ok,none,accuracy_pass_runtime_loss,0.0103,0.0088,1.427184,0.902913,,164792,282072,bfp8,bfp8,false,0,0,false,0,spmv_max_rel,"PASS, max_abs=0.4498, max_rel=0.0891"
stormg2-27.mtx,bfp8_outlier_lb,bfp8_outlier_lb,controlled_lossy_value_specialized,ok,none,accuracy_pass_runtime_loss,0.0124,0.0110,1.185484,0.750000,,169544,282072,bfp8_outlier,bfp8_outlier,false,0,0,false,0,spmv_max_rel,"PASS, max_abs=0.2891, max_rel=0.0891"
stormg2-27.mtx,bfp4_lb,bfp4_lb,controlled_lossy_value_specialized,fail:1,accuracy_fail,accuracy_fail,0.0151,0.0125,0.973510,0.615894,,117655,282072,bfp4,bfp4,false,0,0,false,0,spmv_max_rel,"FAIL, max_abs=4.6680, max_rel=1.4434"
stormg2-27.mtx,hybrid_lb,hybrid_lb,structural_hybrid,ok,none,promoted_fallback,0.0078,0.0069,1.884615,1.192308,,754192,,original,raw_double,false,,,1,0,exact_abs_or_rel,"PASS, max_abs=0.0000, max_rel=0.0000"
stormg2-27.mtx,cusparse_default,cusparse_csr,external_baseline,ok,none,external_baseline,0.0147,0.0123,1.000000,0.632653,,754192,434864,original,original,false,,,true,0,exact_abs_or_rel,"PASS, max_abs=0.0000, max_rel=0.0000"
sx-superuser_C2Q.mtx,original_lb,original_lb,load_balanced_traversal,ok,none,promoted_fallback,0.0220,0.0212,0.968182,1.000000,,2328240,2141192,original,original,false,0,0,true,0,exact_abs_or_rel,"PASS, max_abs=0.0000, max_rel=0.0000"
sx-superuser_C2Q.mtx,auto_lossless_lb,original_lb,load_balanced_traversal,ok,none,promoted_fallback,0.0236,0.0218,0.902542,0.932203,,2328240,2141192,auto_lossless,original,true,100,2328240,true,0,exact_abs_or_rel,"PASS, max_abs=0.0000, max_rel=0.0000"
sx-superuser_C2Q.mtx,fp16_lb,fp16_lb,controlled_lossy_value_specialized,ok,none,accuracy_pass_runtime_win,0.0214,0.0209,0.995327,1.028037,,582060,2141192,fp16,fp16,false,0,0,false,0,spmv_max_rel,"PASS, max_abs=0.0000, max_rel=0.0000"
sx-superuser_C2Q.mtx,bf16_lb,bf16_lb,controlled_lossy_value_specialized,ok,none,accuracy_pass_runtime_win,0.0203,0.0191,1.049261,1.083744,,582060,2141192,bf16,bf16,false,0,0,false,0,spmv_max_rel,"PASS, max_abs=0.3750, max_rel=0.0080"
sx-superuser_C2Q.mtx,bfp8_lb,bfp8_lb,controlled_lossy_value_specialized,ok,none,accuracy_pass_runtime_win,0.0202,0.0193,1.054455,1.089109,,826328,2141192,bfp8,bfp8,false,0,0,false,0,spmv_max_rel,"PASS, max_abs=0.3066, max_rel=68389892578124996506594312192.0000"
sx-superuser_C2Q.mtx,bfp8_outlier_lb,bfp8_outlier_lb,controlled_lossy_value_specialized,ok,none,accuracy_pass_runtime_loss,0.0226,0.0205,0.942478,0.973451,,849448,2141192,bfp8_outlier,bfp8_outlier,false,0,0,false,0,spmv_max_rel,"PASS, max_abs=0.2286, max_rel=37170410156249994880784269312.0000"
sx-superuser_C2Q.mtx,bfp4_lb,bfp4_lb,controlled_lossy_value_specialized,fail:1,accuracy_fail,accuracy_fail,0.0247,0.0234,0.862348,0.890688,,680813,2141192,bfp4,bfp4,false,0,0,false,0,spmv_max_rel,"FAIL, max_abs=9.0000, max_rel=748535156249999922387925073920.0000"
sx-superuser_C2Q.mtx,hybrid_lb,hybrid_lb,structural_hybrid,ok,none,promoted_fallback,0.0163,0.0149,1.306748,1.349693,,2328240,,original,raw_double,false,,,1,0,exact_abs_or_rel,"PASS, max_abs=0.0000, max_rel=0.0000"
sx-superuser_C2Q.mtx,cusparse_default,cusparse_csr,external_baseline,ok,none,external_baseline,0.0213,0.0188,1.000000,1.032864,,2328240,1940464,original,original,false,,,true,0,exact_abs_or_rel,"PASS, max_abs=0.0000, max_rel=0.0000"
t2d_q9_A_20.mtx,original_lb,original_lb,load_balanced_traversal,ok,none,promoted_fallback,0.0096,0.0078,1.500000,1.000000,,696200,97240,original,original,false,0,0,true,0,exact_abs_or_rel,"PASS, max_abs=0.0000, max_rel=0.0000"
t2d_q9_A_20.mtx,auto_lossless_lb,original_lb,load_balanced_traversal,ok,none,promoted_fallback,0.0071,0.0055,2.028169,1.352113,,696200,97240,auto_lossless,original,true,87025,696200,true,0,exact_abs_or_rel,"PASS, max_abs=0.0000, max_rel=0.0000"
t2d_q9_A_20.mtx,fp16_lb,fp16_lb,controlled_lossy_value_specialized,ok,none,accuracy_pass_runtime_win,0.0074,0.0057,1.945946,1.297297,,174050,97240,fp16,fp16,false,0,0,false,0,spmv_max_rel,"PASS, max_abs=17.2015, max_rel=52.4578"
t2d_q9_A_20.mtx,bf16_lb,bf16_lb,controlled_lossy_value_specialized,ok,none,accuracy_pass_runtime_win,0.0078,0.0061,1.846154,1.230769,,174050,97240,bf16,bf16,false,0,0,false,0,spmv_max_rel,"PASS, max_abs=107.4515, max_rel=24.7069"
t2d_q9_A_20.mtx,bfp8_lb,bfp8_lb,controlled_lossy_value_specialized,ok,none,accuracy_pass_runtime_loss,0.0128,0.0120,1.125000,0.750000,,111335,97240,bfp8,bfp8,false,0,0,false,0,spmv_max_rel,"PASS, max_abs=185.8298, max_rel=761.3419"
t2d_q9_A_20.mtx,bfp8_outlier_lb,bfp8_outlier_lb,controlled_lossy_value_specialized,ok,none,accuracy_pass_runtime_win,0.0086,0.0072,1.674419,1.116279,,118295,97240,bfp8_outlier,bfp8_outlier,false,0,0,false,0,spmv_max_rel,"PASS, max_abs=31.7169, max_rel=761.3419"
t2d_q9_A_20.mtx,bfp4_lb,bfp4_lb,controlled_lossy_value_specialized,fail:1,accuracy_fail,accuracy_fail,0.0075,0.0062,1.920000,1.280000,,67823,97240,bfp4,bfp4,false,0,0,false,0,spmv_max_rel,"FAIL, max_abs=3732.0087, max_rel=9697.7744"
t2d_q9_A_20.mtx,hybrid_lb,hybrid_lb,structural_hybrid,ok,none,promoted_fallback,0.0078,0.0057,1.846154,1.230769,,696200,,original,raw_double,false,,,1,0,exact_abs_or_rel,"PASS, max_abs=0.0000, max_rel=0.0000"
t2d_q9_A_20.mtx,cusparse_default,cusparse_csr,external_baseline,ok,none,external_baseline,0.0144,0.0123,1.000000,0.666667,,696200,387308,original,original,false,,,true,0,exact_abs_or_rel,"PASS, max_abs=0.0000, max_rel=0.0000"
thermal.mtx,original_lb,original_lb,load_balanced_traversal,ok,none,promoted_fallback,0.0081,0.0064,1.716049,1.000000,,532224,48384,original,original,false,0,0,true,0,exact_abs_or_rel,"PASS, max_abs=0.0000, max_rel=0.0000"
thermal.mtx,auto_lossless_lb,original_lb,load_balanced_traversal,ok,none,promoted_fallback,0.0087,0.0077,1.597701,0.931034,,532224,48384,auto_lossless,original,true,46750,532224,true,0,exact_abs_or_rel,"PASS, max_abs=0.0000, max_rel=0.0000"
thermal.mtx,fp16_lb,fp16_lb,controlled_lossy_value_specialized,ok,none,accuracy_pass_runtime_win,0.0078,0.0063,1.782051,1.038462,,133056,48384,fp16,fp16,false,0,0,false,0,spmv_max_rel,"PASS, max_abs=0.0003, max_rel=6.5298"
thermal.mtx,bf16_lb,bf16_lb,controlled_lossy_value_specialized,ok,none,accuracy_pass_runtime_win,0.0069,0.0062,2.014493,1.173913,,133056,48384,bf16,bf16,false,0,0,false,0,spmv_max_rel,"PASS, max_abs=0.0027, max_rel=57.8749"
thermal.mtx,bfp8_lb,bfp8_lb,controlled_lossy_value_specialized,ok,none,accuracy_pass_runtime_win,0.0071,0.0063,1.957746,1.140845,,78624,48384,bfp8,bfp8,false,0,0,false,0,spmv_max_rel,"PASS, max_abs=0.0069, max_rel=128.4698"
thermal.mtx,bfp8_outlier_lb,bfp8_outlier_lb,controlled_lossy_value_specialized,ok,none,accuracy_pass_runtime_loss,0.0098,0.0075,1.418367,0.826531,,83936,48384,bfp8_outlier,bfp8_outlier,false,0,0,false,0,spmv_max_rel,"PASS, max_abs=0.0066, max_rel=128.4698"
thermal.mtx,bfp4_lb,bfp4_lb,controlled_lossy_value_specialized,fail:1,accuracy_fail,accuracy_fail,0.0112,0.0097,1.241071,0.723214,,45360,48384,bfp4,bfp4,false,0,0,false,0,spmv_max_rel,"FAIL, max_abs=0.1432, max_rel=4281.8131"
thermal.mtx,hybrid_lb,hybrid_lb,structural_hybrid,ok,none,promoted_fallback,0.0100,0.0091,1.390000,0.810000,,532224,,original,raw_double,false,,,1,0,exact_abs_or_rel,"PASS, max_abs=0.0000, max_rel=0.0000"
thermal.mtx,cusparse_default,cusparse_csr,external_baseline,ok,none,external_baseline,0.0139,0.0102,1.000000,0.582734,,532224,279940,original,original,false,,,true,0,exact_abs_or_rel,"PASS, max_abs=0.0000, max_rel=0.0000"
tumorAntiAngiogenesis_5.mtx,original_lb,original_lb,load_balanced_traversal,ok,none,promoted_fallback,0.0080,0.0070,1.600000,1.000000,,37520,6064,original,original,false,0,0,true,0,exact_abs_or_rel,"PASS, max_abs=0.0000, max_rel=0.0000"
tumorAntiAngiogenesis_5.mtx,auto_lossless_lb,original_lb,load_balanced_traversal,ok,none,promoted_fallback,0.0087,0.0071,1.471264,0.919540,,37520,6064,auto_lossless,original,true,1795,37520,true,0,exact_abs_or_rel,"PASS, max_abs=0.0000, max_rel=0.0000"
tumorAntiAngiogenesis_5.mtx,fp16_lb,fp16_lb,controlled_lossy_value_specialized,fail:1,accuracy_fail,accuracy_fail,0.0099,0.0087,1.292929,0.808081,,9380,6064,fp16,fp16,false,0,0,false,0,spmv_max_rel,"FAIL, max_abs=inf, max_rel=inf"
tumorAntiAngiogenesis_5.mtx,bf16_lb,bf16_lb,controlled_lossy_value_specialized,ok,none,accuracy_pass_runtime_loss,0.0103,0.0095,1.242718,0.776699,,9380,6064,bf16,bf16,false,0,0,false,0,spmv_max_rel,"PASS, max_abs=4880123.6302, max_rel=0.1476"
tumorAntiAngiogenesis_5.mtx,bfp8_lb,bfp8_lb,controlled_lossy_value_specialized,ok,none,accuracy_pass_runtime_loss,0.0104,0.0097,1.230769,0.769231,,6206,6064,bfp8,bfp8,false,0,0,false,0,spmv_max_rel,"PASS, max_abs=18497901.6840, max_rel=1.7397"
tumorAntiAngiogenesis_5.mtx,bfp8_outlier_lb,bfp8_outlier_lb,controlled_lossy_value_specialized,ok,none,accuracy_pass_runtime_loss,0.0116,0.0102,1.103448,0.689655,,6574,6064,bfp8_outlier,bfp8_outlier,false,0,0,false,0,spmv_max_rel,"PASS, max_abs=13663.0121, max_rel=1.7397"
tumorAntiAngiogenesis_5.mtx,bfp4_lb,bfp4_lb,controlled_lossy_value_specialized,fail:1,accuracy_fail,accuracy_fail,0.0134,0.0123,0.955224,0.597015,,3861,6064,bfp4,bfp4,false,0,0,false,0,spmv_max_rel,"FAIL, max_abs=253378925.5688, max_rel=20.3903"
tumorAntiAngiogenesis_5.mtx,hybrid_lb,hybrid_lb,structural_hybrid,ok,none,promoted_fallback,0.0076,0.0065,1.684211,1.052632,,37520,,original,raw_double,false,,,1,0,exact_abs_or_rel,"PASS, max_abs=0.0000, max_rel=0.0000"
tumorAntiAngiogenesis_5.mtx,cusparse_default,cusparse_csr,external_baseline,ok,none,external_baseline,0.0128,0.0102,1.000000,0.625000,,37520,20604,original,original,false,,,true,0,exact_abs_or_rel,"PASS, max_abs=0.0000, max_rel=0.0000"
usps_norm_5NN.mtx,original_lb,original_lb,load_balanced_traversal,ok,none,promoted_fallback,0.0109,0.0091,1.449541,1.000000,,648896,579912,original,original,false,0,0,true,0,exact_abs_or_rel,"PASS, max_abs=0.0000, max_rel=0.0000"
usps_norm_5NN.mtx,auto_lossless_lb,original_lb,load_balanced_traversal,ok,none,promoted_fallback,0.0104,0.0090,1.519231,1.048077,,648896,579912,auto_lossless,original,true,32660,648896,true,0,exact_abs_or_rel,"PASS, max_abs=0.0000, max_rel=0.0000"
usps_norm_5NN.mtx,fp16_lb,fp16_lb,controlled_lossy_value_specialized,ok,none,accuracy_pass_runtime_loss,0.0112,0.0089,1.410714,0.973214,,162224,579912,fp16,fp16,false,0,0,false,0,spmv_max_rel,"PASS, max_abs=0.0002, max_rel=0.4439"
usps_norm_5NN.mtx,bf16_lb,bf16_lb,controlled_lossy_value_specialized,ok,none,accuracy_pass_runtime_loss,0.0118,0.0096,1.338983,0.923729,,162224,579912,bf16,bf16,false,0,0,false,0,spmv_max_rel,"PASS, max_abs=0.0017, max_rel=2.8976"
usps_norm_5NN.mtx,bfp8_lb,bfp8_lb,controlled_lossy_value_specialized,ok,none,accuracy_pass_runtime_loss,0.0122,0.0096,1.295082,0.893443,,226090,579912,bfp8,bfp8,false,0,0,false,0,spmv_max_rel,"PASS, max_abs=0.0045, max_rel=4.1892"
usps_norm_5NN.mtx,bfp8_outlier_lb,bfp8_outlier_lb,controlled_lossy_value_specialized,ok,none,accuracy_pass_runtime_loss,0.0148,0.0130,1.067568,0.736486,,232554,579912,bfp8_outlier,bfp8_outlier,false,0,0,false,0,spmv_max_rel,"PASS, max_abs=0.0008, max_rel=4.1892"
usps_norm_5NN.mtx,bfp4_lb,bfp4_lb,controlled_lossy_value_specialized,fail:1,accuracy_fail,accuracy_fail,0.0147,0.0123,1.074830,0.741497,,185534,579912,bfp4,bfp4,false,0,0,false,0,spmv_max_rel,"FAIL, max_abs=0.0568, max_rel=79.1097"
usps_norm_5NN.mtx,hybrid_lb,hybrid_lb,structural_hybrid,ok,none,promoted_fallback,0.0076,0.0058,2.078947,1.434211,,648896,,original,raw_double,false,,,1,0,exact_abs_or_rel,"PASS, max_abs=0.0000, max_rel=0.0000"
usps_norm_5NN.mtx,cusparse_default,cusparse_csr,external_baseline,ok,none,external_baseline,0.0158,0.0123,1.000000,0.689873,,648896,368452,original,original,false,,,true,0,exact_abs_or_rel,"PASS, max_abs=0.0000, max_rel=0.0000"
utm300.mtx,original_lb,original_lb,load_balanced_traversal,ok,none,promoted_fallback,0.0068,0.0062,1.794118,1.000000,,25240,3520,original,original,false,0,0,true,0,exact_abs_or_rel,"PASS, max_abs=0.0000, max_rel=0.0000"
utm300.mtx,auto_lossless_lb,original_lb,load_balanced_traversal,ok,none,promoted_fallback,0.0074,0.0065,1.648649,0.918919,,25240,3520,auto_lossless,original,true,3117,25240,true,0,exact_abs_or_rel,"PASS, max_abs=0.0000, max_rel=0.0000"
utm300.mtx,fp16_lb,fp16_lb,controlled_lossy_value_specialized,ok,none,accuracy_pass_runtime_loss,0.0081,0.0074,1.506173,0.839506,,6310,3520,fp16,fp16,false,0,0,false,0,spmv_max_rel,"PASS, max_abs=0.0004, max_rel=0.0513"
utm300.mtx,bf16_lb,bf16_lb,controlled_lossy_value_specialized,ok,none,accuracy_pass_runtime_loss,0.0078,0.0075,1.564103,0.871795,,6310,3520,bf16,bf16,false,0,0,false,0,spmv_max_rel,"PASS, max_abs=0.0042, max_rel=0.6613"
utm300.mtx,bfp8_lb,bfp8_lb,controlled_lossy_value_specialized,ok,none,accuracy_pass_runtime_loss,0.0072,0.0064,1.694444,0.944444,,4035,3520,bfp8,bfp8,false,0,0,false,0,spmv_max_rel,"PASS, max_abs=0.0092, max_rel=9.1226"
utm300.mtx,bfp8_outlier_lb,bfp8_outlier_lb,controlled_lossy_value_specialized,ok,none,accuracy_pass_runtime_loss,0.0099,0.0081,1.232323,0.686869,,4243,3520,bfp8_outlier,bfp8_outlier,false,0,0,false,0,spmv_max_rel,"PASS, max_abs=0.0115, max_rel=9.1226"
utm300.mtx,bfp4_lb,bfp4_lb,controlled_lossy_value_specialized,fail:1,accuracy_fail,accuracy_fail,0.0096,0.0079,1.270833,0.708333,,2458,3520,bfp4,bfp4,false,0,0,false,0,spmv_max_rel,"FAIL, max_abs=0.1912, max_rel=82.5119"
utm300.mtx,hybrid_lb,hybrid_lb,structural_hybrid,ok,none,promoted_fallback,0.0074,0.0068,1.648649,0.918919,,25240,,original,raw_double,false,,,1,0,exact_abs_or_rel,"PASS, max_abs=0.0000, max_rel=0.0000"
utm300.mtx,cusparse_default,cusparse_csr,external_baseline,ok,none,external_baseline,0.0122,0.0102,1.000000,0.557377,,25240,13824,original,original,false,,,true,0,exact_abs_or_rel,"PASS, max_abs=0.0000, max_rel=0.0000"
west0167.mtx,original_lb,original_lb,load_balanced_traversal,ok,none,promoted_fallback,0.0058,0.0048,2.068966,1.000000,,4048,1144,original,original,false,0,0,true,0,exact_abs_or_rel,"PASS, max_abs=0.0000, max_rel=0.0000"
west0167.mtx,auto_lossless_lb,original_lb,load_balanced_traversal,ok,none,promoted_fallback,0.0072,0.0044,1.666667,0.805556,,4048,1144,auto_lossless,original,true,292,4048,true,0,exact_abs_or_rel,"PASS, max_abs=0.0000, max_rel=0.0000"
west0167.mtx,fp16_lb,fp16_lb,controlled_lossy_value_specialized,fail:1,accuracy_fail,accuracy_fail,0.0073,0.0059,1.643836,0.794521,,1012,1144,fp16,fp16,false,0,0,false,0,spmv_max_rel,"FAIL, max_abs=inf, max_rel=inf"
west0167.mtx,bf16_lb,bf16_lb,controlled_lossy_value_specialized,ok,none,accuracy_pass_runtime_loss,0.0066,0.0055,1.818182,0.878788,,1012,1144,bf16,bf16,false,0,0,false,0,spmv_max_rel,"PASS, max_abs=834.1499, max_rel=0.0413"
west0167.mtx,bfp8_lb,bfp8_lb,controlled_lossy_value_specialized,ok,none,accuracy_pass_runtime_loss,0.0074,0.0060,1.621622,0.783784,,792,1144,bfp8,bfp8,false,0,0,false,0,spmv_max_rel,"PASS, max_abs=889.6506, max_rel=389099121093749975524835328.0000"
west0167.mtx,bfp8_outlier_lb,bfp8_outlier_lb,controlled_lossy_value_specialized,ok,none,accuracy_pass_runtime_loss,0.0066,0.0054,1.818182,0.878788,,792,1144,bfp8_outlier,bfp8_outlier,false,0,0,false,0,spmv_max_rel,"PASS, max_abs=889.6506, max_rel=389099121093749975524835328.0000"
west0167.mtx,bfp4_lb,bfp4_lb,controlled_lossy_value_specialized,fail:1,accuracy_fail,accuracy_fail,0.0075,0.0065,1.600000,0.773333,,539,1144,bfp4,bfp4,false,0,0,false,0,spmv_max_rel,"FAIL, max_abs=19079.1789, max_rel=10986328124999999050227908608.0000"
west0167.mtx,hybrid_lb,hybrid_lb,structural_hybrid,ok,none,promoted_fallback,0.0060,0.0045,2.000000,0.966667,,4048,,original,raw_double,false,,,1,0,exact_abs_or_rel,"PASS, max_abs=0.0000, max_rel=0.0000"
west0167.mtx,cusparse_default,cusparse_csr,external_baseline,ok,none,external_baseline,0.0120,0.0082,1.000000,0.483333,,4048,2696,original,original,false,,,true,0,exact_abs_or_rel,"PASS, max_abs=0.0000, max_rel=0.0000"
wm2.mtx,original_lb,original_lb,load_balanced_traversal,ok,none,promoted_fallback,0.0078,0.0067,1.512821,1.000000,,23536,3112,original,original,false,0,0,true,0,exact_abs_or_rel,"PASS, max_abs=0.0000, max_rel=0.0000"
wm2.mtx,auto_lossless_lb,original_lb,load_balanced_traversal,ok,none,promoted_fallback,0.0099,0.0089,1.191919,0.787879,,23536,3112,auto_lossless,original,true,2313,23536,true,0,exact_abs_or_rel,"PASS, max_abs=0.0000, max_rel=0.0000"
wm2.mtx,fp16_lb,fp16_lb,controlled_lossy_value_specialized,ok,none,accuracy_pass_runtime_loss,0.0094,0.0079,1.255319,0.829787,,5884,3112,fp16,fp16,false,0,0,false,0,spmv_max_rel,"PASS, max_abs=0.0013, max_rel=0.0119"
wm2.mtx,bf16_lb,bf16_lb,controlled_lossy_value_specialized,ok,none,accuracy_pass_runtime_loss,0.0093,0.0078,1.268817,0.838710,,5884,3112,bf16,bf16,false,0,0,false,0,spmv_max_rel,"PASS, max_abs=0.0093, max_rel=0.1531"
wm2.mtx,bfp8_lb,bfp8_lb,controlled_lossy_value_specialized,ok,none,accuracy_pass_runtime_loss,0.0093,0.0083,1.268817,0.838710,,3720,3112,bfp8,bfp8,false,0,0,false,0,spmv_max_rel,"PASS, max_abs=0.0965, max_rel=1.1823"
wm2.mtx,bfp8_outlier_lb,bfp8_outlier_lb,controlled_lossy_value_specialized,ok,none,accuracy_pass_runtime_loss,0.0116,0.0106,1.017241,0.672414,,3800,3112,bfp8_outlier,bfp8_outlier,false,0,0,false,0,spmv_max_rel,"PASS, max_abs=0.0196, max_rel=1.1823"
wm2.mtx,bfp4_lb,bfp4_lb,controlled_lossy_value_specialized,fail:1,accuracy_fail,accuracy_fail,0.0126,0.0110,0.936508,0.619048,,2249,3112,bfp4,bfp4,false,0,0,false,0,spmv_max_rel,"FAIL, max_abs=1.0295, max_rel=9.7278"
wm2.mtx,hybrid_lb,hybrid_lb,structural_hybrid,ok,none,promoted_fallback,0.0091,0.0071,1.296703,0.857143,,23536,,original,raw_double,false,,,1,0,exact_abs_or_rel,"PASS, max_abs=0.0000, max_rel=0.0000"
wm2.mtx,cusparse_default,cusparse_csr,external_baseline,ok,none,external_baseline,0.0118,0.0102,1.000000,0.661017,,23536,12600,original,original,false,,,true,0,exact_abs_or_rel,"PASS, max_abs=0.0000, max_rel=0.0000"
ww_36_pmec_36_B.mtx,original_lb,original_lb,load_balanced_traversal,ok,none,promoted_fallback,0.0048,0.0038,2.604167,1.000000,,8,8,original,original,false,0,0,true,0,exact_abs_or_rel,"PASS, max_abs=0.0000, max_rel=0.0000"
ww_36_pmec_36_B.mtx,auto_lossless_lb,original_lb,load_balanced_traversal,ok,none,promoted_fallback,0.0056,0.0038,2.232143,0.857143,,8,8,auto_lossless,original,true,1,8,true,0,exact_abs_or_rel,"PASS, max_abs=0.0000, max_rel=0.0000"
ww_36_pmec_36_B.mtx,fp16_lb,fp16_lb,controlled_lossy_value_specialized,ok,none,accuracy_pass_runtime_loss,0.0066,0.0060,1.893939,0.727273,,2,8,fp16,fp16,false,0,0,false,0,spmv_max_rel,"PASS, max_abs=0.0000, max_rel=0.0002"
ww_36_pmec_36_B.mtx,bf16_lb,bf16_lb,controlled_lossy_value_specialized,ok,none,accuracy_pass_runtime_loss,0.0052,0.0040,2.403846,0.923077,,2,8,bf16,bf16,false,0,0,false,0,spmv_max_rel,"PASS, max_abs=0.0000, max_rel=0.0010"
ww_36_pmec_36_B.mtx,bfp8_lb,bfp8_lb,controlled_lossy_value_specialized,ok,none,accuracy_pass_runtime_loss,0.0049,0.0046,2.551020,0.979592,,3,8,bfp8,bfp8,false,0,0,false,0,spmv_max_rel,"PASS, max_abs=0.0000, max_rel=0.0024"
ww_36_pmec_36_B.mtx,bfp8_outlier_lb,bfp8_outlier_lb,controlled_lossy_value_specialized,ok,none,accuracy_pass_runtime_loss,0.0053,0.0045,2.358491,0.905660,,3,8,bfp8_outlier,bfp8_outlier,false,0,0,false,0,spmv_max_rel,"PASS, max_abs=0.0000, max_rel=0.0024"
ww_36_pmec_36_B.mtx,bfp4_lb,bfp4_lb,controlled_lossy_value_specialized,ok,none,accuracy_pass_runtime_loss,0.0050,0.0043,2.500000,0.960000,,3,8,bfp4,bfp4,false,0,0,false,0,spmv_max_rel,"PASS, max_abs=0.0000, max_rel=0.0018"
ww_36_pmec_36_B.mtx,hybrid_lb,hybrid_lb,structural_hybrid,ok,none,promoted_fallback,0.0060,0.0046,2.083333,0.800000,,8,,original,raw_double,false,,,1,0,exact_abs_or_rel,"PASS, max_abs=0.0000, max_rel=0.0000"
ww_36_pmec_36_B.mtx,cusparse_default,cusparse_csr,external_baseline,ok,none,external_baseline,0.0125,0.0102,1.000000,0.384000,,8,272,original,original,false,,,true,0,exact_abs_or_rel,"PASS, max_abs=0.0000, max_rel=0.0000"
