matrix,requested_operator,operator_name,operator_family,status,failure_class,claim_status,avg_ms,min_ms,speedup_vs_cusparse,speedup_vs_original_lb,speedup_vs_original_nolb,value_payload_bytes,position_payload_bytes,value_codec,value_codec_effective,value_codec_auto_selected,value_codec_auto_unique_count,value_codec_auto_candidate_payload_bytes,value_codec_exact,value_codebook_size,verify_gate,verify_cpu
685_bus.mtx,original_lb,original_lb,load_balanced_traversal,ok,none,promoted_fallback,0.0078,0.0069,1.628205,1.000000,,25992,9400,original,original,false,0,0,true,0,exact_abs_or_rel,SKIP
685_bus.mtx,auto_lossless_lb,original_lb,load_balanced_traversal,ok,none,promoted_fallback,0.0077,0.0072,1.649351,1.012987,,25992,9400,auto_lossless,original,true,1539,25992,true,0,exact_abs_or_rel,SKIP
685_bus.mtx,fp16_lb,fp16_lb,controlled_lossy_value_specialized,ok,none,accuracy_pass_runtime_win,0.0071,0.0064,1.788732,1.098592,,6498,9400,fp16,fp16,false,0,0,false,0,spmv_max_rel,SKIP
685_bus.mtx,bf16_lb,bf16_lb,controlled_lossy_value_specialized,ok,none,accuracy_pass_runtime_win,0.0073,0.0066,1.739726,1.068493,,6498,9400,bf16,bf16,false,0,0,false,0,spmv_max_rel,SKIP
685_bus.mtx,bfp8_lb,bfp8_lb,controlled_lossy_value_specialized,ok,none,accuracy_pass_runtime_loss,0.0079,0.0071,1.607595,0.987342,,5599,9400,bfp8,bfp8,false,0,0,false,0,spmv_max_rel,SKIP
685_bus.mtx,bfp8_outlier_lb,bfp8_outlier_lb,controlled_lossy_value_specialized,ok,none,accuracy_pass_runtime_loss,0.0098,0.0086,1.295918,0.795918,,5791,9400,bfp8_outlier,bfp8_outlier,false,0,0,false,0,spmv_max_rel,SKIP
685_bus.mtx,bfp4_lb,bfp4_lb,controlled_lossy_value_specialized,ok,none,accuracy_pass_runtime_loss,0.0106,0.0088,1.198113,0.735849,,3975,9400,bfp4,bfp4,false,0,0,false,0,spmv_max_rel,SKIP
685_bus.mtx,hybrid_lb,hybrid_lb,structural_hybrid,ok,none,promoted_fallback,0.0068,0.0048,1.867647,1.147059,,25992,,original,raw_double,false,,,1,0,exact_abs_or_rel,SKIP
685_bus.mtx,cusparse_default,cusparse_csr,external_baseline,ok,none,external_baseline,0.0127,0.0102,1.000000,0.614173,,25992,15740,original,original,false,,,true,0,exact_abs_or_rel,SKIP
Binaryalphadigs_10NN.mtx,original_lb,original_lb,load_balanced_traversal,ok,none,promoted_fallback,0.0084,0.0071,1.690476,1.000000,,155136,68360,original,original,false,0,0,true,0,exact_abs_or_rel,SKIP
Binaryalphadigs_10NN.mtx,auto_lossless_lb,original_lb,load_balanced_traversal,ok,none,promoted_fallback,0.0090,0.0085,1.577778,0.933333,,155136,68360,auto_lossless,original,true,1614,155136,true,0,exact_abs_or_rel,SKIP
Binaryalphadigs_10NN.mtx,fp16_lb,fp16_lb,controlled_lossy_value_specialized,ok,none,accuracy_pass_runtime_loss,0.0100,0.0081,1.420000,0.840000,,38784,68360,fp16,fp16,false,0,0,false,0,spmv_max_rel,SKIP
Binaryalphadigs_10NN.mtx,bf16_lb,bf16_lb,controlled_lossy_value_specialized,ok,none,accuracy_pass_runtime_loss,0.0096,0.0086,1.479167,0.875000,,38784,68360,bf16,bf16,false,0,0,false,0,spmv_max_rel,SKIP
Binaryalphadigs_10NN.mtx,bfp8_lb,bfp8_lb,controlled_lossy_value_specialized,ok,none,accuracy_pass_runtime_loss,0.0092,0.0087,1.543478,0.913043,,36482,68360,bfp8,bfp8,false,0,0,false,0,spmv_max_rel,SKIP
Binaryalphadigs_10NN.mtx,bfp8_outlier_lb,bfp8_outlier_lb,controlled_lossy_value_specialized,ok,none,accuracy_pass_runtime_loss,0.0115,0.0105,1.234783,0.730435,,38018,68360,bfp8_outlier,bfp8_outlier,false,0,0,false,0,spmv_max_rel,SKIP
Binaryalphadigs_10NN.mtx,bfp4_lb,bfp4_lb,controlled_lossy_value_specialized,ok,none,accuracy_pass_runtime_loss,0.0132,0.0116,1.075758,0.636364,,26786,68360,bfp4,bfp4,false,0,0,false,0,spmv_max_rel,SKIP
Binaryalphadigs_10NN.mtx,hybrid_lb,hybrid_lb,structural_hybrid,ok,none,promoted_fallback,0.0074,0.0055,1.918919,1.135135,,155136,,original,raw_double,false,,,1,0,exact_abs_or_rel,SKIP
Binaryalphadigs_10NN.mtx,cusparse_default,cusparse_csr,external_baseline,ok,none,external_baseline,0.0142,0.0102,1.000000,0.591549,,155136,83188,original,original,false,,,true,0,exact_abs_or_rel,SKIP
CAG_mat1916.mtx,original_lb,original_lb,load_balanced_traversal,ok,none,promoted_fallback,0.0095,0.0085,1.642105,1.000000,,1567880,365032,original,original,false,0,0,true,0,exact_abs_or_rel,SKIP
CAG_mat1916.mtx,auto_lossless_lb,dict256_u8_lb,lossless_value_specialized,ok,none,accuracy_pass_runtime_loss,0.0117,0.0103,1.333333,0.811966,,1460640,365032,auto_lossless,dict256_u8,true,64,1460640,true,64,exact_abs_or_rel,SKIP
CAG_mat1916.mtx,fp16_lb,fp16_lb,controlled_lossy_value_specialized,ok,none,accuracy_pass_runtime_loss,0.0115,0.0103,1.356522,0.826087,,391970,365032,fp16,fp16,false,0,0,false,0,spmv_max_rel,SKIP
CAG_mat1916.mtx,bf16_lb,bf16_lb,controlled_lossy_value_specialized,ok,none,accuracy_pass_runtime_loss,0.0099,0.0089,1.575758,0.959596,,391970,365032,bf16,bf16,false,0,0,false,0,spmv_max_rel,SKIP
CAG_mat1916.mtx,bfp8_lb,bfp8_lb,controlled_lossy_value_specialized,ok,none,accuracy_pass_runtime_loss,0.0113,0.0097,1.380531,0.840708,,287243,365032,bfp8,bfp8,false,0,0,false,0,spmv_max_rel,SKIP
CAG_mat1916.mtx,bfp8_outlier_lb,bfp8_outlier_lb,controlled_lossy_value_specialized,ok,none,accuracy_pass_runtime_loss,0.0121,0.0099,1.289256,0.785124,,301051,365032,bfp8_outlier,bfp8_outlier,false,0,0,false,0,spmv_max_rel,SKIP
CAG_mat1916.mtx,bfp4_lb,bfp4_lb,controlled_lossy_value_specialized,ok,none,accuracy_pass_runtime_loss,0.0151,0.0139,1.033113,0.629139,,189251,365032,bfp4,bfp4,false,0,0,false,0,spmv_max_rel,SKIP
CAG_mat1916.mtx,hybrid_lb,hybrid_lb,structural_hybrid,ok,none,promoted_fallback,0.0155,0.0149,1.006452,0.612903,,1567880,,original,raw_double,false,,,1,0,exact_abs_or_rel,SKIP
CAG_mat1916.mtx,cusparse_default,cusparse_csr,external_baseline,ok,none,external_baseline,0.0156,0.0102,1.000000,0.608974,,1567880,791608,original,original,false,,,true,0,exact_abs_or_rel,SKIP
D_11.mtx,original_lb,original_lb,load_balanced_traversal,ok,none,promoted_fallback,0.0086,0.0076,1.348837,1.000000,,23616,10904,original,original,false,0,0,true,0,exact_abs_or_rel,SKIP
D_11.mtx,auto_lossless_lb,dict16_lb,lossless_value_specialized,ok,none,accuracy_pass_runtime_loss,0.0110,0.0099,1.054545,0.781818,,21904,10904,auto_lossless,dict16,true,12,21904,true,12,exact_abs_or_rel,SKIP
D_11.mtx,fp16_lb,fp16_lb,controlled_lossy_value_specialized,ok,none,accuracy_pass_runtime_loss,0.0093,0.0086,1.247312,0.924731,,5904,10904,fp16,fp16,false,0,0,false,0,spmv_max_rel,SKIP
D_11.mtx,bf16_lb,bf16_lb,controlled_lossy_value_specialized,ok,none,accuracy_pass_runtime_loss,0.0090,0.0085,1.288889,0.955556,,5904,10904,bf16,bf16,false,0,0,false,0,spmv_max_rel,SKIP
D_11.mtx,bfp8_lb,bfp8_lb,controlled_lossy_value_specialized,ok,none,accuracy_pass_runtime_loss,0.0087,0.0083,1.333333,0.988506,,5678,10904,bfp8,bfp8,false,0,0,false,0,spmv_max_rel,SKIP
D_11.mtx,bfp8_outlier_lb,bfp8_outlier_lb,controlled_lossy_value_specialized,ok,none,accuracy_pass_runtime_loss,0.0118,0.0101,0.983051,0.728814,,5886,10904,bfp8_outlier,bfp8_outlier,false,0,0,false,0,spmv_max_rel,SKIP
D_11.mtx,bfp4_lb,bfp4_lb,controlled_lossy_value_specialized,ok,none,accuracy_pass_runtime_loss,0.0148,0.0133,0.783784,0.581081,,4202,10904,bfp4,bfp4,false,0,0,false,0,spmv_max_rel,SKIP
D_11.mtx,hybrid_lb,hybrid_lb,structural_hybrid,ok,none,promoted_fallback,0.0078,0.0058,1.487179,1.102564,,23616,,original,raw_double,false,,,1,0,exact_abs_or_rel,SKIP
D_11.mtx,cusparse_default,cusparse_csr,external_baseline,ok,none,external_baseline,0.0116,0.0082,1.000000,0.741379,,23616,12488,original,original,false,,,true,0,exact_abs_or_rel,SKIP
EPA.mtx,original_lb,original_lb,load_balanced_traversal,ok,none,promoted_fallback,0.0093,0.0072,1.580645,1.000000,,71720,41800,original,original,false,0,0,true,0,exact_abs_or_rel,SKIP
EPA.mtx,auto_lossless_lb,all_one_lb,lossless_value_specialized,ok,none,accuracy_pass_runtime_loss,0.0094,0.0070,1.563830,0.989362,,0,41800,auto_lossless,all_one,true,1,0,true,0,exact_abs_or_rel,SKIP
EPA.mtx,fp16_lb,fp16_lb,controlled_lossy_value_specialized,ok,none,accuracy_pass_runtime_win,0.0086,0.0068,1.709302,1.081395,,17930,41800,fp16,fp16,false,0,0,false,0,spmv_max_rel,SKIP
EPA.mtx,bf16_lb,bf16_lb,controlled_lossy_value_specialized,ok,none,accuracy_pass_runtime_loss,0.0094,0.0076,1.563830,0.989362,,17930,41800,bf16,bf16,false,0,0,false,0,spmv_max_rel,SKIP
EPA.mtx,bfp8_lb,bfp8_lb,controlled_lossy_value_specialized,ok,none,accuracy_pass_runtime_loss,0.0102,0.0092,1.441176,0.911765,,19415,41800,bfp8,bfp8,false,0,0,false,0,spmv_max_rel,SKIP
EPA.mtx,bfp8_outlier_lb,bfp8_outlier_lb,controlled_lossy_value_specialized,ok,none,accuracy_pass_runtime_loss,0.0103,0.0092,1.427184,0.902913,,19415,41800,bfp8_outlier,bfp8_outlier,false,0,0,false,0,spmv_max_rel,SKIP
EPA.mtx,bfp4_lb,bfp4_lb,controlled_lossy_value_specialized,ok,none,accuracy_pass_runtime_loss,0.0139,0.0130,1.057554,0.669065,,14933,41800,bfp4,bfp4,false,0,0,false,0,spmv_max_rel,SKIP
EPA.mtx,hybrid_lb,hybrid_lb,structural_hybrid,ok,none,promoted_fallback,0.0097,0.0084,1.515464,0.958763,,71720,,original,raw_double,false,,,1,0,exact_abs_or_rel,SKIP
EPA.mtx,cusparse_default,cusparse_csr,external_baseline,ok,none,external_baseline,0.0147,0.0123,1.000000,0.632653,,71720,54952,original,original,false,,,true,0,exact_abs_or_rel,SKIP
EX2.mtx,original_lb,original_lb,load_balanced_traversal,ok,none,promoted_fallback,0.0089,0.0069,1.528090,1.000000,,69888,19680,original,original,false,0,0,true,0,exact_abs_or_rel,SKIP
EX2.mtx,auto_lossless_lb,all_one_lb,lossless_value_specialized,ok,none,accuracy_pass_runtime_win,0.0077,0.0068,1.766234,1.155844,,0,19680,auto_lossless,all_one,true,1,0,true,0,exact_abs_or_rel,SKIP
EX2.mtx,fp16_lb,fp16_lb,controlled_lossy_value_specialized,ok,none,accuracy_pass_runtime_win,0.0086,0.0069,1.581395,1.034884,,17472,19680,fp16,fp16,false,0,0,false,0,spmv_max_rel,SKIP
EX2.mtx,bf16_lb,bf16_lb,controlled_lossy_value_specialized,ok,none,accuracy_pass_runtime_win,0.0086,0.0070,1.581395,1.034884,,17472,19680,bf16,bf16,false,0,0,false,0,spmv_max_rel,SKIP
EX2.mtx,bfp8_lb,bfp8_lb,controlled_lossy_value_specialized,ok,none,accuracy_pass_runtime_loss,0.0119,0.0102,1.142857,0.747899,,13656,19680,bfp8,bfp8,false,0,0,false,0,spmv_max_rel,SKIP
EX2.mtx,bfp8_outlier_lb,bfp8_outlier_lb,controlled_lossy_value_specialized,ok,none,accuracy_pass_runtime_loss,0.0100,0.0087,1.360000,0.890000,,13656,19680,bfp8_outlier,bfp8_outlier,false,0,0,false,0,spmv_max_rel,SKIP
EX2.mtx,bfp4_lb,bfp4_lb,controlled_lossy_value_specialized,ok,none,accuracy_pass_runtime_loss,0.0141,0.0130,0.964539,0.631206,,9288,19680,bfp4,bfp4,false,0,0,false,0,spmv_max_rel,SKIP
EX2.mtx,hybrid_lb,hybrid_lb,structural_hybrid,ok,none,promoted_fallback,0.0075,0.0064,1.813333,1.186667,,69888,,original,raw_double,false,,,1,0,exact_abs_or_rel,SKIP
EX2.mtx,cusparse_default,cusparse_csr,external_baseline,ok,none,external_baseline,0.0136,0.0102,1.000000,0.654412,,69888,37188,original,original,false,,,true,0,exact_abs_or_rel,SKIP
Erdos992.mtx,original_lb,original_lb,load_balanced_traversal,ok,none,promoted_fallback,0.0096,0.0080,1.562500,1.000000,,120240,112304,original,original,false,0,0,true,0,exact_abs_or_rel,SKIP
Erdos992.mtx,auto_lossless_lb,all_one_lb,lossless_value_specialized,ok,none,accuracy_pass_runtime_loss,0.0108,0.0089,1.388889,0.888889,,0,112304,auto_lossless,all_one,true,1,0,true,0,exact_abs_or_rel,SKIP
Erdos992.mtx,fp16_lb,fp16_lb,controlled_lossy_value_specialized,ok,none,accuracy_pass_runtime_win,0.0089,0.0072,1.685393,1.078652,,30060,112304,fp16,fp16,false,0,0,false,0,spmv_max_rel,SKIP
Erdos992.mtx,bf16_lb,bf16_lb,controlled_lossy_value_specialized,ok,none,accuracy_pass_runtime_loss,0.0104,0.0083,1.442308,0.923077,,30060,112304,bf16,bf16,false,0,0,false,0,spmv_max_rel,SKIP
Erdos992.mtx,bfp8_lb,bfp8_lb,controlled_lossy_value_specialized,ok,none,accuracy_pass_runtime_loss,0.0096,0.0082,1.562500,1.000000,,43106,112304,bfp8,bfp8,false,0,0,false,0,spmv_max_rel,SKIP
Erdos992.mtx,bfp8_outlier_lb,bfp8_outlier_lb,controlled_lossy_value_specialized,ok,none,accuracy_pass_runtime_win,0.0094,0.0085,1.595745,1.021277,,43106,112304,bfp8_outlier,bfp8_outlier,false,0,0,false,0,spmv_max_rel,SKIP
Erdos992.mtx,bfp4_lb,bfp4_lb,controlled_lossy_value_specialized,ok,none,accuracy_pass_runtime_loss,0.0147,0.0133,1.020408,0.653061,,35591,112304,bfp4,bfp4,false,0,0,false,0,spmv_max_rel,SKIP
Erdos992.mtx,hybrid_lb,hybrid_lb,structural_hybrid,ok,none,promoted_fallback,0.0082,0.0068,1.829268,1.170732,,120240,,original,raw_double,false,,,1,0,exact_abs_or_rel,SKIP
Erdos992.mtx,cusparse_default,cusparse_csr,external_baseline,ok,none,external_baseline,0.0150,0.0123,1.000000,0.640000,,120240,84524,original,original,false,,,true,0,exact_abs_or_rel,SKIP
Franz7.mtx,original_lb,original_lb,load_balanced_traversal,ok,none,promoted_fallback,0.0064,0.0040,2.312500,1.000000,,323392,94352,original,original,false,0,0,true,0,exact_abs_or_rel,SKIP
Franz7.mtx,auto_lossless_lb,sign2_lb,lossless_value_specialized,ok,none,accuracy_pass_runtime_loss,0.0079,0.0073,1.873418,0.810127,,47176,94352,auto_lossless,sign2,true,2,47176,true,0,exact_abs_or_rel,SKIP
Franz7.mtx,fp16_lb,fp16_lb,controlled_lossy_value_specialized,ok,none,accuracy_pass_runtime_loss,0.0068,0.0052,2.176471,0.941176,,80848,94352,fp16,fp16,false,0,0,false,0,spmv_max_rel,SKIP
Franz7.mtx,bf16_lb,bf16_lb,controlled_lossy_value_specialized,ok,none,accuracy_pass_runtime_win,0.0062,0.0048,2.387097,1.032258,,80848,94352,bf16,bf16,false,0,0,false,0,spmv_max_rel,SKIP
Franz7.mtx,bfp8_lb,bfp8_lb,controlled_lossy_value_specialized,ok,none,accuracy_pass_runtime_loss,0.0070,0.0053,2.114286,0.914286,,64012,94352,bfp8,bfp8,false,0,0,false,0,spmv_max_rel,SKIP
Franz7.mtx,bfp8_outlier_lb,bfp8_outlier_lb,controlled_lossy_value_specialized,ok,none,accuracy_pass_runtime_loss,0.0067,0.0054,2.208955,0.955224,,64012,94352,bfp8_outlier,bfp8_outlier,false,0,0,false,0,spmv_max_rel,SKIP
Franz7.mtx,bfp4_lb,bfp4_lb,controlled_lossy_value_specialized,ok,none,accuracy_pass_runtime_loss,0.0076,0.0063,1.947368,0.842105,,43800,94352,bfp4,bfp4,false,0,0,false,0,spmv_max_rel,SKIP
Franz7.mtx,hybrid_lb,hybrid_lb,structural_hybrid,ok,none,promoted_fallback,0.0056,0.0042,2.642857,1.142857,,323392,,original,raw_double,false,,,1,0,exact_abs_or_rel,SKIP
Franz7.mtx,cusparse_default,cusparse_csr,external_baseline,ok,none,external_baseline,0.0148,0.0123,1.000000,0.432432,,323392,202356,original,original,false,,,true,0,exact_abs_or_rel,SKIP
G13.mtx,original_lb,original_lb,load_balanced_traversal,ok,none,promoted_fallback,0.0060,0.0051,2.266667,1.000000,,25600,6400,original,original,false,0,0,true,0,exact_abs_or_rel,SKIP
G13.mtx,auto_lossless_lb,sign2_lb,lossless_value_specialized,ok,none,accuracy_pass_runtime_loss,0.0073,0.0051,1.863014,0.821918,,3200,6400,auto_lossless,sign2,true,2,3200,true,0,exact_abs_or_rel,SKIP
G13.mtx,fp16_lb,fp16_lb,controlled_lossy_value_specialized,ok,none,accuracy_pass_runtime_win,0.0057,0.0045,2.385965,1.052632,,6400,6400,fp16,fp16,false,0,0,false,0,spmv_max_rel,SKIP
G13.mtx,bf16_lb,bf16_lb,controlled_lossy_value_specialized,ok,none,accuracy_pass_runtime_loss,0.0060,0.0043,2.266667,1.000000,,6400,6400,bf16,bf16,false,0,0,false,0,spmv_max_rel,SKIP
G13.mtx,bfp8_lb,bfp8_lb,controlled_lossy_value_specialized,ok,none,accuracy_pass_runtime_win,0.0051,0.0039,2.666667,1.176471,,4800,6400,bfp8,bfp8,false,0,0,false,0,spmv_max_rel,SKIP
G13.mtx,bfp8_outlier_lb,bfp8_outlier_lb,controlled_lossy_value_specialized,ok,none,accuracy_pass_runtime_win,0.0053,0.0043,2.566038,1.132075,,4800,6400,bfp8_outlier,bfp8_outlier,false,0,0,false,0,spmv_max_rel,SKIP
G13.mtx,bfp4_lb,bfp4_lb,controlled_lossy_value_specialized,ok,none,accuracy_pass_runtime_loss,0.0078,0.0069,1.743590,0.769231,,3200,6400,bfp4,bfp4,false,0,0,false,0,spmv_max_rel,SKIP
G13.mtx,hybrid_lb,hybrid_lb,structural_hybrid,ok,none,promoted_fallback,0.0060,0.0045,2.266667,1.000000,,25600,,original,raw_double,false,,,1,0,exact_abs_or_rel,SKIP
G13.mtx,cusparse_default,cusparse_csr,external_baseline,ok,none,external_baseline,0.0136,0.0102,1.000000,0.441176,,25600,16004,original,original,false,,,true,0,exact_abs_or_rel,SKIP
G20.mtx,original_lb,original_lb,load_balanced_traversal,ok,none,promoted_fallback,0.0096,0.0078,1.468750,1.000000,,74752,49952,original,original,false,0,0,true,0,exact_abs_or_rel,SKIP
G20.mtx,auto_lossless_lb,sign2_lb,lossless_value_specialized,ok,none,accuracy_pass_runtime_loss,0.0098,0.0088,1.438776,0.979592,,24976,49952,auto_lossless,sign2,true,2,24976,true,0,exact_abs_or_rel,SKIP
G20.mtx,fp16_lb,fp16_lb,controlled_lossy_value_specialized,ok,none,accuracy_pass_runtime_win,0.0091,0.0074,1.549451,1.054945,,18688,49952,fp16,fp16,false,0,0,false,0,spmv_max_rel,SKIP
G20.mtx,bf16_lb,bf16_lb,controlled_lossy_value_specialized,ok,none,accuracy_pass_runtime_win,0.0094,0.0077,1.500000,1.021277,,18688,49952,bf16,bf16,false,0,0,false,0,spmv_max_rel,SKIP
G20.mtx,bfp8_lb,bfp8_lb,controlled_lossy_value_specialized,ok,none,accuracy_pass_runtime_win,0.0091,0.0087,1.549451,1.054945,,21832,49952,bfp8,bfp8,false,0,0,false,0,spmv_max_rel,SKIP
G20.mtx,bfp8_outlier_lb,bfp8_outlier_lb,controlled_lossy_value_specialized,ok,none,accuracy_pass_runtime_win,0.0092,0.0088,1.532609,1.043478,,21832,49952,bfp8_outlier,bfp8_outlier,false,0,0,false,0,spmv_max_rel,SKIP
G20.mtx,bfp4_lb,bfp4_lb,controlled_lossy_value_specialized,ok,none,accuracy_pass_runtime_loss,0.0132,0.0127,1.068182,0.727273,,17160,49952,bfp4,bfp4,false,0,0,false,0,spmv_max_rel,SKIP
G20.mtx,hybrid_lb,hybrid_lb,structural_hybrid,ok,none,promoted_fallback,0.0095,0.0078,1.484211,1.010526,,74752,,original,raw_double,false,,,1,0,exact_abs_or_rel,SKIP
G20.mtx,cusparse_default,cusparse_csr,external_baseline,ok,none,external_baseline,0.0141,0.0102,1.000000,0.680851,,74752,40580,original,original,false,,,true,0,exact_abs_or_rel,SKIP
G28.mtx,original_lb,original_lb,load_balanced_traversal,ok,none,promoted_fallback,0.0095,0.0079,1.494737,1.000000,,319840,275536,original,original,false,0,0,true,0,exact_abs_or_rel,SKIP
G28.mtx,auto_lossless_lb,sign2_lb,lossless_value_specialized,ok,none,accuracy_pass_runtime_loss,0.0112,0.0099,1.267857,0.848214,,137768,275536,auto_lossless,sign2,true,2,137768,true,0,exact_abs_or_rel,SKIP
G28.mtx,fp16_lb,fp16_lb,controlled_lossy_value_specialized,ok,none,accuracy_pass_runtime_loss,0.0095,0.0086,1.494737,1.000000,,79960,275536,fp16,fp16,false,0,0,false,0,spmv_max_rel,SKIP
G28.mtx,bf16_lb,bf16_lb,controlled_lossy_value_specialized,ok,none,accuracy_pass_runtime_loss,0.0095,0.0086,1.494737,1.000000,,79960,275536,bf16,bf16,false,0,0,false,0,spmv_max_rel,SKIP
G28.mtx,bfp8_lb,bfp8_lb,controlled_lossy_value_specialized,ok,none,accuracy_pass_runtime_loss,0.0099,0.0090,1.434343,0.959596,,108864,275536,bfp8,bfp8,false,0,0,false,0,spmv_max_rel,SKIP
G28.mtx,bfp8_outlier_lb,bfp8_outlier_lb,controlled_lossy_value_specialized,ok,none,accuracy_pass_runtime_loss,0.0103,0.0090,1.378641,0.922330,,108864,275536,bfp8_outlier,bfp8_outlier,false,0,0,false,0,spmv_max_rel,SKIP
G28.mtx,bfp4_lb,bfp4_lb,controlled_lossy_value_specialized,ok,none,accuracy_pass_runtime_loss,0.0135,0.0125,1.051852,0.703704,,88874,275536,bfp4,bfp4,false,0,0,false,0,spmv_max_rel,SKIP
G28.mtx,hybrid_lb,hybrid_lb,structural_hybrid,ok,none,promoted_fallback,0.0076,0.0062,1.868421,1.250000,,319840,,original,raw_double,false,,,1,0,exact_abs_or_rel,SKIP
G28.mtx,cusparse_default,cusparse_csr,external_baseline,ok,none,external_baseline,0.0142,0.0102,1.000000,0.669014,,319840,167924,original,original,false,,,true,0,exact_abs_or_rel,SKIP
G35.mtx,original_lb,original_lb,load_balanced_traversal,ok,none,promoted_fallback,0.0093,0.0075,1.537634,1.000000,,188448,149312,original,original,false,0,0,true,0,exact_abs_or_rel,SKIP
G35.mtx,auto_lossless_lb,all_one_lb,lossless_value_specialized,ok,none,accuracy_pass_runtime_loss,0.0096,0.0081,1.489583,0.968750,,0,149312,auto_lossless,all_one,true,1,0,true,0,exact_abs_or_rel,SKIP
G35.mtx,fp16_lb,fp16_lb,controlled_lossy_value_specialized,ok,none,accuracy_pass_runtime_win,0.0089,0.0081,1.606742,1.044944,,47112,149312,fp16,fp16,false,0,0,false,0,spmv_max_rel,SKIP
G35.mtx,bf16_lb,bf16_lb,controlled_lossy_value_specialized,ok,none,accuracy_pass_runtime_win,0.0086,0.0076,1.662791,1.081395,,47112,149312,bf16,bf16,false,0,0,false,0,spmv_max_rel,SKIP
G35.mtx,bfp8_lb,bfp8_lb,controlled_lossy_value_specialized,ok,none,accuracy_pass_runtime_loss,0.0099,0.0092,1.444444,0.939394,,60884,149312,bfp8,bfp8,false,0,0,false,0,spmv_max_rel,SKIP
G35.mtx,bfp8_outlier_lb,bfp8_outlier_lb,controlled_lossy_value_specialized,ok,none,accuracy_pass_runtime_loss,0.0103,0.0092,1.388350,0.902913,,60884,149312,bfp8_outlier,bfp8_outlier,false,0,0,false,0,spmv_max_rel,SKIP
G35.mtx,bfp4_lb,bfp4_lb,controlled_lossy_value_specialized,ok,none,accuracy_pass_runtime_loss,0.0135,0.0126,1.059259,0.688889,,49106,149312,bfp4,bfp4,false,0,0,false,0,spmv_max_rel,SKIP
G35.mtx,hybrid_lb,hybrid_lb,structural_hybrid,ok,none,promoted_fallback,0.0109,0.0094,1.311927,0.853211,,188448,,original,raw_double,false,,,1,0,exact_abs_or_rel,SKIP
G35.mtx,cusparse_default,cusparse_csr,external_baseline,ok,none,external_baseline,0.0143,0.0123,1.000000,0.650350,,188448,102228,original,original,false,,,true,0,exact_abs_or_rel,SKIP
G42.mtx,original_lb,original_lb,load_balanced_traversal,ok,none,promoted_fallback,0.0095,0.0074,1.536842,1.000000,,188464,149384,original,original,false,0,0,true,0,exact_abs_or_rel,SKIP
G42.mtx,auto_lossless_lb,sign2_lb,lossless_value_specialized,ok,none,accuracy_pass_runtime_loss,0.0102,0.0091,1.431373,0.931373,,74692,149384,auto_lossless,sign2,true,2,74692,true,0,exact_abs_or_rel,SKIP
G42.mtx,fp16_lb,fp16_lb,controlled_lossy_value_specialized,ok,none,accuracy_pass_runtime_win,0.0092,0.0084,1.586957,1.032609,,47116,149384,fp16,fp16,false,0,0,false,0,spmv_max_rel,SKIP
G42.mtx,bf16_lb,bf16_lb,controlled_lossy_value_specialized,ok,none,accuracy_pass_runtime_loss,0.0095,0.0083,1.536842,1.000000,,47116,149384,bf16,bf16,false,0,0,false,0,spmv_max_rel,SKIP
G42.mtx,bfp8_lb,bfp8_lb,controlled_lossy_value_specialized,ok,none,accuracy_pass_runtime_loss,0.0104,0.0092,1.403846,0.913462,,60904,149384,bfp8,bfp8,false,0,0,false,0,spmv_max_rel,SKIP
G42.mtx,bfp8_outlier_lb,bfp8_outlier_lb,controlled_lossy_value_specialized,ok,none,accuracy_pass_runtime_loss,0.0102,0.0091,1.431373,0.931373,,60904,149384,bfp8_outlier,bfp8_outlier,false,0,0,false,0,spmv_max_rel,SKIP
G42.mtx,bfp4_lb,bfp4_lb,controlled_lossy_value_specialized,ok,none,accuracy_pass_runtime_loss,0.0133,0.0126,1.097744,0.714286,,49125,149384,bfp4,bfp4,false,0,0,false,0,spmv_max_rel,SKIP
G42.mtx,hybrid_lb,hybrid_lb,structural_hybrid,ok,none,promoted_fallback,0.0128,0.0105,1.140625,0.742188,,188464,,original,raw_double,false,,,1,0,exact_abs_or_rel,SKIP
G42.mtx,cusparse_default,cusparse_csr,external_baseline,ok,none,external_baseline,0.0146,0.0123,1.000000,0.650685,,188464,102236,original,original,false,,,true,0,exact_abs_or_rel,SKIP
G5.mtx,original_lb,original_lb,load_balanced_traversal,ok,none,promoted_fallback,0.0088,0.0072,1.613636,1.000000,,306816,137576,original,original,false,0,0,true,0,exact_abs_or_rel,SKIP
G5.mtx,auto_lossless_lb,all_one_lb,lossless_value_specialized,ok,none,accuracy_pass_runtime_loss,0.0089,0.0072,1.595506,0.988764,,0,137576,auto_lossless,all_one,true,1,0,true,0,exact_abs_or_rel,SKIP
G5.mtx,fp16_lb,fp16_lb,controlled_lossy_value_specialized,ok,none,accuracy_pass_runtime_loss,0.0092,0.0077,1.543478,0.956522,,76704,137576,fp16,fp16,false,0,0,false,0,spmv_max_rel,SKIP
G5.mtx,bf16_lb,bf16_lb,controlled_lossy_value_specialized,ok,none,accuracy_pass_runtime_win,0.0087,0.0073,1.632184,1.011494,,76704,137576,bf16,bf16,false,0,0,false,0,spmv_max_rel,SKIP
G5.mtx,bfp8_lb,bfp8_lb,controlled_lossy_value_specialized,ok,none,accuracy_pass_runtime_loss,0.0096,0.0091,1.479167,0.916667,,72746,137576,bfp8,bfp8,false,0,0,false,0,spmv_max_rel,SKIP
G5.mtx,bfp8_outlier_lb,bfp8_outlier_lb,controlled_lossy_value_specialized,ok,none,accuracy_pass_runtime_loss,0.0095,0.0087,1.494737,0.926316,,72746,137576,bfp8_outlier,bfp8_outlier,false,0,0,false,0,spmv_max_rel,SKIP
G5.mtx,bfp4_lb,bfp4_lb,controlled_lossy_value_specialized,ok,none,accuracy_pass_runtime_loss,0.0145,0.0132,0.979310,0.606897,,53570,137576,bfp4,bfp4,false,0,0,false,0,spmv_max_rel,SKIP
G5.mtx,hybrid_lb,hybrid_lb,structural_hybrid,ok,none,promoted_fallback,0.0088,0.0069,1.613636,1.000000,,306816,,original,raw_double,false,,,1,0,exact_abs_or_rel,SKIP
G5.mtx,cusparse_default,cusparse_csr,external_baseline,ok,none,external_baseline,0.0142,0.0102,1.000000,0.619718,,306816,156612,original,original,false,,,true,0,exact_abs_or_rel,SKIP
G57.mtx,original_lb,original_lb,load_balanced_traversal,ok,none,promoted_fallback,0.0071,0.0048,2.056338,1.000000,,160000,49600,original,original,false,0,0,true,0,exact_abs_or_rel,SKIP
G57.mtx,auto_lossless_lb,sign2_lb,lossless_value_specialized,ok,none,accuracy_pass_runtime_win,0.0070,0.0056,2.085714,1.014286,,24800,49600,auto_lossless,sign2,true,2,24800,true,0,exact_abs_or_rel,SKIP
G57.mtx,fp16_lb,fp16_lb,controlled_lossy_value_specialized,ok,none,accuracy_pass_runtime_win,0.0065,0.0049,2.246154,1.092308,,40000,49600,fp16,fp16,false,0,0,false,0,spmv_max_rel,SKIP
G57.mtx,bf16_lb,bf16_lb,controlled_lossy_value_specialized,ok,none,accuracy_pass_runtime_win,0.0069,0.0051,2.115942,1.028986,,40000,49600,bf16,bf16,false,0,0,false,0,spmv_max_rel,SKIP
G57.mtx,bfp8_lb,bfp8_lb,controlled_lossy_value_specialized,ok,none,accuracy_pass_runtime_loss,0.0079,0.0067,1.848101,0.898734,,32400,49600,bfp8,bfp8,false,0,0,false,0,spmv_max_rel,SKIP
G57.mtx,bfp8_outlier_lb,bfp8_outlier_lb,controlled_lossy_value_specialized,ok,none,accuracy_pass_runtime_loss,0.0077,0.0052,1.896104,0.922078,,32400,49600,bfp8_outlier,bfp8_outlier,false,0,0,false,0,spmv_max_rel,SKIP
G57.mtx,bfp4_lb,bfp4_lb,controlled_lossy_value_specialized,ok,none,accuracy_pass_runtime_loss,0.0076,0.0066,1.921053,0.934211,,22400,49600,bfp4,bfp4,false,0,0,false,0,spmv_max_rel,SKIP
G57.mtx,hybrid_lb,hybrid_lb,structural_hybrid,ok,none,promoted_fallback,0.0054,0.0044,2.703704,1.314815,,160000,,original,raw_double,false,,,1,0,exact_abs_or_rel,SKIP
G57.mtx,cusparse_default,cusparse_csr,external_baseline,ok,none,external_baseline,0.0146,0.0123,1.000000,0.486301,,160000,100004,original,original,false,,,true,0,exact_abs_or_rel,SKIP
G64.mtx,original_lb,original_lb,load_balanced_traversal,ok,none,promoted_fallback,0.0105,0.0091,1.552381,1.000000,,663344,602000,original,original,false,0,0,true,0,exact_abs_or_rel,SKIP
G64.mtx,auto_lossless_lb,sign2_lb,lossless_value_specialized,ok,none,accuracy_pass_runtime_loss,0.0135,0.0128,1.207407,0.777778,,301000,602000,auto_lossless,sign2,true,2,301000,true,0,exact_abs_or_rel,SKIP
G64.mtx,fp16_lb,fp16_lb,controlled_lossy_value_specialized,ok,none,accuracy_pass_runtime_win,0.0101,0.0089,1.613861,1.039604,,165836,602000,fp16,fp16,false,0,0,false,0,spmv_max_rel,SKIP
G64.mtx,bf16_lb,bf16_lb,controlled_lossy_value_specialized,ok,none,accuracy_pass_runtime_win,0.0103,0.0090,1.582524,1.019417,,165836,602000,bf16,bf16,false,0,0,false,0,spmv_max_rel,SKIP
G64.mtx,bfp8_lb,bfp8_lb,controlled_lossy_value_specialized,ok,none,accuracy_pass_runtime_loss,0.0111,0.0090,1.468468,0.945946,,233418,602000,bfp8,bfp8,false,0,0,false,0,spmv_max_rel,SKIP
G64.mtx,bfp8_outlier_lb,bfp8_outlier_lb,controlled_lossy_value_specialized,ok,none,accuracy_pass_runtime_win,0.0103,0.0090,1.582524,1.019417,,233418,602000,bfp8_outlier,bfp8_outlier,false,0,0,false,0,spmv_max_rel,SKIP
G64.mtx,bfp4_lb,bfp4_lb,controlled_lossy_value_specialized,ok,none,accuracy_pass_runtime_loss,0.0144,0.0130,1.131944,0.729167,,191959,602000,bfp4,bfp4,false,0,0,false,0,spmv_max_rel,SKIP
G64.mtx,hybrid_lb,hybrid_lb,structural_hybrid,ok,none,promoted_fallback,0.0138,0.0126,1.181159,0.760870,,663344,,original,raw_double,false,,,1,0,exact_abs_or_rel,SKIP
G64.mtx,cusparse_default,cusparse_csr,external_baseline,ok,none,external_baseline,0.0163,0.0143,1.000000,0.644172,,663344,359676,original,original,false,,,true,0,exact_abs_or_rel,SKIP
GD02_a.mtx,original_lb,original_lb,load_balanced_traversal,ok,none,promoted_fallback,0.0052,0.0042,2.192308,1.000000,,696,144,original,original,false,0,0,true,0,exact_abs_or_rel,SKIP
GD02_a.mtx,auto_lossless_lb,all_one_lb,lossless_value_specialized,ok,none,accuracy_pass_runtime_loss,0.0059,0.0055,1.932203,0.881356,,0,144,auto_lossless,all_one,true,1,0,true,0,exact_abs_or_rel,SKIP
GD02_a.mtx,fp16_lb,fp16_lb,controlled_lossy_value_specialized,ok,none,accuracy_pass_runtime_win,0.0051,0.0040,2.235294,1.019608,,174,144,fp16,fp16,false,0,0,false,0,spmv_max_rel,SKIP
GD02_a.mtx,bf16_lb,bf16_lb,controlled_lossy_value_specialized,ok,none,accuracy_pass_runtime_win,0.0049,0.0041,2.326531,1.061224,,174,144,bf16,bf16,false,0,0,false,0,spmv_max_rel,SKIP
GD02_a.mtx,bfp8_lb,bfp8_lb,controlled_lossy_value_specialized,ok,none,accuracy_pass_runtime_loss,0.0056,0.0049,2.035714,0.928571,,123,144,bfp8,bfp8,false,0,0,false,0,spmv_max_rel,SKIP
GD02_a.mtx,bfp8_outlier_lb,bfp8_outlier_lb,controlled_lossy_value_specialized,ok,none,accuracy_pass_runtime_loss,0.0058,0.0041,1.965517,0.896552,,123,144,bfp8_outlier,bfp8_outlier,false,0,0,false,0,spmv_max_rel,SKIP
GD02_a.mtx,bfp4_lb,bfp4_lb,controlled_lossy_value_specialized,ok,none,accuracy_pass_runtime_loss,0.0066,0.0050,1.727273,0.787879,,80,144,bfp4,bfp4,false,0,0,false,0,spmv_max_rel,SKIP
GD02_a.mtx,hybrid_lb,hybrid_lb,structural_hybrid,ok,none,promoted_fallback,0.0060,0.0049,1.900000,0.866667,,696,,original,raw_double,false,,,1,0,exact_abs_or_rel,SKIP
GD02_a.mtx,cusparse_default,cusparse_csr,external_baseline,ok,none,external_baseline,0.0114,0.0082,1.000000,0.456140,,696,444,original,original,false,,,true,0,exact_abs_or_rel,SKIP
GD96_b.mtx,original_lb,original_lb,load_balanced_traversal,ok,none,promoted_fallback,0.0055,0.0045,2.072727,1.000000,,1544,488,original,original,false,0,0,true,0,exact_abs_or_rel,SKIP
GD96_b.mtx,auto_lossless_lb,all_one_lb,lossless_value_specialized,ok,none,accuracy_pass_runtime_loss,0.0056,0.0044,2.035714,0.982143,,0,488,auto_lossless,all_one,true,1,0,true,0,exact_abs_or_rel,SKIP
GD96_b.mtx,fp16_lb,fp16_lb,controlled_lossy_value_specialized,ok,none,accuracy_pass_runtime_loss,0.0055,0.0044,2.072727,1.000000,,386,488,fp16,fp16,false,0,0,false,0,spmv_max_rel,SKIP
GD96_b.mtx,bf16_lb,bf16_lb,controlled_lossy_value_specialized,ok,none,accuracy_pass_runtime_loss,0.0086,0.0070,1.325581,0.639535,,386,488,bf16,bf16,false,0,0,false,0,spmv_max_rel,SKIP
GD96_b.mtx,bfp8_lb,bfp8_lb,controlled_lossy_value_specialized,ok,none,accuracy_pass_runtime_win,0.0052,0.0044,2.192308,1.057692,,315,488,bfp8,bfp8,false,0,0,false,0,spmv_max_rel,SKIP
GD96_b.mtx,bfp8_outlier_lb,bfp8_outlier_lb,controlled_lossy_value_specialized,ok,none,accuracy_pass_runtime_win,0.0048,0.0043,2.375000,1.145833,,315,488,bfp8_outlier,bfp8_outlier,false,0,0,false,0,spmv_max_rel,SKIP
GD96_b.mtx,bfp4_lb,bfp4_lb,controlled_lossy_value_specialized,ok,none,accuracy_pass_runtime_loss,0.0059,0.0037,1.932203,0.932203,,219,488,bfp4,bfp4,false,0,0,false,0,spmv_max_rel,SKIP
GD96_b.mtx,hybrid_lb,hybrid_lb,structural_hybrid,ok,none,promoted_fallback,0.0063,0.0048,1.809524,0.873016,,1544,,original,raw_double,false,,,1,0,exact_abs_or_rel,SKIP
GD96_b.mtx,cusparse_default,cusparse_csr,external_baseline,ok,none,external_baseline,0.0114,0.0082,1.000000,0.482456,,1544,1220,original,original,false,,,true,0,exact_abs_or_rel,SKIP
GD98_c.mtx,original_lb,original_lb,load_balanced_traversal,ok,none,promoted_fallback,0.0067,0.0053,1.656716,1.000000,,2688,1856,original,original,false,0,0,true,0,exact_abs_or_rel,SKIP
GD98_c.mtx,auto_lossless_lb,all_one_lb,lossless_value_specialized,ok,none,accuracy_pass_runtime_loss,0.0076,0.0070,1.460526,0.881579,,0,1856,auto_lossless,all_one,true,1,0,true,0,exact_abs_or_rel,SKIP
GD98_c.mtx,fp16_lb,fp16_lb,controlled_lossy_value_specialized,ok,none,accuracy_pass_runtime_loss,0.0076,0.0067,1.460526,0.881579,,672,1856,fp16,fp16,false,0,0,false,0,spmv_max_rel,SKIP
GD98_c.mtx,bf16_lb,bf16_lb,controlled_lossy_value_specialized,ok,none,accuracy_pass_runtime_loss,0.0080,0.0069,1.387500,0.837500,,672,1856,bf16,bf16,false,0,0,false,0,spmv_max_rel,SKIP
GD98_c.mtx,bfp8_lb,bfp8_lb,controlled_lossy_value_specialized,ok,none,accuracy_pass_runtime_loss,0.0076,0.0061,1.460526,0.881579,,800,1856,bfp8,bfp8,false,0,0,false,0,spmv_max_rel,SKIP
GD98_c.mtx,bfp8_outlier_lb,bfp8_outlier_lb,controlled_lossy_value_specialized,ok,none,accuracy_pass_runtime_loss,0.0073,0.0066,1.520548,0.917808,,800,1856,bfp8_outlier,bfp8_outlier,false,0,0,false,0,spmv_max_rel,SKIP
GD98_c.mtx,bfp4_lb,bfp4_lb,controlled_lossy_value_specialized,ok,none,accuracy_pass_runtime_loss,0.0093,0.0090,1.193548,0.720430,,632,1856,bfp4,bfp4,false,0,0,false,0,spmv_max_rel,SKIP
GD98_c.mtx,hybrid_lb,hybrid_lb,structural_hybrid,ok,none,promoted_fallback,0.0058,0.0045,1.913793,1.155172,,2688,,original,raw_double,false,,,1,0,exact_abs_or_rel,SKIP
GD98_c.mtx,cusparse_default,cusparse_csr,external_baseline,ok,none,external_baseline,0.0111,0.0082,1.000000,0.603604,,2688,1796,original,original,false,,,true,0,exact_abs_or_rel,SKIP
GL6_D_9.mtx,original_lb,original_lb,load_balanced_traversal,ok,none,promoted_fallback,0.0085,0.0072,1.494118,1.000000,,34792,19600,original,original,false,0,0,true,0,exact_abs_or_rel,SKIP
GL6_D_9.mtx,auto_lossless_lb,original_lb,load_balanced_traversal,ok,none,promoted_fallback,0.0085,0.0066,1.494118,1.000000,,34792,19600,auto_lossless,original,true,11,34792,true,0,exact_abs_or_rel,SKIP
GL6_D_9.mtx,fp16_lb,fp16_lb,controlled_lossy_value_specialized,ok,none,accuracy_pass_runtime_loss,0.0101,0.0085,1.257426,0.841584,,8698,19600,fp16,fp16,false,0,0,false,0,spmv_max_rel,SKIP
GL6_D_9.mtx,bf16_lb,bf16_lb,controlled_lossy_value_specialized,ok,none,accuracy_pass_runtime_loss,0.0094,0.0086,1.351064,0.904255,,8698,19600,bf16,bf16,false,0,0,false,0,spmv_max_rel,SKIP
GL6_D_9.mtx,bfp8_lb,bfp8_lb,controlled_lossy_value_specialized,ok,none,accuracy_pass_runtime_loss,0.0099,0.0091,1.282828,0.858586,,9249,19600,bfp8,bfp8,false,0,0,false,0,spmv_max_rel,SKIP
GL6_D_9.mtx,bfp8_outlier_lb,bfp8_outlier_lb,controlled_lossy_value_specialized,ok,none,accuracy_pass_runtime_loss,0.0120,0.0108,1.058333,0.708333,,9377,19600,bfp8_outlier,bfp8_outlier,false,0,0,false,0,spmv_max_rel,SKIP
GL6_D_9.mtx,bfp4_lb,bfp4_lb,controlled_lossy_value_specialized,ok,none,accuracy_pass_runtime_loss,0.0135,0.0125,0.940741,0.629630,,7075,19600,bfp4,bfp4,false,0,0,false,0,spmv_max_rel,SKIP
GL6_D_9.mtx,hybrid_lb,hybrid_lb,structural_hybrid,ok,none,promoted_fallback,0.0076,0.0056,1.671053,1.118421,,34792,,original,raw_double,false,,,1,0,exact_abs_or_rel,SKIP
GL6_D_9.mtx,cusparse_default,cusparse_csr,external_baseline,ok,none,external_baseline,0.0127,0.0102,1.000000,0.669291,,34792,18760,original,original,false,,,true,0,exact_abs_or_rel,SKIP
Goodwin_054.mtx,original_lb,original_lb,load_balanced_traversal,ok,none,promoted_fallback,0.0108,0.0102,1.814815,1.000000,,8247024,894808,original,original,false,0,0,true,0,exact_abs_or_rel,SKIP
Goodwin_054.mtx,auto_lossless_lb,dict65536_u16_lb,lossless_value_specialized,ok,none,accuracy_pass_runtime_loss,0.0125,0.0103,1.568000,0.864000,,7177488,894808,auto_lossless,dict65536_u16,true,2378,7177488,true,2378,exact_abs_or_rel,SKIP
Goodwin_054.mtx,fp16_lb,fp16_lb,controlled_lossy_value_specialized,ok,none,accuracy_pass_runtime_loss,0.0111,0.0102,1.765766,0.972973,,2061756,894808,fp16,fp16,false,0,0,false,0,spmv_max_rel,SKIP
Goodwin_054.mtx,bf16_lb,bf16_lb,controlled_lossy_value_specialized,ok,none,accuracy_pass_runtime_loss,0.0118,0.0099,1.661017,0.915254,,2061756,894808,bf16,bf16,false,0,0,false,0,spmv_max_rel,SKIP
Goodwin_054.mtx,bfp8_lb,bfp8_lb,controlled_lossy_value_specialized,ok,none,accuracy_pass_runtime_loss,0.0112,0.0097,1.750000,0.964286,,1254580,894808,bfp8,bfp8,false,0,0,false,0,spmv_max_rel,SKIP
Goodwin_054.mtx,bfp8_outlier_lb,bfp8_outlier_lb,controlled_lossy_value_specialized,ok,none,accuracy_pass_runtime_loss,0.0148,0.0128,1.324324,0.729730,,1315076,894808,bfp8_outlier,bfp8_outlier,false,0,0,false,0,spmv_max_rel,SKIP
Goodwin_054.mtx,bfp4_lb,bfp4_lb,controlled_lossy_value_specialized,ok,none,accuracy_pass_runtime_loss,0.0134,0.0117,1.462687,0.805970,,739141,894808,bfp4,bfp4,false,0,0,false,0,spmv_max_rel,SKIP
Goodwin_054.mtx,hybrid_lb,hybrid_lb,structural_hybrid,ok,none,promoted_fallback,0.0108,0.0091,1.814815,1.000000,,8247024,,original,raw_double,false,,,1,0,exact_abs_or_rel,SKIP
Goodwin_054.mtx,cusparse_default,cusparse_csr,external_baseline,ok,none,external_baseline,0.0196,0.0164,1.000000,0.551020,,8247024,4253556,original,original,false,,,true,0,exact_abs_or_rel,SKIP
Hardesty2.mtx,original_lb,original_lb,load_balanced_traversal,ok,none,promoted_fallback,0.0460,0.0440,0.828261,1.000000,,32165848,4696024,original,original,false,0,0,true,0,exact_abs_or_rel,SKIP
Hardesty2.mtx,auto_lossless_lb,original_lb,load_balanced_traversal,ok,none,promoted_fallback,0.0406,0.0395,0.938424,1.133005,,32165848,4696024,auto_lossless,original,true,2393565,32165848,true,0,exact_abs_or_rel,SKIP
Hardesty2.mtx,fp16_lb,fp16_lb,controlled_lossy_value_specialized,ok,none,accuracy_pass_runtime_win,0.0348,0.0337,1.094828,1.321839,,8041462,4696024,fp16,fp16,false,0,0,false,0,spmv_max_rel,SKIP
Hardesty2.mtx,bf16_lb,bf16_lb,controlled_lossy_value_specialized,ok,none,accuracy_pass_runtime_win,0.0344,0.0336,1.107558,1.337209,,8041462,4696024,bf16,bf16,false,0,0,false,0,spmv_max_rel,SKIP
Hardesty2.mtx,bfp8_lb,bfp8_lb,controlled_lossy_value_specialized,ok,none,accuracy_pass_runtime_win,0.0343,0.0331,1.110787,1.341108,,5194737,4696024,bfp8,bfp8,false,0,0,false,0,spmv_max_rel,SKIP
Hardesty2.mtx,bfp8_outlier_lb,bfp8_outlier_lb,controlled_lossy_value_specialized,ok,none,accuracy_pass_runtime_win,0.0343,0.0333,1.110787,1.341108,,5194737,4696024,bfp8_outlier,bfp8_outlier,false,0,0,false,0,spmv_max_rel,SKIP
Hardesty2.mtx,bfp4_lb,bfp4_lb,controlled_lossy_value_specialized,ok,none,accuracy_pass_runtime_win,0.0370,0.0357,1.029730,1.243243,,3184372,4696024,bfp4,bfp4,false,0,0,false,0,spmv_max_rel,SKIP
Hardesty2.mtx,hybrid_lb,hybrid_lb,structural_hybrid,ok,none,promoted_fallback,0.0323,0.0301,1.179567,1.424149,,32165848,,original,raw_double,false,,,1,0,exact_abs_or_rel,SKIP
Hardesty2.mtx,cusparse_default,cusparse_csr,external_baseline,ok,none,external_baseline,0.0381,0.0364,1.000000,1.207349,,32165848,19802532,original,original,false,,,true,0,exact_abs_or_rel,SKIP
IG5-6.mtx,original_lb,original_lb,load_balanced_traversal,ok,none,promoted_fallback,0.0063,0.0047,1.841270,1.000000,,2008,312,original,original,false,0,0,true,0,exact_abs_or_rel,SKIP
IG5-6.mtx,auto_lossless_lb,dict16_lb,lossless_value_specialized,ok,none,accuracy_pass_runtime_loss,0.0077,0.0060,1.506494,0.818182,,680,312,auto_lossless,dict16,true,7,680,true,7,exact_abs_or_rel,SKIP
IG5-6.mtx,fp16_lb,fp16_lb,controlled_lossy_value_specialized,ok,none,accuracy_pass_runtime_loss,0.0066,0.0054,1.757576,0.954545,,502,312,fp16,fp16,false,0,0,false,0,spmv_max_rel,SKIP
IG5-6.mtx,bf16_lb,bf16_lb,controlled_lossy_value_specialized,ok,none,accuracy_pass_runtime_loss,0.0066,0.0053,1.757576,0.954545,,502,312,bf16,bf16,false,0,0,false,0,spmv_max_rel,SKIP
IG5-6.mtx,bfp8_lb,bfp8_lb,controlled_lossy_value_specialized,ok,none,accuracy_pass_runtime_win,0.0051,0.0035,2.274510,1.235294,,329,312,bfp8,bfp8,false,0,0,false,0,spmv_max_rel,SKIP
IG5-6.mtx,bfp8_outlier_lb,bfp8_outlier_lb,controlled_lossy_value_specialized,ok,none,accuracy_pass_runtime_win,0.0054,0.0039,2.148148,1.166667,,329,312,bfp8_outlier,bfp8_outlier,false,0,0,false,0,spmv_max_rel,SKIP
IG5-6.mtx,bfp4_lb,bfp4_lb,controlled_lossy_value_specialized,ok,none,accuracy_pass_runtime_loss,0.0071,0.0057,1.633803,0.887324,,204,312,bfp4,bfp4,false,0,0,false,0,spmv_max_rel,SKIP
IG5-6.mtx,hybrid_lb,hybrid_lb,structural_hybrid,ok,none,promoted_fallback,0.0076,0.0062,1.526316,0.828947,,2008,,original,raw_double,false,,,1,0,exact_abs_or_rel,SKIP
IG5-6.mtx,cusparse_default,cusparse_csr,external_baseline,ok,none,external_baseline,0.0116,0.0082,1.000000,0.543103,,2008,1128,original,original,false,,,true,0,exact_abs_or_rel,SKIP
L-9.mtx,original_lb,original_lb,load_balanced_traversal,ok,none,promoted_fallback,0.0066,0.0054,2.106061,1.000000,,569536,174184,original,original,false,0,0,true,0,exact_abs_or_rel,SKIP
L-9.mtx,auto_lossless_lb,all_one_lb,lossless_value_specialized,ok,none,accuracy_pass_runtime_loss,0.0072,0.0058,1.930556,0.916667,,0,174184,auto_lossless,all_one,true,1,0,true,0,exact_abs_or_rel,SKIP
L-9.mtx,fp16_lb,fp16_lb,controlled_lossy_value_specialized,ok,none,accuracy_pass_runtime_loss,0.0084,0.0060,1.654762,0.785714,,142384,174184,fp16,fp16,false,0,0,false,0,spmv_max_rel,SKIP
L-9.mtx,bf16_lb,bf16_lb,controlled_lossy_value_specialized,ok,none,accuracy_pass_runtime_loss,0.0074,0.0052,1.878378,0.891892,,142384,174184,bf16,bf16,false,0,0,false,0,spmv_max_rel,SKIP
L-9.mtx,bfp8_lb,bfp8_lb,controlled_lossy_value_specialized,ok,none,accuracy_pass_runtime_loss,0.0076,0.0070,1.828947,0.868421,,114738,174184,bfp8,bfp8,false,0,0,false,0,spmv_max_rel,SKIP
L-9.mtx,bfp8_outlier_lb,bfp8_outlier_lb,controlled_lossy_value_specialized,ok,none,accuracy_pass_runtime_loss,0.0080,0.0069,1.737500,0.825000,,114738,174184,bfp8_outlier,bfp8_outlier,false,0,0,false,0,spmv_max_rel,SKIP
L-9.mtx,bfp4_lb,bfp4_lb,controlled_lossy_value_specialized,ok,none,accuracy_pass_runtime_loss,0.0089,0.0070,1.561798,0.741573,,79142,174184,bfp4,bfp4,false,0,0,false,0,spmv_max_rel,SKIP
L-9.mtx,hybrid_lb,hybrid_lb,structural_hybrid,ok,none,promoted_fallback,0.0061,0.0045,2.278689,1.081967,,569536,,original,raw_double,false,,,1,0,exact_abs_or_rel,SKIP
L-9.mtx,cusparse_default,cusparse_csr,external_baseline,ok,none,external_baseline,0.0139,0.0123,1.000000,0.474820,,569536,356704,original,original,false,,,true,0,exact_abs_or_rel,SKIP
LF10000_B.mtx,original_lb,original_lb,load_balanced_traversal,ok,none,promoted_fallback,0.0050,0.0036,2.800000,1.000000,,8,8,original,original,false,0,0,true,0,exact_abs_or_rel,SKIP
LF10000_B.mtx,auto_lossless_lb,all_one_lb,lossless_value_specialized,ok,none,accuracy_pass_runtime_loss,0.0051,0.0037,2.745098,0.980392,,0,8,auto_lossless,all_one,true,1,0,true,0,exact_abs_or_rel,SKIP
LF10000_B.mtx,fp16_lb,fp16_lb,controlled_lossy_value_specialized,ok,none,accuracy_pass_runtime_win,0.0043,0.0030,3.255814,1.162791,,2,8,fp16,fp16,false,0,0,false,0,spmv_max_rel,SKIP
LF10000_B.mtx,bf16_lb,bf16_lb,controlled_lossy_value_specialized,ok,none,accuracy_pass_runtime_win,0.0040,0.0032,3.500000,1.250000,,2,8,bf16,bf16,false,0,0,false,0,spmv_max_rel,SKIP
LF10000_B.mtx,bfp8_lb,bfp8_lb,controlled_lossy_value_specialized,ok,none,accuracy_pass_runtime_loss,0.0053,0.0044,2.641509,0.943396,,3,8,bfp8,bfp8,false,0,0,false,0,spmv_max_rel,SKIP
LF10000_B.mtx,bfp8_outlier_lb,bfp8_outlier_lb,controlled_lossy_value_specialized,ok,none,accuracy_pass_runtime_loss,0.0053,0.0044,2.641509,0.943396,,3,8,bfp8_outlier,bfp8_outlier,false,0,0,false,0,spmv_max_rel,SKIP
LF10000_B.mtx,bfp4_lb,bfp4_lb,controlled_lossy_value_specialized,ok,none,accuracy_pass_runtime_loss,0.0050,0.0044,2.800000,1.000000,,3,8,bfp4,bfp4,false,0,0,false,0,spmv_max_rel,SKIP
LF10000_B.mtx,hybrid_lb,hybrid_lb,structural_hybrid,ok,none,promoted_fallback,0.0060,0.0052,2.333333,0.833333,,8,,original,raw_double,false,,,1,0,exact_abs_or_rel,SKIP
LF10000_B.mtx,cusparse_default,cusparse_csr,external_baseline,ok,none,external_baseline,0.0140,0.0102,1.000000,0.357143,,8,80000,original,original,false,,,true,0,exact_abs_or_rel,SKIP
LFAT5_M.mtx,original_lb,original_lb,load_balanced_traversal,ok,none,promoted_fallback,0.0045,0.0031,2.577778,1.000000,,368,64,original,original,false,0,0,true,0,exact_abs_or_rel,SKIP
LFAT5_M.mtx,auto_lossless_lb,dict16_lb,lossless_value_specialized,ok,none,accuracy_pass_runtime_loss,0.0053,0.0047,2.188679,0.849057,,216,64,auto_lossless,dict16,true,11,216,true,11,exact_abs_or_rel,SKIP
LFAT5_M.mtx,fp16_lb,fp16_lb,controlled_lossy_value_specialized,ok,none,accuracy_pass_runtime_loss,0.0056,0.0047,2.071429,0.803571,,92,64,fp16,fp16,false,0,0,false,0,spmv_max_rel,SKIP
LFAT5_M.mtx,bf16_lb,bf16_lb,controlled_lossy_value_specialized,ok,none,accuracy_pass_runtime_loss,0.0055,0.0045,2.109091,0.818182,,92,64,bf16,bf16,false,0,0,false,0,spmv_max_rel,SKIP
LFAT5_M.mtx,bfp8_lb,bfp8_lb,controlled_lossy_value_specialized,ok,none,accuracy_pass_runtime_loss,0.0047,0.0042,2.468085,0.957447,,62,64,bfp8,bfp8,false,0,0,false,0,spmv_max_rel,SKIP
LFAT5_M.mtx,bfp8_outlier_lb,bfp8_outlier_lb,controlled_lossy_value_specialized,ok,none,accuracy_pass_runtime_loss,0.0052,0.0036,2.230769,0.865385,,62,64,bfp8_outlier,bfp8_outlier,false,0,0,false,0,spmv_max_rel,SKIP
LFAT5_M.mtx,bfp4_lb,bfp4_lb,controlled_lossy_value_specialized,ok,none,accuracy_pass_runtime_loss,0.0062,0.0045,1.870968,0.725806,,39,64,bfp4,bfp4,false,0,0,false,0,spmv_max_rel,SKIP
LFAT5_M.mtx,hybrid_lb,hybrid_lb,structural_hybrid,ok,none,promoted_fallback,0.0061,0.0048,1.901639,0.737705,,368,,original,raw_double,false,,,1,0,exact_abs_or_rel,SKIP
LFAT5_M.mtx,cusparse_default,cusparse_csr,external_baseline,ok,none,external_baseline,0.0116,0.0100,1.000000,0.387931,,368,244,original,original,false,,,true,0,exact_abs_or_rel,SKIP
M10PI_n1_E.mtx,original_lb,original_lb,load_balanced_traversal,ok,none,promoted_fallback,0.0057,0.0041,2.192982,1.000000,,4224,1056,original,original,false,0,0,true,0,exact_abs_or_rel,SKIP
M10PI_n1_E.mtx,auto_lossless_lb,original_lb,load_balanced_traversal,ok,none,promoted_fallback,0.0058,0.0049,2.155172,0.982759,,4224,1056,auto_lossless,original,true,100,4224,true,0,exact_abs_or_rel,SKIP
M10PI_n1_E.mtx,fp16_lb,fp16_lb,controlled_lossy_value_specialized,ok,none,accuracy_pass_runtime_win,0.0055,0.0042,2.272727,1.036364,,1056,1056,fp16,fp16,false,0,0,false,0,spmv_max_rel,SKIP
M10PI_n1_E.mtx,bf16_lb,bf16_lb,controlled_lossy_value_specialized,ok,none,accuracy_pass_runtime_win,0.0056,0.0045,2.232143,1.017857,,1056,1056,bf16,bf16,false,0,0,false,0,spmv_max_rel,SKIP
M10PI_n1_E.mtx,bfp8_lb,bfp8_lb,controlled_lossy_value_specialized,ok,none,accuracy_pass_runtime_win,0.0047,0.0033,2.659574,1.212766,,792,1056,bfp8,bfp8,false,0,0,false,0,spmv_max_rel,SKIP
M10PI_n1_E.mtx,bfp8_outlier_lb,bfp8_outlier_lb,controlled_lossy_value_specialized,ok,none,accuracy_pass_runtime_loss,0.0081,0.0065,1.543210,0.703704,,824,1056,bfp8_outlier,bfp8_outlier,false,0,0,false,0,spmv_max_rel,SKIP
M10PI_n1_E.mtx,bfp4_lb,bfp4_lb,controlled_lossy_value_specialized,ok,none,accuracy_pass_runtime_win,0.0054,0.0046,2.314815,1.055556,,528,1056,bfp4,bfp4,false,0,0,false,0,spmv_max_rel,SKIP
M10PI_n1_E.mtx,hybrid_lb,hybrid_lb,structural_hybrid,ok,none,promoted_fallback,0.0061,0.0050,2.049180,0.934426,,4224,,original,raw_double,false,,,1,0,exact_abs_or_rel,SKIP
M10PI_n1_E.mtx,cusparse_default,cusparse_csr,external_baseline,ok,none,external_baseline,0.0125,0.0102,1.000000,0.456000,,4224,4228,original,original,false,,,true,0,exact_abs_or_rel,SKIP
M20PI_n1_E.mtx,original_lb,original_lb,load_balanced_traversal,ok,none,promoted_fallback,0.0053,0.0045,2.433962,1.000000,,8224,2056,original,original,false,0,0,true,0,exact_abs_or_rel,SKIP
M20PI_n1_E.mtx,auto_lossless_lb,original_lb,load_balanced_traversal,ok,none,promoted_fallback,0.0057,0.0049,2.263158,0.929825,,8224,2056,auto_lossless,original,true,99,8224,true,0,exact_abs_or_rel,SKIP
M20PI_n1_E.mtx,fp16_lb,fp16_lb,controlled_lossy_value_specialized,ok,none,accuracy_pass_runtime_loss,0.0058,0.0047,2.224138,0.913793,,2056,2056,fp16,fp16,false,0,0,false,0,spmv_max_rel,SKIP
M20PI_n1_E.mtx,bf16_lb,bf16_lb,controlled_lossy_value_specialized,ok,none,accuracy_pass_runtime_loss,0.0062,0.0050,2.080645,0.854839,,2056,2056,bf16,bf16,false,0,0,false,0,spmv_max_rel,SKIP
M20PI_n1_E.mtx,bfp8_lb,bfp8_lb,controlled_lossy_value_specialized,ok,none,accuracy_pass_runtime_win,0.0052,0.0046,2.480769,1.019231,,1542,2056,bfp8,bfp8,false,0,0,false,0,spmv_max_rel,SKIP
M20PI_n1_E.mtx,bfp8_outlier_lb,bfp8_outlier_lb,controlled_lossy_value_specialized,ok,none,accuracy_pass_runtime_loss,0.0080,0.0067,1.612500,0.662500,,1590,2056,bfp8_outlier,bfp8_outlier,false,0,0,false,0,spmv_max_rel,SKIP
M20PI_n1_E.mtx,bfp4_lb,bfp4_lb,controlled_lossy_value_specialized,ok,none,accuracy_pass_runtime_loss,0.0057,0.0048,2.263158,0.929825,,1028,2056,bfp4,bfp4,false,0,0,false,0,spmv_max_rel,SKIP
M20PI_n1_E.mtx,hybrid_lb,hybrid_lb,structural_hybrid,ok,none,promoted_fallback,0.0058,0.0045,2.224138,0.913793,,8224,,original,raw_double,false,,,1,0,exact_abs_or_rel,SKIP
M20PI_n1_E.mtx,cusparse_default,cusparse_csr,external_baseline,ok,none,external_baseline,0.0129,0.0102,1.000000,0.410853,,8224,8228,original,original,false,,,true,0,exact_abs_or_rel,SKIP
M40PI_n1_E.mtx,original_lb,original_lb,load_balanced_traversal,ok,none,promoted_fallback,0.0053,0.0039,2.698113,1.000000,,16224,4056,original,original,false,0,0,true,0,exact_abs_or_rel,SKIP
M40PI_n1_E.mtx,auto_lossless_lb,original_lb,load_balanced_traversal,ok,none,promoted_fallback,0.0059,0.0048,2.423729,0.898305,,16224,4056,auto_lossless,original,true,99,16224,true,0,exact_abs_or_rel,SKIP
M40PI_n1_E.mtx,fp16_lb,fp16_lb,controlled_lossy_value_specialized,ok,none,accuracy_pass_runtime_win,0.0052,0.0045,2.750000,1.019231,,4056,4056,fp16,fp16,false,0,0,false,0,spmv_max_rel,SKIP
M40PI_n1_E.mtx,bf16_lb,bf16_lb,controlled_lossy_value_specialized,ok,none,accuracy_pass_runtime_loss,0.0053,0.0048,2.698113,1.000000,,4056,4056,bf16,bf16,false,0,0,false,0,spmv_max_rel,SKIP
M40PI_n1_E.mtx,bfp8_lb,bfp8_lb,controlled_lossy_value_specialized,ok,none,accuracy_pass_runtime_loss,0.0058,0.0050,2.465517,0.913793,,3042,4056,bfp8,bfp8,false,0,0,false,0,spmv_max_rel,SKIP
M40PI_n1_E.mtx,bfp8_outlier_lb,bfp8_outlier_lb,controlled_lossy_value_specialized,ok,none,accuracy_pass_runtime_loss,0.0082,0.0059,1.743902,0.646341,,3154,4056,bfp8_outlier,bfp8_outlier,false,0,0,false,0,spmv_max_rel,SKIP
M40PI_n1_E.mtx,bfp4_lb,bfp4_lb,controlled_lossy_value_specialized,ok,none,accuracy_pass_runtime_loss,0.0055,0.0049,2.600000,0.963636,,2028,4056,bfp4,bfp4,false,0,0,false,0,spmv_max_rel,SKIP
M40PI_n1_E.mtx,hybrid_lb,hybrid_lb,structural_hybrid,ok,none,promoted_fallback,0.0058,0.0039,2.465517,0.913793,,16224,,original,raw_double,false,,,1,0,exact_abs_or_rel,SKIP
M40PI_n1_E.mtx,cusparse_default,cusparse_csr,external_baseline,ok,none,external_baseline,0.0143,0.0102,1.000000,0.370629,,16224,16228,original,original,false,,,true,0,exact_abs_or_rel,SKIP
M80PI_n1_E.mtx,original_lb,original_lb,load_balanced_traversal,ok,none,promoted_fallback,0.0064,0.0052,2.203125,1.000000,,32224,8056,original,original,false,0,0,true,0,exact_abs_or_rel,SKIP
M80PI_n1_E.mtx,auto_lossless_lb,original_lb,load_balanced_traversal,ok,none,promoted_fallback,0.0062,0.0047,2.274194,1.032258,,32224,8056,auto_lossless,original,true,99,32224,true,0,exact_abs_or_rel,SKIP
M80PI_n1_E.mtx,fp16_lb,fp16_lb,controlled_lossy_value_specialized,ok,none,accuracy_pass_runtime_win,0.0059,0.0052,2.389831,1.084746,,8056,8056,fp16,fp16,false,0,0,false,0,spmv_max_rel,SKIP
M80PI_n1_E.mtx,bf16_lb,bf16_lb,controlled_lossy_value_specialized,ok,none,accuracy_pass_runtime_win,0.0060,0.0042,2.350000,1.066667,,8056,8056,bf16,bf16,false,0,0,false,0,spmv_max_rel,SKIP
M80PI_n1_E.mtx,bfp8_lb,bfp8_lb,controlled_lossy_value_specialized,ok,none,accuracy_pass_runtime_win,0.0049,0.0037,2.877551,1.306122,,6042,8056,bfp8,bfp8,false,0,0,false,0,spmv_max_rel,SKIP
M80PI_n1_E.mtx,bfp8_outlier_lb,bfp8_outlier_lb,controlled_lossy_value_specialized,ok,none,accuracy_pass_runtime_loss,0.0081,0.0059,1.740741,0.790123,,6170,8056,bfp8_outlier,bfp8_outlier,false,0,0,false,0,spmv_max_rel,SKIP
M80PI_n1_E.mtx,bfp4_lb,bfp4_lb,controlled_lossy_value_specialized,ok,none,accuracy_pass_runtime_win,0.0050,0.0038,2.820000,1.280000,,4028,8056,bfp4,bfp4,false,0,0,false,0,spmv_max_rel,SKIP
M80PI_n1_E.mtx,hybrid_lb,hybrid_lb,structural_hybrid,ok,none,promoted_fallback,0.0060,0.0048,2.350000,1.066667,,32224,,original,raw_double,false,,,1,0,exact_abs_or_rel,SKIP
M80PI_n1_E.mtx,cusparse_default,cusparse_csr,external_baseline,ok,none,external_baseline,0.0141,0.0123,1.000000,0.453901,,32224,32228,original,original,false,,,true,0,exact_abs_or_rel,SKIP
Maragal_2.mtx,original_lb,original_lb,load_balanced_traversal,ok,none,promoted_fallback,0.0080,0.0067,1.900000,1.000000,,34856,10536,original,original,false,0,0,true,0,exact_abs_or_rel,SKIP
Maragal_2.mtx,auto_lossless_lb,original_lb,load_balanced_traversal,ok,none,promoted_fallback,0.0082,0.0072,1.853659,0.975610,,34856,10536,auto_lossless,original,true,1442,34856,true,0,exact_abs_or_rel,SKIP
Maragal_2.mtx,fp16_lb,fp16_lb,controlled_lossy_value_specialized,ok,none,accuracy_pass_runtime_loss,0.0087,0.0076,1.747126,0.919540,,8714,10536,fp16,fp16,false,0,0,false,0,spmv_max_rel,SKIP
Maragal_2.mtx,bf16_lb,bf16_lb,controlled_lossy_value_specialized,ok,none,accuracy_pass_runtime_loss,0.0088,0.0076,1.727273,0.909091,,8714,10536,bf16,bf16,false,0,0,false,0,spmv_max_rel,SKIP
Maragal_2.mtx,bfp8_lb,bfp8_lb,controlled_lossy_value_specialized,ok,none,accuracy_pass_runtime_loss,0.0104,0.0094,1.461538,0.769231,,6991,10536,bfp8,bfp8,false,0,0,false,0,spmv_max_rel,SKIP
Maragal_2.mtx,bfp8_outlier_lb,bfp8_outlier_lb,controlled_lossy_value_specialized,ok,none,accuracy_pass_runtime_loss,0.0125,0.0107,1.216000,0.640000,,7327,10536,bfp8_outlier,bfp8_outlier,false,0,0,false,0,spmv_max_rel,SKIP
Maragal_2.mtx,bfp4_lb,bfp4_lb,controlled_lossy_value_specialized,ok,none,accuracy_pass_runtime_loss,0.0146,0.0134,1.041096,0.547945,,4813,10536,bfp4,bfp4,false,0,0,false,0,spmv_max_rel,SKIP
Maragal_2.mtx,hybrid_lb,hybrid_lb,structural_hybrid,ok,none,promoted_fallback,0.0096,0.0073,1.583333,0.833333,,34856,,original,raw_double,false,,,1,0,exact_abs_or_rel,SKIP
Maragal_2.mtx,cusparse_default,cusparse_csr,external_baseline,ok,none,external_baseline,0.0152,0.0123,1.000000,0.526316,,34856,19652,original,original,false,,,true,0,exact_abs_or_rel,SKIP
Na5.mtx,original_lb,original_lb,load_balanced_traversal,ok,none,promoted_fallback,0.0087,0.0080,1.597701,1.000000,,2445040,414200,original,original,false,0,0,true,0,exact_abs_or_rel,SKIP
Na5.mtx,auto_lossless_lb,original_lb,load_balanced_traversal,ok,none,promoted_fallback,0.0094,0.0083,1.478723,0.925532,,2445040,414200,auto_lossless,original,true,80629,2445040,true,0,exact_abs_or_rel,SKIP
Na5.mtx,fp16_lb,fp16_lb,controlled_lossy_value_specialized,ok,none,accuracy_pass_runtime_loss,0.0087,0.0081,1.597701,1.000000,,611260,414200,fp16,fp16,false,0,0,false,0,spmv_max_rel,SKIP
Na5.mtx,bf16_lb,bf16_lb,controlled_lossy_value_specialized,ok,none,accuracy_pass_runtime_loss,0.0094,0.0085,1.478723,0.925532,,611260,414200,bf16,bf16,false,0,0,false,0,spmv_max_rel,SKIP
Na5.mtx,bfp8_lb,bfp8_lb,controlled_lossy_value_specialized,ok,none,accuracy_pass_runtime_loss,0.0099,0.0086,1.404040,0.878788,,409180,414200,bfp8,bfp8,false,0,0,false,0,spmv_max_rel,SKIP
Na5.mtx,bfp8_outlier_lb,bfp8_outlier_lb,controlled_lossy_value_specialized,ok,none,accuracy_pass_runtime_loss,0.0126,0.0104,1.103175,0.690476,,433628,414200,bfp8_outlier,bfp8_outlier,false,0,0,false,0,spmv_max_rel,SKIP
Na5.mtx,bfp4_lb,bfp4_lb,controlled_lossy_value_specialized,ok,none,accuracy_pass_runtime_loss,0.0129,0.0121,1.077519,0.674419,,256365,414200,bfp4,bfp4,false,0,0,false,0,spmv_max_rel,SKIP
Na5.mtx,hybrid_lb,hybrid_lb,structural_hybrid,ok,none,promoted_fallback,0.0147,0.0132,0.945578,0.591837,,2445040,,original,raw_double,false,,,1,0,exact_abs_or_rel,SKIP
Na5.mtx,cusparse_default,cusparse_csr,external_baseline,ok,none,external_baseline,0.0139,0.0102,1.000000,0.625899,,2445040,1245852,original,original,false,,,true,0,exact_abs_or_rel,SKIP
ODLIS.mtx,original_lb,original_lb,load_balanced_traversal,ok,none,promoted_fallback,0.0090,0.0071,1.544444,1.000000,,145968,116728,original,original,false,0,0,true,0,exact_abs_or_rel,SKIP
ODLIS.mtx,auto_lossless_lb,dict4_lb,lossless_value_specialized,ok,none,accuracy_pass_runtime_loss,0.0112,0.0095,1.241071,0.803571,,116752,116728,auto_lossless,dict4,true,3,116752,true,3,exact_abs_or_rel,SKIP
ODLIS.mtx,fp16_lb,fp16_lb,controlled_lossy_value_specialized,ok,none,accuracy_pass_runtime_win,0.0086,0.0072,1.616279,1.046512,,36492,116728,fp16,fp16,false,0,0,false,0,spmv_max_rel,SKIP
ODLIS.mtx,bf16_lb,bf16_lb,controlled_lossy_value_specialized,ok,none,accuracy_pass_runtime_win,0.0089,0.0081,1.561798,1.011236,,36492,116728,bf16,bf16,false,0,0,false,0,spmv_max_rel,SKIP
ODLIS.mtx,bfp8_lb,bfp8_lb,controlled_lossy_value_specialized,ok,none,accuracy_pass_runtime_loss,0.0093,0.0086,1.494624,0.967742,,47428,116728,bfp8,bfp8,false,0,0,false,0,spmv_max_rel,SKIP
ODLIS.mtx,bfp8_outlier_lb,bfp8_outlier_lb,controlled_lossy_value_specialized,ok,none,accuracy_pass_runtime_loss,0.0115,0.0103,1.208696,0.782609,,47444,116728,bfp8_outlier,bfp8_outlier,false,0,0,false,0,spmv_max_rel,SKIP
ODLIS.mtx,bfp4_lb,bfp4_lb,controlled_lossy_value_specialized,ok,none,accuracy_pass_runtime_loss,0.0136,0.0127,1.022059,0.661765,,38305,116728,bfp4,bfp4,false,0,0,false,0,spmv_max_rel,SKIP
ODLIS.mtx,hybrid_lb,hybrid_lb,structural_hybrid,ok,none,promoted_fallback,0.0070,0.0054,1.985714,1.285714,,145968,,original,raw_double,false,,,1,0,exact_abs_or_rel,SKIP
ODLIS.mtx,cusparse_default,cusparse_csr,external_baseline,ok,none,external_baseline,0.0139,0.0123,1.000000,0.647482,,145968,84624,original,original,false,,,true,0,exact_abs_or_rel,SKIP
Oregon-1_G_1.mtx,original_lb,original_lb,load_balanced_traversal,ok,none,promoted_fallback,0.0094,0.0086,1.606383,1.000000,,352032,283616,original,original,false,0,0,true,0,exact_abs_or_rel,SKIP
Oregon-1_G_1.mtx,auto_lossless_lb,all_one_lb,lossless_value_specialized,ok,none,accuracy_pass_runtime_win,0.0089,0.0079,1.696629,1.056180,,0,283616,auto_lossless,all_one,true,1,0,true,0,exact_abs_or_rel,SKIP
Oregon-1_G_1.mtx,fp16_lb,fp16_lb,controlled_lossy_value_specialized,ok,none,accuracy_pass_runtime_win,0.0090,0.0084,1.677778,1.044444,,88008,283616,fp16,fp16,false,0,0,false,0,spmv_max_rel,SKIP
Oregon-1_G_1.mtx,bf16_lb,bf16_lb,controlled_lossy_value_specialized,ok,none,accuracy_pass_runtime_loss,0.0095,0.0087,1.589474,0.989474,,88008,283616,bf16,bf16,false,0,0,false,0,spmv_max_rel,SKIP
Oregon-1_G_1.mtx,bfp8_lb,bfp8_lb,controlled_lossy_value_specialized,ok,none,accuracy_pass_runtime_win,0.0092,0.0077,1.641304,1.021739,,114908,283616,bfp8,bfp8,false,0,0,false,0,spmv_max_rel,SKIP
Oregon-1_G_1.mtx,bfp8_outlier_lb,bfp8_outlier_lb,controlled_lossy_value_specialized,ok,none,accuracy_pass_runtime_win,0.0092,0.0078,1.641304,1.021739,,114908,283616,bfp8_outlier,bfp8_outlier,false,0,0,false,0,spmv_max_rel,SKIP
Oregon-1_G_1.mtx,bfp4_lb,bfp4_lb,controlled_lossy_value_specialized,ok,none,accuracy_pass_runtime_loss,0.0140,0.0129,1.078571,0.671429,,92906,283616,bfp4,bfp4,false,0,0,false,0,spmv_max_rel,SKIP
Oregon-1_G_1.mtx,hybrid_lb,hybrid_lb,structural_hybrid,ok,none,promoted_fallback,0.0120,0.0100,1.258333,0.783333,,352032,,original,raw_double,false,,,1,0,exact_abs_or_rel,SKIP
Oregon-1_G_1.mtx,cusparse_default,cusparse_csr,external_baseline,ok,none,external_baseline,0.0151,0.0123,1.000000,0.622517,,352032,221988,original,original,false,,,true,0,exact_abs_or_rel,SKIP
Oregon-1_G_9.mtx,original_lb,original_lb,load_balanced_traversal,ok,none,promoted_fallback,0.0089,0.0082,1.943820,1.000000,,374544,300424,original,original,false,0,0,true,0,exact_abs_or_rel,SKIP
Oregon-1_G_9.mtx,auto_lossless_lb,all_one_lb,lossless_value_specialized,ok,none,accuracy_pass_runtime_loss,0.0096,0.0088,1.802083,0.927083,,0,300424,auto_lossless,all_one,true,1,0,true,0,exact_abs_or_rel,SKIP
Oregon-1_G_9.mtx,fp16_lb,fp16_lb,controlled_lossy_value_specialized,ok,none,accuracy_pass_runtime_loss,0.0092,0.0085,1.880435,0.967391,,93636,300424,fp16,fp16,false,0,0,false,0,spmv_max_rel,SKIP
Oregon-1_G_9.mtx,bf16_lb,bf16_lb,controlled_lossy_value_specialized,ok,none,accuracy_pass_runtime_loss,0.0091,0.0086,1.901099,0.978022,,93636,300424,bf16,bf16,false,0,0,false,0,spmv_max_rel,SKIP
Oregon-1_G_9.mtx,bfp8_lb,bfp8_lb,controlled_lossy_value_specialized,ok,none,accuracy_pass_runtime_loss,0.0101,0.0090,1.712871,0.881188,,121924,300424,bfp8,bfp8,false,0,0,false,0,spmv_max_rel,SKIP
Oregon-1_G_9.mtx,bfp8_outlier_lb,bfp8_outlier_lb,controlled_lossy_value_specialized,ok,none,accuracy_pass_runtime_loss,0.0107,0.0084,1.616822,0.831776,,121924,300424,bfp8_outlier,bfp8_outlier,false,0,0,false,0,spmv_max_rel,SKIP
Oregon-1_G_9.mtx,bfp4_lb,bfp4_lb,controlled_lossy_value_specialized,ok,none,accuracy_pass_runtime_loss,0.0130,0.0118,1.330769,0.684615,,98515,300424,bfp4,bfp4,false,0,0,false,0,spmv_max_rel,SKIP
Oregon-1_G_9.mtx,hybrid_lb,hybrid_lb,structural_hybrid,ok,none,promoted_fallback,0.0116,0.0097,1.491379,0.767241,,374544,,original,raw_double,false,,,1,0,exact_abs_or_rel,SKIP
Oregon-1_G_9.mtx,cusparse_default,cusparse_csr,external_baseline,ok,none,external_baseline,0.0173,0.0123,1.000000,0.514451,,374544,233244,original,original,false,,,true,0,exact_abs_or_rel,SKIP
Oregon-2_G_7.mtx,original_lb,original_lb,load_balanced_traversal,ok,none,promoted_fallback,0.0113,0.0097,1.530973,1.000000,,500848,407456,original,original,false,0,0,true,0,exact_abs_or_rel,SKIP
Oregon-2_G_7.mtx,auto_lossless_lb,all_one_lb,lossless_value_specialized,ok,none,accuracy_pass_runtime_win,0.0105,0.0091,1.647619,1.076190,,0,407456,auto_lossless,all_one,true,1,0,true,0,exact_abs_or_rel,SKIP
Oregon-2_G_7.mtx,fp16_lb,fp16_lb,controlled_lossy_value_specialized,ok,none,accuracy_pass_runtime_win,0.0109,0.0099,1.587156,1.036697,,125212,407456,fp16,fp16,false,0,0,false,0,spmv_max_rel,SKIP
Oregon-2_G_7.mtx,bf16_lb,bf16_lb,controlled_lossy_value_specialized,ok,none,accuracy_pass_runtime_win,0.0107,0.0098,1.616822,1.056075,,125212,407456,bf16,bf16,false,0,0,false,0,spmv_max_rel,SKIP
Oregon-2_G_7.mtx,bfp8_lb,bfp8_lb,controlled_lossy_value_specialized,ok,none,accuracy_pass_runtime_win,0.0105,0.0097,1.647619,1.076190,,164470,407456,bfp8,bfp8,false,0,0,false,0,spmv_max_rel,SKIP
Oregon-2_G_7.mtx,bfp8_outlier_lb,bfp8_outlier_lb,controlled_lossy_value_specialized,ok,none,accuracy_pass_runtime_win,0.0109,0.0096,1.587156,1.036697,,164470,407456,bfp8_outlier,bfp8_outlier,false,0,0,false,0,spmv_max_rel,SKIP
Oregon-2_G_7.mtx,bfp4_lb,bfp4_lb,controlled_lossy_value_specialized,ok,none,accuracy_pass_runtime_loss,0.0144,0.0128,1.201389,0.784722,,133167,407456,bfp4,bfp4,false,0,0,false,0,spmv_max_rel,SKIP
Oregon-2_G_7.mtx,hybrid_lb,hybrid_lb,structural_hybrid,ok,none,promoted_fallback,0.0142,0.0128,1.218310,0.795775,,500848,,original,raw_double,false,,,1,0,exact_abs_or_rel,SKIP
Oregon-2_G_7.mtx,cusparse_default,cusparse_csr,external_baseline,ok,none,external_baseline,0.0173,0.0123,1.000000,0.653179,,500848,297652,original,original,false,,,true,0,exact_abs_or_rel,SKIP
Pd.mtx,original_lb,original_lb,load_balanced_traversal,ok,none,promoted_fallback,0.0063,0.0049,2.539683,1.000000,,104288,32968,original,original,false,0,0,true,0,exact_abs_or_rel,SKIP
Pd.mtx,auto_lossless_lb,original_lb,load_balanced_traversal,ok,none,promoted_fallback,0.0073,0.0050,2.191781,0.863014,,104288,32968,auto_lossless,original,true,432,104288,true,0,exact_abs_or_rel,SKIP
Pd.mtx,fp16_lb,fp16_lb,controlled_lossy_value_specialized,ok,none,accuracy_pass_runtime_loss,0.0085,0.0070,1.882353,0.741176,,26072,32968,fp16,fp16,false,0,0,false,0,spmv_max_rel,SKIP
Pd.mtx,bf16_lb,bf16_lb,controlled_lossy_value_specialized,ok,none,accuracy_pass_runtime_loss,0.0079,0.0058,2.025316,0.797468,,26072,32968,bf16,bf16,false,0,0,false,0,spmv_max_rel,SKIP
Pd.mtx,bfp8_lb,bfp8_lb,controlled_lossy_value_specialized,ok,none,accuracy_pass_runtime_loss,0.0078,0.0070,2.051282,0.807692,,21278,32968,bfp8,bfp8,false,0,0,false,0,spmv_max_rel,SKIP
Pd.mtx,bfp8_outlier_lb,bfp8_outlier_lb,controlled_lossy_value_specialized,ok,none,accuracy_pass_runtime_loss,0.0093,0.0076,1.720430,0.677419,,22302,32968,bfp8_outlier,bfp8_outlier,false,0,0,false,0,spmv_max_rel,SKIP
Pd.mtx,bfp4_lb,bfp4_lb,controlled_lossy_value_specialized,ok,none,accuracy_pass_runtime_loss,0.0083,0.0067,1.927711,0.759036,,14760,32968,bfp4,bfp4,false,0,0,false,0,spmv_max_rel,SKIP
Pd.mtx,hybrid_lb,hybrid_lb,structural_hybrid,ok,none,promoted_fallback,0.0057,0.0043,2.807018,1.105263,,104288,,original,raw_double,false,,,1,0,exact_abs_or_rel,SKIP
Pd.mtx,cusparse_default,cusparse_csr,external_baseline,ok,none,external_baseline,0.0160,0.0123,1.000000,0.393750,,104288,84472,original,original,false,,,true,0,exact_abs_or_rel,SKIP
Queen_4147.mtx,original_lb,original_lb,load_balanced_traversal,ok,none,promoted_fallback,1.9224,1.9205,1.299209,1.000000,,2532391696,195271072,original,original,false,0,0,true,0,exact_abs_or_rel,SKIP
Queen_4147.mtx,auto_lossless_lb,original_lb,load_balanced_traversal,ok,none,promoted_fallback,1.9236,1.9222,1.298399,0.999376,,2532391696,195271072,auto_lossless,original,true,157482477,2532391696,true,0,exact_abs_or_rel,SKIP
Queen_4147.mtx,fp16_lb,fp16_lb,controlled_lossy_value_specialized,ok,none,accuracy_pass_runtime_win,1.0486,1.0376,2.381842,1.833302,,633097924,195271072,fp16,fp16,false,0,0,false,0,spmv_max_rel,SKIP
Queen_4147.mtx,bf16_lb,bf16_lb,controlled_lossy_value_specialized,ok,none,accuracy_pass_runtime_win,1.0507,1.0374,2.377082,1.829637,,633097924,195271072,bf16,bf16,false,0,0,false,0,spmv_max_rel,SKIP
Queen_4147.mtx,bfp8_lb,bfp8_lb,controlled_lossy_value_specialized,ok,none,accuracy_pass_runtime_win,1.0381,1.0299,2.405934,1.851845,,365366730,195271072,bfp8,bfp8,false,0,0,false,0,spmv_max_rel,SKIP
Queen_4147.mtx,bfp8_outlier_lb,bfp8_outlier_lb,controlled_lossy_value_specialized,ok,none,accuracy_pass_runtime_win,1.0652,1.0541,2.344724,1.804732,,390690634,195271072,bfp8_outlier,bfp8_outlier,false,0,0,false,0,spmv_max_rel,SKIP
Queen_4147.mtx,bfp4_lb,bfp4_lb,controlled_lossy_value_specialized,ok,none,accuracy_pass_runtime_win,1.2150,1.2050,2.055638,1.582222,,207092249,195271072,bfp4,bfp4,false,0,0,false,0,spmv_max_rel,SKIP
Queen_4147.mtx,hybrid_lb,hybrid_lb,structural_hybrid,ok,none,promoted_fallback,1.9990,1.9929,1.249425,0.961681,,2532391696,,original,raw_double,false,,,1,0,exact_abs_or_rel,SKIP
Queen_4147.mtx,cusparse_default,cusparse_csr,external_baseline,ok,none,external_baseline,2.4976,2.4945,1.000000,0.769699,,2532391696,1282784292,original,original,false,,,true,0,exact_abs_or_rel,SKIP
S10PI_n1_E.mtx,original_lb,original_lb,load_balanced_traversal,ok,none,promoted_fallback,0.0055,0.0040,2.309091,1.000000,,4224,1056,original,original,false,0,0,true,0,exact_abs_or_rel,SKIP
S10PI_n1_E.mtx,auto_lossless_lb,original_lb,load_balanced_traversal,ok,none,promoted_fallback,0.0063,0.0056,2.015873,0.873016,,4224,1056,auto_lossless,original,true,100,4224,true,0,exact_abs_or_rel,SKIP
S10PI_n1_E.mtx,fp16_lb,fp16_lb,controlled_lossy_value_specialized,ok,none,accuracy_pass_runtime_loss,0.0056,0.0047,2.267857,0.982143,,1056,1056,fp16,fp16,false,0,0,false,0,spmv_max_rel,SKIP
S10PI_n1_E.mtx,bf16_lb,bf16_lb,controlled_lossy_value_specialized,ok,none,accuracy_pass_runtime_loss,0.0057,0.0044,2.228070,0.964912,,1056,1056,bf16,bf16,false,0,0,false,0,spmv_max_rel,SKIP
S10PI_n1_E.mtx,bfp8_lb,bfp8_lb,controlled_lossy_value_specialized,ok,none,accuracy_pass_runtime_win,0.0049,0.0036,2.591837,1.122449,,792,1056,bfp8,bfp8,false,0,0,false,0,spmv_max_rel,SKIP
S10PI_n1_E.mtx,bfp8_outlier_lb,bfp8_outlier_lb,controlled_lossy_value_specialized,ok,none,accuracy_pass_runtime_loss,0.0079,0.0067,1.607595,0.696203,,824,1056,bfp8_outlier,bfp8_outlier,false,0,0,false,0,spmv_max_rel,SKIP
S10PI_n1_E.mtx,bfp4_lb,bfp4_lb,controlled_lossy_value_specialized,ok,none,accuracy_pass_runtime_loss,0.0063,0.0055,2.015873,0.873016,,528,1056,bfp4,bfp4,false,0,0,false,0,spmv_max_rel,SKIP
S10PI_n1_E.mtx,hybrid_lb,hybrid_lb,structural_hybrid,ok,none,promoted_fallback,0.0060,0.0046,2.116667,0.916667,,4224,,original,raw_double,false,,,1,0,exact_abs_or_rel,SKIP
S10PI_n1_E.mtx,cusparse_default,cusparse_csr,external_baseline,ok,none,external_baseline,0.0127,0.0102,1.000000,0.433071,,4224,4228,original,original,false,,,true,0,exact_abs_or_rel,SKIP
S20PI_n1_E.mtx,original_lb,original_lb,load_balanced_traversal,ok,none,promoted_fallback,0.0051,0.0036,2.509804,1.000000,,8224,2056,original,original,false,0,0,true,0,exact_abs_or_rel,SKIP
S20PI_n1_E.mtx,auto_lossless_lb,original_lb,load_balanced_traversal,ok,none,promoted_fallback,0.0058,0.0049,2.206897,0.879310,,8224,2056,auto_lossless,original,true,99,8224,true,0,exact_abs_or_rel,SKIP
S20PI_n1_E.mtx,fp16_lb,fp16_lb,controlled_lossy_value_specialized,ok,none,accuracy_pass_runtime_loss,0.0059,0.0049,2.169492,0.864407,,2056,2056,fp16,fp16,false,0,0,false,0,spmv_max_rel,SKIP
S20PI_n1_E.mtx,bf16_lb,bf16_lb,controlled_lossy_value_specialized,ok,none,accuracy_pass_runtime_loss,0.0062,0.0051,2.064516,0.822581,,2056,2056,bf16,bf16,false,0,0,false,0,spmv_max_rel,SKIP
S20PI_n1_E.mtx,bfp8_lb,bfp8_lb,controlled_lossy_value_specialized,ok,none,accuracy_pass_runtime_loss,0.0056,0.0048,2.285714,0.910714,,1542,2056,bfp8,bfp8,false,0,0,false,0,spmv_max_rel,SKIP
S20PI_n1_E.mtx,bfp8_outlier_lb,bfp8_outlier_lb,controlled_lossy_value_specialized,ok,none,accuracy_pass_runtime_loss,0.0075,0.0064,1.706667,0.680000,,1590,2056,bfp8_outlier,bfp8_outlier,false,0,0,false,0,spmv_max_rel,SKIP
S20PI_n1_E.mtx,bfp4_lb,bfp4_lb,controlled_lossy_value_specialized,ok,none,accuracy_pass_runtime_loss,0.0054,0.0047,2.370370,0.944444,,1028,2056,bfp4,bfp4,false,0,0,false,0,spmv_max_rel,SKIP
S20PI_n1_E.mtx,hybrid_lb,hybrid_lb,structural_hybrid,ok,none,promoted_fallback,0.0060,0.0049,2.133333,0.850000,,8224,,original,raw_double,false,,,1,0,exact_abs_or_rel,SKIP
S20PI_n1_E.mtx,cusparse_default,cusparse_csr,external_baseline,ok,none,external_baseline,0.0128,0.0102,1.000000,0.398438,,8224,8228,original,original,false,,,true,0,exact_abs_or_rel,SKIP
S40PI_n1_E.mtx,original_lb,original_lb,load_balanced_traversal,ok,none,promoted_fallback,0.0054,0.0047,2.500000,1.000000,,16224,4056,original,original,false,0,0,true,0,exact_abs_or_rel,SKIP
S40PI_n1_E.mtx,auto_lossless_lb,original_lb,load_balanced_traversal,ok,none,promoted_fallback,0.0064,0.0057,2.109375,0.843750,,16224,4056,auto_lossless,original,true,99,16224,true,0,exact_abs_or_rel,SKIP
S40PI_n1_E.mtx,fp16_lb,fp16_lb,controlled_lossy_value_specialized,ok,none,accuracy_pass_runtime_win,0.0050,0.0041,2.700000,1.080000,,4056,4056,fp16,fp16,false,0,0,false,0,spmv_max_rel,SKIP
S40PI_n1_E.mtx,bf16_lb,bf16_lb,controlled_lossy_value_specialized,ok,none,accuracy_pass_runtime_loss,0.0058,0.0044,2.327586,0.931034,,4056,4056,bf16,bf16,false,0,0,false,0,spmv_max_rel,SKIP
S40PI_n1_E.mtx,bfp8_lb,bfp8_lb,controlled_lossy_value_specialized,ok,none,accuracy_pass_runtime_loss,0.0056,0.0045,2.410714,0.964286,,3042,4056,bfp8,bfp8,false,0,0,false,0,spmv_max_rel,SKIP
S40PI_n1_E.mtx,bfp8_outlier_lb,bfp8_outlier_lb,controlled_lossy_value_specialized,ok,none,accuracy_pass_runtime_loss,0.0083,0.0065,1.626506,0.650602,,3154,4056,bfp8_outlier,bfp8_outlier,false,0,0,false,0,spmv_max_rel,SKIP
S40PI_n1_E.mtx,bfp4_lb,bfp4_lb,controlled_lossy_value_specialized,ok,none,accuracy_pass_runtime_loss,0.0058,0.0048,2.327586,0.931034,,2028,4056,bfp4,bfp4,false,0,0,false,0,spmv_max_rel,SKIP
S40PI_n1_E.mtx,hybrid_lb,hybrid_lb,structural_hybrid,ok,none,promoted_fallback,0.0077,0.0056,1.753247,0.701299,,16224,,original,raw_double,false,,,1,0,exact_abs_or_rel,SKIP
S40PI_n1_E.mtx,cusparse_default,cusparse_csr,external_baseline,ok,none,external_baseline,0.0135,0.0102,1.000000,0.400000,,16224,16228,original,original,false,,,true,0,exact_abs_or_rel,SKIP
S80PI_n1_E.mtx,original_lb,original_lb,load_balanced_traversal,ok,none,promoted_fallback,0.0063,0.0058,2.238095,1.000000,,32224,8056,original,original,false,0,0,true,0,exact_abs_or_rel,SKIP
S80PI_n1_E.mtx,auto_lossless_lb,original_lb,load_balanced_traversal,ok,none,promoted_fallback,0.0064,0.0054,2.203125,0.984375,,32224,8056,auto_lossless,original,true,99,32224,true,0,exact_abs_or_rel,SKIP
S80PI_n1_E.mtx,fp16_lb,fp16_lb,controlled_lossy_value_specialized,ok,none,accuracy_pass_runtime_win,0.0060,0.0050,2.350000,1.050000,,8056,8056,fp16,fp16,false,0,0,false,0,spmv_max_rel,SKIP
S80PI_n1_E.mtx,bf16_lb,bf16_lb,controlled_lossy_value_specialized,ok,none,accuracy_pass_runtime_win,0.0058,0.0049,2.431034,1.086207,,8056,8056,bf16,bf16,false,0,0,false,0,spmv_max_rel,SKIP
S80PI_n1_E.mtx,bfp8_lb,bfp8_lb,controlled_lossy_value_specialized,ok,none,accuracy_pass_runtime_win,0.0054,0.0045,2.611111,1.166667,,6042,8056,bfp8,bfp8,false,0,0,false,0,spmv_max_rel,SKIP
S80PI_n1_E.mtx,bfp8_outlier_lb,bfp8_outlier_lb,controlled_lossy_value_specialized,ok,none,accuracy_pass_runtime_loss,0.0076,0.0060,1.855263,0.828947,,6170,8056,bfp8_outlier,bfp8_outlier,false,0,0,false,0,spmv_max_rel,SKIP
S80PI_n1_E.mtx,bfp4_lb,bfp4_lb,controlled_lossy_value_specialized,ok,none,accuracy_pass_runtime_win,0.0062,0.0053,2.274194,1.016129,,4028,8056,bfp4,bfp4,false,0,0,false,0,spmv_max_rel,SKIP
S80PI_n1_E.mtx,hybrid_lb,hybrid_lb,structural_hybrid,ok,none,promoted_fallback,0.0106,0.0096,1.330189,0.594340,,32224,,original,raw_double,false,,,1,0,exact_abs_or_rel,SKIP
S80PI_n1_E.mtx,cusparse_default,cusparse_csr,external_baseline,ok,none,external_baseline,0.0141,0.0123,1.000000,0.446809,,32224,32228,original,original,false,,,true,0,exact_abs_or_rel,SKIP
SmallW.mtx,original_lb,original_lb,load_balanced_traversal,ok,none,promoted_fallback,0.0083,0.0068,1.409639,1.000000,,7952,3600,original,original,false,0,0,true,0,exact_abs_or_rel,SKIP
SmallW.mtx,auto_lossless_lb,const_c_lb,lossless_value_specialized,ok,none,accuracy_pass_runtime_loss,0.0090,0.0072,1.300000,0.922222,,8,3600,auto_lossless,const_c,true,1,8,true,1,exact_abs_or_rel,SKIP
SmallW.mtx,fp16_lb,fp16_lb,controlled_lossy_value_specialized,ok,none,accuracy_pass_runtime_loss,0.0095,0.0077,1.231579,0.873684,,1988,3600,fp16,fp16,false,0,0,false,0,spmv_max_rel,SKIP
SmallW.mtx,bf16_lb,bf16_lb,controlled_lossy_value_specialized,ok,none,accuracy_pass_runtime_loss,0.0099,0.0093,1.181818,0.838384,,1988,3600,bf16,bf16,false,0,0,false,0,spmv_max_rel,SKIP
SmallW.mtx,bfp8_lb,bfp8_lb,controlled_lossy_value_specialized,ok,none,accuracy_pass_runtime_loss,0.0098,0.0089,1.193878,0.846939,,1894,3600,bfp8,bfp8,false,0,0,false,0,spmv_max_rel,SKIP
SmallW.mtx,bfp8_outlier_lb,bfp8_outlier_lb,controlled_lossy_value_specialized,ok,none,accuracy_pass_runtime_loss,0.0094,0.0087,1.244681,0.882979,,1894,3600,bfp8_outlier,bfp8_outlier,false,0,0,false,0,spmv_max_rel,SKIP
SmallW.mtx,bfp4_lb,bfp4_lb,controlled_lossy_value_specialized,ok,none,accuracy_pass_runtime_loss,0.0132,0.0123,0.886364,0.628788,,1397,3600,bfp4,bfp4,false,0,0,false,0,spmv_max_rel,SKIP
SmallW.mtx,hybrid_lb,hybrid_lb,structural_hybrid,ok,none,promoted_fallback,0.0092,0.0082,1.271739,0.902174,,7952,,original,raw_double,false,,,1,0,exact_abs_or_rel,SKIP
SmallW.mtx,cusparse_default,cusparse_csr,external_baseline,ok,none,external_baseline,0.0117,0.0102,1.000000,0.709402,,7952,5564,original,original,false,,,true,0,exact_abs_or_rel,SKIP
Spielman_k100_A_06.mtx,original_lb,original_lb,load_balanced_traversal,ok,none,promoted_fallback,0.0195,0.0179,1.035897,1.000000,,8203232,1505832,original,original,false,0,0,true,0,exact_abs_or_rel,SKIP
Spielman_k100_A_06.mtx,auto_lossless_lb,dict256_u8_lb,lossless_value_specialized,ok,none,accuracy_pass_runtime_loss,0.0219,0.0207,0.922374,0.890411,,6024944,1505832,auto_lossless,dict256_u8,true,202,6024944,true,202,exact_abs_or_rel,SKIP
Spielman_k100_A_06.mtx,fp16_lb,fp16_lb,controlled_lossy_value_specialized,ok,none,accuracy_pass_runtime_win,0.0183,0.0175,1.103825,1.065574,,2050808,1505832,fp16,fp16,false,0,0,false,0,spmv_max_rel,SKIP
Spielman_k100_A_06.mtx,bf16_lb,bf16_lb,controlled_lossy_value_specialized,ok,none,accuracy_pass_runtime_win,0.0178,0.0172,1.134831,1.095506,,2050808,1505832,bf16,bf16,false,0,0,false,0,spmv_max_rel,SKIP
Spielman_k100_A_06.mtx,bfp8_lb,bfp8_lb,controlled_lossy_value_specialized,ok,none,accuracy_pass_runtime_win,0.0176,0.0164,1.147727,1.107955,,1401862,1505832,bfp8,bfp8,false,0,0,false,0,spmv_max_rel,SKIP
Spielman_k100_A_06.mtx,bfp8_outlier_lb,bfp8_outlier_lb,controlled_lossy_value_specialized,ok,none,accuracy_pass_runtime_loss,0.0214,0.0197,0.943925,0.911215,,1473030,1505832,bfp8_outlier,bfp8_outlier,false,0,0,false,0,spmv_max_rel,SKIP
Spielman_k100_A_06.mtx,bfp4_lb,bfp4_lb,controlled_lossy_value_specialized,ok,none,accuracy_pass_runtime_loss,0.0225,0.0211,0.897778,0.866667,,889160,1505832,bfp4,bfp4,false,0,0,false,0,spmv_max_rel,SKIP
Spielman_k100_A_06.mtx,hybrid_lb,hybrid_lb,structural_hybrid,ok,none,promoted_fallback,0.0200,0.0182,1.010000,0.975000,,8203232,,original,raw_double,false,,,1,0,exact_abs_or_rel,SKIP
Spielman_k100_A_06.mtx,cusparse_default,cusparse_csr,external_baseline,ok,none,external_baseline,0.0202,0.0191,1.000000,0.965347,,8203232,5455228,original,original,false,,,true,0,exact_abs_or_rel,SKIP
Spielman_k200_A_03.mtx,original_lb,original_lb,load_balanced_traversal,ok,none,promoted_fallback,0.1012,0.0993,0.844862,1.000000,,64806432,11352024,original,original,false,0,0,true,0,exact_abs_or_rel,SKIP
Spielman_k200_A_03.mtx,auto_lossless_lb,original_lb,load_balanced_traversal,ok,none,promoted_fallback,0.1018,0.1002,0.839882,0.994106,,64806432,11352024,auto_lossless,original,true,402,64806432,true,0,exact_abs_or_rel,SKIP
Spielman_k200_A_03.mtx,fp16_lb,fp16_lb,controlled_lossy_value_specialized,ok,none,accuracy_pass_runtime_win,0.0842,0.0827,1.015439,1.201900,,16201608,11352024,fp16,fp16,false,0,0,false,0,spmv_max_rel,SKIP
Spielman_k200_A_03.mtx,bf16_lb,bf16_lb,controlled_lossy_value_specialized,ok,none,accuracy_pass_runtime_win,0.0794,0.0772,1.076826,1.274559,,16201608,11352024,bf16,bf16,false,0,0,false,0,spmv_max_rel,SKIP
Spielman_k200_A_03.mtx,bfp8_lb,bfp8_lb,controlled_lossy_value_specialized,ok,none,accuracy_pass_runtime_win,0.0787,0.0783,1.086404,1.285896,,10938810,11352024,bfp8,bfp8,false,0,0,false,0,spmv_max_rel,SKIP
Spielman_k200_A_03.mtx,bfp8_outlier_lb,bfp8_outlier_lb,controlled_lossy_value_specialized,ok,none,accuracy_pass_runtime_win,0.0820,0.0804,1.042683,1.234146,,11555962,11352024,bfp8_outlier,bfp8_outlier,false,0,0,false,0,spmv_max_rel,SKIP
Spielman_k200_A_03.mtx,bfp4_lb,bfp4_lb,controlled_lossy_value_specialized,ok,none,accuracy_pass_runtime_win,0.0905,0.0885,0.944751,1.118232,,6888408,11352024,bfp4,bfp4,false,0,0,false,0,spmv_max_rel,SKIP
Spielman_k200_A_03.mtx,hybrid_lb,hybrid_lb,structural_hybrid,ok,none,promoted_fallback,0.1107,0.1092,0.772358,0.914182,,64806432,,original,raw_double,false,,,1,0,exact_abs_or_rel,SKIP
Spielman_k200_A_03.mtx,cusparse_default,cusparse_csr,external_baseline,ok,none,external_baseline,0.0855,0.0832,1.000000,1.183626,,64806432,43150428,original,original,false,,,true,0,exact_abs_or_rel,SKIP
Spielman_k300.mtx,original_lb,original_lb,load_balanced_traversal,ok,none,promoted_fallback,0.3683,0.3659,1.023622,1.000000,,217809632,37538232,original,original,false,0,0,true,0,exact_abs_or_rel,SKIP
Spielman_k300.mtx,auto_lossless_lb,original_lb,load_balanced_traversal,ok,none,promoted_fallback,0.3686,0.3660,1.022789,0.999186,,217809632,37538232,auto_lossless,original,true,580,217809632,true,0,exact_abs_or_rel,SKIP
Spielman_k300.mtx,fp16_lb,fp16_lb,controlled_lossy_value_specialized,ok,none,accuracy_pass_runtime_win,0.3010,0.2981,1.252492,1.223588,,54452408,37538232,fp16,fp16,false,0,0,false,0,spmv_max_rel,SKIP
Spielman_k300.mtx,bf16_lb,bf16_lb,controlled_lossy_value_specialized,ok,none,accuracy_pass_runtime_win,0.3006,0.2979,1.254158,1.225216,,54452408,37538232,bf16,bf16,false,0,0,false,0,spmv_max_rel,SKIP
Spielman_k300.mtx,bfp8_lb,bfp8_lb,controlled_lossy_value_specialized,ok,none,accuracy_pass_runtime_win,0.3242,0.3222,1.162862,1.136027,,36610762,37538232,bfp8,bfp8,false,0,0,false,0,spmv_max_rel,SKIP
Spielman_k300.mtx,bfp8_outlier_lb,bfp8_outlier_lb,controlled_lossy_value_specialized,ok,none,accuracy_pass_runtime_win,0.3310,0.3287,1.138973,1.112689,,38765386,37538232,bfp8_outlier,bfp8_outlier,false,0,0,false,0,spmv_max_rel,SKIP
Spielman_k300.mtx,bfp4_lb,bfp4_lb,controlled_lossy_value_specialized,ok,none,accuracy_pass_runtime_loss,0.3751,0.3722,1.005065,0.981872,,22997660,37538232,bfp4,bfp4,false,0,0,false,0,spmv_max_rel,SKIP
Spielman_k300.mtx,hybrid_lb,hybrid_lb,structural_hybrid,ok,none,promoted_fallback,0.4994,0.4975,0.754906,0.737485,,217809632,,original,raw_double,false,,,1,0,exact_abs_or_rel,SKIP
Spielman_k300.mtx,cusparse_default,cusparse_csr,external_baseline,ok,none,external_baseline,0.3770,0.3734,1.000000,0.976923,,217809632,145085628,original,original,false,,,true,0,exact_abs_or_rel,SKIP
Spielman_k300_A_08.mtx,original_lb,original_lb,load_balanced_traversal,ok,none,promoted_fallback,0.3685,0.3660,1.022252,1.000000,,217809632,37538232,original,original,false,0,0,true,0,exact_abs_or_rel,SKIP
Spielman_k300_A_08.mtx,auto_lossless_lb,original_lb,load_balanced_traversal,ok,none,promoted_fallback,0.3683,0.3664,1.022807,1.000543,,217809632,37538232,auto_lossless,original,true,602,217809632,true,0,exact_abs_or_rel,SKIP
Spielman_k300_A_08.mtx,fp16_lb,fp16_lb,controlled_lossy_value_specialized,ok,none,accuracy_pass_runtime_win,0.3017,0.2982,1.248591,1.221412,,54452408,37538232,fp16,fp16,false,0,0,false,0,spmv_max_rel,SKIP
Spielman_k300_A_08.mtx,bf16_lb,bf16_lb,controlled_lossy_value_specialized,ok,none,accuracy_pass_runtime_win,0.3019,0.3002,1.247764,1.220603,,54452408,37538232,bf16,bf16,false,0,0,false,0,spmv_max_rel,SKIP
Spielman_k300_A_08.mtx,bfp8_lb,bfp8_lb,controlled_lossy_value_specialized,ok,none,accuracy_pass_runtime_win,0.3245,0.3230,1.160863,1.135593,,36610762,37538232,bfp8,bfp8,false,0,0,false,0,spmv_max_rel,SKIP
Spielman_k300_A_08.mtx,bfp8_outlier_lb,bfp8_outlier_lb,controlled_lossy_value_specialized,ok,none,accuracy_pass_runtime_win,0.3319,0.3291,1.134980,1.110274,,38764874,37538232,bfp8_outlier,bfp8_outlier,false,0,0,false,0,spmv_max_rel,SKIP
Spielman_k300_A_08.mtx,bfp4_lb,bfp4_lb,controlled_lossy_value_specialized,ok,none,accuracy_pass_runtime_loss,0.3750,0.3717,1.004533,0.982667,,22997660,37538232,bfp4,bfp4,false,0,0,false,0,spmv_max_rel,SKIP
Spielman_k300_A_08.mtx,hybrid_lb,hybrid_lb,structural_hybrid,ok,none,promoted_fallback,0.5001,0.4982,0.753249,0.736853,,217809632,,original,raw_double,false,,,1,0,exact_abs_or_rel,SKIP
Spielman_k300_A_08.mtx,cusparse_default,cusparse_csr,external_baseline,ok,none,external_baseline,0.3767,0.3732,1.000000,0.978232,,217809632,145085628,original,original,false,,,true,0,exact_abs_or_rel,SKIP
Spielman_k400_A_05.mtx,original_lb,original_lb,load_balanced_traversal,ok,none,promoted_fallback,0.8448,0.8425,1.095289,1.000000,,515212832,88064424,original,original,false,0,0,true,0,exact_abs_or_rel,SKIP
Spielman_k400_A_05.mtx,auto_lossless_lb,original_lb,load_balanced_traversal,ok,none,promoted_fallback,0.8452,0.8427,1.094770,0.999527,,515212832,88064424,auto_lossless,original,true,802,515212832,true,0,exact_abs_or_rel,SKIP
Spielman_k400_A_05.mtx,fp16_lb,fp16_lb,controlled_lossy_value_specialized,ok,none,accuracy_pass_runtime_win,0.7107,0.7091,1.301956,1.188687,,128803208,88064424,fp16,fp16,false,0,0,false,0,spmv_max_rel,SKIP
Spielman_k400_A_05.mtx,bf16_lb,bf16_lb,controlled_lossy_value_specialized,ok,none,accuracy_pass_runtime_win,0.7105,0.7081,1.302322,1.189022,,128803208,88064424,bf16,bf16,false,0,0,false,0,spmv_max_rel,SKIP
Spielman_k400_A_05.mtx,bfp8_lb,bfp8_lb,controlled_lossy_value_specialized,ok,none,accuracy_pass_runtime_win,0.7723,0.7702,1.198110,1.093875,,86417710,88064424,bfp8,bfp8,false,0,0,false,0,spmv_max_rel,SKIP
Spielman_k400_A_05.mtx,bfp8_outlier_lb,bfp8_outlier_lb,controlled_lossy_value_specialized,ok,none,accuracy_pass_runtime_win,0.7808,0.7781,1.185067,1.081967,,91393070,88064424,bfp8_outlier,bfp8_outlier,false,0,0,false,0,spmv_max_rel,SKIP
Spielman_k400_A_05.mtx,bfp4_lb,bfp4_lb,controlled_lossy_value_specialized,ok,none,accuracy_pass_runtime_loss,0.8824,0.8800,1.048617,0.957389,,54216908,88064424,bfp4,bfp4,false,0,0,false,0,spmv_max_rel,SKIP
Spielman_k400_A_05.mtx,hybrid_lb,hybrid_lb,structural_hybrid,ok,none,promoted_fallback,1.1598,1.1580,0.797810,0.728401,,515212832,,original,raw_double,false,,,1,0,exact_abs_or_rel,SKIP
Spielman_k400_A_05.mtx,cusparse_default,cusparse_csr,external_baseline,ok,none,external_baseline,0.9253,0.9232,1.000000,0.913001,,515212832,343260828,original,original,false,,,true,0,exact_abs_or_rel,SKIP
Spielman_k500_A_02.mtx,original_lb,original_lb,load_balanced_traversal,ok,none,promoted_fallback,1.6048,1.6021,1.127617,1.000000,,1005016032,170930632,original,original,false,0,0,true,0,exact_abs_or_rel,SKIP
Spielman_k500_A_02.mtx,auto_lossless_lb,original_lb,load_balanced_traversal,ok,none,promoted_fallback,1.6042,1.6005,1.128039,1.000374,,1005016032,170930632,auto_lossless,original,true,999,1005016032,true,0,exact_abs_or_rel,SKIP
Spielman_k500_A_02.mtx,fp16_lb,fp16_lb,controlled_lossy_value_specialized,ok,none,accuracy_pass_runtime_win,1.3532,1.3500,1.337275,1.185930,,251254008,170930632,fp16,fp16,false,0,0,false,0,spmv_max_rel,SKIP
Spielman_k500_A_02.mtx,bf16_lb,bf16_lb,controlled_lossy_value_specialized,ok,none,accuracy_pass_runtime_win,1.3552,1.3525,1.335301,1.184179,,251254008,170930632,bf16,bf16,false,0,0,false,0,spmv_max_rel,SKIP
Spielman_k500_A_02.mtx,bfp8_lb,bfp8_lb,controlled_lossy_value_specialized,ok,none,accuracy_pass_runtime_win,1.4761,1.4730,1.225933,1.087189,,168359662,170930632,bfp8,bfp8,false,0,0,false,0,spmv_max_rel,SKIP
Spielman_k500_A_02.mtx,bfp8_outlier_lb,bfp8_outlier_lb,controlled_lossy_value_specialized,ok,none,accuracy_pass_runtime_win,1.4914,1.4859,1.213357,1.076036,,178259246,170930632,bfp8_outlier,bfp8_outlier,false,0,0,false,0,spmv_max_rel,SKIP
Spielman_k500_A_02.mtx,bfp4_lb,bfp4_lb,controlled_lossy_value_specialized,ok,none,accuracy_pass_runtime_loss,1.6943,1.6896,1.068052,0.947176,,105546160,170930632,bfp4,bfp4,false,0,0,false,0,spmv_max_rel,SKIP
Spielman_k500_A_02.mtx,hybrid_lb,hybrid_lb,structural_hybrid,ok,none,promoted_fallback,2.2206,2.2158,0.814915,0.722688,,1005016032,,original,raw_double,false,,,1,0,exact_abs_or_rel,SKIP
Spielman_k500_A_02.mtx,cusparse_default,cusparse_csr,external_baseline,ok,none,external_baseline,1.8096,1.8073,1.000000,0.886826,,1005016032,669676028,original,original,false,,,true,0,exact_abs_or_rel,SKIP
Spielman_k500_A_10.mtx,original_lb,original_lb,load_balanced_traversal,ok,none,promoted_fallback,1.6023,1.5980,1.129377,1.000000,,1005016032,170930632,original,original,false,0,0,true,0,exact_abs_or_rel,SKIP
Spielman_k500_A_10.mtx,auto_lossless_lb,original_lb,load_balanced_traversal,ok,none,promoted_fallback,1.6027,1.5979,1.129095,0.999750,,1005016032,170930632,auto_lossless,original,true,1002,1005016032,true,0,exact_abs_or_rel,SKIP
Spielman_k500_A_10.mtx,fp16_lb,fp16_lb,controlled_lossy_value_specialized,ok,none,accuracy_pass_runtime_win,1.3547,1.3508,1.335794,1.182771,,251254008,170930632,fp16,fp16,false,0,0,false,0,spmv_max_rel,SKIP
Spielman_k500_A_10.mtx,bf16_lb,bf16_lb,controlled_lossy_value_specialized,ok,none,accuracy_pass_runtime_win,1.3525,1.3484,1.337967,1.184695,,251254008,170930632,bf16,bf16,false,0,0,false,0,spmv_max_rel,SKIP
Spielman_k500_A_10.mtx,bfp8_lb,bfp8_lb,controlled_lossy_value_specialized,ok,none,accuracy_pass_runtime_win,1.4783,1.4760,1.224109,1.083880,,168359662,170930632,bfp8,bfp8,false,0,0,false,0,spmv_max_rel,SKIP
Spielman_k500_A_10.mtx,bfp8_outlier_lb,bfp8_outlier_lb,controlled_lossy_value_specialized,ok,none,accuracy_pass_runtime_win,1.4938,1.4917,1.211407,1.072634,,178259054,170930632,bfp8_outlier,bfp8_outlier,false,0,0,false,0,spmv_max_rel,SKIP
Spielman_k500_A_10.mtx,bfp4_lb,bfp4_lb,controlled_lossy_value_specialized,ok,none,accuracy_pass_runtime_loss,1.6961,1.6936,1.066918,0.944697,,105546160,170930632,bfp4,bfp4,false,0,0,false,0,spmv_max_rel,SKIP
Spielman_k500_A_10.mtx,hybrid_lb,hybrid_lb,structural_hybrid,ok,none,promoted_fallback,2.2206,2.2176,0.814915,0.721562,,1005016032,,original,raw_double,false,,,1,0,exact_abs_or_rel,SKIP
Spielman_k500_A_10.mtx,cusparse_default,cusparse_csr,external_baseline,ok,none,external_baseline,1.8096,1.8073,1.000000,0.885444,,1005016032,669676028,original,original,false,,,true,0,exact_abs_or_rel,SKIP
Spielman_k600_A_07.mtx,original_lb,original_lb,load_balanced_traversal,ok,none,promoted_fallback,2.7410,2.7347,1.135060,1.000000,,1735219232,294136824,original,original,false,0,0,true,0,exact_abs_or_rel,SKIP
Spielman_k600_A_07.mtx,auto_lossless_lb,original_lb,load_balanced_traversal,ok,none,promoted_fallback,2.7399,2.7323,1.135516,1.000401,,1735219232,294136824,auto_lossless,original,true,1202,1735219232,true,0,exact_abs_or_rel,SKIP
Spielman_k600_A_07.mtx,fp16_lb,fp16_lb,controlled_lossy_value_specialized,ok,none,accuracy_pass_runtime_win,2.3200,2.3129,1.341034,1.181466,,433804808,294136824,fp16,fp16,false,0,0,false,0,spmv_max_rel,SKIP
Spielman_k600_A_07.mtx,bf16_lb,bf16_lb,controlled_lossy_value_specialized,ok,none,accuracy_pass_runtime_win,2.3200,2.3149,1.341034,1.181466,,433804808,294136824,bf16,bf16,false,0,0,false,0,spmv_max_rel,SKIP
Spielman_k600_A_07.mtx,bfp8_lb,bfp8_lb,controlled_lossy_value_specialized,ok,none,accuracy_pass_runtime_win,2.5373,2.5276,1.226185,1.080282,,290436610,294136824,bfp8,bfp8,false,0,0,false,0,spmv_max_rel,SKIP
Spielman_k600_A_07.mtx,bfp8_outlier_lb,bfp8_outlier_lb,controlled_lossy_value_specialized,ok,none,accuracy_pass_runtime_win,2.5603,2.5502,1.215170,1.070578,,307760578,294136824,bfp8_outlier,bfp8_outlier,false,0,0,false,0,spmv_max_rel,SKIP
Spielman_k600_A_07.mtx,bfp4_lb,bfp4_lb,controlled_lossy_value_specialized,ok,none,accuracy_pass_runtime_loss,2.9041,2.8932,1.071313,0.943838,,181985408,294136824,bfp4,bfp4,false,0,0,false,0,spmv_max_rel,SKIP
Spielman_k600_A_07.mtx,hybrid_lb,hybrid_lb,structural_hybrid,ok,none,promoted_fallback,3.7986,3.7938,0.819039,0.721582,,1735219232,,original,raw_double,false,,,1,0,exact_abs_or_rel,SKIP
Spielman_k600_A_07.mtx,cusparse_default,cusparse_csr,external_baseline,ok,none,external_baseline,3.1112,3.1076,1.000000,0.881011,,1735219232,1156331228,original,original,false,,,true,0,exact_abs_or_rel,SKIP
TEM152078_M.mtx,original_lb,original_lb,load_balanced_traversal,ok,none,promoted_fallback,0.0401,0.0391,1.184539,1.000000,,51674640,5744184,original,original,false,0,0,true,0,exact_abs_or_rel,SKIP
TEM152078_M.mtx,auto_lossless_lb,original_lb,load_balanced_traversal,ok,none,promoted_fallback,0.0402,0.0391,1.181592,0.997512,,51674640,5744184,auto_lossless,original,true,3305686,51674640,true,0,exact_abs_or_rel,SKIP
TEM152078_M.mtx,fp16_lb,fp16_lb,controlled_lossy_value_specialized,ok,none,accuracy_pass_runtime_win,0.0363,0.0348,1.308540,1.104683,,12918660,5744184,fp16,fp16,false,0,0,false,0,spmv_max_rel,SKIP
TEM152078_M.mtx,bf16_lb,bf16_lb,controlled_lossy_value_specialized,ok,none,accuracy_pass_runtime_win,0.0361,0.0346,1.315789,1.110803,,12918660,5744184,bf16,bf16,false,0,0,false,0,spmv_max_rel,SKIP
TEM152078_M.mtx,bfp8_lb,bfp8_lb,controlled_lossy_value_specialized,ok,none,accuracy_pass_runtime_win,0.0364,0.0347,1.304945,1.101648,,7895376,5744184,bfp8,bfp8,false,0,0,false,0,spmv_max_rel,SKIP
TEM152078_M.mtx,bfp8_outlier_lb,bfp8_outlier_lb,controlled_lossy_value_specialized,ok,none,accuracy_pass_runtime_win,0.0383,0.0370,1.240209,1.046997,,8412112,5744184,bfp8_outlier,bfp8_outlier,false,0,0,false,0,spmv_max_rel,SKIP
TEM152078_M.mtx,bfp4_lb,bfp4_lb,controlled_lossy_value_specialized,ok,none,accuracy_pass_runtime_win,0.0396,0.0377,1.199495,1.012626,,4665711,5744184,bfp4,bfp4,false,0,0,false,0,spmv_max_rel,SKIP
TEM152078_M.mtx,hybrid_lb,hybrid_lb,structural_hybrid,ok,none,promoted_fallback,0.0282,0.0266,1.684397,1.421986,,51674640,,original,raw_double,false,,,1,0,exact_abs_or_rel,SKIP
TEM152078_M.mtx,cusparse_default,cusparse_csr,external_baseline,ok,none,external_baseline,0.0475,0.0451,1.000000,0.844211,,51674640,26445636,original,original,false,,,true,0,exact_abs_or_rel,SKIP
TF15.mtx,original_lb,original_lb,load_balanced_traversal,ok,none,promoted_fallback,0.0090,0.0081,1.544444,1.000000,,640456,319120,original,original,false,0,0,true,0,exact_abs_or_rel,SKIP
TF15.mtx,auto_lossless_lb,dict16_lb,lossless_value_specialized,ok,none,accuracy_pass_runtime_loss,0.0107,0.0096,1.299065,0.841121,,638344,319120,auto_lossless,dict16,true,13,638344,true,13,exact_abs_or_rel,SKIP
TF15.mtx,fp16_lb,fp16_lb,controlled_lossy_value_specialized,ok,none,accuracy_pass_runtime_loss,0.0092,0.0076,1.510870,0.978261,,160114,319120,fp16,fp16,false,0,0,false,0,spmv_max_rel,SKIP
TF15.mtx,bf16_lb,bf16_lb,controlled_lossy_value_specialized,ok,none,accuracy_pass_runtime_loss,0.0093,0.0078,1.494624,0.967742,,160114,319120,bf16,bf16,false,0,0,false,0,spmv_max_rel,SKIP
TF15.mtx,bfp8_lb,bfp8_lb,controlled_lossy_value_specialized,ok,none,accuracy_pass_runtime_loss,0.0096,0.0083,1.447917,0.937500,,159837,319120,bfp8,bfp8,false,0,0,false,0,spmv_max_rel,SKIP
TF15.mtx,bfp8_outlier_lb,bfp8_outlier_lb,controlled_lossy_value_specialized,ok,none,accuracy_pass_runtime_loss,0.0119,0.0103,1.168067,0.756303,,162077,319120,bfp8_outlier,bfp8_outlier,false,0,0,false,0,spmv_max_rel,SKIP
TF15.mtx,bfp4_lb,bfp4_lb,controlled_lossy_value_specialized,ok,none,accuracy_pass_runtime_loss,0.0143,0.0128,0.972028,0.629371,,119809,319120,bfp4,bfp4,false,0,0,false,0,spmv_max_rel,SKIP
TF15.mtx,hybrid_lb,hybrid_lb,structural_hybrid,ok,none,promoted_fallback,0.0076,0.0059,1.828947,1.184211,,640456,,original,raw_double,false,,,1,0,exact_abs_or_rel,SKIP
TF15.mtx,cusparse_default,cusparse_csr,external_baseline,ok,none,external_baseline,0.0139,0.0118,1.000000,0.647482,,640456,345568,original,original,false,,,true,0,exact_abs_or_rel,SKIP
Trec12.mtx,original_lb,original_lb,load_balanced_traversal,ok,none,promoted_fallback,0.0093,0.0069,1.483871,1.000000,,1209752,176200,original,original,false,0,0,true,0,exact_abs_or_rel,SKIP
Trec12.mtx,auto_lossless_lb,dict256_u8_lb,lossless_value_specialized,ok,none,accuracy_pass_runtime_loss,0.0109,0.0096,1.266055,0.853211,,705360,176200,auto_lossless,dict256_u8,true,70,705360,true,70,exact_abs_or_rel,SKIP
Trec12.mtx,fp16_lb,fp16_lb,controlled_lossy_value_specialized,ok,none,accuracy_pass_runtime_win,0.0092,0.0089,1.500000,1.010870,,302438,176200,fp16,fp16,false,0,0,false,0,spmv_max_rel,SKIP
Trec12.mtx,bf16_lb,bf16_lb,controlled_lossy_value_specialized,ok,none,accuracy_pass_runtime_win,0.0091,0.0085,1.516484,1.021978,,302438,176200,bf16,bf16,false,0,0,false,0,spmv_max_rel,SKIP
Trec12.mtx,bfp8_lb,bfp8_lb,controlled_lossy_value_specialized,ok,none,accuracy_pass_runtime_loss,0.0100,0.0089,1.380000,0.930000,,195269,176200,bfp8,bfp8,false,0,0,false,0,spmv_max_rel,SKIP
Trec12.mtx,bfp8_outlier_lb,bfp8_outlier_lb,controlled_lossy_value_specialized,ok,none,accuracy_pass_runtime_loss,0.0119,0.0104,1.159664,0.781513,,207317,176200,bfp8_outlier,bfp8_outlier,false,0,0,false,0,spmv_max_rel,SKIP
Trec12.mtx,bfp4_lb,bfp4_lb,controlled_lossy_value_specialized,ok,none,accuracy_pass_runtime_loss,0.0148,0.0127,0.932432,0.628378,,119660,176200,bfp4,bfp4,false,0,0,false,0,spmv_max_rel,SKIP
Trec12.mtx,hybrid_lb,hybrid_lb,structural_hybrid,ok,none,promoted_fallback,0.0158,0.0148,0.873418,0.588608,,1209752,,original,raw_double,false,,,1,0,exact_abs_or_rel,SKIP
Trec12.mtx,cusparse_default,cusparse_csr,external_baseline,ok,none,external_baseline,0.0138,0.0102,1.000000,0.673913,,1209752,607084,original,original,false,,,true,0,exact_abs_or_rel,SKIP
Trec8.mtx,original_lb,original_lb,load_balanced_traversal,ok,none,promoted_fallback,0.0080,0.0061,1.437500,1.000000,,4392,392,original,original,false,0,0,true,0,exact_abs_or_rel,SKIP
Trec8.mtx,auto_lossless_lb,dict16_lb,lossless_value_specialized,ok,none,accuracy_pass_runtime_loss,0.0082,0.0077,1.402439,0.975610,,896,392,auto_lossless,dict16,true,14,896,true,14,exact_abs_or_rel,SKIP
Trec8.mtx,fp16_lb,fp16_lb,controlled_lossy_value_specialized,ok,none,accuracy_pass_runtime_loss,0.0080,0.0072,1.437500,1.000000,,1098,392,fp16,fp16,false,0,0,false,0,spmv_max_rel,SKIP
Trec8.mtx,bf16_lb,bf16_lb,controlled_lossy_value_specialized,ok,none,accuracy_pass_runtime_win,0.0079,0.0071,1.455696,1.012658,,1098,392,bf16,bf16,false,0,0,false,0,spmv_max_rel,SKIP
Trec8.mtx,bfp8_lb,bfp8_lb,controlled_lossy_value_specialized,ok,none,accuracy_pass_runtime_win,0.0071,0.0058,1.619718,1.126761,,647,392,bfp8,bfp8,false,0,0,false,0,spmv_max_rel,SKIP
Trec8.mtx,bfp8_outlier_lb,bfp8_outlier_lb,controlled_lossy_value_specialized,ok,none,accuracy_pass_runtime_loss,0.0097,0.0073,1.185567,0.824742,,679,392,bfp8_outlier,bfp8_outlier,false,0,0,false,0,spmv_max_rel,SKIP
Trec8.mtx,bfp4_lb,bfp4_lb,controlled_lossy_value_specialized,ok,none,accuracy_pass_runtime_loss,0.0093,0.0075,1.236559,0.860215,,373,392,bfp4,bfp4,false,0,0,false,0,spmv_max_rel,SKIP
Trec8.mtx,hybrid_lb,hybrid_lb,structural_hybrid,ok,none,promoted_fallback,0.0101,0.0090,1.138614,0.792079,,4392,,original,raw_double,false,,,1,0,exact_abs_or_rel,SKIP
Trec8.mtx,cusparse_default,cusparse_csr,external_baseline,ok,none,external_baseline,0.0115,0.0082,1.000000,0.695652,,4392,2292,original,original,false,,,true,0,exact_abs_or_rel,SKIP
Trefethen_20.mtx,original_lb,original_lb,load_balanced_traversal,ok,none,promoted_fallback,0.0075,0.0056,1.466667,1.000000,,1264,112,original,original,false,0,0,true,0,exact_abs_or_rel,SKIP
Trefethen_20.mtx,auto_lossless_lb,dict256_u8_lb,lossless_value_specialized,ok,none,accuracy_pass_runtime_win,0.0054,0.0047,2.037037,1.388889,,616,112,auto_lossless,dict256_u8,true,21,616,true,21,exact_abs_or_rel,SKIP
Trefethen_20.mtx,fp16_lb,fp16_lb,controlled_lossy_value_specialized,ok,none,accuracy_pass_runtime_win,0.0055,0.0046,2.000000,1.363636,,316,112,fp16,fp16,false,0,0,false,0,spmv_max_rel,SKIP
Trefethen_20.mtx,bf16_lb,bf16_lb,controlled_lossy_value_specialized,ok,none,accuracy_pass_runtime_win,0.0059,0.0046,1.864407,1.271186,,316,112,bf16,bf16,false,0,0,false,0,spmv_max_rel,SKIP
Trefethen_20.mtx,bfp8_lb,bfp8_lb,controlled_lossy_value_specialized,ok,none,accuracy_pass_runtime_win,0.0056,0.0050,1.964286,1.339286,,186,112,bfp8,bfp8,false,0,0,false,0,spmv_max_rel,SKIP
Trefethen_20.mtx,bfp8_outlier_lb,bfp8_outlier_lb,controlled_lossy_value_specialized,ok,none,accuracy_pass_runtime_win,0.0051,0.0044,2.156863,1.470588,,186,112,bfp8_outlier,bfp8_outlier,false,0,0,false,0,spmv_max_rel,SKIP
Trefethen_20.mtx,bfp4_lb,bfp4_lb,controlled_lossy_value_specialized,ok,none,accuracy_pass_runtime_win,0.0058,0.0043,1.896552,1.293103,,107,112,bfp4,bfp4,false,0,0,false,0,spmv_max_rel,SKIP
Trefethen_20.mtx,hybrid_lb,hybrid_lb,structural_hybrid,ok,none,promoted_fallback,0.0061,0.0048,1.803279,1.229508,,1264,,original,raw_double,false,,,1,0,exact_abs_or_rel,SKIP
Trefethen_20.mtx,cusparse_default,cusparse_csr,external_baseline,ok,none,external_baseline,0.0110,0.0082,1.000000,0.681818,,1264,716,original,original,false,,,true,0,exact_abs_or_rel,SKIP
Vehicle_10NN.mtx,original_lb,original_lb,load_balanced_traversal,ok,none,promoted_fallback,0.0084,0.0071,1.642857,1.000000,,87152,70240,original,original,false,0,0,true,0,exact_abs_or_rel,SKIP
Vehicle_10NN.mtx,auto_lossless_lb,original_lb,load_balanced_traversal,ok,none,promoted_fallback,0.0086,0.0060,1.604651,0.976744,,87152,70240,auto_lossless,original,true,4825,87152,true,0,exact_abs_or_rel,SKIP
Vehicle_10NN.mtx,fp16_lb,fp16_lb,controlled_lossy_value_specialized,ok,none,accuracy_pass_runtime_loss,0.0088,0.0071,1.568182,0.954545,,21788,70240,fp16,fp16,false,0,0,false,0,spmv_max_rel,SKIP
Vehicle_10NN.mtx,bf16_lb,bf16_lb,controlled_lossy_value_specialized,ok,none,accuracy_pass_runtime_loss,0.0089,0.0071,1.550562,0.943820,,21788,70240,bf16,bf16,false,0,0,false,0,spmv_max_rel,SKIP
Vehicle_10NN.mtx,bfp8_lb,bfp8_lb,controlled_lossy_value_specialized,ok,none,accuracy_pass_runtime_loss,0.0092,0.0087,1.500000,0.913043,,28454,70240,bfp8,bfp8,false,0,0,false,0,spmv_max_rel,SKIP
Vehicle_10NN.mtx,bfp8_outlier_lb,bfp8_outlier_lb,controlled_lossy_value_specialized,ok,none,accuracy_pass_runtime_loss,0.0121,0.0100,1.140496,0.694215,,29318,70240,bfp8_outlier,bfp8_outlier,false,0,0,false,0,spmv_max_rel,SKIP
Vehicle_10NN.mtx,bfp4_lb,bfp4_lb,controlled_lossy_value_specialized,ok,none,accuracy_pass_runtime_loss,0.0138,0.0127,1.000000,0.608696,,23007,70240,bfp4,bfp4,false,0,0,false,0,spmv_max_rel,SKIP
Vehicle_10NN.mtx,hybrid_lb,hybrid_lb,structural_hybrid,ok,none,promoted_fallback,0.0074,0.0056,1.864865,1.135135,,87152,,original,raw_double,false,,,1,0,exact_abs_or_rel,SKIP
Vehicle_10NN.mtx,cusparse_default,cusparse_csr,external_baseline,ok,none,external_baseline,0.0138,0.0102,1.000000,0.608696,,87152,46964,original,original,false,,,true,0,exact_abs_or_rel,SKIP
WorldCities.mtx,original_lb,original_lb,load_balanced_traversal,ok,none,promoted_fallback,0.0083,0.0071,1.421687,1.000000,,60144,7608,original,original,false,0,0,true,0,exact_abs_or_rel,SKIP
WorldCities.mtx,auto_lossless_lb,dict16_lb,lossless_value_specialized,ok,none,accuracy_pass_runtime_loss,0.0094,0.0087,1.255319,0.882979,,15256,7608,auto_lossless,dict16,true,5,15256,true,5,exact_abs_or_rel,SKIP
WorldCities.mtx,fp16_lb,fp16_lb,controlled_lossy_value_specialized,ok,none,accuracy_pass_runtime_win,0.0076,0.0068,1.552632,1.092105,,15036,7608,fp16,fp16,false,0,0,false,0,spmv_max_rel,SKIP
WorldCities.mtx,bf16_lb,bf16_lb,controlled_lossy_value_specialized,ok,none,accuracy_pass_runtime_win,0.0080,0.0068,1.475000,1.037500,,15036,7608,bf16,bf16,false,0,0,false,0,spmv_max_rel,SKIP
WorldCities.mtx,bfp8_lb,bfp8_lb,controlled_lossy_value_specialized,ok,none,accuracy_pass_runtime_win,0.0074,0.0067,1.594595,1.121622,,9420,7608,bfp8,bfp8,false,0,0,false,0,spmv_max_rel,SKIP
WorldCities.mtx,bfp8_outlier_lb,bfp8_outlier_lb,controlled_lossy_value_specialized,ok,none,accuracy_pass_runtime_win,0.0070,0.0064,1.685714,1.185714,,9420,7608,bfp8_outlier,bfp8_outlier,false,0,0,false,0,spmv_max_rel,SKIP
WorldCities.mtx,bfp4_lb,bfp4_lb,controlled_lossy_value_specialized,ok,none,accuracy_pass_runtime_loss,0.0104,0.0081,1.134615,0.798077,,5661,7608,bfp4,bfp4,false,0,0,false,0,spmv_max_rel,SKIP
WorldCities.mtx,hybrid_lb,hybrid_lb,structural_hybrid,ok,none,promoted_fallback,0.0095,0.0073,1.242105,0.873684,,60144,,original,raw_double,false,,,1,0,exact_abs_or_rel,SKIP
WorldCities.mtx,cusparse_default,cusparse_csr,external_baseline,ok,none,external_baseline,0.0118,0.0102,1.000000,0.703390,,60144,31336,original,original,false,,,true,0,exact_abs_or_rel,SKIP
adder_dcop_03.mtx,original_lb,original_lb,load_balanced_traversal,ok,none,promoted_fallback,0.0088,0.0073,1.613636,1.000000,,89184,44096,original,original,false,0,0,true,0,exact_abs_or_rel,SKIP
adder_dcop_03.mtx,auto_lossless_lb,original_lb,load_balanced_traversal,ok,none,promoted_fallback,0.0085,0.0071,1.670588,1.035294,,89184,44096,auto_lossless,original,true,9339,89184,true,0,exact_abs_or_rel,SKIP
adder_dcop_03.mtx,fp16_lb,fp16_lb,controlled_lossy_value_specialized,ok,none,accuracy_pass_runtime_loss,0.0098,0.0080,1.448980,0.897959,,22296,44096,fp16,fp16,false,0,0,false,0,spmv_max_rel,SKIP
adder_dcop_03.mtx,bf16_lb,bf16_lb,controlled_lossy_value_specialized,ok,none,accuracy_pass_runtime_loss,0.0100,0.0079,1.420000,0.880000,,22296,44096,bf16,bf16,false,0,0,false,0,spmv_max_rel,SKIP
adder_dcop_03.mtx,bfp8_lb,bfp8_lb,controlled_lossy_value_specialized,ok,none,accuracy_pass_runtime_loss,0.0101,0.0092,1.405941,0.871287,,22172,44096,bfp8,bfp8,false,0,0,false,0,spmv_max_rel,SKIP
adder_dcop_03.mtx,bfp8_outlier_lb,bfp8_outlier_lb,controlled_lossy_value_specialized,ok,none,accuracy_pass_runtime_loss,0.0117,0.0099,1.213675,0.752137,,23052,44096,bfp8_outlier,bfp8_outlier,false,0,0,false,0,spmv_max_rel,SKIP
adder_dcop_03.mtx,bfp4_lb,bfp4_lb,controlled_lossy_value_specialized,ok,none,accuracy_pass_runtime_loss,0.0139,0.0131,1.021583,0.633094,,16598,44096,bfp4,bfp4,false,0,0,false,0,spmv_max_rel,SKIP
adder_dcop_03.mtx,hybrid_lb,hybrid_lb,structural_hybrid,ok,none,promoted_fallback,0.0080,0.0057,1.775000,1.100000,,89184,,original,raw_double,false,,,1,0,exact_abs_or_rel,SKIP
adder_dcop_03.mtx,cusparse_default,cusparse_csr,external_baseline,ok,none,external_baseline,0.0142,0.0123,1.000000,0.619718,,89184,51848,original,original,false,,,true,0,exact_abs_or_rel,SKIP
adder_dcop_11.mtx,original_lb,original_lb,load_balanced_traversal,ok,none,promoted_fallback,0.0084,0.0067,1.642857,1.000000,,89944,44568,original,original,false,0,0,true,0,exact_abs_or_rel,SKIP
adder_dcop_11.mtx,auto_lossless_lb,original_lb,load_balanced_traversal,ok,none,promoted_fallback,0.0075,0.0063,1.840000,1.120000,,89944,44568,auto_lossless,original,true,9237,89944,true,0,exact_abs_or_rel,SKIP
adder_dcop_11.mtx,fp16_lb,fp16_lb,controlled_lossy_value_specialized,ok,none,accuracy_pass_runtime_loss,0.0097,0.0082,1.422680,0.865979,,22486,44568,fp16,fp16,false,0,0,false,0,spmv_max_rel,SKIP
adder_dcop_11.mtx,bf16_lb,bf16_lb,controlled_lossy_value_specialized,ok,none,accuracy_pass_runtime_loss,0.0100,0.0083,1.380000,0.840000,,22486,44568,bf16,bf16,false,0,0,false,0,spmv_max_rel,SKIP
adder_dcop_11.mtx,bfp8_lb,bfp8_lb,controlled_lossy_value_specialized,ok,none,accuracy_pass_runtime_loss,0.0098,0.0089,1.408163,0.857143,,22385,44568,bfp8,bfp8,false,0,0,false,0,spmv_max_rel,SKIP
adder_dcop_11.mtx,bfp8_outlier_lb,bfp8_outlier_lb,controlled_lossy_value_specialized,ok,none,accuracy_pass_runtime_loss,0.0114,0.0100,1.210526,0.736842,,23281,44568,bfp8_outlier,bfp8_outlier,false,0,0,false,0,spmv_max_rel,SKIP
adder_dcop_11.mtx,bfp4_lb,bfp4_lb,controlled_lossy_value_specialized,ok,none,accuracy_pass_runtime_loss,0.0137,0.0132,1.007299,0.613139,,16764,44568,bfp4,bfp4,false,0,0,false,0,spmv_max_rel,SKIP
adder_dcop_11.mtx,hybrid_lb,hybrid_lb,structural_hybrid,ok,none,promoted_fallback,0.0076,0.0056,1.815789,1.105263,,89944,,original,raw_double,false,,,1,0,exact_abs_or_rel,SKIP
adder_dcop_11.mtx,cusparse_default,cusparse_csr,external_baseline,ok,none,external_baseline,0.0138,0.0122,1.000000,0.608696,,89944,52228,original,original,false,,,true,0,exact_abs_or_rel,SKIP
adder_dcop_19.mtx,original_lb,original_lb,load_balanced_traversal,ok,none,promoted_fallback,0.0080,0.0070,1.800000,1.000000,,89960,44568,original,original,false,0,0,true,0,exact_abs_or_rel,SKIP
adder_dcop_19.mtx,auto_lossless_lb,original_lb,load_balanced_traversal,ok,none,promoted_fallback,0.0089,0.0069,1.617978,0.898876,,89960,44568,auto_lossless,original,true,8160,89960,true,0,exact_abs_or_rel,SKIP
adder_dcop_19.mtx,fp16_lb,fp16_lb,controlled_lossy_value_specialized,ok,none,accuracy_pass_runtime_loss,0.0100,0.0079,1.440000,0.800000,,22490,44568,fp16,fp16,false,0,0,false,0,spmv_max_rel,SKIP
adder_dcop_19.mtx,bf16_lb,bf16_lb,controlled_lossy_value_specialized,ok,none,accuracy_pass_runtime_loss,0.0098,0.0077,1.469388,0.816327,,22490,44568,bf16,bf16,false,0,0,false,0,spmv_max_rel,SKIP
adder_dcop_19.mtx,bfp8_lb,bfp8_lb,controlled_lossy_value_specialized,ok,none,accuracy_pass_runtime_loss,0.0100,0.0090,1.440000,0.800000,,22387,44568,bfp8,bfp8,false,0,0,false,0,spmv_max_rel,SKIP
adder_dcop_19.mtx,bfp8_outlier_lb,bfp8_outlier_lb,controlled_lossy_value_specialized,ok,none,accuracy_pass_runtime_loss,0.0117,0.0105,1.230769,0.683761,,23283,44568,bfp8_outlier,bfp8_outlier,false,0,0,false,0,spmv_max_rel,SKIP
adder_dcop_19.mtx,bfp4_lb,bfp4_lb,controlled_lossy_value_specialized,ok,none,accuracy_pass_runtime_loss,0.0137,0.0131,1.051095,0.583942,,16765,44568,bfp4,bfp4,false,0,0,false,0,spmv_max_rel,SKIP
adder_dcop_19.mtx,hybrid_lb,hybrid_lb,structural_hybrid,ok,none,promoted_fallback,0.0078,0.0064,1.846154,1.025641,,89960,,original,raw_double,false,,,1,0,exact_abs_or_rel,SKIP
adder_dcop_19.mtx,cusparse_default,cusparse_csr,external_baseline,ok,none,external_baseline,0.0144,0.0123,1.000000,0.555556,,89960,52236,original,original,false,,,true,0,exact_abs_or_rel,SKIP
adder_dcop_27.mtx,original_lb,original_lb,load_balanced_traversal,ok,none,promoted_fallback,0.0079,0.0067,1.784810,1.000000,,89968,44576,original,original,false,0,0,true,0,exact_abs_or_rel,SKIP
adder_dcop_27.mtx,auto_lossless_lb,original_lb,load_balanced_traversal,ok,none,promoted_fallback,0.0077,0.0068,1.831169,1.025974,,89968,44576,auto_lossless,original,true,6585,89968,true,0,exact_abs_or_rel,SKIP
adder_dcop_27.mtx,fp16_lb,fp16_lb,controlled_lossy_value_specialized,ok,none,accuracy_pass_runtime_loss,0.0094,0.0073,1.500000,0.840426,,22492,44576,fp16,fp16,false,0,0,false,0,spmv_max_rel,SKIP
adder_dcop_27.mtx,bf16_lb,bf16_lb,controlled_lossy_value_specialized,ok,none,accuracy_pass_runtime_loss,0.0097,0.0079,1.453608,0.814433,,22492,44576,bf16,bf16,false,0,0,false,0,spmv_max_rel,SKIP
adder_dcop_27.mtx,bfp8_lb,bfp8_lb,controlled_lossy_value_specialized,ok,none,accuracy_pass_runtime_loss,0.0097,0.0086,1.453608,0.814433,,22390,44576,bfp8,bfp8,false,0,0,false,0,spmv_max_rel,SKIP
adder_dcop_27.mtx,bfp8_outlier_lb,bfp8_outlier_lb,controlled_lossy_value_specialized,ok,none,accuracy_pass_runtime_loss,0.0116,0.0104,1.215517,0.681034,,23286,44576,bfp8_outlier,bfp8_outlier,false,0,0,false,0,spmv_max_rel,SKIP
adder_dcop_27.mtx,bfp4_lb,bfp4_lb,controlled_lossy_value_specialized,ok,none,accuracy_pass_runtime_loss,0.0141,0.0133,1.000000,0.560284,,16767,44576,bfp4,bfp4,false,0,0,false,0,spmv_max_rel,SKIP
adder_dcop_27.mtx,hybrid_lb,hybrid_lb,structural_hybrid,ok,none,promoted_fallback,0.0073,0.0055,1.931507,1.082192,,89968,,original,raw_double,false,,,1,0,exact_abs_or_rel,SKIP
adder_dcop_27.mtx,cusparse_default,cusparse_csr,external_baseline,ok,none,external_baseline,0.0141,0.0123,1.000000,0.560284,,89968,52240,original,original,false,,,true,0,exact_abs_or_rel,SKIP
adder_dcop_35.mtx,original_lb,original_lb,load_balanced_traversal,ok,none,promoted_fallback,0.0080,0.0065,1.775000,1.000000,,89968,44576,original,original,false,0,0,true,0,exact_abs_or_rel,SKIP
adder_dcop_35.mtx,auto_lossless_lb,original_lb,load_balanced_traversal,ok,none,promoted_fallback,0.0074,0.0070,1.918919,1.081081,,89968,44576,auto_lossless,original,true,6454,89968,true,0,exact_abs_or_rel,SKIP
adder_dcop_35.mtx,fp16_lb,fp16_lb,controlled_lossy_value_specialized,ok,none,accuracy_pass_runtime_loss,0.0095,0.0077,1.494737,0.842105,,22492,44576,fp16,fp16,false,0,0,false,0,spmv_max_rel,SKIP
adder_dcop_35.mtx,bf16_lb,bf16_lb,controlled_lossy_value_specialized,ok,none,accuracy_pass_runtime_loss,0.0094,0.0079,1.510638,0.851064,,22492,44576,bf16,bf16,false,0,0,false,0,spmv_max_rel,SKIP
adder_dcop_35.mtx,bfp8_lb,bfp8_lb,controlled_lossy_value_specialized,ok,none,accuracy_pass_runtime_loss,0.0092,0.0087,1.543478,0.869565,,22390,44576,bfp8,bfp8,false,0,0,false,0,spmv_max_rel,SKIP
adder_dcop_35.mtx,bfp8_outlier_lb,bfp8_outlier_lb,controlled_lossy_value_specialized,ok,none,accuracy_pass_runtime_loss,0.0118,0.0105,1.203390,0.677966,,23270,44576,bfp8_outlier,bfp8_outlier,false,0,0,false,0,spmv_max_rel,SKIP
adder_dcop_35.mtx,bfp4_lb,bfp4_lb,controlled_lossy_value_specialized,ok,none,accuracy_pass_runtime_loss,0.0139,0.0128,1.021583,0.575540,,16767,44576,bfp4,bfp4,false,0,0,false,0,spmv_max_rel,SKIP
adder_dcop_35.mtx,hybrid_lb,hybrid_lb,structural_hybrid,ok,none,promoted_fallback,0.0079,0.0057,1.797468,1.012658,,89968,,original,raw_double,false,,,1,0,exact_abs_or_rel,SKIP
adder_dcop_35.mtx,cusparse_default,cusparse_csr,external_baseline,ok,none,external_baseline,0.0142,0.0123,1.000000,0.563380,,89968,52240,original,original,false,,,true,0,exact_abs_or_rel,SKIP
adder_dcop_43.mtx,original_lb,original_lb,load_balanced_traversal,ok,none,promoted_fallback,0.0082,0.0070,1.707317,1.000000,,89968,44576,original,original,false,0,0,true,0,exact_abs_or_rel,SKIP
adder_dcop_43.mtx,auto_lossless_lb,original_lb,load_balanced_traversal,ok,none,promoted_fallback,0.0079,0.0066,1.772152,1.037975,,89968,44576,auto_lossless,original,true,5016,89968,true,0,exact_abs_or_rel,SKIP
adder_dcop_43.mtx,fp16_lb,fp16_lb,controlled_lossy_value_specialized,ok,none,accuracy_pass_runtime_loss,0.0098,0.0076,1.428571,0.836735,,22492,44576,fp16,fp16,false,0,0,false,0,spmv_max_rel,SKIP
adder_dcop_43.mtx,bf16_lb,bf16_lb,controlled_lossy_value_specialized,ok,none,accuracy_pass_runtime_loss,0.0096,0.0076,1.458333,0.854167,,22492,44576,bf16,bf16,false,0,0,false,0,spmv_max_rel,SKIP
adder_dcop_43.mtx,bfp8_lb,bfp8_lb,controlled_lossy_value_specialized,ok,none,accuracy_pass_runtime_loss,0.0093,0.0086,1.505376,0.881720,,22390,44576,bfp8,bfp8,false,0,0,false,0,spmv_max_rel,SKIP
adder_dcop_43.mtx,bfp8_outlier_lb,bfp8_outlier_lb,controlled_lossy_value_specialized,ok,none,accuracy_pass_runtime_loss,0.0116,0.0104,1.206897,0.706897,,23286,44576,bfp8_outlier,bfp8_outlier,false,0,0,false,0,spmv_max_rel,SKIP
adder_dcop_43.mtx,bfp4_lb,bfp4_lb,controlled_lossy_value_specialized,ok,none,accuracy_pass_runtime_loss,0.0141,0.0130,0.992908,0.581560,,16767,44576,bfp4,bfp4,false,0,0,false,0,spmv_max_rel,SKIP
adder_dcop_43.mtx,hybrid_lb,hybrid_lb,structural_hybrid,ok,none,promoted_fallback,0.0081,0.0056,1.728395,1.012346,,89968,,original,raw_double,false,,,1,0,exact_abs_or_rel,SKIP
adder_dcop_43.mtx,cusparse_default,cusparse_csr,external_baseline,ok,none,external_baseline,0.0140,0.0119,1.000000,0.585714,,89968,52240,original,original,false,,,true,0,exact_abs_or_rel,SKIP
adder_dcop_51.mtx,original_lb,original_lb,load_balanced_traversal,ok,none,promoted_fallback,0.0079,0.0069,1.797468,1.000000,,89968,44576,original,original,false,0,0,true,0,exact_abs_or_rel,SKIP
adder_dcop_51.mtx,auto_lossless_lb,original_lb,load_balanced_traversal,ok,none,promoted_fallback,0.0076,0.0069,1.868421,1.039474,,89968,44576,auto_lossless,original,true,4871,89968,true,0,exact_abs_or_rel,SKIP
adder_dcop_51.mtx,fp16_lb,fp16_lb,controlled_lossy_value_specialized,ok,none,accuracy_pass_runtime_loss,0.0095,0.0077,1.494737,0.831579,,22492,44576,fp16,fp16,false,0,0,false,0,spmv_max_rel,SKIP
adder_dcop_51.mtx,bf16_lb,bf16_lb,controlled_lossy_value_specialized,ok,none,accuracy_pass_runtime_loss,0.0104,0.0100,1.365385,0.759615,,22492,44576,bf16,bf16,false,0,0,false,0,spmv_max_rel,SKIP
adder_dcop_51.mtx,bfp8_lb,bfp8_lb,controlled_lossy_value_specialized,ok,none,accuracy_pass_runtime_loss,0.0127,0.0101,1.118110,0.622047,,22390,44576,bfp8,bfp8,false,0,0,false,0,spmv_max_rel,SKIP
adder_dcop_51.mtx,bfp8_outlier_lb,bfp8_outlier_lb,controlled_lossy_value_specialized,ok,none,accuracy_pass_runtime_loss,0.0116,0.0100,1.224138,0.681034,,23254,44576,bfp8_outlier,bfp8_outlier,false,0,0,false,0,spmv_max_rel,SKIP
adder_dcop_51.mtx,bfp4_lb,bfp4_lb,controlled_lossy_value_specialized,ok,none,accuracy_pass_runtime_loss,0.0136,0.0128,1.044118,0.580882,,16767,44576,bfp4,bfp4,false,0,0,false,0,spmv_max_rel,SKIP
adder_dcop_51.mtx,hybrid_lb,hybrid_lb,structural_hybrid,ok,none,promoted_fallback,0.0079,0.0066,1.797468,1.000000,,89968,,original,raw_double,false,,,1,0,exact_abs_or_rel,SKIP
adder_dcop_51.mtx,cusparse_default,cusparse_csr,external_baseline,ok,none,external_baseline,0.0142,0.0123,1.000000,0.556338,,89968,52240,original,original,false,,,true,0,exact_abs_or_rel,SKIP
adder_dcop_59.mtx,original_lb,original_lb,load_balanced_traversal,ok,none,promoted_fallback,0.0081,0.0070,1.716049,1.000000,,89968,44576,original,original,false,0,0,true,0,exact_abs_or_rel,SKIP
adder_dcop_59.mtx,auto_lossless_lb,original_lb,load_balanced_traversal,ok,none,promoted_fallback,0.0080,0.0068,1.737500,1.012500,,89968,44576,auto_lossless,original,true,3483,89968,true,0,exact_abs_or_rel,SKIP
adder_dcop_59.mtx,fp16_lb,fp16_lb,controlled_lossy_value_specialized,ok,none,accuracy_pass_runtime_loss,0.0097,0.0078,1.432990,0.835052,,22492,44576,fp16,fp16,false,0,0,false,0,spmv_max_rel,SKIP
adder_dcop_59.mtx,bf16_lb,bf16_lb,controlled_lossy_value_specialized,ok,none,accuracy_pass_runtime_loss,0.0095,0.0090,1.463158,0.852632,,22492,44576,bf16,bf16,false,0,0,false,0,spmv_max_rel,SKIP
adder_dcop_59.mtx,bfp8_lb,bfp8_lb,controlled_lossy_value_specialized,ok,none,accuracy_pass_runtime_loss,0.0092,0.0084,1.510870,0.880435,,22390,44576,bfp8,bfp8,false,0,0,false,0,spmv_max_rel,SKIP
adder_dcop_59.mtx,bfp8_outlier_lb,bfp8_outlier_lb,controlled_lossy_value_specialized,ok,none,accuracy_pass_runtime_loss,0.0116,0.0105,1.198276,0.698276,,23270,44576,bfp8_outlier,bfp8_outlier,false,0,0,false,0,spmv_max_rel,SKIP
adder_dcop_59.mtx,bfp4_lb,bfp4_lb,controlled_lossy_value_specialized,ok,none,accuracy_pass_runtime_loss,0.0141,0.0133,0.985816,0.574468,,16767,44576,bfp4,bfp4,false,0,0,false,0,spmv_max_rel,SKIP
adder_dcop_59.mtx,hybrid_lb,hybrid_lb,structural_hybrid,ok,none,promoted_fallback,0.0079,0.0056,1.759494,1.025316,,89968,,original,raw_double,false,,,1,0,exact_abs_or_rel,SKIP
adder_dcop_59.mtx,cusparse_default,cusparse_csr,external_baseline,ok,none,external_baseline,0.0139,0.0123,1.000000,0.582734,,89968,52240,original,original,false,,,true,0,exact_abs_or_rel,SKIP
adder_dcop_67.mtx,original_lb,original_lb,load_balanced_traversal,ok,none,promoted_fallback,0.0087,0.0069,1.597701,1.000000,,89968,44576,original,original,false,0,0,true,0,exact_abs_or_rel,SKIP
adder_dcop_67.mtx,auto_lossless_lb,original_lb,load_balanced_traversal,ok,none,promoted_fallback,0.0078,0.0062,1.782051,1.115385,,89968,44576,auto_lossless,original,true,3149,89968,true,0,exact_abs_or_rel,SKIP
adder_dcop_67.mtx,fp16_lb,fp16_lb,controlled_lossy_value_specialized,ok,none,accuracy_pass_runtime_loss,0.0100,0.0082,1.390000,0.870000,,22492,44576,fp16,fp16,false,0,0,false,0,spmv_max_rel,SKIP
adder_dcop_67.mtx,bf16_lb,bf16_lb,controlled_lossy_value_specialized,ok,none,accuracy_pass_runtime_loss,0.0097,0.0077,1.432990,0.896907,,22492,44576,bf16,bf16,false,0,0,false,0,spmv_max_rel,SKIP
adder_dcop_67.mtx,bfp8_lb,bfp8_lb,controlled_lossy_value_specialized,ok,none,accuracy_pass_runtime_loss,0.0105,0.0087,1.323810,0.828571,,22390,44576,bfp8,bfp8,false,0,0,false,0,spmv_max_rel,SKIP
adder_dcop_67.mtx,bfp8_outlier_lb,bfp8_outlier_lb,controlled_lossy_value_specialized,ok,none,accuracy_pass_runtime_loss,0.0134,0.0111,1.037313,0.649254,,23270,44576,bfp8_outlier,bfp8_outlier,false,0,0,false,0,spmv_max_rel,SKIP
adder_dcop_67.mtx,bfp4_lb,bfp4_lb,controlled_lossy_value_specialized,ok,none,accuracy_pass_runtime_loss,0.0160,0.0144,0.868750,0.543750,,16767,44576,bfp4,bfp4,false,0,0,false,0,spmv_max_rel,SKIP
adder_dcop_67.mtx,hybrid_lb,hybrid_lb,structural_hybrid,ok,none,promoted_fallback,0.0095,0.0068,1.463158,0.915789,,89968,,original,raw_double,false,,,1,0,exact_abs_or_rel,SKIP
adder_dcop_67.mtx,cusparse_default,cusparse_csr,external_baseline,ok,none,external_baseline,0.0139,0.0123,1.000000,0.625899,,89968,52240,original,original,false,,,true,0,exact_abs_or_rel,SKIP
air02.mtx,original_lb,original_lb,load_balanced_traversal,ok,none,promoted_fallback,0.0082,0.0069,1.524390,1.000000,,492440,64464,original,original,false,0,0,true,0,exact_abs_or_rel,SKIP
air02.mtx,auto_lossless_lb,all_one_lb,lossless_value_specialized,ok,none,accuracy_pass_runtime_loss,0.0127,0.0093,0.984252,0.645669,,0,64464,auto_lossless,all_one,true,1,0,true,0,exact_abs_or_rel,SKIP
air02.mtx,fp16_lb,fp16_lb,controlled_lossy_value_specialized,ok,none,accuracy_pass_runtime_loss,0.0090,0.0075,1.388889,0.911111,,123110,64464,fp16,fp16,false,0,0,false,0,spmv_max_rel,SKIP
air02.mtx,bf16_lb,bf16_lb,controlled_lossy_value_specialized,ok,none,accuracy_pass_runtime_loss,0.0087,0.0071,1.436782,0.942529,,123110,64464,bf16,bf16,false,0,0,false,0,spmv_max_rel,SKIP
air02.mtx,bfp8_lb,bfp8_lb,controlled_lossy_value_specialized,ok,none,accuracy_pass_runtime_loss,0.0096,0.0086,1.302083,0.854167,,77671,64464,bfp8,bfp8,false,0,0,false,0,spmv_max_rel,SKIP
air02.mtx,bfp8_outlier_lb,bfp8_outlier_lb,controlled_lossy_value_specialized,ok,none,accuracy_pass_runtime_loss,0.0094,0.0084,1.329787,0.872340,,77671,64464,bfp8_outlier,bfp8_outlier,false,0,0,false,0,spmv_max_rel,SKIP
air02.mtx,bfp4_lb,bfp4_lb,controlled_lossy_value_specialized,ok,none,accuracy_pass_runtime_loss,0.0137,0.0128,0.912409,0.598540,,46894,64464,bfp4,bfp4,false,0,0,false,0,spmv_max_rel,SKIP
air02.mtx,hybrid_lb,hybrid_lb,structural_hybrid,ok,none,promoted_fallback,0.0104,0.0088,1.201923,0.788462,,492440,,original,raw_double,false,,,1,0,exact_abs_or_rel,SKIP
air02.mtx,cusparse_default,cusparse_csr,external_baseline,ok,none,external_baseline,0.0125,0.0082,1.000000,0.656000,,492440,246424,original,original,false,,,true,0,exact_abs_or_rel,SKIP
analytics.mtx,original_lb,original_lb,load_balanced_traversal,ok,none,promoted_fallback,0.0373,0.0349,0.745308,1.000000,,16049008,5055480,original,original,false,0,0,true,0,exact_abs_or_rel,SKIP
analytics.mtx,auto_lossless_lb,original_lb,load_balanced_traversal,ok,none,promoted_fallback,0.0369,0.0356,0.753388,1.010840,,16049008,5055480,auto_lossless,original,true,569821,16049008,true,0,exact_abs_or_rel,SKIP
analytics.mtx,fp16_lb,fp16_lb,controlled_lossy_value_specialized,ok,none,accuracy_pass_runtime_win,0.0333,0.0322,0.834835,1.120120,,4012252,5055480,fp16,fp16,false,0,0,false,0,spmv_max_rel,SKIP
analytics.mtx,bf16_lb,bf16_lb,controlled_lossy_value_specialized,ok,none,accuracy_pass_runtime_win,0.0334,0.0314,0.832335,1.116766,,4012252,5055480,bf16,bf16,false,0,0,false,0,spmv_max_rel,SKIP
analytics.mtx,bfp8_lb,bfp8_lb,controlled_lossy_value_specialized,ok,none,accuracy_pass_runtime_win,0.0338,0.0316,0.822485,1.103550,,3269996,5055480,bfp8,bfp8,false,0,0,false,0,spmv_max_rel,SKIP
analytics.mtx,bfp8_outlier_lb,bfp8_outlier_lb,controlled_lossy_value_specialized,ok,none,accuracy_pass_runtime_win,0.0357,0.0337,0.778711,1.044818,,3430476,5055480,bfp8_outlier,bfp8_outlier,false,0,0,false,0,spmv_max_rel,SKIP
analytics.mtx,bfp4_lb,bfp4_lb,controlled_lossy_value_specialized,ok,none,accuracy_pass_runtime_loss,0.0384,0.0374,0.723958,0.971354,,2266933,5055480,bfp4,bfp4,false,0,0,false,0,spmv_max_rel,SKIP
analytics.mtx,hybrid_lb,hybrid_lb,structural_hybrid,ok,none,promoted_fallback,0.0227,0.0210,1.224670,1.643172,,16049008,,original,raw_double,false,,,1,0,exact_abs_or_rel,SKIP
analytics.mtx,cusparse_default,cusparse_csr,external_baseline,ok,none,external_baseline,0.0278,0.0265,1.000000,1.341727,,16049008,9239760,original,original,false,,,true,0,exact_abs_or_rel,SKIP
as-735_G_005.mtx,original_lb,original_lb,load_balanced_traversal,ok,none,promoted_fallback,0.0088,0.0072,1.704545,1.000000,,86256,68912,original,original,false,0,0,true,0,exact_abs_or_rel,SKIP
as-735_G_005.mtx,auto_lossless_lb,all_one_lb,lossless_value_specialized,ok,none,accuracy_pass_runtime_win,0.0084,0.0067,1.785714,1.047619,,0,68912,auto_lossless,all_one,true,1,0,true,0,exact_abs_or_rel,SKIP
as-735_G_005.mtx,fp16_lb,fp16_lb,controlled_lossy_value_specialized,ok,none,accuracy_pass_runtime_loss,0.0089,0.0076,1.685393,0.988764,,21564,68912,fp16,fp16,false,0,0,false,0,spmv_max_rel,SKIP
as-735_G_005.mtx,bf16_lb,bf16_lb,controlled_lossy_value_specialized,ok,none,accuracy_pass_runtime_loss,0.0091,0.0078,1.648352,0.967033,,21564,68912,bf16,bf16,false,0,0,false,0,spmv_max_rel,SKIP
as-735_G_005.mtx,bfp8_lb,bfp8_lb,controlled_lossy_value_specialized,ok,none,accuracy_pass_runtime_loss,0.0101,0.0087,1.485149,0.871287,,28010,68912,bfp8,bfp8,false,0,0,false,0,spmv_max_rel,SKIP
as-735_G_005.mtx,bfp8_outlier_lb,bfp8_outlier_lb,controlled_lossy_value_specialized,ok,none,accuracy_pass_runtime_loss,0.0101,0.0086,1.485149,0.871287,,28010,68912,bfp8_outlier,bfp8_outlier,false,0,0,false,0,spmv_max_rel,SKIP
as-735_G_005.mtx,bfp4_lb,bfp4_lb,controlled_lossy_value_specialized,ok,none,accuracy_pass_runtime_loss,0.0135,0.0124,1.111111,0.651852,,22619,68912,bfp4,bfp4,false,0,0,false,0,spmv_max_rel,SKIP
as-735_G_005.mtx,hybrid_lb,hybrid_lb,structural_hybrid,ok,none,promoted_fallback,0.0104,0.0096,1.442308,0.846154,,86256,,original,raw_double,false,,,1,0,exact_abs_or_rel,SKIP
as-735_G_005.mtx,cusparse_default,cusparse_csr,external_baseline,ok,none,external_baseline,0.0150,0.0123,1.000000,0.586667,,86256,73996,original,original,false,,,true,0,exact_abs_or_rel,SKIP
as-735_G_013.mtx,original_lb,original_lb,load_balanced_traversal,ok,none,promoted_fallback,0.0089,0.0071,1.674157,1.000000,,87400,69832,original,original,false,0,0,true,0,exact_abs_or_rel,SKIP
as-735_G_013.mtx,auto_lossless_lb,all_one_lb,lossless_value_specialized,ok,none,accuracy_pass_runtime_win,0.0087,0.0072,1.712644,1.022989,,0,69832,auto_lossless,all_one,true,1,0,true,0,exact_abs_or_rel,SKIP
as-735_G_013.mtx,fp16_lb,fp16_lb,controlled_lossy_value_specialized,ok,none,accuracy_pass_runtime_loss,0.0100,0.0080,1.490000,0.890000,,21850,69832,fp16,fp16,false,0,0,false,0,spmv_max_rel,SKIP
as-735_G_013.mtx,bf16_lb,bf16_lb,controlled_lossy_value_specialized,ok,none,accuracy_pass_runtime_loss,0.0098,0.0081,1.520408,0.908163,,21850,69832,bf16,bf16,false,0,0,false,0,spmv_max_rel,SKIP
as-735_G_013.mtx,bfp8_lb,bfp8_lb,controlled_lossy_value_specialized,ok,none,accuracy_pass_runtime_loss,0.0095,0.0086,1.568421,0.936842,,28383,69832,bfp8,bfp8,false,0,0,false,0,spmv_max_rel,SKIP
as-735_G_013.mtx,bfp8_outlier_lb,bfp8_outlier_lb,controlled_lossy_value_specialized,ok,none,accuracy_pass_runtime_loss,0.0095,0.0085,1.568421,0.936842,,28383,69832,bfp8_outlier,bfp8_outlier,false,0,0,false,0,spmv_max_rel,SKIP
as-735_G_013.mtx,bfp4_lb,bfp4_lb,controlled_lossy_value_specialized,ok,none,accuracy_pass_runtime_loss,0.0138,0.0127,1.079710,0.644928,,22921,69832,bfp4,bfp4,false,0,0,false,0,spmv_max_rel,SKIP
as-735_G_013.mtx,hybrid_lb,hybrid_lb,structural_hybrid,ok,none,promoted_fallback,0.0096,0.0085,1.552083,0.927083,,87400,,original,raw_double,false,,,1,0,exact_abs_or_rel,SKIP
as-735_G_013.mtx,cusparse_default,cusparse_csr,external_baseline,ok,none,external_baseline,0.0149,0.0123,1.000000,0.597315,,87400,74568,original,original,false,,,true,0,exact_abs_or_rel,SKIP
as-735_G_021.mtx,original_lb,original_lb,load_balanced_traversal,ok,none,promoted_fallback,0.0097,0.0071,1.536082,1.000000,,88712,71048,original,original,false,0,0,true,0,exact_abs_or_rel,SKIP
as-735_G_021.mtx,auto_lossless_lb,all_one_lb,lossless_value_specialized,ok,none,accuracy_pass_runtime_win,0.0077,0.0060,1.935065,1.259740,,0,71048,auto_lossless,all_one,true,1,0,true,0,exact_abs_or_rel,SKIP
as-735_G_021.mtx,fp16_lb,fp16_lb,controlled_lossy_value_specialized,ok,none,accuracy_pass_runtime_loss,0.0098,0.0079,1.520408,0.989796,,22178,71048,fp16,fp16,false,0,0,false,0,spmv_max_rel,SKIP
as-735_G_021.mtx,bf16_lb,bf16_lb,controlled_lossy_value_specialized,ok,none,accuracy_pass_runtime_loss,0.0099,0.0081,1.505051,0.979798,,22178,71048,bf16,bf16,false,0,0,false,0,spmv_max_rel,SKIP
as-735_G_021.mtx,bfp8_lb,bfp8_lb,controlled_lossy_value_specialized,ok,none,accuracy_pass_runtime_loss,0.0101,0.0092,1.475248,0.960396,,28851,71048,bfp8,bfp8,false,0,0,false,0,spmv_max_rel,SKIP
as-735_G_021.mtx,bfp8_outlier_lb,bfp8_outlier_lb,controlled_lossy_value_specialized,ok,none,accuracy_pass_runtime_loss,0.0105,0.0101,1.419048,0.923810,,28851,71048,bfp8_outlier,bfp8_outlier,false,0,0,false,0,spmv_max_rel,SKIP
as-735_G_021.mtx,bfp4_lb,bfp4_lb,controlled_lossy_value_specialized,ok,none,accuracy_pass_runtime_loss,0.0136,0.0125,1.095588,0.713235,,23307,71048,bfp4,bfp4,false,0,0,false,0,spmv_max_rel,SKIP
as-735_G_021.mtx,hybrid_lb,hybrid_lb,structural_hybrid,ok,none,promoted_fallback,0.0099,0.0078,1.505051,0.979798,,88712,,original,raw_double,false,,,1,0,exact_abs_or_rel,SKIP
as-735_G_021.mtx,cusparse_default,cusparse_csr,external_baseline,ok,none,external_baseline,0.0149,0.0123,1.000000,0.651007,,88712,75224,original,original,false,,,true,0,exact_abs_or_rel,SKIP
as-735_G_029.mtx,original_lb,original_lb,load_balanced_traversal,ok,none,promoted_fallback,0.0089,0.0072,1.674157,1.000000,,92688,74240,original,original,false,0,0,true,0,exact_abs_or_rel,SKIP
as-735_G_029.mtx,auto_lossless_lb,all_one_lb,lossless_value_specialized,ok,none,accuracy_pass_runtime_loss,0.0090,0.0071,1.655556,0.988889,,0,74240,auto_lossless,all_one,true,1,0,true,0,exact_abs_or_rel,SKIP
as-735_G_029.mtx,fp16_lb,fp16_lb,controlled_lossy_value_specialized,ok,none,accuracy_pass_runtime_loss,0.0100,0.0081,1.490000,0.890000,,23172,74240,fp16,fp16,false,0,0,false,0,spmv_max_rel,SKIP
as-735_G_029.mtx,bf16_lb,bf16_lb,controlled_lossy_value_specialized,ok,none,accuracy_pass_runtime_loss,0.0097,0.0080,1.536082,0.917526,,23172,74240,bf16,bf16,false,0,0,false,0,spmv_max_rel,SKIP
as-735_G_029.mtx,bfp8_lb,bfp8_lb,controlled_lossy_value_specialized,ok,none,accuracy_pass_runtime_loss,0.0096,0.0083,1.552083,0.927083,,30146,74240,bfp8,bfp8,false,0,0,false,0,spmv_max_rel,SKIP
as-735_G_029.mtx,bfp8_outlier_lb,bfp8_outlier_lb,controlled_lossy_value_specialized,ok,none,accuracy_pass_runtime_loss,0.0096,0.0086,1.552083,0.927083,,30146,74240,bfp8_outlier,bfp8_outlier,false,0,0,false,0,spmv_max_rel,SKIP
as-735_G_029.mtx,bfp4_lb,bfp4_lb,controlled_lossy_value_specialized,ok,none,accuracy_pass_runtime_loss,0.0136,0.0126,1.095588,0.654412,,24353,74240,bfp4,bfp4,false,0,0,false,0,spmv_max_rel,SKIP
as-735_G_029.mtx,hybrid_lb,hybrid_lb,structural_hybrid,ok,none,promoted_fallback,0.0102,0.0090,1.460784,0.872549,,92688,,original,raw_double,false,,,1,0,exact_abs_or_rel,SKIP
as-735_G_029.mtx,cusparse_default,cusparse_csr,external_baseline,ok,none,external_baseline,0.0149,0.0123,1.000000,0.597315,,92688,77212,original,original,false,,,true,0,exact_abs_or_rel,SKIP
as-735_G_037.mtx,original_lb,original_lb,load_balanced_traversal,ok,none,promoted_fallback,0.0087,0.0071,1.678161,1.000000,,93776,75088,original,original,false,0,0,true,0,exact_abs_or_rel,SKIP
as-735_G_037.mtx,auto_lossless_lb,all_one_lb,lossless_value_specialized,ok,none,accuracy_pass_runtime_win,0.0079,0.0072,1.848101,1.101266,,0,75088,auto_lossless,all_one,true,1,0,true,0,exact_abs_or_rel,SKIP
as-735_G_037.mtx,fp16_lb,fp16_lb,controlled_lossy_value_specialized,ok,none,accuracy_pass_runtime_loss,0.0103,0.0090,1.417476,0.844660,,23444,75088,fp16,fp16,false,0,0,false,0,spmv_max_rel,SKIP
as-735_G_037.mtx,bf16_lb,bf16_lb,controlled_lossy_value_specialized,ok,none,accuracy_pass_runtime_loss,0.0096,0.0079,1.520833,0.906250,,23444,75088,bf16,bf16,false,0,0,false,0,spmv_max_rel,SKIP
as-735_G_037.mtx,bfp8_lb,bfp8_lb,controlled_lossy_value_specialized,ok,none,accuracy_pass_runtime_loss,0.0098,0.0091,1.489796,0.887755,,30494,75088,bfp8,bfp8,false,0,0,false,0,spmv_max_rel,SKIP
as-735_G_037.mtx,bfp8_outlier_lb,bfp8_outlier_lb,controlled_lossy_value_specialized,ok,none,accuracy_pass_runtime_loss,0.0104,0.0097,1.403846,0.836538,,30494,75088,bfp8_outlier,bfp8_outlier,false,0,0,false,0,spmv_max_rel,SKIP
as-735_G_037.mtx,bfp4_lb,bfp4_lb,controlled_lossy_value_specialized,ok,none,accuracy_pass_runtime_loss,0.0134,0.0124,1.089552,0.649254,,24633,75088,bfp4,bfp4,false,0,0,false,0,spmv_max_rel,SKIP
as-735_G_037.mtx,hybrid_lb,hybrid_lb,structural_hybrid,ok,none,promoted_fallback,0.0099,0.0084,1.474747,0.878788,,93776,,original,raw_double,false,,,1,0,exact_abs_or_rel,SKIP
as-735_G_037.mtx,cusparse_default,cusparse_csr,external_baseline,ok,none,external_baseline,0.0146,0.0123,1.000000,0.595890,,93776,77756,original,original,false,,,true,0,exact_abs_or_rel,SKIP
as-735_G_045.mtx,original_lb,original_lb,load_balanced_traversal,ok,none,promoted_fallback,0.0087,0.0068,1.712644,1.000000,,94376,75616,original,original,false,0,0,true,0,exact_abs_or_rel,SKIP
as-735_G_045.mtx,auto_lossless_lb,all_one_lb,lossless_value_specialized,ok,none,accuracy_pass_runtime_win,0.0086,0.0074,1.732558,1.011628,,0,75616,auto_lossless,all_one,true,1,0,true,0,exact_abs_or_rel,SKIP
as-735_G_045.mtx,fp16_lb,fp16_lb,controlled_lossy_value_specialized,ok,none,accuracy_pass_runtime_loss,0.0097,0.0081,1.536082,0.896907,,23594,75616,fp16,fp16,false,0,0,false,0,spmv_max_rel,SKIP
as-735_G_045.mtx,bf16_lb,bf16_lb,controlled_lossy_value_specialized,ok,none,accuracy_pass_runtime_loss,0.0100,0.0080,1.490000,0.870000,,23594,75616,bf16,bf16,false,0,0,false,0,spmv_max_rel,SKIP
as-735_G_045.mtx,bfp8_lb,bfp8_lb,controlled_lossy_value_specialized,ok,none,accuracy_pass_runtime_loss,0.0104,0.0092,1.432692,0.836538,,30701,75616,bfp8,bfp8,false,0,0,false,0,spmv_max_rel,SKIP
as-735_G_045.mtx,bfp8_outlier_lb,bfp8_outlier_lb,controlled_lossy_value_specialized,ok,none,accuracy_pass_runtime_loss,0.0100,0.0090,1.490000,0.870000,,30701,75616,bfp8_outlier,bfp8_outlier,false,0,0,false,0,spmv_max_rel,SKIP
as-735_G_045.mtx,bfp4_lb,bfp4_lb,controlled_lossy_value_specialized,ok,none,accuracy_pass_runtime_loss,0.0140,0.0132,1.064286,0.621429,,24803,75616,bfp4,bfp4,false,0,0,false,0,spmv_max_rel,SKIP
as-735_G_045.mtx,hybrid_lb,hybrid_lb,structural_hybrid,ok,none,promoted_fallback,0.0111,0.0089,1.342342,0.783784,,94376,,original,raw_double,false,,,1,0,exact_abs_or_rel,SKIP
as-735_G_045.mtx,cusparse_default,cusparse_csr,external_baseline,ok,none,external_baseline,0.0149,0.0123,1.000000,0.583893,,94376,78056,original,original,false,,,true,0,exact_abs_or_rel,SKIP
as-735_G_053.mtx,original_lb,original_lb,load_balanced_traversal,ok,none,promoted_fallback,0.0088,0.0060,1.704545,1.000000,,94784,75816,original,original,false,0,0,true,0,exact_abs_or_rel,SKIP
as-735_G_053.mtx,auto_lossless_lb,all_one_lb,lossless_value_specialized,ok,none,accuracy_pass_runtime_win,0.0087,0.0070,1.724138,1.011494,,0,75816,auto_lossless,all_one,true,1,0,true,0,exact_abs_or_rel,SKIP
as-735_G_053.mtx,fp16_lb,fp16_lb,controlled_lossy_value_specialized,ok,none,accuracy_pass_runtime_loss,0.0094,0.0077,1.595745,0.936170,,23696,75816,fp16,fp16,false,0,0,false,0,spmv_max_rel,SKIP
as-735_G_053.mtx,bf16_lb,bf16_lb,controlled_lossy_value_specialized,ok,none,accuracy_pass_runtime_loss,0.0093,0.0076,1.612903,0.946237,,23696,75816,bf16,bf16,false,0,0,false,0,spmv_max_rel,SKIP
as-735_G_053.mtx,bfp8_lb,bfp8_lb,controlled_lossy_value_specialized,ok,none,accuracy_pass_runtime_loss,0.0094,0.0091,1.595745,0.936170,,30802,75816,bfp8,bfp8,false,0,0,false,0,spmv_max_rel,SKIP
as-735_G_053.mtx,bfp8_outlier_lb,bfp8_outlier_lb,controlled_lossy_value_specialized,ok,none,accuracy_pass_runtime_loss,0.0098,0.0090,1.530612,0.897959,,30802,75816,bfp8_outlier,bfp8_outlier,false,0,0,false,0,spmv_max_rel,SKIP
as-735_G_053.mtx,bfp4_lb,bfp4_lb,controlled_lossy_value_specialized,ok,none,accuracy_pass_runtime_loss,0.0143,0.0132,1.048951,0.615385,,24878,75816,bfp4,bfp4,false,0,0,false,0,spmv_max_rel,SKIP
as-735_G_053.mtx,hybrid_lb,hybrid_lb,structural_hybrid,ok,none,promoted_fallback,0.0097,0.0084,1.546392,0.907216,,94784,,original,raw_double,false,,,1,0,exact_abs_or_rel,SKIP
as-735_G_053.mtx,cusparse_default,cusparse_csr,external_baseline,ok,none,external_baseline,0.0150,0.0123,1.000000,0.586667,,94784,78260,original,original,false,,,true,0,exact_abs_or_rel,SKIP
as-735_G_061.mtx,original_lb,original_lb,load_balanced_traversal,ok,none,promoted_fallback,0.0092,0.0073,1.586957,1.000000,,95064,76192,original,original,false,0,0,true,0,exact_abs_or_rel,SKIP
as-735_G_061.mtx,auto_lossless_lb,all_one_lb,lossless_value_specialized,ok,none,accuracy_pass_runtime_win,0.0083,0.0073,1.759036,1.108434,,0,76192,auto_lossless,all_one,true,1,0,true,0,exact_abs_or_rel,SKIP
as-735_G_061.mtx,fp16_lb,fp16_lb,controlled_lossy_value_specialized,ok,none,accuracy_pass_runtime_loss,0.0092,0.0079,1.586957,1.000000,,23766,76192,fp16,fp16,false,0,0,false,0,spmv_max_rel,SKIP
as-735_G_061.mtx,bf16_lb,bf16_lb,controlled_lossy_value_specialized,ok,none,accuracy_pass_runtime_loss,0.0092,0.0074,1.586957,1.000000,,23766,76192,bf16,bf16,false,0,0,false,0,spmv_max_rel,SKIP
as-735_G_061.mtx,bfp8_lb,bfp8_lb,controlled_lossy_value_specialized,ok,none,accuracy_pass_runtime_loss,0.0109,0.0097,1.339450,0.844037,,30931,76192,bfp8,bfp8,false,0,0,false,0,spmv_max_rel,SKIP
as-735_G_061.mtx,bfp8_outlier_lb,bfp8_outlier_lb,controlled_lossy_value_specialized,ok,none,accuracy_pass_runtime_loss,0.0102,0.0086,1.431373,0.901961,,30931,76192,bfp8_outlier,bfp8_outlier,false,0,0,false,0,spmv_max_rel,SKIP
as-735_G_061.mtx,bfp4_lb,bfp4_lb,controlled_lossy_value_specialized,ok,none,accuracy_pass_runtime_loss,0.0143,0.0133,1.020979,0.643357,,24990,76192,bfp4,bfp4,false,0,0,false,0,spmv_max_rel,SKIP
as-735_G_061.mtx,hybrid_lb,hybrid_lb,structural_hybrid,ok,none,promoted_fallback,0.0103,0.0085,1.417476,0.893204,,95064,,original,raw_double,false,,,1,0,exact_abs_or_rel,SKIP
as-735_G_061.mtx,cusparse_default,cusparse_csr,external_baseline,ok,none,external_baseline,0.0146,0.0123,1.000000,0.630137,,95064,78400,original,original,false,,,true,0,exact_abs_or_rel,SKIP
as-735_G_069.mtx,original_lb,original_lb,load_balanced_traversal,ok,none,promoted_fallback,0.0089,0.0072,1.707865,1.000000,,95144,76136,original,original,false,0,0,true,0,exact_abs_or_rel,SKIP
as-735_G_069.mtx,auto_lossless_lb,all_one_lb,lossless_value_specialized,ok,none,accuracy_pass_runtime_win,0.0086,0.0065,1.767442,1.034884,,0,76136,auto_lossless,all_one,true,1,0,true,0,exact_abs_or_rel,SKIP
as-735_G_069.mtx,fp16_lb,fp16_lb,controlled_lossy_value_specialized,ok,none,accuracy_pass_runtime_loss,0.0097,0.0082,1.567010,0.917526,,23786,76136,fp16,fp16,false,0,0,false,0,spmv_max_rel,SKIP
as-735_G_069.mtx,bf16_lb,bf16_lb,controlled_lossy_value_specialized,ok,none,accuracy_pass_runtime_loss,0.0095,0.0077,1.600000,0.936842,,23786,76136,bf16,bf16,false,0,0,false,0,spmv_max_rel,SKIP
as-735_G_069.mtx,bfp8_lb,bfp8_lb,controlled_lossy_value_specialized,ok,none,accuracy_pass_runtime_loss,0.0092,0.0081,1.652174,0.967391,,30927,76136,bfp8,bfp8,false,0,0,false,0,spmv_max_rel,SKIP
as-735_G_069.mtx,bfp8_outlier_lb,bfp8_outlier_lb,controlled_lossy_value_specialized,ok,none,accuracy_pass_runtime_loss,0.0090,0.0081,1.688889,0.988889,,30927,76136,bfp8_outlier,bfp8_outlier,false,0,0,false,0,spmv_max_rel,SKIP
as-735_G_069.mtx,bfp4_lb,bfp4_lb,controlled_lossy_value_specialized,ok,none,accuracy_pass_runtime_loss,0.0143,0.0132,1.062937,0.622378,,24981,76136,bfp4,bfp4,false,0,0,false,0,spmv_max_rel,SKIP
as-735_G_069.mtx,hybrid_lb,hybrid_lb,structural_hybrid,ok,none,promoted_fallback,0.0101,0.0078,1.504950,0.881188,,95144,,original,raw_double,false,,,1,0,exact_abs_or_rel,SKIP
as-735_G_069.mtx,cusparse_default,cusparse_csr,external_baseline,ok,none,external_baseline,0.0152,0.0123,1.000000,0.585526,,95144,78440,original,original,false,,,true,0,exact_abs_or_rel,SKIP
as-735_G_077.mtx,original_lb,original_lb,load_balanced_traversal,ok,none,promoted_fallback,0.0085,0.0072,1.705882,1.000000,,96584,77400,original,original,false,0,0,true,0,exact_abs_or_rel,SKIP
as-735_G_077.mtx,auto_lossless_lb,all_one_lb,lossless_value_specialized,ok,none,accuracy_pass_runtime_loss,0.0088,0.0081,1.647727,0.965909,,0,77400,auto_lossless,all_one,true,1,0,true,0,exact_abs_or_rel,SKIP
as-735_G_077.mtx,fp16_lb,fp16_lb,controlled_lossy_value_specialized,ok,none,accuracy_pass_runtime_loss,0.0090,0.0082,1.611111,0.944444,,24146,77400,fp16,fp16,false,0,0,false,0,spmv_max_rel,SKIP
as-735_G_077.mtx,bf16_lb,bf16_lb,controlled_lossy_value_specialized,ok,none,accuracy_pass_runtime_loss,0.0089,0.0084,1.629213,0.955056,,24146,77400,bf16,bf16,false,0,0,false,0,spmv_max_rel,SKIP
as-735_G_077.mtx,bfp8_lb,bfp8_lb,controlled_lossy_value_specialized,ok,none,accuracy_pass_runtime_loss,0.0096,0.0086,1.510417,0.885417,,31423,77400,bfp8,bfp8,false,0,0,false,0,spmv_max_rel,SKIP
as-735_G_077.mtx,bfp8_outlier_lb,bfp8_outlier_lb,controlled_lossy_value_specialized,ok,none,accuracy_pass_runtime_loss,0.0090,0.0086,1.611111,0.944444,,31423,77400,bfp8_outlier,bfp8_outlier,false,0,0,false,0,spmv_max_rel,SKIP
as-735_G_077.mtx,bfp4_lb,bfp4_lb,controlled_lossy_value_specialized,ok,none,accuracy_pass_runtime_loss,0.0145,0.0131,1.000000,0.586207,,25387,77400,bfp4,bfp4,false,0,0,false,0,spmv_max_rel,SKIP
as-735_G_077.mtx,hybrid_lb,hybrid_lb,structural_hybrid,ok,none,promoted_fallback,0.0099,0.0077,1.464646,0.858586,,96584,,original,raw_double,false,,,1,0,exact_abs_or_rel,SKIP
as-735_G_077.mtx,cusparse_default,cusparse_csr,external_baseline,ok,none,external_baseline,0.0145,0.0123,1.000000,0.586207,,96584,79160,original,original,false,,,true,0,exact_abs_or_rel,SKIP
as-735_G_085.mtx,original_lb,original_lb,load_balanced_traversal,ok,none,promoted_fallback,0.0092,0.0084,1.619565,1.000000,,98432,78848,original,original,false,0,0,true,0,exact_abs_or_rel,SKIP
as-735_G_085.mtx,auto_lossless_lb,all_one_lb,lossless_value_specialized,ok,none,accuracy_pass_runtime_win,0.0091,0.0075,1.637363,1.010989,,0,78848,auto_lossless,all_one,true,1,0,true,0,exact_abs_or_rel,SKIP
as-735_G_085.mtx,fp16_lb,fp16_lb,controlled_lossy_value_specialized,ok,none,accuracy_pass_runtime_loss,0.0100,0.0082,1.490000,0.920000,,24608,78848,fp16,fp16,false,0,0,false,0,spmv_max_rel,SKIP
as-735_G_085.mtx,bf16_lb,bf16_lb,controlled_lossy_value_specialized,ok,none,accuracy_pass_runtime_loss,0.0096,0.0081,1.552083,0.958333,,24608,78848,bf16,bf16,false,0,0,false,0,spmv_max_rel,SKIP
as-735_G_085.mtx,bfp8_lb,bfp8_lb,controlled_lossy_value_specialized,ok,none,accuracy_pass_runtime_loss,0.0103,0.0092,1.446602,0.893204,,32016,78848,bfp8,bfp8,false,0,0,false,0,spmv_max_rel,SKIP
as-735_G_085.mtx,bfp8_outlier_lb,bfp8_outlier_lb,controlled_lossy_value_specialized,ok,none,accuracy_pass_runtime_loss,0.0110,0.0094,1.354545,0.836364,,32016,78848,bfp8_outlier,bfp8_outlier,false,0,0,false,0,spmv_max_rel,SKIP
as-735_G_085.mtx,bfp4_lb,bfp4_lb,controlled_lossy_value_specialized,ok,none,accuracy_pass_runtime_loss,0.0133,0.0126,1.120301,0.691729,,25864,78848,bfp4,bfp4,false,0,0,false,0,spmv_max_rel,SKIP
as-735_G_085.mtx,hybrid_lb,hybrid_lb,structural_hybrid,ok,none,promoted_fallback,0.0096,0.0084,1.552083,0.958333,,98432,,original,raw_double,false,,,1,0,exact_abs_or_rel,SKIP
as-735_G_085.mtx,cusparse_default,cusparse_csr,external_baseline,ok,none,external_baseline,0.0149,0.0123,1.000000,0.617450,,98432,80084,original,original,false,,,true,0,exact_abs_or_rel,SKIP
as-735_G_093.mtx,original_lb,original_lb,load_balanced_traversal,ok,none,promoted_fallback,0.0093,0.0076,1.559140,1.000000,,99168,79312,original,original,false,0,0,true,0,exact_abs_or_rel,SKIP
as-735_G_093.mtx,auto_lossless_lb,all_one_lb,lossless_value_specialized,ok,none,accuracy_pass_runtime_loss,0.0094,0.0082,1.542553,0.989362,,0,79312,auto_lossless,all_one,true,1,0,true,0,exact_abs_or_rel,SKIP
as-735_G_093.mtx,fp16_lb,fp16_lb,controlled_lossy_value_specialized,ok,none,accuracy_pass_runtime_loss,0.0097,0.0092,1.494845,0.958763,,24792,79312,fp16,fp16,false,0,0,false,0,spmv_max_rel,SKIP
as-735_G_093.mtx,bf16_lb,bf16_lb,controlled_lossy_value_specialized,ok,none,accuracy_pass_runtime_loss,0.0102,0.0086,1.421569,0.911765,,24792,79312,bf16,bf16,false,0,0,false,0,spmv_max_rel,SKIP
as-735_G_093.mtx,bfp8_lb,bfp8_lb,controlled_lossy_value_specialized,ok,none,accuracy_pass_runtime_loss,0.0098,0.0091,1.479592,0.948980,,32224,79312,bfp8,bfp8,false,0,0,false,0,spmv_max_rel,SKIP
as-735_G_093.mtx,bfp8_outlier_lb,bfp8_outlier_lb,controlled_lossy_value_specialized,ok,none,accuracy_pass_runtime_loss,0.0100,0.0092,1.450000,0.930000,,32224,79312,bfp8_outlier,bfp8_outlier,false,0,0,false,0,spmv_max_rel,SKIP
as-735_G_093.mtx,bfp4_lb,bfp4_lb,controlled_lossy_value_specialized,ok,none,accuracy_pass_runtime_loss,0.0135,0.0126,1.074074,0.688889,,26026,79312,bfp4,bfp4,false,0,0,false,0,spmv_max_rel,SKIP
as-735_G_093.mtx,hybrid_lb,hybrid_lb,structural_hybrid,ok,none,promoted_fallback,0.0095,0.0079,1.526316,0.978947,,99168,,original,raw_double,false,,,1,0,exact_abs_or_rel,SKIP
as-735_G_093.mtx,cusparse_default,cusparse_csr,external_baseline,ok,none,external_baseline,0.0145,0.0123,1.000000,0.641379,,99168,80452,original,original,false,,,true,0,exact_abs_or_rel,SKIP
as-735_G_101.mtx,original_lb,original_lb,load_balanced_traversal,ok,none,promoted_fallback,0.0096,0.0078,1.583333,1.000000,,100040,79944,original,original,false,0,0,true,0,exact_abs_or_rel,SKIP
as-735_G_101.mtx,auto_lossless_lb,all_one_lb,lossless_value_specialized,ok,none,accuracy_pass_runtime_win,0.0093,0.0070,1.634409,1.032258,,0,79944,auto_lossless,all_one,true,1,0,true,0,exact_abs_or_rel,SKIP
as-735_G_101.mtx,fp16_lb,fp16_lb,controlled_lossy_value_specialized,ok,none,accuracy_pass_runtime_win,0.0095,0.0071,1.600000,1.010526,,25010,79944,fp16,fp16,false,0,0,false,0,spmv_max_rel,SKIP
as-735_G_101.mtx,bf16_lb,bf16_lb,controlled_lossy_value_specialized,ok,none,accuracy_pass_runtime_win,0.0089,0.0073,1.707865,1.078652,,25010,79944,bf16,bf16,false,0,0,false,0,spmv_max_rel,SKIP
as-735_G_101.mtx,bfp8_lb,bfp8_lb,controlled_lossy_value_specialized,ok,none,accuracy_pass_runtime_loss,0.0107,0.0096,1.420561,0.897196,,32491,79944,bfp8,bfp8,false,0,0,false,0,spmv_max_rel,SKIP
as-735_G_101.mtx,bfp8_outlier_lb,bfp8_outlier_lb,controlled_lossy_value_specialized,ok,none,accuracy_pass_runtime_loss,0.0096,0.0087,1.583333,1.000000,,32491,79944,bfp8_outlier,bfp8_outlier,false,0,0,false,0,spmv_max_rel,SKIP
as-735_G_101.mtx,bfp4_lb,bfp4_lb,controlled_lossy_value_specialized,ok,none,accuracy_pass_runtime_loss,0.0147,0.0133,1.034014,0.653061,,26239,79944,bfp4,bfp4,false,0,0,false,0,spmv_max_rel,SKIP
as-735_G_101.mtx,hybrid_lb,hybrid_lb,structural_hybrid,ok,none,promoted_fallback,0.0101,0.0087,1.504950,0.950495,,100040,,original,raw_double,false,,,1,0,exact_abs_or_rel,SKIP
as-735_G_101.mtx,cusparse_default,cusparse_csr,external_baseline,ok,none,external_baseline,0.0152,0.0123,1.000000,0.631579,,100040,80888,original,original,false,,,true,0,exact_abs_or_rel,SKIP
as-735_G_109.mtx,original_lb,original_lb,load_balanced_traversal,ok,none,promoted_fallback,0.0081,0.0070,1.777778,1.000000,,101368,80944,original,original,false,0,0,true,0,exact_abs_or_rel,SKIP
as-735_G_109.mtx,auto_lossless_lb,all_one_lb,lossless_value_specialized,ok,none,accuracy_pass_runtime_loss,0.0083,0.0064,1.734940,0.975904,,0,80944,auto_lossless,all_one,true,1,0,true,0,exact_abs_or_rel,SKIP
as-735_G_109.mtx,fp16_lb,fp16_lb,controlled_lossy_value_specialized,ok,none,accuracy_pass_runtime_loss,0.0091,0.0076,1.582418,0.890110,,25342,80944,fp16,fp16,false,0,0,false,0,spmv_max_rel,SKIP
as-735_G_109.mtx,bf16_lb,bf16_lb,controlled_lossy_value_specialized,ok,none,accuracy_pass_runtime_loss,0.0094,0.0076,1.531915,0.861702,,25342,80944,bf16,bf16,false,0,0,false,0,spmv_max_rel,SKIP
as-735_G_109.mtx,bfp8_lb,bfp8_lb,controlled_lossy_value_specialized,ok,none,accuracy_pass_runtime_loss,0.0093,0.0086,1.548387,0.870968,,32907,80944,bfp8,bfp8,false,0,0,false,0,spmv_max_rel,SKIP
as-735_G_109.mtx,bfp8_outlier_lb,bfp8_outlier_lb,controlled_lossy_value_specialized,ok,none,accuracy_pass_runtime_loss,0.0093,0.0086,1.548387,0.870968,,32907,80944,bfp8_outlier,bfp8_outlier,false,0,0,false,0,spmv_max_rel,SKIP
as-735_G_109.mtx,bfp4_lb,bfp4_lb,controlled_lossy_value_specialized,ok,none,accuracy_pass_runtime_loss,0.0136,0.0127,1.058824,0.595588,,26572,80944,bfp4,bfp4,false,0,0,false,0,spmv_max_rel,SKIP
as-735_G_109.mtx,hybrid_lb,hybrid_lb,structural_hybrid,ok,none,promoted_fallback,0.0102,0.0083,1.411765,0.794118,,101368,,original,raw_double,false,,,1,0,exact_abs_or_rel,SKIP
as-735_G_109.mtx,cusparse_default,cusparse_csr,external_baseline,ok,none,external_baseline,0.0144,0.0123,1.000000,0.562500,,101368,81552,original,original,false,,,true,0,exact_abs_or_rel,SKIP
as-735_G_117.mtx,original_lb,original_lb,load_balanced_traversal,ok,none,promoted_fallback,0.0087,0.0066,1.655172,1.000000,,102120,81872,original,original,false,0,0,true,0,exact_abs_or_rel,SKIP
as-735_G_117.mtx,auto_lossless_lb,all_one_lb,lossless_value_specialized,ok,none,accuracy_pass_runtime_win,0.0085,0.0071,1.694118,1.023529,,0,81872,auto_lossless,all_one,true,1,0,true,0,exact_abs_or_rel,SKIP
as-735_G_117.mtx,fp16_lb,fp16_lb,controlled_lossy_value_specialized,ok,none,accuracy_pass_runtime_loss,0.0089,0.0078,1.617978,0.977528,,25530,81872,fp16,fp16,false,0,0,false,0,spmv_max_rel,SKIP
as-735_G_117.mtx,bf16_lb,bf16_lb,controlled_lossy_value_specialized,ok,none,accuracy_pass_runtime_loss,0.0092,0.0072,1.565217,0.945652,,25530,81872,bf16,bf16,false,0,0,false,0,spmv_max_rel,SKIP
as-735_G_117.mtx,bfp8_lb,bfp8_lb,controlled_lossy_value_specialized,ok,none,accuracy_pass_runtime_loss,0.0094,0.0086,1.531915,0.925532,,33233,81872,bfp8,bfp8,false,0,0,false,0,spmv_max_rel,SKIP
as-735_G_117.mtx,bfp8_outlier_lb,bfp8_outlier_lb,controlled_lossy_value_specialized,ok,none,accuracy_pass_runtime_loss,0.0094,0.0084,1.531915,0.925532,,33233,81872,bfp8_outlier,bfp8_outlier,false,0,0,false,0,spmv_max_rel,SKIP
as-735_G_117.mtx,bfp4_lb,bfp4_lb,controlled_lossy_value_specialized,ok,none,accuracy_pass_runtime_loss,0.0132,0.0120,1.090909,0.659091,,26851,81872,bfp4,bfp4,false,0,0,false,0,spmv_max_rel,SKIP
as-735_G_117.mtx,hybrid_lb,hybrid_lb,structural_hybrid,ok,none,promoted_fallback,0.0097,0.0076,1.484536,0.896907,,102120,,original,raw_double,false,,,1,0,exact_abs_or_rel,SKIP
as-735_G_117.mtx,cusparse_default,cusparse_csr,external_baseline,ok,none,external_baseline,0.0144,0.0123,1.000000,0.604167,,102120,81928,original,original,false,,,true,0,exact_abs_or_rel,SKIP
as-735_G_125.mtx,original_lb,original_lb,load_balanced_traversal,ok,none,promoted_fallback,0.0092,0.0076,1.630435,1.000000,,102056,81672,original,original,false,0,0,true,0,exact_abs_or_rel,SKIP
as-735_G_125.mtx,auto_lossless_lb,all_one_lb,lossless_value_specialized,ok,none,accuracy_pass_runtime_win,0.0074,0.0058,2.027027,1.243243,,0,81672,auto_lossless,all_one,true,1,0,true,0,exact_abs_or_rel,SKIP
as-735_G_125.mtx,fp16_lb,fp16_lb,controlled_lossy_value_specialized,ok,none,accuracy_pass_runtime_loss,0.0094,0.0076,1.595745,0.978723,,25514,81672,fp16,fp16,false,0,0,false,0,spmv_max_rel,SKIP
as-735_G_125.mtx,bf16_lb,bf16_lb,controlled_lossy_value_specialized,ok,none,accuracy_pass_runtime_loss,0.0092,0.0076,1.630435,1.000000,,25514,81672,bf16,bf16,false,0,0,false,0,spmv_max_rel,SKIP
as-735_G_125.mtx,bfp8_lb,bfp8_lb,controlled_lossy_value_specialized,ok,none,accuracy_pass_runtime_loss,0.0092,0.0084,1.630435,1.000000,,33175,81672,bfp8,bfp8,false,0,0,false,0,spmv_max_rel,SKIP
as-735_G_125.mtx,bfp8_outlier_lb,bfp8_outlier_lb,controlled_lossy_value_specialized,ok,none,accuracy_pass_runtime_loss,0.0094,0.0085,1.595745,0.978723,,33175,81672,bfp8_outlier,bfp8_outlier,false,0,0,false,0,spmv_max_rel,SKIP
as-735_G_125.mtx,bfp4_lb,bfp4_lb,controlled_lossy_value_specialized,ok,none,accuracy_pass_runtime_loss,0.0138,0.0131,1.086957,0.666667,,26797,81672,bfp4,bfp4,false,0,0,false,0,spmv_max_rel,SKIP
as-735_G_125.mtx,hybrid_lb,hybrid_lb,structural_hybrid,ok,none,promoted_fallback,0.0094,0.0084,1.595745,0.978723,,102056,,original,raw_double,false,,,1,0,exact_abs_or_rel,SKIP
as-735_G_125.mtx,cusparse_default,cusparse_csr,external_baseline,ok,none,external_baseline,0.0150,0.0123,1.000000,0.613333,,102056,81896,original,original,false,,,true,0,exact_abs_or_rel,SKIP
as-735_G_133.mtx,original_lb,original_lb,load_balanced_traversal,ok,none,promoted_fallback,0.0090,0.0072,1.655556,1.000000,,103336,82640,original,original,false,0,0,true,0,exact_abs_or_rel,SKIP
as-735_G_133.mtx,auto_lossless_lb,all_one_lb,lossless_value_specialized,ok,none,accuracy_pass_runtime_loss,0.0090,0.0073,1.655556,1.000000,,0,82640,auto_lossless,all_one,true,1,0,true,0,exact_abs_or_rel,SKIP
as-735_G_133.mtx,fp16_lb,fp16_lb,controlled_lossy_value_specialized,ok,none,accuracy_pass_runtime_loss,0.0099,0.0080,1.505051,0.909091,,25834,82640,fp16,fp16,false,0,0,false,0,spmv_max_rel,SKIP
as-735_G_133.mtx,bf16_lb,bf16_lb,controlled_lossy_value_specialized,ok,none,accuracy_pass_runtime_loss,0.0099,0.0080,1.505051,0.909091,,25834,82640,bf16,bf16,false,0,0,false,0,spmv_max_rel,SKIP
as-735_G_133.mtx,bfp8_lb,bfp8_lb,controlled_lossy_value_specialized,ok,none,accuracy_pass_runtime_loss,0.0102,0.0092,1.460784,0.882353,,33577,82640,bfp8,bfp8,false,0,0,false,0,spmv_max_rel,SKIP
as-735_G_133.mtx,bfp8_outlier_lb,bfp8_outlier_lb,controlled_lossy_value_specialized,ok,none,accuracy_pass_runtime_loss,0.0104,0.0091,1.432692,0.865385,,33577,82640,bfp8_outlier,bfp8_outlier,false,0,0,false,0,spmv_max_rel,SKIP
as-735_G_133.mtx,bfp4_lb,bfp4_lb,controlled_lossy_value_specialized,ok,none,accuracy_pass_runtime_loss,0.0135,0.0125,1.103704,0.666667,,27119,82640,bfp4,bfp4,false,0,0,false,0,spmv_max_rel,SKIP
as-735_G_133.mtx,hybrid_lb,hybrid_lb,structural_hybrid,ok,none,promoted_fallback,0.0093,0.0084,1.602151,0.967742,,103336,,original,raw_double,false,,,1,0,exact_abs_or_rel,SKIP
as-735_G_133.mtx,cusparse_default,cusparse_csr,external_baseline,ok,none,external_baseline,0.0149,0.0123,1.000000,0.604027,,103336,82536,original,original,false,,,true,0,exact_abs_or_rel,SKIP
as-735_G_141.mtx,original_lb,original_lb,load_balanced_traversal,ok,none,promoted_fallback,0.0097,0.0078,1.556701,1.000000,,105336,84144,original,original,false,0,0,true,0,exact_abs_or_rel,SKIP
as-735_G_141.mtx,auto_lossless_lb,all_one_lb,lossless_value_specialized,ok,none,accuracy_pass_runtime_win,0.0082,0.0064,1.841463,1.182927,,0,84144,auto_lossless,all_one,true,1,0,true,0,exact_abs_or_rel,SKIP
as-735_G_141.mtx,fp16_lb,fp16_lb,controlled_lossy_value_specialized,ok,none,accuracy_pass_runtime_win,0.0094,0.0091,1.606383,1.031915,,26334,84144,fp16,fp16,false,0,0,false,0,spmv_max_rel,SKIP
as-735_G_141.mtx,bf16_lb,bf16_lb,controlled_lossy_value_specialized,ok,none,accuracy_pass_runtime_win,0.0093,0.0087,1.623656,1.043011,,26334,84144,bf16,bf16,false,0,0,false,0,spmv_max_rel,SKIP
as-735_G_141.mtx,bfp8_lb,bfp8_lb,controlled_lossy_value_specialized,ok,none,accuracy_pass_runtime_win,0.0095,0.0083,1.589474,1.021053,,34203,84144,bfp8,bfp8,false,0,0,false,0,spmv_max_rel,SKIP
as-735_G_141.mtx,bfp8_outlier_lb,bfp8_outlier_lb,controlled_lossy_value_specialized,ok,none,accuracy_pass_runtime_win,0.0089,0.0077,1.696629,1.089888,,34203,84144,bfp8_outlier,bfp8_outlier,false,0,0,false,0,spmv_max_rel,SKIP
as-735_G_141.mtx,bfp4_lb,bfp4_lb,controlled_lossy_value_specialized,ok,none,accuracy_pass_runtime_loss,0.0141,0.0132,1.070922,0.687943,,27620,84144,bfp4,bfp4,false,0,0,false,0,spmv_max_rel,SKIP
as-735_G_141.mtx,hybrid_lb,hybrid_lb,structural_hybrid,ok,none,promoted_fallback,0.0101,0.0092,1.495050,0.960396,,105336,,original,raw_double,false,,,1,0,exact_abs_or_rel,SKIP
as-735_G_141.mtx,cusparse_default,cusparse_csr,external_baseline,ok,none,external_baseline,0.0151,0.0123,1.000000,0.642384,,105336,83536,original,original,false,,,true,0,exact_abs_or_rel,SKIP
as-735_G_149.mtx,original_lb,original_lb,load_balanced_traversal,ok,none,promoted_fallback,0.0089,0.0073,1.707865,1.000000,,98624,79008,original,original,false,0,0,true,0,exact_abs_or_rel,SKIP
as-735_G_149.mtx,auto_lossless_lb,all_one_lb,lossless_value_specialized,ok,none,accuracy_pass_runtime_loss,0.0095,0.0074,1.600000,0.936842,,0,79008,auto_lossless,all_one,true,1,0,true,0,exact_abs_or_rel,SKIP
as-735_G_149.mtx,fp16_lb,fp16_lb,controlled_lossy_value_specialized,ok,none,accuracy_pass_runtime_loss,0.0095,0.0080,1.600000,0.936842,,24656,79008,fp16,fp16,false,0,0,false,0,spmv_max_rel,SKIP
as-735_G_149.mtx,bf16_lb,bf16_lb,controlled_lossy_value_specialized,ok,none,accuracy_pass_runtime_loss,0.0099,0.0091,1.535354,0.898990,,24656,79008,bf16,bf16,false,0,0,false,0,spmv_max_rel,SKIP
as-735_G_149.mtx,bfp8_lb,bfp8_lb,controlled_lossy_value_specialized,ok,none,accuracy_pass_runtime_loss,0.0107,0.0090,1.420561,0.831776,,32080,79008,bfp8,bfp8,false,0,0,false,0,spmv_max_rel,SKIP
as-735_G_149.mtx,bfp8_outlier_lb,bfp8_outlier_lb,controlled_lossy_value_specialized,ok,none,accuracy_pass_runtime_loss,0.0106,0.0090,1.433962,0.839623,,32080,79008,bfp8_outlier,bfp8_outlier,false,0,0,false,0,spmv_max_rel,SKIP
as-735_G_149.mtx,bfp4_lb,bfp4_lb,controlled_lossy_value_specialized,ok,none,accuracy_pass_runtime_loss,0.0130,0.0124,1.169231,0.684615,,25916,79008,bfp4,bfp4,false,0,0,false,0,spmv_max_rel,SKIP
as-735_G_149.mtx,hybrid_lb,hybrid_lb,structural_hybrid,ok,none,promoted_fallback,0.0095,0.0091,1.600000,0.936842,,98624,,original,raw_double,false,,,1,0,exact_abs_or_rel,SKIP
as-735_G_149.mtx,cusparse_default,cusparse_csr,external_baseline,ok,none,external_baseline,0.0152,0.0123,1.000000,0.585526,,98624,80180,original,original,false,,,true,0,exact_abs_or_rel,SKIP
as-735_G_157.mtx,original_lb,original_lb,load_balanced_traversal,ok,none,promoted_fallback,0.0098,0.0078,1.530612,1.000000,,108024,86272,original,original,false,0,0,true,0,exact_abs_or_rel,SKIP
as-735_G_157.mtx,auto_lossless_lb,all_one_lb,lossless_value_specialized,ok,none,accuracy_pass_runtime_win,0.0094,0.0069,1.595745,1.042553,,0,86272,auto_lossless,all_one,true,1,0,true,0,exact_abs_or_rel,SKIP
as-735_G_157.mtx,fp16_lb,fp16_lb,controlled_lossy_value_specialized,ok,none,accuracy_pass_runtime_win,0.0096,0.0087,1.562500,1.020833,,27006,86272,fp16,fp16,false,0,0,false,0,spmv_max_rel,SKIP
as-735_G_157.mtx,bf16_lb,bf16_lb,controlled_lossy_value_specialized,ok,none,accuracy_pass_runtime_loss,0.0098,0.0084,1.530612,1.000000,,27006,86272,bf16,bf16,false,0,0,false,0,spmv_max_rel,SKIP
as-735_G_157.mtx,bfp8_lb,bfp8_lb,controlled_lossy_value_specialized,ok,none,accuracy_pass_runtime_loss,0.0104,0.0096,1.442308,0.942308,,35071,86272,bfp8,bfp8,false,0,0,false,0,spmv_max_rel,SKIP
as-735_G_157.mtx,bfp8_outlier_lb,bfp8_outlier_lb,controlled_lossy_value_specialized,ok,none,accuracy_pass_runtime_loss,0.0102,0.0093,1.470588,0.960784,,35071,86272,bfp8_outlier,bfp8_outlier,false,0,0,false,0,spmv_max_rel,SKIP
as-735_G_157.mtx,bfp4_lb,bfp4_lb,controlled_lossy_value_specialized,ok,none,accuracy_pass_runtime_loss,0.0132,0.0125,1.136364,0.742424,,28320,86272,bfp4,bfp4,false,0,0,false,0,spmv_max_rel,SKIP
as-735_G_157.mtx,hybrid_lb,hybrid_lb,structural_hybrid,ok,none,promoted_fallback,0.0098,0.0084,1.530612,1.000000,,108024,,original,raw_double,false,,,1,0,exact_abs_or_rel,SKIP
as-735_G_157.mtx,cusparse_default,cusparse_csr,external_baseline,ok,none,external_baseline,0.0150,0.0123,1.000000,0.653333,,108024,84880,original,original,false,,,true,0,exact_abs_or_rel,SKIP
as-735_G_165.mtx,original_lb,original_lb,load_balanced_traversal,ok,none,promoted_fallback,0.0093,0.0074,1.645161,1.000000,,109328,87352,original,original,false,0,0,true,0,exact_abs_or_rel,SKIP
as-735_G_165.mtx,auto_lossless_lb,all_one_lb,lossless_value_specialized,ok,none,accuracy_pass_runtime_win,0.0085,0.0071,1.800000,1.094118,,0,87352,auto_lossless,all_one,true,1,0,true,0,exact_abs_or_rel,SKIP
as-735_G_165.mtx,fp16_lb,fp16_lb,controlled_lossy_value_specialized,ok,none,accuracy_pass_runtime_win,0.0091,0.0079,1.681319,1.021978,,27332,87352,fp16,fp16,false,0,0,false,0,spmv_max_rel,SKIP
as-735_G_165.mtx,bf16_lb,bf16_lb,controlled_lossy_value_specialized,ok,none,accuracy_pass_runtime_loss,0.0097,0.0080,1.577320,0.958763,,27332,87352,bf16,bf16,false,0,0,false,0,spmv_max_rel,SKIP
as-735_G_165.mtx,bfp8_lb,bfp8_lb,controlled_lossy_value_specialized,ok,none,accuracy_pass_runtime_loss,0.0098,0.0090,1.561224,0.948980,,35504,87352,bfp8,bfp8,false,0,0,false,0,spmv_max_rel,SKIP
as-735_G_165.mtx,bfp8_outlier_lb,bfp8_outlier_lb,controlled_lossy_value_specialized,ok,none,accuracy_pass_runtime_loss,0.0098,0.0089,1.561224,0.948980,,35504,87352,bfp8_outlier,bfp8_outlier,false,0,0,false,0,spmv_max_rel,SKIP
as-735_G_165.mtx,bfp4_lb,bfp4_lb,controlled_lossy_value_specialized,ok,none,accuracy_pass_runtime_loss,0.0137,0.0129,1.116788,0.678832,,28671,87352,bfp4,bfp4,false,0,0,false,0,spmv_max_rel,SKIP
as-735_G_165.mtx,hybrid_lb,hybrid_lb,structural_hybrid,ok,none,promoted_fallback,0.0103,0.0087,1.485437,0.902913,,109328,,original,raw_double,false,,,1,0,exact_abs_or_rel,SKIP
as-735_G_165.mtx,cusparse_default,cusparse_csr,external_baseline,ok,none,external_baseline,0.0153,0.0123,1.000000,0.607843,,109328,85532,original,original,false,,,true,0,exact_abs_or_rel,SKIP
as-735_G_173.mtx,original_lb,original_lb,load_balanced_traversal,ok,none,promoted_fallback,0.0091,0.0079,1.692308,1.000000,,110144,88352,original,original,false,0,0,true,0,exact_abs_or_rel,SKIP
as-735_G_173.mtx,auto_lossless_lb,all_one_lb,lossless_value_specialized,ok,none,accuracy_pass_runtime_win,0.0088,0.0060,1.750000,1.034091,,0,88352,auto_lossless,all_one,true,1,0,true,0,exact_abs_or_rel,SKIP
as-735_G_173.mtx,fp16_lb,fp16_lb,controlled_lossy_value_specialized,ok,none,accuracy_pass_runtime_loss,0.0096,0.0091,1.604167,0.947917,,27536,88352,fp16,fp16,false,0,0,false,0,spmv_max_rel,SKIP
as-735_G_173.mtx,bf16_lb,bf16_lb,controlled_lossy_value_specialized,ok,none,accuracy_pass_runtime_loss,0.0097,0.0091,1.587629,0.938144,,27536,88352,bf16,bf16,false,0,0,false,0,spmv_max_rel,SKIP
as-735_G_173.mtx,bfp8_lb,bfp8_lb,controlled_lossy_value_specialized,ok,none,accuracy_pass_runtime_loss,0.0097,0.0089,1.587629,0.938144,,35856,88352,bfp8,bfp8,false,0,0,false,0,spmv_max_rel,SKIP
as-735_G_173.mtx,bfp8_outlier_lb,bfp8_outlier_lb,controlled_lossy_value_specialized,ok,none,accuracy_pass_runtime_loss,0.0097,0.0090,1.587629,0.938144,,35856,88352,bfp8_outlier,bfp8_outlier,false,0,0,false,0,spmv_max_rel,SKIP
as-735_G_173.mtx,bfp4_lb,bfp4_lb,controlled_lossy_value_specialized,ok,none,accuracy_pass_runtime_loss,0.0135,0.0123,1.140741,0.674074,,28972,88352,bfp4,bfp4,false,0,0,false,0,spmv_max_rel,SKIP
as-735_G_173.mtx,hybrid_lb,hybrid_lb,structural_hybrid,ok,none,promoted_fallback,0.0105,0.0092,1.466667,0.866667,,110144,,original,raw_double,false,,,1,0,exact_abs_or_rel,SKIP
as-735_G_173.mtx,cusparse_default,cusparse_csr,external_baseline,ok,none,external_baseline,0.0154,0.0123,1.000000,0.590909,,110144,85940,original,original,false,,,true,0,exact_abs_or_rel,SKIP
as-735_G_181.mtx,original_lb,original_lb,load_balanced_traversal,ok,none,promoted_fallback,0.0087,0.0071,1.712644,1.000000,,110584,88776,original,original,false,0,0,true,0,exact_abs_or_rel,SKIP
as-735_G_181.mtx,auto_lossless_lb,all_one_lb,lossless_value_specialized,ok,none,accuracy_pass_runtime_win,0.0085,0.0070,1.752941,1.023529,,0,88776,auto_lossless,all_one,true,1,0,true,0,exact_abs_or_rel,SKIP
as-735_G_181.mtx,fp16_lb,fp16_lb,controlled_lossy_value_specialized,ok,none,accuracy_pass_runtime_loss,0.0097,0.0089,1.536082,0.896907,,27646,88776,fp16,fp16,false,0,0,false,0,spmv_max_rel,SKIP
as-735_G_181.mtx,bf16_lb,bf16_lb,controlled_lossy_value_specialized,ok,none,accuracy_pass_runtime_loss,0.0100,0.0084,1.490000,0.870000,,27646,88776,bf16,bf16,false,0,0,false,0,spmv_max_rel,SKIP
as-735_G_181.mtx,bfp8_lb,bfp8_lb,controlled_lossy_value_specialized,ok,none,accuracy_pass_runtime_loss,0.0090,0.0084,1.655556,0.966667,,36017,88776,bfp8,bfp8,false,0,0,false,0,spmv_max_rel,SKIP
as-735_G_181.mtx,bfp8_outlier_lb,bfp8_outlier_lb,controlled_lossy_value_specialized,ok,none,accuracy_pass_runtime_loss,0.0092,0.0085,1.619565,0.945652,,36017,88776,bfp8_outlier,bfp8_outlier,false,0,0,false,0,spmv_max_rel,SKIP
as-735_G_181.mtx,bfp4_lb,bfp4_lb,controlled_lossy_value_specialized,ok,none,accuracy_pass_runtime_loss,0.0146,0.0133,1.020548,0.595890,,29106,88776,bfp4,bfp4,false,0,0,false,0,spmv_max_rel,SKIP
as-735_G_181.mtx,hybrid_lb,hybrid_lb,structural_hybrid,ok,none,promoted_fallback,0.0095,0.0084,1.568421,0.915789,,110584,,original,raw_double,false,,,1,0,exact_abs_or_rel,SKIP
as-735_G_181.mtx,cusparse_default,cusparse_csr,external_baseline,ok,none,external_baseline,0.0149,0.0123,1.000000,0.583893,,110584,86160,original,original,false,,,true,0,exact_abs_or_rel,SKIP
as-735_G_189.mtx,original_lb,original_lb,load_balanced_traversal,ok,none,promoted_fallback,0.0079,0.0068,1.936709,1.000000,,111472,89328,original,original,false,0,0,true,0,exact_abs_or_rel,SKIP
as-735_G_189.mtx,auto_lossless_lb,all_one_lb,lossless_value_specialized,ok,none,accuracy_pass_runtime_loss,0.0084,0.0072,1.821429,0.940476,,0,89328,auto_lossless,all_one,true,1,0,true,0,exact_abs_or_rel,SKIP
as-735_G_189.mtx,fp16_lb,fp16_lb,controlled_lossy_value_specialized,ok,none,accuracy_pass_runtime_loss,0.0096,0.0076,1.593750,0.822917,,27868,89328,fp16,fp16,false,0,0,false,0,spmv_max_rel,SKIP
as-735_G_189.mtx,bf16_lb,bf16_lb,controlled_lossy_value_specialized,ok,none,accuracy_pass_runtime_loss,0.0095,0.0075,1.610526,0.831579,,27868,89328,bf16,bf16,false,0,0,false,0,spmv_max_rel,SKIP
as-735_G_189.mtx,bfp8_lb,bfp8_lb,controlled_lossy_value_specialized,ok,none,accuracy_pass_runtime_loss,0.0096,0.0085,1.593750,0.822917,,36266,89328,bfp8,bfp8,false,0,0,false,0,spmv_max_rel,SKIP
as-735_G_189.mtx,bfp8_outlier_lb,bfp8_outlier_lb,controlled_lossy_value_specialized,ok,none,accuracy_pass_runtime_loss,0.0102,0.0087,1.500000,0.774510,,36266,89328,bfp8_outlier,bfp8_outlier,false,0,0,false,0,spmv_max_rel,SKIP
as-735_G_189.mtx,bfp4_lb,bfp4_lb,controlled_lossy_value_specialized,ok,none,accuracy_pass_runtime_loss,0.0143,0.0132,1.069930,0.552448,,29299,89328,bfp4,bfp4,false,0,0,false,0,spmv_max_rel,SKIP
as-735_G_189.mtx,hybrid_lb,hybrid_lb,structural_hybrid,ok,none,promoted_fallback,0.0094,0.0079,1.627660,0.840426,,111472,,original,raw_double,false,,,1,0,exact_abs_or_rel,SKIP
as-735_G_189.mtx,cusparse_default,cusparse_csr,external_baseline,ok,none,external_baseline,0.0153,0.0123,1.000000,0.516340,,111472,86604,original,original,false,,,true,0,exact_abs_or_rel,SKIP
as-735_G_197.mtx,original_lb,original_lb,load_balanced_traversal,ok,none,promoted_fallback,0.0086,0.0075,1.813953,1.000000,,112536,90352,original,original,false,0,0,true,0,exact_abs_or_rel,SKIP
as-735_G_197.mtx,auto_lossless_lb,all_one_lb,lossless_value_specialized,ok,none,accuracy_pass_runtime_win,0.0084,0.0066,1.857143,1.023810,,0,90352,auto_lossless,all_one,true,1,0,true,0,exact_abs_or_rel,SKIP
as-735_G_197.mtx,fp16_lb,fp16_lb,controlled_lossy_value_specialized,ok,none,accuracy_pass_runtime_loss,0.0092,0.0082,1.695652,0.934783,,28134,90352,fp16,fp16,false,0,0,false,0,spmv_max_rel,SKIP
as-735_G_197.mtx,bf16_lb,bf16_lb,controlled_lossy_value_specialized,ok,none,accuracy_pass_runtime_loss,0.0090,0.0074,1.733333,0.955556,,28134,90352,bf16,bf16,false,0,0,false,0,spmv_max_rel,SKIP
as-735_G_197.mtx,bfp8_lb,bfp8_lb,controlled_lossy_value_specialized,ok,none,accuracy_pass_runtime_loss,0.0094,0.0087,1.659574,0.914894,,36655,90352,bfp8,bfp8,false,0,0,false,0,spmv_max_rel,SKIP
as-735_G_197.mtx,bfp8_outlier_lb,bfp8_outlier_lb,controlled_lossy_value_specialized,ok,none,accuracy_pass_runtime_loss,0.0104,0.0081,1.500000,0.826923,,36655,90352,bfp8_outlier,bfp8_outlier,false,0,0,false,0,spmv_max_rel,SKIP
as-735_G_197.mtx,bfp4_lb,bfp4_lb,controlled_lossy_value_specialized,ok,none,accuracy_pass_runtime_loss,0.0151,0.0137,1.033113,0.569536,,29622,90352,bfp4,bfp4,false,0,0,false,0,spmv_max_rel,SKIP
as-735_G_197.mtx,hybrid_lb,hybrid_lb,structural_hybrid,ok,none,promoted_fallback,0.0099,0.0085,1.575758,0.868687,,112536,,original,raw_double,false,,,1,0,exact_abs_or_rel,SKIP
as-735_G_197.mtx,cusparse_default,cusparse_csr,external_baseline,ok,none,external_baseline,0.0156,0.0123,1.000000,0.551282,,112536,87136,original,original,false,,,true,0,exact_abs_or_rel,SKIP
as-735_G_205.mtx,original_lb,original_lb,load_balanced_traversal,ok,none,promoted_fallback,0.0094,0.0075,1.627660,1.000000,,113112,90936,original,original,false,0,0,true,0,exact_abs_or_rel,SKIP
as-735_G_205.mtx,auto_lossless_lb,all_one_lb,lossless_value_specialized,ok,none,accuracy_pass_runtime_win,0.0079,0.0071,1.936709,1.189873,,0,90936,auto_lossless,all_one,true,1,0,true,0,exact_abs_or_rel,SKIP
as-735_G_205.mtx,fp16_lb,fp16_lb,controlled_lossy_value_specialized,ok,none,accuracy_pass_runtime_win,0.0090,0.0074,1.700000,1.044444,,28278,90936,fp16,fp16,false,0,0,false,0,spmv_max_rel,SKIP
as-735_G_205.mtx,bf16_lb,bf16_lb,controlled_lossy_value_specialized,ok,none,accuracy_pass_runtime_win,0.0088,0.0074,1.738636,1.068182,,28278,90936,bf16,bf16,false,0,0,false,0,spmv_max_rel,SKIP
as-735_G_205.mtx,bfp8_lb,bfp8_lb,controlled_lossy_value_specialized,ok,none,accuracy_pass_runtime_loss,0.0116,0.0110,1.318966,0.810345,,36873,90936,bfp8,bfp8,false,0,0,false,0,spmv_max_rel,SKIP
as-735_G_205.mtx,bfp8_outlier_lb,bfp8_outlier_lb,controlled_lossy_value_specialized,ok,none,accuracy_pass_runtime_loss,0.0105,0.0098,1.457143,0.895238,,36873,90936,bfp8_outlier,bfp8_outlier,false,0,0,false,0,spmv_max_rel,SKIP
as-735_G_205.mtx,bfp4_lb,bfp4_lb,controlled_lossy_value_specialized,ok,none,accuracy_pass_runtime_loss,0.0131,0.0120,1.167939,0.717557,,29804,90936,bfp4,bfp4,false,0,0,false,0,spmv_max_rel,SKIP
as-735_G_205.mtx,hybrid_lb,hybrid_lb,structural_hybrid,ok,none,promoted_fallback,0.0097,0.0084,1.577320,0.969072,,113112,,original,raw_double,false,,,1,0,exact_abs_or_rel,SKIP
as-735_G_205.mtx,cusparse_default,cusparse_csr,external_baseline,ok,none,external_baseline,0.0153,0.0123,1.000000,0.614379,,113112,87424,original,original,false,,,true,0,exact_abs_or_rel,SKIP
as-735_G_213.mtx,original_lb,original_lb,load_balanced_traversal,ok,none,promoted_fallback,0.0094,0.0081,1.638298,1.000000,,111992,90080,original,original,false,0,0,true,0,exact_abs_or_rel,SKIP
as-735_G_213.mtx,auto_lossless_lb,all_one_lb,lossless_value_specialized,ok,none,accuracy_pass_runtime_win,0.0081,0.0066,1.901235,1.160494,,0,90080,auto_lossless,all_one,true,1,0,true,0,exact_abs_or_rel,SKIP
as-735_G_213.mtx,fp16_lb,fp16_lb,controlled_lossy_value_specialized,ok,none,accuracy_pass_runtime_win,0.0089,0.0074,1.730337,1.056180,,27998,90080,fp16,fp16,false,0,0,false,0,spmv_max_rel,SKIP
as-735_G_213.mtx,bf16_lb,bf16_lb,controlled_lossy_value_specialized,ok,none,accuracy_pass_runtime_win,0.0087,0.0068,1.770115,1.080460,,27998,90080,bf16,bf16,false,0,0,false,0,spmv_max_rel,SKIP
as-735_G_213.mtx,bfp8_lb,bfp8_lb,controlled_lossy_value_specialized,ok,none,accuracy_pass_runtime_loss,0.0114,0.0099,1.350877,0.824561,,36519,90080,bfp8,bfp8,false,0,0,false,0,spmv_max_rel,SKIP
as-735_G_213.mtx,bfp8_outlier_lb,bfp8_outlier_lb,controlled_lossy_value_specialized,ok,none,accuracy_pass_runtime_loss,0.0105,0.0092,1.466667,0.895238,,36519,90080,bfp8_outlier,bfp8_outlier,false,0,0,false,0,spmv_max_rel,SKIP
as-735_G_213.mtx,bfp4_lb,bfp4_lb,controlled_lossy_value_specialized,ok,none,accuracy_pass_runtime_loss,0.0150,0.0131,1.026667,0.626667,,29520,90080,bfp4,bfp4,false,0,0,false,0,spmv_max_rel,SKIP
as-735_G_213.mtx,hybrid_lb,hybrid_lb,structural_hybrid,ok,none,promoted_fallback,0.0100,0.0089,1.540000,0.940000,,111992,,original,raw_double,false,,,1,0,exact_abs_or_rel,SKIP
as-735_G_213.mtx,cusparse_default,cusparse_csr,external_baseline,ok,none,external_baseline,0.0154,0.0123,1.000000,0.610390,,111992,86864,original,original,false,,,true,0,exact_abs_or_rel,SKIP
as-735_G_221.mtx,original_lb,original_lb,load_balanced_traversal,ok,none,promoted_fallback,0.0096,0.0077,1.625000,1.000000,,114344,92016,original,original,false,0,0,true,0,exact_abs_or_rel,SKIP
as-735_G_221.mtx,auto_lossless_lb,all_one_lb,lossless_value_specialized,ok,none,accuracy_pass_runtime_loss,0.0097,0.0078,1.608247,0.989691,,0,92016,auto_lossless,all_one,true,1,0,true,0,exact_abs_or_rel,SKIP
as-735_G_221.mtx,fp16_lb,fp16_lb,controlled_lossy_value_specialized,ok,none,accuracy_pass_runtime_loss,0.0099,0.0081,1.575758,0.969697,,28586,92016,fp16,fp16,false,0,0,false,0,spmv_max_rel,SKIP
as-735_G_221.mtx,bf16_lb,bf16_lb,controlled_lossy_value_specialized,ok,none,accuracy_pass_runtime_loss,0.0100,0.0081,1.560000,0.960000,,28586,92016,bf16,bf16,false,0,0,false,0,spmv_max_rel,SKIP
as-735_G_221.mtx,bfp8_lb,bfp8_lb,controlled_lossy_value_specialized,ok,none,accuracy_pass_runtime_loss,0.0109,0.0091,1.431193,0.880734,,37297,92016,bfp8,bfp8,false,0,0,false,0,spmv_max_rel,SKIP
as-735_G_221.mtx,bfp8_outlier_lb,bfp8_outlier_lb,controlled_lossy_value_specialized,ok,none,accuracy_pass_runtime_loss,0.0102,0.0092,1.529412,0.941176,,37297,92016,bfp8_outlier,bfp8_outlier,false,0,0,false,0,spmv_max_rel,SKIP
as-735_G_221.mtx,bfp4_lb,bfp4_lb,controlled_lossy_value_specialized,ok,none,accuracy_pass_runtime_loss,0.0137,0.0126,1.138686,0.700730,,30151,92016,bfp4,bfp4,false,0,0,false,0,spmv_max_rel,SKIP
as-735_G_221.mtx,hybrid_lb,hybrid_lb,structural_hybrid,ok,none,promoted_fallback,0.0097,0.0075,1.608247,0.989691,,114344,,original,raw_double,false,,,1,0,exact_abs_or_rel,SKIP
as-735_G_221.mtx,cusparse_default,cusparse_csr,external_baseline,ok,none,external_baseline,0.0156,0.0123,1.000000,0.615385,,114344,88040,original,original,false,,,true,0,exact_abs_or_rel,SKIP
as-735_G_229.mtx,original_lb,original_lb,load_balanced_traversal,ok,none,promoted_fallback,0.0095,0.0087,1.600000,1.000000,,115632,93040,original,original,false,0,0,true,0,exact_abs_or_rel,SKIP
as-735_G_229.mtx,auto_lossless_lb,all_one_lb,lossless_value_specialized,ok,none,accuracy_pass_runtime_win,0.0092,0.0086,1.652174,1.032609,,0,93040,auto_lossless,all_one,true,1,0,true,0,exact_abs_or_rel,SKIP
as-735_G_229.mtx,fp16_lb,fp16_lb,controlled_lossy_value_specialized,ok,none,accuracy_pass_runtime_loss,0.0100,0.0093,1.520000,0.950000,,28908,93040,fp16,fp16,false,0,0,false,0,spmv_max_rel,SKIP
as-735_G_229.mtx,bf16_lb,bf16_lb,controlled_lossy_value_specialized,ok,none,accuracy_pass_runtime_loss,0.0096,0.0079,1.583333,0.989583,,28908,93040,bf16,bf16,false,0,0,false,0,spmv_max_rel,SKIP
as-735_G_229.mtx,bfp8_lb,bfp8_lb,controlled_lossy_value_specialized,ok,none,accuracy_pass_runtime_loss,0.0097,0.0084,1.567010,0.979381,,37714,93040,bfp8,bfp8,false,0,0,false,0,spmv_max_rel,SKIP
as-735_G_229.mtx,bfp8_outlier_lb,bfp8_outlier_lb,controlled_lossy_value_specialized,ok,none,accuracy_pass_runtime_loss,0.0114,0.0101,1.333333,0.833333,,37714,93040,bfp8_outlier,bfp8_outlier,false,0,0,false,0,spmv_max_rel,SKIP
as-735_G_229.mtx,bfp4_lb,bfp4_lb,controlled_lossy_value_specialized,ok,none,accuracy_pass_runtime_loss,0.0150,0.0134,1.013333,0.633333,,30487,93040,bfp4,bfp4,false,0,0,false,0,spmv_max_rel,SKIP
as-735_G_229.mtx,hybrid_lb,hybrid_lb,structural_hybrid,ok,none,promoted_fallback,0.0093,0.0076,1.634409,1.021505,,115632,,original,raw_double,false,,,1,0,exact_abs_or_rel,SKIP
as-735_G_229.mtx,cusparse_default,cusparse_csr,external_baseline,ok,none,external_baseline,0.0152,0.0123,1.000000,0.625000,,115632,88684,original,original,false,,,true,0,exact_abs_or_rel,SKIP
as-735_G_237.mtx,original_lb,original_lb,load_balanced_traversal,ok,none,promoted_fallback,0.0094,0.0078,1.606383,1.000000,,116064,93400,original,original,false,0,0,true,0,exact_abs_or_rel,SKIP
as-735_G_237.mtx,auto_lossless_lb,all_one_lb,lossless_value_specialized,ok,none,accuracy_pass_runtime_win,0.0093,0.0075,1.623656,1.010753,,0,93400,auto_lossless,all_one,true,1,0,true,0,exact_abs_or_rel,SKIP
as-735_G_237.mtx,fp16_lb,fp16_lb,controlled_lossy_value_specialized,ok,none,accuracy_pass_runtime_loss,0.0096,0.0091,1.572917,0.979167,,29016,93400,fp16,fp16,false,0,0,false,0,spmv_max_rel,SKIP
as-735_G_237.mtx,bf16_lb,bf16_lb,controlled_lossy_value_specialized,ok,none,accuracy_pass_runtime_loss,0.0094,0.0078,1.606383,1.000000,,29016,93400,bf16,bf16,false,0,0,false,0,spmv_max_rel,SKIP
as-735_G_237.mtx,bfp8_lb,bfp8_lb,controlled_lossy_value_specialized,ok,none,accuracy_pass_runtime_win,0.0091,0.0087,1.659341,1.032967,,37858,93400,bfp8,bfp8,false,0,0,false,0,spmv_max_rel,SKIP
as-735_G_237.mtx,bfp8_outlier_lb,bfp8_outlier_lb,controlled_lossy_value_specialized,ok,none,accuracy_pass_runtime_win,0.0090,0.0084,1.677778,1.044444,,37858,93400,bfp8_outlier,bfp8_outlier,false,0,0,false,0,spmv_max_rel,SKIP
as-735_G_237.mtx,bfp4_lb,bfp4_lb,controlled_lossy_value_specialized,ok,none,accuracy_pass_runtime_loss,0.0141,0.0134,1.070922,0.666667,,30604,93400,bfp4,bfp4,false,0,0,false,0,spmv_max_rel,SKIP
as-735_G_237.mtx,hybrid_lb,hybrid_lb,structural_hybrid,ok,none,promoted_fallback,0.0092,0.0085,1.641304,1.021739,,116064,,original,raw_double,false,,,1,0,exact_abs_or_rel,SKIP
as-735_G_237.mtx,cusparse_default,cusparse_csr,external_baseline,ok,none,external_baseline,0.0151,0.0123,1.000000,0.622517,,116064,88900,original,original,false,,,true,0,exact_abs_or_rel,SKIP
as-735_G_245.mtx,original_lb,original_lb,load_balanced_traversal,ok,none,promoted_fallback,0.0096,0.0079,1.677083,1.000000,,116048,93168,original,original,false,0,0,true,0,exact_abs_or_rel,SKIP
as-735_G_245.mtx,auto_lossless_lb,all_one_lb,lossless_value_specialized,ok,none,accuracy_pass_runtime_loss,0.0096,0.0087,1.677083,1.000000,,0,93168,auto_lossless,all_one,true,1,0,true,0,exact_abs_or_rel,SKIP
as-735_G_245.mtx,fp16_lb,fp16_lb,controlled_lossy_value_specialized,ok,none,accuracy_pass_runtime_loss,0.0103,0.0092,1.563107,0.932039,,29012,93168,fp16,fp16,false,0,0,false,0,spmv_max_rel,SKIP
as-735_G_245.mtx,bf16_lb,bf16_lb,controlled_lossy_value_specialized,ok,none,accuracy_pass_runtime_loss,0.0099,0.0087,1.626263,0.969697,,29012,93168,bf16,bf16,false,0,0,false,0,spmv_max_rel,SKIP
as-735_G_245.mtx,bfp8_lb,bfp8_lb,controlled_lossy_value_specialized,ok,none,accuracy_pass_runtime_loss,0.0107,0.0098,1.504673,0.897196,,37798,93168,bfp8,bfp8,false,0,0,false,0,spmv_max_rel,SKIP
as-735_G_245.mtx,bfp8_outlier_lb,bfp8_outlier_lb,controlled_lossy_value_specialized,ok,none,accuracy_pass_runtime_win,0.0094,0.0084,1.712766,1.021277,,37798,93168,bfp8_outlier,bfp8_outlier,false,0,0,false,0,spmv_max_rel,SKIP
as-735_G_245.mtx,bfp4_lb,bfp4_lb,controlled_lossy_value_specialized,ok,none,accuracy_pass_runtime_loss,0.0152,0.0127,1.059211,0.631579,,30545,93168,bfp4,bfp4,false,0,0,false,0,spmv_max_rel,SKIP
as-735_G_245.mtx,hybrid_lb,hybrid_lb,structural_hybrid,ok,none,promoted_fallback,0.0095,0.0085,1.694737,1.010526,,116048,,original,raw_double,false,,,1,0,exact_abs_or_rel,SKIP
as-735_G_245.mtx,cusparse_default,cusparse_csr,external_baseline,ok,none,external_baseline,0.0161,0.0123,1.000000,0.596273,,116048,88892,original,original,false,,,true,0,exact_abs_or_rel,SKIP
as-735_G_253.mtx,original_lb,original_lb,load_balanced_traversal,ok,none,promoted_fallback,0.0086,0.0074,1.872093,1.000000,,117384,94456,original,original,false,0,0,true,0,exact_abs_or_rel,SKIP
as-735_G_253.mtx,auto_lossless_lb,all_one_lb,lossless_value_specialized,ok,none,accuracy_pass_runtime_loss,0.0094,0.0069,1.712766,0.914894,,0,94456,auto_lossless,all_one,true,1,0,true,0,exact_abs_or_rel,SKIP
as-735_G_253.mtx,fp16_lb,fp16_lb,controlled_lossy_value_specialized,ok,none,accuracy_pass_runtime_loss,0.0094,0.0077,1.712766,0.914894,,29346,94456,fp16,fp16,false,0,0,false,0,spmv_max_rel,SKIP
as-735_G_253.mtx,bf16_lb,bf16_lb,controlled_lossy_value_specialized,ok,none,accuracy_pass_runtime_loss,0.0094,0.0079,1.712766,0.914894,,29346,94456,bf16,bf16,false,0,0,false,0,spmv_max_rel,SKIP
as-735_G_253.mtx,bfp8_lb,bfp8_lb,controlled_lossy_value_specialized,ok,none,accuracy_pass_runtime_loss,0.0097,0.0084,1.659794,0.886598,,38287,94456,bfp8,bfp8,false,0,0,false,0,spmv_max_rel,SKIP
as-735_G_253.mtx,bfp8_outlier_lb,bfp8_outlier_lb,controlled_lossy_value_specialized,ok,none,accuracy_pass_runtime_loss,0.0095,0.0086,1.694737,0.905263,,38287,94456,bfp8_outlier,bfp8_outlier,false,0,0,false,0,spmv_max_rel,SKIP
as-735_G_253.mtx,bfp4_lb,bfp4_lb,controlled_lossy_value_specialized,ok,none,accuracy_pass_runtime_loss,0.0141,0.0132,1.141844,0.609929,,30951,94456,bfp4,bfp4,false,0,0,false,0,spmv_max_rel,SKIP
as-735_G_253.mtx,hybrid_lb,hybrid_lb,structural_hybrid,ok,none,promoted_fallback,0.0100,0.0086,1.610000,0.860000,,117384,,original,raw_double,false,,,1,0,exact_abs_or_rel,SKIP
as-735_G_253.mtx,cusparse_default,cusparse_csr,external_baseline,ok,none,external_baseline,0.0161,0.0123,1.000000,0.534161,,117384,89560,original,original,false,,,true,0,exact_abs_or_rel,SKIP
as-735_G_261.mtx,original_lb,original_lb,load_balanced_traversal,ok,none,promoted_fallback,0.0093,0.0073,1.752688,1.000000,,117744,95048,original,original,false,0,0,true,0,exact_abs_or_rel,SKIP
as-735_G_261.mtx,auto_lossless_lb,all_one_lb,lossless_value_specialized,ok,none,accuracy_pass_runtime_win,0.0075,0.0059,2.173333,1.240000,,0,95048,auto_lossless,all_one,true,1,0,true,0,exact_abs_or_rel,SKIP
as-735_G_261.mtx,fp16_lb,fp16_lb,controlled_lossy_value_specialized,ok,none,accuracy_pass_runtime_loss,0.0093,0.0076,1.752688,1.000000,,29436,95048,fp16,fp16,false,0,0,false,0,spmv_max_rel,SKIP
as-735_G_261.mtx,bf16_lb,bf16_lb,controlled_lossy_value_specialized,ok,none,accuracy_pass_runtime_loss,0.0093,0.0074,1.752688,1.000000,,29436,95048,bf16,bf16,false,0,0,false,0,spmv_max_rel,SKIP
as-735_G_261.mtx,bfp8_lb,bfp8_lb,controlled_lossy_value_specialized,ok,none,accuracy_pass_runtime_loss,0.0101,0.0092,1.613861,0.920792,,38480,95048,bfp8,bfp8,false,0,0,false,0,spmv_max_rel,SKIP
as-735_G_261.mtx,bfp8_outlier_lb,bfp8_outlier_lb,controlled_lossy_value_specialized,ok,none,accuracy_pass_runtime_loss,0.0100,0.0091,1.630000,0.930000,,38480,95048,bfp8_outlier,bfp8_outlier,false,0,0,false,0,spmv_max_rel,SKIP
as-735_G_261.mtx,bfp4_lb,bfp4_lb,controlled_lossy_value_specialized,ok,none,accuracy_pass_runtime_loss,0.0139,0.0132,1.172662,0.669065,,31121,95048,bfp4,bfp4,false,0,0,false,0,spmv_max_rel,SKIP
as-735_G_261.mtx,hybrid_lb,hybrid_lb,structural_hybrid,ok,none,promoted_fallback,0.0092,0.0078,1.771739,1.010870,,117744,,original,raw_double,false,,,1,0,exact_abs_or_rel,SKIP
as-735_G_261.mtx,cusparse_default,cusparse_csr,external_baseline,ok,none,external_baseline,0.0163,0.0123,1.000000,0.570552,,117744,89740,original,original,false,,,true,0,exact_abs_or_rel,SKIP
as-735_G_269.mtx,original_lb,original_lb,load_balanced_traversal,ok,none,promoted_fallback,0.0101,0.0076,1.574257,1.000000,,114920,92864,original,original,false,0,0,true,0,exact_abs_or_rel,SKIP
as-735_G_269.mtx,auto_lossless_lb,all_one_lb,lossless_value_specialized,ok,none,accuracy_pass_runtime_win,0.0094,0.0070,1.691489,1.074468,,0,92864,auto_lossless,all_one,true,1,0,true,0,exact_abs_or_rel,SKIP
as-735_G_269.mtx,fp16_lb,fp16_lb,controlled_lossy_value_specialized,ok,none,accuracy_pass_runtime_loss,0.0101,0.0078,1.574257,1.000000,,28730,92864,fp16,fp16,false,0,0,false,0,spmv_max_rel,SKIP
as-735_G_269.mtx,bf16_lb,bf16_lb,controlled_lossy_value_specialized,ok,none,accuracy_pass_runtime_win,0.0100,0.0082,1.590000,1.010000,,28730,92864,bf16,bf16,false,0,0,false,0,spmv_max_rel,SKIP
as-735_G_269.mtx,bfp8_lb,bfp8_lb,controlled_lossy_value_specialized,ok,none,accuracy_pass_runtime_win,0.0085,0.0076,1.870588,1.188235,,37581,92864,bfp8,bfp8,false,0,0,false,0,spmv_max_rel,SKIP
as-735_G_269.mtx,bfp8_outlier_lb,bfp8_outlier_lb,controlled_lossy_value_specialized,ok,none,accuracy_pass_runtime_win,0.0094,0.0082,1.691489,1.074468,,37581,92864,bfp8_outlier,bfp8_outlier,false,0,0,false,0,spmv_max_rel,SKIP
as-735_G_269.mtx,bfp4_lb,bfp4_lb,controlled_lossy_value_specialized,ok,none,accuracy_pass_runtime_loss,0.0138,0.0126,1.152174,0.731884,,30399,92864,bfp4,bfp4,false,0,0,false,0,spmv_max_rel,SKIP
as-735_G_269.mtx,hybrid_lb,hybrid_lb,structural_hybrid,ok,none,promoted_fallback,0.0098,0.0084,1.622449,1.030612,,114920,,original,raw_double,false,,,1,0,exact_abs_or_rel,SKIP
as-735_G_269.mtx,cusparse_default,cusparse_csr,external_baseline,ok,none,external_baseline,0.0159,0.0123,1.000000,0.635220,,114920,88328,original,original,false,,,true,0,exact_abs_or_rel,SKIP
as-735_G_277.mtx,original_lb,original_lb,load_balanced_traversal,ok,none,promoted_fallback,0.0098,0.0080,1.551020,1.000000,,121536,98088,original,original,false,0,0,true,0,exact_abs_or_rel,SKIP
as-735_G_277.mtx,auto_lossless_lb,all_one_lb,lossless_value_specialized,ok,none,accuracy_pass_runtime_win,0.0086,0.0074,1.767442,1.139535,,0,98088,auto_lossless,all_one,true,1,0,true,0,exact_abs_or_rel,SKIP
as-735_G_277.mtx,fp16_lb,fp16_lb,controlled_lossy_value_specialized,ok,none,accuracy_pass_runtime_loss,0.0102,0.0083,1.490196,0.960784,,30384,98088,fp16,fp16,false,0,0,false,0,spmv_max_rel,SKIP
as-735_G_277.mtx,bf16_lb,bf16_lb,controlled_lossy_value_specialized,ok,none,accuracy_pass_runtime_win,0.0095,0.0080,1.600000,1.031579,,30384,98088,bf16,bf16,false,0,0,false,0,spmv_max_rel,SKIP
as-735_G_277.mtx,bfp8_lb,bfp8_lb,controlled_lossy_value_specialized,ok,none,accuracy_pass_runtime_win,0.0093,0.0085,1.634409,1.053763,,39714,98088,bfp8,bfp8,false,0,0,false,0,spmv_max_rel,SKIP
as-735_G_277.mtx,bfp8_outlier_lb,bfp8_outlier_lb,controlled_lossy_value_specialized,ok,none,accuracy_pass_runtime_win,0.0096,0.0084,1.583333,1.020833,,39714,98088,bfp8_outlier,bfp8_outlier,false,0,0,false,0,spmv_max_rel,SKIP
as-735_G_277.mtx,bfp4_lb,bfp4_lb,controlled_lossy_value_specialized,ok,none,accuracy_pass_runtime_loss,0.0145,0.0134,1.048276,0.675862,,32118,98088,bfp4,bfp4,false,0,0,false,0,spmv_max_rel,SKIP
as-735_G_277.mtx,hybrid_lb,hybrid_lb,structural_hybrid,ok,none,promoted_fallback,0.0093,0.0077,1.634409,1.053763,,121536,,original,raw_double,false,,,1,0,exact_abs_or_rel,SKIP
as-735_G_277.mtx,cusparse_default,cusparse_csr,external_baseline,ok,none,external_baseline,0.0152,0.0143,1.000000,0.644737,,121536,91636,original,original,false,,,true,0,exact_abs_or_rel,SKIP
as-735_G_285.mtx,original_lb,original_lb,load_balanced_traversal,ok,none,promoted_fallback,0.0094,0.0078,1.617021,1.000000,,123080,99360,original,original,false,0,0,true,0,exact_abs_or_rel,SKIP
as-735_G_285.mtx,auto_lossless_lb,all_one_lb,lossless_value_specialized,ok,none,accuracy_pass_runtime_loss,0.0095,0.0074,1.600000,0.989474,,0,99360,auto_lossless,all_one,true,1,0,true,0,exact_abs_or_rel,SKIP
as-735_G_285.mtx,fp16_lb,fp16_lb,controlled_lossy_value_specialized,ok,none,accuracy_pass_runtime_win,0.0089,0.0073,1.707865,1.056180,,30770,99360,fp16,fp16,false,0,0,false,0,spmv_max_rel,SKIP
as-735_G_285.mtx,bf16_lb,bf16_lb,controlled_lossy_value_specialized,ok,none,accuracy_pass_runtime_win,0.0091,0.0069,1.670330,1.032967,,30770,99360,bf16,bf16,false,0,0,false,0,spmv_max_rel,SKIP
as-735_G_285.mtx,bfp8_lb,bfp8_lb,controlled_lossy_value_specialized,ok,none,accuracy_pass_runtime_loss,0.0106,0.0086,1.433962,0.886792,,40225,99360,bfp8,bfp8,false,0,0,false,0,spmv_max_rel,SKIP
as-735_G_285.mtx,bfp8_outlier_lb,bfp8_outlier_lb,controlled_lossy_value_specialized,ok,none,accuracy_pass_runtime_loss,0.0110,0.0086,1.381818,0.854545,,40225,99360,bfp8_outlier,bfp8_outlier,false,0,0,false,0,spmv_max_rel,SKIP
as-735_G_285.mtx,bfp4_lb,bfp4_lb,controlled_lossy_value_specialized,ok,none,accuracy_pass_runtime_loss,0.0152,0.0133,1.000000,0.618421,,32533,99360,bfp4,bfp4,false,0,0,false,0,spmv_max_rel,SKIP
as-735_G_285.mtx,hybrid_lb,hybrid_lb,structural_hybrid,ok,none,promoted_fallback,0.0107,0.0088,1.420561,0.878505,,123080,,original,raw_double,false,,,1,0,exact_abs_or_rel,SKIP
as-735_G_285.mtx,cusparse_default,cusparse_csr,external_baseline,ok,none,external_baseline,0.0152,0.0123,1.000000,0.618421,,123080,92408,original,original,false,,,true,0,exact_abs_or_rel,SKIP
as-735_G_293.mtx,original_lb,original_lb,load_balanced_traversal,ok,none,promoted_fallback,0.0095,0.0086,1.631579,1.000000,,124432,100648,original,original,false,0,0,true,0,exact_abs_or_rel,SKIP
as-735_G_293.mtx,auto_lossless_lb,all_one_lb,lossless_value_specialized,ok,none,accuracy_pass_runtime_win,0.0090,0.0076,1.722222,1.055556,,0,100648,auto_lossless,all_one,true,1,0,true,0,exact_abs_or_rel,SKIP
as-735_G_293.mtx,fp16_lb,fp16_lb,controlled_lossy_value_specialized,ok,none,accuracy_pass_runtime_win,0.0089,0.0071,1.741573,1.067416,,31108,100648,fp16,fp16,false,0,0,false,0,spmv_max_rel,SKIP
as-735_G_293.mtx,bf16_lb,bf16_lb,controlled_lossy_value_specialized,ok,none,accuracy_pass_runtime_win,0.0093,0.0077,1.666667,1.021505,,31108,100648,bf16,bf16,false,0,0,false,0,spmv_max_rel,SKIP
as-735_G_293.mtx,bfp8_lb,bfp8_lb,controlled_lossy_value_specialized,ok,none,accuracy_pass_runtime_loss,0.0110,0.0092,1.409091,0.863636,,40716,100648,bfp8,bfp8,false,0,0,false,0,spmv_max_rel,SKIP
as-735_G_293.mtx,bfp8_outlier_lb,bfp8_outlier_lb,controlled_lossy_value_specialized,ok,none,accuracy_pass_runtime_loss,0.0108,0.0092,1.435185,0.879630,,40716,100648,bfp8_outlier,bfp8_outlier,false,0,0,false,0,spmv_max_rel,SKIP
as-735_G_293.mtx,bfp4_lb,bfp4_lb,controlled_lossy_value_specialized,ok,none,accuracy_pass_runtime_loss,0.0131,0.0123,1.183206,0.725191,,32939,100648,bfp4,bfp4,false,0,0,false,0,spmv_max_rel,SKIP
as-735_G_293.mtx,hybrid_lb,hybrid_lb,structural_hybrid,ok,none,promoted_fallback,0.0105,0.0079,1.476190,0.904762,,124432,,original,raw_double,false,,,1,0,exact_abs_or_rel,SKIP
as-735_G_293.mtx,cusparse_default,cusparse_csr,external_baseline,ok,none,external_baseline,0.0155,0.0123,1.000000,0.612903,,124432,93084,original,original,false,,,true,0,exact_abs_or_rel,SKIP
as-735_G_301.mtx,original_lb,original_lb,load_balanced_traversal,ok,none,promoted_fallback,0.0090,0.0069,1.711111,1.000000,,125688,101736,original,original,false,0,0,true,0,exact_abs_or_rel,SKIP
as-735_G_301.mtx,auto_lossless_lb,all_one_lb,lossless_value_specialized,ok,none,accuracy_pass_runtime_win,0.0081,0.0059,1.901235,1.111111,,0,101736,auto_lossless,all_one,true,1,0,true,0,exact_abs_or_rel,SKIP
as-735_G_301.mtx,fp16_lb,fp16_lb,controlled_lossy_value_specialized,ok,none,accuracy_pass_runtime_loss,0.0093,0.0083,1.655914,0.967742,,31422,101736,fp16,fp16,false,0,0,false,0,spmv_max_rel,SKIP
as-735_G_301.mtx,bf16_lb,bf16_lb,controlled_lossy_value_specialized,ok,none,accuracy_pass_runtime_loss,0.0095,0.0076,1.621053,0.947368,,31422,101736,bf16,bf16,false,0,0,false,0,spmv_max_rel,SKIP
as-735_G_301.mtx,bfp8_lb,bfp8_lb,controlled_lossy_value_specialized,ok,none,accuracy_pass_runtime_loss,0.0090,0.0086,1.711111,1.000000,,41145,101736,bfp8,bfp8,false,0,0,false,0,spmv_max_rel,SKIP
as-735_G_301.mtx,bfp8_outlier_lb,bfp8_outlier_lb,controlled_lossy_value_specialized,ok,none,accuracy_pass_runtime_loss,0.0093,0.0087,1.655914,0.967742,,41145,101736,bfp8_outlier,bfp8_outlier,false,0,0,false,0,spmv_max_rel,SKIP
as-735_G_301.mtx,bfp4_lb,bfp4_lb,controlled_lossy_value_specialized,ok,none,accuracy_pass_runtime_loss,0.0131,0.0126,1.175573,0.687023,,33290,101736,bfp4,bfp4,false,0,0,false,0,spmv_max_rel,SKIP
as-735_G_301.mtx,hybrid_lb,hybrid_lb,structural_hybrid,ok,none,promoted_fallback,0.0108,0.0090,1.425926,0.833333,,125688,,original,raw_double,false,,,1,0,exact_abs_or_rel,SKIP
as-735_G_301.mtx,cusparse_default,cusparse_csr,external_baseline,ok,none,external_baseline,0.0154,0.0123,1.000000,0.584416,,125688,93712,original,original,false,,,true,0,exact_abs_or_rel,SKIP
as-735_G_309.mtx,original_lb,original_lb,load_balanced_traversal,ok,none,promoted_fallback,0.0087,0.0071,1.724138,1.000000,,127864,103520,original,original,false,0,0,true,0,exact_abs_or_rel,SKIP
as-735_G_309.mtx,auto_lossless_lb,all_one_lb,lossless_value_specialized,ok,none,accuracy_pass_runtime_win,0.0085,0.0069,1.764706,1.023529,,0,103520,auto_lossless,all_one,true,1,0,true,0,exact_abs_or_rel,SKIP
as-735_G_309.mtx,fp16_lb,fp16_lb,controlled_lossy_value_specialized,ok,none,accuracy_pass_runtime_loss,0.0089,0.0076,1.685393,0.977528,,31966,103520,fp16,fp16,false,0,0,false,0,spmv_max_rel,SKIP
as-735_G_309.mtx,bf16_lb,bf16_lb,controlled_lossy_value_specialized,ok,none,accuracy_pass_runtime_loss,0.0091,0.0078,1.648352,0.956044,,31966,103520,bf16,bf16,false,0,0,false,0,spmv_max_rel,SKIP
as-735_G_309.mtx,bfp8_lb,bfp8_lb,controlled_lossy_value_specialized,ok,none,accuracy_pass_runtime_loss,0.0105,0.0090,1.428571,0.828571,,41863,103520,bfp8,bfp8,false,0,0,false,0,spmv_max_rel,SKIP
as-735_G_309.mtx,bfp8_outlier_lb,bfp8_outlier_lb,controlled_lossy_value_specialized,ok,none,accuracy_pass_runtime_loss,0.0110,0.0091,1.363636,0.790909,,41863,103520,bfp8_outlier,bfp8_outlier,false,0,0,false,0,spmv_max_rel,SKIP
as-735_G_309.mtx,bfp4_lb,bfp4_lb,controlled_lossy_value_specialized,ok,none,accuracy_pass_runtime_loss,0.0141,0.0132,1.063830,0.617021,,33872,103520,bfp4,bfp4,false,0,0,false,0,spmv_max_rel,SKIP
as-735_G_309.mtx,hybrid_lb,hybrid_lb,structural_hybrid,ok,none,promoted_fallback,0.0107,0.0086,1.401869,0.813084,,127864,,original,raw_double,false,,,1,0,exact_abs_or_rel,SKIP
as-735_G_309.mtx,cusparse_default,cusparse_csr,external_baseline,ok,none,external_baseline,0.0150,0.0123,1.000000,0.580000,,127864,94800,original,original,false,,,true,0,exact_abs_or_rel,SKIP
as-735_G_317.mtx,original_lb,original_lb,load_balanced_traversal,ok,none,promoted_fallback,0.0093,0.0084,1.698925,1.000000,,129520,104672,original,original,false,0,0,true,0,exact_abs_or_rel,SKIP
as-735_G_317.mtx,auto_lossless_lb,all_one_lb,lossless_value_specialized,ok,none,accuracy_pass_runtime_win,0.0083,0.0068,1.903614,1.120482,,0,104672,auto_lossless,all_one,true,1,0,true,0,exact_abs_or_rel,SKIP
as-735_G_317.mtx,fp16_lb,fp16_lb,controlled_lossy_value_specialized,ok,none,accuracy_pass_runtime_loss,0.0093,0.0078,1.698925,1.000000,,32380,104672,fp16,fp16,false,0,0,false,0,spmv_max_rel,SKIP
as-735_G_317.mtx,bf16_lb,bf16_lb,controlled_lossy_value_specialized,ok,none,accuracy_pass_runtime_win,0.0091,0.0075,1.736264,1.021978,,32380,104672,bf16,bf16,false,0,0,false,0,spmv_max_rel,SKIP
as-735_G_317.mtx,bfp8_lb,bfp8_lb,controlled_lossy_value_specialized,ok,none,accuracy_pass_runtime_loss,0.0105,0.0092,1.504762,0.885714,,42358,104672,bfp8,bfp8,false,0,0,false,0,spmv_max_rel,SKIP
as-735_G_317.mtx,bfp8_outlier_lb,bfp8_outlier_lb,controlled_lossy_value_specialized,ok,none,accuracy_pass_runtime_loss,0.0102,0.0091,1.549020,0.911765,,42358,104672,bfp8_outlier,bfp8_outlier,false,0,0,false,0,spmv_max_rel,SKIP
as-735_G_317.mtx,bfp4_lb,bfp4_lb,controlled_lossy_value_specialized,ok,none,accuracy_pass_runtime_loss,0.0137,0.0126,1.153285,0.678832,,34263,104672,bfp4,bfp4,false,0,0,false,0,spmv_max_rel,SKIP
as-735_G_317.mtx,hybrid_lb,hybrid_lb,structural_hybrid,ok,none,promoted_fallback,0.0107,0.0086,1.476636,0.869159,,129520,,original,raw_double,false,,,1,0,exact_abs_or_rel,SKIP
as-735_G_317.mtx,cusparse_default,cusparse_csr,external_baseline,ok,none,external_baseline,0.0158,0.0123,1.000000,0.588608,,129520,95628,original,original,false,,,true,0,exact_abs_or_rel,SKIP
as-735_G_325.mtx,original_lb,original_lb,load_balanced_traversal,ok,none,promoted_fallback,0.0094,0.0078,1.585106,1.000000,,130904,106072,original,original,false,0,0,true,0,exact_abs_or_rel,SKIP
as-735_G_325.mtx,auto_lossless_lb,all_one_lb,lossless_value_specialized,ok,none,accuracy_pass_runtime_loss,0.0099,0.0087,1.505051,0.949495,,0,106072,auto_lossless,all_one,true,1,0,true,0,exact_abs_or_rel,SKIP
as-735_G_325.mtx,fp16_lb,fp16_lb,controlled_lossy_value_specialized,ok,none,accuracy_pass_runtime_loss,0.0099,0.0080,1.505051,0.949495,,32726,106072,fp16,fp16,false,0,0,false,0,spmv_max_rel,SKIP
as-735_G_325.mtx,bf16_lb,bf16_lb,controlled_lossy_value_specialized,ok,none,accuracy_pass_runtime_loss,0.0099,0.0081,1.505051,0.949495,,32726,106072,bf16,bf16,false,0,0,false,0,spmv_max_rel,SKIP
as-735_G_325.mtx,bfp8_lb,bfp8_lb,controlled_lossy_value_specialized,ok,none,accuracy_pass_runtime_loss,0.0095,0.0084,1.568421,0.989474,,42881,106072,bfp8,bfp8,false,0,0,false,0,spmv_max_rel,SKIP
as-735_G_325.mtx,bfp8_outlier_lb,bfp8_outlier_lb,controlled_lossy_value_specialized,ok,none,accuracy_pass_runtime_win,0.0092,0.0085,1.619565,1.021739,,42881,106072,bfp8_outlier,bfp8_outlier,false,0,0,false,0,spmv_max_rel,SKIP
as-735_G_325.mtx,bfp4_lb,bfp4_lb,controlled_lossy_value_specialized,ok,none,accuracy_pass_runtime_loss,0.0135,0.0127,1.103704,0.696296,,34700,106072,bfp4,bfp4,false,0,0,false,0,spmv_max_rel,SKIP
as-735_G_325.mtx,hybrid_lb,hybrid_lb,structural_hybrid,ok,none,promoted_fallback,0.0103,0.0079,1.446602,0.912621,,130904,,original,raw_double,false,,,1,0,exact_abs_or_rel,SKIP
as-735_G_325.mtx,cusparse_default,cusparse_csr,external_baseline,ok,none,external_baseline,0.0149,0.0123,1.000000,0.630872,,130904,96320,original,original,false,,,true,0,exact_abs_or_rel,SKIP
as-735_G_333.mtx,original_lb,original_lb,load_balanced_traversal,ok,none,promoted_fallback,0.0092,0.0072,1.663043,1.000000,,126144,101952,original,original,false,0,0,true,0,exact_abs_or_rel,SKIP
as-735_G_333.mtx,auto_lossless_lb,all_one_lb,lossless_value_specialized,ok,none,accuracy_pass_runtime_win,0.0086,0.0074,1.779070,1.069767,,0,101952,auto_lossless,all_one,true,1,0,true,0,exact_abs_or_rel,SKIP
as-735_G_333.mtx,fp16_lb,fp16_lb,controlled_lossy_value_specialized,ok,none,accuracy_pass_runtime_loss,0.0094,0.0090,1.627660,0.978723,,31536,101952,fp16,fp16,false,0,0,false,0,spmv_max_rel,SKIP
as-735_G_333.mtx,bf16_lb,bf16_lb,controlled_lossy_value_specialized,ok,none,accuracy_pass_runtime_loss,0.0096,0.0081,1.593750,0.958333,,31536,101952,bf16,bf16,false,0,0,false,0,spmv_max_rel,SKIP
as-735_G_333.mtx,bfp8_lb,bfp8_lb,controlled_lossy_value_specialized,ok,none,accuracy_pass_runtime_win,0.0091,0.0081,1.681319,1.010989,,41256,101952,bfp8,bfp8,false,0,0,false,0,spmv_max_rel,SKIP
as-735_G_333.mtx,bfp8_outlier_lb,bfp8_outlier_lb,controlled_lossy_value_specialized,ok,none,accuracy_pass_runtime_win,0.0090,0.0087,1.700000,1.022222,,41256,101952,bfp8_outlier,bfp8_outlier,false,0,0,false,0,spmv_max_rel,SKIP
as-735_G_333.mtx,bfp4_lb,bfp4_lb,controlled_lossy_value_specialized,ok,none,accuracy_pass_runtime_loss,0.0146,0.0128,1.047945,0.630137,,33372,101952,bfp4,bfp4,false,0,0,false,0,spmv_max_rel,SKIP
as-735_G_333.mtx,hybrid_lb,hybrid_lb,structural_hybrid,ok,none,promoted_fallback,0.0104,0.0086,1.471154,0.884615,,126144,,original,raw_double,false,,,1,0,exact_abs_or_rel,SKIP
as-735_G_333.mtx,cusparse_default,cusparse_csr,external_baseline,ok,none,external_baseline,0.0153,0.0123,1.000000,0.601307,,126144,93940,original,original,false,,,true,0,exact_abs_or_rel,SKIP
as-735_G_341.mtx,original_lb,original_lb,load_balanced_traversal,ok,none,promoted_fallback,0.0090,0.0080,1.711111,1.000000,,126936,102712,original,original,false,0,0,true,0,exact_abs_or_rel,SKIP
as-735_G_341.mtx,auto_lossless_lb,all_one_lb,lossless_value_specialized,ok,none,accuracy_pass_runtime_win,0.0084,0.0068,1.833333,1.071429,,0,102712,auto_lossless,all_one,true,1,0,true,0,exact_abs_or_rel,SKIP
as-735_G_341.mtx,fp16_lb,fp16_lb,controlled_lossy_value_specialized,ok,none,accuracy_pass_runtime_loss,0.0096,0.0083,1.604167,0.937500,,31734,102712,fp16,fp16,false,0,0,false,0,spmv_max_rel,SKIP
as-735_G_341.mtx,bf16_lb,bf16_lb,controlled_lossy_value_specialized,ok,none,accuracy_pass_runtime_loss,0.0098,0.0090,1.571429,0.918367,,31734,102712,bf16,bf16,false,0,0,false,0,spmv_max_rel,SKIP
as-735_G_341.mtx,bfp8_lb,bfp8_lb,controlled_lossy_value_specialized,ok,none,accuracy_pass_runtime_loss,0.0091,0.0082,1.692308,0.989011,,41545,102712,bfp8,bfp8,false,0,0,false,0,spmv_max_rel,SKIP
as-735_G_341.mtx,bfp8_outlier_lb,bfp8_outlier_lb,controlled_lossy_value_specialized,ok,none,accuracy_pass_runtime_loss,0.0090,0.0084,1.711111,1.000000,,41545,102712,bfp8_outlier,bfp8_outlier,false,0,0,false,0,spmv_max_rel,SKIP
as-735_G_341.mtx,bfp4_lb,bfp4_lb,controlled_lossy_value_specialized,ok,none,accuracy_pass_runtime_loss,0.0151,0.0129,1.019868,0.596026,,33612,102712,bfp4,bfp4,false,0,0,false,0,spmv_max_rel,SKIP
as-735_G_341.mtx,hybrid_lb,hybrid_lb,structural_hybrid,ok,none,promoted_fallback,0.0105,0.0084,1.466667,0.857143,,126936,,original,raw_double,false,,,1,0,exact_abs_or_rel,SKIP
as-735_G_341.mtx,cusparse_default,cusparse_csr,external_baseline,ok,none,external_baseline,0.0154,0.0123,1.000000,0.584416,,126936,94336,original,original,false,,,true,0,exact_abs_or_rel,SKIP
as-735_G_349.mtx,original_lb,original_lb,load_balanced_traversal,ok,none,promoted_fallback,0.0095,0.0069,1.684211,1.000000,,129896,105192,original,original,false,0,0,true,0,exact_abs_or_rel,SKIP
as-735_G_349.mtx,auto_lossless_lb,all_one_lb,lossless_value_specialized,ok,none,accuracy_pass_runtime_win,0.0082,0.0069,1.951220,1.158537,,0,105192,auto_lossless,all_one,true,1,0,true,0,exact_abs_or_rel,SKIP
as-735_G_349.mtx,fp16_lb,fp16_lb,controlled_lossy_value_specialized,ok,none,accuracy_pass_runtime_win,0.0092,0.0073,1.739130,1.032609,,32474,105192,fp16,fp16,false,0,0,false,0,spmv_max_rel,SKIP
as-735_G_349.mtx,bf16_lb,bf16_lb,controlled_lossy_value_specialized,ok,none,accuracy_pass_runtime_win,0.0090,0.0071,1.777778,1.055556,,32474,105192,bf16,bf16,false,0,0,false,0,spmv_max_rel,SKIP
as-735_G_349.mtx,bfp8_lb,bfp8_lb,controlled_lossy_value_specialized,ok,none,accuracy_pass_runtime_win,0.0089,0.0083,1.797753,1.067416,,42535,105192,bfp8,bfp8,false,0,0,false,0,spmv_max_rel,SKIP
as-735_G_349.mtx,bfp8_outlier_lb,bfp8_outlier_lb,controlled_lossy_value_specialized,ok,none,accuracy_pass_runtime_win,0.0092,0.0086,1.739130,1.032609,,42535,105192,bfp8_outlier,bfp8_outlier,false,0,0,false,0,spmv_max_rel,SKIP
as-735_G_349.mtx,bfp4_lb,bfp4_lb,controlled_lossy_value_specialized,ok,none,accuracy_pass_runtime_loss,0.0131,0.0124,1.221374,0.725191,,34417,105192,bfp4,bfp4,false,0,0,false,0,spmv_max_rel,SKIP
as-735_G_349.mtx,hybrid_lb,hybrid_lb,structural_hybrid,ok,none,promoted_fallback,0.0106,0.0078,1.509434,0.896226,,129896,,original,raw_double,false,,,1,0,exact_abs_or_rel,SKIP
as-735_G_349.mtx,cusparse_default,cusparse_csr,external_baseline,ok,none,external_baseline,0.0160,0.0123,1.000000,0.593750,,129896,95816,original,original,false,,,true,0,exact_abs_or_rel,SKIP
as-735_G_357.mtx,original_lb,original_lb,load_balanced_traversal,ok,none,promoted_fallback,0.0094,0.0089,1.702128,1.000000,,131264,106360,original,original,false,0,0,true,0,exact_abs_or_rel,SKIP
as-735_G_357.mtx,auto_lossless_lb,all_one_lb,lossless_value_specialized,ok,none,accuracy_pass_runtime_loss,0.0101,0.0092,1.584158,0.930693,,0,106360,auto_lossless,all_one,true,1,0,true,0,exact_abs_or_rel,SKIP
as-735_G_357.mtx,fp16_lb,fp16_lb,controlled_lossy_value_specialized,ok,none,accuracy_pass_runtime_loss,0.0095,0.0086,1.684211,0.989474,,32816,106360,fp16,fp16,false,0,0,false,0,spmv_max_rel,SKIP
as-735_G_357.mtx,bf16_lb,bf16_lb,controlled_lossy_value_specialized,ok,none,accuracy_pass_runtime_loss,0.0097,0.0087,1.649485,0.969072,,32816,106360,bf16,bf16,false,0,0,false,0,spmv_max_rel,SKIP
as-735_G_357.mtx,bfp8_lb,bfp8_lb,controlled_lossy_value_specialized,ok,none,accuracy_pass_runtime_win,0.0092,0.0083,1.739130,1.021739,,42998,106360,bfp8,bfp8,false,0,0,false,0,spmv_max_rel,SKIP
as-735_G_357.mtx,bfp8_outlier_lb,bfp8_outlier_lb,controlled_lossy_value_specialized,ok,none,accuracy_pass_runtime_loss,0.0095,0.0085,1.684211,0.989474,,42998,106360,bfp8_outlier,bfp8_outlier,false,0,0,false,0,spmv_max_rel,SKIP
as-735_G_357.mtx,bfp4_lb,bfp4_lb,controlled_lossy_value_specialized,ok,none,accuracy_pass_runtime_loss,0.0136,0.0127,1.176471,0.691176,,34794,106360,bfp4,bfp4,false,0,0,false,0,spmv_max_rel,SKIP
as-735_G_357.mtx,hybrid_lb,hybrid_lb,structural_hybrid,ok,none,promoted_fallback,0.0114,0.0092,1.403509,0.824561,,131264,,original,raw_double,false,,,1,0,exact_abs_or_rel,SKIP
as-735_G_357.mtx,cusparse_default,cusparse_csr,external_baseline,ok,none,external_baseline,0.0160,0.0123,1.000000,0.587500,,131264,96500,original,original,false,,,true,0,exact_abs_or_rel,SKIP
as-735_G_365.mtx,original_lb,original_lb,load_balanced_traversal,ok,none,promoted_fallback,0.0104,0.0087,1.625000,1.000000,,132952,107424,original,original,false,0,0,true,0,exact_abs_or_rel,SKIP
as-735_G_365.mtx,auto_lossless_lb,all_one_lb,lossless_value_specialized,ok,none,accuracy_pass_runtime_win,0.0101,0.0084,1.673267,1.029703,,0,107424,auto_lossless,all_one,true,1,0,true,0,exact_abs_or_rel,SKIP
as-735_G_365.mtx,fp16_lb,fp16_lb,controlled_lossy_value_specialized,ok,none,accuracy_pass_runtime_win,0.0097,0.0081,1.742268,1.072165,,33238,107424,fp16,fp16,false,0,0,false,0,spmv_max_rel,SKIP
as-735_G_365.mtx,bf16_lb,bf16_lb,controlled_lossy_value_specialized,ok,none,accuracy_pass_runtime_win,0.0097,0.0081,1.742268,1.072165,,33238,107424,bf16,bf16,false,0,0,false,0,spmv_max_rel,SKIP
as-735_G_365.mtx,bfp8_lb,bfp8_lb,controlled_lossy_value_specialized,ok,none,accuracy_pass_runtime_loss,0.0104,0.0096,1.625000,1.000000,,43475,107424,bfp8,bfp8,false,0,0,false,0,spmv_max_rel,SKIP
as-735_G_365.mtx,bfp8_outlier_lb,bfp8_outlier_lb,controlled_lossy_value_specialized,ok,none,accuracy_pass_runtime_win,0.0099,0.0085,1.707071,1.050505,,43475,107424,bfp8_outlier,bfp8_outlier,false,0,0,false,0,spmv_max_rel,SKIP
as-735_G_365.mtx,bfp4_lb,bfp4_lb,controlled_lossy_value_specialized,ok,none,accuracy_pass_runtime_loss,0.0143,0.0132,1.181818,0.727273,,35166,107424,bfp4,bfp4,false,0,0,false,0,spmv_max_rel,SKIP
as-735_G_365.mtx,hybrid_lb,hybrid_lb,structural_hybrid,ok,none,promoted_fallback,0.0116,0.0101,1.456897,0.896552,,132952,,original,raw_double,false,,,1,0,exact_abs_or_rel,SKIP
as-735_G_365.mtx,cusparse_default,cusparse_csr,external_baseline,ok,none,external_baseline,0.0169,0.0123,1.000000,0.615385,,132952,97344,original,original,false,,,true,0,exact_abs_or_rel,SKIP
as-735_G_373.mtx,original_lb,original_lb,load_balanced_traversal,ok,none,promoted_fallback,0.0093,0.0075,1.677419,1.000000,,135408,109608,original,original,false,0,0,true,0,exact_abs_or_rel,SKIP
as-735_G_373.mtx,auto_lossless_lb,all_one_lb,lossless_value_specialized,ok,none,accuracy_pass_runtime_loss,0.0097,0.0086,1.608247,0.958763,,0,109608,auto_lossless,all_one,true,1,0,true,0,exact_abs_or_rel,SKIP
as-735_G_373.mtx,fp16_lb,fp16_lb,controlled_lossy_value_specialized,ok,none,accuracy_pass_runtime_loss,0.0095,0.0084,1.642105,0.978947,,33852,109608,fp16,fp16,false,0,0,false,0,spmv_max_rel,SKIP
as-735_G_373.mtx,bf16_lb,bf16_lb,controlled_lossy_value_specialized,ok,none,accuracy_pass_runtime_loss,0.0100,0.0088,1.560000,0.930000,,33852,109608,bf16,bf16,false,0,0,false,0,spmv_max_rel,SKIP
as-735_G_373.mtx,bfp8_lb,bfp8_lb,controlled_lossy_value_specialized,ok,none,accuracy_pass_runtime_loss,0.0101,0.0091,1.544554,0.920792,,44328,109608,bfp8,bfp8,false,0,0,false,0,spmv_max_rel,SKIP
as-735_G_373.mtx,bfp8_outlier_lb,bfp8_outlier_lb,controlled_lossy_value_specialized,ok,none,accuracy_pass_runtime_loss,0.0104,0.0092,1.500000,0.894231,,44328,109608,bfp8_outlier,bfp8_outlier,false,0,0,false,0,spmv_max_rel,SKIP
as-735_G_373.mtx,bfp4_lb,bfp4_lb,controlled_lossy_value_specialized,ok,none,accuracy_pass_runtime_loss,0.0141,0.0132,1.106383,0.659574,,35865,109608,bfp4,bfp4,false,0,0,false,0,spmv_max_rel,SKIP
as-735_G_373.mtx,hybrid_lb,hybrid_lb,structural_hybrid,ok,none,promoted_fallback,0.0115,0.0099,1.356522,0.808696,,135408,,original,raw_double,false,,,1,0,exact_abs_or_rel,SKIP
as-735_G_373.mtx,cusparse_default,cusparse_csr,external_baseline,ok,none,external_baseline,0.0156,0.0123,1.000000,0.596154,,135408,98572,original,original,false,,,true,0,exact_abs_or_rel,SKIP
as-735_G_381.mtx,original_lb,original_lb,load_balanced_traversal,ok,none,promoted_fallback,0.0093,0.0086,1.602151,1.000000,,135264,109384,original,original,false,0,0,true,0,exact_abs_or_rel,SKIP
as-735_G_381.mtx,auto_lossless_lb,all_one_lb,lossless_value_specialized,ok,none,accuracy_pass_runtime_loss,0.0095,0.0088,1.568421,0.978947,,0,109384,auto_lossless,all_one,true,1,0,true,0,exact_abs_or_rel,SKIP
as-735_G_381.mtx,fp16_lb,fp16_lb,controlled_lossy_value_specialized,ok,none,accuracy_pass_runtime_loss,0.0097,0.0088,1.536082,0.958763,,33816,109384,fp16,fp16,false,0,0,false,0,spmv_max_rel,SKIP
as-735_G_381.mtx,bf16_lb,bf16_lb,controlled_lossy_value_specialized,ok,none,accuracy_pass_runtime_loss,0.0111,0.0093,1.342342,0.837838,,33816,109384,bf16,bf16,false,0,0,false,0,spmv_max_rel,SKIP
as-735_G_381.mtx,bfp8_lb,bfp8_lb,controlled_lossy_value_specialized,ok,none,accuracy_pass_runtime_loss,0.0099,0.0092,1.505051,0.939394,,44254,109384,bfp8,bfp8,false,0,0,false,0,spmv_max_rel,SKIP
as-735_G_381.mtx,bfp8_outlier_lb,bfp8_outlier_lb,controlled_lossy_value_specialized,ok,none,accuracy_pass_runtime_loss,0.0097,0.0092,1.536082,0.958763,,44254,109384,bfp8_outlier,bfp8_outlier,false,0,0,false,0,spmv_max_rel,SKIP
as-735_G_381.mtx,bfp4_lb,bfp4_lb,controlled_lossy_value_specialized,ok,none,accuracy_pass_runtime_loss,0.0143,0.0133,1.041958,0.650350,,35800,109384,bfp4,bfp4,false,0,0,false,0,spmv_max_rel,SKIP
as-735_G_381.mtx,hybrid_lb,hybrid_lb,structural_hybrid,ok,none,promoted_fallback,0.0113,0.0106,1.318584,0.823009,,135264,,original,raw_double,false,,,1,0,exact_abs_or_rel,SKIP
as-735_G_381.mtx,cusparse_default,cusparse_csr,external_baseline,ok,none,external_baseline,0.0149,0.0123,1.000000,0.624161,,135264,98500,original,original,false,,,true,0,exact_abs_or_rel,SKIP
as-735_G_389.mtx,original_lb,original_lb,load_balanced_traversal,ok,none,promoted_fallback,0.0093,0.0086,1.677419,1.000000,,136744,110696,original,original,false,0,0,true,0,exact_abs_or_rel,SKIP
as-735_G_389.mtx,auto_lossless_lb,all_one_lb,lossless_value_specialized,ok,none,accuracy_pass_runtime_loss,0.0096,0.0075,1.625000,0.968750,,0,110696,auto_lossless,all_one,true,1,0,true,0,exact_abs_or_rel,SKIP
as-735_G_389.mtx,fp16_lb,fp16_lb,controlled_lossy_value_specialized,ok,none,accuracy_pass_runtime_win,0.0084,0.0069,1.857143,1.107143,,34186,110696,fp16,fp16,false,0,0,false,0,spmv_max_rel,SKIP
as-735_G_389.mtx,bf16_lb,bf16_lb,controlled_lossy_value_specialized,ok,none,accuracy_pass_runtime_win,0.0081,0.0069,1.925926,1.148148,,34186,110696,bf16,bf16,false,0,0,false,0,spmv_max_rel,SKIP
as-735_G_389.mtx,bfp8_lb,bfp8_lb,controlled_lossy_value_specialized,ok,none,accuracy_pass_runtime_loss,0.0097,0.0087,1.608247,0.958763,,44767,110696,bfp8,bfp8,false,0,0,false,0,spmv_max_rel,SKIP
as-735_G_389.mtx,bfp8_outlier_lb,bfp8_outlier_lb,controlled_lossy_value_specialized,ok,none,accuracy_pass_runtime_loss,0.0098,0.0092,1.591837,0.948980,,44767,110696,bfp8_outlier,bfp8_outlier,false,0,0,false,0,spmv_max_rel,SKIP
as-735_G_389.mtx,bfp4_lb,bfp4_lb,controlled_lossy_value_specialized,ok,none,accuracy_pass_runtime_loss,0.0139,0.0131,1.122302,0.669065,,36221,110696,bfp4,bfp4,false,0,0,false,0,spmv_max_rel,SKIP
as-735_G_389.mtx,hybrid_lb,hybrid_lb,structural_hybrid,ok,none,promoted_fallback,0.0110,0.0095,1.418182,0.845455,,136744,,original,raw_double,false,,,1,0,exact_abs_or_rel,SKIP
as-735_G_389.mtx,cusparse_default,cusparse_csr,external_baseline,ok,none,external_baseline,0.0156,0.0123,1.000000,0.596154,,136744,99240,original,original,false,,,true,0,exact_abs_or_rel,SKIP
as-735_G_397.mtx,original_lb,original_lb,load_balanced_traversal,ok,none,promoted_fallback,0.0096,0.0070,1.666667,1.000000,,137440,111136,original,original,false,0,0,true,0,exact_abs_or_rel,SKIP
as-735_G_397.mtx,auto_lossless_lb,all_one_lb,lossless_value_specialized,ok,none,accuracy_pass_runtime_loss,0.0099,0.0092,1.616162,0.969697,,0,111136,auto_lossless,all_one,true,1,0,true,0,exact_abs_or_rel,SKIP
as-735_G_397.mtx,fp16_lb,fp16_lb,controlled_lossy_value_specialized,ok,none,accuracy_pass_runtime_win,0.0094,0.0084,1.702128,1.021277,,34360,111136,fp16,fp16,false,0,0,false,0,spmv_max_rel,SKIP
as-735_G_397.mtx,bf16_lb,bf16_lb,controlled_lossy_value_specialized,ok,none,accuracy_pass_runtime_win,0.0092,0.0074,1.739130,1.043478,,34360,111136,bf16,bf16,false,0,0,false,0,spmv_max_rel,SKIP
as-735_G_397.mtx,bfp8_lb,bfp8_lb,controlled_lossy_value_specialized,ok,none,accuracy_pass_runtime_loss,0.0099,0.0091,1.616162,0.969697,,44964,111136,bfp8,bfp8,false,0,0,false,0,spmv_max_rel,SKIP
as-735_G_397.mtx,bfp8_outlier_lb,bfp8_outlier_lb,controlled_lossy_value_specialized,ok,none,accuracy_pass_runtime_loss,0.0102,0.0092,1.568627,0.941176,,44964,111136,bfp8_outlier,bfp8_outlier,false,0,0,false,0,spmv_max_rel,SKIP
as-735_G_397.mtx,bfp4_lb,bfp4_lb,controlled_lossy_value_specialized,ok,none,accuracy_pass_runtime_loss,0.0142,0.0132,1.126761,0.676056,,36374,111136,bfp4,bfp4,false,0,0,false,0,spmv_max_rel,SKIP
as-735_G_397.mtx,hybrid_lb,hybrid_lb,structural_hybrid,ok,none,promoted_fallback,0.0117,0.0095,1.367521,0.820513,,137440,,original,raw_double,false,,,1,0,exact_abs_or_rel,SKIP
as-735_G_397.mtx,cusparse_default,cusparse_csr,external_baseline,ok,none,external_baseline,0.0160,0.0123,1.000000,0.600000,,137440,99588,original,original,false,,,true,0,exact_abs_or_rel,SKIP
as-735_G_405.mtx,original_lb,original_lb,load_balanced_traversal,ok,none,promoted_fallback,0.0095,0.0089,1.652632,1.000000,,138800,112408,original,original,false,0,0,true,0,exact_abs_or_rel,SKIP
as-735_G_405.mtx,auto_lossless_lb,all_one_lb,lossless_value_specialized,ok,none,accuracy_pass_runtime_loss,0.0097,0.0078,1.618557,0.979381,,0,112408,auto_lossless,all_one,true,1,0,true,0,exact_abs_or_rel,SKIP
as-735_G_405.mtx,fp16_lb,fp16_lb,controlled_lossy_value_specialized,ok,none,accuracy_pass_runtime_win,0.0093,0.0082,1.688172,1.021505,,34700,112408,fp16,fp16,false,0,0,false,0,spmv_max_rel,SKIP
as-735_G_405.mtx,bf16_lb,bf16_lb,controlled_lossy_value_specialized,ok,none,accuracy_pass_runtime_win,0.0093,0.0082,1.688172,1.021505,,34700,112408,bf16,bf16,false,0,0,false,0,spmv_max_rel,SKIP
as-735_G_405.mtx,bfp8_lb,bfp8_lb,controlled_lossy_value_specialized,ok,none,accuracy_pass_runtime_loss,0.0101,0.0092,1.554455,0.940594,,45452,112408,bfp8,bfp8,false,0,0,false,0,spmv_max_rel,SKIP
as-735_G_405.mtx,bfp8_outlier_lb,bfp8_outlier_lb,controlled_lossy_value_specialized,ok,none,accuracy_pass_runtime_loss,0.0107,0.0102,1.467290,0.887850,,45452,112408,bfp8_outlier,bfp8_outlier,false,0,0,false,0,spmv_max_rel,SKIP
as-735_G_405.mtx,bfp4_lb,bfp4_lb,controlled_lossy_value_specialized,ok,none,accuracy_pass_runtime_loss,0.0142,0.0132,1.105634,0.669014,,36777,112408,bfp4,bfp4,false,0,0,false,0,spmv_max_rel,SKIP
as-735_G_405.mtx,hybrid_lb,hybrid_lb,structural_hybrid,ok,none,promoted_fallback,0.0112,0.0096,1.401786,0.848214,,138800,,original,raw_double,false,,,1,0,exact_abs_or_rel,SKIP
as-735_G_405.mtx,cusparse_default,cusparse_csr,external_baseline,ok,none,external_baseline,0.0157,0.0123,1.000000,0.605096,,138800,100268,original,original,false,,,true,0,exact_abs_or_rel,SKIP
as-735_G_413.mtx,original_lb,original_lb,load_balanced_traversal,ok,none,promoted_fallback,0.0081,0.0073,1.814815,1.000000,,20688,19168,original,original,false,0,0,true,0,exact_abs_or_rel,SKIP
as-735_G_413.mtx,auto_lossless_lb,all_one_lb,lossless_value_specialized,ok,none,accuracy_pass_runtime_loss,0.0082,0.0066,1.792683,0.987805,,0,19168,auto_lossless,all_one,true,1,0,true,0,exact_abs_or_rel,SKIP
as-735_G_413.mtx,fp16_lb,fp16_lb,controlled_lossy_value_specialized,ok,none,accuracy_pass_runtime_loss,0.0099,0.0080,1.484848,0.818182,,5172,19168,fp16,fp16,false,0,0,false,0,spmv_max_rel,SKIP
as-735_G_413.mtx,bf16_lb,bf16_lb,controlled_lossy_value_specialized,ok,none,accuracy_pass_runtime_loss,0.0099,0.0082,1.484848,0.818182,,5172,19168,bf16,bf16,false,0,0,false,0,spmv_max_rel,SKIP
as-735_G_413.mtx,bfp8_lb,bfp8_lb,controlled_lossy_value_specialized,ok,none,accuracy_pass_runtime_loss,0.0100,0.0090,1.470000,0.810000,,7378,19168,bfp8,bfp8,false,0,0,false,0,spmv_max_rel,SKIP
as-735_G_413.mtx,bfp8_outlier_lb,bfp8_outlier_lb,controlled_lossy_value_specialized,ok,none,accuracy_pass_runtime_loss,0.0089,0.0081,1.651685,0.910112,,7378,19168,bfp8_outlier,bfp8_outlier,false,0,0,false,0,spmv_max_rel,SKIP
as-735_G_413.mtx,bfp4_lb,bfp4_lb,controlled_lossy_value_specialized,ok,none,accuracy_pass_runtime_loss,0.0130,0.0126,1.130769,0.623077,,6085,19168,bfp4,bfp4,false,0,0,false,0,spmv_max_rel,SKIP
as-735_G_413.mtx,hybrid_lb,hybrid_lb,structural_hybrid,ok,none,promoted_fallback,0.0077,0.0067,1.909091,1.051948,,20688,,original,raw_double,false,,,1,0,exact_abs_or_rel,SKIP
as-735_G_413.mtx,cusparse_default,cusparse_csr,external_baseline,ok,none,external_baseline,0.0147,0.0123,1.000000,0.551020,,20688,41212,original,original,false,,,true,0,exact_abs_or_rel,SKIP
as-735_G_421.mtx,original_lb,original_lb,load_balanced_traversal,ok,none,promoted_fallback,0.0098,0.0091,1.581633,1.000000,,140736,113968,original,original,false,0,0,true,0,exact_abs_or_rel,SKIP
as-735_G_421.mtx,auto_lossless_lb,all_one_lb,lossless_value_specialized,ok,none,accuracy_pass_runtime_win,0.0095,0.0086,1.631579,1.031579,,0,113968,auto_lossless,all_one,true,1,0,true,0,exact_abs_or_rel,SKIP
as-735_G_421.mtx,fp16_lb,fp16_lb,controlled_lossy_value_specialized,ok,none,accuracy_pass_runtime_win,0.0091,0.0081,1.703297,1.076923,,35184,113968,fp16,fp16,false,0,0,false,0,spmv_max_rel,SKIP
as-735_G_421.mtx,bf16_lb,bf16_lb,controlled_lossy_value_specialized,ok,none,accuracy_pass_runtime_win,0.0090,0.0071,1.722222,1.088889,,35184,113968,bf16,bf16,false,0,0,false,0,spmv_max_rel,SKIP
as-735_G_421.mtx,bfp8_lb,bfp8_lb,controlled_lossy_value_specialized,ok,none,accuracy_pass_runtime_win,0.0091,0.0084,1.703297,1.076923,,46084,113968,bfp8,bfp8,false,0,0,false,0,spmv_max_rel,SKIP
as-735_G_421.mtx,bfp8_outlier_lb,bfp8_outlier_lb,controlled_lossy_value_specialized,ok,none,accuracy_pass_runtime_win,0.0091,0.0088,1.703297,1.076923,,46084,113968,bfp8_outlier,bfp8_outlier,false,0,0,false,0,spmv_max_rel,SKIP
as-735_G_421.mtx,bfp4_lb,bfp4_lb,controlled_lossy_value_specialized,ok,none,accuracy_pass_runtime_loss,0.0133,0.0128,1.165414,0.736842,,37288,113968,bfp4,bfp4,false,0,0,false,0,spmv_max_rel,SKIP
as-735_G_421.mtx,hybrid_lb,hybrid_lb,structural_hybrid,ok,none,promoted_fallback,0.0122,0.0116,1.270492,0.803279,,140736,,original,raw_double,false,,,1,0,exact_abs_or_rel,SKIP
as-735_G_421.mtx,cusparse_default,cusparse_csr,external_baseline,ok,none,external_baseline,0.0155,0.0123,1.000000,0.632258,,140736,101236,original,original,false,,,true,0,exact_abs_or_rel,SKIP
as-735_G_429.mtx,original_lb,original_lb,load_balanced_traversal,ok,none,promoted_fallback,0.0097,0.0076,1.659794,1.000000,,142424,115520,original,original,false,0,0,true,0,exact_abs_or_rel,SKIP
as-735_G_429.mtx,auto_lossless_lb,all_one_lb,lossless_value_specialized,ok,none,accuracy_pass_runtime_loss,0.0099,0.0076,1.626263,0.979798,,0,115520,auto_lossless,all_one,true,1,0,true,0,exact_abs_or_rel,SKIP
as-735_G_429.mtx,fp16_lb,fp16_lb,controlled_lossy_value_specialized,ok,none,accuracy_pass_runtime_win,0.0092,0.0080,1.750000,1.054348,,35606,115520,fp16,fp16,false,0,0,false,0,spmv_max_rel,SKIP
as-735_G_429.mtx,bf16_lb,bf16_lb,controlled_lossy_value_specialized,ok,none,accuracy_pass_runtime_win,0.0094,0.0079,1.712766,1.031915,,35606,115520,bf16,bf16,false,0,0,false,0,spmv_max_rel,SKIP
as-735_G_429.mtx,bfp8_lb,bfp8_lb,controlled_lossy_value_specialized,ok,none,accuracy_pass_runtime_win,0.0094,0.0086,1.712766,1.031915,,46683,115520,bfp8,bfp8,false,0,0,false,0,spmv_max_rel,SKIP
as-735_G_429.mtx,bfp8_outlier_lb,bfp8_outlier_lb,controlled_lossy_value_specialized,ok,none,accuracy_pass_runtime_loss,0.0101,0.0088,1.594059,0.960396,,46683,115520,bfp8_outlier,bfp8_outlier,false,0,0,false,0,spmv_max_rel,SKIP
as-735_G_429.mtx,bfp4_lb,bfp4_lb,controlled_lossy_value_specialized,ok,none,accuracy_pass_runtime_loss,0.0136,0.0127,1.183824,0.713235,,37782,115520,bfp4,bfp4,false,0,0,false,0,spmv_max_rel,SKIP
as-735_G_429.mtx,hybrid_lb,hybrid_lb,structural_hybrid,ok,none,promoted_fallback,0.0119,0.0097,1.352941,0.815126,,142424,,original,raw_double,false,,,1,0,exact_abs_or_rel,SKIP
as-735_G_429.mtx,cusparse_default,cusparse_csr,external_baseline,ok,none,external_baseline,0.0161,0.0123,1.000000,0.602484,,142424,102080,original,original,false,,,true,0,exact_abs_or_rel,SKIP
as-735_G_437.mtx,original_lb,original_lb,load_balanced_traversal,ok,none,promoted_fallback,0.0097,0.0088,1.649485,1.000000,,143872,116784,original,original,false,0,0,true,0,exact_abs_or_rel,SKIP
as-735_G_437.mtx,auto_lossless_lb,all_one_lb,lossless_value_specialized,ok,none,accuracy_pass_runtime_loss,0.0099,0.0092,1.616162,0.979798,,0,116784,auto_lossless,all_one,true,1,0,true,0,exact_abs_or_rel,SKIP
as-735_G_437.mtx,fp16_lb,fp16_lb,controlled_lossy_value_specialized,ok,none,accuracy_pass_runtime_win,0.0093,0.0083,1.720430,1.043011,,35968,116784,fp16,fp16,false,0,0,false,0,spmv_max_rel,SKIP
as-735_G_437.mtx,bf16_lb,bf16_lb,controlled_lossy_value_specialized,ok,none,accuracy_pass_runtime_win,0.0090,0.0080,1.777778,1.077778,,35968,116784,bf16,bf16,false,0,0,false,0,spmv_max_rel,SKIP
as-735_G_437.mtx,bfp8_lb,bfp8_lb,controlled_lossy_value_specialized,ok,none,accuracy_pass_runtime_win,0.0095,0.0085,1.684211,1.021053,,47180,116784,bfp8,bfp8,false,0,0,false,0,spmv_max_rel,SKIP
as-735_G_437.mtx,bfp8_outlier_lb,bfp8_outlier_lb,controlled_lossy_value_specialized,ok,none,accuracy_pass_runtime_loss,0.0097,0.0088,1.649485,1.000000,,47180,116784,bfp8_outlier,bfp8_outlier,false,0,0,false,0,spmv_max_rel,SKIP
as-735_G_437.mtx,bfp4_lb,bfp4_lb,controlled_lossy_value_specialized,ok,none,accuracy_pass_runtime_loss,0.0138,0.0127,1.159420,0.702899,,38188,116784,bfp4,bfp4,false,0,0,false,0,spmv_max_rel,SKIP
as-735_G_437.mtx,hybrid_lb,hybrid_lb,structural_hybrid,ok,none,promoted_fallback,0.0114,0.0096,1.403509,0.850877,,143872,,original,raw_double,false,,,1,0,exact_abs_or_rel,SKIP
as-735_G_437.mtx,cusparse_default,cusparse_csr,external_baseline,ok,none,external_baseline,0.0160,0.0123,1.000000,0.606250,,143872,102804,original,original,false,,,true,0,exact_abs_or_rel,SKIP
as-735_G_445.mtx,original_lb,original_lb,load_balanced_traversal,ok,none,promoted_fallback,0.0096,0.0076,1.822917,1.000000,,145904,118696,original,original,false,0,0,true,0,exact_abs_or_rel,SKIP
as-735_G_445.mtx,auto_lossless_lb,all_one_lb,lossless_value_specialized,ok,none,accuracy_pass_runtime_loss,0.0098,0.0081,1.785714,0.979592,,0,118696,auto_lossless,all_one,true,1,0,true,0,exact_abs_or_rel,SKIP
as-735_G_445.mtx,fp16_lb,fp16_lb,controlled_lossy_value_specialized,ok,none,accuracy_pass_runtime_win,0.0093,0.0077,1.881720,1.032258,,36476,118696,fp16,fp16,false,0,0,false,0,spmv_max_rel,SKIP
as-735_G_445.mtx,bf16_lb,bf16_lb,controlled_lossy_value_specialized,ok,none,accuracy_pass_runtime_loss,0.0097,0.0093,1.804124,0.989691,,36476,118696,bf16,bf16,false,0,0,false,0,spmv_max_rel,SKIP
as-735_G_445.mtx,bfp8_lb,bfp8_lb,controlled_lossy_value_specialized,ok,none,accuracy_pass_runtime_loss,0.0096,0.0089,1.822917,1.000000,,47912,118696,bfp8,bfp8,false,0,0,false,0,spmv_max_rel,SKIP
as-735_G_445.mtx,bfp8_outlier_lb,bfp8_outlier_lb,controlled_lossy_value_specialized,ok,none,accuracy_pass_runtime_win,0.0091,0.0080,1.923077,1.054945,,47912,118696,bfp8_outlier,bfp8_outlier,false,0,0,false,0,spmv_max_rel,SKIP
as-735_G_445.mtx,bfp4_lb,bfp4_lb,controlled_lossy_value_specialized,ok,none,accuracy_pass_runtime_loss,0.0137,0.0134,1.277372,0.700730,,38793,118696,bfp4,bfp4,false,0,0,false,0,spmv_max_rel,SKIP
as-735_G_445.mtx,hybrid_lb,hybrid_lb,structural_hybrid,ok,none,promoted_fallback,0.0118,0.0102,1.483051,0.813559,,145904,,original,raw_double,false,,,1,0,exact_abs_or_rel,SKIP
as-735_G_445.mtx,cusparse_default,cusparse_csr,external_baseline,ok,none,external_baseline,0.0175,0.0123,1.000000,0.548571,,145904,103820,original,original,false,,,true,0,exact_abs_or_rel,SKIP
as-735_G_453.mtx,original_lb,original_lb,load_balanced_traversal,ok,none,promoted_fallback,0.0100,0.0078,1.570000,1.000000,,146520,119136,original,original,false,0,0,true,0,exact_abs_or_rel,SKIP
as-735_G_453.mtx,auto_lossless_lb,all_one_lb,lossless_value_specialized,ok,none,accuracy_pass_runtime_loss,0.0102,0.0092,1.539216,0.980392,,0,119136,auto_lossless,all_one,true,1,0,true,0,exact_abs_or_rel,SKIP
as-735_G_453.mtx,fp16_lb,fp16_lb,controlled_lossy_value_specialized,ok,none,accuracy_pass_runtime_loss,0.0107,0.0091,1.467290,0.934579,,36630,119136,fp16,fp16,false,0,0,false,0,spmv_max_rel,SKIP
as-735_G_453.mtx,bf16_lb,bf16_lb,controlled_lossy_value_specialized,ok,none,accuracy_pass_runtime_loss,0.0107,0.0093,1.467290,0.934579,,36630,119136,bf16,bf16,false,0,0,false,0,spmv_max_rel,SKIP
as-735_G_453.mtx,bfp8_lb,bfp8_lb,controlled_lossy_value_specialized,ok,none,accuracy_pass_runtime_loss,0.0115,0.0103,1.365217,0.869565,,48099,119136,bfp8,bfp8,false,0,0,false,0,spmv_max_rel,SKIP
as-735_G_453.mtx,bfp8_outlier_lb,bfp8_outlier_lb,controlled_lossy_value_specialized,ok,none,accuracy_pass_runtime_loss,0.0110,0.0099,1.427273,0.909091,,48099,119136,bfp8_outlier,bfp8_outlier,false,0,0,false,0,spmv_max_rel,SKIP
as-735_G_453.mtx,bfp4_lb,bfp4_lb,controlled_lossy_value_specialized,ok,none,accuracy_pass_runtime_loss,0.0142,0.0126,1.105634,0.704225,,38942,119136,bfp4,bfp4,false,0,0,false,0,spmv_max_rel,SKIP
as-735_G_453.mtx,hybrid_lb,hybrid_lb,structural_hybrid,ok,none,promoted_fallback,0.0113,0.0083,1.389381,0.884956,,146520,,original,raw_double,false,,,1,0,exact_abs_or_rel,SKIP
as-735_G_453.mtx,cusparse_default,cusparse_csr,external_baseline,ok,none,external_baseline,0.0157,0.0123,1.000000,0.636943,,146520,104128,original,original,false,,,true,0,exact_abs_or_rel,SKIP
as-735_G_461.mtx,original_lb,original_lb,load_balanced_traversal,ok,none,promoted_fallback,0.0098,0.0090,1.591837,1.000000,,148616,120928,original,original,false,0,0,true,0,exact_abs_or_rel,SKIP
as-735_G_461.mtx,auto_lossless_lb,all_one_lb,lossless_value_specialized,ok,none,accuracy_pass_runtime_loss,0.0100,0.0089,1.560000,0.980000,,0,120928,auto_lossless,all_one,true,1,0,true,0,exact_abs_or_rel,SKIP
as-735_G_461.mtx,fp16_lb,fp16_lb,controlled_lossy_value_specialized,ok,none,accuracy_pass_runtime_loss,0.0098,0.0091,1.591837,1.000000,,37154,120928,fp16,fp16,false,0,0,false,0,spmv_max_rel,SKIP
as-735_G_461.mtx,bf16_lb,bf16_lb,controlled_lossy_value_specialized,ok,none,accuracy_pass_runtime_loss,0.0101,0.0080,1.544554,0.970297,,37154,120928,bf16,bf16,false,0,0,false,0,spmv_max_rel,SKIP
as-735_G_461.mtx,bfp8_lb,bfp8_lb,controlled_lossy_value_specialized,ok,none,accuracy_pass_runtime_loss,0.0108,0.0092,1.444444,0.907407,,48809,120928,bfp8,bfp8,false,0,0,false,0,spmv_max_rel,SKIP
as-735_G_461.mtx,bfp8_outlier_lb,bfp8_outlier_lb,controlled_lossy_value_specialized,ok,none,accuracy_pass_runtime_loss,0.0100,0.0092,1.560000,0.980000,,48809,120928,bfp8_outlier,bfp8_outlier,false,0,0,false,0,spmv_max_rel,SKIP
as-735_G_461.mtx,bfp4_lb,bfp4_lb,controlled_lossy_value_specialized,ok,none,accuracy_pass_runtime_loss,0.0140,0.0134,1.114286,0.700000,,39521,120928,bfp4,bfp4,false,0,0,false,0,spmv_max_rel,SKIP
as-735_G_461.mtx,hybrid_lb,hybrid_lb,structural_hybrid,ok,none,promoted_fallback,0.0120,0.0101,1.300000,0.816667,,148616,,original,raw_double,false,,,1,0,exact_abs_or_rel,SKIP
as-735_G_461.mtx,cusparse_default,cusparse_csr,external_baseline,ok,none,external_baseline,0.0156,0.0123,1.000000,0.628205,,148616,105176,original,original,false,,,true,0,exact_abs_or_rel,SKIP
as-735_G_469.mtx,original_lb,original_lb,load_balanced_traversal,ok,none,promoted_fallback,0.0103,0.0084,1.446602,1.000000,,149136,121528,original,original,false,0,0,true,0,exact_abs_or_rel,SKIP
as-735_G_469.mtx,auto_lossless_lb,all_one_lb,lossless_value_specialized,ok,none,accuracy_pass_runtime_win,0.0099,0.0080,1.505051,1.040404,,0,121528,auto_lossless,all_one,true,1,0,true,0,exact_abs_or_rel,SKIP
as-735_G_469.mtx,fp16_lb,fp16_lb,controlled_lossy_value_specialized,ok,none,accuracy_pass_runtime_win,0.0101,0.0091,1.475248,1.019802,,37284,121528,fp16,fp16,false,0,0,false,0,spmv_max_rel,SKIP
as-735_G_469.mtx,bf16_lb,bf16_lb,controlled_lossy_value_specialized,ok,none,accuracy_pass_runtime_loss,0.0104,0.0095,1.432692,0.990385,,37284,121528,bf16,bf16,false,0,0,false,0,spmv_max_rel,SKIP
as-735_G_469.mtx,bfp8_lb,bfp8_lb,controlled_lossy_value_specialized,ok,none,accuracy_pass_runtime_win,0.0101,0.0092,1.475248,1.019802,,49024,121528,bfp8,bfp8,false,0,0,false,0,spmv_max_rel,SKIP
as-735_G_469.mtx,bfp8_outlier_lb,bfp8_outlier_lb,controlled_lossy_value_specialized,ok,none,accuracy_pass_runtime_win,0.0101,0.0097,1.475248,1.019802,,49024,121528,bfp8_outlier,bfp8_outlier,false,0,0,false,0,spmv_max_rel,SKIP
as-735_G_469.mtx,bfp4_lb,bfp4_lb,controlled_lossy_value_specialized,ok,none,accuracy_pass_runtime_loss,0.0139,0.0128,1.071942,0.741007,,39703,121528,bfp4,bfp4,false,0,0,false,0,spmv_max_rel,SKIP
as-735_G_469.mtx,hybrid_lb,hybrid_lb,structural_hybrid,ok,none,promoted_fallback,0.0121,0.0109,1.231405,0.851240,,149136,,original,raw_double,false,,,1,0,exact_abs_or_rel,SKIP
as-735_G_469.mtx,cusparse_default,cusparse_csr,external_baseline,ok,none,external_baseline,0.0149,0.0123,1.000000,0.691275,,149136,105436,original,original,false,,,true,0,exact_abs_or_rel,SKIP
as-735_G_477.mtx,original_lb,original_lb,load_balanced_traversal,ok,none,promoted_fallback,0.0097,0.0077,1.649485,1.000000,,150472,122824,original,original,false,0,0,true,0,exact_abs_or_rel,SKIP
as-735_G_477.mtx,auto_lossless_lb,all_one_lb,lossless_value_specialized,ok,none,accuracy_pass_runtime_loss,0.0098,0.0089,1.632653,0.989796,,0,122824,auto_lossless,all_one,true,1,0,true,0,exact_abs_or_rel,SKIP
as-735_G_477.mtx,fp16_lb,fp16_lb,controlled_lossy_value_specialized,ok,none,accuracy_pass_runtime_loss,0.0100,0.0089,1.600000,0.970000,,37618,122824,fp16,fp16,false,0,0,false,0,spmv_max_rel,SKIP
as-735_G_477.mtx,bf16_lb,bf16_lb,controlled_lossy_value_specialized,ok,none,accuracy_pass_runtime_win,0.0095,0.0091,1.684211,1.021053,,37618,122824,bf16,bf16,false,0,0,false,0,spmv_max_rel,SKIP
as-735_G_477.mtx,bfp8_lb,bfp8_lb,controlled_lossy_value_specialized,ok,none,accuracy_pass_runtime_loss,0.0100,0.0090,1.600000,0.970000,,49515,122824,bfp8,bfp8,false,0,0,false,0,spmv_max_rel,SKIP
as-735_G_477.mtx,bfp8_outlier_lb,bfp8_outlier_lb,controlled_lossy_value_specialized,ok,none,accuracy_pass_runtime_loss,0.0100,0.0087,1.600000,0.970000,,49515,122824,bfp8_outlier,bfp8_outlier,false,0,0,false,0,spmv_max_rel,SKIP
as-735_G_477.mtx,bfp4_lb,bfp4_lb,controlled_lossy_value_specialized,ok,none,accuracy_pass_runtime_loss,0.0148,0.0144,1.081081,0.655405,,40111,122824,bfp4,bfp4,false,0,0,false,0,spmv_max_rel,SKIP
as-735_G_477.mtx,hybrid_lb,hybrid_lb,structural_hybrid,ok,none,promoted_fallback,0.0127,0.0112,1.259843,0.763780,,150472,,original,raw_double,false,,,1,0,exact_abs_or_rel,SKIP
as-735_G_477.mtx,cusparse_default,cusparse_csr,external_baseline,ok,none,external_baseline,0.0160,0.0123,1.000000,0.606250,,150472,106104,original,original,false,,,true,0,exact_abs_or_rel,SKIP
as-735_G_485.mtx,original_lb,original_lb,load_balanced_traversal,ok,none,promoted_fallback,0.0096,0.0078,1.635417,1.000000,,152264,124240,original,original,false,0,0,true,0,exact_abs_or_rel,SKIP
as-735_G_485.mtx,auto_lossless_lb,all_one_lb,lossless_value_specialized,ok,none,accuracy_pass_runtime_loss,0.0099,0.0089,1.585859,0.969697,,0,124240,auto_lossless,all_one,true,1,0,true,0,exact_abs_or_rel,SKIP
as-735_G_485.mtx,fp16_lb,fp16_lb,controlled_lossy_value_specialized,ok,none,accuracy_pass_runtime_loss,0.0099,0.0091,1.585859,0.969697,,38066,124240,fp16,fp16,false,0,0,false,0,spmv_max_rel,SKIP
as-735_G_485.mtx,bf16_lb,bf16_lb,controlled_lossy_value_specialized,ok,none,accuracy_pass_runtime_loss,0.0106,0.0095,1.481132,0.905660,,38066,124240,bf16,bf16,false,0,0,false,0,spmv_max_rel,SKIP
as-735_G_485.mtx,bfp8_lb,bfp8_lb,controlled_lossy_value_specialized,ok,none,accuracy_pass_runtime_loss,0.0099,0.0089,1.585859,0.969697,,50093,124240,bfp8,bfp8,false,0,0,false,0,spmv_max_rel,SKIP
as-735_G_485.mtx,bfp8_outlier_lb,bfp8_outlier_lb,controlled_lossy_value_specialized,ok,none,accuracy_pass_runtime_win,0.0093,0.0086,1.688172,1.032258,,50093,124240,bfp8_outlier,bfp8_outlier,false,0,0,false,0,spmv_max_rel,SKIP
as-735_G_485.mtx,bfp4_lb,bfp4_lb,controlled_lossy_value_specialized,ok,none,accuracy_pass_runtime_loss,0.0142,0.0133,1.105634,0.676056,,40577,124240,bfp4,bfp4,false,0,0,false,0,spmv_max_rel,SKIP
as-735_G_485.mtx,hybrid_lb,hybrid_lb,structural_hybrid,ok,none,promoted_fallback,0.0118,0.0099,1.330508,0.813559,,152264,,original,raw_double,false,,,1,0,exact_abs_or_rel,SKIP
as-735_G_485.mtx,cusparse_default,cusparse_csr,external_baseline,ok,none,external_baseline,0.0157,0.0123,1.000000,0.611465,,152264,107000,original,original,false,,,true,0,exact_abs_or_rel,SKIP
as-735_G_493.mtx,original_lb,original_lb,load_balanced_traversal,ok,none,promoted_fallback,0.0100,0.0090,1.570000,1.000000,,153896,125720,original,original,false,0,0,true,0,exact_abs_or_rel,SKIP
as-735_G_493.mtx,auto_lossless_lb,all_one_lb,lossless_value_specialized,ok,none,accuracy_pass_runtime_loss,0.0102,0.0092,1.539216,0.980392,,0,125720,auto_lossless,all_one,true,1,0,true,0,exact_abs_or_rel,SKIP
as-735_G_493.mtx,fp16_lb,fp16_lb,controlled_lossy_value_specialized,ok,none,accuracy_pass_runtime_win,0.0092,0.0083,1.706522,1.086957,,38474,125720,fp16,fp16,false,0,0,false,0,spmv_max_rel,SKIP
as-735_G_493.mtx,bf16_lb,bf16_lb,controlled_lossy_value_specialized,ok,none,accuracy_pass_runtime_win,0.0095,0.0084,1.652632,1.052632,,38474,125720,bf16,bf16,false,0,0,false,0,spmv_max_rel,SKIP
as-735_G_493.mtx,bfp8_lb,bfp8_lb,controlled_lossy_value_specialized,ok,none,accuracy_pass_runtime_loss,0.0100,0.0087,1.570000,1.000000,,50667,125720,bfp8,bfp8,false,0,0,false,0,spmv_max_rel,SKIP
as-735_G_493.mtx,bfp8_outlier_lb,bfp8_outlier_lb,controlled_lossy_value_specialized,ok,none,accuracy_pass_runtime_win,0.0098,0.0089,1.602041,1.020408,,50667,125720,bfp8_outlier,bfp8_outlier,false,0,0,false,0,spmv_max_rel,SKIP
as-735_G_493.mtx,bfp4_lb,bfp4_lb,controlled_lossy_value_specialized,ok,none,accuracy_pass_runtime_loss,0.0142,0.0133,1.105634,0.704225,,41049,125720,bfp4,bfp4,false,0,0,false,0,spmv_max_rel,SKIP
as-735_G_493.mtx,hybrid_lb,hybrid_lb,structural_hybrid,ok,none,promoted_fallback,0.0118,0.0111,1.330508,0.847458,,153896,,original,raw_double,false,,,1,0,exact_abs_or_rel,SKIP
as-735_G_493.mtx,cusparse_default,cusparse_csr,external_baseline,ok,none,external_baseline,0.0157,0.0123,1.000000,0.636943,,153896,107816,original,original,false,,,true,0,exact_abs_or_rel,SKIP
as-735_G_501.mtx,original_lb,original_lb,load_balanced_traversal,ok,none,promoted_fallback,0.0098,0.0089,1.846939,1.000000,,157192,128624,original,original,false,0,0,true,0,exact_abs_or_rel,SKIP
as-735_G_501.mtx,auto_lossless_lb,all_one_lb,lossless_value_specialized,ok,none,accuracy_pass_runtime_loss,0.0100,0.0092,1.810000,0.980000,,0,128624,auto_lossless,all_one,true,1,0,true,0,exact_abs_or_rel,SKIP
as-735_G_501.mtx,fp16_lb,fp16_lb,controlled_lossy_value_specialized,ok,none,accuracy_pass_runtime_win,0.0093,0.0085,1.946237,1.053763,,39298,128624,fp16,fp16,false,0,0,false,0,spmv_max_rel,SKIP
as-735_G_501.mtx,bf16_lb,bf16_lb,controlled_lossy_value_specialized,ok,none,accuracy_pass_runtime_win,0.0091,0.0075,1.989011,1.076923,,39298,128624,bf16,bf16,false,0,0,false,0,spmv_max_rel,SKIP
as-735_G_501.mtx,bfp8_lb,bfp8_lb,controlled_lossy_value_specialized,ok,none,accuracy_pass_runtime_loss,0.0100,0.0092,1.810000,0.980000,,51805,128624,bfp8,bfp8,false,0,0,false,0,spmv_max_rel,SKIP
as-735_G_501.mtx,bfp8_outlier_lb,bfp8_outlier_lb,controlled_lossy_value_specialized,ok,none,accuracy_pass_runtime_loss,0.0100,0.0088,1.810000,0.980000,,51805,128624,bfp8_outlier,bfp8_outlier,false,0,0,false,0,spmv_max_rel,SKIP
as-735_G_501.mtx,bfp4_lb,bfp4_lb,controlled_lossy_value_specialized,ok,none,accuracy_pass_runtime_loss,0.0138,0.0134,1.311594,0.710145,,41981,128624,bfp4,bfp4,false,0,0,false,0,spmv_max_rel,SKIP
as-735_G_501.mtx,hybrid_lb,hybrid_lb,structural_hybrid,ok,none,promoted_fallback,0.0117,0.0093,1.547009,0.837607,,157192,,original,raw_double,false,,,1,0,exact_abs_or_rel,SKIP
as-735_G_501.mtx,cusparse_default,cusparse_csr,external_baseline,ok,none,external_baseline,0.0181,0.0123,1.000000,0.541436,,157192,109464,original,original,false,,,true,0,exact_abs_or_rel,SKIP
as-735_G_509.mtx,original_lb,original_lb,load_balanced_traversal,ok,none,promoted_fallback,0.0095,0.0077,1.526316,1.000000,,158896,130048,original,original,false,0,0,true,0,exact_abs_or_rel,SKIP
as-735_G_509.mtx,auto_lossless_lb,all_one_lb,lossless_value_specialized,ok,none,accuracy_pass_runtime_loss,0.0099,0.0092,1.464646,0.959596,,0,130048,auto_lossless,all_one,true,1,0,true,0,exact_abs_or_rel,SKIP
as-735_G_509.mtx,fp16_lb,fp16_lb,controlled_lossy_value_specialized,ok,none,accuracy_pass_runtime_win,0.0093,0.0072,1.559140,1.021505,,39724,130048,fp16,fp16,false,0,0,false,0,spmv_max_rel,SKIP
as-735_G_509.mtx,bf16_lb,bf16_lb,controlled_lossy_value_specialized,ok,none,accuracy_pass_runtime_loss,0.0097,0.0078,1.494845,0.979381,,39724,130048,bf16,bf16,false,0,0,false,0,spmv_max_rel,SKIP
as-735_G_509.mtx,bfp8_lb,bfp8_lb,controlled_lossy_value_specialized,ok,none,accuracy_pass_runtime_loss,0.0099,0.0093,1.464646,0.959596,,52374,130048,bfp8,bfp8,false,0,0,false,0,spmv_max_rel,SKIP
as-735_G_509.mtx,bfp8_outlier_lb,bfp8_outlier_lb,controlled_lossy_value_specialized,ok,none,accuracy_pass_runtime_loss,0.0102,0.0091,1.421569,0.931373,,52374,130048,bfp8_outlier,bfp8_outlier,false,0,0,false,0,spmv_max_rel,SKIP
as-735_G_509.mtx,bfp4_lb,bfp4_lb,controlled_lossy_value_specialized,ok,none,accuracy_pass_runtime_loss,0.0132,0.0128,1.098485,0.719697,,42443,130048,bfp4,bfp4,false,0,0,false,0,spmv_max_rel,SKIP
as-735_G_509.mtx,hybrid_lb,hybrid_lb,structural_hybrid,ok,none,promoted_fallback,0.0123,0.0109,1.178862,0.772358,,158896,,original,raw_double,false,,,1,0,exact_abs_or_rel,SKIP
as-735_G_509.mtx,cusparse_default,cusparse_csr,external_baseline,ok,none,external_baseline,0.0145,0.0123,1.000000,0.655172,,158896,110316,original,original,false,,,true,0,exact_abs_or_rel,SKIP
as-735_G_517.mtx,original_lb,original_lb,load_balanced_traversal,ok,none,promoted_fallback,0.0093,0.0085,1.731183,1.000000,,159832,131008,original,original,false,0,0,true,0,exact_abs_or_rel,SKIP
as-735_G_517.mtx,auto_lossless_lb,all_one_lb,lossless_value_specialized,ok,none,accuracy_pass_runtime_loss,0.0097,0.0090,1.659794,0.958763,,0,131008,auto_lossless,all_one,true,1,0,true,0,exact_abs_or_rel,SKIP
as-735_G_517.mtx,fp16_lb,fp16_lb,controlled_lossy_value_specialized,ok,none,accuracy_pass_runtime_win,0.0090,0.0082,1.788889,1.033333,,39958,131008,fp16,fp16,false,0,0,false,0,spmv_max_rel,SKIP
as-735_G_517.mtx,bf16_lb,bf16_lb,controlled_lossy_value_specialized,ok,none,accuracy_pass_runtime_loss,0.0095,0.0086,1.694737,0.978947,,39958,131008,bf16,bf16,false,0,0,false,0,spmv_max_rel,SKIP
as-735_G_517.mtx,bfp8_lb,bfp8_lb,controlled_lossy_value_specialized,ok,none,accuracy_pass_runtime_loss,0.0104,0.0096,1.548077,0.894231,,52731,131008,bfp8,bfp8,false,0,0,false,0,spmv_max_rel,SKIP
as-735_G_517.mtx,bfp8_outlier_lb,bfp8_outlier_lb,controlled_lossy_value_specialized,ok,none,accuracy_pass_runtime_loss,0.0105,0.0087,1.533333,0.885714,,52731,131008,bfp8_outlier,bfp8_outlier,false,0,0,false,0,spmv_max_rel,SKIP
as-735_G_517.mtx,bfp4_lb,bfp4_lb,controlled_lossy_value_specialized,ok,none,accuracy_pass_runtime_loss,0.0131,0.0124,1.229008,0.709924,,42742,131008,bfp4,bfp4,false,0,0,false,0,spmv_max_rel,SKIP
as-735_G_517.mtx,hybrid_lb,hybrid_lb,structural_hybrid,ok,none,promoted_fallback,0.0121,0.0111,1.330579,0.768595,,159832,,original,raw_double,false,,,1,0,exact_abs_or_rel,SKIP
as-735_G_517.mtx,cusparse_default,cusparse_csr,external_baseline,ok,none,external_baseline,0.0161,0.0123,1.000000,0.577640,,159832,110784,original,original,false,,,true,0,exact_abs_or_rel,SKIP
as-735_G_525.mtx,original_lb,original_lb,load_balanced_traversal,ok,none,promoted_fallback,0.0094,0.0090,1.563830,1.000000,,160288,131544,original,original,false,0,0,true,0,exact_abs_or_rel,SKIP
as-735_G_525.mtx,auto_lossless_lb,all_one_lb,lossless_value_specialized,ok,none,accuracy_pass_runtime_win,0.0093,0.0087,1.580645,1.010753,,0,131544,auto_lossless,all_one,true,1,0,true,0,exact_abs_or_rel,SKIP
as-735_G_525.mtx,fp16_lb,fp16_lb,controlled_lossy_value_specialized,ok,none,accuracy_pass_runtime_loss,0.0097,0.0084,1.515464,0.969072,,40072,131544,fp16,fp16,false,0,0,false,0,spmv_max_rel,SKIP
as-735_G_525.mtx,bf16_lb,bf16_lb,controlled_lossy_value_specialized,ok,none,accuracy_pass_runtime_win,0.0089,0.0082,1.651685,1.056180,,40072,131544,bf16,bf16,false,0,0,false,0,spmv_max_rel,SKIP
as-735_G_525.mtx,bfp8_lb,bfp8_lb,controlled_lossy_value_specialized,ok,none,accuracy_pass_runtime_loss,0.0101,0.0088,1.455446,0.930693,,52922,131544,bfp8,bfp8,false,0,0,false,0,spmv_max_rel,SKIP
as-735_G_525.mtx,bfp8_outlier_lb,bfp8_outlier_lb,controlled_lossy_value_specialized,ok,none,accuracy_pass_runtime_loss,0.0104,0.0093,1.413462,0.903846,,52922,131544,bfp8_outlier,bfp8_outlier,false,0,0,false,0,spmv_max_rel,SKIP
as-735_G_525.mtx,bfp4_lb,bfp4_lb,controlled_lossy_value_specialized,ok,none,accuracy_pass_runtime_loss,0.0131,0.0126,1.122137,0.717557,,42904,131544,bfp4,bfp4,false,0,0,false,0,spmv_max_rel,SKIP
as-735_G_525.mtx,hybrid_lb,hybrid_lb,structural_hybrid,ok,none,promoted_fallback,0.0114,0.0100,1.289474,0.824561,,160288,,original,raw_double,false,,,1,0,exact_abs_or_rel,SKIP
as-735_G_525.mtx,cusparse_default,cusparse_csr,external_baseline,ok,none,external_baseline,0.0147,0.0123,1.000000,0.639456,,160288,111012,original,original,false,,,true,0,exact_abs_or_rel,SKIP
as-735_G_533.mtx,original_lb,original_lb,load_balanced_traversal,ok,none,promoted_fallback,0.0093,0.0085,1.688172,1.000000,,161560,132656,original,original,false,0,0,true,0,exact_abs_or_rel,SKIP
as-735_G_533.mtx,auto_lossless_lb,all_one_lb,lossless_value_specialized,ok,none,accuracy_pass_runtime_loss,0.0095,0.0087,1.652632,0.978947,,0,132656,auto_lossless,all_one,true,1,0,true,0,exact_abs_or_rel,SKIP
as-735_G_533.mtx,fp16_lb,fp16_lb,controlled_lossy_value_specialized,ok,none,accuracy_pass_runtime_loss,0.0093,0.0086,1.688172,1.000000,,40390,132656,fp16,fp16,false,0,0,false,0,spmv_max_rel,SKIP
as-735_G_533.mtx,bf16_lb,bf16_lb,controlled_lossy_value_specialized,ok,none,accuracy_pass_runtime_loss,0.0096,0.0089,1.635417,0.968750,,40390,132656,bf16,bf16,false,0,0,false,0,spmv_max_rel,SKIP
as-735_G_533.mtx,bfp8_lb,bfp8_lb,controlled_lossy_value_specialized,ok,none,accuracy_pass_runtime_loss,0.0101,0.0092,1.554455,0.920792,,53359,132656,bfp8,bfp8,false,0,0,false,0,spmv_max_rel,SKIP
as-735_G_533.mtx,bfp8_outlier_lb,bfp8_outlier_lb,controlled_lossy_value_specialized,ok,none,accuracy_pass_runtime_loss,0.0102,0.0092,1.539216,0.911765,,53359,132656,bfp8_outlier,bfp8_outlier,false,0,0,false,0,spmv_max_rel,SKIP
as-735_G_533.mtx,bfp4_lb,bfp4_lb,controlled_lossy_value_specialized,ok,none,accuracy_pass_runtime_loss,0.0142,0.0130,1.105634,0.654930,,43262,132656,bfp4,bfp4,false,0,0,false,0,spmv_max_rel,SKIP
as-735_G_533.mtx,hybrid_lb,hybrid_lb,structural_hybrid,ok,none,promoted_fallback,0.0115,0.0101,1.365217,0.808696,,161560,,original,raw_double,false,,,1,0,exact_abs_or_rel,SKIP
as-735_G_533.mtx,cusparse_default,cusparse_csr,external_baseline,ok,none,external_baseline,0.0157,0.0123,1.000000,0.592357,,161560,111648,original,original,false,,,true,0,exact_abs_or_rel,SKIP
as-735_G_541.mtx,original_lb,original_lb,load_balanced_traversal,ok,none,promoted_fallback,0.0098,0.0088,1.653061,1.000000,,163368,133992,original,original,false,0,0,true,0,exact_abs_or_rel,SKIP
as-735_G_541.mtx,auto_lossless_lb,all_one_lb,lossless_value_specialized,ok,none,accuracy_pass_runtime_loss,0.0102,0.0094,1.588235,0.960784,,0,133992,auto_lossless,all_one,true,1,0,true,0,exact_abs_or_rel,SKIP
as-735_G_541.mtx,fp16_lb,fp16_lb,controlled_lossy_value_specialized,ok,none,accuracy_pass_runtime_loss,0.0100,0.0091,1.620000,0.980000,,40842,133992,fp16,fp16,false,0,0,false,0,spmv_max_rel,SKIP
as-735_G_541.mtx,bf16_lb,bf16_lb,controlled_lossy_value_specialized,ok,none,accuracy_pass_runtime_loss,0.0100,0.0091,1.620000,0.980000,,40842,133992,bf16,bf16,false,0,0,false,0,spmv_max_rel,SKIP
as-735_G_541.mtx,bfp8_lb,bfp8_lb,controlled_lossy_value_specialized,ok,none,accuracy_pass_runtime_loss,0.0101,0.0093,1.603960,0.970297,,53919,133992,bfp8,bfp8,false,0,0,false,0,spmv_max_rel,SKIP
as-735_G_541.mtx,bfp8_outlier_lb,bfp8_outlier_lb,controlled_lossy_value_specialized,ok,none,accuracy_pass_runtime_loss,0.0100,0.0092,1.620000,0.980000,,53919,133992,bfp8_outlier,bfp8_outlier,false,0,0,false,0,spmv_max_rel,SKIP
as-735_G_541.mtx,bfp4_lb,bfp4_lb,controlled_lossy_value_specialized,ok,none,accuracy_pass_runtime_loss,0.0141,0.0133,1.148936,0.695035,,43709,133992,bfp4,bfp4,false,0,0,false,0,spmv_max_rel,SKIP
as-735_G_541.mtx,hybrid_lb,hybrid_lb,structural_hybrid,ok,none,promoted_fallback,0.0120,0.0104,1.350000,0.816667,,163368,,original,raw_double,false,,,1,0,exact_abs_or_rel,SKIP
as-735_G_541.mtx,cusparse_default,cusparse_csr,external_baseline,ok,none,external_baseline,0.0162,0.0123,1.000000,0.604938,,163368,112552,original,original,false,,,true,0,exact_abs_or_rel,SKIP
as-735_G_549.mtx,original_lb,original_lb,load_balanced_traversal,ok,none,promoted_fallback,0.0097,0.0089,1.587629,1.000000,,156216,128504,original,original,false,0,0,true,0,exact_abs_or_rel,SKIP
as-735_G_549.mtx,auto_lossless_lb,all_one_lb,lossless_value_specialized,ok,none,accuracy_pass_runtime_loss,0.0099,0.0092,1.555556,0.979798,,0,128504,auto_lossless,all_one,true,1,0,true,0,exact_abs_or_rel,SKIP
as-735_G_549.mtx,fp16_lb,fp16_lb,controlled_lossy_value_specialized,ok,none,accuracy_pass_runtime_win,0.0087,0.0080,1.770115,1.114943,,39054,128504,fp16,fp16,false,0,0,false,0,spmv_max_rel,SKIP
as-735_G_549.mtx,bf16_lb,bf16_lb,controlled_lossy_value_specialized,ok,none,accuracy_pass_runtime_win,0.0094,0.0083,1.638298,1.031915,,39054,128504,bf16,bf16,false,0,0,false,0,spmv_max_rel,SKIP
as-735_G_549.mtx,bfp8_lb,bfp8_lb,controlled_lossy_value_specialized,ok,none,accuracy_pass_runtime_win,0.0091,0.0089,1.692308,1.065934,,51653,128504,bfp8,bfp8,false,0,0,false,0,spmv_max_rel,SKIP
as-735_G_549.mtx,bfp8_outlier_lb,bfp8_outlier_lb,controlled_lossy_value_specialized,ok,none,accuracy_pass_runtime_win,0.0091,0.0087,1.692308,1.065934,,51653,128504,bfp8_outlier,bfp8_outlier,false,0,0,false,0,spmv_max_rel,SKIP
as-735_G_549.mtx,bfp4_lb,bfp4_lb,controlled_lossy_value_specialized,ok,none,accuracy_pass_runtime_loss,0.0132,0.0128,1.166667,0.734848,,41890,128504,bfp4,bfp4,false,0,0,false,0,spmv_max_rel,SKIP
as-735_G_549.mtx,hybrid_lb,hybrid_lb,structural_hybrid,ok,none,promoted_fallback,0.0118,0.0107,1.305085,0.822034,,156216,,original,raw_double,false,,,1,0,exact_abs_or_rel,SKIP
as-735_G_549.mtx,cusparse_default,cusparse_csr,external_baseline,ok,none,external_baseline,0.0154,0.0123,1.000000,0.629870,,156216,108976,original,original,false,,,true,0,exact_abs_or_rel,SKIP
as-735_G_557.mtx,original_lb,original_lb,load_balanced_traversal,ok,none,promoted_fallback,0.0093,0.0088,1.623656,1.000000,,167456,137560,original,original,false,0,0,true,0,exact_abs_or_rel,SKIP
as-735_G_557.mtx,auto_lossless_lb,all_one_lb,lossless_value_specialized,ok,none,accuracy_pass_runtime_loss,0.0094,0.0091,1.606383,0.989362,,0,137560,auto_lossless,all_one,true,1,0,true,0,exact_abs_or_rel,SKIP
as-735_G_557.mtx,fp16_lb,fp16_lb,controlled_lossy_value_specialized,ok,none,accuracy_pass_runtime_loss,0.0095,0.0086,1.589474,0.978947,,41864,137560,fp16,fp16,false,0,0,false,0,spmv_max_rel,SKIP
as-735_G_557.mtx,bf16_lb,bf16_lb,controlled_lossy_value_specialized,ok,none,accuracy_pass_runtime_loss,0.0106,0.0088,1.424528,0.877358,,41864,137560,bf16,bf16,false,0,0,false,0,spmv_max_rel,SKIP
as-735_G_557.mtx,bfp8_lb,bfp8_lb,controlled_lossy_value_specialized,ok,none,accuracy_pass_runtime_win,0.0092,0.0086,1.641304,1.010870,,55322,137560,bfp8,bfp8,false,0,0,false,0,spmv_max_rel,SKIP
as-735_G_557.mtx,bfp8_outlier_lb,bfp8_outlier_lb,controlled_lossy_value_specialized,ok,none,accuracy_pass_runtime_loss,0.0093,0.0087,1.623656,1.000000,,55322,137560,bfp8_outlier,bfp8_outlier,false,0,0,false,0,spmv_max_rel,SKIP
as-735_G_557.mtx,bfp4_lb,bfp4_lb,controlled_lossy_value_specialized,ok,none,accuracy_pass_runtime_loss,0.0144,0.0132,1.048611,0.645833,,44856,137560,bfp4,bfp4,false,0,0,false,0,spmv_max_rel,SKIP
as-735_G_557.mtx,hybrid_lb,hybrid_lb,structural_hybrid,ok,none,promoted_fallback,0.0115,0.0105,1.313043,0.808696,,167456,,original,raw_double,false,,,1,0,exact_abs_or_rel,SKIP
as-735_G_557.mtx,cusparse_default,cusparse_csr,external_baseline,ok,none,external_baseline,0.0151,0.0123,1.000000,0.615894,,167456,114596,original,original,false,,,true,0,exact_abs_or_rel,SKIP
as-735_G_565.mtx,original_lb,original_lb,load_balanced_traversal,ok,none,promoted_fallback,0.0095,0.0086,1.684211,1.000000,,168032,138080,original,original,false,0,0,true,0,exact_abs_or_rel,SKIP
as-735_G_565.mtx,auto_lossless_lb,all_one_lb,lossless_value_specialized,ok,none,accuracy_pass_runtime_loss,0.0098,0.0084,1.632653,0.969388,,0,138080,auto_lossless,all_one,true,1,0,true,0,exact_abs_or_rel,SKIP
as-735_G_565.mtx,fp16_lb,fp16_lb,controlled_lossy_value_specialized,ok,none,accuracy_pass_runtime_loss,0.0095,0.0084,1.684211,1.000000,,42008,138080,fp16,fp16,false,0,0,false,0,spmv_max_rel,SKIP
as-735_G_565.mtx,bf16_lb,bf16_lb,controlled_lossy_value_specialized,ok,none,accuracy_pass_runtime_loss,0.0109,0.0095,1.467890,0.871560,,42008,138080,bf16,bf16,false,0,0,false,0,spmv_max_rel,SKIP
as-735_G_565.mtx,bfp8_lb,bfp8_lb,controlled_lossy_value_specialized,ok,none,accuracy_pass_runtime_loss,0.0096,0.0089,1.666667,0.989583,,55524,138080,bfp8,bfp8,false,0,0,false,0,spmv_max_rel,SKIP
as-735_G_565.mtx,bfp8_outlier_lb,bfp8_outlier_lb,controlled_lossy_value_specialized,ok,none,accuracy_pass_runtime_win,0.0094,0.0085,1.702128,1.010638,,55524,138080,bfp8_outlier,bfp8_outlier,false,0,0,false,0,spmv_max_rel,SKIP
as-735_G_565.mtx,bfp4_lb,bfp4_lb,controlled_lossy_value_specialized,ok,none,accuracy_pass_runtime_loss,0.0141,0.0125,1.134752,0.673759,,45022,138080,bfp4,bfp4,false,0,0,false,0,spmv_max_rel,SKIP
as-735_G_565.mtx,hybrid_lb,hybrid_lb,structural_hybrid,ok,none,promoted_fallback,0.0124,0.0105,1.290323,0.766129,,168032,,original,raw_double,false,,,1,0,exact_abs_or_rel,SKIP
as-735_G_565.mtx,cusparse_default,cusparse_csr,external_baseline,ok,none,external_baseline,0.0160,0.0123,1.000000,0.593750,,168032,114884,original,original,false,,,true,0,exact_abs_or_rel,SKIP
as-735_G_573.mtx,original_lb,original_lb,load_balanced_traversal,ok,none,promoted_fallback,0.0097,0.0090,1.659794,1.000000,,169336,138968,original,original,false,0,0,true,0,exact_abs_or_rel,SKIP
as-735_G_573.mtx,auto_lossless_lb,all_one_lb,lossless_value_specialized,ok,none,accuracy_pass_runtime_loss,0.0102,0.0093,1.578431,0.950980,,0,138968,auto_lossless,all_one,true,1,0,true,0,exact_abs_or_rel,SKIP
as-735_G_573.mtx,fp16_lb,fp16_lb,controlled_lossy_value_specialized,ok,none,accuracy_pass_runtime_win,0.0090,0.0084,1.788889,1.077778,,42334,138968,fp16,fp16,false,0,0,false,0,spmv_max_rel,SKIP
as-735_G_573.mtx,bf16_lb,bf16_lb,controlled_lossy_value_specialized,ok,none,accuracy_pass_runtime_win,0.0090,0.0078,1.788889,1.077778,,42334,138968,bf16,bf16,false,0,0,false,0,spmv_max_rel,SKIP
as-735_G_573.mtx,bfp8_lb,bfp8_lb,controlled_lossy_value_specialized,ok,none,accuracy_pass_runtime_win,0.0095,0.0086,1.694737,1.021053,,55909,138968,bfp8,bfp8,false,0,0,false,0,spmv_max_rel,SKIP
as-735_G_573.mtx,bfp8_outlier_lb,bfp8_outlier_lb,controlled_lossy_value_specialized,ok,none,accuracy_pass_runtime_win,0.0095,0.0091,1.694737,1.021053,,55909,138968,bfp8_outlier,bfp8_outlier,false,0,0,false,0,spmv_max_rel,SKIP
as-735_G_573.mtx,bfp4_lb,bfp4_lb,controlled_lossy_value_specialized,ok,none,accuracy_pass_runtime_loss,0.0134,0.0127,1.201493,0.723881,,45326,138968,bfp4,bfp4,false,0,0,false,0,spmv_max_rel,SKIP
as-735_G_573.mtx,hybrid_lb,hybrid_lb,structural_hybrid,ok,none,promoted_fallback,0.0119,0.0109,1.352941,0.815126,,169336,,original,raw_double,false,,,1,0,exact_abs_or_rel,SKIP
as-735_G_573.mtx,cusparse_default,cusparse_csr,external_baseline,ok,none,external_baseline,0.0161,0.0123,1.000000,0.602484,,169336,115536,original,original,false,,,true,0,exact_abs_or_rel,SKIP
as-735_G_581.mtx,original_lb,original_lb,load_balanced_traversal,ok,none,promoted_fallback,0.0096,0.0078,1.708333,1.000000,,171672,141120,original,original,false,0,0,true,0,exact_abs_or_rel,SKIP
as-735_G_581.mtx,auto_lossless_lb,all_one_lb,lossless_value_specialized,ok,none,accuracy_pass_runtime_loss,0.0100,0.0092,1.640000,0.960000,,0,141120,auto_lossless,all_one,true,1,0,true,0,exact_abs_or_rel,SKIP
as-735_G_581.mtx,fp16_lb,fp16_lb,controlled_lossy_value_specialized,ok,none,accuracy_pass_runtime_win,0.0091,0.0075,1.802198,1.054945,,42918,141120,fp16,fp16,false,0,0,false,0,spmv_max_rel,SKIP
as-735_G_581.mtx,bf16_lb,bf16_lb,controlled_lossy_value_specialized,ok,none,accuracy_pass_runtime_loss,0.0098,0.0082,1.673469,0.979592,,42918,141120,bf16,bf16,false,0,0,false,0,spmv_max_rel,SKIP
as-735_G_581.mtx,bfp8_lb,bfp8_lb,controlled_lossy_value_specialized,ok,none,accuracy_pass_runtime_loss,0.0110,0.0100,1.490909,0.872727,,56739,141120,bfp8,bfp8,false,0,0,false,0,spmv_max_rel,SKIP
as-735_G_581.mtx,bfp8_outlier_lb,bfp8_outlier_lb,controlled_lossy_value_specialized,ok,none,accuracy_pass_runtime_loss,0.0101,0.0093,1.623762,0.950495,,56739,141120,bfp8_outlier,bfp8_outlier,false,0,0,false,0,spmv_max_rel,SKIP
as-735_G_581.mtx,bfp4_lb,bfp4_lb,controlled_lossy_value_specialized,ok,none,accuracy_pass_runtime_loss,0.0136,0.0126,1.205882,0.705882,,46010,141120,bfp4,bfp4,false,0,0,false,0,spmv_max_rel,SKIP
as-735_G_581.mtx,hybrid_lb,hybrid_lb,structural_hybrid,ok,none,promoted_fallback,0.0117,0.0108,1.401709,0.820513,,171672,,original,raw_double,false,,,1,0,exact_abs_or_rel,SKIP
as-735_G_581.mtx,cusparse_default,cusparse_csr,external_baseline,ok,none,external_baseline,0.0164,0.0123,1.000000,0.585366,,171672,116704,original,original,false,,,true,0,exact_abs_or_rel,SKIP
as-735_G_589.mtx,original_lb,original_lb,load_balanced_traversal,ok,none,promoted_fallback,0.0097,0.0088,1.628866,1.000000,,174224,143352,original,original,false,0,0,true,0,exact_abs_or_rel,SKIP
as-735_G_589.mtx,auto_lossless_lb,all_one_lb,lossless_value_specialized,ok,none,accuracy_pass_runtime_loss,0.0106,0.0097,1.490566,0.915094,,0,143352,auto_lossless,all_one,true,1,0,true,0,exact_abs_or_rel,SKIP
as-735_G_589.mtx,fp16_lb,fp16_lb,controlled_lossy_value_specialized,ok,none,accuracy_pass_runtime_win,0.0094,0.0091,1.680851,1.031915,,43556,143352,fp16,fp16,false,0,0,false,0,spmv_max_rel,SKIP
as-735_G_589.mtx,bf16_lb,bf16_lb,controlled_lossy_value_specialized,ok,none,accuracy_pass_runtime_win,0.0095,0.0083,1.663158,1.021053,,43556,143352,bf16,bf16,false,0,0,false,0,spmv_max_rel,SKIP
as-735_G_589.mtx,bfp8_lb,bfp8_lb,controlled_lossy_value_specialized,ok,none,accuracy_pass_runtime_loss,0.0100,0.0092,1.580000,0.970000,,57616,143352,bfp8,bfp8,false,0,0,false,0,spmv_max_rel,SKIP
as-735_G_589.mtx,bfp8_outlier_lb,bfp8_outlier_lb,controlled_lossy_value_specialized,ok,none,accuracy_pass_runtime_loss,0.0099,0.0092,1.595960,0.979798,,57616,143352,bfp8_outlier,bfp8_outlier,false,0,0,false,0,spmv_max_rel,SKIP
as-735_G_589.mtx,bfp4_lb,bfp4_lb,controlled_lossy_value_specialized,ok,none,accuracy_pass_runtime_loss,0.0134,0.0126,1.179104,0.723881,,46727,143352,bfp4,bfp4,false,0,0,false,0,spmv_max_rel,SKIP
as-735_G_589.mtx,hybrid_lb,hybrid_lb,structural_hybrid,ok,none,promoted_fallback,0.0120,0.0109,1.316667,0.808333,,174224,,original,raw_double,false,,,1,0,exact_abs_or_rel,SKIP
as-735_G_589.mtx,cusparse_default,cusparse_csr,external_baseline,ok,none,external_baseline,0.0158,0.0123,1.000000,0.613924,,174224,117980,original,original,false,,,true,0,exact_abs_or_rel,SKIP
as-735_G_597.mtx,original_lb,original_lb,load_balanced_traversal,ok,none,promoted_fallback,0.0098,0.0078,1.612245,1.000000,,175752,144312,original,original,false,0,0,true,0,exact_abs_or_rel,SKIP
as-735_G_597.mtx,auto_lossless_lb,all_one_lb,lossless_value_specialized,ok,none,accuracy_pass_runtime_loss,0.0101,0.0081,1.564356,0.970297,,0,144312,auto_lossless,all_one,true,1,0,true,0,exact_abs_or_rel,SKIP
as-735_G_597.mtx,fp16_lb,fp16_lb,controlled_lossy_value_specialized,ok,none,accuracy_pass_runtime_win,0.0095,0.0078,1.663158,1.031579,,43938,144312,fp16,fp16,false,0,0,false,0,spmv_max_rel,SKIP
as-735_G_597.mtx,bf16_lb,bf16_lb,controlled_lossy_value_specialized,ok,none,accuracy_pass_runtime_win,0.0092,0.0084,1.717391,1.065217,,43938,144312,bf16,bf16,false,0,0,false,0,spmv_max_rel,SKIP
as-735_G_597.mtx,bfp8_lb,bfp8_lb,controlled_lossy_value_specialized,ok,none,accuracy_pass_runtime_loss,0.0100,0.0090,1.580000,0.980000,,58047,144312,bfp8,bfp8,false,0,0,false,0,spmv_max_rel,SKIP
as-735_G_597.mtx,bfp8_outlier_lb,bfp8_outlier_lb,controlled_lossy_value_specialized,ok,none,accuracy_pass_runtime_win,0.0097,0.0088,1.628866,1.010309,,58047,144312,bfp8_outlier,bfp8_outlier,false,0,0,false,0,spmv_max_rel,SKIP
as-735_G_597.mtx,bfp4_lb,bfp4_lb,controlled_lossy_value_specialized,ok,none,accuracy_pass_runtime_loss,0.0135,0.0126,1.170370,0.725926,,47063,144312,bfp4,bfp4,false,0,0,false,0,spmv_max_rel,SKIP
as-735_G_597.mtx,hybrid_lb,hybrid_lb,structural_hybrid,ok,none,promoted_fallback,0.0116,0.0096,1.362069,0.844828,,175752,,original,raw_double,false,,,1,0,exact_abs_or_rel,SKIP
as-735_G_597.mtx,cusparse_default,cusparse_csr,external_baseline,ok,none,external_baseline,0.0158,0.0123,1.000000,0.620253,,175752,118744,original,original,false,,,true,0,exact_abs_or_rel,SKIP
as-735_G_605.mtx,original_lb,original_lb,load_balanced_traversal,ok,none,promoted_fallback,0.0095,0.0087,1.684211,1.000000,,177032,145240,original,original,false,0,0,true,0,exact_abs_or_rel,SKIP
as-735_G_605.mtx,auto_lossless_lb,all_one_lb,lossless_value_specialized,ok,none,accuracy_pass_runtime_loss,0.0099,0.0091,1.616162,0.959596,,0,145240,auto_lossless,all_one,true,1,0,true,0,exact_abs_or_rel,SKIP
as-735_G_605.mtx,fp16_lb,fp16_lb,controlled_lossy_value_specialized,ok,none,accuracy_pass_runtime_loss,0.0099,0.0087,1.616162,0.959596,,44258,145240,fp16,fp16,false,0,0,false,0,spmv_max_rel,SKIP
as-735_G_605.mtx,bf16_lb,bf16_lb,controlled_lossy_value_specialized,ok,none,accuracy_pass_runtime_loss,0.0095,0.0085,1.684211,1.000000,,44258,145240,bf16,bf16,false,0,0,false,0,spmv_max_rel,SKIP
as-735_G_605.mtx,bfp8_lb,bfp8_lb,controlled_lossy_value_specialized,ok,none,accuracy_pass_runtime_win,0.0094,0.0084,1.702128,1.010638,,58439,145240,bfp8,bfp8,false,0,0,false,0,spmv_max_rel,SKIP
as-735_G_605.mtx,bfp8_outlier_lb,bfp8_outlier_lb,controlled_lossy_value_specialized,ok,none,accuracy_pass_runtime_loss,0.0095,0.0087,1.684211,1.000000,,58439,145240,bfp8_outlier,bfp8_outlier,false,0,0,false,0,spmv_max_rel,SKIP
as-735_G_605.mtx,bfp4_lb,bfp4_lb,controlled_lossy_value_specialized,ok,none,accuracy_pass_runtime_loss,0.0141,0.0131,1.134752,0.673759,,47375,145240,bfp4,bfp4,false,0,0,false,0,spmv_max_rel,SKIP
as-735_G_605.mtx,hybrid_lb,hybrid_lb,structural_hybrid,ok,none,promoted_fallback,0.0129,0.0116,1.240310,0.736434,,177032,,original,raw_double,false,,,1,0,exact_abs_or_rel,SKIP
as-735_G_605.mtx,cusparse_default,cusparse_csr,external_baseline,ok,none,external_baseline,0.0160,0.0123,1.000000,0.593750,,177032,119384,original,original,false,,,true,0,exact_abs_or_rel,SKIP
as-735_G_613.mtx,original_lb,original_lb,load_balanced_traversal,ok,none,promoted_fallback,0.0095,0.0078,1.715789,1.000000,,178008,146200,original,original,false,0,0,true,0,exact_abs_or_rel,SKIP
as-735_G_613.mtx,auto_lossless_lb,all_one_lb,lossless_value_specialized,ok,none,accuracy_pass_runtime_loss,0.0100,0.0092,1.630000,0.950000,,0,146200,auto_lossless,all_one,true,1,0,true,0,exact_abs_or_rel,SKIP
as-735_G_613.mtx,fp16_lb,fp16_lb,controlled_lossy_value_specialized,ok,none,accuracy_pass_runtime_win,0.0094,0.0078,1.734043,1.010638,,44502,146200,fp16,fp16,false,0,0,false,0,spmv_max_rel,SKIP
as-735_G_613.mtx,bf16_lb,bf16_lb,controlled_lossy_value_specialized,ok,none,accuracy_pass_runtime_loss,0.0097,0.0078,1.680412,0.979381,,44502,146200,bf16,bf16,false,0,0,false,0,spmv_max_rel,SKIP
as-735_G_613.mtx,bfp8_lb,bfp8_lb,controlled_lossy_value_specialized,ok,none,accuracy_pass_runtime_loss,0.0102,0.0098,1.598039,0.931373,,58801,146200,bfp8,bfp8,false,0,0,false,0,spmv_max_rel,SKIP
as-735_G_613.mtx,bfp8_outlier_lb,bfp8_outlier_lb,controlled_lossy_value_specialized,ok,none,accuracy_pass_runtime_loss,0.0100,0.0090,1.630000,0.950000,,58801,146200,bfp8_outlier,bfp8_outlier,false,0,0,false,0,spmv_max_rel,SKIP
as-735_G_613.mtx,bfp4_lb,bfp4_lb,controlled_lossy_value_specialized,ok,none,accuracy_pass_runtime_loss,0.0149,0.0141,1.093960,0.637584,,47676,146200,bfp4,bfp4,false,0,0,false,0,spmv_max_rel,SKIP
as-735_G_613.mtx,hybrid_lb,hybrid_lb,structural_hybrid,ok,none,promoted_fallback,0.0119,0.0104,1.369748,0.798319,,178008,,original,raw_double,false,,,1,0,exact_abs_or_rel,SKIP
as-735_G_613.mtx,cusparse_default,cusparse_csr,external_baseline,ok,none,external_baseline,0.0163,0.0123,1.000000,0.582822,,178008,119872,original,original,false,,,true,0,exact_abs_or_rel,SKIP
as-735_G_621.mtx,original_lb,original_lb,load_balanced_traversal,ok,none,promoted_fallback,0.0095,0.0082,1.842105,1.000000,,178624,146656,original,original,false,0,0,true,0,exact_abs_or_rel,SKIP
as-735_G_621.mtx,auto_lossless_lb,all_one_lb,lossless_value_specialized,ok,none,accuracy_pass_runtime_loss,0.0098,0.0079,1.785714,0.969388,,0,146656,auto_lossless,all_one,true,1,0,true,0,exact_abs_or_rel,SKIP
as-735_G_621.mtx,fp16_lb,fp16_lb,controlled_lossy_value_specialized,ok,none,accuracy_pass_runtime_loss,0.0096,0.0079,1.822917,0.989583,,44656,146656,fp16,fp16,false,0,0,false,0,spmv_max_rel,SKIP
as-735_G_621.mtx,bf16_lb,bf16_lb,controlled_lossy_value_specialized,ok,none,accuracy_pass_runtime_loss,0.0097,0.0080,1.804124,0.979381,,44656,146656,bf16,bf16,false,0,0,false,0,spmv_max_rel,SKIP
as-735_G_621.mtx,bfp8_lb,bfp8_lb,controlled_lossy_value_specialized,ok,none,accuracy_pass_runtime_win,0.0094,0.0085,1.861702,1.010638,,58992,146656,bfp8,bfp8,false,0,0,false,0,spmv_max_rel,SKIP
as-735_G_621.mtx,bfp8_outlier_lb,bfp8_outlier_lb,controlled_lossy_value_specialized,ok,none,accuracy_pass_runtime_loss,0.0098,0.0086,1.785714,0.969388,,58992,146656,bfp8_outlier,bfp8_outlier,false,0,0,false,0,spmv_max_rel,SKIP
as-735_G_621.mtx,bfp4_lb,bfp4_lb,controlled_lossy_value_specialized,ok,none,accuracy_pass_runtime_loss,0.0140,0.0132,1.250000,0.678571,,47828,146656,bfp4,bfp4,false,0,0,false,0,spmv_max_rel,SKIP
as-735_G_621.mtx,hybrid_lb,hybrid_lb,structural_hybrid,ok,none,promoted_fallback,0.0129,0.0108,1.356589,0.736434,,178624,,original,raw_double,false,,,1,0,exact_abs_or_rel,SKIP
as-735_G_621.mtx,cusparse_default,cusparse_csr,external_baseline,ok,none,external_baseline,0.0175,0.0123,1.000000,0.542857,,178624,120180,original,original,false,,,true,0,exact_abs_or_rel,SKIP
as-735_G_629.mtx,original_lb,original_lb,load_balanced_traversal,ok,none,promoted_fallback,0.0098,0.0078,1.540816,1.000000,,180216,148072,original,original,false,0,0,true,0,exact_abs_or_rel,SKIP
as-735_G_629.mtx,auto_lossless_lb,all_one_lb,lossless_value_specialized,ok,none,accuracy_pass_runtime_loss,0.0102,0.0083,1.480392,0.960784,,0,148072,auto_lossless,all_one,true,1,0,true,0,exact_abs_or_rel,SKIP
as-735_G_629.mtx,fp16_lb,fp16_lb,controlled_lossy_value_specialized,ok,none,accuracy_pass_runtime_loss,0.0114,0.0097,1.324561,0.859649,,45054,148072,fp16,fp16,false,0,0,false,0,spmv_max_rel,SKIP
as-735_G_629.mtx,bf16_lb,bf16_lb,controlled_lossy_value_specialized,ok,none,accuracy_pass_runtime_loss,0.0107,0.0089,1.411215,0.915888,,45054,148072,bf16,bf16,false,0,0,false,0,spmv_max_rel,SKIP
as-735_G_629.mtx,bfp8_lb,bfp8_lb,controlled_lossy_value_specialized,ok,none,accuracy_pass_runtime_loss,0.0098,0.0083,1.540816,1.000000,,59545,148072,bfp8,bfp8,false,0,0,false,0,spmv_max_rel,SKIP
as-735_G_629.mtx,bfp8_outlier_lb,bfp8_outlier_lb,controlled_lossy_value_specialized,ok,none,accuracy_pass_runtime_loss,0.0102,0.0085,1.480392,0.960784,,59545,148072,bfp8_outlier,bfp8_outlier,false,0,0,false,0,spmv_max_rel,SKIP
as-735_G_629.mtx,bfp4_lb,bfp4_lb,controlled_lossy_value_specialized,ok,none,accuracy_pass_runtime_loss,0.0143,0.0130,1.055944,0.685315,,48282,148072,bfp4,bfp4,false,0,0,false,0,spmv_max_rel,SKIP
as-735_G_629.mtx,hybrid_lb,hybrid_lb,structural_hybrid,ok,none,promoted_fallback,0.0116,0.0107,1.301724,0.844828,,180216,,original,raw_double,false,,,1,0,exact_abs_or_rel,SKIP
as-735_G_629.mtx,cusparse_default,cusparse_csr,external_baseline,ok,none,external_baseline,0.0151,0.0123,1.000000,0.649007,,180216,120976,original,original,false,,,true,0,exact_abs_or_rel,SKIP
as-735_G_637.mtx,original_lb,original_lb,load_balanced_traversal,ok,none,promoted_fallback,0.0092,0.0088,1.586957,1.000000,,181536,149000,original,original,false,0,0,true,0,exact_abs_or_rel,SKIP
as-735_G_637.mtx,auto_lossless_lb,all_one_lb,lossless_value_specialized,ok,none,accuracy_pass_runtime_loss,0.0093,0.0082,1.569892,0.989247,,0,149000,auto_lossless,all_one,true,1,0,true,0,exact_abs_or_rel,SKIP
as-735_G_637.mtx,fp16_lb,fp16_lb,controlled_lossy_value_specialized,ok,none,accuracy_pass_runtime_loss,0.0094,0.0087,1.553191,0.978723,,45384,149000,fp16,fp16,false,0,0,false,0,spmv_max_rel,SKIP
as-735_G_637.mtx,bf16_lb,bf16_lb,controlled_lossy_value_specialized,ok,none,accuracy_pass_runtime_loss,0.0095,0.0087,1.536842,0.968421,,45384,149000,bf16,bf16,false,0,0,false,0,spmv_max_rel,SKIP
as-735_G_637.mtx,bfp8_lb,bfp8_lb,controlled_lossy_value_specialized,ok,none,accuracy_pass_runtime_win,0.0089,0.0082,1.640449,1.033708,,59942,149000,bfp8,bfp8,false,0,0,false,0,spmv_max_rel,SKIP
as-735_G_637.mtx,bfp8_outlier_lb,bfp8_outlier_lb,controlled_lossy_value_specialized,ok,none,accuracy_pass_runtime_loss,0.0094,0.0086,1.553191,0.978723,,59942,149000,bfp8_outlier,bfp8_outlier,false,0,0,false,0,spmv_max_rel,SKIP
as-735_G_637.mtx,bfp4_lb,bfp4_lb,controlled_lossy_value_specialized,ok,none,accuracy_pass_runtime_loss,0.0142,0.0129,1.028169,0.647887,,48596,149000,bfp4,bfp4,false,0,0,false,0,spmv_max_rel,SKIP
as-735_G_637.mtx,hybrid_lb,hybrid_lb,structural_hybrid,ok,none,promoted_fallback,0.0120,0.0105,1.216667,0.766667,,181536,,original,raw_double,false,,,1,0,exact_abs_or_rel,SKIP
as-735_G_637.mtx,cusparse_default,cusparse_csr,external_baseline,ok,none,external_baseline,0.0146,0.0123,1.000000,0.630137,,181536,121636,original,original,false,,,true,0,exact_abs_or_rel,SKIP
as-735_G_645.mtx,original_lb,original_lb,load_balanced_traversal,ok,none,promoted_fallback,0.0092,0.0084,1.695652,1.000000,,182592,149936,original,original,false,0,0,true,0,exact_abs_or_rel,SKIP
as-735_G_645.mtx,auto_lossless_lb,all_one_lb,lossless_value_specialized,ok,none,accuracy_pass_runtime_loss,0.0095,0.0089,1.642105,0.968421,,0,149936,auto_lossless,all_one,true,1,0,true,0,exact_abs_or_rel,SKIP
as-735_G_645.mtx,fp16_lb,fp16_lb,controlled_lossy_value_specialized,ok,none,accuracy_pass_runtime_loss,0.0095,0.0086,1.642105,0.968421,,45648,149936,fp16,fp16,false,0,0,false,0,spmv_max_rel,SKIP
as-735_G_645.mtx,bf16_lb,bf16_lb,controlled_lossy_value_specialized,ok,none,accuracy_pass_runtime_loss,0.0099,0.0084,1.575758,0.929293,,45648,149936,bf16,bf16,false,0,0,false,0,spmv_max_rel,SKIP
as-735_G_645.mtx,bfp8_lb,bfp8_lb,controlled_lossy_value_specialized,ok,none,accuracy_pass_runtime_loss,0.0098,0.0084,1.591837,0.938776,,60308,149936,bfp8,bfp8,false,0,0,false,0,spmv_max_rel,SKIP
as-735_G_645.mtx,bfp8_outlier_lb,bfp8_outlier_lb,controlled_lossy_value_specialized,ok,none,accuracy_pass_runtime_loss,0.0097,0.0092,1.608247,0.948454,,60308,149936,bfp8_outlier,bfp8_outlier,false,0,0,false,0,spmv_max_rel,SKIP
as-735_G_645.mtx,bfp4_lb,bfp4_lb,controlled_lossy_value_specialized,ok,none,accuracy_pass_runtime_loss,0.0146,0.0133,1.068493,0.630137,,48896,149936,bfp4,bfp4,false,0,0,false,0,spmv_max_rel,SKIP
as-735_G_645.mtx,hybrid_lb,hybrid_lb,structural_hybrid,ok,none,promoted_fallback,0.0132,0.0110,1.181818,0.696970,,182592,,original,raw_double,false,,,1,0,exact_abs_or_rel,SKIP
as-735_G_645.mtx,cusparse_default,cusparse_csr,external_baseline,ok,none,external_baseline,0.0156,0.0123,1.000000,0.589744,,182592,122164,original,original,false,,,true,0,exact_abs_or_rel,SKIP
as-735_G_653.mtx,original_lb,original_lb,load_balanced_traversal,ok,none,promoted_fallback,0.0092,0.0087,1.717391,1.000000,,183952,150864,original,original,false,0,0,true,0,exact_abs_or_rel,SKIP
as-735_G_653.mtx,auto_lossless_lb,all_one_lb,lossless_value_specialized,ok,none,accuracy_pass_runtime_loss,0.0094,0.0083,1.680851,0.978723,,0,150864,auto_lossless,all_one,true,1,0,true,0,exact_abs_or_rel,SKIP
as-735_G_653.mtx,fp16_lb,fp16_lb,controlled_lossy_value_specialized,ok,none,accuracy_pass_runtime_loss,0.0094,0.0087,1.680851,0.978723,,45988,150864,fp16,fp16,false,0,0,false,0,spmv_max_rel,SKIP
as-735_G_653.mtx,bf16_lb,bf16_lb,controlled_lossy_value_specialized,ok,none,accuracy_pass_runtime_loss,0.0097,0.0084,1.628866,0.948454,,45988,150864,bf16,bf16,false,0,0,false,0,spmv_max_rel,SKIP
as-735_G_653.mtx,bfp8_lb,bfp8_lb,controlled_lossy_value_specialized,ok,none,accuracy_pass_runtime_loss,0.0100,0.0090,1.580000,0.920000,,60710,150864,bfp8,bfp8,false,0,0,false,0,spmv_max_rel,SKIP
as-735_G_653.mtx,bfp8_outlier_lb,bfp8_outlier_lb,controlled_lossy_value_specialized,ok,none,accuracy_pass_runtime_loss,0.0108,0.0095,1.462963,0.851852,,60710,150864,bfp8_outlier,bfp8_outlier,false,0,0,false,0,spmv_max_rel,SKIP
as-735_G_653.mtx,bfp4_lb,bfp4_lb,controlled_lossy_value_specialized,ok,none,accuracy_pass_runtime_loss,0.0137,0.0124,1.153285,0.671533,,49213,150864,bfp4,bfp4,false,0,0,false,0,spmv_max_rel,SKIP
as-735_G_653.mtx,hybrid_lb,hybrid_lb,structural_hybrid,ok,none,promoted_fallback,0.0119,0.0111,1.327731,0.773109,,183952,,original,raw_double,false,,,1,0,exact_abs_or_rel,SKIP
as-735_G_653.mtx,cusparse_default,cusparse_csr,external_baseline,ok,none,external_baseline,0.0158,0.0123,1.000000,0.582278,,183952,122844,original,original,false,,,true,0,exact_abs_or_rel,SKIP
as-735_G_661.mtx,original_lb,original_lb,load_balanced_traversal,ok,none,promoted_fallback,0.0095,0.0078,1.705263,1.000000,,187872,154016,original,original,false,0,0,true,0,exact_abs_or_rel,SKIP
as-735_G_661.mtx,auto_lossless_lb,all_one_lb,lossless_value_specialized,ok,none,accuracy_pass_runtime_loss,0.0096,0.0088,1.687500,0.989583,,0,154016,auto_lossless,all_one,true,1,0,true,0,exact_abs_or_rel,SKIP
as-735_G_661.mtx,fp16_lb,fp16_lb,controlled_lossy_value_specialized,ok,none,accuracy_pass_runtime_loss,0.0099,0.0079,1.636364,0.959596,,46968,154016,fp16,fp16,false,0,0,false,0,spmv_max_rel,SKIP
as-735_G_661.mtx,bf16_lb,bf16_lb,controlled_lossy_value_specialized,ok,none,accuracy_pass_runtime_win,0.0092,0.0083,1.760870,1.032609,,46968,154016,bf16,bf16,false,0,0,false,0,spmv_max_rel,SKIP
as-735_G_661.mtx,bfp8_lb,bfp8_lb,controlled_lossy_value_specialized,ok,none,accuracy_pass_runtime_loss,0.0107,0.0100,1.514019,0.887850,,61988,154016,bfp8,bfp8,false,0,0,false,0,spmv_max_rel,SKIP
as-735_G_661.mtx,bfp8_outlier_lb,bfp8_outlier_lb,controlled_lossy_value_specialized,ok,none,accuracy_pass_runtime_loss,0.0101,0.0092,1.603960,0.940594,,61988,154016,bfp8_outlier,bfp8_outlier,false,0,0,false,0,spmv_max_rel,SKIP
as-735_G_661.mtx,bfp4_lb,bfp4_lb,controlled_lossy_value_specialized,ok,none,accuracy_pass_runtime_loss,0.0139,0.0126,1.165468,0.683453,,50246,154016,bfp4,bfp4,false,0,0,false,0,spmv_max_rel,SKIP
as-735_G_661.mtx,hybrid_lb,hybrid_lb,structural_hybrid,ok,none,promoted_fallback,0.0113,0.0098,1.433628,0.840708,,187872,,original,raw_double,false,,,1,0,exact_abs_or_rel,SKIP
as-735_G_661.mtx,cusparse_default,cusparse_csr,external_baseline,ok,none,external_baseline,0.0162,0.0123,1.000000,0.586420,,187872,124804,original,original,false,,,true,0,exact_abs_or_rel,SKIP
as-735_G_669.mtx,original_lb,original_lb,load_balanced_traversal,ok,none,promoted_fallback,0.0098,0.0085,1.663265,1.000000,,190320,155808,original,original,false,0,0,true,0,exact_abs_or_rel,SKIP
as-735_G_669.mtx,auto_lossless_lb,all_one_lb,lossless_value_specialized,ok,none,accuracy_pass_runtime_win,0.0092,0.0075,1.771739,1.065217,,0,155808,auto_lossless,all_one,true,1,0,true,0,exact_abs_or_rel,SKIP
as-735_G_669.mtx,fp16_lb,fp16_lb,controlled_lossy_value_specialized,ok,none,accuracy_pass_runtime_win,0.0091,0.0082,1.791209,1.076923,,47580,155808,fp16,fp16,false,0,0,false,0,spmv_max_rel,SKIP
as-735_G_669.mtx,bf16_lb,bf16_lb,controlled_lossy_value_specialized,ok,none,accuracy_pass_runtime_win,0.0091,0.0076,1.791209,1.076923,,47580,155808,bf16,bf16,false,0,0,false,0,spmv_max_rel,SKIP
as-735_G_669.mtx,bfp8_lb,bfp8_lb,controlled_lossy_value_specialized,ok,none,accuracy_pass_runtime_loss,0.0101,0.0096,1.613861,0.970297,,62742,155808,bfp8,bfp8,false,0,0,false,0,spmv_max_rel,SKIP
as-735_G_669.mtx,bfp8_outlier_lb,bfp8_outlier_lb,controlled_lossy_value_specialized,ok,none,accuracy_pass_runtime_win,0.0097,0.0085,1.680412,1.010309,,62742,155808,bfp8_outlier,bfp8_outlier,false,0,0,false,0,spmv_max_rel,SKIP
as-735_G_669.mtx,bfp4_lb,bfp4_lb,controlled_lossy_value_specialized,ok,none,accuracy_pass_runtime_loss,0.0140,0.0131,1.164286,0.700000,,50847,155808,bfp4,bfp4,false,0,0,false,0,spmv_max_rel,SKIP
as-735_G_669.mtx,hybrid_lb,hybrid_lb,structural_hybrid,ok,none,promoted_fallback,0.0126,0.0110,1.293651,0.777778,,190320,,original,raw_double,false,,,1,0,exact_abs_or_rel,SKIP
as-735_G_669.mtx,cusparse_default,cusparse_csr,external_baseline,ok,none,external_baseline,0.0163,0.0123,1.000000,0.601227,,190320,126028,original,original,false,,,true,0,exact_abs_or_rel,SKIP
as-735_G_677.mtx,original_lb,original_lb,load_balanced_traversal,ok,none,promoted_fallback,0.0097,0.0086,1.536082,1.000000,,191584,156816,original,original,false,0,0,true,0,exact_abs_or_rel,SKIP
as-735_G_677.mtx,auto_lossless_lb,all_one_lb,lossless_value_specialized,ok,none,accuracy_pass_runtime_win,0.0094,0.0081,1.585106,1.031915,,0,156816,auto_lossless,all_one,true,1,0,true,0,exact_abs_or_rel,SKIP
as-735_G_677.mtx,fp16_lb,fp16_lb,controlled_lossy_value_specialized,ok,none,accuracy_pass_runtime_loss,0.0099,0.0083,1.505051,0.979798,,47896,156816,fp16,fp16,false,0,0,false,0,spmv_max_rel,SKIP
as-735_G_677.mtx,bf16_lb,bf16_lb,controlled_lossy_value_specialized,ok,none,accuracy_pass_runtime_win,0.0094,0.0082,1.585106,1.031915,,47896,156816,bf16,bf16,false,0,0,false,0,spmv_max_rel,SKIP
as-735_G_677.mtx,bfp8_lb,bfp8_lb,controlled_lossy_value_specialized,ok,none,accuracy_pass_runtime_win,0.0095,0.0086,1.568421,1.021053,,63152,156816,bfp8,bfp8,false,0,0,false,0,spmv_max_rel,SKIP
as-735_G_677.mtx,bfp8_outlier_lb,bfp8_outlier_lb,controlled_lossy_value_specialized,ok,none,accuracy_pass_runtime_win,0.0096,0.0088,1.552083,1.010417,,63152,156816,bfp8_outlier,bfp8_outlier,false,0,0,false,0,spmv_max_rel,SKIP
as-735_G_677.mtx,bfp4_lb,bfp4_lb,controlled_lossy_value_specialized,ok,none,accuracy_pass_runtime_loss,0.0137,0.0128,1.087591,0.708029,,51178,156816,bfp4,bfp4,false,0,0,false,0,spmv_max_rel,SKIP
as-735_G_677.mtx,hybrid_lb,hybrid_lb,structural_hybrid,ok,none,promoted_fallback,0.0112,0.0093,1.330357,0.866071,,191584,,original,raw_double,false,,,1,0,exact_abs_or_rel,SKIP
as-735_G_677.mtx,cusparse_default,cusparse_csr,external_baseline,ok,none,external_baseline,0.0149,0.0123,1.000000,0.651007,,191584,126660,original,original,false,,,true,0,exact_abs_or_rel,SKIP
as-735_G_685.mtx,original_lb,original_lb,load_balanced_traversal,ok,none,promoted_fallback,0.0099,0.0090,1.575758,1.000000,,192760,157624,original,original,false,0,0,true,0,exact_abs_or_rel,SKIP
as-735_G_685.mtx,auto_lossless_lb,all_one_lb,lossless_value_specialized,ok,none,accuracy_pass_runtime_win,0.0093,0.0084,1.677419,1.064516,,0,157624,auto_lossless,all_one,true,1,0,true,0,exact_abs_or_rel,SKIP
as-735_G_685.mtx,fp16_lb,fp16_lb,controlled_lossy_value_specialized,ok,none,accuracy_pass_runtime_win,0.0089,0.0064,1.752809,1.112360,,48190,157624,fp16,fp16,false,0,0,false,0,spmv_max_rel,SKIP
as-735_G_685.mtx,bf16_lb,bf16_lb,controlled_lossy_value_specialized,ok,none,accuracy_pass_runtime_win,0.0093,0.0081,1.677419,1.064516,,48190,157624,bf16,bf16,false,0,0,false,0,spmv_max_rel,SKIP
as-735_G_685.mtx,bfp8_lb,bfp8_lb,controlled_lossy_value_specialized,ok,none,accuracy_pass_runtime_win,0.0098,0.0088,1.591837,1.010204,,63501,157624,bfp8,bfp8,false,0,0,false,0,spmv_max_rel,SKIP
as-735_G_685.mtx,bfp8_outlier_lb,bfp8_outlier_lb,controlled_lossy_value_specialized,ok,none,accuracy_pass_runtime_win,0.0095,0.0086,1.642105,1.042105,,63501,157624,bfp8_outlier,bfp8_outlier,false,0,0,false,0,spmv_max_rel,SKIP
as-735_G_685.mtx,bfp4_lb,bfp4_lb,controlled_lossy_value_specialized,ok,none,accuracy_pass_runtime_loss,0.0140,0.0129,1.114286,0.707143,,51454,157624,bfp4,bfp4,false,0,0,false,0,spmv_max_rel,SKIP
as-735_G_685.mtx,hybrid_lb,hybrid_lb,structural_hybrid,ok,none,promoted_fallback,0.0113,0.0097,1.380531,0.876106,,192760,,original,raw_double,false,,,1,0,exact_abs_or_rel,SKIP
as-735_G_685.mtx,cusparse_default,cusparse_csr,external_baseline,ok,none,external_baseline,0.0156,0.0123,1.000000,0.634615,,192760,127248,original,original,false,,,true,0,exact_abs_or_rel,SKIP
as-735_G_693.mtx,original_lb,original_lb,load_balanced_traversal,ok,none,promoted_fallback,0.0098,0.0084,1.714286,1.000000,,202424,165480,original,original,false,0,0,true,0,exact_abs_or_rel,SKIP
as-735_G_693.mtx,auto_lossless_lb,all_one_lb,lossless_value_specialized,ok,none,accuracy_pass_runtime_win,0.0091,0.0077,1.846154,1.076923,,0,165480,auto_lossless,all_one,true,1,0,true,0,exact_abs_or_rel,SKIP
as-735_G_693.mtx,fp16_lb,fp16_lb,controlled_lossy_value_specialized,ok,none,accuracy_pass_runtime_win,0.0087,0.0073,1.931034,1.126437,,50606,165480,fp16,fp16,false,0,0,false,0,spmv_max_rel,SKIP
as-735_G_693.mtx,bf16_lb,bf16_lb,controlled_lossy_value_specialized,ok,none,accuracy_pass_runtime_win,0.0095,0.0079,1.768421,1.031579,,50606,165480,bf16,bf16,false,0,0,false,0,spmv_max_rel,SKIP
as-735_G_693.mtx,bfp8_lb,bfp8_lb,controlled_lossy_value_specialized,ok,none,accuracy_pass_runtime_win,0.0092,0.0087,1.826087,1.065217,,66673,165480,bfp8,bfp8,false,0,0,false,0,spmv_max_rel,SKIP
as-735_G_693.mtx,bfp8_outlier_lb,bfp8_outlier_lb,controlled_lossy_value_specialized,ok,none,accuracy_pass_runtime_win,0.0093,0.0087,1.806452,1.053763,,66673,165480,bfp8_outlier,bfp8_outlier,false,0,0,false,0,spmv_max_rel,SKIP
as-735_G_693.mtx,bfp4_lb,bfp4_lb,controlled_lossy_value_specialized,ok,none,accuracy_pass_runtime_loss,0.0134,0.0126,1.253731,0.731343,,54022,165480,bfp4,bfp4,false,0,0,false,0,spmv_max_rel,SKIP
as-735_G_693.mtx,hybrid_lb,hybrid_lb,structural_hybrid,ok,none,promoted_fallback,0.0101,0.0082,1.663366,0.970297,,202424,,original,raw_double,false,,,1,0,exact_abs_or_rel,SKIP
as-735_G_693.mtx,cusparse_default,cusparse_csr,external_baseline,ok,none,external_baseline,0.0168,0.0123,1.000000,0.583333,,202424,132080,original,original,false,,,true,0,exact_abs_or_rel,SKIP
as-735_G_701.mtx,original_lb,original_lb,load_balanced_traversal,ok,none,promoted_fallback,0.0109,0.0090,1.431193,1.000000,,205688,168016,original,original,false,0,0,true,0,exact_abs_or_rel,SKIP
as-735_G_701.mtx,auto_lossless_lb,all_one_lb,lossless_value_specialized,ok,none,accuracy_pass_runtime_win,0.0101,0.0076,1.544554,1.079208,,0,168016,auto_lossless,all_one,true,1,0,true,0,exact_abs_or_rel,SKIP
as-735_G_701.mtx,fp16_lb,fp16_lb,controlled_lossy_value_specialized,ok,none,accuracy_pass_runtime_win,0.0090,0.0074,1.733333,1.211111,,51422,168016,fp16,fp16,false,0,0,false,0,spmv_max_rel,SKIP
as-735_G_701.mtx,bf16_lb,bf16_lb,controlled_lossy_value_specialized,ok,none,accuracy_pass_runtime_win,0.0091,0.0083,1.714286,1.197802,,51422,168016,bf16,bf16,false,0,0,false,0,spmv_max_rel,SKIP
as-735_G_701.mtx,bfp8_lb,bfp8_lb,controlled_lossy_value_specialized,ok,none,accuracy_pass_runtime_win,0.0090,0.0087,1.733333,1.211111,,67715,168016,bfp8,bfp8,false,0,0,false,0,spmv_max_rel,SKIP
as-735_G_701.mtx,bfp8_outlier_lb,bfp8_outlier_lb,controlled_lossy_value_specialized,ok,none,accuracy_pass_runtime_win,0.0091,0.0086,1.714286,1.197802,,67715,168016,bfp8_outlier,bfp8_outlier,false,0,0,false,0,spmv_max_rel,SKIP
as-735_G_701.mtx,bfp4_lb,bfp4_lb,controlled_lossy_value_specialized,ok,none,accuracy_pass_runtime_loss,0.0135,0.0126,1.155556,0.807407,,54860,168016,bfp4,bfp4,false,0,0,false,0,spmv_max_rel,SKIP
as-735_G_701.mtx,hybrid_lb,hybrid_lb,structural_hybrid,ok,none,promoted_fallback,0.0100,0.0083,1.560000,1.090000,,205688,,original,raw_double,false,,,1,0,exact_abs_or_rel,SKIP
as-735_G_701.mtx,cusparse_default,cusparse_csr,external_baseline,ok,none,external_baseline,0.0156,0.0123,1.000000,0.698718,,205688,133712,original,original,false,,,true,0,exact_abs_or_rel,SKIP
as-735_G_709.mtx,original_lb,original_lb,load_balanced_traversal,ok,none,promoted_fallback,0.0093,0.0074,1.666667,1.000000,,52080,45944,original,original,false,0,0,true,0,exact_abs_or_rel,SKIP
as-735_G_709.mtx,auto_lossless_lb,all_one_lb,lossless_value_specialized,ok,none,accuracy_pass_runtime_loss,0.0097,0.0078,1.597938,0.958763,,0,45944,auto_lossless,all_one,true,1,0,true,0,exact_abs_or_rel,SKIP
as-735_G_709.mtx,fp16_lb,fp16_lb,controlled_lossy_value_specialized,ok,none,accuracy_pass_runtime_loss,0.0099,0.0091,1.565657,0.939394,,13020,45944,fp16,fp16,false,0,0,false,0,spmv_max_rel,SKIP
as-735_G_709.mtx,bf16_lb,bf16_lb,controlled_lossy_value_specialized,ok,none,accuracy_pass_runtime_loss,0.0099,0.0090,1.565657,0.939394,,13020,45944,bf16,bf16,false,0,0,false,0,spmv_max_rel,SKIP
as-735_G_709.mtx,bfp8_lb,bfp8_lb,controlled_lossy_value_specialized,ok,none,accuracy_pass_runtime_loss,0.0093,0.0079,1.666667,1.000000,,17996,45944,bfp8,bfp8,false,0,0,false,0,spmv_max_rel,SKIP
as-735_G_709.mtx,bfp8_outlier_lb,bfp8_outlier_lb,controlled_lossy_value_specialized,ok,none,accuracy_pass_runtime_loss,0.0093,0.0079,1.666667,1.000000,,17996,45944,bfp8_outlier,bfp8_outlier,false,0,0,false,0,spmv_max_rel,SKIP
as-735_G_709.mtx,bfp4_lb,bfp4_lb,controlled_lossy_value_specialized,ok,none,accuracy_pass_runtime_loss,0.0138,0.0128,1.123188,0.673913,,14741,45944,bfp4,bfp4,false,0,0,false,0,spmv_max_rel,SKIP
as-735_G_709.mtx,hybrid_lb,hybrid_lb,structural_hybrid,ok,none,promoted_fallback,0.0102,0.0090,1.519608,0.911765,,52080,,original,raw_double,false,,,1,0,exact_abs_or_rel,SKIP
as-735_G_709.mtx,cusparse_default,cusparse_csr,external_baseline,ok,none,external_baseline,0.0155,0.0123,1.000000,0.600000,,52080,56908,original,original,false,,,true,0,exact_abs_or_rel,SKIP
as-735_G_717.mtx,original_lb,original_lb,load_balanced_traversal,ok,none,promoted_fallback,0.0086,0.0070,1.732558,1.000000,,70688,61680,original,original,false,0,0,true,0,exact_abs_or_rel,SKIP
as-735_G_717.mtx,auto_lossless_lb,all_one_lb,lossless_value_specialized,ok,none,accuracy_pass_runtime_win,0.0082,0.0060,1.817073,1.048780,,0,61680,auto_lossless,all_one,true,1,0,true,0,exact_abs_or_rel,SKIP
as-735_G_717.mtx,fp16_lb,fp16_lb,controlled_lossy_value_specialized,ok,none,accuracy_pass_runtime_loss,0.0099,0.0081,1.505051,0.868687,,17672,61680,fp16,fp16,false,0,0,false,0,spmv_max_rel,SKIP
as-735_G_717.mtx,bf16_lb,bf16_lb,controlled_lossy_value_specialized,ok,none,accuracy_pass_runtime_loss,0.0099,0.0090,1.505051,0.868687,,17672,61680,bf16,bf16,false,0,0,false,0,spmv_max_rel,SKIP
as-735_G_717.mtx,bfp8_lb,bfp8_lb,controlled_lossy_value_specialized,ok,none,accuracy_pass_runtime_loss,0.0096,0.0085,1.552083,0.895833,,24256,61680,bfp8,bfp8,false,0,0,false,0,spmv_max_rel,SKIP
as-735_G_717.mtx,bfp8_outlier_lb,bfp8_outlier_lb,controlled_lossy_value_specialized,ok,none,accuracy_pass_runtime_loss,0.0094,0.0085,1.585106,0.914894,,24256,61680,bfp8_outlier,bfp8_outlier,false,0,0,false,0,spmv_max_rel,SKIP
as-735_G_717.mtx,bfp4_lb,bfp4_lb,controlled_lossy_value_specialized,ok,none,accuracy_pass_runtime_loss,0.0136,0.0125,1.095588,0.632353,,19838,61680,bfp4,bfp4,false,0,0,false,0,spmv_max_rel,SKIP
as-735_G_717.mtx,hybrid_lb,hybrid_lb,structural_hybrid,ok,none,promoted_fallback,0.0108,0.0094,1.379630,0.796296,,70688,,original,raw_double,false,,,1,0,exact_abs_or_rel,SKIP
as-735_G_717.mtx,cusparse_default,cusparse_csr,external_baseline,ok,none,external_baseline,0.0149,0.0123,1.000000,0.577181,,70688,66212,original,original,false,,,true,0,exact_abs_or_rel,SKIP
as-735_G_725.mtx,original_lb,original_lb,load_balanced_traversal,ok,none,promoted_fallback,0.0081,0.0071,1.839506,1.000000,,70616,61480,original,original,false,0,0,true,0,exact_abs_or_rel,SKIP
as-735_G_725.mtx,auto_lossless_lb,all_one_lb,lossless_value_specialized,ok,none,accuracy_pass_runtime_loss,0.0082,0.0068,1.817073,0.987805,,0,61480,auto_lossless,all_one,true,1,0,true,0,exact_abs_or_rel,SKIP
as-735_G_725.mtx,fp16_lb,fp16_lb,controlled_lossy_value_specialized,ok,none,accuracy_pass_runtime_loss,0.0095,0.0085,1.568421,0.852632,,17654,61480,fp16,fp16,false,0,0,false,0,spmv_max_rel,SKIP
as-735_G_725.mtx,bf16_lb,bf16_lb,controlled_lossy_value_specialized,ok,none,accuracy_pass_runtime_loss,0.0095,0.0077,1.568421,0.852632,,17654,61480,bf16,bf16,false,0,0,false,0,spmv_max_rel,SKIP
as-735_G_725.mtx,bfp8_lb,bfp8_lb,controlled_lossy_value_specialized,ok,none,accuracy_pass_runtime_loss,0.0088,0.0082,1.693182,0.920455,,24197,61480,bfp8,bfp8,false,0,0,false,0,spmv_max_rel,SKIP
as-735_G_725.mtx,bfp8_outlier_lb,bfp8_outlier_lb,controlled_lossy_value_specialized,ok,none,accuracy_pass_runtime_loss,0.0090,0.0081,1.655556,0.900000,,24197,61480,bfp8_outlier,bfp8_outlier,false,0,0,false,0,spmv_max_rel,SKIP
as-735_G_725.mtx,bfp4_lb,bfp4_lb,controlled_lossy_value_specialized,ok,none,accuracy_pass_runtime_loss,0.0131,0.0126,1.137405,0.618321,,19784,61480,bfp4,bfp4,false,0,0,false,0,spmv_max_rel,SKIP
as-735_G_725.mtx,hybrid_lb,hybrid_lb,structural_hybrid,ok,none,promoted_fallback,0.0100,0.0079,1.490000,0.810000,,70616,,original,raw_double,false,,,1,0,exact_abs_or_rel,SKIP
as-735_G_725.mtx,cusparse_default,cusparse_csr,external_baseline,ok,none,external_baseline,0.0149,0.0123,1.000000,0.543624,,70616,66176,original,original,false,,,true,0,exact_abs_or_rel,SKIP
as-735_G_733.mtx,original_lb,original_lb,load_balanced_traversal,ok,none,promoted_fallback,0.0094,0.0085,1.563830,1.000000,,211736,173088,original,original,false,0,0,true,0,exact_abs_or_rel,SKIP
as-735_G_733.mtx,auto_lossless_lb,all_one_lb,lossless_value_specialized,ok,none,accuracy_pass_runtime_win,0.0091,0.0087,1.615385,1.032967,,0,173088,auto_lossless,all_one,true,1,0,true,0,exact_abs_or_rel,SKIP
as-735_G_733.mtx,fp16_lb,fp16_lb,controlled_lossy_value_specialized,ok,none,accuracy_pass_runtime_loss,0.0094,0.0084,1.563830,1.000000,,52934,173088,fp16,fp16,false,0,0,false,0,spmv_max_rel,SKIP
as-735_G_733.mtx,bf16_lb,bf16_lb,controlled_lossy_value_specialized,ok,none,accuracy_pass_runtime_loss,0.0097,0.0089,1.515464,0.969072,,52934,173088,bf16,bf16,false,0,0,false,0,spmv_max_rel,SKIP
as-735_G_733.mtx,bfp8_lb,bfp8_lb,controlled_lossy_value_specialized,ok,none,accuracy_pass_runtime_loss,0.0097,0.0090,1.515464,0.969072,,69739,173088,bfp8,bfp8,false,0,0,false,0,spmv_max_rel,SKIP
as-735_G_733.mtx,bfp8_outlier_lb,bfp8_outlier_lb,controlled_lossy_value_specialized,ok,none,accuracy_pass_runtime_loss,0.0100,0.0088,1.470000,0.940000,,69739,173088,bfp8_outlier,bfp8_outlier,false,0,0,false,0,spmv_max_rel,SKIP
as-735_G_733.mtx,bfp4_lb,bfp4_lb,controlled_lossy_value_specialized,ok,none,accuracy_pass_runtime_loss,0.0141,0.0134,1.042553,0.666667,,56506,173088,bfp4,bfp4,false,0,0,false,0,spmv_max_rel,SKIP
as-735_G_733.mtx,hybrid_lb,hybrid_lb,structural_hybrid,ok,none,promoted_fallback,0.0113,0.0094,1.300885,0.831858,,211736,,original,raw_double,false,,,1,0,exact_abs_or_rel,SKIP
as-735_G_733.mtx,cusparse_default,cusparse_csr,external_baseline,ok,none,external_baseline,0.0147,0.0123,1.000000,0.639456,,211736,136736,original,original,false,,,true,0,exact_abs_or_rel,SKIP
ash958.mtx,original_lb,original_lb,load_balanced_traversal,ok,none,promoted_fallback,0.0053,0.0044,2.396226,1.000000,,15328,3672,original,original,false,0,0,true,0,exact_abs_or_rel,SKIP
ash958.mtx,auto_lossless_lb,all_one_lb,lossless_value_specialized,ok,none,accuracy_pass_runtime_loss,0.0061,0.0052,2.081967,0.868852,,0,3672,auto_lossless,all_one,true,1,0,true,0,exact_abs_or_rel,SKIP
ash958.mtx,fp16_lb,fp16_lb,controlled_lossy_value_specialized,ok,none,accuracy_pass_runtime_loss,0.0053,0.0039,2.396226,1.000000,,3832,3672,fp16,fp16,false,0,0,false,0,spmv_max_rel,SKIP
ash958.mtx,bf16_lb,bf16_lb,controlled_lossy_value_specialized,ok,none,accuracy_pass_runtime_loss,0.0056,0.0044,2.267857,0.946429,,3832,3672,bf16,bf16,false,0,0,false,0,spmv_max_rel,SKIP
ash958.mtx,bfp8_lb,bfp8_lb,controlled_lossy_value_specialized,ok,none,accuracy_pass_runtime_loss,0.0054,0.0048,2.351852,0.981481,,2834,3672,bfp8,bfp8,false,0,0,false,0,spmv_max_rel,SKIP
ash958.mtx,bfp8_outlier_lb,bfp8_outlier_lb,controlled_lossy_value_specialized,ok,none,accuracy_pass_runtime_loss,0.0053,0.0044,2.396226,1.000000,,2834,3672,bfp8_outlier,bfp8_outlier,false,0,0,false,0,spmv_max_rel,SKIP
ash958.mtx,bfp4_lb,bfp4_lb,controlled_lossy_value_specialized,ok,none,accuracy_pass_runtime_loss,0.0064,0.0052,1.984375,0.828125,,1876,3672,bfp4,bfp4,false,0,0,false,0,spmv_max_rel,SKIP
ash958.mtx,hybrid_lb,hybrid_lb,structural_hybrid,ok,none,promoted_fallback,0.0057,0.0043,2.228070,0.929825,,15328,,original,raw_double,false,,,1,0,exact_abs_or_rel,SKIP
ash958.mtx,cusparse_default,cusparse_csr,external_baseline,ok,none,external_baseline,0.0127,0.0102,1.000000,0.417323,,15328,11500,original,original,false,,,true,0,exact_abs_or_rel,SKIP
aug3d.mtx,original_lb,original_lb,load_balanced_traversal,ok,none,promoted_fallback,0.0075,0.0061,1.960000,1.000000,,559872,194008,original,original,false,0,0,true,0,exact_abs_or_rel,SKIP
aug3d.mtx,auto_lossless_lb,sign2_lb,lossless_value_specialized,ok,none,accuracy_pass_runtime_loss,0.0106,0.0090,1.386792,0.707547,,97004,194008,auto_lossless,sign2,true,2,97004,true,0,exact_abs_or_rel,SKIP
aug3d.mtx,fp16_lb,fp16_lb,controlled_lossy_value_specialized,ok,none,accuracy_pass_runtime_loss,0.0088,0.0068,1.670455,0.852273,,139968,194008,fp16,fp16,false,0,0,false,0,spmv_max_rel,SKIP
aug3d.mtx,bf16_lb,bf16_lb,controlled_lossy_value_specialized,ok,none,accuracy_pass_runtime_loss,0.0086,0.0068,1.709302,0.872093,,139968,194008,bf16,bf16,false,0,0,false,0,spmv_max_rel,SKIP
aug3d.mtx,bfp8_lb,bfp8_lb,controlled_lossy_value_specialized,ok,none,accuracy_pass_runtime_loss,0.0106,0.0083,1.386792,0.707547,,118486,194008,bfp8,bfp8,false,0,0,false,0,spmv_max_rel,SKIP
aug3d.mtx,bfp8_outlier_lb,bfp8_outlier_lb,controlled_lossy_value_specialized,ok,none,accuracy_pass_runtime_loss,0.0094,0.0085,1.563830,0.797872,,118486,194008,bfp8_outlier,bfp8_outlier,false,0,0,false,0,spmv_max_rel,SKIP
aug3d.mtx,bfp4_lb,bfp4_lb,controlled_lossy_value_specialized,ok,none,accuracy_pass_runtime_loss,0.0108,0.0104,1.361111,0.694444,,83494,194008,bfp4,bfp4,false,0,0,false,0,spmv_max_rel,SKIP
aug3d.mtx,hybrid_lb,hybrid_lb,structural_hybrid,ok,none,promoted_fallback,0.0063,0.0044,2.333333,1.190476,,559872,,original,raw_double,false,,,1,0,exact_abs_or_rel,SKIP
aug3d.mtx,cusparse_default,cusparse_csr,external_baseline,ok,none,external_baseline,0.0147,0.0123,1.000000,0.510204,,559872,377140,original,original,false,,,true,0,exact_abs_or_rel,SKIP
b1_ss.mtx,original_lb,original_lb,load_balanced_traversal,ok,none,promoted_fallback,0.0047,0.0041,2.680851,1.000000,,120,16,original,original,false,0,0,true,0,exact_abs_or_rel,SKIP
b1_ss.mtx,auto_lossless_lb,dict16_lb,lossless_value_specialized,ok,none,accuracy_pass_runtime_loss,0.0072,0.0048,1.750000,0.652778,,88,16,auto_lossless,dict16,true,7,88,true,7,exact_abs_or_rel,SKIP
b1_ss.mtx,fp16_lb,fp16_lb,controlled_lossy_value_specialized,ok,none,accuracy_pass_runtime_loss,0.0057,0.0044,2.210526,0.824561,,30,16,fp16,fp16,false,0,0,false,0,spmv_max_rel,SKIP
b1_ss.mtx,bf16_lb,bf16_lb,controlled_lossy_value_specialized,ok,none,accuracy_pass_runtime_loss,0.0055,0.0041,2.290909,0.854545,,30,16,bf16,bf16,false,0,0,false,0,spmv_max_rel,SKIP
b1_ss.mtx,bfp8_lb,bfp8_lb,controlled_lossy_value_specialized,ok,none,accuracy_pass_runtime_win,0.0043,0.0037,2.930233,1.093023,,19,16,bfp8,bfp8,false,0,0,false,0,spmv_max_rel,SKIP
b1_ss.mtx,bfp8_outlier_lb,bfp8_outlier_lb,controlled_lossy_value_specialized,ok,none,accuracy_pass_runtime_loss,0.0053,0.0040,2.377358,0.886792,,19,16,bfp8_outlier,bfp8_outlier,false,0,0,false,0,spmv_max_rel,SKIP
b1_ss.mtx,bfp4_lb,bfp4_lb,controlled_lossy_value_specialized,ok,none,accuracy_pass_runtime_loss,0.0052,0.0036,2.423077,0.903846,,12,16,bfp4,bfp4,false,0,0,false,0,spmv_max_rel,SKIP
b1_ss.mtx,hybrid_lb,hybrid_lb,structural_hybrid,ok,none,promoted_fallback,0.0063,0.0048,2.000000,0.746032,,120,,original,raw_double,false,,,1,0,exact_abs_or_rel,SKIP
b1_ss.mtx,cusparse_default,cusparse_csr,external_baseline,ok,none,external_baseline,0.0126,0.0102,1.000000,0.373016,,120,92,original,original,false,,,true,0,exact_abs_or_rel,SKIP
barth4.mtx,original_lb,original_lb,load_balanced_traversal,ok,none,promoted_fallback,0.0076,0.0065,1.894737,1.000000,,327720,67640,original,original,false,0,0,true,0,exact_abs_or_rel,SKIP
barth4.mtx,auto_lossless_lb,all_one_lb,lossless_value_specialized,ok,none,accuracy_pass_runtime_win,0.0074,0.0067,1.945946,1.027027,,0,67640,auto_lossless,all_one,true,1,0,true,0,exact_abs_or_rel,SKIP
barth4.mtx,fp16_lb,fp16_lb,controlled_lossy_value_specialized,ok,none,accuracy_pass_runtime_loss,0.0080,0.0068,1.800000,0.950000,,81930,67640,fp16,fp16,false,0,0,false,0,spmv_max_rel,SKIP
barth4.mtx,bf16_lb,bf16_lb,controlled_lossy_value_specialized,ok,none,accuracy_pass_runtime_loss,0.0079,0.0069,1.822785,0.962025,,81930,67640,bf16,bf16,false,0,0,false,0,spmv_max_rel,SKIP
barth4.mtx,bfp8_lb,bfp8_lb,controlled_lossy_value_specialized,ok,none,accuracy_pass_runtime_loss,0.0086,0.0077,1.674419,0.883721,,57875,67640,bfp8,bfp8,false,0,0,false,0,spmv_max_rel,SKIP
barth4.mtx,bfp8_outlier_lb,bfp8_outlier_lb,controlled_lossy_value_specialized,ok,none,accuracy_pass_runtime_loss,0.0090,0.0073,1.600000,0.844444,,57875,67640,bfp8_outlier,bfp8_outlier,false,0,0,false,0,spmv_max_rel,SKIP
barth4.mtx,bfp4_lb,bfp4_lb,controlled_lossy_value_specialized,ok,none,accuracy_pass_runtime_loss,0.0089,0.0084,1.617978,0.853933,,37393,67640,bfp4,bfp4,false,0,0,false,0,spmv_max_rel,SKIP
barth4.mtx,hybrid_lb,hybrid_lb,structural_hybrid,ok,none,promoted_fallback,0.0071,0.0056,2.028169,1.070423,,327720,,original,raw_double,false,,,1,0,exact_abs_or_rel,SKIP
barth4.mtx,cusparse_default,cusparse_csr,external_baseline,ok,none,external_baseline,0.0144,0.0123,1.000000,0.527778,,327720,187940,original,original,false,,,true,0,exact_abs_or_rel,SKIP
bayer08.mtx,original_lb,original_lb,load_balanced_traversal,ok,none,promoted_fallback,0.0095,0.0076,1.673684,1.000000,,165584,28208,original,original,false,0,0,true,0,exact_abs_or_rel,SKIP
bayer08.mtx,auto_lossless_lb,original_lb,load_balanced_traversal,ok,none,promoted_fallback,0.0085,0.0073,1.870588,1.117647,,165584,28208,auto_lossless,original,true,3880,165584,true,0,exact_abs_or_rel,SKIP
bayer08.mtx,fp16_lb,fp16_lb,controlled_lossy_value_specialized,ok,none,accuracy_pass_runtime_loss,0.0097,0.0079,1.639175,0.979381,,41396,28208,fp16,fp16,false,0,0,false,0,spmv_max_rel,SKIP
bayer08.mtx,bf16_lb,bf16_lb,controlled_lossy_value_specialized,ok,none,accuracy_pass_runtime_win,0.0092,0.0077,1.728261,1.032609,,41396,28208,bf16,bf16,false,0,0,false,0,spmv_max_rel,SKIP
bayer08.mtx,bfp8_lb,bfp8_lb,controlled_lossy_value_specialized,ok,none,accuracy_pass_runtime_loss,0.0101,0.0077,1.574257,0.940594,,27750,28208,bfp8,bfp8,false,0,0,false,0,spmv_max_rel,SKIP
bayer08.mtx,bfp8_outlier_lb,bfp8_outlier_lb,controlled_lossy_value_specialized,ok,none,accuracy_pass_runtime_loss,0.0113,0.0096,1.407080,0.840708,,29350,28208,bfp8_outlier,bfp8_outlier,false,0,0,false,0,spmv_max_rel,SKIP
bayer08.mtx,bfp4_lb,bfp4_lb,controlled_lossy_value_specialized,ok,none,accuracy_pass_runtime_loss,0.0121,0.0109,1.314050,0.785124,,17401,28208,bfp4,bfp4,false,0,0,false,0,spmv_max_rel,SKIP
bayer08.mtx,hybrid_lb,hybrid_lb,structural_hybrid,ok,none,promoted_fallback,0.0082,0.0064,1.939024,1.158537,,165584,,original,raw_double,false,,,1,0,exact_abs_or_rel,SKIP
bayer08.mtx,cusparse_default,cusparse_csr,external_baseline,ok,none,external_baseline,0.0159,0.0143,1.000000,0.597484,,165584,94828,original,original,false,,,true,0,exact_abs_or_rel,SKIP
bcspwr08.mtx,original_lb,original_lb,load_balanced_traversal,ok,none,promoted_fallback,0.0080,0.0070,1.812500,1.000000,,48400,22032,original,original,false,0,0,true,0,exact_abs_or_rel,SKIP
bcspwr08.mtx,auto_lossless_lb,all_one_lb,lossless_value_specialized,ok,none,accuracy_pass_runtime_win,0.0077,0.0072,1.883117,1.038961,,0,22032,auto_lossless,all_one,true,1,0,true,0,exact_abs_or_rel,SKIP
bcspwr08.mtx,fp16_lb,fp16_lb,controlled_lossy_value_specialized,ok,none,accuracy_pass_runtime_loss,0.0086,0.0071,1.686047,0.930233,,12100,22032,fp16,fp16,false,0,0,false,0,spmv_max_rel,SKIP
bcspwr08.mtx,bf16_lb,bf16_lb,controlled_lossy_value_specialized,ok,none,accuracy_pass_runtime_loss,0.0083,0.0069,1.746988,0.963855,,12100,22032,bf16,bf16,false,0,0,false,0,spmv_max_rel,SKIP
bcspwr08.mtx,bfp8_lb,bfp8_lb,controlled_lossy_value_specialized,ok,none,accuracy_pass_runtime_loss,0.0090,0.0063,1.611111,0.888889,,11558,22032,bfp8,bfp8,false,0,0,false,0,spmv_max_rel,SKIP
bcspwr08.mtx,bfp8_outlier_lb,bfp8_outlier_lb,controlled_lossy_value_specialized,ok,none,accuracy_pass_runtime_loss,0.0085,0.0073,1.705882,0.941176,,11558,22032,bfp8_outlier,bfp8_outlier,false,0,0,false,0,spmv_max_rel,SKIP
bcspwr08.mtx,bfp4_lb,bfp4_lb,controlled_lossy_value_specialized,ok,none,accuracy_pass_runtime_loss,0.0107,0.0092,1.355140,0.747664,,8533,22032,bfp4,bfp4,false,0,0,false,0,spmv_max_rel,SKIP
bcspwr08.mtx,hybrid_lb,hybrid_lb,structural_hybrid,ok,none,promoted_fallback,0.0072,0.0052,2.013889,1.111111,,48400,,original,raw_double,false,,,1,0,exact_abs_or_rel,SKIP
bcspwr08.mtx,cusparse_default,cusparse_csr,external_baseline,ok,none,external_baseline,0.0145,0.0123,1.000000,0.551724,,48400,30700,original,original,false,,,true,0,exact_abs_or_rel,SKIP
bcsstk06.mtx,original_lb,original_lb,load_balanced_traversal,ok,none,promoted_fallback,0.0077,0.0051,1.649351,1.000000,,62880,5488,original,original,false,0,0,true,0,exact_abs_or_rel,SKIP
bcsstk06.mtx,auto_lossless_lb,dict65536_u16_lb,lossless_value_specialized,ok,none,accuracy_pass_runtime_win,0.0074,0.0065,1.716216,1.040541,,52264,5488,auto_lossless,dict65536_u16,true,1045,52264,true,1045,exact_abs_or_rel,SKIP
bcsstk06.mtx,fp16_lb,fp16_lb,controlled_lossy_value_specialized,ok,none,accuracy_pass_runtime_win,0.0069,0.0063,1.840580,1.115942,,15720,5488,fp16,fp16,false,0,0,false,0,spmv_max_rel,SKIP
bcsstk06.mtx,bf16_lb,bf16_lb,controlled_lossy_value_specialized,ok,none,accuracy_pass_runtime_win,0.0070,0.0065,1.814286,1.100000,,15720,5488,bf16,bf16,false,0,0,false,0,spmv_max_rel,SKIP
bcsstk06.mtx,bfp8_lb,bfp8_lb,controlled_lossy_value_specialized,ok,none,accuracy_pass_runtime_loss,0.0078,0.0070,1.628205,0.987179,,9232,5488,bfp8,bfp8,false,0,0,false,0,spmv_max_rel,SKIP
bcsstk06.mtx,bfp8_outlier_lb,bfp8_outlier_lb,controlled_lossy_value_specialized,ok,none,accuracy_pass_runtime_loss,0.0109,0.0091,1.165138,0.706422,,9808,5488,bfp8_outlier,bfp8_outlier,false,0,0,false,0,spmv_max_rel,SKIP
bcsstk06.mtx,bfp4_lb,bfp4_lb,controlled_lossy_value_specialized,ok,none,accuracy_pass_runtime_loss,0.0094,0.0080,1.351064,0.819149,,5302,5488,bfp4,bfp4,false,0,0,false,0,spmv_max_rel,SKIP
bcsstk06.mtx,hybrid_lb,hybrid_lb,structural_hybrid,ok,none,promoted_fallback,0.0091,0.0075,1.395604,0.846154,,62880,,original,raw_double,false,,,1,0,exact_abs_or_rel,SKIP
bcsstk06.mtx,cusparse_default,cusparse_csr,external_baseline,ok,none,external_baseline,0.0127,0.0102,1.000000,0.606299,,62880,33124,original,original,false,,,true,0,exact_abs_or_rel,SKIP
bcsstk14.mtx,original_lb,original_lb,load_balanced_traversal,ok,none,promoted_fallback,0.0085,0.0068,1.541176,1.000000,,507632,34520,original,original,false,0,0,true,0,exact_abs_or_rel,SKIP
bcsstk14.mtx,auto_lossless_lb,dict65536_u16_lb,lossless_value_specialized,ok,none,accuracy_pass_runtime_loss,0.0102,0.0088,1.284314,0.833333,,388512,34520,auto_lossless,dict65536_u16,true,14044,388512,true,14044,exact_abs_or_rel,SKIP
bcsstk14.mtx,fp16_lb,fp16_lb,controlled_lossy_value_specialized,ok,none,accuracy_pass_runtime_loss,0.0089,0.0069,1.471910,0.955056,,126908,34520,fp16,fp16,false,0,0,false,0,spmv_max_rel,SKIP
bcsstk14.mtx,bf16_lb,bf16_lb,controlled_lossy_value_specialized,ok,none,accuracy_pass_runtime_loss,0.0088,0.0074,1.488636,0.965909,,126908,34520,bf16,bf16,false,0,0,false,0,spmv_max_rel,SKIP
bcsstk14.mtx,bfp8_lb,bfp8_lb,controlled_lossy_value_specialized,ok,none,accuracy_pass_runtime_loss,0.0097,0.0079,1.350515,0.876289,,72084,34520,bfp8,bfp8,false,0,0,false,0,spmv_max_rel,SKIP
bcsstk14.mtx,bfp8_outlier_lb,bfp8_outlier_lb,controlled_lossy_value_specialized,ok,none,accuracy_pass_runtime_loss,0.0116,0.0102,1.129310,0.732759,,77140,34520,bfp8_outlier,bfp8_outlier,false,0,0,false,0,spmv_max_rel,SKIP
bcsstk14.mtx,bfp4_lb,bfp4_lb,controlled_lossy_value_specialized,ok,none,accuracy_pass_runtime_loss,0.0111,0.0107,1.180180,0.765766,,40357,34520,bfp4,bfp4,false,0,0,false,0,spmv_max_rel,SKIP
bcsstk14.mtx,hybrid_lb,hybrid_lb,structural_hybrid,ok,none,promoted_fallback,0.0095,0.0088,1.378947,0.894737,,507632,,original,raw_double,false,,,1,0,exact_abs_or_rel,SKIP
bcsstk14.mtx,cusparse_default,cusparse_csr,external_baseline,ok,none,external_baseline,0.0131,0.0102,1.000000,0.648855,,507632,261044,original,original,false,,,true,0,exact_abs_or_rel,SKIP
bcsstk24.mtx,original_lb,original_lb,load_balanced_traversal,ok,none,promoted_fallback,0.0093,0.0085,1.709677,1.000000,,1279280,67392,original,original,false,0,0,true,0,exact_abs_or_rel,SKIP
bcsstk24.mtx,auto_lossless_lb,dict65536_u16_lb,lossless_value_specialized,ok,none,accuracy_pass_runtime_loss,0.0120,0.0112,1.325000,0.775000,,1007704,67392,auto_lossless,dict65536_u16,true,58571,1007704,true,58571,exact_abs_or_rel,SKIP
bcsstk24.mtx,fp16_lb,fp16_lb,controlled_lossy_value_specialized,ok,none,accuracy_pass_runtime_win,0.0092,0.0088,1.728261,1.010870,,319820,67392,fp16,fp16,false,0,0,false,0,spmv_max_rel,SKIP
bcsstk24.mtx,bf16_lb,bf16_lb,controlled_lossy_value_specialized,ok,none,accuracy_pass_runtime_win,0.0089,0.0074,1.786517,1.044944,,319820,67392,bf16,bf16,false,0,0,false,0,spmv_max_rel,SKIP
bcsstk24.mtx,bfp8_lb,bfp8_lb,controlled_lossy_value_specialized,ok,none,accuracy_pass_runtime_loss,0.0101,0.0090,1.574257,0.920792,,176758,67392,bfp8,bfp8,false,0,0,false,0,spmv_max_rel,SKIP
bcsstk24.mtx,bfp8_outlier_lb,bfp8_outlier_lb,controlled_lossy_value_specialized,ok,none,accuracy_pass_runtime_loss,0.0122,0.0107,1.303279,0.762295,,189494,67392,bfp8_outlier,bfp8_outlier,false,0,0,false,0,spmv_max_rel,SKIP
bcsstk24.mtx,bfp4_lb,bfp4_lb,controlled_lossy_value_specialized,ok,none,accuracy_pass_runtime_loss,0.0132,0.0111,1.204545,0.704545,,96803,67392,bfp4,bfp4,false,0,0,false,0,spmv_max_rel,SKIP
bcsstk24.mtx,hybrid_lb,hybrid_lb,structural_hybrid,ok,none,promoted_fallback,0.0103,0.0080,1.543689,0.902913,,1279280,,original,raw_double,false,,,1,0,exact_abs_or_rel,SKIP
bcsstk24.mtx,cusparse_default,cusparse_csr,external_baseline,ok,none,external_baseline,0.0159,0.0123,1.000000,0.584906,,1279280,653892,original,original,false,,,true,0,exact_abs_or_rel,SKIP
bcsstm04.mtx,original_lb,original_lb,load_balanced_traversal,ok,none,promoted_fallback,0.0053,0.0046,2.207547,1.000000,,528,264,original,original,false,0,0,true,0,exact_abs_or_rel,SKIP
bcsstm04.mtx,auto_lossless_lb,original_lb,load_balanced_traversal,ok,none,promoted_fallback,0.0054,0.0042,2.166667,0.981481,,528,264,auto_lossless,original,true,12,528,true,0,exact_abs_or_rel,SKIP
bcsstm04.mtx,fp16_lb,fp16_lb,controlled_lossy_value_specialized,ok,none,accuracy_pass_runtime_loss,0.0058,0.0051,2.017241,0.913793,,132,264,fp16,fp16,false,0,0,false,0,spmv_max_rel,SKIP
bcsstm04.mtx,bf16_lb,bf16_lb,controlled_lossy_value_specialized,ok,none,accuracy_pass_runtime_loss,0.0065,0.0060,1.800000,0.815385,,132,264,bf16,bf16,false,0,0,false,0,spmv_max_rel,SKIP
bcsstm04.mtx,bfp8_lb,bfp8_lb,controlled_lossy_value_specialized,ok,none,accuracy_pass_runtime_loss,0.0057,0.0049,2.052632,0.929825,,132,264,bfp8,bfp8,false,0,0,false,0,spmv_max_rel,SKIP
bcsstm04.mtx,bfp8_outlier_lb,bfp8_outlier_lb,controlled_lossy_value_specialized,ok,none,accuracy_pass_runtime_loss,0.0057,0.0048,2.052632,0.929825,,132,264,bfp8_outlier,bfp8_outlier,false,0,0,false,0,spmv_max_rel,SKIP
bcsstm04.mtx,bfp4_lb,bfp4_lb,controlled_lossy_value_specialized,ok,none,accuracy_pass_runtime_loss,0.0057,0.0045,2.052632,0.929825,,99,264,bfp4,bfp4,false,0,0,false,0,spmv_max_rel,SKIP
bcsstm04.mtx,hybrid_lb,hybrid_lb,structural_hybrid,ok,none,promoted_fallback,0.0065,0.0056,1.800000,0.815385,,528,,original,raw_double,false,,,1,0,exact_abs_or_rel,SKIP
bcsstm04.mtx,cusparse_default,cusparse_csr,external_baseline,ok,none,external_baseline,0.0117,0.0102,1.000000,0.452991,,528,796,original,original,false,,,true,0,exact_abs_or_rel,SKIP
bcsstm12.mtx,original_lb,original_lb,load_balanced_traversal,ok,none,promoted_fallback,0.0073,0.0065,1.863014,1.000000,,157272,19168,original,original,false,0,0,true,0,exact_abs_or_rel,SKIP
bcsstm12.mtx,auto_lossless_lb,dict65536_u16_lb,lossless_value_specialized,ok,none,accuracy_pass_runtime_loss,0.0073,0.0066,1.863014,1.000000,,157136,19168,auto_lossless,dict65536_u16,true,474,157136,true,474,exact_abs_or_rel,SKIP
bcsstm12.mtx,fp16_lb,fp16_lb,controlled_lossy_value_specialized,ok,none,accuracy_pass_runtime_loss,0.0075,0.0068,1.813333,0.973333,,39318,19168,fp16,fp16,false,0,0,false,0,spmv_max_rel,SKIP
bcsstm12.mtx,bf16_lb,bf16_lb,controlled_lossy_value_specialized,ok,none,accuracy_pass_runtime_loss,0.0076,0.0068,1.789474,0.960526,,39318,19168,bf16,bf16,false,0,0,false,0,spmv_max_rel,SKIP
bcsstm12.mtx,bfp8_lb,bfp8_lb,controlled_lossy_value_specialized,ok,none,accuracy_pass_runtime_loss,0.0076,0.0066,1.789474,0.960526,,24451,19168,bfp8,bfp8,false,0,0,false,0,spmv_max_rel,SKIP
bcsstm12.mtx,bfp8_outlier_lb,bfp8_outlier_lb,controlled_lossy_value_specialized,ok,none,accuracy_pass_runtime_loss,0.0098,0.0088,1.387755,0.744898,,25971,19168,bfp8_outlier,bfp8_outlier,false,0,0,false,0,spmv_max_rel,SKIP
bcsstm12.mtx,bfp4_lb,bfp4_lb,controlled_lossy_value_specialized,ok,none,accuracy_pass_runtime_loss,0.0089,0.0077,1.528090,0.820225,,14622,19168,bfp4,bfp4,false,0,0,false,0,spmv_max_rel,SKIP
bcsstm12.mtx,hybrid_lb,hybrid_lb,structural_hybrid,ok,none,promoted_fallback,0.0076,0.0056,1.789474,0.960526,,157272,,original,raw_double,false,,,1,0,exact_abs_or_rel,SKIP
bcsstm12.mtx,cusparse_default,cusparse_csr,external_baseline,ok,none,external_baseline,0.0136,0.0102,1.000000,0.536765,,157272,84532,original,original,false,,,true,0,exact_abs_or_rel,SKIP
bcsstm25.mtx,original_lb,original_lb,load_balanced_traversal,ok,none,promoted_fallback,0.0057,0.0045,2.824561,1.000000,,123512,30880,original,original,false,0,0,true,0,exact_abs_or_rel,SKIP
bcsstm25.mtx,auto_lossless_lb,original_lb,load_balanced_traversal,ok,none,promoted_fallback,0.0056,0.0041,2.875000,1.017857,,123512,30880,auto_lossless,original,true,5239,123512,true,0,exact_abs_or_rel,SKIP
bcsstm25.mtx,fp16_lb,fp16_lb,controlled_lossy_value_specialized,ok,none,accuracy_pass_runtime_loss,0.0058,0.0046,2.775862,0.982759,,30878,30880,fp16,fp16,false,0,0,false,0,spmv_max_rel,SKIP
bcsstm25.mtx,bf16_lb,bf16_lb,controlled_lossy_value_specialized,ok,none,accuracy_pass_runtime_loss,0.0059,0.0050,2.728814,0.966102,,30878,30880,bf16,bf16,false,0,0,false,0,spmv_max_rel,SKIP
bcsstm25.mtx,bfp8_lb,bfp8_lb,controlled_lossy_value_specialized,ok,none,accuracy_pass_runtime_loss,0.0059,0.0046,2.728814,0.966102,,23159,30880,bfp8,bfp8,false,0,0,false,0,spmv_max_rel,SKIP
bcsstm25.mtx,bfp8_outlier_lb,bfp8_outlier_lb,controlled_lossy_value_specialized,ok,none,accuracy_pass_runtime_loss,0.0081,0.0069,1.987654,0.703704,,23463,30880,bfp8_outlier,bfp8_outlier,false,0,0,false,0,spmv_max_rel,SKIP
bcsstm25.mtx,bfp4_lb,bfp4_lb,controlled_lossy_value_specialized,ok,none,accuracy_pass_runtime_win,0.0054,0.0043,2.981481,1.055556,,15440,30880,bfp4,bfp4,false,0,0,false,0,spmv_max_rel,SKIP
bcsstm25.mtx,hybrid_lb,hybrid_lb,structural_hybrid,ok,none,promoted_fallback,0.0066,0.0051,2.439394,0.863636,,123512,,original,raw_double,false,,,1,0,exact_abs_or_rel,SKIP
bcsstm25.mtx,cusparse_default,cusparse_csr,external_baseline,ok,none,external_baseline,0.0161,0.0143,1.000000,0.354037,,123512,123516,original,original,false,,,true,0,exact_abs_or_rel,SKIP
bcsstm34.mtx,original_lb,original_lb,load_balanced_traversal,ok,none,promoted_fallback,0.0088,0.0078,1.477273,1.000000,,194160,13320,original,original,false,0,0,true,0,exact_abs_or_rel,SKIP
bcsstm34.mtx,auto_lossless_lb,dict65536_u16_lb,lossless_value_specialized,ok,none,accuracy_pass_runtime_loss,0.0104,0.0080,1.250000,0.846154,,162160,13320,auto_lossless,dict65536_u16,true,6950,162160,true,6950,exact_abs_or_rel,SKIP
bcsstm34.mtx,fp16_lb,fp16_lb,controlled_lossy_value_specialized,ok,none,accuracy_pass_runtime_loss,0.0094,0.0078,1.382979,0.936170,,48540,13320,fp16,fp16,false,0,0,false,0,spmv_max_rel,SKIP
bcsstm34.mtx,bf16_lb,bf16_lb,controlled_lossy_value_specialized,ok,none,accuracy_pass_runtime_loss,0.0094,0.0086,1.382979,0.936170,,48540,13320,bf16,bf16,false,0,0,false,0,spmv_max_rel,SKIP
bcsstm34.mtx,bfp8_lb,bfp8_lb,controlled_lossy_value_specialized,ok,none,accuracy_pass_runtime_loss,0.0099,0.0092,1.313131,0.888889,,27600,13320,bfp8,bfp8,false,0,0,false,0,spmv_max_rel,SKIP
bcsstm34.mtx,bfp8_outlier_lb,bfp8_outlier_lb,controlled_lossy_value_specialized,ok,none,accuracy_pass_runtime_loss,0.0114,0.0099,1.140351,0.771930,,29504,13320,bfp8_outlier,bfp8_outlier,false,0,0,false,0,spmv_max_rel,SKIP
bcsstm34.mtx,bfp4_lb,bfp4_lb,controlled_lossy_value_specialized,ok,none,accuracy_pass_runtime_loss,0.0120,0.0112,1.083333,0.733333,,15465,13320,bfp4,bfp4,false,0,0,false,0,spmv_max_rel,SKIP
bcsstm34.mtx,hybrid_lb,hybrid_lb,structural_hybrid,ok,none,promoted_fallback,0.0100,0.0092,1.300000,0.880000,,194160,,original,raw_double,false,,,1,0,exact_abs_or_rel,SKIP
bcsstm34.mtx,cusparse_default,cusparse_csr,external_baseline,ok,none,external_baseline,0.0130,0.0102,1.000000,0.676923,,194160,99436,original,original,false,,,true,0,exact_abs_or_rel,SKIP
bfwb62.mtx,original_lb,original_lb,load_balanced_traversal,ok,none,promoted_fallback,0.0061,0.0046,1.803279,1.000000,,2736,632,original,original,false,0,0,true,0,exact_abs_or_rel,SKIP
bfwb62.mtx,auto_lossless_lb,dict256_u8_lb,lossless_value_specialized,ok,none,accuracy_pass_runtime_loss,0.0077,0.0072,1.428571,0.792208,,2696,632,auto_lossless,dict256_u8,true,21,2696,true,21,exact_abs_or_rel,SKIP
bfwb62.mtx,fp16_lb,fp16_lb,controlled_lossy_value_specialized,ok,none,accuracy_pass_runtime_loss,0.0066,0.0048,1.666667,0.924242,,684,632,fp16,fp16,false,0,0,false,0,spmv_max_rel,SKIP
bfwb62.mtx,bf16_lb,bf16_lb,controlled_lossy_value_specialized,ok,none,accuracy_pass_runtime_loss,0.0068,0.0048,1.617647,0.897059,,684,632,bf16,bf16,false,0,0,false,0,spmv_max_rel,SKIP
bfwb62.mtx,bfp8_lb,bfp8_lb,controlled_lossy_value_specialized,ok,none,accuracy_pass_runtime_loss,0.0071,0.0067,1.549296,0.859155,,500,632,bfp8,bfp8,false,0,0,false,0,spmv_max_rel,SKIP
bfwb62.mtx,bfp8_outlier_lb,bfp8_outlier_lb,controlled_lossy_value_specialized,ok,none,accuracy_pass_runtime_loss,0.0071,0.0065,1.549296,0.859155,,500,632,bfp8_outlier,bfp8_outlier,false,0,0,false,0,spmv_max_rel,SKIP
bfwb62.mtx,bfp4_lb,bfp4_lb,controlled_lossy_value_specialized,ok,none,accuracy_pass_runtime_loss,0.0089,0.0065,1.235955,0.685393,,329,632,bfp4,bfp4,false,0,0,false,0,spmv_max_rel,SKIP
bfwb62.mtx,hybrid_lb,hybrid_lb,structural_hybrid,ok,none,promoted_fallback,0.0067,0.0052,1.641791,0.910448,,2736,,original,raw_double,false,,,1,0,exact_abs_or_rel,SKIP
bfwb62.mtx,cusparse_default,cusparse_csr,external_baseline,ok,none,external_baseline,0.0110,0.0082,1.000000,0.554545,,2736,1620,original,original,false,,,true,0,exact_abs_or_rel,SKIP
bibd_15_3.mtx,original_lb,original_lb,load_balanced_traversal,ok,none,promoted_fallback,0.0080,0.0067,1.412500,1.000000,,10920,2960,original,original,false,0,0,true,0,exact_abs_or_rel,SKIP
bibd_15_3.mtx,auto_lossless_lb,all_one_lb,lossless_value_specialized,ok,none,accuracy_pass_runtime_loss,0.0092,0.0071,1.228261,0.869565,,0,2960,auto_lossless,all_one,true,1,0,true,0,exact_abs_or_rel,SKIP
bibd_15_3.mtx,fp16_lb,fp16_lb,controlled_lossy_value_specialized,ok,none,accuracy_pass_runtime_loss,0.0098,0.0078,1.153061,0.816327,,2730,2960,fp16,fp16,false,0,0,false,0,spmv_max_rel,SKIP
bibd_15_3.mtx,bf16_lb,bf16_lb,controlled_lossy_value_specialized,ok,none,accuracy_pass_runtime_loss,0.0101,0.0092,1.118812,0.792079,,2730,2960,bf16,bf16,false,0,0,false,0,spmv_max_rel,SKIP
bibd_15_3.mtx,bfp8_lb,bfp8_lb,controlled_lossy_value_specialized,ok,none,accuracy_pass_runtime_loss,0.0096,0.0086,1.177083,0.833333,,2105,2960,bfp8,bfp8,false,0,0,false,0,spmv_max_rel,SKIP
bibd_15_3.mtx,bfp8_outlier_lb,bfp8_outlier_lb,controlled_lossy_value_specialized,ok,none,accuracy_pass_runtime_loss,0.0099,0.0091,1.141414,0.808081,,2105,2960,bfp8_outlier,bfp8_outlier,false,0,0,false,0,spmv_max_rel,SKIP
bibd_15_3.mtx,bfp4_lb,bfp4_lb,controlled_lossy_value_specialized,ok,none,accuracy_pass_runtime_loss,0.0125,0.0110,0.904000,0.640000,,1423,2960,bfp4,bfp4,false,0,0,false,0,spmv_max_rel,SKIP
bibd_15_3.mtx,hybrid_lb,hybrid_lb,structural_hybrid,ok,none,promoted_fallback,0.0072,0.0052,1.569444,1.111111,,10920,,original,raw_double,false,,,1,0,exact_abs_or_rel,SKIP
bibd_15_3.mtx,cusparse_default,cusparse_csr,external_baseline,ok,none,external_baseline,0.0113,0.0082,1.000000,0.707965,,10920,5884,original,original,false,,,true,0,exact_abs_or_rel,SKIP
bibd_19_9.mtx,original_lb,original_lb,load_balanced_traversal,ok,none,promoted_fallback,0.0245,0.0231,1.118367,1.000000,,26604864,2553008,original,original,false,0,0,true,0,exact_abs_or_rel,SKIP
bibd_19_9.mtx,auto_lossless_lb,all_one_lb,lossless_value_specialized,ok,none,accuracy_pass_runtime_win,0.0225,0.0208,1.217778,1.088889,,0,2553008,auto_lossless,all_one,true,1,0,true,0,exact_abs_or_rel,SKIP
bibd_19_9.mtx,fp16_lb,fp16_lb,controlled_lossy_value_specialized,ok,none,accuracy_pass_runtime_win,0.0222,0.0208,1.234234,1.103604,,6651216,2553008,fp16,fp16,false,0,0,false,0,spmv_max_rel,SKIP
bibd_19_9.mtx,bf16_lb,bf16_lb,controlled_lossy_value_specialized,ok,none,accuracy_pass_runtime_win,0.0224,0.0206,1.223214,1.093750,,6651216,2553008,bf16,bf16,false,0,0,false,0,spmv_max_rel,SKIP
bibd_19_9.mtx,bfp8_lb,bfp8_lb,controlled_lossy_value_specialized,ok,none,accuracy_pass_runtime_win,0.0238,0.0221,1.151261,1.029412,,3963860,2553008,bfp8,bfp8,false,0,0,false,0,spmv_max_rel,SKIP
bibd_19_9.mtx,bfp8_outlier_lb,bfp8_outlier_lb,controlled_lossy_value_specialized,ok,none,accuracy_pass_runtime_win,0.0236,0.0220,1.161017,1.038136,,3963860,2553008,bfp8_outlier,bfp8_outlier,false,0,0,false,0,spmv_max_rel,SKIP
bibd_19_9.mtx,bfp4_lb,bfp4_lb,controlled_lossy_value_specialized,ok,none,accuracy_pass_runtime_loss,0.0294,0.0291,0.931973,0.833333,,2301056,2553008,bfp4,bfp4,false,0,0,false,0,spmv_max_rel,SKIP
bibd_19_9.mtx,hybrid_lb,hybrid_lb,structural_hybrid,ok,none,promoted_fallback,0.0195,0.0176,1.405128,1.256410,,26604864,,original,raw_double,false,,,1,0,exact_abs_or_rel,SKIP
bibd_19_9.mtx,cusparse_default,cusparse_csr,external_baseline,ok,none,external_baseline,0.0274,0.0246,1.000000,0.894161,,26604864,13303120,original,original,false,,,true,0,exact_abs_or_rel,SKIP
bips07_1998_C.mtx,original_lb,original_lb,load_balanced_traversal,ok,none,promoted_fallback,0.0057,0.0045,1.929825,1.000000,,160,88,original,original,false,0,0,true,0,exact_abs_or_rel,SKIP
bips07_1998_C.mtx,auto_lossless_lb,original_lb,load_balanced_traversal,ok,none,promoted_fallback,0.0071,0.0049,1.549296,0.802817,,160,88,auto_lossless,original,true,20,160,true,0,exact_abs_or_rel,SKIP
bips07_1998_C.mtx,fp16_lb,fp16_lb,controlled_lossy_value_specialized,ok,none,accuracy_pass_runtime_loss,0.0065,0.0050,1.692308,0.876923,,40,88,fp16,fp16,false,0,0,false,0,spmv_max_rel,SKIP
bips07_1998_C.mtx,bf16_lb,bf16_lb,controlled_lossy_value_specialized,ok,none,accuracy_pass_runtime_loss,0.0064,0.0046,1.718750,0.890625,,40,88,bf16,bf16,false,0,0,false,0,spmv_max_rel,SKIP
bips07_1998_C.mtx,bfp8_lb,bfp8_lb,controlled_lossy_value_specialized,ok,none,accuracy_pass_runtime_loss,0.0068,0.0058,1.617647,0.838235,,42,88,bfp8,bfp8,false,0,0,false,0,spmv_max_rel,SKIP
bips07_1998_C.mtx,bfp8_outlier_lb,bfp8_outlier_lb,controlled_lossy_value_specialized,ok,none,accuracy_pass_runtime_loss,0.0076,0.0055,1.447368,0.750000,,42,88,bfp8_outlier,bfp8_outlier,false,0,0,false,0,spmv_max_rel,SKIP
bips07_1998_C.mtx,bfp4_lb,bfp4_lb,controlled_lossy_value_specialized,ok,none,accuracy_pass_runtime_loss,0.0074,0.0065,1.486486,0.770270,,32,88,bfp4,bfp4,false,0,0,false,0,spmv_max_rel,SKIP
bips07_1998_C.mtx,hybrid_lb,hybrid_lb,structural_hybrid,ok,none,promoted_fallback,0.0054,0.0044,2.037037,1.055556,,160,,original,raw_double,false,,,1,0,exact_abs_or_rel,SKIP
bips07_1998_C.mtx,cusparse_default,cusparse_csr,external_baseline,ok,none,external_baseline,0.0110,0.0082,1.000000,0.518182,,160,100,original,original,false,,,true,0,exact_abs_or_rel,SKIP
bips07_3078.mtx,original_lb,original_lb,load_balanced_traversal,ok,none,promoted_fallback,0.0098,0.0078,1.510204,1.000000,,605832,147144,original,original,false,0,0,true,0,exact_abs_or_rel,SKIP
bips07_3078.mtx,auto_lossless_lb,original_lb,load_balanced_traversal,ok,none,promoted_fallback,0.0121,0.0097,1.223140,0.809917,,605832,147144,auto_lossless,original,true,29595,605832,true,0,exact_abs_or_rel,SKIP
bips07_3078.mtx,fp16_lb,fp16_lb,controlled_lossy_value_specialized,ok,none,accuracy_pass_runtime_win,0.0096,0.0079,1.541667,1.020833,,151458,147144,fp16,fp16,false,0,0,false,0,spmv_max_rel,SKIP
bips07_3078.mtx,bf16_lb,bf16_lb,controlled_lossy_value_specialized,ok,none,accuracy_pass_runtime_win,0.0092,0.0080,1.608696,1.065217,,151458,147144,bf16,bf16,false,0,0,false,0,spmv_max_rel,SKIP
bips07_3078.mtx,bfp8_lb,bfp8_lb,controlled_lossy_value_specialized,ok,none,accuracy_pass_runtime_win,0.0088,0.0084,1.681818,1.113636,,112515,147144,bfp8,bfp8,false,0,0,false,0,spmv_max_rel,SKIP
bips07_3078.mtx,bfp8_outlier_lb,bfp8_outlier_lb,controlled_lossy_value_specialized,ok,none,accuracy_pass_runtime_loss,0.0113,0.0101,1.309735,0.867257,,118563,147144,bfp8_outlier,bfp8_outlier,false,0,0,false,0,spmv_max_rel,SKIP
bips07_3078.mtx,bfp4_lb,bfp4_lb,controlled_lossy_value_specialized,ok,none,accuracy_pass_runtime_loss,0.0130,0.0117,1.138462,0.753846,,74651,147144,bfp4,bfp4,false,0,0,false,0,spmv_max_rel,SKIP
bips07_3078.mtx,hybrid_lb,hybrid_lb,structural_hybrid,ok,none,promoted_fallback,0.0072,0.0053,2.055556,1.361111,,605832,,original,raw_double,false,,,1,0,exact_abs_or_rel,SKIP
bips07_3078.mtx,cusparse_default,cusparse_csr,external_baseline,ok,none,external_baseline,0.0148,0.0123,1.000000,0.662162,,605832,387432,original,original,false,,,true,0,exact_abs_or_rel,SKIP
bips98_1142_E.mtx,original_lb,original_lb,load_balanced_traversal,ok,none,promoted_fallback,0.0056,0.0046,2.625000,1.000000,,9136,5696,original,original,false,0,0,true,0,exact_abs_or_rel,SKIP
bips98_1142_E.mtx,auto_lossless_lb,all_one_lb,lossless_value_specialized,ok,none,accuracy_pass_runtime_win,0.0052,0.0038,2.826923,1.076923,,0,5696,auto_lossless,all_one,true,1,0,true,0,exact_abs_or_rel,SKIP
bips98_1142_E.mtx,fp16_lb,fp16_lb,controlled_lossy_value_specialized,ok,none,accuracy_pass_runtime_win,0.0055,0.0039,2.672727,1.018182,,2284,5696,fp16,fp16,false,0,0,false,0,spmv_max_rel,SKIP
bips98_1142_E.mtx,bf16_lb,bf16_lb,controlled_lossy_value_specialized,ok,none,accuracy_pass_runtime_win,0.0051,0.0040,2.882353,1.098039,,2284,5696,bf16,bf16,false,0,0,false,0,spmv_max_rel,SKIP
bips98_1142_E.mtx,bfp8_lb,bfp8_lb,controlled_lossy_value_specialized,ok,none,accuracy_pass_runtime_loss,0.0067,0.0050,2.194030,0.835821,,2566,5696,bfp8,bfp8,false,0,0,false,0,spmv_max_rel,SKIP
bips98_1142_E.mtx,bfp8_outlier_lb,bfp8_outlier_lb,controlled_lossy_value_specialized,ok,none,accuracy_pass_runtime_loss,0.0062,0.0050,2.370968,0.903226,,2566,5696,bfp8_outlier,bfp8_outlier,false,0,0,false,0,spmv_max_rel,SKIP
bips98_1142_E.mtx,bfp4_lb,bfp4_lb,controlled_lossy_value_specialized,ok,none,accuracy_pass_runtime_loss,0.0059,0.0050,2.491525,0.949153,,1995,5696,bfp4,bfp4,false,0,0,false,0,spmv_max_rel,SKIP
bips98_1142_E.mtx,hybrid_lb,hybrid_lb,structural_hybrid,ok,none,promoted_fallback,0.0063,0.0051,2.333333,0.888889,,9136,,original,raw_double,false,,,1,0,exact_abs_or_rel,SKIP
bips98_1142_E.mtx,cusparse_default,cusparse_csr,external_baseline,ok,none,external_baseline,0.0147,0.0123,1.000000,0.380952,,9136,43512,original,original,false,,,true,0,exact_abs_or_rel,SKIP
bips98_606_B.mtx,original_lb,original_lb,load_balanced_traversal,ok,none,promoted_fallback,0.0042,0.0030,3.357143,1.000000,,32,32,original,original,false,0,0,true,0,exact_abs_or_rel,SKIP
bips98_606_B.mtx,auto_lossless_lb,all_one_lb,lossless_value_specialized,ok,none,accuracy_pass_runtime_loss,0.0058,0.0039,2.431034,0.724138,,0,32,auto_lossless,all_one,true,1,0,true,0,exact_abs_or_rel,SKIP
bips98_606_B.mtx,fp16_lb,fp16_lb,controlled_lossy_value_specialized,ok,none,accuracy_pass_runtime_loss,0.0055,0.0046,2.563636,0.763636,,8,32,fp16,fp16,false,0,0,false,0,spmv_max_rel,SKIP
bips98_606_B.mtx,bf16_lb,bf16_lb,controlled_lossy_value_specialized,ok,none,accuracy_pass_runtime_loss,0.0054,0.0045,2.611111,0.777778,,8,32,bf16,bf16,false,0,0,false,0,spmv_max_rel,SKIP
bips98_606_B.mtx,bfp8_lb,bfp8_lb,controlled_lossy_value_specialized,ok,none,accuracy_pass_runtime_loss,0.0043,0.0029,3.279070,0.976744,,12,32,bfp8,bfp8,false,0,0,false,0,spmv_max_rel,SKIP
bips98_606_B.mtx,bfp8_outlier_lb,bfp8_outlier_lb,controlled_lossy_value_specialized,ok,none,accuracy_pass_runtime_loss,0.0044,0.0036,3.204545,0.954545,,12,32,bfp8_outlier,bfp8_outlier,false,0,0,false,0,spmv_max_rel,SKIP
bips98_606_B.mtx,bfp4_lb,bfp4_lb,controlled_lossy_value_specialized,ok,none,accuracy_pass_runtime_loss,0.0053,0.0036,2.660377,0.792453,,10,32,bfp4,bfp4,false,0,0,false,0,spmv_max_rel,SKIP
bips98_606_B.mtx,hybrid_lb,hybrid_lb,structural_hybrid,ok,none,promoted_fallback,0.0057,0.0040,2.473684,0.736842,,32,,original,raw_double,false,,,1,0,exact_abs_or_rel,SKIP
bips98_606_B.mtx,cusparse_default,cusparse_csr,external_baseline,ok,none,external_baseline,0.0141,0.0123,1.000000,0.297872,,32,28560,original,original,false,,,true,0,exact_abs_or_rel,SKIP
bp_1000.mtx,original_lb,original_lb,load_balanced_traversal,ok,none,promoted_fallback,0.0088,0.0068,1.590909,1.000000,,37288,18088,original,original,false,0,0,true,0,exact_abs_or_rel,SKIP
bp_1000.mtx,auto_lossless_lb,original_lb,load_balanced_traversal,ok,none,promoted_fallback,0.0091,0.0076,1.538462,0.967033,,37288,18088,auto_lossless,original,true,1740,37288,true,0,exact_abs_or_rel,SKIP
bp_1000.mtx,fp16_lb,fp16_lb,controlled_lossy_value_specialized,ok,none,accuracy_pass_runtime_loss,0.0089,0.0072,1.573034,0.988764,,9322,18088,fp16,fp16,false,0,0,false,0,spmv_max_rel,SKIP
bp_1000.mtx,bf16_lb,bf16_lb,controlled_lossy_value_specialized,ok,none,accuracy_pass_runtime_loss,0.0091,0.0077,1.538462,0.967033,,9322,18088,bf16,bf16,false,0,0,false,0,spmv_max_rel,SKIP
bp_1000.mtx,bfp8_lb,bfp8_lb,controlled_lossy_value_specialized,ok,none,accuracy_pass_runtime_loss,0.0103,0.0092,1.359223,0.854369,,9183,18088,bfp8,bfp8,false,0,0,false,0,spmv_max_rel,SKIP
bp_1000.mtx,bfp8_outlier_lb,bfp8_outlier_lb,controlled_lossy_value_specialized,ok,none,accuracy_pass_runtime_loss,0.0118,0.0101,1.186441,0.745763,,9519,18088,bfp8_outlier,bfp8_outlier,false,0,0,false,0,spmv_max_rel,SKIP
bp_1000.mtx,bfp4_lb,bfp4_lb,controlled_lossy_value_specialized,ok,none,accuracy_pass_runtime_loss,0.0133,0.0123,1.052632,0.661654,,6853,18088,bfp4,bfp4,false,0,0,false,0,spmv_max_rel,SKIP
bp_1000.mtx,hybrid_lb,hybrid_lb,structural_hybrid,ok,none,promoted_fallback,0.0095,0.0076,1.473684,0.926316,,37288,,original,raw_double,false,,,1,0,exact_abs_or_rel,SKIP
bp_1000.mtx,cusparse_default,cusparse_csr,external_baseline,ok,none,external_baseline,0.0140,0.0102,1.000000,0.628571,,37288,21936,original,original,false,,,true,0,exact_abs_or_rel,SKIP
c-18.mtx,original_lb,original_lb,load_balanced_traversal,ok,none,promoted_fallback,0.0083,0.0066,1.698795,1.000000,,121160,31216,original,original,false,0,0,true,0,exact_abs_or_rel,SKIP
c-18.mtx,auto_lossless_lb,original_lb,load_balanced_traversal,ok,none,promoted_fallback,0.0079,0.0067,1.784810,1.050633,,121160,31216,auto_lossless,original,true,4861,121160,true,0,exact_abs_or_rel,SKIP
c-18.mtx,fp16_lb,fp16_lb,controlled_lossy_value_specialized,ok,none,accuracy_pass_runtime_loss,0.0100,0.0079,1.410000,0.830000,,30290,31216,fp16,fp16,false,0,0,false,0,spmv_max_rel,SKIP
c-18.mtx,bf16_lb,bf16_lb,controlled_lossy_value_specialized,ok,none,accuracy_pass_runtime_loss,0.0099,0.0079,1.424242,0.838384,,30290,31216,bf16,bf16,false,0,0,false,0,spmv_max_rel,SKIP
c-18.mtx,bfp8_lb,bfp8_lb,controlled_lossy_value_specialized,ok,none,accuracy_pass_runtime_loss,0.0103,0.0092,1.368932,0.805825,,22949,31216,bfp8,bfp8,false,0,0,false,0,spmv_max_rel,SKIP
c-18.mtx,bfp8_outlier_lb,bfp8_outlier_lb,controlled_lossy_value_specialized,ok,none,accuracy_pass_runtime_loss,0.0118,0.0102,1.194915,0.703390,,24149,31216,bfp8_outlier,bfp8_outlier,false,0,0,false,0,spmv_max_rel,SKIP
c-18.mtx,bfp4_lb,bfp4_lb,controlled_lossy_value_specialized,ok,none,accuracy_pass_runtime_loss,0.0135,0.0126,1.044444,0.614815,,15377,31216,bfp4,bfp4,false,0,0,false,0,spmv_max_rel,SKIP
c-18.mtx,hybrid_lb,hybrid_lb,structural_hybrid,ok,none,promoted_fallback,0.0094,0.0083,1.500000,0.882979,,121160,,original,raw_double,false,,,1,0,exact_abs_or_rel,SKIP
c-18.mtx,cusparse_default,cusparse_csr,external_baseline,ok,none,external_baseline,0.0141,0.0123,1.000000,0.588652,,121160,69260,original,original,false,,,true,0,exact_abs_or_rel,SKIP
c-26.mtx,original_lb,original_lb,load_balanced_traversal,ok,none,promoted_fallback,0.0094,0.0078,1.531915,1.000000,,276296,59864,original,original,false,0,0,true,0,exact_abs_or_rel,SKIP
c-26.mtx,auto_lossless_lb,original_lb,load_balanced_traversal,ok,none,promoted_fallback,0.0097,0.0091,1.484536,0.969072,,276296,59864,auto_lossless,original,true,11780,276296,true,0,exact_abs_or_rel,SKIP
c-26.mtx,fp16_lb,fp16_lb,controlled_lossy_value_specialized,ok,none,accuracy_pass_runtime_loss,0.0096,0.0079,1.500000,0.979167,,69074,59864,fp16,fp16,false,0,0,false,0,spmv_max_rel,SKIP
c-26.mtx,bf16_lb,bf16_lb,controlled_lossy_value_specialized,ok,none,accuracy_pass_runtime_loss,0.0098,0.0089,1.469388,0.959184,,69074,59864,bf16,bf16,false,0,0,false,0,spmv_max_rel,SKIP
c-26.mtx,bfp8_lb,bfp8_lb,controlled_lossy_value_specialized,ok,none,accuracy_pass_runtime_loss,0.0101,0.0093,1.425743,0.930693,,49503,59864,bfp8,bfp8,false,0,0,false,0,spmv_max_rel,SKIP
c-26.mtx,bfp8_outlier_lb,bfp8_outlier_lb,controlled_lossy_value_specialized,ok,none,accuracy_pass_runtime_loss,0.0121,0.0103,1.190083,0.776860,,52255,59864,bfp8_outlier,bfp8_outlier,false,0,0,false,0,spmv_max_rel,SKIP
c-26.mtx,bfp4_lb,bfp4_lb,controlled_lossy_value_specialized,ok,none,accuracy_pass_runtime_loss,0.0141,0.0132,1.021277,0.666667,,32235,59864,bfp4,bfp4,false,0,0,false,0,spmv_max_rel,SKIP
c-26.mtx,hybrid_lb,hybrid_lb,structural_hybrid,ok,none,promoted_fallback,0.0086,0.0067,1.674419,1.093023,,276296,,original,raw_double,false,,,1,0,exact_abs_or_rel,SKIP
c-26.mtx,cusparse_default,cusparse_csr,external_baseline,ok,none,external_baseline,0.0144,0.0123,1.000000,0.652778,,276296,155380,original,original,false,,,true,0,exact_abs_or_rel,SKIP
c-34.mtx,original_lb,original_lb,load_balanced_traversal,ok,none,promoted_fallback,0.0088,0.0071,1.681818,1.000000,,514664,99240,original,original,false,0,0,true,0,exact_abs_or_rel,SKIP
c-34.mtx,auto_lossless_lb,original_lb,load_balanced_traversal,ok,none,promoted_fallback,0.0094,0.0083,1.574468,0.936170,,514664,99240,auto_lossless,original,true,17983,514664,true,0,exact_abs_or_rel,SKIP
c-34.mtx,fp16_lb,fp16_lb,controlled_lossy_value_specialized,ok,none,accuracy_pass_runtime_loss,0.0091,0.0076,1.626374,0.967033,,128666,99240,fp16,fp16,false,0,0,false,0,spmv_max_rel,SKIP
c-34.mtx,bf16_lb,bf16_lb,controlled_lossy_value_specialized,ok,none,accuracy_pass_runtime_loss,0.0088,0.0076,1.681818,1.000000,,128666,99240,bf16,bf16,false,0,0,false,0,spmv_max_rel,SKIP
c-34.mtx,bfp8_lb,bfp8_lb,controlled_lossy_value_specialized,ok,none,accuracy_pass_runtime_loss,0.0094,0.0086,1.574468,0.936170,,89143,99240,bfp8,bfp8,false,0,0,false,0,spmv_max_rel,SKIP
c-34.mtx,bfp8_outlier_lb,bfp8_outlier_lb,controlled_lossy_value_specialized,ok,none,accuracy_pass_runtime_loss,0.0118,0.0103,1.254237,0.745763,,94263,99240,bfp8_outlier,bfp8_outlier,false,0,0,false,0,spmv_max_rel,SKIP
c-34.mtx,bfp4_lb,bfp4_lb,controlled_lossy_value_specialized,ok,none,accuracy_pass_runtime_loss,0.0142,0.0133,1.042254,0.619718,,56977,99240,bfp4,bfp4,false,0,0,false,0,spmv_max_rel,SKIP
c-34.mtx,hybrid_lb,hybrid_lb,structural_hybrid,ok,none,promoted_fallback,0.0115,0.0096,1.286957,0.765217,,514664,,original,raw_double,false,,,1,0,exact_abs_or_rel,SKIP
c-34.mtx,cusparse_default,cusparse_csr,external_baseline,ok,none,external_baseline,0.0148,0.0123,1.000000,0.594595,,514664,283780,original,original,false,,,true,0,exact_abs_or_rel,SKIP
c-44.mtx,original_lb,original_lb,load_balanced_traversal,ok,none,promoted_fallback,0.0098,0.0081,1.510204,1.000000,,680000,179392,original,original,false,0,0,true,0,exact_abs_or_rel,SKIP
c-44.mtx,auto_lossless_lb,original_lb,load_balanced_traversal,ok,none,promoted_fallback,0.0097,0.0078,1.525773,1.010309,,680000,179392,auto_lossless,original,true,25094,680000,true,0,exact_abs_or_rel,SKIP
c-44.mtx,fp16_lb,fp16_lb,controlled_lossy_value_specialized,ok,none,accuracy_pass_runtime_win,0.0090,0.0084,1.644444,1.088889,,170000,179392,fp16,fp16,false,0,0,false,0,spmv_max_rel,SKIP
c-44.mtx,bf16_lb,bf16_lb,controlled_lossy_value_specialized,ok,none,accuracy_pass_runtime_win,0.0096,0.0083,1.541667,1.020833,,170000,179392,bf16,bf16,false,0,0,false,0,spmv_max_rel,SKIP
c-44.mtx,bfp8_lb,bfp8_lb,controlled_lossy_value_specialized,ok,none,accuracy_pass_runtime_loss,0.0104,0.0087,1.423077,0.942308,,129848,179392,bfp8,bfp8,false,0,0,false,0,spmv_max_rel,SKIP
c-44.mtx,bfp8_outlier_lb,bfp8_outlier_lb,controlled_lossy_value_specialized,ok,none,accuracy_pass_runtime_loss,0.0117,0.0106,1.264957,0.837607,,136632,179392,bfp8_outlier,bfp8_outlier,false,0,0,false,0,spmv_max_rel,SKIP
c-44.mtx,bfp4_lb,bfp4_lb,controlled_lossy_value_specialized,ok,none,accuracy_pass_runtime_loss,0.0135,0.0126,1.096296,0.725926,,87348,179392,bfp4,bfp4,false,0,0,false,0,spmv_max_rel,SKIP
c-44.mtx,hybrid_lb,hybrid_lb,structural_hybrid,ok,none,promoted_fallback,0.0096,0.0089,1.541667,1.020833,,680000,,original,raw_double,false,,,1,0,exact_abs_or_rel,SKIP
c-44.mtx,cusparse_default,cusparse_csr,external_baseline,ok,none,external_baseline,0.0148,0.0123,1.000000,0.662162,,680000,382916,original,original,false,,,true,0,exact_abs_or_rel,SKIP
c8_mat11.mtx,original_lb,original_lb,load_balanced_traversal,ok,none,promoted_fallback,0.0205,0.0191,1.243902,1.000000,,19703760,2309360,original,original,false,0,0,true,0,exact_abs_or_rel,SKIP
c8_mat11.mtx,auto_lossless_lb,dict65536_u16_lb,lossless_value_specialized,ok,none,accuracy_pass_runtime_loss,0.0332,0.0317,0.768072,0.617470,,18996544,2309360,auto_lossless,dict65536_u16,true,65208,18996544,true,65208,exact_abs_or_rel,SKIP
c8_mat11.mtx,fp16_lb,fp16_lb,controlled_lossy_value_specialized,ok,none,accuracy_pass_runtime_win,0.0183,0.0170,1.393443,1.120219,,4925940,2309360,fp16,fp16,false,0,0,false,0,spmv_max_rel,SKIP
c8_mat11.mtx,bf16_lb,bf16_lb,controlled_lossy_value_specialized,ok,none,accuracy_pass_runtime_win,0.0186,0.0181,1.370968,1.102151,,4925940,2309360,bf16,bf16,false,0,0,false,0,spmv_max_rel,SKIP
c8_mat11.mtx,bfp8_lb,bfp8_lb,controlled_lossy_value_specialized,ok,none,accuracy_pass_runtime_win,0.0197,0.0181,1.294416,1.040609,,3040310,2309360,bfp8,bfp8,false,0,0,false,0,spmv_max_rel,SKIP
c8_mat11.mtx,bfp8_outlier_lb,bfp8_outlier_lb,controlled_lossy_value_specialized,ok,none,accuracy_pass_runtime_win,0.0196,0.0171,1.301020,1.045918,,3040310,2309360,bfp8_outlier,bfp8_outlier,false,0,0,false,0,spmv_max_rel,SKIP
c8_mat11.mtx,bfp4_lb,bfp4_lb,controlled_lossy_value_specialized,ok,none,accuracy_pass_runtime_loss,0.0238,0.0225,1.071429,0.861345,,1808825,2309360,bfp4,bfp4,false,0,0,false,0,spmv_max_rel,SKIP
c8_mat11.mtx,hybrid_lb,hybrid_lb,structural_hybrid,ok,none,promoted_fallback,0.0200,0.0177,1.275000,1.025000,,19703760,,original,raw_double,false,,,1,0,exact_abs_or_rel,SKIP
c8_mat11.mtx,cusparse_default,cusparse_csr,external_baseline,ok,none,external_baseline,0.0255,0.0225,1.000000,0.803922,,19703760,9870132,original,original,false,,,true,0,exact_abs_or_rel,SKIP
cage4.mtx,original_lb,original_lb,load_balanced_traversal,ok,none,promoted_fallback,0.0049,0.0044,2.265306,1.000000,,392,40,original,original,false,0,0,true,0,exact_abs_or_rel,SKIP
cage4.mtx,auto_lossless_lb,dict256_u8_lb,lossless_value_specialized,ok,none,accuracy_pass_runtime_loss,0.0049,0.0045,2.265306,1.000000,,320,40,auto_lossless,dict256_u8,true,20,320,true,20,exact_abs_or_rel,SKIP
cage4.mtx,fp16_lb,fp16_lb,controlled_lossy_value_specialized,ok,none,accuracy_pass_runtime_win,0.0048,0.0038,2.312500,1.020833,,98,40,fp16,fp16,false,0,0,false,0,spmv_max_rel,SKIP
cage4.mtx,bf16_lb,bf16_lb,controlled_lossy_value_specialized,ok,none,accuracy_pass_runtime_win,0.0048,0.0045,2.312500,1.020833,,98,40,bf16,bf16,false,0,0,false,0,spmv_max_rel,SKIP
cage4.mtx,bfp8_lb,bfp8_lb,controlled_lossy_value_specialized,ok,none,accuracy_pass_runtime_win,0.0048,0.0029,2.312500,1.020833,,59,40,bfp8,bfp8,false,0,0,false,0,spmv_max_rel,SKIP
cage4.mtx,bfp8_outlier_lb,bfp8_outlier_lb,controlled_lossy_value_specialized,ok,none,accuracy_pass_runtime_win,0.0048,0.0033,2.312500,1.020833,,59,40,bfp8_outlier,bfp8_outlier,false,0,0,false,0,spmv_max_rel,SKIP
cage4.mtx,bfp4_lb,bfp4_lb,controlled_lossy_value_specialized,ok,none,accuracy_pass_runtime_loss,0.0055,0.0050,2.018182,0.890909,,35,40,bfp4,bfp4,false,0,0,false,0,spmv_max_rel,SKIP
cage4.mtx,hybrid_lb,hybrid_lb,structural_hybrid,ok,none,promoted_fallback,0.0058,0.0045,1.913793,0.844828,,392,,original,raw_double,false,,,1,0,exact_abs_or_rel,SKIP
cage4.mtx,cusparse_default,cusparse_csr,external_baseline,ok,none,external_baseline,0.0111,0.0082,1.000000,0.441441,,392,236,original,original,false,,,true,0,exact_abs_or_rel,SKIP
cage_G_02.mtx,original_lb,original_lb,load_balanced_traversal,ok,none,promoted_fallback,0.0050,0.0043,2.260000,1.000000,,336,64,original,original,false,0,0,true,0,exact_abs_or_rel,SKIP
cage_G_02.mtx,auto_lossless_lb,all_one_lb,lossless_value_specialized,ok,none,accuracy_pass_runtime_loss,0.0057,0.0048,1.982456,0.877193,,0,64,auto_lossless,all_one,true,1,0,true,0,exact_abs_or_rel,SKIP
cage_G_02.mtx,fp16_lb,fp16_lb,controlled_lossy_value_specialized,ok,none,accuracy_pass_runtime_win,0.0049,0.0046,2.306122,1.020408,,84,64,fp16,fp16,false,0,0,false,0,spmv_max_rel,SKIP
cage_G_02.mtx,bf16_lb,bf16_lb,controlled_lossy_value_specialized,ok,none,accuracy_pass_runtime_loss,0.0056,0.0047,2.017857,0.892857,,84,64,bf16,bf16,false,0,0,false,0,spmv_max_rel,SKIP
cage_G_02.mtx,bfp8_lb,bfp8_lb,controlled_lossy_value_specialized,ok,none,accuracy_pass_runtime_win,0.0048,0.0042,2.354167,1.041667,,58,64,bfp8,bfp8,false,0,0,false,0,spmv_max_rel,SKIP
cage_G_02.mtx,bfp8_outlier_lb,bfp8_outlier_lb,controlled_lossy_value_specialized,ok,none,accuracy_pass_runtime_win,0.0046,0.0042,2.456522,1.086957,,58,64,bfp8_outlier,bfp8_outlier,false,0,0,false,0,spmv_max_rel,SKIP
cage_G_02.mtx,bfp4_lb,bfp4_lb,controlled_lossy_value_specialized,ok,none,accuracy_pass_runtime_loss,0.0067,0.0047,1.686567,0.746269,,37,64,bfp4,bfp4,false,0,0,false,0,spmv_max_rel,SKIP
cage_G_02.mtx,hybrid_lb,hybrid_lb,structural_hybrid,ok,none,promoted_fallback,0.0058,0.0045,1.948276,0.862069,,336,,original,raw_double,false,,,1,0,exact_abs_or_rel,SKIP
cage_G_02.mtx,cusparse_default,cusparse_csr,external_baseline,ok,none,external_baseline,0.0113,0.0082,1.000000,0.442478,,336,228,original,original,false,,,true,0,exact_abs_or_rel,SKIP
cage_G_10.mtx,original_lb,original_lb,load_balanced_traversal,ok,none,promoted_fallback,0.0070,0.0063,1.628571,1.000000,,1392,664,original,original,false,0,0,true,0,exact_abs_or_rel,SKIP
cage_G_10.mtx,auto_lossless_lb,all_one_lb,lossless_value_specialized,ok,none,accuracy_pass_runtime_win,0.0057,0.0044,2.000000,1.228070,,0,664,auto_lossless,all_one,true,1,0,true,0,exact_abs_or_rel,SKIP
cage_G_10.mtx,fp16_lb,fp16_lb,controlled_lossy_value_specialized,ok,none,accuracy_pass_runtime_loss,0.0074,0.0051,1.540541,0.945946,,348,664,fp16,fp16,false,0,0,false,0,spmv_max_rel,SKIP
cage_G_10.mtx,bf16_lb,bf16_lb,controlled_lossy_value_specialized,ok,none,accuracy_pass_runtime_loss,0.0073,0.0052,1.561644,0.958904,,348,664,bf16,bf16,false,0,0,false,0,spmv_max_rel,SKIP
cage_G_10.mtx,bfp8_lb,bfp8_lb,controlled_lossy_value_specialized,ok,none,accuracy_pass_runtime_win,0.0053,0.0037,2.150943,1.320755,,340,664,bfp8,bfp8,false,0,0,false,0,spmv_max_rel,SKIP
cage_G_10.mtx,bfp8_outlier_lb,bfp8_outlier_lb,controlled_lossy_value_specialized,ok,none,accuracy_pass_runtime_win,0.0055,0.0044,2.072727,1.272727,,340,664,bfp8_outlier,bfp8_outlier,false,0,0,false,0,spmv_max_rel,SKIP
cage_G_10.mtx,bfp4_lb,bfp4_lb,controlled_lossy_value_specialized,ok,none,accuracy_pass_runtime_win,0.0068,0.0064,1.676471,1.029412,,253,664,bfp4,bfp4,false,0,0,false,0,spmv_max_rel,SKIP
cage_G_10.mtx,hybrid_lb,hybrid_lb,structural_hybrid,ok,none,promoted_fallback,0.0058,0.0049,1.965517,1.206897,,1392,,original,raw_double,false,,,1,0,exact_abs_or_rel,SKIP
cage_G_10.mtx,cusparse_default,cusparse_csr,external_baseline,ok,none,external_baseline,0.0114,0.0082,1.000000,0.614035,,1392,932,original,original,false,,,true,0,exact_abs_or_rel,SKIP
cage_G_18.mtx,original_lb,original_lb,load_balanced_traversal,ok,none,promoted_fallback,0.0059,0.0048,1.881356,1.000000,,1392,432,original,original,false,0,0,true,0,exact_abs_or_rel,SKIP
cage_G_18.mtx,auto_lossless_lb,all_one_lb,lossless_value_specialized,ok,none,accuracy_pass_runtime_win,0.0054,0.0043,2.055556,1.092593,,0,432,auto_lossless,all_one,true,1,0,true,0,exact_abs_or_rel,SKIP
cage_G_18.mtx,fp16_lb,fp16_lb,controlled_lossy_value_specialized,ok,none,accuracy_pass_runtime_loss,0.0072,0.0063,1.541667,0.819444,,348,432,fp16,fp16,false,0,0,false,0,spmv_max_rel,SKIP
cage_G_18.mtx,bf16_lb,bf16_lb,controlled_lossy_value_specialized,ok,none,accuracy_pass_runtime_loss,0.0069,0.0051,1.608696,0.855072,,348,432,bf16,bf16,false,0,0,false,0,spmv_max_rel,SKIP
cage_G_18.mtx,bfp8_lb,bfp8_lb,controlled_lossy_value_specialized,ok,none,accuracy_pass_runtime_win,0.0049,0.0034,2.265306,1.204082,,282,432,bfp8,bfp8,false,0,0,false,0,spmv_max_rel,SKIP
cage_G_18.mtx,bfp8_outlier_lb,bfp8_outlier_lb,controlled_lossy_value_specialized,ok,none,accuracy_pass_runtime_win,0.0042,0.0034,2.642857,1.404762,,282,432,bfp8_outlier,bfp8_outlier,false,0,0,false,0,spmv_max_rel,SKIP
cage_G_18.mtx,bfp4_lb,bfp4_lb,controlled_lossy_value_specialized,ok,none,accuracy_pass_runtime_loss,0.0061,0.0049,1.819672,0.967213,,195,432,bfp4,bfp4,false,0,0,false,0,spmv_max_rel,SKIP
cage_G_18.mtx,hybrid_lb,hybrid_lb,structural_hybrid,ok,none,promoted_fallback,0.0077,0.0044,1.441558,0.766234,,1392,,original,raw_double,false,,,1,0,exact_abs_or_rel,SKIP
cage_G_18.mtx,cusparse_default,cusparse_csr,external_baseline,ok,none,external_baseline,0.0111,0.0082,1.000000,0.531532,,1392,932,original,original,false,,,true,0,exact_abs_or_rel,SKIP
cage_G_26.mtx,original_lb,original_lb,load_balanced_traversal,ok,none,promoted_fallback,0.0070,0.0053,1.600000,1.000000,,2688,1856,original,original,false,0,0,true,0,exact_abs_or_rel,SKIP
cage_G_26.mtx,auto_lossless_lb,all_one_lb,lossless_value_specialized,ok,none,accuracy_pass_runtime_loss,0.0094,0.0087,1.191489,0.744681,,0,1856,auto_lossless,all_one,true,1,0,true,0,exact_abs_or_rel,SKIP
cage_G_26.mtx,fp16_lb,fp16_lb,controlled_lossy_value_specialized,ok,none,accuracy_pass_runtime_loss,0.0082,0.0068,1.365854,0.853659,,672,1856,fp16,fp16,false,0,0,false,0,spmv_max_rel,SKIP
cage_G_26.mtx,bf16_lb,bf16_lb,controlled_lossy_value_specialized,ok,none,accuracy_pass_runtime_loss,0.0079,0.0071,1.417722,0.886076,,672,1856,bf16,bf16,false,0,0,false,0,spmv_max_rel,SKIP
cage_G_26.mtx,bfp8_lb,bfp8_lb,controlled_lossy_value_specialized,ok,none,accuracy_pass_runtime_loss,0.0080,0.0067,1.400000,0.875000,,800,1856,bfp8,bfp8,false,0,0,false,0,spmv_max_rel,SKIP
cage_G_26.mtx,bfp8_outlier_lb,bfp8_outlier_lb,controlled_lossy_value_specialized,ok,none,accuracy_pass_runtime_loss,0.0077,0.0071,1.454545,0.909091,,800,1856,bfp8_outlier,bfp8_outlier,false,0,0,false,0,spmv_max_rel,SKIP
cage_G_26.mtx,bfp4_lb,bfp4_lb,controlled_lossy_value_specialized,ok,none,accuracy_pass_runtime_loss,0.0100,0.0091,1.120000,0.700000,,632,1856,bfp4,bfp4,false,0,0,false,0,spmv_max_rel,SKIP
cage_G_26.mtx,hybrid_lb,hybrid_lb,structural_hybrid,ok,none,promoted_fallback,0.0056,0.0045,2.000000,1.250000,,2688,,original,raw_double,false,,,1,0,exact_abs_or_rel,SKIP
cage_G_26.mtx,cusparse_default,cusparse_csr,external_baseline,ok,none,external_baseline,0.0112,0.0082,1.000000,0.625000,,2688,1796,original,original,false,,,true,0,exact_abs_or_rel,SKIP
cage_G_34.mtx,original_lb,original_lb,load_balanced_traversal,ok,none,promoted_fallback,0.0059,0.0050,2.067797,1.000000,,2560,744,original,original,false,0,0,true,0,exact_abs_or_rel,SKIP
cage_G_34.mtx,auto_lossless_lb,all_one_lb,lossless_value_specialized,ok,none,accuracy_pass_runtime_loss,0.0070,0.0050,1.742857,0.842857,,0,744,auto_lossless,all_one,true,1,0,true,0,exact_abs_or_rel,SKIP
cage_G_34.mtx,fp16_lb,fp16_lb,controlled_lossy_value_specialized,ok,none,accuracy_pass_runtime_loss,0.0067,0.0047,1.820896,0.880597,,640,744,fp16,fp16,false,0,0,false,0,spmv_max_rel,SKIP
cage_G_34.mtx,bf16_lb,bf16_lb,controlled_lossy_value_specialized,ok,none,accuracy_pass_runtime_loss,0.0072,0.0057,1.694444,0.819444,,640,744,bf16,bf16,false,0,0,false,0,spmv_max_rel,SKIP
cage_G_34.mtx,bfp8_lb,bfp8_lb,controlled_lossy_value_specialized,ok,none,accuracy_pass_runtime_win,0.0055,0.0041,2.218182,1.072727,,506,744,bfp8,bfp8,false,0,0,false,0,spmv_max_rel,SKIP
cage_G_34.mtx,bfp8_outlier_lb,bfp8_outlier_lb,controlled_lossy_value_specialized,ok,none,accuracy_pass_runtime_loss,0.0059,0.0048,2.067797,1.000000,,506,744,bfp8_outlier,bfp8_outlier,false,0,0,false,0,spmv_max_rel,SKIP
cage_G_34.mtx,bfp4_lb,bfp4_lb,controlled_lossy_value_specialized,ok,none,accuracy_pass_runtime_loss,0.0080,0.0070,1.525000,0.737500,,346,744,bfp4,bfp4,false,0,0,false,0,spmv_max_rel,SKIP
cage_G_34.mtx,hybrid_lb,hybrid_lb,structural_hybrid,ok,none,promoted_fallback,0.0061,0.0047,2.000000,0.967213,,2560,,original,raw_double,false,,,1,0,exact_abs_or_rel,SKIP
cage_G_34.mtx,cusparse_default,cusparse_csr,external_baseline,ok,none,external_baseline,0.0122,0.0102,1.000000,0.483607,,2560,1604,original,original,false,,,true,0,exact_abs_or_rel,SKIP
cage_G_42.mtx,original_lb,original_lb,load_balanced_traversal,ok,none,promoted_fallback,0.0076,0.0061,1.526316,1.000000,,10512,2744,original,original,false,0,0,true,0,exact_abs_or_rel,SKIP
cage_G_42.mtx,auto_lossless_lb,all_one_lb,lossless_value_specialized,ok,none,accuracy_pass_runtime_loss,0.0081,0.0067,1.432099,0.938272,,0,2744,auto_lossless,all_one,true,1,0,true,0,exact_abs_or_rel,SKIP
cage_G_42.mtx,fp16_lb,fp16_lb,controlled_lossy_value_specialized,ok,none,accuracy_pass_runtime_loss,0.0079,0.0066,1.468354,0.962025,,2628,2744,fp16,fp16,false,0,0,false,0,spmv_max_rel,SKIP
cage_G_42.mtx,bf16_lb,bf16_lb,controlled_lossy_value_specialized,ok,none,accuracy_pass_runtime_loss,0.0082,0.0068,1.414634,0.926829,,2628,2744,bf16,bf16,false,0,0,false,0,spmv_max_rel,SKIP
cage_G_42.mtx,bfp8_lb,bfp8_lb,controlled_lossy_value_specialized,ok,none,accuracy_pass_runtime_loss,0.0081,0.0071,1.432099,0.938272,,2000,2744,bfp8,bfp8,false,0,0,false,0,spmv_max_rel,SKIP
cage_G_42.mtx,bfp8_outlier_lb,bfp8_outlier_lb,controlled_lossy_value_specialized,ok,none,accuracy_pass_runtime_loss,0.0079,0.0068,1.468354,0.962025,,2000,2744,bfp8_outlier,bfp8_outlier,false,0,0,false,0,spmv_max_rel,SKIP
cage_G_42.mtx,bfp4_lb,bfp4_lb,controlled_lossy_value_specialized,ok,none,accuracy_pass_runtime_loss,0.0101,0.0093,1.148515,0.752475,,1343,2744,bfp4,bfp4,false,0,0,false,0,spmv_max_rel,SKIP
cage_G_42.mtx,hybrid_lb,hybrid_lb,structural_hybrid,ok,none,promoted_fallback,0.0060,0.0043,1.933333,1.266667,,10512,,original,raw_double,false,,,1,0,exact_abs_or_rel,SKIP
cage_G_42.mtx,cusparse_default,cusparse_csr,external_baseline,ok,none,external_baseline,0.0116,0.0082,1.000000,0.655172,,10512,5844,original,original,false,,,true,0,exact_abs_or_rel,SKIP
can_1054.mtx,original_lb,original_lb,load_balanced_traversal,ok,none,promoted_fallback,0.0087,0.0066,1.609195,1.000000,,97568,24064,original,original,false,0,0,true,0,exact_abs_or_rel,SKIP
can_1054.mtx,auto_lossless_lb,all_one_lb,lossless_value_specialized,ok,none,accuracy_pass_runtime_win,0.0080,0.0066,1.750000,1.087500,,0,24064,auto_lossless,all_one,true,1,0,true,0,exact_abs_or_rel,SKIP
can_1054.mtx,fp16_lb,fp16_lb,controlled_lossy_value_specialized,ok,none,accuracy_pass_runtime_loss,0.0093,0.0077,1.505376,0.935484,,24392,24064,fp16,fp16,false,0,0,false,0,spmv_max_rel,SKIP
can_1054.mtx,bf16_lb,bf16_lb,controlled_lossy_value_specialized,ok,none,accuracy_pass_runtime_loss,0.0094,0.0071,1.489362,0.925532,,24392,24064,bf16,bf16,false,0,0,false,0,spmv_max_rel,SKIP
can_1054.mtx,bfp8_lb,bfp8_lb,controlled_lossy_value_specialized,ok,none,accuracy_pass_runtime_loss,0.0102,0.0091,1.372549,0.852941,,18212,24064,bfp8,bfp8,false,0,0,false,0,spmv_max_rel,SKIP
can_1054.mtx,bfp8_outlier_lb,bfp8_outlier_lb,controlled_lossy_value_specialized,ok,none,accuracy_pass_runtime_loss,0.0100,0.0092,1.400000,0.870000,,18212,24064,bfp8_outlier,bfp8_outlier,false,0,0,false,0,spmv_max_rel,SKIP
can_1054.mtx,bfp4_lb,bfp4_lb,controlled_lossy_value_specialized,ok,none,accuracy_pass_runtime_loss,0.0149,0.0125,0.939597,0.583893,,12114,24064,bfp4,bfp4,false,0,0,false,0,spmv_max_rel,SKIP
can_1054.mtx,hybrid_lb,hybrid_lb,structural_hybrid,ok,none,promoted_fallback,0.0084,0.0072,1.666667,1.035714,,97568,,original,raw_double,false,,,1,0,exact_abs_or_rel,SKIP
can_1054.mtx,cusparse_default,cusparse_csr,external_baseline,ok,none,external_baseline,0.0140,0.0102,1.000000,0.621429,,97568,53004,original,original,false,,,true,0,exact_abs_or_rel,SKIP
can_268.mtx,original_lb,original_lb,load_balanced_traversal,ok,none,promoted_fallback,0.0081,0.0070,1.493827,1.000000,,24656,5144,original,original,false,0,0,true,0,exact_abs_or_rel,SKIP
can_268.mtx,auto_lossless_lb,all_one_lb,lossless_value_specialized,ok,none,accuracy_pass_runtime_loss,0.0089,0.0072,1.359551,0.910112,,0,5144,auto_lossless,all_one,true,1,0,true,0,exact_abs_or_rel,SKIP
can_268.mtx,fp16_lb,fp16_lb,controlled_lossy_value_specialized,ok,none,accuracy_pass_runtime_loss,0.0088,0.0069,1.375000,0.920455,,6164,5144,fp16,fp16,false,0,0,false,0,spmv_max_rel,SKIP
can_268.mtx,bf16_lb,bf16_lb,controlled_lossy_value_specialized,ok,none,accuracy_pass_runtime_loss,0.0083,0.0069,1.457831,0.975904,,6164,5144,bf16,bf16,false,0,0,false,0,spmv_max_rel,SKIP
can_268.mtx,bfp8_lb,bfp8_lb,controlled_lossy_value_specialized,ok,none,accuracy_pass_runtime_loss,0.0092,0.0088,1.315217,0.880435,,4368,5144,bfp8,bfp8,false,0,0,false,0,spmv_max_rel,SKIP
can_268.mtx,bfp8_outlier_lb,bfp8_outlier_lb,controlled_lossy_value_specialized,ok,none,accuracy_pass_runtime_loss,0.0108,0.0075,1.120370,0.750000,,4368,5144,bfp8_outlier,bfp8_outlier,false,0,0,false,0,spmv_max_rel,SKIP
can_268.mtx,bfp4_lb,bfp4_lb,controlled_lossy_value_specialized,ok,none,accuracy_pass_runtime_loss,0.0120,0.0100,1.008333,0.675000,,2827,5144,bfp4,bfp4,false,0,0,false,0,spmv_max_rel,SKIP
can_268.mtx,hybrid_lb,hybrid_lb,structural_hybrid,ok,none,promoted_fallback,0.0072,0.0065,1.680556,1.125000,,24656,,original,raw_double,false,,,1,0,exact_abs_or_rel,SKIP
can_268.mtx,cusparse_default,cusparse_csr,external_baseline,ok,none,external_baseline,0.0121,0.0102,1.000000,0.669421,,24656,13404,original,original,false,,,true,0,exact_abs_or_rel,SKIP
can_838.mtx,original_lb,original_lb,load_balanced_traversal,ok,none,promoted_fallback,0.0084,0.0068,1.547619,1.000000,,80080,17552,original,original,false,0,0,true,0,exact_abs_or_rel,SKIP
can_838.mtx,auto_lossless_lb,all_one_lb,lossless_value_specialized,ok,none,accuracy_pass_runtime_win,0.0075,0.0067,1.733333,1.120000,,0,17552,auto_lossless,all_one,true,1,0,true,0,exact_abs_or_rel,SKIP
can_838.mtx,fp16_lb,fp16_lb,controlled_lossy_value_specialized,ok,none,accuracy_pass_runtime_loss,0.0092,0.0076,1.413043,0.913043,,20020,17552,fp16,fp16,false,0,0,false,0,spmv_max_rel,SKIP
can_838.mtx,bf16_lb,bf16_lb,controlled_lossy_value_specialized,ok,none,accuracy_pass_runtime_loss,0.0092,0.0076,1.413043,0.913043,,20020,17552,bf16,bf16,false,0,0,false,0,spmv_max_rel,SKIP
can_838.mtx,bfp8_lb,bfp8_lb,controlled_lossy_value_specialized,ok,none,accuracy_pass_runtime_loss,0.0099,0.0092,1.313131,0.848485,,14398,17552,bfp8,bfp8,false,0,0,false,0,spmv_max_rel,SKIP
can_838.mtx,bfp8_outlier_lb,bfp8_outlier_lb,controlled_lossy_value_specialized,ok,none,accuracy_pass_runtime_loss,0.0102,0.0092,1.274510,0.823529,,14398,17552,bfp8_outlier,bfp8_outlier,false,0,0,false,0,spmv_max_rel,SKIP
can_838.mtx,bfp4_lb,bfp4_lb,controlled_lossy_value_specialized,ok,none,accuracy_pass_runtime_loss,0.0135,0.0117,0.962963,0.622222,,9393,17552,bfp4,bfp4,false,0,0,false,0,spmv_max_rel,SKIP
can_838.mtx,hybrid_lb,hybrid_lb,structural_hybrid,ok,none,promoted_fallback,0.0072,0.0061,1.805556,1.166667,,80080,,original,raw_double,false,,,1,0,exact_abs_or_rel,SKIP
can_838.mtx,cusparse_default,cusparse_csr,external_baseline,ok,none,external_baseline,0.0130,0.0102,1.000000,0.646154,,80080,43396,original,original,false,,,true,0,exact_abs_or_rel,SKIP
cari.mtx,original_lb,original_lb,load_balanced_traversal,ok,none,promoted_fallback,0.0113,0.0083,1.115044,1.000000,,1222400,41600,original,original,false,0,0,true,0,exact_abs_or_rel,SKIP
cari.mtx,auto_lossless_lb,dict16_lb,lossless_value_specialized,ok,none,accuracy_pass_runtime_win,0.0109,0.0094,1.155963,1.036697,,83296,41600,auto_lossless,dict16,true,12,83296,true,12,exact_abs_or_rel,SKIP
cari.mtx,fp16_lb,fp16_lb,controlled_lossy_value_specialized,ok,none,accuracy_pass_runtime_win,0.0095,0.0079,1.326316,1.189474,,305600,41600,fp16,fp16,false,0,0,false,0,spmv_max_rel,SKIP
cari.mtx,bf16_lb,bf16_lb,controlled_lossy_value_specialized,ok,none,accuracy_pass_runtime_win,0.0098,0.0089,1.285714,1.153061,,305600,41600,bf16,bf16,false,0,0,false,0,spmv_max_rel,SKIP
cari.mtx,bfp8_lb,bfp8_lb,controlled_lossy_value_specialized,ok,none,accuracy_pass_runtime_win,0.0095,0.0085,1.326316,1.189474,,163200,41600,bfp8,bfp8,false,0,0,false,0,spmv_max_rel,SKIP
cari.mtx,bfp8_outlier_lb,bfp8_outlier_lb,controlled_lossy_value_specialized,ok,none,accuracy_pass_runtime_win,0.0096,0.0085,1.312500,1.177083,,163200,41600,bfp8_outlier,bfp8_outlier,false,0,0,false,0,spmv_max_rel,SKIP
cari.mtx,bfp4_lb,bfp4_lb,controlled_lossy_value_specialized,ok,none,accuracy_pass_runtime_loss,0.0141,0.0131,0.893617,0.801418,,86800,41600,bfp4,bfp4,false,0,0,false,0,spmv_max_rel,SKIP
cari.mtx,hybrid_lb,hybrid_lb,structural_hybrid,ok,none,promoted_fallback,0.0111,0.0088,1.135135,1.018018,,1222400,,original,raw_double,false,,,1,0,exact_abs_or_rel,SKIP
cari.mtx,cusparse_default,cusparse_csr,external_baseline,ok,none,external_baseline,0.0126,0.0102,1.000000,0.896825,,1222400,612804,original,original,false,,,true,0,exact_abs_or_rel,SKIP
cavity07.mtx,original_lb,original_lb,load_balanced_traversal,ok,none,promoted_fallback,0.0087,0.0069,1.413793,1.000000,,261616,24368,original,original,false,0,0,true,0,exact_abs_or_rel,SKIP
cavity07.mtx,auto_lossless_lb,original_lb,load_balanced_traversal,ok,none,promoted_fallback,0.0083,0.0071,1.481928,1.048193,,261616,24368,auto_lossless,original,true,24290,261616,true,0,exact_abs_or_rel,SKIP
cavity07.mtx,fp16_lb,fp16_lb,controlled_lossy_value_specialized,ok,none,accuracy_pass_runtime_win,0.0080,0.0067,1.537500,1.087500,,65404,24368,fp16,fp16,false,0,0,false,0,spmv_max_rel,SKIP
cavity07.mtx,bf16_lb,bf16_lb,controlled_lossy_value_specialized,ok,none,accuracy_pass_runtime_loss,0.0092,0.0076,1.336957,0.945652,,65404,24368,bf16,bf16,false,0,0,false,0,spmv_max_rel,SKIP
cavity07.mtx,bfp8_lb,bfp8_lb,controlled_lossy_value_specialized,ok,none,accuracy_pass_runtime_loss,0.0090,0.0071,1.366667,0.966667,,38794,24368,bfp8,bfp8,false,0,0,false,0,spmv_max_rel,SKIP
cavity07.mtx,bfp8_outlier_lb,bfp8_outlier_lb,controlled_lossy_value_specialized,ok,none,accuracy_pass_runtime_loss,0.0106,0.0096,1.160377,0.820755,,41402,24368,bfp8_outlier,bfp8_outlier,false,0,0,false,0,spmv_max_rel,SKIP
cavity07.mtx,bfp4_lb,bfp4_lb,controlled_lossy_value_specialized,ok,none,accuracy_pass_runtime_loss,0.0113,0.0100,1.088496,0.769912,,22443,24368,bfp4,bfp4,false,0,0,false,0,spmv_max_rel,SKIP
cavity07.mtx,hybrid_lb,hybrid_lb,structural_hybrid,ok,none,promoted_fallback,0.0087,0.0067,1.413793,1.000000,,261616,,original,raw_double,false,,,1,0,exact_abs_or_rel,SKIP
cavity07.mtx,cusparse_default,cusparse_csr,external_baseline,ok,none,external_baseline,0.0123,0.0102,1.000000,0.707317,,261616,135540,original,original,false,,,true,0,exact_abs_or_rel,SKIP
cavity15.mtx,original_lb,original_lb,load_balanced_traversal,ok,none,promoted_fallback,0.0089,0.0075,1.438202,1.000000,,572808,56376,original,original,false,0,0,true,0,exact_abs_or_rel,SKIP
cavity15.mtx,auto_lossless_lb,original_lb,load_balanced_traversal,ok,none,promoted_fallback,0.0112,0.0094,1.142857,0.794643,,572808,56376,auto_lossless,original,true,52268,572808,true,0,exact_abs_or_rel,SKIP
cavity15.mtx,fp16_lb,fp16_lb,controlled_lossy_value_specialized,ok,none,accuracy_pass_runtime_loss,0.0091,0.0088,1.406593,0.978022,,143202,56376,fp16,fp16,false,0,0,false,0,spmv_max_rel,SKIP
cavity15.mtx,bf16_lb,bf16_lb,controlled_lossy_value_specialized,ok,none,accuracy_pass_runtime_loss,0.0095,0.0090,1.347368,0.936842,,143202,56376,bf16,bf16,false,0,0,false,0,spmv_max_rel,SKIP
cavity15.mtx,bfp8_lb,bfp8_lb,controlled_lossy_value_specialized,ok,none,accuracy_pass_runtime_loss,0.0095,0.0082,1.347368,0.936842,,85695,56376,bfp8,bfp8,false,0,0,false,0,spmv_max_rel,SKIP
cavity15.mtx,bfp8_outlier_lb,bfp8_outlier_lb,controlled_lossy_value_specialized,ok,none,accuracy_pass_runtime_loss,0.0115,0.0101,1.113043,0.773913,,91423,56376,bfp8_outlier,bfp8_outlier,false,0,0,false,0,spmv_max_rel,SKIP
cavity15.mtx,bfp4_lb,bfp4_lb,controlled_lossy_value_specialized,ok,none,accuracy_pass_runtime_loss,0.0114,0.0107,1.122807,0.780702,,49895,56376,bfp4,bfp4,false,0,0,false,0,spmv_max_rel,SKIP
cavity15.mtx,hybrid_lb,hybrid_lb,structural_hybrid,ok,none,promoted_fallback,0.0092,0.0073,1.391304,0.967391,,572808,,original,raw_double,false,,,1,0,exact_abs_or_rel,SKIP
cavity15.mtx,cusparse_default,cusparse_csr,external_baseline,ok,none,external_baseline,0.0128,0.0102,1.000000,0.695312,,572808,296796,original,original,false,,,true,0,exact_abs_or_rel,SKIP
cavity23.mtx,original_lb,original_lb,load_balanced_traversal,ok,none,promoted_fallback,0.0083,0.0067,1.698795,1.000000,,1053880,100104,original,original,false,0,0,true,0,exact_abs_or_rel,SKIP
cavity23.mtx,auto_lossless_lb,original_lb,load_balanced_traversal,ok,none,promoted_fallback,0.0087,0.0072,1.620690,0.954023,,1053880,100104,auto_lossless,original,true,95621,1053880,true,0,exact_abs_or_rel,SKIP
cavity23.mtx,fp16_lb,fp16_lb,controlled_lossy_value_specialized,ok,none,accuracy_pass_runtime_loss,0.0086,0.0074,1.639535,0.965116,,263470,100104,fp16,fp16,false,0,0,false,0,spmv_max_rel,SKIP
cavity23.mtx,bf16_lb,bf16_lb,controlled_lossy_value_specialized,ok,none,accuracy_pass_runtime_loss,0.0087,0.0070,1.620690,0.954023,,263470,100104,bf16,bf16,false,0,0,false,0,spmv_max_rel,SKIP
cavity23.mtx,bfp8_lb,bfp8_lb,controlled_lossy_value_specialized,ok,none,accuracy_pass_runtime_loss,0.0101,0.0086,1.396040,0.821782,,156761,100104,bfp8,bfp8,false,0,0,false,0,spmv_max_rel,SKIP
cavity23.mtx,bfp8_outlier_lb,bfp8_outlier_lb,controlled_lossy_value_specialized,ok,none,accuracy_pass_runtime_loss,0.0115,0.0092,1.226087,0.721739,,167289,100104,bfp8_outlier,bfp8_outlier,false,0,0,false,0,spmv_max_rel,SKIP
cavity23.mtx,bfp4_lb,bfp4_lb,controlled_lossy_value_specialized,ok,none,accuracy_pass_runtime_loss,0.0116,0.0110,1.215517,0.715517,,90894,100104,bfp4,bfp4,false,0,0,false,0,spmv_max_rel,SKIP
cavity23.mtx,hybrid_lb,hybrid_lb,structural_hybrid,ok,none,promoted_fallback,0.0093,0.0079,1.516129,0.892473,,1053880,,original,raw_double,false,,,1,0,exact_abs_or_rel,SKIP
cavity23.mtx,cusparse_default,cusparse_csr,external_baseline,ok,none,external_baseline,0.0141,0.0102,1.000000,0.588652,,1053880,545192,original,original,false,,,true,0,exact_abs_or_rel,SKIP
cdde5.mtx,original_lb,original_lb,load_balanced_traversal,ok,none,promoted_fallback,0.0069,0.0051,2.043478,1.000000,,37448,9400,original,original,false,0,0,true,0,exact_abs_or_rel,SKIP
cdde5.mtx,auto_lossless_lb,dict16_lb,lossless_value_specialized,ok,none,accuracy_pass_runtime_win,0.0068,0.0060,2.073529,1.014706,,18840,9400,auto_lossless,dict16,true,5,18840,true,5,exact_abs_or_rel,SKIP
cdde5.mtx,fp16_lb,fp16_lb,controlled_lossy_value_specialized,ok,none,accuracy_pass_runtime_loss,0.0078,0.0070,1.807692,0.884615,,9362,9400,fp16,fp16,false,0,0,false,0,spmv_max_rel,SKIP
cdde5.mtx,bf16_lb,bf16_lb,controlled_lossy_value_specialized,ok,none,accuracy_pass_runtime_win,0.0065,0.0057,2.169231,1.061538,,9362,9400,bf16,bf16,false,0,0,false,0,spmv_max_rel,SKIP
cdde5.mtx,bfp8_lb,bfp8_lb,controlled_lossy_value_specialized,ok,none,accuracy_pass_runtime_win,0.0064,0.0054,2.203125,1.078125,,7031,9400,bfp8,bfp8,false,0,0,false,0,spmv_max_rel,SKIP
cdde5.mtx,bfp8_outlier_lb,bfp8_outlier_lb,controlled_lossy_value_specialized,ok,none,accuracy_pass_runtime_win,0.0062,0.0049,2.274194,1.112903,,7031,9400,bfp8_outlier,bfp8_outlier,false,0,0,false,0,spmv_max_rel,SKIP
cdde5.mtx,bfp4_lb,bfp4_lb,controlled_lossy_value_specialized,ok,none,accuracy_pass_runtime_loss,0.0071,0.0055,1.985915,0.971831,,4691,9400,bfp4,bfp4,false,0,0,false,0,spmv_max_rel,SKIP
cdde5.mtx,hybrid_lb,hybrid_lb,structural_hybrid,ok,none,promoted_fallback,0.0061,0.0047,2.311475,1.131148,,37448,,original,raw_double,false,,,1,0,exact_abs_or_rel,SKIP
cdde5.mtx,cusparse_default,cusparse_csr,external_baseline,ok,none,external_baseline,0.0141,0.0102,1.000000,0.489362,,37448,22572,original,original,false,,,true,0,exact_abs_or_rel,SKIP
celegansneural.mtx,original_lb,original_lb,load_balanced_traversal,ok,none,promoted_fallback,0.0094,0.0072,1.244681,1.000000,,18760,7792,original,original,false,0,0,true,0,exact_abs_or_rel,SKIP
celegansneural.mtx,auto_lossless_lb,original_lb,load_balanced_traversal,ok,none,promoted_fallback,0.0094,0.0076,1.244681,1.000000,,18760,7792,auto_lossless,original,true,31,18760,true,0,exact_abs_or_rel,SKIP
celegansneural.mtx,fp16_lb,fp16_lb,controlled_lossy_value_specialized,ok,none,accuracy_pass_runtime_loss,0.0099,0.0093,1.181818,0.949495,,4690,7792,fp16,fp16,false,0,0,false,0,spmv_max_rel,SKIP
celegansneural.mtx,bf16_lb,bf16_lb,controlled_lossy_value_specialized,ok,none,accuracy_pass_runtime_loss,0.0099,0.0084,1.181818,0.949495,,4690,7792,bf16,bf16,false,0,0,false,0,spmv_max_rel,SKIP
celegansneural.mtx,bfp8_lb,bfp8_lb,controlled_lossy_value_specialized,ok,none,accuracy_pass_runtime_win,0.0092,0.0084,1.271739,1.021739,,4293,7792,bfp8,bfp8,false,0,0,false,0,spmv_max_rel,SKIP
celegansneural.mtx,bfp8_outlier_lb,bfp8_outlier_lb,controlled_lossy_value_specialized,ok,none,accuracy_pass_runtime_loss,0.0113,0.0092,1.035398,0.831858,,4421,7792,bfp8_outlier,bfp8_outlier,false,0,0,false,0,spmv_max_rel,SKIP
celegansneural.mtx,bfp4_lb,bfp4_lb,controlled_lossy_value_specialized,ok,none,accuracy_pass_runtime_loss,0.0133,0.0112,0.879699,0.706767,,3121,7792,bfp4,bfp4,false,0,0,false,0,spmv_max_rel,SKIP
celegansneural.mtx,hybrid_lb,hybrid_lb,structural_hybrid,ok,none,promoted_fallback,0.0074,0.0058,1.581081,1.270270,,18760,,original,raw_double,false,,,1,0,exact_abs_or_rel,SKIP
celegansneural.mtx,cusparse_default,cusparse_csr,external_baseline,ok,none,external_baseline,0.0117,0.0099,1.000000,0.803419,,18760,10572,original,original,false,,,true,0,exact_abs_or_rel,SKIP
ch3-3-b2.mtx,original_lb,original_lb,load_balanced_traversal,ok,none,promoted_fallback,0.0056,0.0052,2.017857,1.000000,,144,40,original,original,false,0,0,true,0,exact_abs_or_rel,SKIP
ch3-3-b2.mtx,auto_lossless_lb,sign2_lb,lossless_value_specialized,ok,none,accuracy_pass_runtime_loss,0.0060,0.0051,1.883333,0.933333,,20,40,auto_lossless,sign2,true,2,20,true,0,exact_abs_or_rel,SKIP
ch3-3-b2.mtx,fp16_lb,fp16_lb,controlled_lossy_value_specialized,ok,none,accuracy_pass_runtime_loss,0.0057,0.0044,1.982456,0.982456,,36,40,fp16,fp16,false,0,0,false,0,spmv_max_rel,SKIP
ch3-3-b2.mtx,bf16_lb,bf16_lb,controlled_lossy_value_specialized,ok,none,accuracy_pass_runtime_loss,0.0056,0.0045,2.017857,1.000000,,36,40,bf16,bf16,false,0,0,false,0,spmv_max_rel,SKIP
ch3-3-b2.mtx,bfp8_lb,bfp8_lb,controlled_lossy_value_specialized,ok,none,accuracy_pass_runtime_win,0.0053,0.0038,2.132075,1.056604,,28,40,bfp8,bfp8,false,0,0,false,0,spmv_max_rel,SKIP
ch3-3-b2.mtx,bfp8_outlier_lb,bfp8_outlier_lb,controlled_lossy_value_specialized,ok,none,accuracy_pass_runtime_win,0.0053,0.0043,2.132075,1.056604,,28,40,bfp8_outlier,bfp8_outlier,false,0,0,false,0,spmv_max_rel,SKIP
ch3-3-b2.mtx,bfp4_lb,bfp4_lb,controlled_lossy_value_specialized,ok,none,accuracy_pass_runtime_win,0.0054,0.0039,2.092593,1.037037,,19,40,bfp4,bfp4,false,0,0,false,0,spmv_max_rel,SKIP
ch3-3-b2.mtx,hybrid_lb,hybrid_lb,structural_hybrid,ok,none,promoted_fallback,0.0057,0.0039,1.982456,0.982456,,144,,original,raw_double,false,,,1,0,exact_abs_or_rel,SKIP
ch3-3-b2.mtx,cusparse_default,cusparse_csr,external_baseline,ok,none,external_baseline,0.0113,0.0082,1.000000,0.495575,,144,100,original,original,false,,,true,0,exact_abs_or_rel,SKIP
ch6-6-b1.mtx,original_lb,original_lb,load_balanced_traversal,ok,none,promoted_fallback,0.0056,0.0048,2.035714,1.000000,,7200,1816,original,original,false,0,0,true,0,exact_abs_or_rel,SKIP
ch6-6-b1.mtx,auto_lossless_lb,sign2_lb,lossless_value_specialized,ok,none,accuracy_pass_runtime_loss,0.0056,0.0044,2.035714,1.000000,,908,1816,auto_lossless,sign2,true,2,908,true,0,exact_abs_or_rel,SKIP
ch6-6-b1.mtx,fp16_lb,fp16_lb,controlled_lossy_value_specialized,ok,none,accuracy_pass_runtime_loss,0.0064,0.0050,1.781250,0.875000,,1800,1816,fp16,fp16,false,0,0,false,0,spmv_max_rel,SKIP
ch6-6-b1.mtx,bf16_lb,bf16_lb,controlled_lossy_value_specialized,ok,none,accuracy_pass_runtime_loss,0.0064,0.0056,1.781250,0.875000,,1800,1816,bf16,bf16,false,0,0,false,0,spmv_max_rel,SKIP
ch6-6-b1.mtx,bfp8_lb,bfp8_lb,controlled_lossy_value_specialized,ok,none,accuracy_pass_runtime_loss,0.0061,0.0050,1.868852,0.918033,,1354,1816,bfp8,bfp8,false,0,0,false,0,spmv_max_rel,SKIP
ch6-6-b1.mtx,bfp8_outlier_lb,bfp8_outlier_lb,controlled_lossy_value_specialized,ok,none,accuracy_pass_runtime_loss,0.0056,0.0045,2.035714,1.000000,,1354,1816,bfp8_outlier,bfp8_outlier,false,0,0,false,0,spmv_max_rel,SKIP
ch6-6-b1.mtx,bfp4_lb,bfp4_lb,controlled_lossy_value_specialized,ok,none,accuracy_pass_runtime_loss,0.0062,0.0046,1.838710,0.903226,,904,1816,bfp4,bfp4,false,0,0,false,0,spmv_max_rel,SKIP
ch6-6-b1.mtx,hybrid_lb,hybrid_lb,structural_hybrid,ok,none,promoted_fallback,0.0063,0.0055,1.809524,0.888889,,7200,,original,raw_double,false,,,1,0,exact_abs_or_rel,SKIP
ch6-6-b1.mtx,cusparse_default,cusparse_csr,external_baseline,ok,none,external_baseline,0.0114,0.0101,1.000000,0.491228,,7200,5404,original,original,false,,,true,0,exact_abs_or_rel,SKIP
ch7-6-b4.mtx,original_lb,original_lb,load_balanced_traversal,ok,none,promoted_fallback,0.0088,0.0071,1.602273,1.000000,,604800,236944,original,original,false,0,0,true,0,exact_abs_or_rel,SKIP
ch7-6-b4.mtx,auto_lossless_lb,sign2_lb,lossless_value_specialized,ok,none,accuracy_pass_runtime_loss,0.0103,0.0090,1.368932,0.854369,,118472,236944,auto_lossless,sign2,true,2,118472,true,0,exact_abs_or_rel,SKIP
ch7-6-b4.mtx,fp16_lb,fp16_lb,controlled_lossy_value_specialized,ok,none,accuracy_pass_runtime_win,0.0084,0.0069,1.678571,1.047619,,151200,236944,fp16,fp16,false,0,0,false,0,spmv_max_rel,SKIP
ch7-6-b4.mtx,bf16_lb,bf16_lb,controlled_lossy_value_specialized,ok,none,accuracy_pass_runtime_win,0.0082,0.0068,1.719512,1.073171,,151200,236944,bf16,bf16,false,0,0,false,0,spmv_max_rel,SKIP
ch7-6-b4.mtx,bfp8_lb,bfp8_lb,controlled_lossy_value_specialized,ok,none,accuracy_pass_runtime_win,0.0065,0.0054,2.169231,1.353846,,134836,236944,bfp8,bfp8,false,0,0,false,0,spmv_max_rel,SKIP
ch7-6-b4.mtx,bfp8_outlier_lb,bfp8_outlier_lb,controlled_lossy_value_specialized,ok,none,accuracy_pass_runtime_win,0.0069,0.0055,2.043478,1.275362,,134836,236944,bfp8_outlier,bfp8_outlier,false,0,0,false,0,spmv_max_rel,SKIP
ch7-6-b4.mtx,bfp4_lb,bfp4_lb,controlled_lossy_value_specialized,ok,none,accuracy_pass_runtime_loss,0.0097,0.0089,1.453608,0.907216,,97036,236944,bfp4,bfp4,false,0,0,false,0,spmv_max_rel,SKIP
ch7-6-b4.mtx,hybrid_lb,hybrid_lb,structural_hybrid,ok,none,promoted_fallback,0.0068,0.0046,2.073529,1.294118,,604800,,original,raw_double,false,,,1,0,exact_abs_or_rel,SKIP
ch7-6-b4.mtx,cusparse_default,cusparse_csr,external_baseline,ok,none,external_baseline,0.0141,0.0123,1.000000,0.624113,,604800,362884,original,original,false,,,true,0,exact_abs_or_rel,SKIP
ch8-8-b1.mtx,original_lb,original_lb,load_balanced_traversal,ok,none,promoted_fallback,0.0049,0.0039,2.816327,1.000000,,25088,6344,original,original,false,0,0,true,0,exact_abs_or_rel,SKIP
ch8-8-b1.mtx,auto_lossless_lb,sign2_lb,lossless_value_specialized,ok,none,accuracy_pass_runtime_loss,0.0059,0.0049,2.338983,0.830508,,3172,6344,auto_lossless,sign2,true,2,3172,true,0,exact_abs_or_rel,SKIP
ch8-8-b1.mtx,fp16_lb,fp16_lb,controlled_lossy_value_specialized,ok,none,accuracy_pass_runtime_loss,0.0059,0.0048,2.338983,0.830508,,6272,6344,fp16,fp16,false,0,0,false,0,spmv_max_rel,SKIP
ch8-8-b1.mtx,bf16_lb,bf16_lb,controlled_lossy_value_specialized,ok,none,accuracy_pass_runtime_loss,0.0058,0.0047,2.379310,0.844828,,6272,6344,bf16,bf16,false,0,0,false,0,spmv_max_rel,SKIP
ch8-8-b1.mtx,bfp8_lb,bfp8_lb,controlled_lossy_value_specialized,ok,none,accuracy_pass_runtime_loss,0.0052,0.0043,2.653846,0.942308,,4722,6344,bfp8,bfp8,false,0,0,false,0,spmv_max_rel,SKIP
ch8-8-b1.mtx,bfp8_outlier_lb,bfp8_outlier_lb,controlled_lossy_value_specialized,ok,none,accuracy_pass_runtime_loss,0.0053,0.0036,2.603774,0.924528,,4722,6344,bfp8_outlier,bfp8_outlier,false,0,0,false,0,spmv_max_rel,SKIP
ch8-8-b1.mtx,bfp4_lb,bfp4_lb,controlled_lossy_value_specialized,ok,none,accuracy_pass_runtime_loss,0.0051,0.0041,2.705882,0.960784,,3154,6344,bfp4,bfp4,false,0,0,false,0,spmv_max_rel,SKIP
ch8-8-b1.mtx,hybrid_lb,hybrid_lb,structural_hybrid,ok,none,promoted_fallback,0.0059,0.0048,2.338983,0.830508,,25088,,original,raw_double,false,,,1,0,exact_abs_or_rel,SKIP
ch8-8-b1.mtx,cusparse_default,cusparse_csr,external_baseline,ok,none,external_baseline,0.0138,0.0102,1.000000,0.355072,,25088,18820,original,original,false,,,true,0,exact_abs_or_rel,SKIP
circuit_3.mtx,original_lb,original_lb,load_balanced_traversal,ok,none,promoted_fallback,0.0097,0.0089,1.402062,1.000000,,385096,118872,original,original,false,0,0,true,0,exact_abs_or_rel,SKIP
circuit_3.mtx,auto_lossless_lb,original_lb,load_balanced_traversal,ok,none,promoted_fallback,0.0095,0.0079,1.431579,1.021053,,385096,118872,auto_lossless,original,true,25388,385096,true,0,exact_abs_or_rel,SKIP
circuit_3.mtx,fp16_lb,fp16_lb,controlled_lossy_value_specialized,ok,none,accuracy_pass_runtime_loss,0.0106,0.0097,1.283019,0.915094,,96274,118872,fp16,fp16,false,0,0,false,0,spmv_max_rel,SKIP
circuit_3.mtx,bf16_lb,bf16_lb,controlled_lossy_value_specialized,ok,none,accuracy_pass_runtime_loss,0.0100,0.0079,1.360000,0.970000,,96274,118872,bf16,bf16,false,0,0,false,0,spmv_max_rel,SKIP
circuit_3.mtx,bfp8_lb,bfp8_lb,controlled_lossy_value_specialized,ok,none,accuracy_pass_runtime_loss,0.0098,0.0085,1.387755,0.989796,,77855,118872,bfp8,bfp8,false,0,0,false,0,spmv_max_rel,SKIP
circuit_3.mtx,bfp8_outlier_lb,bfp8_outlier_lb,controlled_lossy_value_specialized,ok,none,accuracy_pass_runtime_loss,0.0115,0.0101,1.182609,0.843478,,81679,118872,bfp8_outlier,bfp8_outlier,false,0,0,false,0,spmv_max_rel,SKIP
circuit_3.mtx,bfp4_lb,bfp4_lb,controlled_lossy_value_specialized,ok,none,accuracy_pass_runtime_loss,0.0136,0.0124,1.000000,0.713235,,53787,118872,bfp4,bfp4,false,0,0,false,0,spmv_max_rel,SKIP
circuit_3.mtx,hybrid_lb,hybrid_lb,structural_hybrid,ok,none,promoted_fallback,0.0102,0.0087,1.333333,0.950980,,385096,,original,raw_double,false,,,1,0,exact_abs_or_rel,SKIP
circuit_3.mtx,cusparse_default,cusparse_csr,external_baseline,ok,none,external_baseline,0.0136,0.0123,1.000000,0.713235,,385096,241060,original,original,false,,,true,0,exact_abs_or_rel,SKIP
cis-n4c6-b4.mtx,original_lb,original_lb,load_balanced_traversal,ok,none,promoted_fallback,0.0076,0.0068,1.855263,1.000000,,802320,223800,original,original,false,0,0,true,0,exact_abs_or_rel,SKIP
cis-n4c6-b4.mtx,auto_lossless_lb,sign2_lb,lossless_value_specialized,ok,none,accuracy_pass_runtime_loss,0.0086,0.0071,1.639535,0.883721,,111900,223800,auto_lossless,sign2,true,2,111900,true,0,exact_abs_or_rel,SKIP
cis-n4c6-b4.mtx,fp16_lb,fp16_lb,controlled_lossy_value_specialized,ok,none,accuracy_pass_runtime_loss,0.0076,0.0071,1.855263,1.000000,,200580,223800,fp16,fp16,false,0,0,false,0,spmv_max_rel,SKIP
cis-n4c6-b4.mtx,bf16_lb,bf16_lb,controlled_lossy_value_specialized,ok,none,accuracy_pass_runtime_loss,0.0079,0.0070,1.784810,0.962025,,200580,223800,bf16,bf16,false,0,0,false,0,spmv_max_rel,SKIP
cis-n4c6-b4.mtx,bfp8_lb,bfp8_lb,controlled_lossy_value_specialized,ok,none,accuracy_pass_runtime_win,0.0073,0.0059,1.931507,1.041096,,156240,223800,bfp8,bfp8,false,0,0,false,0,spmv_max_rel,SKIP
cis-n4c6-b4.mtx,bfp8_outlier_lb,bfp8_outlier_lb,controlled_lossy_value_specialized,ok,none,accuracy_pass_runtime_win,0.0067,0.0053,2.104478,1.134328,,156240,223800,bfp8_outlier,bfp8_outlier,false,0,0,false,0,spmv_max_rel,SKIP
cis-n4c6-b4.mtx,bfp4_lb,bfp4_lb,controlled_lossy_value_specialized,ok,none,accuracy_pass_runtime_loss,0.0092,0.0071,1.532609,0.826087,,106095,223800,bfp4,bfp4,false,0,0,false,0,spmv_max_rel,SKIP
cis-n4c6-b4.mtx,hybrid_lb,hybrid_lb,structural_hybrid,ok,none,promoted_fallback,0.0064,0.0051,2.203125,1.187500,,802320,,original,raw_double,false,,,1,0,exact_abs_or_rel,SKIP
cis-n4c6-b4.mtx,cusparse_default,cusparse_csr,external_baseline,ok,none,external_baseline,0.0141,0.0123,1.000000,0.539007,,802320,481396,original,original,false,,,true,0,exact_abs_or_rel,SKIP
com-DBLP_Communities_top5000.mtx,original_lb,original_lb,load_balanced_traversal,ok,none,promoted_fallback,0.0133,0.0115,1.909774,1.000000,,897824,682344,original,original,false,0,0,true,0,exact_abs_or_rel,SKIP
com-DBLP_Communities_top5000.mtx,auto_lossless_lb,all_one_lb,lossless_value_specialized,ok,none,accuracy_pass_runtime_win,0.0116,0.0108,2.189655,1.146552,,0,682344,auto_lossless,all_one,true,1,0,true,0,exact_abs_or_rel,SKIP
com-DBLP_Communities_top5000.mtx,fp16_lb,fp16_lb,controlled_lossy_value_specialized,ok,none,accuracy_pass_runtime_win,0.0126,0.0116,2.015873,1.055556,,224456,682344,fp16,fp16,false,0,0,false,0,spmv_max_rel,SKIP
com-DBLP_Communities_top5000.mtx,bf16_lb,bf16_lb,controlled_lossy_value_specialized,ok,none,accuracy_pass_runtime_win,0.0119,0.0115,2.134454,1.117647,,224456,682344,bf16,bf16,false,0,0,false,0,spmv_max_rel,SKIP
com-DBLP_Communities_top5000.mtx,bfp8_lb,bfp8_lb,controlled_lossy_value_specialized,ok,none,accuracy_pass_runtime_win,0.0124,0.0114,2.048387,1.072581,,282814,682344,bfp8,bfp8,false,0,0,false,0,spmv_max_rel,SKIP
com-DBLP_Communities_top5000.mtx,bfp8_outlier_lb,bfp8_outlier_lb,controlled_lossy_value_specialized,ok,none,accuracy_pass_runtime_win,0.0120,0.0115,2.116667,1.108333,,282814,682344,bfp8_outlier,bfp8_outlier,false,0,0,false,0,spmv_max_rel,SKIP
com-DBLP_Communities_top5000.mtx,bfp4_lb,bfp4_lb,controlled_lossy_value_specialized,ok,none,accuracy_pass_runtime_win,0.0120,0.0115,2.116667,1.108333,,226700,682344,bfp4,bfp4,false,0,0,false,0,spmv_max_rel,SKIP
com-DBLP_Communities_top5000.mtx,hybrid_lb,hybrid_lb,structural_hybrid,ok,none,promoted_fallback,0.0121,0.0109,2.099174,1.099174,,897824,,original,raw_double,false,,,1,0,exact_abs_or_rel,SKIP
com-DBLP_Communities_top5000.mtx,cusparse_default,cusparse_csr,external_baseline,ok,none,external_baseline,0.0254,0.0238,1.000000,0.523622,,897824,1717236,original,original,false,,,true,0,exact_abs_or_rel,SKIP
com-Orkut_Communities_top5000.mtx,original_lb,original_lb,load_balanced_traversal,ok,none,promoted_fallback,0.0667,0.0622,0.674663,1.000000,,8628608,6479256,original,original,false,0,0,true,0,exact_abs_or_rel,SKIP
com-Orkut_Communities_top5000.mtx,auto_lossless_lb,all_one_lb,lossless_value_specialized,ok,none,accuracy_pass_runtime_win,0.0624,0.0601,0.721154,1.068910,,0,6479256,auto_lossless,all_one,true,1,0,true,0,exact_abs_or_rel,SKIP
com-Orkut_Communities_top5000.mtx,fp16_lb,fp16_lb,controlled_lossy_value_specialized,ok,none,accuracy_pass_runtime_win,0.0543,0.0499,0.828729,1.228361,,2157152,6479256,fp16,fp16,false,0,0,false,0,spmv_max_rel,SKIP
com-Orkut_Communities_top5000.mtx,bf16_lb,bf16_lb,controlled_lossy_value_specialized,ok,none,accuracy_pass_runtime_win,0.0520,0.0501,0.865385,1.282692,,2157152,6479256,bf16,bf16,false,0,0,false,0,spmv_max_rel,SKIP
com-Orkut_Communities_top5000.mtx,bfp8_lb,bfp8_lb,controlled_lossy_value_specialized,ok,none,accuracy_pass_runtime_win,0.0544,0.0524,0.827206,1.226103,,2698390,6479256,bfp8,bfp8,false,0,0,false,0,spmv_max_rel,SKIP
com-Orkut_Communities_top5000.mtx,bfp8_outlier_lb,bfp8_outlier_lb,controlled_lossy_value_specialized,ok,none,accuracy_pass_runtime_win,0.0532,0.0526,0.845865,1.253759,,2698390,6479256,bfp8_outlier,bfp8_outlier,false,0,0,false,0,spmv_max_rel,SKIP
com-Orkut_Communities_top5000.mtx,bfp4_lb,bfp4_lb,controlled_lossy_value_specialized,ok,none,accuracy_pass_runtime_win,0.0548,0.0536,0.821168,1.217153,,2159102,6479256,bfp4,bfp4,false,0,0,false,0,spmv_max_rel,SKIP
com-Orkut_Communities_top5000.mtx,hybrid_lb,hybrid_lb,structural_hybrid,ok,none,promoted_fallback,0.0652,0.0642,0.690184,1.023006,,8628608,,original,raw_double,false,,,1,0,exact_abs_or_rel,SKIP
com-Orkut_Communities_top5000.mtx,cusparse_default,cusparse_csr,external_baseline,ok,none,external_baseline,0.0450,0.0430,1.000000,1.482222,,8628608,16604072,original,original,false,,,true,0,exact_abs_or_rel,SKIP
coupled.mtx,original_lb,original_lb,load_balanced_traversal,ok,none,promoted_fallback,0.0092,0.0084,1.750000,1.000000,,777544,587624,original,original,false,0,0,true,0,exact_abs_or_rel,SKIP
coupled.mtx,auto_lossless_lb,original_lb,load_balanced_traversal,ok,none,promoted_fallback,0.0117,0.0099,1.376068,0.786325,,777544,587624,auto_lossless,original,true,30896,777544,true,0,exact_abs_or_rel,SKIP
coupled.mtx,fp16_lb,fp16_lb,controlled_lossy_value_specialized,ok,none,accuracy_pass_runtime_loss,0.0105,0.0087,1.533333,0.876190,,194386,587624,fp16,fp16,false,0,0,false,0,spmv_max_rel,SKIP
coupled.mtx,bf16_lb,bf16_lb,controlled_lossy_value_specialized,ok,none,accuracy_pass_runtime_loss,0.0092,0.0086,1.750000,1.000000,,194386,587624,bf16,bf16,false,0,0,false,0,spmv_max_rel,SKIP
coupled.mtx,bfp8_lb,bfp8_lb,controlled_lossy_value_specialized,ok,none,accuracy_pass_runtime_loss,0.0094,0.0086,1.712766,0.978723,,244099,587624,bfp8,bfp8,false,0,0,false,0,spmv_max_rel,SKIP
coupled.mtx,bfp8_outlier_lb,bfp8_outlier_lb,controlled_lossy_value_specialized,ok,none,accuracy_pass_runtime_loss,0.0119,0.0104,1.352941,0.773109,,251827,587624,bfp8_outlier,bfp8_outlier,false,0,0,false,0,spmv_max_rel,SKIP
coupled.mtx,bfp4_lb,bfp4_lb,controlled_lossy_value_specialized,ok,none,accuracy_pass_runtime_loss,0.0127,0.0117,1.267717,0.724409,,195503,587624,bfp4,bfp4,false,0,0,false,0,spmv_max_rel,SKIP
coupled.mtx,hybrid_lb,hybrid_lb,structural_hybrid,ok,none,promoted_fallback,0.0091,0.0071,1.769231,1.010989,,777544,,original,raw_double,false,,,1,0,exact_abs_or_rel,SKIP
coupled.mtx,cusparse_default,cusparse_csr,external_baseline,ok,none,external_baseline,0.0161,0.0123,1.000000,0.571429,,777544,434140,original,original,false,,,true,0,exact_abs_or_rel,SKIP
crew1.mtx,original_lb,original_lb,load_balanced_traversal,ok,none,promoted_fallback,0.0094,0.0070,1.361702,1.000000,,375600,112632,original,original,false,0,0,true,0,exact_abs_or_rel,SKIP
crew1.mtx,auto_lossless_lb,all_one_lb,lossless_value_specialized,ok,none,accuracy_pass_runtime_win,0.0082,0.0071,1.560976,1.146341,,0,112632,auto_lossless,all_one,true,1,0,true,0,exact_abs_or_rel,SKIP
crew1.mtx,fp16_lb,fp16_lb,controlled_lossy_value_specialized,ok,none,accuracy_pass_runtime_win,0.0093,0.0076,1.376344,1.010753,,93900,112632,fp16,fp16,false,0,0,false,0,spmv_max_rel,SKIP
crew1.mtx,bf16_lb,bf16_lb,controlled_lossy_value_specialized,ok,none,accuracy_pass_runtime_loss,0.0096,0.0085,1.333333,0.979167,,93900,112632,bf16,bf16,false,0,0,false,0,spmv_max_rel,SKIP
crew1.mtx,bfp8_lb,bfp8_lb,controlled_lossy_value_specialized,ok,none,accuracy_pass_runtime_win,0.0093,0.0085,1.376344,1.010753,,75108,112632,bfp8,bfp8,false,0,0,false,0,spmv_max_rel,SKIP
crew1.mtx,bfp8_outlier_lb,bfp8_outlier_lb,controlled_lossy_value_specialized,ok,none,accuracy_pass_runtime_loss,0.0097,0.0086,1.319588,0.969072,,75108,112632,bfp8_outlier,bfp8_outlier,false,0,0,false,0,spmv_max_rel,SKIP
crew1.mtx,bfp4_lb,bfp4_lb,controlled_lossy_value_specialized,ok,none,accuracy_pass_runtime_loss,0.0142,0.0134,0.901408,0.661972,,51633,112632,bfp4,bfp4,false,0,0,false,0,spmv_max_rel,SKIP
crew1.mtx,hybrid_lb,hybrid_lb,structural_hybrid,ok,none,promoted_fallback,0.0121,0.0106,1.057851,0.776860,,375600,,original,raw_double,false,,,1,0,exact_abs_or_rel,SKIP
crew1.mtx,cusparse_default,cusparse_csr,external_baseline,ok,none,external_baseline,0.0128,0.0102,1.000000,0.734375,,375600,188344,original,original,false,,,true,0,exact_abs_or_rel,SKIP
cs4.mtx,original_lb,original_lb,load_balanced_traversal,ok,none,promoted_fallback,0.0098,0.0084,1.959184,1.000000,,701728,627808,original,original,false,0,0,true,0,exact_abs_or_rel,SKIP
cs4.mtx,auto_lossless_lb,all_one_lb,lossless_value_specialized,ok,none,accuracy_pass_runtime_loss,0.0100,0.0089,1.920000,0.980000,,0,627808,auto_lossless,all_one,true,1,0,true,0,exact_abs_or_rel,SKIP
cs4.mtx,fp16_lb,fp16_lb,controlled_lossy_value_specialized,ok,none,accuracy_pass_runtime_win,0.0096,0.0090,2.000000,1.020833,,175432,627808,fp16,fp16,false,0,0,false,0,spmv_max_rel,SKIP
cs4.mtx,bf16_lb,bf16_lb,controlled_lossy_value_specialized,ok,none,accuracy_pass_runtime_loss,0.0103,0.0089,1.864078,0.951456,,175432,627808,bf16,bf16,false,0,0,false,0,spmv_max_rel,SKIP
cs4.mtx,bfp8_lb,bfp8_lb,controlled_lossy_value_specialized,ok,none,accuracy_pass_runtime_loss,0.0100,0.0087,1.920000,0.980000,,244668,627808,bfp8,bfp8,false,0,0,false,0,spmv_max_rel,SKIP
cs4.mtx,bfp8_outlier_lb,bfp8_outlier_lb,controlled_lossy_value_specialized,ok,none,accuracy_pass_runtime_loss,0.0099,0.0087,1.939394,0.989899,,244668,627808,bfp8_outlier,bfp8_outlier,false,0,0,false,0,spmv_max_rel,SKIP
cs4.mtx,bfp4_lb,bfp4_lb,controlled_lossy_value_specialized,ok,none,accuracy_pass_runtime_loss,0.0149,0.0136,1.288591,0.657718,,200810,627808,bfp4,bfp4,false,0,0,false,0,spmv_max_rel,SKIP
cs4.mtx,hybrid_lb,hybrid_lb,structural_hybrid,ok,none,promoted_fallback,0.0060,0.0050,3.200000,1.633333,,701728,,original,raw_double,false,,,1,0,exact_abs_or_rel,SKIP
cs4.mtx,cusparse_default,cusparse_csr,external_baseline,ok,none,external_baseline,0.0192,0.0143,1.000000,0.510417,,701728,440864,original,original,false,,,true,0,exact_abs_or_rel,SKIP
cz2548.mtx,original_lb,original_lb,load_balanced_traversal,ok,none,promoted_fallback,0.0080,0.0063,1.775000,1.000000,,205392,42064,original,original,false,0,0,true,0,exact_abs_or_rel,SKIP
cz2548.mtx,auto_lossless_lb,original_lb,load_balanced_traversal,ok,none,promoted_fallback,0.0070,0.0064,2.028571,1.142857,,205392,42064,auto_lossless,original,true,14561,205392,true,0,exact_abs_or_rel,SKIP
cz2548.mtx,fp16_lb,fp16_lb,controlled_lossy_value_specialized,ok,none,accuracy_pass_runtime_loss,0.0083,0.0070,1.710843,0.963855,,51348,42064,fp16,fp16,false,0,0,false,0,spmv_max_rel,SKIP
cz2548.mtx,bf16_lb,bf16_lb,controlled_lossy_value_specialized,ok,none,accuracy_pass_runtime_win,0.0079,0.0066,1.797468,1.012658,,51348,42064,bf16,bf16,false,0,0,false,0,spmv_max_rel,SKIP
cz2548.mtx,bfp8_lb,bfp8_lb,controlled_lossy_value_specialized,ok,none,accuracy_pass_runtime_win,0.0077,0.0072,1.844156,1.038961,,36190,42064,bfp8,bfp8,false,0,0,false,0,spmv_max_rel,SKIP
cz2548.mtx,bfp8_outlier_lb,bfp8_outlier_lb,controlled_lossy_value_specialized,ok,none,accuracy_pass_runtime_loss,0.0111,0.0094,1.279279,0.720721,,38238,42064,bfp8_outlier,bfp8_outlier,false,0,0,false,0,spmv_max_rel,SKIP
cz2548.mtx,bfp4_lb,bfp4_lb,controlled_lossy_value_specialized,ok,none,accuracy_pass_runtime_loss,0.0106,0.0100,1.339623,0.754717,,23353,42064,bfp4,bfp4,false,0,0,false,0,spmv_max_rel,SKIP
cz2548.mtx,hybrid_lb,hybrid_lb,structural_hybrid,ok,none,promoted_fallback,0.0083,0.0074,1.710843,0.963855,,205392,,original,raw_double,false,,,1,0,exact_abs_or_rel,SKIP
cz2548.mtx,cusparse_default,cusparse_csr,external_baseline,ok,none,external_baseline,0.0142,0.0123,1.000000,0.563380,,205392,112892,original,original,false,,,true,0,exact_abs_or_rel,SKIP
dataset18mfeatmorphological_10NN.mtx,original_lb,original_lb,load_balanced_traversal,ok,none,promoted_fallback,0.0097,0.0077,1.391753,1.000000,,182656,139448,original,original,false,0,0,true,0,exact_abs_or_rel,SKIP
dataset18mfeatmorphological_10NN.mtx,auto_lossless_lb,original_lb,load_balanced_traversal,ok,none,promoted_fallback,0.0093,0.0071,1.451613,1.043011,,182656,139448,auto_lossless,original,true,9236,182656,true,0,exact_abs_or_rel,SKIP
dataset18mfeatmorphological_10NN.mtx,fp16_lb,fp16_lb,controlled_lossy_value_specialized,ok,none,accuracy_pass_runtime_win,0.0093,0.0074,1.451613,1.043011,,45664,139448,fp16,fp16,false,0,0,false,0,spmv_max_rel,SKIP
dataset18mfeatmorphological_10NN.mtx,bf16_lb,bf16_lb,controlled_lossy_value_specialized,ok,none,accuracy_pass_runtime_win,0.0094,0.0084,1.436170,1.031915,,45664,139448,bf16,bf16,false,0,0,false,0,spmv_max_rel,SKIP
dataset18mfeatmorphological_10NN.mtx,bfp8_lb,bfp8_lb,controlled_lossy_value_specialized,ok,none,accuracy_pass_runtime_win,0.0096,0.0086,1.406250,1.010417,,57694,139448,bfp8,bfp8,false,0,0,false,0,spmv_max_rel,SKIP
dataset18mfeatmorphological_10NN.mtx,bfp8_outlier_lb,bfp8_outlier_lb,controlled_lossy_value_specialized,ok,none,accuracy_pass_runtime_win,0.0094,0.0084,1.436170,1.031915,,57694,139448,bfp8_outlier,bfp8_outlier,false,0,0,false,0,spmv_max_rel,SKIP
dataset18mfeatmorphological_10NN.mtx,bfp4_lb,bfp4_lb,controlled_lossy_value_specialized,ok,none,accuracy_pass_runtime_loss,0.0137,0.0127,0.985401,0.708029,,46278,139448,bfp4,bfp4,false,0,0,false,0,spmv_max_rel,SKIP
dataset18mfeatmorphological_10NN.mtx,hybrid_lb,hybrid_lb,structural_hybrid,ok,none,promoted_fallback,0.0069,0.0057,1.956522,1.405797,,182656,,original,raw_double,false,,,1,0,exact_abs_or_rel,SKIP
dataset18mfeatmorphological_10NN.mtx,cusparse_default,cusparse_csr,external_baseline,ok,none,external_baseline,0.0135,0.0102,1.000000,0.718519,,182656,99332,original,original,false,,,true,0,exact_abs_or_rel,SKIP
delaunay_n23.mtx,original_lb,original_lb,load_balanced_traversal,ok,none,promoted_fallback,0.8190,0.8139,0.668254,1.000000,,402652544,130962744,original,original,false,0,0,true,0,exact_abs_or_rel,SKIP
delaunay_n23.mtx,auto_lossless_lb,all_one_lb,lossless_value_specialized,ok,none,accuracy_pass_runtime_win,0.7502,0.7488,0.729539,1.091709,,0,130962744,auto_lossless,all_one,true,1,0,true,0,exact_abs_or_rel,SKIP
delaunay_n23.mtx,fp16_lb,fp16_lb,controlled_lossy_value_specialized,ok,none,accuracy_pass_runtime_win,0.7030,0.7004,0.778521,1.165007,,100663136,130962744,fp16,fp16,false,0,0,false,0,spmv_max_rel,SKIP
delaunay_n23.mtx,bf16_lb,bf16_lb,controlled_lossy_value_specialized,ok,none,accuracy_pass_runtime_win,0.7021,0.7001,0.779519,1.166500,,100663136,130962744,bf16,bf16,false,0,0,false,0,spmv_max_rel,SKIP
delaunay_n23.mtx,bfp8_lb,bfp8_lb,controlled_lossy_value_specialized,ok,none,accuracy_pass_runtime_win,0.7150,0.7086,0.765455,1.145455,,83072254,130962744,bfp8,bfp8,false,0,0,false,0,spmv_max_rel,SKIP
delaunay_n23.mtx,bfp8_outlier_lb,bfp8_outlier_lb,controlled_lossy_value_specialized,ok,none,accuracy_pass_runtime_win,0.7140,0.7085,0.766527,1.147059,,83072254,130962744,bfp8_outlier,bfp8_outlier,false,0,0,false,0,spmv_max_rel,SKIP
delaunay_n23.mtx,bfp4_lb,bfp4_lb,controlled_lossy_value_specialized,ok,none,accuracy_pass_runtime_loss,0.8472,0.8456,0.646010,0.966714,,57906470,130962744,bfp4,bfp4,false,0,0,false,0,spmv_max_rel,SKIP
delaunay_n23.mtx,hybrid_lb,hybrid_lb,structural_hybrid,ok,none,promoted_fallback,0.6320,0.6301,0.865981,1.295886,,402652544,,original,raw_double,false,,,1,0,exact_abs_or_rel,SKIP
delaunay_n23.mtx,cusparse_default,cusparse_csr,external_baseline,ok,none,external_baseline,0.5473,0.5456,1.000000,1.496437,,402652544,234880708,original,original,false,,,true,0,exact_abs_or_rel,SKIP
delf_A_03.mtx,original_lb,original_lb,load_balanced_traversal,ok,none,promoted_fallback,0.0075,0.0065,1.893333,1.000000,,115456,41136,original,original,false,0,0,true,0,exact_abs_or_rel,SKIP
delf_A_03.mtx,auto_lossless_lb,original_lb,load_balanced_traversal,ok,none,promoted_fallback,0.0072,0.0057,1.972222,1.041667,,115456,41136,auto_lossless,original,true,2519,115456,true,0,exact_abs_or_rel,SKIP
delf_A_03.mtx,fp16_lb,fp16_lb,controlled_lossy_value_specialized,ok,none,accuracy_pass_runtime_win,0.0074,0.0059,1.918919,1.013514,,28864,41136,fp16,fp16,false,0,0,false,0,spmv_max_rel,SKIP
delf_A_03.mtx,bf16_lb,bf16_lb,controlled_lossy_value_specialized,ok,none,accuracy_pass_runtime_loss,0.0078,0.0067,1.820513,0.961538,,28864,41136,bf16,bf16,false,0,0,false,0,spmv_max_rel,SKIP
delf_A_03.mtx,bfp8_lb,bfp8_lb,controlled_lossy_value_specialized,ok,none,accuracy_pass_runtime_loss,0.0080,0.0065,1.775000,0.937500,,24716,41136,bfp8,bfp8,false,0,0,false,0,spmv_max_rel,SKIP
delf_A_03.mtx,bfp8_outlier_lb,bfp8_outlier_lb,controlled_lossy_value_specialized,ok,none,accuracy_pass_runtime_loss,0.0086,0.0066,1.651163,0.872093,,24716,41136,bfp8_outlier,bfp8_outlier,false,0,0,false,0,spmv_max_rel,SKIP
delf_A_03.mtx,bfp4_lb,bfp4_lb,controlled_lossy_value_specialized,ok,none,accuracy_pass_runtime_loss,0.0119,0.0102,1.193277,0.630252,,17500,41136,bfp4,bfp4,false,0,0,false,0,spmv_max_rel,SKIP
delf_A_03.mtx,hybrid_lb,hybrid_lb,structural_hybrid,ok,none,promoted_fallback,0.0072,0.0049,1.972222,1.041667,,115456,,original,raw_double,false,,,1,0,exact_abs_or_rel,SKIP
delf_A_03.mtx,cusparse_default,cusparse_csr,external_baseline,ok,none,external_baseline,0.0142,0.0123,1.000000,0.528169,,115456,70272,original,original,false,,,true,0,exact_abs_or_rel,SKIP
delf_A_11.mtx,original_lb,original_lb,load_balanced_traversal,ok,none,promoted_fallback,0.0081,0.0069,1.827160,1.000000,,119616,42688,original,original,false,0,0,true,0,exact_abs_or_rel,SKIP
delf_A_11.mtx,auto_lossless_lb,original_lb,load_balanced_traversal,ok,none,promoted_fallback,0.0078,0.0069,1.897436,1.038462,,119616,42688,auto_lossless,original,true,3112,119616,true,0,exact_abs_or_rel,SKIP
delf_A_11.mtx,fp16_lb,fp16_lb,controlled_lossy_value_specialized,ok,none,accuracy_pass_runtime_win,0.0072,0.0068,2.055556,1.125000,,29904,42688,fp16,fp16,false,0,0,false,0,spmv_max_rel,SKIP
delf_A_11.mtx,bf16_lb,bf16_lb,controlled_lossy_value_specialized,ok,none,accuracy_pass_runtime_win,0.0072,0.0065,2.055556,1.125000,,29904,42688,bf16,bf16,false,0,0,false,0,spmv_max_rel,SKIP
delf_A_11.mtx,bfp8_lb,bfp8_lb,controlled_lossy_value_specialized,ok,none,accuracy_pass_runtime_win,0.0077,0.0067,1.922078,1.051948,,25624,42688,bfp8,bfp8,false,0,0,false,0,spmv_max_rel,SKIP
delf_A_11.mtx,bfp8_outlier_lb,bfp8_outlier_lb,controlled_lossy_value_specialized,ok,none,accuracy_pass_runtime_win,0.0077,0.0068,1.922078,1.051948,,25624,42688,bfp8_outlier,bfp8_outlier,false,0,0,false,0,spmv_max_rel,SKIP
delf_A_11.mtx,bfp4_lb,bfp4_lb,controlled_lossy_value_specialized,ok,none,accuracy_pass_runtime_loss,0.0099,0.0086,1.494949,0.818182,,18148,42688,bfp4,bfp4,false,0,0,false,0,spmv_max_rel,SKIP
delf_A_11.mtx,hybrid_lb,hybrid_lb,structural_hybrid,ok,none,promoted_fallback,0.0075,0.0056,1.973333,1.080000,,119616,,original,raw_double,false,,,1,0,exact_abs_or_rel,SKIP
delf_A_11.mtx,cusparse_default,cusparse_csr,external_baseline,ok,none,external_baseline,0.0148,0.0123,1.000000,0.547297,,119616,72400,original,original,false,,,true,0,exact_abs_or_rel,SKIP
delf_A_19.mtx,original_lb,original_lb,load_balanced_traversal,ok,none,promoted_fallback,0.0090,0.0073,1.611111,1.000000,,119512,42312,original,original,false,0,0,true,0,exact_abs_or_rel,SKIP
delf_A_19.mtx,auto_lossless_lb,original_lb,load_balanced_traversal,ok,none,promoted_fallback,0.0079,0.0069,1.835443,1.139241,,119512,42312,auto_lossless,original,true,2903,119512,true,0,exact_abs_or_rel,SKIP
delf_A_19.mtx,fp16_lb,fp16_lb,controlled_lossy_value_specialized,ok,none,accuracy_pass_runtime_win,0.0078,0.0065,1.858974,1.153846,,29878,42312,fp16,fp16,false,0,0,false,0,spmv_max_rel,SKIP
delf_A_19.mtx,bf16_lb,bf16_lb,controlled_lossy_value_specialized,ok,none,accuracy_pass_runtime_win,0.0079,0.0066,1.835443,1.139241,,29878,42312,bf16,bf16,false,0,0,false,0,spmv_max_rel,SKIP
delf_A_19.mtx,bfp8_lb,bfp8_lb,controlled_lossy_value_specialized,ok,none,accuracy_pass_runtime_win,0.0080,0.0065,1.812500,1.125000,,25517,42312,bfp8,bfp8,false,0,0,false,0,spmv_max_rel,SKIP
delf_A_19.mtx,bfp8_outlier_lb,bfp8_outlier_lb,controlled_lossy_value_specialized,ok,none,accuracy_pass_runtime_win,0.0079,0.0066,1.835443,1.139241,,25517,42312,bfp8_outlier,bfp8_outlier,false,0,0,false,0,spmv_max_rel,SKIP
delf_A_19.mtx,bfp4_lb,bfp4_lb,controlled_lossy_value_specialized,ok,none,accuracy_pass_runtime_loss,0.0091,0.0085,1.593407,0.989011,,18048,42312,bfp4,bfp4,false,0,0,false,0,spmv_max_rel,SKIP
delf_A_19.mtx,hybrid_lb,hybrid_lb,structural_hybrid,ok,none,promoted_fallback,0.0065,0.0050,2.230769,1.384615,,119512,,original,raw_double,false,,,1,0,exact_abs_or_rel,SKIP
delf_A_19.mtx,cusparse_default,cusparse_csr,external_baseline,ok,none,external_baseline,0.0145,0.0123,1.000000,0.620690,,119512,72500,original,original,false,,,true,0,exact_abs_or_rel,SKIP
delf_A_27.mtx,original_lb,original_lb,load_balanced_traversal,ok,none,promoted_fallback,0.0073,0.0064,1.945205,1.000000,,123200,44576,original,original,false,0,0,true,0,exact_abs_or_rel,SKIP
delf_A_27.mtx,auto_lossless_lb,original_lb,load_balanced_traversal,ok,none,promoted_fallback,0.0067,0.0058,2.119403,1.089552,,123200,44576,auto_lossless,original,true,3306,123200,true,0,exact_abs_or_rel,SKIP
delf_A_27.mtx,fp16_lb,fp16_lb,controlled_lossy_value_specialized,ok,none,accuracy_pass_runtime_loss,0.0080,0.0071,1.775000,0.912500,,30800,44576,fp16,fp16,false,0,0,false,0,spmv_max_rel,SKIP
delf_A_27.mtx,bf16_lb,bf16_lb,controlled_lossy_value_specialized,ok,none,accuracy_pass_runtime_loss,0.0084,0.0078,1.690476,0.869048,,30800,44576,bf16,bf16,false,0,0,false,0,spmv_max_rel,SKIP
delf_A_27.mtx,bfp8_lb,bfp8_lb,controlled_lossy_value_specialized,ok,none,accuracy_pass_runtime_loss,0.0088,0.0082,1.613636,0.829545,,26544,44576,bfp8,bfp8,false,0,0,false,0,spmv_max_rel,SKIP
delf_A_27.mtx,bfp8_outlier_lb,bfp8_outlier_lb,controlled_lossy_value_specialized,ok,none,accuracy_pass_runtime_loss,0.0089,0.0075,1.595506,0.820225,,26544,44576,bfp8_outlier,bfp8_outlier,false,0,0,false,0,spmv_max_rel,SKIP
delf_A_27.mtx,bfp4_lb,bfp4_lb,controlled_lossy_value_specialized,ok,none,accuracy_pass_runtime_loss,0.0100,0.0088,1.420000,0.730000,,18844,44576,bfp4,bfp4,false,0,0,false,0,spmv_max_rel,SKIP
delf_A_27.mtx,hybrid_lb,hybrid_lb,structural_hybrid,ok,none,promoted_fallback,0.0071,0.0050,2.000000,1.028169,,123200,,original,raw_double,false,,,1,0,exact_abs_or_rel,SKIP
delf_A_27.mtx,cusparse_default,cusparse_csr,external_baseline,ok,none,external_baseline,0.0142,0.0123,1.000000,0.514085,,123200,74352,original,original,false,,,true,0,exact_abs_or_rel,SKIP
delf_A_35.mtx,original_lb,original_lb,load_balanced_traversal,ok,none,promoted_fallback,0.0074,0.0063,1.932432,1.000000,,123832,43976,original,original,false,0,0,true,0,exact_abs_or_rel,SKIP
delf_A_35.mtx,auto_lossless_lb,original_lb,load_balanced_traversal,ok,none,promoted_fallback,0.0076,0.0060,1.881579,0.973684,,123832,43976,auto_lossless,original,true,3344,123832,true,0,exact_abs_or_rel,SKIP
delf_A_35.mtx,fp16_lb,fp16_lb,controlled_lossy_value_specialized,ok,none,accuracy_pass_runtime_loss,0.0080,0.0071,1.787500,0.925000,,30958,43976,fp16,fp16,false,0,0,false,0,spmv_max_rel,SKIP
delf_A_35.mtx,bf16_lb,bf16_lb,controlled_lossy_value_specialized,ok,none,accuracy_pass_runtime_loss,0.0081,0.0071,1.765432,0.913580,,30958,43976,bf16,bf16,false,0,0,false,0,spmv_max_rel,SKIP
delf_A_35.mtx,bfp8_lb,bfp8_lb,controlled_lossy_value_specialized,ok,none,accuracy_pass_runtime_loss,0.0097,0.0072,1.474227,0.762887,,26473,43976,bfp8,bfp8,false,0,0,false,0,spmv_max_rel,SKIP
delf_A_35.mtx,bfp8_outlier_lb,bfp8_outlier_lb,controlled_lossy_value_specialized,ok,none,accuracy_pass_runtime_loss,0.0098,0.0085,1.459184,0.755102,,26473,43976,bfp8_outlier,bfp8_outlier,false,0,0,false,0,spmv_max_rel,SKIP
delf_A_35.mtx,bfp4_lb,bfp4_lb,controlled_lossy_value_specialized,ok,none,accuracy_pass_runtime_loss,0.0094,0.0087,1.521277,0.787234,,18734,43976,bfp4,bfp4,false,0,0,false,0,spmv_max_rel,SKIP
delf_A_35.mtx,hybrid_lb,hybrid_lb,structural_hybrid,ok,none,promoted_fallback,0.0071,0.0053,2.014085,1.042254,,123832,,original,raw_double,false,,,1,0,exact_abs_or_rel,SKIP
delf_A_35.mtx,cusparse_default,cusparse_csr,external_baseline,ok,none,external_baseline,0.0143,0.0123,1.000000,0.517483,,123832,74692,original,original,false,,,true,0,exact_abs_or_rel,SKIP
deter6.mtx,original_lb,original_lb,load_balanced_traversal,ok,none,promoted_fallback,0.0098,0.0084,1.734694,1.000000,,198168,178472,original,original,false,0,0,true,0,exact_abs_or_rel,SKIP
deter6.mtx,auto_lossless_lb,original_lb,load_balanced_traversal,ok,none,promoted_fallback,0.0094,0.0077,1.808511,1.042553,,198168,178472,auto_lossless,original,true,618,198168,true,0,exact_abs_or_rel,SKIP
deter6.mtx,fp16_lb,fp16_lb,controlled_lossy_value_specialized,ok,none,accuracy_pass_runtime_win,0.0096,0.0077,1.770833,1.020833,,49542,178472,fp16,fp16,false,0,0,false,0,spmv_max_rel,SKIP
deter6.mtx,bf16_lb,bf16_lb,controlled_lossy_value_specialized,ok,none,accuracy_pass_runtime_win,0.0089,0.0076,1.910112,1.101124,,49542,178472,bf16,bf16,false,0,0,false,0,spmv_max_rel,SKIP
deter6.mtx,bfp8_lb,bfp8_lb,controlled_lossy_value_specialized,ok,none,accuracy_pass_runtime_loss,0.0098,0.0091,1.734694,1.000000,,69389,178472,bfp8,bfp8,false,0,0,false,0,spmv_max_rel,SKIP
deter6.mtx,bfp8_outlier_lb,bfp8_outlier_lb,controlled_lossy_value_specialized,ok,none,accuracy_pass_runtime_loss,0.0117,0.0098,1.452991,0.837607,,71325,178472,bfp8_outlier,bfp8_outlier,false,0,0,false,0,spmv_max_rel,SKIP
deter6.mtx,bfp4_lb,bfp4_lb,controlled_lossy_value_specialized,ok,none,accuracy_pass_runtime_loss,0.0135,0.0125,1.259259,0.725926,,57004,178472,bfp4,bfp4,false,0,0,false,0,spmv_max_rel,SKIP
deter6.mtx,hybrid_lb,hybrid_lb,structural_hybrid,ok,none,promoted_fallback,0.0077,0.0062,2.207792,1.272727,,198168,,original,raw_double,false,,,1,0,exact_abs_or_rel,SKIP
deter6.mtx,cusparse_default,cusparse_csr,external_baseline,ok,none,external_baseline,0.0170,0.0143,1.000000,0.576471,,198168,116108,original,original,false,,,true,0,exact_abs_or_rel,SKIP
dw2048.mtx,original_lb,original_lb,load_balanced_traversal,ok,none,promoted_fallback,0.0063,0.0048,2.412698,1.000000,,80912,15888,original,original,false,0,0,true,0,exact_abs_or_rel,SKIP
dw2048.mtx,auto_lossless_lb,original_lb,load_balanced_traversal,ok,none,promoted_fallback,0.0059,0.0045,2.576271,1.067797,,80912,15888,auto_lossless,original,true,693,80912,true,0,exact_abs_or_rel,SKIP
dw2048.mtx,fp16_lb,fp16_lb,controlled_lossy_value_specialized,ok,none,accuracy_pass_runtime_loss,0.0074,0.0057,2.054054,0.851351,,20228,15888,fp16,fp16,false,0,0,false,0,spmv_max_rel,SKIP
dw2048.mtx,bf16_lb,bf16_lb,controlled_lossy_value_specialized,ok,none,accuracy_pass_runtime_loss,0.0072,0.0056,2.111111,0.875000,,20228,15888,bf16,bf16,false,0,0,false,0,spmv_max_rel,SKIP
dw2048.mtx,bfp8_lb,bfp8_lb,controlled_lossy_value_specialized,ok,none,accuracy_pass_runtime_loss,0.0077,0.0057,1.974026,0.818182,,14086,15888,bfp8,bfp8,false,0,0,false,0,spmv_max_rel,SKIP
dw2048.mtx,bfp8_outlier_lb,bfp8_outlier_lb,controlled_lossy_value_specialized,ok,none,accuracy_pass_runtime_loss,0.0086,0.0065,1.767442,0.732558,,14886,15888,bfp8_outlier,bfp8_outlier,false,0,0,false,0,spmv_max_rel,SKIP
dw2048.mtx,bfp4_lb,bfp4_lb,controlled_lossy_value_specialized,ok,none,accuracy_pass_runtime_loss,0.0072,0.0061,2.111111,0.875000,,9029,15888,bfp4,bfp4,false,0,0,false,0,spmv_max_rel,SKIP
dw2048.mtx,hybrid_lb,hybrid_lb,structural_hybrid,ok,none,promoted_fallback,0.0066,0.0046,2.303030,0.954545,,80912,,original,raw_double,false,,,1,0,exact_abs_or_rel,SKIP
dw2048.mtx,cusparse_default,cusparse_csr,external_baseline,ok,none,external_baseline,0.0152,0.0123,1.000000,0.414474,,80912,48652,original,original,false,,,true,0,exact_abs_or_rel,SKIP
dwt_1007.mtx,original_lb,original_lb,load_balanced_traversal,ok,none,promoted_fallback,0.0072,0.0054,1.958333,1.000000,,68600,10040,original,original,false,0,0,true,0,exact_abs_or_rel,SKIP
dwt_1007.mtx,auto_lossless_lb,all_one_lb,lossless_value_specialized,ok,none,accuracy_pass_runtime_win,0.0068,0.0053,2.073529,1.058824,,0,10040,auto_lossless,all_one,true,1,0,true,0,exact_abs_or_rel,SKIP
dwt_1007.mtx,fp16_lb,fp16_lb,controlled_lossy_value_specialized,ok,none,accuracy_pass_runtime_loss,0.0080,0.0064,1.762500,0.900000,,17150,10040,fp16,fp16,false,0,0,false,0,spmv_max_rel,SKIP
dwt_1007.mtx,bf16_lb,bf16_lb,controlled_lossy_value_specialized,ok,none,accuracy_pass_runtime_loss,0.0080,0.0065,1.762500,0.900000,,17150,10040,bf16,bf16,false,0,0,false,0,spmv_max_rel,SKIP
dwt_1007.mtx,bfp8_lb,bfp8_lb,controlled_lossy_value_specialized,ok,none,accuracy_pass_runtime_win,0.0070,0.0054,2.014286,1.028571,,11085,10040,bfp8,bfp8,false,0,0,false,0,spmv_max_rel,SKIP
dwt_1007.mtx,bfp8_outlier_lb,bfp8_outlier_lb,controlled_lossy_value_specialized,ok,none,accuracy_pass_runtime_win,0.0071,0.0059,1.985915,1.014085,,11085,10040,bfp8_outlier,bfp8_outlier,false,0,0,false,0,spmv_max_rel,SKIP
dwt_1007.mtx,bfp4_lb,bfp4_lb,controlled_lossy_value_specialized,ok,none,accuracy_pass_runtime_loss,0.0085,0.0069,1.658824,0.847059,,6798,10040,bfp4,bfp4,false,0,0,false,0,spmv_max_rel,SKIP
dwt_1007.mtx,hybrid_lb,hybrid_lb,structural_hybrid,ok,none,promoted_fallback,0.0070,0.0056,2.014286,1.028571,,68600,,original,raw_double,false,,,1,0,exact_abs_or_rel,SKIP
dwt_1007.mtx,cusparse_default,cusparse_csr,external_baseline,ok,none,external_baseline,0.0141,0.0123,1.000000,0.510638,,68600,38332,original,original,false,,,true,0,exact_abs_or_rel,SKIP
dwt_245.mtx,original_lb,original_lb,load_balanced_traversal,ok,none,promoted_fallback,0.0068,0.0052,1.691176,1.000000,,11688,2480,original,original,false,0,0,true,0,exact_abs_or_rel,SKIP
dwt_245.mtx,auto_lossless_lb,all_one_lb,lossless_value_specialized,ok,none,accuracy_pass_runtime_loss,0.0075,0.0060,1.533333,0.906667,,0,2480,auto_lossless,all_one,true,1,0,true,0,exact_abs_or_rel,SKIP
dwt_245.mtx,fp16_lb,fp16_lb,controlled_lossy_value_specialized,ok,none,accuracy_pass_runtime_loss,0.0080,0.0064,1.437500,0.850000,,2922,2480,fp16,fp16,false,0,0,false,0,spmv_max_rel,SKIP
dwt_245.mtx,bf16_lb,bf16_lb,controlled_lossy_value_specialized,ok,none,accuracy_pass_runtime_loss,0.0077,0.0056,1.493506,0.883117,,2922,2480,bf16,bf16,false,0,0,false,0,spmv_max_rel,SKIP
dwt_245.mtx,bfp8_lb,bfp8_lb,controlled_lossy_value_specialized,ok,none,accuracy_pass_runtime_loss,0.0078,0.0059,1.474359,0.871795,,2081,2480,bfp8,bfp8,false,0,0,false,0,spmv_max_rel,SKIP
dwt_245.mtx,bfp8_outlier_lb,bfp8_outlier_lb,controlled_lossy_value_specialized,ok,none,accuracy_pass_runtime_loss,0.0082,0.0067,1.402439,0.829268,,2081,2480,bfp8_outlier,bfp8_outlier,false,0,0,false,0,spmv_max_rel,SKIP
dwt_245.mtx,bfp4_lb,bfp4_lb,controlled_lossy_value_specialized,ok,none,accuracy_pass_runtime_loss,0.0084,0.0080,1.369048,0.809524,,1351,2480,bfp4,bfp4,false,0,0,false,0,spmv_max_rel,SKIP
dwt_245.mtx,hybrid_lb,hybrid_lb,structural_hybrid,ok,none,promoted_fallback,0.0101,0.0071,1.138614,0.673267,,11688,,original,raw_double,false,,,1,0,exact_abs_or_rel,SKIP
dwt_245.mtx,cusparse_default,cusparse_csr,external_baseline,ok,none,external_baseline,0.0115,0.0082,1.000000,0.591304,,11688,6828,original,original,false,,,true,0,exact_abs_or_rel,SKIP
dwt_503.mtx,original_lb,original_lb,load_balanced_traversal,ok,none,promoted_fallback,0.0084,0.0063,1.392857,1.000000,,48216,8480,original,original,false,0,0,true,0,exact_abs_or_rel,SKIP
dwt_503.mtx,auto_lossless_lb,all_one_lb,lossless_value_specialized,ok,none,accuracy_pass_runtime_win,0.0074,0.0065,1.581081,1.135135,,0,8480,auto_lossless,all_one,true,1,0,true,0,exact_abs_or_rel,SKIP
dwt_503.mtx,fp16_lb,fp16_lb,controlled_lossy_value_specialized,ok,none,accuracy_pass_runtime_loss,0.0092,0.0073,1.271739,0.913043,,12054,8480,fp16,fp16,false,0,0,false,0,spmv_max_rel,SKIP
dwt_503.mtx,bf16_lb,bf16_lb,controlled_lossy_value_specialized,ok,none,accuracy_pass_runtime_loss,0.0088,0.0074,1.329545,0.954545,,12054,8480,bf16,bf16,false,0,0,false,0,spmv_max_rel,SKIP
dwt_503.mtx,bfp8_lb,bfp8_lb,controlled_lossy_value_specialized,ok,none,accuracy_pass_runtime_loss,0.0092,0.0084,1.271739,0.913043,,8147,8480,bfp8,bfp8,false,0,0,false,0,spmv_max_rel,SKIP
dwt_503.mtx,bfp8_outlier_lb,bfp8_outlier_lb,controlled_lossy_value_specialized,ok,none,accuracy_pass_runtime_loss,0.0093,0.0083,1.258065,0.903226,,8147,8480,bfp8_outlier,bfp8_outlier,false,0,0,false,0,spmv_max_rel,SKIP
dwt_503.mtx,bfp4_lb,bfp4_lb,controlled_lossy_value_specialized,ok,none,accuracy_pass_runtime_loss,0.0127,0.0117,0.921260,0.661417,,5134,8480,bfp4,bfp4,false,0,0,false,0,spmv_max_rel,SKIP
dwt_503.mtx,hybrid_lb,hybrid_lb,structural_hybrid,ok,none,promoted_fallback,0.0084,0.0074,1.392857,1.000000,,48216,,original,raw_double,false,,,1,0,exact_abs_or_rel,SKIP
dwt_503.mtx,cusparse_default,cusparse_csr,external_baseline,ok,none,external_baseline,0.0117,0.0102,1.000000,0.717949,,48216,26124,original,original,false,,,true,0,exact_abs_or_rel,SKIP
dwt_869.mtx,original_lb,original_lb,load_balanced_traversal,ok,none,promoted_fallback,0.0067,0.0049,2.104478,1.000000,,58280,8496,original,original,false,0,0,true,0,exact_abs_or_rel,SKIP
dwt_869.mtx,auto_lossless_lb,all_one_lb,lossless_value_specialized,ok,none,accuracy_pass_runtime_loss,0.0074,0.0051,1.905405,0.905405,,0,8496,auto_lossless,all_one,true,1,0,true,0,exact_abs_or_rel,SKIP
dwt_869.mtx,fp16_lb,fp16_lb,controlled_lossy_value_specialized,ok,none,accuracy_pass_runtime_loss,0.0077,0.0056,1.831169,0.870130,,14570,8496,fp16,fp16,false,0,0,false,0,spmv_max_rel,SKIP
dwt_869.mtx,bf16_lb,bf16_lb,controlled_lossy_value_specialized,ok,none,accuracy_pass_runtime_loss,0.0076,0.0056,1.855263,0.881579,,14570,8496,bf16,bf16,false,0,0,false,0,spmv_max_rel,SKIP
dwt_869.mtx,bfp8_lb,bfp8_lb,controlled_lossy_value_specialized,ok,none,accuracy_pass_runtime_loss,0.0078,0.0065,1.807692,0.858974,,9409,8496,bfp8,bfp8,false,0,0,false,0,spmv_max_rel,SKIP
dwt_869.mtx,bfp8_outlier_lb,bfp8_outlier_lb,controlled_lossy_value_specialized,ok,none,accuracy_pass_runtime_loss,0.0073,0.0057,1.931507,0.917808,,9409,8496,bfp8_outlier,bfp8_outlier,false,0,0,false,0,spmv_max_rel,SKIP
dwt_869.mtx,bfp4_lb,bfp4_lb,controlled_lossy_value_specialized,ok,none,accuracy_pass_runtime_loss,0.0086,0.0071,1.639535,0.779070,,5767,8496,bfp4,bfp4,false,0,0,false,0,spmv_max_rel,SKIP
dwt_869.mtx,hybrid_lb,hybrid_lb,structural_hybrid,ok,none,promoted_fallback,0.0078,0.0057,1.807692,0.858974,,58280,,original,raw_double,false,,,1,0,exact_abs_or_rel,SKIP
dwt_869.mtx,cusparse_default,cusparse_csr,external_baseline,ok,none,external_baseline,0.0141,0.0123,1.000000,0.475177,,58280,32620,original,original,false,,,true,0,exact_abs_or_rel,SKIP
dynamicSoaringProblem_1.mtx,original_lb,original_lb,load_balanced_traversal,ok,none,promoted_fallback,0.0091,0.0074,1.516484,1.000000,,42936,8672,original,original,false,0,0,true,0,exact_abs_or_rel,SKIP
dynamicSoaringProblem_1.mtx,auto_lossless_lb,original_lb,load_balanced_traversal,ok,none,promoted_fallback,0.0093,0.0076,1.483871,0.978495,,42936,8672,auto_lossless,original,true,1759,42936,true,0,exact_abs_or_rel,SKIP
dynamicSoaringProblem_1.mtx,fp16_lb,fp16_lb,controlled_lossy_value_specialized,ok,none,accuracy_pass_runtime_win,0.0090,0.0070,1.533333,1.011111,,10734,8672,fp16,fp16,false,0,0,false,0,spmv_max_rel,SKIP
dynamicSoaringProblem_1.mtx,bf16_lb,bf16_lb,controlled_lossy_value_specialized,ok,none,accuracy_pass_runtime_win,0.0087,0.0072,1.586207,1.045977,,10734,8672,bf16,bf16,false,0,0,false,0,spmv_max_rel,SKIP
dynamicSoaringProblem_1.mtx,bfp8_lb,bfp8_lb,controlled_lossy_value_specialized,ok,none,accuracy_pass_runtime_loss,0.0107,0.0092,1.289720,0.850467,,7535,8672,bfp8,bfp8,false,0,0,false,0,spmv_max_rel,SKIP
dynamicSoaringProblem_1.mtx,bfp8_outlier_lb,bfp8_outlier_lb,controlled_lossy_value_specialized,ok,none,accuracy_pass_runtime_loss,0.0116,0.0107,1.189655,0.784483,,7743,8672,bfp8_outlier,bfp8_outlier,false,0,0,false,0,spmv_max_rel,SKIP
dynamicSoaringProblem_1.mtx,bfp4_lb,bfp4_lb,controlled_lossy_value_specialized,ok,none,accuracy_pass_runtime_loss,0.0128,0.0117,1.078125,0.710938,,4852,8672,bfp4,bfp4,false,0,0,false,0,spmv_max_rel,SKIP
dynamicSoaringProblem_1.mtx,hybrid_lb,hybrid_lb,structural_hybrid,ok,none,promoted_fallback,0.0161,0.0141,0.857143,0.565217,,42936,,original,raw_double,false,,,1,0,exact_abs_or_rel,SKIP
dynamicSoaringProblem_1.mtx,cusparse_default,cusparse_csr,external_baseline,ok,none,external_baseline,0.0138,0.0102,1.000000,0.659420,,42936,24060,original,original,false,,,true,0,exact_abs_or_rel,SKIP
email-Eu-core-temporal_Dept_4.mtx,original_lb,original_lb,load_balanced_traversal,ok,none,promoted_fallback,0.0095,0.0073,1.200000,1.000000,,11000,4544,original,original,false,0,0,true,0,exact_abs_or_rel,SKIP
email-Eu-core-temporal_Dept_4.mtx,auto_lossless_lb,original_lb,load_balanced_traversal,ok,none,promoted_fallback,0.0085,0.0069,1.341176,1.117647,,11000,4544,auto_lossless,original,true,196,11000,true,0,exact_abs_or_rel,SKIP
email-Eu-core-temporal_Dept_4.mtx,fp16_lb,fp16_lb,controlled_lossy_value_specialized,ok,none,accuracy_pass_runtime_win,0.0091,0.0080,1.252747,1.043956,,2750,4544,fp16,fp16,false,0,0,false,0,spmv_max_rel,SKIP
email-Eu-core-temporal_Dept_4.mtx,bf16_lb,bf16_lb,controlled_lossy_value_specialized,ok,none,accuracy_pass_runtime_win,0.0093,0.0076,1.225806,1.021505,,2750,4544,bf16,bf16,false,0,0,false,0,spmv_max_rel,SKIP
email-Eu-core-temporal_Dept_4.mtx,bfp8_lb,bfp8_lb,controlled_lossy_value_specialized,ok,none,accuracy_pass_runtime_win,0.0090,0.0077,1.266667,1.055556,,2511,4544,bfp8,bfp8,false,0,0,false,0,spmv_max_rel,SKIP
email-Eu-core-temporal_Dept_4.mtx,bfp8_outlier_lb,bfp8_outlier_lb,controlled_lossy_value_specialized,ok,none,accuracy_pass_runtime_loss,0.0118,0.0099,0.966102,0.805085,,2607,4544,bfp8_outlier,bfp8_outlier,false,0,0,false,0,spmv_max_rel,SKIP
email-Eu-core-temporal_Dept_4.mtx,bfp4_lb,bfp4_lb,controlled_lossy_value_specialized,ok,none,accuracy_pass_runtime_loss,0.0135,0.0125,0.844444,0.703704,,1824,4544,bfp4,bfp4,false,0,0,false,0,spmv_max_rel,SKIP
email-Eu-core-temporal_Dept_4.mtx,hybrid_lb,hybrid_lb,structural_hybrid,ok,none,promoted_fallback,0.0069,0.0053,1.652174,1.376812,,11000,,original,raw_double,false,,,1,0,exact_abs_or_rel,SKIP
email-Eu-core-temporal_Dept_4.mtx,cusparse_default,cusparse_csr,external_baseline,ok,none,external_baseline,0.0114,0.0082,1.000000,0.833333,,11000,6088,original,original,false,,,true,0,exact_abs_or_rel,SKIP
email.mtx,original_lb,original_lb,load_balanced_traversal,ok,none,promoted_fallback,0.0094,0.0076,1.414894,1.000000,,87216,48344,original,original,false,0,0,true,0,exact_abs_or_rel,SKIP
email.mtx,auto_lossless_lb,all_one_lb,lossless_value_specialized,ok,none,accuracy_pass_runtime_win,0.0088,0.0071,1.511364,1.068182,,0,48344,auto_lossless,all_one,true,1,0,true,0,exact_abs_or_rel,SKIP
email.mtx,fp16_lb,fp16_lb,controlled_lossy_value_specialized,ok,none,accuracy_pass_runtime_win,0.0090,0.0073,1.477778,1.044444,,21804,48344,fp16,fp16,false,0,0,false,0,spmv_max_rel,SKIP
email.mtx,bf16_lb,bf16_lb,controlled_lossy_value_specialized,ok,none,accuracy_pass_runtime_loss,0.0098,0.0076,1.357143,0.959184,,21804,48344,bf16,bf16,false,0,0,false,0,spmv_max_rel,SKIP
email.mtx,bfp8_lb,bfp8_lb,controlled_lossy_value_specialized,ok,none,accuracy_pass_runtime_loss,0.0104,0.0092,1.278846,0.903846,,22988,48344,bfp8,bfp8,false,0,0,false,0,spmv_max_rel,SKIP
email.mtx,bfp8_outlier_lb,bfp8_outlier_lb,controlled_lossy_value_specialized,ok,none,accuracy_pass_runtime_loss,0.0097,0.0091,1.371134,0.969072,,22988,48344,bfp8_outlier,bfp8_outlier,false,0,0,false,0,spmv_max_rel,SKIP
email.mtx,bfp4_lb,bfp4_lb,controlled_lossy_value_specialized,ok,none,accuracy_pass_runtime_loss,0.0149,0.0131,0.892617,0.630872,,17537,48344,bfp4,bfp4,false,0,0,false,0,spmv_max_rel,SKIP
email.mtx,hybrid_lb,hybrid_lb,structural_hybrid,ok,none,promoted_fallback,0.0085,0.0072,1.564706,1.105882,,87216,,original,raw_double,false,,,1,0,exact_abs_or_rel,SKIP
email.mtx,cusparse_default,cusparse_csr,external_baseline,ok,none,external_baseline,0.0133,0.0102,1.000000,0.706767,,87216,48144,original,original,false,,,true,0,exact_abs_or_rel,SKIP
ex15.mtx,original_lb,original_lb,load_balanced_traversal,ok,none,promoted_fallback,0.0068,0.0052,1.985294,1.000000,,789368,85592,original,original,false,0,0,true,0,exact_abs_or_rel,SKIP
ex15.mtx,auto_lossless_lb,original_lb,load_balanced_traversal,ok,none,promoted_fallback,0.0070,0.0064,1.928571,0.971429,,789368,85592,auto_lossless,original,true,32664,789368,true,0,exact_abs_or_rel,SKIP
ex15.mtx,fp16_lb,fp16_lb,controlled_lossy_value_specialized,ok,none,accuracy_pass_runtime_loss,0.0073,0.0064,1.849315,0.931507,,197342,85592,fp16,fp16,false,0,0,false,0,spmv_max_rel,SKIP
ex15.mtx,bf16_lb,bf16_lb,controlled_lossy_value_specialized,ok,none,accuracy_pass_runtime_win,0.0067,0.0064,2.014925,1.014925,,197342,85592,bf16,bf16,false,0,0,false,0,spmv_max_rel,SKIP
ex15.mtx,bfp8_lb,bfp8_lb,controlled_lossy_value_specialized,ok,none,accuracy_pass_runtime_loss,0.0068,0.0053,1.985294,1.000000,,120069,85592,bfp8,bfp8,false,0,0,false,0,spmv_max_rel,SKIP
ex15.mtx,bfp8_outlier_lb,bfp8_outlier_lb,controlled_lossy_value_specialized,ok,none,accuracy_pass_runtime_loss,0.0096,0.0078,1.406250,0.708333,,127957,85592,bfp8_outlier,bfp8_outlier,false,0,0,false,0,spmv_max_rel,SKIP
ex15.mtx,bfp4_lb,bfp4_lb,controlled_lossy_value_specialized,ok,none,accuracy_pass_runtime_loss,0.0092,0.0076,1.467391,0.739130,,70734,85592,bfp4,bfp4,false,0,0,false,0,spmv_max_rel,SKIP
ex15.mtx,hybrid_lb,hybrid_lb,structural_hybrid,ok,none,promoted_fallback,0.0078,0.0062,1.730769,0.871795,,789368,,original,raw_double,false,,,1,0,exact_abs_or_rel,SKIP
ex15.mtx,cusparse_default,cusparse_csr,external_baseline,ok,none,external_baseline,0.0135,0.0102,1.000000,0.503704,,789368,422156,original,original,false,,,true,0,exact_abs_or_rel,SKIP
ex25.mtx,original_lb,original_lb,load_balanced_traversal,ok,none,promoted_fallback,0.0084,0.0072,1.607143,1.000000,,194952,13024,original,original,false,0,0,true,0,exact_abs_or_rel,SKIP
ex25.mtx,auto_lossless_lb,original_lb,load_balanced_traversal,ok,none,promoted_fallback,0.0079,0.0065,1.708861,1.063291,,194952,13024,auto_lossless,original,true,11455,194952,true,0,exact_abs_or_rel,SKIP
ex25.mtx,fp16_lb,fp16_lb,controlled_lossy_value_specialized,ok,none,accuracy_pass_runtime_win,0.0074,0.0067,1.824324,1.135135,,48738,13024,fp16,fp16,false,0,0,false,0,spmv_max_rel,SKIP
ex25.mtx,bf16_lb,bf16_lb,controlled_lossy_value_specialized,ok,none,accuracy_pass_runtime_win,0.0080,0.0066,1.687500,1.050000,,48738,13024,bf16,bf16,false,0,0,false,0,spmv_max_rel,SKIP
ex25.mtx,bfp8_lb,bfp8_lb,controlled_lossy_value_specialized,ok,none,accuracy_pass_runtime_loss,0.0090,0.0086,1.500000,0.933333,,27625,13024,bfp8,bfp8,false,0,0,false,0,spmv_max_rel,SKIP
ex25.mtx,bfp8_outlier_lb,bfp8_outlier_lb,controlled_lossy_value_specialized,ok,none,accuracy_pass_runtime_loss,0.0115,0.0102,1.173913,0.730435,,29561,13024,bfp8_outlier,bfp8_outlier,false,0,0,false,0,spmv_max_rel,SKIP
ex25.mtx,bfp4_lb,bfp4_lb,controlled_lossy_value_specialized,ok,none,accuracy_pass_runtime_loss,0.0115,0.0098,1.173913,0.730435,,15441,13024,bfp4,bfp4,false,0,0,false,0,spmv_max_rel,SKIP
ex25.mtx,hybrid_lb,hybrid_lb,structural_hybrid,ok,none,promoted_fallback,0.0093,0.0075,1.451613,0.903226,,194952,,original,raw_double,false,,,1,0,exact_abs_or_rel,SKIP
ex25.mtx,cusparse_default,cusparse_csr,external_baseline,ok,none,external_baseline,0.0135,0.0102,1.000000,0.622222,,194952,100872,original,original,false,,,true,0,exact_abs_or_rel,SKIP
ex33.mtx,original_lb,original_lb,load_balanced_traversal,ok,none,promoted_fallback,0.0070,0.0063,1.842857,1.000000,,177512,22120,original,original,false,0,0,true,0,exact_abs_or_rel,SKIP
ex33.mtx,auto_lossless_lb,original_lb,load_balanced_traversal,ok,none,promoted_fallback,0.0070,0.0067,1.842857,1.000000,,177512,22120,auto_lossless,original,true,1188,177512,true,0,exact_abs_or_rel,SKIP
ex33.mtx,fp16_lb,fp16_lb,controlled_lossy_value_specialized,ok,none,accuracy_pass_runtime_loss,0.0079,0.0066,1.632911,0.886076,,44378,22120,fp16,fp16,false,0,0,false,0,spmv_max_rel,SKIP
ex33.mtx,bf16_lb,bf16_lb,controlled_lossy_value_specialized,ok,none,accuracy_pass_runtime_loss,0.0077,0.0065,1.675325,0.909091,,44378,22120,bf16,bf16,false,0,0,false,0,spmv_max_rel,SKIP
ex33.mtx,bfp8_lb,bfp8_lb,controlled_lossy_value_specialized,ok,none,accuracy_pass_runtime_win,0.0065,0.0055,1.984615,1.076923,,27719,22120,bfp8,bfp8,false,0,0,false,0,spmv_max_rel,SKIP
ex33.mtx,bfp8_outlier_lb,bfp8_outlier_lb,controlled_lossy_value_specialized,ok,none,accuracy_pass_runtime_loss,0.0097,0.0079,1.329897,0.721649,,29399,22120,bfp8_outlier,bfp8_outlier,false,0,0,false,0,spmv_max_rel,SKIP
ex33.mtx,bfp4_lb,bfp4_lb,controlled_lossy_value_specialized,ok,none,accuracy_pass_runtime_loss,0.0092,0.0084,1.402174,0.760870,,16625,22120,bfp4,bfp4,false,0,0,false,0,spmv_max_rel,SKIP
ex33.mtx,hybrid_lb,hybrid_lb,structural_hybrid,ok,none,promoted_fallback,0.0071,0.0057,1.816901,0.985915,,177512,,original,raw_double,false,,,1,0,exact_abs_or_rel,SKIP
ex33.mtx,cusparse_default,cusparse_csr,external_baseline,ok,none,external_baseline,0.0129,0.0103,1.000000,0.542636,,177512,95692,original,original,false,,,true,0,exact_abs_or_rel,SKIP
ex8.mtx,original_lb,original_lb,load_balanced_traversal,ok,none,promoted_fallback,0.0078,0.0061,1.756410,1.000000,,726728,63928,original,original,false,0,0,true,0,exact_abs_or_rel,SKIP
ex8.mtx,auto_lossless_lb,original_lb,load_balanced_traversal,ok,none,promoted_fallback,0.0090,0.0073,1.522222,0.866667,,726728,63928,auto_lossless,original,true,49182,726728,true,0,exact_abs_or_rel,SKIP
ex8.mtx,fp16_lb,fp16_lb,controlled_lossy_value_specialized,ok,none,accuracy_pass_runtime_loss,0.0086,0.0068,1.593023,0.906977,,181682,63928,fp16,fp16,false,0,0,false,0,spmv_max_rel,SKIP
ex8.mtx,bf16_lb,bf16_lb,controlled_lossy_value_specialized,ok,none,accuracy_pass_runtime_loss,0.0093,0.0085,1.473118,0.838710,,181682,63928,bf16,bf16,false,0,0,false,0,spmv_max_rel,SKIP
ex8.mtx,bfp8_lb,bfp8_lb,controlled_lossy_value_specialized,ok,none,accuracy_pass_runtime_loss,0.0090,0.0081,1.522222,0.866667,,106823,63928,bfp8,bfp8,false,0,0,false,0,spmv_max_rel,SKIP
ex8.mtx,bfp8_outlier_lb,bfp8_outlier_lb,controlled_lossy_value_specialized,ok,none,accuracy_pass_runtime_loss,0.0120,0.0101,1.141667,0.650000,,114055,63928,bfp8_outlier,bfp8_outlier,false,0,0,false,0,spmv_max_rel,SKIP
ex8.mtx,bfp4_lb,bfp4_lb,controlled_lossy_value_specialized,ok,none,accuracy_pass_runtime_loss,0.0111,0.0104,1.234234,0.702703,,61403,63928,bfp4,bfp4,false,0,0,false,0,spmv_max_rel,SKIP
ex8.mtx,hybrid_lb,hybrid_lb,structural_hybrid,ok,none,promoted_fallback,0.0089,0.0076,1.539326,0.876404,,726728,,original,raw_double,false,,,1,0,exact_abs_or_rel,SKIP
ex8.mtx,cusparse_default,cusparse_csr,external_baseline,ok,none,external_baseline,0.0137,0.0103,1.000000,0.569343,,726728,375752,original,original,false,,,true,0,exact_abs_or_rel,SKIP
extr1b_A_02.mtx,original_lb,original_lb,load_balanced_traversal,ok,none,promoted_fallback,0.0064,0.0049,2.218750,1.000000,,87720,26768,original,original,false,0,0,true,0,exact_abs_or_rel,SKIP
extr1b_A_02.mtx,auto_lossless_lb,original_lb,load_balanced_traversal,ok,none,promoted_fallback,0.0063,0.0048,2.253968,1.015873,,87720,26768,auto_lossless,original,true,5512,87720,true,0,exact_abs_or_rel,SKIP
extr1b_A_02.mtx,fp16_lb,fp16_lb,controlled_lossy_value_specialized,ok,none,accuracy_pass_runtime_loss,0.0065,0.0050,2.184615,0.984615,,21930,26768,fp16,fp16,false,0,0,false,0,spmv_max_rel,SKIP
extr1b_A_02.mtx,bf16_lb,bf16_lb,controlled_lossy_value_specialized,ok,none,accuracy_pass_runtime_win,0.0059,0.0048,2.406780,1.084746,,21930,26768,bf16,bf16,false,0,0,false,0,spmv_max_rel,SKIP
extr1b_A_02.mtx,bfp8_lb,bfp8_lb,controlled_lossy_value_specialized,ok,none,accuracy_pass_runtime_loss,0.0073,0.0057,1.945205,0.876712,,17657,26768,bfp8,bfp8,false,0,0,false,0,spmv_max_rel,SKIP
extr1b_A_02.mtx,bfp8_outlier_lb,bfp8_outlier_lb,controlled_lossy_value_specialized,ok,none,accuracy_pass_runtime_loss,0.0091,0.0069,1.560440,0.703297,,18521,26768,bfp8_outlier,bfp8_outlier,false,0,0,false,0,spmv_max_rel,SKIP
extr1b_A_02.mtx,bfp4_lb,bfp4_lb,controlled_lossy_value_specialized,ok,none,accuracy_pass_runtime_loss,0.0070,0.0065,2.028571,0.914286,,12175,26768,bfp4,bfp4,false,0,0,false,0,spmv_max_rel,SKIP
extr1b_A_02.mtx,hybrid_lb,hybrid_lb,structural_hybrid,ok,none,promoted_fallback,0.0068,0.0051,2.088235,0.941176,,87720,,original,raw_double,false,,,1,0,exact_abs_or_rel,SKIP
extr1b_A_02.mtx,cusparse_default,cusparse_csr,external_baseline,ok,none,external_baseline,0.0142,0.0123,1.000000,0.450704,,87720,55208,original,original,false,,,true,0,exact_abs_or_rel,SKIP
extr1b_A_10.mtx,original_lb,original_lb,load_balanced_traversal,ok,none,promoted_fallback,0.0059,0.0046,2.338983,1.000000,,72424,23416,original,original,false,0,0,true,0,exact_abs_or_rel,SKIP
extr1b_A_10.mtx,auto_lossless_lb,original_lb,load_balanced_traversal,ok,none,promoted_fallback,0.0055,0.0046,2.509091,1.072727,,72424,23416,auto_lossless,original,true,3704,72424,true,0,exact_abs_or_rel,SKIP
extr1b_A_10.mtx,fp16_lb,fp16_lb,controlled_lossy_value_specialized,ok,none,accuracy_pass_runtime_loss,0.0068,0.0052,2.029412,0.867647,,18106,23416,fp16,fp16,false,0,0,false,0,spmv_max_rel,SKIP
extr1b_A_10.mtx,bf16_lb,bf16_lb,controlled_lossy_value_specialized,ok,none,accuracy_pass_runtime_loss,0.0074,0.0056,1.864865,0.797297,,18106,23416,bf16,bf16,false,0,0,false,0,spmv_max_rel,SKIP
extr1b_A_10.mtx,bfp8_lb,bfp8_lb,controlled_lossy_value_specialized,ok,none,accuracy_pass_runtime_loss,0.0064,0.0052,2.156250,0.921875,,14907,23416,bfp8,bfp8,false,0,0,false,0,spmv_max_rel,SKIP
extr1b_A_10.mtx,bfp8_outlier_lb,bfp8_outlier_lb,controlled_lossy_value_specialized,ok,none,accuracy_pass_runtime_loss,0.0088,0.0070,1.568182,0.670455,,15627,23416,bfp8_outlier,bfp8_outlier,false,0,0,false,0,spmv_max_rel,SKIP
extr1b_A_10.mtx,bfp4_lb,bfp4_lb,controlled_lossy_value_specialized,ok,none,accuracy_pass_runtime_loss,0.0077,0.0061,1.792208,0.766234,,10381,23416,bfp4,bfp4,false,0,0,false,0,spmv_max_rel,SKIP
extr1b_A_10.mtx,hybrid_lb,hybrid_lb,structural_hybrid,ok,none,promoted_fallback,0.0062,0.0048,2.225806,0.951613,,72424,,original,raw_double,false,,,1,0,exact_abs_or_rel,SKIP
extr1b_A_10.mtx,cusparse_default,cusparse_csr,external_baseline,ok,none,external_baseline,0.0138,0.0123,1.000000,0.427536,,72424,47560,original,original,false,,,true,0,exact_abs_or_rel,SKIP
extr1b_A_18.mtx,original_lb,original_lb,load_balanced_traversal,ok,none,promoted_fallback,0.0064,0.0049,2.218750,1.000000,,72416,23416,original,original,false,0,0,true,0,exact_abs_or_rel,SKIP
extr1b_A_18.mtx,auto_lossless_lb,original_lb,load_balanced_traversal,ok,none,promoted_fallback,0.0065,0.0047,2.184615,0.984615,,72416,23416,auto_lossless,original,true,3711,72416,true,0,exact_abs_or_rel,SKIP
extr1b_A_18.mtx,fp16_lb,fp16_lb,controlled_lossy_value_specialized,ok,none,accuracy_pass_runtime_loss,0.0072,0.0056,1.972222,0.888889,,18104,23416,fp16,fp16,false,0,0,false,0,spmv_max_rel,SKIP
extr1b_A_18.mtx,bf16_lb,bf16_lb,controlled_lossy_value_specialized,ok,none,accuracy_pass_runtime_loss,0.0073,0.0054,1.945205,0.876712,,18104,23416,bf16,bf16,false,0,0,false,0,spmv_max_rel,SKIP
extr1b_A_18.mtx,bfp8_lb,bfp8_lb,controlled_lossy_value_specialized,ok,none,accuracy_pass_runtime_loss,0.0068,0.0064,2.088235,0.941176,,14906,23416,bfp8,bfp8,false,0,0,false,0,spmv_max_rel,SKIP
extr1b_A_18.mtx,bfp8_outlier_lb,bfp8_outlier_lb,controlled_lossy_value_specialized,ok,none,accuracy_pass_runtime_loss,0.0089,0.0069,1.595506,0.719101,,15626,23416,bfp8_outlier,bfp8_outlier,false,0,0,false,0,spmv_max_rel,SKIP
extr1b_A_18.mtx,bfp4_lb,bfp4_lb,controlled_lossy_value_specialized,ok,none,accuracy_pass_runtime_loss,0.0068,0.0064,2.088235,0.941176,,10380,23416,bfp4,bfp4,false,0,0,false,0,spmv_max_rel,SKIP
extr1b_A_18.mtx,hybrid_lb,hybrid_lb,structural_hybrid,ok,none,promoted_fallback,0.0062,0.0052,2.290323,1.032258,,72416,,original,raw_double,false,,,1,0,exact_abs_or_rel,SKIP
extr1b_A_18.mtx,cusparse_default,cusparse_csr,external_baseline,ok,none,external_baseline,0.0142,0.0123,1.000000,0.450704,,72416,47556,original,original,false,,,true,0,exact_abs_or_rel,SKIP
extr1b_A_26.mtx,original_lb,original_lb,load_balanced_traversal,ok,none,promoted_fallback,0.0075,0.0062,1.853333,1.000000,,91240,27008,original,original,false,0,0,true,0,exact_abs_or_rel,SKIP
extr1b_A_26.mtx,auto_lossless_lb,original_lb,load_balanced_traversal,ok,none,promoted_fallback,0.0074,0.0053,1.878378,1.013514,,91240,27008,auto_lossless,original,true,5873,91240,true,0,exact_abs_or_rel,SKIP
extr1b_A_26.mtx,fp16_lb,fp16_lb,controlled_lossy_value_specialized,ok,none,accuracy_pass_runtime_win,0.0067,0.0054,2.074627,1.119403,,22810,27008,fp16,fp16,false,0,0,false,0,spmv_max_rel,SKIP
extr1b_A_26.mtx,bf16_lb,bf16_lb,controlled_lossy_value_specialized,ok,none,accuracy_pass_runtime_win,0.0066,0.0049,2.106061,1.136364,,22810,27008,bf16,bf16,false,0,0,false,0,spmv_max_rel,SKIP
extr1b_A_26.mtx,bfp8_lb,bfp8_lb,controlled_lossy_value_specialized,ok,none,accuracy_pass_runtime_win,0.0070,0.0066,1.985714,1.071429,,18157,27008,bfp8,bfp8,false,0,0,false,0,spmv_max_rel,SKIP
extr1b_A_26.mtx,bfp8_outlier_lb,bfp8_outlier_lb,controlled_lossy_value_specialized,ok,none,accuracy_pass_runtime_loss,0.0091,0.0065,1.527473,0.824176,,19069,27008,bfp8_outlier,bfp8_outlier,false,0,0,false,0,spmv_max_rel,SKIP
extr1b_A_26.mtx,bfp4_lb,bfp4_lb,controlled_lossy_value_specialized,ok,none,accuracy_pass_runtime_loss,0.0089,0.0070,1.561798,0.842697,,12455,27008,bfp4,bfp4,false,0,0,false,0,spmv_max_rel,SKIP
extr1b_A_26.mtx,hybrid_lb,hybrid_lb,structural_hybrid,ok,none,promoted_fallback,0.0069,0.0051,2.014493,1.086957,,91240,,original,raw_double,false,,,1,0,exact_abs_or_rel,SKIP
extr1b_A_26.mtx,cusparse_default,cusparse_csr,external_baseline,ok,none,external_baseline,0.0139,0.0123,1.000000,0.539568,,91240,56968,original,original,false,,,true,0,exact_abs_or_rel,SKIP
extr1b_A_34.mtx,original_lb,original_lb,load_balanced_traversal,ok,none,promoted_fallback,0.0072,0.0055,1.888889,1.000000,,91232,27008,original,original,false,0,0,true,0,exact_abs_or_rel,SKIP
extr1b_A_34.mtx,auto_lossless_lb,original_lb,load_balanced_traversal,ok,none,promoted_fallback,0.0075,0.0054,1.813333,0.960000,,91232,27008,auto_lossless,original,true,5873,91232,true,0,exact_abs_or_rel,SKIP
extr1b_A_34.mtx,fp16_lb,fp16_lb,controlled_lossy_value_specialized,ok,none,accuracy_pass_runtime_win,0.0069,0.0054,1.971014,1.043478,,22808,27008,fp16,fp16,false,0,0,false,0,spmv_max_rel,SKIP
extr1b_A_34.mtx,bf16_lb,bf16_lb,controlled_lossy_value_specialized,ok,none,accuracy_pass_runtime_win,0.0067,0.0050,2.029851,1.074627,,22808,27008,bf16,bf16,false,0,0,false,0,spmv_max_rel,SKIP
extr1b_A_34.mtx,bfp8_lb,bfp8_lb,controlled_lossy_value_specialized,ok,none,accuracy_pass_runtime_loss,0.0072,0.0066,1.888889,1.000000,,18156,27008,bfp8,bfp8,false,0,0,false,0,spmv_max_rel,SKIP
extr1b_A_34.mtx,bfp8_outlier_lb,bfp8_outlier_lb,controlled_lossy_value_specialized,ok,none,accuracy_pass_runtime_loss,0.0093,0.0075,1.462366,0.774194,,19068,27008,bfp8_outlier,bfp8_outlier,false,0,0,false,0,spmv_max_rel,SKIP
extr1b_A_34.mtx,bfp4_lb,bfp4_lb,controlled_lossy_value_specialized,ok,none,accuracy_pass_runtime_loss,0.0087,0.0071,1.563218,0.827586,,12454,27008,bfp4,bfp4,false,0,0,false,0,spmv_max_rel,SKIP
extr1b_A_34.mtx,hybrid_lb,hybrid_lb,structural_hybrid,ok,none,promoted_fallback,0.0100,0.0060,1.360000,0.720000,,91232,,original,raw_double,false,,,1,0,exact_abs_or_rel,SKIP
extr1b_A_34.mtx,cusparse_default,cusparse_csr,external_baseline,ok,none,external_baseline,0.0136,0.0123,1.000000,0.529412,,91232,56964,original,original,false,,,true,0,exact_abs_or_rel,SKIP
extr1b_A_42.mtx,original_lb,original_lb,load_balanced_traversal,ok,none,promoted_fallback,0.0083,0.0070,1.614458,1.000000,,91240,27008,original,original,false,0,0,true,0,exact_abs_or_rel,SKIP
extr1b_A_42.mtx,auto_lossless_lb,original_lb,load_balanced_traversal,ok,none,promoted_fallback,0.0079,0.0058,1.696203,1.050633,,91240,27008,auto_lossless,original,true,5873,91240,true,0,exact_abs_or_rel,SKIP
extr1b_A_42.mtx,fp16_lb,fp16_lb,controlled_lossy_value_specialized,ok,none,accuracy_pass_runtime_win,0.0071,0.0053,1.887324,1.169014,,22810,27008,fp16,fp16,false,0,0,false,0,spmv_max_rel,SKIP
extr1b_A_42.mtx,bf16_lb,bf16_lb,controlled_lossy_value_specialized,ok,none,accuracy_pass_runtime_win,0.0065,0.0051,2.061538,1.276923,,22810,27008,bf16,bf16,false,0,0,false,0,spmv_max_rel,SKIP
extr1b_A_42.mtx,bfp8_lb,bfp8_lb,controlled_lossy_value_specialized,ok,none,accuracy_pass_runtime_win,0.0068,0.0055,1.970588,1.220588,,18157,27008,bfp8,bfp8,false,0,0,false,0,spmv_max_rel,SKIP
extr1b_A_42.mtx,bfp8_outlier_lb,bfp8_outlier_lb,controlled_lossy_value_specialized,ok,none,accuracy_pass_runtime_loss,0.0093,0.0075,1.440860,0.892473,,19069,27008,bfp8_outlier,bfp8_outlier,false,0,0,false,0,spmv_max_rel,SKIP
extr1b_A_42.mtx,bfp4_lb,bfp4_lb,controlled_lossy_value_specialized,ok,none,accuracy_pass_runtime_loss,0.0086,0.0070,1.558140,0.965116,,12455,27008,bfp4,bfp4,false,0,0,false,0,spmv_max_rel,SKIP
extr1b_A_42.mtx,hybrid_lb,hybrid_lb,structural_hybrid,ok,none,promoted_fallback,0.0068,0.0052,1.970588,1.220588,,91240,,original,raw_double,false,,,1,0,exact_abs_or_rel,SKIP
extr1b_A_42.mtx,cusparse_default,cusparse_csr,external_baseline,ok,none,external_baseline,0.0134,0.0123,1.000000,0.619403,,91240,56968,original,original,false,,,true,0,exact_abs_or_rel,SKIP
extr1b_Zeros_05.mtx,original_lb,original_lb,load_balanced_traversal,ok,none,promoted_fallback,0.0058,0.0046,2.224138,1.000000,,3512,1680,original,original,false,0,0,true,0,exact_abs_or_rel,SKIP
extr1b_Zeros_05.mtx,auto_lossless_lb,all_one_lb,lossless_value_specialized,ok,none,accuracy_pass_runtime_win,0.0050,0.0038,2.580000,1.160000,,0,1680,auto_lossless,all_one,true,1,0,true,0,exact_abs_or_rel,SKIP
extr1b_Zeros_05.mtx,fp16_lb,fp16_lb,controlled_lossy_value_specialized,ok,none,accuracy_pass_runtime_loss,0.0061,0.0046,2.114754,0.950820,,878,1680,fp16,fp16,false,0,0,false,0,spmv_max_rel,SKIP
extr1b_Zeros_05.mtx,bf16_lb,bf16_lb,controlled_lossy_value_specialized,ok,none,accuracy_pass_runtime_loss,0.0063,0.0050,2.047619,0.920635,,878,1680,bf16,bf16,false,0,0,false,0,spmv_max_rel,SKIP
extr1b_Zeros_05.mtx,bfp8_lb,bfp8_lb,controlled_lossy_value_specialized,ok,none,accuracy_pass_runtime_win,0.0047,0.0035,2.744681,1.234043,,859,1680,bfp8,bfp8,false,0,0,false,0,spmv_max_rel,SKIP
extr1b_Zeros_05.mtx,bfp8_outlier_lb,bfp8_outlier_lb,controlled_lossy_value_specialized,ok,none,accuracy_pass_runtime_win,0.0049,0.0043,2.632653,1.183673,,859,1680,bfp8_outlier,bfp8_outlier,false,0,0,false,0,spmv_max_rel,SKIP
extr1b_Zeros_05.mtx,bfp4_lb,bfp4_lb,controlled_lossy_value_specialized,ok,none,accuracy_pass_runtime_win,0.0049,0.0036,2.632653,1.183673,,640,1680,bfp4,bfp4,false,0,0,false,0,spmv_max_rel,SKIP
extr1b_Zeros_05.mtx,hybrid_lb,hybrid_lb,structural_hybrid,ok,none,promoted_fallback,0.0057,0.0045,2.263158,1.017544,,3512,,original,raw_double,false,,,1,0,exact_abs_or_rel,SKIP
extr1b_Zeros_05.mtx,cusparse_default,cusparse_csr,external_baseline,ok,none,external_baseline,0.0129,0.0102,1.000000,0.449612,,3512,13104,original,original,false,,,true,0,exact_abs_or_rel,SKIP
extr1b_Zeros_13.mtx,original_lb,original_lb,load_balanced_traversal,ok,none,promoted_fallback,0.0058,0.0049,2.206897,1.000000,,1392,808,original,original,false,0,0,true,0,exact_abs_or_rel,SKIP
extr1b_Zeros_13.mtx,auto_lossless_lb,all_one_lb,lossless_value_specialized,ok,none,accuracy_pass_runtime_win,0.0049,0.0038,2.612245,1.183673,,0,808,auto_lossless,all_one,true,1,0,true,0,exact_abs_or_rel,SKIP
extr1b_Zeros_13.mtx,fp16_lb,fp16_lb,controlled_lossy_value_specialized,ok,none,accuracy_pass_runtime_win,0.0049,0.0045,2.612245,1.183673,,348,808,fp16,fp16,false,0,0,false,0,spmv_max_rel,SKIP
extr1b_Zeros_13.mtx,bf16_lb,bf16_lb,controlled_lossy_value_specialized,ok,none,accuracy_pass_runtime_win,0.0048,0.0044,2.666667,1.208333,,348,808,bf16,bf16,false,0,0,false,0,spmv_max_rel,SKIP
extr1b_Zeros_13.mtx,bfp8_lb,bfp8_lb,controlled_lossy_value_specialized,ok,none,accuracy_pass_runtime_win,0.0054,0.0050,2.370370,1.074074,,376,808,bfp8,bfp8,false,0,0,false,0,spmv_max_rel,SKIP
extr1b_Zeros_13.mtx,bfp8_outlier_lb,bfp8_outlier_lb,controlled_lossy_value_specialized,ok,none,accuracy_pass_runtime_win,0.0047,0.0043,2.723404,1.234043,,376,808,bfp8_outlier,bfp8_outlier,false,0,0,false,0,spmv_max_rel,SKIP
extr1b_Zeros_13.mtx,bfp4_lb,bfp4_lb,controlled_lossy_value_specialized,ok,none,accuracy_pass_runtime_win,0.0047,0.0042,2.723404,1.234043,,289,808,bfp4,bfp4,false,0,0,false,0,spmv_max_rel,SKIP
extr1b_Zeros_13.mtx,hybrid_lb,hybrid_lb,structural_hybrid,ok,none,promoted_fallback,0.0056,0.0041,2.285714,1.035714,,1392,,original,raw_double,false,,,1,0,exact_abs_or_rel,SKIP
extr1b_Zeros_13.mtx,cusparse_default,cusparse_csr,external_baseline,ok,none,external_baseline,0.0128,0.0102,1.000000,0.453125,,1392,12044,original,original,false,,,true,0,exact_abs_or_rel,SKIP
extr1b_Zeros_21.mtx,original_lb,original_lb,load_balanced_traversal,ok,none,promoted_fallback,0.0052,0.0040,2.480769,1.000000,,1392,808,original,original,false,0,0,true,0,exact_abs_or_rel,SKIP
extr1b_Zeros_21.mtx,auto_lossless_lb,all_one_lb,lossless_value_specialized,ok,none,accuracy_pass_runtime_win,0.0049,0.0045,2.632653,1.061224,,0,808,auto_lossless,all_one,true,1,0,true,0,exact_abs_or_rel,SKIP
extr1b_Zeros_21.mtx,fp16_lb,fp16_lb,controlled_lossy_value_specialized,ok,none,accuracy_pass_runtime_win,0.0050,0.0046,2.580000,1.040000,,348,808,fp16,fp16,false,0,0,false,0,spmv_max_rel,SKIP
extr1b_Zeros_21.mtx,bf16_lb,bf16_lb,controlled_lossy_value_specialized,ok,none,accuracy_pass_runtime_win,0.0049,0.0042,2.632653,1.061224,,348,808,bf16,bf16,false,0,0,false,0,spmv_max_rel,SKIP
extr1b_Zeros_21.mtx,bfp8_lb,bfp8_lb,controlled_lossy_value_specialized,ok,none,accuracy_pass_runtime_win,0.0046,0.0039,2.804348,1.130435,,376,808,bfp8,bfp8,false,0,0,false,0,spmv_max_rel,SKIP
extr1b_Zeros_21.mtx,bfp8_outlier_lb,bfp8_outlier_lb,controlled_lossy_value_specialized,ok,none,accuracy_pass_runtime_win,0.0048,0.0033,2.687500,1.083333,,376,808,bfp8_outlier,bfp8_outlier,false,0,0,false,0,spmv_max_rel,SKIP
extr1b_Zeros_21.mtx,bfp4_lb,bfp4_lb,controlled_lossy_value_specialized,ok,none,accuracy_pass_runtime_win,0.0048,0.0039,2.687500,1.083333,,289,808,bfp4,bfp4,false,0,0,false,0,spmv_max_rel,SKIP
extr1b_Zeros_21.mtx,hybrid_lb,hybrid_lb,structural_hybrid,ok,none,promoted_fallback,0.0057,0.0048,2.263158,0.912281,,1392,,original,raw_double,false,,,1,0,exact_abs_or_rel,SKIP
extr1b_Zeros_21.mtx,cusparse_default,cusparse_csr,external_baseline,ok,none,external_baseline,0.0129,0.0102,1.000000,0.403101,,1392,12044,original,original,false,,,true,0,exact_abs_or_rel,SKIP
extr1b_Zeros_29.mtx,original_lb,original_lb,load_balanced_traversal,ok,none,promoted_fallback,0.0053,0.0045,2.452830,1.000000,,1400,816,original,original,false,0,0,true,0,exact_abs_or_rel,SKIP
extr1b_Zeros_29.mtx,auto_lossless_lb,all_one_lb,lossless_value_specialized,ok,none,accuracy_pass_runtime_win,0.0049,0.0038,2.653061,1.081633,,0,816,auto_lossless,all_one,true,1,0,true,0,exact_abs_or_rel,SKIP
extr1b_Zeros_29.mtx,fp16_lb,fp16_lb,controlled_lossy_value_specialized,ok,none,accuracy_pass_runtime_win,0.0048,0.0045,2.708333,1.104167,,350,816,fp16,fp16,false,0,0,false,0,spmv_max_rel,SKIP
extr1b_Zeros_29.mtx,bf16_lb,bf16_lb,controlled_lossy_value_specialized,ok,none,accuracy_pass_runtime_win,0.0049,0.0045,2.653061,1.081633,,350,816,bf16,bf16,false,0,0,false,0,spmv_max_rel,SKIP
extr1b_Zeros_29.mtx,bfp8_lb,bfp8_lb,controlled_lossy_value_specialized,ok,none,accuracy_pass_runtime_win,0.0049,0.0035,2.653061,1.081633,,379,816,bfp8,bfp8,false,0,0,false,0,spmv_max_rel,SKIP
extr1b_Zeros_29.mtx,bfp8_outlier_lb,bfp8_outlier_lb,controlled_lossy_value_specialized,ok,none,accuracy_pass_runtime_win,0.0049,0.0039,2.653061,1.081633,,379,816,bfp8_outlier,bfp8_outlier,false,0,0,false,0,spmv_max_rel,SKIP
extr1b_Zeros_29.mtx,bfp4_lb,bfp4_lb,controlled_lossy_value_specialized,ok,none,accuracy_pass_runtime_win,0.0052,0.0037,2.500000,1.019231,,292,816,bfp4,bfp4,false,0,0,false,0,spmv_max_rel,SKIP
extr1b_Zeros_29.mtx,hybrid_lb,hybrid_lb,structural_hybrid,ok,none,promoted_fallback,0.0058,0.0044,2.241379,0.913793,,1400,,original,raw_double,false,,,1,0,exact_abs_or_rel,SKIP
extr1b_Zeros_29.mtx,cusparse_default,cusparse_csr,external_baseline,ok,none,external_baseline,0.0130,0.0102,1.000000,0.407692,,1400,12048,original,original,false,,,true,0,exact_abs_or_rel,SKIP
extr1b_Zeros_37.mtx,original_lb,original_lb,load_balanced_traversal,ok,none,promoted_fallback,0.0052,0.0044,2.480769,1.000000,,1392,808,original,original,false,0,0,true,0,exact_abs_or_rel,SKIP
extr1b_Zeros_37.mtx,auto_lossless_lb,all_one_lb,lossless_value_specialized,ok,none,accuracy_pass_runtime_win,0.0048,0.0040,2.687500,1.083333,,0,808,auto_lossless,all_one,true,1,0,true,0,exact_abs_or_rel,SKIP
extr1b_Zeros_37.mtx,fp16_lb,fp16_lb,controlled_lossy_value_specialized,ok,none,accuracy_pass_runtime_win,0.0049,0.0040,2.632653,1.061224,,348,808,fp16,fp16,false,0,0,false,0,spmv_max_rel,SKIP
extr1b_Zeros_37.mtx,bf16_lb,bf16_lb,controlled_lossy_value_specialized,ok,none,accuracy_pass_runtime_loss,0.0056,0.0048,2.303571,0.928571,,348,808,bf16,bf16,false,0,0,false,0,spmv_max_rel,SKIP
extr1b_Zeros_37.mtx,bfp8_lb,bfp8_lb,controlled_lossy_value_specialized,ok,none,accuracy_pass_runtime_loss,0.0057,0.0046,2.263158,0.912281,,376,808,bfp8,bfp8,false,0,0,false,0,spmv_max_rel,SKIP
extr1b_Zeros_37.mtx,bfp8_outlier_lb,bfp8_outlier_lb,controlled_lossy_value_specialized,ok,none,accuracy_pass_runtime_loss,0.0055,0.0047,2.345455,0.945455,,376,808,bfp8_outlier,bfp8_outlier,false,0,0,false,0,spmv_max_rel,SKIP
extr1b_Zeros_37.mtx,bfp4_lb,bfp4_lb,controlled_lossy_value_specialized,ok,none,accuracy_pass_runtime_win,0.0049,0.0031,2.632653,1.061224,,289,808,bfp4,bfp4,false,0,0,false,0,spmv_max_rel,SKIP
extr1b_Zeros_37.mtx,hybrid_lb,hybrid_lb,structural_hybrid,ok,none,promoted_fallback,0.0058,0.0048,2.224138,0.896552,,1392,,original,raw_double,false,,,1,0,exact_abs_or_rel,SKIP
extr1b_Zeros_37.mtx,cusparse_default,cusparse_csr,external_baseline,ok,none,external_baseline,0.0129,0.0102,1.000000,0.403101,,1392,12044,original,original,false,,,true,0,exact_abs_or_rel,SKIP
filter2D_C.mtx,original_lb,original_lb,load_balanced_traversal,ok,none,promoted_fallback,0.0055,0.0042,2.018182,1.000000,,40,40,original,original,false,0,0,true,0,exact_abs_or_rel,SKIP
filter2D_C.mtx,auto_lossless_lb,all_one_lb,lossless_value_specialized,ok,none,accuracy_pass_runtime_loss,0.0056,0.0051,1.982143,0.982143,,0,40,auto_lossless,all_one,true,1,0,true,0,exact_abs_or_rel,SKIP
filter2D_C.mtx,fp16_lb,fp16_lb,controlled_lossy_value_specialized,ok,none,accuracy_pass_runtime_loss,0.0059,0.0048,1.881356,0.932203,,10,40,fp16,fp16,false,0,0,false,0,spmv_max_rel,SKIP
filter2D_C.mtx,bf16_lb,bf16_lb,controlled_lossy_value_specialized,ok,none,accuracy_pass_runtime_loss,0.0056,0.0045,1.982143,0.982143,,10,40,bf16,bf16,false,0,0,false,0,spmv_max_rel,SKIP
filter2D_C.mtx,bfp8_lb,bfp8_lb,controlled_lossy_value_specialized,ok,none,accuracy_pass_runtime_win,0.0051,0.0035,2.176471,1.078431,,15,40,bfp8,bfp8,false,0,0,false,0,spmv_max_rel,SKIP
filter2D_C.mtx,bfp8_outlier_lb,bfp8_outlier_lb,controlled_lossy_value_specialized,ok,none,accuracy_pass_runtime_win,0.0054,0.0040,2.055556,1.018519,,15,40,bfp8_outlier,bfp8_outlier,false,0,0,false,0,spmv_max_rel,SKIP
filter2D_C.mtx,bfp4_lb,bfp4_lb,controlled_lossy_value_specialized,ok,none,accuracy_pass_runtime_loss,0.0064,0.0060,1.734375,0.859375,,13,40,bfp4,bfp4,false,0,0,false,0,spmv_max_rel,SKIP
filter2D_C.mtx,hybrid_lb,hybrid_lb,structural_hybrid,ok,none,promoted_fallback,0.0061,0.0048,1.819672,0.901639,,40,,original,raw_double,false,,,1,0,exact_abs_or_rel,SKIP
filter2D_C.mtx,cusparse_default,cusparse_csr,external_baseline,ok,none,external_baseline,0.0111,0.0082,1.000000,0.495495,,40,44,original,original,false,,,true,0,exact_abs_or_rel,SKIP
flower_4_4.mtx,original_lb,original_lb,load_balanced_traversal,ok,none,promoted_fallback,0.0099,0.0083,1.494949,1.000000,,131728,73368,original,original,false,0,0,true,0,exact_abs_or_rel,SKIP
flower_4_4.mtx,auto_lossless_lb,all_one_lb,lossless_value_specialized,ok,none,accuracy_pass_runtime_loss,0.0100,0.0091,1.480000,0.990000,,0,73368,auto_lossless,all_one,true,1,0,true,0,exact_abs_or_rel,SKIP
flower_4_4.mtx,fp16_lb,fp16_lb,controlled_lossy_value_specialized,ok,none,accuracy_pass_runtime_win,0.0097,0.0079,1.525773,1.020619,,32932,73368,fp16,fp16,false,0,0,false,0,spmv_max_rel,SKIP
flower_4_4.mtx,bf16_lb,bf16_lb,controlled_lossy_value_specialized,ok,none,accuracy_pass_runtime_loss,0.0101,0.0081,1.465347,0.980198,,32932,73368,bf16,bf16,false,0,0,false,0,spmv_max_rel,SKIP
flower_4_4.mtx,bfp8_lb,bfp8_lb,controlled_lossy_value_specialized,ok,none,accuracy_pass_runtime_win,0.0096,0.0086,1.541667,1.031250,,34808,73368,bfp8,bfp8,false,0,0,false,0,spmv_max_rel,SKIP
flower_4_4.mtx,bfp8_outlier_lb,bfp8_outlier_lb,controlled_lossy_value_specialized,ok,none,accuracy_pass_runtime_win,0.0097,0.0086,1.525773,1.020619,,34808,73368,bfp8_outlier,bfp8_outlier,false,0,0,false,0,spmv_max_rel,SKIP
flower_4_4.mtx,bfp4_lb,bfp4_lb,controlled_lossy_value_specialized,ok,none,accuracy_pass_runtime_loss,0.0143,0.0132,1.034965,0.692308,,26575,73368,bfp4,bfp4,false,0,0,false,0,spmv_max_rel,SKIP
flower_4_4.mtx,hybrid_lb,hybrid_lb,structural_hybrid,ok,none,promoted_fallback,0.0075,0.0055,1.973333,1.320000,,131728,,original,raw_double,false,,,1,0,exact_abs_or_rel,SKIP
flower_4_4.mtx,cusparse_default,cusparse_csr,external_baseline,ok,none,external_baseline,0.0148,0.0123,1.000000,0.668919,,131728,73216,original,original,false,,,true,0,exact_abs_or_rel,SKIP
flowmeter5_C.mtx,original_lb,original_lb,load_balanced_traversal,ok,none,promoted_fallback,0.0054,0.0037,1.962963,1.000000,,40,32,original,original,false,0,0,true,0,exact_abs_or_rel,SKIP
flowmeter5_C.mtx,auto_lossless_lb,all_one_lb,lossless_value_specialized,ok,none,accuracy_pass_runtime_loss,0.0056,0.0036,1.892857,0.964286,,0,32,auto_lossless,all_one,true,1,0,true,0,exact_abs_or_rel,SKIP
flowmeter5_C.mtx,fp16_lb,fp16_lb,controlled_lossy_value_specialized,ok,none,accuracy_pass_runtime_win,0.0049,0.0034,2.163265,1.102041,,10,32,fp16,fp16,false,0,0,false,0,spmv_max_rel,SKIP
flowmeter5_C.mtx,bf16_lb,bf16_lb,controlled_lossy_value_specialized,ok,none,accuracy_pass_runtime_win,0.0050,0.0035,2.120000,1.080000,,10,32,bf16,bf16,false,0,0,false,0,spmv_max_rel,SKIP
flowmeter5_C.mtx,bfp8_lb,bfp8_lb,controlled_lossy_value_specialized,ok,none,accuracy_pass_runtime_loss,0.0059,0.0050,1.796610,0.915254,,13,32,bfp8,bfp8,false,0,0,false,0,spmv_max_rel,SKIP
flowmeter5_C.mtx,bfp8_outlier_lb,bfp8_outlier_lb,controlled_lossy_value_specialized,ok,none,accuracy_pass_runtime_loss,0.0055,0.0044,1.927273,0.981818,,13,32,bfp8_outlier,bfp8_outlier,false,0,0,false,0,spmv_max_rel,SKIP
flowmeter5_C.mtx,bfp4_lb,bfp4_lb,controlled_lossy_value_specialized,ok,none,accuracy_pass_runtime_loss,0.0057,0.0046,1.859649,0.947368,,11,32,bfp4,bfp4,false,0,0,false,0,spmv_max_rel,SKIP
flowmeter5_C.mtx,hybrid_lb,hybrid_lb,structural_hybrid,ok,none,promoted_fallback,0.0062,0.0052,1.709677,0.870968,,40,,original,raw_double,false,,,1,0,exact_abs_or_rel,SKIP
flowmeter5_C.mtx,cusparse_default,cusparse_csr,external_baseline,ok,none,external_baseline,0.0106,0.0082,1.000000,0.509434,,40,44,original,original,false,,,true,0,exact_abs_or_rel,SKIP
fpga_dcop_04.mtx,original_lb,original_lb,load_balanced_traversal,ok,none,promoted_fallback,0.0083,0.0073,1.650602,1.000000,,47072,14624,original,original,false,0,0,true,0,exact_abs_or_rel,SKIP
fpga_dcop_04.mtx,auto_lossless_lb,original_lb,load_balanced_traversal,ok,none,promoted_fallback,0.0077,0.0061,1.779221,1.077922,,47072,14624,auto_lossless,original,true,3385,47072,true,0,exact_abs_or_rel,SKIP
fpga_dcop_04.mtx,fp16_lb,fp16_lb,controlled_lossy_value_specialized,ok,none,accuracy_pass_runtime_loss,0.0092,0.0082,1.489130,0.902174,,11768,14624,fp16,fp16,false,0,0,false,0,spmv_max_rel,SKIP
fpga_dcop_04.mtx,bf16_lb,bf16_lb,controlled_lossy_value_specialized,ok,none,accuracy_pass_runtime_loss,0.0097,0.0084,1.412371,0.855670,,11768,14624,bf16,bf16,false,0,0,false,0,spmv_max_rel,SKIP
fpga_dcop_04.mtx,bfp8_lb,bfp8_lb,controlled_lossy_value_specialized,ok,none,accuracy_pass_runtime_loss,0.0088,0.0084,1.556818,0.943182,,9540,14624,bfp8,bfp8,false,0,0,false,0,spmv_max_rel,SKIP
fpga_dcop_04.mtx,bfp8_outlier_lb,bfp8_outlier_lb,controlled_lossy_value_specialized,ok,none,accuracy_pass_runtime_loss,0.0117,0.0103,1.170940,0.709402,,10004,14624,bfp8_outlier,bfp8_outlier,false,0,0,false,0,spmv_max_rel,SKIP
fpga_dcop_04.mtx,bfp4_lb,bfp4_lb,controlled_lossy_value_specialized,ok,none,accuracy_pass_runtime_loss,0.0139,0.0134,0.985612,0.597122,,6598,14624,bfp4,bfp4,false,0,0,false,0,spmv_max_rel,SKIP
fpga_dcop_04.mtx,hybrid_lb,hybrid_lb,structural_hybrid,ok,none,promoted_fallback,0.0081,0.0070,1.691358,1.024691,,47072,,original,raw_double,false,,,1,0,exact_abs_or_rel,SKIP
fpga_dcop_04.mtx,cusparse_default,cusparse_csr,external_baseline,ok,none,external_baseline,0.0137,0.0123,1.000000,0.605839,,47072,28420,original,original,false,,,true,0,exact_abs_or_rel,SKIP
fpga_dcop_12.mtx,original_lb,original_lb,load_balanced_traversal,ok,none,promoted_fallback,0.0089,0.0074,1.494382,1.000000,,47136,14648,original,original,false,0,0,true,0,exact_abs_or_rel,SKIP
fpga_dcop_12.mtx,auto_lossless_lb,original_lb,load_balanced_traversal,ok,none,promoted_fallback,0.0080,0.0068,1.662500,1.112500,,47136,14648,auto_lossless,original,true,3446,47136,true,0,exact_abs_or_rel,SKIP
fpga_dcop_12.mtx,fp16_lb,fp16_lb,controlled_lossy_value_specialized,ok,none,accuracy_pass_runtime_loss,0.0094,0.0091,1.414894,0.946809,,11784,14648,fp16,fp16,false,0,0,false,0,spmv_max_rel,SKIP
fpga_dcop_12.mtx,bf16_lb,bf16_lb,controlled_lossy_value_specialized,ok,none,accuracy_pass_runtime_loss,0.0094,0.0088,1.414894,0.946809,,11784,14648,bf16,bf16,false,0,0,false,0,spmv_max_rel,SKIP
fpga_dcop_12.mtx,bfp8_lb,bfp8_lb,controlled_lossy_value_specialized,ok,none,accuracy_pass_runtime_win,0.0088,0.0071,1.511364,1.011364,,9554,14648,bfp8,bfp8,false,0,0,false,0,spmv_max_rel,SKIP
fpga_dcop_12.mtx,bfp8_outlier_lb,bfp8_outlier_lb,controlled_lossy_value_specialized,ok,none,accuracy_pass_runtime_loss,0.0116,0.0104,1.146552,0.767241,,9874,14648,bfp8_outlier,bfp8_outlier,false,0,0,false,0,spmv_max_rel,SKIP
fpga_dcop_12.mtx,bfp4_lb,bfp4_lb,controlled_lossy_value_specialized,ok,none,accuracy_pass_runtime_loss,0.0144,0.0126,0.923611,0.618056,,6608,14648,bfp4,bfp4,false,0,0,false,0,spmv_max_rel,SKIP
fpga_dcop_12.mtx,hybrid_lb,hybrid_lb,structural_hybrid,ok,none,promoted_fallback,0.0074,0.0055,1.797297,1.202703,,47136,,original,raw_double,false,,,1,0,exact_abs_or_rel,SKIP
fpga_dcop_12.mtx,cusparse_default,cusparse_csr,external_baseline,ok,none,external_baseline,0.0133,0.0123,1.000000,0.669173,,47136,28452,original,original,false,,,true,0,exact_abs_or_rel,SKIP
fpga_dcop_20.mtx,original_lb,original_lb,load_balanced_traversal,ok,none,promoted_fallback,0.0083,0.0070,1.638554,1.000000,,47136,14648,original,original,false,0,0,true,0,exact_abs_or_rel,SKIP
fpga_dcop_20.mtx,auto_lossless_lb,original_lb,load_balanced_traversal,ok,none,promoted_fallback,0.0079,0.0068,1.721519,1.050633,,47136,14648,auto_lossless,original,true,3140,47136,true,0,exact_abs_or_rel,SKIP
fpga_dcop_20.mtx,fp16_lb,fp16_lb,controlled_lossy_value_specialized,ok,none,accuracy_pass_runtime_loss,0.0095,0.0088,1.431579,0.873684,,11784,14648,fp16,fp16,false,0,0,false,0,spmv_max_rel,SKIP
fpga_dcop_20.mtx,bf16_lb,bf16_lb,controlled_lossy_value_specialized,ok,none,accuracy_pass_runtime_loss,0.0100,0.0089,1.360000,0.830000,,11784,14648,bf16,bf16,false,0,0,false,0,spmv_max_rel,SKIP
fpga_dcop_20.mtx,bfp8_lb,bfp8_lb,controlled_lossy_value_specialized,ok,none,accuracy_pass_runtime_loss,0.0092,0.0084,1.478261,0.902174,,9554,14648,bfp8,bfp8,false,0,0,false,0,spmv_max_rel,SKIP
fpga_dcop_20.mtx,bfp8_outlier_lb,bfp8_outlier_lb,controlled_lossy_value_specialized,ok,none,accuracy_pass_runtime_loss,0.0116,0.0100,1.172414,0.715517,,9810,14648,bfp8_outlier,bfp8_outlier,false,0,0,false,0,spmv_max_rel,SKIP
fpga_dcop_20.mtx,bfp4_lb,bfp4_lb,controlled_lossy_value_specialized,ok,none,accuracy_pass_runtime_loss,0.0146,0.0127,0.931507,0.568493,,6608,14648,bfp4,bfp4,false,0,0,false,0,spmv_max_rel,SKIP
fpga_dcop_20.mtx,hybrid_lb,hybrid_lb,structural_hybrid,ok,none,promoted_fallback,0.0074,0.0058,1.837838,1.121622,,47136,,original,raw_double,false,,,1,0,exact_abs_or_rel,SKIP
fpga_dcop_20.mtx,cusparse_default,cusparse_csr,external_baseline,ok,none,external_baseline,0.0136,0.0120,1.000000,0.610294,,47136,28452,original,original,false,,,true,0,exact_abs_or_rel,SKIP
fpga_dcop_28.mtx,original_lb,original_lb,load_balanced_traversal,ok,none,promoted_fallback,0.0080,0.0070,1.712500,1.000000,,47136,14648,original,original,false,0,0,true,0,exact_abs_or_rel,SKIP
fpga_dcop_28.mtx,auto_lossless_lb,original_lb,load_balanced_traversal,ok,none,promoted_fallback,0.0082,0.0068,1.670732,0.975610,,47136,14648,auto_lossless,original,true,2903,47136,true,0,exact_abs_or_rel,SKIP
fpga_dcop_28.mtx,fp16_lb,fp16_lb,controlled_lossy_value_specialized,ok,none,accuracy_pass_runtime_loss,0.0096,0.0088,1.427083,0.833333,,11784,14648,fp16,fp16,false,0,0,false,0,spmv_max_rel,SKIP
fpga_dcop_28.mtx,bf16_lb,bf16_lb,controlled_lossy_value_specialized,ok,none,accuracy_pass_runtime_loss,0.0100,0.0092,1.370000,0.800000,,11784,14648,bf16,bf16,false,0,0,false,0,spmv_max_rel,SKIP
fpga_dcop_28.mtx,bfp8_lb,bfp8_lb,controlled_lossy_value_specialized,ok,none,accuracy_pass_runtime_loss,0.0087,0.0080,1.574713,0.919540,,9554,14648,bfp8,bfp8,false,0,0,false,0,spmv_max_rel,SKIP
fpga_dcop_28.mtx,bfp8_outlier_lb,bfp8_outlier_lb,controlled_lossy_value_specialized,ok,none,accuracy_pass_runtime_loss,0.0116,0.0095,1.181034,0.689655,,9810,14648,bfp8_outlier,bfp8_outlier,false,0,0,false,0,spmv_max_rel,SKIP
fpga_dcop_28.mtx,bfp4_lb,bfp4_lb,controlled_lossy_value_specialized,ok,none,accuracy_pass_runtime_loss,0.0146,0.0132,0.938356,0.547945,,6608,14648,bfp4,bfp4,false,0,0,false,0,spmv_max_rel,SKIP
fpga_dcop_28.mtx,hybrid_lb,hybrid_lb,structural_hybrid,ok,none,promoted_fallback,0.0074,0.0056,1.851351,1.081081,,47136,,original,raw_double,false,,,1,0,exact_abs_or_rel,SKIP
fpga_dcop_28.mtx,cusparse_default,cusparse_csr,external_baseline,ok,none,external_baseline,0.0137,0.0123,1.000000,0.583942,,47136,28452,original,original,false,,,true,0,exact_abs_or_rel,SKIP
fpga_dcop_36.mtx,original_lb,original_lb,load_balanced_traversal,ok,none,promoted_fallback,0.0080,0.0072,1.737500,1.000000,,47136,14648,original,original,false,0,0,true,0,exact_abs_or_rel,SKIP
fpga_dcop_36.mtx,auto_lossless_lb,original_lb,load_balanced_traversal,ok,none,promoted_fallback,0.0077,0.0064,1.805195,1.038961,,47136,14648,auto_lossless,original,true,1811,47136,true,0,exact_abs_or_rel,SKIP
fpga_dcop_36.mtx,fp16_lb,fp16_lb,controlled_lossy_value_specialized,ok,none,accuracy_pass_runtime_loss,0.0093,0.0086,1.494624,0.860215,,11784,14648,fp16,fp16,false,0,0,false,0,spmv_max_rel,SKIP
fpga_dcop_36.mtx,bf16_lb,bf16_lb,controlled_lossy_value_specialized,ok,none,accuracy_pass_runtime_loss,0.0092,0.0086,1.510870,0.869565,,11784,14648,bf16,bf16,false,0,0,false,0,spmv_max_rel,SKIP
fpga_dcop_36.mtx,bfp8_lb,bfp8_lb,controlled_lossy_value_specialized,ok,none,accuracy_pass_runtime_loss,0.0088,0.0080,1.579545,0.909091,,9554,14648,bfp8,bfp8,false,0,0,false,0,spmv_max_rel,SKIP
fpga_dcop_36.mtx,bfp8_outlier_lb,bfp8_outlier_lb,controlled_lossy_value_specialized,ok,none,accuracy_pass_runtime_loss,0.0113,0.0098,1.230088,0.707965,,9810,14648,bfp8_outlier,bfp8_outlier,false,0,0,false,0,spmv_max_rel,SKIP
fpga_dcop_36.mtx,bfp4_lb,bfp4_lb,controlled_lossy_value_specialized,ok,none,accuracy_pass_runtime_loss,0.0138,0.0125,1.007246,0.579710,,6608,14648,bfp4,bfp4,false,0,0,false,0,spmv_max_rel,SKIP
fpga_dcop_36.mtx,hybrid_lb,hybrid_lb,structural_hybrid,ok,none,promoted_fallback,0.0073,0.0051,1.904110,1.095890,,47136,,original,raw_double,false,,,1,0,exact_abs_or_rel,SKIP
fpga_dcop_36.mtx,cusparse_default,cusparse_csr,external_baseline,ok,none,external_baseline,0.0139,0.0123,1.000000,0.575540,,47136,28452,original,original,false,,,true,0,exact_abs_or_rel,SKIP
fpga_dcop_44.mtx,original_lb,original_lb,load_balanced_traversal,ok,none,promoted_fallback,0.0085,0.0073,1.623529,1.000000,,47136,14648,original,original,false,0,0,true,0,exact_abs_or_rel,SKIP
fpga_dcop_44.mtx,auto_lossless_lb,original_lb,load_balanced_traversal,ok,none,promoted_fallback,0.0077,0.0068,1.792208,1.103896,,47136,14648,auto_lossless,original,true,1193,47136,true,0,exact_abs_or_rel,SKIP
fpga_dcop_44.mtx,fp16_lb,fp16_lb,controlled_lossy_value_specialized,ok,none,accuracy_pass_runtime_loss,0.0093,0.0086,1.483871,0.913978,,11784,14648,fp16,fp16,false,0,0,false,0,spmv_max_rel,SKIP
fpga_dcop_44.mtx,bf16_lb,bf16_lb,controlled_lossy_value_specialized,ok,none,accuracy_pass_runtime_loss,0.0092,0.0084,1.500000,0.923913,,11784,14648,bf16,bf16,false,0,0,false,0,spmv_max_rel,SKIP
fpga_dcop_44.mtx,bfp8_lb,bfp8_lb,controlled_lossy_value_specialized,ok,none,accuracy_pass_runtime_loss,0.0087,0.0083,1.586207,0.977011,,9554,14648,bfp8,bfp8,false,0,0,false,0,spmv_max_rel,SKIP
fpga_dcop_44.mtx,bfp8_outlier_lb,bfp8_outlier_lb,controlled_lossy_value_specialized,ok,none,accuracy_pass_runtime_loss,0.0115,0.0103,1.200000,0.739130,,9810,14648,bfp8_outlier,bfp8_outlier,false,0,0,false,0,spmv_max_rel,SKIP
fpga_dcop_44.mtx,bfp4_lb,bfp4_lb,controlled_lossy_value_specialized,ok,none,accuracy_pass_runtime_loss,0.0145,0.0130,0.951724,0.586207,,6608,14648,bfp4,bfp4,false,0,0,false,0,spmv_max_rel,SKIP
fpga_dcop_44.mtx,hybrid_lb,hybrid_lb,structural_hybrid,ok,none,promoted_fallback,0.0074,0.0061,1.864865,1.148649,,47136,,original,raw_double,false,,,1,0,exact_abs_or_rel,SKIP
fpga_dcop_44.mtx,cusparse_default,cusparse_csr,external_baseline,ok,none,external_baseline,0.0138,0.0123,1.000000,0.615942,,47136,28452,original,original,false,,,true,0,exact_abs_or_rel,SKIP
fpga_trans_01.mtx,original_lb,original_lb,load_balanced_traversal,ok,none,promoted_fallback,0.0081,0.0066,1.666667,1.000000,,59056,18592,original,original,false,0,0,true,0,exact_abs_or_rel,SKIP
fpga_trans_01.mtx,auto_lossless_lb,original_lb,load_balanced_traversal,ok,none,promoted_fallback,0.0080,0.0069,1.687500,1.012500,,59056,18592,auto_lossless,original,true,1397,59056,true,0,exact_abs_or_rel,SKIP
fpga_trans_01.mtx,fp16_lb,fp16_lb,controlled_lossy_value_specialized,ok,none,accuracy_pass_runtime_loss,0.0094,0.0091,1.436170,0.861702,,14764,18592,fp16,fp16,false,0,0,false,0,spmv_max_rel,SKIP
fpga_trans_01.mtx,bf16_lb,bf16_lb,controlled_lossy_value_specialized,ok,none,accuracy_pass_runtime_loss,0.0099,0.0092,1.363636,0.818182,,14764,18592,bf16,bf16,false,0,0,false,0,spmv_max_rel,SKIP
fpga_trans_01.mtx,bfp8_lb,bfp8_lb,controlled_lossy_value_specialized,ok,none,accuracy_pass_runtime_loss,0.0087,0.0084,1.551724,0.931034,,12030,18592,bfp8,bfp8,false,0,0,false,0,spmv_max_rel,SKIP
fpga_trans_01.mtx,bfp8_outlier_lb,bfp8_outlier_lb,controlled_lossy_value_specialized,ok,none,accuracy_pass_runtime_loss,0.0116,0.0099,1.163793,0.698276,,12286,18592,bfp8_outlier,bfp8_outlier,false,0,0,false,0,spmv_max_rel,SKIP
fpga_trans_01.mtx,bfp4_lb,bfp4_lb,controlled_lossy_value_specialized,ok,none,accuracy_pass_runtime_loss,0.0138,0.0129,0.978261,0.586957,,8339,18592,bfp4,bfp4,false,0,0,false,0,spmv_max_rel,SKIP
fpga_trans_01.mtx,hybrid_lb,hybrid_lb,structural_hybrid,ok,none,promoted_fallback,0.0073,0.0056,1.849315,1.109589,,59056,,original,raw_double,false,,,1,0,exact_abs_or_rel,SKIP
fpga_trans_01.mtx,cusparse_default,cusparse_csr,external_baseline,ok,none,external_baseline,0.0135,0.0123,1.000000,0.600000,,59056,34412,original,original,false,,,true,0,exact_abs_or_rel,SKIP
freeFlyingRobot_1.mtx,original_lb,original_lb,load_balanced_traversal,ok,none,promoted_fallback,0.0084,0.0072,1.630952,1.000000,,41968,9320,original,original,false,0,0,true,0,exact_abs_or_rel,SKIP
freeFlyingRobot_1.mtx,auto_lossless_lb,original_lb,load_balanced_traversal,ok,none,promoted_fallback,0.0087,0.0074,1.574713,0.965517,,41968,9320,auto_lossless,original,true,1024,41968,true,0,exact_abs_or_rel,SKIP
freeFlyingRobot_1.mtx,fp16_lb,fp16_lb,controlled_lossy_value_specialized,ok,none,accuracy_pass_runtime_loss,0.0087,0.0077,1.574713,0.965517,,10492,9320,fp16,fp16,false,0,0,false,0,spmv_max_rel,SKIP
freeFlyingRobot_1.mtx,bf16_lb,bf16_lb,controlled_lossy_value_specialized,ok,none,accuracy_pass_runtime_loss,0.0089,0.0077,1.539326,0.943820,,10492,9320,bf16,bf16,false,0,0,false,0,spmv_max_rel,SKIP
freeFlyingRobot_1.mtx,bfp8_lb,bfp8_lb,controlled_lossy_value_specialized,ok,none,accuracy_pass_runtime_loss,0.0092,0.0084,1.489130,0.913043,,7576,9320,bfp8,bfp8,false,0,0,false,0,spmv_max_rel,SKIP
freeFlyingRobot_1.mtx,bfp8_outlier_lb,bfp8_outlier_lb,controlled_lossy_value_specialized,ok,none,accuracy_pass_runtime_loss,0.0113,0.0098,1.212389,0.743363,,7992,9320,bfp8_outlier,bfp8_outlier,false,0,0,false,0,spmv_max_rel,SKIP
freeFlyingRobot_1.mtx,bfp4_lb,bfp4_lb,controlled_lossy_value_specialized,ok,none,accuracy_pass_runtime_loss,0.0106,0.0086,1.292453,0.792453,,4953,9320,bfp4,bfp4,false,0,0,false,0,spmv_max_rel,SKIP
freeFlyingRobot_1.mtx,hybrid_lb,hybrid_lb,structural_hybrid,ok,none,promoted_fallback,0.0094,0.0078,1.457447,0.893617,,41968,,original,raw_double,false,,,1,0,exact_abs_or_rel,SKIP
freeFlyingRobot_1.mtx,cusparse_default,cusparse_csr,external_baseline,ok,none,external_baseline,0.0137,0.0123,1.000000,0.613139,,41968,24180,original,original,false,,,true,0,exact_abs_or_rel,SKIP
freeFlyingRobot_2.mtx,original_lb,original_lb,load_balanced_traversal,ok,none,promoted_fallback,0.0082,0.0069,1.670732,1.000000,,92800,15888,original,original,false,0,0,true,0,exact_abs_or_rel,SKIP
freeFlyingRobot_2.mtx,auto_lossless_lb,original_lb,load_balanced_traversal,ok,none,promoted_fallback,0.0075,0.0066,1.826667,1.093333,,92800,15888,auto_lossless,original,true,2424,92800,true,0,exact_abs_or_rel,SKIP
freeFlyingRobot_2.mtx,fp16_lb,fp16_lb,controlled_lossy_value_specialized,ok,none,accuracy_pass_runtime_loss,0.0082,0.0069,1.670732,1.000000,,23200,15888,fp16,fp16,false,0,0,false,0,spmv_max_rel,SKIP
freeFlyingRobot_2.mtx,bf16_lb,bf16_lb,controlled_lossy_value_specialized,ok,none,accuracy_pass_runtime_loss,0.0084,0.0070,1.630952,0.976190,,23200,15888,bf16,bf16,false,0,0,false,0,spmv_max_rel,SKIP
freeFlyingRobot_2.mtx,bfp8_lb,bfp8_lb,controlled_lossy_value_specialized,ok,none,accuracy_pass_runtime_loss,0.0093,0.0086,1.473118,0.881720,,15572,15888,bfp8,bfp8,false,0,0,false,0,spmv_max_rel,SKIP
freeFlyingRobot_2.mtx,bfp8_outlier_lb,bfp8_outlier_lb,controlled_lossy_value_specialized,ok,none,accuracy_pass_runtime_loss,0.0119,0.0100,1.151261,0.689076,,16484,15888,bfp8_outlier,bfp8_outlier,false,0,0,false,0,spmv_max_rel,SKIP
freeFlyingRobot_2.mtx,bfp4_lb,bfp4_lb,controlled_lossy_value_specialized,ok,none,accuracy_pass_runtime_loss,0.0112,0.0101,1.223214,0.732143,,9772,15888,bfp4,bfp4,false,0,0,false,0,spmv_max_rel,SKIP
freeFlyingRobot_2.mtx,hybrid_lb,hybrid_lb,structural_hybrid,ok,none,promoted_fallback,0.0072,0.0060,1.902778,1.138889,,92800,,original,raw_double,false,,,1,0,exact_abs_or_rel,SKIP
freeFlyingRobot_2.mtx,cusparse_default,cusparse_csr,external_baseline,ok,none,external_baseline,0.0137,0.0102,1.000000,0.598540,,92800,51756,original,original,false,,,true,0,exact_abs_or_rel,SKIP
fs_183_4.mtx,original_lb,original_lb,load_balanced_traversal,ok,none,promoted_fallback,0.0094,0.0071,1.234043,1.000000,,8552,2640,original,original,false,0,0,true,0,exact_abs_or_rel,SKIP
fs_183_4.mtx,auto_lossless_lb,original_lb,load_balanced_traversal,ok,none,promoted_fallback,0.0087,0.0072,1.333333,1.080460,,8552,2640,auto_lossless,original,true,817,8552,true,0,exact_abs_or_rel,SKIP
fs_183_4.mtx,fp16_lb,fp16_lb,controlled_lossy_value_specialized,ok,none,accuracy_pass_runtime_win,0.0079,0.0067,1.468354,1.189873,,2138,2640,fp16,fp16,false,0,0,false,0,spmv_max_rel,SKIP
fs_183_4.mtx,bf16_lb,bf16_lb,controlled_lossy_value_specialized,ok,none,accuracy_pass_runtime_win,0.0078,0.0069,1.487179,1.205128,,2138,2640,bf16,bf16,false,0,0,false,0,spmv_max_rel,SKIP
fs_183_4.mtx,bfp8_lb,bfp8_lb,controlled_lossy_value_specialized,ok,none,accuracy_pass_runtime_win,0.0092,0.0086,1.260870,1.021739,,1729,2640,bfp8,bfp8,false,0,0,false,0,spmv_max_rel,SKIP
fs_183_4.mtx,bfp8_outlier_lb,bfp8_outlier_lb,controlled_lossy_value_specialized,ok,none,accuracy_pass_runtime_loss,0.0112,0.0100,1.035714,0.839286,,1809,2640,bfp8_outlier,bfp8_outlier,false,0,0,false,0,spmv_max_rel,SKIP
fs_183_4.mtx,bfp4_lb,bfp4_lb,controlled_lossy_value_specialized,ok,none,accuracy_pass_runtime_loss,0.0115,0.0105,1.008696,0.817391,,1195,2640,bfp4,bfp4,false,0,0,false,0,spmv_max_rel,SKIP
fs_183_4.mtx,hybrid_lb,hybrid_lb,structural_hybrid,ok,none,promoted_fallback,0.0076,0.0064,1.526316,1.236842,,8552,,original,raw_double,false,,,1,0,exact_abs_or_rel,SKIP
fs_183_4.mtx,cusparse_default,cusparse_csr,external_baseline,ok,none,external_baseline,0.0116,0.0082,1.000000,0.810345,,8552,5012,original,original,false,,,true,0,exact_abs_or_rel,SKIP
fs_680_3.mtx,original_lb,original_lb,load_balanced_traversal,ok,none,promoted_fallback,0.0070,0.0054,1.785714,1.000000,,19768,4464,original,original,false,0,0,true,0,exact_abs_or_rel,SKIP
fs_680_3.mtx,auto_lossless_lb,original_lb,load_balanced_traversal,ok,none,promoted_fallback,0.0067,0.0050,1.865672,1.044776,,19768,4464,auto_lossless,original,true,1938,19768,true,0,exact_abs_or_rel,SKIP
fs_680_3.mtx,fp16_lb,fp16_lb,controlled_lossy_value_specialized,ok,none,accuracy_pass_runtime_loss,0.0073,0.0054,1.712329,0.958904,,4942,4464,fp16,fp16,false,0,0,false,0,spmv_max_rel,SKIP
fs_680_3.mtx,bf16_lb,bf16_lb,controlled_lossy_value_specialized,ok,none,accuracy_pass_runtime_loss,0.0075,0.0061,1.666667,0.933333,,4942,4464,bf16,bf16,false,0,0,false,0,spmv_max_rel,SKIP
fs_680_3.mtx,bfp8_lb,bfp8_lb,controlled_lossy_value_specialized,ok,none,accuracy_pass_runtime_loss,0.0072,0.0052,1.736111,0.972222,,3587,4464,bfp8,bfp8,false,0,0,false,0,spmv_max_rel,SKIP
fs_680_3.mtx,bfp8_outlier_lb,bfp8_outlier_lb,controlled_lossy_value_specialized,ok,none,accuracy_pass_runtime_loss,0.0091,0.0077,1.373626,0.769231,,3779,4464,bfp8_outlier,bfp8_outlier,false,0,0,false,0,spmv_max_rel,SKIP
fs_680_3.mtx,bfp4_lb,bfp4_lb,controlled_lossy_value_specialized,ok,none,accuracy_pass_runtime_loss,0.0088,0.0073,1.420455,0.795455,,2352,4464,bfp4,bfp4,false,0,0,false,0,spmv_max_rel,SKIP
fs_680_3.mtx,hybrid_lb,hybrid_lb,structural_hybrid,ok,none,promoted_fallback,0.0072,0.0051,1.736111,0.972222,,19768,,original,raw_double,false,,,1,0,exact_abs_or_rel,SKIP
fs_680_3.mtx,cusparse_default,cusparse_csr,external_baseline,ok,none,external_baseline,0.0125,0.0102,1.000000,0.560000,,19768,12608,original,original,false,,,true,0,exact_abs_or_rel,SKIP
fxm3_6.mtx,original_lb,original_lb,load_balanced_traversal,ok,none,promoted_fallback,0.0089,0.0081,1.471910,1.000000,,461776,125320,original,original,false,0,0,true,0,exact_abs_or_rel,SKIP
fxm3_6.mtx,auto_lossless_lb,original_lb,load_balanced_traversal,ok,none,promoted_fallback,0.0152,0.0139,0.861842,0.585526,,461776,125320,auto_lossless,original,true,967,461776,true,0,exact_abs_or_rel,SKIP
fxm3_6.mtx,fp16_lb,fp16_lb,controlled_lossy_value_specialized,ok,none,accuracy_pass_runtime_loss,0.0095,0.0085,1.378947,0.936842,,115444,125320,fp16,fp16,false,0,0,false,0,spmv_max_rel,SKIP
fxm3_6.mtx,bf16_lb,bf16_lb,controlled_lossy_value_specialized,ok,none,accuracy_pass_runtime_loss,0.0091,0.0084,1.439560,0.978022,,115444,125320,bf16,bf16,false,0,0,false,0,spmv_max_rel,SKIP
fxm3_6.mtx,bfp8_lb,bfp8_lb,controlled_lossy_value_specialized,ok,none,accuracy_pass_runtime_loss,0.0097,0.0090,1.350515,0.917526,,89052,125320,bfp8,bfp8,false,0,0,false,0,spmv_max_rel,SKIP
fxm3_6.mtx,bfp8_outlier_lb,bfp8_outlier_lb,controlled_lossy_value_specialized,ok,none,accuracy_pass_runtime_loss,0.0116,0.0091,1.129310,0.767241,,92508,125320,bfp8_outlier,bfp8_outlier,false,0,0,false,0,spmv_max_rel,SKIP
fxm3_6.mtx,bfp4_lb,bfp4_lb,controlled_lossy_value_specialized,ok,none,accuracy_pass_runtime_loss,0.0133,0.0124,0.984962,0.669173,,60191,125320,bfp4,bfp4,false,0,0,false,0,spmv_max_rel,SKIP
fxm3_6.mtx,hybrid_lb,hybrid_lb,structural_hybrid,ok,none,promoted_fallback,0.0084,0.0077,1.559524,1.059524,,461776,,original,raw_double,false,,,1,0,exact_abs_or_rel,SKIP
fxm3_6.mtx,cusparse_default,cusparse_csr,external_baseline,ok,none,external_baseline,0.0131,0.0123,1.000000,0.679389,,461776,255692,original,original,false,,,true,0,exact_abs_or_rel,SKIP
g7jac020.mtx,original_lb,original_lb,load_balanced_traversal,ok,none,promoted_fallback,0.0089,0.0076,1.629213,1.000000,,340544,124096,original,original,false,0,0,true,0,exact_abs_or_rel,SKIP
g7jac020.mtx,auto_lossless_lb,original_lb,load_balanced_traversal,ok,none,promoted_fallback,0.0094,0.0078,1.542553,0.946809,,340544,124096,auto_lossless,original,true,24278,340544,true,0,exact_abs_or_rel,SKIP
g7jac020.mtx,fp16_lb,fp16_lb,controlled_lossy_value_specialized,ok,none,accuracy_pass_runtime_loss,0.0096,0.0074,1.510417,0.927083,,85136,124096,fp16,fp16,false,0,0,false,0,spmv_max_rel,SKIP
g7jac020.mtx,bf16_lb,bf16_lb,controlled_lossy_value_specialized,ok,none,accuracy_pass_runtime_win,0.0085,0.0075,1.705882,1.047059,,85136,124096,bf16,bf16,false,0,0,false,0,spmv_max_rel,SKIP
g7jac020.mtx,bfp8_lb,bfp8_lb,controlled_lossy_value_specialized,ok,none,accuracy_pass_runtime_loss,0.0098,0.0085,1.479592,0.908163,,73592,124096,bfp8,bfp8,false,0,0,false,0,spmv_max_rel,SKIP
g7jac020.mtx,bfp8_outlier_lb,bfp8_outlier_lb,controlled_lossy_value_specialized,ok,none,accuracy_pass_runtime_loss,0.0123,0.0102,1.178862,0.723577,,76984,124096,bfp8_outlier,bfp8_outlier,false,0,0,false,0,spmv_max_rel,SKIP
g7jac020.mtx,bfp4_lb,bfp4_lb,controlled_lossy_value_specialized,ok,none,accuracy_pass_runtime_loss,0.0134,0.0123,1.082090,0.664179,,52308,124096,bfp4,bfp4,false,0,0,false,0,spmv_max_rel,SKIP
g7jac020.mtx,hybrid_lb,hybrid_lb,structural_hybrid,ok,none,promoted_fallback,0.0074,0.0065,1.959459,1.202703,,340544,,original,raw_double,false,,,1,0,exact_abs_or_rel,SKIP
g7jac020.mtx,cusparse_default,cusparse_csr,external_baseline,ok,none,external_baseline,0.0145,0.0123,1.000000,0.613793,,340544,193676,original,original,false,,,true,0,exact_abs_or_rel,SKIP
ge.mtx,original_lb,original_lb,load_balanced_traversal,ok,none,promoted_fallback,0.0096,0.0084,1.583333,1.000000,,358600,264960,original,original,false,0,0,true,0,exact_abs_or_rel,SKIP
ge.mtx,auto_lossless_lb,original_lb,load_balanced_traversal,ok,none,promoted_fallback,0.0098,0.0081,1.551020,0.979592,,358600,264960,auto_lossless,original,true,1039,358600,true,0,exact_abs_or_rel,SKIP
ge.mtx,fp16_lb,fp16_lb,controlled_lossy_value_specialized,ok,none,accuracy_pass_runtime_loss,0.0102,0.0092,1.490196,0.941176,,89650,264960,fp16,fp16,false,0,0,false,0,spmv_max_rel,SKIP
ge.mtx,bf16_lb,bf16_lb,controlled_lossy_value_specialized,ok,none,accuracy_pass_runtime_loss,0.0103,0.0092,1.475728,0.932039,,89650,264960,bf16,bf16,false,0,0,false,0,spmv_max_rel,SKIP
ge.mtx,bfp8_lb,bfp8_lb,controlled_lossy_value_specialized,ok,none,accuracy_pass_runtime_loss,0.0106,0.0091,1.433962,0.905660,,111065,264960,bfp8,bfp8,false,0,0,false,0,spmv_max_rel,SKIP
ge.mtx,bfp8_outlier_lb,bfp8_outlier_lb,controlled_lossy_value_specialized,ok,none,accuracy_pass_runtime_loss,0.0120,0.0106,1.266667,0.800000,,114585,264960,bfp8_outlier,bfp8_outlier,false,0,0,false,0,spmv_max_rel,SKIP
ge.mtx,bfp4_lb,bfp4_lb,controlled_lossy_value_specialized,ok,none,accuracy_pass_runtime_loss,0.0141,0.0126,1.078014,0.680851,,88653,264960,bfp4,bfp4,false,0,0,false,0,spmv_max_rel,SKIP
ge.mtx,hybrid_lb,hybrid_lb,structural_hybrid,ok,none,promoted_fallback,0.0081,0.0069,1.876543,1.185185,,358600,,original,raw_double,false,,,1,0,exact_abs_or_rel,SKIP
ge.mtx,cusparse_default,cusparse_csr,external_baseline,ok,none,external_baseline,0.0152,0.0123,1.000000,0.631579,,358600,219700,original,original,false,,,true,0,exact_abs_or_rel,SKIP
goddardRocketProblem_1.mtx,original_lb,original_lb,load_balanced_traversal,ok,none,promoted_fallback,0.0093,0.0076,1.397849,1.000000,,67984,11136,original,original,false,0,0,true,0,exact_abs_or_rel,SKIP
goddardRocketProblem_1.mtx,auto_lossless_lb,original_lb,load_balanced_traversal,ok,none,promoted_fallback,0.0085,0.0066,1.529412,1.094118,,67984,11136,auto_lossless,original,true,2778,67984,true,0,exact_abs_or_rel,SKIP
goddardRocketProblem_1.mtx,fp16_lb,fp16_lb,controlled_lossy_value_specialized,ok,none,accuracy_pass_runtime_win,0.0081,0.0071,1.604938,1.148148,,16996,11136,fp16,fp16,false,0,0,false,0,spmv_max_rel,SKIP
goddardRocketProblem_1.mtx,bf16_lb,bf16_lb,controlled_lossy_value_specialized,ok,none,accuracy_pass_runtime_win,0.0082,0.0070,1.585366,1.134146,,16996,11136,bf16,bf16,false,0,0,false,0,spmv_max_rel,SKIP
goddardRocketProblem_1.mtx,bfp8_lb,bfp8_lb,controlled_lossy_value_specialized,ok,none,accuracy_pass_runtime_loss,0.0103,0.0092,1.262136,0.902913,,11282,11136,bfp8,bfp8,false,0,0,false,0,spmv_max_rel,SKIP
goddardRocketProblem_1.mtx,bfp8_outlier_lb,bfp8_outlier_lb,controlled_lossy_value_specialized,ok,none,accuracy_pass_runtime_loss,0.0116,0.0096,1.120690,0.801724,,11938,11136,bfp8_outlier,bfp8_outlier,false,0,0,false,0,spmv_max_rel,SKIP
goddardRocketProblem_1.mtx,bfp4_lb,bfp4_lb,controlled_lossy_value_specialized,ok,none,accuracy_pass_runtime_loss,0.0145,0.0130,0.896552,0.641379,,7033,11136,bfp4,bfp4,false,0,0,false,0,spmv_max_rel,SKIP
goddardRocketProblem_1.mtx,hybrid_lb,hybrid_lb,structural_hybrid,ok,none,promoted_fallback,0.0117,0.0096,1.111111,0.794872,,67984,,original,raw_double,false,,,1,0,exact_abs_or_rel,SKIP
goddardRocketProblem_1.mtx,cusparse_default,cusparse_csr,external_baseline,ok,none,external_baseline,0.0130,0.0102,1.000000,0.715385,,67984,37320,original,original,false,,,true,0,exact_abs_or_rel,SKIP
gr_30_30.mtx,original_lb,original_lb,load_balanced_traversal,ok,none,promoted_fallback,0.0058,0.0048,2.724138,1.000000,,61952,8704,original,original,false,0,0,true,0,exact_abs_or_rel,SKIP
gr_30_30.mtx,auto_lossless_lb,dict2_lb,lossless_value_specialized,ok,none,accuracy_pass_runtime_loss,0.0074,0.0056,2.135135,0.783784,,4368,8704,auto_lossless,dict2,true,2,4368,true,2,exact_abs_or_rel,SKIP
gr_30_30.mtx,fp16_lb,fp16_lb,controlled_lossy_value_specialized,ok,none,accuracy_pass_runtime_loss,0.0069,0.0047,2.289855,0.840580,,15488,8704,fp16,fp16,false,0,0,false,0,spmv_max_rel,SKIP
gr_30_30.mtx,bf16_lb,bf16_lb,controlled_lossy_value_specialized,ok,none,accuracy_pass_runtime_loss,0.0065,0.0049,2.430769,0.892308,,15488,8704,bf16,bf16,false,0,0,false,0,spmv_max_rel,SKIP
gr_30_30.mtx,bfp8_lb,bfp8_lb,controlled_lossy_value_specialized,ok,none,accuracy_pass_runtime_loss,0.0071,0.0065,2.225352,0.816901,,9920,8704,bfp8,bfp8,false,0,0,false,0,spmv_max_rel,SKIP
gr_30_30.mtx,bfp8_outlier_lb,bfp8_outlier_lb,controlled_lossy_value_specialized,ok,none,accuracy_pass_runtime_loss,0.0070,0.0054,2.257143,0.828571,,9920,8704,bfp8_outlier,bfp8_outlier,false,0,0,false,0,spmv_max_rel,SKIP
gr_30_30.mtx,bfp4_lb,bfp4_lb,controlled_lossy_value_specialized,ok,none,accuracy_pass_runtime_loss,0.0070,0.0059,2.257143,0.828571,,6048,8704,bfp4,bfp4,false,0,0,false,0,spmv_max_rel,SKIP
gr_30_30.mtx,hybrid_lb,hybrid_lb,structural_hybrid,ok,none,promoted_fallback,0.0075,0.0055,2.106667,0.773333,,61952,,original,raw_double,false,,,1,0,exact_abs_or_rel,SKIP
gr_30_30.mtx,cusparse_default,cusparse_csr,external_baseline,ok,none,external_baseline,0.0158,0.0123,1.000000,0.367089,,61952,34580,original,original,false,,,true,0,exact_abs_or_rel,SKIP
grid1_dual.mtx,original_lb,original_lb,load_balanced_traversal,ok,none,promoted_fallback,0.0064,0.0054,1.812500,1.000000,,6720,2360,original,original,false,0,0,true,0,exact_abs_or_rel,SKIP
grid1_dual.mtx,auto_lossless_lb,all_one_lb,lossless_value_specialized,ok,none,accuracy_pass_runtime_loss,0.0078,0.0067,1.487179,0.820513,,0,2360,auto_lossless,all_one,true,1,0,true,0,exact_abs_or_rel,SKIP
grid1_dual.mtx,fp16_lb,fp16_lb,controlled_lossy_value_specialized,ok,none,accuracy_pass_runtime_loss,0.0078,0.0058,1.487179,0.820513,,1680,2360,fp16,fp16,false,0,0,false,0,spmv_max_rel,SKIP
grid1_dual.mtx,bf16_lb,bf16_lb,controlled_lossy_value_specialized,ok,none,accuracy_pass_runtime_loss,0.0079,0.0061,1.468354,0.810127,,1680,2360,bf16,bf16,false,0,0,false,0,spmv_max_rel,SKIP
grid1_dual.mtx,bfp8_lb,bfp8_lb,controlled_lossy_value_specialized,ok,none,accuracy_pass_runtime_loss,0.0073,0.0066,1.589041,0.876712,,1430,2360,bfp8,bfp8,false,0,0,false,0,spmv_max_rel,SKIP
grid1_dual.mtx,bfp8_outlier_lb,bfp8_outlier_lb,controlled_lossy_value_specialized,ok,none,accuracy_pass_runtime_loss,0.0082,0.0066,1.414634,0.780488,,1430,2360,bfp8_outlier,bfp8_outlier,false,0,0,false,0,spmv_max_rel,SKIP
grid1_dual.mtx,bfp4_lb,bfp4_lb,controlled_lossy_value_specialized,ok,none,accuracy_pass_runtime_loss,0.0084,0.0067,1.380952,0.761905,,1010,2360,bfp4,bfp4,false,0,0,false,0,spmv_max_rel,SKIP
grid1_dual.mtx,hybrid_lb,hybrid_lb,structural_hybrid,ok,none,promoted_fallback,0.0060,0.0050,1.933333,1.066667,,6720,,original,raw_double,false,,,1,0,exact_abs_or_rel,SKIP
grid1_dual.mtx,cusparse_default,cusparse_csr,external_baseline,ok,none,external_baseline,0.0116,0.0096,1.000000,0.551724,,6720,4260,original,original,false,,,true,0,exact_abs_or_rel,SKIP
heart3.mtx,original_lb,original_lb,load_balanced_traversal,ok,none,promoted_fallback,0.0094,0.0088,1.393617,1.000000,,5442728,236352,original,original,false,0,0,true,0,exact_abs_or_rel,SKIP
heart3.mtx,auto_lossless_lb,original_lb,load_balanced_traversal,ok,none,promoted_fallback,0.0088,0.0072,1.488636,1.068182,,5442728,236352,auto_lossless,original,true,680341,5442728,true,0,exact_abs_or_rel,SKIP
heart3.mtx,fp16_lb,fp16_lb,controlled_lossy_value_specialized,ok,none,accuracy_pass_runtime_loss,0.0094,0.0081,1.393617,1.000000,,1360682,236352,fp16,fp16,false,0,0,false,0,spmv_max_rel,SKIP
heart3.mtx,bf16_lb,bf16_lb,controlled_lossy_value_specialized,ok,none,accuracy_pass_runtime_loss,0.0094,0.0085,1.393617,1.000000,,1360682,236352,bf16,bf16,false,0,0,false,0,spmv_max_rel,SKIP
heart3.mtx,bfp8_lb,bfp8_lb,controlled_lossy_value_specialized,ok,none,accuracy_pass_runtime_loss,0.0095,0.0085,1.378947,0.989474,,739429,236352,bfp8,bfp8,false,0,0,false,0,spmv_max_rel,SKIP
heart3.mtx,bfp8_outlier_lb,bfp8_outlier_lb,controlled_lossy_value_specialized,ok,none,accuracy_pass_runtime_loss,0.0120,0.0100,1.091667,0.783333,,793845,236352,bfp8_outlier,bfp8_outlier,false,0,0,false,0,spmv_max_rel,SKIP
heart3.mtx,bfp4_lb,bfp4_lb,controlled_lossy_value_specialized,ok,none,accuracy_pass_runtime_loss,0.0152,0.0137,0.861842,0.618421,,399259,236352,bfp4,bfp4,false,0,0,false,0,spmv_max_rel,SKIP
heart3.mtx,hybrid_lb,hybrid_lb,structural_hybrid,ok,none,promoted_fallback,0.0157,0.0148,0.834395,0.598726,,5442728,,original,raw_double,false,,,1,0,exact_abs_or_rel,SKIP
heart3.mtx,cusparse_default,cusparse_csr,external_baseline,ok,none,external_baseline,0.0131,0.0102,1.000000,0.717557,,5442728,2730724,original,original,false,,,true,0,exact_abs_or_rel,SKIP
hor_131.mtx,original_lb,original_lb,load_balanced_traversal,ok,none,promoted_fallback,0.0079,0.0066,1.607595,1.000000,,33456,7448,original,original,false,0,0,true,0,exact_abs_or_rel,SKIP
hor_131.mtx,auto_lossless_lb,original_lb,load_balanced_traversal,ok,none,promoted_fallback,0.0077,0.0074,1.649351,1.025974,,33456,7448,auto_lossless,original,true,1553,33456,true,0,exact_abs_or_rel,SKIP
hor_131.mtx,fp16_lb,fp16_lb,controlled_lossy_value_specialized,ok,none,accuracy_pass_runtime_loss,0.0080,0.0064,1.587500,0.987500,,8364,7448,fp16,fp16,false,0,0,false,0,spmv_max_rel,SKIP
hor_131.mtx,bf16_lb,bf16_lb,controlled_lossy_value_specialized,ok,none,accuracy_pass_runtime_win,0.0074,0.0066,1.716216,1.067568,,8364,7448,bf16,bf16,false,0,0,false,0,spmv_max_rel,SKIP
hor_131.mtx,bfp8_lb,bfp8_lb,controlled_lossy_value_specialized,ok,none,accuracy_pass_runtime_win,0.0071,0.0064,1.788732,1.112676,,6044,7448,bfp8,bfp8,false,0,0,false,0,spmv_max_rel,SKIP
hor_131.mtx,bfp8_outlier_lb,bfp8_outlier_lb,controlled_lossy_value_specialized,ok,none,accuracy_pass_runtime_loss,0.0097,0.0082,1.309278,0.814433,,6364,7448,bfp8_outlier,bfp8_outlier,false,0,0,false,0,spmv_max_rel,SKIP
hor_131.mtx,bfp4_lb,bfp4_lb,controlled_lossy_value_specialized,ok,none,accuracy_pass_runtime_loss,0.0095,0.0087,1.336842,0.831579,,3953,7448,bfp4,bfp4,false,0,0,false,0,spmv_max_rel,SKIP
hor_131.mtx,hybrid_lb,hybrid_lb,structural_hybrid,ok,none,promoted_fallback,0.0077,0.0061,1.649351,1.025974,,33456,,original,raw_double,false,,,1,0,exact_abs_or_rel,SKIP
hor_131.mtx,cusparse_default,cusparse_csr,external_baseline,ok,none,external_baseline,0.0127,0.0102,1.000000,0.622047,,33456,18468,original,original,false,,,true,0,exact_abs_or_rel,SKIP
hugebubbles-00020.mtx,original_lb,original_lb,load_balanced_traversal,ok,none,promoted_fallback,1.9732,1.9716,0.655534,1.000000,,508642864,316537512,original,original,false,0,0,true,0,exact_abs_or_rel,SKIP
hugebubbles-00020.mtx,auto_lossless_lb,all_one_lb,lossless_value_specialized,ok,none,accuracy_pass_runtime_win,1.8424,1.8409,0.702073,1.070994,,0,316537512,auto_lossless,all_one,true,1,0,true,0,exact_abs_or_rel,SKIP
hugebubbles-00020.mtx,fp16_lb,fp16_lb,controlled_lossy_value_specialized,ok,none,accuracy_pass_runtime_win,1.7500,1.7481,0.739143,1.127543,,127160716,316537512,fp16,fp16,false,0,0,false,0,spmv_max_rel,SKIP
hugebubbles-00020.mtx,bf16_lb,bf16_lb,controlled_lossy_value_specialized,ok,none,accuracy_pass_runtime_win,1.7500,1.7482,0.739143,1.127543,,127160716,316537512,bf16,bf16,false,0,0,false,0,spmv_max_rel,SKIP
hugebubbles-00020.mtx,bfp8_lb,bfp8_lb,controlled_lossy_value_specialized,ok,none,accuracy_pass_runtime_win,1.7980,1.7967,0.719410,1.097442,,142714736,316537512,bfp8,bfp8,false,0,0,false,0,spmv_max_rel,SKIP
hugebubbles-00020.mtx,bfp8_outlier_lb,bfp8_outlier_lb,controlled_lossy_value_specialized,ok,none,accuracy_pass_runtime_win,1.7980,1.7964,0.719410,1.097442,,142714736,316537512,bfp8_outlier,bfp8_outlier,false,0,0,false,0,spmv_max_rel,SKIP
hugebubbles-00020.mtx,bfp4_lb,bfp4_lb,controlled_lossy_value_specialized,ok,none,accuracy_pass_runtime_loss,2.2324,2.2313,0.579421,0.883892,,110924557,316537512,bfp4,bfp4,false,0,0,false,0,spmv_max_rel,SKIP
hugebubbles-00020.mtx,hybrid_lb,hybrid_lb,structural_hybrid,ok,none,promoted_fallback,1.3059,1.3039,0.990505,1.510989,,508642864,,original,raw_double,false,,,1,0,exact_abs_or_rel,SKIP
hugebubbles-00020.mtx,cusparse_default,cusparse_csr,external_baseline,ok,none,external_baseline,1.2935,1.2910,1.000000,1.525474,,508642864,339113912,original,original,false,,,true,0,exact_abs_or_rel,SKIP
hydr1.mtx,original_lb,original_lb,load_balanced_traversal,ok,none,promoted_fallback,0.0073,0.0067,2.000000,1.000000,,181440,55624,original,original,false,0,0,true,0,exact_abs_or_rel,SKIP
hydr1.mtx,auto_lossless_lb,original_lb,load_balanced_traversal,ok,none,promoted_fallback,0.0075,0.0069,1.946667,0.973333,,181440,55624,auto_lossless,original,true,10534,181440,true,0,exact_abs_or_rel,SKIP
hydr1.mtx,fp16_lb,fp16_lb,controlled_lossy_value_specialized,ok,none,accuracy_pass_runtime_loss,0.0082,0.0072,1.780488,0.890244,,45360,55624,fp16,fp16,false,0,0,false,0,spmv_max_rel,SKIP
hydr1.mtx,bf16_lb,bf16_lb,controlled_lossy_value_specialized,ok,none,accuracy_pass_runtime_loss,0.0082,0.0070,1.780488,0.890244,,45360,55624,bf16,bf16,false,0,0,false,0,spmv_max_rel,SKIP
hydr1.mtx,bfp8_lb,bfp8_lb,controlled_lossy_value_specialized,ok,none,accuracy_pass_runtime_loss,0.0080,0.0062,1.825000,0.912500,,36586,55624,bfp8,bfp8,false,0,0,false,0,spmv_max_rel,SKIP
hydr1.mtx,bfp8_outlier_lb,bfp8_outlier_lb,controlled_lossy_value_specialized,ok,none,accuracy_pass_runtime_loss,0.0102,0.0077,1.431373,0.715686,,38394,55624,bfp8_outlier,bfp8_outlier,false,0,0,false,0,spmv_max_rel,SKIP
hydr1.mtx,bfp4_lb,bfp4_lb,controlled_lossy_value_specialized,ok,none,accuracy_pass_runtime_loss,0.0087,0.0073,1.678161,0.839080,,25246,55624,bfp4,bfp4,false,0,0,false,0,spmv_max_rel,SKIP
hydr1.mtx,hybrid_lb,hybrid_lb,structural_hybrid,ok,none,promoted_fallback,0.0067,0.0046,2.179104,1.089552,,181440,,original,raw_double,false,,,1,0,exact_abs_or_rel,SKIP
hydr1.mtx,cusparse_default,cusparse_csr,external_baseline,ok,none,external_baseline,0.0146,0.0123,1.000000,0.500000,,181440,111956,original,original,false,,,true,0,exact_abs_or_rel,SKIP
hydr1c_A_07.mtx,original_lb,original_lb,load_balanced_traversal,ok,none,promoted_fallback,0.0079,0.0055,1.873418,1.000000,,183320,55736,original,original,false,0,0,true,0,exact_abs_or_rel,SKIP
hydr1c_A_07.mtx,auto_lossless_lb,original_lb,load_balanced_traversal,ok,none,promoted_fallback,0.0082,0.0071,1.804878,0.963415,,183320,55736,auto_lossless,original,true,11988,183320,true,0,exact_abs_or_rel,SKIP
hydr1c_A_07.mtx,fp16_lb,fp16_lb,controlled_lossy_value_specialized,ok,none,accuracy_pass_runtime_loss,0.0079,0.0072,1.873418,1.000000,,45830,55736,fp16,fp16,false,0,0,false,0,spmv_max_rel,SKIP
hydr1c_A_07.mtx,bf16_lb,bf16_lb,controlled_lossy_value_specialized,ok,none,accuracy_pass_runtime_loss,0.0085,0.0075,1.741176,0.929412,,45830,55736,bf16,bf16,false,0,0,false,0,spmv_max_rel,SKIP
hydr1c_A_07.mtx,bfp8_lb,bfp8_lb,controlled_lossy_value_specialized,ok,none,accuracy_pass_runtime_loss,0.0085,0.0077,1.741176,0.929412,,36849,55736,bfp8,bfp8,false,0,0,false,0,spmv_max_rel,SKIP
hydr1c_A_07.mtx,bfp8_outlier_lb,bfp8_outlier_lb,controlled_lossy_value_specialized,ok,none,accuracy_pass_runtime_loss,0.0096,0.0081,1.541667,0.822917,,38673,55736,bfp8_outlier,bfp8_outlier,false,0,0,false,0,spmv_max_rel,SKIP
hydr1c_A_07.mtx,bfp4_lb,bfp4_lb,controlled_lossy_value_specialized,ok,none,accuracy_pass_runtime_win,0.0078,0.0068,1.897436,1.012821,,25392,55736,bfp4,bfp4,false,0,0,false,0,spmv_max_rel,SKIP
hydr1c_A_07.mtx,hybrid_lb,hybrid_lb,structural_hybrid,ok,none,promoted_fallback,0.0070,0.0053,2.114286,1.128571,,183320,,original,raw_double,false,,,1,0,exact_abs_or_rel,SKIP
hydr1c_A_07.mtx,cusparse_default,cusparse_csr,external_baseline,ok,none,external_baseline,0.0148,0.0123,1.000000,0.533784,,183320,112896,original,original,false,,,true,0,exact_abs_or_rel,SKIP
hydr1c_A_15.mtx,original_lb,original_lb,load_balanced_traversal,ok,none,promoted_fallback,0.0079,0.0058,1.835443,1.000000,,156024,46888,original,original,false,0,0,true,0,exact_abs_or_rel,SKIP
hydr1c_A_15.mtx,auto_lossless_lb,original_lb,load_balanced_traversal,ok,none,promoted_fallback,0.0078,0.0067,1.858974,1.012821,,156024,46888,auto_lossless,original,true,9058,156024,true,0,exact_abs_or_rel,SKIP
hydr1c_A_15.mtx,fp16_lb,fp16_lb,controlled_lossy_value_specialized,ok,none,accuracy_pass_runtime_win,0.0072,0.0052,2.013889,1.097222,,39006,46888,fp16,fp16,false,0,0,false,0,spmv_max_rel,SKIP
hydr1c_A_15.mtx,bf16_lb,bf16_lb,controlled_lossy_value_specialized,ok,none,accuracy_pass_runtime_win,0.0074,0.0062,1.959459,1.067568,,39006,46888,bf16,bf16,false,0,0,false,0,spmv_max_rel,SKIP
hydr1c_A_15.mtx,bfp8_lb,bfp8_lb,controlled_lossy_value_specialized,ok,none,accuracy_pass_runtime_win,0.0067,0.0051,2.164179,1.179104,,31225,46888,bfp8,bfp8,false,0,0,false,0,spmv_max_rel,SKIP
hydr1c_A_15.mtx,bfp8_outlier_lb,bfp8_outlier_lb,controlled_lossy_value_specialized,ok,none,accuracy_pass_runtime_loss,0.0092,0.0073,1.576087,0.858696,,32777,46888,bfp8_outlier,bfp8_outlier,false,0,0,false,0,spmv_max_rel,SKIP
hydr1c_A_15.mtx,bfp4_lb,bfp4_lb,controlled_lossy_value_specialized,ok,none,accuracy_pass_runtime_win,0.0073,0.0065,1.986301,1.082192,,21474,46888,bfp4,bfp4,false,0,0,false,0,spmv_max_rel,SKIP
hydr1c_A_15.mtx,hybrid_lb,hybrid_lb,structural_hybrid,ok,none,promoted_fallback,0.0071,0.0052,2.042254,1.112676,,156024,,original,raw_double,false,,,1,0,exact_abs_or_rel,SKIP
hydr1c_A_15.mtx,cusparse_default,cusparse_csr,external_baseline,ok,none,external_baseline,0.0145,0.0123,1.000000,0.544828,,156024,99248,original,original,false,,,true,0,exact_abs_or_rel,SKIP
hydr1c_A_23.mtx,original_lb,original_lb,load_balanced_traversal,ok,none,promoted_fallback,0.0077,0.0068,1.896104,1.000000,,156024,46888,original,original,false,0,0,true,0,exact_abs_or_rel,SKIP
hydr1c_A_23.mtx,auto_lossless_lb,original_lb,load_balanced_traversal,ok,none,promoted_fallback,0.0077,0.0060,1.896104,1.000000,,156024,46888,auto_lossless,original,true,9060,156024,true,0,exact_abs_or_rel,SKIP
hydr1c_A_23.mtx,fp16_lb,fp16_lb,controlled_lossy_value_specialized,ok,none,accuracy_pass_runtime_win,0.0069,0.0053,2.115942,1.115942,,39006,46888,fp16,fp16,false,0,0,false,0,spmv_max_rel,SKIP
hydr1c_A_23.mtx,bf16_lb,bf16_lb,controlled_lossy_value_specialized,ok,none,accuracy_pass_runtime_loss,0.0078,0.0057,1.871795,0.987179,,39006,46888,bf16,bf16,false,0,0,false,0,spmv_max_rel,SKIP
hydr1c_A_23.mtx,bfp8_lb,bfp8_lb,controlled_lossy_value_specialized,ok,none,accuracy_pass_runtime_win,0.0075,0.0062,1.946667,1.026667,,31225,46888,bfp8,bfp8,false,0,0,false,0,spmv_max_rel,SKIP
hydr1c_A_23.mtx,bfp8_outlier_lb,bfp8_outlier_lb,controlled_lossy_value_specialized,ok,none,accuracy_pass_runtime_loss,0.0094,0.0088,1.553191,0.819149,,32777,46888,bfp8_outlier,bfp8_outlier,false,0,0,false,0,spmv_max_rel,SKIP
hydr1c_A_23.mtx,bfp4_lb,bfp4_lb,controlled_lossy_value_specialized,ok,none,accuracy_pass_runtime_loss,0.0079,0.0070,1.848101,0.974684,,21474,46888,bfp4,bfp4,false,0,0,false,0,spmv_max_rel,SKIP
hydr1c_A_23.mtx,hybrid_lb,hybrid_lb,structural_hybrid,ok,none,promoted_fallback,0.0086,0.0069,1.697674,0.895349,,156024,,original,raw_double,false,,,1,0,exact_abs_or_rel,SKIP
hydr1c_A_23.mtx,cusparse_default,cusparse_csr,external_baseline,ok,none,external_baseline,0.0146,0.0123,1.000000,0.527397,,156024,99248,original,original,false,,,true,0,exact_abs_or_rel,SKIP
hydr1c_A_31.mtx,original_lb,original_lb,load_balanced_traversal,ok,none,promoted_fallback,0.0077,0.0056,1.883117,1.000000,,156048,46904,original,original,false,0,0,true,0,exact_abs_or_rel,SKIP
hydr1c_A_31.mtx,auto_lossless_lb,original_lb,load_balanced_traversal,ok,none,promoted_fallback,0.0086,0.0083,1.686047,0.895349,,156048,46904,auto_lossless,original,true,9074,156048,true,0,exact_abs_or_rel,SKIP
hydr1c_A_31.mtx,fp16_lb,fp16_lb,controlled_lossy_value_specialized,ok,none,accuracy_pass_runtime_win,0.0071,0.0052,2.042254,1.084507,,39012,46904,fp16,fp16,false,0,0,false,0,spmv_max_rel,SKIP
hydr1c_A_31.mtx,bf16_lb,bf16_lb,controlled_lossy_value_specialized,ok,none,accuracy_pass_runtime_win,0.0072,0.0052,2.013889,1.069444,,39012,46904,bf16,bf16,false,0,0,false,0,spmv_max_rel,SKIP
hydr1c_A_31.mtx,bfp8_lb,bfp8_lb,controlled_lossy_value_specialized,ok,none,accuracy_pass_runtime_win,0.0073,0.0054,1.986301,1.054795,,31232,46904,bfp8,bfp8,false,0,0,false,0,spmv_max_rel,SKIP
hydr1c_A_31.mtx,bfp8_outlier_lb,bfp8_outlier_lb,controlled_lossy_value_specialized,ok,none,accuracy_pass_runtime_loss,0.0090,0.0076,1.611111,0.855556,,32784,46904,bfp8_outlier,bfp8_outlier,false,0,0,false,0,spmv_max_rel,SKIP
hydr1c_A_31.mtx,bfp4_lb,bfp4_lb,controlled_lossy_value_specialized,ok,none,accuracy_pass_runtime_win,0.0076,0.0065,1.907895,1.013158,,21479,46904,bfp4,bfp4,false,0,0,false,0,spmv_max_rel,SKIP
hydr1c_A_31.mtx,hybrid_lb,hybrid_lb,structural_hybrid,ok,none,promoted_fallback,0.0067,0.0046,2.164179,1.149254,,156048,,original,raw_double,false,,,1,0,exact_abs_or_rel,SKIP
hydr1c_A_31.mtx,cusparse_default,cusparse_csr,external_baseline,ok,none,external_baseline,0.0145,0.0123,1.000000,0.531034,,156048,99260,original,original,false,,,true,0,exact_abs_or_rel,SKIP
hydr1c_A_39.mtx,original_lb,original_lb,load_balanced_traversal,ok,none,promoted_fallback,0.0071,0.0055,2.014085,1.000000,,156024,46888,original,original,false,0,0,true,0,exact_abs_or_rel,SKIP
hydr1c_A_39.mtx,auto_lossless_lb,original_lb,load_balanced_traversal,ok,none,promoted_fallback,0.0078,0.0059,1.833333,0.910256,,156024,46888,auto_lossless,original,true,9067,156024,true,0,exact_abs_or_rel,SKIP
hydr1c_A_39.mtx,fp16_lb,fp16_lb,controlled_lossy_value_specialized,ok,none,accuracy_pass_runtime_loss,0.0072,0.0055,1.986111,0.986111,,39006,46888,fp16,fp16,false,0,0,false,0,spmv_max_rel,SKIP
hydr1c_A_39.mtx,bf16_lb,bf16_lb,controlled_lossy_value_specialized,ok,none,accuracy_pass_runtime_loss,0.0071,0.0055,2.014085,1.000000,,39006,46888,bf16,bf16,false,0,0,false,0,spmv_max_rel,SKIP
hydr1c_A_39.mtx,bfp8_lb,bfp8_lb,controlled_lossy_value_specialized,ok,none,accuracy_pass_runtime_loss,0.0073,0.0055,1.958904,0.972603,,31225,46888,bfp8,bfp8,false,0,0,false,0,spmv_max_rel,SKIP
hydr1c_A_39.mtx,bfp8_outlier_lb,bfp8_outlier_lb,controlled_lossy_value_specialized,ok,none,accuracy_pass_runtime_loss,0.0092,0.0079,1.554348,0.771739,,32777,46888,bfp8_outlier,bfp8_outlier,false,0,0,false,0,spmv_max_rel,SKIP
hydr1c_A_39.mtx,bfp4_lb,bfp4_lb,controlled_lossy_value_specialized,ok,none,accuracy_pass_runtime_loss,0.0074,0.0066,1.932432,0.959459,,21474,46888,bfp4,bfp4,false,0,0,false,0,spmv_max_rel,SKIP
hydr1c_A_39.mtx,hybrid_lb,hybrid_lb,structural_hybrid,ok,none,promoted_fallback,0.0069,0.0050,2.072464,1.028986,,156024,,original,raw_double,false,,,1,0,exact_abs_or_rel,SKIP
hydr1c_A_39.mtx,cusparse_default,cusparse_csr,external_baseline,ok,none,external_baseline,0.0143,0.0123,1.000000,0.496503,,156024,99248,original,original,false,,,true,0,exact_abs_or_rel,SKIP
hydr1c_A_47.mtx,original_lb,original_lb,load_balanced_traversal,ok,none,promoted_fallback,0.0078,0.0059,2.038462,1.000000,,155784,46872,original,original,false,0,0,true,0,exact_abs_or_rel,SKIP
hydr1c_A_47.mtx,auto_lossless_lb,original_lb,load_balanced_traversal,ok,none,promoted_fallback,0.0080,0.0071,1.987500,0.975000,,155784,46872,auto_lossless,original,true,9040,155784,true,0,exact_abs_or_rel,SKIP
hydr1c_A_47.mtx,fp16_lb,fp16_lb,controlled_lossy_value_specialized,ok,none,accuracy_pass_runtime_win,0.0071,0.0050,2.239437,1.098592,,38946,46872,fp16,fp16,false,0,0,false,0,spmv_max_rel,SKIP
hydr1c_A_47.mtx,bf16_lb,bf16_lb,controlled_lossy_value_specialized,ok,none,accuracy_pass_runtime_win,0.0068,0.0055,2.338235,1.147059,,38946,46872,bf16,bf16,false,0,0,false,0,spmv_max_rel,SKIP
hydr1c_A_47.mtx,bfp8_lb,bfp8_lb,controlled_lossy_value_specialized,ok,none,accuracy_pass_runtime_win,0.0073,0.0055,2.178082,1.068493,,31191,46872,bfp8,bfp8,false,0,0,false,0,spmv_max_rel,SKIP
hydr1c_A_47.mtx,bfp8_outlier_lb,bfp8_outlier_lb,controlled_lossy_value_specialized,ok,none,accuracy_pass_runtime_loss,0.0091,0.0079,1.747253,0.857143,,32743,46872,bfp8_outlier,bfp8_outlier,false,0,0,false,0,spmv_max_rel,SKIP
hydr1c_A_47.mtx,bfp4_lb,bfp4_lb,controlled_lossy_value_specialized,ok,none,accuracy_pass_runtime_loss,0.0078,0.0066,2.038462,1.000000,,21455,46872,bfp4,bfp4,false,0,0,false,0,spmv_max_rel,SKIP
hydr1c_A_47.mtx,hybrid_lb,hybrid_lb,structural_hybrid,ok,none,promoted_fallback,0.0078,0.0057,2.038462,1.000000,,155784,,original,raw_double,false,,,1,0,exact_abs_or_rel,SKIP
hydr1c_A_47.mtx,cusparse_default,cusparse_csr,external_baseline,ok,none,external_baseline,0.0159,0.0143,1.000000,0.490566,,155784,99128,original,original,false,,,true,0,exact_abs_or_rel,SKIP
hydr1c_A_55.mtx,original_lb,original_lb,load_balanced_traversal,ok,none,promoted_fallback,0.0076,0.0053,1.828947,1.000000,,156024,46888,original,original,false,0,0,true,0,exact_abs_or_rel,SKIP
hydr1c_A_55.mtx,auto_lossless_lb,original_lb,load_balanced_traversal,ok,none,promoted_fallback,0.0079,0.0069,1.759494,0.962025,,156024,46888,auto_lossless,original,true,9064,156024,true,0,exact_abs_or_rel,SKIP
hydr1c_A_55.mtx,fp16_lb,fp16_lb,controlled_lossy_value_specialized,ok,none,accuracy_pass_runtime_win,0.0066,0.0050,2.106061,1.151515,,39006,46888,fp16,fp16,false,0,0,false,0,spmv_max_rel,SKIP
hydr1c_A_55.mtx,bf16_lb,bf16_lb,controlled_lossy_value_specialized,ok,none,accuracy_pass_runtime_win,0.0067,0.0050,2.074627,1.134328,,39006,46888,bf16,bf16,false,0,0,false,0,spmv_max_rel,SKIP
hydr1c_A_55.mtx,bfp8_lb,bfp8_lb,controlled_lossy_value_specialized,ok,none,accuracy_pass_runtime_win,0.0067,0.0051,2.074627,1.134328,,31225,46888,bfp8,bfp8,false,0,0,false,0,spmv_max_rel,SKIP
hydr1c_A_55.mtx,bfp8_outlier_lb,bfp8_outlier_lb,controlled_lossy_value_specialized,ok,none,accuracy_pass_runtime_loss,0.0092,0.0070,1.510870,0.826087,,32777,46888,bfp8_outlier,bfp8_outlier,false,0,0,false,0,spmv_max_rel,SKIP
hydr1c_A_55.mtx,bfp4_lb,bfp4_lb,controlled_lossy_value_specialized,ok,none,accuracy_pass_runtime_win,0.0074,0.0065,1.878378,1.027027,,21474,46888,bfp4,bfp4,false,0,0,false,0,spmv_max_rel,SKIP
hydr1c_A_55.mtx,hybrid_lb,hybrid_lb,structural_hybrid,ok,none,promoted_fallback,0.0069,0.0051,2.014493,1.101449,,156024,,original,raw_double,false,,,1,0,exact_abs_or_rel,SKIP
hydr1c_A_55.mtx,cusparse_default,cusparse_csr,external_baseline,ok,none,external_baseline,0.0139,0.0123,1.000000,0.546763,,156024,99248,original,original,false,,,true,0,exact_abs_or_rel,SKIP
hydr1c_A_63.mtx,original_lb,original_lb,load_balanced_traversal,ok,none,promoted_fallback,0.0074,0.0067,1.891892,1.000000,,155928,46888,original,original,false,0,0,true,0,exact_abs_or_rel,SKIP
hydr1c_A_63.mtx,auto_lossless_lb,original_lb,load_balanced_traversal,ok,none,promoted_fallback,0.0075,0.0069,1.866667,0.986667,,155928,46888,auto_lossless,original,true,9059,155928,true,0,exact_abs_or_rel,SKIP
hydr1c_A_63.mtx,fp16_lb,fp16_lb,controlled_lossy_value_specialized,ok,none,accuracy_pass_runtime_win,0.0069,0.0060,2.028986,1.072464,,38982,46888,fp16,fp16,false,0,0,false,0,spmv_max_rel,SKIP
hydr1c_A_63.mtx,bf16_lb,bf16_lb,controlled_lossy_value_specialized,ok,none,accuracy_pass_runtime_win,0.0069,0.0052,2.028986,1.072464,,38982,46888,bf16,bf16,false,0,0,false,0,spmv_max_rel,SKIP
hydr1c_A_63.mtx,bfp8_lb,bfp8_lb,controlled_lossy_value_specialized,ok,none,accuracy_pass_runtime_win,0.0070,0.0056,2.000000,1.057143,,31213,46888,bfp8,bfp8,false,0,0,false,0,spmv_max_rel,SKIP
hydr1c_A_63.mtx,bfp8_outlier_lb,bfp8_outlier_lb,controlled_lossy_value_specialized,ok,none,accuracy_pass_runtime_loss,0.0091,0.0076,1.538462,0.813187,,32765,46888,bfp8_outlier,bfp8_outlier,false,0,0,false,0,spmv_max_rel,SKIP
hydr1c_A_63.mtx,bfp4_lb,bfp4_lb,controlled_lossy_value_specialized,ok,none,accuracy_pass_runtime_loss,0.0078,0.0062,1.794872,0.948718,,21468,46888,bfp4,bfp4,false,0,0,false,0,spmv_max_rel,SKIP
hydr1c_A_63.mtx,hybrid_lb,hybrid_lb,structural_hybrid,ok,none,promoted_fallback,0.0068,0.0049,2.058824,1.088235,,155928,,original,raw_double,false,,,1,0,exact_abs_or_rel,SKIP
hydr1c_A_63.mtx,cusparse_default,cusparse_csr,external_baseline,ok,none,external_baseline,0.0140,0.0123,1.000000,0.528571,,155928,99200,original,original,false,,,true,0,exact_abs_or_rel,SKIP
hydr1c_A_71.mtx,original_lb,original_lb,load_balanced_traversal,ok,none,promoted_fallback,0.0072,0.0063,2.000000,1.000000,,155904,46880,original,original,false,0,0,true,0,exact_abs_or_rel,SKIP
hydr1c_A_71.mtx,auto_lossless_lb,original_lb,load_balanced_traversal,ok,none,promoted_fallback,0.0073,0.0057,1.972603,0.986301,,155904,46880,auto_lossless,original,true,9055,155904,true,0,exact_abs_or_rel,SKIP
hydr1c_A_71.mtx,fp16_lb,fp16_lb,controlled_lossy_value_specialized,ok,none,accuracy_pass_runtime_win,0.0069,0.0061,2.086957,1.043478,,38976,46880,fp16,fp16,false,0,0,false,0,spmv_max_rel,SKIP
hydr1c_A_71.mtx,bf16_lb,bf16_lb,controlled_lossy_value_specialized,ok,none,accuracy_pass_runtime_win,0.0069,0.0051,2.086957,1.043478,,38976,46880,bf16,bf16,false,0,0,false,0,spmv_max_rel,SKIP
hydr1c_A_71.mtx,bfp8_lb,bfp8_lb,controlled_lossy_value_specialized,ok,none,accuracy_pass_runtime_win,0.0069,0.0057,2.086957,1.043478,,31208,46880,bfp8,bfp8,false,0,0,false,0,spmv_max_rel,SKIP
hydr1c_A_71.mtx,bfp8_outlier_lb,bfp8_outlier_lb,controlled_lossy_value_specialized,ok,none,accuracy_pass_runtime_loss,0.0093,0.0080,1.548387,0.774194,,32760,46880,bfp8_outlier,bfp8_outlier,false,0,0,false,0,spmv_max_rel,SKIP
hydr1c_A_71.mtx,bfp4_lb,bfp4_lb,controlled_lossy_value_specialized,ok,none,accuracy_pass_runtime_loss,0.0074,0.0067,1.945946,0.972973,,21464,46880,bfp4,bfp4,false,0,0,false,0,spmv_max_rel,SKIP
hydr1c_A_71.mtx,hybrid_lb,hybrid_lb,structural_hybrid,ok,none,promoted_fallback,0.0068,0.0051,2.117647,1.058824,,155904,,original,raw_double,false,,,1,0,exact_abs_or_rel,SKIP
hydr1c_A_71.mtx,cusparse_default,cusparse_csr,external_baseline,ok,none,external_baseline,0.0144,0.0123,1.000000,0.500000,,155904,99188,original,original,false,,,true,0,exact_abs_or_rel,SKIP
hydr1c_Zeros_02.mtx,original_lb,original_lb,load_balanced_traversal,ok,none,promoted_fallback,0.0052,0.0045,2.711538,1.000000,,9072,3288,original,original,false,0,0,true,0,exact_abs_or_rel,SKIP
hydr1c_Zeros_02.mtx,auto_lossless_lb,all_one_lb,lossless_value_specialized,ok,none,accuracy_pass_runtime_loss,0.0062,0.0051,2.274194,0.838710,,0,3288,auto_lossless,all_one,true,1,0,true,0,exact_abs_or_rel,SKIP
hydr1c_Zeros_02.mtx,fp16_lb,fp16_lb,controlled_lossy_value_specialized,ok,none,accuracy_pass_runtime_loss,0.0067,0.0052,2.104478,0.776119,,2268,3288,fp16,fp16,false,0,0,false,0,spmv_max_rel,SKIP
hydr1c_Zeros_02.mtx,bf16_lb,bf16_lb,controlled_lossy_value_specialized,ok,none,accuracy_pass_runtime_loss,0.0061,0.0047,2.311475,0.852459,,2268,3288,bf16,bf16,false,0,0,false,0,spmv_max_rel,SKIP
hydr1c_Zeros_02.mtx,bfp8_lb,bfp8_lb,controlled_lossy_value_specialized,ok,none,accuracy_pass_runtime_loss,0.0069,0.0047,2.043478,0.753623,,1956,3288,bfp8,bfp8,false,0,0,false,0,spmv_max_rel,SKIP
hydr1c_Zeros_02.mtx,bfp8_outlier_lb,bfp8_outlier_lb,controlled_lossy_value_specialized,ok,none,accuracy_pass_runtime_loss,0.0064,0.0050,2.203125,0.812500,,1956,3288,bfp8_outlier,bfp8_outlier,false,0,0,false,0,spmv_max_rel,SKIP
hydr1c_Zeros_02.mtx,bfp4_lb,bfp4_lb,controlled_lossy_value_specialized,ok,none,accuracy_pass_runtime_loss,0.0063,0.0048,2.238095,0.825397,,1389,3288,bfp4,bfp4,false,0,0,false,0,spmv_max_rel,SKIP
hydr1c_Zeros_02.mtx,hybrid_lb,hybrid_lb,structural_hybrid,ok,none,promoted_fallback,0.0061,0.0052,2.311475,0.852459,,9072,,original,raw_double,false,,,1,0,exact_abs_or_rel,SKIP
hydr1c_Zeros_02.mtx,cusparse_default,cusparse_csr,external_baseline,ok,none,external_baseline,0.0141,0.0123,1.000000,0.368794,,9072,25772,original,original,false,,,true,0,exact_abs_or_rel,SKIP
hydr1c_Zeros_10.mtx,original_lb,original_lb,load_balanced_traversal,ok,none,promoted_fallback,0.0060,0.0044,2.366667,1.000000,,5728,1592,original,original,false,0,0,true,0,exact_abs_or_rel,SKIP
hydr1c_Zeros_10.mtx,auto_lossless_lb,all_one_lb,lossless_value_specialized,ok,none,accuracy_pass_runtime_win,0.0055,0.0049,2.581818,1.090909,,0,1592,auto_lossless,all_one,true,1,0,true,0,exact_abs_or_rel,SKIP
hydr1c_Zeros_10.mtx,fp16_lb,fp16_lb,controlled_lossy_value_specialized,ok,none,accuracy_pass_runtime_loss,0.0061,0.0053,2.327869,0.983607,,1432,1592,fp16,fp16,false,0,0,false,0,spmv_max_rel,SKIP
hydr1c_Zeros_10.mtx,bf16_lb,bf16_lb,controlled_lossy_value_specialized,ok,none,accuracy_pass_runtime_loss,0.0062,0.0048,2.290323,0.967742,,1432,1592,bf16,bf16,false,0,0,false,0,spmv_max_rel,SKIP
hydr1c_Zeros_10.mtx,bfp8_lb,bfp8_lb,controlled_lossy_value_specialized,ok,none,accuracy_pass_runtime_win,0.0058,0.0052,2.448276,1.034483,,1114,1592,bfp8,bfp8,false,0,0,false,0,spmv_max_rel,SKIP
hydr1c_Zeros_10.mtx,bfp8_outlier_lb,bfp8_outlier_lb,controlled_lossy_value_specialized,ok,none,accuracy_pass_runtime_win,0.0051,0.0039,2.784314,1.176471,,1114,1592,bfp8_outlier,bfp8_outlier,false,0,0,false,0,spmv_max_rel,SKIP
hydr1c_Zeros_10.mtx,bfp4_lb,bfp4_lb,controlled_lossy_value_specialized,ok,none,accuracy_pass_runtime_win,0.0056,0.0036,2.535714,1.071429,,756,1592,bfp4,bfp4,false,0,0,false,0,spmv_max_rel,SKIP
hydr1c_Zeros_10.mtx,hybrid_lb,hybrid_lb,structural_hybrid,ok,none,promoted_fallback,0.0056,0.0044,2.535714,1.071429,,5728,,original,raw_double,false,,,1,0,exact_abs_or_rel,SKIP
hydr1c_Zeros_10.mtx,cusparse_default,cusparse_csr,external_baseline,ok,none,external_baseline,0.0142,0.0123,1.000000,0.422535,,5728,24100,original,original,false,,,true,0,exact_abs_or_rel,SKIP
hydr1c_Zeros_18.mtx,original_lb,original_lb,load_balanced_traversal,ok,none,promoted_fallback,0.0059,0.0050,2.406780,1.000000,,3304,1968,original,original,false,0,0,true,0,exact_abs_or_rel,SKIP
hydr1c_Zeros_18.mtx,auto_lossless_lb,all_one_lb,lossless_value_specialized,ok,none,accuracy_pass_runtime_win,0.0058,0.0045,2.448276,1.017241,,0,1968,auto_lossless,all_one,true,1,0,true,0,exact_abs_or_rel,SKIP
hydr1c_Zeros_18.mtx,fp16_lb,fp16_lb,controlled_lossy_value_specialized,ok,none,accuracy_pass_runtime_loss,0.0060,0.0055,2.366667,0.983333,,826,1968,fp16,fp16,false,0,0,false,0,spmv_max_rel,SKIP
hydr1c_Zeros_18.mtx,bf16_lb,bf16_lb,controlled_lossy_value_specialized,ok,none,accuracy_pass_runtime_win,0.0053,0.0043,2.679245,1.113208,,826,1968,bf16,bf16,false,0,0,false,0,spmv_max_rel,SKIP
hydr1c_Zeros_18.mtx,bfp8_lb,bfp8_lb,controlled_lossy_value_specialized,ok,none,accuracy_pass_runtime_win,0.0054,0.0044,2.629630,1.092593,,905,1968,bfp8,bfp8,false,0,0,false,0,spmv_max_rel,SKIP
hydr1c_Zeros_18.mtx,bfp8_outlier_lb,bfp8_outlier_lb,controlled_lossy_value_specialized,ok,none,accuracy_pass_runtime_win,0.0056,0.0041,2.535714,1.053571,,905,1968,bfp8_outlier,bfp8_outlier,false,0,0,false,0,spmv_max_rel,SKIP
hydr1c_Zeros_18.mtx,bfp4_lb,bfp4_lb,controlled_lossy_value_specialized,ok,none,accuracy_pass_runtime_win,0.0053,0.0037,2.679245,1.113208,,699,1968,bfp4,bfp4,false,0,0,false,0,spmv_max_rel,SKIP
hydr1c_Zeros_18.mtx,hybrid_lb,hybrid_lb,structural_hybrid,ok,none,promoted_fallback,0.0054,0.0047,2.629630,1.092593,,3304,,original,raw_double,false,,,1,0,exact_abs_or_rel,SKIP
hydr1c_Zeros_18.mtx,cusparse_default,cusparse_csr,external_baseline,ok,none,external_baseline,0.0142,0.0123,1.000000,0.415493,,3304,22888,original,original,false,,,true,0,exact_abs_or_rel,SKIP
hydr1c_Zeros_26.mtx,original_lb,original_lb,load_balanced_traversal,ok,none,promoted_fallback,0.0059,0.0051,2.288136,1.000000,,3056,1808,original,original,false,0,0,true,0,exact_abs_or_rel,SKIP
hydr1c_Zeros_26.mtx,auto_lossless_lb,all_one_lb,lossless_value_specialized,ok,none,accuracy_pass_runtime_win,0.0053,0.0042,2.547170,1.113208,,0,1808,auto_lossless,all_one,true,1,0,true,0,exact_abs_or_rel,SKIP
hydr1c_Zeros_26.mtx,fp16_lb,fp16_lb,controlled_lossy_value_specialized,ok,none,accuracy_pass_runtime_win,0.0048,0.0037,2.812500,1.229167,,764,1808,fp16,fp16,false,0,0,false,0,spmv_max_rel,SKIP
hydr1c_Zeros_26.mtx,bf16_lb,bf16_lb,controlled_lossy_value_specialized,ok,none,accuracy_pass_runtime_win,0.0046,0.0035,2.934783,1.282609,,764,1808,bf16,bf16,false,0,0,false,0,spmv_max_rel,SKIP
hydr1c_Zeros_26.mtx,bfp8_lb,bfp8_lb,controlled_lossy_value_specialized,ok,none,accuracy_pass_runtime_win,0.0048,0.0036,2.812500,1.229167,,834,1808,bfp8,bfp8,false,0,0,false,0,spmv_max_rel,SKIP
hydr1c_Zeros_26.mtx,bfp8_outlier_lb,bfp8_outlier_lb,controlled_lossy_value_specialized,ok,none,accuracy_pass_runtime_win,0.0046,0.0036,2.934783,1.282609,,834,1808,bfp8_outlier,bfp8_outlier,false,0,0,false,0,spmv_max_rel,SKIP
hydr1c_Zeros_26.mtx,bfp4_lb,bfp4_lb,controlled_lossy_value_specialized,ok,none,accuracy_pass_runtime_win,0.0048,0.0034,2.812500,1.229167,,643,1808,bfp4,bfp4,false,0,0,false,0,spmv_max_rel,SKIP
hydr1c_Zeros_26.mtx,hybrid_lb,hybrid_lb,structural_hybrid,ok,none,promoted_fallback,0.0058,0.0047,2.327586,1.017241,,3056,,original,raw_double,false,,,1,0,exact_abs_or_rel,SKIP
hydr1c_Zeros_26.mtx,cusparse_default,cusparse_csr,external_baseline,ok,none,external_baseline,0.0135,0.0123,1.000000,0.437037,,3056,22764,original,original,false,,,true,0,exact_abs_or_rel,SKIP
hydr1c_Zeros_34.mtx,original_lb,original_lb,load_balanced_traversal,ok,none,promoted_fallback,0.0059,0.0049,2.254237,1.000000,,3256,1952,original,original,false,0,0,true,0,exact_abs_or_rel,SKIP
hydr1c_Zeros_34.mtx,auto_lossless_lb,all_one_lb,lossless_value_specialized,ok,none,accuracy_pass_runtime_win,0.0051,0.0043,2.607843,1.156863,,0,1952,auto_lossless,all_one,true,1,0,true,0,exact_abs_or_rel,SKIP
hydr1c_Zeros_34.mtx,fp16_lb,fp16_lb,controlled_lossy_value_specialized,ok,none,accuracy_pass_runtime_win,0.0054,0.0043,2.462963,1.092593,,814,1952,fp16,fp16,false,0,0,false,0,spmv_max_rel,SKIP
hydr1c_Zeros_34.mtx,bf16_lb,bf16_lb,controlled_lossy_value_specialized,ok,none,accuracy_pass_runtime_win,0.0049,0.0042,2.714286,1.204082,,814,1952,bf16,bf16,false,0,0,false,0,spmv_max_rel,SKIP
hydr1c_Zeros_34.mtx,bfp8_lb,bfp8_lb,controlled_lossy_value_specialized,ok,none,accuracy_pass_runtime_win,0.0048,0.0043,2.770833,1.229167,,895,1952,bfp8,bfp8,false,0,0,false,0,spmv_max_rel,SKIP
hydr1c_Zeros_34.mtx,bfp8_outlier_lb,bfp8_outlier_lb,controlled_lossy_value_specialized,ok,none,accuracy_pass_runtime_win,0.0047,0.0042,2.829787,1.255319,,895,1952,bfp8_outlier,bfp8_outlier,false,0,0,false,0,spmv_max_rel,SKIP
hydr1c_Zeros_34.mtx,bfp4_lb,bfp4_lb,controlled_lossy_value_specialized,ok,none,accuracy_pass_runtime_win,0.0049,0.0044,2.714286,1.204082,,692,1952,bfp4,bfp4,false,0,0,false,0,spmv_max_rel,SKIP
hydr1c_Zeros_34.mtx,hybrid_lb,hybrid_lb,structural_hybrid,ok,none,promoted_fallback,0.0057,0.0034,2.333333,1.035088,,3256,,original,raw_double,false,,,1,0,exact_abs_or_rel,SKIP
hydr1c_Zeros_34.mtx,cusparse_default,cusparse_csr,external_baseline,ok,none,external_baseline,0.0133,0.0123,1.000000,0.443609,,3256,22864,original,original,false,,,true,0,exact_abs_or_rel,SKIP
hydr1c_Zeros_42.mtx,original_lb,original_lb,load_balanced_traversal,ok,none,promoted_fallback,0.0053,0.0041,2.698113,1.000000,,3464,2144,original,original,false,0,0,true,0,exact_abs_or_rel,SKIP
hydr1c_Zeros_42.mtx,auto_lossless_lb,all_one_lb,lossless_value_specialized,ok,none,accuracy_pass_runtime_win,0.0051,0.0046,2.803922,1.039216,,0,2144,auto_lossless,all_one,true,1,0,true,0,exact_abs_or_rel,SKIP
hydr1c_Zeros_42.mtx,fp16_lb,fp16_lb,controlled_lossy_value_specialized,ok,none,accuracy_pass_runtime_win,0.0048,0.0042,2.979167,1.104167,,866,2144,fp16,fp16,false,0,0,false,0,spmv_max_rel,SKIP
hydr1c_Zeros_42.mtx,bf16_lb,bf16_lb,controlled_lossy_value_specialized,ok,none,accuracy_pass_runtime_win,0.0052,0.0045,2.750000,1.019231,,866,2144,bf16,bf16,false,0,0,false,0,spmv_max_rel,SKIP
hydr1c_Zeros_42.mtx,bfp8_lb,bfp8_lb,controlled_lossy_value_specialized,ok,none,accuracy_pass_runtime_win,0.0049,0.0044,2.918367,1.081633,,969,2144,bfp8,bfp8,false,0,0,false,0,spmv_max_rel,SKIP
hydr1c_Zeros_42.mtx,bfp8_outlier_lb,bfp8_outlier_lb,controlled_lossy_value_specialized,ok,none,accuracy_pass_runtime_loss,0.0053,0.0044,2.698113,1.000000,,969,2144,bfp8_outlier,bfp8_outlier,false,0,0,false,0,spmv_max_rel,SKIP
hydr1c_Zeros_42.mtx,bfp4_lb,bfp4_lb,controlled_lossy_value_specialized,ok,none,accuracy_pass_runtime_loss,0.0055,0.0043,2.600000,0.963636,,753,2144,bfp4,bfp4,false,0,0,false,0,spmv_max_rel,SKIP
hydr1c_Zeros_42.mtx,hybrid_lb,hybrid_lb,structural_hybrid,ok,none,promoted_fallback,0.0055,0.0045,2.600000,0.963636,,3464,,original,raw_double,false,,,1,0,exact_abs_or_rel,SKIP
hydr1c_Zeros_42.mtx,cusparse_default,cusparse_csr,external_baseline,ok,none,external_baseline,0.0143,0.0123,1.000000,0.370629,,3464,22968,original,original,false,,,true,0,exact_abs_or_rel,SKIP
hydr1c_Zeros_50.mtx,original_lb,original_lb,load_balanced_traversal,ok,none,promoted_fallback,0.0059,0.0049,2.372881,1.000000,,3184,1896,original,original,false,0,0,true,0,exact_abs_or_rel,SKIP
hydr1c_Zeros_50.mtx,auto_lossless_lb,all_one_lb,lossless_value_specialized,ok,none,accuracy_pass_runtime_win,0.0056,0.0044,2.500000,1.053571,,0,1896,auto_lossless,all_one,true,1,0,true,0,exact_abs_or_rel,SKIP
hydr1c_Zeros_50.mtx,fp16_lb,fp16_lb,controlled_lossy_value_specialized,ok,none,accuracy_pass_runtime_win,0.0054,0.0038,2.592593,1.092593,,796,1896,fp16,fp16,false,0,0,false,0,spmv_max_rel,SKIP
hydr1c_Zeros_50.mtx,bf16_lb,bf16_lb,controlled_lossy_value_specialized,ok,none,accuracy_pass_runtime_win,0.0053,0.0044,2.641509,1.113208,,796,1896,bf16,bf16,false,0,0,false,0,spmv_max_rel,SKIP
hydr1c_Zeros_50.mtx,bfp8_lb,bfp8_lb,controlled_lossy_value_specialized,ok,none,accuracy_pass_runtime_win,0.0053,0.0043,2.641509,1.113208,,872,1896,bfp8,bfp8,false,0,0,false,0,spmv_max_rel,SKIP
hydr1c_Zeros_50.mtx,bfp8_outlier_lb,bfp8_outlier_lb,controlled_lossy_value_specialized,ok,none,accuracy_pass_runtime_win,0.0051,0.0041,2.745098,1.156863,,872,1896,bfp8_outlier,bfp8_outlier,false,0,0,false,0,spmv_max_rel,SKIP
hydr1c_Zeros_50.mtx,bfp4_lb,bfp4_lb,controlled_lossy_value_specialized,ok,none,accuracy_pass_runtime_win,0.0047,0.0036,2.978723,1.255319,,673,1896,bfp4,bfp4,false,0,0,false,0,spmv_max_rel,SKIP
hydr1c_Zeros_50.mtx,hybrid_lb,hybrid_lb,structural_hybrid,ok,none,promoted_fallback,0.0057,0.0048,2.456140,1.035088,,3184,,original,raw_double,false,,,1,0,exact_abs_or_rel,SKIP
hydr1c_Zeros_50.mtx,cusparse_default,cusparse_csr,external_baseline,ok,none,external_baseline,0.0140,0.0123,1.000000,0.421429,,3184,22828,original,original,false,,,true,0,exact_abs_or_rel,SKIP
hydr1c_Zeros_58.mtx,original_lb,original_lb,load_balanced_traversal,ok,none,promoted_fallback,0.0057,0.0049,2.473684,1.000000,,3112,1824,original,original,false,0,0,true,0,exact_abs_or_rel,SKIP
hydr1c_Zeros_58.mtx,auto_lossless_lb,all_one_lb,lossless_value_specialized,ok,none,accuracy_pass_runtime_win,0.0054,0.0042,2.611111,1.055556,,0,1824,auto_lossless,all_one,true,1,0,true,0,exact_abs_or_rel,SKIP
hydr1c_Zeros_58.mtx,fp16_lb,fp16_lb,controlled_lossy_value_specialized,ok,none,accuracy_pass_runtime_win,0.0053,0.0046,2.660377,1.075472,,778,1824,fp16,fp16,false,0,0,false,0,spmv_max_rel,SKIP
hydr1c_Zeros_58.mtx,bf16_lb,bf16_lb,controlled_lossy_value_specialized,ok,none,accuracy_pass_runtime_win,0.0048,0.0045,2.937500,1.187500,,778,1824,bf16,bf16,false,0,0,false,0,spmv_max_rel,SKIP
hydr1c_Zeros_58.mtx,bfp8_lb,bfp8_lb,controlled_lossy_value_specialized,ok,none,accuracy_pass_runtime_win,0.0048,0.0043,2.937500,1.187500,,845,1824,bfp8,bfp8,false,0,0,false,0,spmv_max_rel,SKIP
hydr1c_Zeros_58.mtx,bfp8_outlier_lb,bfp8_outlier_lb,controlled_lossy_value_specialized,ok,none,accuracy_pass_runtime_win,0.0053,0.0044,2.660377,1.075472,,845,1824,bfp8_outlier,bfp8_outlier,false,0,0,false,0,spmv_max_rel,SKIP
hydr1c_Zeros_58.mtx,bfp4_lb,bfp4_lb,controlled_lossy_value_specialized,ok,none,accuracy_pass_runtime_win,0.0048,0.0041,2.937500,1.187500,,651,1824,bfp4,bfp4,false,0,0,false,0,spmv_max_rel,SKIP
hydr1c_Zeros_58.mtx,hybrid_lb,hybrid_lb,structural_hybrid,ok,none,promoted_fallback,0.0085,0.0073,1.658824,0.670588,,3112,,original,raw_double,false,,,1,0,exact_abs_or_rel,SKIP
hydr1c_Zeros_58.mtx,cusparse_default,cusparse_csr,external_baseline,ok,none,external_baseline,0.0141,0.0123,1.000000,0.404255,,3112,22792,original,original,false,,,true,0,exact_abs_or_rel,SKIP
hydr1c_Zeros_66.mtx,original_lb,original_lb,load_balanced_traversal,ok,none,promoted_fallback,0.0058,0.0050,2.362069,1.000000,,3056,1808,original,original,false,0,0,true,0,exact_abs_or_rel,SKIP
hydr1c_Zeros_66.mtx,auto_lossless_lb,all_one_lb,lossless_value_specialized,ok,none,accuracy_pass_runtime_win,0.0050,0.0040,2.740000,1.160000,,0,1808,auto_lossless,all_one,true,1,0,true,0,exact_abs_or_rel,SKIP
hydr1c_Zeros_66.mtx,fp16_lb,fp16_lb,controlled_lossy_value_specialized,ok,none,accuracy_pass_runtime_win,0.0045,0.0035,3.044444,1.288889,,764,1808,fp16,fp16,false,0,0,false,0,spmv_max_rel,SKIP
hydr1c_Zeros_66.mtx,bf16_lb,bf16_lb,controlled_lossy_value_specialized,ok,none,accuracy_pass_runtime_win,0.0045,0.0032,3.044444,1.288889,,764,1808,bf16,bf16,false,0,0,false,0,spmv_max_rel,SKIP
hydr1c_Zeros_66.mtx,bfp8_lb,bfp8_lb,controlled_lossy_value_specialized,ok,none,accuracy_pass_runtime_win,0.0054,0.0044,2.537037,1.074074,,834,1808,bfp8,bfp8,false,0,0,false,0,spmv_max_rel,SKIP
hydr1c_Zeros_66.mtx,bfp8_outlier_lb,bfp8_outlier_lb,controlled_lossy_value_specialized,ok,none,accuracy_pass_runtime_win,0.0049,0.0044,2.795918,1.183673,,834,1808,bfp8_outlier,bfp8_outlier,false,0,0,false,0,spmv_max_rel,SKIP
hydr1c_Zeros_66.mtx,bfp4_lb,bfp4_lb,controlled_lossy_value_specialized,ok,none,accuracy_pass_runtime_win,0.0050,0.0041,2.740000,1.160000,,643,1808,bfp4,bfp4,false,0,0,false,0,spmv_max_rel,SKIP
hydr1c_Zeros_66.mtx,hybrid_lb,hybrid_lb,structural_hybrid,ok,none,promoted_fallback,0.0057,0.0047,2.403509,1.017544,,3056,,original,raw_double,false,,,1,0,exact_abs_or_rel,SKIP
hydr1c_Zeros_66.mtx,cusparse_default,cusparse_csr,external_baseline,ok,none,external_baseline,0.0137,0.0123,1.000000,0.423358,,3056,22764,original,original,false,,,true,0,exact_abs_or_rel,SKIP
hydr1c_Zeros_74.mtx,original_lb,original_lb,load_balanced_traversal,ok,none,promoted_fallback,0.0057,0.0050,2.421053,1.000000,,3184,1936,original,original,false,0,0,true,0,exact_abs_or_rel,SKIP
hydr1c_Zeros_74.mtx,auto_lossless_lb,all_one_lb,lossless_value_specialized,ok,none,accuracy_pass_runtime_win,0.0051,0.0040,2.705882,1.117647,,0,1936,auto_lossless,all_one,true,1,0,true,0,exact_abs_or_rel,SKIP
hydr1c_Zeros_74.mtx,fp16_lb,fp16_lb,controlled_lossy_value_specialized,ok,none,accuracy_pass_runtime_win,0.0049,0.0041,2.816327,1.163265,,796,1936,fp16,fp16,false,0,0,false,0,spmv_max_rel,SKIP
hydr1c_Zeros_74.mtx,bf16_lb,bf16_lb,controlled_lossy_value_specialized,ok,none,accuracy_pass_runtime_win,0.0050,0.0044,2.760000,1.140000,,796,1936,bf16,bf16,false,0,0,false,0,spmv_max_rel,SKIP
hydr1c_Zeros_74.mtx,bfp8_lb,bfp8_lb,controlled_lossy_value_specialized,ok,none,accuracy_pass_runtime_win,0.0045,0.0038,3.066667,1.266667,,882,1936,bfp8,bfp8,false,0,0,false,0,spmv_max_rel,SKIP
hydr1c_Zeros_74.mtx,bfp8_outlier_lb,bfp8_outlier_lb,controlled_lossy_value_specialized,ok,none,accuracy_pass_runtime_win,0.0046,0.0042,3.000000,1.239130,,882,1936,bfp8_outlier,bfp8_outlier,false,0,0,false,0,spmv_max_rel,SKIP
hydr1c_Zeros_74.mtx,bfp4_lb,bfp4_lb,controlled_lossy_value_specialized,ok,none,accuracy_pass_runtime_win,0.0047,0.0038,2.936170,1.212766,,683,1936,bfp4,bfp4,false,0,0,false,0,spmv_max_rel,SKIP
hydr1c_Zeros_74.mtx,hybrid_lb,hybrid_lb,structural_hybrid,ok,none,promoted_fallback,0.0059,0.0045,2.338983,0.966102,,3184,,original,raw_double,false,,,1,0,exact_abs_or_rel,SKIP
hydr1c_Zeros_74.mtx,cusparse_default,cusparse_csr,external_baseline,ok,none,external_baseline,0.0138,0.0123,1.000000,0.413043,,3184,22828,original,original,false,,,true,0,exact_abs_or_rel,SKIP
imagesensor.mtx,original_lb,original_lb,load_balanced_traversal,ok,none,promoted_fallback,0.0262,0.0249,0.805344,1.000000,,11571168,3251920,original,original,false,0,0,true,0,exact_abs_or_rel,SKIP
imagesensor.mtx,auto_lossless_lb,original_lb,load_balanced_traversal,ok,none,promoted_fallback,0.0272,0.0260,0.775735,0.963235,,11571168,3251920,auto_lossless,original,true,727240,11571168,true,0,exact_abs_or_rel,SKIP
imagesensor.mtx,fp16_lb,fp16_lb,controlled_lossy_value_specialized,ok,none,accuracy_pass_runtime_win,0.0240,0.0221,0.879167,1.091667,,2892792,3251920,fp16,fp16,false,0,0,false,0,spmv_max_rel,SKIP
imagesensor.mtx,bf16_lb,bf16_lb,controlled_lossy_value_specialized,ok,none,accuracy_pass_runtime_win,0.0245,0.0232,0.861224,1.069388,,2892792,3251920,bf16,bf16,false,0,0,false,0,spmv_max_rel,SKIP
imagesensor.mtx,bfp8_lb,bfp8_lb,controlled_lossy_value_specialized,ok,none,accuracy_pass_runtime_win,0.0236,0.0219,0.894068,1.110169,,2259376,3251920,bfp8,bfp8,false,0,0,false,0,spmv_max_rel,SKIP
imagesensor.mtx,bfp8_outlier_lb,bfp8_outlier_lb,controlled_lossy_value_specialized,ok,none,accuracy_pass_runtime_win,0.0261,0.0249,0.808429,1.003831,,2374992,3251920,bfp8_outlier,bfp8_outlier,false,0,0,false,0,spmv_max_rel,SKIP
imagesensor.mtx,bfp4_lb,bfp4_lb,controlled_lossy_value_specialized,ok,none,accuracy_pass_runtime_loss,0.0270,0.0250,0.781481,0.970370,,1536178,3251920,bfp4,bfp4,false,0,0,false,0,spmv_max_rel,SKIP
imagesensor.mtx,hybrid_lb,hybrid_lb,structural_hybrid,ok,none,promoted_fallback,0.0126,0.0098,1.674603,2.079365,,11571168,,original,raw_double,false,,,1,0,exact_abs_or_rel,SKIP
imagesensor.mtx,cusparse_default,cusparse_csr,external_baseline,ok,none,external_baseline,0.0211,0.0184,1.000000,1.241706,,11571168,6260620,original,original,false,,,true,0,exact_abs_or_rel,SKIP
impcol_e.mtx,original_lb,original_lb,load_balanced_traversal,ok,none,promoted_fallback,0.0076,0.0052,1.526316,1.000000,,10424,1904,original,original,false,0,0,true,0,exact_abs_or_rel,SKIP
impcol_e.mtx,auto_lossless_lb,original_lb,load_balanced_traversal,ok,none,promoted_fallback,0.0071,0.0053,1.633803,1.070423,,10424,1904,auto_lossless,original,true,512,10424,true,0,exact_abs_or_rel,SKIP
impcol_e.mtx,fp16_lb,fp16_lb,controlled_lossy_value_specialized,ok,none,accuracy_pass_runtime_win,0.0073,0.0057,1.589041,1.041096,,2606,1904,fp16,fp16,false,0,0,false,0,spmv_max_rel,SKIP
impcol_e.mtx,bf16_lb,bf16_lb,controlled_lossy_value_specialized,ok,none,accuracy_pass_runtime_win,0.0068,0.0048,1.705882,1.117647,,2606,1904,bf16,bf16,false,0,0,false,0,spmv_max_rel,SKIP
impcol_e.mtx,bfp8_lb,bfp8_lb,controlled_lossy_value_specialized,ok,none,accuracy_pass_runtime_win,0.0072,0.0059,1.611111,1.055556,,1779,1904,bfp8,bfp8,false,0,0,false,0,spmv_max_rel,SKIP
impcol_e.mtx,bfp8_outlier_lb,bfp8_outlier_lb,controlled_lossy_value_specialized,ok,none,accuracy_pass_runtime_win,0.0075,0.0063,1.546667,1.013333,,1779,1904,bfp8_outlier,bfp8_outlier,false,0,0,false,0,spmv_max_rel,SKIP
impcol_e.mtx,bfp4_lb,bfp4_lb,controlled_lossy_value_specialized,ok,none,accuracy_pass_runtime_loss,0.0076,0.0068,1.526316,1.000000,,1128,1904,bfp4,bfp4,false,0,0,false,0,spmv_max_rel,SKIP
impcol_e.mtx,hybrid_lb,hybrid_lb,structural_hybrid,ok,none,promoted_fallback,0.0071,0.0047,1.633803,1.070423,,10424,,original,raw_double,false,,,1,0,exact_abs_or_rel,SKIP
impcol_e.mtx,cusparse_default,cusparse_csr,external_baseline,ok,none,external_baseline,0.0116,0.0082,1.000000,0.655172,,10424,6116,original,original,false,,,true,0,exact_abs_or_rel,SKIP
jagmesh8.mtx,original_lb,original_lb,load_balanced_traversal,ok,none,promoted_fallback,0.0074,0.0056,1.918919,1.000000,,59720,12400,original,original,false,0,0,true,0,exact_abs_or_rel,SKIP
jagmesh8.mtx,auto_lossless_lb,all_one_lb,lossless_value_specialized,ok,none,accuracy_pass_runtime_loss,0.0078,0.0061,1.820513,0.948718,,0,12400,auto_lossless,all_one,true,1,0,true,0,exact_abs_or_rel,SKIP
jagmesh8.mtx,fp16_lb,fp16_lb,controlled_lossy_value_specialized,ok,none,accuracy_pass_runtime_win,0.0069,0.0057,2.057971,1.072464,,14930,12400,fp16,fp16,false,0,0,false,0,spmv_max_rel,SKIP
jagmesh8.mtx,bf16_lb,bf16_lb,controlled_lossy_value_specialized,ok,none,accuracy_pass_runtime_win,0.0070,0.0055,2.028571,1.057143,,14930,12400,bf16,bf16,false,0,0,false,0,spmv_max_rel,SKIP
jagmesh8.mtx,bfp8_lb,bfp8_lb,controlled_lossy_value_specialized,ok,none,accuracy_pass_runtime_loss,0.0074,0.0064,1.918919,1.000000,,10565,12400,bfp8,bfp8,false,0,0,false,0,spmv_max_rel,SKIP
jagmesh8.mtx,bfp8_outlier_lb,bfp8_outlier_lb,controlled_lossy_value_specialized,ok,none,accuracy_pass_runtime_loss,0.0075,0.0068,1.893333,0.986667,,10565,12400,bfp8_outlier,bfp8_outlier,false,0,0,false,0,spmv_max_rel,SKIP
jagmesh8.mtx,bfp4_lb,bfp4_lb,controlled_lossy_value_specialized,ok,none,accuracy_pass_runtime_loss,0.0088,0.0067,1.613636,0.840909,,6833,12400,bfp4,bfp4,false,0,0,false,0,spmv_max_rel,SKIP
jagmesh8.mtx,hybrid_lb,hybrid_lb,structural_hybrid,ok,none,promoted_fallback,0.0069,0.0054,2.057971,1.072464,,59720,,original,raw_double,false,,,1,0,exact_abs_or_rel,SKIP
jagmesh8.mtx,cusparse_default,cusparse_csr,external_baseline,ok,none,external_baseline,0.0142,0.0123,1.000000,0.521127,,59720,34428,original,original,false,,,true,0,exact_abs_or_rel,SKIP
kineticBatchReactor_4.mtx,original_lb,original_lb,load_balanced_traversal,ok,none,promoted_fallback,0.0092,0.0087,1.739130,1.000000,,598952,151336,original,original,false,0,0,true,0,exact_abs_or_rel,SKIP
kineticBatchReactor_4.mtx,auto_lossless_lb,original_lb,load_balanced_traversal,ok,none,promoted_fallback,0.0141,0.0127,1.134752,0.652482,,598952,151336,auto_lossless,original,true,30101,598952,true,0,exact_abs_or_rel,SKIP
kineticBatchReactor_4.mtx,fp16_lb,fp16_lb,controlled_lossy_value_specialized,ok,none,accuracy_pass_runtime_loss,0.0095,0.0082,1.684211,0.968421,,149738,151336,fp16,fp16,false,0,0,false,0,spmv_max_rel,SKIP
kineticBatchReactor_4.mtx,bf16_lb,bf16_lb,controlled_lossy_value_specialized,ok,none,accuracy_pass_runtime_loss,0.0092,0.0087,1.739130,1.000000,,149738,151336,bf16,bf16,false,0,0,false,0,spmv_max_rel,SKIP
kineticBatchReactor_4.mtx,bfp8_lb,bfp8_lb,controlled_lossy_value_specialized,ok,none,accuracy_pass_runtime_win,0.0091,0.0080,1.758242,1.010989,,112703,151336,bfp8,bfp8,false,0,0,false,0,spmv_max_rel,SKIP
kineticBatchReactor_4.mtx,bfp8_outlier_lb,bfp8_outlier_lb,controlled_lossy_value_specialized,ok,none,accuracy_pass_runtime_loss,0.0120,0.0108,1.333333,0.766667,,118687,151336,bfp8_outlier,bfp8_outlier,false,0,0,false,0,spmv_max_rel,SKIP
kineticBatchReactor_4.mtx,bfp4_lb,bfp4_lb,controlled_lossy_value_specialized,ok,none,accuracy_pass_runtime_loss,0.0141,0.0131,1.134752,0.652482,,75269,151336,bfp4,bfp4,false,0,0,false,0,spmv_max_rel,SKIP
kineticBatchReactor_4.mtx,hybrid_lb,hybrid_lb,structural_hybrid,ok,none,promoted_fallback,0.0109,0.0096,1.467890,0.844037,,598952,,original,raw_double,false,,,1,0,exact_abs_or_rel,SKIP
kineticBatchReactor_4.mtx,cusparse_default,cusparse_csr,external_baseline,ok,none,external_baseline,0.0160,0.0123,1.000000,0.575000,,598952,327900,original,original,false,,,true,0,exact_abs_or_rel,SKIP
kl02.mtx,original_lb,original_lb,load_balanced_traversal,ok,none,promoted_fallback,0.0091,0.0082,1.406593,1.000000,,1700288,431928,original,original,false,0,0,true,0,exact_abs_or_rel,SKIP
kl02.mtx,auto_lossless_lb,all_one_lb,lossless_value_specialized,ok,none,accuracy_pass_runtime_loss,0.0097,0.0088,1.319588,0.938144,,0,431928,auto_lossless,all_one,true,1,0,true,0,exact_abs_or_rel,SKIP
kl02.mtx,fp16_lb,fp16_lb,controlled_lossy_value_specialized,ok,none,accuracy_pass_runtime_loss,0.0097,0.0085,1.319588,0.938144,,425072,431928,fp16,fp16,false,0,0,false,0,spmv_max_rel,SKIP
kl02.mtx,bf16_lb,bf16_lb,controlled_lossy_value_specialized,ok,none,accuracy_pass_runtime_loss,0.0094,0.0087,1.361702,0.968085,,425072,431928,bf16,bf16,false,0,0,false,0,spmv_max_rel,SKIP
kl02.mtx,bfp8_lb,bfp8_lb,controlled_lossy_value_specialized,ok,none,accuracy_pass_runtime_loss,0.0098,0.0089,1.306122,0.928571,,320518,431928,bfp8,bfp8,false,0,0,false,0,spmv_max_rel,SKIP
kl02.mtx,bfp8_outlier_lb,bfp8_outlier_lb,controlled_lossy_value_specialized,ok,none,accuracy_pass_runtime_loss,0.0098,0.0090,1.306122,0.928571,,320518,431928,bfp8_outlier,bfp8_outlier,false,0,0,false,0,spmv_max_rel,SKIP
kl02.mtx,bfp4_lb,bfp4_lb,controlled_lossy_value_specialized,ok,none,accuracy_pass_runtime_loss,0.0134,0.0125,0.955224,0.679104,,214250,431928,bfp4,bfp4,false,0,0,false,0,spmv_max_rel,SKIP
kl02.mtx,hybrid_lb,hybrid_lb,structural_hybrid,ok,none,promoted_fallback,0.0099,0.0086,1.292929,0.919192,,1700288,,original,raw_double,false,,,1,0,exact_abs_or_rel,SKIP
kl02.mtx,cusparse_default,cusparse_csr,external_baseline,ok,none,external_baseline,0.0128,0.0102,1.000000,0.710938,,1700288,850432,original,original,false,,,true,0,exact_abs_or_rel,SKIP
kmnist_norm_10NN.mtx,original_lb,original_lb,load_balanced_traversal,ok,none,promoted_fallback,0.0142,0.0132,1.140845,1.000000,,1255456,1223312,original,original,false,0,0,true,0,exact_abs_or_rel,SKIP
kmnist_norm_10NN.mtx,auto_lossless_lb,original_lb,load_balanced_traversal,ok,none,promoted_fallback,0.0137,0.0128,1.182482,1.036496,,1255456,1223312,auto_lossless,original,true,70648,1255456,true,0,exact_abs_or_rel,SKIP
kmnist_norm_10NN.mtx,fp16_lb,fp16_lb,controlled_lossy_value_specialized,ok,none,accuracy_pass_runtime_win,0.0137,0.0124,1.182482,1.036496,,313864,1223312,fp16,fp16,false,0,0,false,0,spmv_max_rel,SKIP
kmnist_norm_10NN.mtx,bf16_lb,bf16_lb,controlled_lossy_value_specialized,ok,none,accuracy_pass_runtime_win,0.0137,0.0124,1.182482,1.036496,,313864,1223312,bf16,bf16,false,0,0,false,0,spmv_max_rel,SKIP
kmnist_norm_10NN.mtx,bfp8_lb,bfp8_lb,controlled_lossy_value_specialized,ok,none,accuracy_pass_runtime_win,0.0136,0.0116,1.191176,1.044118,,462760,1223312,bfp8,bfp8,false,0,0,false,0,spmv_max_rel,SKIP
kmnist_norm_10NN.mtx,bfp8_outlier_lb,bfp8_outlier_lb,controlled_lossy_value_specialized,ok,none,accuracy_pass_runtime_loss,0.0144,0.0127,1.125000,0.986111,,475304,1223312,bfp8_outlier,bfp8_outlier,false,0,0,false,0,spmv_max_rel,SKIP
kmnist_norm_10NN.mtx,bfp4_lb,bfp4_lb,controlled_lossy_value_specialized,ok,none,accuracy_pass_runtime_win,0.0136,0.0131,1.191176,1.044118,,384294,1223312,bfp4,bfp4,false,0,0,false,0,spmv_max_rel,SKIP
kmnist_norm_10NN.mtx,hybrid_lb,hybrid_lb,structural_hybrid,ok,none,promoted_fallback,0.0112,0.0089,1.446429,1.267857,,1255456,,original,raw_double,false,,,1,0,exact_abs_or_rel,SKIP
kmnist_norm_10NN.mtx,cusparse_default,cusparse_csr,external_baseline,ok,none,external_baseline,0.0162,0.0143,1.000000,0.876543,,1255456,667732,original,original,false,,,true,0,exact_abs_or_rel,SKIP
l30.mtx,original_lb,original_lb,load_balanced_traversal,ok,none,promoted_fallback,0.0095,0.0071,1.463158,1.000000,,416560,59344,original,original,false,0,0,true,0,exact_abs_or_rel,SKIP
l30.mtx,auto_lossless_lb,dict256_u8_lb,lossless_value_specialized,ok,none,accuracy_pass_runtime_loss,0.0118,0.0101,1.177966,0.805085,,237512,59344,auto_lossless,dict256_u8,true,17,237512,true,17,exact_abs_or_rel,SKIP
l30.mtx,fp16_lb,fp16_lb,controlled_lossy_value_specialized,ok,none,accuracy_pass_runtime_loss,0.0102,0.0087,1.362745,0.931373,,104140,59344,fp16,fp16,false,0,0,false,0,spmv_max_rel,SKIP
l30.mtx,bf16_lb,bf16_lb,controlled_lossy_value_specialized,ok,none,accuracy_pass_runtime_win,0.0094,0.0077,1.478723,1.010638,,104140,59344,bf16,bf16,false,0,0,false,0,spmv_max_rel,SKIP
l30.mtx,bfp8_lb,bfp8_lb,controlled_lossy_value_specialized,ok,none,accuracy_pass_runtime_win,0.0093,0.0084,1.494624,1.021505,,66906,59344,bfp8,bfp8,false,0,0,false,0,spmv_max_rel,SKIP
l30.mtx,bfp8_outlier_lb,bfp8_outlier_lb,controlled_lossy_value_specialized,ok,none,accuracy_pass_runtime_win,0.0094,0.0084,1.478723,1.010638,,66906,59344,bfp8_outlier,bfp8_outlier,false,0,0,false,0,spmv_max_rel,SKIP
l30.mtx,bfp4_lb,bfp4_lb,controlled_lossy_value_specialized,ok,none,accuracy_pass_runtime_loss,0.0135,0.0116,1.029630,0.703704,,40871,59344,bfp4,bfp4,false,0,0,false,0,spmv_max_rel,SKIP
l30.mtx,hybrid_lb,hybrid_lb,structural_hybrid,ok,none,promoted_fallback,0.0076,0.0066,1.828947,1.250000,,416560,,original,raw_double,false,,,1,0,exact_abs_or_rel,SKIP
l30.mtx,cusparse_default,cusparse_csr,external_baseline,ok,none,external_baseline,0.0139,0.0102,1.000000,0.683453,,416560,219088,original,original,false,,,true,0,exact_abs_or_rel,SKIP
large_A_06.mtx,original_lb,original_lb,load_balanced_traversal,ok,none,promoted_fallback,0.0076,0.0064,1.881579,1.000000,,154512,51912,original,original,false,0,0,true,0,exact_abs_or_rel,SKIP
large_A_06.mtx,auto_lossless_lb,original_lb,load_balanced_traversal,ok,none,promoted_fallback,0.0075,0.0065,1.906667,1.013333,,154512,51912,auto_lossless,original,true,3678,154512,true,0,exact_abs_or_rel,SKIP
large_A_06.mtx,fp16_lb,fp16_lb,controlled_lossy_value_specialized,ok,none,accuracy_pass_runtime_loss,0.0077,0.0068,1.857143,0.987013,,38628,51912,fp16,fp16,false,0,0,false,0,spmv_max_rel,SKIP
large_A_06.mtx,bf16_lb,bf16_lb,controlled_lossy_value_specialized,ok,none,accuracy_pass_runtime_loss,0.0078,0.0069,1.833333,0.974359,,38628,51912,bf16,bf16,false,0,0,false,0,spmv_max_rel,SKIP
large_A_06.mtx,bfp8_lb,bfp8_lb,controlled_lossy_value_specialized,ok,none,accuracy_pass_runtime_win,0.0073,0.0064,1.958904,1.041096,,32292,51912,bfp8,bfp8,false,0,0,false,0,spmv_max_rel,SKIP
large_A_06.mtx,bfp8_outlier_lb,bfp8_outlier_lb,controlled_lossy_value_specialized,ok,none,accuracy_pass_runtime_loss,0.0078,0.0064,1.833333,0.974359,,32292,51912,bfp8_outlier,bfp8_outlier,false,0,0,false,0,spmv_max_rel,SKIP
large_A_06.mtx,bfp4_lb,bfp4_lb,controlled_lossy_value_specialized,ok,none,accuracy_pass_runtime_loss,0.0097,0.0088,1.474227,0.783505,,22635,51912,bfp4,bfp4,false,0,0,false,0,spmv_max_rel,SKIP
large_A_06.mtx,hybrid_lb,hybrid_lb,structural_hybrid,ok,none,promoted_fallback,0.0079,0.0071,1.810127,0.962025,,154512,,original,raw_double,false,,,1,0,exact_abs_or_rel,SKIP
large_A_06.mtx,cusparse_default,cusparse_csr,external_baseline,ok,none,external_baseline,0.0143,0.0123,1.000000,0.531469,,154512,94208,original,original,false,,,true,0,exact_abs_or_rel,SKIP
large_A_14.mtx,original_lb,original_lb,load_balanced_traversal,ok,none,promoted_fallback,0.0081,0.0066,1.802469,1.000000,,157504,55864,original,original,false,0,0,true,0,exact_abs_or_rel,SKIP
large_A_14.mtx,auto_lossless_lb,original_lb,load_balanced_traversal,ok,none,promoted_fallback,0.0076,0.0066,1.921053,1.065789,,157504,55864,auto_lossless,original,true,3930,157504,true,0,exact_abs_or_rel,SKIP
large_A_14.mtx,fp16_lb,fp16_lb,controlled_lossy_value_specialized,ok,none,accuracy_pass_runtime_loss,0.0095,0.0069,1.536842,0.852632,,39376,55864,fp16,fp16,false,0,0,false,0,spmv_max_rel,SKIP
large_A_14.mtx,bf16_lb,bf16_lb,controlled_lossy_value_specialized,ok,none,accuracy_pass_runtime_loss,0.0087,0.0078,1.678161,0.931034,,39376,55864,bf16,bf16,false,0,0,false,0,spmv_max_rel,SKIP
large_A_14.mtx,bfp8_lb,bfp8_lb,controlled_lossy_value_specialized,ok,none,accuracy_pass_runtime_loss,0.0096,0.0070,1.520833,0.843750,,33654,55864,bfp8,bfp8,false,0,0,false,0,spmv_max_rel,SKIP
large_A_14.mtx,bfp8_outlier_lb,bfp8_outlier_lb,controlled_lossy_value_specialized,ok,none,accuracy_pass_runtime_loss,0.0095,0.0069,1.536842,0.852632,,33654,55864,bfp8_outlier,bfp8_outlier,false,0,0,false,0,spmv_max_rel,SKIP
large_A_14.mtx,bfp4_lb,bfp4_lb,controlled_lossy_value_specialized,ok,none,accuracy_pass_runtime_loss,0.0097,0.0090,1.505155,0.835052,,23810,55864,bfp4,bfp4,false,0,0,false,0,spmv_max_rel,SKIP
large_A_14.mtx,hybrid_lb,hybrid_lb,structural_hybrid,ok,none,promoted_fallback,0.0072,0.0060,2.027778,1.125000,,157504,,original,raw_double,false,,,1,0,exact_abs_or_rel,SKIP
large_A_14.mtx,cusparse_default,cusparse_csr,external_baseline,ok,none,external_baseline,0.0146,0.0123,1.000000,0.554795,,157504,95748,original,original,false,,,true,0,exact_abs_or_rel,SKIP
large_A_22.mtx,original_lb,original_lb,load_balanced_traversal,ok,none,promoted_fallback,0.0085,0.0078,1.729412,1.000000,,159616,56152,original,original,false,0,0,true,0,exact_abs_or_rel,SKIP
large_A_22.mtx,auto_lossless_lb,original_lb,load_balanced_traversal,ok,none,promoted_fallback,0.0072,0.0065,2.041667,1.180556,,159616,56152,auto_lossless,original,true,3873,159616,true,0,exact_abs_or_rel,SKIP
large_A_22.mtx,fp16_lb,fp16_lb,controlled_lossy_value_specialized,ok,none,accuracy_pass_runtime_win,0.0067,0.0052,2.194030,1.268657,,39904,56152,fp16,fp16,false,0,0,false,0,spmv_max_rel,SKIP
large_A_22.mtx,bf16_lb,bf16_lb,controlled_lossy_value_specialized,ok,none,accuracy_pass_runtime_win,0.0066,0.0050,2.227273,1.287879,,39904,56152,bf16,bf16,false,0,0,false,0,spmv_max_rel,SKIP
large_A_22.mtx,bfp8_lb,bfp8_lb,controlled_lossy_value_specialized,ok,none,accuracy_pass_runtime_loss,0.0087,0.0070,1.689655,0.977011,,33990,56152,bfp8,bfp8,false,0,0,false,0,spmv_max_rel,SKIP
large_A_22.mtx,bfp8_outlier_lb,bfp8_outlier_lb,controlled_lossy_value_specialized,ok,none,accuracy_pass_runtime_loss,0.0085,0.0068,1.729412,1.000000,,33990,56152,bfp8_outlier,bfp8_outlier,false,0,0,false,0,spmv_max_rel,SKIP
large_A_22.mtx,bfp4_lb,bfp4_lb,controlled_lossy_value_specialized,ok,none,accuracy_pass_runtime_loss,0.0093,0.0085,1.580645,0.913978,,24014,56152,bfp4,bfp4,false,0,0,false,0,spmv_max_rel,SKIP
large_A_22.mtx,hybrid_lb,hybrid_lb,structural_hybrid,ok,none,promoted_fallback,0.0074,0.0054,1.986486,1.148649,,159616,,original,raw_double,false,,,1,0,exact_abs_or_rel,SKIP
large_A_22.mtx,cusparse_default,cusparse_csr,external_baseline,ok,none,external_baseline,0.0147,0.0123,1.000000,0.578231,,159616,97056,original,original,false,,,true,0,exact_abs_or_rel,SKIP
large_A_30.mtx,original_lb,original_lb,load_balanced_traversal,ok,none,promoted_fallback,0.0080,0.0067,1.775000,1.000000,,166016,56832,original,original,false,0,0,true,0,exact_abs_or_rel,SKIP
large_A_30.mtx,auto_lossless_lb,original_lb,load_balanced_traversal,ok,none,promoted_fallback,0.0074,0.0058,1.918919,1.081081,,166016,56832,auto_lossless,original,true,4313,166016,true,0,exact_abs_or_rel,SKIP
large_A_30.mtx,fp16_lb,fp16_lb,controlled_lossy_value_specialized,ok,none,accuracy_pass_runtime_win,0.0073,0.0063,1.945205,1.095890,,41504,56832,fp16,fp16,false,0,0,false,0,spmv_max_rel,SKIP
large_A_30.mtx,bf16_lb,bf16_lb,controlled_lossy_value_specialized,ok,none,accuracy_pass_runtime_win,0.0079,0.0055,1.797468,1.012658,,41504,56832,bf16,bf16,false,0,0,false,0,spmv_max_rel,SKIP
large_A_30.mtx,bfp8_lb,bfp8_lb,controlled_lossy_value_specialized,ok,none,accuracy_pass_runtime_loss,0.0092,0.0079,1.543478,0.869565,,34960,56832,bfp8,bfp8,false,0,0,false,0,spmv_max_rel,SKIP
large_A_30.mtx,bfp8_outlier_lb,bfp8_outlier_lb,controlled_lossy_value_specialized,ok,none,accuracy_pass_runtime_loss,0.0094,0.0071,1.510638,0.851064,,34960,56832,bfp8_outlier,bfp8_outlier,false,0,0,false,0,spmv_max_rel,SKIP
large_A_30.mtx,bfp4_lb,bfp4_lb,controlled_lossy_value_specialized,ok,none,accuracy_pass_runtime_loss,0.0098,0.0089,1.448980,0.816327,,24584,56832,bfp4,bfp4,false,0,0,false,0,spmv_max_rel,SKIP
large_A_30.mtx,hybrid_lb,hybrid_lb,structural_hybrid,ok,none,promoted_fallback,0.0083,0.0066,1.710843,0.963855,,166016,,original,raw_double,false,,,1,0,exact_abs_or_rel,SKIP
large_A_30.mtx,cusparse_default,cusparse_csr,external_baseline,ok,none,external_baseline,0.0142,0.0123,1.000000,0.563380,,166016,100216,original,original,false,,,true,0,exact_abs_or_rel,SKIP
lhr07.mtx,original_lb,original_lb,load_balanced_traversal,ok,none,promoted_fallback,0.0087,0.0077,1.597701,1.000000,,1237280,122672,original,original,false,0,0,true,0,exact_abs_or_rel,SKIP
lhr07.mtx,auto_lossless_lb,original_lb,load_balanced_traversal,ok,none,promoted_fallback,0.0098,0.0084,1.418367,0.887755,,1237280,122672,auto_lossless,original,true,143484,1237280,true,0,exact_abs_or_rel,SKIP
lhr07.mtx,fp16_lb,fp16_lb,controlled_lossy_value_specialized,ok,none,accuracy_pass_runtime_loss,0.0091,0.0070,1.527473,0.956044,,309320,122672,fp16,fp16,false,0,0,false,0,spmv_max_rel,SKIP
lhr07.mtx,bf16_lb,bf16_lb,controlled_lossy_value_specialized,ok,none,accuracy_pass_runtime_loss,0.0092,0.0070,1.510870,0.945652,,309320,122672,bf16,bf16,false,0,0,false,0,spmv_max_rel,SKIP
lhr07.mtx,bfp8_lb,bfp8_lb,controlled_lossy_value_specialized,ok,none,accuracy_pass_runtime_loss,0.0089,0.0073,1.561798,0.977528,,185328,122672,bfp8,bfp8,false,0,0,false,0,spmv_max_rel,SKIP
lhr07.mtx,bfp8_outlier_lb,bfp8_outlier_lb,controlled_lossy_value_specialized,ok,none,accuracy_pass_runtime_loss,0.0114,0.0098,1.219298,0.763158,,197696,122672,bfp8_outlier,bfp8_outlier,false,0,0,false,0,spmv_max_rel,SKIP
lhr07.mtx,bfp4_lb,bfp4_lb,controlled_lossy_value_specialized,ok,none,accuracy_pass_runtime_loss,0.0110,0.0096,1.263636,0.790909,,107998,122672,bfp4,bfp4,false,0,0,false,0,spmv_max_rel,SKIP
lhr07.mtx,hybrid_lb,hybrid_lb,structural_hybrid,ok,none,promoted_fallback,0.0089,0.0068,1.561798,0.977528,,1237280,,original,raw_double,false,,,1,0,exact_abs_or_rel,SKIP
lhr07.mtx,cusparse_default,cusparse_csr,external_baseline,ok,none,external_baseline,0.0139,0.0102,1.000000,0.625899,,1237280,647992,original,original,false,,,true,0,exact_abs_or_rel,SKIP
lns_511.mtx,original_lb,original_lb,load_balanced_traversal,ok,none,promoted_fallback,0.0076,0.0069,1.671053,1.000000,,22368,5800,original,original,false,0,0,true,0,exact_abs_or_rel,SKIP
lns_511.mtx,auto_lossless_lb,original_lb,load_balanced_traversal,ok,none,promoted_fallback,0.0079,0.0071,1.607595,0.962025,,22368,5800,auto_lossless,original,true,569,22368,true,0,exact_abs_or_rel,SKIP
lns_511.mtx,fp16_lb,fp16_lb,controlled_lossy_value_specialized,ok,none,accuracy_pass_runtime_win,0.0071,0.0062,1.788732,1.070423,,5592,5800,fp16,fp16,false,0,0,false,0,spmv_max_rel,SKIP
lns_511.mtx,bf16_lb,bf16_lb,controlled_lossy_value_specialized,ok,none,accuracy_pass_runtime_win,0.0072,0.0064,1.763889,1.055556,,5592,5800,bf16,bf16,false,0,0,false,0,spmv_max_rel,SKIP
lns_511.mtx,bfp8_lb,bfp8_lb,controlled_lossy_value_specialized,ok,none,accuracy_pass_runtime_win,0.0075,0.0070,1.693333,1.013333,,4246,5800,bfp8,bfp8,false,0,0,false,0,spmv_max_rel,SKIP
lns_511.mtx,bfp8_outlier_lb,bfp8_outlier_lb,controlled_lossy_value_specialized,ok,none,accuracy_pass_runtime_loss,0.0101,0.0085,1.257426,0.752475,,4406,5800,bfp8_outlier,bfp8_outlier,false,0,0,false,0,spmv_max_rel,SKIP
lns_511.mtx,bfp4_lb,bfp4_lb,controlled_lossy_value_specialized,ok,none,accuracy_pass_runtime_loss,0.0095,0.0090,1.336842,0.800000,,2848,5800,bfp4,bfp4,false,0,0,false,0,spmv_max_rel,SKIP
lns_511.mtx,hybrid_lb,hybrid_lb,structural_hybrid,ok,none,promoted_fallback,0.0066,0.0049,1.924242,1.151515,,22368,,original,raw_double,false,,,1,0,exact_abs_or_rel,SKIP
lns_511.mtx,cusparse_default,cusparse_csr,external_baseline,ok,none,external_baseline,0.0127,0.0102,1.000000,0.598425,,22368,13232,original,original,false,,,true,0,exact_abs_or_rel,SKIP
loc-Gowalla.mtx,original_lb,original_lb,load_balanced_traversal,ok,none,promoted_fallback,0.0676,0.0667,0.457101,1.000000,,15205232,10775592,original,original,false,0,0,true,0,exact_abs_or_rel,SKIP
loc-Gowalla.mtx,auto_lossless_lb,all_one_lb,lossless_value_specialized,ok,none,accuracy_pass_runtime_win,0.0662,0.0647,0.466767,1.021148,,0,10775592,auto_lossless,all_one,true,1,0,true,0,exact_abs_or_rel,SKIP
loc-Gowalla.mtx,fp16_lb,fp16_lb,controlled_lossy_value_specialized,ok,none,accuracy_pass_runtime_win,0.0605,0.0582,0.510744,1.117355,,3801308,10775592,fp16,fp16,false,0,0,false,0,spmv_max_rel,SKIP
loc-Gowalla.mtx,bf16_lb,bf16_lb,controlled_lossy_value_specialized,ok,none,accuracy_pass_runtime_win,0.0601,0.0588,0.514143,1.124792,,3801308,10775592,bf16,bf16,false,0,0,false,0,spmv_max_rel,SKIP
loc-Gowalla.mtx,bfp8_lb,bfp8_lb,controlled_lossy_value_specialized,ok,none,accuracy_pass_runtime_win,0.0607,0.0590,0.509061,1.113674,,4594552,10775592,bfp8,bfp8,false,0,0,false,0,spmv_max_rel,SKIP
loc-Gowalla.mtx,bfp8_outlier_lb,bfp8_outlier_lb,controlled_lossy_value_specialized,ok,none,accuracy_pass_runtime_win,0.0611,0.0595,0.505728,1.106383,,4594552,10775592,bfp8_outlier,bfp8_outlier,false,0,0,false,0,spmv_max_rel,SKIP
loc-Gowalla.mtx,bfp4_lb,bfp4_lb,controlled_lossy_value_specialized,ok,none,accuracy_pass_runtime_win,0.0652,0.0644,0.473926,1.036810,,3644225,10775592,bfp4,bfp4,false,0,0,false,0,spmv_max_rel,SKIP
loc-Gowalla.mtx,hybrid_lb,hybrid_lb,structural_hybrid,ok,none,promoted_fallback,0.0254,0.0235,1.216535,2.661417,,15205232,,original,raw_double,false,,,1,0,exact_abs_or_rel,SKIP
loc-Gowalla.mtx,cusparse_default,cusparse_csr,external_baseline,ok,none,external_baseline,0.0309,0.0287,1.000000,2.187702,,15205232,8388984,original,original,false,,,true,0,exact_abs_or_rel,SKIP
lowThrust_3.mtx,original_lb,original_lb,load_balanced_traversal,ok,none,promoted_fallback,0.0090,0.0084,1.611111,1.000000,,645160,147536,original,original,false,0,0,true,0,exact_abs_or_rel,SKIP
lowThrust_3.mtx,auto_lossless_lb,original_lb,load_balanced_traversal,ok,none,promoted_fallback,0.0104,0.0099,1.394231,0.865385,,645160,147536,auto_lossless,original,true,30024,645160,true,0,exact_abs_or_rel,SKIP
lowThrust_3.mtx,fp16_lb,fp16_lb,controlled_lossy_value_specialized,ok,none,accuracy_pass_runtime_loss,0.0094,0.0086,1.542553,0.957447,,161290,147536,fp16,fp16,false,0,0,false,0,spmv_max_rel,SKIP
lowThrust_3.mtx,bf16_lb,bf16_lb,controlled_lossy_value_specialized,ok,none,accuracy_pass_runtime_loss,0.0094,0.0086,1.542553,0.957447,,161290,147536,bf16,bf16,false,0,0,false,0,spmv_max_rel,SKIP
lowThrust_3.mtx,bfp8_lb,bfp8_lb,controlled_lossy_value_specialized,ok,none,accuracy_pass_runtime_loss,0.0102,0.0096,1.421569,0.882353,,117529,147536,bfp8,bfp8,false,0,0,false,0,spmv_max_rel,SKIP
lowThrust_3.mtx,bfp8_outlier_lb,bfp8_outlier_lb,controlled_lossy_value_specialized,ok,none,accuracy_pass_runtime_loss,0.0118,0.0101,1.228814,0.762712,,117561,147536,bfp8_outlier,bfp8_outlier,false,0,0,false,0,spmv_max_rel,SKIP
lowThrust_3.mtx,bfp4_lb,bfp4_lb,controlled_lossy_value_specialized,ok,none,accuracy_pass_runtime_loss,0.0139,0.0120,1.043165,0.647482,,77207,147536,bfp4,bfp4,false,0,0,false,0,spmv_max_rel,SKIP
lowThrust_3.mtx,hybrid_lb,hybrid_lb,structural_hybrid,ok,none,promoted_fallback,0.0087,0.0066,1.666667,1.034483,,645160,,original,raw_double,false,,,1,0,exact_abs_or_rel,SKIP
lowThrust_3.mtx,cusparse_default,cusparse_csr,external_baseline,ok,none,external_baseline,0.0145,0.0123,1.000000,0.620690,,645160,350840,original,original,false,,,true,0,exact_abs_or_rel,SKIP
lp22.mtx,original_lb,original_lb,load_balanced_traversal,ok,none,promoted_fallback,0.0099,0.0091,1.525253,1.000000,,548144,279800,original,original,false,0,0,true,0,exact_abs_or_rel,SKIP
lp22.mtx,auto_lossless_lb,sign2_lb,lossless_value_specialized,ok,none,accuracy_pass_runtime_loss,0.0107,0.0092,1.411215,0.925234,,139900,279800,auto_lossless,sign2,true,2,139900,true,0,exact_abs_or_rel,SKIP
lp22.mtx,fp16_lb,fp16_lb,controlled_lossy_value_specialized,ok,none,accuracy_pass_runtime_loss,0.0100,0.0092,1.510000,0.990000,,137036,279800,fp16,fp16,false,0,0,false,0,spmv_max_rel,SKIP
lp22.mtx,bf16_lb,bf16_lb,controlled_lossy_value_specialized,ok,none,accuracy_pass_runtime_loss,0.0101,0.0092,1.495050,0.980198,,137036,279800,bf16,bf16,false,0,0,false,0,spmv_max_rel,SKIP
lp22.mtx,bfp8_lb,bfp8_lb,controlled_lossy_value_specialized,ok,none,accuracy_pass_runtime_loss,0.0105,0.0090,1.438095,0.942857,,138468,279800,bfp8,bfp8,false,0,0,false,0,spmv_max_rel,SKIP
lp22.mtx,bfp8_outlier_lb,bfp8_outlier_lb,controlled_lossy_value_specialized,ok,none,accuracy_pass_runtime_loss,0.0104,0.0091,1.451923,0.951923,,138468,279800,bfp8_outlier,bfp8_outlier,false,0,0,false,0,spmv_max_rel,SKIP
lp22.mtx,bfp4_lb,bfp4_lb,controlled_lossy_value_specialized,ok,none,accuracy_pass_runtime_loss,0.0132,0.0129,1.143939,0.750000,,104209,279800,bfp4,bfp4,false,0,0,false,0,spmv_max_rel,SKIP
lp22.mtx,hybrid_lb,hybrid_lb,structural_hybrid,ok,none,promoted_fallback,0.0091,0.0073,1.659341,1.087912,,548144,,original,raw_double,false,,,1,0,exact_abs_or_rel,SKIP
lp22.mtx,cusparse_default,cusparse_csr,external_baseline,ok,none,external_baseline,0.0151,0.0123,1.000000,0.655629,,548144,285908,original,original,false,,,true,0,exact_abs_or_rel,SKIP
lp_agg.mtx,original_lb,original_lb,load_balanced_traversal,ok,none,promoted_fallback,0.0079,0.0068,1.632911,1.000000,,22896,6648,original,original,false,0,0,true,0,exact_abs_or_rel,SKIP
lp_agg.mtx,auto_lossless_lb,original_lb,load_balanced_traversal,ok,none,promoted_fallback,0.0083,0.0067,1.554217,0.951807,,22896,6648,auto_lossless,original,true,833,22896,true,0,exact_abs_or_rel,SKIP
lp_agg.mtx,fp16_lb,fp16_lb,controlled_lossy_value_specialized,ok,none,accuracy_pass_runtime_loss,0.0102,0.0090,1.264706,0.774510,,5724,6648,fp16,fp16,false,0,0,false,0,spmv_max_rel,SKIP
lp_agg.mtx,bf16_lb,bf16_lb,controlled_lossy_value_specialized,ok,none,accuracy_pass_runtime_loss,0.0099,0.0092,1.303030,0.797980,,5724,6648,bf16,bf16,false,0,0,false,0,spmv_max_rel,SKIP
lp_agg.mtx,bfp8_lb,bfp8_lb,controlled_lossy_value_specialized,ok,none,accuracy_pass_runtime_loss,0.0091,0.0073,1.417582,0.868132,,4524,6648,bfp8,bfp8,false,0,0,false,0,spmv_max_rel,SKIP
lp_agg.mtx,bfp8_outlier_lb,bfp8_outlier_lb,controlled_lossy_value_specialized,ok,none,accuracy_pass_runtime_loss,0.0117,0.0099,1.102564,0.675214,,4748,6648,bfp8_outlier,bfp8_outlier,false,0,0,false,0,spmv_max_rel,SKIP
lp_agg.mtx,bfp4_lb,bfp4_lb,controlled_lossy_value_specialized,ok,none,accuracy_pass_runtime_loss,0.0122,0.0109,1.057377,0.647541,,3093,6648,bfp4,bfp4,false,0,0,false,0,spmv_max_rel,SKIP
lp_agg.mtx,hybrid_lb,hybrid_lb,structural_hybrid,ok,none,promoted_fallback,0.0074,0.0057,1.743243,1.067568,,22896,,original,raw_double,false,,,1,0,exact_abs_or_rel,SKIP
lp_agg.mtx,cusparse_default,cusparse_csr,external_baseline,ok,none,external_baseline,0.0129,0.0102,1.000000,0.612403,,22896,13404,original,original,false,,,true,0,exact_abs_or_rel,SKIP
lp_bore3d.mtx,original_lb,original_lb,load_balanced_traversal,ok,none,promoted_fallback,0.0084,0.0076,1.488095,1.000000,,11584,3536,original,original,false,0,0,true,0,exact_abs_or_rel,SKIP
lp_bore3d.mtx,auto_lossless_lb,original_lb,load_balanced_traversal,ok,none,promoted_fallback,0.0087,0.0074,1.436782,0.965517,,11584,3536,auto_lossless,original,true,486,11584,true,0,exact_abs_or_rel,SKIP
lp_bore3d.mtx,fp16_lb,fp16_lb,controlled_lossy_value_specialized,ok,none,accuracy_pass_runtime_loss,0.0099,0.0086,1.262626,0.848485,,2896,3536,fp16,fp16,false,0,0,false,0,spmv_max_rel,SKIP
lp_bore3d.mtx,bf16_lb,bf16_lb,controlled_lossy_value_specialized,ok,none,accuracy_pass_runtime_loss,0.0096,0.0077,1.302083,0.875000,,2896,3536,bf16,bf16,false,0,0,false,0,spmv_max_rel,SKIP
lp_bore3d.mtx,bfp8_lb,bfp8_lb,controlled_lossy_value_specialized,ok,none,accuracy_pass_runtime_loss,0.0100,0.0088,1.250000,0.840000,,2332,3536,bfp8,bfp8,false,0,0,false,0,spmv_max_rel,SKIP
lp_bore3d.mtx,bfp8_outlier_lb,bfp8_outlier_lb,controlled_lossy_value_specialized,ok,none,accuracy_pass_runtime_loss,0.0108,0.0099,1.157407,0.777778,,2444,3536,bfp8_outlier,bfp8_outlier,false,0,0,false,0,spmv_max_rel,SKIP
lp_bore3d.mtx,bfp4_lb,bfp4_lb,controlled_lossy_value_specialized,ok,none,accuracy_pass_runtime_loss,0.0113,0.0091,1.106195,0.743363,,1608,3536,bfp4,bfp4,false,0,0,false,0,spmv_max_rel,SKIP
lp_bore3d.mtx,hybrid_lb,hybrid_lb,structural_hybrid,ok,none,promoted_fallback,0.0079,0.0067,1.582278,1.063291,,11584,,original,raw_double,false,,,1,0,exact_abs_or_rel,SKIP
lp_bore3d.mtx,cusparse_default,cusparse_csr,external_baseline,ok,none,external_baseline,0.0125,0.0082,1.000000,0.672000,,11584,6728,original,original,false,,,true,0,exact_abs_or_rel,SKIP
lp_czprob.mtx,original_lb,original_lb,load_balanced_traversal,ok,none,promoted_fallback,0.0095,0.0089,1.368421,1.000000,,85664,36016,original,original,false,0,0,true,0,exact_abs_or_rel,SKIP
lp_czprob.mtx,auto_lossless_lb,original_lb,load_balanced_traversal,ok,none,promoted_fallback,0.0092,0.0075,1.413043,1.032609,,85664,36016,auto_lossless,original,true,431,85664,true,0,exact_abs_or_rel,SKIP
lp_czprob.mtx,fp16_lb,fp16_lb,controlled_lossy_value_specialized,ok,none,accuracy_pass_runtime_loss,0.0112,0.0098,1.160714,0.848214,,21416,36016,fp16,fp16,false,0,0,false,0,spmv_max_rel,SKIP
lp_czprob.mtx,bf16_lb,bf16_lb,controlled_lossy_value_specialized,ok,none,accuracy_pass_runtime_loss,0.0109,0.0087,1.192661,0.871560,,21416,36016,bf16,bf16,false,0,0,false,0,spmv_max_rel,SKIP
lp_czprob.mtx,bfp8_lb,bfp8_lb,controlled_lossy_value_specialized,ok,none,accuracy_pass_runtime_loss,0.0103,0.0089,1.262136,0.922330,,19712,36016,bfp8,bfp8,false,0,0,false,0,spmv_max_rel,SKIP
lp_czprob.mtx,bfp8_outlier_lb,bfp8_outlier_lb,controlled_lossy_value_specialized,ok,none,accuracy_pass_runtime_loss,0.0117,0.0104,1.111111,0.811966,,20096,36016,bfp8_outlier,bfp8_outlier,false,0,0,false,0,spmv_max_rel,SKIP
lp_czprob.mtx,bfp4_lb,bfp4_lb,controlled_lossy_value_specialized,ok,none,accuracy_pass_runtime_loss,0.0132,0.0128,0.984848,0.719697,,14358,36016,bfp4,bfp4,false,0,0,false,0,spmv_max_rel,SKIP
lp_czprob.mtx,hybrid_lb,hybrid_lb,structural_hybrid,ok,none,promoted_fallback,0.0106,0.0077,1.226415,0.896226,,85664,,original,raw_double,false,,,1,0,exact_abs_or_rel,SKIP
lp_czprob.mtx,cusparse_default,cusparse_csr,external_baseline,ok,none,external_baseline,0.0130,0.0102,1.000000,0.730769,,85664,46552,original,original,false,,,true,0,exact_abs_or_rel,SKIP
lp_fffff800.mtx,original_lb,original_lb,load_balanced_traversal,ok,none,promoted_fallback,0.0087,0.0071,1.494253,1.000000,,51208,9152,original,original,false,0,0,true,0,exact_abs_or_rel,SKIP
lp_fffff800.mtx,auto_lossless_lb,original_lb,load_balanced_traversal,ok,none,promoted_fallback,0.0083,0.0074,1.566265,1.048193,,51208,9152,auto_lossless,original,true,550,51208,true,0,exact_abs_or_rel,SKIP
lp_fffff800.mtx,fp16_lb,fp16_lb,controlled_lossy_value_specialized,ok,none,accuracy_pass_runtime_loss,0.0095,0.0079,1.368421,0.915789,,12802,9152,fp16,fp16,false,0,0,false,0,spmv_max_rel,SKIP
lp_fffff800.mtx,bf16_lb,bf16_lb,controlled_lossy_value_specialized,ok,none,accuracy_pass_runtime_loss,0.0093,0.0080,1.397849,0.935484,,12802,9152,bf16,bf16,false,0,0,false,0,spmv_max_rel,SKIP
lp_fffff800.mtx,bfp8_lb,bfp8_lb,controlled_lossy_value_specialized,ok,none,accuracy_pass_runtime_loss,0.0099,0.0093,1.313131,0.878788,,8689,9152,bfp8,bfp8,false,0,0,false,0,spmv_max_rel,SKIP
lp_fffff800.mtx,bfp8_outlier_lb,bfp8_outlier_lb,controlled_lossy_value_specialized,ok,none,accuracy_pass_runtime_loss,0.0118,0.0107,1.101695,0.737288,,9169,9152,bfp8_outlier,bfp8_outlier,false,0,0,false,0,spmv_max_rel,SKIP
lp_fffff800.mtx,bfp4_lb,bfp4_lb,controlled_lossy_value_specialized,ok,none,accuracy_pass_runtime_loss,0.0126,0.0116,1.031746,0.690476,,5489,9152,bfp4,bfp4,false,0,0,false,0,spmv_max_rel,SKIP
lp_fffff800.mtx,hybrid_lb,hybrid_lb,structural_hybrid,ok,none,promoted_fallback,0.0109,0.0098,1.192661,0.798165,,51208,,original,raw_double,false,,,1,0,exact_abs_or_rel,SKIP
lp_fffff800.mtx,cusparse_default,cusparse_csr,external_baseline,ok,none,external_baseline,0.0130,0.0102,1.000000,0.669231,,51208,27704,original,original,false,,,true,0,exact_abs_or_rel,SKIP
lp_greenbea.mtx,original_lb,original_lb,load_balanced_traversal,ok,none,promoted_fallback,0.0086,0.0074,1.639535,1.000000,,248560,65592,original,original,false,0,0,true,0,exact_abs_or_rel,SKIP
lp_greenbea.mtx,auto_lossless_lb,original_lb,load_balanced_traversal,ok,none,promoted_fallback,0.0088,0.0073,1.602273,0.977273,,248560,65592,auto_lossless,original,true,2784,248560,true,0,exact_abs_or_rel,SKIP
lp_greenbea.mtx,fp16_lb,fp16_lb,controlled_lossy_value_specialized,ok,none,accuracy_pass_runtime_loss,0.0096,0.0081,1.468750,0.895833,,62140,65592,fp16,fp16,false,0,0,false,0,spmv_max_rel,SKIP
lp_greenbea.mtx,bf16_lb,bf16_lb,controlled_lossy_value_specialized,ok,none,accuracy_pass_runtime_loss,0.0093,0.0087,1.516129,0.924731,,62140,65592,bf16,bf16,false,0,0,false,0,spmv_max_rel,SKIP
lp_greenbea.mtx,bfp8_lb,bfp8_lb,controlled_lossy_value_specialized,ok,none,accuracy_pass_runtime_loss,0.0096,0.0087,1.468750,0.895833,,47468,65592,bfp8,bfp8,false,0,0,false,0,spmv_max_rel,SKIP
lp_greenbea.mtx,bfp8_outlier_lb,bfp8_outlier_lb,controlled_lossy_value_specialized,ok,none,accuracy_pass_runtime_loss,0.0127,0.0114,1.110236,0.677165,,49724,65592,bfp8_outlier,bfp8_outlier,false,0,0,false,0,spmv_max_rel,SKIP
lp_greenbea.mtx,bfp4_lb,bfp4_lb,controlled_lossy_value_specialized,ok,none,accuracy_pass_runtime_loss,0.0145,0.0135,0.972414,0.593103,,31933,65592,bfp4,bfp4,false,0,0,false,0,spmv_max_rel,SKIP
lp_greenbea.mtx,hybrid_lb,hybrid_lb,structural_hybrid,ok,none,promoted_fallback,0.0098,0.0085,1.438776,0.877551,,248560,,original,raw_double,false,,,1,0,exact_abs_or_rel,SKIP
lp_greenbea.mtx,cusparse_default,cusparse_csr,external_baseline,ok,none,external_baseline,0.0141,0.0102,1.000000,0.609929,,248560,133852,original,original,false,,,true,0,exact_abs_or_rel,SKIP
lp_ken_11.mtx,original_lb,original_lb,load_balanced_traversal,ok,none,promoted_fallback,0.0095,0.0085,1.536842,1.000000,,392464,232688,original,original,false,0,0,true,0,exact_abs_or_rel,SKIP
lp_ken_11.mtx,auto_lossless_lb,sign2_lb,lossless_value_specialized,ok,none,accuracy_pass_runtime_loss,0.0112,0.0095,1.303571,0.848214,,116344,232688,auto_lossless,sign2,true,2,116344,true,0,exact_abs_or_rel,SKIP
lp_ken_11.mtx,fp16_lb,fp16_lb,controlled_lossy_value_specialized,ok,none,accuracy_pass_runtime_win,0.0093,0.0084,1.569892,1.021505,,98116,232688,fp16,fp16,false,0,0,false,0,spmv_max_rel,SKIP
lp_ken_11.mtx,bf16_lb,bf16_lb,controlled_lossy_value_specialized,ok,none,accuracy_pass_runtime_win,0.0091,0.0083,1.604396,1.043956,,98116,232688,bf16,bf16,false,0,0,false,0,spmv_max_rel,SKIP
lp_ken_11.mtx,bfp8_lb,bfp8_lb,controlled_lossy_value_specialized,ok,none,accuracy_pass_runtime_loss,0.0103,0.0086,1.417476,0.922330,,107230,232688,bfp8,bfp8,false,0,0,false,0,spmv_max_rel,SKIP
lp_ken_11.mtx,bfp8_outlier_lb,bfp8_outlier_lb,controlled_lossy_value_specialized,ok,none,accuracy_pass_runtime_loss,0.0111,0.0092,1.315315,0.855856,,107230,232688,bfp8_outlier,bfp8_outlier,false,0,0,false,0,spmv_max_rel,SKIP
lp_ken_11.mtx,bfp4_lb,bfp4_lb,controlled_lossy_value_specialized,ok,none,accuracy_pass_runtime_loss,0.0149,0.0142,0.979866,0.637584,,82701,232688,bfp4,bfp4,false,0,0,false,0,spmv_max_rel,SKIP
lp_ken_11.mtx,hybrid_lb,hybrid_lb,structural_hybrid,ok,none,promoted_fallback,0.0094,0.0080,1.553191,1.010638,,392464,,original,raw_double,false,,,1,0,exact_abs_or_rel,SKIP
lp_ken_11.mtx,cusparse_default,cusparse_csr,external_baseline,ok,none,external_baseline,0.0146,0.0123,1.000000,0.650685,,392464,255012,original,original,false,,,true,0,exact_abs_or_rel,SKIP
lp_nug08.mtx,original_lb,original_lb,load_balanced_traversal,ok,none,promoted_fallback,0.0094,0.0073,1.500000,1.000000,,58368,30960,original,original,false,0,0,true,0,exact_abs_or_rel,SKIP
lp_nug08.mtx,auto_lossless_lb,sign2_lb,lossless_value_specialized,ok,none,accuracy_pass_runtime_loss,0.0102,0.0098,1.382353,0.921569,,15480,30960,auto_lossless,sign2,true,2,15480,true,0,exact_abs_or_rel,SKIP
lp_nug08.mtx,fp16_lb,fp16_lb,controlled_lossy_value_specialized,ok,none,accuracy_pass_runtime_loss,0.0095,0.0080,1.484211,0.989474,,14592,30960,fp16,fp16,false,0,0,false,0,spmv_max_rel,SKIP
lp_nug08.mtx,bf16_lb,bf16_lb,controlled_lossy_value_specialized,ok,none,accuracy_pass_runtime_loss,0.0096,0.0085,1.468750,0.979167,,14592,30960,bf16,bf16,false,0,0,false,0,spmv_max_rel,SKIP
lp_nug08.mtx,bfp8_lb,bfp8_lb,controlled_lossy_value_specialized,ok,none,accuracy_pass_runtime_win,0.0092,0.0076,1.532609,1.021739,,15036,30960,bfp8,bfp8,false,0,0,false,0,spmv_max_rel,SKIP
lp_nug08.mtx,bfp8_outlier_lb,bfp8_outlier_lb,controlled_lossy_value_specialized,ok,none,accuracy_pass_runtime_loss,0.0094,0.0080,1.500000,1.000000,,15036,30960,bfp8_outlier,bfp8_outlier,false,0,0,false,0,spmv_max_rel,SKIP
lp_nug08.mtx,bfp4_lb,bfp4_lb,controlled_lossy_value_specialized,ok,none,accuracy_pass_runtime_loss,0.0140,0.0129,1.007143,0.671429,,11388,30960,bfp4,bfp4,false,0,0,false,0,spmv_max_rel,SKIP
lp_nug08.mtx,hybrid_lb,hybrid_lb,structural_hybrid,ok,none,promoted_fallback,0.0061,0.0044,2.311475,1.540984,,58368,,original,raw_double,false,,,1,0,exact_abs_or_rel,SKIP
lp_nug08.mtx,cusparse_default,cusparse_csr,external_baseline,ok,none,external_baseline,0.0141,0.0123,1.000000,0.666667,,58368,32836,original,original,false,,,true,0,exact_abs_or_rel,SKIP
lp_osa_30.mtx,original_lb,original_lb,load_balanced_traversal,ok,none,promoted_fallback,0.0172,0.0169,0.906977,1.000000,,4835904,1392408,original,original,false,0,0,true,0,exact_abs_or_rel,SKIP
lp_osa_30.mtx,auto_lossless_lb,original_lb,load_balanced_traversal,ok,none,promoted_fallback,0.0181,0.0176,0.861878,0.950276,,4835904,1392408,auto_lossless,original,true,15291,4835904,true,0,exact_abs_or_rel,SKIP
lp_osa_30.mtx,fp16_lb,fp16_lb,controlled_lossy_value_specialized,ok,none,accuracy_pass_runtime_loss,0.0188,0.0150,0.829787,0.914894,,1208976,1392408,fp16,fp16,false,0,0,false,0,spmv_max_rel,SKIP
lp_osa_30.mtx,bf16_lb,bf16_lb,controlled_lossy_value_specialized,ok,none,accuracy_pass_runtime_win,0.0157,0.0151,0.993631,1.095541,,1208976,1392408,bf16,bf16,false,0,0,false,0,spmv_max_rel,SKIP
lp_osa_30.mtx,bfp8_lb,bfp8_lb,controlled_lossy_value_specialized,ok,none,accuracy_pass_runtime_win,0.0153,0.0145,1.019608,1.124183,,952590,1392408,bfp8,bfp8,false,0,0,false,0,spmv_max_rel,SKIP
lp_osa_30.mtx,bfp8_outlier_lb,bfp8_outlier_lb,controlled_lossy_value_specialized,ok,none,accuracy_pass_runtime_loss,0.0198,0.0180,0.787879,0.868687,,984750,1392408,bfp8_outlier,bfp8_outlier,false,0,0,false,0,spmv_max_rel,SKIP
lp_osa_30.mtx,bfp4_lb,bfp4_lb,controlled_lossy_value_specialized,ok,none,accuracy_pass_runtime_loss,0.0174,0.0154,0.896552,0.988506,,650346,1392408,bfp4,bfp4,false,0,0,false,0,spmv_max_rel,SKIP
lp_osa_30.mtx,hybrid_lb,hybrid_lb,structural_hybrid,ok,none,promoted_fallback,0.0109,0.0086,1.431193,1.577982,,4835904,,original,raw_double,false,,,1,0,exact_abs_or_rel,SKIP
lp_osa_30.mtx,cusparse_default,cusparse_csr,external_baseline,ok,none,external_baseline,0.0156,0.0123,1.000000,1.102564,,4835904,2435356,original,original,false,,,true,0,exact_abs_or_rel,SKIP
lp_pilot_we.mtx,original_lb,original_lb,load_balanced_traversal,ok,none,promoted_fallback,0.0094,0.0075,1.478723,1.000000,,74120,17584,original,original,false,0,0,true,0,exact_abs_or_rel,SKIP
lp_pilot_we.mtx,auto_lossless_lb,original_lb,load_balanced_traversal,ok,none,promoted_fallback,0.0092,0.0073,1.510870,1.021739,,74120,17584,auto_lossless,original,true,2010,74120,true,0,exact_abs_or_rel,SKIP
lp_pilot_we.mtx,fp16_lb,fp16_lb,controlled_lossy_value_specialized,ok,none,accuracy_pass_runtime_win,0.0091,0.0075,1.527473,1.032967,,18530,17584,fp16,fp16,false,0,0,false,0,spmv_max_rel,SKIP
lp_pilot_we.mtx,bf16_lb,bf16_lb,controlled_lossy_value_specialized,ok,none,accuracy_pass_runtime_win,0.0087,0.0071,1.597701,1.080460,,18530,17584,bf16,bf16,false,0,0,false,0,spmv_max_rel,SKIP
lp_pilot_we.mtx,bfp8_lb,bfp8_lb,controlled_lossy_value_specialized,ok,none,accuracy_pass_runtime_win,0.0087,0.0075,1.597701,1.080460,,13661,17584,bfp8,bfp8,false,0,0,false,0,spmv_max_rel,SKIP
lp_pilot_we.mtx,bfp8_outlier_lb,bfp8_outlier_lb,controlled_lossy_value_specialized,ok,none,accuracy_pass_runtime_loss,0.0116,0.0104,1.198276,0.810345,,14397,17584,bfp8_outlier,bfp8_outlier,false,0,0,false,0,spmv_max_rel,SKIP
lp_pilot_we.mtx,bfp4_lb,bfp4_lb,controlled_lossy_value_specialized,ok,none,accuracy_pass_runtime_loss,0.0131,0.0120,1.061069,0.717557,,9029,17584,bfp4,bfp4,false,0,0,false,0,spmv_max_rel,SKIP
lp_pilot_we.mtx,hybrid_lb,hybrid_lb,structural_hybrid,ok,none,promoted_fallback,0.0095,0.0073,1.463158,0.989474,,74120,,original,raw_double,false,,,1,0,exact_abs_or_rel,SKIP
lp_pilot_we.mtx,cusparse_default,cusparse_csr,external_baseline,ok,none,external_baseline,0.0139,0.0102,1.000000,0.676259,,74120,39952,original,original,false,,,true,0,exact_abs_or_rel,SKIP
lp_sc50a.mtx,original_lb,original_lb,load_balanced_traversal,ok,none,promoted_fallback,0.0062,0.0052,1.870968,1.000000,,1280,320,original,original,false,0,0,true,0,exact_abs_or_rel,SKIP
lp_sc50a.mtx,auto_lossless_lb,dict16_lb,lossless_value_specialized,ok,none,accuracy_pass_runtime_loss,0.0069,0.0055,1.681159,0.898551,,704,320,auto_lossless,dict16,true,8,704,true,8,exact_abs_or_rel,SKIP
lp_sc50a.mtx,fp16_lb,fp16_lb,controlled_lossy_value_specialized,ok,none,accuracy_pass_runtime_loss,0.0072,0.0051,1.611111,0.861111,,320,320,fp16,fp16,false,0,0,false,0,spmv_max_rel,SKIP
lp_sc50a.mtx,bf16_lb,bf16_lb,controlled_lossy_value_specialized,ok,none,accuracy_pass_runtime_loss,0.0069,0.0048,1.681159,0.898551,,320,320,bf16,bf16,false,0,0,false,0,spmv_max_rel,SKIP
lp_sc50a.mtx,bfp8_lb,bfp8_lb,controlled_lossy_value_specialized,ok,none,accuracy_pass_runtime_win,0.0047,0.0034,2.468085,1.319149,,240,320,bfp8,bfp8,false,0,0,false,0,spmv_max_rel,SKIP
lp_sc50a.mtx,bfp8_outlier_lb,bfp8_outlier_lb,controlled_lossy_value_specialized,ok,none,accuracy_pass_runtime_win,0.0048,0.0037,2.416667,1.291667,,240,320,bfp8_outlier,bfp8_outlier,false,0,0,false,0,spmv_max_rel,SKIP
lp_sc50a.mtx,bfp4_lb,bfp4_lb,controlled_lossy_value_specialized,ok,none,accuracy_pass_runtime_loss,0.0066,0.0054,1.757576,0.939394,,160,320,bfp4,bfp4,false,0,0,false,0,spmv_max_rel,SKIP
lp_sc50a.mtx,hybrid_lb,hybrid_lb,structural_hybrid,ok,none,promoted_fallback,0.0058,0.0039,2.000000,1.068966,,1280,,original,raw_double,false,,,1,0,exact_abs_or_rel,SKIP
lp_sc50a.mtx,cusparse_default,cusparse_csr,external_baseline,ok,none,external_baseline,0.0116,0.0082,1.000000,0.534483,,1280,844,original,original,false,,,true,0,exact_abs_or_rel,SKIP
lp_scrs8.mtx,original_lb,original_lb,load_balanced_traversal,ok,none,promoted_fallback,0.0080,0.0062,1.550000,1.000000,,26304,6504,original,original,false,0,0,true,0,exact_abs_or_rel,SKIP
lp_scrs8.mtx,auto_lossless_lb,original_lb,load_balanced_traversal,ok,none,promoted_fallback,0.0079,0.0069,1.569620,1.012658,,26304,6504,auto_lossless,original,true,201,26304,true,0,exact_abs_or_rel,SKIP
lp_scrs8.mtx,fp16_lb,fp16_lb,controlled_lossy_value_specialized,ok,none,accuracy_pass_runtime_win,0.0076,0.0063,1.631579,1.052632,,6576,6504,fp16,fp16,false,0,0,false,0,spmv_max_rel,SKIP
lp_scrs8.mtx,bf16_lb,bf16_lb,controlled_lossy_value_specialized,ok,none,accuracy_pass_runtime_win,0.0076,0.0064,1.631579,1.052632,,6576,6504,bf16,bf16,false,0,0,false,0,spmv_max_rel,SKIP
lp_scrs8.mtx,bfp8_lb,bfp8_lb,controlled_lossy_value_specialized,ok,none,accuracy_pass_runtime_win,0.0071,0.0058,1.746479,1.126761,,4914,6504,bfp8,bfp8,false,0,0,false,0,spmv_max_rel,SKIP
lp_scrs8.mtx,bfp8_outlier_lb,bfp8_outlier_lb,controlled_lossy_value_specialized,ok,none,accuracy_pass_runtime_loss,0.0098,0.0082,1.265306,0.816327,,5106,6504,bfp8_outlier,bfp8_outlier,false,0,0,false,0,spmv_max_rel,SKIP
lp_scrs8.mtx,bfp4_lb,bfp4_lb,controlled_lossy_value_specialized,ok,none,accuracy_pass_runtime_loss,0.0097,0.0089,1.278351,0.824742,,3270,6504,bfp4,bfp4,false,0,0,false,0,spmv_max_rel,SKIP
lp_scrs8.mtx,hybrid_lb,hybrid_lb,structural_hybrid,ok,none,promoted_fallback,0.0087,0.0073,1.425287,0.919540,,26304,,original,raw_double,false,,,1,0,exact_abs_or_rel,SKIP
lp_scrs8.mtx,cusparse_default,cusparse_csr,external_baseline,ok,none,external_baseline,0.0124,0.0102,1.000000,0.645161,,26304,15116,original,original,false,,,true,0,exact_abs_or_rel,SKIP
lp_share2b.mtx,original_lb,original_lb,load_balanced_traversal,ok,none,promoted_fallback,0.0084,0.0060,1.321429,1.000000,,6216,848,original,original,false,0,0,true,0,exact_abs_or_rel,SKIP
lp_share2b.mtx,auto_lossless_lb,dict256_u8_lb,lossless_value_specialized,ok,none,accuracy_pass_runtime_win,0.0079,0.0071,1.405063,1.063291,,5120,848,auto_lossless,dict256_u8,true,216,5120,true,216,exact_abs_or_rel,SKIP
lp_share2b.mtx,fp16_lb,fp16_lb,controlled_lossy_value_specialized,ok,none,accuracy_pass_runtime_win,0.0070,0.0055,1.585714,1.200000,,1554,848,fp16,fp16,false,0,0,false,0,spmv_max_rel,SKIP
lp_share2b.mtx,bf16_lb,bf16_lb,controlled_lossy_value_specialized,ok,none,accuracy_pass_runtime_win,0.0068,0.0053,1.632353,1.235294,,1554,848,bf16,bf16,false,0,0,false,0,spmv_max_rel,SKIP
lp_share2b.mtx,bfp8_lb,bfp8_lb,controlled_lossy_value_specialized,ok,none,accuracy_pass_runtime_win,0.0057,0.0043,1.947368,1.473684,,989,848,bfp8,bfp8,false,0,0,false,0,spmv_max_rel,SKIP
lp_share2b.mtx,bfp8_outlier_lb,bfp8_outlier_lb,controlled_lossy_value_specialized,ok,none,accuracy_pass_runtime_loss,0.0086,0.0072,1.290698,0.976744,,1037,848,bfp8_outlier,bfp8_outlier,false,0,0,false,0,spmv_max_rel,SKIP
lp_share2b.mtx,bfp4_lb,bfp4_lb,controlled_lossy_value_specialized,ok,none,accuracy_pass_runtime_win,0.0071,0.0062,1.563380,1.183099,,601,848,bfp4,bfp4,false,0,0,false,0,spmv_max_rel,SKIP
lp_share2b.mtx,hybrid_lb,hybrid_lb,structural_hybrid,ok,none,promoted_fallback,0.0072,0.0054,1.541667,1.166667,,6216,,original,raw_double,false,,,1,0,exact_abs_or_rel,SKIP
lp_share2b.mtx,cusparse_default,cusparse_csr,external_baseline,ok,none,external_baseline,0.0111,0.0082,1.000000,0.756757,,6216,3496,original,original,false,,,true,0,exact_abs_or_rel,SKIP
lp_sierra.mtx,original_lb,original_lb,load_balanced_traversal,ok,none,promoted_fallback,0.0083,0.0068,1.638554,1.000000,,64008,20960,original,original,false,0,0,true,0,exact_abs_or_rel,SKIP
lp_sierra.mtx,auto_lossless_lb,dict4_lb,lossless_value_specialized,ok,none,accuracy_pass_runtime_loss,0.0109,0.0095,1.247706,0.761468,,20984,20960,auto_lossless,dict4,true,3,20984,true,3,exact_abs_or_rel,SKIP
lp_sierra.mtx,fp16_lb,fp16_lb,controlled_lossy_value_specialized,ok,none,accuracy_pass_runtime_loss,0.0093,0.0082,1.462366,0.892473,,16002,20960,fp16,fp16,false,0,0,false,0,spmv_max_rel,SKIP
lp_sierra.mtx,bf16_lb,bf16_lb,controlled_lossy_value_specialized,ok,none,accuracy_pass_runtime_loss,0.0092,0.0082,1.478261,0.902174,,16002,20960,bf16,bf16,false,0,0,false,0,spmv_max_rel,SKIP
lp_sierra.mtx,bfp8_lb,bfp8_lb,controlled_lossy_value_specialized,ok,none,accuracy_pass_runtime_loss,0.0095,0.0078,1.431579,0.873684,,13241,20960,bfp8,bfp8,false,0,0,false,0,spmv_max_rel,SKIP
lp_sierra.mtx,bfp8_outlier_lb,bfp8_outlier_lb,controlled_lossy_value_specialized,ok,none,accuracy_pass_runtime_loss,0.0090,0.0074,1.511111,0.922222,,13241,20960,bfp8_outlier,bfp8_outlier,false,0,0,false,0,spmv_max_rel,SKIP
lp_sierra.mtx,bfp4_lb,bfp4_lb,controlled_lossy_value_specialized,ok,none,accuracy_pass_runtime_loss,0.0138,0.0126,0.985507,0.601449,,9241,20960,bfp4,bfp4,false,0,0,false,0,spmv_max_rel,SKIP
lp_sierra.mtx,hybrid_lb,hybrid_lb,structural_hybrid,ok,none,promoted_fallback,0.0074,0.0056,1.837838,1.121622,,64008,,original,raw_double,false,,,1,0,exact_abs_or_rel,SKIP
lp_sierra.mtx,cusparse_default,cusparse_csr,external_baseline,ok,none,external_baseline,0.0136,0.0123,1.000000,0.610294,,64008,36916,original,original,false,,,true,0,exact_abs_or_rel,SKIP
lp_truss.mtx,original_lb,original_lb,load_balanced_traversal,ok,none,promoted_fallback,0.0086,0.0069,1.627907,1.000000,,222688,71960,original,original,false,0,0,true,0,exact_abs_or_rel,SKIP
lp_truss.mtx,auto_lossless_lb,dict16_lb,lossless_value_specialized,ok,none,accuracy_pass_runtime_loss,0.0118,0.0095,1.186441,0.728814,,143984,71960,auto_lossless,dict16,true,8,143984,true,8,exact_abs_or_rel,SKIP
lp_truss.mtx,fp16_lb,fp16_lb,controlled_lossy_value_specialized,ok,none,accuracy_pass_runtime_loss,0.0101,0.0080,1.386139,0.851485,,55672,71960,fp16,fp16,false,0,0,false,0,spmv_max_rel,SKIP
lp_truss.mtx,bf16_lb,bf16_lb,controlled_lossy_value_specialized,ok,none,accuracy_pass_runtime_loss,0.0105,0.0099,1.333333,0.819048,,55672,71960,bf16,bf16,false,0,0,false,0,spmv_max_rel,SKIP
lp_truss.mtx,bfp8_lb,bfp8_lb,controlled_lossy_value_specialized,ok,none,accuracy_pass_runtime_loss,0.0097,0.0089,1.443299,0.886598,,45826,71960,bfp8,bfp8,false,0,0,false,0,spmv_max_rel,SKIP
lp_truss.mtx,bfp8_outlier_lb,bfp8_outlier_lb,controlled_lossy_value_specialized,ok,none,accuracy_pass_runtime_loss,0.0093,0.0084,1.505376,0.924731,,45826,71960,bfp8_outlier,bfp8_outlier,false,0,0,false,0,spmv_max_rel,SKIP
lp_truss.mtx,bfp4_lb,bfp4_lb,controlled_lossy_value_specialized,ok,none,accuracy_pass_runtime_loss,0.0137,0.0125,1.021898,0.627737,,31908,71960,bfp4,bfp4,false,0,0,false,0,spmv_max_rel,SKIP
lp_truss.mtx,hybrid_lb,hybrid_lb,structural_hybrid,ok,none,promoted_fallback,0.0074,0.0065,1.891892,1.162162,,222688,,original,raw_double,false,,,1,0,exact_abs_or_rel,SKIP
lp_truss.mtx,cusparse_default,cusparse_csr,external_baseline,ok,none,external_baseline,0.0140,0.0102,1.000000,0.614286,,222688,115348,original,original,false,,,true,0,exact_abs_or_rel,SKIP
lpi_bgprtr.mtx,original_lb,original_lb,load_balanced_traversal,ok,none,promoted_fallback,0.0056,0.0049,2.017857,1.000000,,560,152,original,original,false,0,0,true,0,exact_abs_or_rel,SKIP
lpi_bgprtr.mtx,auto_lossless_lb,dict16_lb,lossless_value_specialized,ok,none,accuracy_pass_runtime_win,0.0054,0.0045,2.092593,1.037037,,360,152,auto_lossless,dict16,true,7,360,true,7,exact_abs_or_rel,SKIP
lpi_bgprtr.mtx,fp16_lb,fp16_lb,controlled_lossy_value_specialized,ok,none,accuracy_pass_runtime_loss,0.0060,0.0055,1.883333,0.933333,,140,152,fp16,fp16,false,0,0,false,0,spmv_max_rel,SKIP
lpi_bgprtr.mtx,bf16_lb,bf16_lb,controlled_lossy_value_specialized,ok,none,accuracy_pass_runtime_loss,0.0057,0.0045,1.982456,0.982456,,140,152,bf16,bf16,false,0,0,false,0,spmv_max_rel,SKIP
lpi_bgprtr.mtx,bfp8_lb,bfp8_lb,controlled_lossy_value_specialized,ok,none,accuracy_pass_runtime_loss,0.0058,0.0049,1.948276,0.965517,,108,152,bfp8,bfp8,false,0,0,false,0,spmv_max_rel,SKIP
lpi_bgprtr.mtx,bfp8_outlier_lb,bfp8_outlier_lb,controlled_lossy_value_specialized,ok,none,accuracy_pass_runtime_loss,0.0106,0.0100,1.066038,0.528302,,108,152,bfp8_outlier,bfp8_outlier,false,0,0,false,0,spmv_max_rel,SKIP
lpi_bgprtr.mtx,bfp4_lb,bfp4_lb,controlled_lossy_value_specialized,ok,none,accuracy_pass_runtime_loss,0.0065,0.0048,1.738462,0.861538,,73,152,bfp4,bfp4,false,0,0,false,0,spmv_max_rel,SKIP
lpi_bgprtr.mtx,hybrid_lb,hybrid_lb,structural_hybrid,ok,none,promoted_fallback,0.0055,0.0046,2.054545,1.018182,,560,,original,raw_double,false,,,1,0,exact_abs_or_rel,SKIP
lpi_bgprtr.mtx,cusparse_default,cusparse_csr,external_baseline,ok,none,external_baseline,0.0113,0.0082,1.000000,0.495575,,560,364,original,original,false,,,true,0,exact_abs_or_rel,SKIP
lpi_forest6.mtx,original_lb,original_lb,load_balanced_traversal,ok,none,promoted_fallback,0.0057,0.0050,1.947368,1.000000,,1968,656,original,original,false,0,0,true,0,exact_abs_or_rel,SKIP
lpi_forest6.mtx,auto_lossless_lb,dict16_lb,lossless_value_specialized,ok,none,accuracy_pass_runtime_loss,0.0071,0.0053,1.563380,0.802817,,1384,656,auto_lossless,dict16,true,9,1384,true,9,exact_abs_or_rel,SKIP
lpi_forest6.mtx,fp16_lb,fp16_lb,controlled_lossy_value_specialized,ok,none,accuracy_pass_runtime_loss,0.0057,0.0046,1.947368,1.000000,,492,656,fp16,fp16,false,0,0,false,0,spmv_max_rel,SKIP
lpi_forest6.mtx,bf16_lb,bf16_lb,controlled_lossy_value_specialized,ok,none,accuracy_pass_runtime_loss,0.0062,0.0046,1.790323,0.919355,,492,656,bf16,bf16,false,0,0,false,0,spmv_max_rel,SKIP
lpi_forest6.mtx,bfp8_lb,bfp8_lb,controlled_lossy_value_specialized,ok,none,accuracy_pass_runtime_loss,0.0059,0.0037,1.881356,0.966102,,410,656,bfp8,bfp8,false,0,0,false,0,spmv_max_rel,SKIP
lpi_forest6.mtx,bfp8_outlier_lb,bfp8_outlier_lb,controlled_lossy_value_specialized,ok,none,accuracy_pass_runtime_win,0.0055,0.0036,2.018182,1.036364,,410,656,bfp8_outlier,bfp8_outlier,false,0,0,false,0,spmv_max_rel,SKIP
lpi_forest6.mtx,bfp4_lb,bfp4_lb,controlled_lossy_value_specialized,ok,none,accuracy_pass_runtime_loss,0.0077,0.0061,1.441558,0.740260,,287,656,bfp4,bfp4,false,0,0,false,0,spmv_max_rel,SKIP
lpi_forest6.mtx,hybrid_lb,hybrid_lb,structural_hybrid,ok,none,promoted_fallback,0.0074,0.0062,1.500000,0.770270,,1968,,original,raw_double,false,,,1,0,exact_abs_or_rel,SKIP
lpi_forest6.mtx,cusparse_default,cusparse_csr,external_baseline,ok,none,external_baseline,0.0111,0.0082,1.000000,0.513514,,1968,1252,original,original,false,,,true,0,exact_abs_or_rel,SKIP
lpi_klein2.mtx,original_lb,original_lb,load_balanced_traversal,ok,none,promoted_fallback,0.0071,0.0057,1.816901,1.000000,,40496,5144,original,original,false,0,0,true,0,exact_abs_or_rel,SKIP
lpi_klein2.mtx,auto_lossless_lb,dict256_u8_lb,lossless_value_specialized,ok,none,accuracy_pass_runtime_loss,0.0084,0.0075,1.535714,0.845238,,21608,5144,auto_lossless,dict256_u8,true,129,21608,true,129,exact_abs_or_rel,SKIP
lpi_klein2.mtx,fp16_lb,fp16_lb,controlled_lossy_value_specialized,ok,none,accuracy_pass_runtime_loss,0.0080,0.0068,1.612500,0.887500,,10124,5144,fp16,fp16,false,0,0,false,0,spmv_max_rel,SKIP
lpi_klein2.mtx,bf16_lb,bf16_lb,controlled_lossy_value_specialized,ok,none,accuracy_pass_runtime_loss,0.0078,0.0059,1.653846,0.910256,,10124,5144,bf16,bf16,false,0,0,false,0,spmv_max_rel,SKIP
lpi_klein2.mtx,bfp8_lb,bfp8_lb,controlled_lossy_value_specialized,ok,none,accuracy_pass_runtime_loss,0.0075,0.0064,1.720000,0.946667,,6348,5144,bfp8,bfp8,false,0,0,false,0,spmv_max_rel,SKIP
lpi_klein2.mtx,bfp8_outlier_lb,bfp8_outlier_lb,controlled_lossy_value_specialized,ok,none,accuracy_pass_runtime_loss,0.0099,0.0079,1.303030,0.717172,,6732,5144,bfp8_outlier,bfp8_outlier,false,0,0,false,0,spmv_max_rel,SKIP
lpi_klein2.mtx,bfp4_lb,bfp4_lb,controlled_lossy_value_specialized,ok,none,accuracy_pass_runtime_loss,0.0096,0.0079,1.343750,0.739583,,3817,5144,bfp4,bfp4,false,0,0,false,0,spmv_max_rel,SKIP
lpi_klein2.mtx,hybrid_lb,hybrid_lb,structural_hybrid,ok,none,promoted_fallback,0.0079,0.0063,1.632911,0.898734,,40496,,original,raw_double,false,,,1,0,exact_abs_or_rel,SKIP
lpi_klein2.mtx,cusparse_default,cusparse_csr,external_baseline,ok,none,external_baseline,0.0129,0.0102,1.000000,0.550388,,40496,22160,original,original,false,,,true,0,exact_abs_or_rel,SKIP
lpi_vol1.mtx,original_lb,original_lb,load_balanced_traversal,ok,none,promoted_fallback,0.0076,0.0056,1.513158,1.000000,,13168,4360,original,original,false,0,0,true,0,exact_abs_or_rel,SKIP
lpi_vol1.mtx,auto_lossless_lb,original_lb,load_balanced_traversal,ok,none,promoted_fallback,0.0077,0.0068,1.493506,0.987013,,13168,4360,auto_lossless,original,true,411,13168,true,0,exact_abs_or_rel,SKIP
lpi_vol1.mtx,fp16_lb,fp16_lb,controlled_lossy_value_specialized,ok,none,accuracy_pass_runtime_loss,0.0088,0.0070,1.306818,0.863636,,3292,4360,fp16,fp16,false,0,0,false,0,spmv_max_rel,SKIP
lpi_vol1.mtx,bf16_lb,bf16_lb,controlled_lossy_value_specialized,ok,none,accuracy_pass_runtime_loss,0.0081,0.0067,1.419753,0.938272,,3292,4360,bf16,bf16,false,0,0,false,0,spmv_max_rel,SKIP
lpi_vol1.mtx,bfp8_lb,bfp8_lb,controlled_lossy_value_specialized,ok,none,accuracy_pass_runtime_loss,0.0085,0.0077,1.352941,0.894118,,2736,4360,bfp8,bfp8,false,0,0,false,0,spmv_max_rel,SKIP
lpi_vol1.mtx,bfp8_outlier_lb,bfp8_outlier_lb,controlled_lossy_value_specialized,ok,none,accuracy_pass_runtime_loss,0.0102,0.0083,1.127451,0.745098,,2832,4360,bfp8_outlier,bfp8_outlier,false,0,0,false,0,spmv_max_rel,SKIP
lpi_vol1.mtx,bfp4_lb,bfp4_lb,controlled_lossy_value_specialized,ok,none,accuracy_pass_runtime_loss,0.0111,0.0095,1.036036,0.684685,,1913,4360,bfp4,bfp4,false,0,0,false,0,spmv_max_rel,SKIP
lpi_vol1.mtx,hybrid_lb,hybrid_lb,structural_hybrid,ok,none,promoted_fallback,0.0065,0.0041,1.769231,1.169231,,13168,,original,raw_double,false,,,1,0,exact_abs_or_rel,SKIP
lpi_vol1.mtx,cusparse_default,cusparse_csr,external_baseline,ok,none,external_baseline,0.0115,0.0099,1.000000,0.660870,,13168,7880,original,original,false,,,true,0,exact_abs_or_rel,SKIP
lshp1009.mtx,original_lb,original_lb,load_balanced_traversal,ok,none,promoted_fallback,0.0076,0.0066,1.828947,1.000000,,54920,11480,original,original,false,0,0,true,0,exact_abs_or_rel,SKIP
lshp1009.mtx,auto_lossless_lb,all_one_lb,lossless_value_specialized,ok,none,accuracy_pass_runtime_win,0.0071,0.0056,1.957746,1.070423,,0,11480,auto_lossless,all_one,true,1,0,true,0,exact_abs_or_rel,SKIP
lshp1009.mtx,fp16_lb,fp16_lb,controlled_lossy_value_specialized,ok,none,accuracy_pass_runtime_loss,0.0077,0.0061,1.805195,0.987013,,13730,11480,fp16,fp16,false,0,0,false,0,spmv_max_rel,SKIP
lshp1009.mtx,bf16_lb,bf16_lb,controlled_lossy_value_specialized,ok,none,accuracy_pass_runtime_win,0.0072,0.0058,1.930556,1.055556,,13730,11480,bf16,bf16,false,0,0,false,0,spmv_max_rel,SKIP
lshp1009.mtx,bfp8_lb,bfp8_lb,controlled_lossy_value_specialized,ok,none,accuracy_pass_runtime_loss,0.0081,0.0072,1.716049,0.938272,,9735,11480,bfp8,bfp8,false,0,0,false,0,spmv_max_rel,SKIP
lshp1009.mtx,bfp8_outlier_lb,bfp8_outlier_lb,controlled_lossy_value_specialized,ok,none,accuracy_pass_runtime_loss,0.0084,0.0071,1.654762,0.904762,,9735,11480,bfp8_outlier,bfp8_outlier,false,0,0,false,0,spmv_max_rel,SKIP
lshp1009.mtx,bfp4_lb,bfp4_lb,controlled_lossy_value_specialized,ok,none,accuracy_pass_runtime_loss,0.0098,0.0087,1.418367,0.775510,,6303,11480,bfp4,bfp4,false,0,0,false,0,spmv_max_rel,SKIP
lshp1009.mtx,hybrid_lb,hybrid_lb,structural_hybrid,ok,none,promoted_fallback,0.0064,0.0051,2.171875,1.187500,,54920,,original,raw_double,false,,,1,0,exact_abs_or_rel,SKIP
lshp1009.mtx,cusparse_default,cusparse_csr,external_baseline,ok,none,external_baseline,0.0139,0.0123,1.000000,0.546763,,54920,31500,original,original,false,,,true,0,exact_abs_or_rel,SKIP
lshp_265.mtx,original_lb,original_lb,load_balanced_traversal,ok,none,promoted_fallback,0.0066,0.0049,1.818182,1.000000,,14024,2896,original,original,false,0,0,true,0,exact_abs_or_rel,SKIP
lshp_265.mtx,auto_lossless_lb,all_one_lb,lossless_value_specialized,ok,none,accuracy_pass_runtime_win,0.0064,0.0050,1.875000,1.031250,,0,2896,auto_lossless,all_one,true,1,0,true,0,exact_abs_or_rel,SKIP
lshp_265.mtx,fp16_lb,fp16_lb,controlled_lossy_value_specialized,ok,none,accuracy_pass_runtime_loss,0.0073,0.0059,1.643836,0.904110,,3506,2896,fp16,fp16,false,0,0,false,0,spmv_max_rel,SKIP
lshp_265.mtx,bf16_lb,bf16_lb,controlled_lossy_value_specialized,ok,none,accuracy_pass_runtime_loss,0.0078,0.0059,1.538462,0.846154,,3506,2896,bf16,bf16,false,0,0,false,0,spmv_max_rel,SKIP
lshp_265.mtx,bfp8_lb,bfp8_lb,controlled_lossy_value_specialized,ok,none,accuracy_pass_runtime_loss,0.0080,0.0071,1.500000,0.825000,,2477,2896,bfp8,bfp8,false,0,0,false,0,spmv_max_rel,SKIP
lshp_265.mtx,bfp8_outlier_lb,bfp8_outlier_lb,controlled_lossy_value_specialized,ok,none,accuracy_pass_runtime_loss,0.0074,0.0067,1.621622,0.891892,,2477,2896,bfp8_outlier,bfp8_outlier,false,0,0,false,0,spmv_max_rel,SKIP
lshp_265.mtx,bfp4_lb,bfp4_lb,controlled_lossy_value_specialized,ok,none,accuracy_pass_runtime_loss,0.0087,0.0073,1.379310,0.758621,,1601,2896,bfp4,bfp4,false,0,0,false,0,spmv_max_rel,SKIP
lshp_265.mtx,hybrid_lb,hybrid_lb,structural_hybrid,ok,none,promoted_fallback,0.0068,0.0049,1.764706,0.970588,,14024,,original,raw_double,false,,,1,0,exact_abs_or_rel,SKIP
lshp_265.mtx,cusparse_default,cusparse_csr,external_baseline,ok,none,external_baseline,0.0120,0.0102,1.000000,0.550000,,14024,8076,original,original,false,,,true,0,exact_abs_or_rel,SKIP
man_5976.mtx,original_lb,original_lb,load_balanced_traversal,ok,none,promoted_fallback,0.0080,0.0069,1.700000,1.000000,,1800368,116104,original,original,false,0,0,true,0,exact_abs_or_rel,SKIP
man_5976.mtx,auto_lossless_lb,all_one_lb,lossless_value_specialized,ok,none,accuracy_pass_runtime_loss,0.0092,0.0073,1.478261,0.869565,,0,116104,auto_lossless,all_one,true,1,0,true,0,exact_abs_or_rel,SKIP
man_5976.mtx,fp16_lb,fp16_lb,controlled_lossy_value_specialized,ok,none,accuracy_pass_runtime_loss,0.0085,0.0079,1.600000,0.941176,,450092,116104,fp16,fp16,false,0,0,false,0,spmv_max_rel,SKIP
man_5976.mtx,bf16_lb,bf16_lb,controlled_lossy_value_specialized,ok,none,accuracy_pass_runtime_loss,0.0087,0.0071,1.563218,0.919540,,450092,116104,bf16,bf16,false,0,0,false,0,spmv_max_rel,SKIP
man_5976.mtx,bfp8_lb,bfp8_lb,controlled_lossy_value_specialized,ok,none,accuracy_pass_runtime_loss,0.0086,0.0069,1.581395,0.930233,,254072,116104,bfp8,bfp8,false,0,0,false,0,spmv_max_rel,SKIP
man_5976.mtx,bfp8_outlier_lb,bfp8_outlier_lb,controlled_lossy_value_specialized,ok,none,accuracy_pass_runtime_loss,0.0097,0.0073,1.402062,0.824742,,254072,116104,bfp8_outlier,bfp8_outlier,false,0,0,false,0,spmv_max_rel,SKIP
man_5976.mtx,bfp4_lb,bfp4_lb,controlled_lossy_value_specialized,ok,none,accuracy_pass_runtime_loss,0.0120,0.0111,1.133333,0.666667,,141549,116104,bfp4,bfp4,false,0,0,false,0,spmv_max_rel,SKIP
man_5976.mtx,hybrid_lb,hybrid_lb,structural_hybrid,ok,none,promoted_fallback,0.0088,0.0070,1.545455,0.909091,,1800368,,original,raw_double,false,,,1,0,exact_abs_or_rel,SKIP
man_5976.mtx,cusparse_default,cusparse_csr,external_baseline,ok,none,external_baseline,0.0136,0.0102,1.000000,0.588235,,1800368,924092,original,original,false,,,true,0,exact_abs_or_rel,SKIP
mesh3e1.mtx,original_lb,original_lb,load_balanced_traversal,ok,none,promoted_fallback,0.0057,0.0048,2.035088,1.000000,,11016,3080,original,original,false,0,0,true,0,exact_abs_or_rel,SKIP
mesh3e1.mtx,auto_lossless_lb,dict16_lb,lossless_value_specialized,ok,none,accuracy_pass_runtime_loss,0.0067,0.0056,1.731343,0.850746,,6200,3080,auto_lossless,dict16,true,5,6200,true,5,exact_abs_or_rel,SKIP
mesh3e1.mtx,fp16_lb,fp16_lb,controlled_lossy_value_specialized,ok,none,accuracy_pass_runtime_loss,0.0075,0.0062,1.546667,0.760000,,2754,3080,fp16,fp16,false,0,0,false,0,spmv_max_rel,SKIP
mesh3e1.mtx,bf16_lb,bf16_lb,controlled_lossy_value_specialized,ok,none,accuracy_pass_runtime_loss,0.0071,0.0052,1.633803,0.802817,,2754,3080,bf16,bf16,false,0,0,false,0,spmv_max_rel,SKIP
mesh3e1.mtx,bfp8_lb,bfp8_lb,controlled_lossy_value_specialized,ok,none,accuracy_pass_runtime_loss,0.0077,0.0066,1.506494,0.740260,,2147,3080,bfp8,bfp8,false,0,0,false,0,spmv_max_rel,SKIP
mesh3e1.mtx,bfp8_outlier_lb,bfp8_outlier_lb,controlled_lossy_value_specialized,ok,none,accuracy_pass_runtime_loss,0.0077,0.0068,1.506494,0.740260,,2147,3080,bfp8_outlier,bfp8_outlier,false,0,0,false,0,spmv_max_rel,SKIP
mesh3e1.mtx,bfp4_lb,bfp4_lb,controlled_lossy_value_specialized,ok,none,accuracy_pass_runtime_loss,0.0085,0.0079,1.364706,0.670588,,1459,3080,bfp4,bfp4,false,0,0,false,0,spmv_max_rel,SKIP
mesh3e1.mtx,hybrid_lb,hybrid_lb,structural_hybrid,ok,none,promoted_fallback,0.0064,0.0046,1.812500,0.890625,,11016,,original,raw_double,false,,,1,0,exact_abs_or_rel,SKIP
mesh3e1.mtx,cusparse_default,cusparse_csr,external_baseline,ok,none,external_baseline,0.0116,0.0082,1.000000,0.491379,,11016,6668,original,original,false,,,true,0,exact_abs_or_rel,SKIP
mhd3200a.mtx,original_lb,original_lb,load_balanced_traversal,ok,none,promoted_fallback,0.0059,0.0044,2.372881,1.000000,,544208,38272,original,original,false,0,0,true,0,exact_abs_or_rel,SKIP
mhd3200a.mtx,auto_lossless_lb,original_lb,load_balanced_traversal,ok,none,promoted_fallback,0.0110,0.0091,1.272727,0.536364,,544208,38272,auto_lossless,original,true,47873,544208,true,0,exact_abs_or_rel,SKIP
mhd3200a.mtx,fp16_lb,fp16_lb,controlled_lossy_value_specialized,ok,none,accuracy_pass_runtime_win,0.0056,0.0049,2.500000,1.053571,,136052,38272,fp16,fp16,false,0,0,false,0,spmv_max_rel,SKIP
mhd3200a.mtx,bf16_lb,bf16_lb,controlled_lossy_value_specialized,ok,none,accuracy_pass_runtime_loss,0.0062,0.0045,2.258065,0.951613,,136052,38272,bf16,bf16,false,0,0,false,0,spmv_max_rel,SKIP
mhd3200a.mtx,bfp8_lb,bfp8_lb,controlled_lossy_value_specialized,ok,none,accuracy_pass_runtime_loss,0.0073,0.0056,1.917808,0.808219,,77594,38272,bfp8,bfp8,false,0,0,false,0,spmv_max_rel,SKIP
mhd3200a.mtx,bfp8_outlier_lb,bfp8_outlier_lb,controlled_lossy_value_specialized,ok,none,accuracy_pass_runtime_loss,0.0092,0.0072,1.521739,0.641304,,83034,38272,bfp8_outlier,bfp8_outlier,false,0,0,false,0,spmv_max_rel,SKIP
mhd3200a.mtx,bfp4_lb,bfp4_lb,controlled_lossy_value_specialized,ok,none,accuracy_pass_runtime_loss,0.0079,0.0069,1.772152,0.746835,,43581,38272,bfp4,bfp4,false,0,0,false,0,spmv_max_rel,SKIP
mhd3200a.mtx,hybrid_lb,hybrid_lb,structural_hybrid,ok,none,promoted_fallback,0.0071,0.0062,1.971831,0.830986,,544208,,original,raw_double,false,,,1,0,exact_abs_or_rel,SKIP
mhd3200a.mtx,cusparse_default,cusparse_csr,external_baseline,ok,none,external_baseline,0.0140,0.0102,1.000000,0.421429,,544208,284908,original,original,false,,,true,0,exact_abs_or_rel,SKIP
mimo28x28_system.mtx,original_lb,original_lb,load_balanced_traversal,ok,none,promoted_fallback,0.0095,0.0084,1.547368,1.000000,,389896,131136,original,original,false,0,0,true,0,exact_abs_or_rel,SKIP
mimo28x28_system.mtx,auto_lossless_lb,original_lb,load_balanced_traversal,ok,none,promoted_fallback,0.0098,0.0079,1.500000,0.969388,,389896,131136,auto_lossless,original,true,19914,389896,true,0,exact_abs_or_rel,SKIP
mimo28x28_system.mtx,fp16_lb,fp16_lb,controlled_lossy_value_specialized,ok,none,accuracy_pass_runtime_loss,0.0099,0.0091,1.484848,0.959596,,97474,131136,fp16,fp16,false,0,0,false,0,spmv_max_rel,SKIP
mimo28x28_system.mtx,bf16_lb,bf16_lb,controlled_lossy_value_specialized,ok,none,accuracy_pass_runtime_loss,0.0097,0.0091,1.515464,0.979381,,97474,131136,bf16,bf16,false,0,0,false,0,spmv_max_rel,SKIP
mimo28x28_system.mtx,bfp8_lb,bfp8_lb,controlled_lossy_value_specialized,ok,none,accuracy_pass_runtime_win,0.0090,0.0075,1.633333,1.055556,,81521,131136,bfp8,bfp8,false,0,0,false,0,spmv_max_rel,SKIP
mimo28x28_system.mtx,bfp8_outlier_lb,bfp8_outlier_lb,controlled_lossy_value_specialized,ok,none,accuracy_pass_runtime_loss,0.0123,0.0104,1.195122,0.772358,,85409,131136,bfp8_outlier,bfp8_outlier,false,0,0,false,0,spmv_max_rel,SKIP
mimo28x28_system.mtx,bfp4_lb,bfp4_lb,controlled_lossy_value_specialized,ok,none,accuracy_pass_runtime_loss,0.0136,0.0124,1.080882,0.698529,,57153,131136,bfp4,bfp4,false,0,0,false,0,spmv_max_rel,SKIP
mimo28x28_system.mtx,hybrid_lb,hybrid_lb,structural_hybrid,ok,none,promoted_fallback,0.0080,0.0066,1.837500,1.187500,,389896,,original,raw_double,false,,,1,0,exact_abs_or_rel,SKIP
mimo28x28_system.mtx,cusparse_default,cusparse_csr,external_baseline,ok,none,external_baseline,0.0147,0.0123,1.000000,0.646259,,389896,247956,original,original,false,,,true,0,exact_abs_or_rel,SKIP
mimo8x8_system.mtx,original_lb,original_lb,load_balanced_traversal,ok,none,promoted_fallback,0.0095,0.0085,1.600000,1.000000,,390976,131608,original,original,false,0,0,true,0,exact_abs_or_rel,SKIP
mimo8x8_system.mtx,auto_lossless_lb,original_lb,load_balanced_traversal,ok,none,promoted_fallback,0.0102,0.0087,1.490196,0.931373,,390976,131608,auto_lossless,original,true,19940,390976,true,0,exact_abs_or_rel,SKIP
mimo8x8_system.mtx,fp16_lb,fp16_lb,controlled_lossy_value_specialized,ok,none,accuracy_pass_runtime_loss,0.0096,0.0084,1.583333,0.989583,,97744,131608,fp16,fp16,false,0,0,false,0,spmv_max_rel,SKIP
mimo8x8_system.mtx,bf16_lb,bf16_lb,controlled_lossy_value_specialized,ok,none,accuracy_pass_runtime_win,0.0087,0.0077,1.747126,1.091954,,97744,131608,bf16,bf16,false,0,0,false,0,spmv_max_rel,SKIP
mimo8x8_system.mtx,bfp8_lb,bfp8_lb,controlled_lossy_value_specialized,ok,none,accuracy_pass_runtime_win,0.0092,0.0083,1.652174,1.032609,,81774,131608,bfp8,bfp8,false,0,0,false,0,spmv_max_rel,SKIP
mimo8x8_system.mtx,bfp8_outlier_lb,bfp8_outlier_lb,controlled_lossy_value_specialized,ok,none,accuracy_pass_runtime_loss,0.0122,0.0105,1.245902,0.778689,,85662,131608,bfp8_outlier,bfp8_outlier,false,0,0,false,0,spmv_max_rel,SKIP
mimo8x8_system.mtx,bfp4_lb,bfp4_lb,controlled_lossy_value_specialized,ok,none,accuracy_pass_runtime_loss,0.0135,0.0123,1.125926,0.703704,,57338,131608,bfp4,bfp4,false,0,0,false,0,spmv_max_rel,SKIP
mimo8x8_system.mtx,hybrid_lb,hybrid_lb,structural_hybrid,ok,none,promoted_fallback,0.0081,0.0060,1.876543,1.172840,,390976,,original,raw_double,false,,,1,0,exact_abs_or_rel,SKIP
mimo8x8_system.mtx,cusparse_default,cusparse_csr,external_baseline,ok,none,external_baseline,0.0152,0.0123,1.000000,0.625000,,390976,248728,original,original,false,,,true,0,exact_abs_or_rel,SKIP
mk11-b1.mtx,original_lb,original_lb,load_balanced_traversal,ok,none,promoted_fallback,0.0056,0.0049,2.321429,1.000000,,15840,4192,original,original,false,0,0,true,0,exact_abs_or_rel,SKIP
mk11-b1.mtx,auto_lossless_lb,sign2_lb,lossless_value_specialized,ok,none,accuracy_pass_runtime_loss,0.0059,0.0047,2.203390,0.949153,,2096,4192,auto_lossless,sign2,true,2,2096,true,0,exact_abs_or_rel,SKIP
mk11-b1.mtx,fp16_lb,fp16_lb,controlled_lossy_value_specialized,ok,none,accuracy_pass_runtime_loss,0.0062,0.0048,2.096774,0.903226,,3960,4192,fp16,fp16,false,0,0,false,0,spmv_max_rel,SKIP
mk11-b1.mtx,bf16_lb,bf16_lb,controlled_lossy_value_specialized,ok,none,accuracy_pass_runtime_loss,0.0063,0.0043,2.063492,0.888889,,3960,4192,bf16,bf16,false,0,0,false,0,spmv_max_rel,SKIP
mk11-b1.mtx,bfp8_lb,bfp8_lb,controlled_lossy_value_specialized,ok,none,accuracy_pass_runtime_loss,0.0056,0.0046,2.321429,1.000000,,3028,4192,bfp8,bfp8,false,0,0,false,0,spmv_max_rel,SKIP
mk11-b1.mtx,bfp8_outlier_lb,bfp8_outlier_lb,controlled_lossy_value_specialized,ok,none,accuracy_pass_runtime_loss,0.0056,0.0048,2.321429,1.000000,,3028,4192,bfp8_outlier,bfp8_outlier,false,0,0,false,0,spmv_max_rel,SKIP
mk11-b1.mtx,bfp4_lb,bfp4_lb,controlled_lossy_value_specialized,ok,none,accuracy_pass_runtime_loss,0.0061,0.0048,2.131148,0.918033,,2038,4192,bfp4,bfp4,false,0,0,false,0,spmv_max_rel,SKIP
mk11-b1.mtx,hybrid_lb,hybrid_lb,structural_hybrid,ok,none,promoted_fallback,0.0059,0.0051,2.203390,0.949153,,15840,,original,raw_double,false,,,1,0,exact_abs_or_rel,SKIP
mk11-b1.mtx,cusparse_default,cusparse_csr,external_baseline,ok,none,external_baseline,0.0130,0.0102,1.000000,0.430769,,15840,11884,original,original,false,,,true,0,exact_abs_or_rel,SKIP
mk9-b1.mtx,original_lb,original_lb,load_balanced_traversal,ok,none,promoted_fallback,0.0060,0.0053,1.916667,1.000000,,6048,1640,original,original,false,0,0,true,0,exact_abs_or_rel,SKIP
mk9-b1.mtx,auto_lossless_lb,sign2_lb,lossless_value_specialized,ok,none,accuracy_pass_runtime_loss,0.0061,0.0051,1.885246,0.983607,,820,1640,auto_lossless,sign2,true,2,820,true,0,exact_abs_or_rel,SKIP
mk9-b1.mtx,fp16_lb,fp16_lb,controlled_lossy_value_specialized,ok,none,accuracy_pass_runtime_win,0.0053,0.0042,2.169811,1.132075,,1512,1640,fp16,fp16,false,0,0,false,0,spmv_max_rel,SKIP
mk9-b1.mtx,bf16_lb,bf16_lb,controlled_lossy_value_specialized,ok,none,accuracy_pass_runtime_win,0.0054,0.0044,2.129630,1.111111,,1512,1640,bf16,bf16,false,0,0,false,0,spmv_max_rel,SKIP
mk9-b1.mtx,bfp8_lb,bfp8_lb,controlled_lossy_value_specialized,ok,none,accuracy_pass_runtime_win,0.0051,0.0034,2.254902,1.176471,,1166,1640,bfp8,bfp8,false,0,0,false,0,spmv_max_rel,SKIP
mk9-b1.mtx,bfp8_outlier_lb,bfp8_outlier_lb,controlled_lossy_value_specialized,ok,none,accuracy_pass_runtime_win,0.0051,0.0038,2.254902,1.176471,,1166,1640,bfp8_outlier,bfp8_outlier,false,0,0,false,0,spmv_max_rel,SKIP
mk9-b1.mtx,bfp4_lb,bfp4_lb,controlled_lossy_value_specialized,ok,none,accuracy_pass_runtime_win,0.0054,0.0036,2.129630,1.111111,,788,1640,bfp4,bfp4,false,0,0,false,0,spmv_max_rel,SKIP
mk9-b1.mtx,hybrid_lb,hybrid_lb,structural_hybrid,ok,none,promoted_fallback,0.0057,0.0045,2.017544,1.052632,,6048,,original,raw_double,false,,,1,0,exact_abs_or_rel,SKIP
mk9-b1.mtx,cusparse_default,cusparse_csr,external_baseline,ok,none,external_baseline,0.0115,0.0102,1.000000,0.521739,,6048,4540,original,original,false,,,true,0,exact_abs_or_rel,SKIP
model6.mtx,original_lb,original_lb,load_balanced_traversal,ok,none,promoted_fallback,0.0087,0.0061,1.666667,1.000000,,221024,65512,original,original,false,0,0,true,0,exact_abs_or_rel,SKIP
model6.mtx,auto_lossless_lb,original_lb,load_balanced_traversal,ok,none,promoted_fallback,0.0095,0.0079,1.526316,0.915789,,221024,65512,auto_lossless,original,true,8502,221024,true,0,exact_abs_or_rel,SKIP
model6.mtx,fp16_lb,fp16_lb,controlled_lossy_value_specialized,ok,none,accuracy_pass_runtime_loss,0.0096,0.0081,1.510417,0.906250,,55256,65512,fp16,fp16,false,0,0,false,0,spmv_max_rel,SKIP
model6.mtx,bf16_lb,bf16_lb,controlled_lossy_value_specialized,ok,none,accuracy_pass_runtime_loss,0.0097,0.0089,1.494845,0.896907,,55256,65512,bf16,bf16,false,0,0,false,0,spmv_max_rel,SKIP
model6.mtx,bfp8_lb,bfp8_lb,controlled_lossy_value_specialized,ok,none,accuracy_pass_runtime_loss,0.0100,0.0087,1.450000,0.870000,,44006,65512,bfp8,bfp8,false,0,0,false,0,spmv_max_rel,SKIP
model6.mtx,bfp8_outlier_lb,bfp8_outlier_lb,controlled_lossy_value_specialized,ok,none,accuracy_pass_runtime_loss,0.0115,0.0104,1.260870,0.756522,,46214,65512,bfp8_outlier,bfp8_outlier,false,0,0,false,0,spmv_max_rel,SKIP
model6.mtx,bfp4_lb,bfp4_lb,controlled_lossy_value_specialized,ok,none,accuracy_pass_runtime_loss,0.0136,0.0127,1.066176,0.639706,,30192,65512,bfp4,bfp4,false,0,0,false,0,spmv_max_rel,SKIP
model6.mtx,hybrid_lb,hybrid_lb,structural_hybrid,ok,none,promoted_fallback,0.0133,0.0118,1.090226,0.654135,,221024,,original,raw_double,false,,,1,0,exact_abs_or_rel,SKIP
model6.mtx,cusparse_default,cusparse_csr,external_baseline,ok,none,external_baseline,0.0145,0.0102,1.000000,0.600000,,221024,118900,original,original,false,,,true,0,exact_abs_or_rel,SKIP
msc01050.mtx,original_lb,original_lb,load_balanced_traversal,ok,none,promoted_fallback,0.0080,0.0059,1.750000,1.000000,,209584,23960,original,original,false,0,0,true,0,exact_abs_or_rel,SKIP
msc01050.mtx,auto_lossless_lb,dict65536_u16_lb,lossless_value_specialized,ok,none,accuracy_pass_runtime_loss,0.0103,0.0089,1.359223,0.776699,,199824,23960,auto_lossless,dict65536_u16,true,1018,199824,true,1018,exact_abs_or_rel,SKIP
msc01050.mtx,fp16_lb,fp16_lb,controlled_lossy_value_specialized,ok,none,accuracy_pass_runtime_loss,0.0093,0.0078,1.505376,0.860215,,52396,23960,fp16,fp16,false,0,0,false,0,spmv_max_rel,SKIP
msc01050.mtx,bf16_lb,bf16_lb,controlled_lossy_value_specialized,ok,none,accuracy_pass_runtime_loss,0.0093,0.0086,1.505376,0.860215,,52396,23960,bf16,bf16,false,0,0,false,0,spmv_max_rel,SKIP
msc01050.mtx,bfp8_lb,bfp8_lb,controlled_lossy_value_specialized,ok,none,accuracy_pass_runtime_loss,0.0095,0.0085,1.473684,0.842105,,32188,23960,bfp8,bfp8,false,0,0,false,0,spmv_max_rel,SKIP
msc01050.mtx,bfp8_outlier_lb,bfp8_outlier_lb,controlled_lossy_value_specialized,ok,none,accuracy_pass_runtime_loss,0.0119,0.0108,1.176471,0.672269,,33660,23960,bfp8_outlier,bfp8_outlier,false,0,0,false,0,spmv_max_rel,SKIP
msc01050.mtx,bfp4_lb,bfp4_lb,controlled_lossy_value_specialized,ok,none,accuracy_pass_runtime_loss,0.0134,0.0127,1.044776,0.597015,,19089,23960,bfp4,bfp4,false,0,0,false,0,spmv_max_rel,SKIP
msc01050.mtx,hybrid_lb,hybrid_lb,structural_hybrid,ok,none,promoted_fallback,0.0115,0.0100,1.217391,0.695652,,209584,,original,raw_double,false,,,1,0,exact_abs_or_rel,SKIP
msc01050.mtx,cusparse_default,cusparse_csr,external_baseline,ok,none,external_baseline,0.0140,0.0102,1.000000,0.571429,,209584,108996,original,original,false,,,true,0,exact_abs_or_rel,SKIP
mycielskian14.mtx,original_lb,original_lb,load_balanced_traversal,ok,none,promoted_fallback,0.0280,0.0271,1.135714,1.000000,,29564096,3845568,original,original,false,0,0,true,0,exact_abs_or_rel,SKIP
mycielskian14.mtx,auto_lossless_lb,all_one_lb,lossless_value_specialized,ok,none,accuracy_pass_runtime_win,0.0275,0.0262,1.156364,1.018182,,0,3845568,auto_lossless,all_one,true,1,0,true,0,exact_abs_or_rel,SKIP
mycielskian14.mtx,fp16_lb,fp16_lb,controlled_lossy_value_specialized,ok,none,accuracy_pass_runtime_win,0.0250,0.0237,1.272000,1.120000,,7391024,3845568,fp16,fp16,false,0,0,false,0,spmv_max_rel,SKIP
mycielskian14.mtx,bf16_lb,bf16_lb,controlled_lossy_value_specialized,ok,none,accuracy_pass_runtime_win,0.0249,0.0234,1.277108,1.124498,,7391024,3845568,bf16,bf16,false,0,0,false,0,spmv_max_rel,SKIP
mycielskian14.mtx,bfp8_lb,bfp8_lb,controlled_lossy_value_specialized,ok,none,accuracy_pass_runtime_win,0.0266,0.0252,1.195489,1.052632,,4656904,3845568,bfp8,bfp8,false,0,0,false,0,spmv_max_rel,SKIP
mycielskian14.mtx,bfp8_outlier_lb,bfp8_outlier_lb,controlled_lossy_value_specialized,ok,none,accuracy_pass_runtime_win,0.0262,0.0251,1.213740,1.068702,,4656904,3845568,bfp8_outlier,bfp8_outlier,false,0,0,false,0,spmv_max_rel,SKIP
mycielskian14.mtx,bfp4_lb,bfp4_lb,controlled_lossy_value_specialized,ok,none,accuracy_pass_runtime_win,0.0274,0.0261,1.160584,1.021898,,2809148,3845568,bfp4,bfp4,false,0,0,false,0,spmv_max_rel,SKIP
mycielskian14.mtx,hybrid_lb,hybrid_lb,structural_hybrid,ok,none,promoted_fallback,0.0219,0.0207,1.452055,1.278539,,29564096,,original,raw_double,false,,,1,0,exact_abs_or_rel,SKIP
mycielskian14.mtx,cusparse_default,cusparse_csr,external_baseline,ok,none,external_baseline,0.0318,0.0287,1.000000,0.880503,,29564096,14831200,original,original,false,,,true,0,exact_abs_or_rel,SKIP
mycielskian4.mtx,original_lb,original_lb,load_balanced_traversal,ok,none,promoted_fallback,0.0053,0.0043,2.018868,1.000000,,320,48,original,original,false,0,0,true,0,exact_abs_or_rel,SKIP
mycielskian4.mtx,auto_lossless_lb,all_one_lb,lossless_value_specialized,ok,none,accuracy_pass_runtime_loss,0.0056,0.0048,1.910714,0.946429,,0,48,auto_lossless,all_one,true,1,0,true,0,exact_abs_or_rel,SKIP
mycielskian4.mtx,fp16_lb,fp16_lb,controlled_lossy_value_specialized,ok,none,accuracy_pass_runtime_loss,0.0053,0.0044,2.018868,1.000000,,80,48,fp16,fp16,false,0,0,false,0,spmv_max_rel,SKIP
mycielskian4.mtx,bf16_lb,bf16_lb,controlled_lossy_value_specialized,ok,none,accuracy_pass_runtime_win,0.0051,0.0041,2.098039,1.039216,,80,48,bf16,bf16,false,0,0,false,0,spmv_max_rel,SKIP
mycielskian4.mtx,bfp8_lb,bfp8_lb,controlled_lossy_value_specialized,ok,none,accuracy_pass_runtime_win,0.0045,0.0035,2.377778,1.177778,,52,48,bfp8,bfp8,false,0,0,false,0,spmv_max_rel,SKIP
mycielskian4.mtx,bfp8_outlier_lb,bfp8_outlier_lb,controlled_lossy_value_specialized,ok,none,accuracy_pass_runtime_win,0.0047,0.0042,2.276596,1.127660,,52,48,bfp8_outlier,bfp8_outlier,false,0,0,false,0,spmv_max_rel,SKIP
mycielskian4.mtx,bfp4_lb,bfp4_lb,controlled_lossy_value_specialized,ok,none,accuracy_pass_runtime_loss,0.0056,0.0046,1.910714,0.946429,,32,48,bfp4,bfp4,false,0,0,false,0,spmv_max_rel,SKIP
mycielskian4.mtx,hybrid_lb,hybrid_lb,structural_hybrid,ok,none,promoted_fallback,0.0056,0.0040,1.910714,0.946429,,320,,original,raw_double,false,,,1,0,exact_abs_or_rel,SKIP
mycielskian4.mtx,cusparse_default,cusparse_csr,external_baseline,ok,none,external_baseline,0.0107,0.0082,1.000000,0.495327,,320,208,original,original,false,,,true,0,exact_abs_or_rel,SKIP
n2c6-b5.mtx,original_lb,original_lb,load_balanced_traversal,ok,none,promoted_fallback,0.0077,0.0068,1.883117,1.000000,,237360,65360,original,original,false,0,0,true,0,exact_abs_or_rel,SKIP
n2c6-b5.mtx,auto_lossless_lb,sign2_lb,lossless_value_specialized,ok,none,accuracy_pass_runtime_loss,0.0078,0.0065,1.858974,0.987179,,32680,65360,auto_lossless,sign2,true,2,32680,true,0,exact_abs_or_rel,SKIP
n2c6-b5.mtx,fp16_lb,fp16_lb,controlled_lossy_value_specialized,ok,none,accuracy_pass_runtime_win,0.0072,0.0061,2.013889,1.069444,,59340,65360,fp16,fp16,false,0,0,false,0,spmv_max_rel,SKIP
n2c6-b5.mtx,bf16_lb,bf16_lb,controlled_lossy_value_specialized,ok,none,accuracy_pass_runtime_win,0.0073,0.0063,1.986301,1.054795,,59340,65360,bf16,bf16,false,0,0,false,0,spmv_max_rel,SKIP
n2c6-b5.mtx,bfp8_lb,bfp8_lb,controlled_lossy_value_specialized,ok,none,accuracy_pass_runtime_win,0.0076,0.0073,1.907895,1.013158,,46010,65360,bfp8,bfp8,false,0,0,false,0,spmv_max_rel,SKIP
n2c6-b5.mtx,bfp8_outlier_lb,bfp8_outlier_lb,controlled_lossy_value_specialized,ok,none,accuracy_pass_runtime_win,0.0075,0.0064,1.933333,1.026667,,46010,65360,bfp8_outlier,bfp8_outlier,false,0,0,false,0,spmv_max_rel,SKIP
n2c6-b5.mtx,bfp4_lb,bfp4_lb,controlled_lossy_value_specialized,ok,none,accuracy_pass_runtime_loss,0.0095,0.0078,1.526316,0.810526,,31175,65360,bfp4,bfp4,false,0,0,false,0,spmv_max_rel,SKIP
n2c6-b5.mtx,hybrid_lb,hybrid_lb,structural_hybrid,ok,none,promoted_fallback,0.0058,0.0035,2.500000,1.327586,,237360,,original,raw_double,false,,,1,0,exact_abs_or_rel,SKIP
n2c6-b5.mtx,cusparse_default,cusparse_csr,external_baseline,ok,none,external_baseline,0.0145,0.0123,1.000000,0.531034,,237360,138464,original,original,false,,,true,0,exact_abs_or_rel,SKIP
n3c4-b4.mtx,original_lb,original_lb,load_balanced_traversal,ok,none,promoted_fallback,0.0046,0.0038,2.369565,1.000000,,240,32,original,original,false,0,0,true,0,exact_abs_or_rel,SKIP
n3c4-b4.mtx,auto_lossless_lb,sign2_lb,lossless_value_specialized,ok,none,accuracy_pass_runtime_loss,0.0060,0.0052,1.816667,0.766667,,16,32,auto_lossless,sign2,true,2,16,true,0,exact_abs_or_rel,SKIP
n3c4-b4.mtx,fp16_lb,fp16_lb,controlled_lossy_value_specialized,ok,none,accuracy_pass_runtime_loss,0.0054,0.0043,2.018519,0.851852,,60,32,fp16,fp16,false,0,0,false,0,spmv_max_rel,SKIP
n3c4-b4.mtx,bf16_lb,bf16_lb,controlled_lossy_value_specialized,ok,none,accuracy_pass_runtime_loss,0.0055,0.0044,1.981818,0.836364,,60,32,bf16,bf16,false,0,0,false,0,spmv_max_rel,SKIP
n3c4-b4.mtx,bfp8_lb,bfp8_lb,controlled_lossy_value_specialized,ok,none,accuracy_pass_runtime_loss,0.0055,0.0039,1.981818,0.836364,,38,32,bfp8,bfp8,false,0,0,false,0,spmv_max_rel,SKIP
n3c4-b4.mtx,bfp8_outlier_lb,bfp8_outlier_lb,controlled_lossy_value_specialized,ok,none,accuracy_pass_runtime_loss,0.0058,0.0047,1.879310,0.793103,,38,32,bfp8_outlier,bfp8_outlier,false,0,0,false,0,spmv_max_rel,SKIP
n3c4-b4.mtx,bfp4_lb,bfp4_lb,controlled_lossy_value_specialized,ok,none,accuracy_pass_runtime_loss,0.0060,0.0049,1.816667,0.766667,,23,32,bfp4,bfp4,false,0,0,false,0,spmv_max_rel,SKIP
n3c4-b4.mtx,hybrid_lb,hybrid_lb,structural_hybrid,ok,none,promoted_fallback,0.0058,0.0042,1.879310,0.793103,,240,,original,raw_double,false,,,1,0,exact_abs_or_rel,SKIP
n3c4-b4.mtx,cusparse_default,cusparse_csr,external_baseline,ok,none,external_baseline,0.0109,0.0075,1.000000,0.422018,,240,148,original,original,false,,,true,0,exact_abs_or_rel,SKIP
n3c6-b1.mtx,original_lb,original_lb,load_balanced_traversal,ok,none,promoted_fallback,0.0057,0.0048,1.982456,1.000000,,1680,328,original,original,false,0,0,true,0,exact_abs_or_rel,SKIP
n3c6-b1.mtx,auto_lossless_lb,sign2_lb,lossless_value_specialized,ok,none,accuracy_pass_runtime_loss,0.0065,0.0052,1.738462,0.876923,,164,328,auto_lossless,sign2,true,2,164,true,0,exact_abs_or_rel,SKIP
n3c6-b1.mtx,fp16_lb,fp16_lb,controlled_lossy_value_specialized,ok,none,accuracy_pass_runtime_win,0.0055,0.0045,2.054545,1.036364,,420,328,fp16,fp16,false,0,0,false,0,spmv_max_rel,SKIP
n3c6-b1.mtx,bf16_lb,bf16_lb,controlled_lossy_value_specialized,ok,none,accuracy_pass_runtime_win,0.0054,0.0040,2.092593,1.055556,,420,328,bf16,bf16,false,0,0,false,0,spmv_max_rel,SKIP
n3c6-b1.mtx,bfp8_lb,bfp8_lb,controlled_lossy_value_specialized,ok,none,accuracy_pass_runtime_win,0.0053,0.0044,2.132075,1.075472,,292,328,bfp8,bfp8,false,0,0,false,0,spmv_max_rel,SKIP
n3c6-b1.mtx,bfp8_outlier_lb,bfp8_outlier_lb,controlled_lossy_value_specialized,ok,none,accuracy_pass_runtime_win,0.0052,0.0043,2.173077,1.096154,,292,328,bfp8_outlier,bfp8_outlier,false,0,0,false,0,spmv_max_rel,SKIP
n3c6-b1.mtx,bfp4_lb,bfp4_lb,controlled_lossy_value_specialized,ok,none,accuracy_pass_runtime_win,0.0054,0.0048,2.092593,1.055556,,187,328,bfp4,bfp4,false,0,0,false,0,spmv_max_rel,SKIP
n3c6-b1.mtx,hybrid_lb,hybrid_lb,structural_hybrid,ok,none,promoted_fallback,0.0061,0.0045,1.852459,0.934426,,1680,,original,raw_double,false,,,1,0,exact_abs_or_rel,SKIP
n3c6-b1.mtx,cusparse_default,cusparse_csr,external_baseline,ok,none,external_baseline,0.0113,0.0082,1.000000,0.504425,,1680,1264,original,original,false,,,true,0,exact_abs_or_rel,SKIP
n3c6-b7.mtx,original_lb,original_lb,load_balanced_traversal,ok,none,promoted_fallback,0.0082,0.0074,1.841463,1.000000,,411840,104616,original,original,false,0,0,true,0,exact_abs_or_rel,SKIP
n3c6-b7.mtx,auto_lossless_lb,sign2_lb,lossless_value_specialized,ok,none,accuracy_pass_runtime_loss,0.0086,0.0069,1.755814,0.953488,,52308,104616,auto_lossless,sign2,true,2,52308,true,0,exact_abs_or_rel,SKIP
n3c6-b7.mtx,fp16_lb,fp16_lb,controlled_lossy_value_specialized,ok,none,accuracy_pass_runtime_win,0.0072,0.0067,2.097222,1.138889,,102960,104616,fp16,fp16,false,0,0,false,0,spmv_max_rel,SKIP
n3c6-b7.mtx,bf16_lb,bf16_lb,controlled_lossy_value_specialized,ok,none,accuracy_pass_runtime_win,0.0078,0.0068,1.935897,1.051282,,102960,104616,bf16,bf16,false,0,0,false,0,spmv_max_rel,SKIP
n3c6-b7.mtx,bfp8_lb,bfp8_lb,controlled_lossy_value_specialized,ok,none,accuracy_pass_runtime_win,0.0081,0.0071,1.864198,1.012346,,77634,104616,bfp8,bfp8,false,0,0,false,0,spmv_max_rel,SKIP
n3c6-b7.mtx,bfp8_outlier_lb,bfp8_outlier_lb,controlled_lossy_value_specialized,ok,none,accuracy_pass_runtime_win,0.0077,0.0067,1.961039,1.064935,,77634,104616,bfp8_outlier,bfp8_outlier,false,0,0,false,0,spmv_max_rel,SKIP
n3c6-b7.mtx,bfp4_lb,bfp4_lb,controlled_lossy_value_specialized,ok,none,accuracy_pass_runtime_loss,0.0111,0.0092,1.360360,0.738739,,51894,104616,bfp4,bfp4,false,0,0,false,0,spmv_max_rel,SKIP
n3c6-b7.mtx,hybrid_lb,hybrid_lb,structural_hybrid,ok,none,promoted_fallback,0.0062,0.0037,2.435484,1.322581,,411840,,original,raw_double,false,,,1,0,exact_abs_or_rel,SKIP
n3c6-b7.mtx,cusparse_default,cusparse_csr,external_baseline,ok,none,external_baseline,0.0151,0.0123,1.000000,0.543046,,411840,231664,original,original,false,,,true,0,exact_abs_or_rel,SKIP
n4c5-b4.mtx,original_lb,original_lb,load_balanced_traversal,ok,none,promoted_fallback,0.0066,0.0052,2.348485,1.000000,,114080,30776,original,original,false,0,0,true,0,exact_abs_or_rel,SKIP
n4c5-b4.mtx,auto_lossless_lb,sign2_lb,lossless_value_specialized,ok,none,accuracy_pass_runtime_loss,0.0073,0.0054,2.123288,0.904110,,15388,30776,auto_lossless,sign2,true,2,15388,true,0,exact_abs_or_rel,SKIP
n4c5-b4.mtx,fp16_lb,fp16_lb,controlled_lossy_value_specialized,ok,none,accuracy_pass_runtime_win,0.0062,0.0046,2.500000,1.064516,,28520,30776,fp16,fp16,false,0,0,false,0,spmv_max_rel,SKIP
n4c5-b4.mtx,bf16_lb,bf16_lb,controlled_lossy_value_specialized,ok,none,accuracy_pass_runtime_win,0.0061,0.0053,2.540984,1.081967,,28520,30776,bf16,bf16,false,0,0,false,0,spmv_max_rel,SKIP
n4c5-b4.mtx,bfp8_lb,bfp8_lb,controlled_lossy_value_specialized,ok,none,accuracy_pass_runtime_loss,0.0077,0.0058,2.012987,0.857143,,21954,30776,bfp8,bfp8,false,0,0,false,0,spmv_max_rel,SKIP
n4c5-b4.mtx,bfp8_outlier_lb,bfp8_outlier_lb,controlled_lossy_value_specialized,ok,none,accuracy_pass_runtime_loss,0.0078,0.0059,1.987179,0.846154,,21954,30776,bfp8_outlier,bfp8_outlier,false,0,0,false,0,spmv_max_rel,SKIP
n4c5-b4.mtx,bfp4_lb,bfp4_lb,controlled_lossy_value_specialized,ok,none,accuracy_pass_runtime_loss,0.0074,0.0064,2.094595,0.891892,,14824,30776,bfp4,bfp4,false,0,0,false,0,spmv_max_rel,SKIP
n4c5-b4.mtx,hybrid_lb,hybrid_lb,structural_hybrid,ok,none,promoted_fallback,0.0075,0.0058,2.066667,0.880000,,114080,,original,raw_double,false,,,1,0,exact_abs_or_rel,SKIP
n4c5-b4.mtx,cusparse_default,cusparse_csr,external_baseline,ok,none,external_baseline,0.0155,0.0123,1.000000,0.425806,,114080,68452,original,original,false,,,true,0,exact_abs_or_rel,SKIP
n4c6-b14.mtx,original_lb,original_lb,load_balanced_traversal,ok,none,promoted_fallback,0.0098,0.0078,1.346939,1.000000,,110400,44336,original,original,false,0,0,true,0,exact_abs_or_rel,SKIP
n4c6-b14.mtx,auto_lossless_lb,sign2_lb,lossless_value_specialized,ok,none,accuracy_pass_runtime_win,0.0091,0.0080,1.450549,1.076923,,22168,44336,auto_lossless,sign2,true,2,22168,true,0,exact_abs_or_rel,SKIP
n4c6-b14.mtx,fp16_lb,fp16_lb,controlled_lossy_value_specialized,ok,none,accuracy_pass_runtime_loss,0.0098,0.0090,1.346939,1.000000,,27600,44336,fp16,fp16,false,0,0,false,0,spmv_max_rel,SKIP
n4c6-b14.mtx,bf16_lb,bf16_lb,controlled_lossy_value_specialized,ok,none,accuracy_pass_runtime_win,0.0096,0.0092,1.375000,1.020833,,27600,44336,bf16,bf16,false,0,0,false,0,spmv_max_rel,SKIP
n4c6-b14.mtx,bfp8_lb,bfp8_lb,controlled_lossy_value_specialized,ok,none,accuracy_pass_runtime_win,0.0092,0.0077,1.434783,1.065217,,24884,44336,bfp8,bfp8,false,0,0,false,0,spmv_max_rel,SKIP
n4c6-b14.mtx,bfp8_outlier_lb,bfp8_outlier_lb,controlled_lossy_value_specialized,ok,none,accuracy_pass_runtime_win,0.0096,0.0081,1.375000,1.020833,,24884,44336,bfp8_outlier,bfp8_outlier,false,0,0,false,0,spmv_max_rel,SKIP
n4c6-b14.mtx,bfp4_lb,bfp4_lb,controlled_lossy_value_specialized,ok,none,accuracy_pass_runtime_loss,0.0137,0.0128,0.963504,0.715328,,17984,44336,bfp4,bfp4,false,0,0,false,0,spmv_max_rel,SKIP
n4c6-b14.mtx,hybrid_lb,hybrid_lb,structural_hybrid,ok,none,promoted_fallback,0.0073,0.0055,1.808219,1.342466,,110400,,original,raw_double,false,,,1,0,exact_abs_or_rel,SKIP
n4c6-b14.mtx,cusparse_default,cusparse_csr,external_baseline,ok,none,external_baseline,0.0132,0.0102,1.000000,0.742424,,110400,58884,original,original,false,,,true,0,exact_abs_or_rel,SKIP
nasa2146.mtx,original_lb,original_lb,load_balanced_traversal,ok,none,promoted_fallback,0.0074,0.0060,1.743243,1.000000,,578000,36272,original,original,false,0,0,true,0,exact_abs_or_rel,SKIP
nasa2146.mtx,auto_lossless_lb,original_lb,load_balanced_traversal,ok,none,promoted_fallback,0.0080,0.0073,1.612500,0.925000,,578000,36272,auto_lossless,original,true,37198,578000,true,0,exact_abs_or_rel,SKIP
nasa2146.mtx,fp16_lb,fp16_lb,controlled_lossy_value_specialized,ok,none,accuracy_pass_runtime_win,0.0070,0.0060,1.842857,1.057143,,144500,36272,fp16,fp16,false,0,0,false,0,spmv_max_rel,SKIP
nasa2146.mtx,bf16_lb,bf16_lb,controlled_lossy_value_specialized,ok,none,accuracy_pass_runtime_win,0.0072,0.0059,1.791667,1.027778,,144500,36272,bf16,bf16,false,0,0,false,0,spmv_max_rel,SKIP
nasa2146.mtx,bfp8_lb,bfp8_lb,controlled_lossy_value_specialized,ok,none,accuracy_pass_runtime_loss,0.0080,0.0069,1.612500,0.925000,,81318,36272,bfp8,bfp8,false,0,0,false,0,spmv_max_rel,SKIP
nasa2146.mtx,bfp8_outlier_lb,bfp8_outlier_lb,controlled_lossy_value_specialized,ok,none,accuracy_pass_runtime_loss,0.0099,0.0086,1.303030,0.747475,,87094,36272,bfp8_outlier,bfp8_outlier,false,0,0,false,0,spmv_max_rel,SKIP
nasa2146.mtx,bfp4_lb,bfp4_lb,controlled_lossy_value_specialized,ok,none,accuracy_pass_runtime_loss,0.0106,0.0093,1.216981,0.698113,,45193,36272,bfp4,bfp4,false,0,0,false,0,spmv_max_rel,SKIP
nasa2146.mtx,hybrid_lb,hybrid_lb,structural_hybrid,ok,none,promoted_fallback,0.0082,0.0065,1.573171,0.902439,,578000,,original,raw_double,false,,,1,0,exact_abs_or_rel,SKIP
nasa2146.mtx,cusparse_default,cusparse_csr,external_baseline,ok,none,external_baseline,0.0129,0.0102,1.000000,0.573643,,578000,297588,original,original,false,,,true,0,exact_abs_or_rel,SKIP
nemeth05.mtx,original_lb,original_lb,load_balanced_traversal,ok,none,promoted_fallback,0.0074,0.0067,1.837838,1.000000,,3158464,178816,original,original,false,0,0,true,0,exact_abs_or_rel,SKIP
nemeth05.mtx,auto_lossless_lb,original_lb,load_balanced_traversal,ok,none,promoted_fallback,0.0088,0.0072,1.545455,0.840909,,3158464,178816,auto_lossless,original,true,193891,3158464,true,0,exact_abs_or_rel,SKIP
nemeth05.mtx,fp16_lb,fp16_lb,controlled_lossy_value_specialized,ok,none,accuracy_pass_runtime_loss,0.0080,0.0067,1.700000,0.925000,,789616,178816,fp16,fp16,false,0,0,false,0,spmv_max_rel,SKIP
nemeth05.mtx,bf16_lb,bf16_lb,controlled_lossy_value_specialized,ok,none,accuracy_pass_runtime_loss,0.0080,0.0072,1.700000,0.925000,,789616,178816,bf16,bf16,false,0,0,false,0,spmv_max_rel,SKIP
nemeth05.mtx,bfp8_lb,bfp8_lb,controlled_lossy_value_specialized,ok,none,accuracy_pass_runtime_loss,0.0081,0.0057,1.679012,0.913580,,439512,178816,bfp8,bfp8,false,0,0,false,0,spmv_max_rel,SKIP
nemeth05.mtx,bfp8_outlier_lb,bfp8_outlier_lb,controlled_lossy_value_specialized,ok,none,accuracy_pass_runtime_loss,0.0107,0.0090,1.271028,0.691589,,471096,178816,bfp8_outlier,bfp8_outlier,false,0,0,false,0,spmv_max_rel,SKIP
nemeth05.mtx,bfp4_lb,bfp4_lb,controlled_lossy_value_specialized,ok,none,accuracy_pass_runtime_loss,0.0101,0.0088,1.346535,0.732673,,242108,178816,bfp4,bfp4,false,0,0,false,0,spmv_max_rel,SKIP
nemeth05.mtx,hybrid_lb,hybrid_lb,structural_hybrid,ok,none,promoted_fallback,0.0087,0.0057,1.563218,0.850575,,3158464,,original,raw_double,false,,,1,0,exact_abs_or_rel,SKIP
nemeth05.mtx,cusparse_default,cusparse_csr,external_baseline,ok,none,external_baseline,0.0136,0.0102,1.000000,0.544118,,3158464,1617260,original,original,false,,,true,0,exact_abs_or_rel,SKIP
nemeth13.mtx,original_lb,original_lb,load_balanced_traversal,ok,none,promoted_fallback,0.0079,0.0068,1.645570,1.000000,,3795776,185808,original,original,false,0,0,true,0,exact_abs_or_rel,SKIP
nemeth13.mtx,auto_lossless_lb,original_lb,load_balanced_traversal,ok,none,promoted_fallback,0.0091,0.0067,1.428571,0.868132,,3795776,185808,auto_lossless,original,true,240298,3795776,true,0,exact_abs_or_rel,SKIP
nemeth13.mtx,fp16_lb,fp16_lb,controlled_lossy_value_specialized,ok,none,accuracy_pass_runtime_loss,0.0088,0.0067,1.477273,0.897727,,948944,185808,fp16,fp16,false,0,0,false,0,spmv_max_rel,SKIP
nemeth13.mtx,bf16_lb,bf16_lb,controlled_lossy_value_specialized,ok,none,accuracy_pass_runtime_loss,0.0083,0.0066,1.566265,0.951807,,948944,185808,bf16,bf16,false,0,0,false,0,spmv_max_rel,SKIP
nemeth13.mtx,bfp8_lb,bfp8_lb,controlled_lossy_value_specialized,ok,none,accuracy_pass_runtime_loss,0.0091,0.0074,1.428571,0.868132,,520924,185808,bfp8,bfp8,false,0,0,false,0,spmv_max_rel,SKIP
nemeth13.mtx,bfp8_outlier_lb,bfp8_outlier_lb,controlled_lossy_value_specialized,ok,none,accuracy_pass_runtime_loss,0.0108,0.0094,1.203704,0.731481,,558876,185808,bfp8_outlier,bfp8_outlier,false,0,0,false,0,spmv_max_rel,SKIP
nemeth13.mtx,bfp4_lb,bfp4_lb,controlled_lossy_value_specialized,ok,none,accuracy_pass_runtime_loss,0.0110,0.0093,1.181818,0.718182,,283688,185808,bfp4,bfp4,false,0,0,false,0,spmv_max_rel,SKIP
nemeth13.mtx,hybrid_lb,hybrid_lb,structural_hybrid,ok,none,promoted_fallback,0.0092,0.0076,1.413043,0.858696,,3795776,,original,raw_double,false,,,1,0,exact_abs_or_rel,SKIP
nemeth13.mtx,cusparse_default,cusparse_csr,external_baseline,ok,none,external_baseline,0.0130,0.0102,1.000000,0.607692,,3795776,1935916,original,original,false,,,true,0,exact_abs_or_rel,SKIP
nemeth21.mtx,original_lb,original_lb,load_balanced_traversal,ok,none,promoted_fallback,0.0091,0.0084,2.087912,1.000000,,9389968,384752,original,original,false,0,0,true,0,exact_abs_or_rel,SKIP
nemeth21.mtx,auto_lossless_lb,original_lb,load_balanced_traversal,ok,none,promoted_fallback,0.0130,0.0092,1.461538,0.700000,,9389968,384752,auto_lossless,original,true,591626,9389968,true,0,exact_abs_or_rel,SKIP
nemeth21.mtx,fp16_lb,fp16_lb,controlled_lossy_value_specialized,ok,none,accuracy_pass_runtime_loss,0.0092,0.0087,2.065217,0.989130,,2347492,384752,fp16,fp16,false,0,0,false,0,spmv_max_rel,SKIP
nemeth21.mtx,bf16_lb,bf16_lb,controlled_lossy_value_specialized,ok,none,accuracy_pass_runtime_loss,0.0091,0.0084,2.087912,1.000000,,2347492,384752,bf16,bf16,false,0,0,false,0,spmv_max_rel,SKIP
nemeth21.mtx,bfp8_lb,bfp8_lb,controlled_lossy_value_specialized,ok,none,accuracy_pass_runtime_loss,0.0104,0.0093,1.826923,0.875000,,1269934,384752,bfp8,bfp8,false,0,0,false,0,spmv_max_rel,SKIP
nemeth21.mtx,bfp8_outlier_lb,bfp8_outlier_lb,controlled_lossy_value_specialized,ok,none,accuracy_pass_runtime_loss,0.0125,0.0102,1.520000,0.728000,,1363806,384752,bfp8_outlier,bfp8_outlier,false,0,0,false,0,spmv_max_rel,SKIP
nemeth21.mtx,bfp4_lb,bfp4_lb,controlled_lossy_value_specialized,ok,none,accuracy_pass_runtime_loss,0.0141,0.0132,1.347518,0.645390,,683061,384752,bfp4,bfp4,false,0,0,false,0,spmv_max_rel,SKIP
nemeth21.mtx,hybrid_lb,hybrid_lb,structural_hybrid,ok,none,promoted_fallback,0.0117,0.0108,1.623932,0.777778,,9389968,,original,raw_double,false,,,1,0,exact_abs_or_rel,SKIP
nemeth21.mtx,cusparse_default,cusparse_csr,external_baseline,ok,none,external_baseline,0.0190,0.0164,1.000000,0.478947,,9389968,4733012,original,original,false,,,true,0,exact_abs_or_rel,SKIP
nemspmm1.mtx,original_lb,original_lb,load_balanced_traversal,ok,none,promoted_fallback,0.0092,0.0076,1.532609,1.000000,,446936,87776,original,original,false,0,0,true,0,exact_abs_or_rel,SKIP
nemspmm1.mtx,auto_lossless_lb,original_lb,load_balanced_traversal,ok,none,promoted_fallback,0.0107,0.0100,1.317757,0.859813,,446936,87776,auto_lossless,original,true,1926,446936,true,0,exact_abs_or_rel,SKIP
nemspmm1.mtx,fp16_lb,fp16_lb,controlled_lossy_value_specialized,ok,none,accuracy_pass_runtime_win,0.0089,0.0077,1.584270,1.033708,,111734,87776,fp16,fp16,false,0,0,false,0,spmv_max_rel,SKIP
nemspmm1.mtx,bf16_lb,bf16_lb,controlled_lossy_value_specialized,ok,none,accuracy_pass_runtime_loss,0.0093,0.0085,1.516129,0.989247,,111734,87776,bf16,bf16,false,0,0,false,0,spmv_max_rel,SKIP
nemspmm1.mtx,bfp8_lb,bfp8_lb,controlled_lossy_value_specialized,ok,none,accuracy_pass_runtime_loss,0.0095,0.0085,1.484211,0.968421,,77811,87776,bfp8,bfp8,false,0,0,false,0,spmv_max_rel,SKIP
nemspmm1.mtx,bfp8_outlier_lb,bfp8_outlier_lb,controlled_lossy_value_specialized,ok,none,accuracy_pass_runtime_loss,0.0120,0.0101,1.175000,0.766667,,81987,87776,bfp8_outlier,bfp8_outlier,false,0,0,false,0,spmv_max_rel,SKIP
nemspmm1.mtx,bfp4_lb,bfp4_lb,controlled_lossy_value_specialized,ok,none,accuracy_pass_runtime_loss,0.0142,0.0131,0.992958,0.647887,,49878,87776,bfp4,bfp4,false,0,0,false,0,spmv_max_rel,SKIP
nemspmm1.mtx,hybrid_lb,hybrid_lb,structural_hybrid,ok,none,promoted_fallback,0.0131,0.0108,1.076336,0.702290,,446936,,original,raw_double,false,,,1,0,exact_abs_or_rel,SKIP
nemspmm1.mtx,cusparse_default,cusparse_csr,external_baseline,ok,none,external_baseline,0.0141,0.0102,1.000000,0.652482,,446936,232960,original,original,false,,,true,0,exact_abs_or_rel,SKIP
nnc666.mtx,original_lb,original_lb,load_balanced_traversal,ok,none,promoted_fallback,0.0079,0.0070,1.746835,1.000000,,32256,7096,original,original,false,0,0,true,0,exact_abs_or_rel,SKIP
nnc666.mtx,auto_lossless_lb,dict16_lb,lossless_value_specialized,ok,none,accuracy_pass_runtime_win,0.0075,0.0070,1.840000,1.053333,,14304,7096,auto_lossless,dict16,true,14,14304,true,14,exact_abs_or_rel,SKIP
nnc666.mtx,fp16_lb,fp16_lb,controlled_lossy_value_specialized,ok,none,accuracy_pass_runtime_win,0.0078,0.0069,1.769231,1.012821,,8064,7096,fp16,fp16,false,0,0,false,0,spmv_max_rel,SKIP
nnc666.mtx,bf16_lb,bf16_lb,controlled_lossy_value_specialized,ok,none,accuracy_pass_runtime_win,0.0078,0.0070,1.769231,1.012821,,8064,7096,bf16,bf16,false,0,0,false,0,spmv_max_rel,SKIP
nnc666.mtx,bfp8_lb,bfp8_lb,controlled_lossy_value_specialized,ok,none,accuracy_pass_runtime_loss,0.0081,0.0076,1.703704,0.975309,,5806,7096,bfp8,bfp8,false,0,0,false,0,spmv_max_rel,SKIP
nnc666.mtx,bfp8_outlier_lb,bfp8_outlier_lb,controlled_lossy_value_specialized,ok,none,accuracy_pass_runtime_win,0.0075,0.0065,1.840000,1.053333,,5806,7096,bfp8_outlier,bfp8_outlier,false,0,0,false,0,spmv_max_rel,SKIP
nnc666.mtx,bfp4_lb,bfp4_lb,controlled_lossy_value_specialized,ok,none,accuracy_pass_runtime_loss,0.0088,0.0068,1.568182,0.897727,,3790,7096,bfp4,bfp4,false,0,0,false,0,spmv_max_rel,SKIP
nnc666.mtx,hybrid_lb,hybrid_lb,structural_hybrid,ok,none,promoted_fallback,0.0072,0.0056,1.916667,1.097222,,32256,,original,raw_double,false,,,1,0,exact_abs_or_rel,SKIP
nnc666.mtx,cusparse_default,cusparse_csr,external_baseline,ok,none,external_baseline,0.0138,0.0102,1.000000,0.572464,,32256,18796,original,original,false,,,true,0,exact_abs_or_rel,SKIP
nopss_11k_iv.mtx,original_lb,original_lb,load_balanced_traversal,ok,none,promoted_fallback,0.0057,0.0049,3.017544,1.000000,,10056,5056,original,original,false,0,0,true,0,exact_abs_or_rel,SKIP
nopss_11k_iv.mtx,auto_lossless_lb,all_one_lb,lossless_value_specialized,ok,none,accuracy_pass_runtime_loss,0.0063,0.0054,2.730159,0.904762,,0,5056,auto_lossless,all_one,true,1,0,true,0,exact_abs_or_rel,SKIP
nopss_11k_iv.mtx,fp16_lb,fp16_lb,controlled_lossy_value_specialized,ok,none,accuracy_pass_runtime_loss,0.0065,0.0054,2.646154,0.876923,,2514,5056,fp16,fp16,false,0,0,false,0,spmv_max_rel,SKIP
nopss_11k_iv.mtx,bf16_lb,bf16_lb,controlled_lossy_value_specialized,ok,none,accuracy_pass_runtime_loss,0.0069,0.0055,2.492754,0.826087,,2514,5056,bf16,bf16,false,0,0,false,0,spmv_max_rel,SKIP
nopss_11k_iv.mtx,bfp8_lb,bfp8_lb,controlled_lossy_value_specialized,ok,none,accuracy_pass_runtime_win,0.0056,0.0048,3.071429,1.017857,,2521,5056,bfp8,bfp8,false,0,0,false,0,spmv_max_rel,SKIP
nopss_11k_iv.mtx,bfp8_outlier_lb,bfp8_outlier_lb,controlled_lossy_value_specialized,ok,none,accuracy_pass_runtime_loss,0.0060,0.0052,2.866667,0.950000,,2521,5056,bfp8_outlier,bfp8_outlier,false,0,0,false,0,spmv_max_rel,SKIP
nopss_11k_iv.mtx,bfp4_lb,bfp4_lb,controlled_lossy_value_specialized,ok,none,accuracy_pass_runtime_win,0.0048,0.0043,3.583333,1.187500,,1893,5056,bfp4,bfp4,false,0,0,false,0,spmv_max_rel,SKIP
nopss_11k_iv.mtx,hybrid_lb,hybrid_lb,structural_hybrid,ok,none,promoted_fallback,0.0055,0.0044,3.127273,1.036364,,10056,,original,raw_double,false,,,1,0,exact_abs_or_rel,SKIP
nopss_11k_iv.mtx,cusparse_default,cusparse_csr,external_baseline,ok,none,external_baseline,0.0172,0.0123,1.000000,0.331395,,10056,51772,original,original,false,,,true,0,exact_abs_or_rel,SKIP
nsir_A_1.mtx,original_lb,original_lb,load_balanced_traversal,ok,none,promoted_fallback,0.0090,0.0084,1.588889,1.000000,,1145992,237384,original,original,false,0,0,true,0,exact_abs_or_rel,SKIP
nsir_A_1.mtx,auto_lossless_lb,dict2_lb,lossless_value_specialized,ok,none,accuracy_pass_runtime_loss,0.0104,0.0089,1.375000,0.865385,,118708,237384,auto_lossless,dict2,true,2,118708,true,2,exact_abs_or_rel,SKIP
nsir_A_1.mtx,fp16_lb,fp16_lb,controlled_lossy_value_specialized,ok,none,accuracy_pass_runtime_loss,0.0097,0.0087,1.474227,0.927835,,286498,237384,fp16,fp16,false,0,0,false,0,spmv_max_rel,SKIP
nsir_A_1.mtx,bf16_lb,bf16_lb,controlled_lossy_value_specialized,ok,none,accuracy_pass_runtime_loss,0.0094,0.0085,1.521277,0.957447,,286498,237384,bf16,bf16,false,0,0,false,0,spmv_max_rel,SKIP
nsir_A_1.mtx,bfp8_lb,bfp8_lb,controlled_lossy_value_specialized,ok,none,accuracy_pass_runtime_loss,0.0092,0.0088,1.554348,0.978261,,202595,237384,bfp8,bfp8,false,0,0,false,0,spmv_max_rel,SKIP
nsir_A_1.mtx,bfp8_outlier_lb,bfp8_outlier_lb,controlled_lossy_value_specialized,ok,none,accuracy_pass_runtime_loss,0.0104,0.0084,1.375000,0.865385,,202595,237384,bfp8_outlier,bfp8_outlier,false,0,0,false,0,spmv_max_rel,SKIP
nsir_A_1.mtx,bfp4_lb,bfp4_lb,controlled_lossy_value_specialized,ok,none,accuracy_pass_runtime_loss,0.0134,0.0118,1.067164,0.671642,,130971,237384,bfp4,bfp4,false,0,0,false,0,spmv_max_rel,SKIP
nsir_A_1.mtx,hybrid_lb,hybrid_lb,structural_hybrid,ok,none,promoted_fallback,0.0173,0.0155,0.826590,0.520231,,1145992,,original,raw_double,false,,,1,0,exact_abs_or_rel,SKIP
nsir_A_1.mtx,cusparse_default,cusparse_csr,external_baseline,ok,none,external_baseline,0.0143,0.0123,1.000000,0.629371,,1145992,590628,original,original,false,,,true,0,exact_abs_or_rel,SKIP
olm100.mtx,original_lb,original_lb,load_balanced_traversal,ok,none,promoted_fallback,0.0064,0.0051,1.765625,1.000000,,3168,392,original,original,false,0,0,true,0,exact_abs_or_rel,SKIP
olm100.mtx,auto_lossless_lb,dict16_lb,lossless_value_specialized,ok,none,accuracy_pass_runtime_win,0.0053,0.0045,2.132075,1.207547,,832,392,auto_lossless,dict16,true,6,832,true,6,exact_abs_or_rel,SKIP
olm100.mtx,fp16_lb,fp16_lb,controlled_lossy_value_specialized,ok,none,accuracy_pass_runtime_win,0.0063,0.0049,1.793651,1.015873,,792,392,fp16,fp16,false,0,0,false,0,spmv_max_rel,SKIP
olm100.mtx,bf16_lb,bf16_lb,controlled_lossy_value_specialized,ok,none,accuracy_pass_runtime_win,0.0059,0.0050,1.915254,1.084746,,792,392,bf16,bf16,false,0,0,false,0,spmv_max_rel,SKIP
olm100.mtx,bfp8_lb,bfp8_lb,controlled_lossy_value_specialized,ok,none,accuracy_pass_runtime_win,0.0057,0.0050,1.982456,1.122807,,494,392,bfp8,bfp8,false,0,0,false,0,spmv_max_rel,SKIP
olm100.mtx,bfp8_outlier_lb,bfp8_outlier_lb,controlled_lossy_value_specialized,ok,none,accuracy_pass_runtime_win,0.0058,0.0048,1.948276,1.103448,,494,392,bfp8_outlier,bfp8_outlier,false,0,0,false,0,spmv_max_rel,SKIP
olm100.mtx,bfp4_lb,bfp4_lb,controlled_lossy_value_specialized,ok,none,accuracy_pass_runtime_loss,0.0067,0.0048,1.686567,0.955224,,296,392,bfp4,bfp4,false,0,0,false,0,spmv_max_rel,SKIP
olm100.mtx,hybrid_lb,hybrid_lb,structural_hybrid,ok,none,promoted_fallback,0.0063,0.0050,1.793651,1.015873,,3168,,original,raw_double,false,,,1,0,exact_abs_or_rel,SKIP
olm100.mtx,cusparse_default,cusparse_csr,external_baseline,ok,none,external_baseline,0.0113,0.0082,1.000000,0.566372,,3168,1988,original,original,false,,,true,0,exact_abs_or_rel,SKIP
orani678.mtx,original_lb,original_lb,load_balanced_traversal,ok,none,promoted_fallback,0.0082,0.0071,1.707317,1.000000,,721264,53472,original,original,false,0,0,true,0,exact_abs_or_rel,SKIP
orani678.mtx,auto_lossless_lb,original_lb,load_balanced_traversal,ok,none,promoted_fallback,0.0117,0.0103,1.196581,0.700855,,721264,53472,auto_lossless,original,true,49455,721264,true,0,exact_abs_or_rel,SKIP
orani678.mtx,fp16_lb,fp16_lb,controlled_lossy_value_specialized,ok,none,accuracy_pass_runtime_loss,0.0095,0.0087,1.473684,0.863158,,180316,53472,fp16,fp16,false,0,0,false,0,spmv_max_rel,SKIP
orani678.mtx,bf16_lb,bf16_lb,controlled_lossy_value_specialized,ok,none,accuracy_pass_runtime_loss,0.0094,0.0076,1.489362,0.872340,,180316,53472,bf16,bf16,false,0,0,false,0,spmv_max_rel,SKIP
orani678.mtx,bfp8_lb,bfp8_lb,controlled_lossy_value_specialized,ok,none,accuracy_pass_runtime_loss,0.0108,0.0084,1.296296,0.759259,,103526,53472,bfp8,bfp8,false,0,0,false,0,spmv_max_rel,SKIP
orani678.mtx,bfp8_outlier_lb,bfp8_outlier_lb,controlled_lossy_value_specialized,ok,none,accuracy_pass_runtime_loss,0.0124,0.0112,1.129032,0.661290,,110054,53472,bfp8_outlier,bfp8_outlier,false,0,0,false,0,spmv_max_rel,SKIP
orani678.mtx,bfp4_lb,bfp4_lb,controlled_lossy_value_specialized,ok,none,accuracy_pass_runtime_loss,0.0124,0.0114,1.129032,0.661290,,58447,53472,bfp4,bfp4,false,0,0,false,0,spmv_max_rel,SKIP
orani678.mtx,hybrid_lb,hybrid_lb,structural_hybrid,ok,none,promoted_fallback,0.0134,0.0126,1.044776,0.611940,,721264,,original,raw_double,false,,,1,0,exact_abs_or_rel,SKIP
orani678.mtx,cusparse_default,cusparse_csr,external_baseline,ok,none,external_baseline,0.0140,0.0123,1.000000,0.585714,,721264,370752,original,original,false,,,true,0,exact_abs_or_rel,SKIP
oscil_dcop_06.mtx,original_lb,original_lb,load_balanced_traversal,ok,none,promoted_fallback,0.0077,0.0071,1.532468,1.000000,,12352,4440,original,original,false,0,0,true,0,exact_abs_or_rel,SKIP
oscil_dcop_06.mtx,auto_lossless_lb,original_lb,load_balanced_traversal,ok,none,promoted_fallback,0.0074,0.0069,1.594595,1.040541,,12352,4440,auto_lossless,original,true,505,12352,true,0,exact_abs_or_rel,SKIP
oscil_dcop_06.mtx,fp16_lb,fp16_lb,controlled_lossy_value_specialized,ok,none,accuracy_pass_runtime_loss,0.0091,0.0072,1.296703,0.846154,,3088,4440,fp16,fp16,false,0,0,false,0,spmv_max_rel,SKIP
oscil_dcop_06.mtx,bf16_lb,bf16_lb,controlled_lossy_value_specialized,ok,none,accuracy_pass_runtime_loss,0.0092,0.0071,1.282609,0.836957,,3088,4440,bf16,bf16,false,0,0,false,0,spmv_max_rel,SKIP
oscil_dcop_06.mtx,bfp8_lb,bfp8_lb,controlled_lossy_value_specialized,ok,none,accuracy_pass_runtime_loss,0.0089,0.0071,1.325843,0.865169,,2654,4440,bfp8,bfp8,false,0,0,false,0,spmv_max_rel,SKIP
oscil_dcop_06.mtx,bfp8_outlier_lb,bfp8_outlier_lb,controlled_lossy_value_specialized,ok,none,accuracy_pass_runtime_loss,0.0103,0.0087,1.145631,0.747573,,2750,4440,bfp8_outlier,bfp8_outlier,false,0,0,false,0,spmv_max_rel,SKIP
oscil_dcop_06.mtx,bfp4_lb,bfp4_lb,controlled_lossy_value_specialized,ok,none,accuracy_pass_runtime_loss,0.0112,0.0090,1.053571,0.687500,,1882,4440,bfp4,bfp4,false,0,0,false,0,spmv_max_rel,SKIP
oscil_dcop_06.mtx,hybrid_lb,hybrid_lb,structural_hybrid,ok,none,promoted_fallback,0.0070,0.0052,1.685714,1.100000,,12352,,original,raw_double,false,,,1,0,exact_abs_or_rel,SKIP
oscil_dcop_06.mtx,cusparse_default,cusparse_csr,external_baseline,ok,none,external_baseline,0.0118,0.0100,1.000000,0.652542,,12352,7900,original,original,false,,,true,0,exact_abs_or_rel,SKIP
oscil_dcop_14.mtx,original_lb,original_lb,load_balanced_traversal,ok,none,promoted_fallback,0.0131,0.0118,0.908397,1.000000,,12352,4440,original,original,false,0,0,true,0,exact_abs_or_rel,SKIP
oscil_dcop_14.mtx,auto_lossless_lb,original_lb,load_balanced_traversal,ok,none,promoted_fallback,0.0074,0.0061,1.608108,1.770270,,12352,4440,auto_lossless,original,true,552,12352,true,0,exact_abs_or_rel,SKIP
oscil_dcop_14.mtx,fp16_lb,fp16_lb,controlled_lossy_value_specialized,ok,none,accuracy_pass_runtime_win,0.0088,0.0071,1.352273,1.488636,,3088,4440,fp16,fp16,false,0,0,false,0,spmv_max_rel,SKIP
oscil_dcop_14.mtx,bf16_lb,bf16_lb,controlled_lossy_value_specialized,ok,none,accuracy_pass_runtime_win,0.0093,0.0076,1.279570,1.408602,,3088,4440,bf16,bf16,false,0,0,false,0,spmv_max_rel,SKIP
oscil_dcop_14.mtx,bfp8_lb,bfp8_lb,controlled_lossy_value_specialized,ok,none,accuracy_pass_runtime_win,0.0090,0.0072,1.322222,1.455556,,2654,4440,bfp8,bfp8,false,0,0,false,0,spmv_max_rel,SKIP
oscil_dcop_14.mtx,bfp8_outlier_lb,bfp8_outlier_lb,controlled_lossy_value_specialized,ok,none,accuracy_pass_runtime_win,0.0107,0.0093,1.112150,1.224299,,2750,4440,bfp8_outlier,bfp8_outlier,false,0,0,false,0,spmv_max_rel,SKIP
oscil_dcop_14.mtx,bfp4_lb,bfp4_lb,controlled_lossy_value_specialized,ok,none,accuracy_pass_runtime_loss,0.0148,0.0113,0.804054,0.885135,,1882,4440,bfp4,bfp4,false,0,0,false,0,spmv_max_rel,SKIP
oscil_dcop_14.mtx,hybrid_lb,hybrid_lb,structural_hybrid,ok,none,promoted_fallback,0.0071,0.0048,1.676056,1.845070,,12352,,original,raw_double,false,,,1,0,exact_abs_or_rel,SKIP
oscil_dcop_14.mtx,cusparse_default,cusparse_csr,external_baseline,ok,none,external_baseline,0.0119,0.0102,1.000000,1.100840,,12352,7900,original,original,false,,,true,0,exact_abs_or_rel,SKIP
oscil_dcop_22.mtx,original_lb,original_lb,load_balanced_traversal,ok,none,promoted_fallback,0.0085,0.0072,1.376471,1.000000,,12352,4440,original,original,false,0,0,true,0,exact_abs_or_rel,SKIP
oscil_dcop_22.mtx,auto_lossless_lb,original_lb,load_balanced_traversal,ok,none,promoted_fallback,0.0075,0.0062,1.560000,1.133333,,12352,4440,auto_lossless,original,true,549,12352,true,0,exact_abs_or_rel,SKIP
oscil_dcop_22.mtx,fp16_lb,fp16_lb,controlled_lossy_value_specialized,ok,none,accuracy_pass_runtime_loss,0.0091,0.0072,1.285714,0.934066,,3088,4440,fp16,fp16,false,0,0,false,0,spmv_max_rel,SKIP
oscil_dcop_22.mtx,bf16_lb,bf16_lb,controlled_lossy_value_specialized,ok,none,accuracy_pass_runtime_loss,0.0087,0.0071,1.344828,0.977011,,3088,4440,bf16,bf16,false,0,0,false,0,spmv_max_rel,SKIP
oscil_dcop_22.mtx,bfp8_lb,bfp8_lb,controlled_lossy_value_specialized,ok,none,accuracy_pass_runtime_loss,0.0085,0.0070,1.376471,1.000000,,2654,4440,bfp8,bfp8,false,0,0,false,0,spmv_max_rel,SKIP
oscil_dcop_22.mtx,bfp8_outlier_lb,bfp8_outlier_lb,controlled_lossy_value_specialized,ok,none,accuracy_pass_runtime_loss,0.0104,0.0089,1.125000,0.817308,,2750,4440,bfp8_outlier,bfp8_outlier,false,0,0,false,0,spmv_max_rel,SKIP
oscil_dcop_22.mtx,bfp4_lb,bfp4_lb,controlled_lossy_value_specialized,ok,none,accuracy_pass_runtime_loss,0.0115,0.0096,1.017391,0.739130,,1882,4440,bfp4,bfp4,false,0,0,false,0,spmv_max_rel,SKIP
oscil_dcop_22.mtx,hybrid_lb,hybrid_lb,structural_hybrid,ok,none,promoted_fallback,0.0069,0.0050,1.695652,1.231884,,12352,,original,raw_double,false,,,1,0,exact_abs_or_rel,SKIP
oscil_dcop_22.mtx,cusparse_default,cusparse_csr,external_baseline,ok,none,external_baseline,0.0117,0.0102,1.000000,0.726496,,12352,7900,original,original,false,,,true,0,exact_abs_or_rel,SKIP
oscil_dcop_30.mtx,original_lb,original_lb,load_balanced_traversal,ok,none,promoted_fallback,0.0077,0.0069,1.506494,1.000000,,12352,4440,original,original,false,0,0,true,0,exact_abs_or_rel,SKIP
oscil_dcop_30.mtx,auto_lossless_lb,original_lb,load_balanced_traversal,ok,none,promoted_fallback,0.0077,0.0068,1.506494,1.000000,,12352,4440,auto_lossless,original,true,519,12352,true,0,exact_abs_or_rel,SKIP
oscil_dcop_30.mtx,fp16_lb,fp16_lb,controlled_lossy_value_specialized,ok,none,accuracy_pass_runtime_loss,0.0087,0.0079,1.333333,0.885057,,3088,4440,fp16,fp16,false,0,0,false,0,spmv_max_rel,SKIP
oscil_dcop_30.mtx,bf16_lb,bf16_lb,controlled_lossy_value_specialized,ok,none,accuracy_pass_runtime_loss,0.0088,0.0070,1.318182,0.875000,,3088,4440,bf16,bf16,false,0,0,false,0,spmv_max_rel,SKIP
oscil_dcop_30.mtx,bfp8_lb,bfp8_lb,controlled_lossy_value_specialized,ok,none,accuracy_pass_runtime_loss,0.0086,0.0070,1.348837,0.895349,,2654,4440,bfp8,bfp8,false,0,0,false,0,spmv_max_rel,SKIP
oscil_dcop_30.mtx,bfp8_outlier_lb,bfp8_outlier_lb,controlled_lossy_value_specialized,ok,none,accuracy_pass_runtime_loss,0.0101,0.0085,1.148515,0.762376,,2750,4440,bfp8_outlier,bfp8_outlier,false,0,0,false,0,spmv_max_rel,SKIP
oscil_dcop_30.mtx,bfp4_lb,bfp4_lb,controlled_lossy_value_specialized,ok,none,accuracy_pass_runtime_loss,0.0111,0.0095,1.045045,0.693694,,1882,4440,bfp4,bfp4,false,0,0,false,0,spmv_max_rel,SKIP
oscil_dcop_30.mtx,hybrid_lb,hybrid_lb,structural_hybrid,ok,none,promoted_fallback,0.0074,0.0053,1.567568,1.040541,,12352,,original,raw_double,false,,,1,0,exact_abs_or_rel,SKIP
oscil_dcop_30.mtx,cusparse_default,cusparse_csr,external_baseline,ok,none,external_baseline,0.0116,0.0102,1.000000,0.663793,,12352,7900,original,original,false,,,true,0,exact_abs_or_rel,SKIP
oscil_dcop_38.mtx,original_lb,original_lb,load_balanced_traversal,ok,none,promoted_fallback,0.0076,0.0068,1.578947,1.000000,,12352,4440,original,original,false,0,0,true,0,exact_abs_or_rel,SKIP
oscil_dcop_38.mtx,auto_lossless_lb,original_lb,load_balanced_traversal,ok,none,promoted_fallback,0.0074,0.0069,1.621622,1.027027,,12352,4440,auto_lossless,original,true,491,12352,true,0,exact_abs_or_rel,SKIP
oscil_dcop_38.mtx,fp16_lb,fp16_lb,controlled_lossy_value_specialized,ok,none,accuracy_pass_runtime_loss,0.0088,0.0074,1.363636,0.863636,,3088,4440,fp16,fp16,false,0,0,false,0,spmv_max_rel,SKIP
oscil_dcop_38.mtx,bf16_lb,bf16_lb,controlled_lossy_value_specialized,ok,none,accuracy_pass_runtime_loss,0.0092,0.0071,1.304348,0.826087,,3088,4440,bf16,bf16,false,0,0,false,0,spmv_max_rel,SKIP
oscil_dcop_38.mtx,bfp8_lb,bfp8_lb,controlled_lossy_value_specialized,ok,none,accuracy_pass_runtime_loss,0.0086,0.0069,1.395349,0.883721,,2654,4440,bfp8,bfp8,false,0,0,false,0,spmv_max_rel,SKIP
oscil_dcop_38.mtx,bfp8_outlier_lb,bfp8_outlier_lb,controlled_lossy_value_specialized,ok,none,accuracy_pass_runtime_loss,0.0111,0.0094,1.081081,0.684685,,2750,4440,bfp8_outlier,bfp8_outlier,false,0,0,false,0,spmv_max_rel,SKIP
oscil_dcop_38.mtx,bfp4_lb,bfp4_lb,controlled_lossy_value_specialized,ok,none,accuracy_pass_runtime_loss,0.0118,0.0109,1.016949,0.644068,,1882,4440,bfp4,bfp4,false,0,0,false,0,spmv_max_rel,SKIP
oscil_dcop_38.mtx,hybrid_lb,hybrid_lb,structural_hybrid,ok,none,promoted_fallback,0.0068,0.0050,1.764706,1.117647,,12352,,original,raw_double,false,,,1,0,exact_abs_or_rel,SKIP
oscil_dcop_38.mtx,cusparse_default,cusparse_csr,external_baseline,ok,none,external_baseline,0.0120,0.0102,1.000000,0.633333,,12352,7900,original,original,false,,,true,0,exact_abs_or_rel,SKIP
oscil_dcop_46.mtx,original_lb,original_lb,load_balanced_traversal,ok,none,promoted_fallback,0.0080,0.0068,1.487500,1.000000,,12352,4440,original,original,false,0,0,true,0,exact_abs_or_rel,SKIP
oscil_dcop_46.mtx,auto_lossless_lb,original_lb,load_balanced_traversal,ok,none,promoted_fallback,0.0079,0.0068,1.506329,1.012658,,12352,4440,auto_lossless,original,true,453,12352,true,0,exact_abs_or_rel,SKIP
oscil_dcop_46.mtx,fp16_lb,fp16_lb,controlled_lossy_value_specialized,ok,none,accuracy_pass_runtime_loss,0.0088,0.0073,1.352273,0.909091,,3088,4440,fp16,fp16,false,0,0,false,0,spmv_max_rel,SKIP
oscil_dcop_46.mtx,bf16_lb,bf16_lb,controlled_lossy_value_specialized,ok,none,accuracy_pass_runtime_loss,0.0090,0.0073,1.322222,0.888889,,3088,4440,bf16,bf16,false,0,0,false,0,spmv_max_rel,SKIP
oscil_dcop_46.mtx,bfp8_lb,bfp8_lb,controlled_lossy_value_specialized,ok,none,accuracy_pass_runtime_loss,0.0083,0.0068,1.433735,0.963855,,2654,4440,bfp8,bfp8,false,0,0,false,0,spmv_max_rel,SKIP
oscil_dcop_46.mtx,bfp8_outlier_lb,bfp8_outlier_lb,controlled_lossy_value_specialized,ok,none,accuracy_pass_runtime_loss,0.0100,0.0081,1.190000,0.800000,,2750,4440,bfp8_outlier,bfp8_outlier,false,0,0,false,0,spmv_max_rel,SKIP
oscil_dcop_46.mtx,bfp4_lb,bfp4_lb,controlled_lossy_value_specialized,ok,none,accuracy_pass_runtime_loss,0.0117,0.0098,1.017094,0.683761,,1882,4440,bfp4,bfp4,false,0,0,false,0,spmv_max_rel,SKIP
oscil_dcop_46.mtx,hybrid_lb,hybrid_lb,structural_hybrid,ok,none,promoted_fallback,0.0079,0.0061,1.506329,1.012658,,12352,,original,raw_double,false,,,1,0,exact_abs_or_rel,SKIP
oscil_dcop_46.mtx,cusparse_default,cusparse_csr,external_baseline,ok,none,external_baseline,0.0119,0.0102,1.000000,0.672269,,12352,7900,original,original,false,,,true,0,exact_abs_or_rel,SKIP
oscil_dcop_54.mtx,original_lb,original_lb,load_balanced_traversal,ok,none,promoted_fallback,0.0081,0.0073,1.481481,1.000000,,12352,4440,original,original,false,0,0,true,0,exact_abs_or_rel,SKIP
oscil_dcop_54.mtx,auto_lossless_lb,original_lb,load_balanced_traversal,ok,none,promoted_fallback,0.0079,0.0062,1.518987,1.025316,,12352,4440,auto_lossless,original,true,443,12352,true,0,exact_abs_or_rel,SKIP
oscil_dcop_54.mtx,fp16_lb,fp16_lb,controlled_lossy_value_specialized,ok,none,accuracy_pass_runtime_loss,0.0085,0.0069,1.411765,0.952941,,3088,4440,fp16,fp16,false,0,0,false,0,spmv_max_rel,SKIP
oscil_dcop_54.mtx,bf16_lb,bf16_lb,controlled_lossy_value_specialized,ok,none,accuracy_pass_runtime_loss,0.0090,0.0070,1.333333,0.900000,,3088,4440,bf16,bf16,false,0,0,false,0,spmv_max_rel,SKIP
oscil_dcop_54.mtx,bfp8_lb,bfp8_lb,controlled_lossy_value_specialized,ok,none,accuracy_pass_runtime_loss,0.0084,0.0070,1.428571,0.964286,,2654,4440,bfp8,bfp8,false,0,0,false,0,spmv_max_rel,SKIP
oscil_dcop_54.mtx,bfp8_outlier_lb,bfp8_outlier_lb,controlled_lossy_value_specialized,ok,none,accuracy_pass_runtime_loss,0.0106,0.0083,1.132075,0.764151,,2750,4440,bfp8_outlier,bfp8_outlier,false,0,0,false,0,spmv_max_rel,SKIP
oscil_dcop_54.mtx,bfp4_lb,bfp4_lb,controlled_lossy_value_specialized,ok,none,accuracy_pass_runtime_loss,0.0116,0.0098,1.034483,0.698276,,1882,4440,bfp4,bfp4,false,0,0,false,0,spmv_max_rel,SKIP
oscil_dcop_54.mtx,hybrid_lb,hybrid_lb,structural_hybrid,ok,none,promoted_fallback,0.0070,0.0049,1.714286,1.157143,,12352,,original,raw_double,false,,,1,0,exact_abs_or_rel,SKIP
oscil_dcop_54.mtx,cusparse_default,cusparse_csr,external_baseline,ok,none,external_baseline,0.0120,0.0102,1.000000,0.675000,,12352,7900,original,original,false,,,true,0,exact_abs_or_rel,SKIP
p05.mtx,original_lb,original_lb,load_balanced_traversal,ok,none,promoted_fallback,0.0089,0.0072,1.606742,1.000000,,472360,145176,original,original,false,0,0,true,0,exact_abs_or_rel,SKIP
p05.mtx,auto_lossless_lb,dict16_lb,lossless_value_specialized,ok,none,accuracy_pass_runtime_loss,0.0113,0.0098,1.265487,0.787611,,290408,145176,auto_lossless,dict16,true,7,290408,true,7,exact_abs_or_rel,SKIP
p05.mtx,fp16_lb,fp16_lb,controlled_lossy_value_specialized,ok,none,accuracy_pass_runtime_loss,0.0099,0.0089,1.444444,0.898990,,118090,145176,fp16,fp16,false,0,0,false,0,spmv_max_rel,SKIP
p05.mtx,bf16_lb,bf16_lb,controlled_lossy_value_specialized,ok,none,accuracy_pass_runtime_loss,0.0098,0.0083,1.459184,0.908163,,118090,145176,bf16,bf16,false,0,0,false,0,spmv_max_rel,SKIP
p05.mtx,bfp8_lb,bfp8_lb,controlled_lossy_value_specialized,ok,none,accuracy_pass_runtime_loss,0.0102,0.0093,1.401961,0.872549,,95339,145176,bfp8,bfp8,false,0,0,false,0,spmv_max_rel,SKIP
p05.mtx,bfp8_outlier_lb,bfp8_outlier_lb,controlled_lossy_value_specialized,ok,none,accuracy_pass_runtime_loss,0.0091,0.0082,1.571429,0.978022,,95339,145176,bfp8_outlier,bfp8_outlier,false,0,0,false,0,spmv_max_rel,SKIP
p05.mtx,bfp4_lb,bfp4_lb,controlled_lossy_value_specialized,ok,none,accuracy_pass_runtime_loss,0.0134,0.0114,1.067164,0.664179,,65817,145176,bfp4,bfp4,false,0,0,false,0,spmv_max_rel,SKIP
p05.mtx,hybrid_lb,hybrid_lb,structural_hybrid,ok,none,promoted_fallback,0.0132,0.0114,1.083333,0.674242,,472360,,original,raw_double,false,,,1,0,exact_abs_or_rel,SKIP
p05.mtx,cusparse_default,cusparse_csr,external_baseline,ok,none,external_baseline,0.0143,0.0123,1.000000,0.622378,,472360,256544,original,original,false,,,true,0,exact_abs_or_rel,SKIP
p2p-Gnutella30.mtx,original_lb,original_lb,load_balanced_traversal,ok,none,promoted_fallback,0.0098,0.0088,1.785714,1.000000,,706624,530728,original,original,false,0,0,true,0,exact_abs_or_rel,SKIP
p2p-Gnutella30.mtx,auto_lossless_lb,all_one_lb,lossless_value_specialized,ok,none,accuracy_pass_runtime_loss,0.0104,0.0100,1.682692,0.942308,,0,530728,auto_lossless,all_one,true,1,0,true,0,exact_abs_or_rel,SKIP
p2p-Gnutella30.mtx,fp16_lb,fp16_lb,controlled_lossy_value_specialized,ok,none,accuracy_pass_runtime_loss,0.0098,0.0089,1.785714,1.000000,,176656,530728,fp16,fp16,false,0,0,false,0,spmv_max_rel,SKIP
p2p-Gnutella30.mtx,bf16_lb,bf16_lb,controlled_lossy_value_specialized,ok,none,accuracy_pass_runtime_loss,0.0103,0.0094,1.699029,0.951456,,176656,530728,bf16,bf16,false,0,0,false,0,spmv_max_rel,SKIP
p2p-Gnutella30.mtx,bfp8_lb,bfp8_lb,controlled_lossy_value_specialized,ok,none,accuracy_pass_runtime_win,0.0097,0.0087,1.804124,1.010309,,221010,530728,bfp8,bfp8,false,0,0,false,0,spmv_max_rel,SKIP
p2p-Gnutella30.mtx,bfp8_outlier_lb,bfp8_outlier_lb,controlled_lossy_value_specialized,ok,none,accuracy_pass_runtime_loss,0.0102,0.0089,1.715686,0.960784,,221010,530728,bfp8_outlier,bfp8_outlier,false,0,0,false,0,spmv_max_rel,SKIP
p2p-Gnutella30.mtx,bfp4_lb,bfp4_lb,controlled_lossy_value_specialized,ok,none,accuracy_pass_runtime_loss,0.0134,0.0127,1.305970,0.731343,,176846,530728,bfp4,bfp4,false,0,0,false,0,spmv_max_rel,SKIP
p2p-Gnutella30.mtx,hybrid_lb,hybrid_lb,structural_hybrid,ok,none,promoted_fallback,0.0077,0.0069,2.272727,1.272727,,706624,,original,raw_double,false,,,1,0,exact_abs_or_rel,SKIP
p2p-Gnutella30.mtx,cusparse_default,cusparse_csr,external_baseline,ok,none,external_baseline,0.0175,0.0143,1.000000,0.560000,,706624,500044,original,original,false,,,true,0,exact_abs_or_rel,SKIP
pesa.mtx,original_lb,original_lb,load_balanced_traversal,ok,none,promoted_fallback,0.0090,0.0087,1.533333,1.000000,,636528,214400,original,original,false,0,0,true,0,exact_abs_or_rel,SKIP
pesa.mtx,auto_lossless_lb,dict16_lb,lossless_value_specialized,ok,none,accuracy_pass_runtime_loss,0.0104,0.0086,1.326923,0.865385,,428904,214400,auto_lossless,dict16,true,13,428904,true,13,exact_abs_or_rel,SKIP
pesa.mtx,fp16_lb,fp16_lb,controlled_lossy_value_specialized,ok,none,accuracy_pass_runtime_win,0.0087,0.0079,1.586207,1.034483,,159132,214400,fp16,fp16,false,0,0,false,0,spmv_max_rel,SKIP
pesa.mtx,bf16_lb,bf16_lb,controlled_lossy_value_specialized,ok,none,accuracy_pass_runtime_win,0.0087,0.0081,1.586207,1.034483,,159132,214400,bf16,bf16,false,0,0,false,0,spmv_max_rel,SKIP
pesa.mtx,bfp8_lb,bfp8_lb,controlled_lossy_value_specialized,ok,none,accuracy_pass_runtime_loss,0.0090,0.0084,1.533333,1.000000,,133166,214400,bfp8,bfp8,false,0,0,false,0,spmv_max_rel,SKIP
pesa.mtx,bfp8_outlier_lb,bfp8_outlier_lb,controlled_lossy_value_specialized,ok,none,accuracy_pass_runtime_loss,0.0115,0.0103,1.200000,0.782609,,135806,214400,bfp8_outlier,bfp8_outlier,false,0,0,false,0,spmv_max_rel,SKIP
pesa.mtx,bfp4_lb,bfp4_lb,controlled_lossy_value_specialized,ok,none,accuracy_pass_runtime_loss,0.0136,0.0122,1.014706,0.661765,,93383,214400,bfp4,bfp4,false,0,0,false,0,spmv_max_rel,SKIP
pesa.mtx,hybrid_lb,hybrid_lb,structural_hybrid,ok,none,promoted_fallback,0.0067,0.0051,2.059701,1.343284,,636528,,original,raw_double,false,,,1,0,exact_abs_or_rel,SKIP
pesa.mtx,cusparse_default,cusparse_csr,external_baseline,ok,none,external_baseline,0.0138,0.0123,1.000000,0.652174,,636528,365220,original,original,false,,,true,0,exact_abs_or_rel,SKIP
photogrammetry.mtx,original_lb,original_lb,load_balanced_traversal,ok,none,promoted_fallback,0.0073,0.0050,1.904110,1.000000,,94528,9288,original,original,false,0,0,true,0,exact_abs_or_rel,SKIP
photogrammetry.mtx,auto_lossless_lb,original_lb,load_balanced_traversal,ok,none,promoted_fallback,0.0069,0.0050,2.014493,1.057971,,94528,9288,auto_lossless,original,true,11266,94528,true,0,exact_abs_or_rel,SKIP
photogrammetry.mtx,fp16_lb,fp16_lb,controlled_lossy_value_specialized,ok,none,accuracy_pass_runtime_win,0.0055,0.0051,2.527273,1.327273,,23632,9288,fp16,fp16,false,0,0,false,0,spmv_max_rel,SKIP
photogrammetry.mtx,bf16_lb,bf16_lb,controlled_lossy_value_specialized,ok,none,accuracy_pass_runtime_win,0.0056,0.0049,2.482143,1.303571,,23632,9288,bf16,bf16,false,0,0,false,0,spmv_max_rel,SKIP
photogrammetry.mtx,bfp8_lb,bfp8_lb,controlled_lossy_value_specialized,ok,none,accuracy_pass_runtime_win,0.0066,0.0051,2.106061,1.106061,,14138,9288,bfp8,bfp8,false,0,0,false,0,spmv_max_rel,SKIP
photogrammetry.mtx,bfp8_outlier_lb,bfp8_outlier_lb,controlled_lossy_value_specialized,ok,none,accuracy_pass_runtime_loss,0.0086,0.0069,1.616279,0.848837,,15082,9288,bfp8_outlier,bfp8_outlier,false,0,0,false,0,spmv_max_rel,SKIP
photogrammetry.mtx,bfp4_lb,bfp4_lb,controlled_lossy_value_specialized,ok,none,accuracy_pass_runtime_win,0.0064,0.0050,2.171875,1.140625,,8230,9288,bfp4,bfp4,false,0,0,false,0,spmv_max_rel,SKIP
photogrammetry.mtx,hybrid_lb,hybrid_lb,structural_hybrid,ok,none,promoted_fallback,0.0067,0.0053,2.074627,1.089552,,94528,,original,raw_double,false,,,1,0,exact_abs_or_rel,SKIP
photogrammetry.mtx,cusparse_default,cusparse_csr,external_baseline,ok,none,external_baseline,0.0139,0.0123,1.000000,0.525180,,94528,52820,original,original,false,,,true,0,exact_abs_or_rel,SKIP
pivtol.mtx,original_lb,original_lb,load_balanced_traversal,ok,none,promoted_fallback,0.0058,0.0051,1.948276,1.000000,,2448,416,original,original,false,0,0,true,0,exact_abs_or_rel,SKIP
pivtol.mtx,auto_lossless_lb,original_lb,load_balanced_traversal,ok,none,promoted_fallback,0.0058,0.0050,1.948276,1.000000,,2448,416,auto_lossless,original,true,188,2448,true,0,exact_abs_or_rel,SKIP
pivtol.mtx,fp16_lb,fp16_lb,controlled_lossy_value_specialized,ok,none,accuracy_pass_runtime_win,0.0055,0.0048,2.054545,1.054545,,612,416,fp16,fp16,false,0,0,false,0,spmv_max_rel,SKIP
pivtol.mtx,bf16_lb,bf16_lb,controlled_lossy_value_specialized,ok,none,accuracy_pass_runtime_win,0.0055,0.0045,2.054545,1.054545,,612,416,bf16,bf16,false,0,0,false,0,spmv_max_rel,SKIP
pivtol.mtx,bfp8_lb,bfp8_lb,controlled_lossy_value_specialized,ok,none,accuracy_pass_runtime_win,0.0045,0.0027,2.511111,1.288889,,410,416,bfp8,bfp8,false,0,0,false,0,spmv_max_rel,SKIP
pivtol.mtx,bfp8_outlier_lb,bfp8_outlier_lb,controlled_lossy_value_specialized,ok,none,accuracy_pass_runtime_win,0.0042,0.0026,2.690476,1.380952,,410,416,bfp8_outlier,bfp8_outlier,false,0,0,false,0,spmv_max_rel,SKIP
pivtol.mtx,bfp4_lb,bfp4_lb,controlled_lossy_value_specialized,ok,none,accuracy_pass_runtime_loss,0.0059,0.0043,1.915254,0.983051,,257,416,bfp4,bfp4,false,0,0,false,0,spmv_max_rel,SKIP
pivtol.mtx,hybrid_lb,hybrid_lb,structural_hybrid,ok,none,promoted_fallback,0.0062,0.0050,1.822581,0.935484,,2448,,original,raw_double,false,,,1,0,exact_abs_or_rel,SKIP
pivtol.mtx,cusparse_default,cusparse_csr,external_baseline,ok,none,external_baseline,0.0113,0.0082,1.000000,0.513274,,2448,1636,original,original,false,,,true,0,exact_abs_or_rel,SKIP
plbuckle_G.mtx,original_lb,original_lb,load_balanced_traversal,ok,none,promoted_fallback,0.0072,0.0062,2.041667,1.000000,,109312,23992,original,original,false,0,0,true,0,exact_abs_or_rel,SKIP
plbuckle_G.mtx,auto_lossless_lb,original_lb,load_balanced_traversal,ok,none,promoted_fallback,0.0074,0.0064,1.986486,0.972973,,109312,23992,auto_lossless,original,true,2563,109312,true,0,exact_abs_or_rel,SKIP
plbuckle_G.mtx,fp16_lb,fp16_lb,controlled_lossy_value_specialized,ok,none,accuracy_pass_runtime_loss,0.0081,0.0071,1.814815,0.888889,,27328,23992,fp16,fp16,false,0,0,false,0,spmv_max_rel,SKIP
plbuckle_G.mtx,bf16_lb,bf16_lb,controlled_lossy_value_specialized,ok,none,accuracy_pass_runtime_loss,0.0080,0.0071,1.837500,0.900000,,27328,23992,bf16,bf16,false,0,0,false,0,spmv_max_rel,SKIP
plbuckle_G.mtx,bfp8_lb,bfp8_lb,controlled_lossy_value_specialized,ok,none,accuracy_pass_runtime_loss,0.0074,0.0063,1.986486,0.972973,,19662,23992,bfp8,bfp8,false,0,0,false,0,spmv_max_rel,SKIP
plbuckle_G.mtx,bfp8_outlier_lb,bfp8_outlier_lb,controlled_lossy_value_specialized,ok,none,accuracy_pass_runtime_loss,0.0102,0.0090,1.441176,0.705882,,19934,23992,bfp8_outlier,bfp8_outlier,false,0,0,false,0,spmv_max_rel,SKIP
plbuckle_G.mtx,bfp4_lb,bfp4_lb,controlled_lossy_value_specialized,ok,none,accuracy_pass_runtime_loss,0.0119,0.0098,1.235294,0.605042,,12830,23992,bfp4,bfp4,false,0,0,false,0,spmv_max_rel,SKIP
plbuckle_G.mtx,hybrid_lb,hybrid_lb,structural_hybrid,ok,none,promoted_fallback,0.0076,0.0063,1.934211,0.947368,,109312,,original,raw_double,false,,,1,0,exact_abs_or_rel,SKIP
plbuckle_G.mtx,cusparse_default,cusparse_csr,external_baseline,ok,none,external_baseline,0.0147,0.0102,1.000000,0.489796,,109312,59788,original,original,false,,,true,0,exact_abs_or_rel,SKIP
plddb.mtx,original_lb,original_lb,load_balanced_traversal,ok,none,promoted_fallback,0.0073,0.0049,2.041096,1.000000,,86712,26600,original,original,false,0,0,true,0,exact_abs_or_rel,SKIP
plddb.mtx,auto_lossless_lb,original_lb,load_balanced_traversal,ok,none,promoted_fallback,0.0070,0.0047,2.128571,1.042857,,86712,26600,auto_lossless,original,true,90,86712,true,0,exact_abs_or_rel,SKIP
plddb.mtx,fp16_lb,fp16_lb,controlled_lossy_value_specialized,ok,none,accuracy_pass_runtime_loss,0.0076,0.0056,1.960526,0.960526,,21678,26600,fp16,fp16,false,0,0,false,0,spmv_max_rel,SKIP
plddb.mtx,bf16_lb,bf16_lb,controlled_lossy_value_specialized,ok,none,accuracy_pass_runtime_win,0.0072,0.0052,2.069444,1.013889,,21678,26600,bf16,bf16,false,0,0,false,0,spmv_max_rel,SKIP
plddb.mtx,bfp8_lb,bfp8_lb,controlled_lossy_value_specialized,ok,none,accuracy_pass_runtime_loss,0.0078,0.0070,1.910256,0.935897,,17489,26600,bfp8,bfp8,false,0,0,false,0,spmv_max_rel,SKIP
plddb.mtx,bfp8_outlier_lb,bfp8_outlier_lb,controlled_lossy_value_specialized,ok,none,accuracy_pass_runtime_loss,0.0076,0.0060,1.960526,0.960526,,17489,26600,bfp8_outlier,bfp8_outlier,false,0,0,false,0,spmv_max_rel,SKIP
plddb.mtx,bfp4_lb,bfp4_lb,controlled_lossy_value_specialized,ok,none,accuracy_pass_runtime_loss,0.0080,0.0072,1.862500,0.912500,,12070,26600,bfp4,bfp4,false,0,0,false,0,spmv_max_rel,SKIP
plddb.mtx,hybrid_lb,hybrid_lb,structural_hybrid,ok,none,promoted_fallback,0.0063,0.0044,2.365079,1.158730,,86712,,original,raw_double,false,,,1,0,exact_abs_or_rel,SKIP
plddb.mtx,cusparse_default,cusparse_csr,external_baseline,ok,none,external_baseline,0.0149,0.0123,1.000000,0.489933,,86712,55636,original,original,false,,,true,0,exact_abs_or_rel,SKIP
plddb_A_08.mtx,original_lb,original_lb,load_balanced_traversal,ok,none,promoted_fallback,0.0064,0.0050,2.250000,1.000000,,86152,26464,original,original,false,0,0,true,0,exact_abs_or_rel,SKIP
plddb_A_08.mtx,auto_lossless_lb,original_lb,load_balanced_traversal,ok,none,promoted_fallback,0.0074,0.0051,1.945946,0.864865,,86152,26464,auto_lossless,original,true,84,86152,true,0,exact_abs_or_rel,SKIP
plddb_A_08.mtx,fp16_lb,fp16_lb,controlled_lossy_value_specialized,ok,none,accuracy_pass_runtime_loss,0.0077,0.0057,1.870130,0.831169,,21538,26464,fp16,fp16,false,0,0,false,0,spmv_max_rel,SKIP
plddb_A_08.mtx,bf16_lb,bf16_lb,controlled_lossy_value_specialized,ok,none,accuracy_pass_runtime_loss,0.0077,0.0063,1.870130,0.831169,,21538,26464,bf16,bf16,false,0,0,false,0,spmv_max_rel,SKIP
plddb_A_08.mtx,bfp8_lb,bfp8_lb,controlled_lossy_value_specialized,ok,none,accuracy_pass_runtime_loss,0.0079,0.0070,1.822785,0.810127,,17385,26464,bfp8,bfp8,false,0,0,false,0,spmv_max_rel,SKIP
plddb_A_08.mtx,bfp8_outlier_lb,bfp8_outlier_lb,controlled_lossy_value_specialized,ok,none,accuracy_pass_runtime_loss,0.0078,0.0071,1.846154,0.820513,,17385,26464,bfp8_outlier,bfp8_outlier,false,0,0,false,0,spmv_max_rel,SKIP
plddb_A_08.mtx,bfp4_lb,bfp4_lb,controlled_lossy_value_specialized,ok,none,accuracy_pass_runtime_loss,0.0082,0.0070,1.756098,0.780488,,12001,26464,bfp4,bfp4,false,0,0,false,0,spmv_max_rel,SKIP
plddb_A_08.mtx,hybrid_lb,hybrid_lb,structural_hybrid,ok,none,promoted_fallback,0.0070,0.0057,2.057143,0.914286,,86152,,original,raw_double,false,,,1,0,exact_abs_or_rel,SKIP
plddb_A_08.mtx,cusparse_default,cusparse_csr,external_baseline,ok,none,external_baseline,0.0144,0.0123,1.000000,0.444444,,86152,55356,original,original,false,,,true,0,exact_abs_or_rel,SKIP
plskz362.mtx,original_lb,original_lb,load_balanced_traversal,ok,none,promoted_fallback,0.0065,0.0049,1.861538,1.000000,,14080,3112,original,original,false,0,0,true,0,exact_abs_or_rel,SKIP
plskz362.mtx,auto_lossless_lb,original_lb,load_balanced_traversal,ok,none,promoted_fallback,0.0076,0.0051,1.592105,0.855263,,14080,3112,auto_lossless,original,true,1530,14080,true,0,exact_abs_or_rel,SKIP
plskz362.mtx,fp16_lb,fp16_lb,controlled_lossy_value_specialized,ok,none,accuracy_pass_runtime_win,0.0064,0.0051,1.890625,1.015625,,3520,3112,fp16,fp16,false,0,0,false,0,spmv_max_rel,SKIP
plskz362.mtx,bf16_lb,bf16_lb,controlled_lossy_value_specialized,ok,none,accuracy_pass_runtime_loss,0.0104,0.0075,1.163462,0.625000,,3520,3112,bf16,bf16,false,0,0,false,0,spmv_max_rel,SKIP
plskz362.mtx,bfp8_lb,bfp8_lb,controlled_lossy_value_specialized,ok,none,accuracy_pass_runtime_loss,0.0066,0.0049,1.833333,0.984848,,2538,3112,bfp8,bfp8,false,0,0,false,0,spmv_max_rel,SKIP
plskz362.mtx,bfp8_outlier_lb,bfp8_outlier_lb,controlled_lossy_value_specialized,ok,none,accuracy_pass_runtime_loss,0.0087,0.0074,1.390805,0.747126,,2666,3112,bfp8_outlier,bfp8_outlier,false,0,0,false,0,spmv_max_rel,SKIP
plskz362.mtx,bfp4_lb,bfp4_lb,controlled_lossy_value_specialized,ok,none,accuracy_pass_runtime_loss,0.0075,0.0059,1.613333,0.866667,,1658,3112,bfp4,bfp4,false,0,0,false,0,spmv_max_rel,SKIP
plskz362.mtx,hybrid_lb,hybrid_lb,structural_hybrid,ok,none,promoted_fallback,0.0061,0.0044,1.983607,1.065574,,14080,,original,raw_double,false,,,1,0,exact_abs_or_rel,SKIP
plskz362.mtx,cusparse_default,cusparse_csr,external_baseline,ok,none,external_baseline,0.0121,0.0102,1.000000,0.537190,,14080,8492,original,original,false,,,true,0,exact_abs_or_rel,SKIP
poisson2D.mtx,original_lb,original_lb,load_balanced_traversal,ok,none,promoted_fallback,0.0090,0.0076,1.333333,1.000000,,19336,12784,original,original,false,0,0,true,0,exact_abs_or_rel,SKIP
poisson2D.mtx,auto_lossless_lb,original_lb,load_balanced_traversal,ok,none,promoted_fallback,0.0086,0.0075,1.395349,1.046512,,19336,12784,auto_lossless,original,true,2127,19336,true,0,exact_abs_or_rel,SKIP
poisson2D.mtx,fp16_lb,fp16_lb,controlled_lossy_value_specialized,ok,none,accuracy_pass_runtime_loss,0.0091,0.0083,1.318681,0.989011,,4834,12784,fp16,fp16,false,0,0,false,0,spmv_max_rel,SKIP
poisson2D.mtx,bf16_lb,bf16_lb,controlled_lossy_value_specialized,ok,none,accuracy_pass_runtime_win,0.0089,0.0081,1.348315,1.011236,,4834,12784,bf16,bf16,false,0,0,false,0,spmv_max_rel,SKIP
poisson2D.mtx,bfp8_lb,bfp8_lb,controlled_lossy_value_specialized,ok,none,accuracy_pass_runtime_loss,0.0098,0.0091,1.224490,0.918367,,5613,12784,bfp8,bfp8,false,0,0,false,0,spmv_max_rel,SKIP
poisson2D.mtx,bfp8_outlier_lb,bfp8_outlier_lb,controlled_lossy_value_specialized,ok,none,accuracy_pass_runtime_loss,0.0118,0.0098,1.016949,0.762712,,5805,12784,bfp8_outlier,bfp8_outlier,false,0,0,false,0,spmv_max_rel,SKIP
poisson2D.mtx,bfp4_lb,bfp4_lb,controlled_lossy_value_specialized,ok,none,accuracy_pass_runtime_loss,0.0137,0.0132,0.875912,0.656934,,4405,12784,bfp4,bfp4,false,0,0,false,0,spmv_max_rel,SKIP
poisson2D.mtx,hybrid_lb,hybrid_lb,structural_hybrid,ok,none,promoted_fallback,0.0060,0.0047,2.000000,1.500000,,19336,,original,raw_double,false,,,1,0,exact_abs_or_rel,SKIP
poisson2D.mtx,cusparse_default,cusparse_csr,external_baseline,ok,none,external_baseline,0.0120,0.0102,1.000000,0.750000,,19336,11140,original,original,false,,,true,0,exact_abs_or_rel,SKIP
polblogs.mtx,original_lb,original_lb,load_balanced_traversal,ok,none,promoted_fallback,0.0086,0.0069,1.511628,1.000000,,152200,97088,original,original,false,0,0,true,0,exact_abs_or_rel,SKIP
polblogs.mtx,auto_lossless_lb,dict2_lb,lossless_value_specialized,ok,none,accuracy_pass_runtime_loss,0.0095,0.0089,1.368421,0.905263,,48560,97088,auto_lossless,dict2,true,2,48560,true,2,exact_abs_or_rel,SKIP
polblogs.mtx,fp16_lb,fp16_lb,controlled_lossy_value_specialized,ok,none,accuracy_pass_runtime_loss,0.0099,0.0090,1.313131,0.868687,,38050,97088,fp16,fp16,false,0,0,false,0,spmv_max_rel,SKIP
polblogs.mtx,bf16_lb,bf16_lb,controlled_lossy_value_specialized,ok,none,accuracy_pass_runtime_loss,0.0096,0.0089,1.354167,0.895833,,38050,97088,bf16,bf16,false,0,0,false,0,spmv_max_rel,SKIP
polblogs.mtx,bfp8_lb,bfp8_lb,controlled_lossy_value_specialized,ok,none,accuracy_pass_runtime_loss,0.0095,0.0087,1.368421,0.905263,,43297,97088,bfp8,bfp8,false,0,0,false,0,spmv_max_rel,SKIP
polblogs.mtx,bfp8_outlier_lb,bfp8_outlier_lb,controlled_lossy_value_specialized,ok,none,accuracy_pass_runtime_loss,0.0118,0.0105,1.101695,0.728814,,44337,97088,bfp8_outlier,bfp8_outlier,false,0,0,false,0,spmv_max_rel,SKIP
polblogs.mtx,bfp4_lb,bfp4_lb,controlled_lossy_value_specialized,ok,none,accuracy_pass_runtime_loss,0.0144,0.0132,0.902778,0.597222,,33785,97088,bfp4,bfp4,false,0,0,false,0,spmv_max_rel,SKIP
polblogs.mtx,hybrid_lb,hybrid_lb,structural_hybrid,ok,none,promoted_fallback,0.0111,0.0093,1.171171,0.774775,,152200,,original,raw_double,false,,,1,0,exact_abs_or_rel,SKIP
polblogs.mtx,cusparse_default,cusparse_csr,external_baseline,ok,none,external_baseline,0.0130,0.0102,1.000000,0.661538,,152200,82064,original,original,false,,,true,0,exact_abs_or_rel,SKIP
poli.mtx,original_lb,original_lb,load_balanced_traversal,ok,none,promoted_fallback,0.0088,0.0076,1.590909,1.000000,,65504,19184,original,original,false,0,0,true,0,exact_abs_or_rel,SKIP
poli.mtx,auto_lossless_lb,original_lb,load_balanced_traversal,ok,none,promoted_fallback,0.0078,0.0070,1.794872,1.128205,,65504,19184,auto_lossless,original,true,644,65504,true,0,exact_abs_or_rel,SKIP
poli.mtx,fp16_lb,fp16_lb,controlled_lossy_value_specialized,ok,none,accuracy_pass_runtime_loss,0.0091,0.0086,1.538462,0.967033,,16376,19184,fp16,fp16,false,0,0,false,0,spmv_max_rel,SKIP
poli.mtx,bf16_lb,bf16_lb,controlled_lossy_value_specialized,ok,none,accuracy_pass_runtime_loss,0.0090,0.0083,1.555556,0.977778,,16376,19184,bf16,bf16,false,0,0,false,0,spmv_max_rel,SKIP
poli.mtx,bfp8_lb,bfp8_lb,controlled_lossy_value_specialized,ok,none,accuracy_pass_runtime_win,0.0085,0.0071,1.647059,1.035294,,12984,19184,bfp8,bfp8,false,0,0,false,0,spmv_max_rel,SKIP
poli.mtx,bfp8_outlier_lb,bfp8_outlier_lb,controlled_lossy_value_specialized,ok,none,accuracy_pass_runtime_loss,0.0088,0.0070,1.590909,1.000000,,12984,19184,bfp8_outlier,bfp8_outlier,false,0,0,false,0,spmv_max_rel,SKIP
poli.mtx,bfp4_lb,bfp4_lb,controlled_lossy_value_specialized,ok,none,accuracy_pass_runtime_loss,0.0126,0.0110,1.111111,0.698413,,8890,19184,bfp4,bfp4,false,0,0,false,0,spmv_max_rel,SKIP
poli.mtx,hybrid_lb,hybrid_lb,structural_hybrid,ok,none,promoted_fallback,0.0079,0.0066,1.772152,1.113924,,65504,,original,raw_double,false,,,1,0,exact_abs_or_rel,SKIP
poli.mtx,cusparse_default,cusparse_csr,external_baseline,ok,none,external_baseline,0.0140,0.0123,1.000000,0.628571,,65504,48788,original,original,false,,,true,0,exact_abs_or_rel,SKIP
progas.mtx,original_lb,original_lb,load_balanced_traversal,ok,none,promoted_fallback,0.0092,0.0081,1.423913,1.000000,,71176,24768,original,original,false,0,0,true,0,exact_abs_or_rel,SKIP
progas.mtx,auto_lossless_lb,original_lb,load_balanced_traversal,ok,none,promoted_fallback,0.0083,0.0060,1.578313,1.108434,,71176,24768,auto_lossless,original,true,137,71176,true,0,exact_abs_or_rel,SKIP
progas.mtx,fp16_lb,fp16_lb,controlled_lossy_value_specialized,ok,none,accuracy_pass_runtime_win,0.0089,0.0072,1.471910,1.033708,,17794,24768,fp16,fp16,false,0,0,false,0,spmv_max_rel,SKIP
progas.mtx,bf16_lb,bf16_lb,controlled_lossy_value_specialized,ok,none,accuracy_pass_runtime_win,0.0084,0.0072,1.559524,1.095238,,17794,24768,bf16,bf16,false,0,0,false,0,spmv_max_rel,SKIP
progas.mtx,bfp8_lb,bfp8_lb,controlled_lossy_value_specialized,ok,none,accuracy_pass_runtime_loss,0.0102,0.0093,1.284314,0.901961,,15089,24768,bfp8,bfp8,false,0,0,false,0,spmv_max_rel,SKIP
progas.mtx,bfp8_outlier_lb,bfp8_outlier_lb,controlled_lossy_value_specialized,ok,none,accuracy_pass_runtime_loss,0.0094,0.0080,1.393617,0.978723,,15089,24768,bfp8_outlier,bfp8_outlier,false,0,0,false,0,spmv_max_rel,SKIP
progas.mtx,bfp4_lb,bfp4_lb,controlled_lossy_value_specialized,ok,none,accuracy_pass_runtime_loss,0.0117,0.0107,1.119658,0.786325,,10641,24768,bfp4,bfp4,false,0,0,false,0,spmv_max_rel,SKIP
progas.mtx,hybrid_lb,hybrid_lb,structural_hybrid,ok,none,promoted_fallback,0.0069,0.0054,1.898551,1.333333,,71176,,original,raw_double,false,,,1,0,exact_abs_or_rel,SKIP
progas.mtx,cusparse_default,cusparse_csr,external_baseline,ok,none,external_baseline,0.0131,0.0123,1.000000,0.702290,,71176,42192,original,original,false,,,true,0,exact_abs_or_rel,SKIP
qh1484.mtx,original_lb,original_lb,load_balanced_traversal,ok,none,promoted_fallback,0.0071,0.0061,1.887324,1.000000,,48880,12696,original,original,false,0,0,true,0,exact_abs_or_rel,SKIP
qh1484.mtx,auto_lossless_lb,original_lb,load_balanced_traversal,ok,none,promoted_fallback,0.0080,0.0068,1.675000,0.887500,,48880,12696,auto_lossless,original,true,947,48880,true,0,exact_abs_or_rel,SKIP
qh1484.mtx,fp16_lb,fp16_lb,controlled_lossy_value_specialized,ok,none,accuracy_pass_runtime_loss,0.0082,0.0067,1.634146,0.865854,,12220,12696,fp16,fp16,false,0,0,false,0,spmv_max_rel,SKIP
qh1484.mtx,bf16_lb,bf16_lb,controlled_lossy_value_specialized,ok,none,accuracy_pass_runtime_loss,0.0076,0.0068,1.763158,0.934211,,12220,12696,bf16,bf16,false,0,0,false,0,spmv_max_rel,SKIP
qh1484.mtx,bfp8_lb,bfp8_lb,controlled_lossy_value_specialized,ok,none,accuracy_pass_runtime_loss,0.0078,0.0073,1.717949,0.910256,,9284,12696,bfp8,bfp8,false,0,0,false,0,spmv_max_rel,SKIP
qh1484.mtx,bfp8_outlier_lb,bfp8_outlier_lb,controlled_lossy_value_specialized,ok,none,accuracy_pass_runtime_loss,0.0099,0.0084,1.353535,0.717172,,9764,12696,bfp8_outlier,bfp8_outlier,false,0,0,false,0,spmv_max_rel,SKIP
qh1484.mtx,bfp4_lb,bfp4_lb,controlled_lossy_value_specialized,ok,none,accuracy_pass_runtime_loss,0.0103,0.0086,1.300971,0.689320,,6229,12696,bfp4,bfp4,false,0,0,false,0,spmv_max_rel,SKIP
qh1484.mtx,hybrid_lb,hybrid_lb,structural_hybrid,ok,none,promoted_fallback,0.0116,0.0099,1.155172,0.612069,,48880,,original,raw_double,false,,,1,0,exact_abs_or_rel,SKIP
qh1484.mtx,cusparse_default,cusparse_csr,external_baseline,ok,none,external_baseline,0.0134,0.0123,1.000000,0.529851,,48880,30380,original,original,false,,,true,0,exact_abs_or_rel,SKIP
qpband.mtx,original_lb,original_lb,load_balanced_traversal,ok,none,promoted_fallback,0.0060,0.0044,2.333333,1.000000,,360000,90000,original,original,false,0,0,true,0,exact_abs_or_rel,SKIP
qpband.mtx,auto_lossless_lb,dict16_lb,lossless_value_specialized,ok,none,accuracy_pass_runtime_loss,0.0066,0.0056,2.121212,0.909091,,180040,90000,auto_lossless,dict16,true,5,180040,true,5,exact_abs_or_rel,SKIP
qpband.mtx,fp16_lb,fp16_lb,controlled_lossy_value_specialized,ok,none,accuracy_pass_runtime_loss,0.0065,0.0049,2.153846,0.923077,,90000,90000,fp16,fp16,false,0,0,false,0,spmv_max_rel,SKIP
qpband.mtx,bf16_lb,bf16_lb,controlled_lossy_value_specialized,ok,none,accuracy_pass_runtime_loss,0.0065,0.0048,2.153846,0.923077,,90000,90000,bf16,bf16,false,0,0,false,0,spmv_max_rel,SKIP
qpband.mtx,bfp8_lb,bfp8_lb,controlled_lossy_value_specialized,ok,none,accuracy_pass_runtime_loss,0.0070,0.0048,2.000000,0.857143,,67500,90000,bfp8,bfp8,false,0,0,false,0,spmv_max_rel,SKIP
qpband.mtx,bfp8_outlier_lb,bfp8_outlier_lb,controlled_lossy_value_specialized,ok,none,accuracy_pass_runtime_loss,0.0080,0.0060,1.750000,0.750000,,67516,90000,bfp8_outlier,bfp8_outlier,false,0,0,false,0,spmv_max_rel,SKIP
qpband.mtx,bfp4_lb,bfp4_lb,controlled_lossy_value_specialized,ok,none,accuracy_pass_runtime_loss,0.0061,0.0054,2.295082,0.983607,,45000,90000,bfp4,bfp4,false,0,0,false,0,spmv_max_rel,SKIP
qpband.mtx,hybrid_lb,hybrid_lb,structural_hybrid,ok,none,promoted_fallback,0.0055,0.0042,2.545455,1.090909,,360000,,original,raw_double,false,,,1,0,exact_abs_or_rel,SKIP
qpband.mtx,cusparse_default,cusparse_csr,external_baseline,ok,none,external_baseline,0.0140,0.0121,1.000000,0.428571,,360000,260004,original,original,false,,,true,0,exact_abs_or_rel,SKIP
raefsky2.mtx,original_lb,original_lb,load_balanced_traversal,ok,none,promoted_fallback,0.0092,0.0076,1.402174,1.000000,,2348408,158576,original,original,false,0,0,true,0,exact_abs_or_rel,SKIP
raefsky2.mtx,auto_lossless_lb,original_lb,load_balanced_traversal,ok,none,promoted_fallback,0.0101,0.0077,1.277228,0.910891,,2348408,158576,auto_lossless,original,true,270216,2348408,true,0,exact_abs_or_rel,SKIP
raefsky2.mtx,fp16_lb,fp16_lb,controlled_lossy_value_specialized,ok,none,accuracy_pass_runtime_loss,0.0092,0.0085,1.402174,1.000000,,587102,158576,fp16,fp16,false,0,0,false,0,spmv_max_rel,SKIP
raefsky2.mtx,bf16_lb,bf16_lb,controlled_lossy_value_specialized,ok,none,accuracy_pass_runtime_loss,0.0097,0.0079,1.329897,0.948454,,587102,158576,bf16,bf16,false,0,0,false,0,spmv_max_rel,SKIP
raefsky2.mtx,bfp8_lb,bfp8_lb,controlled_lossy_value_specialized,ok,none,accuracy_pass_runtime_loss,0.0093,0.0082,1.387097,0.989247,,333195,158576,bfp8,bfp8,false,0,0,false,0,spmv_max_rel,SKIP
raefsky2.mtx,bfp8_outlier_lb,bfp8_outlier_lb,controlled_lossy_value_specialized,ok,none,accuracy_pass_runtime_loss,0.0094,0.0082,1.372340,0.978723,,333195,158576,bfp8_outlier,bfp8_outlier,false,0,0,false,0,spmv_max_rel,SKIP
raefsky2.mtx,bfp4_lb,bfp4_lb,controlled_lossy_value_specialized,ok,none,accuracy_pass_runtime_loss,0.0133,0.0121,0.969925,0.691729,,186420,158576,bfp4,bfp4,false,0,0,false,0,spmv_max_rel,SKIP
raefsky2.mtx,hybrid_lb,hybrid_lb,structural_hybrid,ok,none,promoted_fallback,0.0118,0.0108,1.093220,0.779661,,2348408,,original,raw_double,false,,,1,0,exact_abs_or_rel,SKIP
raefsky2.mtx,cusparse_default,cusparse_csr,external_baseline,ok,none,external_baseline,0.0129,0.0102,1.000000,0.713178,,2348408,1187176,original,original,false,,,true,0,exact_abs_or_rel,SKIP
rail2586.mtx,original_lb,original_lb,load_balanced_traversal,ok,none,promoted_fallback,0.1196,0.1176,0.445652,1.000000,,64090896,19867328,original,original,false,0,0,true,0,exact_abs_or_rel,SKIP
rail2586.mtx,auto_lossless_lb,sign2_lb,lossless_value_specialized,ok,none,accuracy_pass_runtime_loss,0.2279,0.2263,0.233875,0.524792,,9933664,19867328,auto_lossless,sign2,true,2,9933664,true,0,exact_abs_or_rel,SKIP
rail2586.mtx,fp16_lb,fp16_lb,controlled_lossy_value_specialized,ok,none,accuracy_pass_runtime_win,0.1074,0.1053,0.496276,1.113594,,16022724,19867328,fp16,fp16,false,0,0,false,0,spmv_max_rel,SKIP
rail2586.mtx,bf16_lb,bf16_lb,controlled_lossy_value_specialized,ok,none,accuracy_pass_runtime_win,0.1073,0.1056,0.496738,1.114632,,16022724,19867328,bf16,bf16,false,0,0,false,0,spmv_max_rel,SKIP
rail2586.mtx,bfp8_lb,bfp8_lb,controlled_lossy_value_specialized,ok,none,accuracy_pass_runtime_win,0.1074,0.1055,0.496276,1.113594,,12978194,19867328,bfp8,bfp8,false,0,0,false,0,spmv_max_rel,SKIP
rail2586.mtx,bfp8_outlier_lb,bfp8_outlier_lb,controlled_lossy_value_specialized,ok,none,accuracy_pass_runtime_win,0.1077,0.1055,0.494893,1.110492,,12978194,19867328,bfp8_outlier,bfp8_outlier,false,0,0,false,0,spmv_max_rel,SKIP
rail2586.mtx,bfp4_lb,bfp4_lb,controlled_lossy_value_specialized,ok,none,accuracy_pass_runtime_win,0.1133,0.1115,0.470432,1.055605,,8972513,19867328,bfp4,bfp4,false,0,0,false,0,spmv_max_rel,SKIP
rail2586.mtx,hybrid_lb,hybrid_lb,structural_hybrid,ok,none,promoted_fallback,0.0385,0.0362,1.384416,3.106494,,64090896,,original,raw_double,false,,,1,0,exact_abs_or_rel,SKIP
rail2586.mtx,cusparse_default,cusparse_csr,external_baseline,ok,none,external_baseline,0.0533,0.0512,1.000000,2.243902,,64090896,32055796,original,original,false,,,true,0,exact_abs_or_rel,SKIP
rail_1357_C.mtx,original_lb,original_lb,load_balanced_traversal,ok,none,promoted_fallback,0.0074,0.0053,1.527027,1.000000,,136,104,original,original,false,0,0,true,0,exact_abs_or_rel,SKIP
rail_1357_C.mtx,auto_lossless_lb,original_lb,load_balanced_traversal,ok,none,promoted_fallback,0.0061,0.0048,1.852459,1.213115,,136,104,auto_lossless,original,true,4,136,true,0,exact_abs_or_rel,SKIP
rail_1357_C.mtx,fp16_lb,fp16_lb,controlled_lossy_value_specialized,ok,none,accuracy_pass_runtime_loss,0.0074,0.0057,1.527027,1.000000,,34,104,fp16,fp16,false,0,0,false,0,spmv_max_rel,SKIP
rail_1357_C.mtx,bf16_lb,bf16_lb,controlled_lossy_value_specialized,ok,none,accuracy_pass_runtime_loss,0.0074,0.0059,1.527027,1.000000,,34,104,bf16,bf16,false,0,0,false,0,spmv_max_rel,SKIP
rail_1357_C.mtx,bfp8_lb,bfp8_lb,controlled_lossy_value_specialized,ok,none,accuracy_pass_runtime_loss,0.0074,0.0061,1.527027,1.000000,,43,104,bfp8,bfp8,false,0,0,false,0,spmv_max_rel,SKIP
rail_1357_C.mtx,bfp8_outlier_lb,bfp8_outlier_lb,controlled_lossy_value_specialized,ok,none,accuracy_pass_runtime_win,0.0071,0.0056,1.591549,1.042254,,43,104,bfp8_outlier,bfp8_outlier,false,0,0,false,0,spmv_max_rel,SKIP
rail_1357_C.mtx,bfp4_lb,bfp4_lb,controlled_lossy_value_specialized,ok,none,accuracy_pass_runtime_loss,0.0078,0.0058,1.448718,0.948718,,35,104,bfp4,bfp4,false,0,0,false,0,spmv_max_rel,SKIP
rail_1357_C.mtx,hybrid_lb,hybrid_lb,structural_hybrid,ok,none,promoted_fallback,0.0058,0.0042,1.948276,1.275862,,136,,original,raw_double,false,,,1,0,exact_abs_or_rel,SKIP
rail_1357_C.mtx,cusparse_default,cusparse_csr,external_baseline,ok,none,external_baseline,0.0113,0.0082,1.000000,0.654867,,136,96,original,original,false,,,true,0,exact_abs_or_rel,SKIP
rajat06.mtx,original_lb,original_lb,load_balanced_traversal,ok,none,promoted_fallback,0.0096,0.0082,1.489583,1.000000,,375864,178080,original,original,false,0,0,true,0,exact_abs_or_rel,SKIP
rajat06.mtx,auto_lossless_lb,all_one_lb,lossless_value_specialized,ok,none,accuracy_pass_runtime_win,0.0085,0.0073,1.682353,1.129412,,0,178080,auto_lossless,all_one,true,1,0,true,0,exact_abs_or_rel,SKIP
rajat06.mtx,fp16_lb,fp16_lb,controlled_lossy_value_specialized,ok,none,accuracy_pass_runtime_loss,0.0100,0.0081,1.430000,0.960000,,93966,178080,fp16,fp16,false,0,0,false,0,spmv_max_rel,SKIP
rajat06.mtx,bf16_lb,bf16_lb,controlled_lossy_value_specialized,ok,none,accuracy_pass_runtime_loss,0.0098,0.0091,1.459184,0.979592,,93966,178080,bf16,bf16,false,0,0,false,0,spmv_max_rel,SKIP
rajat06.mtx,bfp8_lb,bfp8_lb,controlled_lossy_value_specialized,ok,none,accuracy_pass_runtime_win,0.0093,0.0083,1.537634,1.032258,,91503,178080,bfp8,bfp8,false,0,0,false,0,spmv_max_rel,SKIP
rajat06.mtx,bfp8_outlier_lb,bfp8_outlier_lb,controlled_lossy_value_specialized,ok,none,accuracy_pass_runtime_win,0.0093,0.0084,1.537634,1.032258,,91503,178080,bfp8_outlier,bfp8_outlier,false,0,0,false,0,spmv_max_rel,SKIP
rajat06.mtx,bfp4_lb,bfp4_lb,controlled_lossy_value_specialized,ok,none,accuracy_pass_runtime_loss,0.0136,0.0111,1.051471,0.705882,,68012,178080,bfp4,bfp4,false,0,0,false,0,spmv_max_rel,SKIP
rajat06.mtx,hybrid_lb,hybrid_lb,structural_hybrid,ok,none,promoted_fallback,0.0083,0.0067,1.722892,1.156627,,375864,,original,raw_double,false,,,1,0,exact_abs_or_rel,SKIP
rajat06.mtx,cusparse_default,cusparse_csr,external_baseline,ok,none,external_baseline,0.0143,0.0123,1.000000,0.671329,,375864,231624,original,original,false,,,true,0,exact_abs_or_rel,SKIP
rajat27.mtx,original_lb,original_lb,load_balanced_traversal,ok,none,promoted_fallback,0.0095,0.0084,1.621053,1.000000,,778824,248104,original,original,false,0,0,true,0,exact_abs_or_rel,SKIP
rajat27.mtx,auto_lossless_lb,original_lb,load_balanced_traversal,ok,none,promoted_fallback,0.0097,0.0080,1.587629,0.979381,,778824,248104,auto_lossless,original,true,49333,778824,true,0,exact_abs_or_rel,SKIP
rajat27.mtx,fp16_lb,fp16_lb,controlled_lossy_value_specialized,ok,none,accuracy_pass_runtime_loss,0.0100,0.0091,1.540000,0.950000,,194706,248104,fp16,fp16,false,0,0,false,0,spmv_max_rel,SKIP
rajat27.mtx,bf16_lb,bf16_lb,controlled_lossy_value_specialized,ok,none,accuracy_pass_runtime_loss,0.0101,0.0085,1.524752,0.940594,,194706,248104,bf16,bf16,false,0,0,false,0,spmv_max_rel,SKIP
rajat27.mtx,bfp8_lb,bfp8_lb,controlled_lossy_value_specialized,ok,none,accuracy_pass_runtime_loss,0.0095,0.0086,1.621053,1.000000,,159379,248104,bfp8,bfp8,false,0,0,false,0,spmv_max_rel,SKIP
rajat27.mtx,bfp8_outlier_lb,bfp8_outlier_lb,controlled_lossy_value_specialized,ok,none,accuracy_pass_runtime_loss,0.0115,0.0101,1.339130,0.826087,,165699,248104,bfp8_outlier,bfp8_outlier,false,0,0,false,0,spmv_max_rel,SKIP
rajat27.mtx,bfp4_lb,bfp4_lb,controlled_lossy_value_specialized,ok,none,accuracy_pass_runtime_loss,0.0131,0.0123,1.175573,0.725191,,110703,248104,bfp4,bfp4,false,0,0,false,0,spmv_max_rel,SKIP
rajat27.mtx,hybrid_lb,hybrid_lb,structural_hybrid,ok,none,promoted_fallback,0.0117,0.0105,1.316239,0.811966,,778824,,original,raw_double,false,,,1,0,exact_abs_or_rel,SKIP
rajat27.mtx,cusparse_default,cusparse_csr,external_baseline,ok,none,external_baseline,0.0154,0.0123,1.000000,0.616883,,778824,471976,original,original,false,,,true,0,exact_abs_or_rel,SKIP
rdb200l.mtx,original_lb,original_lb,load_balanced_traversal,ok,none,promoted_fallback,0.0048,0.0034,2.812500,1.000000,,8960,1440,original,original,false,0,0,true,0,exact_abs_or_rel,SKIP
rdb200l.mtx,auto_lossless_lb,dict16_lb,lossless_value_specialized,ok,none,accuracy_pass_runtime_loss,0.0068,0.0050,1.985294,0.705882,,2928,1440,auto_lossless,dict16,true,6,2928,true,6,exact_abs_or_rel,SKIP
rdb200l.mtx,fp16_lb,fp16_lb,controlled_lossy_value_specialized,ok,none,accuracy_pass_runtime_loss,0.0055,0.0050,2.454545,0.872727,,2240,1440,fp16,fp16,false,0,0,false,0,spmv_max_rel,SKIP
rdb200l.mtx,bf16_lb,bf16_lb,controlled_lossy_value_specialized,ok,none,accuracy_pass_runtime_loss,0.0056,0.0049,2.410714,0.857143,,2240,1440,bf16,bf16,false,0,0,false,0,spmv_max_rel,SKIP
rdb200l.mtx,bfp8_lb,bfp8_lb,controlled_lossy_value_specialized,ok,none,accuracy_pass_runtime_loss,0.0057,0.0046,2.368421,0.842105,,1480,1440,bfp8,bfp8,false,0,0,false,0,spmv_max_rel,SKIP
rdb200l.mtx,bfp8_outlier_lb,bfp8_outlier_lb,controlled_lossy_value_specialized,ok,none,accuracy_pass_runtime_loss,0.0055,0.0047,2.454545,0.872727,,1480,1440,bfp8_outlier,bfp8_outlier,false,0,0,false,0,spmv_max_rel,SKIP
rdb200l.mtx,bfp4_lb,bfp4_lb,controlled_lossy_value_specialized,ok,none,accuracy_pass_runtime_loss,0.0068,0.0061,1.985294,0.705882,,920,1440,bfp4,bfp4,false,0,0,false,0,spmv_max_rel,SKIP
rdb200l.mtx,hybrid_lb,hybrid_lb,structural_hybrid,ok,none,promoted_fallback,0.0068,0.0051,1.985294,0.705882,,8960,,original,raw_double,false,,,1,0,exact_abs_or_rel,SKIP
rdb200l.mtx,cusparse_default,cusparse_csr,external_baseline,ok,none,external_baseline,0.0135,0.0102,1.000000,0.355556,,8960,5284,original,original,false,,,true,0,exact_abs_or_rel,SKIP
rdb968.mtx,original_lb,original_lb,load_balanced_traversal,ok,none,promoted_fallback,0.0058,0.0052,2.379310,1.000000,,45056,7392,original,original,false,0,0,true,0,exact_abs_or_rel,SKIP
rdb968.mtx,auto_lossless_lb,dict16_lb,lossless_value_specialized,ok,none,accuracy_pass_runtime_loss,0.0063,0.0051,2.190476,0.920635,,14832,7392,auto_lossless,dict16,true,6,14832,true,6,exact_abs_or_rel,SKIP
rdb968.mtx,fp16_lb,fp16_lb,controlled_lossy_value_specialized,ok,none,accuracy_pass_runtime_loss,0.0066,0.0048,2.090909,0.878788,,11264,7392,fp16,fp16,false,0,0,false,0,spmv_max_rel,SKIP
rdb968.mtx,bf16_lb,bf16_lb,controlled_lossy_value_specialized,ok,none,accuracy_pass_runtime_loss,0.0068,0.0053,2.029412,0.852941,,11264,7392,bf16,bf16,false,0,0,false,0,spmv_max_rel,SKIP
rdb968.mtx,bfp8_lb,bfp8_lb,controlled_lossy_value_specialized,ok,none,accuracy_pass_runtime_loss,0.0061,0.0039,2.262295,0.950820,,7480,7392,bfp8,bfp8,false,0,0,false,0,spmv_max_rel,SKIP
rdb968.mtx,bfp8_outlier_lb,bfp8_outlier_lb,controlled_lossy_value_specialized,ok,none,accuracy_pass_runtime_loss,0.0064,0.0047,2.156250,0.906250,,7480,7392,bfp8_outlier,bfp8_outlier,false,0,0,false,0,spmv_max_rel,SKIP
rdb968.mtx,bfp4_lb,bfp4_lb,controlled_lossy_value_specialized,ok,none,accuracy_pass_runtime_loss,0.0074,0.0064,1.864865,0.783784,,4664,7392,bfp4,bfp4,false,0,0,false,0,spmv_max_rel,SKIP
rdb968.mtx,hybrid_lb,hybrid_lb,structural_hybrid,ok,none,promoted_fallback,0.0065,0.0047,2.123077,0.892308,,45056,,original,raw_double,false,,,1,0,exact_abs_or_rel,SKIP
rdb968.mtx,cusparse_default,cusparse_csr,external_baseline,ok,none,external_baseline,0.0138,0.0123,1.000000,0.420290,,45056,26404,original,original,false,,,true,0,exact_abs_or_rel,SKIP
rel7.mtx,original_lb,original_lb,load_balanced_traversal,ok,none,promoted_fallback,0.0076,0.0065,1.947368,1.000000,,405088,162128,original,original,false,0,0,true,0,exact_abs_or_rel,SKIP
rel7.mtx,auto_lossless_lb,dict4_lb,lossless_value_specialized,ok,none,accuracy_pass_runtime_loss,0.0104,0.0089,1.423077,0.730769,,162152,162128,auto_lossless,dict4,true,3,162152,true,3,exact_abs_or_rel,SKIP
rel7.mtx,fp16_lb,fp16_lb,controlled_lossy_value_specialized,ok,none,accuracy_pass_runtime_win,0.0073,0.0064,2.027397,1.041096,,101272,162128,fp16,fp16,false,0,0,false,0,spmv_max_rel,SKIP
rel7.mtx,bf16_lb,bf16_lb,controlled_lossy_value_specialized,ok,none,accuracy_pass_runtime_win,0.0074,0.0065,2.000000,1.027027,,101272,162128,bf16,bf16,false,0,0,false,0,spmv_max_rel,SKIP
rel7.mtx,bfp8_lb,bfp8_lb,controlled_lossy_value_specialized,ok,none,accuracy_pass_runtime_loss,0.0076,0.0066,1.947368,1.000000,,91168,162128,bfp8,bfp8,false,0,0,false,0,spmv_max_rel,SKIP
rel7.mtx,bfp8_outlier_lb,bfp8_outlier_lb,controlled_lossy_value_specialized,ok,none,accuracy_pass_runtime_loss,0.0083,0.0067,1.783133,0.915663,,91168,162128,bfp8_outlier,bfp8_outlier,false,0,0,false,0,spmv_max_rel,SKIP
rel7.mtx,bfp4_lb,bfp4_lb,controlled_lossy_value_specialized,ok,none,accuracy_pass_runtime_loss,0.0091,0.0084,1.626374,0.835165,,65850,162128,bfp4,bfp4,false,0,0,false,0,spmv_max_rel,SKIP
rel7.mtx,hybrid_lb,hybrid_lb,structural_hybrid,ok,none,promoted_fallback,0.0068,0.0051,2.176471,1.117647,,405088,,original,raw_double,false,,,1,0,exact_abs_or_rel,SKIP
rel7.mtx,cusparse_default,cusparse_csr,external_baseline,ok,none,external_baseline,0.0148,0.0123,1.000000,0.513514,,405088,290244,original,original,false,,,true,0,exact_abs_or_rel,SKIP
reorientation_4.mtx,original_lb,original_lb,load_balanced_traversal,ok,none,promoted_fallback,0.0087,0.0081,1.597701,1.000000,,269040,57912,original,original,false,0,0,true,0,exact_abs_or_rel,SKIP
reorientation_4.mtx,auto_lossless_lb,original_lb,load_balanced_traversal,ok,none,promoted_fallback,0.0128,0.0121,1.085937,0.679687,,269040,57912,auto_lossless,original,true,9571,269040,true,0,exact_abs_or_rel,SKIP
reorientation_4.mtx,fp16_lb,fp16_lb,controlled_lossy_value_specialized,ok,none,accuracy_pass_runtime_win,0.0085,0.0073,1.635294,1.023529,,67260,57912,fp16,fp16,false,0,0,false,0,spmv_max_rel,SKIP
reorientation_4.mtx,bf16_lb,bf16_lb,controlled_lossy_value_specialized,ok,none,accuracy_pass_runtime_win,0.0079,0.0073,1.759494,1.101266,,67260,57912,bf16,bf16,false,0,0,false,0,spmv_max_rel,SKIP
reorientation_4.mtx,bfp8_lb,bfp8_lb,controlled_lossy_value_specialized,ok,none,accuracy_pass_runtime_loss,0.0106,0.0091,1.311321,0.820755,,48108,57912,bfp8,bfp8,false,0,0,false,0,spmv_max_rel,SKIP
reorientation_4.mtx,bfp8_outlier_lb,bfp8_outlier_lb,controlled_lossy_value_specialized,ok,none,accuracy_pass_runtime_loss,0.0117,0.0101,1.188034,0.743590,,50796,57912,bfp8_outlier,bfp8_outlier,false,0,0,false,0,spmv_max_rel,SKIP
reorientation_4.mtx,bfp4_lb,bfp4_lb,controlled_lossy_value_specialized,ok,none,accuracy_pass_runtime_loss,0.0142,0.0133,0.978873,0.612676,,31293,57912,bfp4,bfp4,false,0,0,false,0,spmv_max_rel,SKIP
reorientation_4.mtx,hybrid_lb,hybrid_lb,structural_hybrid,ok,none,promoted_fallback,0.0083,0.0071,1.674699,1.048193,,269040,,original,raw_double,false,,,1,0,exact_abs_or_rel,SKIP
reorientation_4.mtx,cusparse_default,cusparse_csr,external_baseline,ok,none,external_baseline,0.0139,0.0102,1.000000,0.625899,,269040,145392,original,original,false,,,true,0,exact_abs_or_rel,SKIP
rlfddd.mtx,original_lb,original_lb,load_balanced_traversal,ok,none,promoted_fallback,0.0092,0.0087,1.619565,1.000000,,2117016,418600,original,original,false,0,0,true,0,exact_abs_or_rel,SKIP
rlfddd.mtx,auto_lossless_lb,sign2_lb,lossless_value_specialized,ok,none,accuracy_pass_runtime_loss,0.0111,0.0106,1.342342,0.828829,,209300,418600,auto_lossless,sign2,true,2,209300,true,0,exact_abs_or_rel,SKIP
rlfddd.mtx,fp16_lb,fp16_lb,controlled_lossy_value_specialized,ok,none,accuracy_pass_runtime_loss,0.0111,0.0095,1.342342,0.828829,,529254,418600,fp16,fp16,false,0,0,false,0,spmv_max_rel,SKIP
rlfddd.mtx,bf16_lb,bf16_lb,controlled_lossy_value_specialized,ok,none,accuracy_pass_runtime_loss,0.0095,0.0086,1.568421,0.968421,,529254,418600,bf16,bf16,false,0,0,false,0,spmv_max_rel,SKIP
rlfddd.mtx,bfp8_lb,bfp8_lb,controlled_lossy_value_specialized,ok,none,accuracy_pass_runtime_loss,0.0097,0.0088,1.536082,0.948454,,369277,418600,bfp8,bfp8,false,0,0,false,0,spmv_max_rel,SKIP
rlfddd.mtx,bfp8_outlier_lb,bfp8_outlier_lb,controlled_lossy_value_specialized,ok,none,accuracy_pass_runtime_loss,0.0096,0.0088,1.552083,0.958333,,369277,418600,bfp8_outlier,bfp8_outlier,false,0,0,false,0,spmv_max_rel,SKIP
rlfddd.mtx,bfp4_lb,bfp4_lb,controlled_lossy_value_specialized,ok,none,accuracy_pass_runtime_loss,0.0135,0.0128,1.103704,0.681481,,236964,418600,bfp4,bfp4,false,0,0,false,0,spmv_max_rel,SKIP
rlfddd.mtx,hybrid_lb,hybrid_lb,structural_hybrid,ok,none,promoted_fallback,0.0158,0.0140,0.943038,0.582278,,2117016,,original,raw_double,false,,,1,0,exact_abs_or_rel,SKIP
rlfddd.mtx,cusparse_default,cusparse_csr,external_baseline,ok,none,external_baseline,0.0149,0.0123,1.000000,0.617450,,2117016,1074712,original,original,false,,,true,0,exact_abs_or_rel,SKIP
rotor2.mtx,original_lb,original_lb,load_balanced_traversal,ok,none,promoted_fallback,0.0077,0.0071,1.675325,1.000000,,85480,7640,original,original,false,0,0,true,0,exact_abs_or_rel,SKIP
rotor2.mtx,auto_lossless_lb,original_lb,load_balanced_traversal,ok,none,promoted_fallback,0.0077,0.0064,1.675325,1.000000,,85480,7640,auto_lossless,original,true,3730,85480,true,0,exact_abs_or_rel,SKIP
rotor2.mtx,fp16_lb,fp16_lb,controlled_lossy_value_specialized,ok,none,accuracy_pass_runtime_win,0.0072,0.0055,1.791667,1.069444,,21370,7640,fp16,fp16,false,0,0,false,0,spmv_max_rel,SKIP
rotor2.mtx,bf16_lb,bf16_lb,controlled_lossy_value_specialized,ok,none,accuracy_pass_runtime_win,0.0071,0.0048,1.816901,1.084507,,21370,7640,bf16,bf16,false,0,0,false,0,spmv_max_rel,SKIP
rotor2.mtx,bfp8_lb,bfp8_lb,controlled_lossy_value_specialized,ok,none,accuracy_pass_runtime_win,0.0074,0.0068,1.743243,1.040541,,12595,7640,bfp8,bfp8,false,0,0,false,0,spmv_max_rel,SKIP
rotor2.mtx,bfp8_outlier_lb,bfp8_outlier_lb,controlled_lossy_value_specialized,ok,none,accuracy_pass_runtime_loss,0.0102,0.0086,1.264706,0.754902,,13363,7640,bfp8_outlier,bfp8_outlier,false,0,0,false,0,spmv_max_rel,SKIP
rotor2.mtx,bfp4_lb,bfp4_lb,controlled_lossy_value_specialized,ok,none,accuracy_pass_runtime_loss,0.0100,0.0081,1.290000,0.770000,,7253,7640,bfp4,bfp4,false,0,0,false,0,spmv_max_rel,SKIP
rotor2.mtx,hybrid_lb,hybrid_lb,structural_hybrid,ok,none,promoted_fallback,0.0073,0.0063,1.767123,1.054795,,85480,,original,raw_double,false,,,1,0,exact_abs_or_rel,SKIP
rotor2.mtx,cusparse_default,cusparse_csr,external_baseline,ok,none,external_baseline,0.0129,0.0102,1.000000,0.596899,,85480,45908,original,original,false,,,true,0,exact_abs_or_rel,SKIP
s1rmt3m1.mtx,original_lb,original_lb,load_balanced_traversal,ok,none,promoted_fallback,0.0068,0.0064,2.058824,1.000000,,1741208,101328,original,original,false,0,0,true,0,exact_abs_or_rel,SKIP
s1rmt3m1.mtx,auto_lossless_lb,dict65536_u16_lb,lossless_value_specialized,ok,none,accuracy_pass_runtime_loss,0.0092,0.0076,1.521739,0.739130,,951496,101328,auto_lossless,dict65536_u16,true,17609,951496,true,17609,exact_abs_or_rel,SKIP
s1rmt3m1.mtx,fp16_lb,fp16_lb,controlled_lossy_value_specialized,ok,none,accuracy_pass_runtime_loss,0.0070,0.0061,2.000000,0.971429,,435302,101328,fp16,fp16,false,0,0,false,0,spmv_max_rel,SKIP
s1rmt3m1.mtx,bf16_lb,bf16_lb,controlled_lossy_value_specialized,ok,none,accuracy_pass_runtime_loss,0.0070,0.0057,2.000000,0.971429,,435302,101328,bf16,bf16,false,0,0,false,0,spmv_max_rel,SKIP
s1rmt3m1.mtx,bfp8_lb,bfp8_lb,controlled_lossy_value_specialized,ok,none,accuracy_pass_runtime_loss,0.0081,0.0071,1.728395,0.839506,,242983,101328,bfp8,bfp8,false,0,0,false,0,spmv_max_rel,SKIP
s1rmt3m1.mtx,bfp8_outlier_lb,bfp8_outlier_lb,controlled_lossy_value_specialized,ok,none,accuracy_pass_runtime_loss,0.0106,0.0089,1.320755,0.641509,,260151,101328,bfp8_outlier,bfp8_outlier,false,0,0,false,0,spmv_max_rel,SKIP
s1rmt3m1.mtx,bfp4_lb,bfp4_lb,controlled_lossy_value_specialized,ok,none,accuracy_pass_runtime_loss,0.0110,0.0100,1.272727,0.618182,,134158,101328,bfp4,bfp4,false,0,0,false,0,spmv_max_rel,SKIP
s1rmt3m1.mtx,hybrid_lb,hybrid_lb,structural_hybrid,ok,none,promoted_fallback,0.0098,0.0084,1.428571,0.693878,,1741208,,original,raw_double,false,,,1,0,exact_abs_or_rel,SKIP
s1rmt3m1.mtx,cusparse_default,cusparse_csr,external_baseline,ok,none,external_baseline,0.0140,0.0102,1.000000,0.485714,,1741208,892564,original,original,false,,,true,0,exact_abs_or_rel,SKIP
saylr1.mtx,original_lb,original_lb,load_balanced_traversal,ok,none,promoted_fallback,0.0059,0.0048,1.847458,1.000000,,9024,2224,original,original,false,0,0,true,0,exact_abs_or_rel,SKIP
saylr1.mtx,auto_lossless_lb,original_lb,load_balanced_traversal,ok,none,promoted_fallback,0.0071,0.0051,1.535211,0.830986,,9024,2224,auto_lossless,original,true,704,9024,true,0,exact_abs_or_rel,SKIP
saylr1.mtx,fp16_lb,fp16_lb,controlled_lossy_value_specialized,ok,none,accuracy_pass_runtime_loss,0.0077,0.0063,1.415584,0.766234,,2256,2224,fp16,fp16,false,0,0,false,0,spmv_max_rel,SKIP
saylr1.mtx,bf16_lb,bf16_lb,controlled_lossy_value_specialized,ok,none,accuracy_pass_runtime_loss,0.0093,0.0076,1.172043,0.634409,,2256,2224,bf16,bf16,false,0,0,false,0,spmv_max_rel,SKIP
saylr1.mtx,bfp8_lb,bfp8_lb,controlled_lossy_value_specialized,ok,none,accuracy_pass_runtime_loss,0.0076,0.0055,1.434211,0.776316,,1684,2224,bfp8,bfp8,false,0,0,false,0,spmv_max_rel,SKIP
saylr1.mtx,bfp8_outlier_lb,bfp8_outlier_lb,controlled_lossy_value_specialized,ok,none,accuracy_pass_runtime_loss,0.0087,0.0076,1.252874,0.678161,,1764,2224,bfp8_outlier,bfp8_outlier,false,0,0,false,0,spmv_max_rel,SKIP
saylr1.mtx,bfp4_lb,bfp4_lb,controlled_lossy_value_specialized,ok,none,accuracy_pass_runtime_loss,0.0085,0.0077,1.282353,0.694118,,1120,2224,bfp4,bfp4,false,0,0,false,0,spmv_max_rel,SKIP
saylr1.mtx,hybrid_lb,hybrid_lb,structural_hybrid,ok,none,promoted_fallback,0.0074,0.0047,1.472973,0.797297,,9024,,original,raw_double,false,,,1,0,exact_abs_or_rel,SKIP
saylr1.mtx,cusparse_default,cusparse_csr,external_baseline,ok,none,external_baseline,0.0109,0.0082,1.000000,0.541284,,9024,5468,original,original,false,,,true,0,exact_abs_or_rel,SKIP
scagr7-2b_A_1.mtx,original_lb,original_lb,load_balanced_traversal,ok,none,promoted_fallback,0.0065,0.0050,1.738462,1.000000,,4840,1344,original,original,false,0,0,true,0,exact_abs_or_rel,SKIP
scagr7-2b_A_1.mtx,auto_lossless_lb,dict16_lb,lossless_value_specialized,ok,none,accuracy_pass_runtime_loss,0.0074,0.0053,1.527027,0.878378,,2808,1344,auto_lossless,dict16,true,15,2808,true,15,exact_abs_or_rel,SKIP
scagr7-2b_A_1.mtx,fp16_lb,fp16_lb,controlled_lossy_value_specialized,ok,none,accuracy_pass_runtime_loss,0.0073,0.0053,1.547945,0.890411,,1210,1344,fp16,fp16,false,0,0,false,0,spmv_max_rel,SKIP
scagr7-2b_A_1.mtx,bf16_lb,bf16_lb,controlled_lossy_value_specialized,ok,none,accuracy_pass_runtime_loss,0.0070,0.0053,1.614286,0.928571,,1210,1344,bf16,bf16,false,0,0,false,0,spmv_max_rel,SKIP
scagr7-2b_A_1.mtx,bfp8_lb,bfp8_lb,controlled_lossy_value_specialized,ok,none,accuracy_pass_runtime_loss,0.0067,0.0051,1.686567,0.970149,,941,1344,bfp8,bfp8,false,0,0,false,0,spmv_max_rel,SKIP
scagr7-2b_A_1.mtx,bfp8_outlier_lb,bfp8_outlier_lb,controlled_lossy_value_specialized,ok,none,accuracy_pass_runtime_win,0.0063,0.0049,1.793651,1.031746,,941,1344,bfp8_outlier,bfp8_outlier,false,0,0,false,0,spmv_max_rel,SKIP
scagr7-2b_A_1.mtx,bfp4_lb,bfp4_lb,controlled_lossy_value_specialized,ok,none,accuracy_pass_runtime_loss,0.0072,0.0061,1.569444,0.902778,,639,1344,bfp4,bfp4,false,0,0,false,0,spmv_max_rel,SKIP
scagr7-2b_A_1.mtx,hybrid_lb,hybrid_lb,structural_hybrid,ok,none,promoted_fallback,0.0061,0.0052,1.852459,1.065574,,4840,,original,raw_double,false,,,1,0,exact_abs_or_rel,SKIP
scagr7-2b_A_1.mtx,cusparse_default,cusparse_csr,external_baseline,ok,none,external_baseline,0.0113,0.0082,1.000000,0.575221,,4840,3092,original,original,false,,,true,0,exact_abs_or_rel,SKIP
scrs8-2b_A_1.mtx,original_lb,original_lb,load_balanced_traversal,ok,none,promoted_fallback,0.0062,0.0052,1.790323,1.000000,,4216,1560,original,original,false,0,0,true,0,exact_abs_or_rel,SKIP
scrs8-2b_A_1.mtx,auto_lossless_lb,original_lb,load_balanced_traversal,ok,none,promoted_fallback,0.0071,0.0052,1.563380,0.873239,,4216,1560,auto_lossless,original,true,24,4216,true,0,exact_abs_or_rel,SKIP
scrs8-2b_A_1.mtx,fp16_lb,fp16_lb,controlled_lossy_value_specialized,ok,none,accuracy_pass_runtime_loss,0.0074,0.0063,1.500000,0.837838,,1054,1560,fp16,fp16,false,0,0,false,0,spmv_max_rel,SKIP
scrs8-2b_A_1.mtx,bf16_lb,bf16_lb,controlled_lossy_value_specialized,ok,none,accuracy_pass_runtime_loss,0.0074,0.0057,1.500000,0.837838,,1054,1560,bf16,bf16,false,0,0,false,0,spmv_max_rel,SKIP
scrs8-2b_A_1.mtx,bfp8_lb,bfp8_lb,controlled_lossy_value_specialized,ok,none,accuracy_pass_runtime_loss,0.0075,0.0058,1.480000,0.826667,,917,1560,bfp8,bfp8,false,0,0,false,0,spmv_max_rel,SKIP
scrs8-2b_A_1.mtx,bfp8_outlier_lb,bfp8_outlier_lb,controlled_lossy_value_specialized,ok,none,accuracy_pass_runtime_loss,0.0072,0.0063,1.541667,0.861111,,917,1560,bfp8_outlier,bfp8_outlier,false,0,0,false,0,spmv_max_rel,SKIP
scrs8-2b_A_1.mtx,bfp4_lb,bfp4_lb,controlled_lossy_value_specialized,ok,none,accuracy_pass_runtime_loss,0.0086,0.0075,1.290698,0.720930,,654,1560,bfp4,bfp4,false,0,0,false,0,spmv_max_rel,SKIP
scrs8-2b_A_1.mtx,hybrid_lb,hybrid_lb,structural_hybrid,ok,none,promoted_fallback,0.0060,0.0049,1.850000,1.033333,,4216,,original,raw_double,false,,,1,0,exact_abs_or_rel,SKIP
scrs8-2b_A_1.mtx,cusparse_default,cusparse_csr,external_baseline,ok,none,external_baseline,0.0111,0.0082,1.000000,0.558559,,4216,2672,original,original,false,,,true,0,exact_abs_or_rel,SKIP
scrs8-2c_A_5.mtx,original_lb,original_lb,load_balanced_traversal,ok,none,promoted_fallback,0.0071,0.0055,1.985915,1.000000,,58936,21960,original,original,false,0,0,true,0,exact_abs_or_rel,SKIP
scrs8-2c_A_5.mtx,auto_lossless_lb,original_lb,load_balanced_traversal,ok,none,promoted_fallback,0.0074,0.0058,1.905405,0.959459,,58936,21960,auto_lossless,original,true,24,58936,true,0,exact_abs_or_rel,SKIP
scrs8-2c_A_5.mtx,fp16_lb,fp16_lb,controlled_lossy_value_specialized,ok,none,accuracy_pass_runtime_loss,0.0082,0.0073,1.719512,0.865854,,14734,21960,fp16,fp16,false,0,0,false,0,spmv_max_rel,SKIP
scrs8-2c_A_5.mtx,bf16_lb,bf16_lb,controlled_lossy_value_specialized,ok,none,accuracy_pass_runtime_loss,0.0079,0.0071,1.784810,0.898734,,14734,21960,bf16,bf16,false,0,0,false,0,spmv_max_rel,SKIP
scrs8-2c_A_5.mtx,bfp8_lb,bfp8_lb,controlled_lossy_value_specialized,ok,none,accuracy_pass_runtime_loss,0.0082,0.0076,1.719512,0.865854,,12857,21960,bfp8,bfp8,false,0,0,false,0,spmv_max_rel,SKIP
scrs8-2c_A_5.mtx,bfp8_outlier_lb,bfp8_outlier_lb,controlled_lossy_value_specialized,ok,none,accuracy_pass_runtime_loss,0.0077,0.0069,1.831169,0.922078,,12857,21960,bfp8_outlier,bfp8_outlier,false,0,0,false,0,spmv_max_rel,SKIP
scrs8-2c_A_5.mtx,bfp4_lb,bfp4_lb,controlled_lossy_value_specialized,ok,none,accuracy_pass_runtime_loss,0.0097,0.0086,1.453608,0.731959,,9174,21960,bfp4,bfp4,false,0,0,false,0,spmv_max_rel,SKIP
scrs8-2c_A_5.mtx,hybrid_lb,hybrid_lb,structural_hybrid,ok,none,promoted_fallback,0.0065,0.0050,2.169231,1.092308,,58936,,original,raw_double,false,,,1,0,exact_abs_or_rel,SKIP
scrs8-2c_A_5.mtx,cusparse_default,cusparse_csr,external_baseline,ok,none,external_baseline,0.0141,0.0123,1.000000,0.503546,,58936,36752,original,original,false,,,true,0,exact_abs_or_rel,SKIP
scrs8-2r_A_07.mtx,original_lb,original_lb,load_balanced_traversal,ok,none,promoted_fallback,0.0069,0.0047,2.000000,1.000000,,58936,21960,original,original,false,0,0,true,0,exact_abs_or_rel,SKIP
scrs8-2r_A_07.mtx,auto_lossless_lb,original_lb,load_balanced_traversal,ok,none,promoted_fallback,0.0074,0.0062,1.864865,0.932432,,58936,21960,auto_lossless,original,true,24,58936,true,0,exact_abs_or_rel,SKIP
scrs8-2r_A_07.mtx,fp16_lb,fp16_lb,controlled_lossy_value_specialized,ok,none,accuracy_pass_runtime_loss,0.0078,0.0071,1.769231,0.884615,,14734,21960,fp16,fp16,false,0,0,false,0,spmv_max_rel,SKIP
scrs8-2r_A_07.mtx,bf16_lb,bf16_lb,controlled_lossy_value_specialized,ok,none,accuracy_pass_runtime_loss,0.0080,0.0071,1.725000,0.862500,,14734,21960,bf16,bf16,false,0,0,false,0,spmv_max_rel,SKIP
scrs8-2r_A_07.mtx,bfp8_lb,bfp8_lb,controlled_lossy_value_specialized,ok,none,accuracy_pass_runtime_loss,0.0077,0.0069,1.792208,0.896104,,12857,21960,bfp8,bfp8,false,0,0,false,0,spmv_max_rel,SKIP
scrs8-2r_A_07.mtx,bfp8_outlier_lb,bfp8_outlier_lb,controlled_lossy_value_specialized,ok,none,accuracy_pass_runtime_loss,0.0078,0.0070,1.769231,0.884615,,12857,21960,bfp8_outlier,bfp8_outlier,false,0,0,false,0,spmv_max_rel,SKIP
scrs8-2r_A_07.mtx,bfp4_lb,bfp4_lb,controlled_lossy_value_specialized,ok,none,accuracy_pass_runtime_loss,0.0095,0.0073,1.452632,0.726316,,9174,21960,bfp4,bfp4,false,0,0,false,0,spmv_max_rel,SKIP
scrs8-2r_A_07.mtx,hybrid_lb,hybrid_lb,structural_hybrid,ok,none,promoted_fallback,0.0062,0.0046,2.225806,1.112903,,58936,,original,raw_double,false,,,1,0,exact_abs_or_rel,SKIP
scrs8-2r_A_07.mtx,cusparse_default,cusparse_csr,external_baseline,ok,none,external_baseline,0.0138,0.0123,1.000000,0.500000,,58936,36752,original,original,false,,,true,0,exact_abs_or_rel,SKIP
scsd8-2c.mtx,original_lb,original_lb,load_balanced_traversal,ok,none,promoted_fallback,0.0095,0.0083,1.463158,1.000000,,902160,158864,original,original,false,0,0,true,0,exact_abs_or_rel,SKIP
scsd8-2c.mtx,auto_lossless_lb,dict16_lb,lossless_value_specialized,ok,none,accuracy_pass_runtime_loss,0.0114,0.0098,1.219298,0.833333,,317856,158864,auto_lossless,dict16,true,16,317856,true,16,exact_abs_or_rel,SKIP
scsd8-2c.mtx,fp16_lb,fp16_lb,controlled_lossy_value_specialized,ok,none,accuracy_pass_runtime_win,0.0091,0.0081,1.527473,1.043956,,225540,158864,fp16,fp16,false,0,0,false,0,spmv_max_rel,SKIP
scsd8-2c.mtx,bf16_lb,bf16_lb,controlled_lossy_value_specialized,ok,none,accuracy_pass_runtime_win,0.0091,0.0082,1.527473,1.043956,,225540,158864,bf16,bf16,false,0,0,false,0,spmv_max_rel,SKIP
scsd8-2c.mtx,bfp8_lb,bfp8_lb,controlled_lossy_value_specialized,ok,none,accuracy_pass_runtime_loss,0.0103,0.0089,1.349515,0.922330,,152486,158864,bfp8,bfp8,false,0,0,false,0,spmv_max_rel,SKIP
scsd8-2c.mtx,bfp8_outlier_lb,bfp8_outlier_lb,controlled_lossy_value_specialized,ok,none,accuracy_pass_runtime_loss,0.0108,0.0097,1.287037,0.879630,,152486,158864,bfp8_outlier,bfp8_outlier,false,0,0,false,0,spmv_max_rel,SKIP
scsd8-2c.mtx,bfp4_lb,bfp4_lb,controlled_lossy_value_specialized,ok,none,accuracy_pass_runtime_loss,0.0140,0.0132,0.992857,0.678571,,96101,158864,bfp4,bfp4,false,0,0,false,0,spmv_max_rel,SKIP
scsd8-2c.mtx,hybrid_lb,hybrid_lb,structural_hybrid,ok,none,promoted_fallback,0.0072,0.0055,1.930556,1.319444,,902160,,original,raw_double,false,,,1,0,exact_abs_or_rel,SKIP
scsd8-2c.mtx,cusparse_default,cusparse_csr,external_baseline,ok,none,external_baseline,0.0139,0.0102,1.000000,0.683453,,902160,471604,original,original,false,,,true,0,exact_abs_or_rel,SKIP
scsd8-2r_A_04.mtx,original_lb,original_lb,load_balanced_traversal,ok,none,promoted_fallback,0.0094,0.0071,1.372340,1.000000,,57360,10064,original,original,false,0,0,true,0,exact_abs_or_rel,SKIP
scsd8-2r_A_04.mtx,auto_lossless_lb,dict16_lb,lossless_value_specialized,ok,none,accuracy_pass_runtime_loss,0.0107,0.0089,1.205607,0.878505,,20256,10064,auto_lossless,dict16,true,16,20256,true,16,exact_abs_or_rel,SKIP
scsd8-2r_A_04.mtx,fp16_lb,fp16_lb,controlled_lossy_value_specialized,ok,none,accuracy_pass_runtime_loss,0.0094,0.0085,1.372340,1.000000,,14340,10064,fp16,fp16,false,0,0,false,0,spmv_max_rel,SKIP
scsd8-2r_A_04.mtx,bf16_lb,bf16_lb,controlled_lossy_value_specialized,ok,none,accuracy_pass_runtime_win,0.0093,0.0083,1.387097,1.010753,,14340,10064,bf16,bf16,false,0,0,false,0,spmv_max_rel,SKIP
scsd8-2r_A_04.mtx,bfp8_lb,bfp8_lb,controlled_lossy_value_specialized,ok,none,accuracy_pass_runtime_win,0.0092,0.0079,1.402174,1.021739,,9686,10064,bfp8,bfp8,false,0,0,false,0,spmv_max_rel,SKIP
scsd8-2r_A_04.mtx,bfp8_outlier_lb,bfp8_outlier_lb,controlled_lossy_value_specialized,ok,none,accuracy_pass_runtime_win,0.0092,0.0076,1.402174,1.021739,,9686,10064,bfp8_outlier,bfp8_outlier,false,0,0,false,0,spmv_max_rel,SKIP
scsd8-2r_A_04.mtx,bfp4_lb,bfp4_lb,controlled_lossy_value_specialized,ok,none,accuracy_pass_runtime_loss,0.0138,0.0122,0.934783,0.681159,,6101,10064,bfp4,bfp4,false,0,0,false,0,spmv_max_rel,SKIP
scsd8-2r_A_04.mtx,hybrid_lb,hybrid_lb,structural_hybrid,ok,none,promoted_fallback,0.0074,0.0052,1.743243,1.270270,,57360,,original,raw_double,false,,,1,0,exact_abs_or_rel,SKIP
scsd8-2r_A_04.mtx,cusparse_default,cusparse_csr,external_baseline,ok,none,external_baseline,0.0129,0.0102,1.000000,0.728682,,57360,30004,original,original,false,,,true,0,exact_abs_or_rel,SKIP
sctap1-2b.mtx,original_lb,original_lb,load_balanced_traversal,ok,none,promoted_fallback,0.0098,0.0089,1.438776,1.000000,,795632,297296,original,original,false,0,0,true,0,exact_abs_or_rel,SKIP
sctap1-2b.mtx,auto_lossless_lb,original_lb,load_balanced_traversal,ok,none,promoted_fallback,0.0100,0.0085,1.410000,0.980000,,795632,297296,auto_lossless,original,true,17,795632,true,0,exact_abs_or_rel,SKIP
sctap1-2b.mtx,fp16_lb,fp16_lb,controlled_lossy_value_specialized,ok,none,accuracy_pass_runtime_win,0.0091,0.0084,1.549451,1.076923,,198908,297296,fp16,fp16,false,0,0,false,0,spmv_max_rel,SKIP
sctap1-2b.mtx,bf16_lb,bf16_lb,controlled_lossy_value_specialized,ok,none,accuracy_pass_runtime_win,0.0091,0.0083,1.549451,1.076923,,198908,297296,bf16,bf16,false,0,0,false,0,spmv_max_rel,SKIP
sctap1-2b.mtx,bfp8_lb,bfp8_lb,controlled_lossy_value_specialized,ok,none,accuracy_pass_runtime_win,0.0094,0.0084,1.500000,1.042553,,173778,297296,bfp8,bfp8,false,0,0,false,0,spmv_max_rel,SKIP
sctap1-2b.mtx,bfp8_outlier_lb,bfp8_outlier_lb,controlled_lossy_value_specialized,ok,none,accuracy_pass_runtime_win,0.0095,0.0086,1.484211,1.031579,,173778,297296,bfp8_outlier,bfp8_outlier,false,0,0,false,0,spmv_max_rel,SKIP
sctap1-2b.mtx,bfp4_lb,bfp4_lb,controlled_lossy_value_specialized,ok,none,accuracy_pass_runtime_loss,0.0128,0.0114,1.101562,0.765625,,124051,297296,bfp4,bfp4,false,0,0,false,0,spmv_max_rel,SKIP
sctap1-2b.mtx,hybrid_lb,hybrid_lb,structural_hybrid,ok,none,promoted_fallback,0.0075,0.0055,1.880000,1.306667,,795632,,original,raw_double,false,,,1,0,exact_abs_or_rel,SKIP
sctap1-2b.mtx,cusparse_default,cusparse_csr,external_baseline,ok,none,external_baseline,0.0141,0.0123,1.000000,0.695035,,795632,459380,original,original,false,,,true,0,exact_abs_or_rel,SKIP
se_G_03.mtx,original_lb,original_lb,load_balanced_traversal,ok,none,promoted_fallback,0.0058,0.0052,1.948276,1.000000,,736,192,original,original,false,0,0,true,0,exact_abs_or_rel,SKIP
se_G_03.mtx,auto_lossless_lb,all_one_lb,lossless_value_specialized,ok,none,accuracy_pass_runtime_win,0.0050,0.0045,2.260000,1.160000,,0,192,auto_lossless,all_one,true,1,0,true,0,exact_abs_or_rel,SKIP
se_G_03.mtx,fp16_lb,fp16_lb,controlled_lossy_value_specialized,ok,none,accuracy_pass_runtime_loss,0.0063,0.0052,1.793651,0.920635,,184,192,fp16,fp16,false,0,0,false,0,spmv_max_rel,SKIP
se_G_03.mtx,bf16_lb,bf16_lb,controlled_lossy_value_specialized,ok,none,accuracy_pass_runtime_loss,0.0061,0.0046,1.852459,0.950820,,184,192,bf16,bf16,false,0,0,false,0,spmv_max_rel,SKIP
se_G_03.mtx,bfp8_lb,bfp8_lb,controlled_lossy_value_specialized,ok,none,accuracy_pass_runtime_loss,0.0058,0.0049,1.948276,1.000000,,140,192,bfp8,bfp8,false,0,0,false,0,spmv_max_rel,SKIP
se_G_03.mtx,bfp8_outlier_lb,bfp8_outlier_lb,controlled_lossy_value_specialized,ok,none,accuracy_pass_runtime_loss,0.0058,0.0049,1.948276,1.000000,,140,192,bfp8_outlier,bfp8_outlier,false,0,0,false,0,spmv_max_rel,SKIP
se_G_03.mtx,bfp4_lb,bfp4_lb,controlled_lossy_value_specialized,ok,none,accuracy_pass_runtime_loss,0.0065,0.0047,1.738462,0.892308,,94,192,bfp4,bfp4,false,0,0,false,0,spmv_max_rel,SKIP
se_G_03.mtx,hybrid_lb,hybrid_lb,structural_hybrid,ok,none,promoted_fallback,0.0057,0.0047,1.982456,1.017544,,736,,original,raw_double,false,,,1,0,exact_abs_or_rel,SKIP
se_G_03.mtx,cusparse_default,cusparse_csr,external_baseline,ok,none,external_baseline,0.0113,0.0082,1.000000,0.513274,,736,500,original,original,false,,,true,0,exact_abs_or_rel,SKIP
se_G_11.mtx,original_lb,original_lb,load_balanced_traversal,ok,none,promoted_fallback,0.0048,0.0044,3.020833,1.000000,,196576,65472,original,original,false,0,0,true,0,exact_abs_or_rel,SKIP
se_G_11.mtx,auto_lossless_lb,all_one_lb,lossless_value_specialized,ok,none,accuracy_pass_runtime_loss,0.0083,0.0072,1.746988,0.578313,,0,65472,auto_lossless,all_one,true,1,0,true,0,exact_abs_or_rel,SKIP
se_G_11.mtx,fp16_lb,fp16_lb,controlled_lossy_value_specialized,ok,none,accuracy_pass_runtime_loss,0.0052,0.0044,2.788462,0.923077,,49144,65472,fp16,fp16,false,0,0,false,0,spmv_max_rel,SKIP
se_G_11.mtx,bf16_lb,bf16_lb,controlled_lossy_value_specialized,ok,none,accuracy_pass_runtime_loss,0.0053,0.0040,2.735849,0.905660,,49144,65472,bf16,bf16,false,0,0,false,0,spmv_max_rel,SKIP
se_G_11.mtx,bfp8_lb,bfp8_lb,controlled_lossy_value_specialized,ok,none,accuracy_pass_runtime_loss,0.0058,0.0044,2.500000,0.827586,,40940,65472,bfp8,bfp8,false,0,0,false,0,spmv_max_rel,SKIP
se_G_11.mtx,bfp8_outlier_lb,bfp8_outlier_lb,controlled_lossy_value_specialized,ok,none,accuracy_pass_runtime_loss,0.0058,0.0044,2.500000,0.827586,,40940,65472,bfp8_outlier,bfp8_outlier,false,0,0,false,0,spmv_max_rel,SKIP
se_G_11.mtx,bfp4_lb,bfp4_lb,controlled_lossy_value_specialized,ok,none,accuracy_pass_runtime_loss,0.0071,0.0064,2.042254,0.676056,,28654,65472,bfp4,bfp4,false,0,0,false,0,spmv_max_rel,SKIP
se_G_11.mtx,hybrid_lb,hybrid_lb,structural_hybrid,ok,none,promoted_fallback,0.0060,0.0042,2.416667,0.800000,,196576,,original,raw_double,false,,,1,0,exact_abs_or_rel,SKIP
se_G_11.mtx,cusparse_default,cusparse_csr,external_baseline,ok,none,external_baseline,0.0145,0.0123,1.000000,0.331034,,196576,131060,original,original,false,,,true,0,exact_abs_or_rel,SKIP
seymourl.mtx,original_lb,original_lb,load_balanced_traversal,ok,none,promoted_fallback,0.0081,0.0064,1.765432,1.000000,,307944,83520,original,original,false,0,0,true,0,exact_abs_or_rel,SKIP
seymourl.mtx,auto_lossless_lb,sign2_lb,lossless_value_specialized,ok,none,accuracy_pass_runtime_loss,0.0091,0.0078,1.571429,0.890110,,41760,83520,auto_lossless,sign2,true,2,41760,true,0,exact_abs_or_rel,SKIP
seymourl.mtx,fp16_lb,fp16_lb,controlled_lossy_value_specialized,ok,none,accuracy_pass_runtime_loss,0.0081,0.0066,1.765432,1.000000,,76986,83520,fp16,fp16,false,0,0,false,0,spmv_max_rel,SKIP
seymourl.mtx,bf16_lb,bf16_lb,controlled_lossy_value_specialized,ok,none,accuracy_pass_runtime_win,0.0066,0.0056,2.166667,1.227273,,76986,83520,bf16,bf16,false,0,0,false,0,spmv_max_rel,SKIP
seymourl.mtx,bfp8_lb,bfp8_lb,controlled_lossy_value_specialized,ok,none,accuracy_pass_runtime_loss,0.0095,0.0081,1.505263,0.852632,,59373,83520,bfp8,bfp8,false,0,0,false,0,spmv_max_rel,SKIP
seymourl.mtx,bfp8_outlier_lb,bfp8_outlier_lb,controlled_lossy_value_specialized,ok,none,accuracy_pass_runtime_loss,0.0103,0.0098,1.388350,0.786408,,59373,83520,bfp8_outlier,bfp8_outlier,false,0,0,false,0,spmv_max_rel,SKIP
seymourl.mtx,bfp4_lb,bfp4_lb,controlled_lossy_value_specialized,ok,none,accuracy_pass_runtime_loss,0.0115,0.0099,1.243478,0.704348,,40127,83520,bfp4,bfp4,false,0,0,false,0,spmv_max_rel,SKIP
seymourl.mtx,hybrid_lb,hybrid_lb,structural_hybrid,ok,none,promoted_fallback,0.0072,0.0063,1.986111,1.125000,,307944,,original,raw_double,false,,,1,0,exact_abs_or_rel,SKIP
seymourl.mtx,cusparse_default,cusparse_csr,external_baseline,ok,none,external_baseline,0.0143,0.0123,1.000000,0.566434,,307944,173752,original,original,false,,,true,0,exact_abs_or_rel,SKIP
shl_0.mtx,original_lb,original_lb,load_balanced_traversal,ok,none,promoted_fallback,0.0075,0.0065,1.746667,1.000000,,13496,5144,original,original,false,0,0,true,0,exact_abs_or_rel,SKIP
shl_0.mtx,auto_lossless_lb,original_lb,load_balanced_traversal,ok,none,promoted_fallback,0.0090,0.0074,1.455556,0.833333,,13496,5144,auto_lossless,original,true,176,13496,true,0,exact_abs_or_rel,SKIP
shl_0.mtx,fp16_lb,fp16_lb,controlled_lossy_value_specialized,ok,none,accuracy_pass_runtime_loss,0.0090,0.0077,1.455556,0.833333,,3374,5144,fp16,fp16,false,0,0,false,0,spmv_max_rel,SKIP
shl_0.mtx,bf16_lb,bf16_lb,controlled_lossy_value_specialized,ok,none,accuracy_pass_runtime_loss,0.0093,0.0085,1.408602,0.806452,,3374,5144,bf16,bf16,false,0,0,false,0,spmv_max_rel,SKIP
shl_0.mtx,bfp8_lb,bfp8_lb,controlled_lossy_value_specialized,ok,none,accuracy_pass_runtime_loss,0.0099,0.0086,1.323232,0.757576,,2973,5144,bfp8,bfp8,false,0,0,false,0,spmv_max_rel,SKIP
shl_0.mtx,bfp8_outlier_lb,bfp8_outlier_lb,controlled_lossy_value_specialized,ok,none,accuracy_pass_runtime_loss,0.0114,0.0100,1.149123,0.657895,,3101,5144,bfp8_outlier,bfp8_outlier,false,0,0,false,0,spmv_max_rel,SKIP
shl_0.mtx,bfp4_lb,bfp4_lb,controlled_lossy_value_specialized,ok,none,accuracy_pass_runtime_loss,0.0138,0.0127,0.949275,0.543478,,2130,5144,bfp4,bfp4,false,0,0,false,0,spmv_max_rel,SKIP
shl_0.mtx,hybrid_lb,hybrid_lb,structural_hybrid,ok,none,promoted_fallback,0.0076,0.0057,1.723684,0.986842,,13496,,original,raw_double,false,,,1,0,exact_abs_or_rel,SKIP
shl_0.mtx,cusparse_default,cusparse_csr,external_baseline,ok,none,external_baseline,0.0131,0.0102,1.000000,0.572519,,13496,9404,original,original,false,,,true,0,exact_abs_or_rel,SKIP
small_A_06.mtx,original_lb,original_lb,load_balanced_traversal,ok,none,promoted_fallback,0.0072,0.0060,1.875000,1.000000,,26536,9264,original,original,false,0,0,true,0,exact_abs_or_rel,SKIP
small_A_06.mtx,auto_lossless_lb,original_lb,load_balanced_traversal,ok,none,promoted_fallback,0.0071,0.0061,1.901408,1.014085,,26536,9264,auto_lossless,original,true,651,26536,true,0,exact_abs_or_rel,SKIP
small_A_06.mtx,fp16_lb,fp16_lb,controlled_lossy_value_specialized,ok,none,accuracy_pass_runtime_loss,0.0078,0.0064,1.730769,0.923077,,6634,9264,fp16,fp16,false,0,0,false,0,spmv_max_rel,SKIP
small_A_06.mtx,bf16_lb,bf16_lb,controlled_lossy_value_specialized,ok,none,accuracy_pass_runtime_loss,0.0079,0.0070,1.708861,0.911392,,6634,9264,bf16,bf16,false,0,0,false,0,spmv_max_rel,SKIP
small_A_06.mtx,bfp8_lb,bfp8_lb,controlled_lossy_value_specialized,ok,none,accuracy_pass_runtime_loss,0.0079,0.0064,1.708861,0.911392,,5633,9264,bfp8,bfp8,false,0,0,false,0,spmv_max_rel,SKIP
small_A_06.mtx,bfp8_outlier_lb,bfp8_outlier_lb,controlled_lossy_value_specialized,ok,none,accuracy_pass_runtime_loss,0.0078,0.0070,1.730769,0.923077,,5633,9264,bfp8_outlier,bfp8_outlier,false,0,0,false,0,spmv_max_rel,SKIP
small_A_06.mtx,bfp4_lb,bfp4_lb,controlled_lossy_value_specialized,ok,none,accuracy_pass_runtime_loss,0.0098,0.0089,1.377551,0.734694,,3975,9264,bfp4,bfp4,false,0,0,false,0,spmv_max_rel,SKIP
small_A_06.mtx,hybrid_lb,hybrid_lb,structural_hybrid,ok,none,promoted_fallback,0.0069,0.0052,1.956522,1.043478,,26536,,original,raw_double,false,,,1,0,exact_abs_or_rel,SKIP
small_A_06.mtx,cusparse_default,cusparse_csr,external_baseline,ok,none,external_baseline,0.0135,0.0102,1.000000,0.533333,,26536,16140,original,original,false,,,true,0,exact_abs_or_rel,SKIP
small_A_14.mtx,original_lb,original_lb,load_balanced_traversal,ok,none,promoted_fallback,0.0074,0.0066,1.824324,1.000000,,26256,9136,original,original,false,0,0,true,0,exact_abs_or_rel,SKIP
small_A_14.mtx,auto_lossless_lb,original_lb,load_balanced_traversal,ok,none,promoted_fallback,0.0074,0.0065,1.824324,1.000000,,26256,9136,auto_lossless,original,true,672,26256,true,0,exact_abs_or_rel,SKIP
small_A_14.mtx,fp16_lb,fp16_lb,controlled_lossy_value_specialized,ok,none,accuracy_pass_runtime_loss,0.0085,0.0068,1.588235,0.870588,,6564,9136,fp16,fp16,false,0,0,false,0,spmv_max_rel,SKIP
small_A_14.mtx,bf16_lb,bf16_lb,controlled_lossy_value_specialized,ok,none,accuracy_pass_runtime_loss,0.0088,0.0071,1.534091,0.840909,,6564,9136,bf16,bf16,false,0,0,false,0,spmv_max_rel,SKIP
small_A_14.mtx,bfp8_lb,bfp8_lb,controlled_lossy_value_specialized,ok,none,accuracy_pass_runtime_loss,0.0090,0.0068,1.500000,0.822222,,5566,9136,bfp8,bfp8,false,0,0,false,0,spmv_max_rel,SKIP
small_A_14.mtx,bfp8_outlier_lb,bfp8_outlier_lb,controlled_lossy_value_specialized,ok,none,accuracy_pass_runtime_loss,0.0085,0.0070,1.588235,0.870588,,5566,9136,bfp8_outlier,bfp8_outlier,false,0,0,false,0,spmv_max_rel,SKIP
small_A_14.mtx,bfp4_lb,bfp4_lb,controlled_lossy_value_specialized,ok,none,accuracy_pass_runtime_loss,0.0093,0.0086,1.451613,0.795699,,3925,9136,bfp4,bfp4,false,0,0,false,0,spmv_max_rel,SKIP
small_A_14.mtx,hybrid_lb,hybrid_lb,structural_hybrid,ok,none,promoted_fallback,0.0072,0.0052,1.875000,1.027778,,26256,,original,raw_double,false,,,1,0,exact_abs_or_rel,SKIP
small_A_14.mtx,cusparse_default,cusparse_csr,external_baseline,ok,none,external_baseline,0.0135,0.0102,1.000000,0.548148,,26256,15936,original,original,false,,,true,0,exact_abs_or_rel,SKIP
spaceShuttleEntry_4.mtx,original_lb,original_lb,load_balanced_traversal,ok,none,promoted_fallback,0.0076,0.0059,1.789474,1.000000,,317352,58952,original,original,false,0,0,true,0,exact_abs_or_rel,SKIP
spaceShuttleEntry_4.mtx,auto_lossless_lb,original_lb,load_balanced_traversal,ok,none,promoted_fallback,0.0089,0.0068,1.528090,0.853933,,317352,58952,auto_lossless,original,true,12010,317352,true,0,exact_abs_or_rel,SKIP
spaceShuttleEntry_4.mtx,fp16_lb,fp16_lb,controlled_lossy_value_specialized,ok,none,accuracy_pass_runtime_loss,0.0092,0.0077,1.478261,0.826087,,79338,58952,fp16,fp16,false,0,0,false,0,spmv_max_rel,SKIP
spaceShuttleEntry_4.mtx,bf16_lb,bf16_lb,controlled_lossy_value_specialized,ok,none,accuracy_pass_runtime_loss,0.0089,0.0073,1.528090,0.853933,,79338,58952,bf16,bf16,false,0,0,false,0,spmv_max_rel,SKIP
spaceShuttleEntry_4.mtx,bfp8_lb,bfp8_lb,controlled_lossy_value_specialized,ok,none,accuracy_pass_runtime_loss,0.0100,0.0090,1.360000,0.760000,,54407,58952,bfp8,bfp8,false,0,0,false,0,spmv_max_rel,SKIP
spaceShuttleEntry_4.mtx,bfp8_outlier_lb,bfp8_outlier_lb,controlled_lossy_value_specialized,ok,none,accuracy_pass_runtime_loss,0.0121,0.0107,1.123967,0.628099,,57575,58952,bfp8_outlier,bfp8_outlier,false,0,0,false,0,spmv_max_rel,SKIP
spaceShuttleEntry_4.mtx,bfp4_lb,bfp4_lb,controlled_lossy_value_specialized,ok,none,accuracy_pass_runtime_loss,0.0140,0.0132,0.971429,0.542857,,34573,58952,bfp4,bfp4,false,0,0,false,0,spmv_max_rel,SKIP
spaceShuttleEntry_4.mtx,hybrid_lb,hybrid_lb,structural_hybrid,ok,none,promoted_fallback,0.0084,0.0067,1.619048,0.904762,,317352,,original,raw_double,false,,,1,0,exact_abs_or_rel,SKIP
spaceShuttleEntry_4.mtx,cusparse_default,cusparse_csr,external_baseline,ok,none,external_baseline,0.0136,0.0102,1.000000,0.558824,,317352,168480,original,original,false,,,true,0,exact_abs_or_rel,SKIP
spaceStation_3.mtx,original_lb,original_lb,load_balanced_traversal,ok,none,promoted_fallback,0.0079,0.0066,1.582278,1.000000,,40824,9344,original,original,false,0,0,true,0,exact_abs_or_rel,SKIP
spaceStation_3.mtx,auto_lossless_lb,original_lb,load_balanced_traversal,ok,none,promoted_fallback,0.0099,0.0083,1.262626,0.797980,,40824,9344,auto_lossless,original,true,1720,40824,true,0,exact_abs_or_rel,SKIP
spaceStation_3.mtx,fp16_lb,fp16_lb,controlled_lossy_value_specialized,ok,none,accuracy_pass_runtime_loss,0.0099,0.0083,1.262626,0.797980,,10206,9344,fp16,fp16,false,0,0,false,0,spmv_max_rel,SKIP
spaceStation_3.mtx,bf16_lb,bf16_lb,controlled_lossy_value_specialized,ok,none,accuracy_pass_runtime_loss,0.0100,0.0092,1.250000,0.790000,,10206,9344,bf16,bf16,false,0,0,false,0,spmv_max_rel,SKIP
spaceStation_3.mtx,bfp8_lb,bfp8_lb,controlled_lossy_value_specialized,ok,none,accuracy_pass_runtime_loss,0.0091,0.0076,1.373626,0.868132,,7439,9344,bfp8,bfp8,false,0,0,false,0,spmv_max_rel,SKIP
spaceStation_3.mtx,bfp8_outlier_lb,bfp8_outlier_lb,controlled_lossy_value_specialized,ok,none,accuracy_pass_runtime_loss,0.0115,0.0100,1.086957,0.686957,,7823,9344,bfp8_outlier,bfp8_outlier,false,0,0,false,0,spmv_max_rel,SKIP
spaceStation_3.mtx,bfp4_lb,bfp4_lb,controlled_lossy_value_specialized,ok,none,accuracy_pass_runtime_loss,0.0139,0.0120,0.899281,0.568345,,4888,9344,bfp4,bfp4,false,0,0,false,0,spmv_max_rel,SKIP
spaceStation_3.mtx,hybrid_lb,hybrid_lb,structural_hybrid,ok,none,promoted_fallback,0.0079,0.0067,1.582278,1.000000,,40824,,original,raw_double,false,,,1,0,exact_abs_or_rel,SKIP
spaceStation_3.mtx,cusparse_default,cusparse_csr,external_baseline,ok,none,external_baseline,0.0125,0.0102,1.000000,0.632000,,40824,22284,original,original,false,,,true,0,exact_abs_or_rel,SKIP
spiral_E.mtx,original_lb,original_lb,load_balanced_traversal,ok,none,promoted_fallback,0.0088,0.0081,2.113636,1.000000,,9101856,307584,original,original,false,0,0,true,0,exact_abs_or_rel,SKIP
spiral_E.mtx,auto_lossless_lb,original_lb,load_balanced_traversal,ok,none,promoted_fallback,0.0097,0.0092,1.917526,0.907216,,9101856,307584,auto_lossless,original,true,676680,9101856,true,0,exact_abs_or_rel,SKIP
spiral_E.mtx,fp16_lb,fp16_lb,controlled_lossy_value_specialized,ok,none,accuracy_pass_runtime_loss,0.0091,0.0083,2.043956,0.967033,,2275464,307584,fp16,fp16,false,0,0,false,0,spmv_max_rel,SKIP
spiral_E.mtx,bf16_lb,bf16_lb,controlled_lossy_value_specialized,ok,none,accuracy_pass_runtime_win,0.0086,0.0080,2.162791,1.023256,,2275464,307584,bf16,bf16,false,0,0,false,0,spmv_max_rel,SKIP
spiral_E.mtx,bfp8_lb,bfp8_lb,controlled_lossy_value_specialized,ok,none,accuracy_pass_runtime_loss,0.0092,0.0079,2.021739,0.956522,,1214628,307584,bfp8,bfp8,false,0,0,false,0,spmv_max_rel,SKIP
spiral_E.mtx,bfp8_outlier_lb,bfp8_outlier_lb,controlled_lossy_value_specialized,ok,none,accuracy_pass_runtime_loss,0.0122,0.0108,1.524590,0.721311,,1305636,307584,bfp8_outlier,bfp8_outlier,false,0,0,false,0,spmv_max_rel,SKIP
spiral_E.mtx,bfp4_lb,bfp4_lb,controlled_lossy_value_specialized,ok,none,accuracy_pass_runtime_loss,0.0135,0.0125,1.377778,0.651852,,645762,307584,bfp4,bfp4,false,0,0,false,0,spmv_max_rel,SKIP
spiral_E.mtx,hybrid_lb,hybrid_lb,structural_hybrid,ok,none,promoted_fallback,0.0152,0.0143,1.223684,0.578947,,9101856,,original,raw_double,false,,,1,0,exact_abs_or_rel,SKIP
spiral_E.mtx,cusparse_default,cusparse_csr,external_baseline,ok,none,external_baseline,0.0186,0.0164,1.000000,0.473118,,9101856,4556668,original,original,false,,,true,0,exact_abs_or_rel,SKIP
stokes.mtx,original_lb,original_lb,load_balanced_traversal,ok,none,promoted_fallback,3.9293,3.9094,0.789886,1.000000,,2794575840,687023520,original,original,false,0,0,true,0,exact_abs_or_rel,SKIP
stokes.mtx,auto_lossless_lb,original_lb,load_balanced_traversal,ok,none,promoted_fallback,3.9250,3.8962,0.790752,1.001096,,2794575840,687023520,auto_lossless,original,true,10852798,2794575840,true,0,exact_abs_or_rel,SKIP
stokes.mtx,fp16_lb,fp16_lb,controlled_lossy_value_specialized,ok,none,accuracy_pass_runtime_win,3.3475,3.3269,0.927170,1.173801,,698643960,687023520,fp16,fp16,false,0,0,false,0,spmv_max_rel,SKIP
stokes.mtx,bf16_lb,bf16_lb,controlled_lossy_value_specialized,ok,none,accuracy_pass_runtime_win,3.3487,3.3295,0.926837,1.173381,,698643960,687023520,bf16,bf16,false,0,0,false,0,spmv_max_rel,SKIP
stokes.mtx,bfp8_lb,bfp8_lb,controlled_lossy_value_specialized,ok,none,accuracy_pass_runtime_win,3.3305,3.3255,0.931902,1.179793,,521077860,687023520,bfp8,bfp8,false,0,0,false,0,spmv_max_rel,SKIP
stokes.mtx,bfp8_outlier_lb,bfp8_outlier_lb,controlled_lossy_value_specialized,ok,none,accuracy_pass_runtime_win,3.3299,3.3071,0.932070,1.180005,,521077860,687023520,bfp8_outlier,bfp8_outlier,false,0,0,false,0,spmv_max_rel,SKIP
stokes.mtx,bfp4_lb,bfp4_lb,controlled_lossy_value_specialized,ok,none,accuracy_pass_runtime_win,3.8806,3.8679,0.799799,1.012550,,346416870,687023520,bfp4,bfp4,false,0,0,false,0,spmv_max_rel,SKIP
stokes.mtx,hybrid_lb,hybrid_lb,structural_hybrid,ok,none,promoted_fallback,3.0702,3.0552,1.010911,1.279819,,2794575840,,original,raw_double,false,,,1,0,exact_abs_or_rel,SKIP
stokes.mtx,cusparse_default,cusparse_csr,external_baseline,ok,none,external_baseline,3.1037,3.0996,1.000000,1.266005,,2794575840,1443086056,original,original,false,,,true,0,exact_abs_or_rel,SKIP
stormg2-27.mtx,original_lb,original_lb,load_balanced_traversal,ok,none,promoted_fallback,0.0102,0.0087,1.470588,1.000000,,754192,282072,original,original,false,0,0,true,0,exact_abs_or_rel,SKIP
stormg2-27.mtx,auto_lossless_lb,original_lb,load_balanced_traversal,ok,none,promoted_fallback,0.0090,0.0079,1.666667,1.133333,,754192,282072,auto_lossless,original,true,99,754192,true,0,exact_abs_or_rel,SKIP
stormg2-27.mtx,fp16_lb,fp16_lb,controlled_lossy_value_specialized,ok,none,accuracy_pass_runtime_loss,0.0112,0.0099,1.339286,0.910714,,188548,282072,fp16,fp16,false,0,0,false,0,spmv_max_rel,SKIP
stormg2-27.mtx,bf16_lb,bf16_lb,controlled_lossy_value_specialized,ok,none,accuracy_pass_runtime_win,0.0094,0.0084,1.595745,1.085106,,188548,282072,bf16,bf16,false,0,0,false,0,spmv_max_rel,SKIP
stormg2-27.mtx,bfp8_lb,bfp8_lb,controlled_lossy_value_specialized,ok,none,accuracy_pass_runtime_win,0.0091,0.0086,1.648352,1.120879,,164792,282072,bfp8,bfp8,false,0,0,false,0,spmv_max_rel,SKIP
stormg2-27.mtx,bfp8_outlier_lb,bfp8_outlier_lb,controlled_lossy_value_specialized,ok,none,accuracy_pass_runtime_loss,0.0115,0.0104,1.304348,0.886957,,169544,282072,bfp8_outlier,bfp8_outlier,false,0,0,false,0,spmv_max_rel,SKIP
stormg2-27.mtx,bfp4_lb,bfp4_lb,controlled_lossy_value_specialized,ok,none,accuracy_pass_runtime_loss,0.0140,0.0131,1.071429,0.728571,,117655,282072,bfp4,bfp4,false,0,0,false,0,spmv_max_rel,SKIP
stormg2-27.mtx,hybrid_lb,hybrid_lb,structural_hybrid,ok,none,promoted_fallback,0.0078,0.0066,1.923077,1.307692,,754192,,original,raw_double,false,,,1,0,exact_abs_or_rel,SKIP
stormg2-27.mtx,cusparse_default,cusparse_csr,external_baseline,ok,none,external_baseline,0.0150,0.0123,1.000000,0.680000,,754192,434864,original,original,false,,,true,0,exact_abs_or_rel,SKIP
str_200.mtx,original_lb,original_lb,load_balanced_traversal,ok,none,promoted_fallback,0.0078,0.0072,1.576923,1.000000,,24544,5136,original,original,false,0,0,true,0,exact_abs_or_rel,SKIP
str_200.mtx,auto_lossless_lb,original_lb,load_balanced_traversal,ok,none,promoted_fallback,0.0074,0.0066,1.662162,1.054054,,24544,5136,auto_lossless,original,true,1792,24544,true,0,exact_abs_or_rel,SKIP
str_200.mtx,fp16_lb,fp16_lb,controlled_lossy_value_specialized,ok,none,accuracy_pass_runtime_loss,0.0085,0.0071,1.447059,0.917647,,6136,5136,fp16,fp16,false,0,0,false,0,spmv_max_rel,SKIP
str_200.mtx,bf16_lb,bf16_lb,controlled_lossy_value_specialized,ok,none,accuracy_pass_runtime_loss,0.0094,0.0084,1.308511,0.829787,,6136,5136,bf16,bf16,false,0,0,false,0,spmv_max_rel,SKIP
str_200.mtx,bfp8_lb,bfp8_lb,controlled_lossy_value_specialized,ok,none,accuracy_pass_runtime_loss,0.0096,0.0080,1.281250,0.812500,,4352,5136,bfp8,bfp8,false,0,0,false,0,spmv_max_rel,SKIP
str_200.mtx,bfp8_outlier_lb,bfp8_outlier_lb,controlled_lossy_value_specialized,ok,none,accuracy_pass_runtime_loss,0.0108,0.0088,1.138889,0.722222,,4480,5136,bfp8_outlier,bfp8_outlier,false,0,0,false,0,spmv_max_rel,SKIP
str_200.mtx,bfp4_lb,bfp4_lb,controlled_lossy_value_specialized,ok,none,accuracy_pass_runtime_loss,0.0106,0.0084,1.160377,0.735849,,2818,5136,bfp4,bfp4,false,0,0,false,0,spmv_max_rel,SKIP
str_200.mtx,hybrid_lb,hybrid_lb,structural_hybrid,ok,none,promoted_fallback,0.0077,0.0061,1.597403,1.012987,,24544,,original,raw_double,false,,,1,0,exact_abs_or_rel,SKIP
str_200.mtx,cusparse_default,cusparse_csr,external_baseline,ok,none,external_baseline,0.0123,0.0102,1.000000,0.634146,,24544,13728,original,original,false,,,true,0,exact_abs_or_rel,SKIP
sx-askubuntu_C2A.mtx,original_lb,original_lb,load_balanced_traversal,ok,none,promoted_fallback,0.0163,0.0148,1.276074,1.000000,,1425680,1381728,original,original,false,0,0,true,0,exact_abs_or_rel,SKIP
sx-askubuntu_C2A.mtx,auto_lossless_lb,original_lb,load_balanced_traversal,ok,none,promoted_fallback,0.0168,0.0154,1.238095,0.970238,,1425680,1381728,auto_lossless,original,true,221,1425680,true,0,exact_abs_or_rel,SKIP
sx-askubuntu_C2A.mtx,fp16_lb,fp16_lb,controlled_lossy_value_specialized,ok,none,accuracy_pass_runtime_win,0.0161,0.0150,1.291925,1.012422,,356420,1381728,fp16,fp16,false,0,0,false,0,spmv_max_rel,SKIP
sx-askubuntu_C2A.mtx,bf16_lb,bf16_lb,controlled_lossy_value_specialized,ok,none,accuracy_pass_runtime_win,0.0162,0.0148,1.283951,1.006173,,356420,1381728,bf16,bf16,false,0,0,false,0,spmv_max_rel,SKIP
sx-askubuntu_C2A.mtx,bfp8_lb,bfp8_lb,controlled_lossy_value_specialized,ok,none,accuracy_pass_runtime_win,0.0158,0.0149,1.316456,1.031646,,523642,1381728,bfp8,bfp8,false,0,0,false,0,spmv_max_rel,SKIP
sx-askubuntu_C2A.mtx,bfp8_outlier_lb,bfp8_outlier_lb,controlled_lossy_value_specialized,ok,none,accuracy_pass_runtime_loss,0.0179,0.0159,1.162011,0.910615,,537786,1381728,bfp8_outlier,bfp8_outlier,false,0,0,false,0,spmv_max_rel,SKIP
sx-askubuntu_C2A.mtx,bfp4_lb,bfp4_lb,controlled_lossy_value_specialized,ok,none,accuracy_pass_runtime_loss,0.0189,0.0166,1.100529,0.862434,,434537,1381728,bfp4,bfp4,false,0,0,false,0,spmv_max_rel,SKIP
sx-askubuntu_C2A.mtx,hybrid_lb,hybrid_lb,structural_hybrid,ok,none,promoted_fallback,0.0139,0.0122,1.496403,1.172662,,1425680,,original,raw_double,false,,,1,0,exact_abs_or_rel,SKIP
sx-askubuntu_C2A.mtx,cusparse_default,cusparse_csr,external_baseline,ok,none,external_baseline,0.0208,0.0184,1.000000,0.783654,,1425680,1350108,original,original,false,,,true,0,exact_abs_or_rel,SKIP
sx-stackoverflow_C2A.mtx,original_lb,original_lb,load_balanced_traversal,ok,none,promoted_fallback,0.5319,0.5237,0.286708,1.000000,,90962736,89731280,original,original,false,0,0,true,0,exact_abs_or_rel,SKIP
sx-stackoverflow_C2A.mtx,auto_lossless_lb,original_lb,load_balanced_traversal,ok,none,promoted_fallback,0.5318,0.5255,0.286762,1.000188,,90962736,89731280,auto_lossless,original,true,1456,90962736,true,0,exact_abs_or_rel,SKIP
sx-stackoverflow_C2A.mtx,fp16_lb,fp16_lb,controlled_lossy_value_specialized,ok,none,accuracy_pass_runtime_win,0.4633,0.4581,0.329160,1.148068,,22740684,89731280,fp16,fp16,false,0,0,false,0,spmv_max_rel,SKIP
sx-stackoverflow_C2A.mtx,bf16_lb,bf16_lb,controlled_lossy_value_specialized,ok,none,accuracy_pass_runtime_win,0.4641,0.4592,0.328593,1.146089,,22740684,89731280,bf16,bf16,false,0,0,false,0,spmv_max_rel,SKIP
sx-stackoverflow_C2A.mtx,bfp8_lb,bfp8_lb,controlled_lossy_value_specialized,ok,none,accuracy_pass_runtime_win,0.4633,0.4570,0.329160,1.148068,,33803162,89731280,bfp8,bfp8,false,0,0,false,0,spmv_max_rel,SKIP
sx-stackoverflow_C2A.mtx,bfp8_outlier_lb,bfp8_outlier_lb,controlled_lossy_value_specialized,ok,none,accuracy_pass_runtime_win,0.4675,0.4642,0.326203,1.137754,,34708186,89731280,bfp8_outlier,bfp8_outlier,false,0,0,false,0,spmv_max_rel,SKIP
sx-stackoverflow_C2A.mtx,bfp4_lb,bfp4_lb,controlled_lossy_value_specialized,ok,none,accuracy_pass_runtime_loss,0.5468,0.5418,0.278895,0.972751,,28117991,89731280,bfp4,bfp4,false,0,0,false,0,spmv_max_rel,SKIP
sx-stackoverflow_C2A.mtx,hybrid_lb,hybrid_lb,structural_hybrid,ok,none,promoted_fallback,0.1887,0.1862,0.808161,2.818760,,90962736,,original,raw_double,false,,,1,0,exact_abs_or_rel,SKIP
sx-stackoverflow_C2A.mtx,cusparse_default,cusparse_csr,external_baseline,ok,none,external_baseline,0.1525,0.1501,1.000000,3.487869,,90962736,55889280,original,original,false,,,true,0,exact_abs_or_rel,SKIP
t2d_q4_A_07.mtx,original_lb,original_lb,load_balanced_traversal,ok,none,promoted_fallback,0.0094,0.0074,1.425532,1.000000,,696200,97240,original,original,false,0,0,true,0,exact_abs_or_rel,SKIP
t2d_q4_A_07.mtx,auto_lossless_lb,original_lb,load_balanced_traversal,ok,none,promoted_fallback,0.0107,0.0069,1.252336,0.878505,,696200,97240,auto_lossless,original,true,87025,696200,true,0,exact_abs_or_rel,SKIP
t2d_q4_A_07.mtx,fp16_lb,fp16_lb,controlled_lossy_value_specialized,ok,none,accuracy_pass_runtime_win,0.0073,0.0057,1.835616,1.287671,,174050,97240,fp16,fp16,false,0,0,false,0,spmv_max_rel,SKIP
t2d_q4_A_07.mtx,bf16_lb,bf16_lb,controlled_lossy_value_specialized,ok,none,accuracy_pass_runtime_win,0.0080,0.0071,1.675000,1.175000,,174050,97240,bf16,bf16,false,0,0,false,0,spmv_max_rel,SKIP
t2d_q4_A_07.mtx,bfp8_lb,bfp8_lb,controlled_lossy_value_specialized,ok,none,accuracy_pass_runtime_win,0.0080,0.0055,1.675000,1.175000,,111335,97240,bfp8,bfp8,false,0,0,false,0,spmv_max_rel,SKIP
t2d_q4_A_07.mtx,bfp8_outlier_lb,bfp8_outlier_lb,controlled_lossy_value_specialized,ok,none,accuracy_pass_runtime_win,0.0089,0.0071,1.505618,1.056180,,118295,97240,bfp8_outlier,bfp8_outlier,false,0,0,false,0,spmv_max_rel,SKIP
t2d_q4_A_07.mtx,bfp4_lb,bfp4_lb,controlled_lossy_value_specialized,ok,none,accuracy_pass_runtime_win,0.0069,0.0061,1.942029,1.362319,,67823,97240,bfp4,bfp4,false,0,0,false,0,spmv_max_rel,SKIP
t2d_q4_A_07.mtx,hybrid_lb,hybrid_lb,structural_hybrid,ok,none,promoted_fallback,0.0067,0.0053,2.000000,1.402985,,696200,,original,raw_double,false,,,1,0,exact_abs_or_rel,SKIP
t2d_q4_A_07.mtx,cusparse_default,cusparse_csr,external_baseline,ok,none,external_baseline,0.0134,0.0123,1.000000,0.701493,,696200,387308,original,original,false,,,true,0,exact_abs_or_rel,SKIP
t2d_q4_A_15.mtx,original_lb,original_lb,load_balanced_traversal,ok,none,promoted_fallback,0.0076,0.0062,1.776316,1.000000,,696200,97240,original,original,false,0,0,true,0,exact_abs_or_rel,SKIP
t2d_q4_A_15.mtx,auto_lossless_lb,original_lb,load_balanced_traversal,ok,none,promoted_fallback,0.0061,0.0049,2.213115,1.245902,,696200,97240,auto_lossless,original,true,87025,696200,true,0,exact_abs_or_rel,SKIP
t2d_q4_A_15.mtx,fp16_lb,fp16_lb,controlled_lossy_value_specialized,ok,none,accuracy_pass_runtime_loss,0.0078,0.0062,1.730769,0.974359,,174050,97240,fp16,fp16,false,0,0,false,0,spmv_max_rel,SKIP
t2d_q4_A_15.mtx,bf16_lb,bf16_lb,controlled_lossy_value_specialized,ok,none,accuracy_pass_runtime_loss,0.0076,0.0065,1.776316,1.000000,,174050,97240,bf16,bf16,false,0,0,false,0,spmv_max_rel,SKIP
t2d_q4_A_15.mtx,bfp8_lb,bfp8_lb,controlled_lossy_value_specialized,ok,none,accuracy_pass_runtime_loss,0.0076,0.0064,1.776316,1.000000,,111335,97240,bfp8,bfp8,false,0,0,false,0,spmv_max_rel,SKIP
t2d_q4_A_15.mtx,bfp8_outlier_lb,bfp8_outlier_lb,controlled_lossy_value_specialized,ok,none,accuracy_pass_runtime_loss,0.0092,0.0071,1.467391,0.826087,,118295,97240,bfp8_outlier,bfp8_outlier,false,0,0,false,0,spmv_max_rel,SKIP
t2d_q4_A_15.mtx,bfp4_lb,bfp4_lb,controlled_lossy_value_specialized,ok,none,accuracy_pass_runtime_win,0.0075,0.0064,1.800000,1.013333,,67823,97240,bfp4,bfp4,false,0,0,false,0,spmv_max_rel,SKIP
t2d_q4_A_15.mtx,hybrid_lb,hybrid_lb,structural_hybrid,ok,none,promoted_fallback,0.0078,0.0065,1.730769,0.974359,,696200,,original,raw_double,false,,,1,0,exact_abs_or_rel,SKIP
t2d_q4_A_15.mtx,cusparse_default,cusparse_csr,external_baseline,ok,none,external_baseline,0.0135,0.0123,1.000000,0.562963,,696200,387308,original,original,false,,,true,0,exact_abs_or_rel,SKIP
t2d_q4_A_23.mtx,original_lb,original_lb,load_balanced_traversal,ok,none,promoted_fallback,0.0076,0.0057,1.750000,1.000000,,696200,97240,original,original,false,0,0,true,0,exact_abs_or_rel,SKIP
t2d_q4_A_23.mtx,auto_lossless_lb,original_lb,load_balanced_traversal,ok,none,promoted_fallback,0.0104,0.0091,1.278846,0.730769,,696200,97240,auto_lossless,original,true,87025,696200,true,0,exact_abs_or_rel,SKIP
t2d_q4_A_23.mtx,fp16_lb,fp16_lb,controlled_lossy_value_specialized,ok,none,accuracy_pass_runtime_win,0.0074,0.0067,1.797297,1.027027,,174050,97240,fp16,fp16,false,0,0,false,0,spmv_max_rel,SKIP
t2d_q4_A_23.mtx,bf16_lb,bf16_lb,controlled_lossy_value_specialized,ok,none,accuracy_pass_runtime_win,0.0075,0.0063,1.773333,1.013333,,174050,97240,bf16,bf16,false,0,0,false,0,spmv_max_rel,SKIP
t2d_q4_A_23.mtx,bfp8_lb,bfp8_lb,controlled_lossy_value_specialized,ok,none,accuracy_pass_runtime_win,0.0070,0.0062,1.900000,1.085714,,111335,97240,bfp8,bfp8,false,0,0,false,0,spmv_max_rel,SKIP
t2d_q4_A_23.mtx,bfp8_outlier_lb,bfp8_outlier_lb,controlled_lossy_value_specialized,ok,none,accuracy_pass_runtime_loss,0.0095,0.0078,1.400000,0.800000,,118295,97240,bfp8_outlier,bfp8_outlier,false,0,0,false,0,spmv_max_rel,SKIP
t2d_q4_A_23.mtx,bfp4_lb,bfp4_lb,controlled_lossy_value_specialized,ok,none,accuracy_pass_runtime_win,0.0070,0.0061,1.900000,1.085714,,67823,97240,bfp4,bfp4,false,0,0,false,0,spmv_max_rel,SKIP
t2d_q4_A_23.mtx,hybrid_lb,hybrid_lb,structural_hybrid,ok,none,promoted_fallback,0.0075,0.0057,1.773333,1.013333,,696200,,original,raw_double,false,,,1,0,exact_abs_or_rel,SKIP
t2d_q4_A_23.mtx,cusparse_default,cusparse_csr,external_baseline,ok,none,external_baseline,0.0133,0.0123,1.000000,0.571429,,696200,387308,original,original,false,,,true,0,exact_abs_or_rel,SKIP
t2d_q4_A_31.mtx,original_lb,original_lb,load_balanced_traversal,ok,none,promoted_fallback,0.0070,0.0068,1.928571,1.000000,,696200,97240,original,original,false,0,0,true,0,exact_abs_or_rel,SKIP
t2d_q4_A_31.mtx,auto_lossless_lb,original_lb,load_balanced_traversal,ok,none,promoted_fallback,0.0068,0.0053,1.985294,1.029412,,696200,97240,auto_lossless,original,true,87025,696200,true,0,exact_abs_or_rel,SKIP
t2d_q4_A_31.mtx,fp16_lb,fp16_lb,controlled_lossy_value_specialized,ok,none,accuracy_pass_runtime_loss,0.0075,0.0068,1.800000,0.933333,,174050,97240,fp16,fp16,false,0,0,false,0,spmv_max_rel,SKIP
t2d_q4_A_31.mtx,bf16_lb,bf16_lb,controlled_lossy_value_specialized,ok,none,accuracy_pass_runtime_loss,0.0077,0.0074,1.753247,0.909091,,174050,97240,bf16,bf16,false,0,0,false,0,spmv_max_rel,SKIP
t2d_q4_A_31.mtx,bfp8_lb,bfp8_lb,controlled_lossy_value_specialized,ok,none,accuracy_pass_runtime_loss,0.0075,0.0065,1.800000,0.933333,,111335,97240,bfp8,bfp8,false,0,0,false,0,spmv_max_rel,SKIP
t2d_q4_A_31.mtx,bfp8_outlier_lb,bfp8_outlier_lb,controlled_lossy_value_specialized,ok,none,accuracy_pass_runtime_loss,0.0089,0.0068,1.516854,0.786517,,118295,97240,bfp8_outlier,bfp8_outlier,false,0,0,false,0,spmv_max_rel,SKIP
t2d_q4_A_31.mtx,bfp4_lb,bfp4_lb,controlled_lossy_value_specialized,ok,none,accuracy_pass_runtime_win,0.0065,0.0061,2.076923,1.076923,,67823,97240,bfp4,bfp4,false,0,0,false,0,spmv_max_rel,SKIP
t2d_q4_A_31.mtx,hybrid_lb,hybrid_lb,structural_hybrid,ok,none,promoted_fallback,0.0069,0.0051,1.956522,1.014493,,696200,,original,raw_double,false,,,1,0,exact_abs_or_rel,SKIP
t2d_q4_A_31.mtx,cusparse_default,cusparse_csr,external_baseline,ok,none,external_baseline,0.0135,0.0123,1.000000,0.518519,,696200,387308,original,original,false,,,true,0,exact_abs_or_rel,SKIP
t2d_q4_A_39.mtx,original_lb,original_lb,load_balanced_traversal,ok,none,promoted_fallback,0.0073,0.0059,1.863014,1.000000,,696200,97240,original,original,false,0,0,true,0,exact_abs_or_rel,SKIP
t2d_q4_A_39.mtx,auto_lossless_lb,original_lb,load_balanced_traversal,ok,none,promoted_fallback,0.0074,0.0063,1.837838,0.986486,,696200,97240,auto_lossless,original,true,87025,696200,true,0,exact_abs_or_rel,SKIP
t2d_q4_A_39.mtx,fp16_lb,fp16_lb,controlled_lossy_value_specialized,ok,none,accuracy_pass_runtime_loss,0.0073,0.0059,1.863014,1.000000,,174050,97240,fp16,fp16,false,0,0,false,0,spmv_max_rel,SKIP
t2d_q4_A_39.mtx,bf16_lb,bf16_lb,controlled_lossy_value_specialized,ok,none,accuracy_pass_runtime_win,0.0072,0.0067,1.888889,1.013889,,174050,97240,bf16,bf16,false,0,0,false,0,spmv_max_rel,SKIP
t2d_q4_A_39.mtx,bfp8_lb,bfp8_lb,controlled_lossy_value_specialized,ok,none,accuracy_pass_runtime_win,0.0070,0.0054,1.942857,1.042857,,111335,97240,bfp8,bfp8,false,0,0,false,0,spmv_max_rel,SKIP
t2d_q4_A_39.mtx,bfp8_outlier_lb,bfp8_outlier_lb,controlled_lossy_value_specialized,ok,none,accuracy_pass_runtime_loss,0.0091,0.0071,1.494505,0.802198,,118295,97240,bfp8_outlier,bfp8_outlier,false,0,0,false,0,spmv_max_rel,SKIP
t2d_q4_A_39.mtx,bfp4_lb,bfp4_lb,controlled_lossy_value_specialized,ok,none,accuracy_pass_runtime_win,0.0070,0.0061,1.942857,1.042857,,67823,97240,bfp4,bfp4,false,0,0,false,0,spmv_max_rel,SKIP
t2d_q4_A_39.mtx,hybrid_lb,hybrid_lb,structural_hybrid,ok,none,promoted_fallback,0.0069,0.0050,1.971014,1.057971,,696200,,original,raw_double,false,,,1,0,exact_abs_or_rel,SKIP
t2d_q4_A_39.mtx,cusparse_default,cusparse_csr,external_baseline,ok,none,external_baseline,0.0136,0.0123,1.000000,0.536765,,696200,387308,original,original,false,,,true,0,exact_abs_or_rel,SKIP
t2d_q9_A_01.mtx,original_lb,original_lb,load_balanced_traversal,ok,none,promoted_fallback,0.0073,0.0067,1.849315,1.000000,,696200,97240,original,original,false,0,0,true,0,exact_abs_or_rel,SKIP
t2d_q9_A_01.mtx,auto_lossless_lb,original_lb,load_balanced_traversal,ok,none,promoted_fallback,0.0066,0.0051,2.045455,1.106061,,696200,97240,auto_lossless,original,true,1383,696200,true,0,exact_abs_or_rel,SKIP
t2d_q9_A_01.mtx,fp16_lb,fp16_lb,controlled_lossy_value_specialized,ok,none,accuracy_pass_runtime_loss,0.0082,0.0062,1.646341,0.890244,,174050,97240,fp16,fp16,false,0,0,false,0,spmv_max_rel,SKIP
t2d_q9_A_01.mtx,bf16_lb,bf16_lb,controlled_lossy_value_specialized,ok,none,accuracy_pass_runtime_loss,0.0074,0.0067,1.824324,0.986486,,174050,97240,bf16,bf16,false,0,0,false,0,spmv_max_rel,SKIP
t2d_q9_A_01.mtx,bfp8_lb,bfp8_lb,controlled_lossy_value_specialized,ok,none,accuracy_pass_runtime_win,0.0071,0.0064,1.901408,1.028169,,111335,97240,bfp8,bfp8,false,0,0,false,0,spmv_max_rel,SKIP
t2d_q9_A_01.mtx,bfp8_outlier_lb,bfp8_outlier_lb,controlled_lossy_value_specialized,ok,none,accuracy_pass_runtime_loss,0.0092,0.0077,1.467391,0.793478,,117943,97240,bfp8_outlier,bfp8_outlier,false,0,0,false,0,spmv_max_rel,SKIP
t2d_q9_A_01.mtx,bfp4_lb,bfp4_lb,controlled_lossy_value_specialized,ok,none,accuracy_pass_runtime_loss,0.0123,0.0109,1.097561,0.593496,,67823,97240,bfp4,bfp4,false,0,0,false,0,spmv_max_rel,SKIP
t2d_q9_A_01.mtx,hybrid_lb,hybrid_lb,structural_hybrid,ok,none,promoted_fallback,0.0072,0.0056,1.875000,1.013889,,696200,,original,raw_double,false,,,1,0,exact_abs_or_rel,SKIP
t2d_q9_A_01.mtx,cusparse_default,cusparse_csr,external_baseline,ok,none,external_baseline,0.0135,0.0123,1.000000,0.540741,,696200,387308,original,original,false,,,true,0,exact_abs_or_rel,SKIP
t2d_q9_A_09.mtx,original_lb,original_lb,load_balanced_traversal,ok,none,promoted_fallback,0.0073,0.0052,1.876712,1.000000,,696200,97240,original,original,false,0,0,true,0,exact_abs_or_rel,SKIP
t2d_q9_A_09.mtx,auto_lossless_lb,original_lb,load_balanced_traversal,ok,none,promoted_fallback,0.0066,0.0049,2.075758,1.106061,,696200,97240,auto_lossless,original,true,87025,696200,true,0,exact_abs_or_rel,SKIP
t2d_q9_A_09.mtx,fp16_lb,fp16_lb,controlled_lossy_value_specialized,ok,none,accuracy_pass_runtime_loss,0.0074,0.0067,1.851351,0.986486,,174050,97240,fp16,fp16,false,0,0,false,0,spmv_max_rel,SKIP
t2d_q9_A_09.mtx,bf16_lb,bf16_lb,controlled_lossy_value_specialized,ok,none,accuracy_pass_runtime_loss,0.0075,0.0053,1.826667,0.973333,,174050,97240,bf16,bf16,false,0,0,false,0,spmv_max_rel,SKIP
t2d_q9_A_09.mtx,bfp8_lb,bfp8_lb,controlled_lossy_value_specialized,ok,none,accuracy_pass_runtime_win,0.0072,0.0053,1.902778,1.013889,,111335,97240,bfp8,bfp8,false,0,0,false,0,spmv_max_rel,SKIP
t2d_q9_A_09.mtx,bfp8_outlier_lb,bfp8_outlier_lb,controlled_lossy_value_specialized,ok,none,accuracy_pass_runtime_loss,0.0087,0.0073,1.574713,0.839080,,118295,97240,bfp8_outlier,bfp8_outlier,false,0,0,false,0,spmv_max_rel,SKIP
t2d_q9_A_09.mtx,bfp4_lb,bfp4_lb,controlled_lossy_value_specialized,ok,none,accuracy_pass_runtime_loss,0.0073,0.0060,1.876712,1.000000,,67823,97240,bfp4,bfp4,false,0,0,false,0,spmv_max_rel,SKIP
t2d_q9_A_09.mtx,hybrid_lb,hybrid_lb,structural_hybrid,ok,none,promoted_fallback,0.0076,0.0058,1.802632,0.960526,,696200,,original,raw_double,false,,,1,0,exact_abs_or_rel,SKIP
t2d_q9_A_09.mtx,cusparse_default,cusparse_csr,external_baseline,ok,none,external_baseline,0.0137,0.0123,1.000000,0.532847,,696200,387308,original,original,false,,,true,0,exact_abs_or_rel,SKIP
t2d_q9_A_17.mtx,original_lb,original_lb,load_balanced_traversal,ok,none,promoted_fallback,0.0072,0.0067,1.930556,1.000000,,696200,97240,original,original,false,0,0,true,0,exact_abs_or_rel,SKIP
t2d_q9_A_17.mtx,auto_lossless_lb,original_lb,load_balanced_traversal,ok,none,promoted_fallback,0.0066,0.0052,2.106061,1.090909,,696200,97240,auto_lossless,original,true,87025,696200,true,0,exact_abs_or_rel,SKIP
t2d_q9_A_17.mtx,fp16_lb,fp16_lb,controlled_lossy_value_specialized,ok,none,accuracy_pass_runtime_loss,0.0074,0.0068,1.878378,0.972973,,174050,97240,fp16,fp16,false,0,0,false,0,spmv_max_rel,SKIP
t2d_q9_A_17.mtx,bf16_lb,bf16_lb,controlled_lossy_value_specialized,ok,none,accuracy_pass_runtime_loss,0.0077,0.0066,1.805195,0.935065,,174050,97240,bf16,bf16,false,0,0,false,0,spmv_max_rel,SKIP
t2d_q9_A_17.mtx,bfp8_lb,bfp8_lb,controlled_lossy_value_specialized,ok,none,accuracy_pass_runtime_loss,0.0072,0.0066,1.930556,1.000000,,111335,97240,bfp8,bfp8,false,0,0,false,0,spmv_max_rel,SKIP
t2d_q9_A_17.mtx,bfp8_outlier_lb,bfp8_outlier_lb,controlled_lossy_value_specialized,ok,none,accuracy_pass_runtime_loss,0.0086,0.0069,1.616279,0.837209,,118295,97240,bfp8_outlier,bfp8_outlier,false,0,0,false,0,spmv_max_rel,SKIP
t2d_q9_A_17.mtx,bfp4_lb,bfp4_lb,controlled_lossy_value_specialized,ok,none,accuracy_pass_runtime_win,0.0070,0.0065,1.985714,1.028571,,67823,97240,bfp4,bfp4,false,0,0,false,0,spmv_max_rel,SKIP
t2d_q9_A_17.mtx,hybrid_lb,hybrid_lb,structural_hybrid,ok,none,promoted_fallback,0.0070,0.0054,1.985714,1.028571,,696200,,original,raw_double,false,,,1,0,exact_abs_or_rel,SKIP
t2d_q9_A_17.mtx,cusparse_default,cusparse_csr,external_baseline,ok,none,external_baseline,0.0139,0.0123,1.000000,0.517986,,696200,387308,original,original,false,,,true,0,exact_abs_or_rel,SKIP
t2d_q9_A_25.mtx,original_lb,original_lb,load_balanced_traversal,ok,none,promoted_fallback,0.0075,0.0071,1.826667,1.000000,,696200,97240,original,original,false,0,0,true,0,exact_abs_or_rel,SKIP
t2d_q9_A_25.mtx,auto_lossless_lb,original_lb,load_balanced_traversal,ok,none,promoted_fallback,0.0108,0.0087,1.268519,0.694444,,696200,97240,auto_lossless,original,true,87025,696200,true,0,exact_abs_or_rel,SKIP
t2d_q9_A_25.mtx,fp16_lb,fp16_lb,controlled_lossy_value_specialized,ok,none,accuracy_pass_runtime_win,0.0073,0.0054,1.876712,1.027397,,174050,97240,fp16,fp16,false,0,0,false,0,spmv_max_rel,SKIP
t2d_q9_A_25.mtx,bf16_lb,bf16_lb,controlled_lossy_value_specialized,ok,none,accuracy_pass_runtime_loss,0.0110,0.0072,1.245455,0.681818,,174050,97240,bf16,bf16,false,0,0,false,0,spmv_max_rel,SKIP
t2d_q9_A_25.mtx,bfp8_lb,bfp8_lb,controlled_lossy_value_specialized,ok,none,accuracy_pass_runtime_win,0.0070,0.0054,1.957143,1.071429,,111335,97240,bfp8,bfp8,false,0,0,false,0,spmv_max_rel,SKIP
t2d_q9_A_25.mtx,bfp8_outlier_lb,bfp8_outlier_lb,controlled_lossy_value_specialized,ok,none,accuracy_pass_runtime_loss,0.0092,0.0073,1.489130,0.815217,,118295,97240,bfp8_outlier,bfp8_outlier,false,0,0,false,0,spmv_max_rel,SKIP
t2d_q9_A_25.mtx,bfp4_lb,bfp4_lb,controlled_lossy_value_specialized,ok,none,accuracy_pass_runtime_win,0.0071,0.0060,1.929577,1.056338,,67823,97240,bfp4,bfp4,false,0,0,false,0,spmv_max_rel,SKIP
t2d_q9_A_25.mtx,hybrid_lb,hybrid_lb,structural_hybrid,ok,none,promoted_fallback,0.0075,0.0056,1.826667,1.000000,,696200,,original,raw_double,false,,,1,0,exact_abs_or_rel,SKIP
t2d_q9_A_25.mtx,cusparse_default,cusparse_csr,external_baseline,ok,none,external_baseline,0.0137,0.0123,1.000000,0.547445,,696200,387308,original,original,false,,,true,0,exact_abs_or_rel,SKIP
t2d_q9_A_33.mtx,original_lb,original_lb,load_balanced_traversal,ok,none,promoted_fallback,0.0078,0.0070,1.782051,1.000000,,696200,97240,original,original,false,0,0,true,0,exact_abs_or_rel,SKIP
t2d_q9_A_33.mtx,auto_lossless_lb,original_lb,load_balanced_traversal,ok,none,promoted_fallback,0.0073,0.0053,1.904110,1.068493,,696200,97240,auto_lossless,original,true,87025,696200,true,0,exact_abs_or_rel,SKIP
t2d_q9_A_33.mtx,fp16_lb,fp16_lb,controlled_lossy_value_specialized,ok,none,accuracy_pass_runtime_win,0.0076,0.0068,1.828947,1.026316,,174050,97240,fp16,fp16,false,0,0,false,0,spmv_max_rel,SKIP
t2d_q9_A_33.mtx,bf16_lb,bf16_lb,controlled_lossy_value_specialized,ok,none,accuracy_pass_runtime_loss,0.0080,0.0058,1.737500,0.975000,,174050,97240,bf16,bf16,false,0,0,false,0,spmv_max_rel,SKIP
t2d_q9_A_33.mtx,bfp8_lb,bfp8_lb,controlled_lossy_value_specialized,ok,none,accuracy_pass_runtime_loss,0.0086,0.0078,1.616279,0.906977,,111335,97240,bfp8,bfp8,false,0,0,false,0,spmv_max_rel,SKIP
t2d_q9_A_33.mtx,bfp8_outlier_lb,bfp8_outlier_lb,controlled_lossy_value_specialized,ok,none,accuracy_pass_runtime_loss,0.0093,0.0081,1.494624,0.838710,,118295,97240,bfp8_outlier,bfp8_outlier,false,0,0,false,0,spmv_max_rel,SKIP
t2d_q9_A_33.mtx,bfp4_lb,bfp4_lb,controlled_lossy_value_specialized,ok,none,accuracy_pass_runtime_win,0.0070,0.0066,1.985714,1.114286,,67823,97240,bfp4,bfp4,false,0,0,false,0,spmv_max_rel,SKIP
t2d_q9_A_33.mtx,hybrid_lb,hybrid_lb,structural_hybrid,ok,none,promoted_fallback,0.0069,0.0052,2.014493,1.130435,,696200,,original,raw_double,false,,,1,0,exact_abs_or_rel,SKIP
t2d_q9_A_33.mtx,cusparse_default,cusparse_csr,external_baseline,ok,none,external_baseline,0.0139,0.0123,1.000000,0.561151,,696200,387308,original,original,false,,,true,0,exact_abs_or_rel,SKIP
t2d_q9_A_41.mtx,original_lb,original_lb,load_balanced_traversal,ok,none,promoted_fallback,0.0078,0.0058,1.756410,1.000000,,696200,97240,original,original,false,0,0,true,0,exact_abs_or_rel,SKIP
t2d_q9_A_41.mtx,auto_lossless_lb,original_lb,load_balanced_traversal,ok,none,promoted_fallback,0.0079,0.0065,1.734177,0.987342,,696200,97240,auto_lossless,original,true,87025,696200,true,0,exact_abs_or_rel,SKIP
t2d_q9_A_41.mtx,fp16_lb,fp16_lb,controlled_lossy_value_specialized,ok,none,accuracy_pass_runtime_win,0.0072,0.0053,1.902778,1.083333,,174050,97240,fp16,fp16,false,0,0,false,0,spmv_max_rel,SKIP
t2d_q9_A_41.mtx,bf16_lb,bf16_lb,controlled_lossy_value_specialized,ok,none,accuracy_pass_runtime_win,0.0073,0.0066,1.876712,1.068493,,174050,97240,bf16,bf16,false,0,0,false,0,spmv_max_rel,SKIP
t2d_q9_A_41.mtx,bfp8_lb,bfp8_lb,controlled_lossy_value_specialized,ok,none,accuracy_pass_runtime_win,0.0070,0.0055,1.957143,1.114286,,111335,97240,bfp8,bfp8,false,0,0,false,0,spmv_max_rel,SKIP
t2d_q9_A_41.mtx,bfp8_outlier_lb,bfp8_outlier_lb,controlled_lossy_value_specialized,ok,none,accuracy_pass_runtime_loss,0.0089,0.0071,1.539326,0.876404,,118295,97240,bfp8_outlier,bfp8_outlier,false,0,0,false,0,spmv_max_rel,SKIP
t2d_q9_A_41.mtx,bfp4_lb,bfp4_lb,controlled_lossy_value_specialized,ok,none,accuracy_pass_runtime_win,0.0070,0.0062,1.957143,1.114286,,67823,97240,bfp4,bfp4,false,0,0,false,0,spmv_max_rel,SKIP
t2d_q9_A_41.mtx,hybrid_lb,hybrid_lb,structural_hybrid,ok,none,promoted_fallback,0.0069,0.0056,1.985507,1.130435,,696200,,original,raw_double,false,,,1,0,exact_abs_or_rel,SKIP
t2d_q9_A_41.mtx,cusparse_default,cusparse_csr,external_baseline,ok,none,external_baseline,0.0137,0.0123,1.000000,0.569343,,696200,387308,original,original,false,,,true,0,exact_abs_or_rel,SKIP
t2dal_bci_Aside.mtx,original_lb,original_lb,load_balanced_traversal,ok,none,promoted_fallback,0.0059,0.0051,2.000000,1.000000,,248,72,original,original,false,0,0,true,0,exact_abs_or_rel,SKIP
t2dal_bci_Aside.mtx,auto_lossless_lb,dict16_lb,lossless_value_specialized,ok,none,accuracy_pass_runtime_win,0.0054,0.0044,2.185185,1.092593,,232,72,auto_lossless,dict16,true,11,232,true,11,exact_abs_or_rel,SKIP
t2dal_bci_Aside.mtx,fp16_lb,fp16_lb,controlled_lossy_value_specialized,ok,none,accuracy_pass_runtime_loss,0.0059,0.0054,2.000000,1.000000,,62,72,fp16,fp16,false,0,0,false,0,spmv_max_rel,SKIP
t2dal_bci_Aside.mtx,bf16_lb,bf16_lb,controlled_lossy_value_specialized,ok,none,accuracy_pass_runtime_win,0.0056,0.0054,2.107143,1.053571,,62,72,bf16,bf16,false,0,0,false,0,spmv_max_rel,SKIP
t2dal_bci_Aside.mtx,bfp8_lb,bfp8_lb,controlled_lossy_value_specialized,ok,none,accuracy_pass_runtime_win,0.0055,0.0045,2.145455,1.072727,,49,72,bfp8,bfp8,false,0,0,false,0,spmv_max_rel,SKIP
t2dal_bci_Aside.mtx,bfp8_outlier_lb,bfp8_outlier_lb,controlled_lossy_value_specialized,ok,none,accuracy_pass_runtime_win,0.0054,0.0040,2.185185,1.092593,,49,72,bfp8_outlier,bfp8_outlier,false,0,0,false,0,spmv_max_rel,SKIP
t2dal_bci_Aside.mtx,bfp4_lb,bfp4_lb,controlled_lossy_value_specialized,ok,none,accuracy_pass_runtime_loss,0.0059,0.0040,2.000000,1.000000,,34,72,bfp4,bfp4,false,0,0,false,0,spmv_max_rel,SKIP
t2dal_bci_Aside.mtx,hybrid_lb,hybrid_lb,structural_hybrid,ok,none,promoted_fallback,0.0056,0.0045,2.107143,1.053571,,248,,original,raw_double,false,,,1,0,exact_abs_or_rel,SKIP
t2dal_bci_Aside.mtx,cusparse_default,cusparse_csr,external_baseline,ok,none,external_baseline,0.0118,0.0102,1.000000,0.500000,,248,17156,original,original,false,,,true,0,exact_abs_or_rel,SKIP
tols90.mtx,original_lb,original_lb,load_balanced_traversal,ok,none,promoted_fallback,0.0090,0.0067,1.211111,1.000000,,13968,840,original,original,false,0,0,true,0,exact_abs_or_rel,SKIP
tols90.mtx,auto_lossless_lb,original_lb,load_balanced_traversal,ok,none,promoted_fallback,0.0076,0.0062,1.434211,1.184211,,13968,840,auto_lossless,original,true,1624,13968,true,0,exact_abs_or_rel,SKIP
tols90.mtx,fp16_lb,fp16_lb,controlled_lossy_value_specialized,ok,none,accuracy_pass_runtime_win,0.0084,0.0064,1.297619,1.071429,,3492,840,fp16,fp16,false,0,0,false,0,spmv_max_rel,SKIP
tols90.mtx,bf16_lb,bf16_lb,controlled_lossy_value_specialized,ok,none,accuracy_pass_runtime_win,0.0078,0.0066,1.397436,1.153846,,3492,840,bf16,bf16,false,0,0,false,0,spmv_max_rel,SKIP
tols90.mtx,bfp8_lb,bfp8_lb,controlled_lossy_value_specialized,ok,none,accuracy_pass_runtime_win,0.0073,0.0054,1.493151,1.232877,,1956,840,bfp8,bfp8,false,0,0,false,0,spmv_max_rel,SKIP
tols90.mtx,bfp8_outlier_lb,bfp8_outlier_lb,controlled_lossy_value_specialized,ok,none,accuracy_pass_runtime_loss,0.0100,0.0085,1.090000,0.900000,,2084,840,bfp8_outlier,bfp8_outlier,false,0,0,false,0,spmv_max_rel,SKIP
tols90.mtx,bfp4_lb,bfp4_lb,controlled_lossy_value_specialized,ok,none,accuracy_pass_runtime_win,0.0088,0.0085,1.238636,1.022727,,1083,840,bfp4,bfp4,false,0,0,false,0,spmv_max_rel,SKIP
tols90.mtx,hybrid_lb,hybrid_lb,structural_hybrid,ok,none,promoted_fallback,0.0091,0.0070,1.197802,0.989011,,13968,,original,raw_double,false,,,1,0,exact_abs_or_rel,SKIP
tols90.mtx,cusparse_default,cusparse_csr,external_baseline,ok,none,external_baseline,0.0109,0.0082,1.000000,0.825688,,13968,7348,original,original,false,,,true,0,exact_abs_or_rel,SKIP
tumorAntiAngiogenesis_2.mtx,original_lb,original_lb,load_balanced_traversal,ok,none,promoted_fallback,0.0096,0.0072,1.260417,1.000000,,21592,3736,original,original,false,0,0,true,0,exact_abs_or_rel,SKIP
tumorAntiAngiogenesis_2.mtx,auto_lossless_lb,original_lb,load_balanced_traversal,ok,none,promoted_fallback,0.0082,0.0066,1.475610,1.170732,,21592,3736,auto_lossless,original,true,1000,21592,true,0,exact_abs_or_rel,SKIP
tumorAntiAngiogenesis_2.mtx,fp16_lb,fp16_lb,controlled_lossy_value_specialized,ok,none,accuracy_pass_runtime_win,0.0094,0.0083,1.287234,1.021277,,5398,3736,fp16,fp16,false,0,0,false,0,spmv_max_rel,SKIP
tumorAntiAngiogenesis_2.mtx,bf16_lb,bf16_lb,controlled_lossy_value_specialized,ok,none,accuracy_pass_runtime_loss,0.0098,0.0086,1.234694,0.979592,,5398,3736,bf16,bf16,false,0,0,false,0,spmv_max_rel,SKIP
tumorAntiAngiogenesis_2.mtx,bfp8_lb,bfp8_lb,controlled_lossy_value_specialized,ok,none,accuracy_pass_runtime_win,0.0093,0.0074,1.301075,1.032258,,3633,3736,bfp8,bfp8,false,0,0,false,0,spmv_max_rel,SKIP
tumorAntiAngiogenesis_2.mtx,bfp8_outlier_lb,bfp8_outlier_lb,controlled_lossy_value_specialized,ok,none,accuracy_pass_runtime_loss,0.0107,0.0089,1.130841,0.897196,,3841,3736,bfp8_outlier,bfp8_outlier,false,0,0,false,0,spmv_max_rel,SKIP
tumorAntiAngiogenesis_2.mtx,bfp4_lb,bfp4_lb,controlled_lossy_value_specialized,ok,none,accuracy_pass_runtime_loss,0.0137,0.0120,0.883212,0.700730,,2284,3736,bfp4,bfp4,false,0,0,false,0,spmv_max_rel,SKIP
tumorAntiAngiogenesis_2.mtx,hybrid_lb,hybrid_lb,structural_hybrid,ok,none,promoted_fallback,0.0078,0.0064,1.551282,1.230769,,21592,,original,raw_double,false,,,1,0,exact_abs_or_rel,SKIP
tumorAntiAngiogenesis_2.mtx,cusparse_default,cusparse_csr,external_baseline,ok,none,external_baseline,0.0121,0.0102,1.000000,0.793388,,21592,12020,original,original,false,,,true,0,exact_abs_or_rel,SKIP
uk.mtx,original_lb,original_lb,load_balanced_traversal,ok,none,promoted_fallback,0.0071,0.0067,2.000000,1.000000,,109392,47984,original,original,false,0,0,true,0,exact_abs_or_rel,SKIP
uk.mtx,auto_lossless_lb,all_one_lb,lossless_value_specialized,ok,none,accuracy_pass_runtime_win,0.0068,0.0064,2.088235,1.044118,,0,47984,auto_lossless,all_one,true,1,0,true,0,exact_abs_or_rel,SKIP
uk.mtx,fp16_lb,fp16_lb,controlled_lossy_value_specialized,ok,none,accuracy_pass_runtime_win,0.0070,0.0061,2.028571,1.014286,,27348,47984,fp16,fp16,false,0,0,false,0,spmv_max_rel,SKIP
uk.mtx,bf16_lb,bf16_lb,controlled_lossy_value_specialized,ok,none,accuracy_pass_runtime_win,0.0070,0.0061,2.028571,1.014286,,27348,47984,bf16,bf16,false,0,0,false,0,spmv_max_rel,SKIP
uk.mtx,bfp8_lb,bfp8_lb,controlled_lossy_value_specialized,ok,none,accuracy_pass_runtime_win,0.0070,0.0065,2.028571,1.014286,,25670,47984,bfp8,bfp8,false,0,0,false,0,spmv_max_rel,SKIP
uk.mtx,bfp8_outlier_lb,bfp8_outlier_lb,controlled_lossy_value_specialized,ok,none,accuracy_pass_runtime_win,0.0068,0.0062,2.088235,1.044118,,25670,47984,bfp8_outlier,bfp8_outlier,false,0,0,false,0,spmv_max_rel,SKIP
uk.mtx,bfp4_lb,bfp4_lb,controlled_lossy_value_specialized,ok,none,accuracy_pass_runtime_loss,0.0085,0.0079,1.670588,0.835294,,18833,47984,bfp4,bfp4,false,0,0,false,0,spmv_max_rel,SKIP
uk.mtx,hybrid_lb,hybrid_lb,structural_hybrid,ok,none,promoted_fallback,0.0051,0.0041,2.784314,1.392157,,109392,,original,raw_double,false,,,1,0,exact_abs_or_rel,SKIP
uk.mtx,cusparse_default,cusparse_csr,external_baseline,ok,none,external_baseline,0.0142,0.0123,1.000000,0.500000,,109392,73996,original,original,false,,,true,0,exact_abs_or_rel,SKIP
umistfacesnorm_10NN.mtx,original_lb,original_lb,load_balanced_traversal,ok,none,promoted_fallback,0.0078,0.0067,1.756410,1.000000,,55920,7720,original,original,false,0,0,true,0,exact_abs_or_rel,SKIP
umistfacesnorm_10NN.mtx,auto_lossless_lb,original_lb,load_balanced_traversal,ok,none,promoted_fallback,0.0074,0.0064,1.851351,1.054054,,55920,7720,auto_lossless,original,true,3045,55920,true,0,exact_abs_or_rel,SKIP
umistfacesnorm_10NN.mtx,fp16_lb,fp16_lb,controlled_lossy_value_specialized,ok,none,accuracy_pass_runtime_loss,0.0097,0.0085,1.412371,0.804124,,13980,7720,fp16,fp16,false,0,0,false,0,spmv_max_rel,SKIP
umistfacesnorm_10NN.mtx,bf16_lb,bf16_lb,controlled_lossy_value_specialized,ok,none,accuracy_pass_runtime_loss,0.0098,0.0074,1.397959,0.795918,,13980,7720,bf16,bf16,false,0,0,false,0,spmv_max_rel,SKIP
umistfacesnorm_10NN.mtx,bfp8_lb,bfp8_lb,controlled_lossy_value_specialized,ok,none,accuracy_pass_runtime_loss,0.0089,0.0070,1.539326,0.876404,,8920,7720,bfp8,bfp8,false,0,0,false,0,spmv_max_rel,SKIP
umistfacesnorm_10NN.mtx,bfp8_outlier_lb,bfp8_outlier_lb,controlled_lossy_value_specialized,ok,none,accuracy_pass_runtime_loss,0.0110,0.0093,1.245455,0.709091,,9464,7720,bfp8_outlier,bfp8_outlier,false,0,0,false,0,spmv_max_rel,SKIP
umistfacesnorm_10NN.mtx,bfp4_lb,bfp4_lb,controlled_lossy_value_specialized,ok,none,accuracy_pass_runtime_loss,0.0109,0.0089,1.256881,0.715596,,5425,7720,bfp4,bfp4,false,0,0,false,0,spmv_max_rel,SKIP
umistfacesnorm_10NN.mtx,hybrid_lb,hybrid_lb,structural_hybrid,ok,none,promoted_fallback,0.0077,0.0062,1.779221,1.012987,,55920,,original,raw_double,false,,,1,0,exact_abs_or_rel,SKIP
umistfacesnorm_10NN.mtx,cusparse_default,cusparse_csr,external_baseline,ok,none,external_baseline,0.0137,0.0103,1.000000,0.569343,,55920,30264,original,original,false,,,true,0,exact_abs_or_rel,SKIP
uni_chimera_i1_A_03.mtx,original_lb,original_lb,load_balanced_traversal,ok,none,promoted_fallback,0.0533,0.0516,0.514071,1.000000,,8804736,8191752,original,original,false,0,0,true,0,exact_abs_or_rel,SKIP
uni_chimera_i1_A_03.mtx,auto_lossless_lb,original_lb,load_balanced_traversal,ok,none,promoted_fallback,0.0532,0.0516,0.515038,1.001880,,8804736,8191752,auto_lossless,original,true,597107,8804736,true,0,exact_abs_or_rel,SKIP
uni_chimera_i1_A_03.mtx,fp16_lb,fp16_lb,controlled_lossy_value_specialized,ok,none,accuracy_pass_runtime_win,0.0472,0.0460,0.580508,1.129237,,2201184,8191752,fp16,fp16,false,0,0,false,0,spmv_max_rel,SKIP
uni_chimera_i1_A_03.mtx,bf16_lb,bf16_lb,controlled_lossy_value_specialized,ok,none,accuracy_pass_runtime_win,0.0477,0.0460,0.574423,1.117400,,2201184,8191752,bf16,bf16,false,0,0,false,0,spmv_max_rel,SKIP
uni_chimera_i1_A_03.mtx,bfp8_lb,bfp8_lb,controlled_lossy_value_specialized,ok,none,accuracy_pass_runtime_win,0.0484,0.0466,0.566116,1.101240,,3148530,8191752,bfp8,bfp8,false,0,0,false,0,spmv_max_rel,SKIP
uni_chimera_i1_A_03.mtx,bfp8_outlier_lb,bfp8_outlier_lb,controlled_lossy_value_specialized,ok,none,accuracy_pass_runtime_win,0.0504,0.0483,0.543651,1.057540,,3236562,8191752,bfp8_outlier,bfp8_outlier,false,0,0,false,0,spmv_max_rel,SKIP
uni_chimera_i1_A_03.mtx,bfp4_lb,bfp4_lb,controlled_lossy_value_specialized,ok,none,accuracy_pass_runtime_win,0.0522,0.0514,0.524904,1.021073,,2598234,8191752,bfp4,bfp4,false,0,0,false,0,spmv_max_rel,SKIP
uni_chimera_i1_A_03.mtx,hybrid_lb,hybrid_lb,structural_hybrid,ok,none,promoted_fallback,0.0197,0.0188,1.390863,2.705584,,8804736,,original,raw_double,false,,,1,0,exact_abs_or_rel,SKIP
uni_chimera_i1_A_03.mtx,cusparse_default,cusparse_csr,external_baseline,ok,none,external_baseline,0.0274,0.0258,1.000000,1.945255,,8804736,4802372,original,original,false,,,true,0,exact_abs_or_rel,SKIP
uni_chimera_i1_A_11.mtx,original_lb,original_lb,load_balanced_traversal,ok,none,promoted_fallback,0.0527,0.0517,0.516129,1.000000,,8804736,8191752,original,original,false,0,0,true,0,exact_abs_or_rel,SKIP
uni_chimera_i1_A_11.mtx,auto_lossless_lb,original_lb,load_balanced_traversal,ok,none,promoted_fallback,0.0525,0.0518,0.518095,1.003810,,8804736,8191752,auto_lossless,original,true,597109,8804736,true,0,exact_abs_or_rel,SKIP
uni_chimera_i1_A_11.mtx,fp16_lb,fp16_lb,controlled_lossy_value_specialized,ok,none,accuracy_pass_runtime_win,0.0472,0.0457,0.576271,1.116525,,2201184,8191752,fp16,fp16,false,0,0,false,0,spmv_max_rel,SKIP
uni_chimera_i1_A_11.mtx,bf16_lb,bf16_lb,controlled_lossy_value_specialized,ok,none,accuracy_pass_runtime_win,0.0470,0.0459,0.578723,1.121277,,2201184,8191752,bf16,bf16,false,0,0,false,0,spmv_max_rel,SKIP
uni_chimera_i1_A_11.mtx,bfp8_lb,bfp8_lb,controlled_lossy_value_specialized,ok,none,accuracy_pass_runtime_win,0.0480,0.0476,0.566667,1.097917,,3148530,8191752,bfp8,bfp8,false,0,0,false,0,spmv_max_rel,SKIP
uni_chimera_i1_A_11.mtx,bfp8_outlier_lb,bfp8_outlier_lb,controlled_lossy_value_specialized,ok,none,accuracy_pass_runtime_win,0.0501,0.0487,0.542914,1.051896,,3236562,8191752,bfp8_outlier,bfp8_outlier,false,0,0,false,0,spmv_max_rel,SKIP
uni_chimera_i1_A_11.mtx,bfp4_lb,bfp4_lb,controlled_lossy_value_specialized,ok,none,accuracy_pass_runtime_win,0.0521,0.0512,0.522073,1.011516,,2598234,8191752,bfp4,bfp4,false,0,0,false,0,spmv_max_rel,SKIP
uni_chimera_i1_A_11.mtx,hybrid_lb,hybrid_lb,structural_hybrid,ok,none,promoted_fallback,0.0196,0.0176,1.387755,2.688776,,8804736,,original,raw_double,false,,,1,0,exact_abs_or_rel,SKIP
uni_chimera_i1_A_11.mtx,cusparse_default,cusparse_csr,external_baseline,ok,none,external_baseline,0.0272,0.0246,1.000000,1.937500,,8804736,4802372,original,original,false,,,true,0,exact_abs_or_rel,SKIP
uni_chimera_i1_A_19.mtx,original_lb,original_lb,load_balanced_traversal,ok,none,promoted_fallback,0.0526,0.0514,0.517110,1.000000,,8804736,8191752,original,original,false,0,0,true,0,exact_abs_or_rel,SKIP
uni_chimera_i1_A_19.mtx,auto_lossless_lb,original_lb,load_balanced_traversal,ok,none,promoted_fallback,0.0530,0.0519,0.513208,0.992453,,8804736,8191752,auto_lossless,original,true,596942,8804736,true,0,exact_abs_or_rel,SKIP
uni_chimera_i1_A_19.mtx,fp16_lb,fp16_lb,controlled_lossy_value_specialized,ok,none,accuracy_pass_runtime_win,0.0474,0.0461,0.573840,1.109705,,2201184,8191752,fp16,fp16,false,0,0,false,0,spmv_max_rel,SKIP
uni_chimera_i1_A_19.mtx,bf16_lb,bf16_lb,controlled_lossy_value_specialized,ok,none,accuracy_pass_runtime_win,0.0484,0.0475,0.561983,1.086777,,2201184,8191752,bf16,bf16,false,0,0,false,0,spmv_max_rel,SKIP
uni_chimera_i1_A_19.mtx,bfp8_lb,bfp8_lb,controlled_lossy_value_specialized,ok,none,accuracy_pass_runtime_win,0.0480,0.0475,0.566667,1.095833,,3148530,8191752,bfp8,bfp8,false,0,0,false,0,spmv_max_rel,SKIP
uni_chimera_i1_A_19.mtx,bfp8_outlier_lb,bfp8_outlier_lb,controlled_lossy_value_specialized,ok,none,accuracy_pass_runtime_win,0.0504,0.0490,0.539683,1.043651,,3236562,8191752,bfp8_outlier,bfp8_outlier,false,0,0,false,0,spmv_max_rel,SKIP
uni_chimera_i1_A_19.mtx,bfp4_lb,bfp4_lb,controlled_lossy_value_specialized,ok,none,accuracy_pass_runtime_win,0.0520,0.0515,0.523077,1.011538,,2598234,8191752,bfp4,bfp4,false,0,0,false,0,spmv_max_rel,SKIP
uni_chimera_i1_A_19.mtx,hybrid_lb,hybrid_lb,structural_hybrid,ok,none,promoted_fallback,0.0195,0.0188,1.394872,2.697436,,8804736,,original,raw_double,false,,,1,0,exact_abs_or_rel,SKIP
uni_chimera_i1_A_19.mtx,cusparse_default,cusparse_csr,external_baseline,ok,none,external_baseline,0.0272,0.0246,1.000000,1.933824,,8804736,4802372,original,original,false,,,true,0,exact_abs_or_rel,SKIP
uni_chimera_i1_A_27.mtx,original_lb,original_lb,load_balanced_traversal,ok,none,promoted_fallback,0.0527,0.0518,0.559772,1.000000,,8804736,8191752,original,original,false,0,0,true,0,exact_abs_or_rel,SKIP
uni_chimera_i1_A_27.mtx,auto_lossless_lb,original_lb,load_balanced_traversal,ok,none,promoted_fallback,0.0549,0.0518,0.537341,0.959927,,8804736,8191752,auto_lossless,original,true,596173,8804736,true,0,exact_abs_or_rel,SKIP
uni_chimera_i1_A_27.mtx,fp16_lb,fp16_lb,controlled_lossy_value_specialized,ok,none,accuracy_pass_runtime_win,0.0471,0.0459,0.626327,1.118896,,2201184,8191752,fp16,fp16,false,0,0,false,0,spmv_max_rel,SKIP
uni_chimera_i1_A_27.mtx,bf16_lb,bf16_lb,controlled_lossy_value_specialized,ok,none,accuracy_pass_runtime_win,0.0472,0.0458,0.625000,1.116525,,2201184,8191752,bf16,bf16,false,0,0,false,0,spmv_max_rel,SKIP
uni_chimera_i1_A_27.mtx,bfp8_lb,bfp8_lb,controlled_lossy_value_specialized,ok,none,accuracy_pass_runtime_win,0.0477,0.0455,0.618449,1.104822,,3148530,8191752,bfp8,bfp8,false,0,0,false,0,spmv_max_rel,SKIP
uni_chimera_i1_A_27.mtx,bfp8_outlier_lb,bfp8_outlier_lb,controlled_lossy_value_specialized,ok,none,accuracy_pass_runtime_win,0.0503,0.0481,0.586481,1.047714,,3236562,8191752,bfp8_outlier,bfp8_outlier,false,0,0,false,0,spmv_max_rel,SKIP
uni_chimera_i1_A_27.mtx,bfp4_lb,bfp4_lb,controlled_lossy_value_specialized,ok,none,accuracy_pass_runtime_win,0.0523,0.0515,0.564054,1.007648,,2598234,8191752,bfp4,bfp4,false,0,0,false,0,spmv_max_rel,SKIP
uni_chimera_i1_A_27.mtx,hybrid_lb,hybrid_lb,structural_hybrid,ok,none,promoted_fallback,0.0207,0.0192,1.425121,2.545894,,8804736,,original,raw_double,false,,,1,0,exact_abs_or_rel,SKIP
uni_chimera_i1_A_27.mtx,cusparse_default,cusparse_csr,external_baseline,ok,none,external_baseline,0.0295,0.0246,1.000000,1.786441,,8804736,4802372,original,original,false,,,true,0,exact_abs_or_rel,SKIP
uni_chimera_i2_A_06.mtx,original_lb,original_lb,load_balanced_traversal,ok,none,promoted_fallback,0.0399,0.0384,0.481203,1.000000,,6383792,5777800,original,original,false,0,0,true,0,exact_abs_or_rel,SKIP
uni_chimera_i2_A_06.mtx,auto_lossless_lb,original_lb,load_balanced_traversal,ok,none,promoted_fallback,0.0398,0.0392,0.482412,1.002513,,6383792,5777800,auto_lossless,original,true,355257,6383792,true,0,exact_abs_or_rel,SKIP
uni_chimera_i2_A_06.mtx,fp16_lb,fp16_lb,controlled_lossy_value_specialized,ok,none,accuracy_pass_runtime_win,0.0359,0.0339,0.534819,1.111421,,1595948,5777800,fp16,fp16,false,0,0,false,0,spmv_max_rel,SKIP
uni_chimera_i2_A_06.mtx,bf16_lb,bf16_lb,controlled_lossy_value_specialized,ok,none,accuracy_pass_runtime_win,0.0358,0.0352,0.536313,1.114525,,1595948,5777800,bf16,bf16,false,0,0,false,0,spmv_max_rel,SKIP
uni_chimera_i2_A_06.mtx,bfp8_lb,bfp8_lb,controlled_lossy_value_specialized,ok,none,accuracy_pass_runtime_win,0.0356,0.0350,0.539326,1.120787,,2242424,5777800,bfp8,bfp8,false,0,0,false,0,spmv_max_rel,SKIP
uni_chimera_i2_A_06.mtx,bfp8_outlier_lb,bfp8_outlier_lb,controlled_lossy_value_specialized,ok,none,accuracy_pass_runtime_win,0.0389,0.0372,0.493573,1.025707,,2306248,5777800,bfp8_outlier,bfp8_outlier,false,0,0,false,0,spmv_max_rel,SKIP
uni_chimera_i2_A_06.mtx,bfp4_lb,bfp4_lb,controlled_lossy_value_specialized,ok,none,accuracy_pass_runtime_loss,0.0421,0.0410,0.456057,0.947743,,1843437,5777800,bfp4,bfp4,false,0,0,false,0,spmv_max_rel,SKIP
uni_chimera_i2_A_06.mtx,hybrid_lb,hybrid_lb,structural_hybrid,ok,none,promoted_fallback,0.0167,0.0146,1.149701,2.389222,,6383792,,original,raw_double,false,,,1,0,exact_abs_or_rel,SKIP
uni_chimera_i2_A_06.mtx,cusparse_default,cusparse_csr,external_baseline,ok,none,external_baseline,0.0192,0.0164,1.000000,2.078125,,6383792,3591900,original,original,false,,,true,0,exact_abs_or_rel,SKIP
uni_chimera_i2_A_14.mtx,original_lb,original_lb,load_balanced_traversal,ok,none,promoted_fallback,0.0397,0.0382,0.501259,1.000000,,6383792,5777800,original,original,false,0,0,true,0,exact_abs_or_rel,SKIP
uni_chimera_i2_A_14.mtx,auto_lossless_lb,original_lb,load_balanced_traversal,ok,none,promoted_fallback,0.0399,0.0384,0.498747,0.994987,,6383792,5777800,auto_lossless,original,true,351583,6383792,true,0,exact_abs_or_rel,SKIP
uni_chimera_i2_A_14.mtx,fp16_lb,fp16_lb,controlled_lossy_value_specialized,ok,none,accuracy_pass_runtime_win,0.0358,0.0344,0.555866,1.108939,,1595948,5777800,fp16,fp16,false,0,0,false,0,spmv_max_rel,SKIP
uni_chimera_i2_A_14.mtx,bf16_lb,bf16_lb,controlled_lossy_value_specialized,ok,none,accuracy_pass_runtime_win,0.0360,0.0341,0.552778,1.102778,,1595948,5777800,bf16,bf16,false,0,0,false,0,spmv_max_rel,SKIP
uni_chimera_i2_A_14.mtx,bfp8_lb,bfp8_lb,controlled_lossy_value_specialized,ok,none,accuracy_pass_runtime_win,0.0356,0.0344,0.558989,1.115169,,2242424,5777800,bfp8,bfp8,false,0,0,false,0,spmv_max_rel,SKIP
uni_chimera_i2_A_14.mtx,bfp8_outlier_lb,bfp8_outlier_lb,controlled_lossy_value_specialized,ok,none,accuracy_pass_runtime_win,0.0384,0.0372,0.518229,1.033854,,2306248,5777800,bfp8_outlier,bfp8_outlier,false,0,0,false,0,spmv_max_rel,SKIP
uni_chimera_i2_A_14.mtx,bfp4_lb,bfp4_lb,controlled_lossy_value_specialized,ok,none,accuracy_pass_runtime_loss,0.0408,0.0397,0.487745,0.973039,,1843437,5777800,bfp4,bfp4,false,0,0,false,0,spmv_max_rel,SKIP
uni_chimera_i2_A_14.mtx,hybrid_lb,hybrid_lb,structural_hybrid,ok,none,promoted_fallback,0.0161,0.0152,1.236025,2.465839,,6383792,,original,raw_double,false,,,1,0,exact_abs_or_rel,SKIP
uni_chimera_i2_A_14.mtx,cusparse_default,cusparse_csr,external_baseline,ok,none,external_baseline,0.0199,0.0164,1.000000,1.994975,,6383792,3591900,original,original,false,,,true,0,exact_abs_or_rel,SKIP
uni_chimera_i2_A_22.mtx,original_lb,original_lb,load_balanced_traversal,ok,none,promoted_fallback,0.0396,0.0378,0.484848,1.000000,,6383792,5777800,original,original,false,0,0,true,0,exact_abs_or_rel,SKIP
uni_chimera_i2_A_22.mtx,auto_lossless_lb,original_lb,load_balanced_traversal,ok,none,promoted_fallback,0.0399,0.0384,0.481203,0.992481,,6383792,5777800,auto_lossless,original,true,346143,6383792,true,0,exact_abs_or_rel,SKIP
uni_chimera_i2_A_22.mtx,fp16_lb,fp16_lb,controlled_lossy_value_specialized,ok,none,accuracy_pass_runtime_win,0.0364,0.0356,0.527473,1.087912,,1595948,5777800,fp16,fp16,false,0,0,false,0,spmv_max_rel,SKIP
uni_chimera_i2_A_22.mtx,bf16_lb,bf16_lb,controlled_lossy_value_specialized,ok,none,accuracy_pass_runtime_win,0.0359,0.0342,0.534819,1.103064,,1595948,5777800,bf16,bf16,false,0,0,false,0,spmv_max_rel,SKIP
uni_chimera_i2_A_22.mtx,bfp8_lb,bfp8_lb,controlled_lossy_value_specialized,ok,none,accuracy_pass_runtime_win,0.0357,0.0342,0.537815,1.109244,,2242424,5777800,bfp8,bfp8,false,0,0,false,0,spmv_max_rel,SKIP
uni_chimera_i2_A_22.mtx,bfp8_outlier_lb,bfp8_outlier_lb,controlled_lossy_value_specialized,ok,none,accuracy_pass_runtime_win,0.0384,0.0368,0.500000,1.031250,,2306248,5777800,bfp8_outlier,bfp8_outlier,false,0,0,false,0,spmv_max_rel,SKIP
uni_chimera_i2_A_22.mtx,bfp4_lb,bfp4_lb,controlled_lossy_value_specialized,ok,none,accuracy_pass_runtime_loss,0.0415,0.0404,0.462651,0.954217,,1843437,5777800,bfp4,bfp4,false,0,0,false,0,spmv_max_rel,SKIP
uni_chimera_i2_A_22.mtx,hybrid_lb,hybrid_lb,structural_hybrid,ok,none,promoted_fallback,0.0156,0.0142,1.230769,2.538462,,6383792,,original,raw_double,false,,,1,0,exact_abs_or_rel,SKIP
uni_chimera_i2_A_22.mtx,cusparse_default,cusparse_csr,external_baseline,ok,none,external_baseline,0.0192,0.0164,1.000000,2.062500,,6383792,3591900,original,original,false,,,true,0,exact_abs_or_rel,SKIP
uni_chimera_i3_A_05.mtx,original_lb,original_lb,load_balanced_traversal,ok,none,promoted_fallback,0.0270,0.0251,0.703704,1.000000,,3997568,3394984,original,original,false,0,0,true,0,exact_abs_or_rel,SKIP
uni_chimera_i3_A_05.mtx,auto_lossless_lb,original_lb,load_balanced_traversal,ok,none,promoted_fallback,0.0267,0.0252,0.711610,1.011236,,3997568,3394984,auto_lossless,original,true,264490,3997568,true,0,exact_abs_or_rel,SKIP
uni_chimera_i3_A_05.mtx,fp16_lb,fp16_lb,controlled_lossy_value_specialized,ok,none,accuracy_pass_runtime_win,0.0250,0.0235,0.760000,1.080000,,999392,3394984,fp16,fp16,false,0,0,false,0,spmv_max_rel,SKIP
uni_chimera_i3_A_05.mtx,bf16_lb,bf16_lb,controlled_lossy_value_specialized,ok,none,accuracy_pass_runtime_win,0.0249,0.0233,0.763052,1.084337,,999392,3394984,bf16,bf16,false,0,0,false,0,spmv_max_rel,SKIP
uni_chimera_i3_A_05.mtx,bfp8_lb,bfp8_lb,controlled_lossy_value_specialized,ok,none,accuracy_pass_runtime_win,0.0255,0.0240,0.745098,1.058824,,1348442,3394984,bfp8,bfp8,false,0,0,false,0,spmv_max_rel,SKIP
uni_chimera_i3_A_05.mtx,bfp8_outlier_lb,bfp8_outlier_lb,controlled_lossy_value_specialized,ok,none,accuracy_pass_runtime_loss,0.0275,0.0262,0.690909,0.981818,,1388410,3394984,bfp8_outlier,bfp8_outlier,false,0,0,false,0,spmv_max_rel,SKIP
uni_chimera_i3_A_05.mtx,bfp4_lb,bfp4_lb,controlled_lossy_value_specialized,ok,none,accuracy_pass_runtime_loss,0.0304,0.0294,0.625000,0.888158,,1098594,3394984,bfp4,bfp4,false,0,0,false,0,spmv_max_rel,SKIP
uni_chimera_i3_A_05.mtx,hybrid_lb,hybrid_lb,structural_hybrid,ok,none,promoted_fallback,0.0132,0.0113,1.439394,2.045455,,3997568,,original,raw_double,false,,,1,0,exact_abs_or_rel,SKIP
uni_chimera_i3_A_05.mtx,cusparse_default,cusparse_csr,external_baseline,ok,none,external_baseline,0.0190,0.0144,1.000000,1.421053,,3997568,2398788,original,original,false,,,true,0,exact_abs_or_rel,SKIP
uni_chimera_i3_A_13.mtx,original_lb,original_lb,load_balanced_traversal,ok,none,promoted_fallback,0.0273,0.0256,0.721612,1.000000,,3997568,3394984,original,original,false,0,0,true,0,exact_abs_or_rel,SKIP
uni_chimera_i3_A_13.mtx,auto_lossless_lb,original_lb,load_balanced_traversal,ok,none,promoted_fallback,0.0278,0.0254,0.708633,0.982014,,3997568,3394984,auto_lossless,original,true,264253,3997568,true,0,exact_abs_or_rel,SKIP
uni_chimera_i3_A_13.mtx,fp16_lb,fp16_lb,controlled_lossy_value_specialized,ok,none,accuracy_pass_runtime_win,0.0251,0.0236,0.784861,1.087649,,999392,3394984,fp16,fp16,false,0,0,false,0,spmv_max_rel,SKIP
uni_chimera_i3_A_13.mtx,bf16_lb,bf16_lb,controlled_lossy_value_specialized,ok,none,accuracy_pass_runtime_win,0.0254,0.0242,0.775591,1.074803,,999392,3394984,bf16,bf16,false,0,0,false,0,spmv_max_rel,SKIP
uni_chimera_i3_A_13.mtx,bfp8_lb,bfp8_lb,controlled_lossy_value_specialized,ok,none,accuracy_pass_runtime_win,0.0253,0.0239,0.778656,1.079051,,1348442,3394984,bfp8,bfp8,false,0,0,false,0,spmv_max_rel,SKIP
uni_chimera_i3_A_13.mtx,bfp8_outlier_lb,bfp8_outlier_lb,controlled_lossy_value_specialized,ok,none,accuracy_pass_runtime_loss,0.0285,0.0266,0.691228,0.957895,,1388410,3394984,bfp8_outlier,bfp8_outlier,false,0,0,false,0,spmv_max_rel,SKIP
uni_chimera_i3_A_13.mtx,bfp4_lb,bfp4_lb,controlled_lossy_value_specialized,ok,none,accuracy_pass_runtime_loss,0.0313,0.0301,0.629393,0.872204,,1098594,3394984,bfp4,bfp4,false,0,0,false,0,spmv_max_rel,SKIP
uni_chimera_i3_A_13.mtx,hybrid_lb,hybrid_lb,structural_hybrid,ok,none,promoted_fallback,0.0129,0.0108,1.527132,2.116279,,3997568,,original,raw_double,false,,,1,0,exact_abs_or_rel,SKIP
uni_chimera_i3_A_13.mtx,cusparse_default,cusparse_csr,external_baseline,ok,none,external_baseline,0.0197,0.0143,1.000000,1.385787,,3997568,2398788,original,original,false,,,true,0,exact_abs_or_rel,SKIP
uni_chimera_i3_A_21.mtx,original_lb,original_lb,load_balanced_traversal,ok,none,promoted_fallback,0.0271,0.0257,0.715867,1.000000,,3997568,3394984,original,original,false,0,0,true,0,exact_abs_or_rel,SKIP
uni_chimera_i3_A_21.mtx,auto_lossless_lb,original_lb,load_balanced_traversal,ok,none,promoted_fallback,0.0273,0.0263,0.710623,0.992674,,3997568,3394984,auto_lossless,original,true,264266,3997568,true,0,exact_abs_or_rel,SKIP
uni_chimera_i3_A_21.mtx,fp16_lb,fp16_lb,controlled_lossy_value_specialized,ok,none,accuracy_pass_runtime_win,0.0251,0.0236,0.772908,1.079681,,999392,3394984,fp16,fp16,false,0,0,false,0,spmv_max_rel,SKIP
uni_chimera_i3_A_21.mtx,bf16_lb,bf16_lb,controlled_lossy_value_specialized,ok,none,accuracy_pass_runtime_win,0.0254,0.0237,0.763780,1.066929,,999392,3394984,bf16,bf16,false,0,0,false,0,spmv_max_rel,SKIP
uni_chimera_i3_A_21.mtx,bfp8_lb,bfp8_lb,controlled_lossy_value_specialized,ok,none,accuracy_pass_runtime_win,0.0256,0.0234,0.757812,1.058594,,1348442,3394984,bfp8,bfp8,false,0,0,false,0,spmv_max_rel,SKIP
uni_chimera_i3_A_21.mtx,bfp8_outlier_lb,bfp8_outlier_lb,controlled_lossy_value_specialized,ok,none,accuracy_pass_runtime_loss,0.0283,0.0265,0.685512,0.957597,,1388410,3394984,bfp8_outlier,bfp8_outlier,false,0,0,false,0,spmv_max_rel,SKIP
uni_chimera_i3_A_21.mtx,bfp4_lb,bfp4_lb,controlled_lossy_value_specialized,ok,none,accuracy_pass_runtime_loss,0.0315,0.0303,0.615873,0.860317,,1098594,3394984,bfp4,bfp4,false,0,0,false,0,spmv_max_rel,SKIP
uni_chimera_i3_A_21.mtx,hybrid_lb,hybrid_lb,structural_hybrid,ok,none,promoted_fallback,0.0127,0.0111,1.527559,2.133858,,3997568,,original,raw_double,false,,,1,0,exact_abs_or_rel,SKIP
uni_chimera_i3_A_21.mtx,cusparse_default,cusparse_csr,external_baseline,ok,none,external_baseline,0.0194,0.0144,1.000000,1.396907,,3997568,2398788,original,original,false,,,true,0,exact_abs_or_rel,SKIP
uni_chimera_i4_A_01.mtx,original_lb,original_lb,load_balanced_traversal,ok,none,promoted_fallback,0.0409,0.0393,0.525672,1.000000,,6515488,5908464,original,original,false,0,0,true,0,exact_abs_or_rel,SKIP
uni_chimera_i4_A_01.mtx,auto_lossless_lb,original_lb,load_balanced_traversal,ok,none,promoted_fallback,0.0408,0.0392,0.526961,1.002451,,6515488,5908464,auto_lossless,original,true,418340,6515488,true,0,exact_abs_or_rel,SKIP
uni_chimera_i4_A_01.mtx,fp16_lb,fp16_lb,controlled_lossy_value_specialized,ok,none,accuracy_pass_runtime_win,0.0371,0.0350,0.579515,1.102426,,1628872,5908464,fp16,fp16,false,0,0,false,0,spmv_max_rel,SKIP
uni_chimera_i4_A_01.mtx,bf16_lb,bf16_lb,controlled_lossy_value_specialized,ok,none,accuracy_pass_runtime_win,0.0373,0.0363,0.576408,1.096515,,1628872,5908464,bf16,bf16,false,0,0,false,0,spmv_max_rel,SKIP
uni_chimera_i4_A_01.mtx,bfp8_lb,bfp8_lb,controlled_lossy_value_specialized,ok,none,accuracy_pass_runtime_win,0.0372,0.0355,0.577957,1.099462,,2291552,5908464,bfp8,bfp8,false,0,0,false,0,spmv_max_rel,SKIP
uni_chimera_i4_A_01.mtx,bfp8_outlier_lb,bfp8_outlier_lb,controlled_lossy_value_specialized,ok,none,accuracy_pass_runtime_win,0.0394,0.0371,0.545685,1.038071,,2356704,5908464,bfp8_outlier,bfp8_outlier,false,0,0,false,0,spmv_max_rel,SKIP
uni_chimera_i4_A_01.mtx,bfp4_lb,bfp4_lb,controlled_lossy_value_specialized,ok,none,accuracy_pass_runtime_loss,0.0423,0.0404,0.508274,0.966903,,1884334,5908464,bfp4,bfp4,false,0,0,false,0,spmv_max_rel,SKIP
uni_chimera_i4_A_01.mtx,hybrid_lb,hybrid_lb,structural_hybrid,ok,none,promoted_fallback,0.0161,0.0142,1.335404,2.540373,,6515488,,original,raw_double,false,,,1,0,exact_abs_or_rel,SKIP
uni_chimera_i4_A_01.mtx,cusparse_default,cusparse_csr,external_baseline,ok,none,external_baseline,0.0215,0.0164,1.000000,1.902326,,6515488,3657748,original,original,false,,,true,0,exact_abs_or_rel,SKIP
uni_chimera_i4_A_09.mtx,original_lb,original_lb,load_balanced_traversal,ok,none,promoted_fallback,0.0405,0.0396,0.466667,1.000000,,6515488,5908464,original,original,false,0,0,true,0,exact_abs_or_rel,SKIP
uni_chimera_i4_A_09.mtx,auto_lossless_lb,original_lb,load_balanced_traversal,ok,none,promoted_fallback,0.0403,0.0394,0.468983,1.004963,,6515488,5908464,auto_lossless,original,true,418338,6515488,true,0,exact_abs_or_rel,SKIP
uni_chimera_i4_A_09.mtx,fp16_lb,fp16_lb,controlled_lossy_value_specialized,ok,none,accuracy_pass_runtime_win,0.0362,0.0352,0.522099,1.118785,,1628872,5908464,fp16,fp16,false,0,0,false,0,spmv_max_rel,SKIP
uni_chimera_i4_A_09.mtx,bf16_lb,bf16_lb,controlled_lossy_value_specialized,ok,none,accuracy_pass_runtime_win,0.0362,0.0347,0.522099,1.118785,,1628872,5908464,bf16,bf16,false,0,0,false,0,spmv_max_rel,SKIP
uni_chimera_i4_A_09.mtx,bfp8_lb,bfp8_lb,controlled_lossy_value_specialized,ok,none,accuracy_pass_runtime_win,0.0366,0.0355,0.516393,1.106557,,2291552,5908464,bfp8,bfp8,false,0,0,false,0,spmv_max_rel,SKIP
uni_chimera_i4_A_09.mtx,bfp8_outlier_lb,bfp8_outlier_lb,controlled_lossy_value_specialized,ok,none,accuracy_pass_runtime_win,0.0392,0.0374,0.482143,1.033163,,2356704,5908464,bfp8_outlier,bfp8_outlier,false,0,0,false,0,spmv_max_rel,SKIP
uni_chimera_i4_A_09.mtx,bfp4_lb,bfp4_lb,controlled_lossy_value_specialized,ok,none,accuracy_pass_runtime_loss,0.0416,0.0399,0.454327,0.973558,,1884334,5908464,bfp4,bfp4,false,0,0,false,0,spmv_max_rel,SKIP
uni_chimera_i4_A_09.mtx,hybrid_lb,hybrid_lb,structural_hybrid,ok,none,promoted_fallback,0.0162,0.0139,1.166667,2.500000,,6515488,,original,raw_double,false,,,1,0,exact_abs_or_rel,SKIP
uni_chimera_i4_A_09.mtx,cusparse_default,cusparse_csr,external_baseline,ok,none,external_baseline,0.0189,0.0164,1.000000,2.142857,,6515488,3657748,original,original,false,,,true,0,exact_abs_or_rel,SKIP
uni_chimera_i4_A_17.mtx,original_lb,original_lb,load_balanced_traversal,ok,none,promoted_fallback,0.0403,0.0386,0.468983,1.000000,,6515488,5908464,original,original,false,0,0,true,0,exact_abs_or_rel,SKIP
uni_chimera_i4_A_17.mtx,auto_lossless_lb,original_lb,load_balanced_traversal,ok,none,promoted_fallback,0.0401,0.0389,0.471322,1.004988,,6515488,5908464,auto_lossless,original,true,418084,6515488,true,0,exact_abs_or_rel,SKIP
uni_chimera_i4_A_17.mtx,fp16_lb,fp16_lb,controlled_lossy_value_specialized,ok,none,accuracy_pass_runtime_win,0.0360,0.0352,0.525000,1.119444,,1628872,5908464,fp16,fp16,false,0,0,false,0,spmv_max_rel,SKIP
uni_chimera_i4_A_17.mtx,bf16_lb,bf16_lb,controlled_lossy_value_specialized,ok,none,accuracy_pass_runtime_win,0.0361,0.0353,0.523546,1.116343,,1628872,5908464,bf16,bf16,false,0,0,false,0,spmv_max_rel,SKIP
uni_chimera_i4_A_17.mtx,bfp8_lb,bfp8_lb,controlled_lossy_value_specialized,ok,none,accuracy_pass_runtime_win,0.0357,0.0348,0.529412,1.128852,,2291552,5908464,bfp8,bfp8,false,0,0,false,0,spmv_max_rel,SKIP
uni_chimera_i4_A_17.mtx,bfp8_outlier_lb,bfp8_outlier_lb,controlled_lossy_value_specialized,ok,none,accuracy_pass_runtime_win,0.0394,0.0381,0.479695,1.022843,,2356704,5908464,bfp8_outlier,bfp8_outlier,false,0,0,false,0,spmv_max_rel,SKIP
uni_chimera_i4_A_17.mtx,bfp4_lb,bfp4_lb,controlled_lossy_value_specialized,ok,none,accuracy_pass_runtime_loss,0.0415,0.0400,0.455422,0.971084,,1884334,5908464,bfp4,bfp4,false,0,0,false,0,spmv_max_rel,SKIP
uni_chimera_i4_A_17.mtx,hybrid_lb,hybrid_lb,structural_hybrid,ok,none,promoted_fallback,0.0153,0.0145,1.235294,2.633987,,6515488,,original,raw_double,false,,,1,0,exact_abs_or_rel,SKIP
uni_chimera_i4_A_17.mtx,cusparse_default,cusparse_csr,external_baseline,ok,none,external_baseline,0.0189,0.0164,1.000000,2.132275,,6515488,3657748,original,original,false,,,true,0,exact_abs_or_rel,SKIP
uni_chimera_i4_A_25.mtx,original_lb,original_lb,load_balanced_traversal,ok,none,promoted_fallback,0.0405,0.0390,0.454321,1.000000,,6515488,5908464,original,original,false,0,0,true,0,exact_abs_or_rel,SKIP
uni_chimera_i4_A_25.mtx,auto_lossless_lb,original_lb,load_balanced_traversal,ok,none,promoted_fallback,0.0399,0.0388,0.461153,1.015038,,6515488,5908464,auto_lossless,original,true,417613,6515488,true,0,exact_abs_or_rel,SKIP
uni_chimera_i4_A_25.mtx,fp16_lb,fp16_lb,controlled_lossy_value_specialized,ok,none,accuracy_pass_runtime_win,0.0358,0.0352,0.513966,1.131285,,1628872,5908464,fp16,fp16,false,0,0,false,0,spmv_max_rel,SKIP
uni_chimera_i4_A_25.mtx,bf16_lb,bf16_lb,controlled_lossy_value_specialized,ok,none,accuracy_pass_runtime_win,0.0359,0.0354,0.512535,1.128134,,1628872,5908464,bf16,bf16,false,0,0,false,0,spmv_max_rel,SKIP
uni_chimera_i4_A_25.mtx,bfp8_lb,bfp8_lb,controlled_lossy_value_specialized,ok,none,accuracy_pass_runtime_win,0.0372,0.0352,0.494624,1.088710,,2291552,5908464,bfp8,bfp8,false,0,0,false,0,spmv_max_rel,SKIP
uni_chimera_i4_A_25.mtx,bfp8_outlier_lb,bfp8_outlier_lb,controlled_lossy_value_specialized,ok,none,accuracy_pass_runtime_win,0.0387,0.0371,0.475452,1.046512,,2356704,5908464,bfp8_outlier,bfp8_outlier,false,0,0,false,0,spmv_max_rel,SKIP
uni_chimera_i4_A_25.mtx,bfp4_lb,bfp4_lb,controlled_lossy_value_specialized,ok,none,accuracy_pass_runtime_loss,0.0414,0.0396,0.444444,0.978261,,1884334,5908464,bfp4,bfp4,false,0,0,false,0,spmv_max_rel,SKIP
uni_chimera_i4_A_25.mtx,hybrid_lb,hybrid_lb,structural_hybrid,ok,none,promoted_fallback,0.0156,0.0146,1.179487,2.596154,,6515488,,original,raw_double,false,,,1,0,exact_abs_or_rel,SKIP
uni_chimera_i4_A_25.mtx,cusparse_default,cusparse_csr,external_baseline,ok,none,external_baseline,0.0184,0.0164,1.000000,2.201087,,6515488,3657748,original,original,false,,,true,0,exact_abs_or_rel,SKIP
uni_chimera_i5_A_06.mtx,original_lb,original_lb,load_balanced_traversal,ok,none,promoted_fallback,0.0270,0.0255,0.611111,1.000000,,3999856,3397800,original,original,false,0,0,true,0,exact_abs_or_rel,SKIP
uni_chimera_i5_A_06.mtx,auto_lossless_lb,original_lb,load_balanced_traversal,ok,none,promoted_fallback,0.0266,0.0253,0.620301,1.015038,,3999856,3397800,auto_lossless,original,true,264221,3999856,true,0,exact_abs_or_rel,SKIP
uni_chimera_i5_A_06.mtx,fp16_lb,fp16_lb,controlled_lossy_value_specialized,ok,none,accuracy_pass_runtime_win,0.0249,0.0231,0.662651,1.084337,,999964,3397800,fp16,fp16,false,0,0,false,0,spmv_max_rel,SKIP
uni_chimera_i5_A_06.mtx,bf16_lb,bf16_lb,controlled_lossy_value_specialized,ok,none,accuracy_pass_runtime_win,0.0252,0.0232,0.654762,1.071429,,999964,3397800,bf16,bf16,false,0,0,false,0,spmv_max_rel,SKIP
uni_chimera_i5_A_06.mtx,bfp8_lb,bfp8_lb,controlled_lossy_value_specialized,ok,none,accuracy_pass_runtime_win,0.0248,0.0234,0.665323,1.088710,,1349432,3397800,bfp8,bfp8,false,0,0,false,0,spmv_max_rel,SKIP
uni_chimera_i5_A_06.mtx,bfp8_outlier_lb,bfp8_outlier_lb,controlled_lossy_value_specialized,ok,none,accuracy_pass_runtime_loss,0.0275,0.0255,0.600000,0.981818,,1389416,3397800,bfp8_outlier,bfp8_outlier,false,0,0,false,0,spmv_max_rel,SKIP
uni_chimera_i5_A_06.mtx,bfp4_lb,bfp4_lb,controlled_lossy_value_specialized,ok,none,accuracy_pass_runtime_loss,0.0306,0.0288,0.539216,0.882353,,1099441,3397800,bfp4,bfp4,false,0,0,false,0,spmv_max_rel,SKIP
uni_chimera_i5_A_06.mtx,hybrid_lb,hybrid_lb,structural_hybrid,ok,none,promoted_fallback,0.0123,0.0107,1.341463,2.195122,,3999856,,original,raw_double,false,,,1,0,exact_abs_or_rel,SKIP
uni_chimera_i5_A_06.mtx,cusparse_default,cusparse_csr,external_baseline,ok,none,external_baseline,0.0165,0.0143,1.000000,1.636364,,3999856,2399932,original,original,false,,,true,0,exact_abs_or_rel,SKIP
uni_chimera_i5_A_14.mtx,original_lb,original_lb,load_balanced_traversal,ok,none,promoted_fallback,0.0266,0.0250,0.635338,1.000000,,3999856,3397800,original,original,false,0,0,true,0,exact_abs_or_rel,SKIP
uni_chimera_i5_A_14.mtx,auto_lossless_lb,original_lb,load_balanced_traversal,ok,none,promoted_fallback,0.0266,0.0251,0.635338,1.000000,,3999856,3397800,auto_lossless,original,true,263685,3999856,true,0,exact_abs_or_rel,SKIP
uni_chimera_i5_A_14.mtx,fp16_lb,fp16_lb,controlled_lossy_value_specialized,ok,none,accuracy_pass_runtime_win,0.0248,0.0233,0.681452,1.072581,,999964,3397800,fp16,fp16,false,0,0,false,0,spmv_max_rel,SKIP
uni_chimera_i5_A_14.mtx,bf16_lb,bf16_lb,controlled_lossy_value_specialized,ok,none,accuracy_pass_runtime_win,0.0245,0.0235,0.689796,1.085714,,999964,3397800,bf16,bf16,false,0,0,false,0,spmv_max_rel,SKIP
uni_chimera_i5_A_14.mtx,bfp8_lb,bfp8_lb,controlled_lossy_value_specialized,ok,none,accuracy_pass_runtime_win,0.0251,0.0230,0.673307,1.059761,,1349432,3397800,bfp8,bfp8,false,0,0,false,0,spmv_max_rel,SKIP
uni_chimera_i5_A_14.mtx,bfp8_outlier_lb,bfp8_outlier_lb,controlled_lossy_value_specialized,ok,none,accuracy_pass_runtime_loss,0.0274,0.0254,0.616788,0.970803,,1389416,3397800,bfp8_outlier,bfp8_outlier,false,0,0,false,0,spmv_max_rel,SKIP
uni_chimera_i5_A_14.mtx,bfp4_lb,bfp4_lb,controlled_lossy_value_specialized,ok,none,accuracy_pass_runtime_loss,0.0309,0.0293,0.546926,0.860841,,1099441,3397800,bfp4,bfp4,false,0,0,false,0,spmv_max_rel,SKIP
uni_chimera_i5_A_14.mtx,hybrid_lb,hybrid_lb,structural_hybrid,ok,none,promoted_fallback,0.0119,0.0105,1.420168,2.235294,,3999856,,original,raw_double,false,,,1,0,exact_abs_or_rel,SKIP
uni_chimera_i5_A_14.mtx,cusparse_default,cusparse_csr,external_baseline,ok,none,external_baseline,0.0169,0.0143,1.000000,1.573964,,3999856,2399932,original,original,false,,,true,0,exact_abs_or_rel,SKIP
uni_chimera_i5_A_22.mtx,original_lb,original_lb,load_balanced_traversal,ok,none,promoted_fallback,0.0274,0.0254,0.667883,1.000000,,3999856,3397800,original,original,false,0,0,true,0,exact_abs_or_rel,SKIP
uni_chimera_i5_A_22.mtx,auto_lossless_lb,original_lb,load_balanced_traversal,ok,none,promoted_fallback,0.0269,0.0249,0.680297,1.018587,,3999856,3397800,auto_lossless,original,true,263177,3999856,true,0,exact_abs_or_rel,SKIP
uni_chimera_i5_A_22.mtx,fp16_lb,fp16_lb,controlled_lossy_value_specialized,ok,none,accuracy_pass_runtime_win,0.0251,0.0234,0.729084,1.091633,,999964,3397800,fp16,fp16,false,0,0,false,0,spmv_max_rel,SKIP
uni_chimera_i5_A_22.mtx,bf16_lb,bf16_lb,controlled_lossy_value_specialized,ok,none,accuracy_pass_runtime_win,0.0251,0.0232,0.729084,1.091633,,999964,3397800,bf16,bf16,false,0,0,false,0,spmv_max_rel,SKIP
uni_chimera_i5_A_22.mtx,bfp8_lb,bfp8_lb,controlled_lossy_value_specialized,ok,none,accuracy_pass_runtime_win,0.0246,0.0235,0.743902,1.113821,,1349432,3397800,bfp8,bfp8,false,0,0,false,0,spmv_max_rel,SKIP
uni_chimera_i5_A_22.mtx,bfp8_outlier_lb,bfp8_outlier_lb,controlled_lossy_value_specialized,ok,none,accuracy_pass_runtime_loss,0.0276,0.0259,0.663043,0.992754,,1389416,3397800,bfp8_outlier,bfp8_outlier,false,0,0,false,0,spmv_max_rel,SKIP
uni_chimera_i5_A_22.mtx,bfp4_lb,bfp4_lb,controlled_lossy_value_specialized,ok,none,accuracy_pass_runtime_loss,0.0309,0.0295,0.592233,0.886731,,1099441,3397800,bfp4,bfp4,false,0,0,false,0,spmv_max_rel,SKIP
uni_chimera_i5_A_22.mtx,hybrid_lb,hybrid_lb,structural_hybrid,ok,none,promoted_fallback,0.0126,0.0109,1.452381,2.174603,,3999856,,original,raw_double,false,,,1,0,exact_abs_or_rel,SKIP
uni_chimera_i5_A_22.mtx,cusparse_default,cusparse_csr,external_baseline,ok,none,external_baseline,0.0183,0.0143,1.000000,1.497268,,3999856,2399932,original,original,false,,,true,0,exact_abs_or_rel,SKIP
utm3060.mtx,original_lb,original_lb,load_balanced_traversal,ok,none,promoted_fallback,0.0067,0.0058,2.000000,1.000000,,337688,42880,original,original,false,0,0,true,0,exact_abs_or_rel,SKIP
utm3060.mtx,auto_lossless_lb,original_lb,load_balanced_traversal,ok,none,promoted_fallback,0.0083,0.0072,1.614458,0.807229,,337688,42880,auto_lossless,original,true,41633,337688,true,0,exact_abs_or_rel,SKIP
utm3060.mtx,fp16_lb,fp16_lb,controlled_lossy_value_specialized,ok,none,accuracy_pass_runtime_loss,0.0072,0.0068,1.861111,0.930556,,84422,42880,fp16,fp16,false,0,0,false,0,spmv_max_rel,SKIP
utm3060.mtx,bf16_lb,bf16_lb,controlled_lossy_value_specialized,ok,none,accuracy_pass_runtime_win,0.0058,0.0052,2.310345,1.155172,,84422,42880,bf16,bf16,false,0,0,false,0,spmv_max_rel,SKIP
utm3060.mtx,bfp8_lb,bfp8_lb,controlled_lossy_value_specialized,ok,none,accuracy_pass_runtime_loss,0.0082,0.0064,1.634146,0.817073,,52931,42880,bfp8,bfp8,false,0,0,false,0,spmv_max_rel,SKIP
utm3060.mtx,bfp8_outlier_lb,bfp8_outlier_lb,controlled_lossy_value_specialized,ok,none,accuracy_pass_runtime_loss,0.0108,0.0082,1.240741,0.620370,,56307,42880,bfp8_outlier,bfp8_outlier,false,0,0,false,0,spmv_max_rel,SKIP
utm3060.mtx,bfp4_lb,bfp4_lb,controlled_lossy_value_specialized,ok,none,accuracy_pass_runtime_loss,0.0098,0.0091,1.367347,0.683673,,31826,42880,bfp4,bfp4,false,0,0,false,0,spmv_max_rel,SKIP
utm3060.mtx,hybrid_lb,hybrid_lb,structural_hybrid,ok,none,promoted_fallback,0.0078,0.0067,1.717949,0.858974,,337688,,original,raw_double,false,,,1,0,exact_abs_or_rel,SKIP
utm3060.mtx,cusparse_default,cusparse_csr,external_baseline,ok,none,external_baseline,0.0134,0.0102,1.000000,0.500000,,337688,181088,original,original,false,,,true,0,exact_abs_or_rel,SKIP
viscoplastic1_C_5.mtx,original_lb,original_lb,load_balanced_traversal,ok,none,promoted_fallback,0.0095,0.0070,1.389474,1.000000,,489328,113808,original,original,false,0,0,true,0,exact_abs_or_rel,SKIP
viscoplastic1_C_5.mtx,auto_lossless_lb,original_lb,load_balanced_traversal,ok,none,promoted_fallback,0.0094,0.0079,1.404255,1.010638,,489328,113808,auto_lossless,original,true,12375,489328,true,0,exact_abs_or_rel,SKIP
viscoplastic1_C_5.mtx,fp16_lb,fp16_lb,controlled_lossy_value_specialized,ok,none,accuracy_pass_runtime_loss,0.0100,0.0084,1.320000,0.950000,,122332,113808,fp16,fp16,false,0,0,false,0,spmv_max_rel,SKIP
viscoplastic1_C_5.mtx,bf16_lb,bf16_lb,controlled_lossy_value_specialized,ok,none,accuracy_pass_runtime_loss,0.0097,0.0076,1.360825,0.979381,,122332,113808,bf16,bf16,false,0,0,false,0,spmv_max_rel,SKIP
viscoplastic1_C_5.mtx,bfp8_lb,bfp8_lb,controlled_lossy_value_specialized,ok,none,accuracy_pass_runtime_loss,0.0099,0.0092,1.333333,0.959596,,89618,113808,bfp8,bfp8,false,0,0,false,0,spmv_max_rel,SKIP
viscoplastic1_C_5.mtx,bfp8_outlier_lb,bfp8_outlier_lb,controlled_lossy_value_specialized,ok,none,accuracy_pass_runtime_loss,0.0112,0.0104,1.178571,0.848214,,94450,113808,bfp8_outlier,bfp8_outlier,false,0,0,false,0,spmv_max_rel,SKIP
viscoplastic1_C_5.mtx,bfp4_lb,bfp4_lb,controlled_lossy_value_specialized,ok,none,accuracy_pass_runtime_loss,0.0133,0.0126,0.992481,0.714286,,59035,113808,bfp4,bfp4,false,0,0,false,0,spmv_max_rel,SKIP
viscoplastic1_C_5.mtx,hybrid_lb,hybrid_lb,structural_hybrid,ok,none,promoted_fallback,0.0075,0.0065,1.760000,1.266667,,489328,,original,raw_double,false,,,1,0,exact_abs_or_rel,SKIP
viscoplastic1_C_5.mtx,cusparse_default,cusparse_csr,external_baseline,ok,none,external_baseline,0.0132,0.0123,1.000000,0.719697,,489328,261972,original,original,false,,,true,0,exact_abs_or_rel,SKIP
wang2.mtx,original_lb,original_lb,load_balanced_traversal,ok,none,promoted_fallback,0.0075,0.0053,1.880000,1.000000,,152744,30920,original,original,false,0,0,true,0,exact_abs_or_rel,SKIP
wang2.mtx,auto_lossless_lb,original_lb,load_balanced_traversal,ok,none,promoted_fallback,0.0078,0.0052,1.807692,0.961538,,152744,30920,auto_lossless,original,true,1727,152744,true,0,exact_abs_or_rel,SKIP
wang2.mtx,fp16_lb,fp16_lb,controlled_lossy_value_specialized,ok,none,accuracy_pass_runtime_loss,0.0076,0.0060,1.855263,0.986842,,38186,30920,fp16,fp16,false,0,0,false,0,spmv_max_rel,SKIP
wang2.mtx,bf16_lb,bf16_lb,controlled_lossy_value_specialized,ok,none,accuracy_pass_runtime_loss,0.0078,0.0059,1.807692,0.961538,,38186,30920,bf16,bf16,false,0,0,false,0,spmv_max_rel,SKIP
wang2.mtx,bfp8_lb,bfp8_lb,controlled_lossy_value_specialized,ok,none,accuracy_pass_runtime_win,0.0073,0.0057,1.931507,1.027397,,26823,30920,bfp8,bfp8,false,0,0,false,0,spmv_max_rel,SKIP
wang2.mtx,bfp8_outlier_lb,bfp8_outlier_lb,controlled_lossy_value_specialized,ok,none,accuracy_pass_runtime_loss,0.0087,0.0066,1.620690,0.862069,,28327,30920,bfp8_outlier,bfp8_outlier,false,0,0,false,0,spmv_max_rel,SKIP
wang2.mtx,bfp4_lb,bfp4_lb,controlled_lossy_value_specialized,ok,none,accuracy_pass_runtime_win,0.0073,0.0067,1.931507,1.027397,,17277,30920,bfp4,bfp4,false,0,0,false,0,spmv_max_rel,SKIP
wang2.mtx,hybrid_lb,hybrid_lb,structural_hybrid,ok,none,promoted_fallback,0.0064,0.0047,2.203125,1.171875,,152744,,original,raw_double,false,,,1,0,exact_abs_or_rel,SKIP
wang2.mtx,cusparse_default,cusparse_csr,external_baseline,ok,none,external_baseline,0.0141,0.0123,1.000000,0.531915,,152744,87988,original,original,false,,,true,0,exact_abs_or_rel,SKIP
wb-cs-stanford.mtx,original_lb,original_lb,load_balanced_traversal,ok,none,promoted_fallback,0.0089,0.0082,1.584270,1.000000,,294832,88024,original,original,false,0,0,true,0,exact_abs_or_rel,SKIP
wb-cs-stanford.mtx,auto_lossless_lb,all_one_lb,lossless_value_specialized,ok,none,accuracy_pass_runtime_loss,0.0092,0.0076,1.532609,0.967391,,0,88024,auto_lossless,all_one,true,1,0,true,0,exact_abs_or_rel,SKIP
wb-cs-stanford.mtx,fp16_lb,fp16_lb,controlled_lossy_value_specialized,ok,none,accuracy_pass_runtime_loss,0.0108,0.0098,1.305556,0.824074,,73708,88024,fp16,fp16,false,0,0,false,0,spmv_max_rel,SKIP
wb-cs-stanford.mtx,bf16_lb,bf16_lb,controlled_lossy_value_specialized,ok,none,accuracy_pass_runtime_loss,0.0106,0.0091,1.330189,0.839623,,73708,88024,bf16,bf16,false,0,0,false,0,spmv_max_rel,SKIP
wb-cs-stanford.mtx,bfp8_lb,bfp8_lb,controlled_lossy_value_specialized,ok,none,accuracy_pass_runtime_loss,0.0095,0.0083,1.484211,0.936842,,58860,88024,bfp8,bfp8,false,0,0,false,0,spmv_max_rel,SKIP
wb-cs-stanford.mtx,bfp8_outlier_lb,bfp8_outlier_lb,controlled_lossy_value_specialized,ok,none,accuracy_pass_runtime_loss,0.0097,0.0084,1.453608,0.917526,,58860,88024,bfp8_outlier,bfp8_outlier,false,0,0,false,0,spmv_max_rel,SKIP
wb-cs-stanford.mtx,bfp4_lb,bfp4_lb,controlled_lossy_value_specialized,ok,none,accuracy_pass_runtime_loss,0.0144,0.0135,0.979167,0.618056,,40433,88024,bfp4,bfp4,false,0,0,false,0,spmv_max_rel,SKIP
wb-cs-stanford.mtx,hybrid_lb,hybrid_lb,structural_hybrid,ok,none,promoted_fallback,0.0093,0.0082,1.516129,0.956989,,294832,,original,raw_double,false,,,1,0,exact_abs_or_rel,SKIP
wb-cs-stanford.mtx,cusparse_default,cusparse_csr,external_baseline,ok,none,external_baseline,0.0141,0.0123,1.000000,0.631206,,294832,187076,original,original,false,,,true,0,exact_abs_or_rel,SKIP
west0132.mtx,original_lb,original_lb,load_balanced_traversal,ok,none,promoted_fallback,0.0069,0.0063,1.637681,1.000000,,3304,920,original,original,false,0,0,true,0,exact_abs_or_rel,SKIP
west0132.mtx,auto_lossless_lb,original_lb,load_balanced_traversal,ok,none,promoted_fallback,0.0066,0.0046,1.712121,1.045455,,3304,920,auto_lossless,original,true,236,3304,true,0,exact_abs_or_rel,SKIP
west0132.mtx,fp16_lb,fp16_lb,controlled_lossy_value_specialized,ok,none,accuracy_pass_runtime_loss,0.0073,0.0063,1.547945,0.945205,,826,920,fp16,fp16,false,0,0,false,0,spmv_max_rel,SKIP
west0132.mtx,bf16_lb,bf16_lb,controlled_lossy_value_specialized,ok,none,accuracy_pass_runtime_win,0.0065,0.0049,1.738462,1.061538,,826,920,bf16,bf16,false,0,0,false,0,spmv_max_rel,SKIP
west0132.mtx,bfp8_lb,bfp8_lb,controlled_lossy_value_specialized,ok,none,accuracy_pass_runtime_win,0.0066,0.0058,1.712121,1.045455,,643,920,bfp8,bfp8,false,0,0,false,0,spmv_max_rel,SKIP
west0132.mtx,bfp8_outlier_lb,bfp8_outlier_lb,controlled_lossy_value_specialized,ok,none,accuracy_pass_runtime_loss,0.0083,0.0063,1.361446,0.831325,,659,920,bfp8_outlier,bfp8_outlier,false,0,0,false,0,spmv_max_rel,SKIP
west0132.mtx,bfp4_lb,bfp4_lb,controlled_lossy_value_specialized,ok,none,accuracy_pass_runtime_loss,0.0075,0.0067,1.506667,0.920000,,437,920,bfp4,bfp4,false,0,0,false,0,spmv_max_rel,SKIP
west0132.mtx,hybrid_lb,hybrid_lb,structural_hybrid,ok,none,promoted_fallback,0.0059,0.0044,1.915254,1.169492,,3304,,original,raw_double,false,,,1,0,exact_abs_or_rel,SKIP
west0132.mtx,cusparse_default,cusparse_csr,external_baseline,ok,none,external_baseline,0.0113,0.0082,1.000000,0.610619,,3304,2184,original,original,false,,,true,0,exact_abs_or_rel,SKIP
west1505.mtx,original_lb,original_lb,load_balanced_traversal,ok,none,promoted_fallback,0.0072,0.0045,1.944444,1.000000,,43312,11944,original,original,false,0,0,true,0,exact_abs_or_rel,SKIP
west1505.mtx,auto_lossless_lb,original_lb,load_balanced_traversal,ok,none,promoted_fallback,0.0065,0.0050,2.153846,1.107692,,43312,11944,auto_lossless,original,true,2649,43312,true,0,exact_abs_or_rel,SKIP
west1505.mtx,fp16_lb,fp16_lb,controlled_lossy_value_specialized,ok,none,accuracy_pass_runtime_win,0.0071,0.0048,1.971831,1.014085,,10828,11944,fp16,fp16,false,0,0,false,0,spmv_max_rel,SKIP
west1505.mtx,bf16_lb,bf16_lb,controlled_lossy_value_specialized,ok,none,accuracy_pass_runtime_win,0.0068,0.0047,2.058824,1.058824,,10828,11944,bf16,bf16,false,0,0,false,0,spmv_max_rel,SKIP
west1505.mtx,bfp8_lb,bfp8_lb,controlled_lossy_value_specialized,ok,none,accuracy_pass_runtime_loss,0.0077,0.0054,1.818182,0.935065,,8400,11944,bfp8,bfp8,false,0,0,false,0,spmv_max_rel,SKIP
west1505.mtx,bfp8_outlier_lb,bfp8_outlier_lb,controlled_lossy_value_specialized,ok,none,accuracy_pass_runtime_loss,0.0093,0.0088,1.505376,0.774194,,8832,11944,bfp8_outlier,bfp8_outlier,false,0,0,false,0,spmv_max_rel,SKIP
west1505.mtx,bfp4_lb,bfp4_lb,controlled_lossy_value_specialized,ok,none,accuracy_pass_runtime_loss,0.0075,0.0059,1.866667,0.960000,,5693,11944,bfp4,bfp4,false,0,0,false,0,spmv_max_rel,SKIP
west1505.mtx,hybrid_lb,hybrid_lb,structural_hybrid,ok,none,promoted_fallback,0.0069,0.0047,2.028986,1.043478,,43312,,original,raw_double,false,,,1,0,exact_abs_or_rel,SKIP
west1505.mtx,cusparse_default,cusparse_csr,external_baseline,ok,none,external_baseline,0.0140,0.0123,1.000000,0.514286,,43312,27680,original,original,false,,,true,0,exact_abs_or_rel,SKIP
wheel_4_1.mtx,original_lb,original_lb,load_balanced_traversal,ok,none,promoted_fallback,0.0062,0.0052,1.806452,1.000000,,976,336,original,original,false,0,0,true,0,exact_abs_or_rel,SKIP
wheel_4_1.mtx,auto_lossless_lb,all_one_lb,lossless_value_specialized,ok,none,accuracy_pass_runtime_win,0.0054,0.0044,2.074074,1.148148,,0,336,auto_lossless,all_one,true,1,0,true,0,exact_abs_or_rel,SKIP
wheel_4_1.mtx,fp16_lb,fp16_lb,controlled_lossy_value_specialized,ok,none,accuracy_pass_runtime_loss,0.0070,0.0063,1.600000,0.885714,,244,336,fp16,fp16,false,0,0,false,0,spmv_max_rel,SKIP
wheel_4_1.mtx,bf16_lb,bf16_lb,controlled_lossy_value_specialized,ok,none,accuracy_pass_runtime_loss,0.0066,0.0051,1.696970,0.939394,,244,336,bf16,bf16,false,0,0,false,0,spmv_max_rel,SKIP
wheel_4_1.mtx,bfp8_lb,bfp8_lb,controlled_lossy_value_specialized,ok,none,accuracy_pass_runtime_win,0.0060,0.0044,1.866667,1.033333,,206,336,bfp8,bfp8,false,0,0,false,0,spmv_max_rel,SKIP
wheel_4_1.mtx,bfp8_outlier_lb,bfp8_outlier_lb,controlled_lossy_value_specialized,ok,none,accuracy_pass_runtime_loss,0.0066,0.0047,1.696970,0.939394,,206,336,bfp8_outlier,bfp8_outlier,false,0,0,false,0,spmv_max_rel,SKIP
wheel_4_1.mtx,bfp4_lb,bfp4_lb,controlled_lossy_value_specialized,ok,none,accuracy_pass_runtime_loss,0.0075,0.0065,1.493333,0.826667,,145,336,bfp4,bfp4,false,0,0,false,0,spmv_max_rel,SKIP
wheel_4_1.mtx,hybrid_lb,hybrid_lb,structural_hybrid,ok,none,promoted_fallback,0.0057,0.0039,1.964912,1.087719,,976,,original,raw_double,false,,,1,0,exact_abs_or_rel,SKIP
wheel_4_1.mtx,cusparse_default,cusparse_csr,external_baseline,ok,none,external_baseline,0.0112,0.0082,1.000000,0.553571,,976,636,original,original,false,,,true,0,exact_abs_or_rel,SKIP
whitaker3_dual.mtx,original_lb,original_lb,load_balanced_traversal,ok,none,promoted_fallback,0.0075,0.0066,1.906667,1.000000,,457296,174784,original,original,false,0,0,true,0,exact_abs_or_rel,SKIP
whitaker3_dual.mtx,auto_lossless_lb,all_one_lb,lossless_value_specialized,ok,none,accuracy_pass_runtime_loss,0.0118,0.0088,1.211864,0.635593,,0,174784,auto_lossless,all_one,true,1,0,true,0,exact_abs_or_rel,SKIP
whitaker3_dual.mtx,fp16_lb,fp16_lb,controlled_lossy_value_specialized,ok,none,accuracy_pass_runtime_loss,0.0088,0.0079,1.625000,0.852273,,114324,174784,fp16,fp16,false,0,0,false,0,spmv_max_rel,SKIP
whitaker3_dual.mtx,bf16_lb,bf16_lb,controlled_lossy_value_specialized,ok,none,accuracy_pass_runtime_loss,0.0079,0.0070,1.810127,0.949367,,114324,174784,bf16,bf16,false,0,0,false,0,spmv_max_rel,SKIP
whitaker3_dual.mtx,bfp8_lb,bfp8_lb,controlled_lossy_value_specialized,ok,none,accuracy_pass_runtime_loss,0.0082,0.0065,1.743902,0.914634,,100858,174784,bfp8,bfp8,false,0,0,false,0,spmv_max_rel,SKIP
whitaker3_dual.mtx,bfp8_outlier_lb,bfp8_outlier_lb,controlled_lossy_value_specialized,ok,none,accuracy_pass_runtime_win,0.0073,0.0067,1.958904,1.027397,,100858,174784,bfp8_outlier,bfp8_outlier,false,0,0,false,0,spmv_max_rel,SKIP
whitaker3_dual.mtx,bfp4_lb,bfp4_lb,controlled_lossy_value_specialized,ok,none,accuracy_pass_runtime_loss,0.0094,0.0089,1.521277,0.797872,,72277,174784,bfp4,bfp4,false,0,0,false,0,spmv_max_rel,SKIP
whitaker3_dual.mtx,hybrid_lb,hybrid_lb,structural_hybrid,ok,none,promoted_fallback,0.0056,0.0046,2.553571,1.339286,,457296,,original,raw_double,false,,,1,0,exact_abs_or_rel,SKIP
whitaker3_dual.mtx,cusparse_default,cusparse_csr,external_baseline,ok,none,external_baseline,0.0143,0.0123,1.000000,0.524476,,457296,305412,original,original,false,,,true,0,exact_abs_or_rel,SKIP
wiki-RfA_Neutral.mtx,original_lb,original_lb,load_balanced_traversal,ok,none,promoted_fallback,0.0096,0.0074,1.906250,1.000000,,94768,94064,original,original,false,0,0,true,0,exact_abs_or_rel,SKIP
wiki-RfA_Neutral.mtx,auto_lossless_lb,dict4_lb,lossless_value_specialized,ok,none,accuracy_pass_runtime_loss,0.0113,0.0096,1.619469,0.849558,,94088,94064,auto_lossless,dict4,true,3,94088,true,3,exact_abs_or_rel,SKIP
wiki-RfA_Neutral.mtx,fp16_lb,fp16_lb,controlled_lossy_value_specialized,ok,none,accuracy_pass_runtime_loss,0.0109,0.0097,1.678899,0.880734,,23692,94064,fp16,fp16,false,0,0,false,0,spmv_max_rel,SKIP
wiki-RfA_Neutral.mtx,bf16_lb,bf16_lb,controlled_lossy_value_specialized,ok,none,accuracy_pass_runtime_loss,0.0102,0.0090,1.794118,0.941176,,23692,94064,bf16,bf16,false,0,0,false,0,spmv_max_rel,SKIP
wiki-RfA_Neutral.mtx,bfp8_lb,bfp8_lb,controlled_lossy_value_specialized,ok,none,accuracy_pass_runtime_loss,0.0098,0.0088,1.867347,0.979592,,35362,94064,bfp8,bfp8,false,0,0,false,0,spmv_max_rel,SKIP
wiki-RfA_Neutral.mtx,bfp8_outlier_lb,bfp8_outlier_lb,controlled_lossy_value_specialized,ok,none,accuracy_pass_runtime_loss,0.0119,0.0106,1.537815,0.806723,,35410,94064,bfp8_outlier,bfp8_outlier,false,0,0,false,0,spmv_max_rel,SKIP
wiki-RfA_Neutral.mtx,bfp4_lb,bfp4_lb,controlled_lossy_value_specialized,ok,none,accuracy_pass_runtime_loss,0.0137,0.0128,1.335766,0.700730,,29439,94064,bfp4,bfp4,false,0,0,false,0,spmv_max_rel,SKIP
wiki-RfA_Neutral.mtx,hybrid_lb,hybrid_lb,structural_hybrid,ok,none,promoted_fallback,0.0078,0.0069,2.346154,1.230769,,94768,,original,raw_double,false,,,1,0,exact_abs_or_rel,SKIP
wiki-RfA_Neutral.mtx,cusparse_default,cusparse_csr,external_baseline,ok,none,external_baseline,0.0183,0.0143,1.000000,0.524590,,94768,92908,original,original,false,,,true,0,exact_abs_or_rel,SKIP
xingo3012.mtx,original_lb,original_lb,load_balanced_traversal,ok,none,promoted_fallback,0.0095,0.0078,1.768421,1.000000,,595088,167736,original,original,false,0,0,true,0,exact_abs_or_rel,SKIP
xingo3012.mtx,auto_lossless_lb,original_lb,load_balanced_traversal,ok,none,promoted_fallback,0.0113,0.0100,1.486726,0.840708,,595088,167736,auto_lossless,original,true,28337,595088,true,0,exact_abs_or_rel,SKIP
xingo3012.mtx,fp16_lb,fp16_lb,controlled_lossy_value_specialized,ok,none,accuracy_pass_runtime_loss,0.0100,0.0084,1.680000,0.950000,,148772,167736,fp16,fp16,false,0,0,false,0,spmv_max_rel,SKIP
xingo3012.mtx,bf16_lb,bf16_lb,controlled_lossy_value_specialized,ok,none,accuracy_pass_runtime_loss,0.0101,0.0084,1.663366,0.940594,,148772,167736,bf16,bf16,false,0,0,false,0,spmv_max_rel,SKIP
xingo3012.mtx,bfp8_lb,bfp8_lb,controlled_lossy_value_specialized,ok,none,accuracy_pass_runtime_loss,0.0109,0.0099,1.541284,0.871560,,116320,167736,bfp8,bfp8,false,0,0,false,0,spmv_max_rel,SKIP
xingo3012.mtx,bfp8_outlier_lb,bfp8_outlier_lb,controlled_lossy_value_specialized,ok,none,accuracy_pass_runtime_loss,0.0129,0.0115,1.302326,0.736434,,122256,167736,bfp8_outlier,bfp8_outlier,false,0,0,false,0,spmv_max_rel,SKIP
xingo3012.mtx,bfp4_lb,bfp4_lb,controlled_lossy_value_specialized,ok,none,accuracy_pass_runtime_loss,0.0133,0.0122,1.263158,0.714286,,79127,167736,bfp4,bfp4,false,0,0,false,0,spmv_max_rel,SKIP
xingo3012.mtx,hybrid_lb,hybrid_lb,structural_hybrid,ok,none,promoted_fallback,0.0085,0.0067,1.976471,1.117647,,595088,,original,raw_double,false,,,1,0,exact_abs_or_rel,SKIP
xingo3012.mtx,cusparse_default,cusparse_csr,external_baseline,ok,none,external_baseline,0.0168,0.0143,1.000000,0.565476,,595088,381324,original,original,false,,,true,0,exact_abs_or_rel,SKIP
zenios.mtx,original_lb,original_lb,load_balanced_traversal,ok,none,promoted_fallback,0.0075,0.0059,1.853333,1.000000,,10512,6512,original,original,false,0,0,true,0,exact_abs_or_rel,SKIP
zenios.mtx,auto_lossless_lb,original_lb,load_balanced_traversal,ok,none,promoted_fallback,0.0069,0.0051,2.014493,1.086957,,10512,6512,auto_lossless,original,true,638,10512,true,0,exact_abs_or_rel,SKIP
zenios.mtx,fp16_lb,fp16_lb,controlled_lossy_value_specialized,ok,none,accuracy_pass_runtime_win,0.0071,0.0051,1.957746,1.056338,,2628,6512,fp16,fp16,false,0,0,false,0,spmv_max_rel,SKIP
zenios.mtx,bf16_lb,bf16_lb,controlled_lossy_value_specialized,ok,none,accuracy_pass_runtime_win,0.0071,0.0057,1.957746,1.056338,,2628,6512,bf16,bf16,false,0,0,false,0,spmv_max_rel,SKIP
zenios.mtx,bfp8_lb,bfp8_lb,controlled_lossy_value_specialized,ok,none,accuracy_pass_runtime_win,0.0073,0.0060,1.904110,1.027397,,2942,6512,bfp8,bfp8,false,0,0,false,0,spmv_max_rel,SKIP
zenios.mtx,bfp8_outlier_lb,bfp8_outlier_lb,controlled_lossy_value_specialized,ok,none,accuracy_pass_runtime_loss,0.0093,0.0080,1.494624,0.806452,,3038,6512,bfp8_outlier,bfp8_outlier,false,0,0,false,0,spmv_max_rel,SKIP
zenios.mtx,bfp4_lb,bfp4_lb,controlled_lossy_value_specialized,ok,none,accuracy_pass_runtime_loss,0.0087,0.0069,1.597701,0.862069,,2285,6512,bfp4,bfp4,false,0,0,false,0,spmv_max_rel,SKIP
zenios.mtx,hybrid_lb,hybrid_lb,structural_hybrid,ok,none,promoted_fallback,0.0068,0.0053,2.044118,1.102941,,10512,,original,raw_double,false,,,1,0,exact_abs_or_rel,SKIP
zenios.mtx,cusparse_default,cusparse_csr,external_baseline,ok,none,external_baseline,0.0139,0.0102,1.000000,0.539568,,10512,16752,original,original,false,,,true,0,exact_abs_or_rel,SKIP
zeros_nopss_13k.mtx,original_lb,original_lb,load_balanced_traversal,ok,none,promoted_fallback,0.0101,0.0087,1.435644,1.000000,,390616,96648,original,original,false,0,0,true,0,exact_abs_or_rel,SKIP
zeros_nopss_13k.mtx,auto_lossless_lb,original_lb,load_balanced_traversal,ok,none,promoted_fallback,0.0101,0.0087,1.435644,1.000000,,390616,96648,auto_lossless,original,true,19949,390616,true,0,exact_abs_or_rel,SKIP
zeros_nopss_13k.mtx,fp16_lb,fp16_lb,controlled_lossy_value_specialized,ok,none,accuracy_pass_runtime_win,0.0099,0.0084,1.464646,1.020202,,97654,96648,fp16,fp16,false,0,0,false,0,spmv_max_rel,SKIP
zeros_nopss_13k.mtx,bf16_lb,bf16_lb,controlled_lossy_value_specialized,ok,none,accuracy_pass_runtime_win,0.0096,0.0082,1.510417,1.052083,,97654,96648,bf16,bf16,false,0,0,false,0,spmv_max_rel,SKIP
zeros_nopss_13k.mtx,bfp8_lb,bfp8_lb,controlled_lossy_value_specialized,ok,none,accuracy_pass_runtime_loss,0.0101,0.0097,1.435644,1.000000,,72989,96648,bfp8,bfp8,false,0,0,false,0,spmv_max_rel,SKIP
zeros_nopss_13k.mtx,bfp8_outlier_lb,bfp8_outlier_lb,controlled_lossy_value_specialized,ok,none,accuracy_pass_runtime_loss,0.0119,0.0102,1.218487,0.848739,,76877,96648,bfp8_outlier,bfp8_outlier,false,0,0,false,0,spmv_max_rel,SKIP
zeros_nopss_13k.mtx,bfp4_lb,bfp4_lb,controlled_lossy_value_specialized,ok,none,accuracy_pass_runtime_loss,0.0133,0.0122,1.090226,0.759398,,48576,96648,bfp4,bfp4,false,0,0,false,0,spmv_max_rel,SKIP
zeros_nopss_13k.mtx,hybrid_lb,hybrid_lb,structural_hybrid,ok,none,promoted_fallback,0.0080,0.0064,1.812500,1.262500,,390616,,original,raw_double,false,,,1,0,exact_abs_or_rel,SKIP
zeros_nopss_13k.mtx,cusparse_default,cusparse_csr,external_baseline,ok,none,external_baseline,0.0145,0.0123,1.000000,0.696552,,390616,248496,original,original,false,,,true,0,exact_abs_or_rel,SKIP
