matrix,requested_operator,operator_name,operator_family,status,failure_class,claim_status,avg_ms,min_ms,speedup_vs_cusparse,speedup_vs_original_lb,speedup_vs_original_nolb,value_payload_bytes,position_payload_bytes,value_codec,value_codec_effective,value_codec_auto_selected,value_codec_auto_unique_count,value_codec_auto_candidate_payload_bytes,value_codec_exact,value_codebook_size,verify_gate,verify_cpu
3elt_dual.mtx,original_lb,original_lb,load_balanced_traversal,ok,none,promoted_fallback,0.0075,0.0069,1.893333,1.000000,,212448,138072,original,original,false,0,0,true,0,exact_abs_or_rel,SKIP
3elt_dual.mtx,auto_lossless_lb,all_one_lb,lossless_value_specialized,ok,none,accuracy_pass_runtime_win,0.0071,0.0059,2.000000,1.056338,,0,138072,auto_lossless,all_one,true,1,0,true,0,exact_abs_or_rel,SKIP
3elt_dual.mtx,fp16_lb,fp16_lb,controlled_lossy_value_specialized,ok,none,accuracy_pass_runtime_loss,0.0086,0.0068,1.651163,0.872093,,53112,138072,fp16,fp16,false,0,0,false,0,spmv_max_rel,SKIP
3elt_dual.mtx,bf16_lb,bf16_lb,controlled_lossy_value_specialized,ok,none,accuracy_pass_runtime_loss,0.0085,0.0071,1.670588,0.882353,,53112,138072,bf16,bf16,false,0,0,false,0,spmv_max_rel,SKIP
3elt_dual.mtx,bfp8_lb,bfp8_lb,controlled_lossy_value_specialized,ok,none,accuracy_pass_runtime_loss,0.0087,0.0066,1.632184,0.862069,,61074,138072,bfp8,bfp8,false,0,0,false,0,spmv_max_rel,SKIP
3elt_dual.mtx,bfp8_outlier_lb,bfp8_outlier_lb,controlled_lossy_value_specialized,ok,none,accuracy_pass_runtime_loss,0.0089,0.0070,1.595506,0.842697,,61074,138072,bfp8_outlier,bfp8_outlier,false,0,0,false,0,spmv_max_rel,SKIP
3elt_dual.mtx,bfp4_lb,bfp4_lb,controlled_lossy_value_specialized,ok,none,accuracy_pass_runtime_loss,0.0097,0.0089,1.463918,0.773196,,47796,138072,bfp4,bfp4,false,0,0,false,0,spmv_max_rel,SKIP
3elt_dual.mtx,hybrid_lb,hybrid_lb,structural_hybrid,ok,none,promoted_fallback,0.0059,0.0044,2.406780,1.271186,,212448,,original,raw_double,false,,,1,0,exact_abs_or_rel,SKIP
3elt_dual.mtx,cusparse_default,cusparse_csr,external_baseline,ok,none,external_baseline,0.0142,0.0123,1.000000,0.528169,,212448,142228,original,original,false,,,true,0,exact_abs_or_rel,SKIP
662_bus.mtx,original_lb,original_lb,load_balanced_traversal,ok,none,promoted_fallback,0.0069,0.0061,1.811594,1.000000,,19792,11416,original,original,false,0,0,true,0,exact_abs_or_rel,SKIP
662_bus.mtx,auto_lossless_lb,original_lb,load_balanced_traversal,ok,none,promoted_fallback,0.0070,0.0066,1.785714,0.985714,,19792,11416,auto_lossless,original,true,1416,19792,true,0,exact_abs_or_rel,SKIP
662_bus.mtx,fp16_lb,fp16_lb,controlled_lossy_value_specialized,ok,none,accuracy_pass_runtime_loss,0.0081,0.0072,1.543210,0.851852,,4948,11416,fp16,fp16,false,0,0,false,0,spmv_max_rel,SKIP
662_bus.mtx,bf16_lb,bf16_lb,controlled_lossy_value_specialized,ok,none,accuracy_pass_runtime_loss,0.0081,0.0074,1.543210,0.851852,,4948,11416,bf16,bf16,false,0,0,false,0,spmv_max_rel,SKIP
662_bus.mtx,bfp8_lb,bfp8_lb,controlled_lossy_value_specialized,ok,none,accuracy_pass_runtime_loss,0.0092,0.0072,1.358696,0.750000,,5328,11416,bfp8,bfp8,false,0,0,false,0,spmv_max_rel,SKIP
662_bus.mtx,bfp8_outlier_lb,bfp8_outlier_lb,controlled_lossy_value_specialized,ok,none,accuracy_pass_runtime_loss,0.0101,0.0087,1.237624,0.683168,,5520,11416,bfp8_outlier,bfp8_outlier,false,0,0,false,0,spmv_max_rel,SKIP
662_bus.mtx,bfp4_lb,bfp4_lb,controlled_lossy_value_specialized,ok,none,accuracy_pass_runtime_loss,0.0112,0.0091,1.116071,0.616071,,4091,11416,bfp4,bfp4,false,0,0,false,0,spmv_max_rel,SKIP
662_bus.mtx,hybrid_lb,hybrid_lb,structural_hybrid,ok,none,promoted_fallback,0.0066,0.0049,1.893939,1.045455,,19792,,original,raw_double,false,,,1,0,exact_abs_or_rel,SKIP
662_bus.mtx,cusparse_default,cusparse_csr,external_baseline,ok,none,external_baseline,0.0125,0.0102,1.000000,0.552000,,19792,12548,original,original,false,,,true,0,exact_abs_or_rel,SKIP
Cities.mtx,original_lb,original_lb,load_balanced_traversal,ok,none,promoted_fallback,0.0054,0.0046,2.185185,1.000000,,10736,672,original,original,false,0,0,true,0,exact_abs_or_rel,SKIP
Cities.mtx,auto_lossless_lb,dict4_lb,lossless_value_specialized,ok,none,accuracy_pass_runtime_loss,0.0070,0.0063,1.685714,0.771429,,696,672,auto_lossless,dict4,true,3,696,true,3,exact_abs_or_rel,SKIP
Cities.mtx,fp16_lb,fp16_lb,controlled_lossy_value_specialized,ok,none,accuracy_pass_runtime_loss,0.0079,0.0065,1.493671,0.683544,,2684,672,fp16,fp16,false,0,0,false,0,spmv_max_rel,SKIP
Cities.mtx,bf16_lb,bf16_lb,controlled_lossy_value_specialized,ok,none,accuracy_pass_runtime_loss,0.0077,0.0060,1.532468,0.701299,,2684,672,bf16,bf16,false,0,0,false,0,spmv_max_rel,SKIP
Cities.mtx,bfp8_lb,bfp8_lb,controlled_lossy_value_specialized,ok,none,accuracy_pass_runtime_loss,0.0074,0.0051,1.594595,0.729730,,1510,672,bfp8,bfp8,false,0,0,false,0,spmv_max_rel,SKIP
Cities.mtx,bfp8_outlier_lb,bfp8_outlier_lb,controlled_lossy_value_specialized,ok,none,accuracy_pass_runtime_loss,0.0073,0.0054,1.616438,0.739726,,1510,672,bfp8_outlier,bfp8_outlier,false,0,0,false,0,spmv_max_rel,SKIP
Cities.mtx,bfp4_lb,bfp4_lb,controlled_lossy_value_specialized,ok,none,accuracy_pass_runtime_loss,0.0082,0.0068,1.439024,0.658537,,839,672,bfp4,bfp4,false,0,0,false,0,spmv_max_rel,SKIP
Cities.mtx,hybrid_lb,hybrid_lb,structural_hybrid,ok,none,promoted_fallback,0.0077,0.0060,1.532468,0.701299,,10736,,original,raw_double,false,,,1,0,exact_abs_or_rel,SKIP
Cities.mtx,cusparse_default,cusparse_csr,external_baseline,ok,none,external_baseline,0.0118,0.0082,1.000000,0.457627,,10736,5592,original,original,false,,,true,0,exact_abs_or_rel,SKIP
D_10.mtx,original_lb,original_lb,load_balanced_traversal,ok,none,promoted_fallback,0.0089,0.0072,1.730337,1.000000,,60912,35792,original,original,false,0,0,true,0,exact_abs_or_rel,SKIP
D_10.mtx,auto_lossless_lb,original_lb,load_balanced_traversal,ok,none,promoted_fallback,0.0103,0.0087,1.495146,0.864078,,60912,35792,auto_lossless,original,true,19,60912,true,0,exact_abs_or_rel,SKIP
D_10.mtx,fp16_lb,fp16_lb,controlled_lossy_value_specialized,ok,none,accuracy_pass_runtime_loss,0.0093,0.0084,1.655914,0.956989,,15228,35792,fp16,fp16,false,0,0,false,0,spmv_max_rel,SKIP
D_10.mtx,bf16_lb,bf16_lb,controlled_lossy_value_specialized,ok,none,accuracy_pass_runtime_loss,0.0091,0.0085,1.692308,0.978022,,15228,35792,bf16,bf16,false,0,0,false,0,spmv_max_rel,SKIP
D_10.mtx,bfp8_lb,bfp8_lb,controlled_lossy_value_specialized,ok,none,accuracy_pass_runtime_loss,0.0096,0.0091,1.604167,0.927083,,16562,35792,bfp8,bfp8,false,0,0,false,0,spmv_max_rel,SKIP
D_10.mtx,bfp8_outlier_lb,bfp8_outlier_lb,controlled_lossy_value_specialized,ok,none,accuracy_pass_runtime_loss,0.0118,0.0103,1.305085,0.754237,,16882,35792,bfp8_outlier,bfp8_outlier,false,0,0,false,0,spmv_max_rel,SKIP
D_10.mtx,bfp4_lb,bfp4_lb,controlled_lossy_value_specialized,ok,none,accuracy_pass_runtime_loss,0.0136,0.0130,1.132353,0.654412,,12755,35792,bfp4,bfp4,false,0,0,false,0,spmv_max_rel,SKIP
D_10.mtx,hybrid_lb,hybrid_lb,structural_hybrid,ok,none,promoted_fallback,0.0079,0.0069,1.949367,1.126582,,60912,,original,raw_double,false,,,1,0,exact_abs_or_rel,SKIP
D_10.mtx,cusparse_default,cusparse_csr,external_baseline,ok,none,external_baseline,0.0154,0.0102,1.000000,0.577922,,60912,32300,original,original,false,,,true,0,exact_abs_or_rel,SKIP
EX1.mtx,original_lb,original_lb,load_balanced_traversal,ok,none,promoted_fallback,0.0086,0.0071,1.511628,1.000000,,69888,20048,original,original,false,0,0,true,0,exact_abs_or_rel,SKIP
EX1.mtx,auto_lossless_lb,all_one_lb,lossless_value_specialized,ok,none,accuracy_pass_runtime_win,0.0078,0.0066,1.666667,1.102564,,0,20048,auto_lossless,all_one,true,1,0,true,0,exact_abs_or_rel,SKIP
EX1.mtx,fp16_lb,fp16_lb,controlled_lossy_value_specialized,ok,none,accuracy_pass_runtime_loss,0.0103,0.0096,1.262136,0.834951,,17472,20048,fp16,fp16,false,0,0,false,0,spmv_max_rel,SKIP
EX1.mtx,bf16_lb,bf16_lb,controlled_lossy_value_specialized,ok,none,accuracy_pass_runtime_loss,0.0091,0.0073,1.428571,0.945055,,17472,20048,bf16,bf16,false,0,0,false,0,spmv_max_rel,SKIP
EX1.mtx,bfp8_lb,bfp8_lb,controlled_lossy_value_specialized,ok,none,accuracy_pass_runtime_loss,0.0124,0.0107,1.048387,0.693548,,13748,20048,bfp8,bfp8,false,0,0,false,0,spmv_max_rel,SKIP
EX1.mtx,bfp8_outlier_lb,bfp8_outlier_lb,controlled_lossy_value_specialized,ok,none,accuracy_pass_runtime_loss,0.0101,0.0092,1.287129,0.851485,,13748,20048,bfp8_outlier,bfp8_outlier,false,0,0,false,0,spmv_max_rel,SKIP
EX1.mtx,bfp4_lb,bfp4_lb,controlled_lossy_value_specialized,ok,none,accuracy_pass_runtime_loss,0.0140,0.0130,0.928571,0.614286,,9380,20048,bfp4,bfp4,false,0,0,false,0,spmv_max_rel,SKIP
EX1.mtx,hybrid_lb,hybrid_lb,structural_hybrid,ok,none,promoted_fallback,0.0076,0.0059,1.710526,1.131579,,69888,,original,raw_double,false,,,1,0,exact_abs_or_rel,SKIP
EX1.mtx,cusparse_default,cusparse_csr,external_baseline,ok,none,external_baseline,0.0130,0.0102,1.000000,0.661538,,69888,37188,original,original,false,,,true,0,exact_abs_or_rel,SKIP
Erdos991.mtx,original_lb,original_lb,load_balanced_traversal,ok,none,promoted_fallback,0.0096,0.0071,1.302083,1.000000,,22672,17976,original,original,false,0,0,true,0,exact_abs_or_rel,SKIP
Erdos991.mtx,auto_lossless_lb,all_one_lb,lossless_value_specialized,ok,none,accuracy_pass_runtime_win,0.0094,0.0072,1.329787,1.021277,,0,17976,auto_lossless,all_one,true,1,0,true,0,exact_abs_or_rel,SKIP
Erdos991.mtx,fp16_lb,fp16_lb,controlled_lossy_value_specialized,ok,none,accuracy_pass_runtime_win,0.0094,0.0084,1.329787,1.021277,,5668,17976,fp16,fp16,false,0,0,false,0,spmv_max_rel,SKIP
Erdos991.mtx,bf16_lb,bf16_lb,controlled_lossy_value_specialized,ok,none,accuracy_pass_runtime_win,0.0095,0.0077,1.315789,1.010526,,5668,17976,bf16,bf16,false,0,0,false,0,spmv_max_rel,SKIP
Erdos991.mtx,bfp8_lb,bfp8_lb,controlled_lossy_value_specialized,ok,none,accuracy_pass_runtime_loss,0.0097,0.0089,1.288660,0.989691,,7328,17976,bfp8,bfp8,false,0,0,false,0,spmv_max_rel,SKIP
Erdos991.mtx,bfp8_outlier_lb,bfp8_outlier_lb,controlled_lossy_value_specialized,ok,none,accuracy_pass_runtime_loss,0.0098,0.0088,1.275510,0.979592,,7328,17976,bfp8_outlier,bfp8_outlier,false,0,0,false,0,spmv_max_rel,SKIP
Erdos991.mtx,bfp4_lb,bfp4_lb,controlled_lossy_value_specialized,ok,none,accuracy_pass_runtime_loss,0.0137,0.0130,0.912409,0.700730,,5911,17976,bfp4,bfp4,false,0,0,false,0,spmv_max_rel,SKIP
Erdos991.mtx,hybrid_lb,hybrid_lb,structural_hybrid,ok,none,promoted_fallback,0.0072,0.0056,1.736111,1.333333,,22672,,original,raw_double,false,,,1,0,exact_abs_or_rel,SKIP
Erdos991.mtx,cusparse_default,cusparse_csr,external_baseline,ok,none,external_baseline,0.0125,0.0102,1.000000,0.768000,,22672,13308,original,original,false,,,true,0,exact_abs_or_rel,SKIP
Franz6.mtx,original_lb,original_lb,load_balanced_traversal,ok,none,promoted_fallback,0.0059,0.0043,2.457627,1.000000,,363648,63120,original,original,false,0,0,true,0,exact_abs_or_rel,SKIP
Franz6.mtx,auto_lossless_lb,sign2_lb,lossless_value_specialized,ok,none,accuracy_pass_runtime_loss,0.0074,0.0063,1.959459,0.797297,,31560,63120,auto_lossless,sign2,true,2,31560,true,0,exact_abs_or_rel,SKIP
Franz6.mtx,fp16_lb,fp16_lb,controlled_lossy_value_specialized,ok,none,accuracy_pass_runtime_loss,0.0066,0.0051,2.196970,0.893939,,90912,63120,fp16,fp16,false,0,0,false,0,spmv_max_rel,SKIP
Franz6.mtx,bf16_lb,bf16_lb,controlled_lossy_value_specialized,ok,none,accuracy_pass_runtime_loss,0.0069,0.0053,2.101449,0.855072,,90912,63120,bf16,bf16,false,0,0,false,0,spmv_max_rel,SKIP
Franz6.mtx,bfp8_lb,bfp8_lb,controlled_lossy_value_specialized,ok,none,accuracy_pass_runtime_loss,0.0063,0.0051,2.301587,0.936508,,61236,63120,bfp8,bfp8,false,0,0,false,0,spmv_max_rel,SKIP
Franz6.mtx,bfp8_outlier_lb,bfp8_outlier_lb,controlled_lossy_value_specialized,ok,none,accuracy_pass_runtime_loss,0.0070,0.0050,2.071429,0.842857,,61236,63120,bfp8_outlier,bfp8_outlier,false,0,0,false,0,spmv_max_rel,SKIP
Franz6.mtx,bfp4_lb,bfp4_lb,controlled_lossy_value_specialized,ok,none,accuracy_pass_runtime_loss,0.0076,0.0067,1.907895,0.776316,,38508,63120,bfp4,bfp4,false,0,0,false,0,spmv_max_rel,SKIP
Franz6.mtx,hybrid_lb,hybrid_lb,structural_hybrid,ok,none,promoted_fallback,0.0059,0.0040,2.457627,1.000000,,363648,,original,raw_double,false,,,1,0,exact_abs_or_rel,SKIP
Franz6.mtx,cusparse_default,cusparse_csr,external_baseline,ok,none,external_baseline,0.0145,0.0123,1.000000,0.406897,,363648,212132,original,original,false,,,true,0,exact_abs_or_rel,SKIP
G12.mtx,original_lb,original_lb,load_balanced_traversal,ok,none,promoted_fallback,0.0056,0.0047,2.660714,1.000000,,25600,6400,original,original,false,0,0,true,0,exact_abs_or_rel,SKIP
G12.mtx,auto_lossless_lb,sign2_lb,lossless_value_specialized,ok,none,accuracy_pass_runtime_loss,0.0068,0.0051,2.191176,0.823529,,3200,6400,auto_lossless,sign2,true,2,3200,true,0,exact_abs_or_rel,SKIP
G12.mtx,fp16_lb,fp16_lb,controlled_lossy_value_specialized,ok,none,accuracy_pass_runtime_win,0.0052,0.0047,2.865385,1.076923,,6400,6400,fp16,fp16,false,0,0,false,0,spmv_max_rel,SKIP
G12.mtx,bf16_lb,bf16_lb,controlled_lossy_value_specialized,ok,none,accuracy_pass_runtime_win,0.0051,0.0046,2.921569,1.098039,,6400,6400,bf16,bf16,false,0,0,false,0,spmv_max_rel,SKIP
G12.mtx,bfp8_lb,bfp8_lb,controlled_lossy_value_specialized,ok,none,accuracy_pass_runtime_win,0.0047,0.0038,3.170213,1.191489,,4800,6400,bfp8,bfp8,false,0,0,false,0,spmv_max_rel,SKIP
G12.mtx,bfp8_outlier_lb,bfp8_outlier_lb,controlled_lossy_value_specialized,ok,none,accuracy_pass_runtime_loss,0.0057,0.0047,2.614035,0.982456,,4800,6400,bfp8_outlier,bfp8_outlier,false,0,0,false,0,spmv_max_rel,SKIP
G12.mtx,bfp4_lb,bfp4_lb,controlled_lossy_value_specialized,ok,none,accuracy_pass_runtime_loss,0.0071,0.0067,2.098592,0.788732,,3200,6400,bfp4,bfp4,false,0,0,false,0,spmv_max_rel,SKIP
G12.mtx,hybrid_lb,hybrid_lb,structural_hybrid,ok,none,promoted_fallback,0.0055,0.0048,2.709091,1.018182,,25600,,original,raw_double,false,,,1,0,exact_abs_or_rel,SKIP
G12.mtx,cusparse_default,cusparse_csr,external_baseline,ok,none,external_baseline,0.0149,0.0123,1.000000,0.375839,,25600,16004,original,original,false,,,true,0,exact_abs_or_rel,SKIP
G2.mtx,original_lb,original_lb,load_balanced_traversal,ok,none,promoted_fallback,0.0091,0.0079,1.373626,1.000000,,306816,137896,original,original,false,0,0,true,0,exact_abs_or_rel,SKIP
G2.mtx,auto_lossless_lb,all_one_lb,lossless_value_specialized,ok,none,accuracy_pass_runtime_win,0.0086,0.0078,1.453488,1.058140,,0,137896,auto_lossless,all_one,true,1,0,true,0,exact_abs_or_rel,SKIP
G2.mtx,fp16_lb,fp16_lb,controlled_lossy_value_specialized,ok,none,accuracy_pass_runtime_win,0.0089,0.0076,1.404494,1.022472,,76704,137896,fp16,fp16,false,0,0,false,0,spmv_max_rel,SKIP
G2.mtx,bf16_lb,bf16_lb,controlled_lossy_value_specialized,ok,none,accuracy_pass_runtime_win,0.0086,0.0071,1.453488,1.058140,,76704,137896,bf16,bf16,false,0,0,false,0,spmv_max_rel,SKIP
G2.mtx,bfp8_lb,bfp8_lb,controlled_lossy_value_specialized,ok,none,accuracy_pass_runtime_loss,0.0096,0.0084,1.302083,0.947917,,72826,137896,bfp8,bfp8,false,0,0,false,0,spmv_max_rel,SKIP
G2.mtx,bfp8_outlier_lb,bfp8_outlier_lb,controlled_lossy_value_specialized,ok,none,accuracy_pass_runtime_loss,0.0100,0.0085,1.250000,0.910000,,72826,137896,bfp8_outlier,bfp8_outlier,false,0,0,false,0,spmv_max_rel,SKIP
G2.mtx,bfp4_lb,bfp4_lb,controlled_lossy_value_specialized,ok,none,accuracy_pass_runtime_loss,0.0150,0.0140,0.833333,0.606667,,53650,137896,bfp4,bfp4,false,0,0,false,0,spmv_max_rel,SKIP
G2.mtx,hybrid_lb,hybrid_lb,structural_hybrid,ok,none,promoted_fallback,0.0085,0.0069,1.470588,1.070588,,306816,,original,raw_double,false,,,1,0,exact_abs_or_rel,SKIP
G2.mtx,cusparse_default,cusparse_csr,external_baseline,ok,none,external_baseline,0.0125,0.0102,1.000000,0.728000,,306816,156612,original,original,false,,,true,0,exact_abs_or_rel,SKIP
G27.mtx,original_lb,original_lb,load_balanced_traversal,ok,none,promoted_fallback,0.0092,0.0084,1.673913,1.000000,,319840,273992,original,original,false,0,0,true,0,exact_abs_or_rel,SKIP
G27.mtx,auto_lossless_lb,sign2_lb,lossless_value_specialized,ok,none,accuracy_pass_runtime_loss,0.0110,0.0097,1.400000,0.836364,,136996,273992,auto_lossless,sign2,true,2,136996,true,0,exact_abs_or_rel,SKIP
G27.mtx,fp16_lb,fp16_lb,controlled_lossy_value_specialized,ok,none,accuracy_pass_runtime_win,0.0091,0.0084,1.692308,1.010989,,79960,273992,fp16,fp16,false,0,0,false,0,spmv_max_rel,SKIP
G27.mtx,bf16_lb,bf16_lb,controlled_lossy_value_specialized,ok,none,accuracy_pass_runtime_win,0.0091,0.0079,1.692308,1.010989,,79960,273992,bf16,bf16,false,0,0,false,0,spmv_max_rel,SKIP
G27.mtx,bfp8_lb,bfp8_lb,controlled_lossy_value_specialized,ok,none,accuracy_pass_runtime_loss,0.0105,0.0087,1.466667,0.876190,,108478,273992,bfp8,bfp8,false,0,0,false,0,spmv_max_rel,SKIP
G27.mtx,bfp8_outlier_lb,bfp8_outlier_lb,controlled_lossy_value_specialized,ok,none,accuracy_pass_runtime_loss,0.0093,0.0087,1.655914,0.989247,,108478,273992,bfp8_outlier,bfp8_outlier,false,0,0,false,0,spmv_max_rel,SKIP
G27.mtx,bfp4_lb,bfp4_lb,controlled_lossy_value_specialized,ok,none,accuracy_pass_runtime_loss,0.0142,0.0130,1.084507,0.647887,,88488,273992,bfp4,bfp4,false,0,0,false,0,spmv_max_rel,SKIP
G27.mtx,hybrid_lb,hybrid_lb,structural_hybrid,ok,none,promoted_fallback,0.0078,0.0053,1.974359,1.179487,,319840,,original,raw_double,false,,,1,0,exact_abs_or_rel,SKIP
G27.mtx,cusparse_default,cusparse_csr,external_baseline,ok,none,external_baseline,0.0154,0.0102,1.000000,0.597403,,319840,167924,original,original,false,,,true,0,exact_abs_or_rel,SKIP
G34.mtx,original_lb,original_lb,load_balanced_traversal,ok,none,promoted_fallback,0.0056,0.0043,2.375000,1.000000,,64000,16000,original,original,false,0,0,true,0,exact_abs_or_rel,SKIP
G34.mtx,auto_lossless_lb,sign2_lb,lossless_value_specialized,ok,none,accuracy_pass_runtime_loss,0.0070,0.0059,1.900000,0.800000,,8000,16000,auto_lossless,sign2,true,2,8000,true,0,exact_abs_or_rel,SKIP
G34.mtx,fp16_lb,fp16_lb,controlled_lossy_value_specialized,ok,none,accuracy_pass_runtime_loss,0.0056,0.0044,2.375000,1.000000,,16000,16000,fp16,fp16,false,0,0,false,0,spmv_max_rel,SKIP
G34.mtx,bf16_lb,bf16_lb,controlled_lossy_value_specialized,ok,none,accuracy_pass_runtime_loss,0.0065,0.0046,2.046154,0.861538,,16000,16000,bf16,bf16,false,0,0,false,0,spmv_max_rel,SKIP
G34.mtx,bfp8_lb,bfp8_lb,controlled_lossy_value_specialized,ok,none,accuracy_pass_runtime_win,0.0055,0.0046,2.418182,1.018182,,12000,16000,bfp8,bfp8,false,0,0,false,0,spmv_max_rel,SKIP
G34.mtx,bfp8_outlier_lb,bfp8_outlier_lb,controlled_lossy_value_specialized,ok,none,accuracy_pass_runtime_loss,0.0056,0.0036,2.375000,1.000000,,12000,16000,bfp8_outlier,bfp8_outlier,false,0,0,false,0,spmv_max_rel,SKIP
G34.mtx,bfp4_lb,bfp4_lb,controlled_lossy_value_specialized,ok,none,accuracy_pass_runtime_loss,0.0075,0.0068,1.773333,0.746667,,8000,16000,bfp4,bfp4,false,0,0,false,0,spmv_max_rel,SKIP
G34.mtx,hybrid_lb,hybrid_lb,structural_hybrid,ok,none,promoted_fallback,0.0068,0.0050,1.955882,0.823529,,64000,,original,raw_double,false,,,1,0,exact_abs_or_rel,SKIP
G34.mtx,cusparse_default,cusparse_csr,external_baseline,ok,none,external_baseline,0.0133,0.0123,1.000000,0.421053,,64000,40004,original,original,false,,,true,0,exact_abs_or_rel,SKIP
G41.mtx,original_lb,original_lb,load_balanced_traversal,ok,none,promoted_fallback,0.0092,0.0088,1.793478,1.000000,,188560,149920,original,original,false,0,0,true,0,exact_abs_or_rel,SKIP
G41.mtx,auto_lossless_lb,sign2_lb,lossless_value_specialized,ok,none,accuracy_pass_runtime_loss,0.0111,0.0100,1.486486,0.828829,,74960,149920,auto_lossless,sign2,true,2,74960,true,0,exact_abs_or_rel,SKIP
G41.mtx,fp16_lb,fp16_lb,controlled_lossy_value_specialized,ok,none,accuracy_pass_runtime_loss,0.0100,0.0081,1.650000,0.920000,,47140,149920,fp16,fp16,false,0,0,false,0,spmv_max_rel,SKIP
G41.mtx,bf16_lb,bf16_lb,controlled_lossy_value_specialized,ok,none,accuracy_pass_runtime_win,0.0088,0.0079,1.875000,1.045455,,47140,149920,bf16,bf16,false,0,0,false,0,spmv_max_rel,SKIP
G41.mtx,bfp8_lb,bfp8_lb,controlled_lossy_value_specialized,ok,none,accuracy_pass_runtime_loss,0.0109,0.0098,1.513761,0.844037,,61050,149920,bfp8,bfp8,false,0,0,false,0,spmv_max_rel,SKIP
G41.mtx,bfp8_outlier_lb,bfp8_outlier_lb,controlled_lossy_value_specialized,ok,none,accuracy_pass_runtime_loss,0.0111,0.0102,1.486486,0.828829,,61050,149920,bfp8_outlier,bfp8_outlier,false,0,0,false,0,spmv_max_rel,SKIP
G41.mtx,bfp4_lb,bfp4_lb,controlled_lossy_value_specialized,ok,none,accuracy_pass_runtime_loss,0.0144,0.0130,1.145833,0.638889,,49265,149920,bfp4,bfp4,false,0,0,false,0,spmv_max_rel,SKIP
G41.mtx,hybrid_lb,hybrid_lb,structural_hybrid,ok,none,promoted_fallback,0.0136,0.0122,1.213235,0.676471,,188560,,original,raw_double,false,,,1,0,exact_abs_or_rel,SKIP
G41.mtx,cusparse_default,cusparse_csr,external_baseline,ok,none,external_baseline,0.0165,0.0143,1.000000,0.557576,,188560,102284,original,original,false,,,true,0,exact_abs_or_rel,SKIP
G49.mtx,original_lb,original_lb,load_balanced_traversal,ok,none,promoted_fallback,0.0073,0.0051,1.986301,1.000000,,96000,24000,original,original,false,0,0,true,0,exact_abs_or_rel,SKIP
G49.mtx,auto_lossless_lb,all_one_lb,lossless_value_specialized,ok,none,accuracy_pass_runtime_win,0.0068,0.0057,2.132353,1.073529,,0,24000,auto_lossless,all_one,true,1,0,true,0,exact_abs_or_rel,SKIP
G49.mtx,fp16_lb,fp16_lb,controlled_lossy_value_specialized,ok,none,accuracy_pass_runtime_win,0.0060,0.0045,2.416667,1.216667,,24000,24000,fp16,fp16,false,0,0,false,0,spmv_max_rel,SKIP
G49.mtx,bf16_lb,bf16_lb,controlled_lossy_value_specialized,ok,none,accuracy_pass_runtime_win,0.0064,0.0051,2.265625,1.140625,,24000,24000,bf16,bf16,false,0,0,false,0,spmv_max_rel,SKIP
G49.mtx,bfp8_lb,bfp8_lb,controlled_lossy_value_specialized,ok,none,accuracy_pass_runtime_win,0.0067,0.0053,2.164179,1.089552,,18000,24000,bfp8,bfp8,false,0,0,false,0,spmv_max_rel,SKIP
G49.mtx,bfp8_outlier_lb,bfp8_outlier_lb,controlled_lossy_value_specialized,ok,none,accuracy_pass_runtime_loss,0.0073,0.0058,1.986301,1.000000,,18000,24000,bfp8_outlier,bfp8_outlier,false,0,0,false,0,spmv_max_rel,SKIP
G49.mtx,bfp4_lb,bfp4_lb,controlled_lossy_value_specialized,ok,none,accuracy_pass_runtime_loss,0.0087,0.0075,1.666667,0.839080,,12000,24000,bfp4,bfp4,false,0,0,false,0,spmv_max_rel,SKIP
G49.mtx,hybrid_lb,hybrid_lb,structural_hybrid,ok,none,promoted_fallback,0.0057,0.0047,2.543860,1.280702,,96000,,original,raw_double,false,,,1,0,exact_abs_or_rel,SKIP
G49.mtx,cusparse_default,cusparse_csr,external_baseline,ok,none,external_baseline,0.0145,0.0123,1.000000,0.503448,,96000,60004,original,original,false,,,true,0,exact_abs_or_rel,SKIP
G56.mtx,original_lb,original_lb,load_balanced_traversal,ok,none,promoted_fallback,0.0093,0.0087,1.709677,1.000000,,199968,196912,original,original,false,0,0,true,0,exact_abs_or_rel,SKIP
G56.mtx,auto_lossless_lb,sign2_lb,lossless_value_specialized,ok,none,accuracy_pass_runtime_loss,0.0112,0.0093,1.419643,0.830357,,98456,196912,auto_lossless,sign2,true,2,98456,true,0,exact_abs_or_rel,SKIP
G56.mtx,fp16_lb,fp16_lb,controlled_lossy_value_specialized,ok,none,accuracy_pass_runtime_loss,0.0096,0.0067,1.656250,0.968750,,49992,196912,fp16,fp16,false,0,0,false,0,spmv_max_rel,SKIP
G56.mtx,bf16_lb,bf16_lb,controlled_lossy_value_specialized,ok,none,accuracy_pass_runtime_loss,0.0099,0.0094,1.606061,0.939394,,49992,196912,bf16,bf16,false,0,0,false,0,spmv_max_rel,SKIP
G56.mtx,bfp8_lb,bfp8_lb,controlled_lossy_value_specialized,ok,none,accuracy_pass_runtime_loss,0.0103,0.0092,1.543689,0.902913,,74224,196912,bfp8,bfp8,false,0,0,false,0,spmv_max_rel,SKIP
G56.mtx,bfp8_outlier_lb,bfp8_outlier_lb,controlled_lossy_value_specialized,ok,none,accuracy_pass_runtime_loss,0.0104,0.0087,1.528846,0.894231,,74224,196912,bfp8_outlier,bfp8_outlier,false,0,0,false,0,spmv_max_rel,SKIP
G56.mtx,bfp4_lb,bfp4_lb,controlled_lossy_value_specialized,ok,none,accuracy_pass_runtime_loss,0.0137,0.0128,1.160584,0.678832,,61726,196912,bfp4,bfp4,false,0,0,false,0,spmv_max_rel,SKIP
G56.mtx,hybrid_lb,hybrid_lb,structural_hybrid,ok,none,promoted_fallback,0.0069,0.0053,2.304348,1.347826,,199968,,original,raw_double,false,,,1,0,exact_abs_or_rel,SKIP
G56.mtx,cusparse_default,cusparse_csr,external_baseline,ok,none,external_baseline,0.0159,0.0143,1.000000,0.584906,,199968,119988,original,original,false,,,true,0,exact_abs_or_rel,SKIP
G63.mtx,original_lb,original_lb,load_balanced_traversal,ok,none,promoted_fallback,0.0099,0.0080,1.575758,1.000000,,663344,602000,original,original,false,0,0,true,0,exact_abs_or_rel,SKIP
G63.mtx,auto_lossless_lb,all_one_lb,lossless_value_specialized,ok,none,accuracy_pass_runtime_win,0.0090,0.0087,1.733333,1.100000,,0,602000,auto_lossless,all_one,true,1,0,true,0,exact_abs_or_rel,SKIP
G63.mtx,fp16_lb,fp16_lb,controlled_lossy_value_specialized,ok,none,accuracy_pass_runtime_loss,0.0103,0.0094,1.514563,0.961165,,165836,602000,fp16,fp16,false,0,0,false,0,spmv_max_rel,SKIP
G63.mtx,bf16_lb,bf16_lb,controlled_lossy_value_specialized,ok,none,accuracy_pass_runtime_loss,0.0109,0.0087,1.431193,0.908257,,165836,602000,bf16,bf16,false,0,0,false,0,spmv_max_rel,SKIP
G63.mtx,bfp8_lb,bfp8_lb,controlled_lossy_value_specialized,ok,none,accuracy_pass_runtime_loss,0.0112,0.0100,1.392857,0.883929,,233418,602000,bfp8,bfp8,false,0,0,false,0,spmv_max_rel,SKIP
G63.mtx,bfp8_outlier_lb,bfp8_outlier_lb,controlled_lossy_value_specialized,ok,none,accuracy_pass_runtime_loss,0.0111,0.0101,1.405405,0.891892,,233418,602000,bfp8_outlier,bfp8_outlier,false,0,0,false,0,spmv_max_rel,SKIP
G63.mtx,bfp4_lb,bfp4_lb,controlled_lossy_value_specialized,ok,none,accuracy_pass_runtime_loss,0.0148,0.0140,1.054054,0.668919,,191959,602000,bfp4,bfp4,false,0,0,false,0,spmv_max_rel,SKIP
G63.mtx,hybrid_lb,hybrid_lb,structural_hybrid,ok,none,promoted_fallback,0.0161,0.0134,0.968944,0.614907,,663344,,original,raw_double,false,,,1,0,exact_abs_or_rel,SKIP
G63.mtx,cusparse_default,cusparse_csr,external_baseline,ok,none,external_baseline,0.0156,0.0123,1.000000,0.634615,,663344,359676,original,original,false,,,true,0,exact_abs_or_rel,SKIP
GD01_c.mtx,original_lb,original_lb,load_balanced_traversal,ok,none,promoted_fallback,0.0075,0.0066,1.520000,1.000000,,1080,160,original,original,false,0,0,true,0,exact_abs_or_rel,SKIP
GD01_c.mtx,auto_lossless_lb,dict2_lb,lossless_value_specialized,ok,none,accuracy_pass_runtime_win,0.0061,0.0045,1.868852,1.229508,,96,160,auto_lossless,dict2,true,2,96,true,2,exact_abs_or_rel,SKIP
GD01_c.mtx,fp16_lb,fp16_lb,controlled_lossy_value_specialized,ok,none,accuracy_pass_runtime_win,0.0059,0.0051,1.932203,1.271186,,270,160,fp16,fp16,false,0,0,false,0,spmv_max_rel,SKIP
GD01_c.mtx,bf16_lb,bf16_lb,controlled_lossy_value_specialized,ok,none,accuracy_pass_runtime_win,0.0060,0.0050,1.900000,1.250000,,270,160,bf16,bf16,false,0,0,false,0,spmv_max_rel,SKIP
GD01_c.mtx,bfp8_lb,bfp8_lb,controlled_lossy_value_specialized,ok,none,accuracy_pass_runtime_win,0.0056,0.0044,2.035714,1.339286,,175,160,bfp8,bfp8,false,0,0,false,0,spmv_max_rel,SKIP
GD01_c.mtx,bfp8_outlier_lb,bfp8_outlier_lb,controlled_lossy_value_specialized,ok,none,accuracy_pass_runtime_win,0.0052,0.0044,2.192308,1.442308,,175,160,bfp8_outlier,bfp8_outlier,false,0,0,false,0,spmv_max_rel,SKIP
GD01_c.mtx,bfp4_lb,bfp4_lb,controlled_lossy_value_specialized,ok,none,accuracy_pass_runtime_win,0.0060,0.0046,1.900000,1.250000,,108,160,bfp4,bfp4,false,0,0,false,0,spmv_max_rel,SKIP
GD01_c.mtx,hybrid_lb,hybrid_lb,structural_hybrid,ok,none,promoted_fallback,0.0065,0.0045,1.753846,1.153846,,1080,,original,raw_double,false,,,1,0,exact_abs_or_rel,SKIP
GD01_c.mtx,cusparse_default,cusparse_csr,external_baseline,ok,none,external_baseline,0.0114,0.0082,1.000000,0.657895,,1080,676,original,original,false,,,true,0,exact_abs_or_rel,SKIP
GD96_a.mtx,original_lb,original_lb,load_balanced_traversal,ok,none,promoted_fallback,0.0075,0.0066,1.826667,1.000000,,13416,11624,original,original,false,0,0,true,0,exact_abs_or_rel,SKIP
GD96_a.mtx,auto_lossless_lb,dict2_lb,lossless_value_specialized,ok,none,accuracy_pass_runtime_loss,0.0093,0.0084,1.473118,0.806452,,5828,11624,auto_lossless,dict2,true,2,5828,true,2,exact_abs_or_rel,SKIP
GD96_a.mtx,fp16_lb,fp16_lb,controlled_lossy_value_specialized,ok,none,accuracy_pass_runtime_loss,0.0092,0.0085,1.489130,0.815217,,3354,11624,fp16,fp16,false,0,0,false,0,spmv_max_rel,SKIP
GD96_a.mtx,bf16_lb,bf16_lb,controlled_lossy_value_specialized,ok,none,accuracy_pass_runtime_loss,0.0090,0.0077,1.522222,0.833333,,3354,11624,bf16,bf16,false,0,0,false,0,spmv_max_rel,SKIP
GD96_a.mtx,bfp8_lb,bfp8_lb,controlled_lossy_value_specialized,ok,none,accuracy_pass_runtime_loss,0.0087,0.0080,1.574713,0.862069,,4583,11624,bfp8,bfp8,false,0,0,false,0,spmv_max_rel,SKIP
GD96_a.mtx,bfp8_outlier_lb,bfp8_outlier_lb,controlled_lossy_value_specialized,ok,none,accuracy_pass_runtime_loss,0.0089,0.0074,1.539326,0.842697,,4583,11624,bfp8_outlier,bfp8_outlier,false,0,0,false,0,spmv_max_rel,SKIP
GD96_a.mtx,bfp4_lb,bfp4_lb,controlled_lossy_value_specialized,ok,none,accuracy_pass_runtime_loss,0.0110,0.0095,1.245455,0.681818,,3745,11624,bfp4,bfp4,false,0,0,false,0,spmv_max_rel,SKIP
GD96_a.mtx,hybrid_lb,hybrid_lb,structural_hybrid,ok,none,promoted_fallback,0.0066,0.0050,2.075758,1.136364,,13416,,original,raw_double,false,,,1,0,exact_abs_or_rel,SKIP
GD96_a.mtx,cusparse_default,cusparse_csr,external_baseline,ok,none,external_baseline,0.0137,0.0102,1.000000,0.547445,,13416,11096,original,original,false,,,true,0,exact_abs_or_rel,SKIP
GD98_b.mtx,original_lb,original_lb,load_balanced_traversal,ok,none,promoted_fallback,0.0070,0.0055,1.657143,1.000000,,1656,912,original,original,false,0,0,true,0,exact_abs_or_rel,SKIP
GD98_b.mtx,auto_lossless_lb,all_one_lb,lossless_value_specialized,ok,none,accuracy_pass_runtime_loss,0.0077,0.0060,1.506494,0.909091,,0,912,auto_lossless,all_one,true,1,0,true,0,exact_abs_or_rel,SKIP
GD98_b.mtx,fp16_lb,fp16_lb,controlled_lossy_value_specialized,ok,none,accuracy_pass_runtime_loss,0.0077,0.0068,1.506494,0.909091,,414,912,fp16,fp16,false,0,0,false,0,spmv_max_rel,SKIP
GD98_b.mtx,bf16_lb,bf16_lb,controlled_lossy_value_specialized,ok,none,accuracy_pass_runtime_loss,0.0074,0.0065,1.567568,0.945946,,414,912,bf16,bf16,false,0,0,false,0,spmv_max_rel,SKIP
GD98_b.mtx,bfp8_lb,bfp8_lb,controlled_lossy_value_specialized,ok,none,accuracy_pass_runtime_win,0.0065,0.0049,1.784615,1.076923,,435,912,bfp8,bfp8,false,0,0,false,0,spmv_max_rel,SKIP
GD98_b.mtx,bfp8_outlier_lb,bfp8_outlier_lb,controlled_lossy_value_specialized,ok,none,accuracy_pass_runtime_win,0.0067,0.0048,1.731343,1.044776,,435,912,bfp8_outlier,bfp8_outlier,false,0,0,false,0,spmv_max_rel,SKIP
GD98_b.mtx,bfp4_lb,bfp4_lb,controlled_lossy_value_specialized,ok,none,accuracy_pass_runtime_loss,0.0071,0.0057,1.633803,0.985915,,332,912,bfp4,bfp4,false,0,0,false,0,spmv_max_rel,SKIP
GD98_b.mtx,hybrid_lb,hybrid_lb,structural_hybrid,ok,none,promoted_fallback,0.0067,0.0054,1.731343,1.044776,,1656,,original,raw_double,false,,,1,0,exact_abs_or_rel,SKIP
GD98_b.mtx,cusparse_default,cusparse_csr,external_baseline,ok,none,external_baseline,0.0116,0.0082,1.000000,0.603448,,1656,1316,original,original,false,,,true,0,exact_abs_or_rel,SKIP
GL6_D_8.mtx,original_lb,original_lb,load_balanced_traversal,ok,none,promoted_fallback,0.0095,0.0071,1.421053,1.000000,,49224,29392,original,original,false,0,0,true,0,exact_abs_or_rel,SKIP
GL6_D_8.mtx,auto_lossless_lb,original_lb,load_balanced_traversal,ok,none,promoted_fallback,0.0087,0.0074,1.551724,1.091954,,49224,29392,auto_lossless,original,true,16,49224,true,0,exact_abs_or_rel,SKIP
GL6_D_8.mtx,fp16_lb,fp16_lb,controlled_lossy_value_specialized,ok,none,accuracy_pass_runtime_loss,0.0097,0.0089,1.391753,0.979381,,12306,29392,fp16,fp16,false,0,0,false,0,spmv_max_rel,SKIP
GL6_D_8.mtx,bf16_lb,bf16_lb,controlled_lossy_value_specialized,ok,none,accuracy_pass_runtime_loss,0.0099,0.0092,1.363636,0.959596,,12306,29392,bf16,bf16,false,0,0,false,0,spmv_max_rel,SKIP
GL6_D_8.mtx,bfp8_lb,bfp8_lb,controlled_lossy_value_specialized,ok,none,accuracy_pass_runtime_win,0.0090,0.0082,1.500000,1.055556,,13501,29392,bfp8,bfp8,false,0,0,false,0,spmv_max_rel,SKIP
GL6_D_8.mtx,bfp8_outlier_lb,bfp8_outlier_lb,controlled_lossy_value_specialized,ok,none,accuracy_pass_runtime_loss,0.0117,0.0102,1.153846,0.811966,,13805,29392,bfp8_outlier,bfp8_outlier,false,0,0,false,0,spmv_max_rel,SKIP
GL6_D_8.mtx,bfp4_lb,bfp4_lb,controlled_lossy_value_specialized,ok,none,accuracy_pass_runtime_loss,0.0142,0.0137,0.950704,0.669014,,10425,29392,bfp4,bfp4,false,0,0,false,0,spmv_max_rel,SKIP
GL6_D_8.mtx,hybrid_lb,hybrid_lb,structural_hybrid,ok,none,promoted_fallback,0.0068,0.0056,1.985294,1.397059,,49224,,original,raw_double,false,,,1,0,exact_abs_or_rel,SKIP
GL6_D_8.mtx,cusparse_default,cusparse_csr,external_baseline,ok,none,external_baseline,0.0135,0.0102,1.000000,0.703704,,49224,26792,original,original,false,,,true,0,exact_abs_or_rel,SKIP
Goodwin_040.mtx,original_lb,original_lb,load_balanced_traversal,ok,none,promoted_fallback,0.0097,0.0084,1.515464,1.000000,,4493416,489952,original,original,false,0,0,true,0,exact_abs_or_rel,SKIP
Goodwin_040.mtx,auto_lossless_lb,dict65536_u16_lb,lossless_value_specialized,ok,none,accuracy_pass_runtime_loss,0.0118,0.0106,1.245763,0.822034,,3934800,489952,auto_lossless,dict65536_u16,true,1898,3934800,true,1898,exact_abs_or_rel,SKIP
Goodwin_040.mtx,fp16_lb,fp16_lb,controlled_lossy_value_specialized,ok,none,accuracy_pass_runtime_loss,0.0100,0.0085,1.470000,0.970000,,1123354,489952,fp16,fp16,false,0,0,false,0,spmv_max_rel,SKIP
Goodwin_040.mtx,bf16_lb,bf16_lb,controlled_lossy_value_specialized,ok,none,accuracy_pass_runtime_loss,0.0105,0.0087,1.400000,0.923810,,1123354,489952,bf16,bf16,false,0,0,false,0,spmv_max_rel,SKIP
Goodwin_040.mtx,bfp8_lb,bfp8_lb,controlled_lossy_value_specialized,ok,none,accuracy_pass_runtime_loss,0.0098,0.0086,1.500000,0.989796,,684165,489952,bfp8,bfp8,false,0,0,false,0,spmv_max_rel,SKIP
Goodwin_040.mtx,bfp8_outlier_lb,bfp8_outlier_lb,controlled_lossy_value_specialized,ok,none,accuracy_pass_runtime_loss,0.0117,0.0102,1.256410,0.829060,,720021,489952,bfp8_outlier,bfp8_outlier,false,0,0,false,0,spmv_max_rel,SKIP
Goodwin_040.mtx,bfp4_lb,bfp4_lb,controlled_lossy_value_specialized,ok,none,accuracy_pass_runtime_loss,0.0125,0.0111,1.176000,0.776000,,403327,489952,bfp4,bfp4,false,0,0,false,0,spmv_max_rel,SKIP
Goodwin_040.mtx,hybrid_lb,hybrid_lb,structural_hybrid,ok,none,promoted_fallback,0.0097,0.0086,1.515464,1.000000,,4493416,,original,raw_double,false,,,1,0,exact_abs_or_rel,SKIP
Goodwin_040.mtx,cusparse_default,cusparse_csr,external_baseline,ok,none,external_baseline,0.0147,0.0123,1.000000,0.659864,,4493416,2318400,original,original,false,,,true,0,exact_abs_or_rel,SKIP
HFE18_96_in.mtx,original_lb,original_lb,load_balanced_traversal,ok,none,promoted_fallback,0.0091,0.0076,1.582418,1.000000,,7466744,675104,original,original,false,0,0,true,0,exact_abs_or_rel,SKIP
HFE18_96_in.mtx,auto_lossless_lb,all_one_lb,lossless_value_specialized,ok,none,accuracy_pass_runtime_loss,0.0100,0.0085,1.440000,0.910000,,0,675104,auto_lossless,all_one,true,1,0,true,0,exact_abs_or_rel,SKIP
HFE18_96_in.mtx,fp16_lb,fp16_lb,controlled_lossy_value_specialized,ok,none,accuracy_pass_runtime_loss,0.0098,0.0084,1.469388,0.928571,,1866686,675104,fp16,fp16,false,0,0,false,0,spmv_max_rel,SKIP
HFE18_96_in.mtx,bf16_lb,bf16_lb,controlled_lossy_value_specialized,ok,none,accuracy_pass_runtime_loss,0.0094,0.0074,1.531915,0.968085,,1866686,675104,bf16,bf16,false,0,0,false,0,spmv_max_rel,SKIP
HFE18_96_in.mtx,bfp8_lb,bfp8_lb,controlled_lossy_value_specialized,ok,none,accuracy_pass_runtime_loss,0.0098,0.0084,1.469388,0.928571,,1102119,675104,bfp8,bfp8,false,0,0,false,0,spmv_max_rel,SKIP
HFE18_96_in.mtx,bfp8_outlier_lb,bfp8_outlier_lb,controlled_lossy_value_specialized,ok,none,accuracy_pass_runtime_loss,0.0094,0.0077,1.531915,0.968085,,1102119,675104,bfp8_outlier,bfp8_outlier,false,0,0,false,0,spmv_max_rel,SKIP
HFE18_96_in.mtx,bfp4_lb,bfp4_lb,controlled_lossy_value_specialized,ok,none,accuracy_pass_runtime_loss,0.0139,0.0129,1.035971,0.654676,,635448,675104,bfp4,bfp4,false,0,0,false,0,spmv_max_rel,SKIP
HFE18_96_in.mtx,hybrid_lb,hybrid_lb,structural_hybrid,ok,none,promoted_fallback,0.0167,0.0145,0.862275,0.544910,,7466744,,original,raw_double,false,,,1,0,exact_abs_or_rel,SKIP
HFE18_96_in.mtx,cusparse_default,cusparse_csr,external_baseline,ok,none,external_baseline,0.0144,0.0123,1.000000,0.631944,,7466744,3742864,original,original,false,,,true,0,exact_abs_or_rel,SKIP
Hardesty1.mtx,original_lb,original_lb,load_balanced_traversal,ok,none,promoted_fallback,0.0877,0.0861,1.303307,1.000000,,97146512,13110792,original,original,false,0,0,true,0,exact_abs_or_rel,SKIP
Hardesty1.mtx,auto_lossless_lb,dict16_lb,lossless_value_specialized,ok,none,accuracy_pass_runtime_win,0.0855,0.0837,1.336842,1.025731,,26221688,13110792,auto_lossless,dict16,true,13,26221688,true,13,exact_abs_or_rel,SKIP
Hardesty1.mtx,fp16_lb,fp16_lb,controlled_lossy_value_specialized,ok,none,accuracy_pass_runtime_win,0.0731,0.0708,1.563611,1.199726,,24286628,13110792,fp16,fp16,false,0,0,false,0,spmv_max_rel,SKIP
Hardesty1.mtx,bf16_lb,bf16_lb,controlled_lossy_value_specialized,ok,none,accuracy_pass_runtime_win,0.0728,0.0712,1.570055,1.204670,,24286628,13110792,bf16,bf16,false,0,0,false,0,spmv_max_rel,SKIP
Hardesty1.mtx,bfp8_lb,bfp8_lb,controlled_lossy_value_specialized,ok,none,accuracy_pass_runtime_win,0.0744,0.0722,1.536290,1.178763,,15421012,13110792,bfp8,bfp8,false,0,0,false,0,spmv_max_rel,SKIP
Hardesty1.mtx,bfp8_outlier_lb,bfp8_outlier_lb,controlled_lossy_value_specialized,ok,none,accuracy_pass_runtime_win,0.0799,0.0743,1.430538,1.097622,,15483348,13110792,bfp8_outlier,bfp8_outlier,false,0,0,false,0,spmv_max_rel,SKIP
Hardesty1.mtx,bfp4_lb,bfp4_lb,controlled_lossy_value_specialized,ok,none,accuracy_pass_runtime_win,0.0820,0.0783,1.393902,1.069512,,9349355,13110792,bfp4,bfp4,false,0,0,false,0,spmv_max_rel,SKIP
Hardesty1.mtx,hybrid_lb,hybrid_lb,structural_hybrid,ok,none,promoted_fallback,0.0815,0.0801,1.402454,1.076074,,97146512,,original,raw_double,false,,,1,0,exact_abs_or_rel,SKIP
Hardesty1.mtx,cusparse_default,cusparse_csr,external_baseline,ok,none,external_baseline,0.1143,0.1107,1.000000,0.767279,,97146512,52328880,original,original,false,,,true,0,exact_abs_or_rel,SKIP
IG5-14.mtx,original_lb,original_lb,load_balanced_traversal,ok,none,promoted_fallback,0.0098,0.0091,1.469388,1.000000,,1386696,658240,original,original,false,0,0,true,0,exact_abs_or_rel,SKIP
IG5-14.mtx,auto_lossless_lb,dict16_lb,lossless_value_specialized,ok,none,accuracy_pass_runtime_loss,0.0117,0.0101,1.230769,0.837607,,1316552,658240,auto_lossless,dict16,true,9,1316552,true,9,exact_abs_or_rel,SKIP
IG5-14.mtx,fp16_lb,fp16_lb,controlled_lossy_value_specialized,ok,none,accuracy_pass_runtime_win,0.0095,0.0084,1.515789,1.031579,,346674,658240,fp16,fp16,false,0,0,false,0,spmv_max_rel,SKIP
IG5-14.mtx,bf16_lb,bf16_lb,controlled_lossy_value_specialized,ok,none,accuracy_pass_runtime_win,0.0093,0.0082,1.548387,1.053763,,346674,658240,bf16,bf16,false,0,0,false,0,spmv_max_rel,SKIP
IG5-14.mtx,bfp8_lb,bfp8_lb,controlled_lossy_value_specialized,ok,none,accuracy_pass_runtime_loss,0.0100,0.0089,1.440000,0.980000,,337897,658240,bfp8,bfp8,false,0,0,false,0,spmv_max_rel,SKIP
IG5-14.mtx,bfp8_outlier_lb,bfp8_outlier_lb,controlled_lossy_value_specialized,ok,none,accuracy_pass_runtime_loss,0.0124,0.0104,1.161290,0.790323,,343209,658240,bfp8_outlier,bfp8_outlier,false,0,0,false,0,spmv_max_rel,SKIP
IG5-14.mtx,bfp4_lb,bfp4_lb,controlled_lossy_value_specialized,ok,none,accuracy_pass_runtime_loss,0.0143,0.0131,1.006993,0.685315,,251229,658240,bfp4,bfp4,false,0,0,false,0,spmv_max_rel,SKIP
IG5-14.mtx,hybrid_lb,hybrid_lb,structural_hybrid,ok,none,promoted_fallback,0.0092,0.0077,1.565217,1.065217,,1386696,,original,raw_double,false,,,1,0,exact_abs_or_rel,SKIP
IG5-14.mtx,cusparse_default,cusparse_csr,external_baseline,ok,none,external_baseline,0.0144,0.0123,1.000000,0.680556,,1386696,720292,original,original,false,,,true,0,exact_abs_or_rel,SKIP
LF10000.mtx,original_lb,original_lb,load_balanced_traversal,ok,none,promoted_fallback,0.0052,0.0044,2.673077,1.000000,,799856,79984,original,original,false,0,0,true,0,exact_abs_or_rel,SKIP
LF10000.mtx,auto_lossless_lb,dict16_lb,lossless_value_specialized,ok,none,accuracy_pass_runtime_loss,0.0056,0.0053,2.482143,0.928571,,160024,79984,auto_lossless,dict16,true,7,160024,true,7,exact_abs_or_rel,SKIP
LF10000.mtx,fp16_lb,fp16_lb,controlled_lossy_value_specialized,ok,none,accuracy_pass_runtime_loss,0.0060,0.0050,2.316667,0.866667,,199964,79984,fp16,fp16,false,0,0,false,0,spmv_max_rel,SKIP
LF10000.mtx,bf16_lb,bf16_lb,controlled_lossy_value_specialized,ok,none,accuracy_pass_runtime_loss,0.0057,0.0048,2.438596,0.912281,,199964,79984,bf16,bf16,false,0,0,false,0,spmv_max_rel,SKIP
LF10000.mtx,bfp8_lb,bfp8_lb,controlled_lossy_value_specialized,ok,none,accuracy_pass_runtime_loss,0.0056,0.0048,2.482143,0.928571,,119978,79984,bfp8,bfp8,false,0,0,false,0,spmv_max_rel,SKIP
LF10000.mtx,bfp8_outlier_lb,bfp8_outlier_lb,controlled_lossy_value_specialized,ok,none,accuracy_pass_runtime_loss,0.0084,0.0072,1.654762,0.619048,,119978,79984,bfp8_outlier,bfp8_outlier,false,0,0,false,0,spmv_max_rel,SKIP
LF10000.mtx,bfp4_lb,bfp4_lb,controlled_lossy_value_specialized,ok,none,accuracy_pass_runtime_loss,0.0054,0.0035,2.574074,0.962963,,69987,79984,bfp4,bfp4,false,0,0,false,0,spmv_max_rel,SKIP
LF10000.mtx,hybrid_lb,hybrid_lb,structural_hybrid,ok,none,promoted_fallback,0.0064,0.0052,2.171875,0.812500,,799856,,original,raw_double,false,,,1,0,exact_abs_or_rel,SKIP
LF10000.mtx,cusparse_default,cusparse_csr,external_baseline,ok,none,external_baseline,0.0139,0.0123,1.000000,0.374101,,799856,479924,original,original,false,,,true,0,exact_abs_or_rel,SKIP
LFAT5_E.mtx,original_lb,original_lb,load_balanced_traversal,ok,none,promoted_fallback,0.0048,0.0033,2.354167,1.000000,,368,64,original,original,false,0,0,true,0,exact_abs_or_rel,SKIP
LFAT5_E.mtx,auto_lossless_lb,dict16_lb,lossless_value_specialized,ok,none,accuracy_pass_runtime_loss,0.0057,0.0044,1.982456,0.842105,,216,64,auto_lossless,dict16,true,11,216,true,11,exact_abs_or_rel,SKIP
LFAT5_E.mtx,fp16_lb,fp16_lb,controlled_lossy_value_specialized,ok,none,accuracy_pass_runtime_loss,0.0055,0.0043,2.054545,0.872727,,92,64,fp16,fp16,false,0,0,false,0,spmv_max_rel,SKIP
LFAT5_E.mtx,bf16_lb,bf16_lb,controlled_lossy_value_specialized,ok,none,accuracy_pass_runtime_loss,0.0059,0.0051,1.915254,0.813559,,92,64,bf16,bf16,false,0,0,false,0,spmv_max_rel,SKIP
LFAT5_E.mtx,bfp8_lb,bfp8_lb,controlled_lossy_value_specialized,ok,none,accuracy_pass_runtime_loss,0.0048,0.0035,2.354167,1.000000,,62,64,bfp8,bfp8,false,0,0,false,0,spmv_max_rel,SKIP
LFAT5_E.mtx,bfp8_outlier_lb,bfp8_outlier_lb,controlled_lossy_value_specialized,ok,none,accuracy_pass_runtime_loss,0.0052,0.0042,2.173077,0.923077,,62,64,bfp8_outlier,bfp8_outlier,false,0,0,false,0,spmv_max_rel,SKIP
LFAT5_E.mtx,bfp4_lb,bfp4_lb,controlled_lossy_value_specialized,ok,none,accuracy_pass_runtime_loss,0.0060,0.0057,1.883333,0.800000,,39,64,bfp4,bfp4,false,0,0,false,0,spmv_max_rel,SKIP
LFAT5_E.mtx,hybrid_lb,hybrid_lb,structural_hybrid,ok,none,promoted_fallback,0.0060,0.0048,1.883333,0.800000,,368,,original,raw_double,false,,,1,0,exact_abs_or_rel,SKIP
LFAT5_E.mtx,cusparse_default,cusparse_csr,external_baseline,ok,none,external_baseline,0.0113,0.0100,1.000000,0.424779,,368,244,original,original,false,,,true,0,exact_abs_or_rel,SKIP
Lederberg.mtx,original_lb,original_lb,load_balanced_traversal,ok,none,promoted_fallback,0.0096,0.0091,1.666667,1.000000,,332808,280128,original,original,false,0,0,true,0,exact_abs_or_rel,SKIP
Lederberg.mtx,auto_lossless_lb,dict2_lb,lossless_value_specialized,ok,none,accuracy_pass_runtime_loss,0.0101,0.0091,1.584158,0.950495,,140080,280128,auto_lossless,dict2,true,2,140080,true,2,exact_abs_or_rel,SKIP
Lederberg.mtx,fp16_lb,fp16_lb,controlled_lossy_value_specialized,ok,none,accuracy_pass_runtime_loss,0.0096,0.0091,1.666667,1.000000,,83202,280128,fp16,fp16,false,0,0,false,0,spmv_max_rel,SKIP
Lederberg.mtx,bf16_lb,bf16_lb,controlled_lossy_value_specialized,ok,none,accuracy_pass_runtime_loss,0.0098,0.0090,1.632653,0.979592,,83202,280128,bf16,bf16,false,0,0,false,0,spmv_max_rel,SKIP
Lederberg.mtx,bfp8_lb,bfp8_lb,controlled_lossy_value_specialized,ok,none,accuracy_pass_runtime_loss,0.0098,0.0088,1.632653,0.979592,,111633,280128,bfp8,bfp8,false,0,0,false,0,spmv_max_rel,SKIP
Lederberg.mtx,bfp8_outlier_lb,bfp8_outlier_lb,controlled_lossy_value_specialized,ok,none,accuracy_pass_runtime_loss,0.0130,0.0113,1.230769,0.738462,,111761,280128,bfp8_outlier,bfp8_outlier,false,0,0,false,0,spmv_max_rel,SKIP
Lederberg.mtx,bfp4_lb,bfp4_lb,controlled_lossy_value_specialized,ok,none,accuracy_pass_runtime_loss,0.0135,0.0126,1.185185,0.711111,,90833,280128,bfp4,bfp4,false,0,0,false,0,spmv_max_rel,SKIP
Lederberg.mtx,hybrid_lb,hybrid_lb,structural_hybrid,ok,none,promoted_fallback,0.0112,0.0097,1.428571,0.857143,,332808,,original,raw_double,false,,,1,0,exact_abs_or_rel,SKIP
Lederberg.mtx,cusparse_default,cusparse_csr,external_baseline,ok,none,external_baseline,0.0160,0.0123,1.000000,0.600000,,332808,201780,original,original,false,,,true,0,exact_abs_or_rel,SKIP
M10PI_n1_C.mtx,original_lb,original_lb,load_balanced_traversal,ok,none,promoted_fallback,0.0055,0.0044,2.036364,1.000000,,24,24,original,original,false,0,0,true,0,exact_abs_or_rel,SKIP
M10PI_n1_C.mtx,auto_lossless_lb,all_one_lb,lossless_value_specialized,ok,none,accuracy_pass_runtime_loss,0.0058,0.0050,1.931034,0.948276,,0,24,auto_lossless,all_one,true,1,0,true,0,exact_abs_or_rel,SKIP
M10PI_n1_C.mtx,fp16_lb,fp16_lb,controlled_lossy_value_specialized,ok,none,accuracy_pass_runtime_loss,0.0056,0.0046,2.000000,0.982143,,6,24,fp16,fp16,false,0,0,false,0,spmv_max_rel,SKIP
M10PI_n1_C.mtx,bf16_lb,bf16_lb,controlled_lossy_value_specialized,ok,none,accuracy_pass_runtime_win,0.0054,0.0045,2.074074,1.018519,,6,24,bf16,bf16,false,0,0,false,0,spmv_max_rel,SKIP
M10PI_n1_C.mtx,bfp8_lb,bfp8_lb,controlled_lossy_value_specialized,ok,none,accuracy_pass_runtime_win,0.0053,0.0044,2.113208,1.037736,,9,24,bfp8,bfp8,false,0,0,false,0,spmv_max_rel,SKIP
M10PI_n1_C.mtx,bfp8_outlier_lb,bfp8_outlier_lb,controlled_lossy_value_specialized,ok,none,accuracy_pass_runtime_loss,0.0077,0.0062,1.454545,0.714286,,9,24,bfp8_outlier,bfp8_outlier,false,0,0,false,0,spmv_max_rel,SKIP
M10PI_n1_C.mtx,bfp4_lb,bfp4_lb,controlled_lossy_value_specialized,ok,none,accuracy_pass_runtime_win,0.0053,0.0036,2.113208,1.037736,,8,24,bfp4,bfp4,false,0,0,false,0,spmv_max_rel,SKIP
M10PI_n1_C.mtx,hybrid_lb,hybrid_lb,structural_hybrid,ok,none,promoted_fallback,0.0060,0.0045,1.866667,0.916667,,24,,original,raw_double,false,,,1,0,exact_abs_or_rel,SKIP
M10PI_n1_C.mtx,cusparse_default,cusparse_csr,external_baseline,ok,none,external_baseline,0.0112,0.0099,1.000000,0.491071,,24,28,original,original,false,,,true,0,exact_abs_or_rel,SKIP
M20PI_n1_C.mtx,original_lb,original_lb,load_balanced_traversal,ok,none,promoted_fallback,0.0058,0.0046,1.931034,1.000000,,24,24,original,original,false,0,0,true,0,exact_abs_or_rel,SKIP
M20PI_n1_C.mtx,auto_lossless_lb,all_one_lb,lossless_value_specialized,ok,none,accuracy_pass_runtime_loss,0.0059,0.0049,1.898305,0.983051,,0,24,auto_lossless,all_one,true,1,0,true,0,exact_abs_or_rel,SKIP
M20PI_n1_C.mtx,fp16_lb,fp16_lb,controlled_lossy_value_specialized,ok,none,accuracy_pass_runtime_loss,0.0064,0.0049,1.750000,0.906250,,6,24,fp16,fp16,false,0,0,false,0,spmv_max_rel,SKIP
M20PI_n1_C.mtx,bf16_lb,bf16_lb,controlled_lossy_value_specialized,ok,none,accuracy_pass_runtime_loss,0.0062,0.0030,1.806452,0.935484,,6,24,bf16,bf16,false,0,0,false,0,spmv_max_rel,SKIP
M20PI_n1_C.mtx,bfp8_lb,bfp8_lb,controlled_lossy_value_specialized,ok,none,accuracy_pass_runtime_win,0.0052,0.0038,2.153846,1.115385,,9,24,bfp8,bfp8,false,0,0,false,0,spmv_max_rel,SKIP
M20PI_n1_C.mtx,bfp8_outlier_lb,bfp8_outlier_lb,controlled_lossy_value_specialized,ok,none,accuracy_pass_runtime_win,0.0048,0.0033,2.333333,1.208333,,9,24,bfp8_outlier,bfp8_outlier,false,0,0,false,0,spmv_max_rel,SKIP
M20PI_n1_C.mtx,bfp4_lb,bfp4_lb,controlled_lossy_value_specialized,ok,none,accuracy_pass_runtime_win,0.0050,0.0042,2.240000,1.160000,,8,24,bfp4,bfp4,false,0,0,false,0,spmv_max_rel,SKIP
M20PI_n1_C.mtx,hybrid_lb,hybrid_lb,structural_hybrid,ok,none,promoted_fallback,0.0062,0.0051,1.806452,0.935484,,24,,original,raw_double,false,,,1,0,exact_abs_or_rel,SKIP
M20PI_n1_C.mtx,cusparse_default,cusparse_csr,external_baseline,ok,none,external_baseline,0.0112,0.0082,1.000000,0.517857,,24,28,original,original,false,,,true,0,exact_abs_or_rel,SKIP
M40PI_n1_C.mtx,original_lb,original_lb,load_balanced_traversal,ok,none,promoted_fallback,0.0054,0.0041,2.037037,1.000000,,24,24,original,original,false,0,0,true,0,exact_abs_or_rel,SKIP
M40PI_n1_C.mtx,auto_lossless_lb,all_one_lb,lossless_value_specialized,ok,none,accuracy_pass_runtime_loss,0.0056,0.0048,1.964286,0.964286,,0,24,auto_lossless,all_one,true,1,0,true,0,exact_abs_or_rel,SKIP
M40PI_n1_C.mtx,fp16_lb,fp16_lb,controlled_lossy_value_specialized,ok,none,accuracy_pass_runtime_win,0.0052,0.0045,2.115385,1.038462,,6,24,fp16,fp16,false,0,0,false,0,spmv_max_rel,SKIP
M40PI_n1_C.mtx,bf16_lb,bf16_lb,controlled_lossy_value_specialized,ok,none,accuracy_pass_runtime_loss,0.0060,0.0055,1.833333,0.900000,,6,24,bf16,bf16,false,0,0,false,0,spmv_max_rel,SKIP
M40PI_n1_C.mtx,bfp8_lb,bfp8_lb,controlled_lossy_value_specialized,ok,none,accuracy_pass_runtime_win,0.0050,0.0035,2.200000,1.080000,,9,24,bfp8,bfp8,false,0,0,false,0,spmv_max_rel,SKIP
M40PI_n1_C.mtx,bfp8_outlier_lb,bfp8_outlier_lb,controlled_lossy_value_specialized,ok,none,accuracy_pass_runtime_win,0.0053,0.0037,2.075472,1.018868,,9,24,bfp8_outlier,bfp8_outlier,false,0,0,false,0,spmv_max_rel,SKIP
M40PI_n1_C.mtx,bfp4_lb,bfp4_lb,controlled_lossy_value_specialized,ok,none,accuracy_pass_runtime_win,0.0047,0.0036,2.340426,1.148936,,8,24,bfp4,bfp4,false,0,0,false,0,spmv_max_rel,SKIP
M40PI_n1_C.mtx,hybrid_lb,hybrid_lb,structural_hybrid,ok,none,promoted_fallback,0.0054,0.0039,2.037037,1.000000,,24,,original,raw_double,false,,,1,0,exact_abs_or_rel,SKIP
M40PI_n1_C.mtx,cusparse_default,cusparse_csr,external_baseline,ok,none,external_baseline,0.0110,0.0082,1.000000,0.490909,,24,28,original,original,false,,,true,0,exact_abs_or_rel,SKIP
M80PI_n1_C.mtx,original_lb,original_lb,load_balanced_traversal,ok,none,promoted_fallback,0.0055,0.0048,2.000000,1.000000,,24,24,original,original,false,0,0,true,0,exact_abs_or_rel,SKIP
M80PI_n1_C.mtx,auto_lossless_lb,all_one_lb,lossless_value_specialized,ok,none,accuracy_pass_runtime_win,0.0054,0.0044,2.037037,1.018519,,0,24,auto_lossless,all_one,true,1,0,true,0,exact_abs_or_rel,SKIP
M80PI_n1_C.mtx,fp16_lb,fp16_lb,controlled_lossy_value_specialized,ok,none,accuracy_pass_runtime_win,0.0054,0.0047,2.037037,1.018519,,6,24,fp16,fp16,false,0,0,false,0,spmv_max_rel,SKIP
M80PI_n1_C.mtx,bf16_lb,bf16_lb,controlled_lossy_value_specialized,ok,none,accuracy_pass_runtime_win,0.0050,0.0044,2.200000,1.100000,,6,24,bf16,bf16,false,0,0,false,0,spmv_max_rel,SKIP
M80PI_n1_C.mtx,bfp8_lb,bfp8_lb,controlled_lossy_value_specialized,ok,none,accuracy_pass_runtime_win,0.0045,0.0033,2.444444,1.222222,,9,24,bfp8,bfp8,false,0,0,false,0,spmv_max_rel,SKIP
M80PI_n1_C.mtx,bfp8_outlier_lb,bfp8_outlier_lb,controlled_lossy_value_specialized,ok,none,accuracy_pass_runtime_win,0.0051,0.0034,2.156863,1.078431,,9,24,bfp8_outlier,bfp8_outlier,false,0,0,false,0,spmv_max_rel,SKIP
M80PI_n1_C.mtx,bfp4_lb,bfp4_lb,controlled_lossy_value_specialized,ok,none,accuracy_pass_runtime_win,0.0050,0.0037,2.200000,1.100000,,8,24,bfp4,bfp4,false,0,0,false,0,spmv_max_rel,SKIP
M80PI_n1_C.mtx,hybrid_lb,hybrid_lb,structural_hybrid,ok,none,promoted_fallback,0.0056,0.0042,1.964286,0.982143,,24,,original,raw_double,false,,,1,0,exact_abs_or_rel,SKIP
M80PI_n1_C.mtx,cusparse_default,cusparse_csr,external_baseline,ok,none,external_baseline,0.0110,0.0082,1.000000,0.500000,,24,28,original,original,false,,,true,0,exact_abs_or_rel,SKIP
Maragal_1.mtx,original_lb,original_lb,load_balanced_traversal,ok,none,promoted_fallback,0.0057,0.0040,2.052632,1.000000,,1872,128,original,original,false,0,0,true,0,exact_abs_or_rel,SKIP
Maragal_1.mtx,auto_lossless_lb,dict256_u8_lb,lossless_value_specialized,ok,none,accuracy_pass_runtime_loss,0.0057,0.0049,2.052632,1.000000,,1096,128,auto_lossless,dict256_u8,true,73,1096,true,73,exact_abs_or_rel,SKIP
Maragal_1.mtx,fp16_lb,fp16_lb,controlled_lossy_value_specialized,ok,none,accuracy_pass_runtime_win,0.0049,0.0038,2.387755,1.163265,,468,128,fp16,fp16,false,0,0,false,0,spmv_max_rel,SKIP
Maragal_1.mtx,bf16_lb,bf16_lb,controlled_lossy_value_specialized,ok,none,accuracy_pass_runtime_win,0.0049,0.0041,2.387755,1.163265,,468,128,bf16,bf16,false,0,0,false,0,spmv_max_rel,SKIP
Maragal_1.mtx,bfp8_lb,bfp8_lb,controlled_lossy_value_specialized,ok,none,accuracy_pass_runtime_win,0.0051,0.0036,2.294118,1.117647,,266,128,bfp8,bfp8,false,0,0,false,0,spmv_max_rel,SKIP
Maragal_1.mtx,bfp8_outlier_lb,bfp8_outlier_lb,controlled_lossy_value_specialized,ok,none,accuracy_pass_runtime_loss,0.0079,0.0066,1.481013,0.721519,,282,128,bfp8_outlier,bfp8_outlier,false,0,0,false,0,spmv_max_rel,SKIP
Maragal_1.mtx,bfp4_lb,bfp4_lb,controlled_lossy_value_specialized,ok,none,accuracy_pass_runtime_loss,0.0057,0.0049,2.052632,1.000000,,149,128,bfp4,bfp4,false,0,0,false,0,spmv_max_rel,SKIP
Maragal_1.mtx,hybrid_lb,hybrid_lb,structural_hybrid,ok,none,promoted_fallback,0.0106,0.0096,1.103774,0.537736,,1872,,original,raw_double,false,,,1,0,exact_abs_or_rel,SKIP
Maragal_1.mtx,cusparse_default,cusparse_csr,external_baseline,ok,none,external_baseline,0.0117,0.0082,1.000000,0.487179,,1872,1068,original,original,false,,,true,0,exact_abs_or_rel,SKIP
Muu.mtx,original_lb,original_lb,load_balanced_traversal,ok,none,promoted_fallback,0.0098,0.0090,1.459184,1.000000,,1361072,153960,original,original,false,0,0,true,0,exact_abs_or_rel,SKIP
Muu.mtx,auto_lossless_lb,dict65536_u16_lb,lossless_value_specialized,ok,none,accuracy_pass_runtime_loss,0.0110,0.0100,1.300000,0.890909,,1282144,153960,auto_lossless,dict65536_u16,true,6308,1282144,true,6308,exact_abs_or_rel,SKIP
Muu.mtx,fp16_lb,fp16_lb,controlled_lossy_value_specialized,ok,none,accuracy_pass_runtime_loss,0.0106,0.0097,1.349057,0.924528,,340268,153960,fp16,fp16,false,0,0,false,0,spmv_max_rel,SKIP
Muu.mtx,bf16_lb,bf16_lb,controlled_lossy_value_specialized,ok,none,accuracy_pass_runtime_win,0.0094,0.0079,1.521277,1.042553,,340268,153960,bf16,bf16,false,0,0,false,0,spmv_max_rel,SKIP
Muu.mtx,bfp8_lb,bfp8_lb,controlled_lossy_value_specialized,ok,none,accuracy_pass_runtime_win,0.0091,0.0083,1.571429,1.076923,,208624,153960,bfp8,bfp8,false,0,0,false,0,spmv_max_rel,SKIP
Muu.mtx,bfp8_outlier_lb,bfp8_outlier_lb,controlled_lossy_value_specialized,ok,none,accuracy_pass_runtime_loss,0.0127,0.0110,1.125984,0.771654,,222032,153960,bfp8_outlier,bfp8_outlier,false,0,0,false,0,spmv_max_rel,SKIP
Muu.mtx,bfp4_lb,bfp4_lb,controlled_lossy_value_specialized,ok,none,accuracy_pass_runtime_loss,0.0136,0.0116,1.051471,0.720588,,123557,153960,bfp4,bfp4,false,0,0,false,0,spmv_max_rel,SKIP
Muu.mtx,hybrid_lb,hybrid_lb,structural_hybrid,ok,none,promoted_fallback,0.0091,0.0072,1.571429,1.076923,,1361072,,original,raw_double,false,,,1,0,exact_abs_or_rel,SKIP
Muu.mtx,cusparse_default,cusparse_csr,external_baseline,ok,none,external_baseline,0.0143,0.0102,1.000000,0.685315,,1361072,708948,original,original,false,,,true,0,exact_abs_or_rel,SKIP
Oregon-1.mtx,original_lb,original_lb,load_balanced_traversal,ok,none,promoted_fallback,0.0091,0.0082,1.648352,1.000000,,374544,300424,original,original,false,0,0,true,0,exact_abs_or_rel,SKIP
Oregon-1.mtx,auto_lossless_lb,all_one_lb,lossless_value_specialized,ok,none,accuracy_pass_runtime_loss,0.0099,0.0087,1.515152,0.919192,,0,300424,auto_lossless,all_one,true,1,0,true,0,exact_abs_or_rel,SKIP
Oregon-1.mtx,fp16_lb,fp16_lb,controlled_lossy_value_specialized,ok,none,accuracy_pass_runtime_loss,0.0102,0.0084,1.470588,0.892157,,93636,300424,fp16,fp16,false,0,0,false,0,spmv_max_rel,SKIP
Oregon-1.mtx,bf16_lb,bf16_lb,controlled_lossy_value_specialized,ok,none,accuracy_pass_runtime_loss,0.0101,0.0086,1.485149,0.900990,,93636,300424,bf16,bf16,false,0,0,false,0,spmv_max_rel,SKIP
Oregon-1.mtx,bfp8_lb,bfp8_lb,controlled_lossy_value_specialized,ok,none,accuracy_pass_runtime_loss,0.0116,0.0099,1.293103,0.784483,,121924,300424,bfp8,bfp8,false,0,0,false,0,spmv_max_rel,SKIP
Oregon-1.mtx,bfp8_outlier_lb,bfp8_outlier_lb,controlled_lossy_value_specialized,ok,none,accuracy_pass_runtime_loss,0.0100,0.0089,1.500000,0.910000,,121924,300424,bfp8_outlier,bfp8_outlier,false,0,0,false,0,spmv_max_rel,SKIP
Oregon-1.mtx,bfp4_lb,bfp4_lb,controlled_lossy_value_specialized,ok,none,accuracy_pass_runtime_loss,0.0138,0.0124,1.086957,0.659420,,98515,300424,bfp4,bfp4,false,0,0,false,0,spmv_max_rel,SKIP
Oregon-1.mtx,hybrid_lb,hybrid_lb,structural_hybrid,ok,none,promoted_fallback,0.0112,0.0097,1.339286,0.812500,,374544,,original,raw_double,false,,,1,0,exact_abs_or_rel,SKIP
Oregon-1.mtx,cusparse_default,cusparse_csr,external_baseline,ok,none,external_baseline,0.0150,0.0123,1.000000,0.606667,,374544,233244,original,original,false,,,true,0,exact_abs_or_rel,SKIP
Oregon-1_G_8.mtx,original_lb,original_lb,load_balanced_traversal,ok,none,promoted_fallback,0.0091,0.0087,1.670330,1.000000,,363584,291624,original,original,false,0,0,true,0,exact_abs_or_rel,SKIP
Oregon-1_G_8.mtx,auto_lossless_lb,all_one_lb,lossless_value_specialized,ok,none,accuracy_pass_runtime_loss,0.0091,0.0078,1.670330,1.000000,,0,291624,auto_lossless,all_one,true,1,0,true,0,exact_abs_or_rel,SKIP
Oregon-1_G_8.mtx,fp16_lb,fp16_lb,controlled_lossy_value_specialized,ok,none,accuracy_pass_runtime_loss,0.0091,0.0087,1.670330,1.000000,,90896,291624,fp16,fp16,false,0,0,false,0,spmv_max_rel,SKIP
Oregon-1_G_8.mtx,bf16_lb,bf16_lb,controlled_lossy_value_specialized,ok,none,accuracy_pass_runtime_win,0.0090,0.0084,1.688889,1.011111,,90896,291624,bf16,bf16,false,0,0,false,0,spmv_max_rel,SKIP
Oregon-1_G_8.mtx,bfp8_lb,bfp8_lb,controlled_lossy_value_specialized,ok,none,accuracy_pass_runtime_loss,0.0092,0.0081,1.652174,0.989130,,118354,291624,bfp8,bfp8,false,0,0,false,0,spmv_max_rel,SKIP
Oregon-1_G_8.mtx,bfp8_outlier_lb,bfp8_outlier_lb,controlled_lossy_value_specialized,ok,none,accuracy_pass_runtime_win,0.0087,0.0080,1.747126,1.045977,,118354,291624,bfp8_outlier,bfp8_outlier,false,0,0,false,0,spmv_max_rel,SKIP
Oregon-1_G_8.mtx,bfp4_lb,bfp4_lb,controlled_lossy_value_specialized,ok,none,accuracy_pass_runtime_loss,0.0136,0.0124,1.117647,0.669118,,95630,291624,bfp4,bfp4,false,0,0,false,0,spmv_max_rel,SKIP
Oregon-1_G_8.mtx,hybrid_lb,hybrid_lb,structural_hybrid,ok,none,promoted_fallback,0.0104,0.0095,1.461538,0.875000,,363584,,original,raw_double,false,,,1,0,exact_abs_or_rel,SKIP
Oregon-1_G_8.mtx,cusparse_default,cusparse_csr,external_baseline,ok,none,external_baseline,0.0152,0.0123,1.000000,0.598684,,363584,227764,original,original,false,,,true,0,exact_abs_or_rel,SKIP
Oregon-2_G_6.mtx,original_lb,original_lb,load_balanced_traversal,ok,none,promoted_fallback,0.0106,0.0089,1.443396,1.000000,,495088,403416,original,original,false,0,0,true,0,exact_abs_or_rel,SKIP
Oregon-2_G_6.mtx,auto_lossless_lb,all_one_lb,lossless_value_specialized,ok,none,accuracy_pass_runtime_win,0.0089,0.0077,1.719101,1.191011,,0,403416,auto_lossless,all_one,true,1,0,true,0,exact_abs_or_rel,SKIP
Oregon-2_G_6.mtx,fp16_lb,fp16_lb,controlled_lossy_value_specialized,ok,none,accuracy_pass_runtime_win,0.0105,0.0100,1.457143,1.009524,,123772,403416,fp16,fp16,false,0,0,false,0,spmv_max_rel,SKIP
Oregon-2_G_6.mtx,bf16_lb,bf16_lb,controlled_lossy_value_specialized,ok,none,accuracy_pass_runtime_win,0.0098,0.0091,1.561224,1.081633,,123772,403416,bf16,bf16,false,0,0,false,0,spmv_max_rel,SKIP
Oregon-2_G_6.mtx,bfp8_lb,bfp8_lb,controlled_lossy_value_specialized,ok,none,accuracy_pass_runtime_win,0.0098,0.0087,1.561224,1.081633,,162740,403416,bfp8,bfp8,false,0,0,false,0,spmv_max_rel,SKIP
Oregon-2_G_6.mtx,bfp8_outlier_lb,bfp8_outlier_lb,controlled_lossy_value_specialized,ok,none,accuracy_pass_runtime_win,0.0095,0.0084,1.610526,1.115789,,162740,403416,bfp8_outlier,bfp8_outlier,false,0,0,false,0,spmv_max_rel,SKIP
Oregon-2_G_6.mtx,bfp4_lb,bfp4_lb,controlled_lossy_value_specialized,ok,none,accuracy_pass_runtime_loss,0.0128,0.0121,1.195312,0.828125,,131797,403416,bfp4,bfp4,false,0,0,false,0,spmv_max_rel,SKIP
Oregon-2_G_6.mtx,hybrid_lb,hybrid_lb,structural_hybrid,ok,none,promoted_fallback,0.0114,0.0092,1.342105,0.929825,,495088,,original,raw_double,false,,,1,0,exact_abs_or_rel,SKIP
Oregon-2_G_6.mtx,cusparse_default,cusparse_csr,external_baseline,ok,none,external_baseline,0.0153,0.0123,1.000000,0.692810,,495088,294772,original,original,false,,,true,0,exact_abs_or_rel,SKIP
S10PI_n1_C.mtx,original_lb,original_lb,load_balanced_traversal,ok,none,promoted_fallback,0.0053,0.0035,2.018868,1.000000,,8,8,original,original,false,0,0,true,0,exact_abs_or_rel,SKIP
S10PI_n1_C.mtx,auto_lossless_lb,all_one_lb,lossless_value_specialized,ok,none,accuracy_pass_runtime_loss,0.0057,0.0049,1.877193,0.929825,,0,8,auto_lossless,all_one,true,1,0,true,0,exact_abs_or_rel,SKIP
S10PI_n1_C.mtx,fp16_lb,fp16_lb,controlled_lossy_value_specialized,ok,none,accuracy_pass_runtime_loss,0.0053,0.0044,2.018868,1.000000,,2,8,fp16,fp16,false,0,0,false,0,spmv_max_rel,SKIP
S10PI_n1_C.mtx,bf16_lb,bf16_lb,controlled_lossy_value_specialized,ok,none,accuracy_pass_runtime_win,0.0052,0.0042,2.057692,1.019231,,2,8,bf16,bf16,false,0,0,false,0,spmv_max_rel,SKIP
S10PI_n1_C.mtx,bfp8_lb,bfp8_lb,controlled_lossy_value_specialized,ok,none,accuracy_pass_runtime_win,0.0049,0.0029,2.183673,1.081633,,3,8,bfp8,bfp8,false,0,0,false,0,spmv_max_rel,SKIP
S10PI_n1_C.mtx,bfp8_outlier_lb,bfp8_outlier_lb,controlled_lossy_value_specialized,ok,none,accuracy_pass_runtime_win,0.0049,0.0037,2.183673,1.081633,,3,8,bfp8_outlier,bfp8_outlier,false,0,0,false,0,spmv_max_rel,SKIP
S10PI_n1_C.mtx,bfp4_lb,bfp4_lb,controlled_lossy_value_specialized,ok,none,accuracy_pass_runtime_win,0.0046,0.0036,2.326087,1.152174,,3,8,bfp4,bfp4,false,0,0,false,0,spmv_max_rel,SKIP
S10PI_n1_C.mtx,hybrid_lb,hybrid_lb,structural_hybrid,ok,none,promoted_fallback,0.0056,0.0046,1.910714,0.946429,,8,,original,raw_double,false,,,1,0,exact_abs_or_rel,SKIP
S10PI_n1_C.mtx,cusparse_default,cusparse_csr,external_baseline,ok,none,external_baseline,0.0107,0.0082,1.000000,0.495327,,8,12,original,original,false,,,true,0,exact_abs_or_rel,SKIP
S20PI_n1_C.mtx,original_lb,original_lb,load_balanced_traversal,ok,none,promoted_fallback,0.0043,0.0032,2.534884,1.000000,,8,8,original,original,false,0,0,true,0,exact_abs_or_rel,SKIP
S20PI_n1_C.mtx,auto_lossless_lb,all_one_lb,lossless_value_specialized,ok,none,accuracy_pass_runtime_loss,0.0059,0.0036,1.847458,0.728814,,0,8,auto_lossless,all_one,true,1,0,true,0,exact_abs_or_rel,SKIP
S20PI_n1_C.mtx,fp16_lb,fp16_lb,controlled_lossy_value_specialized,ok,none,accuracy_pass_runtime_loss,0.0055,0.0042,1.981818,0.781818,,2,8,fp16,fp16,false,0,0,false,0,spmv_max_rel,SKIP
S20PI_n1_C.mtx,bf16_lb,bf16_lb,controlled_lossy_value_specialized,ok,none,accuracy_pass_runtime_loss,0.0051,0.0042,2.137255,0.843137,,2,8,bf16,bf16,false,0,0,false,0,spmv_max_rel,SKIP
S20PI_n1_C.mtx,bfp8_lb,bfp8_lb,controlled_lossy_value_specialized,ok,none,accuracy_pass_runtime_loss,0.0047,0.0036,2.319149,0.914894,,3,8,bfp8,bfp8,false,0,0,false,0,spmv_max_rel,SKIP
S20PI_n1_C.mtx,bfp8_outlier_lb,bfp8_outlier_lb,controlled_lossy_value_specialized,ok,none,accuracy_pass_runtime_loss,0.0046,0.0030,2.369565,0.934783,,3,8,bfp8_outlier,bfp8_outlier,false,0,0,false,0,spmv_max_rel,SKIP
S20PI_n1_C.mtx,bfp4_lb,bfp4_lb,controlled_lossy_value_specialized,ok,none,accuracy_pass_runtime_loss,0.0050,0.0037,2.180000,0.860000,,3,8,bfp4,bfp4,false,0,0,false,0,spmv_max_rel,SKIP
S20PI_n1_C.mtx,hybrid_lb,hybrid_lb,structural_hybrid,ok,none,promoted_fallback,0.0066,0.0052,1.651515,0.651515,,8,,original,raw_double,false,,,1,0,exact_abs_or_rel,SKIP
S20PI_n1_C.mtx,cusparse_default,cusparse_csr,external_baseline,ok,none,external_baseline,0.0109,0.0082,1.000000,0.394495,,8,12,original,original,false,,,true,0,exact_abs_or_rel,SKIP
S40PI_n1_C.mtx,original_lb,original_lb,load_balanced_traversal,ok,none,promoted_fallback,0.0043,0.0033,2.418605,1.000000,,8,8,original,original,false,0,0,true,0,exact_abs_or_rel,SKIP
S40PI_n1_C.mtx,auto_lossless_lb,all_one_lb,lossless_value_specialized,ok,none,accuracy_pass_runtime_loss,0.0055,0.0037,1.890909,0.781818,,0,8,auto_lossless,all_one,true,1,0,true,0,exact_abs_or_rel,SKIP
S40PI_n1_C.mtx,fp16_lb,fp16_lb,controlled_lossy_value_specialized,ok,none,accuracy_pass_runtime_loss,0.0057,0.0041,1.824561,0.754386,,2,8,fp16,fp16,false,0,0,false,0,spmv_max_rel,SKIP
S40PI_n1_C.mtx,bf16_lb,bf16_lb,controlled_lossy_value_specialized,ok,none,accuracy_pass_runtime_loss,0.0061,0.0055,1.704918,0.704918,,2,8,bf16,bf16,false,0,0,false,0,spmv_max_rel,SKIP
S40PI_n1_C.mtx,bfp8_lb,bfp8_lb,controlled_lossy_value_specialized,ok,none,accuracy_pass_runtime_loss,0.0050,0.0030,2.080000,0.860000,,3,8,bfp8,bfp8,false,0,0,false,0,spmv_max_rel,SKIP
S40PI_n1_C.mtx,bfp8_outlier_lb,bfp8_outlier_lb,controlled_lossy_value_specialized,ok,none,accuracy_pass_runtime_loss,0.0054,0.0037,1.925926,0.796296,,3,8,bfp8_outlier,bfp8_outlier,false,0,0,false,0,spmv_max_rel,SKIP
S40PI_n1_C.mtx,bfp4_lb,bfp4_lb,controlled_lossy_value_specialized,ok,none,accuracy_pass_runtime_loss,0.0050,0.0032,2.080000,0.860000,,3,8,bfp4,bfp4,false,0,0,false,0,spmv_max_rel,SKIP
S40PI_n1_C.mtx,hybrid_lb,hybrid_lb,structural_hybrid,ok,none,promoted_fallback,0.0057,0.0046,1.824561,0.754386,,8,,original,raw_double,false,,,1,0,exact_abs_or_rel,SKIP
S40PI_n1_C.mtx,cusparse_default,cusparse_csr,external_baseline,ok,none,external_baseline,0.0104,0.0082,1.000000,0.413462,,8,12,original,original,false,,,true,0,exact_abs_or_rel,SKIP
S80PI_n1_C.mtx,original_lb,original_lb,load_balanced_traversal,ok,none,promoted_fallback,0.0044,0.0037,2.409091,1.000000,,8,8,original,original,false,0,0,true,0,exact_abs_or_rel,SKIP
S80PI_n1_C.mtx,auto_lossless_lb,all_one_lb,lossless_value_specialized,ok,none,accuracy_pass_runtime_loss,0.0051,0.0037,2.078431,0.862745,,0,8,auto_lossless,all_one,true,1,0,true,0,exact_abs_or_rel,SKIP
S80PI_n1_C.mtx,fp16_lb,fp16_lb,controlled_lossy_value_specialized,ok,none,accuracy_pass_runtime_loss,0.0051,0.0044,2.078431,0.862745,,2,8,fp16,fp16,false,0,0,false,0,spmv_max_rel,SKIP
S80PI_n1_C.mtx,bf16_lb,bf16_lb,controlled_lossy_value_specialized,ok,none,accuracy_pass_runtime_loss,0.0050,0.0040,2.120000,0.880000,,2,8,bf16,bf16,false,0,0,false,0,spmv_max_rel,SKIP
S80PI_n1_C.mtx,bfp8_lb,bfp8_lb,controlled_lossy_value_specialized,ok,none,accuracy_pass_runtime_loss,0.0052,0.0033,2.038462,0.846154,,3,8,bfp8,bfp8,false,0,0,false,0,spmv_max_rel,SKIP
S80PI_n1_C.mtx,bfp8_outlier_lb,bfp8_outlier_lb,controlled_lossy_value_specialized,ok,none,accuracy_pass_runtime_loss,0.0046,0.0030,2.304348,0.956522,,3,8,bfp8_outlier,bfp8_outlier,false,0,0,false,0,spmv_max_rel,SKIP
S80PI_n1_C.mtx,bfp4_lb,bfp4_lb,controlled_lossy_value_specialized,ok,none,accuracy_pass_runtime_loss,0.0050,0.0040,2.120000,0.880000,,3,8,bfp4,bfp4,false,0,0,false,0,spmv_max_rel,SKIP
S80PI_n1_C.mtx,hybrid_lb,hybrid_lb,structural_hybrid,ok,none,promoted_fallback,0.0057,0.0040,1.859649,0.771930,,8,,original,raw_double,false,,,1,0,exact_abs_or_rel,SKIP
S80PI_n1_C.mtx,cusparse_default,cusparse_csr,external_baseline,ok,none,external_baseline,0.0106,0.0082,1.000000,0.415094,,8,12,original,original,false,,,true,0,exact_abs_or_rel,SKIP
SmaGri.mtx,original_lb,original_lb,load_balanced_traversal,ok,none,promoted_fallback,0.0094,0.0071,1.489362,1.000000,,39352,28144,original,original,false,0,0,true,0,exact_abs_or_rel,SKIP
SmaGri.mtx,auto_lossless_lb,dict2_lb,lossless_value_specialized,ok,none,accuracy_pass_runtime_loss,0.0095,0.0085,1.473684,0.989474,,14088,28144,auto_lossless,dict2,true,2,14088,true,2,exact_abs_or_rel,SKIP
SmaGri.mtx,fp16_lb,fp16_lb,controlled_lossy_value_specialized,ok,none,accuracy_pass_runtime_win,0.0093,0.0085,1.505376,1.010753,,9838,28144,fp16,fp16,false,0,0,false,0,spmv_max_rel,SKIP
SmaGri.mtx,bf16_lb,bf16_lb,controlled_lossy_value_specialized,ok,none,accuracy_pass_runtime_loss,0.0096,0.0085,1.458333,0.979167,,9838,28144,bf16,bf16,false,0,0,false,0,spmv_max_rel,SKIP
SmaGri.mtx,bfp8_lb,bfp8_lb,controlled_lossy_value_specialized,ok,none,accuracy_pass_runtime_loss,0.0113,0.0099,1.238938,0.831858,,11955,28144,bfp8,bfp8,false,0,0,false,0,spmv_max_rel,SKIP
SmaGri.mtx,bfp8_outlier_lb,bfp8_outlier_lb,controlled_lossy_value_specialized,ok,none,accuracy_pass_runtime_loss,0.0113,0.0096,1.238938,0.831858,,12003,28144,bfp8_outlier,bfp8_outlier,false,0,0,false,0,spmv_max_rel,SKIP
SmaGri.mtx,bfp4_lb,bfp4_lb,controlled_lossy_value_specialized,ok,none,accuracy_pass_runtime_loss,0.0129,0.0116,1.085271,0.728682,,9496,28144,bfp4,bfp4,false,0,0,false,0,spmv_max_rel,SKIP
SmaGri.mtx,hybrid_lb,hybrid_lb,structural_hybrid,ok,none,promoted_fallback,0.0104,0.0095,1.346154,0.903846,,39352,,original,raw_double,false,,,1,0,exact_abs_or_rel,SKIP
SmaGri.mtx,cusparse_default,cusparse_csr,external_baseline,ok,none,external_baseline,0.0140,0.0123,1.000000,0.671429,,39352,23916,original,original,false,,,true,0,exact_abs_or_rel,SKIP
Spectro_10NN.mtx,original_lb,original_lb,load_balanced_traversal,ok,none,promoted_fallback,0.0091,0.0074,1.406593,1.000000,,59376,40536,original,original,false,0,0,true,0,exact_abs_or_rel,SKIP
Spectro_10NN.mtx,auto_lossless_lb,original_lb,load_balanced_traversal,ok,none,promoted_fallback,0.0095,0.0085,1.347368,0.957895,,59376,40536,auto_lossless,original,true,3368,59376,true,0,exact_abs_or_rel,SKIP
Spectro_10NN.mtx,fp16_lb,fp16_lb,controlled_lossy_value_specialized,ok,none,accuracy_pass_runtime_loss,0.0094,0.0086,1.361702,0.968085,,14844,40536,fp16,fp16,false,0,0,false,0,spmv_max_rel,SKIP
Spectro_10NN.mtx,bf16_lb,bf16_lb,controlled_lossy_value_specialized,ok,none,accuracy_pass_runtime_loss,0.0093,0.0088,1.376344,0.978495,,14844,40536,bf16,bf16,false,0,0,false,0,spmv_max_rel,SKIP
Spectro_10NN.mtx,bfp8_lb,bfp8_lb,controlled_lossy_value_specialized,ok,none,accuracy_pass_runtime_loss,0.0099,0.0084,1.292929,0.919192,,17556,40536,bfp8,bfp8,false,0,0,false,0,spmv_max_rel,SKIP
Spectro_10NN.mtx,bfp8_outlier_lb,bfp8_outlier_lb,controlled_lossy_value_specialized,ok,none,accuracy_pass_runtime_loss,0.0117,0.0104,1.094017,0.777778,,18132,40536,bfp8_outlier,bfp8_outlier,false,0,0,false,0,spmv_max_rel,SKIP
Spectro_10NN.mtx,bfp4_lb,bfp4_lb,controlled_lossy_value_specialized,ok,none,accuracy_pass_runtime_loss,0.0129,0.0124,0.992248,0.705426,,13845,40536,bfp4,bfp4,false,0,0,false,0,spmv_max_rel,SKIP
Spectro_10NN.mtx,hybrid_lb,hybrid_lb,structural_hybrid,ok,none,promoted_fallback,0.0072,0.0051,1.777778,1.263889,,59376,,original,raw_double,false,,,1,0,exact_abs_or_rel,SKIP
Spectro_10NN.mtx,cusparse_default,cusparse_csr,external_baseline,ok,none,external_baseline,0.0128,0.0102,1.000000,0.710938,,59376,31816,original,original,false,,,true,0,exact_abs_or_rel,SKIP
Spielman_k100_A_05.mtx,original_lb,original_lb,load_balanced_traversal,ok,none,promoted_fallback,0.0193,0.0189,1.020725,1.000000,,8203232,1505832,original,original,false,0,0,true,0,exact_abs_or_rel,SKIP
Spielman_k100_A_05.mtx,auto_lossless_lb,dict256_u8_lb,lossless_value_specialized,ok,none,accuracy_pass_runtime_loss,0.0221,0.0207,0.891403,0.873303,,6024944,1505832,auto_lossless,dict256_u8,true,202,6024944,true,202,exact_abs_or_rel,SKIP
Spielman_k100_A_05.mtx,fp16_lb,fp16_lb,controlled_lossy_value_specialized,ok,none,accuracy_pass_runtime_win,0.0178,0.0171,1.106742,1.084270,,2050808,1505832,fp16,fp16,false,0,0,false,0,spmv_max_rel,SKIP
Spielman_k100_A_05.mtx,bf16_lb,bf16_lb,controlled_lossy_value_specialized,ok,none,accuracy_pass_runtime_win,0.0177,0.0163,1.112994,1.090395,,2050808,1505832,bf16,bf16,false,0,0,false,0,spmv_max_rel,SKIP
Spielman_k100_A_05.mtx,bfp8_lb,bfp8_lb,controlled_lossy_value_specialized,ok,none,accuracy_pass_runtime_win,0.0176,0.0170,1.119318,1.096591,,1401862,1505832,bfp8,bfp8,false,0,0,false,0,spmv_max_rel,SKIP
Spielman_k100_A_05.mtx,bfp8_outlier_lb,bfp8_outlier_lb,controlled_lossy_value_specialized,ok,none,accuracy_pass_runtime_loss,0.0198,0.0185,0.994949,0.974747,,1473030,1505832,bfp8_outlier,bfp8_outlier,false,0,0,false,0,spmv_max_rel,SKIP
Spielman_k100_A_05.mtx,bfp4_lb,bfp4_lb,controlled_lossy_value_specialized,ok,none,accuracy_pass_runtime_loss,0.0224,0.0211,0.879464,0.861607,,889160,1505832,bfp4,bfp4,false,0,0,false,0,spmv_max_rel,SKIP
Spielman_k100_A_05.mtx,hybrid_lb,hybrid_lb,structural_hybrid,ok,none,promoted_fallback,0.0196,0.0179,1.005102,0.984694,,8203232,,original,raw_double,false,,,1,0,exact_abs_or_rel,SKIP
Spielman_k100_A_05.mtx,cusparse_default,cusparse_csr,external_baseline,ok,none,external_baseline,0.0197,0.0181,1.000000,0.979695,,8203232,5455228,original,original,false,,,true,0,exact_abs_or_rel,SKIP
Spielman_k200_A_02.mtx,original_lb,original_lb,load_balanced_traversal,ok,none,promoted_fallback,0.1015,0.1008,0.834483,1.000000,,64806432,11352024,original,original,false,0,0,true,0,exact_abs_or_rel,SKIP
Spielman_k200_A_02.mtx,auto_lossless_lb,original_lb,load_balanced_traversal,ok,none,promoted_fallback,0.1015,0.1004,0.834483,1.000000,,64806432,11352024,auto_lossless,original,true,402,64806432,true,0,exact_abs_or_rel,SKIP
Spielman_k200_A_02.mtx,fp16_lb,fp16_lb,controlled_lossy_value_specialized,ok,none,accuracy_pass_runtime_win,0.0816,0.0778,1.037990,1.243873,,16201608,11352024,fp16,fp16,false,0,0,false,0,spmv_max_rel,SKIP
Spielman_k200_A_02.mtx,bf16_lb,bf16_lb,controlled_lossy_value_specialized,ok,none,accuracy_pass_runtime_win,0.0784,0.0767,1.080357,1.294643,,16201608,11352024,bf16,bf16,false,0,0,false,0,spmv_max_rel,SKIP
Spielman_k200_A_02.mtx,bfp8_lb,bfp8_lb,controlled_lossy_value_specialized,ok,none,accuracy_pass_runtime_win,0.0786,0.0767,1.077608,1.291349,,10938810,11352024,bfp8,bfp8,false,0,0,false,0,spmv_max_rel,SKIP
Spielman_k200_A_02.mtx,bfp8_outlier_lb,bfp8_outlier_lb,controlled_lossy_value_specialized,ok,none,accuracy_pass_runtime_win,0.0812,0.0789,1.043103,1.250000,,11555962,11352024,bfp8_outlier,bfp8_outlier,false,0,0,false,0,spmv_max_rel,SKIP
Spielman_k200_A_02.mtx,bfp4_lb,bfp4_lb,controlled_lossy_value_specialized,ok,none,accuracy_pass_runtime_win,0.0873,0.0865,0.970218,1.162658,,6888408,11352024,bfp4,bfp4,false,0,0,false,0,spmv_max_rel,SKIP
Spielman_k200_A_02.mtx,hybrid_lb,hybrid_lb,structural_hybrid,ok,none,promoted_fallback,0.1104,0.1092,0.767210,0.919384,,64806432,,original,raw_double,false,,,1,0,exact_abs_or_rel,SKIP
Spielman_k200_A_02.mtx,cusparse_default,cusparse_csr,external_baseline,ok,none,external_baseline,0.0847,0.0835,1.000000,1.198347,,64806432,43150428,original,original,false,,,true,0,exact_abs_or_rel,SKIP
Spielman_k200_A_10.mtx,original_lb,original_lb,load_balanced_traversal,ok,none,promoted_fallback,0.1013,0.1008,0.838105,1.000000,,64806432,11352024,original,original,false,0,0,true,0,exact_abs_or_rel,SKIP
Spielman_k200_A_10.mtx,auto_lossless_lb,original_lb,load_balanced_traversal,ok,none,promoted_fallback,0.1016,0.1008,0.835630,0.997047,,64806432,11352024,auto_lossless,original,true,402,64806432,true,0,exact_abs_or_rel,SKIP
Spielman_k200_A_10.mtx,fp16_lb,fp16_lb,controlled_lossy_value_specialized,ok,none,accuracy_pass_runtime_win,0.0779,0.0763,1.089859,1.300385,,16201608,11352024,fp16,fp16,false,0,0,false,0,spmv_max_rel,SKIP
Spielman_k200_A_10.mtx,bf16_lb,bf16_lb,controlled_lossy_value_specialized,ok,none,accuracy_pass_runtime_win,0.0787,0.0783,1.078780,1.287166,,16201608,11352024,bf16,bf16,false,0,0,false,0,spmv_max_rel,SKIP
Spielman_k200_A_10.mtx,bfp8_lb,bfp8_lb,controlled_lossy_value_specialized,ok,none,accuracy_pass_runtime_win,0.0785,0.0769,1.081529,1.290446,,10938810,11352024,bfp8,bfp8,false,0,0,false,0,spmv_max_rel,SKIP
Spielman_k200_A_10.mtx,bfp8_outlier_lb,bfp8_outlier_lb,controlled_lossy_value_specialized,ok,none,accuracy_pass_runtime_win,0.0809,0.0786,1.049444,1.252163,,11555898,11352024,bfp8_outlier,bfp8_outlier,false,0,0,false,0,spmv_max_rel,SKIP
Spielman_k200_A_10.mtx,bfp4_lb,bfp4_lb,controlled_lossy_value_specialized,ok,none,accuracy_pass_runtime_win,0.0873,0.0862,0.972509,1.160367,,6888408,11352024,bfp4,bfp4,false,0,0,false,0,spmv_max_rel,SKIP
Spielman_k200_A_10.mtx,hybrid_lb,hybrid_lb,structural_hybrid,ok,none,promoted_fallback,0.1105,0.1079,0.768326,0.916742,,64806432,,original,raw_double,false,,,1,0,exact_abs_or_rel,SKIP
Spielman_k200_A_10.mtx,cusparse_default,cusparse_csr,external_baseline,ok,none,external_baseline,0.0849,0.0833,1.000000,1.193168,,64806432,43150428,original,original,false,,,true,0,exact_abs_or_rel,SKIP
Spielman_k300_A_07.mtx,original_lb,original_lb,load_balanced_traversal,ok,none,promoted_fallback,0.3678,0.3656,1.025014,1.000000,,217809632,37538232,original,original,false,0,0,true,0,exact_abs_or_rel,SKIP
Spielman_k300_A_07.mtx,auto_lossless_lb,original_lb,load_balanced_traversal,ok,none,promoted_fallback,0.3675,0.3653,1.025850,1.000816,,217809632,37538232,auto_lossless,original,true,602,217809632,true,0,exact_abs_or_rel,SKIP
Spielman_k300_A_07.mtx,fp16_lb,fp16_lb,controlled_lossy_value_specialized,ok,none,accuracy_pass_runtime_win,0.3001,0.2981,1.256248,1.225591,,54452408,37538232,fp16,fp16,false,0,0,false,0,spmv_max_rel,SKIP
Spielman_k300_A_07.mtx,bf16_lb,bf16_lb,controlled_lossy_value_specialized,ok,none,accuracy_pass_runtime_win,0.3018,0.2984,1.249172,1.218688,,54452408,37538232,bf16,bf16,false,0,0,false,0,spmv_max_rel,SKIP
Spielman_k300_A_07.mtx,bfp8_lb,bfp8_lb,controlled_lossy_value_specialized,ok,none,accuracy_pass_runtime_win,0.3234,0.3216,1.165739,1.137291,,36610762,37538232,bfp8,bfp8,false,0,0,false,0,spmv_max_rel,SKIP
Spielman_k300_A_07.mtx,bfp8_outlier_lb,bfp8_outlier_lb,controlled_lossy_value_specialized,ok,none,accuracy_pass_runtime_win,0.3302,0.3284,1.141732,1.113870,,38764874,37538232,bfp8_outlier,bfp8_outlier,false,0,0,false,0,spmv_max_rel,SKIP
Spielman_k300_A_07.mtx,bfp4_lb,bfp4_lb,controlled_lossy_value_specialized,ok,none,accuracy_pass_runtime_loss,0.3763,0.3733,1.001860,0.977412,,22997660,37538232,bfp4,bfp4,false,0,0,false,0,spmv_max_rel,SKIP
Spielman_k300_A_07.mtx,hybrid_lb,hybrid_lb,structural_hybrid,ok,none,promoted_fallback,0.4991,0.4968,0.755360,0.736926,,217809632,,original,raw_double,false,,,1,0,exact_abs_or_rel,SKIP
Spielman_k300_A_07.mtx,cusparse_default,cusparse_csr,external_baseline,ok,none,external_baseline,0.3770,0.3748,1.000000,0.975597,,217809632,145085628,original,original,false,,,true,0,exact_abs_or_rel,SKIP
Spielman_k400_A_04.mtx,original_lb,original_lb,load_balanced_traversal,ok,none,promoted_fallback,0.8456,0.8430,1.094253,1.000000,,515212832,88064424,original,original,false,0,0,true,0,exact_abs_or_rel,SKIP
Spielman_k400_A_04.mtx,auto_lossless_lb,original_lb,load_balanced_traversal,ok,none,promoted_fallback,0.8456,0.8434,1.094253,1.000000,,515212832,88064424,auto_lossless,original,true,802,515212832,true,0,exact_abs_or_rel,SKIP
Spielman_k400_A_04.mtx,fp16_lb,fp16_lb,controlled_lossy_value_specialized,ok,none,accuracy_pass_runtime_win,0.7110,0.7084,1.301406,1.189311,,128803208,88064424,fp16,fp16,false,0,0,false,0,spmv_max_rel,SKIP
Spielman_k400_A_04.mtx,bf16_lb,bf16_lb,controlled_lossy_value_specialized,ok,none,accuracy_pass_runtime_win,0.7120,0.7101,1.299579,1.187640,,128803208,88064424,bf16,bf16,false,0,0,false,0,spmv_max_rel,SKIP
Spielman_k400_A_04.mtx,bfp8_lb,bfp8_lb,controlled_lossy_value_specialized,ok,none,accuracy_pass_runtime_win,0.7741,0.7717,1.195324,1.092365,,86417710,88064424,bfp8,bfp8,false,0,0,false,0,spmv_max_rel,SKIP
Spielman_k400_A_04.mtx,bfp8_outlier_lb,bfp8_outlier_lb,controlled_lossy_value_specialized,ok,none,accuracy_pass_runtime_win,0.7826,0.7806,1.182341,1.080501,,91393070,88064424,bfp8_outlier,bfp8_outlier,false,0,0,false,0,spmv_max_rel,SKIP
Spielman_k400_A_04.mtx,bfp4_lb,bfp4_lb,controlled_lossy_value_specialized,ok,none,accuracy_pass_runtime_loss,0.8835,0.8815,1.047312,0.957102,,54216908,88064424,bfp4,bfp4,false,0,0,false,0,spmv_max_rel,SKIP
Spielman_k400_A_04.mtx,hybrid_lb,hybrid_lb,structural_hybrid,ok,none,promoted_fallback,1.1602,1.1574,0.797535,0.728840,,515212832,,original,raw_double,false,,,1,0,exact_abs_or_rel,SKIP
Spielman_k400_A_04.mtx,cusparse_default,cusparse_csr,external_baseline,ok,none,external_baseline,0.9253,0.9232,1.000000,0.913866,,515212832,343260828,original,original,false,,,true,0,exact_abs_or_rel,SKIP
Spielman_k500_A_01.mtx,original_lb,original_lb,load_balanced_traversal,ok,none,promoted_fallback,1.6071,1.6026,1.126190,1.000000,,1005016032,170930632,original,original,false,0,0,true,0,exact_abs_or_rel,SKIP
Spielman_k500_A_01.mtx,auto_lossless_lb,original_lb,load_balanced_traversal,ok,none,promoted_fallback,1.6079,1.6039,1.125630,0.999502,,1005016032,170930632,auto_lossless,original,true,959,1005016032,true,0,exact_abs_or_rel,SKIP
Spielman_k500_A_01.mtx,fp16_lb,fp16_lb,controlled_lossy_value_specialized,ok,none,accuracy_pass_runtime_win,1.3569,1.3543,1.333849,1.184391,,251254008,170930632,fp16,fp16,false,0,0,false,0,spmv_max_rel,SKIP
Spielman_k500_A_01.mtx,bf16_lb,bf16_lb,controlled_lossy_value_specialized,ok,none,accuracy_pass_runtime_win,1.3575,1.3547,1.333260,1.183867,,251254008,170930632,bf16,bf16,false,0,0,false,0,spmv_max_rel,SKIP
Spielman_k500_A_01.mtx,bfp8_lb,bfp8_lb,controlled_lossy_value_specialized,ok,none,accuracy_pass_runtime_win,1.4793,1.4758,1.223484,1.086392,,168359662,170930632,bfp8,bfp8,false,0,0,false,0,spmv_max_rel,SKIP
Spielman_k500_A_01.mtx,bfp8_outlier_lb,bfp8_outlier_lb,controlled_lossy_value_specialized,ok,none,accuracy_pass_runtime_win,1.4943,1.4921,1.211203,1.075487,,178271022,170930632,bfp8_outlier,bfp8_outlier,false,0,0,false,0,spmv_max_rel,SKIP
Spielman_k500_A_01.mtx,bfp4_lb,bfp4_lb,controlled_lossy_value_specialized,ok,none,accuracy_pass_runtime_loss,1.6991,1.6958,1.065211,0.945854,,105546160,170930632,bfp4,bfp4,false,0,0,false,0,spmv_max_rel,SKIP
Spielman_k500_A_01.mtx,hybrid_lb,hybrid_lb,structural_hybrid,ok,none,promoted_fallback,2.2216,2.2189,0.814683,0.723398,,1005016032,,original,raw_double,false,,,1,0,exact_abs_or_rel,SKIP
Spielman_k500_A_01.mtx,cusparse_default,cusparse_csr,external_baseline,ok,none,external_baseline,1.8099,1.8062,1.000000,0.887950,,1005016032,669676028,original,original,false,,,true,0,exact_abs_or_rel,SKIP
Spielman_k500_A_09.mtx,original_lb,original_lb,load_balanced_traversal,ok,none,promoted_fallback,1.6054,1.6007,1.126947,1.000000,,1005016032,170930632,original,original,false,0,0,true,0,exact_abs_or_rel,SKIP
Spielman_k500_A_09.mtx,auto_lossless_lb,original_lb,load_balanced_traversal,ok,none,promoted_fallback,1.6077,1.6035,1.125334,0.998569,,1005016032,170930632,auto_lossless,original,true,1002,1005016032,true,0,exact_abs_or_rel,SKIP
Spielman_k500_A_09.mtx,fp16_lb,fp16_lb,controlled_lossy_value_specialized,ok,none,accuracy_pass_runtime_win,1.3576,1.3554,1.332646,1.182528,,251254008,170930632,fp16,fp16,false,0,0,false,0,spmv_max_rel,SKIP
Spielman_k500_A_09.mtx,bf16_lb,bf16_lb,controlled_lossy_value_specialized,ok,none,accuracy_pass_runtime_win,1.3572,1.3544,1.333039,1.182877,,251254008,170930632,bf16,bf16,false,0,0,false,0,spmv_max_rel,SKIP
Spielman_k500_A_09.mtx,bfp8_lb,bfp8_lb,controlled_lossy_value_specialized,ok,none,accuracy_pass_runtime_win,1.4797,1.4761,1.222680,1.084950,,168359662,170930632,bfp8,bfp8,false,0,0,false,0,spmv_max_rel,SKIP
Spielman_k500_A_09.mtx,bfp8_outlier_lb,bfp8_outlier_lb,controlled_lossy_value_specialized,ok,none,accuracy_pass_runtime_win,1.4951,1.4916,1.210086,1.073774,,178259054,170930632,bfp8_outlier,bfp8_outlier,false,0,0,false,0,spmv_max_rel,SKIP
Spielman_k500_A_09.mtx,bfp4_lb,bfp4_lb,controlled_lossy_value_specialized,ok,none,accuracy_pass_runtime_loss,1.6982,1.6945,1.065363,0.945354,,105546160,170930632,bfp4,bfp4,false,0,0,false,0,spmv_max_rel,SKIP
Spielman_k500_A_09.mtx,hybrid_lb,hybrid_lb,structural_hybrid,ok,none,promoted_fallback,2.2217,2.2169,0.814331,0.722600,,1005016032,,original,raw_double,false,,,1,0,exact_abs_or_rel,SKIP
Spielman_k500_A_09.mtx,cusparse_default,cusparse_csr,external_baseline,ok,none,external_baseline,1.8092,1.8073,1.000000,0.887354,,1005016032,669676028,original,original,false,,,true,0,exact_abs_or_rel,SKIP
Spielman_k600_A_06.mtx,original_lb,original_lb,load_balanced_traversal,ok,none,promoted_fallback,2.7465,2.7409,1.133078,1.000000,,1735219232,294136824,original,original,false,0,0,true,0,exact_abs_or_rel,SKIP
Spielman_k600_A_06.mtx,auto_lossless_lb,original_lb,load_balanced_traversal,ok,none,promoted_fallback,2.7452,2.7393,1.133615,1.000474,,1735219232,294136824,auto_lossless,original,true,1202,1735219232,true,0,exact_abs_or_rel,SKIP
Spielman_k600_A_06.mtx,fp16_lb,fp16_lb,controlled_lossy_value_specialized,ok,none,accuracy_pass_runtime_win,2.3234,2.3191,1.339416,1.182104,,433804808,294136824,fp16,fp16,false,0,0,false,0,spmv_max_rel,SKIP
Spielman_k600_A_06.mtx,bf16_lb,bf16_lb,controlled_lossy_value_specialized,ok,none,accuracy_pass_runtime_win,2.3241,2.3177,1.339013,1.181748,,433804808,294136824,bf16,bf16,false,0,0,false,0,spmv_max_rel,SKIP
Spielman_k600_A_06.mtx,bfp8_lb,bfp8_lb,controlled_lossy_value_specialized,ok,none,accuracy_pass_runtime_win,2.5369,2.5315,1.226694,1.082621,,290436610,294136824,bfp8,bfp8,false,0,0,false,0,spmv_max_rel,SKIP
Spielman_k600_A_06.mtx,bfp8_outlier_lb,bfp8_outlier_lb,controlled_lossy_value_specialized,ok,none,accuracy_pass_runtime_win,2.5616,2.5571,1.214866,1.072181,,307760578,294136824,bfp8_outlier,bfp8_outlier,false,0,0,false,0,spmv_max_rel,SKIP
Spielman_k600_A_06.mtx,bfp4_lb,bfp4_lb,controlled_lossy_value_specialized,ok,none,accuracy_pass_runtime_loss,2.9067,2.9018,1.070630,0.944886,,181985408,294136824,bfp4,bfp4,false,0,0,false,0,spmv_max_rel,SKIP
Spielman_k600_A_06.mtx,hybrid_lb,hybrid_lb,structural_hybrid,ok,none,promoted_fallback,3.7984,3.7940,0.819292,0.723068,,1735219232,,original,raw_double,false,,,1,0,exact_abs_or_rel,SKIP
Spielman_k600_A_06.mtx,cusparse_default,cusparse_csr,external_baseline,ok,none,external_baseline,3.1120,3.1099,1.000000,0.882551,,1735219232,1156331228,original,original,false,,,true,0,exact_abs_or_rel,SKIP
TEM152078.mtx,original_lb,original_lb,load_balanced_traversal,ok,none,promoted_fallback,0.0398,0.0390,1.195980,1.000000,,51674608,5744184,original,original,false,0,0,true,0,exact_abs_or_rel,SKIP
TEM152078.mtx,auto_lossless_lb,original_lb,load_balanced_traversal,ok,none,promoted_fallback,0.0398,0.0389,1.195980,1.000000,,51674608,5744184,auto_lossless,original,true,3181210,51674608,true,0,exact_abs_or_rel,SKIP
TEM152078.mtx,fp16_lb,fp16_lb,controlled_lossy_value_specialized,ok,none,accuracy_pass_runtime_win,0.0363,0.0355,1.311295,1.096419,,12918652,5744184,fp16,fp16,false,0,0,false,0,spmv_max_rel,SKIP
TEM152078.mtx,bf16_lb,bf16_lb,controlled_lossy_value_specialized,ok,none,accuracy_pass_runtime_win,0.0360,0.0342,1.322222,1.105556,,12918652,5744184,bf16,bf16,false,0,0,false,0,spmv_max_rel,SKIP
TEM152078.mtx,bfp8_lb,bfp8_lb,controlled_lossy_value_specialized,ok,none,accuracy_pass_runtime_win,0.0358,0.0353,1.329609,1.111732,,7895372,5744184,bfp8,bfp8,false,0,0,false,0,spmv_max_rel,SKIP
TEM152078.mtx,bfp8_outlier_lb,bfp8_outlier_lb,controlled_lossy_value_specialized,ok,none,accuracy_pass_runtime_win,0.0384,0.0370,1.239583,1.036458,,8412092,5744184,bfp8_outlier,bfp8_outlier,false,0,0,false,0,spmv_max_rel,SKIP
TEM152078.mtx,bfp4_lb,bfp4_lb,controlled_lossy_value_specialized,ok,none,accuracy_pass_runtime_win,0.0389,0.0372,1.223650,1.023136,,4665709,5744184,bfp4,bfp4,false,0,0,false,0,spmv_max_rel,SKIP
TEM152078.mtx,hybrid_lb,hybrid_lb,structural_hybrid,ok,none,promoted_fallback,0.0282,0.0273,1.687943,1.411348,,51674608,,original,raw_double,false,,,1,0,exact_abs_or_rel,SKIP
TEM152078.mtx,cusparse_default,cusparse_csr,external_baseline,ok,none,external_baseline,0.0476,0.0451,1.000000,0.836134,,51674608,26445620,original,original,false,,,true,0,exact_abs_or_rel,SKIP
TF14.mtx,original_lb,original_lb,load_balanced_traversal,ok,none,promoted_fallback,0.0089,0.0070,1.573034,1.000000,,238896,106784,original,original,false,0,0,true,0,exact_abs_or_rel,SKIP
TF14.mtx,auto_lossless_lb,dict16_lb,lossless_value_specialized,ok,none,accuracy_pass_runtime_loss,0.0113,0.0091,1.238938,0.787611,,213672,106784,auto_lossless,dict16,true,13,213672,true,13,exact_abs_or_rel,SKIP
TF14.mtx,fp16_lb,fp16_lb,controlled_lossy_value_specialized,ok,none,accuracy_pass_runtime_win,0.0088,0.0073,1.590909,1.011364,,59724,106784,fp16,fp16,false,0,0,false,0,spmv_max_rel,SKIP
TF14.mtx,bf16_lb,bf16_lb,controlled_lossy_value_specialized,ok,none,accuracy_pass_runtime_loss,0.0089,0.0076,1.573034,1.000000,,59724,106784,bf16,bf16,false,0,0,false,0,spmv_max_rel,SKIP
TF14.mtx,bfp8_lb,bfp8_lb,controlled_lossy_value_specialized,ok,none,accuracy_pass_runtime_loss,0.0103,0.0093,1.359223,0.864078,,56558,106784,bfp8,bfp8,false,0,0,false,0,spmv_max_rel,SKIP
TF14.mtx,bfp8_outlier_lb,bfp8_outlier_lb,controlled_lossy_value_specialized,ok,none,accuracy_pass_runtime_loss,0.0121,0.0107,1.157025,0.735537,,57550,106784,bfp8_outlier,bfp8_outlier,false,0,0,false,0,spmv_max_rel,SKIP
TF14.mtx,bfp4_lb,bfp4_lb,controlled_lossy_value_specialized,ok,none,accuracy_pass_runtime_loss,0.0138,0.0126,1.014493,0.644928,,41627,106784,bfp4,bfp4,false,0,0,false,0,spmv_max_rel,SKIP
TF14.mtx,hybrid_lb,hybrid_lb,structural_hybrid,ok,none,promoted_fallback,0.0071,0.0064,1.971831,1.253521,,238896,,original,raw_double,false,,,1,0,exact_abs_or_rel,SKIP
TF14.mtx,cusparse_default,cusparse_csr,external_baseline,ok,none,external_baseline,0.0140,0.0123,1.000000,0.635714,,238896,130028,original,original,false,,,true,0,exact_abs_or_rel,SKIP
TSOPF_RS_b9_c6_b.mtx,original_lb,original_lb,load_balanced_traversal,ok,none,promoted_fallback,0.0056,0.0049,2.821429,1.000000,,28904,3648,original,original,false,0,0,true,0,exact_abs_or_rel,SKIP
TSOPF_RS_b9_c6_b.mtx,auto_lossless_lb,dict16_lb,lossless_value_specialized,ok,none,accuracy_pass_runtime_loss,0.0058,0.0049,2.724138,0.965517,,7416,3648,auto_lossless,dict16,true,15,7416,true,15,exact_abs_or_rel,SKIP
TSOPF_RS_b9_c6_b.mtx,fp16_lb,fp16_lb,controlled_lossy_value_specialized,ok,none,accuracy_pass_runtime_loss,0.0059,0.0052,2.677966,0.949153,,7226,3648,fp16,fp16,false,0,0,false,0,spmv_max_rel,SKIP
TSOPF_RS_b9_c6_b.mtx,bf16_lb,bf16_lb,controlled_lossy_value_specialized,ok,none,accuracy_pass_runtime_loss,0.0058,0.0050,2.724138,0.965517,,7226,3648,bf16,bf16,false,0,0,false,0,spmv_max_rel,SKIP
TSOPF_RS_b9_c6_b.mtx,bfp8_lb,bfp8_lb,controlled_lossy_value_specialized,ok,none,accuracy_pass_runtime_win,0.0046,0.0034,3.434783,1.217391,,4525,3648,bfp8,bfp8,false,0,0,false,0,spmv_max_rel,SKIP
TSOPF_RS_b9_c6_b.mtx,bfp8_outlier_lb,bfp8_outlier_lb,controlled_lossy_value_specialized,ok,none,accuracy_pass_runtime_loss,0.0078,0.0061,2.025641,0.717949,,4733,3648,bfp8_outlier,bfp8_outlier,false,0,0,false,0,spmv_max_rel,SKIP
TSOPF_RS_b9_c6_b.mtx,bfp4_lb,bfp4_lb,controlled_lossy_value_specialized,ok,none,accuracy_pass_runtime_loss,0.0058,0.0050,2.724138,0.965517,,2719,3648,bfp4,bfp4,false,0,0,false,0,spmv_max_rel,SKIP
TSOPF_RS_b9_c6_b.mtx,hybrid_lb,hybrid_lb,structural_hybrid,ok,none,promoted_fallback,0.0058,0.0045,2.724138,0.965517,,28904,,original,raw_double,false,,,1,0,exact_abs_or_rel,SKIP
TSOPF_RS_b9_c6_b.mtx,cusparse_default,cusparse_csr,external_baseline,ok,none,external_baseline,0.0158,0.0143,1.000000,0.354430,,28904,43352,original,original,false,,,true,0,exact_abs_or_rel,SKIP
TS_b.mtx,original_lb,original_lb,load_balanced_traversal,ok,none,promoted_fallback,0.0059,0.0041,2.322034,1.000000,,1120,840,original,original,false,0,0,true,0,exact_abs_or_rel,SKIP
TS_b.mtx,auto_lossless_lb,original_lb,load_balanced_traversal,ok,none,promoted_fallback,0.0047,0.0038,2.914894,1.255319,,1120,840,auto_lossless,original,true,140,1120,true,0,exact_abs_or_rel,SKIP
TS_b.mtx,fp16_lb,fp16_lb,controlled_lossy_value_specialized,ok,none,accuracy_pass_runtime_win,0.0057,0.0047,2.403509,1.035088,,280,840,fp16,fp16,false,0,0,false,0,spmv_max_rel,SKIP
TS_b.mtx,bf16_lb,bf16_lb,controlled_lossy_value_specialized,ok,none,accuracy_pass_runtime_loss,0.0065,0.0055,2.107692,0.907692,,280,840,bf16,bf16,false,0,0,false,0,spmv_max_rel,SKIP
TS_b.mtx,bfp8_lb,bfp8_lb,controlled_lossy_value_specialized,ok,none,accuracy_pass_runtime_win,0.0055,0.0044,2.490909,1.072727,,350,840,bfp8,bfp8,false,0,0,false,0,spmv_max_rel,SKIP
TS_b.mtx,bfp8_outlier_lb,bfp8_outlier_lb,controlled_lossy_value_specialized,ok,none,accuracy_pass_runtime_win,0.0054,0.0047,2.537037,1.092593,,350,840,bfp8_outlier,bfp8_outlier,false,0,0,false,0,spmv_max_rel,SKIP
TS_b.mtx,bfp4_lb,bfp4_lb,controlled_lossy_value_specialized,ok,none,accuracy_pass_runtime_win,0.0055,0.0046,2.490909,1.072727,,280,840,bfp4,bfp4,false,0,0,false,0,spmv_max_rel,SKIP
TS_b.mtx,hybrid_lb,hybrid_lb,structural_hybrid,ok,none,promoted_fallback,0.0056,0.0045,2.446429,1.053571,,1120,,original,raw_double,false,,,1,0,exact_abs_or_rel,SKIP
TS_b.mtx,cusparse_default,cusparse_csr,external_baseline,ok,none,external_baseline,0.0137,0.0102,1.000000,0.430657,,1120,9132,original,original,false,,,true,0,exact_abs_or_rel,SKIP
Trec11.mtx,original_lb,original_lb,load_balanced_traversal,ok,none,promoted_fallback,0.0093,0.0087,1.387097,1.000000,,285640,37696,original,original,false,0,0,true,0,exact_abs_or_rel,SKIP
Trec11.mtx,auto_lossless_lb,dict256_u8_lb,lossless_value_specialized,ok,none,accuracy_pass_runtime_loss,0.0108,0.0090,1.194444,0.861111,,151144,37696,auto_lossless,dict256_u8,true,45,151144,true,45,exact_abs_or_rel,SKIP
Trec11.mtx,fp16_lb,fp16_lb,controlled_lossy_value_specialized,ok,none,accuracy_pass_runtime_win,0.0087,0.0075,1.482759,1.068966,,71410,37696,fp16,fp16,false,0,0,false,0,spmv_max_rel,SKIP
Trec11.mtx,bf16_lb,bf16_lb,controlled_lossy_value_specialized,ok,none,accuracy_pass_runtime_loss,0.0099,0.0093,1.303030,0.939394,,71410,37696,bf16,bf16,false,0,0,false,0,spmv_max_rel,SKIP
Trec11.mtx,bfp8_lb,bfp8_lb,controlled_lossy_value_specialized,ok,none,accuracy_pass_runtime_loss,0.0105,0.0092,1.228571,0.885714,,45129,37696,bfp8,bfp8,false,0,0,false,0,spmv_max_rel,SKIP
Trec11.mtx,bfp8_outlier_lb,bfp8_outlier_lb,controlled_lossy_value_specialized,ok,none,accuracy_pass_runtime_loss,0.0120,0.0099,1.075000,0.775000,,47833,37696,bfp8_outlier,bfp8_outlier,false,0,0,false,0,spmv_max_rel,SKIP
Trec11.mtx,bfp4_lb,bfp4_lb,controlled_lossy_value_specialized,ok,none,accuracy_pass_runtime_loss,0.0141,0.0136,0.914894,0.659574,,27277,37696,bfp4,bfp4,false,0,0,false,0,spmv_max_rel,SKIP
Trec11.mtx,hybrid_lb,hybrid_lb,structural_hybrid,ok,none,promoted_fallback,0.0132,0.0124,0.977273,0.704545,,285640,,original,raw_double,false,,,1,0,exact_abs_or_rel,SKIP
Trec11.mtx,cusparse_default,cusparse_csr,external_baseline,ok,none,external_baseline,0.0129,0.0102,1.000000,0.720930,,285640,143764,original,original,false,,,true,0,exact_abs_or_rel,SKIP
Trec7.mtx,original_lb,original_lb,load_balanced_traversal,ok,none,promoted_fallback,0.0063,0.0053,1.777778,1.000000,,1176,136,original,original,false,0,0,true,0,exact_abs_or_rel,SKIP
Trec7.mtx,auto_lossless_lb,dict16_lb,lossless_value_specialized,ok,none,accuracy_pass_runtime_win,0.0061,0.0048,1.836066,1.032787,,336,136,auto_lossless,dict16,true,8,336,true,8,exact_abs_or_rel,SKIP
Trec7.mtx,fp16_lb,fp16_lb,controlled_lossy_value_specialized,ok,none,accuracy_pass_runtime_loss,0.0073,0.0049,1.534247,0.863014,,294,136,fp16,fp16,false,0,0,false,0,spmv_max_rel,SKIP
Trec7.mtx,bf16_lb,bf16_lb,controlled_lossy_value_specialized,ok,none,accuracy_pass_runtime_loss,0.0070,0.0048,1.600000,0.900000,,294,136,bf16,bf16,false,0,0,false,0,spmv_max_rel,SKIP
Trec7.mtx,bfp8_lb,bfp8_lb,controlled_lossy_value_specialized,ok,none,accuracy_pass_runtime_win,0.0057,0.0047,1.964912,1.105263,,181,136,bfp8,bfp8,false,0,0,false,0,spmv_max_rel,SKIP
Trec7.mtx,bfp8_outlier_lb,bfp8_outlier_lb,controlled_lossy_value_specialized,ok,none,accuracy_pass_runtime_win,0.0054,0.0047,2.074074,1.166667,,181,136,bfp8_outlier,bfp8_outlier,false,0,0,false,0,spmv_max_rel,SKIP
Trec7.mtx,bfp4_lb,bfp4_lb,controlled_lossy_value_specialized,ok,none,accuracy_pass_runtime_loss,0.0074,0.0058,1.513514,0.851351,,108,136,bfp4,bfp4,false,0,0,false,0,spmv_max_rel,SKIP
Trec7.mtx,hybrid_lb,hybrid_lb,structural_hybrid,ok,none,promoted_fallback,0.0075,0.0051,1.493333,0.840000,,1176,,original,raw_double,false,,,1,0,exact_abs_or_rel,SKIP
Trec7.mtx,cusparse_default,cusparse_csr,external_baseline,ok,none,external_baseline,0.0112,0.0082,1.000000,0.562500,,1176,636,original,original,false,,,true,0,exact_abs_or_rel,SKIP
Trefethen_150.mtx,original_lb,original_lb,load_balanced_traversal,ok,none,promoted_fallback,0.0081,0.0069,1.456790,1.000000,,16320,2352,original,original,false,0,0,true,0,exact_abs_or_rel,SKIP
Trefethen_150.mtx,auto_lossless_lb,dict256_u8_lb,lossless_value_specialized,ok,none,accuracy_pass_runtime_loss,0.0092,0.0073,1.282609,0.880435,,10616,2352,auto_lossless,dict256_u8,true,151,10616,true,151,exact_abs_or_rel,SKIP
Trefethen_150.mtx,fp16_lb,fp16_lb,controlled_lossy_value_specialized,ok,none,accuracy_pass_runtime_win,0.0079,0.0069,1.493671,1.025316,,4080,2352,fp16,fp16,false,0,0,false,0,spmv_max_rel,SKIP
Trefethen_150.mtx,bf16_lb,bf16_lb,controlled_lossy_value_specialized,ok,none,accuracy_pass_runtime_win,0.0080,0.0072,1.475000,1.012500,,4080,2352,bf16,bf16,false,0,0,false,0,spmv_max_rel,SKIP
Trefethen_150.mtx,bfp8_lb,bfp8_lb,controlled_lossy_value_specialized,ok,none,accuracy_pass_runtime_win,0.0068,0.0063,1.735294,1.191176,,2628,2352,bfp8,bfp8,false,0,0,false,0,spmv_max_rel,SKIP
Trefethen_150.mtx,bfp8_outlier_lb,bfp8_outlier_lb,controlled_lossy_value_specialized,ok,none,accuracy_pass_runtime_loss,0.0096,0.0082,1.229167,0.843750,,2788,2352,bfp8_outlier,bfp8_outlier,false,0,0,false,0,spmv_max_rel,SKIP
Trefethen_150.mtx,bfp4_lb,bfp4_lb,controlled_lossy_value_specialized,ok,none,accuracy_pass_runtime_loss,0.0087,0.0073,1.356322,0.931034,,1608,2352,bfp4,bfp4,false,0,0,false,0,spmv_max_rel,SKIP
Trefethen_150.mtx,hybrid_lb,hybrid_lb,structural_hybrid,ok,none,promoted_fallback,0.0069,0.0047,1.710145,1.173913,,16320,,original,raw_double,false,,,1,0,exact_abs_or_rel,SKIP
Trefethen_150.mtx,cusparse_default,cusparse_csr,external_baseline,ok,none,external_baseline,0.0118,0.0082,1.000000,0.686441,,16320,8764,original,original,false,,,true,0,exact_abs_or_rel,SKIP
Trefethen_700.mtx,original_lb,original_lb,load_balanced_traversal,ok,none,promoted_fallback,0.0087,0.0069,1.609195,1.000000,,101232,16944,original,original,false,0,0,true,0,exact_abs_or_rel,SKIP
Trefethen_700.mtx,auto_lossless_lb,original_lb,load_balanced_traversal,ok,none,promoted_fallback,0.0085,0.0069,1.647059,1.023529,,101232,16944,auto_lossless,original,true,701,101232,true,0,exact_abs_or_rel,SKIP
Trefethen_700.mtx,fp16_lb,fp16_lb,controlled_lossy_value_specialized,ok,none,accuracy_pass_runtime_loss,0.0093,0.0074,1.505376,0.935484,,25308,16944,fp16,fp16,false,0,0,false,0,spmv_max_rel,SKIP
Trefethen_700.mtx,bf16_lb,bf16_lb,controlled_lossy_value_specialized,ok,none,accuracy_pass_runtime_loss,0.0092,0.0071,1.521739,0.945652,,25308,16944,bf16,bf16,false,0,0,false,0,spmv_max_rel,SKIP
Trefethen_700.mtx,bfp8_lb,bfp8_lb,controlled_lossy_value_specialized,ok,none,accuracy_pass_runtime_loss,0.0099,0.0092,1.414141,0.878788,,16890,16944,bfp8,bfp8,false,0,0,false,0,spmv_max_rel,SKIP
Trefethen_700.mtx,bfp8_outlier_lb,bfp8_outlier_lb,controlled_lossy_value_specialized,ok,none,accuracy_pass_runtime_loss,0.0114,0.0102,1.228070,0.763158,,17898,16944,bfp8_outlier,bfp8_outlier,false,0,0,false,0,spmv_max_rel,SKIP
Trefethen_700.mtx,bfp4_lb,bfp4_lb,controlled_lossy_value_specialized,ok,none,accuracy_pass_runtime_loss,0.0112,0.0104,1.250000,0.776786,,10563,16944,bfp4,bfp4,false,0,0,false,0,spmv_max_rel,SKIP
Trefethen_700.mtx,hybrid_lb,hybrid_lb,structural_hybrid,ok,none,promoted_fallback,0.0078,0.0055,1.794872,1.115385,,101232,,original,raw_double,false,,,1,0,exact_abs_or_rel,SKIP
Trefethen_700.mtx,cusparse_default,cusparse_csr,external_baseline,ok,none,external_baseline,0.0140,0.0102,1.000000,0.621429,,101232,53420,original,original,false,,,true,0,exact_abs_or_rel,SKIP
USpowerGrid.mtx,original_lb,original_lb,load_balanced_traversal,ok,none,promoted_fallback,0.0090,0.0071,1.644444,1.000000,,105504,76616,original,original,false,0,0,true,0,exact_abs_or_rel,SKIP
USpowerGrid.mtx,auto_lossless_lb,all_one_lb,lossless_value_specialized,ok,none,accuracy_pass_runtime_win,0.0086,0.0065,1.720930,1.046512,,0,76616,auto_lossless,all_one,true,1,0,true,0,exact_abs_or_rel,SKIP
USpowerGrid.mtx,fp16_lb,fp16_lb,controlled_lossy_value_specialized,ok,none,accuracy_pass_runtime_loss,0.0096,0.0080,1.541667,0.937500,,26376,76616,fp16,fp16,false,0,0,false,0,spmv_max_rel,SKIP
USpowerGrid.mtx,bf16_lb,bf16_lb,controlled_lossy_value_specialized,ok,none,accuracy_pass_runtime_loss,0.0097,0.0082,1.525773,0.927835,,26376,76616,bf16,bf16,false,0,0,false,0,spmv_max_rel,SKIP
USpowerGrid.mtx,bfp8_lb,bfp8_lb,controlled_lossy_value_specialized,ok,none,accuracy_pass_runtime_loss,0.0097,0.0086,1.525773,0.927835,,32342,76616,bfp8,bfp8,false,0,0,false,0,spmv_max_rel,SKIP
USpowerGrid.mtx,bfp8_outlier_lb,bfp8_outlier_lb,controlled_lossy_value_specialized,ok,none,accuracy_pass_runtime_loss,0.0094,0.0082,1.574468,0.957447,,32342,76616,bfp8_outlier,bfp8_outlier,false,0,0,false,0,spmv_max_rel,SKIP
USpowerGrid.mtx,bfp4_lb,bfp4_lb,controlled_lossy_value_specialized,ok,none,accuracy_pass_runtime_loss,0.0118,0.0109,1.254237,0.762712,,25748,76616,bfp4,bfp4,false,0,0,false,0,spmv_max_rel,SKIP
USpowerGrid.mtx,hybrid_lb,hybrid_lb,structural_hybrid,ok,none,promoted_fallback,0.0069,0.0049,2.144928,1.304348,,105504,,original,raw_double,false,,,1,0,exact_abs_or_rel,SKIP
USpowerGrid.mtx,cusparse_default,cusparse_csr,external_baseline,ok,none,external_baseline,0.0148,0.0123,1.000000,0.608108,,105504,72520,original,original,false,,,true,0,exact_abs_or_rel,SKIP
aa6.mtx,original_lb,original_lb,load_balanced_traversal,ok,none,promoted_fallback,0.0085,0.0070,1.682353,1.000000,,413824,108112,original,original,false,0,0,true,0,exact_abs_or_rel,SKIP
aa6.mtx,auto_lossless_lb,all_one_lb,lossless_value_specialized,ok,none,accuracy_pass_runtime_loss,0.0097,0.0074,1.474227,0.876289,,0,108112,auto_lossless,all_one,true,1,0,true,0,exact_abs_or_rel,SKIP
aa6.mtx,fp16_lb,fp16_lb,controlled_lossy_value_specialized,ok,none,accuracy_pass_runtime_loss,0.0091,0.0077,1.571429,0.934066,,103456,108112,fp16,fp16,false,0,0,false,0,spmv_max_rel,SKIP
aa6.mtx,bf16_lb,bf16_lb,controlled_lossy_value_specialized,ok,none,accuracy_pass_runtime_loss,0.0090,0.0077,1.588889,0.944444,,103456,108112,bf16,bf16,false,0,0,false,0,spmv_max_rel,SKIP
aa6.mtx,bfp8_lb,bfp8_lb,controlled_lossy_value_specialized,ok,none,accuracy_pass_runtime_loss,0.0094,0.0085,1.521277,0.904255,,78756,108112,bfp8,bfp8,false,0,0,false,0,spmv_max_rel,SKIP
aa6.mtx,bfp8_outlier_lb,bfp8_outlier_lb,controlled_lossy_value_specialized,ok,none,accuracy_pass_runtime_loss,0.0091,0.0085,1.571429,0.934066,,78756,108112,bfp8_outlier,bfp8_outlier,false,0,0,false,0,spmv_max_rel,SKIP
aa6.mtx,bfp4_lb,bfp4_lb,controlled_lossy_value_specialized,ok,none,accuracy_pass_runtime_loss,0.0135,0.0126,1.059259,0.629630,,52892,108112,bfp4,bfp4,false,0,0,false,0,spmv_max_rel,SKIP
aa6.mtx,hybrid_lb,hybrid_lb,structural_hybrid,ok,none,promoted_fallback,0.0159,0.0135,0.899371,0.534591,,413824,,original,raw_double,false,,,1,0,exact_abs_or_rel,SKIP
aa6.mtx,cusparse_default,cusparse_csr,external_baseline,ok,none,external_baseline,0.0143,0.0103,1.000000,0.594406,,413824,209500,original,original,false,,,true,0,exact_abs_or_rel,SKIP
adder_dcop_02.mtx,original_lb,original_lb,load_balanced_traversal,ok,none,promoted_fallback,0.0084,0.0068,1.738095,1.000000,,89968,44576,original,original,false,0,0,true,0,exact_abs_or_rel,SKIP
adder_dcop_02.mtx,auto_lossless_lb,original_lb,load_balanced_traversal,ok,none,promoted_fallback,0.0079,0.0072,1.848101,1.063291,,89968,44576,auto_lossless,original,true,6598,89968,true,0,exact_abs_or_rel,SKIP
adder_dcop_02.mtx,fp16_lb,fp16_lb,controlled_lossy_value_specialized,ok,none,accuracy_pass_runtime_loss,0.0096,0.0085,1.520833,0.875000,,22492,44576,fp16,fp16,false,0,0,false,0,spmv_max_rel,SKIP
adder_dcop_02.mtx,bf16_lb,bf16_lb,controlled_lossy_value_specialized,ok,none,accuracy_pass_runtime_loss,0.0094,0.0090,1.553191,0.893617,,22492,44576,bf16,bf16,false,0,0,false,0,spmv_max_rel,SKIP
adder_dcop_02.mtx,bfp8_lb,bfp8_lb,controlled_lossy_value_specialized,ok,none,accuracy_pass_runtime_loss,0.0095,0.0085,1.536842,0.884211,,22390,44576,bfp8,bfp8,false,0,0,false,0,spmv_max_rel,SKIP
adder_dcop_02.mtx,bfp8_outlier_lb,bfp8_outlier_lb,controlled_lossy_value_specialized,ok,none,accuracy_pass_runtime_loss,0.0119,0.0104,1.226891,0.705882,,23286,44576,bfp8_outlier,bfp8_outlier,false,0,0,false,0,spmv_max_rel,SKIP
adder_dcop_02.mtx,bfp4_lb,bfp4_lb,controlled_lossy_value_specialized,ok,none,accuracy_pass_runtime_loss,0.0142,0.0133,1.028169,0.591549,,16767,44576,bfp4,bfp4,false,0,0,false,0,spmv_max_rel,SKIP
adder_dcop_02.mtx,hybrid_lb,hybrid_lb,structural_hybrid,ok,none,promoted_fallback,0.0088,0.0076,1.659091,0.954545,,89968,,original,raw_double,false,,,1,0,exact_abs_or_rel,SKIP
adder_dcop_02.mtx,cusparse_default,cusparse_csr,external_baseline,ok,none,external_baseline,0.0146,0.0123,1.000000,0.575342,,89968,52240,original,original,false,,,true,0,exact_abs_or_rel,SKIP
adder_dcop_10.mtx,original_lb,original_lb,load_balanced_traversal,ok,none,promoted_fallback,0.0100,0.0085,1.440000,1.000000,,89856,44488,original,original,false,0,0,true,0,exact_abs_or_rel,SKIP
adder_dcop_10.mtx,auto_lossless_lb,original_lb,load_balanced_traversal,ok,none,promoted_fallback,0.0105,0.0091,1.371429,0.952381,,89856,44488,auto_lossless,original,true,9420,89856,true,0,exact_abs_or_rel,SKIP
adder_dcop_10.mtx,fp16_lb,fp16_lb,controlled_lossy_value_specialized,ok,none,accuracy_pass_runtime_loss,0.0112,0.0097,1.285714,0.892857,,22464,44488,fp16,fp16,false,0,0,false,0,spmv_max_rel,SKIP
adder_dcop_10.mtx,bf16_lb,bf16_lb,controlled_lossy_value_specialized,ok,none,accuracy_pass_runtime_win,0.0096,0.0076,1.500000,1.041667,,22464,44488,bf16,bf16,false,0,0,false,0,spmv_max_rel,SKIP
adder_dcop_10.mtx,bfp8_lb,bfp8_lb,controlled_lossy_value_specialized,ok,none,accuracy_pass_runtime_win,0.0098,0.0090,1.469388,1.020408,,22354,44488,bfp8,bfp8,false,0,0,false,0,spmv_max_rel,SKIP
adder_dcop_10.mtx,bfp8_outlier_lb,bfp8_outlier_lb,controlled_lossy_value_specialized,ok,none,accuracy_pass_runtime_loss,0.0116,0.0103,1.241379,0.862069,,23250,44488,bfp8_outlier,bfp8_outlier,false,0,0,false,0,spmv_max_rel,SKIP
adder_dcop_10.mtx,bfp4_lb,bfp4_lb,controlled_lossy_value_specialized,ok,none,accuracy_pass_runtime_loss,0.0135,0.0132,1.066667,0.740741,,16738,44488,bfp4,bfp4,false,0,0,false,0,spmv_max_rel,SKIP
adder_dcop_10.mtx,hybrid_lb,hybrid_lb,structural_hybrid,ok,none,promoted_fallback,0.0085,0.0068,1.694118,1.176471,,89856,,original,raw_double,false,,,1,0,exact_abs_or_rel,SKIP
adder_dcop_10.mtx,cusparse_default,cusparse_csr,external_baseline,ok,none,external_baseline,0.0144,0.0123,1.000000,0.694444,,89856,52184,original,original,false,,,true,0,exact_abs_or_rel,SKIP
adder_dcop_18.mtx,original_lb,original_lb,load_balanced_traversal,ok,none,promoted_fallback,0.0093,0.0068,1.473118,1.000000,,89968,44576,original,original,false,0,0,true,0,exact_abs_or_rel,SKIP
adder_dcop_18.mtx,auto_lossless_lb,original_lb,load_balanced_traversal,ok,none,promoted_fallback,0.0083,0.0072,1.650602,1.120482,,89968,44576,auto_lossless,original,true,8829,89968,true,0,exact_abs_or_rel,SKIP
adder_dcop_18.mtx,fp16_lb,fp16_lb,controlled_lossy_value_specialized,ok,none,accuracy_pass_runtime_loss,0.0093,0.0087,1.473118,1.000000,,22492,44576,fp16,fp16,false,0,0,false,0,spmv_max_rel,SKIP
adder_dcop_18.mtx,bf16_lb,bf16_lb,controlled_lossy_value_specialized,ok,none,accuracy_pass_runtime_loss,0.0094,0.0076,1.457447,0.989362,,22492,44576,bf16,bf16,false,0,0,false,0,spmv_max_rel,SKIP
adder_dcop_18.mtx,bfp8_lb,bfp8_lb,controlled_lossy_value_specialized,ok,none,accuracy_pass_runtime_loss,0.0093,0.0085,1.473118,1.000000,,22390,44576,bfp8,bfp8,false,0,0,false,0,spmv_max_rel,SKIP
adder_dcop_18.mtx,bfp8_outlier_lb,bfp8_outlier_lb,controlled_lossy_value_specialized,ok,none,accuracy_pass_runtime_loss,0.0115,0.0100,1.191304,0.808696,,23238,44576,bfp8_outlier,bfp8_outlier,false,0,0,false,0,spmv_max_rel,SKIP
adder_dcop_18.mtx,bfp4_lb,bfp4_lb,controlled_lossy_value_specialized,ok,none,accuracy_pass_runtime_loss,0.0135,0.0128,1.014815,0.688889,,16767,44576,bfp4,bfp4,false,0,0,false,0,spmv_max_rel,SKIP
adder_dcop_18.mtx,hybrid_lb,hybrid_lb,structural_hybrid,ok,none,promoted_fallback,0.0083,0.0068,1.650602,1.120482,,89968,,original,raw_double,false,,,1,0,exact_abs_or_rel,SKIP
adder_dcop_18.mtx,cusparse_default,cusparse_csr,external_baseline,ok,none,external_baseline,0.0137,0.0123,1.000000,0.678832,,89968,52240,original,original,false,,,true,0,exact_abs_or_rel,SKIP
adder_dcop_26.mtx,original_lb,original_lb,load_balanced_traversal,ok,none,promoted_fallback,0.0089,0.0074,1.617978,1.000000,,89968,44576,original,original,false,0,0,true,0,exact_abs_or_rel,SKIP
adder_dcop_26.mtx,auto_lossless_lb,original_lb,load_balanced_traversal,ok,none,promoted_fallback,0.0082,0.0072,1.756098,1.085366,,89968,44576,auto_lossless,original,true,7302,89968,true,0,exact_abs_or_rel,SKIP
adder_dcop_26.mtx,fp16_lb,fp16_lb,controlled_lossy_value_specialized,ok,none,accuracy_pass_runtime_loss,0.0095,0.0088,1.515789,0.936842,,22492,44576,fp16,fp16,false,0,0,false,0,spmv_max_rel,SKIP
adder_dcop_26.mtx,bf16_lb,bf16_lb,controlled_lossy_value_specialized,ok,none,accuracy_pass_runtime_loss,0.0094,0.0078,1.531915,0.946809,,22492,44576,bf16,bf16,false,0,0,false,0,spmv_max_rel,SKIP
adder_dcop_26.mtx,bfp8_lb,bfp8_lb,controlled_lossy_value_specialized,ok,none,accuracy_pass_runtime_loss,0.0098,0.0092,1.469388,0.908163,,22390,44576,bfp8,bfp8,false,0,0,false,0,spmv_max_rel,SKIP
adder_dcop_26.mtx,bfp8_outlier_lb,bfp8_outlier_lb,controlled_lossy_value_specialized,ok,none,accuracy_pass_runtime_loss,0.0115,0.0106,1.252174,0.773913,,23286,44576,bfp8_outlier,bfp8_outlier,false,0,0,false,0,spmv_max_rel,SKIP
adder_dcop_26.mtx,bfp4_lb,bfp4_lb,controlled_lossy_value_specialized,ok,none,accuracy_pass_runtime_loss,0.0136,0.0130,1.058824,0.654412,,16767,44576,bfp4,bfp4,false,0,0,false,0,spmv_max_rel,SKIP
adder_dcop_26.mtx,hybrid_lb,hybrid_lb,structural_hybrid,ok,none,promoted_fallback,0.0084,0.0062,1.714286,1.059524,,89968,,original,raw_double,false,,,1,0,exact_abs_or_rel,SKIP
adder_dcop_26.mtx,cusparse_default,cusparse_csr,external_baseline,ok,none,external_baseline,0.0144,0.0123,1.000000,0.618056,,89968,52240,original,original,false,,,true,0,exact_abs_or_rel,SKIP
adder_dcop_34.mtx,original_lb,original_lb,load_balanced_traversal,ok,none,promoted_fallback,0.0086,0.0070,1.662791,1.000000,,89968,44576,original,original,false,0,0,true,0,exact_abs_or_rel,SKIP
adder_dcop_34.mtx,auto_lossless_lb,original_lb,load_balanced_traversal,ok,none,promoted_fallback,0.0084,0.0072,1.702381,1.023810,,89968,44576,auto_lossless,original,true,5777,89968,true,0,exact_abs_or_rel,SKIP
adder_dcop_34.mtx,fp16_lb,fp16_lb,controlled_lossy_value_specialized,ok,none,accuracy_pass_runtime_loss,0.0098,0.0088,1.459184,0.877551,,22492,44576,fp16,fp16,false,0,0,false,0,spmv_max_rel,SKIP
adder_dcop_34.mtx,bf16_lb,bf16_lb,controlled_lossy_value_specialized,ok,none,accuracy_pass_runtime_loss,0.0094,0.0077,1.521277,0.914894,,22492,44576,bf16,bf16,false,0,0,false,0,spmv_max_rel,SKIP
adder_dcop_34.mtx,bfp8_lb,bfp8_lb,controlled_lossy_value_specialized,ok,none,accuracy_pass_runtime_loss,0.0093,0.0085,1.537634,0.924731,,22390,44576,bfp8,bfp8,false,0,0,false,0,spmv_max_rel,SKIP
adder_dcop_34.mtx,bfp8_outlier_lb,bfp8_outlier_lb,controlled_lossy_value_specialized,ok,none,accuracy_pass_runtime_loss,0.0118,0.0104,1.211864,0.728814,,23270,44576,bfp8_outlier,bfp8_outlier,false,0,0,false,0,spmv_max_rel,SKIP
adder_dcop_34.mtx,bfp4_lb,bfp4_lb,controlled_lossy_value_specialized,ok,none,accuracy_pass_runtime_loss,0.0140,0.0132,1.021429,0.614286,,16767,44576,bfp4,bfp4,false,0,0,false,0,spmv_max_rel,SKIP
adder_dcop_34.mtx,hybrid_lb,hybrid_lb,structural_hybrid,ok,none,promoted_fallback,0.0085,0.0070,1.682353,1.011765,,89968,,original,raw_double,false,,,1,0,exact_abs_or_rel,SKIP
adder_dcop_34.mtx,cusparse_default,cusparse_csr,external_baseline,ok,none,external_baseline,0.0143,0.0123,1.000000,0.601399,,89968,52240,original,original,false,,,true,0,exact_abs_or_rel,SKIP
adder_dcop_42.mtx,original_lb,original_lb,load_balanced_traversal,ok,none,promoted_fallback,0.0087,0.0073,1.655172,1.000000,,89968,44576,original,original,false,0,0,true,0,exact_abs_or_rel,SKIP
adder_dcop_42.mtx,auto_lossless_lb,original_lb,load_balanced_traversal,ok,none,promoted_fallback,0.0083,0.0072,1.734940,1.048193,,89968,44576,auto_lossless,original,true,5565,89968,true,0,exact_abs_or_rel,SKIP
adder_dcop_42.mtx,fp16_lb,fp16_lb,controlled_lossy_value_specialized,ok,none,accuracy_pass_runtime_loss,0.0096,0.0077,1.500000,0.906250,,22492,44576,fp16,fp16,false,0,0,false,0,spmv_max_rel,SKIP
adder_dcop_42.mtx,bf16_lb,bf16_lb,controlled_lossy_value_specialized,ok,none,accuracy_pass_runtime_loss,0.0100,0.0080,1.440000,0.870000,,22492,44576,bf16,bf16,false,0,0,false,0,spmv_max_rel,SKIP
adder_dcop_42.mtx,bfp8_lb,bfp8_lb,controlled_lossy_value_specialized,ok,none,accuracy_pass_runtime_loss,0.0098,0.0090,1.469388,0.887755,,22390,44576,bfp8,bfp8,false,0,0,false,0,spmv_max_rel,SKIP
adder_dcop_42.mtx,bfp8_outlier_lb,bfp8_outlier_lb,controlled_lossy_value_specialized,ok,none,accuracy_pass_runtime_loss,0.0125,0.0108,1.152000,0.696000,,23286,44576,bfp8_outlier,bfp8_outlier,false,0,0,false,0,spmv_max_rel,SKIP
adder_dcop_42.mtx,bfp4_lb,bfp4_lb,controlled_lossy_value_specialized,ok,none,accuracy_pass_runtime_loss,0.0138,0.0131,1.043478,0.630435,,16767,44576,bfp4,bfp4,false,0,0,false,0,spmv_max_rel,SKIP
adder_dcop_42.mtx,hybrid_lb,hybrid_lb,structural_hybrid,ok,none,promoted_fallback,0.0087,0.0066,1.655172,1.000000,,89968,,original,raw_double,false,,,1,0,exact_abs_or_rel,SKIP
adder_dcop_42.mtx,cusparse_default,cusparse_csr,external_baseline,ok,none,external_baseline,0.0144,0.0123,1.000000,0.604167,,89968,52240,original,original,false,,,true,0,exact_abs_or_rel,SKIP
adder_dcop_50.mtx,original_lb,original_lb,load_balanced_traversal,ok,none,promoted_fallback,0.0093,0.0085,1.483871,1.000000,,89968,44576,original,original,false,0,0,true,0,exact_abs_or_rel,SKIP
adder_dcop_50.mtx,auto_lossless_lb,original_lb,load_balanced_traversal,ok,none,promoted_fallback,0.0087,0.0077,1.586207,1.068966,,89968,44576,auto_lossless,original,true,4807,89968,true,0,exact_abs_or_rel,SKIP
adder_dcop_50.mtx,fp16_lb,fp16_lb,controlled_lossy_value_specialized,ok,none,accuracy_pass_runtime_loss,0.0105,0.0090,1.314286,0.885714,,22492,44576,fp16,fp16,false,0,0,false,0,spmv_max_rel,SKIP
adder_dcop_50.mtx,bf16_lb,bf16_lb,controlled_lossy_value_specialized,ok,none,accuracy_pass_runtime_loss,0.0103,0.0091,1.339806,0.902913,,22492,44576,bf16,bf16,false,0,0,false,0,spmv_max_rel,SKIP
adder_dcop_50.mtx,bfp8_lb,bfp8_lb,controlled_lossy_value_specialized,ok,none,accuracy_pass_runtime_loss,0.0098,0.0091,1.408163,0.948980,,22390,44576,bfp8,bfp8,false,0,0,false,0,spmv_max_rel,SKIP
adder_dcop_50.mtx,bfp8_outlier_lb,bfp8_outlier_lb,controlled_lossy_value_specialized,ok,none,accuracy_pass_runtime_loss,0.0119,0.0106,1.159664,0.781513,,23286,44576,bfp8_outlier,bfp8_outlier,false,0,0,false,0,spmv_max_rel,SKIP
adder_dcop_50.mtx,bfp4_lb,bfp4_lb,controlled_lossy_value_specialized,ok,none,accuracy_pass_runtime_loss,0.0136,0.0132,1.014706,0.683824,,16767,44576,bfp4,bfp4,false,0,0,false,0,spmv_max_rel,SKIP
adder_dcop_50.mtx,hybrid_lb,hybrid_lb,structural_hybrid,ok,none,promoted_fallback,0.0112,0.0096,1.232143,0.830357,,89968,,original,raw_double,false,,,1,0,exact_abs_or_rel,SKIP
adder_dcop_50.mtx,cusparse_default,cusparse_csr,external_baseline,ok,none,external_baseline,0.0138,0.0123,1.000000,0.673913,,89968,52240,original,original,false,,,true,0,exact_abs_or_rel,SKIP
adder_dcop_58.mtx,original_lb,original_lb,load_balanced_traversal,ok,none,promoted_fallback,0.0093,0.0078,1.505376,1.000000,,89968,44576,original,original,false,0,0,true,0,exact_abs_or_rel,SKIP
adder_dcop_58.mtx,auto_lossless_lb,original_lb,load_balanced_traversal,ok,none,promoted_fallback,0.0088,0.0072,1.590909,1.056818,,89968,44576,auto_lossless,original,true,3682,89968,true,0,exact_abs_or_rel,SKIP
adder_dcop_58.mtx,fp16_lb,fp16_lb,controlled_lossy_value_specialized,ok,none,accuracy_pass_runtime_loss,0.0093,0.0086,1.505376,1.000000,,22492,44576,fp16,fp16,false,0,0,false,0,spmv_max_rel,SKIP
adder_dcop_58.mtx,bf16_lb,bf16_lb,controlled_lossy_value_specialized,ok,none,accuracy_pass_runtime_loss,0.0095,0.0087,1.473684,0.978947,,22492,44576,bf16,bf16,false,0,0,false,0,spmv_max_rel,SKIP
adder_dcop_58.mtx,bfp8_lb,bfp8_lb,controlled_lossy_value_specialized,ok,none,accuracy_pass_runtime_loss,0.0095,0.0089,1.473684,0.978947,,22390,44576,bfp8,bfp8,false,0,0,false,0,spmv_max_rel,SKIP
adder_dcop_58.mtx,bfp8_outlier_lb,bfp8_outlier_lb,controlled_lossy_value_specialized,ok,none,accuracy_pass_runtime_loss,0.0115,0.0104,1.217391,0.808696,,23270,44576,bfp8_outlier,bfp8_outlier,false,0,0,false,0,spmv_max_rel,SKIP
adder_dcop_58.mtx,bfp4_lb,bfp4_lb,controlled_lossy_value_specialized,ok,none,accuracy_pass_runtime_loss,0.0158,0.0133,0.886076,0.588608,,16767,44576,bfp4,bfp4,false,0,0,false,0,spmv_max_rel,SKIP
adder_dcop_58.mtx,hybrid_lb,hybrid_lb,structural_hybrid,ok,none,promoted_fallback,0.0087,0.0071,1.609195,1.068966,,89968,,original,raw_double,false,,,1,0,exact_abs_or_rel,SKIP
adder_dcop_58.mtx,cusparse_default,cusparse_csr,external_baseline,ok,none,external_baseline,0.0140,0.0123,1.000000,0.664286,,89968,52240,original,original,false,,,true,0,exact_abs_or_rel,SKIP
adder_dcop_66.mtx,original_lb,original_lb,load_balanced_traversal,ok,none,promoted_fallback,0.0086,0.0068,1.639535,1.000000,,89968,44576,original,original,false,0,0,true,0,exact_abs_or_rel,SKIP
adder_dcop_66.mtx,auto_lossless_lb,original_lb,load_balanced_traversal,ok,none,promoted_fallback,0.0080,0.0068,1.762500,1.075000,,89968,44576,auto_lossless,original,true,3130,89968,true,0,exact_abs_or_rel,SKIP
adder_dcop_66.mtx,fp16_lb,fp16_lb,controlled_lossy_value_specialized,ok,none,accuracy_pass_runtime_loss,0.0095,0.0088,1.484211,0.905263,,22492,44576,fp16,fp16,false,0,0,false,0,spmv_max_rel,SKIP
adder_dcop_66.mtx,bf16_lb,bf16_lb,controlled_lossy_value_specialized,ok,none,accuracy_pass_runtime_loss,0.0095,0.0088,1.484211,0.905263,,22492,44576,bf16,bf16,false,0,0,false,0,spmv_max_rel,SKIP
adder_dcop_66.mtx,bfp8_lb,bfp8_lb,controlled_lossy_value_specialized,ok,none,accuracy_pass_runtime_loss,0.0094,0.0085,1.500000,0.914894,,22390,44576,bfp8,bfp8,false,0,0,false,0,spmv_max_rel,SKIP
adder_dcop_66.mtx,bfp8_outlier_lb,bfp8_outlier_lb,controlled_lossy_value_specialized,ok,none,accuracy_pass_runtime_loss,0.0117,0.0103,1.205128,0.735043,,23270,44576,bfp8_outlier,bfp8_outlier,false,0,0,false,0,spmv_max_rel,SKIP
adder_dcop_66.mtx,bfp4_lb,bfp4_lb,controlled_lossy_value_specialized,ok,none,accuracy_pass_runtime_loss,0.0136,0.0127,1.036765,0.632353,,16767,44576,bfp4,bfp4,false,0,0,false,0,spmv_max_rel,SKIP
adder_dcop_66.mtx,hybrid_lb,hybrid_lb,structural_hybrid,ok,none,promoted_fallback,0.0077,0.0066,1.831169,1.116883,,89968,,original,raw_double,false,,,1,0,exact_abs_or_rel,SKIP
adder_dcop_66.mtx,cusparse_default,cusparse_csr,external_baseline,ok,none,external_baseline,0.0141,0.0123,1.000000,0.609929,,89968,52240,original,original,false,,,true,0,exact_abs_or_rel,SKIP
aft01.mtx,original_lb,original_lb,load_balanced_traversal,ok,none,promoted_fallback,0.0079,0.0065,1.772152,1.000000,,1004536,122128,original,original,false,0,0,true,0,exact_abs_or_rel,SKIP
aft01.mtx,auto_lossless_lb,original_lb,load_balanced_traversal,ok,none,promoted_fallback,0.0100,0.0092,1.400000,0.790000,,1004536,122128,auto_lossless,original,true,65880,1004536,true,0,exact_abs_or_rel,SKIP
aft01.mtx,fp16_lb,fp16_lb,controlled_lossy_value_specialized,ok,none,accuracy_pass_runtime_win,0.0075,0.0068,1.866667,1.053333,,251134,122128,fp16,fp16,false,0,0,false,0,spmv_max_rel,SKIP
aft01.mtx,bf16_lb,bf16_lb,controlled_lossy_value_specialized,ok,none,accuracy_pass_runtime_win,0.0070,0.0067,2.000000,1.128571,,251134,122128,bf16,bf16,false,0,0,false,0,spmv_max_rel,SKIP
aft01.mtx,bfp8_lb,bfp8_lb,controlled_lossy_value_specialized,ok,none,accuracy_pass_runtime_win,0.0072,0.0067,1.944444,1.097222,,156099,122128,bfp8,bfp8,false,0,0,false,0,spmv_max_rel,SKIP
aft01.mtx,bfp8_outlier_lb,bfp8_outlier_lb,controlled_lossy_value_specialized,ok,none,accuracy_pass_runtime_loss,0.0095,0.0083,1.473684,0.831579,,166115,122128,bfp8_outlier,bfp8_outlier,false,0,0,false,0,spmv_max_rel,SKIP
aft01.mtx,bfp4_lb,bfp4_lb,controlled_lossy_value_specialized,ok,none,accuracy_pass_runtime_loss,0.0091,0.0083,1.538462,0.868132,,93316,122128,bfp4,bfp4,false,0,0,false,0,spmv_max_rel,SKIP
aft01.mtx,hybrid_lb,hybrid_lb,structural_hybrid,ok,none,promoted_fallback,0.0076,0.0064,1.842105,1.039474,,1004536,,original,raw_double,false,,,1,0,exact_abs_or_rel,SKIP
aft01.mtx,cusparse_default,cusparse_csr,external_baseline,ok,none,external_baseline,0.0140,0.0102,1.000000,0.564286,,1004536,535092,original,original,false,,,true,0,exact_abs_or_rel,SKIP
as-22july06.mtx,original_lb,original_lb,load_balanced_traversal,ok,none,promoted_fallback,0.0092,0.0085,1.586957,1.000000,,774976,540784,original,original,false,0,0,true,0,exact_abs_or_rel,SKIP
as-22july06.mtx,auto_lossless_lb,all_one_lb,lossless_value_specialized,ok,none,accuracy_pass_runtime_loss,0.0100,0.0090,1.460000,0.920000,,0,540784,auto_lossless,all_one,true,1,0,true,0,exact_abs_or_rel,SKIP
as-22july06.mtx,fp16_lb,fp16_lb,controlled_lossy_value_specialized,ok,none,accuracy_pass_runtime_loss,0.0113,0.0092,1.292035,0.814159,,193744,540784,fp16,fp16,false,0,0,false,0,spmv_max_rel,SKIP
as-22july06.mtx,bf16_lb,bf16_lb,controlled_lossy_value_specialized,ok,none,accuracy_pass_runtime_loss,0.0103,0.0091,1.417476,0.893204,,193744,540784,bf16,bf16,false,0,0,false,0,spmv_max_rel,SKIP
as-22july06.mtx,bfp8_lb,bfp8_lb,controlled_lossy_value_specialized,ok,none,accuracy_pass_runtime_loss,0.0106,0.0086,1.377358,0.867925,,232068,540784,bfp8,bfp8,false,0,0,false,0,spmv_max_rel,SKIP
as-22july06.mtx,bfp8_outlier_lb,bfp8_outlier_lb,controlled_lossy_value_specialized,ok,none,accuracy_pass_runtime_loss,0.0115,0.0087,1.269565,0.800000,,232068,540784,bfp8_outlier,bfp8_outlier,false,0,0,false,0,spmv_max_rel,SKIP
as-22july06.mtx,bfp4_lb,bfp4_lb,controlled_lossy_value_specialized,ok,none,accuracy_pass_runtime_loss,0.0140,0.0127,1.042857,0.657143,,183632,540784,bfp4,bfp4,false,0,0,false,0,spmv_max_rel,SKIP
as-22july06.mtx,hybrid_lb,hybrid_lb,structural_hybrid,ok,none,promoted_fallback,0.0152,0.0132,0.960526,0.605263,,774976,,original,raw_double,false,,,1,0,exact_abs_or_rel,SKIP
as-22july06.mtx,cusparse_default,cusparse_csr,external_baseline,ok,none,external_baseline,0.0146,0.0123,1.000000,0.630137,,774976,479344,original,original,false,,,true,0,exact_abs_or_rel,SKIP
as-735_G_004.mtx,original_lb,original_lb,load_balanced_traversal,ok,none,promoted_fallback,0.0089,0.0072,1.696629,1.000000,,85888,68624,original,original,false,0,0,true,0,exact_abs_or_rel,SKIP
as-735_G_004.mtx,auto_lossless_lb,all_one_lb,lossless_value_specialized,ok,none,accuracy_pass_runtime_win,0.0084,0.0070,1.797619,1.059524,,0,68624,auto_lossless,all_one,true,1,0,true,0,exact_abs_or_rel,SKIP
as-735_G_004.mtx,fp16_lb,fp16_lb,controlled_lossy_value_specialized,ok,none,accuracy_pass_runtime_loss,0.0092,0.0075,1.641304,0.967391,,21472,68624,fp16,fp16,false,0,0,false,0,spmv_max_rel,SKIP
as-735_G_004.mtx,bf16_lb,bf16_lb,controlled_lossy_value_specialized,ok,none,accuracy_pass_runtime_loss,0.0095,0.0086,1.589474,0.936842,,21472,68624,bf16,bf16,false,0,0,false,0,spmv_max_rel,SKIP
as-735_G_004.mtx,bfp8_lb,bfp8_lb,controlled_lossy_value_specialized,ok,none,accuracy_pass_runtime_loss,0.0096,0.0088,1.572917,0.927083,,27892,68624,bfp8,bfp8,false,0,0,false,0,spmv_max_rel,SKIP
as-735_G_004.mtx,bfp8_outlier_lb,bfp8_outlier_lb,controlled_lossy_value_specialized,ok,none,accuracy_pass_runtime_loss,0.0098,0.0087,1.540816,0.908163,,27892,68624,bfp8_outlier,bfp8_outlier,false,0,0,false,0,spmv_max_rel,SKIP
as-735_G_004.mtx,bfp4_lb,bfp4_lb,controlled_lossy_value_specialized,ok,none,accuracy_pass_runtime_loss,0.0140,0.0127,1.078571,0.635714,,22524,68624,bfp4,bfp4,false,0,0,false,0,spmv_max_rel,SKIP
as-735_G_004.mtx,hybrid_lb,hybrid_lb,structural_hybrid,ok,none,promoted_fallback,0.0099,0.0085,1.525253,0.898990,,85888,,original,raw_double,false,,,1,0,exact_abs_or_rel,SKIP
as-735_G_004.mtx,cusparse_default,cusparse_csr,external_baseline,ok,none,external_baseline,0.0151,0.0123,1.000000,0.589404,,85888,73812,original,original,false,,,true,0,exact_abs_or_rel,SKIP
as-735_G_012.mtx,original_lb,original_lb,load_balanced_traversal,ok,none,promoted_fallback,0.0083,0.0069,1.855422,1.000000,,86936,69432,original,original,false,0,0,true,0,exact_abs_or_rel,SKIP
as-735_G_012.mtx,auto_lossless_lb,all_one_lb,lossless_value_specialized,ok,none,accuracy_pass_runtime_loss,0.0089,0.0067,1.730337,0.932584,,0,69432,auto_lossless,all_one,true,1,0,true,0,exact_abs_or_rel,SKIP
as-735_G_012.mtx,fp16_lb,fp16_lb,controlled_lossy_value_specialized,ok,none,accuracy_pass_runtime_loss,0.0096,0.0091,1.604167,0.864583,,21734,69432,fp16,fp16,false,0,0,false,0,spmv_max_rel,SKIP
as-735_G_012.mtx,bf16_lb,bf16_lb,controlled_lossy_value_specialized,ok,none,accuracy_pass_runtime_loss,0.0095,0.0079,1.621053,0.873684,,21734,69432,bf16,bf16,false,0,0,false,0,spmv_max_rel,SKIP
as-735_G_012.mtx,bfp8_lb,bfp8_lb,controlled_lossy_value_specialized,ok,none,accuracy_pass_runtime_loss,0.0091,0.0080,1.692308,0.912088,,28225,69432,bfp8,bfp8,false,0,0,false,0,spmv_max_rel,SKIP
as-735_G_012.mtx,bfp8_outlier_lb,bfp8_outlier_lb,controlled_lossy_value_specialized,ok,none,accuracy_pass_runtime_loss,0.0094,0.0086,1.638298,0.882979,,28225,69432,bfp8_outlier,bfp8_outlier,false,0,0,false,0,spmv_max_rel,SKIP
as-735_G_012.mtx,bfp4_lb,bfp4_lb,controlled_lossy_value_specialized,ok,none,accuracy_pass_runtime_loss,0.0131,0.0125,1.175573,0.633588,,22792,69432,bfp4,bfp4,false,0,0,false,0,spmv_max_rel,SKIP
as-735_G_012.mtx,hybrid_lb,hybrid_lb,structural_hybrid,ok,none,promoted_fallback,0.0095,0.0077,1.621053,0.873684,,86936,,original,raw_double,false,,,1,0,exact_abs_or_rel,SKIP
as-735_G_012.mtx,cusparse_default,cusparse_csr,external_baseline,ok,none,external_baseline,0.0154,0.0123,1.000000,0.538961,,86936,74336,original,original,false,,,true,0,exact_abs_or_rel,SKIP
as-735_G_020.mtx,original_lb,original_lb,load_balanced_traversal,ok,none,promoted_fallback,0.0090,0.0072,1.733333,1.000000,,88528,70872,original,original,false,0,0,true,0,exact_abs_or_rel,SKIP
as-735_G_020.mtx,auto_lossless_lb,all_one_lb,lossless_value_specialized,ok,none,accuracy_pass_runtime_win,0.0086,0.0070,1.813953,1.046512,,0,70872,auto_lossless,all_one,true,1,0,true,0,exact_abs_or_rel,SKIP
as-735_G_020.mtx,fp16_lb,fp16_lb,controlled_lossy_value_specialized,ok,none,accuracy_pass_runtime_loss,0.0104,0.0088,1.500000,0.865385,,22132,70872,fp16,fp16,false,0,0,false,0,spmv_max_rel,SKIP
as-735_G_020.mtx,bf16_lb,bf16_lb,controlled_lossy_value_specialized,ok,none,accuracy_pass_runtime_loss,0.0102,0.0086,1.529412,0.882353,,22132,70872,bf16,bf16,false,0,0,false,0,spmv_max_rel,SKIP
as-735_G_020.mtx,bfp8_lb,bfp8_lb,controlled_lossy_value_specialized,ok,none,accuracy_pass_runtime_loss,0.0108,0.0099,1.444444,0.833333,,28784,70872,bfp8,bfp8,false,0,0,false,0,spmv_max_rel,SKIP
as-735_G_020.mtx,bfp8_outlier_lb,bfp8_outlier_lb,controlled_lossy_value_specialized,ok,none,accuracy_pass_runtime_loss,0.0110,0.0098,1.418182,0.818182,,28784,70872,bfp8_outlier,bfp8_outlier,false,0,0,false,0,spmv_max_rel,SKIP
as-735_G_020.mtx,bfp4_lb,bfp4_lb,controlled_lossy_value_specialized,ok,none,accuracy_pass_runtime_loss,0.0130,0.0124,1.200000,0.692308,,23251,70872,bfp4,bfp4,false,0,0,false,0,spmv_max_rel,SKIP
as-735_G_020.mtx,hybrid_lb,hybrid_lb,structural_hybrid,ok,none,promoted_fallback,0.0102,0.0093,1.529412,0.882353,,88528,,original,raw_double,false,,,1,0,exact_abs_or_rel,SKIP
as-735_G_020.mtx,cusparse_default,cusparse_csr,external_baseline,ok,none,external_baseline,0.0156,0.0123,1.000000,0.576923,,88528,75132,original,original,false,,,true,0,exact_abs_or_rel,SKIP
as-735_G_028.mtx,original_lb,original_lb,load_balanced_traversal,ok,none,promoted_fallback,0.0078,0.0064,1.948718,1.000000,,92384,73920,original,original,false,0,0,true,0,exact_abs_or_rel,SKIP
as-735_G_028.mtx,auto_lossless_lb,all_one_lb,lossless_value_specialized,ok,none,accuracy_pass_runtime_loss,0.0094,0.0079,1.617021,0.829787,,0,73920,auto_lossless,all_one,true,1,0,true,0,exact_abs_or_rel,SKIP
as-735_G_028.mtx,fp16_lb,fp16_lb,controlled_lossy_value_specialized,ok,none,accuracy_pass_runtime_loss,0.0094,0.0073,1.617021,0.829787,,23096,73920,fp16,fp16,false,0,0,false,0,spmv_max_rel,SKIP
as-735_G_028.mtx,bf16_lb,bf16_lb,controlled_lossy_value_specialized,ok,none,accuracy_pass_runtime_loss,0.0104,0.0089,1.461538,0.750000,,23096,73920,bf16,bf16,false,0,0,false,0,spmv_max_rel,SKIP
as-735_G_028.mtx,bfp8_lb,bfp8_lb,controlled_lossy_value_specialized,ok,none,accuracy_pass_runtime_loss,0.0091,0.0083,1.670330,0.857143,,30028,73920,bfp8,bfp8,false,0,0,false,0,spmv_max_rel,SKIP
as-735_G_028.mtx,bfp8_outlier_lb,bfp8_outlier_lb,controlled_lossy_value_specialized,ok,none,accuracy_pass_runtime_loss,0.0089,0.0085,1.707865,0.876404,,30028,73920,bfp8_outlier,bfp8_outlier,false,0,0,false,0,spmv_max_rel,SKIP
as-735_G_028.mtx,bfp4_lb,bfp4_lb,controlled_lossy_value_specialized,ok,none,accuracy_pass_runtime_loss,0.0131,0.0128,1.160305,0.595420,,24254,73920,bfp4,bfp4,false,0,0,false,0,spmv_max_rel,SKIP
as-735_G_028.mtx,hybrid_lb,hybrid_lb,structural_hybrid,ok,none,promoted_fallback,0.0109,0.0078,1.394495,0.715596,,92384,,original,raw_double,false,,,1,0,exact_abs_or_rel,SKIP
as-735_G_028.mtx,cusparse_default,cusparse_csr,external_baseline,ok,none,external_baseline,0.0152,0.0123,1.000000,0.513158,,92384,77060,original,original,false,,,true,0,exact_abs_or_rel,SKIP
as-735_G_036.mtx,original_lb,original_lb,load_balanced_traversal,ok,none,promoted_fallback,0.0084,0.0070,1.833333,1.000000,,93912,75240,original,original,false,0,0,true,0,exact_abs_or_rel,SKIP
as-735_G_036.mtx,auto_lossless_lb,all_one_lb,lossless_value_specialized,ok,none,accuracy_pass_runtime_win,0.0082,0.0068,1.878049,1.024390,,0,75240,auto_lossless,all_one,true,1,0,true,0,exact_abs_or_rel,SKIP
as-735_G_036.mtx,fp16_lb,fp16_lb,controlled_lossy_value_specialized,ok,none,accuracy_pass_runtime_loss,0.0096,0.0091,1.604167,0.875000,,23478,75240,fp16,fp16,false,0,0,false,0,spmv_max_rel,SKIP
as-735_G_036.mtx,bf16_lb,bf16_lb,controlled_lossy_value_specialized,ok,none,accuracy_pass_runtime_loss,0.0099,0.0081,1.555556,0.848485,,23478,75240,bf16,bf16,false,0,0,false,0,spmv_max_rel,SKIP
as-735_G_036.mtx,bfp8_lb,bfp8_lb,controlled_lossy_value_specialized,ok,none,accuracy_pass_runtime_loss,0.0098,0.0090,1.571429,0.857143,,30549,75240,bfp8,bfp8,false,0,0,false,0,spmv_max_rel,SKIP
as-735_G_036.mtx,bfp8_outlier_lb,bfp8_outlier_lb,controlled_lossy_value_specialized,ok,none,accuracy_pass_runtime_loss,0.0098,0.0089,1.571429,0.857143,,30549,75240,bfp8_outlier,bfp8_outlier,false,0,0,false,0,spmv_max_rel,SKIP
as-735_G_036.mtx,bfp4_lb,bfp4_lb,controlled_lossy_value_specialized,ok,none,accuracy_pass_runtime_loss,0.0142,0.0132,1.084507,0.591549,,24680,75240,bfp4,bfp4,false,0,0,false,0,spmv_max_rel,SKIP
as-735_G_036.mtx,hybrid_lb,hybrid_lb,structural_hybrid,ok,none,promoted_fallback,0.0103,0.0084,1.495146,0.815534,,93912,,original,raw_double,false,,,1,0,exact_abs_or_rel,SKIP
as-735_G_036.mtx,cusparse_default,cusparse_csr,external_baseline,ok,none,external_baseline,0.0154,0.0123,1.000000,0.545455,,93912,77824,original,original,false,,,true,0,exact_abs_or_rel,SKIP
as-735_G_044.mtx,original_lb,original_lb,load_balanced_traversal,ok,none,promoted_fallback,0.0091,0.0075,1.681319,1.000000,,94040,75360,original,original,false,0,0,true,0,exact_abs_or_rel,SKIP
as-735_G_044.mtx,auto_lossless_lb,all_one_lb,lossless_value_specialized,ok,none,accuracy_pass_runtime_win,0.0088,0.0071,1.738636,1.034091,,0,75360,auto_lossless,all_one,true,1,0,true,0,exact_abs_or_rel,SKIP
as-735_G_044.mtx,fp16_lb,fp16_lb,controlled_lossy_value_specialized,ok,none,accuracy_pass_runtime_loss,0.0100,0.0092,1.530000,0.910000,,23510,75360,fp16,fp16,false,0,0,false,0,spmv_max_rel,SKIP
as-735_G_044.mtx,bf16_lb,bf16_lb,controlled_lossy_value_specialized,ok,none,accuracy_pass_runtime_loss,0.0096,0.0080,1.593750,0.947917,,23510,75360,bf16,bf16,false,0,0,false,0,spmv_max_rel,SKIP
as-735_G_044.mtx,bfp8_lb,bfp8_lb,controlled_lossy_value_specialized,ok,none,accuracy_pass_runtime_loss,0.0102,0.0092,1.500000,0.892157,,30595,75360,bfp8,bfp8,false,0,0,false,0,spmv_max_rel,SKIP
as-735_G_044.mtx,bfp8_outlier_lb,bfp8_outlier_lb,controlled_lossy_value_specialized,ok,none,accuracy_pass_runtime_loss,0.0098,0.0092,1.561224,0.928571,,30595,75360,bfp8_outlier,bfp8_outlier,false,0,0,false,0,spmv_max_rel,SKIP
as-735_G_044.mtx,bfp4_lb,bfp4_lb,controlled_lossy_value_specialized,ok,none,accuracy_pass_runtime_loss,0.0141,0.0127,1.085106,0.645390,,24718,75360,bfp4,bfp4,false,0,0,false,0,spmv_max_rel,SKIP
as-735_G_044.mtx,hybrid_lb,hybrid_lb,structural_hybrid,ok,none,promoted_fallback,0.0097,0.0084,1.577320,0.938144,,94040,,original,raw_double,false,,,1,0,exact_abs_or_rel,SKIP
as-735_G_044.mtx,cusparse_default,cusparse_csr,external_baseline,ok,none,external_baseline,0.0153,0.0123,1.000000,0.594771,,94040,77888,original,original,false,,,true,0,exact_abs_or_rel,SKIP
as-735_G_052.mtx,original_lb,original_lb,load_balanced_traversal,ok,none,promoted_fallback,0.0086,0.0066,1.732558,1.000000,,95488,76448,original,original,false,0,0,true,0,exact_abs_or_rel,SKIP
as-735_G_052.mtx,auto_lossless_lb,all_one_lb,lossless_value_specialized,ok,none,accuracy_pass_runtime_loss,0.0091,0.0074,1.637363,0.945055,,0,76448,auto_lossless,all_one,true,1,0,true,0,exact_abs_or_rel,SKIP
as-735_G_052.mtx,fp16_lb,fp16_lb,controlled_lossy_value_specialized,ok,none,accuracy_pass_runtime_loss,0.0092,0.0074,1.619565,0.934783,,23872,76448,fp16,fp16,false,0,0,false,0,spmv_max_rel,SKIP
as-735_G_052.mtx,bf16_lb,bf16_lb,controlled_lossy_value_specialized,ok,none,accuracy_pass_runtime_loss,0.0094,0.0076,1.585106,0.914894,,23872,76448,bf16,bf16,false,0,0,false,0,spmv_max_rel,SKIP
as-735_G_052.mtx,bfp8_lb,bfp8_lb,controlled_lossy_value_specialized,ok,none,accuracy_pass_runtime_loss,0.0097,0.0085,1.536082,0.886598,,31048,76448,bfp8,bfp8,false,0,0,false,0,spmv_max_rel,SKIP
as-735_G_052.mtx,bfp8_outlier_lb,bfp8_outlier_lb,controlled_lossy_value_specialized,ok,none,accuracy_pass_runtime_loss,0.0097,0.0085,1.536082,0.886598,,31048,76448,bfp8_outlier,bfp8_outlier,false,0,0,false,0,spmv_max_rel,SKIP
as-735_G_052.mtx,bfp4_lb,bfp4_lb,controlled_lossy_value_specialized,ok,none,accuracy_pass_runtime_loss,0.0140,0.0132,1.064286,0.614286,,25080,76448,bfp4,bfp4,false,0,0,false,0,spmv_max_rel,SKIP
as-735_G_052.mtx,hybrid_lb,hybrid_lb,structural_hybrid,ok,none,promoted_fallback,0.0105,0.0085,1.419048,0.819048,,95488,,original,raw_double,false,,,1,0,exact_abs_or_rel,SKIP
as-735_G_052.mtx,cusparse_default,cusparse_csr,external_baseline,ok,none,external_baseline,0.0149,0.0123,1.000000,0.577181,,95488,78612,original,original,false,,,true,0,exact_abs_or_rel,SKIP
as-735_G_060.mtx,original_lb,original_lb,load_balanced_traversal,ok,none,promoted_fallback,0.0079,0.0073,1.886076,1.000000,,96112,76872,original,original,false,0,0,true,0,exact_abs_or_rel,SKIP
as-735_G_060.mtx,auto_lossless_lb,all_one_lb,lossless_value_specialized,ok,none,accuracy_pass_runtime_loss,0.0083,0.0058,1.795181,0.951807,,0,76872,auto_lossless,all_one,true,1,0,true,0,exact_abs_or_rel,SKIP
as-735_G_060.mtx,fp16_lb,fp16_lb,controlled_lossy_value_specialized,ok,none,accuracy_pass_runtime_loss,0.0089,0.0083,1.674157,0.887640,,24028,76872,fp16,fp16,false,0,0,false,0,spmv_max_rel,SKIP
as-735_G_060.mtx,bf16_lb,bf16_lb,controlled_lossy_value_specialized,ok,none,accuracy_pass_runtime_loss,0.0088,0.0070,1.693182,0.897727,,24028,76872,bf16,bf16,false,0,0,false,0,spmv_max_rel,SKIP
as-735_G_060.mtx,bfp8_lb,bfp8_lb,controlled_lossy_value_specialized,ok,none,accuracy_pass_runtime_loss,0.0094,0.0086,1.585106,0.840426,,31232,76872,bfp8,bfp8,false,0,0,false,0,spmv_max_rel,SKIP
as-735_G_060.mtx,bfp8_outlier_lb,bfp8_outlier_lb,controlled_lossy_value_specialized,ok,none,accuracy_pass_runtime_loss,0.0096,0.0085,1.552083,0.822917,,31232,76872,bfp8_outlier,bfp8_outlier,false,0,0,false,0,spmv_max_rel,SKIP
as-735_G_060.mtx,bfp4_lb,bfp4_lb,controlled_lossy_value_specialized,ok,none,accuracy_pass_runtime_loss,0.0142,0.0133,1.049296,0.556338,,25225,76872,bfp4,bfp4,false,0,0,false,0,spmv_max_rel,SKIP
as-735_G_060.mtx,hybrid_lb,hybrid_lb,structural_hybrid,ok,none,promoted_fallback,0.0112,0.0089,1.330357,0.705357,,96112,,original,raw_double,false,,,1,0,exact_abs_or_rel,SKIP
as-735_G_060.mtx,cusparse_default,cusparse_csr,external_baseline,ok,none,external_baseline,0.0149,0.0123,1.000000,0.530201,,96112,78924,original,original,false,,,true,0,exact_abs_or_rel,SKIP
as-735_G_068.mtx,original_lb,original_lb,load_balanced_traversal,ok,none,promoted_fallback,0.0088,0.0073,1.738636,1.000000,,95160,76176,original,original,false,0,0,true,0,exact_abs_or_rel,SKIP
as-735_G_068.mtx,auto_lossless_lb,all_one_lb,lossless_value_specialized,ok,none,accuracy_pass_runtime_win,0.0086,0.0068,1.779070,1.023256,,0,76176,auto_lossless,all_one,true,1,0,true,0,exact_abs_or_rel,SKIP
as-735_G_068.mtx,fp16_lb,fp16_lb,controlled_lossy_value_specialized,ok,none,accuracy_pass_runtime_loss,0.0088,0.0067,1.738636,1.000000,,23790,76176,fp16,fp16,false,0,0,false,0,spmv_max_rel,SKIP
as-735_G_068.mtx,bf16_lb,bf16_lb,controlled_lossy_value_specialized,ok,none,accuracy_pass_runtime_loss,0.0092,0.0080,1.663043,0.956522,,23790,76176,bf16,bf16,false,0,0,false,0,spmv_max_rel,SKIP
as-735_G_068.mtx,bfp8_lb,bfp8_lb,controlled_lossy_value_specialized,ok,none,accuracy_pass_runtime_loss,0.0102,0.0087,1.500000,0.862745,,30939,76176,bfp8,bfp8,false,0,0,false,0,spmv_max_rel,SKIP
as-735_G_068.mtx,bfp8_outlier_lb,bfp8_outlier_lb,controlled_lossy_value_specialized,ok,none,accuracy_pass_runtime_loss,0.0100,0.0085,1.530000,0.880000,,30939,76176,bfp8_outlier,bfp8_outlier,false,0,0,false,0,spmv_max_rel,SKIP
as-735_G_068.mtx,bfp4_lb,bfp4_lb,controlled_lossy_value_specialized,ok,none,accuracy_pass_runtime_loss,0.0148,0.0130,1.033784,0.594595,,24992,76176,bfp4,bfp4,false,0,0,false,0,spmv_max_rel,SKIP
as-735_G_068.mtx,hybrid_lb,hybrid_lb,structural_hybrid,ok,none,promoted_fallback,0.0133,0.0122,1.150376,0.661654,,95160,,original,raw_double,false,,,1,0,exact_abs_or_rel,SKIP
as-735_G_068.mtx,cusparse_default,cusparse_csr,external_baseline,ok,none,external_baseline,0.0153,0.0123,1.000000,0.575163,,95160,78448,original,original,false,,,true,0,exact_abs_or_rel,SKIP
as-735_G_076.mtx,original_lb,original_lb,load_balanced_traversal,ok,none,promoted_fallback,0.0086,0.0070,1.976744,1.000000,,96344,77296,original,original,false,0,0,true,0,exact_abs_or_rel,SKIP
as-735_G_076.mtx,auto_lossless_lb,all_one_lb,lossless_value_specialized,ok,none,accuracy_pass_runtime_loss,0.0086,0.0066,1.976744,1.000000,,0,77296,auto_lossless,all_one,true,1,0,true,0,exact_abs_or_rel,SKIP
as-735_G_076.mtx,fp16_lb,fp16_lb,controlled_lossy_value_specialized,ok,none,accuracy_pass_runtime_loss,0.0095,0.0080,1.789474,0.905263,,24086,77296,fp16,fp16,false,0,0,false,0,spmv_max_rel,SKIP
as-735_G_076.mtx,bf16_lb,bf16_lb,controlled_lossy_value_specialized,ok,none,accuracy_pass_runtime_loss,0.0090,0.0078,1.888889,0.955556,,24086,77296,bf16,bf16,false,0,0,false,0,spmv_max_rel,SKIP
as-735_G_076.mtx,bfp8_lb,bfp8_lb,controlled_lossy_value_specialized,ok,none,accuracy_pass_runtime_loss,0.0099,0.0086,1.717172,0.868687,,31367,77296,bfp8,bfp8,false,0,0,false,0,spmv_max_rel,SKIP
as-735_G_076.mtx,bfp8_outlier_lb,bfp8_outlier_lb,controlled_lossy_value_specialized,ok,none,accuracy_pass_runtime_loss,0.0100,0.0085,1.700000,0.860000,,31367,77296,bfp8_outlier,bfp8_outlier,false,0,0,false,0,spmv_max_rel,SKIP
as-735_G_076.mtx,bfp4_lb,bfp4_lb,controlled_lossy_value_specialized,ok,none,accuracy_pass_runtime_loss,0.0149,0.0140,1.140940,0.577181,,25346,77296,bfp4,bfp4,false,0,0,false,0,spmv_max_rel,SKIP
as-735_G_076.mtx,hybrid_lb,hybrid_lb,structural_hybrid,ok,none,promoted_fallback,0.0109,0.0092,1.559633,0.788991,,96344,,original,raw_double,false,,,1,0,exact_abs_or_rel,SKIP
as-735_G_076.mtx,cusparse_default,cusparse_csr,external_baseline,ok,none,external_baseline,0.0170,0.0123,1.000000,0.505882,,96344,79040,original,original,false,,,true,0,exact_abs_or_rel,SKIP
as-735_G_084.mtx,original_lb,original_lb,load_balanced_traversal,ok,none,promoted_fallback,0.0093,0.0075,1.698925,1.000000,,97888,78568,original,original,false,0,0,true,0,exact_abs_or_rel,SKIP
as-735_G_084.mtx,auto_lossless_lb,all_one_lb,lossless_value_specialized,ok,none,accuracy_pass_runtime_win,0.0090,0.0069,1.755556,1.033333,,0,78568,auto_lossless,all_one,true,1,0,true,0,exact_abs_or_rel,SKIP
as-735_G_084.mtx,fp16_lb,fp16_lb,controlled_lossy_value_specialized,ok,none,accuracy_pass_runtime_loss,0.0103,0.0093,1.533981,0.902913,,24472,78568,fp16,fp16,false,0,0,false,0,spmv_max_rel,SKIP
as-735_G_084.mtx,bf16_lb,bf16_lb,controlled_lossy_value_specialized,ok,none,accuracy_pass_runtime_loss,0.0097,0.0082,1.628866,0.958763,,24472,78568,bf16,bf16,false,0,0,false,0,spmv_max_rel,SKIP
as-735_G_084.mtx,bfp8_lb,bfp8_lb,controlled_lossy_value_specialized,ok,none,accuracy_pass_runtime_loss,0.0097,0.0090,1.628866,0.958763,,31878,78568,bfp8,bfp8,false,0,0,false,0,spmv_max_rel,SKIP
as-735_G_084.mtx,bfp8_outlier_lb,bfp8_outlier_lb,controlled_lossy_value_specialized,ok,none,accuracy_pass_runtime_loss,0.0102,0.0090,1.549020,0.911765,,31878,78568,bfp8_outlier,bfp8_outlier,false,0,0,false,0,spmv_max_rel,SKIP
as-735_G_084.mtx,bfp4_lb,bfp4_lb,controlled_lossy_value_specialized,ok,none,accuracy_pass_runtime_loss,0.0135,0.0127,1.170370,0.688889,,25760,78568,bfp4,bfp4,false,0,0,false,0,spmv_max_rel,SKIP
as-735_G_084.mtx,hybrid_lb,hybrid_lb,structural_hybrid,ok,none,promoted_fallback,0.0095,0.0084,1.663158,0.978947,,97888,,original,raw_double,false,,,1,0,exact_abs_or_rel,SKIP
as-735_G_084.mtx,cusparse_default,cusparse_csr,external_baseline,ok,none,external_baseline,0.0158,0.0123,1.000000,0.588608,,97888,79812,original,original,false,,,true,0,exact_abs_or_rel,SKIP
as-735_G_092.mtx,original_lb,original_lb,load_balanced_traversal,ok,none,promoted_fallback,0.0099,0.0079,1.545455,1.000000,,99144,79344,original,original,false,0,0,true,0,exact_abs_or_rel,SKIP
as-735_G_092.mtx,auto_lossless_lb,all_one_lb,lossless_value_specialized,ok,none,accuracy_pass_runtime_win,0.0092,0.0069,1.663043,1.076087,,0,79344,auto_lossless,all_one,true,1,0,true,0,exact_abs_or_rel,SKIP
as-735_G_092.mtx,fp16_lb,fp16_lb,controlled_lossy_value_specialized,ok,none,accuracy_pass_runtime_win,0.0098,0.0080,1.561224,1.010204,,24786,79344,fp16,fp16,false,0,0,false,0,spmv_max_rel,SKIP
as-735_G_092.mtx,bf16_lb,bf16_lb,controlled_lossy_value_specialized,ok,none,accuracy_pass_runtime_win,0.0091,0.0078,1.681319,1.087912,,24786,79344,bf16,bf16,false,0,0,false,0,spmv_max_rel,SKIP
as-735_G_092.mtx,bfp8_lb,bfp8_lb,controlled_lossy_value_specialized,ok,none,accuracy_pass_runtime_loss,0.0100,0.0090,1.530000,0.990000,,32229,79344,bfp8,bfp8,false,0,0,false,0,spmv_max_rel,SKIP
as-735_G_092.mtx,bfp8_outlier_lb,bfp8_outlier_lb,controlled_lossy_value_specialized,ok,none,accuracy_pass_runtime_loss,0.0100,0.0091,1.530000,0.990000,,32229,79344,bfp8_outlier,bfp8_outlier,false,0,0,false,0,spmv_max_rel,SKIP
as-735_G_092.mtx,bfp4_lb,bfp4_lb,controlled_lossy_value_specialized,ok,none,accuracy_pass_runtime_loss,0.0133,0.0121,1.150376,0.744361,,26033,79344,bfp4,bfp4,false,0,0,false,0,spmv_max_rel,SKIP
as-735_G_092.mtx,hybrid_lb,hybrid_lb,structural_hybrid,ok,none,promoted_fallback,0.0105,0.0091,1.457143,0.942857,,99144,,original,raw_double,false,,,1,0,exact_abs_or_rel,SKIP
as-735_G_092.mtx,cusparse_default,cusparse_csr,external_baseline,ok,none,external_baseline,0.0153,0.0123,1.000000,0.647059,,99144,80440,original,original,false,,,true,0,exact_abs_or_rel,SKIP
as-735_G_100.mtx,original_lb,original_lb,load_balanced_traversal,ok,none,promoted_fallback,0.0083,0.0073,1.939759,1.000000,,101240,80984,original,original,false,0,0,true,0,exact_abs_or_rel,SKIP
as-735_G_100.mtx,auto_lossless_lb,all_one_lb,lossless_value_specialized,ok,none,accuracy_pass_runtime_loss,0.0085,0.0059,1.894118,0.976471,,0,80984,auto_lossless,all_one,true,1,0,true,0,exact_abs_or_rel,SKIP
as-735_G_100.mtx,fp16_lb,fp16_lb,controlled_lossy_value_specialized,ok,none,accuracy_pass_runtime_loss,0.0085,0.0077,1.894118,0.976471,,25310,80984,fp16,fp16,false,0,0,false,0,spmv_max_rel,SKIP
as-735_G_100.mtx,bf16_lb,bf16_lb,controlled_lossy_value_specialized,ok,none,accuracy_pass_runtime_loss,0.0086,0.0077,1.872093,0.965116,,25310,80984,bf16,bf16,false,0,0,false,0,spmv_max_rel,SKIP
as-735_G_100.mtx,bfp8_lb,bfp8_lb,controlled_lossy_value_specialized,ok,none,accuracy_pass_runtime_loss,0.0090,0.0084,1.788889,0.922222,,32901,80984,bfp8,bfp8,false,0,0,false,0,spmv_max_rel,SKIP
as-735_G_100.mtx,bfp8_outlier_lb,bfp8_outlier_lb,controlled_lossy_value_specialized,ok,none,accuracy_pass_runtime_loss,0.0092,0.0081,1.750000,0.902174,,32901,80984,bfp8_outlier,bfp8_outlier,false,0,0,false,0,spmv_max_rel,SKIP
as-735_G_100.mtx,bfp4_lb,bfp4_lb,controlled_lossy_value_specialized,ok,none,accuracy_pass_runtime_loss,0.0143,0.0132,1.125874,0.580420,,26574,80984,bfp4,bfp4,false,0,0,false,0,spmv_max_rel,SKIP
as-735_G_100.mtx,hybrid_lb,hybrid_lb,structural_hybrid,ok,none,promoted_fallback,0.0109,0.0093,1.477064,0.761468,,101240,,original,raw_double,false,,,1,0,exact_abs_or_rel,SKIP
as-735_G_100.mtx,cusparse_default,cusparse_csr,external_baseline,ok,none,external_baseline,0.0161,0.0123,1.000000,0.515528,,101240,81488,original,original,false,,,true,0,exact_abs_or_rel,SKIP
as-735_G_108.mtx,original_lb,original_lb,load_balanced_traversal,ok,none,promoted_fallback,0.0091,0.0070,1.725275,1.000000,,101056,80608,original,original,false,0,0,true,0,exact_abs_or_rel,SKIP
as-735_G_108.mtx,auto_lossless_lb,all_one_lb,lossless_value_specialized,ok,none,accuracy_pass_runtime_win,0.0083,0.0068,1.891566,1.096386,,0,80608,auto_lossless,all_one,true,1,0,true,0,exact_abs_or_rel,SKIP
as-735_G_108.mtx,fp16_lb,fp16_lb,controlled_lossy_value_specialized,ok,none,accuracy_pass_runtime_win,0.0089,0.0076,1.764045,1.022472,,25264,80608,fp16,fp16,false,0,0,false,0,spmv_max_rel,SKIP
as-735_G_108.mtx,bf16_lb,bf16_lb,controlled_lossy_value_specialized,ok,none,accuracy_pass_runtime_loss,0.0092,0.0076,1.706522,0.989130,,25264,80608,bf16,bf16,false,0,0,false,0,spmv_max_rel,SKIP
as-735_G_108.mtx,bfp8_lb,bfp8_lb,controlled_lossy_value_specialized,ok,none,accuracy_pass_runtime_loss,0.0095,0.0085,1.652632,0.957895,,32784,80608,bfp8,bfp8,false,0,0,false,0,spmv_max_rel,SKIP
as-735_G_108.mtx,bfp8_outlier_lb,bfp8_outlier_lb,controlled_lossy_value_specialized,ok,none,accuracy_pass_runtime_loss,0.0094,0.0083,1.670213,0.968085,,32784,80608,bfp8_outlier,bfp8_outlier,false,0,0,false,0,spmv_max_rel,SKIP
as-735_G_108.mtx,bfp4_lb,bfp4_lb,controlled_lossy_value_specialized,ok,none,accuracy_pass_runtime_loss,0.0150,0.0138,1.046667,0.606667,,26468,80608,bfp4,bfp4,false,0,0,false,0,spmv_max_rel,SKIP
as-735_G_108.mtx,hybrid_lb,hybrid_lb,structural_hybrid,ok,none,promoted_fallback,0.0104,0.0089,1.509615,0.875000,,101056,,original,raw_double,false,,,1,0,exact_abs_or_rel,SKIP
as-735_G_108.mtx,cusparse_default,cusparse_csr,external_baseline,ok,none,external_baseline,0.0157,0.0123,1.000000,0.579618,,101056,81396,original,original,false,,,true,0,exact_abs_or_rel,SKIP
as-735_G_116.mtx,original_lb,original_lb,load_balanced_traversal,ok,none,promoted_fallback,0.0097,0.0073,1.577320,1.000000,,102088,81736,original,original,false,0,0,true,0,exact_abs_or_rel,SKIP
as-735_G_116.mtx,auto_lossless_lb,all_one_lb,lossless_value_specialized,ok,none,accuracy_pass_runtime_win,0.0085,0.0067,1.800000,1.141176,,0,81736,auto_lossless,all_one,true,1,0,true,0,exact_abs_or_rel,SKIP
as-735_G_116.mtx,fp16_lb,fp16_lb,controlled_lossy_value_specialized,ok,none,accuracy_pass_runtime_win,0.0092,0.0076,1.663043,1.054348,,25522,81736,fp16,fp16,false,0,0,false,0,spmv_max_rel,SKIP
as-735_G_116.mtx,bf16_lb,bf16_lb,controlled_lossy_value_specialized,ok,none,accuracy_pass_runtime_win,0.0087,0.0078,1.758621,1.114943,,25522,81736,bf16,bf16,false,0,0,false,0,spmv_max_rel,SKIP
as-735_G_116.mtx,bfp8_lb,bfp8_lb,controlled_lossy_value_specialized,ok,none,accuracy_pass_runtime_win,0.0090,0.0080,1.700000,1.077778,,33195,81736,bfp8,bfp8,false,0,0,false,0,spmv_max_rel,SKIP
as-735_G_116.mtx,bfp8_outlier_lb,bfp8_outlier_lb,controlled_lossy_value_specialized,ok,none,accuracy_pass_runtime_win,0.0090,0.0081,1.700000,1.077778,,33195,81736,bfp8_outlier,bfp8_outlier,false,0,0,false,0,spmv_max_rel,SKIP
as-735_G_116.mtx,bfp4_lb,bfp4_lb,controlled_lossy_value_specialized,ok,none,accuracy_pass_runtime_loss,0.0125,0.0122,1.224000,0.776000,,26815,81736,bfp4,bfp4,false,0,0,false,0,spmv_max_rel,SKIP
as-735_G_116.mtx,hybrid_lb,hybrid_lb,structural_hybrid,ok,none,promoted_fallback,0.0104,0.0086,1.471154,0.932692,,102088,,original,raw_double,false,,,1,0,exact_abs_or_rel,SKIP
as-735_G_116.mtx,cusparse_default,cusparse_csr,external_baseline,ok,none,external_baseline,0.0153,0.0123,1.000000,0.633987,,102088,81912,original,original,false,,,true,0,exact_abs_or_rel,SKIP
as-735_G_124.mtx,original_lb,original_lb,load_balanced_traversal,ok,none,promoted_fallback,0.0082,0.0068,1.853659,1.000000,,101280,81104,original,original,false,0,0,true,0,exact_abs_or_rel,SKIP
as-735_G_124.mtx,auto_lossless_lb,all_one_lb,lossless_value_specialized,ok,none,accuracy_pass_runtime_loss,0.0084,0.0059,1.809524,0.976190,,0,81104,auto_lossless,all_one,true,1,0,true,0,exact_abs_or_rel,SKIP
as-735_G_124.mtx,fp16_lb,fp16_lb,controlled_lossy_value_specialized,ok,none,accuracy_pass_runtime_loss,0.0084,0.0076,1.809524,0.976190,,25320,81104,fp16,fp16,false,0,0,false,0,spmv_max_rel,SKIP
as-735_G_124.mtx,bf16_lb,bf16_lb,controlled_lossy_value_specialized,ok,none,accuracy_pass_runtime_loss,0.0084,0.0077,1.809524,0.976190,,25320,81104,bf16,bf16,false,0,0,false,0,spmv_max_rel,SKIP
as-735_G_124.mtx,bfp8_lb,bfp8_lb,controlled_lossy_value_specialized,ok,none,accuracy_pass_runtime_loss,0.0089,0.0083,1.707865,0.921348,,32936,81104,bfp8,bfp8,false,0,0,false,0,spmv_max_rel,SKIP
as-735_G_124.mtx,bfp8_outlier_lb,bfp8_outlier_lb,controlled_lossy_value_specialized,ok,none,accuracy_pass_runtime_loss,0.0090,0.0086,1.688889,0.911111,,32936,81104,bfp8_outlier,bfp8_outlier,false,0,0,false,0,spmv_max_rel,SKIP
as-735_G_124.mtx,bfp4_lb,bfp4_lb,controlled_lossy_value_specialized,ok,none,accuracy_pass_runtime_loss,0.0150,0.0133,1.013333,0.546667,,26606,81104,bfp4,bfp4,false,0,0,false,0,spmv_max_rel,SKIP
as-735_G_124.mtx,hybrid_lb,hybrid_lb,structural_hybrid,ok,none,promoted_fallback,0.0110,0.0094,1.381818,0.745455,,101280,,original,raw_double,false,,,1,0,exact_abs_or_rel,SKIP
as-735_G_124.mtx,cusparse_default,cusparse_csr,external_baseline,ok,none,external_baseline,0.0152,0.0123,1.000000,0.539474,,101280,81508,original,original,false,,,true,0,exact_abs_or_rel,SKIP
as-735_G_132.mtx,original_lb,original_lb,load_balanced_traversal,ok,none,promoted_fallback,0.0080,0.0072,1.887500,1.000000,,103800,82984,original,original,false,0,0,true,0,exact_abs_or_rel,SKIP
as-735_G_132.mtx,auto_lossless_lb,all_one_lb,lossless_value_specialized,ok,none,accuracy_pass_runtime_loss,0.0085,0.0068,1.776471,0.941176,,0,82984,auto_lossless,all_one,true,1,0,true,0,exact_abs_or_rel,SKIP
as-735_G_132.mtx,fp16_lb,fp16_lb,controlled_lossy_value_specialized,ok,none,accuracy_pass_runtime_loss,0.0094,0.0073,1.606383,0.851064,,25950,82984,fp16,fp16,false,0,0,false,0,spmv_max_rel,SKIP
as-735_G_132.mtx,bf16_lb,bf16_lb,controlled_lossy_value_specialized,ok,none,accuracy_pass_runtime_loss,0.0097,0.0079,1.556701,0.824742,,25950,82984,bf16,bf16,false,0,0,false,0,spmv_max_rel,SKIP
as-735_G_132.mtx,bfp8_lb,bfp8_lb,controlled_lossy_value_specialized,ok,none,accuracy_pass_runtime_loss,0.0104,0.0091,1.451923,0.769231,,33721,82984,bfp8,bfp8,false,0,0,false,0,spmv_max_rel,SKIP
as-735_G_132.mtx,bfp8_outlier_lb,bfp8_outlier_lb,controlled_lossy_value_specialized,ok,none,accuracy_pass_runtime_loss,0.0106,0.0096,1.424528,0.754717,,33721,82984,bfp8_outlier,bfp8_outlier,false,0,0,false,0,spmv_max_rel,SKIP
as-735_G_132.mtx,bfp4_lb,bfp4_lb,controlled_lossy_value_specialized,ok,none,accuracy_pass_runtime_loss,0.0133,0.0127,1.135338,0.601504,,27234,82984,bfp4,bfp4,false,0,0,false,0,spmv_max_rel,SKIP
as-735_G_132.mtx,hybrid_lb,hybrid_lb,structural_hybrid,ok,none,promoted_fallback,0.0095,0.0073,1.589474,0.842105,,103800,,original,raw_double,false,,,1,0,exact_abs_or_rel,SKIP
as-735_G_132.mtx,cusparse_default,cusparse_csr,external_baseline,ok,none,external_baseline,0.0151,0.0123,1.000000,0.529801,,103800,82768,original,original,false,,,true,0,exact_abs_or_rel,SKIP
as-735_G_140.mtx,original_lb,original_lb,load_balanced_traversal,ok,none,promoted_fallback,0.0100,0.0071,1.510000,1.000000,,105152,84024,original,original,false,0,0,true,0,exact_abs_or_rel,SKIP
as-735_G_140.mtx,auto_lossless_lb,all_one_lb,lossless_value_specialized,ok,none,accuracy_pass_runtime_win,0.0086,0.0075,1.755814,1.162791,,0,84024,auto_lossless,all_one,true,1,0,true,0,exact_abs_or_rel,SKIP
as-735_G_140.mtx,fp16_lb,fp16_lb,controlled_lossy_value_specialized,ok,none,accuracy_pass_runtime_win,0.0096,0.0078,1.572917,1.041667,,26288,84024,fp16,fp16,false,0,0,false,0,spmv_max_rel,SKIP
as-735_G_140.mtx,bf16_lb,bf16_lb,controlled_lossy_value_specialized,ok,none,accuracy_pass_runtime_loss,0.0102,0.0086,1.480392,0.980392,,26288,84024,bf16,bf16,false,0,0,false,0,spmv_max_rel,SKIP
as-735_G_140.mtx,bfp8_lb,bfp8_lb,controlled_lossy_value_specialized,ok,none,accuracy_pass_runtime_win,0.0086,0.0076,1.755814,1.162791,,34150,84024,bfp8,bfp8,false,0,0,false,0,spmv_max_rel,SKIP
as-735_G_140.mtx,bfp8_outlier_lb,bfp8_outlier_lb,controlled_lossy_value_specialized,ok,none,accuracy_pass_runtime_win,0.0094,0.0084,1.606383,1.063830,,34150,84024,bfp8_outlier,bfp8_outlier,false,0,0,false,0,spmv_max_rel,SKIP
as-735_G_140.mtx,bfp4_lb,bfp4_lb,controlled_lossy_value_specialized,ok,none,accuracy_pass_runtime_loss,0.0139,0.0135,1.086331,0.719424,,27578,84024,bfp4,bfp4,false,0,0,false,0,spmv_max_rel,SKIP
as-735_G_140.mtx,hybrid_lb,hybrid_lb,structural_hybrid,ok,none,promoted_fallback,0.0139,0.0087,1.086331,0.719424,,105152,,original,raw_double,false,,,1,0,exact_abs_or_rel,SKIP
as-735_G_140.mtx,cusparse_default,cusparse_csr,external_baseline,ok,none,external_baseline,0.0151,0.0123,1.000000,0.662252,,105152,83444,original,original,false,,,true,0,exact_abs_or_rel,SKIP
as-735_G_148.mtx,original_lb,original_lb,load_balanced_traversal,ok,none,promoted_fallback,0.0096,0.0074,1.572917,1.000000,,106120,84680,original,original,false,0,0,true,0,exact_abs_or_rel,SKIP
as-735_G_148.mtx,auto_lossless_lb,all_one_lb,lossless_value_specialized,ok,none,accuracy_pass_runtime_win,0.0091,0.0073,1.659341,1.054945,,0,84680,auto_lossless,all_one,true,1,0,true,0,exact_abs_or_rel,SKIP
as-735_G_148.mtx,fp16_lb,fp16_lb,controlled_lossy_value_specialized,ok,none,accuracy_pass_runtime_win,0.0092,0.0078,1.641304,1.043478,,26530,84680,fp16,fp16,false,0,0,false,0,spmv_max_rel,SKIP
as-735_G_148.mtx,bf16_lb,bf16_lb,controlled_lossy_value_specialized,ok,none,accuracy_pass_runtime_win,0.0088,0.0078,1.715909,1.090909,,26530,84680,bf16,bf16,false,0,0,false,0,spmv_max_rel,SKIP
as-735_G_148.mtx,bfp8_lb,bfp8_lb,controlled_lossy_value_specialized,ok,none,accuracy_pass_runtime_win,0.0093,0.0087,1.623656,1.032258,,34435,84680,bfp8,bfp8,false,0,0,false,0,spmv_max_rel,SKIP
as-735_G_148.mtx,bfp8_outlier_lb,bfp8_outlier_lb,controlled_lossy_value_specialized,ok,none,accuracy_pass_runtime_win,0.0092,0.0087,1.641304,1.043478,,34435,84680,bfp8_outlier,bfp8_outlier,false,0,0,false,0,spmv_max_rel,SKIP
as-735_G_148.mtx,bfp4_lb,bfp4_lb,controlled_lossy_value_specialized,ok,none,accuracy_pass_runtime_loss,0.0148,0.0133,1.020270,0.648649,,27803,84680,bfp4,bfp4,false,0,0,false,0,spmv_max_rel,SKIP
as-735_G_148.mtx,hybrid_lb,hybrid_lb,structural_hybrid,ok,none,promoted_fallback,0.0095,0.0081,1.589474,1.010526,,106120,,original,raw_double,false,,,1,0,exact_abs_or_rel,SKIP
as-735_G_148.mtx,cusparse_default,cusparse_csr,external_baseline,ok,none,external_baseline,0.0151,0.0123,1.000000,0.635762,,106120,83928,original,original,false,,,true,0,exact_abs_or_rel,SKIP
as-735_G_156.mtx,original_lb,original_lb,load_balanced_traversal,ok,none,promoted_fallback,0.0093,0.0077,1.709677,1.000000,,107512,85904,original,original,false,0,0,true,0,exact_abs_or_rel,SKIP
as-735_G_156.mtx,auto_lossless_lb,all_one_lb,lossless_value_specialized,ok,none,accuracy_pass_runtime_loss,0.0098,0.0078,1.622449,0.948980,,0,85904,auto_lossless,all_one,true,1,0,true,0,exact_abs_or_rel,SKIP
as-735_G_156.mtx,fp16_lb,fp16_lb,controlled_lossy_value_specialized,ok,none,accuracy_pass_runtime_win,0.0088,0.0076,1.806818,1.056818,,26878,85904,fp16,fp16,false,0,0,false,0,spmv_max_rel,SKIP
as-735_G_156.mtx,bf16_lb,bf16_lb,controlled_lossy_value_specialized,ok,none,accuracy_pass_runtime_win,0.0090,0.0077,1.766667,1.033333,,26878,85904,bf16,bf16,false,0,0,false,0,spmv_max_rel,SKIP
as-735_G_156.mtx,bfp8_lb,bfp8_lb,controlled_lossy_value_specialized,ok,none,accuracy_pass_runtime_win,0.0092,0.0087,1.728261,1.010870,,34915,85904,bfp8,bfp8,false,0,0,false,0,spmv_max_rel,SKIP
as-735_G_156.mtx,bfp8_outlier_lb,bfp8_outlier_lb,controlled_lossy_value_specialized,ok,none,accuracy_pass_runtime_win,0.0092,0.0082,1.728261,1.010870,,34915,85904,bfp8_outlier,bfp8_outlier,false,0,0,false,0,spmv_max_rel,SKIP
as-735_G_156.mtx,bfp4_lb,bfp4_lb,controlled_lossy_value_specialized,ok,none,accuracy_pass_runtime_loss,0.0141,0.0131,1.127660,0.659574,,28196,85904,bfp4,bfp4,false,0,0,false,0,spmv_max_rel,SKIP
as-735_G_156.mtx,hybrid_lb,hybrid_lb,structural_hybrid,ok,none,promoted_fallback,0.0103,0.0086,1.543689,0.902913,,107512,,original,raw_double,false,,,1,0,exact_abs_or_rel,SKIP
as-735_G_156.mtx,cusparse_default,cusparse_csr,external_baseline,ok,none,external_baseline,0.0159,0.0123,1.000000,0.584906,,107512,84624,original,original,false,,,true,0,exact_abs_or_rel,SKIP
as-735_G_164.mtx,original_lb,original_lb,load_balanced_traversal,ok,none,promoted_fallback,0.0087,0.0076,1.735632,1.000000,,109064,87248,original,original,false,0,0,true,0,exact_abs_or_rel,SKIP
as-735_G_164.mtx,auto_lossless_lb,all_one_lb,lossless_value_specialized,ok,none,accuracy_pass_runtime_loss,0.0092,0.0068,1.641304,0.945652,,0,87248,auto_lossless,all_one,true,1,0,true,0,exact_abs_or_rel,SKIP
as-735_G_164.mtx,fp16_lb,fp16_lb,controlled_lossy_value_specialized,ok,none,accuracy_pass_runtime_loss,0.0097,0.0077,1.556701,0.896907,,27266,87248,fp16,fp16,false,0,0,false,0,spmv_max_rel,SKIP
as-735_G_164.mtx,bf16_lb,bf16_lb,controlled_lossy_value_specialized,ok,none,accuracy_pass_runtime_loss,0.0100,0.0081,1.510000,0.870000,,27266,87248,bf16,bf16,false,0,0,false,0,spmv_max_rel,SKIP
as-735_G_164.mtx,bfp8_lb,bfp8_lb,controlled_lossy_value_specialized,ok,none,accuracy_pass_runtime_loss,0.0098,0.0091,1.540816,0.887755,,35445,87248,bfp8,bfp8,false,0,0,false,0,spmv_max_rel,SKIP
as-735_G_164.mtx,bfp8_outlier_lb,bfp8_outlier_lb,controlled_lossy_value_specialized,ok,none,accuracy_pass_runtime_loss,0.0104,0.0092,1.451923,0.836538,,35445,87248,bfp8_outlier,bfp8_outlier,false,0,0,false,0,spmv_max_rel,SKIP
as-735_G_164.mtx,bfp4_lb,bfp4_lb,controlled_lossy_value_specialized,ok,none,accuracy_pass_runtime_loss,0.0132,0.0129,1.143939,0.659091,,28629,87248,bfp4,bfp4,false,0,0,false,0,spmv_max_rel,SKIP
as-735_G_164.mtx,hybrid_lb,hybrid_lb,structural_hybrid,ok,none,promoted_fallback,0.0122,0.0108,1.237705,0.713115,,109064,,original,raw_double,false,,,1,0,exact_abs_or_rel,SKIP
as-735_G_164.mtx,cusparse_default,cusparse_csr,external_baseline,ok,none,external_baseline,0.0151,0.0123,1.000000,0.576159,,109064,85400,original,original,false,,,true,0,exact_abs_or_rel,SKIP
as-735_G_172.mtx,original_lb,original_lb,load_balanced_traversal,ok,none,promoted_fallback,0.0094,0.0076,1.680851,1.000000,,110472,88656,original,original,false,0,0,true,0,exact_abs_or_rel,SKIP
as-735_G_172.mtx,auto_lossless_lb,all_one_lb,lossless_value_specialized,ok,none,accuracy_pass_runtime_win,0.0088,0.0066,1.795455,1.068182,,0,88656,auto_lossless,all_one,true,1,0,true,0,exact_abs_or_rel,SKIP
as-735_G_172.mtx,fp16_lb,fp16_lb,controlled_lossy_value_specialized,ok,none,accuracy_pass_runtime_loss,0.0098,0.0081,1.612245,0.959184,,27618,88656,fp16,fp16,false,0,0,false,0,spmv_max_rel,SKIP
as-735_G_172.mtx,bf16_lb,bf16_lb,controlled_lossy_value_specialized,ok,none,accuracy_pass_runtime_loss,0.0097,0.0084,1.628866,0.969072,,27618,88656,bf16,bf16,false,0,0,false,0,spmv_max_rel,SKIP
as-735_G_172.mtx,bfp8_lb,bfp8_lb,controlled_lossy_value_specialized,ok,none,accuracy_pass_runtime_loss,0.0100,0.0093,1.580000,0.940000,,35973,88656,bfp8,bfp8,false,0,0,false,0,spmv_max_rel,SKIP
as-735_G_172.mtx,bfp8_outlier_lb,bfp8_outlier_lb,controlled_lossy_value_specialized,ok,none,accuracy_pass_runtime_win,0.0092,0.0088,1.717391,1.021739,,35973,88656,bfp8_outlier,bfp8_outlier,false,0,0,false,0,spmv_max_rel,SKIP
as-735_G_172.mtx,bfp4_lb,bfp4_lb,controlled_lossy_value_specialized,ok,none,accuracy_pass_runtime_loss,0.0145,0.0124,1.089655,0.648276,,29069,88656,bfp4,bfp4,false,0,0,false,0,spmv_max_rel,SKIP
as-735_G_172.mtx,hybrid_lb,hybrid_lb,structural_hybrid,ok,none,promoted_fallback,0.0103,0.0090,1.533981,0.912621,,110472,,original,raw_double,false,,,1,0,exact_abs_or_rel,SKIP
as-735_G_172.mtx,cusparse_default,cusparse_csr,external_baseline,ok,none,external_baseline,0.0158,0.0123,1.000000,0.594937,,110472,86104,original,original,false,,,true,0,exact_abs_or_rel,SKIP
as-735_G_180.mtx,original_lb,original_lb,load_balanced_traversal,ok,none,promoted_fallback,0.0087,0.0076,1.735632,1.000000,,110160,88568,original,original,false,0,0,true,0,exact_abs_or_rel,SKIP
as-735_G_180.mtx,auto_lossless_lb,all_one_lb,lossless_value_specialized,ok,none,accuracy_pass_runtime_win,0.0085,0.0060,1.776471,1.023529,,0,88568,auto_lossless,all_one,true,1,0,true,0,exact_abs_or_rel,SKIP
as-735_G_180.mtx,fp16_lb,fp16_lb,controlled_lossy_value_specialized,ok,none,accuracy_pass_runtime_loss,0.0097,0.0081,1.556701,0.896907,,27540,88568,fp16,fp16,false,0,0,false,0,spmv_max_rel,SKIP
as-735_G_180.mtx,bf16_lb,bf16_lb,controlled_lossy_value_specialized,ok,none,accuracy_pass_runtime_loss,0.0098,0.0080,1.540816,0.887755,,27540,88568,bf16,bf16,false,0,0,false,0,spmv_max_rel,SKIP
as-735_G_180.mtx,bfp8_lb,bfp8_lb,controlled_lossy_value_specialized,ok,none,accuracy_pass_runtime_loss,0.0094,0.0085,1.606383,0.925532,,35912,88568,bfp8,bfp8,false,0,0,false,0,spmv_max_rel,SKIP
as-735_G_180.mtx,bfp8_outlier_lb,bfp8_outlier_lb,controlled_lossy_value_specialized,ok,none,accuracy_pass_runtime_loss,0.0093,0.0086,1.623656,0.935484,,35912,88568,bfp8_outlier,bfp8_outlier,false,0,0,false,0,spmv_max_rel,SKIP
as-735_G_180.mtx,bfp4_lb,bfp4_lb,controlled_lossy_value_specialized,ok,none,accuracy_pass_runtime_loss,0.0139,0.0130,1.086331,0.625899,,29027,88568,bfp4,bfp4,false,0,0,false,0,spmv_max_rel,SKIP
as-735_G_180.mtx,hybrid_lb,hybrid_lb,structural_hybrid,ok,none,promoted_fallback,0.0104,0.0096,1.451923,0.836538,,110160,,original,raw_double,false,,,1,0,exact_abs_or_rel,SKIP
as-735_G_180.mtx,cusparse_default,cusparse_csr,external_baseline,ok,none,external_baseline,0.0151,0.0123,1.000000,0.576159,,110160,85948,original,original,false,,,true,0,exact_abs_or_rel,SKIP
as-735_G_188.mtx,original_lb,original_lb,load_balanced_traversal,ok,none,promoted_fallback,0.0086,0.0072,1.813953,1.000000,,111248,89200,original,original,false,0,0,true,0,exact_abs_or_rel,SKIP
as-735_G_188.mtx,auto_lossless_lb,all_one_lb,lossless_value_specialized,ok,none,accuracy_pass_runtime_loss,0.0086,0.0070,1.813953,1.000000,,0,89200,auto_lossless,all_one,true,1,0,true,0,exact_abs_or_rel,SKIP
as-735_G_188.mtx,fp16_lb,fp16_lb,controlled_lossy_value_specialized,ok,none,accuracy_pass_runtime_loss,0.0095,0.0084,1.642105,0.905263,,27812,89200,fp16,fp16,false,0,0,false,0,spmv_max_rel,SKIP
as-735_G_188.mtx,bf16_lb,bf16_lb,controlled_lossy_value_specialized,ok,none,accuracy_pass_runtime_loss,0.0094,0.0077,1.659574,0.914894,,27812,89200,bf16,bf16,false,0,0,false,0,spmv_max_rel,SKIP
as-735_G_188.mtx,bfp8_lb,bfp8_lb,controlled_lossy_value_specialized,ok,none,accuracy_pass_runtime_loss,0.0097,0.0084,1.608247,0.886598,,36206,89200,bfp8,bfp8,false,0,0,false,0,spmv_max_rel,SKIP
as-735_G_188.mtx,bfp8_outlier_lb,bfp8_outlier_lb,controlled_lossy_value_specialized,ok,none,accuracy_pass_runtime_loss,0.0100,0.0095,1.560000,0.860000,,36206,89200,bfp8_outlier,bfp8_outlier,false,0,0,false,0,spmv_max_rel,SKIP
as-735_G_188.mtx,bfp4_lb,bfp4_lb,controlled_lossy_value_specialized,ok,none,accuracy_pass_runtime_loss,0.0149,0.0145,1.046980,0.577181,,29253,89200,bfp4,bfp4,false,0,0,false,0,spmv_max_rel,SKIP
as-735_G_188.mtx,hybrid_lb,hybrid_lb,structural_hybrid,ok,none,promoted_fallback,0.0102,0.0086,1.529412,0.843137,,111248,,original,raw_double,false,,,1,0,exact_abs_or_rel,SKIP
as-735_G_188.mtx,cusparse_default,cusparse_csr,external_baseline,ok,none,external_baseline,0.0156,0.0123,1.000000,0.551282,,111248,86492,original,original,false,,,true,0,exact_abs_or_rel,SKIP
as-735_G_196.mtx,original_lb,original_lb,load_balanced_traversal,ok,none,promoted_fallback,0.0087,0.0074,1.816092,1.000000,,112336,90240,original,original,false,0,0,true,0,exact_abs_or_rel,SKIP
as-735_G_196.mtx,auto_lossless_lb,all_one_lb,lossless_value_specialized,ok,none,accuracy_pass_runtime_win,0.0085,0.0066,1.858824,1.023529,,0,90240,auto_lossless,all_one,true,1,0,true,0,exact_abs_or_rel,SKIP
as-735_G_196.mtx,fp16_lb,fp16_lb,controlled_lossy_value_specialized,ok,none,accuracy_pass_runtime_loss,0.0092,0.0074,1.717391,0.945652,,28084,90240,fp16,fp16,false,0,0,false,0,spmv_max_rel,SKIP
as-735_G_196.mtx,bf16_lb,bf16_lb,controlled_lossy_value_specialized,ok,none,accuracy_pass_runtime_loss,0.0094,0.0074,1.680851,0.925532,,28084,90240,bf16,bf16,false,0,0,false,0,spmv_max_rel,SKIP
as-735_G_196.mtx,bfp8_lb,bfp8_lb,controlled_lossy_value_specialized,ok,none,accuracy_pass_runtime_loss,0.0097,0.0088,1.628866,0.896907,,36602,90240,bfp8,bfp8,false,0,0,false,0,spmv_max_rel,SKIP
as-735_G_196.mtx,bfp8_outlier_lb,bfp8_outlier_lb,controlled_lossy_value_specialized,ok,none,accuracy_pass_runtime_loss,0.0092,0.0085,1.717391,0.945652,,36602,90240,bfp8_outlier,bfp8_outlier,false,0,0,false,0,spmv_max_rel,SKIP
as-735_G_196.mtx,bfp4_lb,bfp4_lb,controlled_lossy_value_specialized,ok,none,accuracy_pass_runtime_loss,0.0141,0.0132,1.120567,0.617021,,29581,90240,bfp4,bfp4,false,0,0,false,0,spmv_max_rel,SKIP
as-735_G_196.mtx,hybrid_lb,hybrid_lb,structural_hybrid,ok,none,promoted_fallback,0.0094,0.0084,1.680851,0.925532,,112336,,original,raw_double,false,,,1,0,exact_abs_or_rel,SKIP
as-735_G_196.mtx,cusparse_default,cusparse_csr,external_baseline,ok,none,external_baseline,0.0158,0.0123,1.000000,0.550633,,112336,87036,original,original,false,,,true,0,exact_abs_or_rel,SKIP
as-735_G_204.mtx,original_lb,original_lb,load_balanced_traversal,ok,none,promoted_fallback,0.0089,0.0070,1.797753,1.000000,,112288,90216,original,original,false,0,0,true,0,exact_abs_or_rel,SKIP
as-735_G_204.mtx,auto_lossless_lb,all_one_lb,lossless_value_specialized,ok,none,accuracy_pass_runtime_win,0.0078,0.0059,2.051282,1.141026,,0,90216,auto_lossless,all_one,true,1,0,true,0,exact_abs_or_rel,SKIP
as-735_G_204.mtx,fp16_lb,fp16_lb,controlled_lossy_value_specialized,ok,none,accuracy_pass_runtime_loss,0.0089,0.0071,1.797753,1.000000,,28072,90216,fp16,fp16,false,0,0,false,0,spmv_max_rel,SKIP
as-735_G_204.mtx,bf16_lb,bf16_lb,controlled_lossy_value_specialized,ok,none,accuracy_pass_runtime_loss,0.0092,0.0075,1.739130,0.967391,,28072,90216,bf16,bf16,false,0,0,false,0,spmv_max_rel,SKIP
as-735_G_204.mtx,bfp8_lb,bfp8_lb,controlled_lossy_value_specialized,ok,none,accuracy_pass_runtime_loss,0.0094,0.0083,1.702128,0.946809,,36590,90216,bfp8,bfp8,false,0,0,false,0,spmv_max_rel,SKIP
as-735_G_204.mtx,bfp8_outlier_lb,bfp8_outlier_lb,controlled_lossy_value_specialized,ok,none,accuracy_pass_runtime_loss,0.0096,0.0088,1.666667,0.927083,,36590,90216,bfp8_outlier,bfp8_outlier,false,0,0,false,0,spmv_max_rel,SKIP
as-735_G_204.mtx,bfp4_lb,bfp4_lb,controlled_lossy_value_specialized,ok,none,accuracy_pass_runtime_loss,0.0144,0.0132,1.111111,0.618056,,29572,90216,bfp4,bfp4,false,0,0,false,0,spmv_max_rel,SKIP
as-735_G_204.mtx,hybrid_lb,hybrid_lb,structural_hybrid,ok,none,promoted_fallback,0.0101,0.0084,1.584158,0.881188,,112288,,original,raw_double,false,,,1,0,exact_abs_or_rel,SKIP
as-735_G_204.mtx,cusparse_default,cusparse_csr,external_baseline,ok,none,external_baseline,0.0160,0.0123,1.000000,0.556250,,112288,87012,original,original,false,,,true,0,exact_abs_or_rel,SKIP
as-735_G_212.mtx,original_lb,original_lb,load_balanced_traversal,ok,none,promoted_fallback,0.0099,0.0090,1.525253,1.000000,,113464,91360,original,original,false,0,0,true,0,exact_abs_or_rel,SKIP
as-735_G_212.mtx,auto_lossless_lb,all_one_lb,lossless_value_specialized,ok,none,accuracy_pass_runtime_win,0.0082,0.0065,1.841463,1.207317,,0,91360,auto_lossless,all_one,true,1,0,true,0,exact_abs_or_rel,SKIP
as-735_G_212.mtx,fp16_lb,fp16_lb,controlled_lossy_value_specialized,ok,none,accuracy_pass_runtime_win,0.0095,0.0079,1.589474,1.042105,,28366,91360,fp16,fp16,false,0,0,false,0,spmv_max_rel,SKIP
as-735_G_212.mtx,bf16_lb,bf16_lb,controlled_lossy_value_specialized,ok,none,accuracy_pass_runtime_win,0.0095,0.0088,1.589474,1.042105,,28366,91360,bf16,bf16,false,0,0,false,0,spmv_max_rel,SKIP
as-735_G_212.mtx,bfp8_lb,bfp8_lb,controlled_lossy_value_specialized,ok,none,accuracy_pass_runtime_loss,0.0101,0.0092,1.495050,0.980198,,37023,91360,bfp8,bfp8,false,0,0,false,0,spmv_max_rel,SKIP
as-735_G_212.mtx,bfp8_outlier_lb,bfp8_outlier_lb,controlled_lossy_value_specialized,ok,none,accuracy_pass_runtime_loss,0.0100,0.0089,1.510000,0.990000,,37023,91360,bfp8_outlier,bfp8_outlier,false,0,0,false,0,spmv_max_rel,SKIP
as-735_G_212.mtx,bfp4_lb,bfp4_lb,controlled_lossy_value_specialized,ok,none,accuracy_pass_runtime_loss,0.0131,0.0122,1.152672,0.755725,,29932,91360,bfp4,bfp4,false,0,0,false,0,spmv_max_rel,SKIP
as-735_G_212.mtx,hybrid_lb,hybrid_lb,structural_hybrid,ok,none,promoted_fallback,0.0099,0.0078,1.525253,1.000000,,113464,,original,raw_double,false,,,1,0,exact_abs_or_rel,SKIP
as-735_G_212.mtx,cusparse_default,cusparse_csr,external_baseline,ok,none,external_baseline,0.0151,0.0123,1.000000,0.655629,,113464,87600,original,original,false,,,true,0,exact_abs_or_rel,SKIP
as-735_G_220.mtx,original_lb,original_lb,load_balanced_traversal,ok,none,promoted_fallback,0.0094,0.0072,1.617021,1.000000,,114512,92136,original,original,false,0,0,true,0,exact_abs_or_rel,SKIP
as-735_G_220.mtx,auto_lossless_lb,all_one_lb,lossless_value_specialized,ok,none,accuracy_pass_runtime_win,0.0093,0.0070,1.634409,1.010753,,0,92136,auto_lossless,all_one,true,1,0,true,0,exact_abs_or_rel,SKIP
as-735_G_220.mtx,fp16_lb,fp16_lb,controlled_lossy_value_specialized,ok,none,accuracy_pass_runtime_loss,0.0099,0.0081,1.535354,0.949495,,28628,92136,fp16,fp16,false,0,0,false,0,spmv_max_rel,SKIP
as-735_G_220.mtx,bf16_lb,bf16_lb,controlled_lossy_value_specialized,ok,none,accuracy_pass_runtime_loss,0.0097,0.0080,1.567010,0.969072,,28628,92136,bf16,bf16,false,0,0,false,0,spmv_max_rel,SKIP
as-735_G_220.mtx,bfp8_lb,bfp8_lb,controlled_lossy_value_specialized,ok,none,accuracy_pass_runtime_loss,0.0106,0.0095,1.433962,0.886792,,37348,92136,bfp8,bfp8,false,0,0,false,0,spmv_max_rel,SKIP
as-735_G_220.mtx,bfp8_outlier_lb,bfp8_outlier_lb,controlled_lossy_value_specialized,ok,none,accuracy_pass_runtime_loss,0.0107,0.0088,1.420561,0.878505,,37348,92136,bfp8_outlier,bfp8_outlier,false,0,0,false,0,spmv_max_rel,SKIP
as-735_G_220.mtx,bfp4_lb,bfp4_lb,controlled_lossy_value_specialized,ok,none,accuracy_pass_runtime_loss,0.0130,0.0122,1.169231,0.723077,,30191,92136,bfp4,bfp4,false,0,0,false,0,spmv_max_rel,SKIP
as-735_G_220.mtx,hybrid_lb,hybrid_lb,structural_hybrid,ok,none,promoted_fallback,0.0109,0.0095,1.394495,0.862385,,114512,,original,raw_double,false,,,1,0,exact_abs_or_rel,SKIP
as-735_G_220.mtx,cusparse_default,cusparse_csr,external_baseline,ok,none,external_baseline,0.0152,0.0123,1.000000,0.618421,,114512,88124,original,original,false,,,true,0,exact_abs_or_rel,SKIP
as-735_G_228.mtx,original_lb,original_lb,load_balanced_traversal,ok,none,promoted_fallback,0.0093,0.0076,1.634409,1.000000,,115400,92784,original,original,false,0,0,true,0,exact_abs_or_rel,SKIP
as-735_G_228.mtx,auto_lossless_lb,all_one_lb,lossless_value_specialized,ok,none,accuracy_pass_runtime_win,0.0091,0.0074,1.670330,1.021978,,0,92784,auto_lossless,all_one,true,1,0,true,0,exact_abs_or_rel,SKIP
as-735_G_228.mtx,fp16_lb,fp16_lb,controlled_lossy_value_specialized,ok,none,accuracy_pass_runtime_loss,0.0101,0.0089,1.504950,0.920792,,28850,92784,fp16,fp16,false,0,0,false,0,spmv_max_rel,SKIP
as-735_G_228.mtx,bf16_lb,bf16_lb,controlled_lossy_value_specialized,ok,none,accuracy_pass_runtime_loss,0.0099,0.0081,1.535354,0.939394,,28850,92784,bf16,bf16,false,0,0,false,0,spmv_max_rel,SKIP
as-735_G_228.mtx,bfp8_lb,bfp8_lb,controlled_lossy_value_specialized,ok,none,accuracy_pass_runtime_win,0.0092,0.0082,1.652174,1.010870,,37621,92784,bfp8,bfp8,false,0,0,false,0,spmv_max_rel,SKIP
as-735_G_228.mtx,bfp8_outlier_lb,bfp8_outlier_lb,controlled_lossy_value_specialized,ok,none,accuracy_pass_runtime_loss,0.0093,0.0083,1.634409,1.000000,,37621,92784,bfp8_outlier,bfp8_outlier,false,0,0,false,0,spmv_max_rel,SKIP
as-735_G_228.mtx,bfp4_lb,bfp4_lb,controlled_lossy_value_specialized,ok,none,accuracy_pass_runtime_loss,0.0132,0.0129,1.151515,0.704545,,30409,92784,bfp4,bfp4,false,0,0,false,0,spmv_max_rel,SKIP
as-735_G_228.mtx,hybrid_lb,hybrid_lb,structural_hybrid,ok,none,promoted_fallback,0.0097,0.0082,1.567010,0.958763,,115400,,original,raw_double,false,,,1,0,exact_abs_or_rel,SKIP
as-735_G_228.mtx,cusparse_default,cusparse_csr,external_baseline,ok,none,external_baseline,0.0152,0.0123,1.000000,0.611842,,115400,88568,original,original,false,,,true,0,exact_abs_or_rel,SKIP
as-735_G_236.mtx,original_lb,original_lb,load_balanced_traversal,ok,none,promoted_fallback,0.0101,0.0089,1.514851,1.000000,,115848,93240,original,original,false,0,0,true,0,exact_abs_or_rel,SKIP
as-735_G_236.mtx,auto_lossless_lb,all_one_lb,lossless_value_specialized,ok,none,accuracy_pass_runtime_win,0.0097,0.0076,1.577320,1.041237,,0,93240,auto_lossless,all_one,true,1,0,true,0,exact_abs_or_rel,SKIP
as-735_G_236.mtx,fp16_lb,fp16_lb,controlled_lossy_value_specialized,ok,none,accuracy_pass_runtime_win,0.0099,0.0080,1.545455,1.020202,,28962,93240,fp16,fp16,false,0,0,false,0,spmv_max_rel,SKIP
as-735_G_236.mtx,bf16_lb,bf16_lb,controlled_lossy_value_specialized,ok,none,accuracy_pass_runtime_win,0.0096,0.0080,1.593750,1.052083,,28962,93240,bf16,bf16,false,0,0,false,0,spmv_max_rel,SKIP
as-735_G_236.mtx,bfp8_lb,bfp8_lb,controlled_lossy_value_specialized,ok,none,accuracy_pass_runtime_loss,0.0109,0.0099,1.403670,0.926606,,37791,93240,bfp8,bfp8,false,0,0,false,0,spmv_max_rel,SKIP
as-735_G_236.mtx,bfp8_outlier_lb,bfp8_outlier_lb,controlled_lossy_value_specialized,ok,none,accuracy_pass_runtime_win,0.0098,0.0087,1.561224,1.030612,,37791,93240,bfp8_outlier,bfp8_outlier,false,0,0,false,0,spmv_max_rel,SKIP
as-735_G_236.mtx,bfp4_lb,bfp4_lb,controlled_lossy_value_specialized,ok,none,accuracy_pass_runtime_loss,0.0149,0.0132,1.026846,0.677852,,30551,93240,bfp4,bfp4,false,0,0,false,0,spmv_max_rel,SKIP
as-735_G_236.mtx,hybrid_lb,hybrid_lb,structural_hybrid,ok,none,promoted_fallback,0.0095,0.0082,1.610526,1.063158,,115848,,original,raw_double,false,,,1,0,exact_abs_or_rel,SKIP
as-735_G_236.mtx,cusparse_default,cusparse_csr,external_baseline,ok,none,external_baseline,0.0153,0.0123,1.000000,0.660131,,115848,88792,original,original,false,,,true,0,exact_abs_or_rel,SKIP
as-735_G_244.mtx,original_lb,original_lb,load_balanced_traversal,ok,none,promoted_fallback,0.0082,0.0073,1.951220,1.000000,,117192,94280,original,original,false,0,0,true,0,exact_abs_or_rel,SKIP
as-735_G_244.mtx,auto_lossless_lb,all_one_lb,lossless_value_specialized,ok,none,accuracy_pass_runtime_loss,0.0091,0.0070,1.758242,0.901099,,0,94280,auto_lossless,all_one,true,1,0,true,0,exact_abs_or_rel,SKIP
as-735_G_244.mtx,fp16_lb,fp16_lb,controlled_lossy_value_specialized,ok,none,accuracy_pass_runtime_loss,0.0096,0.0081,1.666667,0.854167,,29298,94280,fp16,fp16,false,0,0,false,0,spmv_max_rel,SKIP
as-735_G_244.mtx,bf16_lb,bf16_lb,controlled_lossy_value_specialized,ok,none,accuracy_pass_runtime_loss,0.0096,0.0075,1.666667,0.854167,,29298,94280,bf16,bf16,false,0,0,false,0,spmv_max_rel,SKIP
as-735_G_244.mtx,bfp8_lb,bfp8_lb,controlled_lossy_value_specialized,ok,none,accuracy_pass_runtime_loss,0.0092,0.0087,1.739130,0.891304,,38219,94280,bfp8,bfp8,false,0,0,false,0,spmv_max_rel,SKIP
as-735_G_244.mtx,bfp8_outlier_lb,bfp8_outlier_lb,controlled_lossy_value_specialized,ok,none,accuracy_pass_runtime_loss,0.0100,0.0087,1.600000,0.820000,,38219,94280,bfp8_outlier,bfp8_outlier,false,0,0,false,0,spmv_max_rel,SKIP
as-735_G_244.mtx,bfp4_lb,bfp4_lb,controlled_lossy_value_specialized,ok,none,accuracy_pass_runtime_loss,0.0147,0.0136,1.088435,0.557823,,30895,94280,bfp4,bfp4,false,0,0,false,0,spmv_max_rel,SKIP
as-735_G_244.mtx,hybrid_lb,hybrid_lb,structural_hybrid,ok,none,promoted_fallback,0.0092,0.0078,1.739130,0.891304,,117192,,original,raw_double,false,,,1,0,exact_abs_or_rel,SKIP
as-735_G_244.mtx,cusparse_default,cusparse_csr,external_baseline,ok,none,external_baseline,0.0160,0.0123,1.000000,0.512500,,117192,89464,original,original,false,,,true,0,exact_abs_or_rel,SKIP
as-735_G_252.mtx,original_lb,original_lb,load_balanced_traversal,ok,none,promoted_fallback,0.0087,0.0072,2.057471,1.000000,,117152,94352,original,original,false,0,0,true,0,exact_abs_or_rel,SKIP
as-735_G_252.mtx,auto_lossless_lb,all_one_lb,lossless_value_specialized,ok,none,accuracy_pass_runtime_loss,0.0088,0.0073,2.034091,0.988636,,0,94352,auto_lossless,all_one,true,1,0,true,0,exact_abs_or_rel,SKIP
as-735_G_252.mtx,fp16_lb,fp16_lb,controlled_lossy_value_specialized,ok,none,accuracy_pass_runtime_loss,0.0094,0.0073,1.904255,0.925532,,29288,94352,fp16,fp16,false,0,0,false,0,spmv_max_rel,SKIP
as-735_G_252.mtx,bf16_lb,bf16_lb,controlled_lossy_value_specialized,ok,none,accuracy_pass_runtime_loss,0.0094,0.0074,1.904255,0.925532,,29288,94352,bf16,bf16,false,0,0,false,0,spmv_max_rel,SKIP
as-735_G_252.mtx,bfp8_lb,bfp8_lb,controlled_lossy_value_specialized,ok,none,accuracy_pass_runtime_loss,0.0094,0.0085,1.904255,0.925532,,38232,94352,bfp8,bfp8,false,0,0,false,0,spmv_max_rel,SKIP
as-735_G_252.mtx,bfp8_outlier_lb,bfp8_outlier_lb,controlled_lossy_value_specialized,ok,none,accuracy_pass_runtime_loss,0.0094,0.0085,1.904255,0.925532,,38232,94352,bfp8_outlier,bfp8_outlier,false,0,0,false,0,spmv_max_rel,SKIP
as-735_G_252.mtx,bfp4_lb,bfp4_lb,controlled_lossy_value_specialized,ok,none,accuracy_pass_runtime_loss,0.0141,0.0126,1.269504,0.617021,,30910,94352,bfp4,bfp4,false,0,0,false,0,spmv_max_rel,SKIP
as-735_G_252.mtx,hybrid_lb,hybrid_lb,structural_hybrid,ok,none,promoted_fallback,0.0106,0.0090,1.688679,0.820755,,117152,,original,raw_double,false,,,1,0,exact_abs_or_rel,SKIP
as-735_G_252.mtx,cusparse_default,cusparse_csr,external_baseline,ok,none,external_baseline,0.0179,0.0123,1.000000,0.486034,,117152,89444,original,original,false,,,true,0,exact_abs_or_rel,SKIP
as-735_G_260.mtx,original_lb,original_lb,load_balanced_traversal,ok,none,promoted_fallback,0.0090,0.0081,1.966667,1.000000,,117704,94856,original,original,false,0,0,true,0,exact_abs_or_rel,SKIP
as-735_G_260.mtx,auto_lossless_lb,all_one_lb,lossless_value_specialized,ok,none,accuracy_pass_runtime_win,0.0089,0.0075,1.988764,1.011236,,0,94856,auto_lossless,all_one,true,1,0,true,0,exact_abs_or_rel,SKIP
as-735_G_260.mtx,fp16_lb,fp16_lb,controlled_lossy_value_specialized,ok,none,accuracy_pass_runtime_win,0.0086,0.0070,2.058140,1.046512,,29426,94856,fp16,fp16,false,0,0,false,0,spmv_max_rel,SKIP
as-735_G_260.mtx,bf16_lb,bf16_lb,controlled_lossy_value_specialized,ok,none,accuracy_pass_runtime_loss,0.0094,0.0074,1.882979,0.957447,,29426,94856,bf16,bf16,false,0,0,false,0,spmv_max_rel,SKIP
as-735_G_260.mtx,bfp8_lb,bfp8_lb,controlled_lossy_value_specialized,ok,none,accuracy_pass_runtime_loss,0.0113,0.0092,1.566372,0.796460,,38427,94856,bfp8,bfp8,false,0,0,false,0,spmv_max_rel,SKIP
as-735_G_260.mtx,bfp8_outlier_lb,bfp8_outlier_lb,controlled_lossy_value_specialized,ok,none,accuracy_pass_runtime_loss,0.0100,0.0089,1.770000,0.900000,,38427,94856,bfp8_outlier,bfp8_outlier,false,0,0,false,0,spmv_max_rel,SKIP
as-735_G_260.mtx,bfp4_lb,bfp4_lb,controlled_lossy_value_specialized,ok,none,accuracy_pass_runtime_loss,0.0150,0.0140,1.180000,0.600000,,31071,94856,bfp4,bfp4,false,0,0,false,0,spmv_max_rel,SKIP
as-735_G_260.mtx,hybrid_lb,hybrid_lb,structural_hybrid,ok,none,promoted_fallback,0.0108,0.0098,1.638889,0.833333,,117704,,original,raw_double,false,,,1,0,exact_abs_or_rel,SKIP
as-735_G_260.mtx,cusparse_default,cusparse_csr,external_baseline,ok,none,external_baseline,0.0177,0.0123,1.000000,0.508475,,117704,89720,original,original,false,,,true,0,exact_abs_or_rel,SKIP
as-735_G_268.mtx,original_lb,original_lb,load_balanced_traversal,ok,none,promoted_fallback,0.0097,0.0088,1.649485,1.000000,,115064,92648,original,original,false,0,0,true,0,exact_abs_or_rel,SKIP
as-735_G_268.mtx,auto_lossless_lb,all_one_lb,lossless_value_specialized,ok,none,accuracy_pass_runtime_loss,0.0097,0.0085,1.649485,1.000000,,0,92648,auto_lossless,all_one,true,1,0,true,0,exact_abs_or_rel,SKIP
as-735_G_268.mtx,fp16_lb,fp16_lb,controlled_lossy_value_specialized,ok,none,accuracy_pass_runtime_loss,0.0102,0.0092,1.568627,0.950980,,28766,92648,fp16,fp16,false,0,0,false,0,spmv_max_rel,SKIP
as-735_G_268.mtx,bf16_lb,bf16_lb,controlled_lossy_value_specialized,ok,none,accuracy_pass_runtime_loss,0.0097,0.0089,1.649485,1.000000,,28766,92648,bf16,bf16,false,0,0,false,0,spmv_max_rel,SKIP
as-735_G_268.mtx,bfp8_lb,bfp8_lb,controlled_lossy_value_specialized,ok,none,accuracy_pass_runtime_win,0.0091,0.0080,1.758242,1.065934,,37545,92648,bfp8,bfp8,false,0,0,false,0,spmv_max_rel,SKIP
as-735_G_268.mtx,bfp8_outlier_lb,bfp8_outlier_lb,controlled_lossy_value_specialized,ok,none,accuracy_pass_runtime_win,0.0094,0.0088,1.702128,1.031915,,37545,92648,bfp8_outlier,bfp8_outlier,false,0,0,false,0,spmv_max_rel,SKIP
as-735_G_268.mtx,bfp4_lb,bfp4_lb,controlled_lossy_value_specialized,ok,none,accuracy_pass_runtime_loss,0.0141,0.0138,1.134752,0.687943,,30354,92648,bfp4,bfp4,false,0,0,false,0,spmv_max_rel,SKIP
as-735_G_268.mtx,hybrid_lb,hybrid_lb,structural_hybrid,ok,none,promoted_fallback,0.0102,0.0094,1.568627,0.950980,,115064,,original,raw_double,false,,,1,0,exact_abs_or_rel,SKIP
as-735_G_268.mtx,cusparse_default,cusparse_csr,external_baseline,ok,none,external_baseline,0.0160,0.0123,1.000000,0.606250,,115064,88400,original,original,false,,,true,0,exact_abs_or_rel,SKIP
as-735_G_276.mtx,original_lb,original_lb,load_balanced_traversal,ok,none,promoted_fallback,0.0083,0.0070,1.951807,1.000000,,121072,97848,original,original,false,0,0,true,0,exact_abs_or_rel,SKIP
as-735_G_276.mtx,auto_lossless_lb,all_one_lb,lossless_value_specialized,ok,none,accuracy_pass_runtime_loss,0.0086,0.0059,1.883721,0.965116,,0,97848,auto_lossless,all_one,true,1,0,true,0,exact_abs_or_rel,SKIP
as-735_G_276.mtx,fp16_lb,fp16_lb,controlled_lossy_value_specialized,ok,none,accuracy_pass_runtime_loss,0.0103,0.0090,1.572816,0.805825,,30268,97848,fp16,fp16,false,0,0,false,0,spmv_max_rel,SKIP
as-735_G_276.mtx,bf16_lb,bf16_lb,controlled_lossy_value_specialized,ok,none,accuracy_pass_runtime_loss,0.0101,0.0090,1.603960,0.821782,,30268,97848,bf16,bf16,false,0,0,false,0,spmv_max_rel,SKIP
as-735_G_276.mtx,bfp8_lb,bfp8_lb,controlled_lossy_value_specialized,ok,none,accuracy_pass_runtime_loss,0.0095,0.0084,1.705263,0.873684,,39596,97848,bfp8,bfp8,false,0,0,false,0,spmv_max_rel,SKIP
as-735_G_276.mtx,bfp8_outlier_lb,bfp8_outlier_lb,controlled_lossy_value_specialized,ok,none,accuracy_pass_runtime_loss,0.0092,0.0086,1.760870,0.902174,,39596,97848,bfp8_outlier,bfp8_outlier,false,0,0,false,0,spmv_max_rel,SKIP
as-735_G_276.mtx,bfp4_lb,bfp4_lb,controlled_lossy_value_specialized,ok,none,accuracy_pass_runtime_loss,0.0140,0.0129,1.157143,0.592857,,32029,97848,bfp4,bfp4,false,0,0,false,0,spmv_max_rel,SKIP
as-735_G_276.mtx,hybrid_lb,hybrid_lb,structural_hybrid,ok,none,promoted_fallback,0.0098,0.0085,1.653061,0.846939,,121072,,original,raw_double,false,,,1,0,exact_abs_or_rel,SKIP
as-735_G_276.mtx,cusparse_default,cusparse_csr,external_baseline,ok,none,external_baseline,0.0162,0.0143,1.000000,0.512346,,121072,91404,original,original,false,,,true,0,exact_abs_or_rel,SKIP
as-735_G_284.mtx,original_lb,original_lb,load_balanced_traversal,ok,none,promoted_fallback,0.0096,0.0078,1.770833,1.000000,,122408,98752,original,original,false,0,0,true,0,exact_abs_or_rel,SKIP
as-735_G_284.mtx,auto_lossless_lb,all_one_lb,lossless_value_specialized,ok,none,accuracy_pass_runtime_win,0.0093,0.0069,1.827957,1.032258,,0,98752,auto_lossless,all_one,true,1,0,true,0,exact_abs_or_rel,SKIP
as-735_G_284.mtx,fp16_lb,fp16_lb,controlled_lossy_value_specialized,ok,none,accuracy_pass_runtime_win,0.0093,0.0075,1.827957,1.032258,,30602,98752,fp16,fp16,false,0,0,false,0,spmv_max_rel,SKIP
as-735_G_284.mtx,bf16_lb,bf16_lb,controlled_lossy_value_specialized,ok,none,accuracy_pass_runtime_win,0.0091,0.0074,1.868132,1.054945,,30602,98752,bf16,bf16,false,0,0,false,0,spmv_max_rel,SKIP
as-735_G_284.mtx,bfp8_lb,bfp8_lb,controlled_lossy_value_specialized,ok,none,accuracy_pass_runtime_loss,0.0098,0.0081,1.734694,0.979592,,39989,98752,bfp8,bfp8,false,0,0,false,0,spmv_max_rel,SKIP
as-735_G_284.mtx,bfp8_outlier_lb,bfp8_outlier_lb,controlled_lossy_value_specialized,ok,none,accuracy_pass_runtime_loss,0.0100,0.0090,1.700000,0.960000,,39989,98752,bfp8_outlier,bfp8_outlier,false,0,0,false,0,spmv_max_rel,SKIP
as-735_G_284.mtx,bfp4_lb,bfp4_lb,controlled_lossy_value_specialized,ok,none,accuracy_pass_runtime_loss,0.0141,0.0132,1.205674,0.680851,,32339,98752,bfp4,bfp4,false,0,0,false,0,spmv_max_rel,SKIP
as-735_G_284.mtx,hybrid_lb,hybrid_lb,structural_hybrid,ok,none,promoted_fallback,0.0099,0.0087,1.717172,0.969697,,122408,,original,raw_double,false,,,1,0,exact_abs_or_rel,SKIP
as-735_G_284.mtx,cusparse_default,cusparse_csr,external_baseline,ok,none,external_baseline,0.0170,0.0143,1.000000,0.564706,,122408,92072,original,original,false,,,true,0,exact_abs_or_rel,SKIP
as-735_G_292.mtx,original_lb,original_lb,load_balanced_traversal,ok,none,promoted_fallback,0.0096,0.0085,1.656250,1.000000,,124544,100712,original,original,false,0,0,true,0,exact_abs_or_rel,SKIP
as-735_G_292.mtx,auto_lossless_lb,all_one_lb,lossless_value_specialized,ok,none,accuracy_pass_runtime_win,0.0094,0.0071,1.691489,1.021277,,0,100712,auto_lossless,all_one,true,1,0,true,0,exact_abs_or_rel,SKIP
as-735_G_292.mtx,fp16_lb,fp16_lb,controlled_lossy_value_specialized,ok,none,accuracy_pass_runtime_win,0.0088,0.0077,1.806818,1.090909,,31136,100712,fp16,fp16,false,0,0,false,0,spmv_max_rel,SKIP
as-735_G_292.mtx,bf16_lb,bf16_lb,controlled_lossy_value_specialized,ok,none,accuracy_pass_runtime_win,0.0082,0.0069,1.939024,1.170732,,31136,100712,bf16,bf16,false,0,0,false,0,spmv_max_rel,SKIP
as-735_G_292.mtx,bfp8_lb,bfp8_lb,controlled_lossy_value_specialized,ok,none,accuracy_pass_runtime_loss,0.0103,0.0092,1.543689,0.932039,,40746,100712,bfp8,bfp8,false,0,0,false,0,spmv_max_rel,SKIP
as-735_G_292.mtx,bfp8_outlier_lb,bfp8_outlier_lb,controlled_lossy_value_specialized,ok,none,accuracy_pass_runtime_loss,0.0104,0.0084,1.528846,0.923077,,40746,100712,bfp8_outlier,bfp8_outlier,false,0,0,false,0,spmv_max_rel,SKIP
as-735_G_292.mtx,bfp4_lb,bfp4_lb,controlled_lossy_value_specialized,ok,none,accuracy_pass_runtime_loss,0.0133,0.0124,1.195489,0.721805,,32962,100712,bfp4,bfp4,false,0,0,false,0,spmv_max_rel,SKIP
as-735_G_292.mtx,hybrid_lb,hybrid_lb,structural_hybrid,ok,none,promoted_fallback,0.0113,0.0095,1.407080,0.849558,,124544,,original,raw_double,false,,,1,0,exact_abs_or_rel,SKIP
as-735_G_292.mtx,cusparse_default,cusparse_csr,external_baseline,ok,none,external_baseline,0.0159,0.0123,1.000000,0.603774,,124544,93140,original,original,false,,,true,0,exact_abs_or_rel,SKIP
as-735_G_300.mtx,original_lb,original_lb,load_balanced_traversal,ok,none,promoted_fallback,0.0087,0.0074,1.896552,1.000000,,125688,101592,original,original,false,0,0,true,0,exact_abs_or_rel,SKIP
as-735_G_300.mtx,auto_lossless_lb,all_one_lb,lossless_value_specialized,ok,none,accuracy_pass_runtime_win,0.0081,0.0067,2.037037,1.074074,,0,101592,auto_lossless,all_one,true,1,0,true,0,exact_abs_or_rel,SKIP
as-735_G_300.mtx,fp16_lb,fp16_lb,controlled_lossy_value_specialized,ok,none,accuracy_pass_runtime_loss,0.0097,0.0074,1.701031,0.896907,,31422,101592,fp16,fp16,false,0,0,false,0,spmv_max_rel,SKIP
as-735_G_300.mtx,bf16_lb,bf16_lb,controlled_lossy_value_specialized,ok,none,accuracy_pass_runtime_loss,0.0098,0.0082,1.683673,0.887755,,31422,101592,bf16,bf16,false,0,0,false,0,spmv_max_rel,SKIP
as-735_G_300.mtx,bfp8_lb,bfp8_lb,controlled_lossy_value_specialized,ok,none,accuracy_pass_runtime_loss,0.0095,0.0087,1.736842,0.915789,,41109,101592,bfp8,bfp8,false,0,0,false,0,spmv_max_rel,SKIP
as-735_G_300.mtx,bfp8_outlier_lb,bfp8_outlier_lb,controlled_lossy_value_specialized,ok,none,accuracy_pass_runtime_loss,0.0091,0.0083,1.813187,0.956044,,41109,101592,bfp8_outlier,bfp8_outlier,false,0,0,false,0,spmv_max_rel,SKIP
as-735_G_300.mtx,bfp4_lb,bfp4_lb,controlled_lossy_value_specialized,ok,none,accuracy_pass_runtime_loss,0.0138,0.0129,1.195652,0.630435,,33254,101592,bfp4,bfp4,false,0,0,false,0,spmv_max_rel,SKIP
as-735_G_300.mtx,hybrid_lb,hybrid_lb,structural_hybrid,ok,none,promoted_fallback,0.0111,0.0096,1.486486,0.783784,,125688,,original,raw_double,false,,,1,0,exact_abs_or_rel,SKIP
as-735_G_300.mtx,cusparse_default,cusparse_csr,external_baseline,ok,none,external_baseline,0.0165,0.0123,1.000000,0.527273,,125688,93712,original,original,false,,,true,0,exact_abs_or_rel,SKIP
as-735_G_308.mtx,original_lb,original_lb,load_balanced_traversal,ok,none,promoted_fallback,0.0091,0.0071,1.703297,1.000000,,127672,103304,original,original,false,0,0,true,0,exact_abs_or_rel,SKIP
as-735_G_308.mtx,auto_lossless_lb,all_one_lb,lossless_value_specialized,ok,none,accuracy_pass_runtime_loss,0.0092,0.0065,1.684783,0.989130,,0,103304,auto_lossless,all_one,true,1,0,true,0,exact_abs_or_rel,SKIP
as-735_G_308.mtx,fp16_lb,fp16_lb,controlled_lossy_value_specialized,ok,none,accuracy_pass_runtime_loss,0.0092,0.0076,1.684783,0.989130,,31918,103304,fp16,fp16,false,0,0,false,0,spmv_max_rel,SKIP
as-735_G_308.mtx,bf16_lb,bf16_lb,controlled_lossy_value_specialized,ok,none,accuracy_pass_runtime_loss,0.0091,0.0075,1.703297,1.000000,,31918,103304,bf16,bf16,false,0,0,false,0,spmv_max_rel,SKIP
as-735_G_308.mtx,bfp8_lb,bfp8_lb,controlled_lossy_value_specialized,ok,none,accuracy_pass_runtime_loss,0.0102,0.0092,1.519608,0.892157,,41785,103304,bfp8,bfp8,false,0,0,false,0,spmv_max_rel,SKIP
as-735_G_308.mtx,bfp8_outlier_lb,bfp8_outlier_lb,controlled_lossy_value_specialized,ok,none,accuracy_pass_runtime_loss,0.0099,0.0091,1.565657,0.919192,,41785,103304,bfp8_outlier,bfp8_outlier,false,0,0,false,0,spmv_max_rel,SKIP
as-735_G_308.mtx,bfp4_lb,bfp4_lb,controlled_lossy_value_specialized,ok,none,accuracy_pass_runtime_loss,0.0148,0.0132,1.047297,0.614865,,33806,103304,bfp4,bfp4,false,0,0,false,0,spmv_max_rel,SKIP
as-735_G_308.mtx,hybrid_lb,hybrid_lb,structural_hybrid,ok,none,promoted_fallback,0.0105,0.0084,1.476190,0.866667,,127672,,original,raw_double,false,,,1,0,exact_abs_or_rel,SKIP
as-735_G_308.mtx,cusparse_default,cusparse_csr,external_baseline,ok,none,external_baseline,0.0155,0.0123,1.000000,0.587097,,127672,94704,original,original,false,,,true,0,exact_abs_or_rel,SKIP
as-735_G_316.mtx,original_lb,original_lb,load_balanced_traversal,ok,none,promoted_fallback,0.0099,0.0082,1.626263,1.000000,,129424,104648,original,original,false,0,0,true,0,exact_abs_or_rel,SKIP
as-735_G_316.mtx,auto_lossless_lb,all_one_lb,lossless_value_specialized,ok,none,accuracy_pass_runtime_win,0.0089,0.0076,1.808989,1.112360,,0,104648,auto_lossless,all_one,true,1,0,true,0,exact_abs_or_rel,SKIP
as-735_G_316.mtx,fp16_lb,fp16_lb,controlled_lossy_value_specialized,ok,none,accuracy_pass_runtime_win,0.0095,0.0085,1.694737,1.042105,,32356,104648,fp16,fp16,false,0,0,false,0,spmv_max_rel,SKIP
as-735_G_316.mtx,bf16_lb,bf16_lb,controlled_lossy_value_specialized,ok,none,accuracy_pass_runtime_win,0.0095,0.0084,1.694737,1.042105,,32356,104648,bf16,bf16,false,0,0,false,0,spmv_max_rel,SKIP
as-735_G_316.mtx,bfp8_lb,bfp8_lb,controlled_lossy_value_specialized,ok,none,accuracy_pass_runtime_loss,0.0104,0.0087,1.548077,0.951923,,42340,104648,bfp8,bfp8,false,0,0,false,0,spmv_max_rel,SKIP
as-735_G_316.mtx,bfp8_outlier_lb,bfp8_outlier_lb,controlled_lossy_value_specialized,ok,none,accuracy_pass_runtime_loss,0.0101,0.0091,1.594059,0.980198,,42340,104648,bfp8_outlier,bfp8_outlier,false,0,0,false,0,spmv_max_rel,SKIP
as-735_G_316.mtx,bfp4_lb,bfp4_lb,controlled_lossy_value_specialized,ok,none,accuracy_pass_runtime_loss,0.0136,0.0126,1.183824,0.727941,,34251,104648,bfp4,bfp4,false,0,0,false,0,spmv_max_rel,SKIP
as-735_G_316.mtx,hybrid_lb,hybrid_lb,structural_hybrid,ok,none,promoted_fallback,0.0111,0.0091,1.450450,0.891892,,129424,,original,raw_double,false,,,1,0,exact_abs_or_rel,SKIP
as-735_G_316.mtx,cusparse_default,cusparse_csr,external_baseline,ok,none,external_baseline,0.0161,0.0123,1.000000,0.614907,,129424,95580,original,original,false,,,true,0,exact_abs_or_rel,SKIP
as-735_G_324.mtx,original_lb,original_lb,load_balanced_traversal,ok,none,promoted_fallback,0.0095,0.0077,1.684211,1.000000,,130864,106072,original,original,false,0,0,true,0,exact_abs_or_rel,SKIP
as-735_G_324.mtx,auto_lossless_lb,all_one_lb,lossless_value_specialized,ok,none,accuracy_pass_runtime_loss,0.0101,0.0083,1.584158,0.940594,,0,106072,auto_lossless,all_one,true,1,0,true,0,exact_abs_or_rel,SKIP
as-735_G_324.mtx,fp16_lb,fp16_lb,controlled_lossy_value_specialized,ok,none,accuracy_pass_runtime_loss,0.0096,0.0080,1.666667,0.989583,,32716,106072,fp16,fp16,false,0,0,false,0,spmv_max_rel,SKIP
as-735_G_324.mtx,bf16_lb,bf16_lb,controlled_lossy_value_specialized,ok,none,accuracy_pass_runtime_loss,0.0099,0.0081,1.616162,0.959596,,32716,106072,bf16,bf16,false,0,0,false,0,spmv_max_rel,SKIP
as-735_G_324.mtx,bfp8_lb,bfp8_lb,controlled_lossy_value_specialized,ok,none,accuracy_pass_runtime_win,0.0093,0.0085,1.720430,1.021505,,42876,106072,bfp8,bfp8,false,0,0,false,0,spmv_max_rel,SKIP
as-735_G_324.mtx,bfp8_outlier_lb,bfp8_outlier_lb,controlled_lossy_value_specialized,ok,none,accuracy_pass_runtime_win,0.0094,0.0085,1.702128,1.010638,,42876,106072,bfp8_outlier,bfp8_outlier,false,0,0,false,0,spmv_max_rel,SKIP
as-735_G_324.mtx,bfp4_lb,bfp4_lb,controlled_lossy_value_specialized,ok,none,accuracy_pass_runtime_loss,0.0144,0.0137,1.111111,0.659722,,34697,106072,bfp4,bfp4,false,0,0,false,0,spmv_max_rel,SKIP
as-735_G_324.mtx,hybrid_lb,hybrid_lb,structural_hybrid,ok,none,promoted_fallback,0.0110,0.0090,1.454545,0.863636,,130864,,original,raw_double,false,,,1,0,exact_abs_or_rel,SKIP
as-735_G_324.mtx,cusparse_default,cusparse_csr,external_baseline,ok,none,external_baseline,0.0160,0.0123,1.000000,0.593750,,130864,96300,original,original,false,,,true,0,exact_abs_or_rel,SKIP
as-735_G_332.mtx,original_lb,original_lb,load_balanced_traversal,ok,none,promoted_fallback,0.0093,0.0071,1.709677,1.000000,,129808,105208,original,original,false,0,0,true,0,exact_abs_or_rel,SKIP
as-735_G_332.mtx,auto_lossless_lb,all_one_lb,lossless_value_specialized,ok,none,accuracy_pass_runtime_win,0.0078,0.0066,2.038462,1.192308,,0,105208,auto_lossless,all_one,true,1,0,true,0,exact_abs_or_rel,SKIP
as-735_G_332.mtx,fp16_lb,fp16_lb,controlled_lossy_value_specialized,ok,none,accuracy_pass_runtime_win,0.0091,0.0075,1.747253,1.021978,,32452,105208,fp16,fp16,false,0,0,false,0,spmv_max_rel,SKIP
as-735_G_332.mtx,bf16_lb,bf16_lb,controlled_lossy_value_specialized,ok,none,accuracy_pass_runtime_win,0.0092,0.0076,1.728261,1.010870,,32452,105208,bf16,bf16,false,0,0,false,0,spmv_max_rel,SKIP
as-735_G_332.mtx,bfp8_lb,bfp8_lb,controlled_lossy_value_specialized,ok,none,accuracy_pass_runtime_loss,0.0095,0.0085,1.673684,0.978947,,42528,105208,bfp8,bfp8,false,0,0,false,0,spmv_max_rel,SKIP
as-735_G_332.mtx,bfp8_outlier_lb,bfp8_outlier_lb,controlled_lossy_value_specialized,ok,none,accuracy_pass_runtime_loss,0.0096,0.0084,1.656250,0.968750,,42528,105208,bfp8_outlier,bfp8_outlier,false,0,0,false,0,spmv_max_rel,SKIP
as-735_G_332.mtx,bfp4_lb,bfp4_lb,controlled_lossy_value_specialized,ok,none,accuracy_pass_runtime_loss,0.0144,0.0132,1.104167,0.645833,,34415,105208,bfp4,bfp4,false,0,0,false,0,spmv_max_rel,SKIP
as-735_G_332.mtx,hybrid_lb,hybrid_lb,structural_hybrid,ok,none,promoted_fallback,0.0102,0.0084,1.558824,0.911765,,129808,,original,raw_double,false,,,1,0,exact_abs_or_rel,SKIP
as-735_G_332.mtx,cusparse_default,cusparse_csr,external_baseline,ok,none,external_baseline,0.0159,0.0123,1.000000,0.584906,,129808,95772,original,original,false,,,true,0,exact_abs_or_rel,SKIP
as-735_G_340.mtx,original_lb,original_lb,load_balanced_traversal,ok,none,promoted_fallback,0.0087,0.0072,1.758621,1.000000,,127240,102920,original,original,false,0,0,true,0,exact_abs_or_rel,SKIP
as-735_G_340.mtx,auto_lossless_lb,all_one_lb,lossless_value_specialized,ok,none,accuracy_pass_runtime_loss,0.0088,0.0064,1.738636,0.988636,,0,102920,auto_lossless,all_one,true,1,0,true,0,exact_abs_or_rel,SKIP
as-735_G_340.mtx,fp16_lb,fp16_lb,controlled_lossy_value_specialized,ok,none,accuracy_pass_runtime_loss,0.0098,0.0081,1.561224,0.887755,,31810,102920,fp16,fp16,false,0,0,false,0,spmv_max_rel,SKIP
as-735_G_340.mtx,bf16_lb,bf16_lb,controlled_lossy_value_specialized,ok,none,accuracy_pass_runtime_loss,0.0096,0.0080,1.593750,0.906250,,31810,102920,bf16,bf16,false,0,0,false,0,spmv_max_rel,SKIP
as-735_G_340.mtx,bfp8_lb,bfp8_lb,controlled_lossy_value_specialized,ok,none,accuracy_pass_runtime_loss,0.0098,0.0086,1.561224,0.887755,,41635,102920,bfp8,bfp8,false,0,0,false,0,spmv_max_rel,SKIP
as-735_G_340.mtx,bfp8_outlier_lb,bfp8_outlier_lb,controlled_lossy_value_specialized,ok,none,accuracy_pass_runtime_loss,0.0097,0.0087,1.577320,0.896907,,41635,102920,bfp8_outlier,bfp8_outlier,false,0,0,false,0,spmv_max_rel,SKIP
as-735_G_340.mtx,bfp4_lb,bfp4_lb,controlled_lossy_value_specialized,ok,none,accuracy_pass_runtime_loss,0.0151,0.0130,1.013245,0.576159,,33683,102920,bfp4,bfp4,false,0,0,false,0,spmv_max_rel,SKIP
as-735_G_340.mtx,hybrid_lb,hybrid_lb,structural_hybrid,ok,none,promoted_fallback,0.0112,0.0093,1.366071,0.776786,,127240,,original,raw_double,false,,,1,0,exact_abs_or_rel,SKIP
as-735_G_340.mtx,cusparse_default,cusparse_csr,external_baseline,ok,none,external_baseline,0.0153,0.0123,1.000000,0.568627,,127240,94488,original,original,false,,,true,0,exact_abs_or_rel,SKIP
as-735_G_348.mtx,original_lb,original_lb,load_balanced_traversal,ok,none,promoted_fallback,0.0087,0.0070,1.735632,1.000000,,128480,103936,original,original,false,0,0,true,0,exact_abs_or_rel,SKIP
as-735_G_348.mtx,auto_lossless_lb,all_one_lb,lossless_value_specialized,ok,none,accuracy_pass_runtime_win,0.0085,0.0069,1.776471,1.023529,,0,103936,auto_lossless,all_one,true,1,0,true,0,exact_abs_or_rel,SKIP
as-735_G_348.mtx,fp16_lb,fp16_lb,controlled_lossy_value_specialized,ok,none,accuracy_pass_runtime_loss,0.0089,0.0075,1.696629,0.977528,,32120,103936,fp16,fp16,false,0,0,false,0,spmv_max_rel,SKIP
as-735_G_348.mtx,bf16_lb,bf16_lb,controlled_lossy_value_specialized,ok,none,accuracy_pass_runtime_loss,0.0091,0.0080,1.659341,0.956044,,32120,103936,bf16,bf16,false,0,0,false,0,spmv_max_rel,SKIP
as-735_G_348.mtx,bfp8_lb,bfp8_lb,controlled_lossy_value_specialized,ok,none,accuracy_pass_runtime_loss,0.0108,0.0090,1.398148,0.805556,,42044,103936,bfp8,bfp8,false,0,0,false,0,spmv_max_rel,SKIP
as-735_G_348.mtx,bfp8_outlier_lb,bfp8_outlier_lb,controlled_lossy_value_specialized,ok,none,accuracy_pass_runtime_loss,0.0109,0.0092,1.385321,0.798165,,42044,103936,bfp8_outlier,bfp8_outlier,false,0,0,false,0,spmv_max_rel,SKIP
as-735_G_348.mtx,bfp4_lb,bfp4_lb,controlled_lossy_value_specialized,ok,none,accuracy_pass_runtime_loss,0.0141,0.0131,1.070922,0.617021,,34014,103936,bfp4,bfp4,false,0,0,false,0,spmv_max_rel,SKIP
as-735_G_348.mtx,hybrid_lb,hybrid_lb,structural_hybrid,ok,none,promoted_fallback,0.0106,0.0085,1.424528,0.820755,,128480,,original,raw_double,false,,,1,0,exact_abs_or_rel,SKIP
as-735_G_348.mtx,cusparse_default,cusparse_csr,external_baseline,ok,none,external_baseline,0.0151,0.0123,1.000000,0.576159,,128480,95108,original,original,false,,,true,0,exact_abs_or_rel,SKIP
as-735_G_356.mtx,original_lb,original_lb,load_balanced_traversal,ok,none,promoted_fallback,0.0094,0.0076,1.585106,1.000000,,131416,106384,original,original,false,0,0,true,0,exact_abs_or_rel,SKIP
as-735_G_356.mtx,auto_lossless_lb,all_one_lb,lossless_value_specialized,ok,none,accuracy_pass_runtime_win,0.0092,0.0089,1.619565,1.021739,,0,106384,auto_lossless,all_one,true,1,0,true,0,exact_abs_or_rel,SKIP
as-735_G_356.mtx,fp16_lb,fp16_lb,controlled_lossy_value_specialized,ok,none,accuracy_pass_runtime_loss,0.0095,0.0087,1.568421,0.989474,,32854,106384,fp16,fp16,false,0,0,false,0,spmv_max_rel,SKIP
as-735_G_356.mtx,bf16_lb,bf16_lb,controlled_lossy_value_specialized,ok,none,accuracy_pass_runtime_loss,0.0097,0.0079,1.536082,0.969072,,32854,106384,bf16,bf16,false,0,0,false,0,spmv_max_rel,SKIP
as-735_G_356.mtx,bfp8_lb,bfp8_lb,controlled_lossy_value_specialized,ok,none,accuracy_pass_runtime_loss,0.0094,0.0086,1.585106,1.000000,,43023,106384,bfp8,bfp8,false,0,0,false,0,spmv_max_rel,SKIP
as-735_G_356.mtx,bfp8_outlier_lb,bfp8_outlier_lb,controlled_lossy_value_specialized,ok,none,accuracy_pass_runtime_loss,0.0100,0.0093,1.490000,0.940000,,43023,106384,bfp8_outlier,bfp8_outlier,false,0,0,false,0,spmv_max_rel,SKIP
as-735_G_356.mtx,bfp4_lb,bfp4_lb,controlled_lossy_value_specialized,ok,none,accuracy_pass_runtime_loss,0.0136,0.0129,1.095588,0.691176,,34810,106384,bfp4,bfp4,false,0,0,false,0,spmv_max_rel,SKIP
as-735_G_356.mtx,hybrid_lb,hybrid_lb,structural_hybrid,ok,none,promoted_fallback,0.0111,0.0103,1.342342,0.846847,,131416,,original,raw_double,false,,,1,0,exact_abs_or_rel,SKIP
as-735_G_356.mtx,cusparse_default,cusparse_csr,external_baseline,ok,none,external_baseline,0.0149,0.0123,1.000000,0.630872,,131416,96576,original,original,false,,,true,0,exact_abs_or_rel,SKIP
as-735_G_364.mtx,original_lb,original_lb,load_balanced_traversal,ok,none,promoted_fallback,0.0093,0.0084,1.612903,1.000000,,132552,107256,original,original,false,0,0,true,0,exact_abs_or_rel,SKIP
as-735_G_364.mtx,auto_lossless_lb,all_one_lb,lossless_value_specialized,ok,none,accuracy_pass_runtime_loss,0.0103,0.0094,1.456311,0.902913,,0,107256,auto_lossless,all_one,true,1,0,true,0,exact_abs_or_rel,SKIP
as-735_G_364.mtx,fp16_lb,fp16_lb,controlled_lossy_value_specialized,ok,none,accuracy_pass_runtime_loss,0.0093,0.0086,1.612903,1.000000,,33138,107256,fp16,fp16,false,0,0,false,0,spmv_max_rel,SKIP
as-735_G_364.mtx,bf16_lb,bf16_lb,controlled_lossy_value_specialized,ok,none,accuracy_pass_runtime_loss,0.0093,0.0085,1.612903,1.000000,,33138,107256,bf16,bf16,false,0,0,false,0,spmv_max_rel,SKIP
as-735_G_364.mtx,bfp8_lb,bfp8_lb,controlled_lossy_value_specialized,ok,none,accuracy_pass_runtime_loss,0.0103,0.0095,1.456311,0.902913,,43383,107256,bfp8,bfp8,false,0,0,false,0,spmv_max_rel,SKIP
as-735_G_364.mtx,bfp8_outlier_lb,bfp8_outlier_lb,controlled_lossy_value_specialized,ok,none,accuracy_pass_runtime_loss,0.0099,0.0086,1.515152,0.939394,,43383,107256,bfp8_outlier,bfp8_outlier,false,0,0,false,0,spmv_max_rel,SKIP
as-735_G_364.mtx,bfp4_lb,bfp4_lb,controlled_lossy_value_specialized,ok,none,accuracy_pass_runtime_loss,0.0139,0.0123,1.079137,0.669065,,35099,107256,bfp4,bfp4,false,0,0,false,0,spmv_max_rel,SKIP
as-735_G_364.mtx,hybrid_lb,hybrid_lb,structural_hybrid,ok,none,promoted_fallback,0.0116,0.0098,1.293103,0.801724,,132552,,original,raw_double,false,,,1,0,exact_abs_or_rel,SKIP
as-735_G_364.mtx,cusparse_default,cusparse_csr,external_baseline,ok,none,external_baseline,0.0150,0.0123,1.000000,0.620000,,132552,97144,original,original,false,,,true,0,exact_abs_or_rel,SKIP
as-735_G_372.mtx,original_lb,original_lb,load_balanced_traversal,ok,none,promoted_fallback,0.0092,0.0085,1.750000,1.000000,,135384,109624,original,original,false,0,0,true,0,exact_abs_or_rel,SKIP
as-735_G_372.mtx,auto_lossless_lb,all_one_lb,lossless_value_specialized,ok,none,accuracy_pass_runtime_loss,0.0097,0.0088,1.659794,0.948454,,0,109624,auto_lossless,all_one,true,1,0,true,0,exact_abs_or_rel,SKIP
as-735_G_372.mtx,fp16_lb,fp16_lb,controlled_lossy_value_specialized,ok,none,accuracy_pass_runtime_loss,0.0095,0.0087,1.694737,0.968421,,33846,109624,fp16,fp16,false,0,0,false,0,spmv_max_rel,SKIP
as-735_G_372.mtx,bf16_lb,bf16_lb,controlled_lossy_value_specialized,ok,none,accuracy_pass_runtime_loss,0.0093,0.0084,1.731183,0.989247,,33846,109624,bf16,bf16,false,0,0,false,0,spmv_max_rel,SKIP
as-735_G_372.mtx,bfp8_lb,bfp8_lb,controlled_lossy_value_specialized,ok,none,accuracy_pass_runtime_loss,0.0099,0.0092,1.626263,0.929293,,44329,109624,bfp8,bfp8,false,0,0,false,0,spmv_max_rel,SKIP
as-735_G_372.mtx,bfp8_outlier_lb,bfp8_outlier_lb,controlled_lossy_value_specialized,ok,none,accuracy_pass_runtime_loss,0.0100,0.0092,1.610000,0.920000,,44329,109624,bfp8_outlier,bfp8_outlier,false,0,0,false,0,spmv_max_rel,SKIP
as-735_G_372.mtx,bfp4_lb,bfp4_lb,controlled_lossy_value_specialized,ok,none,accuracy_pass_runtime_loss,0.0141,0.0133,1.141844,0.652482,,35868,109624,bfp4,bfp4,false,0,0,false,0,spmv_max_rel,SKIP
as-735_G_372.mtx,hybrid_lb,hybrid_lb,structural_hybrid,ok,none,promoted_fallback,0.0131,0.0115,1.229008,0.702290,,135384,,original,raw_double,false,,,1,0,exact_abs_or_rel,SKIP
as-735_G_372.mtx,cusparse_default,cusparse_csr,external_baseline,ok,none,external_baseline,0.0161,0.0123,1.000000,0.571429,,135384,98560,original,original,false,,,true,0,exact_abs_or_rel,SKIP
as-735_G_380.mtx,original_lb,original_lb,load_balanced_traversal,ok,none,promoted_fallback,0.0094,0.0070,1.659574,1.000000,,135104,109408,original,original,false,0,0,true,0,exact_abs_or_rel,SKIP
as-735_G_380.mtx,auto_lossless_lb,all_one_lb,lossless_value_specialized,ok,none,accuracy_pass_runtime_loss,0.0105,0.0085,1.485714,0.895238,,0,109408,auto_lossless,all_one,true,1,0,true,0,exact_abs_or_rel,SKIP
as-735_G_380.mtx,fp16_lb,fp16_lb,controlled_lossy_value_specialized,ok,none,accuracy_pass_runtime_win,0.0093,0.0086,1.677419,1.010753,,33776,109408,fp16,fp16,false,0,0,false,0,spmv_max_rel,SKIP
as-735_G_380.mtx,bf16_lb,bf16_lb,controlled_lossy_value_specialized,ok,none,accuracy_pass_runtime_loss,0.0098,0.0078,1.591837,0.959184,,33776,109408,bf16,bf16,false,0,0,false,0,spmv_max_rel,SKIP
as-735_G_380.mtx,bfp8_lb,bfp8_lb,controlled_lossy_value_specialized,ok,none,accuracy_pass_runtime_loss,0.0100,0.0090,1.560000,0.940000,,44240,109408,bfp8,bfp8,false,0,0,false,0,spmv_max_rel,SKIP
as-735_G_380.mtx,bfp8_outlier_lb,bfp8_outlier_lb,controlled_lossy_value_specialized,ok,none,accuracy_pass_runtime_loss,0.0097,0.0092,1.608247,0.969072,,44240,109408,bfp8_outlier,bfp8_outlier,false,0,0,false,0,spmv_max_rel,SKIP
as-735_G_380.mtx,bfp4_lb,bfp4_lb,controlled_lossy_value_specialized,ok,none,accuracy_pass_runtime_loss,0.0141,0.0131,1.106383,0.666667,,35796,109408,bfp4,bfp4,false,0,0,false,0,spmv_max_rel,SKIP
as-735_G_380.mtx,hybrid_lb,hybrid_lb,structural_hybrid,ok,none,promoted_fallback,0.0116,0.0097,1.344828,0.810345,,135104,,original,raw_double,false,,,1,0,exact_abs_or_rel,SKIP
as-735_G_380.mtx,cusparse_default,cusparse_csr,external_baseline,ok,none,external_baseline,0.0156,0.0123,1.000000,0.602564,,135104,98420,original,original,false,,,true,0,exact_abs_or_rel,SKIP
as-735_G_388.mtx,original_lb,original_lb,load_balanced_traversal,ok,none,promoted_fallback,0.0090,0.0071,1.766667,1.000000,,136392,110288,original,original,false,0,0,true,0,exact_abs_or_rel,SKIP
as-735_G_388.mtx,auto_lossless_lb,all_one_lb,lossless_value_specialized,ok,none,accuracy_pass_runtime_loss,0.0096,0.0078,1.656250,0.937500,,0,110288,auto_lossless,all_one,true,1,0,true,0,exact_abs_or_rel,SKIP
as-735_G_388.mtx,fp16_lb,fp16_lb,controlled_lossy_value_specialized,ok,none,accuracy_pass_runtime_loss,0.0094,0.0087,1.691489,0.957447,,34098,110288,fp16,fp16,false,0,0,false,0,spmv_max_rel,SKIP
as-735_G_388.mtx,bf16_lb,bf16_lb,controlled_lossy_value_specialized,ok,none,accuracy_pass_runtime_loss,0.0097,0.0085,1.639175,0.927835,,34098,110288,bf16,bf16,false,0,0,false,0,spmv_max_rel,SKIP
as-735_G_388.mtx,bfp8_lb,bfp8_lb,controlled_lossy_value_specialized,ok,none,accuracy_pass_runtime_loss,0.0101,0.0094,1.574257,0.891089,,44621,110288,bfp8,bfp8,false,0,0,false,0,spmv_max_rel,SKIP
as-735_G_388.mtx,bfp8_outlier_lb,bfp8_outlier_lb,controlled_lossy_value_specialized,ok,none,accuracy_pass_runtime_loss,0.0109,0.0098,1.458716,0.825688,,44621,110288,bfp8_outlier,bfp8_outlier,false,0,0,false,0,spmv_max_rel,SKIP
as-735_G_388.mtx,bfp4_lb,bfp4_lb,controlled_lossy_value_specialized,ok,none,accuracy_pass_runtime_loss,0.0139,0.0129,1.143885,0.647482,,36097,110288,bfp4,bfp4,false,0,0,false,0,spmv_max_rel,SKIP
as-735_G_388.mtx,hybrid_lb,hybrid_lb,structural_hybrid,ok,none,promoted_fallback,0.0114,0.0106,1.394737,0.789474,,136392,,original,raw_double,false,,,1,0,exact_abs_or_rel,SKIP
as-735_G_388.mtx,cusparse_default,cusparse_csr,external_baseline,ok,none,external_baseline,0.0159,0.0123,1.000000,0.566038,,136392,99064,original,original,false,,,true,0,exact_abs_or_rel,SKIP
as-735_G_396.mtx,original_lb,original_lb,load_balanced_traversal,ok,none,promoted_fallback,0.0091,0.0070,1.659341,1.000000,,137712,111376,original,original,false,0,0,true,0,exact_abs_or_rel,SKIP
as-735_G_396.mtx,auto_lossless_lb,all_one_lb,lossless_value_specialized,ok,none,accuracy_pass_runtime_loss,0.0094,0.0092,1.606383,0.968085,,0,111376,auto_lossless,all_one,true,1,0,true,0,exact_abs_or_rel,SKIP
as-735_G_396.mtx,fp16_lb,fp16_lb,controlled_lossy_value_specialized,ok,none,accuracy_pass_runtime_loss,0.0094,0.0088,1.606383,0.968085,,34428,111376,fp16,fp16,false,0,0,false,0,spmv_max_rel,SKIP
as-735_G_396.mtx,bf16_lb,bf16_lb,controlled_lossy_value_specialized,ok,none,accuracy_pass_runtime_win,0.0088,0.0074,1.715909,1.034091,,34428,111376,bf16,bf16,false,0,0,false,0,spmv_max_rel,SKIP
as-735_G_396.mtx,bfp8_lb,bfp8_lb,controlled_lossy_value_specialized,ok,none,accuracy_pass_runtime_loss,0.0100,0.0093,1.510000,0.910000,,45058,111376,bfp8,bfp8,false,0,0,false,0,spmv_max_rel,SKIP
as-735_G_396.mtx,bfp8_outlier_lb,bfp8_outlier_lb,controlled_lossy_value_specialized,ok,none,accuracy_pass_runtime_loss,0.0102,0.0092,1.480392,0.892157,,45058,111376,bfp8_outlier,bfp8_outlier,false,0,0,false,0,spmv_max_rel,SKIP
as-735_G_396.mtx,bfp4_lb,bfp4_lb,controlled_lossy_value_specialized,ok,none,accuracy_pass_runtime_loss,0.0146,0.0143,1.034247,0.623288,,36451,111376,bfp4,bfp4,false,0,0,false,0,spmv_max_rel,SKIP
as-735_G_396.mtx,hybrid_lb,hybrid_lb,structural_hybrid,ok,none,promoted_fallback,0.0118,0.0104,1.279661,0.771186,,137712,,original,raw_double,false,,,1,0,exact_abs_or_rel,SKIP
as-735_G_396.mtx,cusparse_default,cusparse_csr,external_baseline,ok,none,external_baseline,0.0151,0.0123,1.000000,0.602649,,137712,99724,original,original,false,,,true,0,exact_abs_or_rel,SKIP
as-735_G_404.mtx,original_lb,original_lb,load_balanced_traversal,ok,none,promoted_fallback,0.0096,0.0088,1.583333,1.000000,,138512,112160,original,original,false,0,0,true,0,exact_abs_or_rel,SKIP
as-735_G_404.mtx,auto_lossless_lb,all_one_lb,lossless_value_specialized,ok,none,accuracy_pass_runtime_loss,0.0097,0.0078,1.567010,0.989691,,0,112160,auto_lossless,all_one,true,1,0,true,0,exact_abs_or_rel,SKIP
as-735_G_404.mtx,fp16_lb,fp16_lb,controlled_lossy_value_specialized,ok,none,accuracy_pass_runtime_win,0.0094,0.0083,1.617021,1.021277,,34628,112160,fp16,fp16,false,0,0,false,0,spmv_max_rel,SKIP
as-735_G_404.mtx,bf16_lb,bf16_lb,controlled_lossy_value_specialized,ok,none,accuracy_pass_runtime_win,0.0092,0.0084,1.652174,1.043478,,34628,112160,bf16,bf16,false,0,0,false,0,spmv_max_rel,SKIP
as-735_G_404.mtx,bfp8_lb,bfp8_lb,controlled_lossy_value_specialized,ok,none,accuracy_pass_runtime_loss,0.0102,0.0091,1.490196,0.941176,,45354,112160,bfp8,bfp8,false,0,0,false,0,spmv_max_rel,SKIP
as-735_G_404.mtx,bfp8_outlier_lb,bfp8_outlier_lb,controlled_lossy_value_specialized,ok,none,accuracy_pass_runtime_loss,0.0100,0.0092,1.520000,0.960000,,45354,112160,bfp8_outlier,bfp8_outlier,false,0,0,false,0,spmv_max_rel,SKIP
as-735_G_404.mtx,bfp4_lb,bfp4_lb,controlled_lossy_value_specialized,ok,none,accuracy_pass_runtime_loss,0.0148,0.0134,1.027027,0.648649,,36697,112160,bfp4,bfp4,false,0,0,false,0,spmv_max_rel,SKIP
as-735_G_404.mtx,hybrid_lb,hybrid_lb,structural_hybrid,ok,none,promoted_fallback,0.0118,0.0109,1.288136,0.813559,,138512,,original,raw_double,false,,,1,0,exact_abs_or_rel,SKIP
as-735_G_404.mtx,cusparse_default,cusparse_csr,external_baseline,ok,none,external_baseline,0.0152,0.0123,1.000000,0.631579,,138512,100124,original,original,false,,,true,0,exact_abs_or_rel,SKIP
as-735_G_412.mtx,original_lb,original_lb,load_balanced_traversal,ok,none,promoted_fallback,0.0084,0.0076,1.797619,1.000000,,19896,18400,original,original,false,0,0,true,0,exact_abs_or_rel,SKIP
as-735_G_412.mtx,auto_lossless_lb,all_one_lb,lossless_value_specialized,ok,none,accuracy_pass_runtime_loss,0.0087,0.0076,1.735632,0.965517,,0,18400,auto_lossless,all_one,true,1,0,true,0,exact_abs_or_rel,SKIP
as-735_G_412.mtx,fp16_lb,fp16_lb,controlled_lossy_value_specialized,ok,none,accuracy_pass_runtime_loss,0.0094,0.0083,1.606383,0.893617,,4974,18400,fp16,fp16,false,0,0,false,0,spmv_max_rel,SKIP
as-735_G_412.mtx,bf16_lb,bf16_lb,controlled_lossy_value_specialized,ok,none,accuracy_pass_runtime_loss,0.0091,0.0086,1.659341,0.923077,,4974,18400,bf16,bf16,false,0,0,false,0,spmv_max_rel,SKIP
as-735_G_412.mtx,bfp8_lb,bfp8_lb,controlled_lossy_value_specialized,ok,none,accuracy_pass_runtime_loss,0.0095,0.0086,1.589474,0.884211,,7087,18400,bfp8,bfp8,false,0,0,false,0,spmv_max_rel,SKIP
as-735_G_412.mtx,bfp8_outlier_lb,bfp8_outlier_lb,controlled_lossy_value_specialized,ok,none,accuracy_pass_runtime_loss,0.0097,0.0087,1.556701,0.865979,,7087,18400,bfp8_outlier,bfp8_outlier,false,0,0,false,0,spmv_max_rel,SKIP
as-735_G_412.mtx,bfp4_lb,bfp4_lb,controlled_lossy_value_specialized,ok,none,accuracy_pass_runtime_loss,0.0138,0.0129,1.094203,0.608696,,5844,18400,bfp4,bfp4,false,0,0,false,0,spmv_max_rel,SKIP
as-735_G_412.mtx,hybrid_lb,hybrid_lb,structural_hybrid,ok,none,promoted_fallback,0.0082,0.0068,1.841463,1.024390,,19896,,original,raw_double,false,,,1,0,exact_abs_or_rel,SKIP
as-735_G_412.mtx,cusparse_default,cusparse_csr,external_baseline,ok,none,external_baseline,0.0151,0.0123,1.000000,0.556291,,19896,40816,original,original,false,,,true,0,exact_abs_or_rel,SKIP
as-735_G_420.mtx,original_lb,original_lb,load_balanced_traversal,ok,none,promoted_fallback,0.0085,0.0076,1.823529,1.000000,,140696,114016,original,original,false,0,0,true,0,exact_abs_or_rel,SKIP
as-735_G_420.mtx,auto_lossless_lb,all_one_lb,lossless_value_specialized,ok,none,accuracy_pass_runtime_loss,0.0099,0.0087,1.565657,0.858586,,0,114016,auto_lossless,all_one,true,1,0,true,0,exact_abs_or_rel,SKIP
as-735_G_420.mtx,fp16_lb,fp16_lb,controlled_lossy_value_specialized,ok,none,accuracy_pass_runtime_loss,0.0096,0.0083,1.614583,0.885417,,35174,114016,fp16,fp16,false,0,0,false,0,spmv_max_rel,SKIP
as-735_G_420.mtx,bf16_lb,bf16_lb,controlled_lossy_value_specialized,ok,none,accuracy_pass_runtime_loss,0.0091,0.0079,1.703297,0.934066,,35174,114016,bf16,bf16,false,0,0,false,0,spmv_max_rel,SKIP
as-735_G_420.mtx,bfp8_lb,bfp8_lb,controlled_lossy_value_specialized,ok,none,accuracy_pass_runtime_loss,0.0095,0.0084,1.631579,0.894737,,46091,114016,bfp8,bfp8,false,0,0,false,0,spmv_max_rel,SKIP
as-735_G_420.mtx,bfp8_outlier_lb,bfp8_outlier_lb,controlled_lossy_value_specialized,ok,none,accuracy_pass_runtime_loss,0.0112,0.0100,1.383929,0.758929,,46091,114016,bfp8_outlier,bfp8_outlier,false,0,0,false,0,spmv_max_rel,SKIP
as-735_G_420.mtx,bfp4_lb,bfp4_lb,controlled_lossy_value_specialized,ok,none,accuracy_pass_runtime_loss,0.0132,0.0122,1.174242,0.643939,,37298,114016,bfp4,bfp4,false,0,0,false,0,spmv_max_rel,SKIP
as-735_G_420.mtx,hybrid_lb,hybrid_lb,structural_hybrid,ok,none,promoted_fallback,0.0113,0.0108,1.371681,0.752212,,140696,,original,raw_double,false,,,1,0,exact_abs_or_rel,SKIP
as-735_G_420.mtx,cusparse_default,cusparse_csr,external_baseline,ok,none,external_baseline,0.0155,0.0123,1.000000,0.548387,,140696,101216,original,original,false,,,true,0,exact_abs_or_rel,SKIP
as-735_G_428.mtx,original_lb,original_lb,load_balanced_traversal,ok,none,promoted_fallback,0.0091,0.0076,1.736264,1.000000,,142112,115384,original,original,false,0,0,true,0,exact_abs_or_rel,SKIP
as-735_G_428.mtx,auto_lossless_lb,all_one_lb,lossless_value_specialized,ok,none,accuracy_pass_runtime_loss,0.0098,0.0078,1.612245,0.928571,,0,115384,auto_lossless,all_one,true,1,0,true,0,exact_abs_or_rel,SKIP
as-735_G_428.mtx,fp16_lb,fp16_lb,controlled_lossy_value_specialized,ok,none,accuracy_pass_runtime_win,0.0090,0.0080,1.755556,1.011111,,35528,115384,fp16,fp16,false,0,0,false,0,spmv_max_rel,SKIP
as-735_G_428.mtx,bf16_lb,bf16_lb,controlled_lossy_value_specialized,ok,none,accuracy_pass_runtime_loss,0.0091,0.0087,1.736264,1.000000,,35528,115384,bf16,bf16,false,0,0,false,0,spmv_max_rel,SKIP
as-735_G_428.mtx,bfp8_lb,bfp8_lb,controlled_lossy_value_specialized,ok,none,accuracy_pass_runtime_loss,0.0095,0.0087,1.663158,0.957895,,46610,115384,bfp8,bfp8,false,0,0,false,0,spmv_max_rel,SKIP
as-735_G_428.mtx,bfp8_outlier_lb,bfp8_outlier_lb,controlled_lossy_value_specialized,ok,none,accuracy_pass_runtime_loss,0.0097,0.0090,1.628866,0.938144,,46610,115384,bfp8_outlier,bfp8_outlier,false,0,0,false,0,spmv_max_rel,SKIP
as-735_G_428.mtx,bfp4_lb,bfp4_lb,controlled_lossy_value_specialized,ok,none,accuracy_pass_runtime_loss,0.0144,0.0132,1.097222,0.631944,,37728,115384,bfp4,bfp4,false,0,0,false,0,spmv_max_rel,SKIP
as-735_G_428.mtx,hybrid_lb,hybrid_lb,structural_hybrid,ok,none,promoted_fallback,0.0117,0.0108,1.350427,0.777778,,142112,,original,raw_double,false,,,1,0,exact_abs_or_rel,SKIP
as-735_G_428.mtx,cusparse_default,cusparse_csr,external_baseline,ok,none,external_baseline,0.0158,0.0123,1.000000,0.575949,,142112,101924,original,original,false,,,true,0,exact_abs_or_rel,SKIP
as-735_G_436.mtx,original_lb,original_lb,load_balanced_traversal,ok,none,promoted_fallback,0.0094,0.0090,1.638298,1.000000,,143776,116736,original,original,false,0,0,true,0,exact_abs_or_rel,SKIP
as-735_G_436.mtx,auto_lossless_lb,all_one_lb,lossless_value_specialized,ok,none,accuracy_pass_runtime_loss,0.0094,0.0091,1.638298,1.000000,,0,116736,auto_lossless,all_one,true,1,0,true,0,exact_abs_or_rel,SKIP
as-735_G_436.mtx,fp16_lb,fp16_lb,controlled_lossy_value_specialized,ok,none,accuracy_pass_runtime_win,0.0091,0.0074,1.692308,1.032967,,35944,116736,fp16,fp16,false,0,0,false,0,spmv_max_rel,SKIP
as-735_G_436.mtx,bf16_lb,bf16_lb,controlled_lossy_value_specialized,ok,none,accuracy_pass_runtime_win,0.0092,0.0079,1.673913,1.021739,,35944,116736,bf16,bf16,false,0,0,false,0,spmv_max_rel,SKIP
as-735_G_436.mtx,bfp8_lb,bfp8_lb,controlled_lossy_value_specialized,ok,none,accuracy_pass_runtime_loss,0.0094,0.0085,1.638298,1.000000,,47156,116736,bfp8,bfp8,false,0,0,false,0,spmv_max_rel,SKIP
as-735_G_436.mtx,bfp8_outlier_lb,bfp8_outlier_lb,controlled_lossy_value_specialized,ok,none,accuracy_pass_runtime_loss,0.0094,0.0085,1.638298,1.000000,,47156,116736,bfp8_outlier,bfp8_outlier,false,0,0,false,0,spmv_max_rel,SKIP
as-735_G_436.mtx,bfp4_lb,bfp4_lb,controlled_lossy_value_specialized,ok,none,accuracy_pass_runtime_loss,0.0145,0.0127,1.062069,0.648276,,38170,116736,bfp4,bfp4,false,0,0,false,0,spmv_max_rel,SKIP
as-735_G_436.mtx,hybrid_lb,hybrid_lb,structural_hybrid,ok,none,promoted_fallback,0.0112,0.0096,1.375000,0.839286,,143776,,original,raw_double,false,,,1,0,exact_abs_or_rel,SKIP
as-735_G_436.mtx,cusparse_default,cusparse_csr,external_baseline,ok,none,external_baseline,0.0154,0.0123,1.000000,0.610390,,143776,102756,original,original,false,,,true,0,exact_abs_or_rel,SKIP
as-735_G_444.mtx,original_lb,original_lb,load_balanced_traversal,ok,none,promoted_fallback,0.0094,0.0084,1.723404,1.000000,,145568,118360,original,original,false,0,0,true,0,exact_abs_or_rel,SKIP
as-735_G_444.mtx,auto_lossless_lb,all_one_lb,lossless_value_specialized,ok,none,accuracy_pass_runtime_loss,0.0098,0.0078,1.653061,0.959184,,0,118360,auto_lossless,all_one,true,1,0,true,0,exact_abs_or_rel,SKIP
as-735_G_444.mtx,fp16_lb,fp16_lb,controlled_lossy_value_specialized,ok,none,accuracy_pass_runtime_loss,0.0096,0.0085,1.687500,0.979167,,36392,118360,fp16,fp16,false,0,0,false,0,spmv_max_rel,SKIP
as-735_G_444.mtx,bf16_lb,bf16_lb,controlled_lossy_value_specialized,ok,none,accuracy_pass_runtime_loss,0.0095,0.0090,1.705263,0.989474,,36392,118360,bf16,bf16,false,0,0,false,0,spmv_max_rel,SKIP
as-735_G_444.mtx,bfp8_lb,bfp8_lb,controlled_lossy_value_specialized,ok,none,accuracy_pass_runtime_win,0.0093,0.0085,1.741935,1.010753,,47786,118360,bfp8,bfp8,false,0,0,false,0,spmv_max_rel,SKIP
as-735_G_444.mtx,bfp8_outlier_lb,bfp8_outlier_lb,controlled_lossy_value_specialized,ok,none,accuracy_pass_runtime_loss,0.0095,0.0085,1.705263,0.989474,,47786,118360,bfp8_outlier,bfp8_outlier,false,0,0,false,0,spmv_max_rel,SKIP
as-735_G_444.mtx,bfp4_lb,bfp4_lb,controlled_lossy_value_specialized,ok,none,accuracy_pass_runtime_loss,0.0137,0.0129,1.182482,0.686131,,38688,118360,bfp4,bfp4,false,0,0,false,0,spmv_max_rel,SKIP
as-735_G_444.mtx,hybrid_lb,hybrid_lb,structural_hybrid,ok,none,promoted_fallback,0.0121,0.0108,1.338843,0.776860,,145568,,original,raw_double,false,,,1,0,exact_abs_or_rel,SKIP
as-735_G_444.mtx,cusparse_default,cusparse_csr,external_baseline,ok,none,external_baseline,0.0162,0.0123,1.000000,0.580247,,145568,103652,original,original,false,,,true,0,exact_abs_or_rel,SKIP
as-735_G_452.mtx,original_lb,original_lb,load_balanced_traversal,ok,none,promoted_fallback,0.0092,0.0072,1.652174,1.000000,,147080,119712,original,original,false,0,0,true,0,exact_abs_or_rel,SKIP
as-735_G_452.mtx,auto_lossless_lb,all_one_lb,lossless_value_specialized,ok,none,accuracy_pass_runtime_loss,0.0101,0.0080,1.504950,0.910891,,0,119712,auto_lossless,all_one,true,1,0,true,0,exact_abs_or_rel,SKIP
as-735_G_452.mtx,fp16_lb,fp16_lb,controlled_lossy_value_specialized,ok,none,accuracy_pass_runtime_loss,0.0095,0.0085,1.600000,0.968421,,36770,119712,fp16,fp16,false,0,0,false,0,spmv_max_rel,SKIP
as-735_G_452.mtx,bf16_lb,bf16_lb,controlled_lossy_value_specialized,ok,none,accuracy_pass_runtime_loss,0.0094,0.0085,1.617021,0.978723,,36770,119712,bf16,bf16,false,0,0,false,0,spmv_max_rel,SKIP
as-735_G_452.mtx,bfp8_lb,bfp8_lb,controlled_lossy_value_specialized,ok,none,accuracy_pass_runtime_loss,0.0100,0.0089,1.520000,0.920000,,48313,119712,bfp8,bfp8,false,0,0,false,0,spmv_max_rel,SKIP
as-735_G_452.mtx,bfp8_outlier_lb,bfp8_outlier_lb,controlled_lossy_value_specialized,ok,none,accuracy_pass_runtime_loss,0.0100,0.0093,1.520000,0.920000,,48313,119712,bfp8_outlier,bfp8_outlier,false,0,0,false,0,spmv_max_rel,SKIP
as-735_G_452.mtx,bfp4_lb,bfp4_lb,controlled_lossy_value_specialized,ok,none,accuracy_pass_runtime_loss,0.0139,0.0130,1.093525,0.661871,,39121,119712,bfp4,bfp4,false,0,0,false,0,spmv_max_rel,SKIP
as-735_G_452.mtx,hybrid_lb,hybrid_lb,structural_hybrid,ok,none,promoted_fallback,0.0116,0.0093,1.310345,0.793103,,147080,,original,raw_double,false,,,1,0,exact_abs_or_rel,SKIP
as-735_G_452.mtx,cusparse_default,cusparse_csr,external_baseline,ok,none,external_baseline,0.0152,0.0123,1.000000,0.605263,,147080,104408,original,original,false,,,true,0,exact_abs_or_rel,SKIP
as-735_G_460.mtx,original_lb,original_lb,load_balanced_traversal,ok,none,promoted_fallback,0.0089,0.0075,1.797753,1.000000,,148416,120696,original,original,false,0,0,true,0,exact_abs_or_rel,SKIP
as-735_G_460.mtx,auto_lossless_lb,all_one_lb,lossless_value_specialized,ok,none,accuracy_pass_runtime_loss,0.0115,0.0100,1.391304,0.773913,,0,120696,auto_lossless,all_one,true,1,0,true,0,exact_abs_or_rel,SKIP
as-735_G_460.mtx,fp16_lb,fp16_lb,controlled_lossy_value_specialized,ok,none,accuracy_pass_runtime_loss,0.0095,0.0087,1.684211,0.936842,,37104,120696,fp16,fp16,false,0,0,false,0,spmv_max_rel,SKIP
as-735_G_460.mtx,bf16_lb,bf16_lb,controlled_lossy_value_specialized,ok,none,accuracy_pass_runtime_loss,0.0095,0.0086,1.684211,0.936842,,37104,120696,bf16,bf16,false,0,0,false,0,spmv_max_rel,SKIP
as-735_G_460.mtx,bfp8_lb,bfp8_lb,controlled_lossy_value_specialized,ok,none,accuracy_pass_runtime_loss,0.0104,0.0098,1.538462,0.855769,,48726,120696,bfp8,bfp8,false,0,0,false,0,spmv_max_rel,SKIP
as-735_G_460.mtx,bfp8_outlier_lb,bfp8_outlier_lb,controlled_lossy_value_specialized,ok,none,accuracy_pass_runtime_loss,0.0100,0.0092,1.600000,0.890000,,48726,120696,bfp8_outlier,bfp8_outlier,false,0,0,false,0,spmv_max_rel,SKIP
as-735_G_460.mtx,bfp4_lb,bfp4_lb,controlled_lossy_value_specialized,ok,none,accuracy_pass_runtime_loss,0.0140,0.0133,1.142857,0.635714,,39450,120696,bfp4,bfp4,false,0,0,false,0,spmv_max_rel,SKIP
as-735_G_460.mtx,hybrid_lb,hybrid_lb,structural_hybrid,ok,none,promoted_fallback,0.0111,0.0095,1.441441,0.801802,,148416,,original,raw_double,false,,,1,0,exact_abs_or_rel,SKIP
as-735_G_460.mtx,cusparse_default,cusparse_csr,external_baseline,ok,none,external_baseline,0.0160,0.0123,1.000000,0.556250,,148416,105076,original,original,false,,,true,0,exact_abs_or_rel,SKIP
as-735_G_468.mtx,original_lb,original_lb,load_balanced_traversal,ok,none,promoted_fallback,0.0111,0.0096,1.396396,1.000000,,149064,121384,original,original,false,0,0,true,0,exact_abs_or_rel,SKIP
as-735_G_468.mtx,auto_lossless_lb,all_one_lb,lossless_value_specialized,ok,none,accuracy_pass_runtime_loss,0.0115,0.0094,1.347826,0.965217,,0,121384,auto_lossless,all_one,true,1,0,true,0,exact_abs_or_rel,SKIP
as-735_G_468.mtx,fp16_lb,fp16_lb,controlled_lossy_value_specialized,ok,none,accuracy_pass_runtime_win,0.0100,0.0096,1.550000,1.110000,,37266,121384,fp16,fp16,false,0,0,false,0,spmv_max_rel,SKIP
as-735_G_468.mtx,bf16_lb,bf16_lb,controlled_lossy_value_specialized,ok,none,accuracy_pass_runtime_win,0.0110,0.0097,1.409091,1.009091,,37266,121384,bf16,bf16,false,0,0,false,0,spmv_max_rel,SKIP
as-735_G_468.mtx,bfp8_lb,bfp8_lb,controlled_lossy_value_specialized,ok,none,accuracy_pass_runtime_win,0.0104,0.0094,1.490385,1.067308,,48979,121384,bfp8,bfp8,false,0,0,false,0,spmv_max_rel,SKIP
as-735_G_468.mtx,bfp8_outlier_lb,bfp8_outlier_lb,controlled_lossy_value_specialized,ok,none,accuracy_pass_runtime_win,0.0100,0.0090,1.550000,1.110000,,48979,121384,bfp8_outlier,bfp8_outlier,false,0,0,false,0,spmv_max_rel,SKIP
as-735_G_468.mtx,bfp4_lb,bfp4_lb,controlled_lossy_value_specialized,ok,none,accuracy_pass_runtime_loss,0.0148,0.0134,1.047297,0.750000,,39663,121384,bfp4,bfp4,false,0,0,false,0,spmv_max_rel,SKIP
as-735_G_468.mtx,hybrid_lb,hybrid_lb,structural_hybrid,ok,none,promoted_fallback,0.0118,0.0104,1.313559,0.940678,,149064,,original,raw_double,false,,,1,0,exact_abs_or_rel,SKIP
as-735_G_468.mtx,cusparse_default,cusparse_csr,external_baseline,ok,none,external_baseline,0.0155,0.0123,1.000000,0.716129,,149064,105400,original,original,false,,,true,0,exact_abs_or_rel,SKIP
as-735_G_476.mtx,original_lb,original_lb,load_balanced_traversal,ok,none,promoted_fallback,0.0092,0.0089,1.684783,1.000000,,150928,123200,original,original,false,0,0,true,0,exact_abs_or_rel,SKIP
as-735_G_476.mtx,auto_lossless_lb,all_one_lb,lossless_value_specialized,ok,none,accuracy_pass_runtime_loss,0.0095,0.0092,1.631579,0.968421,,0,123200,auto_lossless,all_one,true,1,0,true,0,exact_abs_or_rel,SKIP
as-735_G_476.mtx,fp16_lb,fp16_lb,controlled_lossy_value_specialized,ok,none,accuracy_pass_runtime_loss,0.0095,0.0086,1.631579,0.968421,,37732,123200,fp16,fp16,false,0,0,false,0,spmv_max_rel,SKIP
as-735_G_476.mtx,bf16_lb,bf16_lb,controlled_lossy_value_specialized,ok,none,accuracy_pass_runtime_loss,0.0112,0.0097,1.383929,0.821429,,37732,123200,bf16,bf16,false,0,0,false,0,spmv_max_rel,SKIP
as-735_G_476.mtx,bfp8_lb,bfp8_lb,controlled_lossy_value_specialized,ok,none,accuracy_pass_runtime_loss,0.0119,0.0102,1.302521,0.773109,,49666,123200,bfp8,bfp8,false,0,0,false,0,spmv_max_rel,SKIP
as-735_G_476.mtx,bfp8_outlier_lb,bfp8_outlier_lb,controlled_lossy_value_specialized,ok,none,accuracy_pass_runtime_loss,0.0101,0.0094,1.534653,0.910891,,49666,123200,bfp8_outlier,bfp8_outlier,false,0,0,false,0,spmv_max_rel,SKIP
as-735_G_476.mtx,bfp4_lb,bfp4_lb,controlled_lossy_value_specialized,ok,none,accuracy_pass_runtime_loss,0.0144,0.0138,1.076389,0.638889,,40233,123200,bfp4,bfp4,false,0,0,false,0,spmv_max_rel,SKIP
as-735_G_476.mtx,hybrid_lb,hybrid_lb,structural_hybrid,ok,none,promoted_fallback,0.0118,0.0104,1.313559,0.779661,,150928,,original,raw_double,false,,,1,0,exact_abs_or_rel,SKIP
as-735_G_476.mtx,cusparse_default,cusparse_csr,external_baseline,ok,none,external_baseline,0.0155,0.0123,1.000000,0.593548,,150928,106332,original,original,false,,,true,0,exact_abs_or_rel,SKIP
as-735_G_484.mtx,original_lb,original_lb,load_balanced_traversal,ok,none,promoted_fallback,0.0119,0.0110,1.302521,1.000000,,152264,124392,original,original,false,0,0,true,0,exact_abs_or_rel,SKIP
as-735_G_484.mtx,auto_lossless_lb,all_one_lb,lossless_value_specialized,ok,none,accuracy_pass_runtime_win,0.0099,0.0077,1.565657,1.202020,,0,124392,auto_lossless,all_one,true,1,0,true,0,exact_abs_or_rel,SKIP
as-735_G_484.mtx,fp16_lb,fp16_lb,controlled_lossy_value_specialized,ok,none,accuracy_pass_runtime_win,0.0096,0.0087,1.614583,1.239583,,38066,124392,fp16,fp16,false,0,0,false,0,spmv_max_rel,SKIP
as-735_G_484.mtx,bf16_lb,bf16_lb,controlled_lossy_value_specialized,ok,none,accuracy_pass_runtime_win,0.0095,0.0081,1.631579,1.252632,,38066,124392,bf16,bf16,false,0,0,false,0,spmv_max_rel,SKIP
as-735_G_484.mtx,bfp8_lb,bfp8_lb,controlled_lossy_value_specialized,ok,none,accuracy_pass_runtime_win,0.0094,0.0085,1.648936,1.265957,,50131,124392,bfp8,bfp8,false,0,0,false,0,spmv_max_rel,SKIP
as-735_G_484.mtx,bfp8_outlier_lb,bfp8_outlier_lb,controlled_lossy_value_specialized,ok,none,accuracy_pass_runtime_win,0.0096,0.0082,1.614583,1.239583,,50131,124392,bfp8_outlier,bfp8_outlier,false,0,0,false,0,spmv_max_rel,SKIP
as-735_G_484.mtx,bfp4_lb,bfp4_lb,controlled_lossy_value_specialized,ok,none,accuracy_pass_runtime_loss,0.0164,0.0150,0.945122,0.725610,,40615,124392,bfp4,bfp4,false,0,0,false,0,spmv_max_rel,SKIP
as-735_G_484.mtx,hybrid_lb,hybrid_lb,structural_hybrid,ok,none,promoted_fallback,0.0121,0.0110,1.280992,0.983471,,152264,,original,raw_double,false,,,1,0,exact_abs_or_rel,SKIP
as-735_G_484.mtx,cusparse_default,cusparse_csr,external_baseline,ok,none,external_baseline,0.0155,0.0123,1.000000,0.767742,,152264,107000,original,original,false,,,true,0,exact_abs_or_rel,SKIP
as-735_G_492.mtx,original_lb,original_lb,load_balanced_traversal,ok,none,promoted_fallback,0.0095,0.0078,1.589474,1.000000,,153632,125472,original,original,false,0,0,true,0,exact_abs_or_rel,SKIP
as-735_G_492.mtx,auto_lossless_lb,all_one_lb,lossless_value_specialized,ok,none,accuracy_pass_runtime_loss,0.0100,0.0090,1.510000,0.950000,,0,125472,auto_lossless,all_one,true,1,0,true,0,exact_abs_or_rel,SKIP
as-735_G_492.mtx,fp16_lb,fp16_lb,controlled_lossy_value_specialized,ok,none,accuracy_pass_runtime_win,0.0090,0.0079,1.677778,1.055556,,38408,125472,fp16,fp16,false,0,0,false,0,spmv_max_rel,SKIP
as-735_G_492.mtx,bf16_lb,bf16_lb,controlled_lossy_value_specialized,ok,none,accuracy_pass_runtime_win,0.0091,0.0083,1.659341,1.043956,,38408,125472,bf16,bf16,false,0,0,false,0,spmv_max_rel,SKIP
as-735_G_492.mtx,bfp8_lb,bfp8_lb,controlled_lossy_value_specialized,ok,none,accuracy_pass_runtime_win,0.0092,0.0084,1.641304,1.032609,,50572,125472,bfp8,bfp8,false,0,0,false,0,spmv_max_rel,SKIP
as-735_G_492.mtx,bfp8_outlier_lb,bfp8_outlier_lb,controlled_lossy_value_specialized,ok,none,accuracy_pass_runtime_win,0.0092,0.0086,1.641304,1.032609,,50572,125472,bfp8_outlier,bfp8_outlier,false,0,0,false,0,spmv_max_rel,SKIP
as-735_G_492.mtx,bfp4_lb,bfp4_lb,controlled_lossy_value_specialized,ok,none,accuracy_pass_runtime_loss,0.0142,0.0132,1.063380,0.669014,,40970,125472,bfp4,bfp4,false,0,0,false,0,spmv_max_rel,SKIP
as-735_G_492.mtx,hybrid_lb,hybrid_lb,structural_hybrid,ok,none,promoted_fallback,0.0123,0.0107,1.227642,0.772358,,153632,,original,raw_double,false,,,1,0,exact_abs_or_rel,SKIP
as-735_G_492.mtx,cusparse_default,cusparse_csr,external_baseline,ok,none,external_baseline,0.0151,0.0123,1.000000,0.629139,,153632,107684,original,original,false,,,true,0,exact_abs_or_rel,SKIP
as-735_G_500.mtx,original_lb,original_lb,load_balanced_traversal,ok,none,promoted_fallback,0.0091,0.0085,1.681319,1.000000,,156464,127968,original,original,false,0,0,true,0,exact_abs_or_rel,SKIP
as-735_G_500.mtx,auto_lossless_lb,all_one_lb,lossless_value_specialized,ok,none,accuracy_pass_runtime_loss,0.0098,0.0092,1.561224,0.928571,,0,127968,auto_lossless,all_one,true,1,0,true,0,exact_abs_or_rel,SKIP
as-735_G_500.mtx,fp16_lb,fp16_lb,controlled_lossy_value_specialized,ok,none,accuracy_pass_runtime_win,0.0090,0.0079,1.700000,1.011111,,39116,127968,fp16,fp16,false,0,0,false,0,spmv_max_rel,SKIP
as-735_G_500.mtx,bf16_lb,bf16_lb,controlled_lossy_value_specialized,ok,none,accuracy_pass_runtime_loss,0.0091,0.0082,1.681319,1.000000,,39116,127968,bf16,bf16,false,0,0,false,0,spmv_max_rel,SKIP
as-735_G_500.mtx,bfp8_lb,bfp8_lb,controlled_lossy_value_specialized,ok,none,accuracy_pass_runtime_loss,0.0092,0.0086,1.663043,0.989130,,51550,127968,bfp8,bfp8,false,0,0,false,0,spmv_max_rel,SKIP
as-735_G_500.mtx,bfp8_outlier_lb,bfp8_outlier_lb,controlled_lossy_value_specialized,ok,none,accuracy_pass_runtime_loss,0.0093,0.0087,1.645161,0.978495,,51550,127968,bfp8_outlier,bfp8_outlier,false,0,0,false,0,spmv_max_rel,SKIP
as-735_G_500.mtx,bfp4_lb,bfp4_lb,controlled_lossy_value_specialized,ok,none,accuracy_pass_runtime_loss,0.0132,0.0124,1.159091,0.689394,,41771,127968,bfp4,bfp4,false,0,0,false,0,spmv_max_rel,SKIP
as-735_G_500.mtx,hybrid_lb,hybrid_lb,structural_hybrid,ok,none,promoted_fallback,0.0116,0.0103,1.318966,0.784483,,156464,,original,raw_double,false,,,1,0,exact_abs_or_rel,SKIP
as-735_G_500.mtx,cusparse_default,cusparse_csr,external_baseline,ok,none,external_baseline,0.0153,0.0123,1.000000,0.594771,,156464,109100,original,original,false,,,true,0,exact_abs_or_rel,SKIP
as-735_G_508.mtx,original_lb,original_lb,load_balanced_traversal,ok,none,promoted_fallback,0.0093,0.0085,1.731183,1.000000,,158008,129368,original,original,false,0,0,true,0,exact_abs_or_rel,SKIP
as-735_G_508.mtx,auto_lossless_lb,all_one_lb,lossless_value_specialized,ok,none,accuracy_pass_runtime_loss,0.0094,0.0077,1.712766,0.989362,,0,129368,auto_lossless,all_one,true,1,0,true,0,exact_abs_or_rel,SKIP
as-735_G_508.mtx,fp16_lb,fp16_lb,controlled_lossy_value_specialized,ok,none,accuracy_pass_runtime_win,0.0089,0.0071,1.808989,1.044944,,39502,129368,fp16,fp16,false,0,0,false,0,spmv_max_rel,SKIP
as-735_G_508.mtx,bf16_lb,bf16_lb,controlled_lossy_value_specialized,ok,none,accuracy_pass_runtime_win,0.0091,0.0081,1.769231,1.021978,,39502,129368,bf16,bf16,false,0,0,false,0,spmv_max_rel,SKIP
as-735_G_508.mtx,bfp8_lb,bfp8_lb,controlled_lossy_value_specialized,ok,none,accuracy_pass_runtime_loss,0.0098,0.0092,1.642857,0.948980,,52093,129368,bfp8,bfp8,false,0,0,false,0,spmv_max_rel,SKIP
as-735_G_508.mtx,bfp8_outlier_lb,bfp8_outlier_lb,controlled_lossy_value_specialized,ok,none,accuracy_pass_runtime_loss,0.0100,0.0080,1.610000,0.930000,,52093,129368,bfp8_outlier,bfp8_outlier,false,0,0,false,0,spmv_max_rel,SKIP
as-735_G_508.mtx,bfp4_lb,bfp4_lb,controlled_lossy_value_specialized,ok,none,accuracy_pass_runtime_loss,0.0138,0.0128,1.166667,0.673913,,42218,129368,bfp4,bfp4,false,0,0,false,0,spmv_max_rel,SKIP
as-735_G_508.mtx,hybrid_lb,hybrid_lb,structural_hybrid,ok,none,promoted_fallback,0.0113,0.0102,1.424779,0.823009,,158008,,original,raw_double,false,,,1,0,exact_abs_or_rel,SKIP
as-735_G_508.mtx,cusparse_default,cusparse_csr,external_baseline,ok,none,external_baseline,0.0161,0.0123,1.000000,0.577640,,158008,109872,original,original,false,,,true,0,exact_abs_or_rel,SKIP
as-735_G_516.mtx,original_lb,original_lb,load_balanced_traversal,ok,none,promoted_fallback,0.0096,0.0076,1.718750,1.000000,,160840,130992,original,original,false,0,0,true,0,exact_abs_or_rel,SKIP
as-735_G_516.mtx,auto_lossless_lb,all_one_lb,lossless_value_specialized,ok,none,accuracy_pass_runtime_loss,0.0099,0.0092,1.666667,0.969697,,0,130992,auto_lossless,all_one,true,1,0,true,0,exact_abs_or_rel,SKIP
as-735_G_516.mtx,fp16_lb,fp16_lb,controlled_lossy_value_specialized,ok,none,accuracy_pass_runtime_win,0.0088,0.0080,1.875000,1.090909,,40210,130992,fp16,fp16,false,0,0,false,0,spmv_max_rel,SKIP
as-735_G_516.mtx,bf16_lb,bf16_lb,controlled_lossy_value_specialized,ok,none,accuracy_pass_runtime_win,0.0092,0.0083,1.793478,1.043478,,40210,130992,bf16,bf16,false,0,0,false,0,spmv_max_rel,SKIP
as-735_G_516.mtx,bfp8_lb,bfp8_lb,controlled_lossy_value_specialized,ok,none,accuracy_pass_runtime_loss,0.0101,0.0092,1.633663,0.950495,,52853,130992,bfp8,bfp8,false,0,0,false,0,spmv_max_rel,SKIP
as-735_G_516.mtx,bfp8_outlier_lb,bfp8_outlier_lb,controlled_lossy_value_specialized,ok,none,accuracy_pass_runtime_loss,0.0114,0.0100,1.447368,0.842105,,52853,130992,bfp8_outlier,bfp8_outlier,false,0,0,false,0,spmv_max_rel,SKIP
as-735_G_516.mtx,bfp4_lb,bfp4_lb,controlled_lossy_value_specialized,ok,none,accuracy_pass_runtime_loss,0.0137,0.0127,1.204380,0.700730,,42801,130992,bfp4,bfp4,false,0,0,false,0,spmv_max_rel,SKIP
as-735_G_516.mtx,hybrid_lb,hybrid_lb,structural_hybrid,ok,none,promoted_fallback,0.0118,0.0107,1.398305,0.813559,,160840,,original,raw_double,false,,,1,0,exact_abs_or_rel,SKIP
as-735_G_516.mtx,cusparse_default,cusparse_csr,external_baseline,ok,none,external_baseline,0.0165,0.0123,1.000000,0.581818,,160840,111288,original,original,false,,,true,0,exact_abs_or_rel,SKIP
as-735_G_524.mtx,original_lb,original_lb,load_balanced_traversal,ok,none,promoted_fallback,0.0092,0.0083,1.673913,1.000000,,160176,131560,original,original,false,0,0,true,0,exact_abs_or_rel,SKIP
as-735_G_524.mtx,auto_lossless_lb,all_one_lb,lossless_value_specialized,ok,none,accuracy_pass_runtime_loss,0.0094,0.0087,1.638298,0.978723,,0,131560,auto_lossless,all_one,true,1,0,true,0,exact_abs_or_rel,SKIP
as-735_G_524.mtx,fp16_lb,fp16_lb,controlled_lossy_value_specialized,ok,none,accuracy_pass_runtime_win,0.0089,0.0074,1.730337,1.033708,,40044,131560,fp16,fp16,false,0,0,false,0,spmv_max_rel,SKIP
as-735_G_524.mtx,bf16_lb,bf16_lb,controlled_lossy_value_specialized,ok,none,accuracy_pass_runtime_win,0.0086,0.0071,1.790698,1.069767,,40044,131560,bf16,bf16,false,0,0,false,0,spmv_max_rel,SKIP
as-735_G_524.mtx,bfp8_lb,bfp8_lb,controlled_lossy_value_specialized,ok,none,accuracy_pass_runtime_loss,0.0102,0.0090,1.509804,0.901961,,52912,131560,bfp8,bfp8,false,0,0,false,0,spmv_max_rel,SKIP
as-735_G_524.mtx,bfp8_outlier_lb,bfp8_outlier_lb,controlled_lossy_value_specialized,ok,none,accuracy_pass_runtime_loss,0.0103,0.0089,1.495146,0.893204,,52912,131560,bfp8_outlier,bfp8_outlier,false,0,0,false,0,spmv_max_rel,SKIP
as-735_G_524.mtx,bfp4_lb,bfp4_lb,controlled_lossy_value_specialized,ok,none,accuracy_pass_runtime_loss,0.0136,0.0128,1.132353,0.676471,,42901,131560,bfp4,bfp4,false,0,0,false,0,spmv_max_rel,SKIP
as-735_G_524.mtx,hybrid_lb,hybrid_lb,structural_hybrid,ok,none,promoted_fallback,0.0114,0.0100,1.350877,0.807018,,160176,,original,raw_double,false,,,1,0,exact_abs_or_rel,SKIP
as-735_G_524.mtx,cusparse_default,cusparse_csr,external_baseline,ok,none,external_baseline,0.0154,0.0123,1.000000,0.597403,,160176,110956,original,original,false,,,true,0,exact_abs_or_rel,SKIP
as-735_G_532.mtx,original_lb,original_lb,load_balanced_traversal,ok,none,promoted_fallback,0.0097,0.0089,1.608247,1.000000,,161608,132664,original,original,false,0,0,true,0,exact_abs_or_rel,SKIP
as-735_G_532.mtx,auto_lossless_lb,all_one_lb,lossless_value_specialized,ok,none,accuracy_pass_runtime_loss,0.0098,0.0091,1.591837,0.989796,,0,132664,auto_lossless,all_one,true,1,0,true,0,exact_abs_or_rel,SKIP
as-735_G_532.mtx,fp16_lb,fp16_lb,controlled_lossy_value_specialized,ok,none,accuracy_pass_runtime_win,0.0095,0.0078,1.642105,1.021053,,40402,132664,fp16,fp16,false,0,0,false,0,spmv_max_rel,SKIP
as-735_G_532.mtx,bf16_lb,bf16_lb,controlled_lossy_value_specialized,ok,none,accuracy_pass_runtime_win,0.0094,0.0086,1.659574,1.031915,,40402,132664,bf16,bf16,false,0,0,false,0,spmv_max_rel,SKIP
as-735_G_532.mtx,bfp8_lb,bfp8_lb,controlled_lossy_value_specialized,ok,none,accuracy_pass_runtime_loss,0.0102,0.0094,1.529412,0.950980,,53367,132664,bfp8,bfp8,false,0,0,false,0,spmv_max_rel,SKIP
as-735_G_532.mtx,bfp8_outlier_lb,bfp8_outlier_lb,controlled_lossy_value_specialized,ok,none,accuracy_pass_runtime_loss,0.0102,0.0095,1.529412,0.950980,,53367,132664,bfp8_outlier,bfp8_outlier,false,0,0,false,0,spmv_max_rel,SKIP
as-735_G_532.mtx,bfp4_lb,bfp4_lb,controlled_lossy_value_specialized,ok,none,accuracy_pass_runtime_loss,0.0141,0.0130,1.106383,0.687943,,43267,132664,bfp4,bfp4,false,0,0,false,0,spmv_max_rel,SKIP
as-735_G_532.mtx,hybrid_lb,hybrid_lb,structural_hybrid,ok,none,promoted_fallback,0.0117,0.0105,1.333333,0.829060,,161608,,original,raw_double,false,,,1,0,exact_abs_or_rel,SKIP
as-735_G_532.mtx,cusparse_default,cusparse_csr,external_baseline,ok,none,external_baseline,0.0156,0.0123,1.000000,0.621795,,161608,111672,original,original,false,,,true,0,exact_abs_or_rel,SKIP
as-735_G_540.mtx,original_lb,original_lb,load_balanced_traversal,ok,none,promoted_fallback,0.0090,0.0076,1.800000,1.000000,,163344,134136,original,original,false,0,0,true,0,exact_abs_or_rel,SKIP
as-735_G_540.mtx,auto_lossless_lb,all_one_lb,lossless_value_specialized,ok,none,accuracy_pass_runtime_loss,0.0096,0.0090,1.687500,0.937500,,0,134136,auto_lossless,all_one,true,1,0,true,0,exact_abs_or_rel,SKIP
as-735_G_540.mtx,fp16_lb,fp16_lb,controlled_lossy_value_specialized,ok,none,accuracy_pass_runtime_loss,0.0098,0.0086,1.653061,0.918367,,40836,134136,fp16,fp16,false,0,0,false,0,spmv_max_rel,SKIP
as-735_G_540.mtx,bf16_lb,bf16_lb,controlled_lossy_value_specialized,ok,none,accuracy_pass_runtime_loss,0.0094,0.0086,1.723404,0.957447,,40836,134136,bf16,bf16,false,0,0,false,0,spmv_max_rel,SKIP
as-735_G_540.mtx,bfp8_lb,bfp8_lb,controlled_lossy_value_specialized,ok,none,accuracy_pass_runtime_loss,0.0100,0.0088,1.620000,0.900000,,53952,134136,bfp8,bfp8,false,0,0,false,0,spmv_max_rel,SKIP
as-735_G_540.mtx,bfp8_outlier_lb,bfp8_outlier_lb,controlled_lossy_value_specialized,ok,none,accuracy_pass_runtime_loss,0.0098,0.0091,1.653061,0.918367,,53952,134136,bfp8_outlier,bfp8_outlier,false,0,0,false,0,spmv_max_rel,SKIP
as-735_G_540.mtx,bfp4_lb,bfp4_lb,controlled_lossy_value_specialized,ok,none,accuracy_pass_runtime_loss,0.0148,0.0132,1.094595,0.608108,,43743,134136,bfp4,bfp4,false,0,0,false,0,spmv_max_rel,SKIP
as-735_G_540.mtx,hybrid_lb,hybrid_lb,structural_hybrid,ok,none,promoted_fallback,0.0114,0.0107,1.421053,0.789474,,163344,,original,raw_double,false,,,1,0,exact_abs_or_rel,SKIP
as-735_G_540.mtx,cusparse_default,cusparse_csr,external_baseline,ok,none,external_baseline,0.0162,0.0143,1.000000,0.555556,,163344,112540,original,original,false,,,true,0,exact_abs_or_rel,SKIP
as-735_G_548.mtx,original_lb,original_lb,load_balanced_traversal,ok,none,promoted_fallback,0.0092,0.0075,1.641304,1.000000,,165720,136224,original,original,false,0,0,true,0,exact_abs_or_rel,SKIP
as-735_G_548.mtx,auto_lossless_lb,all_one_lb,lossless_value_specialized,ok,none,accuracy_pass_runtime_loss,0.0096,0.0091,1.572917,0.958333,,0,136224,auto_lossless,all_one,true,1,0,true,0,exact_abs_or_rel,SKIP
as-735_G_548.mtx,fp16_lb,fp16_lb,controlled_lossy_value_specialized,ok,none,accuracy_pass_runtime_loss,0.0095,0.0086,1.589474,0.968421,,41430,136224,fp16,fp16,false,0,0,false,0,spmv_max_rel,SKIP
as-735_G_548.mtx,bf16_lb,bf16_lb,controlled_lossy_value_specialized,ok,none,accuracy_pass_runtime_loss,0.0108,0.0082,1.398148,0.851852,,41430,136224,bf16,bf16,false,0,0,false,0,spmv_max_rel,SKIP
as-735_G_548.mtx,bfp8_lb,bfp8_lb,controlled_lossy_value_specialized,ok,none,accuracy_pass_runtime_win,0.0089,0.0085,1.696629,1.033708,,54771,136224,bfp8,bfp8,false,0,0,false,0,spmv_max_rel,SKIP
as-735_G_548.mtx,bfp8_outlier_lb,bfp8_outlier_lb,controlled_lossy_value_specialized,ok,none,accuracy_pass_runtime_win,0.0091,0.0086,1.659341,1.010989,,54771,136224,bfp8_outlier,bfp8_outlier,false,0,0,false,0,spmv_max_rel,SKIP
as-735_G_548.mtx,bfp4_lb,bfp4_lb,controlled_lossy_value_specialized,ok,none,accuracy_pass_runtime_loss,0.0146,0.0132,1.034247,0.630137,,44414,136224,bfp4,bfp4,false,0,0,false,0,spmv_max_rel,SKIP
as-735_G_548.mtx,hybrid_lb,hybrid_lb,structural_hybrid,ok,none,promoted_fallback,0.0114,0.0108,1.324561,0.807018,,165720,,original,raw_double,false,,,1,0,exact_abs_or_rel,SKIP
as-735_G_548.mtx,cusparse_default,cusparse_csr,external_baseline,ok,none,external_baseline,0.0151,0.0123,1.000000,0.609272,,165720,113728,original,original,false,,,true,0,exact_abs_or_rel,SKIP
as-735_G_556.mtx,original_lb,original_lb,load_balanced_traversal,ok,none,promoted_fallback,0.0090,0.0068,1.788889,1.000000,,167072,137216,original,original,false,0,0,true,0,exact_abs_or_rel,SKIP
as-735_G_556.mtx,auto_lossless_lb,all_one_lb,lossless_value_specialized,ok,none,accuracy_pass_runtime_loss,0.0095,0.0086,1.694737,0.947368,,0,137216,auto_lossless,all_one,true,1,0,true,0,exact_abs_or_rel,SKIP
as-735_G_556.mtx,fp16_lb,fp16_lb,controlled_lossy_value_specialized,ok,none,accuracy_pass_runtime_loss,0.0098,0.0089,1.642857,0.918367,,41768,137216,fp16,fp16,false,0,0,false,0,spmv_max_rel,SKIP
as-735_G_556.mtx,bf16_lb,bf16_lb,controlled_lossy_value_specialized,ok,none,accuracy_pass_runtime_loss,0.0103,0.0089,1.563107,0.873786,,41768,137216,bf16,bf16,false,0,0,false,0,spmv_max_rel,SKIP
as-735_G_556.mtx,bfp8_lb,bfp8_lb,controlled_lossy_value_specialized,ok,none,accuracy_pass_runtime_loss,0.0101,0.0085,1.594059,0.891089,,55188,137216,bfp8,bfp8,false,0,0,false,0,spmv_max_rel,SKIP
as-735_G_556.mtx,bfp8_outlier_lb,bfp8_outlier_lb,controlled_lossy_value_specialized,ok,none,accuracy_pass_runtime_loss,0.0094,0.0086,1.712766,0.957447,,55188,137216,bfp8_outlier,bfp8_outlier,false,0,0,false,0,spmv_max_rel,SKIP
as-735_G_556.mtx,bfp4_lb,bfp4_lb,controlled_lossy_value_specialized,ok,none,accuracy_pass_runtime_loss,0.0142,0.0129,1.133803,0.633803,,44746,137216,bfp4,bfp4,false,0,0,false,0,spmv_max_rel,SKIP
as-735_G_556.mtx,hybrid_lb,hybrid_lb,structural_hybrid,ok,none,promoted_fallback,0.0116,0.0096,1.387931,0.775862,,167072,,original,raw_double,false,,,1,0,exact_abs_or_rel,SKIP
as-735_G_556.mtx,cusparse_default,cusparse_csr,external_baseline,ok,none,external_baseline,0.0161,0.0123,1.000000,0.559006,,167072,114404,original,original,false,,,true,0,exact_abs_or_rel,SKIP
as-735_G_564.mtx,original_lb,original_lb,load_balanced_traversal,ok,none,promoted_fallback,0.0097,0.0087,1.649485,1.000000,,167544,137736,original,original,false,0,0,true,0,exact_abs_or_rel,SKIP
as-735_G_564.mtx,auto_lossless_lb,all_one_lb,lossless_value_specialized,ok,none,accuracy_pass_runtime_loss,0.0098,0.0076,1.632653,0.989796,,0,137736,auto_lossless,all_one,true,1,0,true,0,exact_abs_or_rel,SKIP
as-735_G_564.mtx,fp16_lb,fp16_lb,controlled_lossy_value_specialized,ok,none,accuracy_pass_runtime_loss,0.0099,0.0089,1.616162,0.979798,,41886,137736,fp16,fp16,false,0,0,false,0,spmv_max_rel,SKIP
as-735_G_564.mtx,bf16_lb,bf16_lb,controlled_lossy_value_specialized,ok,none,accuracy_pass_runtime_loss,0.0098,0.0089,1.632653,0.989796,,41886,137736,bf16,bf16,false,0,0,false,0,spmv_max_rel,SKIP
as-735_G_564.mtx,bfp8_lb,bfp8_lb,controlled_lossy_value_specialized,ok,none,accuracy_pass_runtime_win,0.0094,0.0086,1.702128,1.031915,,55377,137736,bfp8,bfp8,false,0,0,false,0,spmv_max_rel,SKIP
as-735_G_564.mtx,bfp8_outlier_lb,bfp8_outlier_lb,controlled_lossy_value_specialized,ok,none,accuracy_pass_runtime_win,0.0096,0.0086,1.666667,1.010417,,55377,137736,bfp8_outlier,bfp8_outlier,false,0,0,false,0,spmv_max_rel,SKIP
as-735_G_564.mtx,bfp4_lb,bfp4_lb,controlled_lossy_value_specialized,ok,none,accuracy_pass_runtime_loss,0.0137,0.0131,1.167883,0.708029,,44906,137736,bfp4,bfp4,false,0,0,false,0,spmv_max_rel,SKIP
as-735_G_564.mtx,hybrid_lb,hybrid_lb,structural_hybrid,ok,none,promoted_fallback,0.0123,0.0105,1.300813,0.788618,,167544,,original,raw_double,false,,,1,0,exact_abs_or_rel,SKIP
as-735_G_564.mtx,cusparse_default,cusparse_csr,external_baseline,ok,none,external_baseline,0.0160,0.0123,1.000000,0.606250,,167544,114640,original,original,false,,,true,0,exact_abs_or_rel,SKIP
as-735_G_572.mtx,original_lb,original_lb,load_balanced_traversal,ok,none,promoted_fallback,0.0101,0.0086,1.534653,1.000000,,168664,138368,original,original,false,0,0,true,0,exact_abs_or_rel,SKIP
as-735_G_572.mtx,auto_lossless_lb,all_one_lb,lossless_value_specialized,ok,none,accuracy_pass_runtime_win,0.0100,0.0092,1.550000,1.010000,,0,138368,auto_lossless,all_one,true,1,0,true,0,exact_abs_or_rel,SKIP
as-735_G_572.mtx,fp16_lb,fp16_lb,controlled_lossy_value_specialized,ok,none,accuracy_pass_runtime_win,0.0099,0.0088,1.565657,1.020202,,42166,138368,fp16,fp16,false,0,0,false,0,spmv_max_rel,SKIP
as-735_G_572.mtx,bf16_lb,bf16_lb,controlled_lossy_value_specialized,ok,none,accuracy_pass_runtime_win,0.0100,0.0090,1.550000,1.010000,,42166,138368,bf16,bf16,false,0,0,false,0,spmv_max_rel,SKIP
as-735_G_572.mtx,bfp8_lb,bfp8_lb,controlled_lossy_value_specialized,ok,none,accuracy_pass_runtime_win,0.0100,0.0091,1.550000,1.010000,,55675,138368,bfp8,bfp8,false,0,0,false,0,spmv_max_rel,SKIP
as-735_G_572.mtx,bfp8_outlier_lb,bfp8_outlier_lb,controlled_lossy_value_specialized,ok,none,accuracy_pass_runtime_loss,0.0101,0.0093,1.534653,1.000000,,55675,138368,bfp8_outlier,bfp8_outlier,false,0,0,false,0,spmv_max_rel,SKIP
as-735_G_572.mtx,bfp4_lb,bfp4_lb,controlled_lossy_value_specialized,ok,none,accuracy_pass_runtime_loss,0.0144,0.0132,1.076389,0.701389,,45134,138368,bfp4,bfp4,false,0,0,false,0,spmv_max_rel,SKIP
as-735_G_572.mtx,hybrid_lb,hybrid_lb,structural_hybrid,ok,none,promoted_fallback,0.0121,0.0113,1.280992,0.834711,,168664,,original,raw_double,false,,,1,0,exact_abs_or_rel,SKIP
as-735_G_572.mtx,cusparse_default,cusparse_csr,external_baseline,ok,none,external_baseline,0.0155,0.0123,1.000000,0.651613,,168664,115200,original,original,false,,,true,0,exact_abs_or_rel,SKIP
as-735_G_580.mtx,original_lb,original_lb,load_balanced_traversal,ok,none,promoted_fallback,0.0091,0.0086,1.681319,1.000000,,171096,140560,original,original,false,0,0,true,0,exact_abs_or_rel,SKIP
as-735_G_580.mtx,auto_lossless_lb,all_one_lb,lossless_value_specialized,ok,none,accuracy_pass_runtime_loss,0.0103,0.0091,1.485437,0.883495,,0,140560,auto_lossless,all_one,true,1,0,true,0,exact_abs_or_rel,SKIP
as-735_G_580.mtx,fp16_lb,fp16_lb,controlled_lossy_value_specialized,ok,none,accuracy_pass_runtime_loss,0.0093,0.0089,1.645161,0.978495,,42774,140560,fp16,fp16,false,0,0,false,0,spmv_max_rel,SKIP
as-735_G_580.mtx,bf16_lb,bf16_lb,controlled_lossy_value_specialized,ok,none,accuracy_pass_runtime_loss,0.0092,0.0089,1.663043,0.989130,,42774,140560,bf16,bf16,false,0,0,false,0,spmv_max_rel,SKIP
as-735_G_580.mtx,bfp8_lb,bfp8_lb,controlled_lossy_value_specialized,ok,none,accuracy_pass_runtime_loss,0.0102,0.0093,1.500000,0.892157,,56527,140560,bfp8,bfp8,false,0,0,false,0,spmv_max_rel,SKIP
as-735_G_580.mtx,bfp8_outlier_lb,bfp8_outlier_lb,controlled_lossy_value_specialized,ok,none,accuracy_pass_runtime_loss,0.0102,0.0092,1.500000,0.892157,,56527,140560,bfp8_outlier,bfp8_outlier,false,0,0,false,0,spmv_max_rel,SKIP
as-735_G_580.mtx,bfp4_lb,bfp4_lb,controlled_lossy_value_specialized,ok,none,accuracy_pass_runtime_loss,0.0135,0.0127,1.133333,0.674074,,45834,140560,bfp4,bfp4,false,0,0,false,0,spmv_max_rel,SKIP
as-735_G_580.mtx,hybrid_lb,hybrid_lb,structural_hybrid,ok,none,promoted_fallback,0.0114,0.0105,1.342105,0.798246,,171096,,original,raw_double,false,,,1,0,exact_abs_or_rel,SKIP
as-735_G_580.mtx,cusparse_default,cusparse_csr,external_baseline,ok,none,external_baseline,0.0153,0.0123,1.000000,0.594771,,171096,116416,original,original,false,,,true,0,exact_abs_or_rel,SKIP
as-735_G_588.mtx,original_lb,original_lb,load_balanced_traversal,ok,none,promoted_fallback,0.0097,0.0089,1.577320,1.000000,,173880,143064,original,original,false,0,0,true,0,exact_abs_or_rel,SKIP
as-735_G_588.mtx,auto_lossless_lb,all_one_lb,lossless_value_specialized,ok,none,accuracy_pass_runtime_win,0.0094,0.0087,1.627660,1.031915,,0,143064,auto_lossless,all_one,true,1,0,true,0,exact_abs_or_rel,SKIP
as-735_G_588.mtx,fp16_lb,fp16_lb,controlled_lossy_value_specialized,ok,none,accuracy_pass_runtime_win,0.0091,0.0082,1.681319,1.065934,,43470,143064,fp16,fp16,false,0,0,false,0,spmv_max_rel,SKIP
as-735_G_588.mtx,bf16_lb,bf16_lb,controlled_lossy_value_specialized,ok,none,accuracy_pass_runtime_win,0.0090,0.0076,1.700000,1.077778,,43470,143064,bf16,bf16,false,0,0,false,0,spmv_max_rel,SKIP
as-735_G_588.mtx,bfp8_lb,bfp8_lb,controlled_lossy_value_specialized,ok,none,accuracy_pass_runtime_loss,0.0108,0.0087,1.416667,0.898148,,57501,143064,bfp8,bfp8,false,0,0,false,0,spmv_max_rel,SKIP
as-735_G_588.mtx,bfp8_outlier_lb,bfp8_outlier_lb,controlled_lossy_value_specialized,ok,none,accuracy_pass_runtime_loss,0.0109,0.0092,1.403670,0.889908,,57501,143064,bfp8_outlier,bfp8_outlier,false,0,0,false,0,spmv_max_rel,SKIP
as-735_G_588.mtx,bfp4_lb,bfp4_lb,controlled_lossy_value_specialized,ok,none,accuracy_pass_runtime_loss,0.0136,0.0127,1.125000,0.713235,,46634,143064,bfp4,bfp4,false,0,0,false,0,spmv_max_rel,SKIP
as-735_G_588.mtx,hybrid_lb,hybrid_lb,structural_hybrid,ok,none,promoted_fallback,0.0127,0.0107,1.204724,0.763780,,173880,,original,raw_double,false,,,1,0,exact_abs_or_rel,SKIP
as-735_G_588.mtx,cusparse_default,cusparse_csr,external_baseline,ok,none,external_baseline,0.0153,0.0123,1.000000,0.633987,,173880,117808,original,original,false,,,true,0,exact_abs_or_rel,SKIP
as-735_G_596.mtx,original_lb,original_lb,load_balanced_traversal,ok,none,promoted_fallback,0.0092,0.0085,1.717391,1.000000,,175968,144440,original,original,false,0,0,true,0,exact_abs_or_rel,SKIP
as-735_G_596.mtx,auto_lossless_lb,all_one_lb,lossless_value_specialized,ok,none,accuracy_pass_runtime_loss,0.0095,0.0087,1.663158,0.968421,,0,144440,auto_lossless,all_one,true,1,0,true,0,exact_abs_or_rel,SKIP
as-735_G_596.mtx,fp16_lb,fp16_lb,controlled_lossy_value_specialized,ok,none,accuracy_pass_runtime_win,0.0089,0.0080,1.775281,1.033708,,43992,144440,fp16,fp16,false,0,0,false,0,spmv_max_rel,SKIP
as-735_G_596.mtx,bf16_lb,bf16_lb,controlled_lossy_value_specialized,ok,none,accuracy_pass_runtime_win,0.0090,0.0081,1.755556,1.022222,,43992,144440,bf16,bf16,false,0,0,false,0,spmv_max_rel,SKIP
as-735_G_596.mtx,bfp8_lb,bfp8_lb,controlled_lossy_value_specialized,ok,none,accuracy_pass_runtime_loss,0.0099,0.0091,1.595960,0.929293,,58106,144440,bfp8,bfp8,false,0,0,false,0,spmv_max_rel,SKIP
as-735_G_596.mtx,bfp8_outlier_lb,bfp8_outlier_lb,controlled_lossy_value_specialized,ok,none,accuracy_pass_runtime_loss,0.0100,0.0090,1.580000,0.920000,,58106,144440,bfp8_outlier,bfp8_outlier,false,0,0,false,0,spmv_max_rel,SKIP
as-735_G_596.mtx,bfp4_lb,bfp4_lb,controlled_lossy_value_specialized,ok,none,accuracy_pass_runtime_loss,0.0139,0.0127,1.136691,0.661871,,47108,144440,bfp4,bfp4,false,0,0,false,0,spmv_max_rel,SKIP
as-735_G_596.mtx,hybrid_lb,hybrid_lb,structural_hybrid,ok,none,promoted_fallback,0.0115,0.0104,1.373913,0.800000,,175968,,original,raw_double,false,,,1,0,exact_abs_or_rel,SKIP
as-735_G_596.mtx,cusparse_default,cusparse_csr,external_baseline,ok,none,external_baseline,0.0158,0.0123,1.000000,0.582278,,175968,118852,original,original,false,,,true,0,exact_abs_or_rel,SKIP
as-735_G_604.mtx,original_lb,original_lb,load_balanced_traversal,ok,none,promoted_fallback,0.0093,0.0084,1.709677,1.000000,,176856,145144,original,original,false,0,0,true,0,exact_abs_or_rel,SKIP
as-735_G_604.mtx,auto_lossless_lb,all_one_lb,lossless_value_specialized,ok,none,accuracy_pass_runtime_loss,0.0095,0.0092,1.673684,0.978947,,0,145144,auto_lossless,all_one,true,1,0,true,0,exact_abs_or_rel,SKIP
as-735_G_604.mtx,fp16_lb,fp16_lb,controlled_lossy_value_specialized,ok,none,accuracy_pass_runtime_win,0.0090,0.0080,1.766667,1.033333,,44214,145144,fp16,fp16,false,0,0,false,0,spmv_max_rel,SKIP
as-735_G_604.mtx,bf16_lb,bf16_lb,controlled_lossy_value_specialized,ok,none,accuracy_pass_runtime_win,0.0091,0.0074,1.747253,1.021978,,44214,145144,bf16,bf16,false,0,0,false,0,spmv_max_rel,SKIP
as-735_G_604.mtx,bfp8_lb,bfp8_lb,controlled_lossy_value_specialized,ok,none,accuracy_pass_runtime_loss,0.0100,0.0087,1.590000,0.930000,,58393,145144,bfp8,bfp8,false,0,0,false,0,spmv_max_rel,SKIP
as-735_G_604.mtx,bfp8_outlier_lb,bfp8_outlier_lb,controlled_lossy_value_specialized,ok,none,accuracy_pass_runtime_loss,0.0101,0.0092,1.574257,0.920792,,58393,145144,bfp8_outlier,bfp8_outlier,false,0,0,false,0,spmv_max_rel,SKIP
as-735_G_604.mtx,bfp4_lb,bfp4_lb,controlled_lossy_value_specialized,ok,none,accuracy_pass_runtime_loss,0.0135,0.0127,1.177778,0.688889,,47340,145144,bfp4,bfp4,false,0,0,false,0,spmv_max_rel,SKIP
as-735_G_604.mtx,hybrid_lb,hybrid_lb,structural_hybrid,ok,none,promoted_fallback,0.0127,0.0111,1.251969,0.732283,,176856,,original,raw_double,false,,,1,0,exact_abs_or_rel,SKIP
as-735_G_604.mtx,cusparse_default,cusparse_csr,external_baseline,ok,none,external_baseline,0.0159,0.0123,1.000000,0.584906,,176856,119296,original,original,false,,,true,0,exact_abs_or_rel,SKIP
as-735_G_612.mtx,original_lb,original_lb,load_balanced_traversal,ok,none,promoted_fallback,0.0103,0.0097,1.475728,1.000000,,177256,145768,original,original,false,0,0,true,0,exact_abs_or_rel,SKIP
as-735_G_612.mtx,auto_lossless_lb,all_one_lb,lossless_value_specialized,ok,none,accuracy_pass_runtime_win,0.0098,0.0086,1.551020,1.051020,,0,145768,auto_lossless,all_one,true,1,0,true,0,exact_abs_or_rel,SKIP
as-735_G_612.mtx,fp16_lb,fp16_lb,controlled_lossy_value_specialized,ok,none,accuracy_pass_runtime_win,0.0092,0.0084,1.652174,1.119565,,44314,145768,fp16,fp16,false,0,0,false,0,spmv_max_rel,SKIP
as-735_G_612.mtx,bf16_lb,bf16_lb,controlled_lossy_value_specialized,ok,none,accuracy_pass_runtime_win,0.0091,0.0078,1.670330,1.131868,,44314,145768,bf16,bf16,false,0,0,false,0,spmv_max_rel,SKIP
as-735_G_612.mtx,bfp8_lb,bfp8_lb,controlled_lossy_value_specialized,ok,none,accuracy_pass_runtime_win,0.0098,0.0086,1.551020,1.051020,,58599,145768,bfp8,bfp8,false,0,0,false,0,spmv_max_rel,SKIP
as-735_G_612.mtx,bfp8_outlier_lb,bfp8_outlier_lb,controlled_lossy_value_specialized,ok,none,accuracy_pass_runtime_win,0.0098,0.0085,1.551020,1.051020,,58599,145768,bfp8_outlier,bfp8_outlier,false,0,0,false,0,spmv_max_rel,SKIP
as-735_G_612.mtx,bfp4_lb,bfp4_lb,controlled_lossy_value_specialized,ok,none,accuracy_pass_runtime_loss,0.0142,0.0139,1.070423,0.725352,,47521,145768,bfp4,bfp4,false,0,0,false,0,spmv_max_rel,SKIP
as-735_G_612.mtx,hybrid_lb,hybrid_lb,structural_hybrid,ok,none,promoted_fallback,0.0124,0.0108,1.225806,0.830645,,177256,,original,raw_double,false,,,1,0,exact_abs_or_rel,SKIP
as-735_G_612.mtx,cusparse_default,cusparse_csr,external_baseline,ok,none,external_baseline,0.0152,0.0123,1.000000,0.677632,,177256,119496,original,original,false,,,true,0,exact_abs_or_rel,SKIP
as-735_G_620.mtx,original_lb,original_lb,load_balanced_traversal,ok,none,promoted_fallback,0.0090,0.0068,1.733333,1.000000,,178280,146472,original,original,false,0,0,true,0,exact_abs_or_rel,SKIP
as-735_G_620.mtx,auto_lossless_lb,all_one_lb,lossless_value_specialized,ok,none,accuracy_pass_runtime_loss,0.0096,0.0089,1.625000,0.937500,,0,146472,auto_lossless,all_one,true,1,0,true,0,exact_abs_or_rel,SKIP
as-735_G_620.mtx,fp16_lb,fp16_lb,controlled_lossy_value_specialized,ok,none,accuracy_pass_runtime_loss,0.0097,0.0090,1.608247,0.927835,,44570,146472,fp16,fp16,false,0,0,false,0,spmv_max_rel,SKIP
as-735_G_620.mtx,bf16_lb,bf16_lb,controlled_lossy_value_specialized,ok,none,accuracy_pass_runtime_loss,0.0096,0.0086,1.625000,0.937500,,44570,146472,bf16,bf16,false,0,0,false,0,spmv_max_rel,SKIP
as-735_G_620.mtx,bfp8_lb,bfp8_lb,controlled_lossy_value_specialized,ok,none,accuracy_pass_runtime_loss,0.0091,0.0087,1.714286,0.989011,,58903,146472,bfp8,bfp8,false,0,0,false,0,spmv_max_rel,SKIP
as-735_G_620.mtx,bfp8_outlier_lb,bfp8_outlier_lb,controlled_lossy_value_specialized,ok,none,accuracy_pass_runtime_loss,0.0095,0.0086,1.642105,0.947368,,58903,146472,bfp8_outlier,bfp8_outlier,false,0,0,false,0,spmv_max_rel,SKIP
as-735_G_620.mtx,bfp4_lb,bfp4_lb,controlled_lossy_value_specialized,ok,none,accuracy_pass_runtime_loss,0.0140,0.0133,1.114286,0.642857,,47761,146472,bfp4,bfp4,false,0,0,false,0,spmv_max_rel,SKIP
as-735_G_620.mtx,hybrid_lb,hybrid_lb,structural_hybrid,ok,none,promoted_fallback,0.0113,0.0097,1.380531,0.796460,,178280,,original,raw_double,false,,,1,0,exact_abs_or_rel,SKIP
as-735_G_620.mtx,cusparse_default,cusparse_csr,external_baseline,ok,none,external_baseline,0.0156,0.0123,1.000000,0.576923,,178280,120008,original,original,false,,,true,0,exact_abs_or_rel,SKIP
as-735_G_628.mtx,original_lb,original_lb,load_balanced_traversal,ok,none,promoted_fallback,0.0092,0.0084,1.652174,1.000000,,179648,147672,original,original,false,0,0,true,0,exact_abs_or_rel,SKIP
as-735_G_628.mtx,auto_lossless_lb,all_one_lb,lossless_value_specialized,ok,none,accuracy_pass_runtime_loss,0.0103,0.0092,1.475728,0.893204,,0,147672,auto_lossless,all_one,true,1,0,true,0,exact_abs_or_rel,SKIP
as-735_G_628.mtx,fp16_lb,fp16_lb,controlled_lossy_value_specialized,ok,none,accuracy_pass_runtime_loss,0.0095,0.0085,1.600000,0.968421,,44912,147672,fp16,fp16,false,0,0,false,0,spmv_max_rel,SKIP
as-735_G_628.mtx,bf16_lb,bf16_lb,controlled_lossy_value_specialized,ok,none,accuracy_pass_runtime_loss,0.0096,0.0087,1.583333,0.958333,,44912,147672,bf16,bf16,false,0,0,false,0,spmv_max_rel,SKIP
as-735_G_628.mtx,bfp8_lb,bfp8_lb,controlled_lossy_value_specialized,ok,none,accuracy_pass_runtime_win,0.0091,0.0083,1.670330,1.010989,,59374,147672,bfp8,bfp8,false,0,0,false,0,spmv_max_rel,SKIP
as-735_G_628.mtx,bfp8_outlier_lb,bfp8_outlier_lb,controlled_lossy_value_specialized,ok,none,accuracy_pass_runtime_loss,0.0093,0.0088,1.634409,0.989247,,59374,147672,bfp8_outlier,bfp8_outlier,false,0,0,false,0,spmv_max_rel,SKIP
as-735_G_628.mtx,bfp4_lb,bfp4_lb,controlled_lossy_value_specialized,ok,none,accuracy_pass_runtime_loss,0.0144,0.0135,1.055556,0.638889,,48146,147672,bfp4,bfp4,false,0,0,false,0,spmv_max_rel,SKIP
as-735_G_628.mtx,hybrid_lb,hybrid_lb,structural_hybrid,ok,none,promoted_fallback,0.0118,0.0097,1.288136,0.779661,,179648,,original,raw_double,false,,,1,0,exact_abs_or_rel,SKIP
as-735_G_628.mtx,cusparse_default,cusparse_csr,external_baseline,ok,none,external_baseline,0.0152,0.0123,1.000000,0.605263,,179648,120692,original,original,false,,,true,0,exact_abs_or_rel,SKIP
as-735_G_636.mtx,original_lb,original_lb,load_balanced_traversal,ok,none,promoted_fallback,0.0093,0.0088,1.623656,1.000000,,181592,149176,original,original,false,0,0,true,0,exact_abs_or_rel,SKIP
as-735_G_636.mtx,auto_lossless_lb,all_one_lb,lossless_value_specialized,ok,none,accuracy_pass_runtime_loss,0.0095,0.0086,1.589474,0.978947,,0,149176,auto_lossless,all_one,true,1,0,true,0,exact_abs_or_rel,SKIP
as-735_G_636.mtx,fp16_lb,fp16_lb,controlled_lossy_value_specialized,ok,none,accuracy_pass_runtime_loss,0.0098,0.0085,1.540816,0.948980,,45398,149176,fp16,fp16,false,0,0,false,0,spmv_max_rel,SKIP
as-735_G_636.mtx,bf16_lb,bf16_lb,controlled_lossy_value_specialized,ok,none,accuracy_pass_runtime_loss,0.0099,0.0086,1.525253,0.939394,,45398,149176,bf16,bf16,false,0,0,false,0,spmv_max_rel,SKIP
as-735_G_636.mtx,bfp8_lb,bfp8_lb,controlled_lossy_value_specialized,ok,none,accuracy_pass_runtime_loss,0.0093,0.0086,1.623656,1.000000,,59993,149176,bfp8,bfp8,false,0,0,false,0,spmv_max_rel,SKIP
as-735_G_636.mtx,bfp8_outlier_lb,bfp8_outlier_lb,controlled_lossy_value_specialized,ok,none,accuracy_pass_runtime_loss,0.0093,0.0082,1.623656,1.000000,,59993,149176,bfp8_outlier,bfp8_outlier,false,0,0,false,0,spmv_max_rel,SKIP
as-735_G_636.mtx,bfp4_lb,bfp4_lb,controlled_lossy_value_specialized,ok,none,accuracy_pass_runtime_loss,0.0144,0.0134,1.048611,0.645833,,48644,149176,bfp4,bfp4,false,0,0,false,0,spmv_max_rel,SKIP
as-735_G_636.mtx,hybrid_lb,hybrid_lb,structural_hybrid,ok,none,promoted_fallback,0.0116,0.0102,1.301724,0.801724,,181592,,original,raw_double,false,,,1,0,exact_abs_or_rel,SKIP
as-735_G_636.mtx,cusparse_default,cusparse_csr,external_baseline,ok,none,external_baseline,0.0151,0.0123,1.000000,0.615894,,181592,121664,original,original,false,,,true,0,exact_abs_or_rel,SKIP
as-735_G_644.mtx,original_lb,original_lb,load_balanced_traversal,ok,none,promoted_fallback,0.0092,0.0088,1.673913,1.000000,,183072,150264,original,original,false,0,0,true,0,exact_abs_or_rel,SKIP
as-735_G_644.mtx,auto_lossless_lb,all_one_lb,lossless_value_specialized,ok,none,accuracy_pass_runtime_loss,0.0094,0.0091,1.638298,0.978723,,0,150264,auto_lossless,all_one,true,1,0,true,0,exact_abs_or_rel,SKIP
as-735_G_644.mtx,fp16_lb,fp16_lb,controlled_lossy_value_specialized,ok,none,accuracy_pass_runtime_loss,0.0094,0.0086,1.638298,0.978723,,45768,150264,fp16,fp16,false,0,0,false,0,spmv_max_rel,SKIP
as-735_G_644.mtx,bf16_lb,bf16_lb,controlled_lossy_value_specialized,ok,none,accuracy_pass_runtime_loss,0.0095,0.0086,1.621053,0.968421,,45768,150264,bf16,bf16,false,0,0,false,0,spmv_max_rel,SKIP
as-735_G_644.mtx,bfp8_lb,bfp8_lb,controlled_lossy_value_specialized,ok,none,accuracy_pass_runtime_loss,0.0106,0.0089,1.452830,0.867925,,60450,150264,bfp8,bfp8,false,0,0,false,0,spmv_max_rel,SKIP
as-735_G_644.mtx,bfp8_outlier_lb,bfp8_outlier_lb,controlled_lossy_value_specialized,ok,none,accuracy_pass_runtime_loss,0.0106,0.0096,1.452830,0.867925,,60450,150264,bfp8_outlier,bfp8_outlier,false,0,0,false,0,spmv_max_rel,SKIP
as-735_G_644.mtx,bfp4_lb,bfp4_lb,controlled_lossy_value_specialized,ok,none,accuracy_pass_runtime_loss,0.0149,0.0137,1.033557,0.617450,,49008,150264,bfp4,bfp4,false,0,0,false,0,spmv_max_rel,SKIP
as-735_G_644.mtx,hybrid_lb,hybrid_lb,structural_hybrid,ok,none,promoted_fallback,0.0115,0.0104,1.339130,0.800000,,183072,,original,raw_double,false,,,1,0,exact_abs_or_rel,SKIP
as-735_G_644.mtx,cusparse_default,cusparse_csr,external_baseline,ok,none,external_baseline,0.0154,0.0123,1.000000,0.597403,,183072,122404,original,original,false,,,true,0,exact_abs_or_rel,SKIP
as-735_G_652.mtx,original_lb,original_lb,load_balanced_traversal,ok,none,promoted_fallback,0.0097,0.0082,1.587629,1.000000,,184216,151080,original,original,false,0,0,true,0,exact_abs_or_rel,SKIP
as-735_G_652.mtx,auto_lossless_lb,all_one_lb,lossless_value_specialized,ok,none,accuracy_pass_runtime_win,0.0094,0.0089,1.638298,1.031915,,0,151080,auto_lossless,all_one,true,1,0,true,0,exact_abs_or_rel,SKIP
as-735_G_652.mtx,fp16_lb,fp16_lb,controlled_lossy_value_specialized,ok,none,accuracy_pass_runtime_win,0.0094,0.0085,1.638298,1.031915,,46054,151080,fp16,fp16,false,0,0,false,0,spmv_max_rel,SKIP
as-735_G_652.mtx,bf16_lb,bf16_lb,controlled_lossy_value_specialized,ok,none,accuracy_pass_runtime_loss,0.0098,0.0086,1.571429,0.989796,,46054,151080,bf16,bf16,false,0,0,false,0,spmv_max_rel,SKIP
as-735_G_652.mtx,bfp8_lb,bfp8_lb,controlled_lossy_value_specialized,ok,none,accuracy_pass_runtime_loss,0.0105,0.0094,1.466667,0.923810,,60797,151080,bfp8,bfp8,false,0,0,false,0,spmv_max_rel,SKIP
as-735_G_652.mtx,bfp8_outlier_lb,bfp8_outlier_lb,controlled_lossy_value_specialized,ok,none,accuracy_pass_runtime_loss,0.0107,0.0092,1.439252,0.906542,,60797,151080,bfp8_outlier,bfp8_outlier,false,0,0,false,0,spmv_max_rel,SKIP
as-735_G_652.mtx,bfp4_lb,bfp4_lb,controlled_lossy_value_specialized,ok,none,accuracy_pass_runtime_loss,0.0145,0.0130,1.062069,0.668966,,49284,151080,bfp4,bfp4,false,0,0,false,0,spmv_max_rel,SKIP
as-735_G_652.mtx,hybrid_lb,hybrid_lb,structural_hybrid,ok,none,promoted_fallback,0.0127,0.0105,1.212598,0.763780,,184216,,original,raw_double,false,,,1,0,exact_abs_or_rel,SKIP
as-735_G_652.mtx,cusparse_default,cusparse_csr,external_baseline,ok,none,external_baseline,0.0154,0.0123,1.000000,0.629870,,184216,122976,original,original,false,,,true,0,exact_abs_or_rel,SKIP
as-735_G_660.mtx,original_lb,original_lb,load_balanced_traversal,ok,none,promoted_fallback,0.0094,0.0082,1.627660,1.000000,,186848,153288,original,original,false,0,0,true,0,exact_abs_or_rel,SKIP
as-735_G_660.mtx,auto_lossless_lb,all_one_lb,lossless_value_specialized,ok,none,accuracy_pass_runtime_win,0.0089,0.0075,1.719101,1.056180,,0,153288,auto_lossless,all_one,true,1,0,true,0,exact_abs_or_rel,SKIP
as-735_G_660.mtx,fp16_lb,fp16_lb,controlled_lossy_value_specialized,ok,none,accuracy_pass_runtime_win,0.0091,0.0084,1.681319,1.032967,,46712,153288,fp16,fp16,false,0,0,false,0,spmv_max_rel,SKIP
as-735_G_660.mtx,bf16_lb,bf16_lb,controlled_lossy_value_specialized,ok,none,accuracy_pass_runtime_win,0.0092,0.0083,1.663043,1.021739,,46712,153288,bf16,bf16,false,0,0,false,0,spmv_max_rel,SKIP
as-735_G_660.mtx,bfp8_lb,bfp8_lb,controlled_lossy_value_specialized,ok,none,accuracy_pass_runtime_loss,0.0108,0.0090,1.416667,0.870370,,61678,153288,bfp8,bfp8,false,0,0,false,0,spmv_max_rel,SKIP
as-735_G_660.mtx,bfp8_outlier_lb,bfp8_outlier_lb,controlled_lossy_value_specialized,ok,none,accuracy_pass_runtime_loss,0.0108,0.0093,1.416667,0.870370,,61678,153288,bfp8_outlier,bfp8_outlier,false,0,0,false,0,spmv_max_rel,SKIP
as-735_G_660.mtx,bfp4_lb,bfp4_lb,controlled_lossy_value_specialized,ok,none,accuracy_pass_runtime_loss,0.0134,0.0128,1.141791,0.701493,,50000,153288,bfp4,bfp4,false,0,0,false,0,spmv_max_rel,SKIP
as-735_G_660.mtx,hybrid_lb,hybrid_lb,structural_hybrid,ok,none,promoted_fallback,0.0120,0.0101,1.275000,0.783333,,186848,,original,raw_double,false,,,1,0,exact_abs_or_rel,SKIP
as-735_G_660.mtx,cusparse_default,cusparse_csr,external_baseline,ok,none,external_baseline,0.0153,0.0123,1.000000,0.614379,,186848,124292,original,original,false,,,true,0,exact_abs_or_rel,SKIP
as-735_G_668.mtx,original_lb,original_lb,load_balanced_traversal,ok,none,promoted_fallback,0.0092,0.0087,1.771739,1.000000,,190056,155728,original,original,false,0,0,true,0,exact_abs_or_rel,SKIP
as-735_G_668.mtx,auto_lossless_lb,all_one_lb,lossless_value_specialized,ok,none,accuracy_pass_runtime_win,0.0090,0.0083,1.811111,1.022222,,0,155728,auto_lossless,all_one,true,1,0,true,0,exact_abs_or_rel,SKIP
as-735_G_668.mtx,fp16_lb,fp16_lb,controlled_lossy_value_specialized,ok,none,accuracy_pass_runtime_win,0.0090,0.0083,1.811111,1.022222,,47514,155728,fp16,fp16,false,0,0,false,0,spmv_max_rel,SKIP
as-735_G_668.mtx,bf16_lb,bf16_lb,controlled_lossy_value_specialized,ok,none,accuracy_pass_runtime_win,0.0091,0.0089,1.791209,1.010989,,47514,155728,bf16,bf16,false,0,0,false,0,spmv_max_rel,SKIP
as-735_G_668.mtx,bfp8_lb,bfp8_lb,controlled_lossy_value_specialized,ok,none,accuracy_pass_runtime_loss,0.0092,0.0087,1.771739,1.000000,,62689,155728,bfp8,bfp8,false,0,0,false,0,spmv_max_rel,SKIP
as-735_G_668.mtx,bfp8_outlier_lb,bfp8_outlier_lb,controlled_lossy_value_specialized,ok,none,accuracy_pass_runtime_loss,0.0095,0.0087,1.715789,0.968421,,62689,155728,bfp8_outlier,bfp8_outlier,false,0,0,false,0,spmv_max_rel,SKIP
as-735_G_668.mtx,bfp4_lb,bfp4_lb,controlled_lossy_value_specialized,ok,none,accuracy_pass_runtime_loss,0.0134,0.0127,1.216418,0.686567,,50811,155728,bfp4,bfp4,false,0,0,false,0,spmv_max_rel,SKIP
as-735_G_668.mtx,hybrid_lb,hybrid_lb,structural_hybrid,ok,none,promoted_fallback,0.0128,0.0108,1.273437,0.718750,,190056,,original,raw_double,false,,,1,0,exact_abs_or_rel,SKIP
as-735_G_668.mtx,cusparse_default,cusparse_csr,external_baseline,ok,none,external_baseline,0.0163,0.0123,1.000000,0.564417,,190056,125896,original,original,false,,,true,0,exact_abs_or_rel,SKIP
as-735_G_676.mtx,original_lb,original_lb,load_balanced_traversal,ok,none,promoted_fallback,0.0092,0.0082,1.739130,1.000000,,191056,156448,original,original,false,0,0,true,0,exact_abs_or_rel,SKIP
as-735_G_676.mtx,auto_lossless_lb,all_one_lb,lossless_value_specialized,ok,none,accuracy_pass_runtime_loss,0.0092,0.0069,1.739130,1.000000,,0,156448,auto_lossless,all_one,true,1,0,true,0,exact_abs_or_rel,SKIP
as-735_G_676.mtx,fp16_lb,fp16_lb,controlled_lossy_value_specialized,ok,none,accuracy_pass_runtime_win,0.0090,0.0074,1.777778,1.022222,,47764,156448,fp16,fp16,false,0,0,false,0,spmv_max_rel,SKIP
as-735_G_676.mtx,bf16_lb,bf16_lb,controlled_lossy_value_specialized,ok,none,accuracy_pass_runtime_win,0.0090,0.0082,1.777778,1.022222,,47764,156448,bf16,bf16,false,0,0,false,0,spmv_max_rel,SKIP
as-735_G_676.mtx,bfp8_lb,bfp8_lb,controlled_lossy_value_specialized,ok,none,accuracy_pass_runtime_loss,0.0092,0.0086,1.739130,1.000000,,62994,156448,bfp8,bfp8,false,0,0,false,0,spmv_max_rel,SKIP
as-735_G_676.mtx,bfp8_outlier_lb,bfp8_outlier_lb,controlled_lossy_value_specialized,ok,none,accuracy_pass_runtime_loss,0.0095,0.0084,1.684211,0.968421,,62994,156448,bfp8_outlier,bfp8_outlier,false,0,0,false,0,spmv_max_rel,SKIP
as-735_G_676.mtx,bfp4_lb,bfp4_lb,controlled_lossy_value_specialized,ok,none,accuracy_pass_runtime_loss,0.0144,0.0134,1.111111,0.638889,,51053,156448,bfp4,bfp4,false,0,0,false,0,spmv_max_rel,SKIP
as-735_G_676.mtx,hybrid_lb,hybrid_lb,structural_hybrid,ok,none,promoted_fallback,0.0131,0.0112,1.221374,0.702290,,191056,,original,raw_double,false,,,1,0,exact_abs_or_rel,SKIP
as-735_G_676.mtx,cusparse_default,cusparse_csr,external_baseline,ok,none,external_baseline,0.0160,0.0123,1.000000,0.575000,,191056,126396,original,original,false,,,true,0,exact_abs_or_rel,SKIP
as-735_G_684.mtx,original_lb,original_lb,load_balanced_traversal,ok,none,promoted_fallback,0.0094,0.0087,1.734043,1.000000,,192312,157392,original,original,false,0,0,true,0,exact_abs_or_rel,SKIP
as-735_G_684.mtx,auto_lossless_lb,all_one_lb,lossless_value_specialized,ok,none,accuracy_pass_runtime_win,0.0087,0.0077,1.873563,1.080460,,0,157392,auto_lossless,all_one,true,1,0,true,0,exact_abs_or_rel,SKIP
as-735_G_684.mtx,fp16_lb,fp16_lb,controlled_lossy_value_specialized,ok,none,accuracy_pass_runtime_win,0.0093,0.0072,1.752688,1.010753,,48078,157392,fp16,fp16,false,0,0,false,0,spmv_max_rel,SKIP
as-735_G_684.mtx,bf16_lb,bf16_lb,controlled_lossy_value_specialized,ok,none,accuracy_pass_runtime_loss,0.0096,0.0083,1.697917,0.979167,,48078,157392,bf16,bf16,false,0,0,false,0,spmv_max_rel,SKIP
as-735_G_684.mtx,bfp8_lb,bfp8_lb,controlled_lossy_value_specialized,ok,none,accuracy_pass_runtime_loss,0.0094,0.0085,1.734043,1.000000,,63387,157392,bfp8,bfp8,false,0,0,false,0,spmv_max_rel,SKIP
as-735_G_684.mtx,bfp8_outlier_lb,bfp8_outlier_lb,controlled_lossy_value_specialized,ok,none,accuracy_pass_runtime_loss,0.0094,0.0086,1.734043,1.000000,,63387,157392,bfp8_outlier,bfp8_outlier,false,0,0,false,0,spmv_max_rel,SKIP
as-735_G_684.mtx,bfp4_lb,bfp4_lb,controlled_lossy_value_specialized,ok,none,accuracy_pass_runtime_loss,0.0137,0.0128,1.189781,0.686131,,51368,157392,bfp4,bfp4,false,0,0,false,0,spmv_max_rel,SKIP
as-735_G_684.mtx,hybrid_lb,hybrid_lb,structural_hybrid,ok,none,promoted_fallback,0.0115,0.0106,1.417391,0.817391,,192312,,original,raw_double,false,,,1,0,exact_abs_or_rel,SKIP
as-735_G_684.mtx,cusparse_default,cusparse_csr,external_baseline,ok,none,external_baseline,0.0163,0.0123,1.000000,0.576687,,192312,127024,original,original,false,,,true,0,exact_abs_or_rel,SKIP
as-735_G_692.mtx,original_lb,original_lb,load_balanced_traversal,ok,none,promoted_fallback,0.0104,0.0091,1.557692,1.000000,,201728,164744,original,original,false,0,0,true,0,exact_abs_or_rel,SKIP
as-735_G_692.mtx,auto_lossless_lb,all_one_lb,lossless_value_specialized,ok,none,accuracy_pass_runtime_win,0.0094,0.0086,1.723404,1.106383,,0,164744,auto_lossless,all_one,true,1,0,true,0,exact_abs_or_rel,SKIP
as-735_G_692.mtx,fp16_lb,fp16_lb,controlled_lossy_value_specialized,ok,none,accuracy_pass_runtime_win,0.0094,0.0086,1.723404,1.106383,,50432,164744,fp16,fp16,false,0,0,false,0,spmv_max_rel,SKIP
as-735_G_692.mtx,bf16_lb,bf16_lb,controlled_lossy_value_specialized,ok,none,accuracy_pass_runtime_win,0.0100,0.0089,1.620000,1.040000,,50432,164744,bf16,bf16,false,0,0,false,0,spmv_max_rel,SKIP
as-735_G_692.mtx,bfp8_lb,bfp8_lb,controlled_lossy_value_specialized,ok,none,accuracy_pass_runtime_win,0.0092,0.0087,1.760870,1.130435,,66402,164744,bfp8,bfp8,false,0,0,false,0,spmv_max_rel,SKIP
as-735_G_692.mtx,bfp8_outlier_lb,bfp8_outlier_lb,controlled_lossy_value_specialized,ok,none,accuracy_pass_runtime_win,0.0092,0.0087,1.760870,1.130435,,66402,164744,bfp8_outlier,bfp8_outlier,false,0,0,false,0,spmv_max_rel,SKIP
as-735_G_692.mtx,bfp4_lb,bfp4_lb,controlled_lossy_value_specialized,ok,none,accuracy_pass_runtime_loss,0.0135,0.0127,1.200000,0.770370,,53794,164744,bfp4,bfp4,false,0,0,false,0,spmv_max_rel,SKIP
as-735_G_692.mtx,hybrid_lb,hybrid_lb,structural_hybrid,ok,none,promoted_fallback,0.0123,0.0106,1.317073,0.845528,,201728,,original,raw_double,false,,,1,0,exact_abs_or_rel,SKIP
as-735_G_692.mtx,cusparse_default,cusparse_csr,external_baseline,ok,none,external_baseline,0.0162,0.0123,1.000000,0.641975,,201728,131732,original,original,false,,,true,0,exact_abs_or_rel,SKIP
as-735_G_700.mtx,original_lb,original_lb,load_balanced_traversal,ok,none,promoted_fallback,0.0094,0.0074,1.702128,1.000000,,205208,167720,original,original,false,0,0,true,0,exact_abs_or_rel,SKIP
as-735_G_700.mtx,auto_lossless_lb,all_one_lb,lossless_value_specialized,ok,none,accuracy_pass_runtime_loss,0.0095,0.0081,1.684211,0.989474,,0,167720,auto_lossless,all_one,true,1,0,true,0,exact_abs_or_rel,SKIP
as-735_G_700.mtx,fp16_lb,fp16_lb,controlled_lossy_value_specialized,ok,none,accuracy_pass_runtime_win,0.0093,0.0080,1.720430,1.010753,,51302,167720,fp16,fp16,false,0,0,false,0,spmv_max_rel,SKIP
as-735_G_700.mtx,bf16_lb,bf16_lb,controlled_lossy_value_specialized,ok,none,accuracy_pass_runtime_win,0.0093,0.0084,1.720430,1.010753,,51302,167720,bf16,bf16,false,0,0,false,0,spmv_max_rel,SKIP
as-735_G_700.mtx,bfp8_lb,bfp8_lb,controlled_lossy_value_specialized,ok,none,accuracy_pass_runtime_loss,0.0096,0.0086,1.666667,0.979167,,67581,167720,bfp8,bfp8,false,0,0,false,0,spmv_max_rel,SKIP
as-735_G_700.mtx,bfp8_outlier_lb,bfp8_outlier_lb,controlled_lossy_value_specialized,ok,none,accuracy_pass_runtime_loss,0.0095,0.0087,1.684211,0.989474,,67581,167720,bfp8_outlier,bfp8_outlier,false,0,0,false,0,spmv_max_rel,SKIP
as-735_G_700.mtx,bfp4_lb,bfp4_lb,controlled_lossy_value_specialized,ok,none,accuracy_pass_runtime_loss,0.0136,0.0127,1.176471,0.691176,,54756,167720,bfp4,bfp4,false,0,0,false,0,spmv_max_rel,SKIP
as-735_G_700.mtx,hybrid_lb,hybrid_lb,structural_hybrid,ok,none,promoted_fallback,0.0105,0.0086,1.523810,0.895238,,205208,,original,raw_double,false,,,1,0,exact_abs_or_rel,SKIP
as-735_G_700.mtx,cusparse_default,cusparse_csr,external_baseline,ok,none,external_baseline,0.0160,0.0123,1.000000,0.587500,,205208,133472,original,original,false,,,true,0,exact_abs_or_rel,SKIP
as-735_G_708.mtx,original_lb,original_lb,load_balanced_traversal,ok,none,promoted_fallback,0.0080,0.0066,1.962500,1.000000,,28728,26120,original,original,false,0,0,true,0,exact_abs_or_rel,SKIP
as-735_G_708.mtx,auto_lossless_lb,all_one_lb,lossless_value_specialized,ok,none,accuracy_pass_runtime_loss,0.0093,0.0072,1.688172,0.860215,,0,26120,auto_lossless,all_one,true,1,0,true,0,exact_abs_or_rel,SKIP
as-735_G_708.mtx,fp16_lb,fp16_lb,controlled_lossy_value_specialized,ok,none,accuracy_pass_runtime_loss,0.0097,0.0090,1.618557,0.824742,,7182,26120,fp16,fp16,false,0,0,false,0,spmv_max_rel,SKIP
as-735_G_708.mtx,bf16_lb,bf16_lb,controlled_lossy_value_specialized,ok,none,accuracy_pass_runtime_loss,0.0097,0.0080,1.618557,0.824742,,7182,26120,bf16,bf16,false,0,0,false,0,spmv_max_rel,SKIP
as-735_G_708.mtx,bfp8_lb,bfp8_lb,controlled_lossy_value_specialized,ok,none,accuracy_pass_runtime_loss,0.0095,0.0087,1.652632,0.842105,,10121,26120,bfp8,bfp8,false,0,0,false,0,spmv_max_rel,SKIP
as-735_G_708.mtx,bfp8_outlier_lb,bfp8_outlier_lb,controlled_lossy_value_specialized,ok,none,accuracy_pass_runtime_loss,0.0098,0.0090,1.602041,0.816327,,10121,26120,bfp8_outlier,bfp8_outlier,false,0,0,false,0,spmv_max_rel,SKIP
as-735_G_708.mtx,bfp4_lb,bfp4_lb,controlled_lossy_value_specialized,ok,none,accuracy_pass_runtime_loss,0.0137,0.0130,1.145985,0.583942,,8326,26120,bfp4,bfp4,false,0,0,false,0,spmv_max_rel,SKIP
as-735_G_708.mtx,hybrid_lb,hybrid_lb,structural_hybrid,ok,none,promoted_fallback,0.0089,0.0072,1.764045,0.898876,,28728,,original,raw_double,false,,,1,0,exact_abs_or_rel,SKIP
as-735_G_708.mtx,cusparse_default,cusparse_csr,external_baseline,ok,none,external_baseline,0.0157,0.0143,1.000000,0.509554,,28728,45232,original,original,false,,,true,0,exact_abs_or_rel,SKIP
as-735_G_716.mtx,original_lb,original_lb,load_balanced_traversal,ok,none,promoted_fallback,0.0092,0.0071,1.923913,1.000000,,71448,62400,original,original,false,0,0,true,0,exact_abs_or_rel,SKIP
as-735_G_716.mtx,auto_lossless_lb,all_one_lb,lossless_value_specialized,ok,none,accuracy_pass_runtime_win,0.0090,0.0073,1.966667,1.022222,,0,62400,auto_lossless,all_one,true,1,0,true,0,exact_abs_or_rel,SKIP
as-735_G_716.mtx,fp16_lb,fp16_lb,controlled_lossy_value_specialized,ok,none,accuracy_pass_runtime_loss,0.0098,0.0092,1.806122,0.938776,,17862,62400,fp16,fp16,false,0,0,false,0,spmv_max_rel,SKIP
as-735_G_716.mtx,bf16_lb,bf16_lb,controlled_lossy_value_specialized,ok,none,accuracy_pass_runtime_loss,0.0097,0.0080,1.824742,0.948454,,17862,62400,bf16,bf16,false,0,0,false,0,spmv_max_rel,SKIP
as-735_G_716.mtx,bfp8_lb,bfp8_lb,controlled_lossy_value_specialized,ok,none,accuracy_pass_runtime_loss,0.0098,0.0090,1.806122,0.938776,,24531,62400,bfp8,bfp8,false,0,0,false,0,spmv_max_rel,SKIP
as-735_G_716.mtx,bfp8_outlier_lb,bfp8_outlier_lb,controlled_lossy_value_specialized,ok,none,accuracy_pass_runtime_loss,0.0101,0.0093,1.752475,0.910891,,24531,62400,bfp8_outlier,bfp8_outlier,false,0,0,false,0,spmv_max_rel,SKIP
as-735_G_716.mtx,bfp4_lb,bfp4_lb,controlled_lossy_value_specialized,ok,none,accuracy_pass_runtime_loss,0.0143,0.0133,1.237762,0.643357,,20066,62400,bfp4,bfp4,false,0,0,false,0,spmv_max_rel,SKIP
as-735_G_716.mtx,hybrid_lb,hybrid_lb,structural_hybrid,ok,none,promoted_fallback,0.0107,0.0083,1.654206,0.859813,,71448,,original,raw_double,false,,,1,0,exact_abs_or_rel,SKIP
as-735_G_716.mtx,cusparse_default,cusparse_csr,external_baseline,ok,none,external_baseline,0.0177,0.0123,1.000000,0.519774,,71448,66592,original,original,false,,,true,0,exact_abs_or_rel,SKIP
as-735_G_724.mtx,original_lb,original_lb,load_balanced_traversal,ok,none,promoted_fallback,0.0087,0.0073,1.747126,1.000000,,70512,61400,original,original,false,0,0,true,0,exact_abs_or_rel,SKIP
as-735_G_724.mtx,auto_lossless_lb,all_one_lb,lossless_value_specialized,ok,none,accuracy_pass_runtime_win,0.0083,0.0071,1.831325,1.048193,,0,61400,auto_lossless,all_one,true,1,0,true,0,exact_abs_or_rel,SKIP
as-735_G_724.mtx,fp16_lb,fp16_lb,controlled_lossy_value_specialized,ok,none,accuracy_pass_runtime_loss,0.0096,0.0085,1.583333,0.906250,,17628,61400,fp16,fp16,false,0,0,false,0,spmv_max_rel,SKIP
as-735_G_724.mtx,bf16_lb,bf16_lb,controlled_lossy_value_specialized,ok,none,accuracy_pass_runtime_loss,0.0096,0.0092,1.583333,0.906250,,17628,61400,bf16,bf16,false,0,0,false,0,spmv_max_rel,SKIP
as-735_G_724.mtx,bfp8_lb,bfp8_lb,controlled_lossy_value_specialized,ok,none,accuracy_pass_runtime_loss,0.0091,0.0084,1.670330,0.956044,,24164,61400,bfp8,bfp8,false,0,0,false,0,spmv_max_rel,SKIP
as-735_G_724.mtx,bfp8_outlier_lb,bfp8_outlier_lb,controlled_lossy_value_specialized,ok,none,accuracy_pass_runtime_loss,0.0088,0.0085,1.727273,0.988636,,24164,61400,bfp8_outlier,bfp8_outlier,false,0,0,false,0,spmv_max_rel,SKIP
as-735_G_724.mtx,bfp4_lb,bfp4_lb,controlled_lossy_value_specialized,ok,none,accuracy_pass_runtime_loss,0.0132,0.0127,1.151515,0.659091,,19757,61400,bfp4,bfp4,false,0,0,false,0,spmv_max_rel,SKIP
as-735_G_724.mtx,hybrid_lb,hybrid_lb,structural_hybrid,ok,none,promoted_fallback,0.0114,0.0086,1.333333,0.763158,,70512,,original,raw_double,false,,,1,0,exact_abs_or_rel,SKIP
as-735_G_724.mtx,cusparse_default,cusparse_csr,external_baseline,ok,none,external_baseline,0.0152,0.0123,1.000000,0.572368,,70512,66124,original,original,false,,,true,0,exact_abs_or_rel,SKIP
as-735_G_732.mtx,original_lb,original_lb,load_balanced_traversal,ok,none,promoted_fallback,0.0086,0.0073,1.860465,1.000000,,118264,103104,original,original,false,0,0,true,0,exact_abs_or_rel,SKIP
as-735_G_732.mtx,auto_lossless_lb,all_one_lb,lossless_value_specialized,ok,none,accuracy_pass_runtime_loss,0.0089,0.0067,1.797753,0.966292,,0,103104,auto_lossless,all_one,true,1,0,true,0,exact_abs_or_rel,SKIP
as-735_G_732.mtx,fp16_lb,fp16_lb,controlled_lossy_value_specialized,ok,none,accuracy_pass_runtime_loss,0.0092,0.0084,1.739130,0.934783,,29566,103104,fp16,fp16,false,0,0,false,0,spmv_max_rel,SKIP
as-735_G_732.mtx,bf16_lb,bf16_lb,controlled_lossy_value_specialized,ok,none,accuracy_pass_runtime_loss,0.0091,0.0075,1.758242,0.945055,,29566,103104,bf16,bf16,false,0,0,false,0,spmv_max_rel,SKIP
as-735_G_732.mtx,bfp8_lb,bfp8_lb,controlled_lossy_value_specialized,ok,none,accuracy_pass_runtime_loss,0.0099,0.0093,1.616162,0.868687,,40559,103104,bfp8,bfp8,false,0,0,false,0,spmv_max_rel,SKIP
as-735_G_732.mtx,bfp8_outlier_lb,bfp8_outlier_lb,controlled_lossy_value_specialized,ok,none,accuracy_pass_runtime_loss,0.0097,0.0089,1.649485,0.886598,,40559,103104,bfp8_outlier,bfp8_outlier,false,0,0,false,0,spmv_max_rel,SKIP
as-735_G_732.mtx,bfp4_lb,bfp4_lb,controlled_lossy_value_specialized,ok,none,accuracy_pass_runtime_loss,0.0137,0.0132,1.167883,0.627737,,33168,103104,bfp4,bfp4,false,0,0,false,0,spmv_max_rel,SKIP
as-735_G_732.mtx,hybrid_lb,hybrid_lb,structural_hybrid,ok,none,promoted_fallback,0.0113,0.0099,1.415929,0.761062,,118264,,original,raw_double,false,,,1,0,exact_abs_or_rel,SKIP
as-735_G_732.mtx,cusparse_default,cusparse_csr,external_baseline,ok,none,external_baseline,0.0160,0.0123,1.000000,0.537500,,118264,90000,original,original,false,,,true,0,exact_abs_or_rel,SKIP
ash85.mtx,original_lb,original_lb,load_balanced_traversal,ok,none,promoted_fallback,0.0066,0.0051,2.015152,1.000000,,4184,768,original,original,false,0,0,true,0,exact_abs_or_rel,SKIP
ash85.mtx,auto_lossless_lb,all_one_lb,lossless_value_specialized,ok,none,accuracy_pass_runtime_loss,0.0066,0.0050,2.015152,1.000000,,0,768,auto_lossless,all_one,true,1,0,true,0,exact_abs_or_rel,SKIP
ash85.mtx,fp16_lb,fp16_lb,controlled_lossy_value_specialized,ok,none,accuracy_pass_runtime_win,0.0065,0.0047,2.046154,1.015385,,1046,768,fp16,fp16,false,0,0,false,0,spmv_max_rel,SKIP
ash85.mtx,bf16_lb,bf16_lb,controlled_lossy_value_specialized,ok,none,accuracy_pass_runtime_loss,0.0066,0.0048,2.015152,1.000000,,1046,768,bf16,bf16,false,0,0,false,0,spmv_max_rel,SKIP
ash85.mtx,bfp8_lb,bfp8_lb,controlled_lossy_value_specialized,ok,none,accuracy_pass_runtime_loss,0.0069,0.0064,1.927536,0.956522,,715,768,bfp8,bfp8,false,0,0,false,0,spmv_max_rel,SKIP
ash85.mtx,bfp8_outlier_lb,bfp8_outlier_lb,controlled_lossy_value_specialized,ok,none,accuracy_pass_runtime_loss,0.0069,0.0055,1.927536,0.956522,,715,768,bfp8_outlier,bfp8_outlier,false,0,0,false,0,spmv_max_rel,SKIP
ash85.mtx,bfp4_lb,bfp4_lb,controlled_lossy_value_specialized,ok,none,accuracy_pass_runtime_loss,0.0069,0.0066,1.927536,0.956522,,454,768,bfp4,bfp4,false,0,0,false,0,spmv_max_rel,SKIP
ash85.mtx,hybrid_lb,hybrid_lb,structural_hybrid,ok,none,promoted_fallback,0.0068,0.0050,1.955882,0.970588,,4184,,original,raw_double,false,,,1,0,exact_abs_or_rel,SKIP
ash85.mtx,cusparse_default,cusparse_csr,external_baseline,ok,none,external_baseline,0.0133,0.0102,1.000000,0.496241,,4184,2436,original,original,false,,,true,0,exact_abs_or_rel,SKIP
aug2dc.mtx,original_lb,original_lb,load_balanced_traversal,ok,none,promoted_fallback,0.0083,0.0068,1.975904,1.000000,,640000,173112,original,original,false,0,0,true,0,exact_abs_or_rel,SKIP
aug2dc.mtx,auto_lossless_lb,sign2_lb,lossless_value_specialized,ok,none,accuracy_pass_runtime_loss,0.0095,0.0085,1.726316,0.873684,,86556,173112,auto_lossless,sign2,true,2,86556,true,0,exact_abs_or_rel,SKIP
aug2dc.mtx,fp16_lb,fp16_lb,controlled_lossy_value_specialized,ok,none,accuracy_pass_runtime_win,0.0081,0.0064,2.024691,1.024691,,160000,173112,fp16,fp16,false,0,0,false,0,spmv_max_rel,SKIP
aug2dc.mtx,bf16_lb,bf16_lb,controlled_lossy_value_specialized,ok,none,accuracy_pass_runtime_win,0.0075,0.0059,2.186667,1.106667,,160000,173112,bf16,bf16,false,0,0,false,0,spmv_max_rel,SKIP
aug2dc.mtx,bfp8_lb,bfp8_lb,controlled_lossy_value_specialized,ok,none,accuracy_pass_runtime_loss,0.0086,0.0069,1.906977,0.965116,,123278,173112,bfp8,bfp8,false,0,0,false,0,spmv_max_rel,SKIP
aug2dc.mtx,bfp8_outlier_lb,bfp8_outlier_lb,controlled_lossy_value_specialized,ok,none,accuracy_pass_runtime_loss,0.0086,0.0076,1.906977,0.965116,,123278,173112,bfp8_outlier,bfp8_outlier,false,0,0,false,0,spmv_max_rel,SKIP
aug2dc.mtx,bfp4_lb,bfp4_lb,controlled_lossy_value_specialized,ok,none,accuracy_pass_runtime_loss,0.0093,0.0078,1.763441,0.892473,,83278,173112,bfp4,bfp4,false,0,0,false,0,spmv_max_rel,SKIP
aug2dc.mtx,hybrid_lb,hybrid_lb,structural_hybrid,ok,none,promoted_fallback,0.0067,0.0052,2.447761,1.238806,,640000,,original,raw_double,false,,,1,0,exact_abs_or_rel,SKIP
aug2dc.mtx,cusparse_default,cusparse_csr,external_baseline,ok,none,external_baseline,0.0164,0.0123,1.000000,0.506098,,640000,440804,original,original,false,,,true,0,exact_abs_or_rel,SKIP
barth.mtx,original_lb,original_lb,load_balanced_traversal,ok,none,promoted_fallback,0.0097,0.0089,1.690722,1.000000,,369496,311952,original,original,false,0,0,true,0,exact_abs_or_rel,SKIP
barth.mtx,auto_lossless_lb,all_one_lb,lossless_value_specialized,ok,none,accuracy_pass_runtime_win,0.0095,0.0086,1.726316,1.021053,,0,311952,auto_lossless,all_one,true,1,0,true,0,exact_abs_or_rel,SKIP
barth.mtx,fp16_lb,fp16_lb,controlled_lossy_value_specialized,ok,none,accuracy_pass_runtime_win,0.0096,0.0087,1.708333,1.010417,,92374,311952,fp16,fp16,false,0,0,false,0,spmv_max_rel,SKIP
barth.mtx,bf16_lb,bf16_lb,controlled_lossy_value_specialized,ok,none,accuracy_pass_runtime_loss,0.0097,0.0087,1.690722,1.000000,,92374,311952,bf16,bf16,false,0,0,false,0,spmv_max_rel,SKIP
barth.mtx,bfp8_lb,bfp8_lb,controlled_lossy_value_specialized,ok,none,accuracy_pass_runtime_win,0.0092,0.0084,1.782609,1.054348,,124175,311952,bfp8,bfp8,false,0,0,false,0,spmv_max_rel,SKIP
barth.mtx,bfp8_outlier_lb,bfp8_outlier_lb,controlled_lossy_value_specialized,ok,none,accuracy_pass_runtime_win,0.0093,0.0084,1.763441,1.043011,,124175,311952,bfp8_outlier,bfp8_outlier,false,0,0,false,0,spmv_max_rel,SKIP
barth.mtx,bfp4_lb,bfp4_lb,controlled_lossy_value_specialized,ok,none,accuracy_pass_runtime_loss,0.0139,0.0130,1.179856,0.697842,,101082,311952,bfp4,bfp4,false,0,0,false,0,spmv_max_rel,SKIP
barth.mtx,hybrid_lb,hybrid_lb,structural_hybrid,ok,none,promoted_fallback,0.0067,0.0055,2.447761,1.447761,,369496,,original,raw_double,false,,,1,0,exact_abs_or_rel,SKIP
barth.mtx,cusparse_default,cusparse_csr,external_baseline,ok,none,external_baseline,0.0164,0.0143,1.000000,0.591463,,369496,211516,original,original,false,,,true,0,exact_abs_or_rel,SKIP
bayer07.mtx,original_lb,original_lb,load_balanced_traversal,ok,none,promoted_fallback,0.0089,0.0074,1.831461,1.000000,,167704,28808,original,original,false,0,0,true,0,exact_abs_or_rel,SKIP
bayer07.mtx,auto_lossless_lb,original_lb,load_balanced_traversal,ok,none,promoted_fallback,0.0095,0.0087,1.715789,0.936842,,167704,28808,auto_lossless,original,true,3914,167704,true,0,exact_abs_or_rel,SKIP
bayer07.mtx,fp16_lb,fp16_lb,controlled_lossy_value_specialized,ok,none,accuracy_pass_runtime_loss,0.0094,0.0088,1.734043,0.946809,,41926,28808,fp16,fp16,false,0,0,false,0,spmv_max_rel,SKIP
bayer07.mtx,bf16_lb,bf16_lb,controlled_lossy_value_specialized,ok,none,accuracy_pass_runtime_loss,0.0094,0.0087,1.734043,0.946809,,41926,28808,bf16,bf16,false,0,0,false,0,spmv_max_rel,SKIP
bayer07.mtx,bfp8_lb,bfp8_lb,controlled_lossy_value_specialized,ok,none,accuracy_pass_runtime_loss,0.0096,0.0080,1.697917,0.927083,,28165,28808,bfp8,bfp8,false,0,0,false,0,spmv_max_rel,SKIP
bayer07.mtx,bfp8_outlier_lb,bfp8_outlier_lb,controlled_lossy_value_specialized,ok,none,accuracy_pass_runtime_loss,0.0114,0.0096,1.429825,0.780702,,29765,28808,bfp8_outlier,bfp8_outlier,false,0,0,false,0,spmv_max_rel,SKIP
bayer07.mtx,bfp4_lb,bfp4_lb,controlled_lossy_value_specialized,ok,none,accuracy_pass_runtime_loss,0.0114,0.0106,1.429825,0.780702,,17684,28808,bfp4,bfp4,false,0,0,false,0,spmv_max_rel,SKIP
bayer07.mtx,hybrid_lb,hybrid_lb,structural_hybrid,ok,none,promoted_fallback,0.0089,0.0073,1.831461,1.000000,,167704,,original,raw_double,false,,,1,0,exact_abs_or_rel,SKIP
bayer07.mtx,cusparse_default,cusparse_csr,external_baseline,ok,none,external_baseline,0.0163,0.0123,1.000000,0.546012,,167704,96928,original,original,false,,,true,0,exact_abs_or_rel,SKIP
bcspwr07.mtx,original_lb,original_lb,load_balanced_traversal,ok,none,promoted_fallback,0.0077,0.0065,1.805195,1.000000,,46592,20904,original,original,false,0,0,true,0,exact_abs_or_rel,SKIP
bcspwr07.mtx,auto_lossless_lb,all_one_lb,lossless_value_specialized,ok,none,accuracy_pass_runtime_loss,0.0079,0.0069,1.759494,0.974684,,0,20904,auto_lossless,all_one,true,1,0,true,0,exact_abs_or_rel,SKIP
bcspwr07.mtx,fp16_lb,fp16_lb,controlled_lossy_value_specialized,ok,none,accuracy_pass_runtime_loss,0.0084,0.0069,1.654762,0.916667,,11648,20904,fp16,fp16,false,0,0,false,0,spmv_max_rel,SKIP
bcspwr07.mtx,bf16_lb,bf16_lb,controlled_lossy_value_specialized,ok,none,accuracy_pass_runtime_loss,0.0077,0.0070,1.805195,1.000000,,11648,20904,bf16,bf16,false,0,0,false,0,spmv_max_rel,SKIP
bcspwr07.mtx,bfp8_lb,bfp8_lb,controlled_lossy_value_specialized,ok,none,accuracy_pass_runtime_loss,0.0079,0.0071,1.759494,0.974684,,11050,20904,bfp8,bfp8,false,0,0,false,0,spmv_max_rel,SKIP
bcspwr07.mtx,bfp8_outlier_lb,bfp8_outlier_lb,controlled_lossy_value_specialized,ok,none,accuracy_pass_runtime_loss,0.0083,0.0070,1.674699,0.927711,,11050,20904,bfp8_outlier,bfp8_outlier,false,0,0,false,0,spmv_max_rel,SKIP
bcspwr07.mtx,bfp4_lb,bfp4_lb,controlled_lossy_value_specialized,ok,none,accuracy_pass_runtime_loss,0.0090,0.0085,1.544444,0.855556,,8138,20904,bfp4,bfp4,false,0,0,false,0,spmv_max_rel,SKIP
bcspwr07.mtx,hybrid_lb,hybrid_lb,structural_hybrid,ok,none,promoted_fallback,0.0067,0.0044,2.074627,1.149254,,46592,,original,raw_double,false,,,1,0,exact_abs_or_rel,SKIP
bcspwr07.mtx,cusparse_default,cusparse_csr,external_baseline,ok,none,external_baseline,0.0139,0.0123,1.000000,0.553957,,46592,29748,original,original,false,,,true,0,exact_abs_or_rel,SKIP
bcsstk05.mtx,original_lb,original_lb,load_balanced_traversal,ok,none,promoted_fallback,0.0077,0.0072,1.506494,1.000000,,19384,1784,original,original,false,0,0,true,0,exact_abs_or_rel,SKIP
bcsstk05.mtx,auto_lossless_lb,dict256_u8_lb,lossless_value_specialized,ok,none,accuracy_pass_runtime_win,0.0072,0.0068,1.611111,1.069444,,9096,1784,auto_lossless,dict256_u8,true,245,9096,true,245,exact_abs_or_rel,SKIP
bcsstk05.mtx,fp16_lb,fp16_lb,controlled_lossy_value_specialized,ok,none,accuracy_pass_runtime_loss,0.0080,0.0072,1.450000,0.962500,,4846,1784,fp16,fp16,false,0,0,false,0,spmv_max_rel,SKIP
bcsstk05.mtx,bf16_lb,bf16_lb,controlled_lossy_value_specialized,ok,none,accuracy_pass_runtime_loss,0.0079,0.0072,1.468354,0.974684,,4846,1784,bf16,bf16,false,0,0,false,0,spmv_max_rel,SKIP
bcsstk05.mtx,bfp8_lb,bfp8_lb,controlled_lossy_value_specialized,ok,none,accuracy_pass_runtime_win,0.0075,0.0066,1.546667,1.026667,,2869,1784,bfp8,bfp8,false,0,0,false,0,spmv_max_rel,SKIP
bcsstk05.mtx,bfp8_outlier_lb,bfp8_outlier_lb,controlled_lossy_value_specialized,ok,none,accuracy_pass_runtime_loss,0.0097,0.0085,1.195876,0.793814,,3061,1784,bfp8_outlier,bfp8_outlier,false,0,0,false,0,spmv_max_rel,SKIP
bcsstk05.mtx,bfp4_lb,bfp4_lb,controlled_lossy_value_specialized,ok,none,accuracy_pass_runtime_win,0.0076,0.0066,1.526316,1.013158,,1658,1784,bfp4,bfp4,false,0,0,false,0,spmv_max_rel,SKIP
bcsstk05.mtx,hybrid_lb,hybrid_lb,structural_hybrid,ok,none,promoted_fallback,0.0074,0.0064,1.567568,1.040541,,19384,,original,raw_double,false,,,1,0,exact_abs_or_rel,SKIP
bcsstk05.mtx,cusparse_default,cusparse_csr,external_baseline,ok,none,external_baseline,0.0116,0.0082,1.000000,0.663793,,19384,10308,original,original,false,,,true,0,exact_abs_or_rel,SKIP
bcsstk13.mtx,original_lb,original_lb,load_balanced_traversal,ok,none,promoted_fallback,0.0090,0.0074,1.500000,1.000000,,671064,67208,original,original,false,0,0,true,0,exact_abs_or_rel,SKIP
bcsstk13.mtx,auto_lossless_lb,dict65536_u16_lb,lossless_value_specialized,ok,none,accuracy_pass_runtime_loss,0.0118,0.0109,1.144068,0.762712,,647912,67208,auto_lossless,dict65536_u16,true,13781,647912,true,13781,exact_abs_or_rel,SKIP
bcsstk13.mtx,fp16_lb,fp16_lb,controlled_lossy_value_specialized,ok,none,accuracy_pass_runtime_loss,0.0093,0.0079,1.451613,0.967742,,167766,67208,fp16,fp16,false,0,0,false,0,spmv_max_rel,SKIP
bcsstk13.mtx,bf16_lb,bf16_lb,controlled_lossy_value_specialized,ok,none,accuracy_pass_runtime_loss,0.0093,0.0085,1.451613,0.967742,,167766,67208,bf16,bf16,false,0,0,false,0,spmv_max_rel,SKIP
bcsstk13.mtx,bfp8_lb,bfp8_lb,controlled_lossy_value_specialized,ok,none,accuracy_pass_runtime_loss,0.0105,0.0087,1.285714,0.857143,,100685,67208,bfp8,bfp8,false,0,0,false,0,spmv_max_rel,SKIP
bcsstk13.mtx,bfp8_outlier_lb,bfp8_outlier_lb,controlled_lossy_value_specialized,ok,none,accuracy_pass_runtime_loss,0.0128,0.0113,1.054688,0.703125,,107373,67208,bfp8_outlier,bfp8_outlier,false,0,0,false,0,spmv_max_rel,SKIP
bcsstk13.mtx,bfp4_lb,bfp4_lb,controlled_lossy_value_specialized,ok,none,accuracy_pass_runtime_loss,0.0134,0.0131,1.007463,0.671642,,58744,67208,bfp4,bfp4,false,0,0,false,0,spmv_max_rel,SKIP
bcsstk13.mtx,hybrid_lb,hybrid_lb,structural_hybrid,ok,none,promoted_fallback,0.0112,0.0097,1.205357,0.803571,,671064,,original,raw_double,false,,,1,0,exact_abs_or_rel,SKIP
bcsstk13.mtx,cusparse_default,cusparse_csr,external_baseline,ok,none,external_baseline,0.0135,0.0102,1.000000,0.666667,,671064,343548,original,original,false,,,true,0,exact_abs_or_rel,SKIP
bcsstk23.mtx,original_lb,original_lb,load_balanced_traversal,ok,none,promoted_fallback,0.0080,0.0068,1.737500,1.000000,,361424,56208,original,original,false,0,0,true,0,exact_abs_or_rel,SKIP
bcsstk23.mtx,auto_lossless_lb,original_lb,load_balanced_traversal,ok,none,promoted_fallback,0.0069,0.0065,2.014493,1.159420,,361424,56208,auto_lossless,original,true,8440,361424,true,0,exact_abs_or_rel,SKIP
bcsstk23.mtx,fp16_lb,fp16_lb,controlled_lossy_value_specialized,ok,none,accuracy_pass_runtime_loss,0.0084,0.0068,1.654762,0.952381,,90356,56208,fp16,fp16,false,0,0,false,0,spmv_max_rel,SKIP
bcsstk23.mtx,bf16_lb,bf16_lb,controlled_lossy_value_specialized,ok,none,accuracy_pass_runtime_loss,0.0083,0.0069,1.674699,0.963855,,90356,56208,bf16,bf16,false,0,0,false,0,spmv_max_rel,SKIP
bcsstk23.mtx,bfp8_lb,bfp8_lb,controlled_lossy_value_specialized,ok,none,accuracy_pass_runtime_loss,0.0093,0.0080,1.494624,0.860215,,59230,56208,bfp8,bfp8,false,0,0,false,0,spmv_max_rel,SKIP
bcsstk23.mtx,bfp8_outlier_lb,bfp8_outlier_lb,controlled_lossy_value_specialized,ok,none,accuracy_pass_runtime_loss,0.0109,0.0094,1.275229,0.733945,,62830,56208,bfp8_outlier,bfp8_outlier,false,0,0,false,0,spmv_max_rel,SKIP
bcsstk23.mtx,bfp4_lb,bfp4_lb,controlled_lossy_value_specialized,ok,none,accuracy_pass_runtime_loss,0.0105,0.0089,1.323810,0.761905,,36641,56208,bfp4,bfp4,false,0,0,false,0,spmv_max_rel,SKIP
bcsstk23.mtx,hybrid_lb,hybrid_lb,structural_hybrid,ok,none,promoted_fallback,0.0077,0.0065,1.805195,1.038961,,361424,,original,raw_double,false,,,1,0,exact_abs_or_rel,SKIP
bcsstk23.mtx,cusparse_default,cusparse_csr,external_baseline,ok,none,external_baseline,0.0139,0.0102,1.000000,0.575540,,361424,193252,original,original,false,,,true,0,exact_abs_or_rel,SKIP
bcsstk38.mtx,original_lb,original_lb,load_balanced_traversal,ok,none,promoted_fallback,0.0094,0.0091,1.500000,1.000000,,2843680,207512,original,original,false,0,0,true,0,exact_abs_or_rel,SKIP
bcsstk38.mtx,auto_lossless_lb,original_lb,load_balanced_traversal,ok,none,promoted_fallback,0.0129,0.0112,1.093023,0.728682,,2843680,207512,auto_lossless,original,true,141484,2843680,true,0,exact_abs_or_rel,SKIP
bcsstk38.mtx,fp16_lb,fp16_lb,controlled_lossy_value_specialized,ok,none,accuracy_pass_runtime_loss,0.0096,0.0081,1.468750,0.979167,,710920,207512,fp16,fp16,false,0,0,false,0,spmv_max_rel,SKIP
bcsstk38.mtx,bf16_lb,bf16_lb,controlled_lossy_value_specialized,ok,none,accuracy_pass_runtime_win,0.0091,0.0079,1.549451,1.032967,,710920,207512,bf16,bf16,false,0,0,false,0,spmv_max_rel,SKIP
bcsstk38.mtx,bfp8_lb,bfp8_lb,controlled_lossy_value_specialized,ok,none,accuracy_pass_runtime_loss,0.0096,0.0084,1.468750,0.979167,,407338,207512,bfp8,bfp8,false,0,0,false,0,spmv_max_rel,SKIP
bcsstk38.mtx,bfp8_outlier_lb,bfp8_outlier_lb,controlled_lossy_value_specialized,ok,none,accuracy_pass_runtime_loss,0.0115,0.0106,1.226087,0.817391,,435594,207512,bfp8_outlier,bfp8_outlier,false,0,0,false,0,spmv_max_rel,SKIP
bcsstk38.mtx,bfp4_lb,bfp4_lb,controlled_lossy_value_specialized,ok,none,accuracy_pass_runtime_loss,0.0134,0.0123,1.052239,0.701493,,229608,207512,bfp4,bfp4,false,0,0,false,0,spmv_max_rel,SKIP
bcsstk38.mtx,hybrid_lb,hybrid_lb,structural_hybrid,ok,none,promoted_fallback,0.0137,0.0119,1.029197,0.686131,,2843680,,original,raw_double,false,,,1,0,exact_abs_or_rel,SKIP
bcsstk38.mtx,cusparse_default,cusparse_csr,external_baseline,ok,none,external_baseline,0.0141,0.0102,1.000000,0.666667,,2843680,1453972,original,original,false,,,true,0,exact_abs_or_rel,SKIP
bcsstm03.mtx,original_lb,original_lb,load_balanced_traversal,ok,none,promoted_fallback,0.0057,0.0049,2.087719,1.000000,,576,224,original,original,false,0,0,true,0,exact_abs_or_rel,SKIP
bcsstm03.mtx,auto_lossless_lb,original_lb,load_balanced_traversal,ok,none,promoted_fallback,0.0053,0.0044,2.245283,1.075472,,576,224,auto_lossless,original,true,33,576,true,0,exact_abs_or_rel,SKIP
bcsstm03.mtx,fp16_lb,fp16_lb,controlled_lossy_value_specialized,ok,none,accuracy_pass_runtime_loss,0.0058,0.0048,2.051724,0.982759,,144,224,fp16,fp16,false,0,0,false,0,spmv_max_rel,SKIP
bcsstm03.mtx,bf16_lb,bf16_lb,controlled_lossy_value_specialized,ok,none,accuracy_pass_runtime_loss,0.0065,0.0056,1.830769,0.876923,,144,224,bf16,bf16,false,0,0,false,0,spmv_max_rel,SKIP
bcsstm03.mtx,bfp8_lb,bfp8_lb,controlled_lossy_value_specialized,ok,none,accuracy_pass_runtime_loss,0.0058,0.0050,2.051724,0.982759,,128,224,bfp8,bfp8,false,0,0,false,0,spmv_max_rel,SKIP
bcsstm03.mtx,bfp8_outlier_lb,bfp8_outlier_lb,controlled_lossy_value_specialized,ok,none,accuracy_pass_runtime_loss,0.0063,0.0048,1.888889,0.904762,,128,224,bfp8_outlier,bfp8_outlier,false,0,0,false,0,spmv_max_rel,SKIP
bcsstm03.mtx,bfp4_lb,bfp4_lb,controlled_lossy_value_specialized,ok,none,accuracy_pass_runtime_loss,0.0058,0.0049,2.051724,0.982759,,92,224,bfp4,bfp4,false,0,0,false,0,spmv_max_rel,SKIP
bcsstm03.mtx,hybrid_lb,hybrid_lb,structural_hybrid,ok,none,promoted_fallback,0.0063,0.0054,1.888889,0.904762,,576,,original,raw_double,false,,,1,0,exact_abs_or_rel,SKIP
bcsstm03.mtx,cusparse_default,cusparse_csr,external_baseline,ok,none,external_baseline,0.0119,0.0099,1.000000,0.478992,,576,740,original,original,false,,,true,0,exact_abs_or_rel,SKIP
bcsstm11.mtx,original_lb,original_lb,load_balanced_traversal,ok,none,promoted_fallback,0.0064,0.0049,2.187500,1.000000,,11784,2952,original,original,false,0,0,true,0,exact_abs_or_rel,SKIP
bcsstm11.mtx,auto_lossless_lb,original_lb,load_balanced_traversal,ok,none,promoted_fallback,0.0054,0.0044,2.592593,1.185185,,11784,2952,auto_lossless,original,true,28,11784,true,0,exact_abs_or_rel,SKIP
bcsstm11.mtx,fp16_lb,fp16_lb,controlled_lossy_value_specialized,ok,none,accuracy_pass_runtime_win,0.0053,0.0044,2.641509,1.207547,,2946,2952,fp16,fp16,false,0,0,false,0,spmv_max_rel,SKIP
bcsstm11.mtx,bf16_lb,bf16_lb,controlled_lossy_value_specialized,ok,none,accuracy_pass_runtime_win,0.0055,0.0045,2.545455,1.163636,,2946,2952,bf16,bf16,false,0,0,false,0,spmv_max_rel,SKIP
bcsstm11.mtx,bfp8_lb,bfp8_lb,controlled_lossy_value_specialized,ok,none,accuracy_pass_runtime_win,0.0050,0.0041,2.800000,1.280000,,2211,2952,bfp8,bfp8,false,0,0,false,0,spmv_max_rel,SKIP
bcsstm11.mtx,bfp8_outlier_lb,bfp8_outlier_lb,controlled_lossy_value_specialized,ok,none,accuracy_pass_runtime_win,0.0054,0.0041,2.592593,1.185185,,2211,2952,bfp8_outlier,bfp8_outlier,false,0,0,false,0,spmv_max_rel,SKIP
bcsstm11.mtx,bfp4_lb,bfp4_lb,controlled_lossy_value_specialized,ok,none,accuracy_pass_runtime_win,0.0058,0.0043,2.413793,1.103448,,1475,2952,bfp4,bfp4,false,0,0,false,0,spmv_max_rel,SKIP
bcsstm11.mtx,hybrid_lb,hybrid_lb,structural_hybrid,ok,none,promoted_fallback,0.0054,0.0042,2.592593,1.185185,,11784,,original,raw_double,false,,,1,0,exact_abs_or_rel,SKIP
bcsstm11.mtx,cusparse_default,cusparse_csr,external_baseline,ok,none,external_baseline,0.0140,0.0102,1.000000,0.457143,,11784,11788,original,original,false,,,true,0,exact_abs_or_rel,SKIP
bcsstm24.mtx,original_lb,original_lb,load_balanced_traversal,ok,none,promoted_fallback,0.0055,0.0042,2.618182,1.000000,,28496,7128,original,original,false,0,0,true,0,exact_abs_or_rel,SKIP
bcsstm24.mtx,auto_lossless_lb,original_lb,load_balanced_traversal,ok,none,promoted_fallback,0.0055,0.0045,2.618182,1.000000,,28496,7128,auto_lossless,original,true,969,28496,true,0,exact_abs_or_rel,SKIP
bcsstm24.mtx,fp16_lb,fp16_lb,controlled_lossy_value_specialized,ok,none,accuracy_pass_runtime_loss,0.0059,0.0050,2.440678,0.932203,,7124,7128,fp16,fp16,false,0,0,false,0,spmv_max_rel,SKIP
bcsstm24.mtx,bf16_lb,bf16_lb,controlled_lossy_value_specialized,ok,none,accuracy_pass_runtime_loss,0.0057,0.0049,2.526316,0.964912,,7124,7128,bf16,bf16,false,0,0,false,0,spmv_max_rel,SKIP
bcsstm24.mtx,bfp8_lb,bfp8_lb,controlled_lossy_value_specialized,ok,none,accuracy_pass_runtime_win,0.0053,0.0044,2.716981,1.037736,,5344,7128,bfp8,bfp8,false,0,0,false,0,spmv_max_rel,SKIP
bcsstm24.mtx,bfp8_outlier_lb,bfp8_outlier_lb,controlled_lossy_value_specialized,ok,none,accuracy_pass_runtime_loss,0.0080,0.0068,1.800000,0.687500,,5600,7128,bfp8_outlier,bfp8_outlier,false,0,0,false,0,spmv_max_rel,SKIP
bcsstm24.mtx,bfp4_lb,bfp4_lb,controlled_lossy_value_specialized,ok,none,accuracy_pass_runtime_win,0.0051,0.0044,2.823529,1.078431,,3563,7128,bfp4,bfp4,false,0,0,false,0,spmv_max_rel,SKIP
bcsstm24.mtx,hybrid_lb,hybrid_lb,structural_hybrid,ok,none,promoted_fallback,0.0055,0.0046,2.618182,1.000000,,28496,,original,raw_double,false,,,1,0,exact_abs_or_rel,SKIP
bcsstm24.mtx,cusparse_default,cusparse_csr,external_baseline,ok,none,external_baseline,0.0144,0.0123,1.000000,0.381944,,28496,28500,original,original,false,,,true,0,exact_abs_or_rel,SKIP
bfwb398.mtx,original_lb,original_lb,load_balanced_traversal,ok,none,promoted_fallback,0.0091,0.0070,1.351648,1.000000,,23280,6384,original,original,false,0,0,true,0,exact_abs_or_rel,SKIP
bfwb398.mtx,auto_lossless_lb,original_lb,load_balanced_traversal,ok,none,promoted_fallback,0.0092,0.0075,1.336957,0.989130,,23280,6384,auto_lossless,original,true,23,23280,true,0,exact_abs_or_rel,SKIP
bfwb398.mtx,fp16_lb,fp16_lb,controlled_lossy_value_specialized,ok,none,accuracy_pass_runtime_win,0.0086,0.0069,1.430233,1.058140,,5820,6384,fp16,fp16,false,0,0,false,0,spmv_max_rel,SKIP
bfwb398.mtx,bf16_lb,bf16_lb,controlled_lossy_value_specialized,ok,none,accuracy_pass_runtime_win,0.0085,0.0066,1.447059,1.070588,,5820,6384,bf16,bf16,false,0,0,false,0,spmv_max_rel,SKIP
bfwb398.mtx,bfp8_lb,bfp8_lb,controlled_lossy_value_specialized,ok,none,accuracy_pass_runtime_win,0.0089,0.0085,1.382022,1.022472,,4506,6384,bfp8,bfp8,false,0,0,false,0,spmv_max_rel,SKIP
bfwb398.mtx,bfp8_outlier_lb,bfp8_outlier_lb,controlled_lossy_value_specialized,ok,none,accuracy_pass_runtime_loss,0.0092,0.0076,1.336957,0.989130,,4506,6384,bfp8_outlier,bfp8_outlier,false,0,0,false,0,spmv_max_rel,SKIP
bfwb398.mtx,bfp4_lb,bfp4_lb,controlled_lossy_value_specialized,ok,none,accuracy_pass_runtime_loss,0.0127,0.0110,0.968504,0.716535,,3051,6384,bfp4,bfp4,false,0,0,false,0,spmv_max_rel,SKIP
bfwb398.mtx,hybrid_lb,hybrid_lb,structural_hybrid,ok,none,promoted_fallback,0.0066,0.0052,1.863636,1.378788,,23280,,original,raw_double,false,,,1,0,exact_abs_or_rel,SKIP
bfwb398.mtx,cusparse_default,cusparse_csr,external_baseline,ok,none,external_baseline,0.0123,0.0102,1.000000,0.739837,,23280,13236,original,original,false,,,true,0,exact_abs_or_rel,SKIP
bibd_14_7.mtx,original_lb,original_lb,load_balanced_traversal,ok,none,promoted_fallback,0.0094,0.0073,1.265957,1.000000,,576576,58360,original,original,false,0,0,true,0,exact_abs_or_rel,SKIP
bibd_14_7.mtx,auto_lossless_lb,all_one_lb,lossless_value_specialized,ok,none,accuracy_pass_runtime_loss,0.0097,0.0083,1.226804,0.969072,,0,58360,auto_lossless,all_one,true,1,0,true,0,exact_abs_or_rel,SKIP
bibd_14_7.mtx,fp16_lb,fp16_lb,controlled_lossy_value_specialized,ok,none,accuracy_pass_runtime_loss,0.0105,0.0090,1.133333,0.895238,,144144,58360,fp16,fp16,false,0,0,false,0,spmv_max_rel,SKIP
bibd_14_7.mtx,bf16_lb,bf16_lb,controlled_lossy_value_specialized,ok,none,accuracy_pass_runtime_loss,0.0103,0.0087,1.155340,0.912621,,144144,58360,bf16,bf16,false,0,0,false,0,spmv_max_rel,SKIP
bibd_14_7.mtx,bfp8_lb,bfp8_lb,controlled_lossy_value_specialized,ok,none,accuracy_pass_runtime_loss,0.0096,0.0088,1.239583,0.979167,,86662,58360,bfp8,bfp8,false,0,0,false,0,spmv_max_rel,SKIP
bibd_14_7.mtx,bfp8_outlier_lb,bfp8_outlier_lb,controlled_lossy_value_specialized,ok,none,accuracy_pass_runtime_loss,0.0094,0.0087,1.265957,1.000000,,86662,58360,bfp8_outlier,bfp8_outlier,false,0,0,false,0,spmv_max_rel,SKIP
bibd_14_7.mtx,bfp4_lb,bfp4_lb,controlled_lossy_value_specialized,ok,none,accuracy_pass_runtime_loss,0.0136,0.0129,0.875000,0.691176,,50626,58360,bfp4,bfp4,false,0,0,false,0,spmv_max_rel,SKIP
bibd_14_7.mtx,hybrid_lb,hybrid_lb,structural_hybrid,ok,none,promoted_fallback,0.0143,0.0128,0.832168,0.657343,,576576,,original,raw_double,false,,,1,0,exact_abs_or_rel,SKIP
bibd_14_7.mtx,cusparse_default,cusparse_csr,external_baseline,ok,none,external_baseline,0.0119,0.0082,1.000000,0.789916,,576576,288656,original,original,false,,,true,0,exact_abs_or_rel,SKIP
bibd_18_9.mtx,original_lb,original_lb,load_balanced_traversal,ok,none,promoted_fallback,0.0156,0.0140,1.179487,1.000000,,14002560,1291784,original,original,false,0,0,true,0,exact_abs_or_rel,SKIP
bibd_18_9.mtx,auto_lossless_lb,all_one_lb,lossless_value_specialized,ok,none,accuracy_pass_runtime_win,0.0139,0.0129,1.323741,1.122302,,0,1291784,auto_lossless,all_one,true,1,0,true,0,exact_abs_or_rel,SKIP
bibd_18_9.mtx,fp16_lb,fp16_lb,controlled_lossy_value_specialized,ok,none,accuracy_pass_runtime_win,0.0135,0.0124,1.362963,1.155556,,3500640,1291784,fp16,fp16,false,0,0,false,0,spmv_max_rel,SKIP
bibd_18_9.mtx,bf16_lb,bf16_lb,controlled_lossy_value_specialized,ok,none,accuracy_pass_runtime_win,0.0134,0.0127,1.373134,1.164179,,3500640,1291784,bf16,bf16,false,0,0,false,0,spmv_max_rel,SKIP
bibd_18_9.mtx,bfp8_lb,bfp8_lb,controlled_lossy_value_specialized,ok,none,accuracy_pass_runtime_win,0.0143,0.0133,1.286713,1.090909,,2073266,1291784,bfp8,bfp8,false,0,0,false,0,spmv_max_rel,SKIP
bibd_18_9.mtx,bfp8_outlier_lb,bfp8_outlier_lb,controlled_lossy_value_specialized,ok,none,accuracy_pass_runtime_win,0.0137,0.0126,1.343066,1.138686,,2073266,1291784,bfp8_outlier,bfp8_outlier,false,0,0,false,0,spmv_max_rel,SKIP
bibd_18_9.mtx,bfp4_lb,bfp4_lb,controlled_lossy_value_specialized,ok,none,accuracy_pass_runtime_loss,0.0169,0.0152,1.088757,0.923077,,1198106,1291784,bfp4,bfp4,false,0,0,false,0,spmv_max_rel,SKIP
bibd_18_9.mtx,hybrid_lb,hybrid_lb,structural_hybrid,ok,none,promoted_fallback,0.0180,0.0169,1.022222,0.866667,,14002560,,original,raw_double,false,,,1,0,exact_abs_or_rel,SKIP
bibd_18_9.mtx,cusparse_default,cusparse_csr,external_baseline,ok,none,external_baseline,0.0184,0.0164,1.000000,0.847826,,14002560,7001896,original,original,false,,,true,0,exact_abs_or_rel,SKIP
bibd_9_5.mtx,original_lb,original_lb,load_balanced_traversal,ok,none,promoted_fallback,0.0081,0.0063,1.444444,1.000000,,10080,1040,original,original,false,0,0,true,0,exact_abs_or_rel,SKIP
bibd_9_5.mtx,auto_lossless_lb,all_one_lb,lossless_value_specialized,ok,none,accuracy_pass_runtime_loss,0.0094,0.0073,1.244681,0.861702,,0,1040,auto_lossless,all_one,true,1,0,true,0,exact_abs_or_rel,SKIP
bibd_9_5.mtx,fp16_lb,fp16_lb,controlled_lossy_value_specialized,ok,none,accuracy_pass_runtime_loss,0.0097,0.0091,1.206186,0.835052,,2520,1040,fp16,fp16,false,0,0,false,0,spmv_max_rel,SKIP
bibd_9_5.mtx,bf16_lb,bf16_lb,controlled_lossy_value_specialized,ok,none,accuracy_pass_runtime_loss,0.0095,0.0088,1.231579,0.852632,,2520,1040,bf16,bf16,false,0,0,false,0,spmv_max_rel,SKIP
bibd_9_5.mtx,bfp8_lb,bfp8_lb,controlled_lossy_value_specialized,ok,none,accuracy_pass_runtime_loss,0.0097,0.0090,1.206186,0.835052,,1520,1040,bfp8,bfp8,false,0,0,false,0,spmv_max_rel,SKIP
bibd_9_5.mtx,bfp8_outlier_lb,bfp8_outlier_lb,controlled_lossy_value_specialized,ok,none,accuracy_pass_runtime_loss,0.0099,0.0086,1.181818,0.818182,,1520,1040,bfp8_outlier,bfp8_outlier,false,0,0,false,0,spmv_max_rel,SKIP
bibd_9_5.mtx,bfp4_lb,bfp4_lb,controlled_lossy_value_specialized,ok,none,accuracy_pass_runtime_loss,0.0114,0.0107,1.026316,0.710526,,890,1040,bfp4,bfp4,false,0,0,false,0,spmv_max_rel,SKIP
bibd_9_5.mtx,hybrid_lb,hybrid_lb,structural_hybrid,ok,none,promoted_fallback,0.0085,0.0070,1.376471,0.952941,,10080,,original,raw_double,false,,,1,0,exact_abs_or_rel,SKIP
bibd_9_5.mtx,cusparse_default,cusparse_csr,external_baseline,ok,none,external_baseline,0.0117,0.0082,1.000000,0.692308,,10080,5188,original,original,false,,,true,0,exact_abs_or_rel,SKIP
bips07_1998_B.mtx,original_lb,original_lb,load_balanced_traversal,ok,none,promoted_fallback,0.0060,0.0040,2.466667,1.000000,,32,32,original,original,false,0,0,true,0,exact_abs_or_rel,SKIP
bips07_1998_B.mtx,auto_lossless_lb,all_one_lb,lossless_value_specialized,ok,none,accuracy_pass_runtime_win,0.0050,0.0037,2.960000,1.200000,,0,32,auto_lossless,all_one,true,1,0,true,0,exact_abs_or_rel,SKIP
bips07_1998_B.mtx,fp16_lb,fp16_lb,controlled_lossy_value_specialized,ok,none,accuracy_pass_runtime_win,0.0058,0.0049,2.551724,1.034483,,8,32,fp16,fp16,false,0,0,false,0,spmv_max_rel,SKIP
bips07_1998_B.mtx,bf16_lb,bf16_lb,controlled_lossy_value_specialized,ok,none,accuracy_pass_runtime_win,0.0052,0.0048,2.846154,1.153846,,8,32,bf16,bf16,false,0,0,false,0,spmv_max_rel,SKIP
bips07_1998_B.mtx,bfp8_lb,bfp8_lb,controlled_lossy_value_specialized,ok,none,accuracy_pass_runtime_win,0.0057,0.0049,2.596491,1.052632,,12,32,bfp8,bfp8,false,0,0,false,0,spmv_max_rel,SKIP
bips07_1998_B.mtx,bfp8_outlier_lb,bfp8_outlier_lb,controlled_lossy_value_specialized,ok,none,accuracy_pass_runtime_win,0.0055,0.0047,2.690909,1.090909,,12,32,bfp8_outlier,bfp8_outlier,false,0,0,false,0,spmv_max_rel,SKIP
bips07_1998_B.mtx,bfp4_lb,bfp4_lb,controlled_lossy_value_specialized,ok,none,accuracy_pass_runtime_win,0.0047,0.0032,3.148936,1.276596,,10,32,bfp4,bfp4,false,0,0,false,0,spmv_max_rel,SKIP
bips07_1998_B.mtx,hybrid_lb,hybrid_lb,structural_hybrid,ok,none,promoted_fallback,0.0058,0.0038,2.551724,1.034483,,32,,original,raw_double,false,,,1,0,exact_abs_or_rel,SKIP
bips07_1998_B.mtx,cusparse_default,cusparse_csr,external_baseline,ok,none,external_baseline,0.0148,0.0123,1.000000,0.405405,,32,60284,original,original,false,,,true,0,exact_abs_or_rel,SKIP
bips07_2476_iv.mtx,original_lb,original_lb,load_balanced_traversal,ok,none,promoted_fallback,0.0050,0.0041,3.660000,1.000000,,19808,8080,original,original,false,0,0,true,0,exact_abs_or_rel,SKIP
bips07_2476_iv.mtx,auto_lossless_lb,all_one_lb,lossless_value_specialized,ok,none,accuracy_pass_runtime_win,0.0046,0.0036,3.978261,1.086957,,0,8080,auto_lossless,all_one,true,1,0,true,0,exact_abs_or_rel,SKIP
bips07_2476_iv.mtx,fp16_lb,fp16_lb,controlled_lossy_value_specialized,ok,none,accuracy_pass_runtime_loss,0.0058,0.0038,3.155172,0.862069,,4952,8080,fp16,fp16,false,0,0,false,0,spmv_max_rel,SKIP
bips07_2476_iv.mtx,bf16_lb,bf16_lb,controlled_lossy_value_specialized,ok,none,accuracy_pass_runtime_loss,0.0061,0.0039,3.000000,0.819672,,4952,8080,bf16,bf16,false,0,0,false,0,spmv_max_rel,SKIP
bips07_2476_iv.mtx,bfp8_lb,bfp8_lb,controlled_lossy_value_specialized,ok,none,accuracy_pass_runtime_loss,0.0057,0.0051,3.210526,0.877193,,4496,8080,bfp8,bfp8,false,0,0,false,0,spmv_max_rel,SKIP
bips07_2476_iv.mtx,bfp8_outlier_lb,bfp8_outlier_lb,controlled_lossy_value_specialized,ok,none,accuracy_pass_runtime_loss,0.0056,0.0050,3.267857,0.892857,,4496,8080,bfp8_outlier,bfp8_outlier,false,0,0,false,0,spmv_max_rel,SKIP
bips07_2476_iv.mtx,bfp4_lb,bfp4_lb,controlled_lossy_value_specialized,ok,none,accuracy_pass_runtime_loss,0.0053,0.0040,3.452830,0.943396,,3258,8080,bfp4,bfp4,false,0,0,false,0,spmv_max_rel,SKIP
bips07_2476_iv.mtx,hybrid_lb,hybrid_lb,structural_hybrid,ok,none,promoted_fallback,0.0069,0.0056,2.652174,0.724638,,19808,,original,raw_double,false,,,1,0,exact_abs_or_rel,SKIP
bips07_2476_iv.mtx,cusparse_default,cusparse_csr,external_baseline,ok,none,external_baseline,0.0183,0.0143,1.000000,0.273224,,19808,77352,original,original,false,,,true,0,exact_abs_or_rel,SKIP
bips98_1142_C.mtx,original_lb,original_lb,load_balanced_traversal,ok,none,promoted_fallback,0.0063,0.0044,1.730159,1.000000,,160,88,original,original,false,0,0,true,0,exact_abs_or_rel,SKIP
bips98_1142_C.mtx,auto_lossless_lb,original_lb,load_balanced_traversal,ok,none,promoted_fallback,0.0070,0.0049,1.557143,0.900000,,160,88,auto_lossless,original,true,20,160,true,0,exact_abs_or_rel,SKIP
bips98_1142_C.mtx,fp16_lb,fp16_lb,controlled_lossy_value_specialized,ok,none,accuracy_pass_runtime_loss,0.0067,0.0050,1.626866,0.940299,,40,88,fp16,fp16,false,0,0,false,0,spmv_max_rel,SKIP
bips98_1142_C.mtx,bf16_lb,bf16_lb,controlled_lossy_value_specialized,ok,none,accuracy_pass_runtime_win,0.0062,0.0047,1.758065,1.016129,,40,88,bf16,bf16,false,0,0,false,0,spmv_max_rel,SKIP
bips98_1142_C.mtx,bfp8_lb,bfp8_lb,controlled_lossy_value_specialized,ok,none,accuracy_pass_runtime_loss,0.0072,0.0061,1.513889,0.875000,,42,88,bfp8,bfp8,false,0,0,false,0,spmv_max_rel,SKIP
bips98_1142_C.mtx,bfp8_outlier_lb,bfp8_outlier_lb,controlled_lossy_value_specialized,ok,none,accuracy_pass_runtime_loss,0.0072,0.0065,1.513889,0.875000,,42,88,bfp8_outlier,bfp8_outlier,false,0,0,false,0,spmv_max_rel,SKIP
bips98_1142_C.mtx,bfp4_lb,bfp4_lb,controlled_lossy_value_specialized,ok,none,accuracy_pass_runtime_loss,0.0075,0.0065,1.453333,0.840000,,32,88,bfp4,bfp4,false,0,0,false,0,spmv_max_rel,SKIP
bips98_1142_C.mtx,hybrid_lb,hybrid_lb,structural_hybrid,ok,none,promoted_fallback,0.0057,0.0044,1.912281,1.105263,,160,,original,raw_double,false,,,1,0,exact_abs_or_rel,SKIP
bips98_1142_C.mtx,cusparse_default,cusparse_csr,external_baseline,ok,none,external_baseline,0.0109,0.0082,1.000000,0.577982,,160,100,original,original,false,,,true,0,exact_abs_or_rel,SKIP
bips98_606.mtx,original_lb,original_lb,load_balanced_traversal,ok,none,promoted_fallback,0.0089,0.0061,1.662921,1.000000,,277904,97072,original,original,false,0,0,true,0,exact_abs_or_rel,SKIP
bips98_606.mtx,auto_lossless_lb,original_lb,load_balanced_traversal,ok,none,promoted_fallback,0.0096,0.0079,1.541667,0.927083,,277904,97072,auto_lossless,original,true,18130,277904,true,0,exact_abs_or_rel,SKIP
bips98_606.mtx,fp16_lb,fp16_lb,controlled_lossy_value_specialized,ok,none,accuracy_pass_runtime_loss,0.0095,0.0089,1.557895,0.936842,,69476,97072,fp16,fp16,false,0,0,false,0,spmv_max_rel,SKIP
bips98_606.mtx,bf16_lb,bf16_lb,controlled_lossy_value_specialized,ok,none,accuracy_pass_runtime_loss,0.0095,0.0078,1.557895,0.936842,,69476,97072,bf16,bf16,false,0,0,false,0,spmv_max_rel,SKIP
bips98_606.mtx,bfp8_lb,bfp8_lb,controlled_lossy_value_specialized,ok,none,accuracy_pass_runtime_loss,0.0098,0.0090,1.510204,0.908163,,59006,97072,bfp8,bfp8,false,0,0,false,0,spmv_max_rel,SKIP
bips98_606.mtx,bfp8_outlier_lb,bfp8_outlier_lb,controlled_lossy_value_specialized,ok,none,accuracy_pass_runtime_loss,0.0113,0.0100,1.309735,0.787611,,60558,97072,bfp8_outlier,bfp8_outlier,false,0,0,false,0,spmv_max_rel,SKIP
bips98_606.mtx,bfp4_lb,bfp4_lb,controlled_lossy_value_specialized,ok,none,accuracy_pass_runtime_loss,0.0135,0.0124,1.096296,0.659259,,41637,97072,bfp4,bfp4,false,0,0,false,0,spmv_max_rel,SKIP
bips98_606.mtx,hybrid_lb,hybrid_lb,structural_hybrid,ok,none,promoted_fallback,0.0073,0.0057,2.027397,1.219178,,277904,,original,raw_double,false,,,1,0,exact_abs_or_rel,SKIP
bips98_606.mtx,cusparse_default,cusparse_csr,external_baseline,ok,none,external_baseline,0.0148,0.0123,1.000000,0.601351,,277904,167496,original,original,false,,,true,0,exact_abs_or_rel,SKIP
bp_0.mtx,original_lb,original_lb,load_balanced_traversal,ok,none,promoted_fallback,0.0081,0.0066,1.604938,1.000000,,26208,9256,original,original,false,0,0,true,0,exact_abs_or_rel,SKIP
bp_0.mtx,auto_lossless_lb,original_lb,load_balanced_traversal,ok,none,promoted_fallback,0.0081,0.0067,1.604938,1.000000,,26208,9256,auto_lossless,original,true,1203,26208,true,0,exact_abs_or_rel,SKIP
bp_0.mtx,fp16_lb,fp16_lb,controlled_lossy_value_specialized,ok,none,accuracy_pass_runtime_loss,0.0094,0.0078,1.382979,0.861702,,6552,9256,fp16,fp16,false,0,0,false,0,spmv_max_rel,SKIP
bp_0.mtx,bf16_lb,bf16_lb,controlled_lossy_value_specialized,ok,none,accuracy_pass_runtime_loss,0.0096,0.0079,1.354167,0.843750,,6552,9256,bf16,bf16,false,0,0,false,0,spmv_max_rel,SKIP
bp_0.mtx,bfp8_lb,bfp8_lb,controlled_lossy_value_specialized,ok,none,accuracy_pass_runtime_loss,0.0102,0.0095,1.274510,0.794118,,5590,9256,bfp8,bfp8,false,0,0,false,0,spmv_max_rel,SKIP
bp_0.mtx,bfp8_outlier_lb,bfp8_outlier_lb,controlled_lossy_value_specialized,ok,none,accuracy_pass_runtime_loss,0.0118,0.0102,1.101695,0.686441,,5846,9256,bfp8_outlier,bfp8_outlier,false,0,0,false,0,spmv_max_rel,SKIP
bp_0.mtx,bfp4_lb,bfp4_lb,controlled_lossy_value_specialized,ok,none,accuracy_pass_runtime_loss,0.0133,0.0125,0.977444,0.609023,,3952,9256,bfp4,bfp4,false,0,0,false,0,spmv_max_rel,SKIP
bp_0.mtx,hybrid_lb,hybrid_lb,structural_hybrid,ok,none,promoted_fallback,0.0095,0.0086,1.368421,0.852632,,26208,,original,raw_double,false,,,1,0,exact_abs_or_rel,SKIP
bp_0.mtx,cusparse_default,cusparse_csr,external_baseline,ok,none,external_baseline,0.0130,0.0102,1.000000,0.623077,,26208,16396,original,original,false,,,true,0,exact_abs_or_rel,SKIP
bp_800.mtx,original_lb,original_lb,load_balanced_traversal,ok,none,promoted_fallback,0.0094,0.0076,1.489362,1.000000,,36272,17048,original,original,false,0,0,true,0,exact_abs_or_rel,SKIP
bp_800.mtx,auto_lossless_lb,original_lb,load_balanced_traversal,ok,none,promoted_fallback,0.0091,0.0072,1.538462,1.032967,,36272,17048,auto_lossless,original,true,1749,36272,true,0,exact_abs_or_rel,SKIP
bp_800.mtx,fp16_lb,fp16_lb,controlled_lossy_value_specialized,ok,none,accuracy_pass_runtime_win,0.0085,0.0072,1.647059,1.105882,,9068,17048,fp16,fp16,false,0,0,false,0,spmv_max_rel,SKIP
bp_800.mtx,bf16_lb,bf16_lb,controlled_lossy_value_specialized,ok,none,accuracy_pass_runtime_win,0.0092,0.0074,1.521739,1.021739,,9068,17048,bf16,bf16,false,0,0,false,0,spmv_max_rel,SKIP
bp_800.mtx,bfp8_lb,bfp8_lb,controlled_lossy_value_specialized,ok,none,accuracy_pass_runtime_loss,0.0098,0.0087,1.428571,0.959184,,8796,17048,bfp8,bfp8,false,0,0,false,0,spmv_max_rel,SKIP
bp_800.mtx,bfp8_outlier_lb,bfp8_outlier_lb,controlled_lossy_value_specialized,ok,none,accuracy_pass_runtime_loss,0.0117,0.0099,1.196581,0.803419,,9116,17048,bfp8_outlier,bfp8_outlier,false,0,0,false,0,spmv_max_rel,SKIP
bp_800.mtx,bfp4_lb,bfp4_lb,controlled_lossy_value_specialized,ok,none,accuracy_pass_runtime_loss,0.0141,0.0132,0.992908,0.666667,,6529,17048,bfp4,bfp4,false,0,0,false,0,spmv_max_rel,SKIP
bp_800.mtx,hybrid_lb,hybrid_lb,structural_hybrid,ok,none,promoted_fallback,0.0097,0.0076,1.443299,0.969072,,36272,,original,raw_double,false,,,1,0,exact_abs_or_rel,SKIP
bp_800.mtx,cusparse_default,cusparse_csr,external_baseline,ok,none,external_baseline,0.0140,0.0103,1.000000,0.671429,,36272,21428,original,original,false,,,true,0,exact_abs_or_rel,SKIP
c-25.mtx,original_lb,original_lb,load_balanced_traversal,ok,none,promoted_fallback,0.0084,0.0066,1.714286,1.000000,,397080,76360,original,original,false,0,0,true,0,exact_abs_or_rel,SKIP
c-25.mtx,auto_lossless_lb,original_lb,load_balanced_traversal,ok,none,promoted_fallback,0.0089,0.0070,1.617978,0.943820,,397080,76360,auto_lossless,original,true,11949,397080,true,0,exact_abs_or_rel,SKIP
c-25.mtx,fp16_lb,fp16_lb,controlled_lossy_value_specialized,ok,none,accuracy_pass_runtime_loss,0.0091,0.0077,1.582418,0.923077,,99270,76360,fp16,fp16,false,0,0,false,0,spmv_max_rel,SKIP
c-25.mtx,bf16_lb,bf16_lb,controlled_lossy_value_specialized,ok,none,accuracy_pass_runtime_loss,0.0087,0.0081,1.655172,0.965517,,99270,76360,bf16,bf16,false,0,0,false,0,spmv_max_rel,SKIP
c-25.mtx,bfp8_lb,bfp8_lb,controlled_lossy_value_specialized,ok,none,accuracy_pass_runtime_loss,0.0091,0.0087,1.582418,0.923077,,68725,76360,bfp8,bfp8,false,0,0,false,0,spmv_max_rel,SKIP
c-25.mtx,bfp8_outlier_lb,bfp8_outlier_lb,controlled_lossy_value_specialized,ok,none,accuracy_pass_runtime_loss,0.0115,0.0103,1.252174,0.730435,,72693,76360,bfp8_outlier,bfp8_outlier,false,0,0,false,0,spmv_max_rel,SKIP
c-25.mtx,bfp4_lb,bfp4_lb,controlled_lossy_value_specialized,ok,none,accuracy_pass_runtime_loss,0.0137,0.0129,1.051095,0.613139,,43908,76360,bfp4,bfp4,false,0,0,false,0,spmv_max_rel,SKIP
c-25.mtx,hybrid_lb,hybrid_lb,structural_hybrid,ok,none,promoted_fallback,0.0116,0.0097,1.241379,0.724138,,397080,,original,raw_double,false,,,1,0,exact_abs_or_rel,SKIP
c-25.mtx,cusparse_default,cusparse_csr,external_baseline,ok,none,external_baseline,0.0144,0.0123,1.000000,0.583333,,397080,213732,original,original,false,,,true,0,exact_abs_or_rel,SKIP
c-33.mtx,original_lb,original_lb,load_balanced_traversal,ok,none,promoted_fallback,0.0098,0.0089,1.479592,1.000000,,448984,81352,original,original,false,0,0,true,0,exact_abs_or_rel,SKIP
c-33.mtx,auto_lossless_lb,original_lb,load_balanced_traversal,ok,none,promoted_fallback,0.0118,0.0104,1.228814,0.830508,,448984,81352,auto_lossless,original,true,11801,448984,true,0,exact_abs_or_rel,SKIP
c-33.mtx,fp16_lb,fp16_lb,controlled_lossy_value_specialized,ok,none,accuracy_pass_runtime_win,0.0095,0.0089,1.526316,1.031579,,112246,81352,fp16,fp16,false,0,0,false,0,spmv_max_rel,SKIP
c-33.mtx,bf16_lb,bf16_lb,controlled_lossy_value_specialized,ok,none,accuracy_pass_runtime_loss,0.0101,0.0088,1.435644,0.970297,,112246,81352,bf16,bf16,false,0,0,false,0,spmv_max_rel,SKIP
c-33.mtx,bfp8_lb,bfp8_lb,controlled_lossy_value_specialized,ok,none,accuracy_pass_runtime_loss,0.0098,0.0086,1.479592,1.000000,,76461,81352,bfp8,bfp8,false,0,0,false,0,spmv_max_rel,SKIP
c-33.mtx,bfp8_outlier_lb,bfp8_outlier_lb,controlled_lossy_value_specialized,ok,none,accuracy_pass_runtime_loss,0.0118,0.0105,1.228814,0.830508,,80893,81352,bfp8_outlier,bfp8_outlier,false,0,0,false,0,spmv_max_rel,SKIP
c-33.mtx,bfp4_lb,bfp4_lb,controlled_lossy_value_specialized,ok,none,accuracy_pass_runtime_loss,0.0140,0.0133,1.035714,0.700000,,48400,81352,bfp4,bfp4,false,0,0,false,0,spmv_max_rel,SKIP
c-33.mtx,hybrid_lb,hybrid_lb,structural_hybrid,ok,none,promoted_fallback,0.0162,0.0144,0.895062,0.604938,,448984,,original,raw_double,false,,,1,0,exact_abs_or_rel,SKIP
c-33.mtx,cusparse_default,cusparse_csr,external_baseline,ok,none,external_baseline,0.0145,0.0123,1.000000,0.675862,,448984,249764,original,original,false,,,true,0,exact_abs_or_rel,SKIP
c-41.mtx,original_lb,original_lb,load_balanced_traversal,ok,none,promoted_fallback,0.0106,0.0095,1.424528,1.000000,,813080,163112,original,original,false,0,0,true,0,exact_abs_or_rel,SKIP
c-41.mtx,auto_lossless_lb,original_lb,load_balanced_traversal,ok,none,promoted_fallback,0.0090,0.0074,1.677778,1.177778,,813080,163112,auto_lossless,original,true,34440,813080,true,0,exact_abs_or_rel,SKIP
c-41.mtx,fp16_lb,fp16_lb,controlled_lossy_value_specialized,ok,none,accuracy_pass_runtime_win,0.0098,0.0091,1.540816,1.081633,,203270,163112,fp16,fp16,false,0,0,false,0,spmv_max_rel,SKIP
c-41.mtx,bf16_lb,bf16_lb,controlled_lossy_value_specialized,ok,none,accuracy_pass_runtime_win,0.0094,0.0090,1.606383,1.127660,,203270,163112,bf16,bf16,false,0,0,false,0,spmv_max_rel,SKIP
c-41.mtx,bfp8_lb,bfp8_lb,controlled_lossy_value_specialized,ok,none,accuracy_pass_runtime_win,0.0091,0.0085,1.659341,1.164835,,142413,163112,bfp8,bfp8,false,0,0,false,0,spmv_max_rel,SKIP
c-41.mtx,bfp8_outlier_lb,bfp8_outlier_lb,controlled_lossy_value_specialized,ok,none,accuracy_pass_runtime_loss,0.0116,0.0095,1.301724,0.913793,,150525,163112,bfp8_outlier,bfp8_outlier,false,0,0,false,0,spmv_max_rel,SKIP
c-41.mtx,bfp4_lb,bfp4_lb,controlled_lossy_value_specialized,ok,none,accuracy_pass_runtime_loss,0.0135,0.0124,1.118519,0.785185,,91596,163112,bfp4,bfp4,false,0,0,false,0,spmv_max_rel,SKIP
c-41.mtx,hybrid_lb,hybrid_lb,structural_hybrid,ok,none,promoted_fallback,0.0126,0.0113,1.198413,0.841270,,813080,,original,raw_double,false,,,1,0,exact_abs_or_rel,SKIP
c-41.mtx,cusparse_default,cusparse_csr,external_baseline,ok,none,external_baseline,0.0151,0.0123,1.000000,0.701987,,813080,445620,original,original,false,,,true,0,exact_abs_or_rel,SKIP
cage3.mtx,original_lb,original_lb,load_balanced_traversal,ok,none,promoted_fallback,0.0052,0.0046,2.192308,1.000000,,152,16,original,original,false,0,0,true,0,exact_abs_or_rel,SKIP
cage3.mtx,auto_lossless_lb,original_lb,load_balanced_traversal,ok,none,promoted_fallback,0.0056,0.0047,2.035714,0.928571,,152,16,auto_lossless,original,true,15,152,true,0,exact_abs_or_rel,SKIP
cage3.mtx,fp16_lb,fp16_lb,controlled_lossy_value_specialized,ok,none,accuracy_pass_runtime_loss,0.0052,0.0044,2.192308,1.000000,,38,16,fp16,fp16,false,0,0,false,0,spmv_max_rel,SKIP
cage3.mtx,bf16_lb,bf16_lb,controlled_lossy_value_specialized,ok,none,accuracy_pass_runtime_loss,0.0054,0.0041,2.111111,0.962963,,38,16,bf16,bf16,false,0,0,false,0,spmv_max_rel,SKIP
cage3.mtx,bfp8_lb,bfp8_lb,controlled_lossy_value_specialized,ok,none,accuracy_pass_runtime_loss,0.0054,0.0041,2.111111,0.962963,,23,16,bfp8,bfp8,false,0,0,false,0,spmv_max_rel,SKIP
cage3.mtx,bfp8_outlier_lb,bfp8_outlier_lb,controlled_lossy_value_specialized,ok,none,accuracy_pass_runtime_win,0.0051,0.0042,2.235294,1.019608,,23,16,bfp8_outlier,bfp8_outlier,false,0,0,false,0,spmv_max_rel,SKIP
cage3.mtx,bfp4_lb,bfp4_lb,controlled_lossy_value_specialized,ok,none,accuracy_pass_runtime_loss,0.0054,0.0043,2.111111,0.962963,,14,16,bfp4,bfp4,false,0,0,false,0,spmv_max_rel,SKIP
cage3.mtx,hybrid_lb,hybrid_lb,structural_hybrid,ok,none,promoted_fallback,0.0060,0.0045,1.900000,0.866667,,152,,original,raw_double,false,,,1,0,exact_abs_or_rel,SKIP
cage3.mtx,cusparse_default,cusparse_csr,external_baseline,ok,none,external_baseline,0.0114,0.0102,1.000000,0.456140,,152,100,original,original,false,,,true,0,exact_abs_or_rel,SKIP
cage_G_01.mtx,original_lb,original_lb,load_balanced_traversal,ok,none,promoted_fallback,0.0049,0.0046,2.367347,1.000000,,240,40,original,original,false,0,0,true,0,exact_abs_or_rel,SKIP
cage_G_01.mtx,auto_lossless_lb,all_one_lb,lossless_value_specialized,ok,none,accuracy_pass_runtime_loss,0.0067,0.0052,1.731343,0.731343,,0,40,auto_lossless,all_one,true,1,0,true,0,exact_abs_or_rel,SKIP
cage_G_01.mtx,fp16_lb,fp16_lb,controlled_lossy_value_specialized,ok,none,accuracy_pass_runtime_loss,0.0049,0.0045,2.367347,1.000000,,60,40,fp16,fp16,false,0,0,false,0,spmv_max_rel,SKIP
cage_G_01.mtx,bf16_lb,bf16_lb,controlled_lossy_value_specialized,ok,none,accuracy_pass_runtime_loss,0.0049,0.0044,2.367347,1.000000,,60,40,bf16,bf16,false,0,0,false,0,spmv_max_rel,SKIP
cage_G_01.mtx,bfp8_lb,bfp8_lb,controlled_lossy_value_specialized,ok,none,accuracy_pass_runtime_loss,0.0051,0.0044,2.274510,0.960784,,40,40,bfp8,bfp8,false,0,0,false,0,spmv_max_rel,SKIP
cage_G_01.mtx,bfp8_outlier_lb,bfp8_outlier_lb,controlled_lossy_value_specialized,ok,none,accuracy_pass_runtime_loss,0.0049,0.0041,2.367347,1.000000,,40,40,bfp8_outlier,bfp8_outlier,false,0,0,false,0,spmv_max_rel,SKIP
cage_G_01.mtx,bfp4_lb,bfp4_lb,controlled_lossy_value_specialized,ok,none,accuracy_pass_runtime_loss,0.0060,0.0046,1.933333,0.816667,,25,40,bfp4,bfp4,false,0,0,false,0,spmv_max_rel,SKIP
cage_G_01.mtx,hybrid_lb,hybrid_lb,structural_hybrid,ok,none,promoted_fallback,0.0060,0.0041,1.933333,0.816667,,240,,original,raw_double,false,,,1,0,exact_abs_or_rel,SKIP
cage_G_01.mtx,cusparse_default,cusparse_csr,external_baseline,ok,none,external_baseline,0.0116,0.0082,1.000000,0.422414,,240,164,original,original,false,,,true,0,exact_abs_or_rel,SKIP
cage_G_09.mtx,original_lb,original_lb,load_balanced_traversal,ok,none,promoted_fallback,0.0071,0.0054,1.619718,1.000000,,1392,664,original,original,false,0,0,true,0,exact_abs_or_rel,SKIP
cage_G_09.mtx,auto_lossless_lb,all_one_lb,lossless_value_specialized,ok,none,accuracy_pass_runtime_win,0.0054,0.0047,2.129630,1.314815,,0,664,auto_lossless,all_one,true,1,0,true,0,exact_abs_or_rel,SKIP
cage_G_09.mtx,fp16_lb,fp16_lb,controlled_lossy_value_specialized,ok,none,accuracy_pass_runtime_win,0.0068,0.0054,1.691176,1.044118,,348,664,fp16,fp16,false,0,0,false,0,spmv_max_rel,SKIP
cage_G_09.mtx,bf16_lb,bf16_lb,controlled_lossy_value_specialized,ok,none,accuracy_pass_runtime_loss,0.0072,0.0049,1.597222,0.986111,,348,664,bf16,bf16,false,0,0,false,0,spmv_max_rel,SKIP
cage_G_09.mtx,bfp8_lb,bfp8_lb,controlled_lossy_value_specialized,ok,none,accuracy_pass_runtime_win,0.0054,0.0047,2.129630,1.314815,,340,664,bfp8,bfp8,false,0,0,false,0,spmv_max_rel,SKIP
cage_G_09.mtx,bfp8_outlier_lb,bfp8_outlier_lb,controlled_lossy_value_specialized,ok,none,accuracy_pass_runtime_win,0.0068,0.0055,1.691176,1.044118,,340,664,bfp8_outlier,bfp8_outlier,false,0,0,false,0,spmv_max_rel,SKIP
cage_G_09.mtx,bfp4_lb,bfp4_lb,controlled_lossy_value_specialized,ok,none,accuracy_pass_runtime_loss,0.0073,0.0064,1.575342,0.972603,,253,664,bfp4,bfp4,false,0,0,false,0,spmv_max_rel,SKIP
cage_G_09.mtx,hybrid_lb,hybrid_lb,structural_hybrid,ok,none,promoted_fallback,0.0053,0.0042,2.169811,1.339623,,1392,,original,raw_double,false,,,1,0,exact_abs_or_rel,SKIP
cage_G_09.mtx,cusparse_default,cusparse_csr,external_baseline,ok,none,external_baseline,0.0115,0.0082,1.000000,0.617391,,1392,932,original,original,false,,,true,0,exact_abs_or_rel,SKIP
cage_G_17.mtx,original_lb,original_lb,load_balanced_traversal,ok,none,promoted_fallback,0.0071,0.0056,1.619718,1.000000,,1392,440,original,original,false,0,0,true,0,exact_abs_or_rel,SKIP
cage_G_17.mtx,auto_lossless_lb,all_one_lb,lossless_value_specialized,ok,none,accuracy_pass_runtime_win,0.0062,0.0050,1.854839,1.145161,,0,440,auto_lossless,all_one,true,1,0,true,0,exact_abs_or_rel,SKIP
cage_G_17.mtx,fp16_lb,fp16_lb,controlled_lossy_value_specialized,ok,none,accuracy_pass_runtime_win,0.0068,0.0051,1.691176,1.044118,,348,440,fp16,fp16,false,0,0,false,0,spmv_max_rel,SKIP
cage_G_17.mtx,bf16_lb,bf16_lb,controlled_lossy_value_specialized,ok,none,accuracy_pass_runtime_win,0.0064,0.0052,1.796875,1.109375,,348,440,bf16,bf16,false,0,0,false,0,spmv_max_rel,SKIP
cage_G_17.mtx,bfp8_lb,bfp8_lb,controlled_lossy_value_specialized,ok,none,accuracy_pass_runtime_win,0.0045,0.0035,2.555556,1.577778,,284,440,bfp8,bfp8,false,0,0,false,0,spmv_max_rel,SKIP
cage_G_17.mtx,bfp8_outlier_lb,bfp8_outlier_lb,controlled_lossy_value_specialized,ok,none,accuracy_pass_runtime_win,0.0056,0.0046,2.053571,1.267857,,284,440,bfp8_outlier,bfp8_outlier,false,0,0,false,0,spmv_max_rel,SKIP
cage_G_17.mtx,bfp4_lb,bfp4_lb,controlled_lossy_value_specialized,ok,none,accuracy_pass_runtime_win,0.0069,0.0054,1.666667,1.028986,,197,440,bfp4,bfp4,false,0,0,false,0,spmv_max_rel,SKIP
cage_G_17.mtx,hybrid_lb,hybrid_lb,structural_hybrid,ok,none,promoted_fallback,0.0058,0.0042,1.982759,1.224138,,1392,,original,raw_double,false,,,1,0,exact_abs_or_rel,SKIP
cage_G_17.mtx,cusparse_default,cusparse_csr,external_baseline,ok,none,external_baseline,0.0115,0.0082,1.000000,0.617391,,1392,932,original,original,false,,,true,0,exact_abs_or_rel,SKIP
cage_G_25.mtx,original_lb,original_lb,load_balanced_traversal,ok,none,promoted_fallback,0.0072,0.0052,1.597222,1.000000,,1680,608,original,original,false,0,0,true,0,exact_abs_or_rel,SKIP
cage_G_25.mtx,auto_lossless_lb,all_one_lb,lossless_value_specialized,ok,none,accuracy_pass_runtime_win,0.0061,0.0047,1.885246,1.180328,,0,608,auto_lossless,all_one,true,1,0,true,0,exact_abs_or_rel,SKIP
cage_G_25.mtx,fp16_lb,fp16_lb,controlled_lossy_value_specialized,ok,none,accuracy_pass_runtime_win,0.0062,0.0046,1.854839,1.161290,,420,608,fp16,fp16,false,0,0,false,0,spmv_max_rel,SKIP
cage_G_25.mtx,bf16_lb,bf16_lb,controlled_lossy_value_specialized,ok,none,accuracy_pass_runtime_win,0.0056,0.0047,2.053571,1.285714,,420,608,bf16,bf16,false,0,0,false,0,spmv_max_rel,SKIP
cage_G_25.mtx,bfp8_lb,bfp8_lb,controlled_lossy_value_specialized,ok,none,accuracy_pass_runtime_loss,0.0074,0.0063,1.554054,0.972973,,362,608,bfp8,bfp8,false,0,0,false,0,spmv_max_rel,SKIP
cage_G_25.mtx,bfp8_outlier_lb,bfp8_outlier_lb,controlled_lossy_value_specialized,ok,none,accuracy_pass_runtime_win,0.0068,0.0046,1.691176,1.058824,,362,608,bfp8_outlier,bfp8_outlier,false,0,0,false,0,spmv_max_rel,SKIP
cage_G_25.mtx,bfp4_lb,bfp4_lb,controlled_lossy_value_specialized,ok,none,accuracy_pass_runtime_win,0.0069,0.0062,1.666667,1.043478,,257,608,bfp4,bfp4,false,0,0,false,0,spmv_max_rel,SKIP
cage_G_25.mtx,hybrid_lb,hybrid_lb,structural_hybrid,ok,none,promoted_fallback,0.0064,0.0047,1.796875,1.125000,,1680,,original,raw_double,false,,,1,0,exact_abs_or_rel,SKIP
cage_G_25.mtx,cusparse_default,cusparse_csr,external_baseline,ok,none,external_baseline,0.0115,0.0082,1.000000,0.626087,,1680,1124,original,original,false,,,true,0,exact_abs_or_rel,SKIP
cage_G_33.mtx,original_lb,original_lb,load_balanced_traversal,ok,none,promoted_fallback,0.0077,0.0061,1.584416,1.000000,,2432,1384,original,original,false,0,0,true,0,exact_abs_or_rel,SKIP
cage_G_33.mtx,auto_lossless_lb,all_one_lb,lossless_value_specialized,ok,none,accuracy_pass_runtime_win,0.0076,0.0069,1.605263,1.013158,,0,1384,auto_lossless,all_one,true,1,0,true,0,exact_abs_or_rel,SKIP
cage_G_33.mtx,fp16_lb,fp16_lb,controlled_lossy_value_specialized,ok,none,accuracy_pass_runtime_win,0.0071,0.0066,1.718310,1.084507,,608,1384,fp16,fp16,false,0,0,false,0,spmv_max_rel,SKIP
cage_G_33.mtx,bf16_lb,bf16_lb,controlled_lossy_value_specialized,ok,none,accuracy_pass_runtime_win,0.0069,0.0064,1.768116,1.115942,,608,1384,bf16,bf16,false,0,0,false,0,spmv_max_rel,SKIP
cage_G_33.mtx,bfp8_lb,bfp8_lb,controlled_lossy_value_specialized,ok,none,accuracy_pass_runtime_win,0.0075,0.0070,1.626667,1.026667,,650,1384,bfp8,bfp8,false,0,0,false,0,spmv_max_rel,SKIP
cage_G_33.mtx,bfp8_outlier_lb,bfp8_outlier_lb,controlled_lossy_value_specialized,ok,none,accuracy_pass_runtime_win,0.0075,0.0070,1.626667,1.026667,,650,1384,bfp8_outlier,bfp8_outlier,false,0,0,false,0,spmv_max_rel,SKIP
cage_G_33.mtx,bfp4_lb,bfp4_lb,controlled_lossy_value_specialized,ok,none,accuracy_pass_runtime_loss,0.0098,0.0091,1.244898,0.785714,,498,1384,bfp4,bfp4,false,0,0,false,0,spmv_max_rel,SKIP
cage_G_33.mtx,hybrid_lb,hybrid_lb,structural_hybrid,ok,none,promoted_fallback,0.0062,0.0045,1.967742,1.241935,,2432,,original,raw_double,false,,,1,0,exact_abs_or_rel,SKIP
cage_G_33.mtx,cusparse_default,cusparse_csr,external_baseline,ok,none,external_baseline,0.0122,0.0102,1.000000,0.631148,,2432,1524,original,original,false,,,true,0,exact_abs_or_rel,SKIP
cage_G_41.mtx,original_lb,original_lb,load_balanced_traversal,ok,none,promoted_fallback,0.0081,0.0069,1.456790,1.000000,,8496,3000,original,original,false,0,0,true,0,exact_abs_or_rel,SKIP
cage_G_41.mtx,auto_lossless_lb,all_one_lb,lossless_value_specialized,ok,none,accuracy_pass_runtime_win,0.0072,0.0068,1.638889,1.125000,,0,3000,auto_lossless,all_one,true,1,0,true,0,exact_abs_or_rel,SKIP
cage_G_41.mtx,fp16_lb,fp16_lb,controlled_lossy_value_specialized,ok,none,accuracy_pass_runtime_loss,0.0097,0.0085,1.216495,0.835052,,2124,3000,fp16,fp16,false,0,0,false,0,spmv_max_rel,SKIP
cage_G_41.mtx,bf16_lb,bf16_lb,controlled_lossy_value_specialized,ok,none,accuracy_pass_runtime_loss,0.0081,0.0069,1.456790,1.000000,,2124,3000,bf16,bf16,false,0,0,false,0,spmv_max_rel,SKIP
cage_G_41.mtx,bfp8_lb,bfp8_lb,controlled_lossy_value_specialized,ok,none,accuracy_pass_runtime_loss,0.0088,0.0072,1.340909,0.920455,,1812,3000,bfp8,bfp8,false,0,0,false,0,spmv_max_rel,SKIP
cage_G_41.mtx,bfp8_outlier_lb,bfp8_outlier_lb,controlled_lossy_value_specialized,ok,none,accuracy_pass_runtime_loss,0.0088,0.0073,1.340909,0.920455,,1812,3000,bfp8_outlier,bfp8_outlier,false,0,0,false,0,spmv_max_rel,SKIP
cage_G_41.mtx,bfp4_lb,bfp4_lb,controlled_lossy_value_specialized,ok,none,accuracy_pass_runtime_loss,0.0109,0.0092,1.082569,0.743119,,1281,3000,bfp4,bfp4,false,0,0,false,0,spmv_max_rel,SKIP
cage_G_41.mtx,hybrid_lb,hybrid_lb,structural_hybrid,ok,none,promoted_fallback,0.0058,0.0046,2.034483,1.396552,,8496,,original,raw_double,false,,,1,0,exact_abs_or_rel,SKIP
cage_G_41.mtx,cusparse_default,cusparse_csr,external_baseline,ok,none,external_baseline,0.0118,0.0082,1.000000,0.686441,,8496,4724,original,original,false,,,true,0,exact_abs_or_rel,SKIP
can_256.mtx,original_lb,original_lb,load_balanced_traversal,ok,none,promoted_fallback,0.0083,0.0068,1.481928,1.000000,,23328,5208,original,original,false,0,0,true,0,exact_abs_or_rel,SKIP
can_256.mtx,auto_lossless_lb,all_one_lb,lossless_value_specialized,ok,none,accuracy_pass_runtime_loss,0.0083,0.0068,1.481928,1.000000,,0,5208,auto_lossless,all_one,true,1,0,true,0,exact_abs_or_rel,SKIP
can_256.mtx,fp16_lb,fp16_lb,controlled_lossy_value_specialized,ok,none,accuracy_pass_runtime_loss,0.0098,0.0080,1.255102,0.846939,,5832,5208,fp16,fp16,false,0,0,false,0,spmv_max_rel,SKIP
can_256.mtx,bf16_lb,bf16_lb,controlled_lossy_value_specialized,ok,none,accuracy_pass_runtime_loss,0.0100,0.0081,1.230000,0.830000,,5832,5208,bf16,bf16,false,0,0,false,0,spmv_max_rel,SKIP
can_256.mtx,bfp8_lb,bfp8_lb,controlled_lossy_value_specialized,ok,none,accuracy_pass_runtime_loss,0.0098,0.0088,1.255102,0.846939,,4218,5208,bfp8,bfp8,false,0,0,false,0,spmv_max_rel,SKIP
can_256.mtx,bfp8_outlier_lb,bfp8_outlier_lb,controlled_lossy_value_specialized,ok,none,accuracy_pass_runtime_loss,0.0104,0.0096,1.182692,0.798077,,4218,5208,bfp8_outlier,bfp8_outlier,false,0,0,false,0,spmv_max_rel,SKIP
can_256.mtx,bfp4_lb,bfp4_lb,controlled_lossy_value_specialized,ok,none,accuracy_pass_runtime_loss,0.0117,0.0106,1.051282,0.709402,,2760,5208,bfp4,bfp4,false,0,0,false,0,spmv_max_rel,SKIP
can_256.mtx,hybrid_lb,hybrid_lb,structural_hybrid,ok,none,promoted_fallback,0.0089,0.0067,1.382022,0.932584,,23328,,original,raw_double,false,,,1,0,exact_abs_or_rel,SKIP
can_256.mtx,cusparse_default,cusparse_csr,external_baseline,ok,none,external_baseline,0.0123,0.0102,1.000000,0.674797,,23328,12692,original,original,false,,,true,0,exact_abs_or_rel,SKIP
can_73.mtx,original_lb,original_lb,load_balanced_traversal,ok,none,promoted_fallback,0.0068,0.0054,1.676471,1.000000,,3016,768,original,original,false,0,0,true,0,exact_abs_or_rel,SKIP
can_73.mtx,auto_lossless_lb,all_one_lb,lossless_value_specialized,ok,none,accuracy_pass_runtime_loss,0.0081,0.0058,1.407407,0.839506,,0,768,auto_lossless,all_one,true,1,0,true,0,exact_abs_or_rel,SKIP
can_73.mtx,fp16_lb,fp16_lb,controlled_lossy_value_specialized,ok,none,accuracy_pass_runtime_loss,0.0081,0.0060,1.407407,0.839506,,754,768,fp16,fp16,false,0,0,false,0,spmv_max_rel,SKIP
can_73.mtx,bf16_lb,bf16_lb,controlled_lossy_value_specialized,ok,none,accuracy_pass_runtime_loss,0.0077,0.0058,1.480519,0.883117,,754,768,bf16,bf16,false,0,0,false,0,spmv_max_rel,SKIP
can_73.mtx,bfp8_lb,bfp8_lb,controlled_lossy_value_specialized,ok,none,accuracy_pass_runtime_loss,0.0080,0.0070,1.425000,0.850000,,569,768,bfp8,bfp8,false,0,0,false,0,spmv_max_rel,SKIP
can_73.mtx,bfp8_outlier_lb,bfp8_outlier_lb,controlled_lossy_value_specialized,ok,none,accuracy_pass_runtime_loss,0.0075,0.0067,1.520000,0.906667,,569,768,bfp8_outlier,bfp8_outlier,false,0,0,false,0,spmv_max_rel,SKIP
can_73.mtx,bfp4_lb,bfp4_lb,controlled_lossy_value_specialized,ok,none,accuracy_pass_runtime_loss,0.0092,0.0072,1.239130,0.739130,,381,768,bfp4,bfp4,false,0,0,false,0,spmv_max_rel,SKIP
can_73.mtx,hybrid_lb,hybrid_lb,structural_hybrid,ok,none,promoted_fallback,0.0069,0.0050,1.652174,0.985507,,3016,,original,raw_double,false,,,1,0,exact_abs_or_rel,SKIP
can_73.mtx,cusparse_default,cusparse_csr,external_baseline,ok,none,external_baseline,0.0114,0.0082,1.000000,0.596491,,3016,1804,original,original,false,,,true,0,exact_abs_or_rel,SKIP
car4.mtx,original_lb,original_lb,load_balanced_traversal,ok,none,promoted_fallback,0.0086,0.0075,1.686047,1.000000,,509792,82128,original,original,false,0,0,true,0,exact_abs_or_rel,SKIP
car4.mtx,auto_lossless_lb,dict256_u8_lb,lossless_value_specialized,ok,none,accuracy_pass_runtime_loss,0.0114,0.0100,1.271930,0.754386,,328656,82128,auto_lossless,dict256_u8,true,18,328656,true,18,exact_abs_or_rel,SKIP
car4.mtx,fp16_lb,fp16_lb,controlled_lossy_value_specialized,ok,none,accuracy_pass_runtime_loss,0.0092,0.0079,1.576087,0.934783,,127448,82128,fp16,fp16,false,0,0,false,0,spmv_max_rel,SKIP
car4.mtx,bf16_lb,bf16_lb,controlled_lossy_value_specialized,ok,none,accuracy_pass_runtime_loss,0.0093,0.0078,1.559140,0.924731,,127448,82128,bf16,bf16,false,0,0,false,0,spmv_max_rel,SKIP
car4.mtx,bfp8_lb,bfp8_lb,controlled_lossy_value_specialized,ok,none,accuracy_pass_runtime_loss,0.0101,0.0095,1.435644,0.851485,,84256,82128,bfp8,bfp8,false,0,0,false,0,spmv_max_rel,SKIP
car4.mtx,bfp8_outlier_lb,bfp8_outlier_lb,controlled_lossy_value_specialized,ok,none,accuracy_pass_runtime_loss,0.0097,0.0084,1.494845,0.886598,,84256,82128,bfp8_outlier,bfp8_outlier,false,0,0,false,0,spmv_max_rel,SKIP
car4.mtx,bfp4_lb,bfp4_lb,controlled_lossy_value_specialized,ok,none,accuracy_pass_runtime_loss,0.0119,0.0107,1.218487,0.722689,,52394,82128,bfp4,bfp4,false,0,0,false,0,spmv_max_rel,SKIP
car4.mtx,hybrid_lb,hybrid_lb,structural_hybrid,ok,none,promoted_fallback,0.0112,0.0093,1.294643,0.767857,,509792,,original,raw_double,false,,,1,0,exact_abs_or_rel,SKIP
car4.mtx,cusparse_default,cusparse_csr,external_baseline,ok,none,external_baseline,0.0145,0.0123,1.000000,0.593103,,509792,320436,original,original,false,,,true,0,exact_abs_or_rel,SKIP
cavity06.mtx,original_lb,original_lb,load_balanced_traversal,ok,none,promoted_fallback,0.0091,0.0070,1.527473,1.000000,,237400,23760,original,original,false,0,0,true,0,exact_abs_or_rel,SKIP
cavity06.mtx,auto_lossless_lb,original_lb,load_balanced_traversal,ok,none,promoted_fallback,0.0093,0.0067,1.494624,0.978495,,237400,23760,auto_lossless,original,true,21992,237400,true,0,exact_abs_or_rel,SKIP
cavity06.mtx,fp16_lb,fp16_lb,controlled_lossy_value_specialized,ok,none,accuracy_pass_runtime_win,0.0082,0.0072,1.695122,1.109756,,59350,23760,fp16,fp16,false,0,0,false,0,spmv_max_rel,SKIP
cavity06.mtx,bf16_lb,bf16_lb,controlled_lossy_value_specialized,ok,none,accuracy_pass_runtime_win,0.0083,0.0072,1.674699,1.096386,,59350,23760,bf16,bf16,false,0,0,false,0,spmv_max_rel,SKIP
cavity06.mtx,bfp8_lb,bfp8_lb,controlled_lossy_value_specialized,ok,none,accuracy_pass_runtime_loss,0.0091,0.0074,1.527473,1.000000,,35615,23760,bfp8,bfp8,false,0,0,false,0,spmv_max_rel,SKIP
cavity06.mtx,bfp8_outlier_lb,bfp8_outlier_lb,controlled_lossy_value_specialized,ok,none,accuracy_pass_runtime_loss,0.0114,0.0094,1.219298,0.798246,,37983,23760,bfp8_outlier,bfp8_outlier,false,0,0,false,0,spmv_max_rel,SKIP
cavity06.mtx,bfp4_lb,bfp4_lb,controlled_lossy_value_specialized,ok,none,accuracy_pass_runtime_loss,0.0113,0.0108,1.230088,0.805310,,20778,23760,bfp4,bfp4,false,0,0,false,0,spmv_max_rel,SKIP
cavity06.mtx,hybrid_lb,hybrid_lb,structural_hybrid,ok,none,promoted_fallback,0.0085,0.0069,1.635294,1.070588,,237400,,original,raw_double,false,,,1,0,exact_abs_or_rel,SKIP
cavity06.mtx,cusparse_default,cusparse_csr,external_baseline,ok,none,external_baseline,0.0139,0.0102,1.000000,0.654676,,237400,123432,original,original,false,,,true,0,exact_abs_or_rel,SKIP
cavity14.mtx,original_lb,original_lb,load_balanced_traversal,ok,none,promoted_fallback,0.0092,0.0088,1.445652,1.000000,,610064,57208,original,original,false,0,0,true,0,exact_abs_or_rel,SKIP
cavity14.mtx,auto_lossless_lb,original_lb,load_balanced_traversal,ok,none,promoted_fallback,0.0078,0.0072,1.705128,1.179487,,610064,57208,auto_lossless,original,true,56026,610064,true,0,exact_abs_or_rel,SKIP
cavity14.mtx,fp16_lb,fp16_lb,controlled_lossy_value_specialized,ok,none,accuracy_pass_runtime_loss,0.0095,0.0088,1.400000,0.968421,,152516,57208,fp16,fp16,false,0,0,false,0,spmv_max_rel,SKIP
cavity14.mtx,bf16_lb,bf16_lb,controlled_lossy_value_specialized,ok,none,accuracy_pass_runtime_loss,0.0092,0.0089,1.445652,1.000000,,152516,57208,bf16,bf16,false,0,0,false,0,spmv_max_rel,SKIP
cavity14.mtx,bfp8_lb,bfp8_lb,controlled_lossy_value_specialized,ok,none,accuracy_pass_runtime_win,0.0088,0.0081,1.511364,1.045455,,90560,57208,bfp8,bfp8,false,0,0,false,0,spmv_max_rel,SKIP
cavity14.mtx,bfp8_outlier_lb,bfp8_outlier_lb,controlled_lossy_value_specialized,ok,none,accuracy_pass_runtime_loss,0.0115,0.0086,1.156522,0.800000,,96656,57208,bfp8_outlier,bfp8_outlier,false,0,0,false,0,spmv_max_rel,SKIP
cavity14.mtx,bfp4_lb,bfp4_lb,controlled_lossy_value_specialized,ok,none,accuracy_pass_runtime_loss,0.0122,0.0107,1.090164,0.754098,,52431,57208,bfp4,bfp4,false,0,0,false,0,spmv_max_rel,SKIP
cavity14.mtx,hybrid_lb,hybrid_lb,structural_hybrid,ok,none,promoted_fallback,0.0100,0.0079,1.330000,0.920000,,610064,,original,raw_double,false,,,1,0,exact_abs_or_rel,SKIP
cavity14.mtx,cusparse_default,cusparse_csr,external_baseline,ok,none,external_baseline,0.0133,0.0103,1.000000,0.691729,,610064,315424,original,original,false,,,true,0,exact_abs_or_rel,SKIP
cavity22.mtx,original_lb,original_lb,load_balanced_traversal,ok,none,promoted_fallback,0.0081,0.0068,1.679012,1.000000,,1104320,101312,original,original,false,0,0,true,0,exact_abs_or_rel,SKIP
cavity22.mtx,auto_lossless_lb,original_lb,load_balanced_traversal,ok,none,promoted_fallback,0.0110,0.0088,1.236364,0.736364,,1104320,101312,auto_lossless,original,true,100648,1104320,true,0,exact_abs_or_rel,SKIP
cavity22.mtx,fp16_lb,fp16_lb,controlled_lossy_value_specialized,ok,none,accuracy_pass_runtime_loss,0.0084,0.0064,1.619048,0.964286,,276080,101312,fp16,fp16,false,0,0,false,0,spmv_max_rel,SKIP
cavity22.mtx,bf16_lb,bf16_lb,controlled_lossy_value_specialized,ok,none,accuracy_pass_runtime_loss,0.0083,0.0068,1.638554,0.975904,,276080,101312,bf16,bf16,false,0,0,false,0,spmv_max_rel,SKIP
cavity22.mtx,bfp8_lb,bfp8_lb,controlled_lossy_value_specialized,ok,none,accuracy_pass_runtime_loss,0.0099,0.0088,1.373737,0.818182,,163368,101312,bfp8,bfp8,false,0,0,false,0,spmv_max_rel,SKIP
cavity22.mtx,bfp8_outlier_lb,bfp8_outlier_lb,controlled_lossy_value_specialized,ok,none,accuracy_pass_runtime_loss,0.0115,0.0088,1.182609,0.704348,,174408,101312,bfp8_outlier,bfp8_outlier,false,0,0,false,0,spmv_max_rel,SKIP
cavity22.mtx,bfp4_lb,bfp4_lb,controlled_lossy_value_specialized,ok,none,accuracy_pass_runtime_loss,0.0116,0.0108,1.172414,0.698276,,94348,101312,bfp4,bfp4,false,0,0,false,0,spmv_max_rel,SKIP
cavity22.mtx,hybrid_lb,hybrid_lb,structural_hybrid,ok,none,promoted_fallback,0.0094,0.0087,1.446809,0.861702,,1104320,,original,raw_double,false,,,1,0,exact_abs_or_rel,SKIP
cavity22.mtx,cusparse_default,cusparse_csr,external_baseline,ok,none,external_baseline,0.0136,0.0102,1.000000,0.595588,,1104320,570412,original,original,false,,,true,0,exact_abs_or_rel,SKIP
cdde4.mtx,original_lb,original_lb,load_balanced_traversal,ok,none,promoted_fallback,0.0073,0.0051,1.945205,1.000000,,37448,9400,original,original,false,0,0,true,0,exact_abs_or_rel,SKIP
cdde4.mtx,auto_lossless_lb,dict16_lb,lossless_value_specialized,ok,none,accuracy_pass_runtime_win,0.0066,0.0051,2.151515,1.106061,,18840,9400,auto_lossless,dict16,true,5,18840,true,5,exact_abs_or_rel,SKIP
cdde4.mtx,fp16_lb,fp16_lb,controlled_lossy_value_specialized,ok,none,accuracy_pass_runtime_loss,0.0073,0.0052,1.945205,1.000000,,9362,9400,fp16,fp16,false,0,0,false,0,spmv_max_rel,SKIP
cdde4.mtx,bf16_lb,bf16_lb,controlled_lossy_value_specialized,ok,none,accuracy_pass_runtime_loss,0.0073,0.0052,1.945205,1.000000,,9362,9400,bf16,bf16,false,0,0,false,0,spmv_max_rel,SKIP
cdde4.mtx,bfp8_lb,bfp8_lb,controlled_lossy_value_specialized,ok,none,accuracy_pass_runtime_win,0.0061,0.0050,2.327869,1.196721,,7031,9400,bfp8,bfp8,false,0,0,false,0,spmv_max_rel,SKIP
cdde4.mtx,bfp8_outlier_lb,bfp8_outlier_lb,controlled_lossy_value_specialized,ok,none,accuracy_pass_runtime_win,0.0062,0.0049,2.290323,1.177419,,7031,9400,bfp8_outlier,bfp8_outlier,false,0,0,false,0,spmv_max_rel,SKIP
cdde4.mtx,bfp4_lb,bfp4_lb,controlled_lossy_value_specialized,ok,none,accuracy_pass_runtime_win,0.0069,0.0061,2.057971,1.057971,,4691,9400,bfp4,bfp4,false,0,0,false,0,spmv_max_rel,SKIP
cdde4.mtx,hybrid_lb,hybrid_lb,structural_hybrid,ok,none,promoted_fallback,0.0065,0.0047,2.184615,1.123077,,37448,,original,raw_double,false,,,1,0,exact_abs_or_rel,SKIP
cdde4.mtx,cusparse_default,cusparse_csr,external_baseline,ok,none,external_baseline,0.0142,0.0123,1.000000,0.514085,,37448,22572,original,original,false,,,true,0,exact_abs_or_rel,SKIP
celegans_metabolic.mtx,original_lb,original_lb,load_balanced_traversal,ok,none,promoted_fallback,0.0090,0.0073,1.344444,1.000000,,32520,14288,original,original,false,0,0,true,0,exact_abs_or_rel,SKIP
celegans_metabolic.mtx,auto_lossless_lb,original_lb,load_balanced_traversal,ok,none,promoted_fallback,0.0094,0.0084,1.287234,0.957447,,32520,14288,auto_lossless,original,true,26,32520,true,0,exact_abs_or_rel,SKIP
celegans_metabolic.mtx,fp16_lb,fp16_lb,controlled_lossy_value_specialized,ok,none,accuracy_pass_runtime_loss,0.0095,0.0085,1.273684,0.947368,,8130,14288,fp16,fp16,false,0,0,false,0,spmv_max_rel,SKIP
celegans_metabolic.mtx,bf16_lb,bf16_lb,controlled_lossy_value_specialized,ok,none,accuracy_pass_runtime_win,0.0089,0.0071,1.359551,1.011236,,8130,14288,bf16,bf16,false,0,0,false,0,spmv_max_rel,SKIP
celegans_metabolic.mtx,bfp8_lb,bfp8_lb,controlled_lossy_value_specialized,ok,none,accuracy_pass_runtime_loss,0.0091,0.0083,1.329670,0.989011,,7637,14288,bfp8,bfp8,false,0,0,false,0,spmv_max_rel,SKIP
celegans_metabolic.mtx,bfp8_outlier_lb,bfp8_outlier_lb,controlled_lossy_value_specialized,ok,none,accuracy_pass_runtime_loss,0.0116,0.0104,1.043103,0.775862,,7957,14288,bfp8_outlier,bfp8_outlier,false,0,0,false,0,spmv_max_rel,SKIP
celegans_metabolic.mtx,bfp4_lb,bfp4_lb,controlled_lossy_value_specialized,ok,none,accuracy_pass_runtime_loss,0.0114,0.0100,1.061404,0.789474,,5605,14288,bfp4,bfp4,false,0,0,false,0,spmv_max_rel,SKIP
celegans_metabolic.mtx,hybrid_lb,hybrid_lb,structural_hybrid,ok,none,promoted_fallback,0.0111,0.0096,1.090090,0.810811,,32520,,original,raw_double,false,,,1,0,exact_abs_or_rel,SKIP
celegans_metabolic.mtx,cusparse_default,cusparse_csr,external_baseline,ok,none,external_baseline,0.0121,0.0102,1.000000,0.743802,,32520,18076,original,original,false,,,true,0,exact_abs_or_rel,SKIP
cell2.mtx,original_lb,original_lb,load_balanced_traversal,ok,none,promoted_fallback,0.0067,0.0048,2.134328,1.000000,,240656,55000,original,original,false,0,0,true,0,exact_abs_or_rel,SKIP
cell2.mtx,auto_lossless_lb,original_lb,load_balanced_traversal,ok,none,promoted_fallback,0.0071,0.0052,2.014085,0.943662,,240656,55000,auto_lossless,original,true,415,240656,true,0,exact_abs_or_rel,SKIP
cell2.mtx,fp16_lb,fp16_lb,controlled_lossy_value_specialized,ok,none,accuracy_pass_runtime_win,0.0059,0.0050,2.423729,1.135593,,60164,55000,fp16,fp16,false,0,0,false,0,spmv_max_rel,SKIP
cell2.mtx,bf16_lb,bf16_lb,controlled_lossy_value_specialized,ok,none,accuracy_pass_runtime_win,0.0057,0.0038,2.508772,1.175439,,60164,55000,bf16,bf16,false,0,0,false,0,spmv_max_rel,SKIP
cell2.mtx,bfp8_lb,bfp8_lb,controlled_lossy_value_specialized,ok,none,accuracy_pass_runtime_loss,0.0071,0.0050,2.014085,0.943662,,43832,55000,bfp8,bfp8,false,0,0,false,0,spmv_max_rel,SKIP
cell2.mtx,bfp8_outlier_lb,bfp8_outlier_lb,controlled_lossy_value_specialized,ok,none,accuracy_pass_runtime_loss,0.0086,0.0072,1.662791,0.779070,,46216,55000,bfp8_outlier,bfp8_outlier,false,0,0,false,0,spmv_max_rel,SKIP
cell2.mtx,bfp4_lb,bfp4_lb,controlled_lossy_value_specialized,ok,none,accuracy_pass_runtime_loss,0.0072,0.0068,1.986111,0.930556,,28791,55000,bfp4,bfp4,false,0,0,false,0,spmv_max_rel,SKIP
cell2.mtx,hybrid_lb,hybrid_lb,structural_hybrid,ok,none,promoted_fallback,0.0055,0.0041,2.600000,1.218182,,240656,,original,raw_double,false,,,1,0,exact_abs_or_rel,SKIP
cell2.mtx,cusparse_default,cusparse_csr,external_baseline,ok,none,external_baseline,0.0143,0.0123,1.000000,0.468531,,240656,148552,original,original,false,,,true,0,exact_abs_or_rel,SKIP
ch3-3-b1.mtx,original_lb,original_lb,load_balanced_traversal,ok,none,promoted_fallback,0.0051,0.0044,2.176471,1.000000,,288,48,original,original,false,0,0,true,0,exact_abs_or_rel,SKIP
ch3-3-b1.mtx,auto_lossless_lb,sign2_lb,lossless_value_specialized,ok,none,accuracy_pass_runtime_loss,0.0059,0.0051,1.881356,0.864407,,24,48,auto_lossless,sign2,true,2,24,true,0,exact_abs_or_rel,SKIP
ch3-3-b1.mtx,fp16_lb,fp16_lb,controlled_lossy_value_specialized,ok,none,accuracy_pass_runtime_loss,0.0060,0.0042,1.850000,0.850000,,72,48,fp16,fp16,false,0,0,false,0,spmv_max_rel,SKIP
ch3-3-b1.mtx,bf16_lb,bf16_lb,controlled_lossy_value_specialized,ok,none,accuracy_pass_runtime_loss,0.0059,0.0048,1.881356,0.864407,,72,48,bf16,bf16,false,0,0,false,0,spmv_max_rel,SKIP
ch3-3-b1.mtx,bfp8_lb,bfp8_lb,controlled_lossy_value_specialized,ok,none,accuracy_pass_runtime_loss,0.0057,0.0042,1.947368,0.894737,,48,48,bfp8,bfp8,false,0,0,false,0,spmv_max_rel,SKIP
ch3-3-b1.mtx,bfp8_outlier_lb,bfp8_outlier_lb,controlled_lossy_value_specialized,ok,none,accuracy_pass_runtime_win,0.0050,0.0039,2.220000,1.020000,,48,48,bfp8_outlier,bfp8_outlier,false,0,0,false,0,spmv_max_rel,SKIP
ch3-3-b1.mtx,bfp4_lb,bfp4_lb,controlled_lossy_value_specialized,ok,none,accuracy_pass_runtime_loss,0.0062,0.0057,1.790323,0.822581,,30,48,bfp4,bfp4,false,0,0,false,0,spmv_max_rel,SKIP
ch3-3-b1.mtx,hybrid_lb,hybrid_lb,structural_hybrid,ok,none,promoted_fallback,0.0059,0.0046,1.881356,0.864407,,288,,original,raw_double,false,,,1,0,exact_abs_or_rel,SKIP
ch3-3-b1.mtx,cusparse_default,cusparse_csr,external_baseline,ok,none,external_baseline,0.0111,0.0082,1.000000,0.459459,,288,220,original,original,false,,,true,0,exact_abs_or_rel,SKIP
ch5-5-b4.mtx,original_lb,original_lb,load_balanced_traversal,ok,none,promoted_fallback,0.0078,0.0062,1.461538,1.000000,,4800,2496,original,original,false,0,0,true,0,exact_abs_or_rel,SKIP
ch5-5-b4.mtx,auto_lossless_lb,sign2_lb,lossless_value_specialized,ok,none,accuracy_pass_runtime_loss,0.0079,0.0066,1.443038,0.987342,,1248,2496,auto_lossless,sign2,true,2,1248,true,0,exact_abs_or_rel,SKIP
ch5-5-b4.mtx,fp16_lb,fp16_lb,controlled_lossy_value_specialized,ok,none,accuracy_pass_runtime_win,0.0076,0.0065,1.500000,1.026316,,1200,2496,fp16,fp16,false,0,0,false,0,spmv_max_rel,SKIP
ch5-5-b4.mtx,bf16_lb,bf16_lb,controlled_lossy_value_specialized,ok,none,accuracy_pass_runtime_win,0.0075,0.0065,1.520000,1.040000,,1200,2496,bf16,bf16,false,0,0,false,0,spmv_max_rel,SKIP
ch5-5-b4.mtx,bfp8_lb,bfp8_lb,controlled_lossy_value_specialized,ok,none,accuracy_pass_runtime_loss,0.0096,0.0077,1.187500,0.812500,,1224,2496,bfp8,bfp8,false,0,0,false,0,spmv_max_rel,SKIP
ch5-5-b4.mtx,bfp8_outlier_lb,bfp8_outlier_lb,controlled_lossy_value_specialized,ok,none,accuracy_pass_runtime_loss,0.0086,0.0069,1.325581,0.906977,,1224,2496,bfp8_outlier,bfp8_outlier,false,0,0,false,0,spmv_max_rel,SKIP
ch5-5-b4.mtx,bfp4_lb,bfp4_lb,controlled_lossy_value_specialized,ok,none,accuracy_pass_runtime_loss,0.0112,0.0099,1.017857,0.696429,,924,2496,bfp4,bfp4,false,0,0,false,0,spmv_max_rel,SKIP
ch5-5-b4.mtx,hybrid_lb,hybrid_lb,structural_hybrid,ok,none,promoted_fallback,0.0060,0.0045,1.900000,1.300000,,4800,,original,raw_double,false,,,1,0,exact_abs_or_rel,SKIP
ch5-5-b4.mtx,cusparse_default,cusparse_csr,external_baseline,ok,none,external_baseline,0.0114,0.0082,1.000000,0.684211,,4800,2884,original,original,false,,,true,0,exact_abs_or_rel,SKIP
ch7-6-b3.mtx,original_lb,original_lb,load_balanced_traversal,ok,none,promoted_fallback,0.0071,0.0056,2.014085,1.000000,,403200,136456,original,original,false,0,0,true,0,exact_abs_or_rel,SKIP
ch7-6-b3.mtx,auto_lossless_lb,sign2_lb,lossless_value_specialized,ok,none,accuracy_pass_runtime_loss,0.0077,0.0064,1.857143,0.922078,,68228,136456,auto_lossless,sign2,true,2,68228,true,0,exact_abs_or_rel,SKIP
ch7-6-b3.mtx,fp16_lb,fp16_lb,controlled_lossy_value_specialized,ok,none,accuracy_pass_runtime_loss,0.0077,0.0068,1.857143,0.922078,,100800,136456,fp16,fp16,false,0,0,false,0,spmv_max_rel,SKIP
ch7-6-b3.mtx,bf16_lb,bf16_lb,controlled_lossy_value_specialized,ok,none,accuracy_pass_runtime_loss,0.0074,0.0056,1.932432,0.959459,,100800,136456,bf16,bf16,false,0,0,false,0,spmv_max_rel,SKIP
ch7-6-b3.mtx,bfp8_lb,bfp8_lb,controlled_lossy_value_specialized,ok,none,accuracy_pass_runtime_loss,0.0073,0.0060,1.958904,0.972603,,84514,136456,bfp8,bfp8,false,0,0,false,0,spmv_max_rel,SKIP
ch7-6-b3.mtx,bfp8_outlier_lb,bfp8_outlier_lb,controlled_lossy_value_specialized,ok,none,accuracy_pass_runtime_win,0.0069,0.0054,2.072464,1.028986,,84514,136456,bfp8_outlier,bfp8_outlier,false,0,0,false,0,spmv_max_rel,SKIP
ch7-6-b3.mtx,bfp4_lb,bfp4_lb,controlled_lossy_value_specialized,ok,none,accuracy_pass_runtime_loss,0.0077,0.0067,1.857143,0.922078,,59314,136456,bfp4,bfp4,false,0,0,false,0,spmv_max_rel,SKIP
ch7-6-b3.mtx,hybrid_lb,hybrid_lb,structural_hybrid,ok,none,promoted_fallback,0.0065,0.0049,2.200000,1.092308,,403200,,original,raw_double,false,,,1,0,exact_abs_or_rel,SKIP
ch7-6-b3.mtx,cusparse_default,cusparse_csr,external_baseline,ok,none,external_baseline,0.0143,0.0123,1.000000,0.496503,,403200,252004,original,original,false,,,true,0,exact_abs_or_rel,SKIP
ch7-9-b2.mtx,original_lb,original_lb,load_balanced_traversal,ok,none,promoted_fallback,0.0068,0.0056,2.117647,1.000000,,423360,130184,original,original,false,0,0,true,0,exact_abs_or_rel,SKIP
ch7-9-b2.mtx,auto_lossless_lb,sign2_lb,lossless_value_specialized,ok,none,accuracy_pass_runtime_loss,0.0085,0.0082,1.694118,0.800000,,65092,130184,auto_lossless,sign2,true,2,65092,true,0,exact_abs_or_rel,SKIP
ch7-9-b2.mtx,fp16_lb,fp16_lb,controlled_lossy_value_specialized,ok,none,accuracy_pass_runtime_loss,0.0075,0.0057,1.920000,0.906667,,105840,130184,fp16,fp16,false,0,0,false,0,spmv_max_rel,SKIP
ch7-9-b2.mtx,bf16_lb,bf16_lb,controlled_lossy_value_specialized,ok,none,accuracy_pass_runtime_loss,0.0076,0.0062,1.894737,0.894737,,105840,130184,bf16,bf16,false,0,0,false,0,spmv_max_rel,SKIP
ch7-9-b2.mtx,bfp8_lb,bfp8_lb,controlled_lossy_value_specialized,ok,none,accuracy_pass_runtime_loss,0.0070,0.0058,2.057143,0.971429,,85466,130184,bfp8,bfp8,false,0,0,false,0,spmv_max_rel,SKIP
ch7-9-b2.mtx,bfp8_outlier_lb,bfp8_outlier_lb,controlled_lossy_value_specialized,ok,none,accuracy_pass_runtime_loss,0.0074,0.0064,1.945946,0.918919,,85466,130184,bfp8_outlier,bfp8_outlier,false,0,0,false,0,spmv_max_rel,SKIP
ch7-9-b2.mtx,bfp4_lb,bfp4_lb,controlled_lossy_value_specialized,ok,none,accuracy_pass_runtime_loss,0.0080,0.0070,1.800000,0.850000,,59006,130184,bfp4,bfp4,false,0,0,false,0,spmv_max_rel,SKIP
ch7-9-b2.mtx,hybrid_lb,hybrid_lb,structural_hybrid,ok,none,promoted_fallback,0.0064,0.0049,2.250000,1.062500,,423360,,original,raw_double,false,,,1,0,exact_abs_or_rel,SKIP
ch7-9-b2.mtx,cusparse_default,cusparse_csr,external_baseline,ok,none,external_baseline,0.0144,0.0123,1.000000,0.472222,,423360,282244,original,original,false,,,true,0,exact_abs_or_rel,SKIP
chesapeake.mtx,original_lb,original_lb,load_balanced_traversal,ok,none,promoted_fallback,0.0054,0.0045,2.166667,1.000000,,2720,344,original,original,false,0,0,true,0,exact_abs_or_rel,SKIP
chesapeake.mtx,auto_lossless_lb,all_one_lb,lossless_value_specialized,ok,none,accuracy_pass_runtime_loss,0.0064,0.0050,1.828125,0.843750,,0,344,auto_lossless,all_one,true,1,0,true,0,exact_abs_or_rel,SKIP
chesapeake.mtx,fp16_lb,fp16_lb,controlled_lossy_value_specialized,ok,none,accuracy_pass_runtime_loss,0.0054,0.0044,2.166667,1.000000,,680,344,fp16,fp16,false,0,0,false,0,spmv_max_rel,SKIP
chesapeake.mtx,bf16_lb,bf16_lb,controlled_lossy_value_specialized,ok,none,accuracy_pass_runtime_loss,0.0057,0.0046,2.052632,0.947368,,680,344,bf16,bf16,false,0,0,false,0,spmv_max_rel,SKIP
chesapeake.mtx,bfp8_lb,bfp8_lb,controlled_lossy_value_specialized,ok,none,accuracy_pass_runtime_loss,0.0059,0.0047,1.983051,0.915254,,426,344,bfp8,bfp8,false,0,0,false,0,spmv_max_rel,SKIP
chesapeake.mtx,bfp8_outlier_lb,bfp8_outlier_lb,controlled_lossy_value_specialized,ok,none,accuracy_pass_runtime_loss,0.0056,0.0046,2.089286,0.964286,,426,344,bfp8_outlier,bfp8_outlier,false,0,0,false,0,spmv_max_rel,SKIP
chesapeake.mtx,bfp4_lb,bfp4_lb,controlled_lossy_value_specialized,ok,none,accuracy_pass_runtime_loss,0.0080,0.0074,1.462500,0.675000,,256,344,bfp4,bfp4,false,0,0,false,0,spmv_max_rel,SKIP
chesapeake.mtx,hybrid_lb,hybrid_lb,structural_hybrid,ok,none,promoted_fallback,0.0076,0.0063,1.539474,0.710526,,2720,,original,raw_double,false,,,1,0,exact_abs_or_rel,SKIP
chesapeake.mtx,cusparse_default,cusparse_csr,external_baseline,ok,none,external_baseline,0.0117,0.0082,1.000000,0.461538,,2720,1520,original,original,false,,,true,0,exact_abs_or_rel,SKIP
circuit_2.mtx,original_lb,original_lb,load_balanced_traversal,ok,none,promoted_fallback,0.0088,0.0074,1.636364,1.000000,,169592,64160,original,original,false,0,0,true,0,exact_abs_or_rel,SKIP
circuit_2.mtx,auto_lossless_lb,original_lb,load_balanced_traversal,ok,none,promoted_fallback,0.0088,0.0072,1.636364,1.000000,,169592,64160,auto_lossless,original,true,7587,169592,true,0,exact_abs_or_rel,SKIP
circuit_2.mtx,fp16_lb,fp16_lb,controlled_lossy_value_specialized,ok,none,accuracy_pass_runtime_loss,0.0095,0.0078,1.515789,0.926316,,42398,64160,fp16,fp16,false,0,0,false,0,spmv_max_rel,SKIP
circuit_2.mtx,bf16_lb,bf16_lb,controlled_lossy_value_specialized,ok,none,accuracy_pass_runtime_loss,0.0094,0.0086,1.531915,0.936170,,42398,64160,bf16,bf16,false,0,0,false,0,spmv_max_rel,SKIP
circuit_2.mtx,bfp8_lb,bfp8_lb,controlled_lossy_value_specialized,ok,none,accuracy_pass_runtime_loss,0.0094,0.0083,1.531915,0.936170,,37239,64160,bfp8,bfp8,false,0,0,false,0,spmv_max_rel,SKIP
circuit_2.mtx,bfp8_outlier_lb,bfp8_outlier_lb,controlled_lossy_value_specialized,ok,none,accuracy_pass_runtime_loss,0.0115,0.0100,1.252174,0.765217,,37255,64160,bfp8_outlier,bfp8_outlier,false,0,0,false,0,spmv_max_rel,SKIP
circuit_2.mtx,bfp4_lb,bfp4_lb,controlled_lossy_value_specialized,ok,none,accuracy_pass_runtime_loss,0.0132,0.0119,1.090909,0.666667,,26640,64160,bfp4,bfp4,false,0,0,false,0,spmv_max_rel,SKIP
circuit_2.mtx,hybrid_lb,hybrid_lb,structural_hybrid,ok,none,promoted_fallback,0.0114,0.0108,1.263158,0.771930,,169592,,original,raw_double,false,,,1,0,exact_abs_or_rel,SKIP
circuit_2.mtx,cusparse_default,cusparse_csr,external_baseline,ok,none,external_baseline,0.0144,0.0123,1.000000,0.611111,,169592,102840,original,original,false,,,true,0,exact_abs_or_rel,SKIP
cis-n4c6-b3.mtx,original_lb,original_lb,load_balanced_traversal,ok,none,promoted_fallback,0.0070,0.0049,2.100000,1.000000,,191040,50064,original,original,false,0,0,true,0,exact_abs_or_rel,SKIP
cis-n4c6-b3.mtx,auto_lossless_lb,sign2_lb,lossless_value_specialized,ok,none,accuracy_pass_runtime_loss,0.0074,0.0052,1.986486,0.945946,,25032,50064,auto_lossless,sign2,true,2,25032,true,0,exact_abs_or_rel,SKIP
cis-n4c6-b3.mtx,fp16_lb,fp16_lb,controlled_lossy_value_specialized,ok,none,accuracy_pass_runtime_win,0.0061,0.0044,2.409836,1.147541,,47760,50064,fp16,fp16,false,0,0,false,0,spmv_max_rel,SKIP
cis-n4c6-b3.mtx,bf16_lb,bf16_lb,controlled_lossy_value_specialized,ok,none,accuracy_pass_runtime_loss,0.0087,0.0078,1.689655,0.804598,,47760,50064,bf16,bf16,false,0,0,false,0,spmv_max_rel,SKIP
cis-n4c6-b3.mtx,bfp8_lb,bfp8_lb,controlled_lossy_value_specialized,ok,none,accuracy_pass_runtime_win,0.0063,0.0051,2.333333,1.111111,,36396,50064,bfp8,bfp8,false,0,0,false,0,spmv_max_rel,SKIP
cis-n4c6-b3.mtx,bfp8_outlier_lb,bfp8_outlier_lb,controlled_lossy_value_specialized,ok,none,accuracy_pass_runtime_win,0.0057,0.0050,2.578947,1.228070,,36396,50064,bfp8_outlier,bfp8_outlier,false,0,0,false,0,spmv_max_rel,SKIP
cis-n4c6-b3.mtx,bfp4_lb,bfp4_lb,controlled_lossy_value_specialized,ok,none,accuracy_pass_runtime_loss,0.0079,0.0071,1.860759,0.886076,,24456,50064,bfp4,bfp4,false,0,0,false,0,spmv_max_rel,SKIP
cis-n4c6-b3.mtx,hybrid_lb,hybrid_lb,structural_hybrid,ok,none,promoted_fallback,0.0054,0.0037,2.722222,1.296296,,191040,,original,raw_double,false,,,1,0,exact_abs_or_rel,SKIP
cis-n4c6-b3.mtx,cusparse_default,cusparse_csr,external_baseline,ok,none,external_baseline,0.0147,0.0123,1.000000,0.476190,,191040,119404,original,original,false,,,true,0,exact_abs_or_rel,SKIP
com-DBLP_Communities_all.mtx,original_lb,original_lb,load_balanced_traversal,ok,none,promoted_fallback,0.0359,0.0347,0.565460,1.000000,,5758560,5005040,original,original,false,0,0,true,0,exact_abs_or_rel,SKIP
com-DBLP_Communities_all.mtx,auto_lossless_lb,all_one_lb,lossless_value_specialized,ok,none,accuracy_pass_runtime_win,0.0350,0.0337,0.580000,1.025714,,0,5005040,auto_lossless,all_one,true,1,0,true,0,exact_abs_or_rel,SKIP
com-DBLP_Communities_all.mtx,fp16_lb,fp16_lb,controlled_lossy_value_specialized,ok,none,accuracy_pass_runtime_win,0.0317,0.0300,0.640379,1.132492,,1439640,5005040,fp16,fp16,false,0,0,false,0,spmv_max_rel,SKIP
com-DBLP_Communities_all.mtx,bf16_lb,bf16_lb,controlled_lossy_value_specialized,ok,none,accuracy_pass_runtime_win,0.0325,0.0300,0.624615,1.104615,,1439640,5005040,bf16,bf16,false,0,0,false,0,spmv_max_rel,SKIP
com-DBLP_Communities_all.mtx,bfp8_lb,bfp8_lb,controlled_lossy_value_specialized,ok,none,accuracy_pass_runtime_win,0.0306,0.0297,0.663399,1.173203,,1971080,5005040,bfp8,bfp8,false,0,0,false,0,spmv_max_rel,SKIP
com-DBLP_Communities_all.mtx,bfp8_outlier_lb,bfp8_outlier_lb,controlled_lossy_value_specialized,ok,none,accuracy_pass_runtime_win,0.0309,0.0296,0.656958,1.161812,,1971080,5005040,bfp8_outlier,bfp8_outlier,false,0,0,false,0,spmv_max_rel,SKIP
com-DBLP_Communities_all.mtx,bfp4_lb,bfp4_lb,controlled_lossy_value_specialized,ok,none,accuracy_pass_runtime_win,0.0320,0.0311,0.634375,1.121875,,1611170,5005040,bfp4,bfp4,false,0,0,false,0,spmv_max_rel,SKIP
com-DBLP_Communities_all.mtx,hybrid_lb,hybrid_lb,structural_hybrid,ok,none,promoted_fallback,0.0159,0.0141,1.276730,2.257862,,5758560,,original,raw_double,false,,,1,0,exact_abs_or_rel,SKIP
com-DBLP_Communities_all.mtx,cusparse_default,cusparse_csr,external_baseline,ok,none,external_baseline,0.0203,0.0188,1.000000,1.768473,,5758560,4147604,original,original,false,,,true,0,exact_abs_or_rel,SKIP
com-Orkut_Communities_all.mtx,original_lb,original_lb,load_balanced_traversal,ok,none,promoted_fallback,4.4492,4.4445,0.283714,1.000000,,856644240,808037528,original,original,false,0,0,true,0,exact_abs_or_rel,SKIP
com-Orkut_Communities_all.mtx,auto_lossless_lb,all_one_lb,lossless_value_specialized,ok,none,accuracy_pass_runtime_win,4.2743,4.2737,0.295323,1.040919,,0,808037528,auto_lossless,all_one,true,1,0,true,0,exact_abs_or_rel,SKIP
com-Orkut_Communities_all.mtx,fp16_lb,fp16_lb,controlled_lossy_value_specialized,ok,none,accuracy_pass_runtime_win,3.8524,3.8471,0.327666,1.154916,,214161060,808037528,fp16,fp16,false,0,0,false,0,spmv_max_rel,SKIP
com-Orkut_Communities_all.mtx,bf16_lb,bf16_lb,controlled_lossy_value_specialized,ok,none,accuracy_pass_runtime_win,3.8499,3.8466,0.327879,1.155666,,214161060,808037528,bf16,bf16,false,0,0,false,0,spmv_max_rel,SKIP
com-Orkut_Communities_all.mtx,bfp8_lb,bfp8_lb,controlled_lossy_value_specialized,ok,none,accuracy_pass_runtime_win,3.8585,3.8514,0.327148,1.153091,,309089912,808037528,bfp8,bfp8,false,0,0,false,0,spmv_max_rel,SKIP
com-Orkut_Communities_all.mtx,bfp8_outlier_lb,bfp8_outlier_lb,controlled_lossy_value_specialized,ok,none,accuracy_pass_runtime_win,3.8578,3.8510,0.327207,1.153300,,309089912,808037528,bfp8_outlier,bfp8_outlier,false,0,0,false,0,spmv_max_rel,SKIP
com-Orkut_Communities_all.mtx,bfp4_lb,bfp4_lb,controlled_lossy_value_specialized,ok,none,accuracy_pass_runtime_loss,4.5456,4.5404,0.277697,0.978793,,255549647,808037528,bfp4,bfp4,false,0,0,false,0,spmv_max_rel,SKIP
com-Orkut_Communities_all.mtx,hybrid_lb,hybrid_lb,structural_hybrid,ok,none,promoted_fallback,2.1614,2.1492,0.584020,2.058481,,856644240,,original,raw_double,false,,,1,0,exact_abs_or_rel,SKIP
com-Orkut_Communities_all.mtx,cusparse_default,cusparse_csr,external_baseline,ok,none,external_baseline,1.2623,1.2582,1.000000,3.524677,,856644240,440611888,original,original,false,,,true,0,exact_abs_or_rel,SKIP
cr42.mtx,original_lb,original_lb,load_balanced_traversal,ok,none,promoted_fallback,0.0059,0.0047,2.322034,1.000000,,52912,8136,original,original,false,0,0,true,0,exact_abs_or_rel,SKIP
cr42.mtx,auto_lossless_lb,original_lb,load_balanced_traversal,ok,none,promoted_fallback,0.0057,0.0043,2.403509,1.035088,,52912,8136,auto_lossless,original,true,3623,52912,true,0,exact_abs_or_rel,SKIP
cr42.mtx,fp16_lb,fp16_lb,controlled_lossy_value_specialized,ok,none,accuracy_pass_runtime_loss,0.0070,0.0059,1.957143,0.842857,,13228,8136,fp16,fp16,false,0,0,false,0,spmv_max_rel,SKIP
cr42.mtx,bf16_lb,bf16_lb,controlled_lossy_value_specialized,ok,none,accuracy_pass_runtime_loss,0.0072,0.0051,1.902778,0.819444,,13228,8136,bf16,bf16,false,0,0,false,0,spmv_max_rel,SKIP
cr42.mtx,bfp8_lb,bfp8_lb,controlled_lossy_value_specialized,ok,none,accuracy_pass_runtime_loss,0.0072,0.0048,1.902778,0.819444,,8648,8136,bfp8,bfp8,false,0,0,false,0,spmv_max_rel,SKIP
cr42.mtx,bfp8_outlier_lb,bfp8_outlier_lb,controlled_lossy_value_specialized,ok,none,accuracy_pass_runtime_loss,0.0089,0.0071,1.539326,0.662921,,9176,8136,bfp8_outlier,bfp8_outlier,false,0,0,false,0,spmv_max_rel,SKIP
cr42.mtx,bfp4_lb,bfp4_lb,controlled_lossy_value_specialized,ok,none,accuracy_pass_runtime_loss,0.0075,0.0068,1.826667,0.786667,,5341,8136,bfp4,bfp4,false,0,0,false,0,spmv_max_rel,SKIP
cr42.mtx,hybrid_lb,hybrid_lb,structural_hybrid,ok,none,promoted_fallback,0.0071,0.0051,1.929577,0.830986,,52912,,original,raw_double,false,,,1,0,exact_abs_or_rel,SKIP
cr42.mtx,cusparse_default,cusparse_csr,external_baseline,ok,none,external_baseline,0.0137,0.0123,1.000000,0.430657,,52912,30080,original,original,false,,,true,0,exact_abs_or_rel,SKIP
cz148.mtx,original_lb,original_lb,load_balanced_traversal,ok,none,promoted_fallback,0.0069,0.0059,1.724638,1.000000,,12216,2192,original,original,false,0,0,true,0,exact_abs_or_rel,SKIP
cz148.mtx,auto_lossless_lb,original_lb,load_balanced_traversal,ok,none,promoted_fallback,0.0076,0.0067,1.565789,0.907895,,12216,2192,auto_lossless,original,true,748,12216,true,0,exact_abs_or_rel,SKIP
cz148.mtx,fp16_lb,fp16_lb,controlled_lossy_value_specialized,ok,none,accuracy_pass_runtime_loss,0.0078,0.0069,1.525641,0.884615,,3054,2192,fp16,fp16,false,0,0,false,0,spmv_max_rel,SKIP
cz148.mtx,bf16_lb,bf16_lb,controlled_lossy_value_specialized,ok,none,accuracy_pass_runtime_loss,0.0077,0.0066,1.545455,0.896104,,3054,2192,bf16,bf16,false,0,0,false,0,spmv_max_rel,SKIP
cz148.mtx,bfp8_lb,bfp8_lb,controlled_lossy_value_specialized,ok,none,accuracy_pass_runtime_loss,0.0080,0.0073,1.487500,0.862500,,2075,2192,bfp8,bfp8,false,0,0,false,0,spmv_max_rel,SKIP
cz148.mtx,bfp8_outlier_lb,bfp8_outlier_lb,controlled_lossy_value_specialized,ok,none,accuracy_pass_runtime_loss,0.0097,0.0081,1.226804,0.711340,,2171,2192,bfp8_outlier,bfp8_outlier,false,0,0,false,0,spmv_max_rel,SKIP
cz148.mtx,bfp4_lb,bfp4_lb,controlled_lossy_value_specialized,ok,none,accuracy_pass_runtime_loss,0.0102,0.0080,1.166667,0.676471,,1312,2192,bfp4,bfp4,false,0,0,false,0,spmv_max_rel,SKIP
cz148.mtx,hybrid_lb,hybrid_lb,structural_hybrid,ok,none,promoted_fallback,0.0067,0.0053,1.776119,1.029851,,12216,,original,raw_double,false,,,1,0,exact_abs_or_rel,SKIP
cz148.mtx,cusparse_default,cusparse_csr,external_baseline,ok,none,external_baseline,0.0119,0.0082,1.000000,0.579832,,12216,6704,original,original,false,,,true,0,exact_abs_or_rel,SKIP
dataset16mfeatkarhunen_10NN.mtx,original_lb,original_lb,load_balanced_traversal,ok,none,promoted_fallback,0.0098,0.0089,1.316327,1.000000,,221344,100312,original,original,false,0,0,true,0,exact_abs_or_rel,SKIP
dataset16mfeatkarhunen_10NN.mtx,auto_lossless_lb,original_lb,load_balanced_traversal,ok,none,promoted_fallback,0.0100,0.0087,1.290000,0.980000,,221344,100312,auto_lossless,original,true,12420,221344,true,0,exact_abs_or_rel,SKIP
dataset16mfeatkarhunen_10NN.mtx,fp16_lb,fp16_lb,controlled_lossy_value_specialized,ok,none,accuracy_pass_runtime_win,0.0090,0.0076,1.433333,1.088889,,55336,100312,fp16,fp16,false,0,0,false,0,spmv_max_rel,SKIP
dataset16mfeatkarhunen_10NN.mtx,bf16_lb,bf16_lb,controlled_lossy_value_specialized,ok,none,accuracy_pass_runtime_win,0.0090,0.0081,1.433333,1.088889,,55336,100312,bf16,bf16,false,0,0,false,0,spmv_max_rel,SKIP
dataset16mfeatkarhunen_10NN.mtx,bfp8_lb,bfp8_lb,controlled_lossy_value_specialized,ok,none,accuracy_pass_runtime_loss,0.0106,0.0098,1.216981,0.924528,,52746,100312,bfp8,bfp8,false,0,0,false,0,spmv_max_rel,SKIP
dataset16mfeatkarhunen_10NN.mtx,bfp8_outlier_lb,bfp8_outlier_lb,controlled_lossy_value_specialized,ok,none,accuracy_pass_runtime_loss,0.0117,0.0105,1.102564,0.837607,,54954,100312,bfp8_outlier,bfp8_outlier,false,0,0,false,0,spmv_max_rel,SKIP
dataset16mfeatkarhunen_10NN.mtx,bfp4_lb,bfp4_lb,controlled_lossy_value_specialized,ok,none,accuracy_pass_runtime_loss,0.0142,0.0131,0.908451,0.690141,,38912,100312,bfp4,bfp4,false,0,0,false,0,spmv_max_rel,SKIP
dataset16mfeatkarhunen_10NN.mtx,hybrid_lb,hybrid_lb,structural_hybrid,ok,none,promoted_fallback,0.0070,0.0055,1.842857,1.400000,,221344,,original,raw_double,false,,,1,0,exact_abs_or_rel,SKIP
dataset16mfeatkarhunen_10NN.mtx,cusparse_default,cusparse_csr,external_baseline,ok,none,external_baseline,0.0129,0.0103,1.000000,0.759690,,221344,118676,original,original,false,,,true,0,exact_abs_or_rel,SKIP
delaunay_n14.mtx,original_lb,original_lb,load_balanced_traversal,ok,none,promoted_fallback,0.0087,0.0076,1.804598,1.000000,,785952,253128,original,original,false,0,0,true,0,exact_abs_or_rel,SKIP
delaunay_n14.mtx,auto_lossless_lb,all_one_lb,lossless_value_specialized,ok,none,accuracy_pass_runtime_loss,0.0095,0.0081,1.652632,0.915789,,0,253128,auto_lossless,all_one,true,1,0,true,0,exact_abs_or_rel,SKIP
delaunay_n14.mtx,fp16_lb,fp16_lb,controlled_lossy_value_specialized,ok,none,accuracy_pass_runtime_loss,0.0093,0.0090,1.688172,0.935484,,196488,253128,fp16,fp16,false,0,0,false,0,spmv_max_rel,SKIP
delaunay_n14.mtx,bf16_lb,bf16_lb,controlled_lossy_value_specialized,ok,none,accuracy_pass_runtime_loss,0.0096,0.0090,1.635417,0.906250,,196488,253128,bf16,bf16,false,0,0,false,0,spmv_max_rel,SKIP
delaunay_n14.mtx,bfp8_lb,bfp8_lb,controlled_lossy_value_specialized,ok,none,accuracy_pass_runtime_loss,0.0097,0.0091,1.618557,0.896907,,161526,253128,bfp8,bfp8,false,0,0,false,0,spmv_max_rel,SKIP
delaunay_n14.mtx,bfp8_outlier_lb,bfp8_outlier_lb,controlled_lossy_value_specialized,ok,none,accuracy_pass_runtime_loss,0.0100,0.0090,1.570000,0.870000,,161526,253128,bfp8_outlier,bfp8_outlier,false,0,0,false,0,spmv_max_rel,SKIP
delaunay_n14.mtx,bfp4_lb,bfp4_lb,controlled_lossy_value_specialized,ok,none,accuracy_pass_runtime_loss,0.0137,0.0132,1.145985,0.635036,,112404,253128,bfp4,bfp4,false,0,0,false,0,spmv_max_rel,SKIP
delaunay_n14.mtx,hybrid_lb,hybrid_lb,structural_hybrid,ok,none,promoted_fallback,0.0070,0.0053,2.242857,1.242857,,785952,,original,raw_double,false,,,1,0,exact_abs_or_rel,SKIP
delaunay_n14.mtx,cusparse_default,cusparse_csr,external_baseline,ok,none,external_baseline,0.0157,0.0123,1.000000,0.554140,,785952,458516,original,original,false,,,true,0,exact_abs_or_rel,SKIP
delf_A_02.mtx,original_lb,original_lb,load_balanced_traversal,ok,none,promoted_fallback,0.0077,0.0060,1.935065,1.000000,,114576,40864,original,original,false,0,0,true,0,exact_abs_or_rel,SKIP
delf_A_02.mtx,auto_lossless_lb,original_lb,load_balanced_traversal,ok,none,promoted_fallback,0.0072,0.0061,2.069444,1.069444,,114576,40864,auto_lossless,original,true,2501,114576,true,0,exact_abs_or_rel,SKIP
delf_A_02.mtx,fp16_lb,fp16_lb,controlled_lossy_value_specialized,ok,none,accuracy_pass_runtime_loss,0.0079,0.0070,1.886076,0.974684,,28644,40864,fp16,fp16,false,0,0,false,0,spmv_max_rel,SKIP
delf_A_02.mtx,bf16_lb,bf16_lb,controlled_lossy_value_specialized,ok,none,accuracy_pass_runtime_loss,0.0081,0.0070,1.839506,0.950617,,28644,40864,bf16,bf16,false,0,0,false,0,spmv_max_rel,SKIP
delf_A_02.mtx,bfp8_lb,bfp8_lb,controlled_lossy_value_specialized,ok,none,accuracy_pass_runtime_win,0.0074,0.0065,2.013514,1.040541,,24538,40864,bfp8,bfp8,false,0,0,false,0,spmv_max_rel,SKIP
delf_A_02.mtx,bfp8_outlier_lb,bfp8_outlier_lb,controlled_lossy_value_specialized,ok,none,accuracy_pass_runtime_loss,0.0077,0.0067,1.935065,1.000000,,24538,40864,bfp8_outlier,bfp8_outlier,false,0,0,false,0,spmv_max_rel,SKIP
delf_A_02.mtx,bfp4_lb,bfp4_lb,controlled_lossy_value_specialized,ok,none,accuracy_pass_runtime_loss,0.0101,0.0091,1.475248,0.762376,,17377,40864,bfp4,bfp4,false,0,0,false,0,spmv_max_rel,SKIP
delf_A_02.mtx,hybrid_lb,hybrid_lb,structural_hybrid,ok,none,promoted_fallback,0.0069,0.0048,2.159420,1.115942,,114576,,original,raw_double,false,,,1,0,exact_abs_or_rel,SKIP
delf_A_02.mtx,cusparse_default,cusparse_csr,external_baseline,ok,none,external_baseline,0.0149,0.0123,1.000000,0.516779,,114576,69684,original,original,false,,,true,0,exact_abs_or_rel,SKIP
delf_A_10.mtx,original_lb,original_lb,load_balanced_traversal,ok,none,promoted_fallback,0.0079,0.0070,1.784810,1.000000,,119104,42424,original,original,false,0,0,true,0,exact_abs_or_rel,SKIP
delf_A_10.mtx,auto_lossless_lb,original_lb,load_balanced_traversal,ok,none,promoted_fallback,0.0077,0.0069,1.831169,1.025974,,119104,42424,auto_lossless,original,true,3195,119104,true,0,exact_abs_or_rel,SKIP
delf_A_10.mtx,fp16_lb,fp16_lb,controlled_lossy_value_specialized,ok,none,accuracy_pass_runtime_loss,0.0081,0.0070,1.740741,0.975309,,29776,42424,fp16,fp16,false,0,0,false,0,spmv_max_rel,SKIP
delf_A_10.mtx,bf16_lb,bf16_lb,controlled_lossy_value_specialized,ok,none,accuracy_pass_runtime_loss,0.0089,0.0082,1.584270,0.887640,,29776,42424,bf16,bf16,false,0,0,false,0,spmv_max_rel,SKIP
delf_A_10.mtx,bfp8_lb,bfp8_lb,controlled_lossy_value_specialized,ok,none,accuracy_pass_runtime_loss,0.0096,0.0076,1.468750,0.822917,,25494,42424,bfp8,bfp8,false,0,0,false,0,spmv_max_rel,SKIP
delf_A_10.mtx,bfp8_outlier_lb,bfp8_outlier_lb,controlled_lossy_value_specialized,ok,none,accuracy_pass_runtime_loss,0.0094,0.0073,1.500000,0.840426,,25494,42424,bfp8_outlier,bfp8_outlier,false,0,0,false,0,spmv_max_rel,SKIP
delf_A_10.mtx,bfp4_lb,bfp4_lb,controlled_lossy_value_specialized,ok,none,accuracy_pass_runtime_loss,0.0095,0.0086,1.484211,0.831579,,18050,42424,bfp4,bfp4,false,0,0,false,0,spmv_max_rel,SKIP
delf_A_10.mtx,hybrid_lb,hybrid_lb,structural_hybrid,ok,none,promoted_fallback,0.0081,0.0048,1.740741,0.975309,,119104,,original,raw_double,false,,,1,0,exact_abs_or_rel,SKIP
delf_A_10.mtx,cusparse_default,cusparse_csr,external_baseline,ok,none,external_baseline,0.0141,0.0123,1.000000,0.560284,,119104,72096,original,original,false,,,true,0,exact_abs_or_rel,SKIP
delf_A_18.mtx,original_lb,original_lb,load_balanced_traversal,ok,none,promoted_fallback,0.0076,0.0068,1.868421,1.000000,,119704,42352,original,original,false,0,0,true,0,exact_abs_or_rel,SKIP
delf_A_18.mtx,auto_lossless_lb,original_lb,load_balanced_traversal,ok,none,promoted_fallback,0.0075,0.0068,1.893333,1.013333,,119704,42352,auto_lossless,original,true,2984,119704,true,0,exact_abs_or_rel,SKIP
delf_A_18.mtx,fp16_lb,fp16_lb,controlled_lossy_value_specialized,ok,none,accuracy_pass_runtime_loss,0.0082,0.0079,1.731707,0.926829,,29926,42352,fp16,fp16,false,0,0,false,0,spmv_max_rel,SKIP
delf_A_18.mtx,bf16_lb,bf16_lb,controlled_lossy_value_specialized,ok,none,accuracy_pass_runtime_win,0.0074,0.0065,1.918919,1.027027,,29926,42352,bf16,bf16,false,0,0,false,0,spmv_max_rel,SKIP
delf_A_18.mtx,bfp8_lb,bfp8_lb,controlled_lossy_value_specialized,ok,none,accuracy_pass_runtime_win,0.0073,0.0066,1.945205,1.041096,,25551,42352,bfp8,bfp8,false,0,0,false,0,spmv_max_rel,SKIP
delf_A_18.mtx,bfp8_outlier_lb,bfp8_outlier_lb,controlled_lossy_value_specialized,ok,none,accuracy_pass_runtime_win,0.0075,0.0065,1.893333,1.013333,,25551,42352,bfp8_outlier,bfp8_outlier,false,0,0,false,0,spmv_max_rel,SKIP
delf_A_18.mtx,bfp4_lb,bfp4_lb,controlled_lossy_value_specialized,ok,none,accuracy_pass_runtime_loss,0.0106,0.0090,1.339623,0.716981,,18070,42352,bfp4,bfp4,false,0,0,false,0,spmv_max_rel,SKIP
delf_A_18.mtx,hybrid_lb,hybrid_lb,structural_hybrid,ok,none,promoted_fallback,0.0074,0.0058,1.918919,1.027027,,119704,,original,raw_double,false,,,1,0,exact_abs_or_rel,SKIP
delf_A_18.mtx,cusparse_default,cusparse_csr,external_baseline,ok,none,external_baseline,0.0142,0.0123,1.000000,0.535211,,119704,72640,original,original,false,,,true,0,exact_abs_or_rel,SKIP
delf_A_26.mtx,original_lb,original_lb,load_balanced_traversal,ok,none,promoted_fallback,0.0077,0.0067,1.792208,1.000000,,123360,44568,original,original,false,0,0,true,0,exact_abs_or_rel,SKIP
delf_A_26.mtx,auto_lossless_lb,original_lb,load_balanced_traversal,ok,none,promoted_fallback,0.0077,0.0065,1.792208,1.000000,,123360,44568,auto_lossless,original,true,3291,123360,true,0,exact_abs_or_rel,SKIP
delf_A_26.mtx,fp16_lb,fp16_lb,controlled_lossy_value_specialized,ok,none,accuracy_pass_runtime_loss,0.0079,0.0070,1.746835,0.974684,,30840,44568,fp16,fp16,false,0,0,false,0,spmv_max_rel,SKIP
delf_A_26.mtx,bf16_lb,bf16_lb,controlled_lossy_value_specialized,ok,none,accuracy_pass_runtime_loss,0.0087,0.0082,1.586207,0.885057,,30840,44568,bf16,bf16,false,0,0,false,0,spmv_max_rel,SKIP
delf_A_26.mtx,bfp8_lb,bfp8_lb,controlled_lossy_value_specialized,ok,none,accuracy_pass_runtime_loss,0.0096,0.0072,1.437500,0.802083,,26562,44568,bfp8,bfp8,false,0,0,false,0,spmv_max_rel,SKIP
delf_A_26.mtx,bfp8_outlier_lb,bfp8_outlier_lb,controlled_lossy_value_specialized,ok,none,accuracy_pass_runtime_loss,0.0090,0.0070,1.533333,0.855556,,26562,44568,bfp8_outlier,bfp8_outlier,false,0,0,false,0,spmv_max_rel,SKIP
delf_A_26.mtx,bfp4_lb,bfp4_lb,controlled_lossy_value_specialized,ok,none,accuracy_pass_runtime_loss,0.0093,0.0085,1.483871,0.827957,,18852,44568,bfp4,bfp4,false,0,0,false,0,spmv_max_rel,SKIP
delf_A_26.mtx,hybrid_lb,hybrid_lb,structural_hybrid,ok,none,promoted_fallback,0.0074,0.0062,1.864865,1.040541,,123360,,original,raw_double,false,,,1,0,exact_abs_or_rel,SKIP
delf_A_26.mtx,cusparse_default,cusparse_csr,external_baseline,ok,none,external_baseline,0.0138,0.0123,1.000000,0.557971,,123360,74444,original,original,false,,,true,0,exact_abs_or_rel,SKIP
delf_A_34.mtx,original_lb,original_lb,load_balanced_traversal,ok,none,promoted_fallback,0.0079,0.0065,1.772152,1.000000,,123224,44272,original,original,false,0,0,true,0,exact_abs_or_rel,SKIP
delf_A_34.mtx,auto_lossless_lb,original_lb,load_balanced_traversal,ok,none,promoted_fallback,0.0073,0.0065,1.917808,1.082192,,123224,44272,auto_lossless,original,true,3225,123224,true,0,exact_abs_or_rel,SKIP
delf_A_34.mtx,fp16_lb,fp16_lb,controlled_lossy_value_specialized,ok,none,accuracy_pass_runtime_loss,0.0088,0.0071,1.590909,0.897727,,30806,44272,fp16,fp16,false,0,0,false,0,spmv_max_rel,SKIP
delf_A_34.mtx,bf16_lb,bf16_lb,controlled_lossy_value_specialized,ok,none,accuracy_pass_runtime_loss,0.0093,0.0076,1.505376,0.849462,,30806,44272,bf16,bf16,false,0,0,false,0,spmv_max_rel,SKIP
delf_A_34.mtx,bfp8_lb,bfp8_lb,controlled_lossy_value_specialized,ok,none,accuracy_pass_runtime_loss,0.0095,0.0082,1.473684,0.831579,,26471,44272,bfp8,bfp8,false,0,0,false,0,spmv_max_rel,SKIP
delf_A_34.mtx,bfp8_outlier_lb,bfp8_outlier_lb,controlled_lossy_value_specialized,ok,none,accuracy_pass_runtime_loss,0.0096,0.0083,1.458333,0.822917,,26471,44272,bfp8_outlier,bfp8_outlier,false,0,0,false,0,spmv_max_rel,SKIP
delf_A_34.mtx,bfp4_lb,bfp4_lb,controlled_lossy_value_specialized,ok,none,accuracy_pass_runtime_loss,0.0105,0.0087,1.333333,0.752381,,18770,44272,bfp4,bfp4,false,0,0,false,0,spmv_max_rel,SKIP
delf_A_34.mtx,hybrid_lb,hybrid_lb,structural_hybrid,ok,none,promoted_fallback,0.0071,0.0052,1.971831,1.112676,,123224,,original,raw_double,false,,,1,0,exact_abs_or_rel,SKIP
delf_A_34.mtx,cusparse_default,cusparse_csr,external_baseline,ok,none,external_baseline,0.0140,0.0123,1.000000,0.564286,,123224,74316,original,original,false,,,true,0,exact_abs_or_rel,SKIP
descriptor_xingo6u_E.mtx,original_lb,original_lb,load_balanced_traversal,ok,none,promoted_fallback,0.0056,0.0049,2.839286,1.000000,,23520,5880,original,original,false,0,0,true,0,exact_abs_or_rel,SKIP
descriptor_xingo6u_E.mtx,auto_lossless_lb,all_one_lb,lossless_value_specialized,ok,none,accuracy_pass_runtime_loss,0.0057,0.0050,2.789474,0.982456,,0,5880,auto_lossless,all_one,true,1,0,true,0,exact_abs_or_rel,SKIP
descriptor_xingo6u_E.mtx,fp16_lb,fp16_lb,controlled_lossy_value_specialized,ok,none,accuracy_pass_runtime_win,0.0052,0.0042,3.057692,1.076923,,5880,5880,fp16,fp16,false,0,0,false,0,spmv_max_rel,SKIP
descriptor_xingo6u_E.mtx,bf16_lb,bf16_lb,controlled_lossy_value_specialized,ok,none,accuracy_pass_runtime_win,0.0053,0.0043,3.000000,1.056604,,5880,5880,bf16,bf16,false,0,0,false,0,spmv_max_rel,SKIP
descriptor_xingo6u_E.mtx,bfp8_lb,bfp8_lb,controlled_lossy_value_specialized,ok,none,accuracy_pass_runtime_loss,0.0056,0.0051,2.839286,1.000000,,4410,5880,bfp8,bfp8,false,0,0,false,0,spmv_max_rel,SKIP
descriptor_xingo6u_E.mtx,bfp8_outlier_lb,bfp8_outlier_lb,controlled_lossy_value_specialized,ok,none,accuracy_pass_runtime_loss,0.0059,0.0050,2.694915,0.949153,,4410,5880,bfp8_outlier,bfp8_outlier,false,0,0,false,0,spmv_max_rel,SKIP
descriptor_xingo6u_E.mtx,bfp4_lb,bfp4_lb,controlled_lossy_value_specialized,ok,none,accuracy_pass_runtime_loss,0.0057,0.0051,2.789474,0.982456,,2940,5880,bfp4,bfp4,false,0,0,false,0,spmv_max_rel,SKIP
descriptor_xingo6u_E.mtx,hybrid_lb,hybrid_lb,structural_hybrid,ok,none,promoted_fallback,0.0054,0.0043,2.944444,1.037037,,23520,,original,raw_double,false,,,1,0,exact_abs_or_rel,SKIP
descriptor_xingo6u_E.mtx,cusparse_default,cusparse_csr,external_baseline,ok,none,external_baseline,0.0159,0.0123,1.000000,0.352201,,23520,94716,original,original,false,,,true,0,exact_abs_or_rel,SKIP
deter5.mtx,original_lb,original_lb,load_balanced_traversal,ok,none,promoted_fallback,0.0090,0.0084,2.011111,1.000000,,237720,214152,original,original,false,0,0,true,0,exact_abs_or_rel,SKIP
deter5.mtx,auto_lossless_lb,original_lb,load_balanced_traversal,ok,none,promoted_fallback,0.0094,0.0077,1.925532,0.957447,,237720,214152,auto_lossless,original,true,716,237720,true,0,exact_abs_or_rel,SKIP
deter5.mtx,fp16_lb,fp16_lb,controlled_lossy_value_specialized,ok,none,accuracy_pass_runtime_loss,0.0090,0.0076,2.011111,1.000000,,59430,214152,fp16,fp16,false,0,0,false,0,spmv_max_rel,SKIP
deter5.mtx,bf16_lb,bf16_lb,controlled_lossy_value_specialized,ok,none,accuracy_pass_runtime_loss,0.0092,0.0073,1.967391,0.978261,,59430,214152,bf16,bf16,false,0,0,false,0,spmv_max_rel,SKIP
deter5.mtx,bfp8_lb,bfp8_lb,controlled_lossy_value_specialized,ok,none,accuracy_pass_runtime_loss,0.0090,0.0081,2.011111,1.000000,,83253,214152,bfp8,bfp8,false,0,0,false,0,spmv_max_rel,SKIP
deter5.mtx,bfp8_outlier_lb,bfp8_outlier_lb,controlled_lossy_value_specialized,ok,none,accuracy_pass_runtime_loss,0.0117,0.0102,1.547009,0.769231,,85541,214152,bfp8_outlier,bfp8_outlier,false,0,0,false,0,spmv_max_rel,SKIP
deter5.mtx,bfp4_lb,bfp4_lb,controlled_lossy_value_specialized,ok,none,accuracy_pass_runtime_loss,0.0134,0.0126,1.350746,0.671642,,68396,214152,bfp4,bfp4,false,0,0,false,0,spmv_max_rel,SKIP
deter5.mtx,hybrid_lb,hybrid_lb,structural_hybrid,ok,none,promoted_fallback,0.0078,0.0053,2.320513,1.153846,,237720,,original,raw_double,false,,,1,0,exact_abs_or_rel,SKIP
deter5.mtx,cusparse_default,cusparse_csr,external_baseline,ok,none,external_baseline,0.0181,0.0144,1.000000,0.497238,,237720,139276,original,original,false,,,true,0,exact_abs_or_rel,SKIP
dgreen.mtx,original_lb,original_lb,load_balanced_traversal,ok,none,promoted_fallback,1.0069,1.0004,0.273711,1.000000,,212849352,179656392,original,original,false,0,0,true,0,exact_abs_or_rel,SKIP
dgreen.mtx,auto_lossless_lb,original_lb,load_balanced_traversal,ok,none,promoted_fallback,1.0090,1.0023,0.273142,0.997919,,212849352,179656392,auto_lossless,original,true,10992252,212849352,true,0,exact_abs_or_rel,SKIP
dgreen.mtx,fp16_lb,fp16_lb,controlled_lossy_value_specialized,ok,none,accuracy_pass_runtime_win,0.8707,0.8640,0.316527,1.156426,,53212338,179656392,fp16,fp16,false,0,0,false,0,spmv_max_rel,SKIP
dgreen.mtx,bf16_lb,bf16_lb,controlled_lossy_value_specialized,ok,none,accuracy_pass_runtime_win,0.8700,0.8653,0.316782,1.157356,,53212338,179656392,bf16,bf16,false,0,0,false,0,spmv_max_rel,SKIP
dgreen.mtx,bfp8_lb,bfp8_lb,controlled_lossy_value_specialized,ok,none,accuracy_pass_runtime_win,0.8741,0.8679,0.315296,1.151928,,71520267,179656392,bfp8,bfp8,false,0,0,false,0,spmv_max_rel,SKIP
dgreen.mtx,bfp8_outlier_lb,bfp8_outlier_lb,controlled_lossy_value_specialized,ok,none,accuracy_pass_runtime_win,0.8788,0.8703,0.313609,1.145767,,73648747,179656392,bfp8_outlier,bfp8_outlier,false,0,0,false,0,spmv_max_rel,SKIP
dgreen.mtx,bfp4_lb,bfp4_lb,controlled_lossy_value_specialized,ok,none,accuracy_pass_runtime_win,0.9824,0.9780,0.280537,1.024939,,58217183,179656392,bfp4,bfp4,false,0,0,false,0,spmv_max_rel,SKIP
dgreen.mtx,hybrid_lb,hybrid_lb,structural_hybrid,ok,none,promoted_fallback,0.2816,0.2801,0.978693,3.575639,,212849352,,original,raw_double,false,,,1,0,exact_abs_or_rel,SKIP
dgreen.mtx,cusparse_default,cusparse_csr,external_baseline,ok,none,external_baseline,0.2756,0.2735,1.000000,3.653483,,212849352,111227124,original,original,false,,,true,0,exact_abs_or_rel,SKIP
dw1024.mtx,original_lb,original_lb,load_balanced_traversal,ok,none,promoted_fallback,0.0053,0.0047,2.584906,1.000000,,80912,15888,original,original,false,0,0,true,0,exact_abs_or_rel,SKIP
dw1024.mtx,auto_lossless_lb,original_lb,load_balanced_traversal,ok,none,promoted_fallback,0.0059,0.0044,2.322034,0.898305,,80912,15888,auto_lossless,original,true,693,80912,true,0,exact_abs_or_rel,SKIP
dw1024.mtx,fp16_lb,fp16_lb,controlled_lossy_value_specialized,ok,none,accuracy_pass_runtime_loss,0.0074,0.0056,1.851351,0.716216,,20228,15888,fp16,fp16,false,0,0,false,0,spmv_max_rel,SKIP
dw1024.mtx,bf16_lb,bf16_lb,controlled_lossy_value_specialized,ok,none,accuracy_pass_runtime_loss,0.0078,0.0057,1.756410,0.679487,,20228,15888,bf16,bf16,false,0,0,false,0,spmv_max_rel,SKIP
dw1024.mtx,bfp8_lb,bfp8_lb,controlled_lossy_value_specialized,ok,none,accuracy_pass_runtime_loss,0.0085,0.0065,1.611765,0.623529,,14086,15888,bfp8,bfp8,false,0,0,false,0,spmv_max_rel,SKIP
dw1024.mtx,bfp8_outlier_lb,bfp8_outlier_lb,controlled_lossy_value_specialized,ok,none,accuracy_pass_runtime_loss,0.0086,0.0068,1.593023,0.616279,,14886,15888,bfp8_outlier,bfp8_outlier,false,0,0,false,0,spmv_max_rel,SKIP
dw1024.mtx,bfp4_lb,bfp4_lb,controlled_lossy_value_specialized,ok,none,accuracy_pass_runtime_loss,0.0068,0.0064,2.014706,0.779412,,9029,15888,bfp4,bfp4,false,0,0,false,0,spmv_max_rel,SKIP
dw1024.mtx,hybrid_lb,hybrid_lb,structural_hybrid,ok,none,promoted_fallback,0.0065,0.0044,2.107692,0.815385,,80912,,original,raw_double,false,,,1,0,exact_abs_or_rel,SKIP
dw1024.mtx,cusparse_default,cusparse_csr,external_baseline,ok,none,external_baseline,0.0137,0.0123,1.000000,0.386861,,80912,48652,original,original,false,,,true,0,exact_abs_or_rel,SKIP
dwt_1005.mtx,original_lb,original_lb,load_balanced_traversal,ok,none,promoted_fallback,0.0074,0.0065,1.905405,1.000000,,68968,12160,original,original,false,0,0,true,0,exact_abs_or_rel,SKIP
dwt_1005.mtx,auto_lossless_lb,all_one_lb,lossless_value_specialized,ok,none,accuracy_pass_runtime_win,0.0069,0.0062,2.043478,1.072464,,0,12160,auto_lossless,all_one,true,1,0,true,0,exact_abs_or_rel,SKIP
dwt_1005.mtx,fp16_lb,fp16_lb,controlled_lossy_value_specialized,ok,none,accuracy_pass_runtime_loss,0.0085,0.0069,1.658824,0.870588,,17242,12160,fp16,fp16,false,0,0,false,0,spmv_max_rel,SKIP
dwt_1005.mtx,bf16_lb,bf16_lb,controlled_lossy_value_specialized,ok,none,accuracy_pass_runtime_loss,0.0086,0.0071,1.639535,0.860465,,17242,12160,bf16,bf16,false,0,0,false,0,spmv_max_rel,SKIP
dwt_1005.mtx,bfp8_lb,bfp8_lb,controlled_lossy_value_specialized,ok,none,accuracy_pass_runtime_loss,0.0088,0.0071,1.602273,0.840909,,11661,12160,bfp8,bfp8,false,0,0,false,0,spmv_max_rel,SKIP
dwt_1005.mtx,bfp8_outlier_lb,bfp8_outlier_lb,controlled_lossy_value_specialized,ok,none,accuracy_pass_runtime_loss,0.0083,0.0073,1.698795,0.891566,,11661,12160,bfp8_outlier,bfp8_outlier,false,0,0,false,0,spmv_max_rel,SKIP
dwt_1005.mtx,bfp4_lb,bfp4_lb,controlled_lossy_value_specialized,ok,none,accuracy_pass_runtime_loss,0.0106,0.0091,1.330189,0.698113,,7351,12160,bfp4,bfp4,false,0,0,false,0,spmv_max_rel,SKIP
dwt_1005.mtx,hybrid_lb,hybrid_lb,structural_hybrid,ok,none,promoted_fallback,0.0077,0.0051,1.831169,0.961039,,68968,,original,raw_double,false,,,1,0,exact_abs_or_rel,SKIP
dwt_1005.mtx,cusparse_default,cusparse_csr,external_baseline,ok,none,external_baseline,0.0141,0.0123,1.000000,0.524823,,68968,38508,original,original,false,,,true,0,exact_abs_or_rel,SKIP
dwt_234.mtx,original_lb,original_lb,load_balanced_traversal,ok,none,promoted_fallback,0.0065,0.0046,1.784615,1.000000,,6672,1680,original,original,false,0,0,true,0,exact_abs_or_rel,SKIP
dwt_234.mtx,auto_lossless_lb,all_one_lb,lossless_value_specialized,ok,none,accuracy_pass_runtime_loss,0.0073,0.0068,1.589041,0.890411,,0,1680,auto_lossless,all_one,true,1,0,true,0,exact_abs_or_rel,SKIP
dwt_234.mtx,fp16_lb,fp16_lb,controlled_lossy_value_specialized,ok,none,accuracy_pass_runtime_loss,0.0075,0.0069,1.546667,0.866667,,1668,1680,fp16,fp16,false,0,0,false,0,spmv_max_rel,SKIP
dwt_234.mtx,bf16_lb,bf16_lb,controlled_lossy_value_specialized,ok,none,accuracy_pass_runtime_loss,0.0071,0.0052,1.633803,0.915493,,1668,1680,bf16,bf16,false,0,0,false,0,spmv_max_rel,SKIP
dwt_234.mtx,bfp8_lb,bfp8_lb,controlled_lossy_value_specialized,ok,none,accuracy_pass_runtime_loss,0.0074,0.0067,1.567568,0.878378,,1254,1680,bfp8,bfp8,false,0,0,false,0,spmv_max_rel,SKIP
dwt_234.mtx,bfp8_outlier_lb,bfp8_outlier_lb,controlled_lossy_value_specialized,ok,none,accuracy_pass_runtime_loss,0.0071,0.0053,1.633803,0.915493,,1254,1680,bfp8_outlier,bfp8_outlier,false,0,0,false,0,spmv_max_rel,SKIP
dwt_234.mtx,bfp4_lb,bfp4_lb,controlled_lossy_value_specialized,ok,none,accuracy_pass_runtime_loss,0.0077,0.0067,1.506494,0.844156,,837,1680,bfp4,bfp4,false,0,0,false,0,spmv_max_rel,SKIP
dwt_234.mtx,hybrid_lb,hybrid_lb,structural_hybrid,ok,none,promoted_fallback,0.0067,0.0045,1.731343,0.970149,,6672,,original,raw_double,false,,,1,0,exact_abs_or_rel,SKIP
dwt_234.mtx,cusparse_default,cusparse_csr,external_baseline,ok,none,external_baseline,0.0116,0.0082,1.000000,0.560345,,6672,4276,original,original,false,,,true,0,exact_abs_or_rel,SKIP
dwt_492.mtx,original_lb,original_lb,load_balanced_traversal,ok,none,promoted_fallback,0.0097,0.0072,1.247423,1.000000,,25248,5224,original,original,false,0,0,true,0,exact_abs_or_rel,SKIP
dwt_492.mtx,auto_lossless_lb,all_one_lb,lossless_value_specialized,ok,none,accuracy_pass_runtime_win,0.0081,0.0070,1.493827,1.197531,,0,5224,auto_lossless,all_one,true,1,0,true,0,exact_abs_or_rel,SKIP
dwt_492.mtx,fp16_lb,fp16_lb,controlled_lossy_value_specialized,ok,none,accuracy_pass_runtime_win,0.0092,0.0079,1.315217,1.054348,,6312,5224,fp16,fp16,false,0,0,false,0,spmv_max_rel,SKIP
dwt_492.mtx,bf16_lb,bf16_lb,controlled_lossy_value_specialized,ok,none,accuracy_pass_runtime_win,0.0091,0.0074,1.329670,1.065934,,6312,5224,bf16,bf16,false,0,0,false,0,spmv_max_rel,SKIP
dwt_492.mtx,bfp8_lb,bfp8_lb,controlled_lossy_value_specialized,ok,none,accuracy_pass_runtime_win,0.0094,0.0086,1.287234,1.031915,,4462,5224,bfp8,bfp8,false,0,0,false,0,spmv_max_rel,SKIP
dwt_492.mtx,bfp8_outlier_lb,bfp8_outlier_lb,controlled_lossy_value_specialized,ok,none,accuracy_pass_runtime_win,0.0090,0.0087,1.344444,1.077778,,4462,5224,bfp8_outlier,bfp8_outlier,false,0,0,false,0,spmv_max_rel,SKIP
dwt_492.mtx,bfp4_lb,bfp4_lb,controlled_lossy_value_specialized,ok,none,accuracy_pass_runtime_loss,0.0128,0.0120,0.945312,0.757812,,2884,5224,bfp4,bfp4,false,0,0,false,0,spmv_max_rel,SKIP
dwt_492.mtx,hybrid_lb,hybrid_lb,structural_hybrid,ok,none,promoted_fallback,0.0068,0.0047,1.779412,1.426471,,25248,,original,raw_double,false,,,1,0,exact_abs_or_rel,SKIP
dwt_492.mtx,cusparse_default,cusparse_csr,external_baseline,ok,none,external_baseline,0.0121,0.0102,1.000000,0.801653,,25248,14596,original,original,false,,,true,0,exact_abs_or_rel,SKIP
dwt_758.mtx,original_lb,original_lb,load_balanced_traversal,ok,none,promoted_fallback,0.0072,0.0066,1.958333,1.000000,,47952,6336,original,original,false,0,0,true,0,exact_abs_or_rel,SKIP
dwt_758.mtx,auto_lossless_lb,all_one_lb,lossless_value_specialized,ok,none,accuracy_pass_runtime_loss,0.0080,0.0057,1.762500,0.900000,,0,6336,auto_lossless,all_one,true,1,0,true,0,exact_abs_or_rel,SKIP
dwt_758.mtx,fp16_lb,fp16_lb,controlled_lossy_value_specialized,ok,none,accuracy_pass_runtime_loss,0.0083,0.0069,1.698795,0.867470,,11988,6336,fp16,fp16,false,0,0,false,0,spmv_max_rel,SKIP
dwt_758.mtx,bf16_lb,bf16_lb,controlled_lossy_value_specialized,ok,none,accuracy_pass_runtime_loss,0.0074,0.0069,1.905405,0.972973,,11988,6336,bf16,bf16,false,0,0,false,0,spmv_max_rel,SKIP
dwt_758.mtx,bfp8_lb,bfp8_lb,controlled_lossy_value_specialized,ok,none,accuracy_pass_runtime_loss,0.0075,0.0072,1.880000,0.960000,,7578,6336,bfp8,bfp8,false,0,0,false,0,spmv_max_rel,SKIP
dwt_758.mtx,bfp8_outlier_lb,bfp8_outlier_lb,controlled_lossy_value_specialized,ok,none,accuracy_pass_runtime_loss,0.0080,0.0072,1.762500,0.900000,,7578,6336,bfp8_outlier,bfp8_outlier,false,0,0,false,0,spmv_max_rel,SKIP
dwt_758.mtx,bfp4_lb,bfp4_lb,controlled_lossy_value_specialized,ok,none,accuracy_pass_runtime_loss,0.0084,0.0067,1.678571,0.857143,,4581,6336,bfp4,bfp4,false,0,0,false,0,spmv_max_rel,SKIP
dwt_758.mtx,hybrid_lb,hybrid_lb,structural_hybrid,ok,none,promoted_fallback,0.0069,0.0053,2.043478,1.043478,,47952,,original,raw_double,false,,,1,0,exact_abs_or_rel,SKIP
dwt_758.mtx,cusparse_default,cusparse_csr,external_baseline,ok,none,external_baseline,0.0141,0.0123,1.000000,0.510638,,47952,27012,original,original,false,,,true,0,exact_abs_or_rel,SKIP
dynamicSoaringProblem_8.mtx,original_lb,original_lb,load_balanced_traversal,ok,none,promoted_fallback,0.0069,0.0059,2.057971,1.000000,,305088,48328,original,original,false,0,0,true,0,exact_abs_or_rel,SKIP
dynamicSoaringProblem_8.mtx,auto_lossless_lb,original_lb,load_balanced_traversal,ok,none,promoted_fallback,0.0082,0.0074,1.731707,0.841463,,305088,48328,auto_lossless,original,true,9950,305088,true,0,exact_abs_or_rel,SKIP
dynamicSoaringProblem_8.mtx,fp16_lb,fp16_lb,controlled_lossy_value_specialized,ok,none,accuracy_pass_runtime_loss,0.0086,0.0072,1.651163,0.802326,,76272,48328,fp16,fp16,false,0,0,false,0,spmv_max_rel,SKIP
dynamicSoaringProblem_8.mtx,bf16_lb,bf16_lb,controlled_lossy_value_specialized,ok,none,accuracy_pass_runtime_loss,0.0079,0.0059,1.797468,0.873418,,76272,48328,bf16,bf16,false,0,0,false,0,spmv_max_rel,SKIP
dynamicSoaringProblem_8.mtx,bfp8_lb,bfp8_lb,controlled_lossy_value_specialized,ok,none,accuracy_pass_runtime_loss,0.0095,0.0081,1.494737,0.726316,,50218,48328,bfp8,bfp8,false,0,0,false,0,spmv_max_rel,SKIP
dynamicSoaringProblem_8.mtx,bfp8_outlier_lb,bfp8_outlier_lb,controlled_lossy_value_specialized,ok,none,accuracy_pass_runtime_loss,0.0110,0.0103,1.290909,0.627273,,53018,48328,bfp8_outlier,bfp8_outlier,false,0,0,false,0,spmv_max_rel,SKIP
dynamicSoaringProblem_8.mtx,bfp4_lb,bfp4_lb,controlled_lossy_value_specialized,ok,none,accuracy_pass_runtime_loss,0.0116,0.0106,1.224138,0.594828,,31150,48328,bfp4,bfp4,false,0,0,false,0,spmv_max_rel,SKIP
dynamicSoaringProblem_8.mtx,hybrid_lb,hybrid_lb,structural_hybrid,ok,none,promoted_fallback,0.0077,0.0066,1.844156,0.896104,,305088,,original,raw_double,false,,,1,0,exact_abs_or_rel,SKIP
dynamicSoaringProblem_8.mtx,cusparse_default,cusparse_csr,external_baseline,ok,none,external_baseline,0.0142,0.0123,1.000000,0.485915,,305088,166720,original,original,false,,,true,0,exact_abs_or_rel,SKIP
email-Eu-core-temporal_Dept_3.mtx,original_lb,original_lb,load_balanced_traversal,ok,none,promoted_fallback,0.0087,0.0073,1.321839,1.000000,,12048,2144,original,original,false,0,0,true,0,exact_abs_or_rel,SKIP
email-Eu-core-temporal_Dept_3.mtx,auto_lossless_lb,dict256_u8_lb,lossless_value_specialized,ok,none,accuracy_pass_runtime_loss,0.0096,0.0079,1.197917,0.906250,,9224,2144,auto_lossless,dict256_u8,true,81,9224,true,81,exact_abs_or_rel,SKIP
email-Eu-core-temporal_Dept_3.mtx,fp16_lb,fp16_lb,controlled_lossy_value_specialized,ok,none,accuracy_pass_runtime_win,0.0081,0.0071,1.419753,1.074074,,3012,2144,fp16,fp16,false,0,0,false,0,spmv_max_rel,SKIP
email-Eu-core-temporal_Dept_3.mtx,bf16_lb,bf16_lb,controlled_lossy_value_specialized,ok,none,accuracy_pass_runtime_win,0.0086,0.0070,1.337209,1.011628,,3012,2144,bf16,bf16,false,0,0,false,0,spmv_max_rel,SKIP
email-Eu-core-temporal_Dept_3.mtx,bfp8_lb,bfp8_lb,controlled_lossy_value_specialized,ok,none,accuracy_pass_runtime_win,0.0076,0.0064,1.513158,1.144737,,2042,2144,bfp8,bfp8,false,0,0,false,0,spmv_max_rel,SKIP
email-Eu-core-temporal_Dept_3.mtx,bfp8_outlier_lb,bfp8_outlier_lb,controlled_lossy_value_specialized,ok,none,accuracy_pass_runtime_loss,0.0114,0.0100,1.008772,0.763158,,2154,2144,bfp8_outlier,bfp8_outlier,false,0,0,false,0,spmv_max_rel,SKIP
email-Eu-core-temporal_Dept_3.mtx,bfp4_lb,bfp4_lb,controlled_lossy_value_specialized,ok,none,accuracy_pass_runtime_loss,0.0104,0.0085,1.105769,0.836538,,1289,2144,bfp4,bfp4,false,0,0,false,0,spmv_max_rel,SKIP
email-Eu-core-temporal_Dept_3.mtx,hybrid_lb,hybrid_lb,structural_hybrid,ok,none,promoted_fallback,0.0085,0.0064,1.352941,1.023529,,12048,,original,raw_double,false,,,1,0,exact_abs_or_rel,SKIP
email-Eu-core-temporal_Dept_3.mtx,cusparse_default,cusparse_csr,external_baseline,ok,none,external_baseline,0.0115,0.0082,1.000000,0.756522,,12048,6388,original,original,false,,,true,0,exact_abs_or_rel,SKIP
ex14.mtx,original_lb,original_lb,load_balanced_traversal,ok,none,promoted_fallback,0.0087,0.0069,1.482759,1.000000,,527000,63976,original,original,false,0,0,true,0,exact_abs_or_rel,SKIP
ex14.mtx,auto_lossless_lb,original_lb,load_balanced_traversal,ok,none,promoted_fallback,0.0086,0.0076,1.500000,1.011628,,527000,63976,auto_lossless,original,true,29895,527000,true,0,exact_abs_or_rel,SKIP
ex14.mtx,fp16_lb,fp16_lb,controlled_lossy_value_specialized,ok,none,accuracy_pass_runtime_loss,0.0093,0.0088,1.387097,0.935484,,131750,63976,fp16,fp16,false,0,0,false,0,spmv_max_rel,SKIP
ex14.mtx,bf16_lb,bf16_lb,controlled_lossy_value_specialized,ok,none,accuracy_pass_runtime_loss,0.0088,0.0072,1.465909,0.988636,,131750,63976,bf16,bf16,false,0,0,false,0,spmv_max_rel,SKIP
ex14.mtx,bfp8_lb,bfp8_lb,controlled_lossy_value_specialized,ok,none,accuracy_pass_runtime_loss,0.0096,0.0088,1.343750,0.906250,,81869,63976,bfp8,bfp8,false,0,0,false,0,spmv_max_rel,SKIP
ex14.mtx,bfp8_outlier_lb,bfp8_outlier_lb,controlled_lossy_value_specialized,ok,none,accuracy_pass_runtime_loss,0.0113,0.0093,1.141593,0.769912,,87133,63976,bfp8_outlier,bfp8_outlier,false,0,0,false,0,spmv_max_rel,SKIP
ex14.mtx,bfp4_lb,bfp4_lb,controlled_lossy_value_specialized,ok,none,accuracy_pass_runtime_loss,0.0132,0.0112,0.977273,0.659091,,48932,63976,bfp4,bfp4,false,0,0,false,0,spmv_max_rel,SKIP
ex14.mtx,hybrid_lb,hybrid_lb,structural_hybrid,ok,none,promoted_fallback,0.0089,0.0071,1.449438,0.977528,,527000,,original,raw_double,false,,,1,0,exact_abs_or_rel,SKIP
ex14.mtx,cusparse_default,cusparse_csr,external_baseline,ok,none,external_baseline,0.0129,0.0102,1.000000,0.674419,,527000,276508,original,original,false,,,true,0,exact_abs_or_rel,SKIP
ex24.mtx,original_lb,original_lb,load_balanced_traversal,ok,none,promoted_fallback,0.0087,0.0069,1.551724,1.000000,,383208,36568,original,original,false,0,0,true,0,exact_abs_or_rel,SKIP
ex24.mtx,auto_lossless_lb,original_lb,load_balanced_traversal,ok,none,promoted_fallback,0.0095,0.0076,1.421053,0.915789,,383208,36568,auto_lossless,original,true,21285,383208,true,0,exact_abs_or_rel,SKIP
ex24.mtx,fp16_lb,fp16_lb,controlled_lossy_value_specialized,ok,none,accuracy_pass_runtime_loss,0.0088,0.0085,1.534091,0.988636,,95802,36568,fp16,fp16,false,0,0,false,0,spmv_max_rel,SKIP
ex24.mtx,bf16_lb,bf16_lb,controlled_lossy_value_specialized,ok,none,accuracy_pass_runtime_loss,0.0087,0.0074,1.551724,1.000000,,95802,36568,bf16,bf16,false,0,0,false,0,spmv_max_rel,SKIP
ex24.mtx,bfp8_lb,bfp8_lb,controlled_lossy_value_specialized,ok,none,accuracy_pass_runtime_loss,0.0100,0.0091,1.350000,0.870000,,57043,36568,bfp8,bfp8,false,0,0,false,0,spmv_max_rel,SKIP
ex24.mtx,bfp8_outlier_lb,bfp8_outlier_lb,controlled_lossy_value_specialized,ok,none,accuracy_pass_runtime_loss,0.0115,0.0102,1.173913,0.756522,,60867,36568,bfp8_outlier,bfp8_outlier,false,0,0,false,0,spmv_max_rel,SKIP
ex24.mtx,bfp4_lb,bfp4_lb,controlled_lossy_value_specialized,ok,none,accuracy_pass_runtime_loss,0.0111,0.0108,1.216216,0.783784,,33093,36568,bfp4,bfp4,false,0,0,false,0,spmv_max_rel,SKIP
ex24.mtx,hybrid_lb,hybrid_lb,structural_hybrid,ok,none,promoted_fallback,0.0085,0.0058,1.588235,1.023529,,383208,,original,raw_double,false,,,1,0,exact_abs_or_rel,SKIP
ex24.mtx,cusparse_default,cusparse_csr,external_baseline,ok,none,external_baseline,0.0135,0.0102,1.000000,0.644444,,383208,200740,original,original,false,,,true,0,exact_abs_or_rel,SKIP
ex32.mtx,original_lb,original_lb,load_balanced_traversal,ok,none,promoted_fallback,0.0074,0.0054,1.932432,1.000000,,88376,15056,original,original,false,0,0,true,0,exact_abs_or_rel,SKIP
ex32.mtx,auto_lossless_lb,original_lb,load_balanced_traversal,ok,none,promoted_fallback,0.0066,0.0063,2.166667,1.121212,,88376,15056,auto_lossless,original,true,753,88376,true,0,exact_abs_or_rel,SKIP
ex32.mtx,fp16_lb,fp16_lb,controlled_lossy_value_specialized,ok,none,accuracy_pass_runtime_loss,0.0077,0.0071,1.857143,0.961039,,22094,15056,fp16,fp16,false,0,0,false,0,spmv_max_rel,SKIP
ex32.mtx,bf16_lb,bf16_lb,controlled_lossy_value_specialized,ok,none,accuracy_pass_runtime_loss,0.0076,0.0072,1.881579,0.973684,,22094,15056,bf16,bf16,false,0,0,false,0,spmv_max_rel,SKIP
ex32.mtx,bfp8_lb,bfp8_lb,controlled_lossy_value_specialized,ok,none,accuracy_pass_runtime_loss,0.0076,0.0061,1.881579,0.973684,,14811,15056,bfp8,bfp8,false,0,0,false,0,spmv_max_rel,SKIP
ex32.mtx,bfp8_outlier_lb,bfp8_outlier_lb,controlled_lossy_value_specialized,ok,none,accuracy_pass_runtime_loss,0.0096,0.0082,1.489583,0.770833,,15627,15056,bfp8_outlier,bfp8_outlier,false,0,0,false,0,spmv_max_rel,SKIP
ex32.mtx,bfp4_lb,bfp4_lb,controlled_lossy_value_specialized,ok,none,accuracy_pass_runtime_loss,0.0096,0.0091,1.489583,0.770833,,9288,15056,bfp4,bfp4,false,0,0,false,0,spmv_max_rel,SKIP
ex32.mtx,hybrid_lb,hybrid_lb,structural_hybrid,ok,none,promoted_fallback,0.0075,0.0050,1.906667,0.986667,,88376,,original,raw_double,false,,,1,0,exact_abs_or_rel,SKIP
ex32.mtx,cusparse_default,cusparse_csr,external_baseline,ok,none,external_baseline,0.0143,0.0123,1.000000,0.517483,,88376,48828,original,original,false,,,true,0,exact_abs_or_rel,SKIP
ex7.mtx,original_lb,original_lb,load_balanced_traversal,ok,none,promoted_fallback,0.0091,0.0079,1.461538,1.000000,,373008,40992,original,original,false,0,0,true,0,exact_abs_or_rel,SKIP
ex7.mtx,auto_lossless_lb,original_lb,load_balanced_traversal,ok,none,promoted_fallback,0.0097,0.0087,1.371134,0.938144,,373008,40992,auto_lossless,original,true,22864,373008,true,0,exact_abs_or_rel,SKIP
ex7.mtx,fp16_lb,fp16_lb,controlled_lossy_value_specialized,ok,none,accuracy_pass_runtime_loss,0.0092,0.0088,1.445652,0.989130,,93252,40992,fp16,fp16,false,0,0,false,0,spmv_max_rel,SKIP
ex7.mtx,bf16_lb,bf16_lb,controlled_lossy_value_specialized,ok,none,accuracy_pass_runtime_loss,0.0095,0.0085,1.400000,0.957895,,93252,40992,bf16,bf16,false,0,0,false,0,spmv_max_rel,SKIP
ex7.mtx,bfp8_lb,bfp8_lb,controlled_lossy_value_specialized,ok,none,accuracy_pass_runtime_loss,0.0102,0.0096,1.303922,0.892157,,56874,40992,bfp8,bfp8,false,0,0,false,0,spmv_max_rel,SKIP
ex7.mtx,bfp8_outlier_lb,bfp8_outlier_lb,controlled_lossy_value_specialized,ok,none,accuracy_pass_runtime_loss,0.0118,0.0101,1.127119,0.771186,,60602,40992,bfp8_outlier,bfp8_outlier,false,0,0,false,0,spmv_max_rel,SKIP
ex7.mtx,bfp4_lb,bfp4_lb,controlled_lossy_value_specialized,ok,none,accuracy_pass_runtime_loss,0.0130,0.0117,1.023077,0.700000,,33561,40992,bfp4,bfp4,false,0,0,false,0,spmv_max_rel,SKIP
ex7.mtx,hybrid_lb,hybrid_lb,structural_hybrid,ok,none,promoted_fallback,0.0090,0.0076,1.477778,1.011111,,373008,,original,raw_double,false,,,1,0,exact_abs_or_rel,SKIP
ex7.mtx,cusparse_default,cusparse_csr,external_baseline,ok,none,external_baseline,0.0133,0.0102,1.000000,0.684211,,373008,193040,original,original,false,,,true,0,exact_abs_or_rel,SKIP
extr1b_A_01.mtx,original_lb,original_lb,load_balanced_traversal,ok,none,promoted_fallback,0.0067,0.0052,2.089552,1.000000,,87720,26768,original,original,false,0,0,true,0,exact_abs_or_rel,SKIP
extr1b_A_01.mtx,auto_lossless_lb,original_lb,load_balanced_traversal,ok,none,promoted_fallback,0.0067,0.0053,2.089552,1.000000,,87720,26768,auto_lossless,original,true,5494,87720,true,0,exact_abs_or_rel,SKIP
extr1b_A_01.mtx,fp16_lb,fp16_lb,controlled_lossy_value_specialized,ok,none,accuracy_pass_runtime_loss,0.0068,0.0053,2.058824,0.985294,,21930,26768,fp16,fp16,false,0,0,false,0,spmv_max_rel,SKIP
extr1b_A_01.mtx,bf16_lb,bf16_lb,controlled_lossy_value_specialized,ok,none,accuracy_pass_runtime_loss,0.0067,0.0052,2.089552,1.000000,,21930,26768,bf16,bf16,false,0,0,false,0,spmv_max_rel,SKIP
extr1b_A_01.mtx,bfp8_lb,bfp8_lb,controlled_lossy_value_specialized,ok,none,accuracy_pass_runtime_loss,0.0076,0.0069,1.842105,0.881579,,17657,26768,bfp8,bfp8,false,0,0,false,0,spmv_max_rel,SKIP
extr1b_A_01.mtx,bfp8_outlier_lb,bfp8_outlier_lb,controlled_lossy_value_specialized,ok,none,accuracy_pass_runtime_loss,0.0095,0.0078,1.473684,0.705263,,18521,26768,bfp8_outlier,bfp8_outlier,false,0,0,false,0,spmv_max_rel,SKIP
extr1b_A_01.mtx,bfp4_lb,bfp4_lb,controlled_lossy_value_specialized,ok,none,accuracy_pass_runtime_loss,0.0072,0.0066,1.944444,0.930556,,12175,26768,bfp4,bfp4,false,0,0,false,0,spmv_max_rel,SKIP
extr1b_A_01.mtx,hybrid_lb,hybrid_lb,structural_hybrid,ok,none,promoted_fallback,0.0068,0.0045,2.058824,0.985294,,87720,,original,raw_double,false,,,1,0,exact_abs_or_rel,SKIP
extr1b_A_01.mtx,cusparse_default,cusparse_csr,external_baseline,ok,none,external_baseline,0.0140,0.0123,1.000000,0.478571,,87720,55208,original,original,false,,,true,0,exact_abs_or_rel,SKIP
extr1b_A_09.mtx,original_lb,original_lb,load_balanced_traversal,ok,none,promoted_fallback,0.0062,0.0048,2.258065,1.000000,,72424,23416,original,original,false,0,0,true,0,exact_abs_or_rel,SKIP
extr1b_A_09.mtx,auto_lossless_lb,original_lb,load_balanced_traversal,ok,none,promoted_fallback,0.0064,0.0055,2.187500,0.968750,,72424,23416,auto_lossless,original,true,3704,72424,true,0,exact_abs_or_rel,SKIP
extr1b_A_09.mtx,fp16_lb,fp16_lb,controlled_lossy_value_specialized,ok,none,accuracy_pass_runtime_loss,0.0075,0.0060,1.866667,0.826667,,18106,23416,fp16,fp16,false,0,0,false,0,spmv_max_rel,SKIP
extr1b_A_09.mtx,bf16_lb,bf16_lb,controlled_lossy_value_specialized,ok,none,accuracy_pass_runtime_loss,0.0075,0.0071,1.866667,0.826667,,18106,23416,bf16,bf16,false,0,0,false,0,spmv_max_rel,SKIP
extr1b_A_09.mtx,bfp8_lb,bfp8_lb,controlled_lossy_value_specialized,ok,none,accuracy_pass_runtime_loss,0.0067,0.0057,2.089552,0.925373,,14907,23416,bfp8,bfp8,false,0,0,false,0,spmv_max_rel,SKIP
extr1b_A_09.mtx,bfp8_outlier_lb,bfp8_outlier_lb,controlled_lossy_value_specialized,ok,none,accuracy_pass_runtime_loss,0.0090,0.0072,1.555556,0.688889,,15627,23416,bfp8_outlier,bfp8_outlier,false,0,0,false,0,spmv_max_rel,SKIP
extr1b_A_09.mtx,bfp4_lb,bfp4_lb,controlled_lossy_value_specialized,ok,none,accuracy_pass_runtime_loss,0.0075,0.0065,1.866667,0.826667,,10381,23416,bfp4,bfp4,false,0,0,false,0,spmv_max_rel,SKIP
extr1b_A_09.mtx,hybrid_lb,hybrid_lb,structural_hybrid,ok,none,promoted_fallback,0.0066,0.0051,2.121212,0.939394,,72424,,original,raw_double,false,,,1,0,exact_abs_or_rel,SKIP
extr1b_A_09.mtx,cusparse_default,cusparse_csr,external_baseline,ok,none,external_baseline,0.0140,0.0123,1.000000,0.442857,,72424,47560,original,original,false,,,true,0,exact_abs_or_rel,SKIP
extr1b_A_17.mtx,original_lb,original_lb,load_balanced_traversal,ok,none,promoted_fallback,0.0074,0.0060,2.175676,1.000000,,91232,27008,original,original,false,0,0,true,0,exact_abs_or_rel,SKIP
extr1b_A_17.mtx,auto_lossless_lb,original_lb,load_balanced_traversal,ok,none,promoted_fallback,0.0077,0.0064,2.090909,0.961039,,91232,27008,auto_lossless,original,true,5869,91232,true,0,exact_abs_or_rel,SKIP
extr1b_A_17.mtx,fp16_lb,fp16_lb,controlled_lossy_value_specialized,ok,none,accuracy_pass_runtime_win,0.0067,0.0049,2.402985,1.104478,,22808,27008,fp16,fp16,false,0,0,false,0,spmv_max_rel,SKIP
extr1b_A_17.mtx,bf16_lb,bf16_lb,controlled_lossy_value_specialized,ok,none,accuracy_pass_runtime_win,0.0068,0.0055,2.367647,1.088235,,22808,27008,bf16,bf16,false,0,0,false,0,spmv_max_rel,SKIP
extr1b_A_17.mtx,bfp8_lb,bfp8_lb,controlled_lossy_value_specialized,ok,none,accuracy_pass_runtime_win,0.0071,0.0057,2.267606,1.042254,,18156,27008,bfp8,bfp8,false,0,0,false,0,spmv_max_rel,SKIP
extr1b_A_17.mtx,bfp8_outlier_lb,bfp8_outlier_lb,controlled_lossy_value_specialized,ok,none,accuracy_pass_runtime_loss,0.0085,0.0068,1.894118,0.870588,,19068,27008,bfp8_outlier,bfp8_outlier,false,0,0,false,0,spmv_max_rel,SKIP
extr1b_A_17.mtx,bfp4_lb,bfp4_lb,controlled_lossy_value_specialized,ok,none,accuracy_pass_runtime_loss,0.0089,0.0070,1.808989,0.831461,,12454,27008,bfp4,bfp4,false,0,0,false,0,spmv_max_rel,SKIP
extr1b_A_17.mtx,hybrid_lb,hybrid_lb,structural_hybrid,ok,none,promoted_fallback,0.0078,0.0060,2.064103,0.948718,,91232,,original,raw_double,false,,,1,0,exact_abs_or_rel,SKIP
extr1b_A_17.mtx,cusparse_default,cusparse_csr,external_baseline,ok,none,external_baseline,0.0161,0.0123,1.000000,0.459627,,91232,56964,original,original,false,,,true,0,exact_abs_or_rel,SKIP
extr1b_A_25.mtx,original_lb,original_lb,load_balanced_traversal,ok,none,promoted_fallback,0.0057,0.0047,2.438596,1.000000,,72424,23416,original,original,false,0,0,true,0,exact_abs_or_rel,SKIP
extr1b_A_25.mtx,auto_lossless_lb,original_lb,load_balanced_traversal,ok,none,promoted_fallback,0.0063,0.0048,2.206349,0.904762,,72424,23416,auto_lossless,original,true,3709,72424,true,0,exact_abs_or_rel,SKIP
extr1b_A_25.mtx,fp16_lb,fp16_lb,controlled_lossy_value_specialized,ok,none,accuracy_pass_runtime_loss,0.0070,0.0052,1.985714,0.814286,,18106,23416,fp16,fp16,false,0,0,false,0,spmv_max_rel,SKIP
extr1b_A_25.mtx,bf16_lb,bf16_lb,controlled_lossy_value_specialized,ok,none,accuracy_pass_runtime_loss,0.0071,0.0052,1.957746,0.802817,,18106,23416,bf16,bf16,false,0,0,false,0,spmv_max_rel,SKIP
extr1b_A_25.mtx,bfp8_lb,bfp8_lb,controlled_lossy_value_specialized,ok,none,accuracy_pass_runtime_loss,0.0068,0.0061,2.044118,0.838235,,14907,23416,bfp8,bfp8,false,0,0,false,0,spmv_max_rel,SKIP
extr1b_A_25.mtx,bfp8_outlier_lb,bfp8_outlier_lb,controlled_lossy_value_specialized,ok,none,accuracy_pass_runtime_loss,0.0091,0.0070,1.527473,0.626374,,15627,23416,bfp8_outlier,bfp8_outlier,false,0,0,false,0,spmv_max_rel,SKIP
extr1b_A_25.mtx,bfp4_lb,bfp4_lb,controlled_lossy_value_specialized,ok,none,accuracy_pass_runtime_loss,0.0070,0.0066,1.985714,0.814286,,10381,23416,bfp4,bfp4,false,0,0,false,0,spmv_max_rel,SKIP
extr1b_A_25.mtx,hybrid_lb,hybrid_lb,structural_hybrid,ok,none,promoted_fallback,0.0062,0.0047,2.241935,0.919355,,72424,,original,raw_double,false,,,1,0,exact_abs_or_rel,SKIP
extr1b_A_25.mtx,cusparse_default,cusparse_csr,external_baseline,ok,none,external_baseline,0.0139,0.0123,1.000000,0.410072,,72424,47560,original,original,false,,,true,0,exact_abs_or_rel,SKIP
extr1b_A_33.mtx,original_lb,original_lb,load_balanced_traversal,ok,none,promoted_fallback,0.0058,0.0049,2.448276,1.000000,,72416,23416,original,original,false,0,0,true,0,exact_abs_or_rel,SKIP
extr1b_A_33.mtx,auto_lossless_lb,original_lb,load_balanced_traversal,ok,none,promoted_fallback,0.0068,0.0050,2.088235,0.852941,,72416,23416,auto_lossless,original,true,3708,72416,true,0,exact_abs_or_rel,SKIP
extr1b_A_33.mtx,fp16_lb,fp16_lb,controlled_lossy_value_specialized,ok,none,accuracy_pass_runtime_loss,0.0073,0.0054,1.945205,0.794521,,18104,23416,fp16,fp16,false,0,0,false,0,spmv_max_rel,SKIP
extr1b_A_33.mtx,bf16_lb,bf16_lb,controlled_lossy_value_specialized,ok,none,accuracy_pass_runtime_loss,0.0074,0.0054,1.918919,0.783784,,18104,23416,bf16,bf16,false,0,0,false,0,spmv_max_rel,SKIP
extr1b_A_33.mtx,bfp8_lb,bfp8_lb,controlled_lossy_value_specialized,ok,none,accuracy_pass_runtime_loss,0.0072,0.0057,1.972222,0.805556,,14906,23416,bfp8,bfp8,false,0,0,false,0,spmv_max_rel,SKIP
extr1b_A_33.mtx,bfp8_outlier_lb,bfp8_outlier_lb,controlled_lossy_value_specialized,ok,none,accuracy_pass_runtime_loss,0.0088,0.0066,1.613636,0.659091,,15626,23416,bfp8_outlier,bfp8_outlier,false,0,0,false,0,spmv_max_rel,SKIP
extr1b_A_33.mtx,bfp4_lb,bfp4_lb,controlled_lossy_value_specialized,ok,none,accuracy_pass_runtime_loss,0.0070,0.0066,2.028571,0.828571,,10380,23416,bfp4,bfp4,false,0,0,false,0,spmv_max_rel,SKIP
extr1b_A_33.mtx,hybrid_lb,hybrid_lb,structural_hybrid,ok,none,promoted_fallback,0.0067,0.0049,2.119403,0.865672,,72416,,original,raw_double,false,,,1,0,exact_abs_or_rel,SKIP
extr1b_A_33.mtx,cusparse_default,cusparse_csr,external_baseline,ok,none,external_baseline,0.0142,0.0123,1.000000,0.408451,,72416,47556,original,original,false,,,true,0,exact_abs_or_rel,SKIP
extr1b_A_41.mtx,original_lb,original_lb,load_balanced_traversal,ok,none,promoted_fallback,0.0066,0.0045,2.106061,1.000000,,72424,23416,original,original,false,0,0,true,0,exact_abs_or_rel,SKIP
extr1b_A_41.mtx,auto_lossless_lb,original_lb,load_balanced_traversal,ok,none,promoted_fallback,0.0066,0.0054,2.106061,1.000000,,72424,23416,auto_lossless,original,true,3709,72424,true,0,exact_abs_or_rel,SKIP
extr1b_A_41.mtx,fp16_lb,fp16_lb,controlled_lossy_value_specialized,ok,none,accuracy_pass_runtime_loss,0.0071,0.0050,1.957746,0.929577,,18106,23416,fp16,fp16,false,0,0,false,0,spmv_max_rel,SKIP
extr1b_A_41.mtx,bf16_lb,bf16_lb,controlled_lossy_value_specialized,ok,none,accuracy_pass_runtime_loss,0.0074,0.0064,1.878378,0.891892,,18106,23416,bf16,bf16,false,0,0,false,0,spmv_max_rel,SKIP
extr1b_A_41.mtx,bfp8_lb,bfp8_lb,controlled_lossy_value_specialized,ok,none,accuracy_pass_runtime_loss,0.0071,0.0054,1.957746,0.929577,,14907,23416,bfp8,bfp8,false,0,0,false,0,spmv_max_rel,SKIP
extr1b_A_41.mtx,bfp8_outlier_lb,bfp8_outlier_lb,controlled_lossy_value_specialized,ok,none,accuracy_pass_runtime_loss,0.0095,0.0073,1.463158,0.694737,,15627,23416,bfp8_outlier,bfp8_outlier,false,0,0,false,0,spmv_max_rel,SKIP
extr1b_A_41.mtx,bfp4_lb,bfp4_lb,controlled_lossy_value_specialized,ok,none,accuracy_pass_runtime_loss,0.0069,0.0064,2.014493,0.956522,,10381,23416,bfp4,bfp4,false,0,0,false,0,spmv_max_rel,SKIP
extr1b_A_41.mtx,hybrid_lb,hybrid_lb,structural_hybrid,ok,none,promoted_fallback,0.0063,0.0048,2.206349,1.047619,,72424,,original,raw_double,false,,,1,0,exact_abs_or_rel,SKIP
extr1b_A_41.mtx,cusparse_default,cusparse_csr,external_baseline,ok,none,external_baseline,0.0139,0.0123,1.000000,0.474820,,72424,47560,original,original,false,,,true,0,exact_abs_or_rel,SKIP
extr1b_Zeros_04.mtx,original_lb,original_lb,load_balanced_traversal,ok,none,promoted_fallback,0.0056,0.0048,2.500000,1.000000,,3512,1680,original,original,false,0,0,true,0,exact_abs_or_rel,SKIP
extr1b_Zeros_04.mtx,auto_lossless_lb,all_one_lb,lossless_value_specialized,ok,none,accuracy_pass_runtime_win,0.0050,0.0044,2.800000,1.120000,,0,1680,auto_lossless,all_one,true,1,0,true,0,exact_abs_or_rel,SKIP
extr1b_Zeros_04.mtx,fp16_lb,fp16_lb,controlled_lossy_value_specialized,ok,none,accuracy_pass_runtime_loss,0.0066,0.0057,2.121212,0.848485,,878,1680,fp16,fp16,false,0,0,false,0,spmv_max_rel,SKIP
extr1b_Zeros_04.mtx,bf16_lb,bf16_lb,controlled_lossy_value_specialized,ok,none,accuracy_pass_runtime_win,0.0053,0.0041,2.641509,1.056604,,878,1680,bf16,bf16,false,0,0,false,0,spmv_max_rel,SKIP
extr1b_Zeros_04.mtx,bfp8_lb,bfp8_lb,controlled_lossy_value_specialized,ok,none,accuracy_pass_runtime_loss,0.0090,0.0059,1.555556,0.622222,,859,1680,bfp8,bfp8,false,0,0,false,0,spmv_max_rel,SKIP
extr1b_Zeros_04.mtx,bfp8_outlier_lb,bfp8_outlier_lb,controlled_lossy_value_specialized,ok,none,accuracy_pass_runtime_win,0.0052,0.0042,2.692308,1.076923,,859,1680,bfp8_outlier,bfp8_outlier,false,0,0,false,0,spmv_max_rel,SKIP
extr1b_Zeros_04.mtx,bfp4_lb,bfp4_lb,controlled_lossy_value_specialized,ok,none,accuracy_pass_runtime_win,0.0049,0.0044,2.857143,1.142857,,640,1680,bfp4,bfp4,false,0,0,false,0,spmv_max_rel,SKIP
extr1b_Zeros_04.mtx,hybrid_lb,hybrid_lb,structural_hybrid,ok,none,promoted_fallback,0.0058,0.0050,2.413793,0.965517,,3512,,original,raw_double,false,,,1,0,exact_abs_or_rel,SKIP
extr1b_Zeros_04.mtx,cusparse_default,cusparse_csr,external_baseline,ok,none,external_baseline,0.0140,0.0102,1.000000,0.400000,,3512,13104,original,original,false,,,true,0,exact_abs_or_rel,SKIP
extr1b_Zeros_12.mtx,original_lb,original_lb,load_balanced_traversal,ok,none,promoted_fallback,0.0052,0.0042,2.557692,1.000000,,1392,808,original,original,false,0,0,true,0,exact_abs_or_rel,SKIP
extr1b_Zeros_12.mtx,auto_lossless_lb,all_one_lb,lossless_value_specialized,ok,none,accuracy_pass_runtime_win,0.0049,0.0037,2.714286,1.061224,,0,808,auto_lossless,all_one,true,1,0,true,0,exact_abs_or_rel,SKIP
extr1b_Zeros_12.mtx,fp16_lb,fp16_lb,controlled_lossy_value_specialized,ok,none,accuracy_pass_runtime_win,0.0050,0.0045,2.660000,1.040000,,348,808,fp16,fp16,false,0,0,false,0,spmv_max_rel,SKIP
extr1b_Zeros_12.mtx,bf16_lb,bf16_lb,controlled_lossy_value_specialized,ok,none,accuracy_pass_runtime_win,0.0051,0.0035,2.607843,1.019608,,348,808,bf16,bf16,false,0,0,false,0,spmv_max_rel,SKIP
extr1b_Zeros_12.mtx,bfp8_lb,bfp8_lb,controlled_lossy_value_specialized,ok,none,accuracy_pass_runtime_win,0.0049,0.0046,2.714286,1.061224,,376,808,bfp8,bfp8,false,0,0,false,0,spmv_max_rel,SKIP
extr1b_Zeros_12.mtx,bfp8_outlier_lb,bfp8_outlier_lb,controlled_lossy_value_specialized,ok,none,accuracy_pass_runtime_win,0.0049,0.0046,2.714286,1.061224,,376,808,bfp8_outlier,bfp8_outlier,false,0,0,false,0,spmv_max_rel,SKIP
extr1b_Zeros_12.mtx,bfp4_lb,bfp4_lb,controlled_lossy_value_specialized,ok,none,accuracy_pass_runtime_win,0.0049,0.0044,2.714286,1.061224,,289,808,bfp4,bfp4,false,0,0,false,0,spmv_max_rel,SKIP
extr1b_Zeros_12.mtx,hybrid_lb,hybrid_lb,structural_hybrid,ok,none,promoted_fallback,0.0058,0.0047,2.293103,0.896552,,1392,,original,raw_double,false,,,1,0,exact_abs_or_rel,SKIP
extr1b_Zeros_12.mtx,cusparse_default,cusparse_csr,external_baseline,ok,none,external_baseline,0.0133,0.0102,1.000000,0.390977,,1392,12044,original,original,false,,,true,0,exact_abs_or_rel,SKIP
extr1b_Zeros_20.mtx,original_lb,original_lb,load_balanced_traversal,ok,none,promoted_fallback,0.0058,0.0043,2.275862,1.000000,,1392,808,original,original,false,0,0,true,0,exact_abs_or_rel,SKIP
extr1b_Zeros_20.mtx,auto_lossless_lb,all_one_lb,lossless_value_specialized,ok,none,accuracy_pass_runtime_win,0.0052,0.0034,2.538462,1.115385,,0,808,auto_lossless,all_one,true,1,0,true,0,exact_abs_or_rel,SKIP
extr1b_Zeros_20.mtx,fp16_lb,fp16_lb,controlled_lossy_value_specialized,ok,none,accuracy_pass_runtime_win,0.0052,0.0045,2.538462,1.115385,,348,808,fp16,fp16,false,0,0,false,0,spmv_max_rel,SKIP
extr1b_Zeros_20.mtx,bf16_lb,bf16_lb,controlled_lossy_value_specialized,ok,none,accuracy_pass_runtime_win,0.0050,0.0035,2.640000,1.160000,,348,808,bf16,bf16,false,0,0,false,0,spmv_max_rel,SKIP
extr1b_Zeros_20.mtx,bfp8_lb,bfp8_lb,controlled_lossy_value_specialized,ok,none,accuracy_pass_runtime_win,0.0050,0.0040,2.640000,1.160000,,376,808,bfp8,bfp8,false,0,0,false,0,spmv_max_rel,SKIP
extr1b_Zeros_20.mtx,bfp8_outlier_lb,bfp8_outlier_lb,controlled_lossy_value_specialized,ok,none,accuracy_pass_runtime_win,0.0052,0.0039,2.538462,1.115385,,376,808,bfp8_outlier,bfp8_outlier,false,0,0,false,0,spmv_max_rel,SKIP
extr1b_Zeros_20.mtx,bfp4_lb,bfp4_lb,controlled_lossy_value_specialized,ok,none,accuracy_pass_runtime_win,0.0052,0.0039,2.538462,1.115385,,289,808,bfp4,bfp4,false,0,0,false,0,spmv_max_rel,SKIP
extr1b_Zeros_20.mtx,hybrid_lb,hybrid_lb,structural_hybrid,ok,none,promoted_fallback,0.0055,0.0044,2.400000,1.054545,,1392,,original,raw_double,false,,,1,0,exact_abs_or_rel,SKIP
extr1b_Zeros_20.mtx,cusparse_default,cusparse_csr,external_baseline,ok,none,external_baseline,0.0132,0.0103,1.000000,0.439394,,1392,12044,original,original,false,,,true,0,exact_abs_or_rel,SKIP
extr1b_Zeros_28.mtx,original_lb,original_lb,load_balanced_traversal,ok,none,promoted_fallback,0.0052,0.0045,2.557692,1.000000,,1400,816,original,original,false,0,0,true,0,exact_abs_or_rel,SKIP
extr1b_Zeros_28.mtx,auto_lossless_lb,all_one_lb,lossless_value_specialized,ok,none,accuracy_pass_runtime_win,0.0049,0.0045,2.714286,1.061224,,0,816,auto_lossless,all_one,true,1,0,true,0,exact_abs_or_rel,SKIP
extr1b_Zeros_28.mtx,fp16_lb,fp16_lb,controlled_lossy_value_specialized,ok,none,accuracy_pass_runtime_win,0.0050,0.0046,2.660000,1.040000,,350,816,fp16,fp16,false,0,0,false,0,spmv_max_rel,SKIP
extr1b_Zeros_28.mtx,bf16_lb,bf16_lb,controlled_lossy_value_specialized,ok,none,accuracy_pass_runtime_win,0.0049,0.0044,2.714286,1.061224,,350,816,bf16,bf16,false,0,0,false,0,spmv_max_rel,SKIP
extr1b_Zeros_28.mtx,bfp8_lb,bfp8_lb,controlled_lossy_value_specialized,ok,none,accuracy_pass_runtime_win,0.0051,0.0045,2.607843,1.019608,,379,816,bfp8,bfp8,false,0,0,false,0,spmv_max_rel,SKIP
extr1b_Zeros_28.mtx,bfp8_outlier_lb,bfp8_outlier_lb,controlled_lossy_value_specialized,ok,none,accuracy_pass_runtime_loss,0.0053,0.0046,2.509434,0.981132,,379,816,bfp8_outlier,bfp8_outlier,false,0,0,false,0,spmv_max_rel,SKIP
extr1b_Zeros_28.mtx,bfp4_lb,bfp4_lb,controlled_lossy_value_specialized,ok,none,accuracy_pass_runtime_loss,0.0053,0.0046,2.509434,0.981132,,292,816,bfp4,bfp4,false,0,0,false,0,spmv_max_rel,SKIP
extr1b_Zeros_28.mtx,hybrid_lb,hybrid_lb,structural_hybrid,ok,none,promoted_fallback,0.0059,0.0049,2.254237,0.881356,,1400,,original,raw_double,false,,,1,0,exact_abs_or_rel,SKIP
extr1b_Zeros_28.mtx,cusparse_default,cusparse_csr,external_baseline,ok,none,external_baseline,0.0133,0.0102,1.000000,0.390977,,1400,12048,original,original,false,,,true,0,exact_abs_or_rel,SKIP
extr1b_Zeros_36.mtx,original_lb,original_lb,load_balanced_traversal,ok,none,promoted_fallback,0.0053,0.0046,2.433962,1.000000,,1392,808,original,original,false,0,0,true,0,exact_abs_or_rel,SKIP
extr1b_Zeros_36.mtx,auto_lossless_lb,all_one_lb,lossless_value_specialized,ok,none,accuracy_pass_runtime_win,0.0052,0.0047,2.480769,1.019231,,0,808,auto_lossless,all_one,true,1,0,true,0,exact_abs_or_rel,SKIP
extr1b_Zeros_36.mtx,fp16_lb,fp16_lb,controlled_lossy_value_specialized,ok,none,accuracy_pass_runtime_win,0.0049,0.0039,2.632653,1.081633,,348,808,fp16,fp16,false,0,0,false,0,spmv_max_rel,SKIP
extr1b_Zeros_36.mtx,bf16_lb,bf16_lb,controlled_lossy_value_specialized,ok,none,accuracy_pass_runtime_win,0.0049,0.0045,2.632653,1.081633,,348,808,bf16,bf16,false,0,0,false,0,spmv_max_rel,SKIP
extr1b_Zeros_36.mtx,bfp8_lb,bfp8_lb,controlled_lossy_value_specialized,ok,none,accuracy_pass_runtime_win,0.0048,0.0040,2.687500,1.104167,,376,808,bfp8,bfp8,false,0,0,false,0,spmv_max_rel,SKIP
extr1b_Zeros_36.mtx,bfp8_outlier_lb,bfp8_outlier_lb,controlled_lossy_value_specialized,ok,none,accuracy_pass_runtime_win,0.0050,0.0043,2.580000,1.060000,,376,808,bfp8_outlier,bfp8_outlier,false,0,0,false,0,spmv_max_rel,SKIP
extr1b_Zeros_36.mtx,bfp4_lb,bfp4_lb,controlled_lossy_value_specialized,ok,none,accuracy_pass_runtime_win,0.0048,0.0045,2.687500,1.104167,,289,808,bfp4,bfp4,false,0,0,false,0,spmv_max_rel,SKIP
extr1b_Zeros_36.mtx,hybrid_lb,hybrid_lb,structural_hybrid,ok,none,promoted_fallback,0.0057,0.0045,2.263158,0.929825,,1392,,original,raw_double,false,,,1,0,exact_abs_or_rel,SKIP
extr1b_Zeros_36.mtx,cusparse_default,cusparse_csr,external_baseline,ok,none,external_baseline,0.0129,0.0102,1.000000,0.410853,,1392,12044,original,original,false,,,true,0,exact_abs_or_rel,SKIP
extr1b_Zeros_44.mtx,original_lb,original_lb,load_balanced_traversal,ok,none,promoted_fallback,0.0051,0.0041,3.000000,1.000000,,1400,816,original,original,false,0,0,true,0,exact_abs_or_rel,SKIP
extr1b_Zeros_44.mtx,auto_lossless_lb,all_one_lb,lossless_value_specialized,ok,none,accuracy_pass_runtime_win,0.0049,0.0043,3.122449,1.040816,,0,816,auto_lossless,all_one,true,1,0,true,0,exact_abs_or_rel,SKIP
extr1b_Zeros_44.mtx,fp16_lb,fp16_lb,controlled_lossy_value_specialized,ok,none,accuracy_pass_runtime_win,0.0047,0.0032,3.255319,1.085106,,350,816,fp16,fp16,false,0,0,false,0,spmv_max_rel,SKIP
extr1b_Zeros_44.mtx,bf16_lb,bf16_lb,controlled_lossy_value_specialized,ok,none,accuracy_pass_runtime_loss,0.0061,0.0047,2.508197,0.836066,,350,816,bf16,bf16,false,0,0,false,0,spmv_max_rel,SKIP
extr1b_Zeros_44.mtx,bfp8_lb,bfp8_lb,controlled_lossy_value_specialized,ok,none,accuracy_pass_runtime_loss,0.0054,0.0041,2.833333,0.944444,,379,816,bfp8,bfp8,false,0,0,false,0,spmv_max_rel,SKIP
extr1b_Zeros_44.mtx,bfp8_outlier_lb,bfp8_outlier_lb,controlled_lossy_value_specialized,ok,none,accuracy_pass_runtime_loss,0.0054,0.0040,2.833333,0.944444,,379,816,bfp8_outlier,bfp8_outlier,false,0,0,false,0,spmv_max_rel,SKIP
extr1b_Zeros_44.mtx,bfp4_lb,bfp4_lb,controlled_lossy_value_specialized,ok,none,accuracy_pass_runtime_win,0.0050,0.0040,3.060000,1.020000,,292,816,bfp4,bfp4,false,0,0,false,0,spmv_max_rel,SKIP
extr1b_Zeros_44.mtx,hybrid_lb,hybrid_lb,structural_hybrid,ok,none,promoted_fallback,0.0068,0.0053,2.250000,0.750000,,1400,,original,raw_double,false,,,1,0,exact_abs_or_rel,SKIP
extr1b_Zeros_44.mtx,cusparse_default,cusparse_csr,external_baseline,ok,none,external_baseline,0.0153,0.0123,1.000000,0.333333,,1400,12048,original,original,false,,,true,0,exact_abs_or_rel,SKIP
filter2D_B.mtx,original_lb,original_lb,load_balanced_traversal,ok,none,promoted_fallback,0.0050,0.0037,2.760000,1.000000,,4024,1264,original,original,false,0,0,true,0,exact_abs_or_rel,SKIP
filter2D_B.mtx,auto_lossless_lb,original_lb,load_balanced_traversal,ok,none,promoted_fallback,0.0053,0.0048,2.603774,0.943396,,4024,1264,auto_lossless,original,true,405,4024,true,0,exact_abs_or_rel,SKIP
filter2D_B.mtx,fp16_lb,fp16_lb,controlled_lossy_value_specialized,ok,none,accuracy_pass_runtime_loss,0.0054,0.0045,2.555556,0.925926,,1006,1264,fp16,fp16,false,0,0,false,0,spmv_max_rel,SKIP
filter2D_B.mtx,bf16_lb,bf16_lb,controlled_lossy_value_specialized,ok,none,accuracy_pass_runtime_loss,0.0059,0.0050,2.338983,0.847458,,1006,1264,bf16,bf16,false,0,0,false,0,spmv_max_rel,SKIP
filter2D_B.mtx,bfp8_lb,bfp8_lb,controlled_lossy_value_specialized,ok,none,accuracy_pass_runtime_loss,0.0062,0.0048,2.225806,0.806452,,819,1264,bfp8,bfp8,false,0,0,false,0,spmv_max_rel,SKIP
filter2D_B.mtx,bfp8_outlier_lb,bfp8_outlier_lb,controlled_lossy_value_specialized,ok,none,accuracy_pass_runtime_loss,0.0088,0.0062,1.568182,0.568182,,851,1264,bfp8_outlier,bfp8_outlier,false,0,0,false,0,spmv_max_rel,SKIP
filter2D_B.mtx,bfp4_lb,bfp4_lb,controlled_lossy_value_specialized,ok,none,accuracy_pass_runtime_loss,0.0058,0.0044,2.379310,0.862069,,568,1264,bfp4,bfp4,false,0,0,false,0,spmv_max_rel,SKIP
filter2D_B.mtx,hybrid_lb,hybrid_lb,structural_hybrid,ok,none,promoted_fallback,0.0058,0.0046,2.379310,0.862069,,4024,,original,raw_double,false,,,1,0,exact_abs_or_rel,SKIP
filter2D_B.mtx,cusparse_default,cusparse_csr,external_baseline,ok,none,external_baseline,0.0138,0.0102,1.000000,0.362319,,4024,8688,original,original,false,,,true,0,exact_abs_or_rel,SKIP
flower_4_1.mtx,original_lb,original_lb,load_balanced_traversal,ok,none,promoted_fallback,0.0074,0.0058,1.527027,1.000000,,3088,1832,original,original,false,0,0,true,0,exact_abs_or_rel,SKIP
flower_4_1.mtx,auto_lossless_lb,all_one_lb,lossless_value_specialized,ok,none,accuracy_pass_runtime_win,0.0065,0.0048,1.738462,1.138462,,0,1832,auto_lossless,all_one,true,1,0,true,0,exact_abs_or_rel,SKIP
flower_4_1.mtx,fp16_lb,fp16_lb,controlled_lossy_value_specialized,ok,none,accuracy_pass_runtime_loss,0.0077,0.0070,1.467532,0.961039,,772,1832,fp16,fp16,false,0,0,false,0,spmv_max_rel,SKIP
flower_4_1.mtx,bf16_lb,bf16_lb,controlled_lossy_value_specialized,ok,none,accuracy_pass_runtime_loss,0.0075,0.0071,1.506667,0.986667,,772,1832,bf16,bf16,false,0,0,false,0,spmv_max_rel,SKIP
flower_4_1.mtx,bfp8_lb,bfp8_lb,controlled_lossy_value_specialized,ok,none,accuracy_pass_runtime_win,0.0071,0.0064,1.591549,1.042254,,844,1832,bfp8,bfp8,false,0,0,false,0,spmv_max_rel,SKIP
flower_4_1.mtx,bfp8_outlier_lb,bfp8_outlier_lb,controlled_lossy_value_specialized,ok,none,accuracy_pass_runtime_win,0.0070,0.0066,1.614286,1.057143,,844,1832,bfp8_outlier,bfp8_outlier,false,0,0,false,0,spmv_max_rel,SKIP
flower_4_1.mtx,bfp4_lb,bfp4_lb,controlled_lossy_value_specialized,ok,none,accuracy_pass_runtime_loss,0.0081,0.0066,1.395062,0.913580,,651,1832,bfp4,bfp4,false,0,0,false,0,spmv_max_rel,SKIP
flower_4_1.mtx,hybrid_lb,hybrid_lb,structural_hybrid,ok,none,promoted_fallback,0.0056,0.0044,2.017857,1.321429,,3088,,original,raw_double,false,,,1,0,exact_abs_or_rel,SKIP
flower_4_1.mtx,cusparse_default,cusparse_csr,external_baseline,ok,none,external_baseline,0.0113,0.0082,1.000000,0.654867,,3088,2032,original,original,false,,,true,0,exact_abs_or_rel,SKIP
flowmeter5_B.mtx,original_lb,original_lb,load_balanced_traversal,ok,none,promoted_fallback,0.0061,0.0047,2.311475,1.000000,,192,160,original,original,false,0,0,true,0,exact_abs_or_rel,SKIP
flowmeter5_B.mtx,auto_lossless_lb,original_lb,load_balanced_traversal,ok,none,promoted_fallback,0.0052,0.0037,2.711538,1.173077,,192,160,auto_lossless,original,true,24,192,true,0,exact_abs_or_rel,SKIP
flowmeter5_B.mtx,fp16_lb,fp16_lb,controlled_lossy_value_specialized,ok,none,accuracy_pass_runtime_win,0.0059,0.0049,2.389831,1.033898,,48,160,fp16,fp16,false,0,0,false,0,spmv_max_rel,SKIP
flowmeter5_B.mtx,bf16_lb,bf16_lb,controlled_lossy_value_specialized,ok,none,accuracy_pass_runtime_win,0.0058,0.0046,2.431034,1.051724,,48,160,bf16,bf16,false,0,0,false,0,spmv_max_rel,SKIP
flowmeter5_B.mtx,bfp8_lb,bfp8_lb,controlled_lossy_value_specialized,ok,none,accuracy_pass_runtime_win,0.0055,0.0047,2.563636,1.109091,,64,160,bfp8,bfp8,false,0,0,false,0,spmv_max_rel,SKIP
flowmeter5_B.mtx,bfp8_outlier_lb,bfp8_outlier_lb,controlled_lossy_value_specialized,ok,none,accuracy_pass_runtime_win,0.0055,0.0046,2.563636,1.109091,,64,160,bfp8_outlier,bfp8_outlier,false,0,0,false,0,spmv_max_rel,SKIP
flowmeter5_B.mtx,bfp4_lb,bfp4_lb,controlled_lossy_value_specialized,ok,none,accuracy_pass_runtime_win,0.0054,0.0040,2.611111,1.129630,,52,160,bfp4,bfp4,false,0,0,false,0,spmv_max_rel,SKIP
flowmeter5_B.mtx,hybrid_lb,hybrid_lb,structural_hybrid,ok,none,promoted_fallback,0.0058,0.0048,2.431034,1.051724,,192,,original,raw_double,false,,,1,0,exact_abs_or_rel,SKIP
flowmeter5_B.mtx,cusparse_default,cusparse_csr,external_baseline,ok,none,external_baseline,0.0141,0.0123,1.000000,0.432624,,192,38776,original,original,false,,,true,0,exact_abs_or_rel,SKIP
fome11.mtx,original_lb,original_lb,load_balanced_traversal,ok,none,promoted_fallback,0.0106,0.0091,1.650943,1.000000,,570112,557768,original,original,false,0,0,true,0,exact_abs_or_rel,SKIP
fome11.mtx,auto_lossless_lb,original_lb,load_balanced_traversal,ok,none,promoted_fallback,0.0100,0.0092,1.750000,1.060000,,570112,557768,auto_lossless,original,true,13,570112,true,0,exact_abs_or_rel,SKIP
fome11.mtx,fp16_lb,fp16_lb,controlled_lossy_value_specialized,ok,none,accuracy_pass_runtime_loss,0.0119,0.0092,1.470588,0.890756,,142528,557768,fp16,fp16,false,0,0,false,0,spmv_max_rel,SKIP
fome11.mtx,bf16_lb,bf16_lb,controlled_lossy_value_specialized,ok,none,accuracy_pass_runtime_loss,0.0115,0.0091,1.521739,0.921739,,142528,557768,bf16,bf16,false,0,0,false,0,spmv_max_rel,SKIP
fome11.mtx,bfp8_lb,bfp8_lb,controlled_lossy_value_specialized,ok,none,accuracy_pass_runtime_loss,0.0113,0.0093,1.548673,0.938053,,210706,557768,bfp8,bfp8,false,0,0,false,0,spmv_max_rel,SKIP
fome11.mtx,bfp8_outlier_lb,bfp8_outlier_lb,controlled_lossy_value_specialized,ok,none,accuracy_pass_runtime_loss,0.0131,0.0120,1.335878,0.809160,,213810,557768,bfp8_outlier,bfp8_outlier,false,0,0,false,0,spmv_max_rel,SKIP
fome11.mtx,bfp4_lb,bfp4_lb,controlled_lossy_value_specialized,ok,none,accuracy_pass_runtime_loss,0.0140,0.0129,1.250000,0.757143,,175074,557768,bfp4,bfp4,false,0,0,false,0,spmv_max_rel,SKIP
fome11.mtx,hybrid_lb,hybrid_lb,structural_hybrid,ok,none,promoted_fallback,0.0115,0.0107,1.521739,0.921739,,570112,,original,raw_double,false,,,1,0,exact_abs_or_rel,SKIP
fome11.mtx,cusparse_default,cusparse_csr,external_baseline,ok,none,external_baseline,0.0175,0.0143,1.000000,0.605714,,570112,333628,original,original,false,,,true,0,exact_abs_or_rel,SKIP
fp.mtx,original_lb,original_lb,load_balanced_traversal,ok,none,promoted_fallback,0.0097,0.0078,1.432990,1.000000,,6673776,672968,original,original,false,0,0,true,0,exact_abs_or_rel,SKIP
fp.mtx,auto_lossless_lb,original_lb,load_balanced_traversal,ok,none,promoted_fallback,0.0126,0.0099,1.103175,0.769841,,6673776,672968,auto_lossless,original,true,296100,6673776,true,0,exact_abs_or_rel,SKIP
fp.mtx,fp16_lb,fp16_lb,controlled_lossy_value_specialized,ok,none,accuracy_pass_runtime_win,0.0095,0.0079,1.463158,1.021053,,1668444,672968,fp16,fp16,false,0,0,false,0,spmv_max_rel,SKIP
fp.mtx,bf16_lb,bf16_lb,controlled_lossy_value_specialized,ok,none,accuracy_pass_runtime_loss,0.0098,0.0084,1.418367,0.989796,,1668444,672968,bf16,bf16,false,0,0,false,0,spmv_max_rel,SKIP
fp.mtx,bfp8_lb,bfp8_lb,controlled_lossy_value_specialized,ok,none,accuracy_pass_runtime_loss,0.0102,0.0085,1.362745,0.950980,,1002464,672968,bfp8,bfp8,false,0,0,false,0,spmv_max_rel,SKIP
fp.mtx,bfp8_outlier_lb,bfp8_outlier_lb,controlled_lossy_value_specialized,ok,none,accuracy_pass_runtime_loss,0.0130,0.0112,1.069231,0.746154,,1069200,672968,bfp8_outlier,bfp8_outlier,false,0,0,false,0,spmv_max_rel,SKIP
fp.mtx,bfp4_lb,bfp4_lb,controlled_lossy_value_specialized,ok,none,accuracy_pass_runtime_loss,0.0135,0.0116,1.029630,0.718519,,585353,672968,bfp4,bfp4,false,0,0,false,0,spmv_max_rel,SKIP
fp.mtx,hybrid_lb,hybrid_lb,structural_hybrid,ok,none,promoted_fallback,0.0151,0.0133,0.920530,0.642384,,6673776,,original,raw_double,false,,,1,0,exact_abs_or_rel,SKIP
fp.mtx,cusparse_default,cusparse_csr,external_baseline,ok,none,external_baseline,0.0139,0.0123,1.000000,0.697842,,6673776,3367084,original,original,false,,,true,0,exact_abs_or_rel,SKIP
fpga_dcop_03.mtx,original_lb,original_lb,load_balanced_traversal,ok,none,promoted_fallback,0.0087,0.0074,1.666667,1.000000,,47136,14648,original,original,false,0,0,true,0,exact_abs_or_rel,SKIP
fpga_dcop_03.mtx,auto_lossless_lb,original_lb,load_balanced_traversal,ok,none,promoted_fallback,0.0082,0.0067,1.768293,1.060976,,47136,14648,auto_lossless,original,true,3486,47136,true,0,exact_abs_or_rel,SKIP
fpga_dcop_03.mtx,fp16_lb,fp16_lb,controlled_lossy_value_specialized,ok,none,accuracy_pass_runtime_loss,0.0100,0.0086,1.450000,0.870000,,11784,14648,fp16,fp16,false,0,0,false,0,spmv_max_rel,SKIP
fpga_dcop_03.mtx,bf16_lb,bf16_lb,controlled_lossy_value_specialized,ok,none,accuracy_pass_runtime_loss,0.0095,0.0090,1.526316,0.915789,,11784,14648,bf16,bf16,false,0,0,false,0,spmv_max_rel,SKIP
fpga_dcop_03.mtx,bfp8_lb,bfp8_lb,controlled_lossy_value_specialized,ok,none,accuracy_pass_runtime_loss,0.0099,0.0087,1.464646,0.878788,,9554,14648,bfp8,bfp8,false,0,0,false,0,spmv_max_rel,SKIP
fpga_dcop_03.mtx,bfp8_outlier_lb,bfp8_outlier_lb,controlled_lossy_value_specialized,ok,none,accuracy_pass_runtime_loss,0.0115,0.0103,1.260870,0.756522,,9986,14648,bfp8_outlier,bfp8_outlier,false,0,0,false,0,spmv_max_rel,SKIP
fpga_dcop_03.mtx,bfp4_lb,bfp4_lb,controlled_lossy_value_specialized,ok,none,accuracy_pass_runtime_loss,0.0144,0.0135,1.006944,0.604167,,6608,14648,bfp4,bfp4,false,0,0,false,0,spmv_max_rel,SKIP
fpga_dcop_03.mtx,hybrid_lb,hybrid_lb,structural_hybrid,ok,none,promoted_fallback,0.0072,0.0061,2.013889,1.208333,,47136,,original,raw_double,false,,,1,0,exact_abs_or_rel,SKIP
fpga_dcop_03.mtx,cusparse_default,cusparse_csr,external_baseline,ok,none,external_baseline,0.0145,0.0123,1.000000,0.600000,,47136,28452,original,original,false,,,true,0,exact_abs_or_rel,SKIP
fpga_dcop_11.mtx,original_lb,original_lb,load_balanced_traversal,ok,none,promoted_fallback,0.0080,0.0071,1.800000,1.000000,,47136,14648,original,original,false,0,0,true,0,exact_abs_or_rel,SKIP
fpga_dcop_11.mtx,auto_lossless_lb,original_lb,load_balanced_traversal,ok,none,promoted_fallback,0.0084,0.0068,1.714286,0.952381,,47136,14648,auto_lossless,original,true,3402,47136,true,0,exact_abs_or_rel,SKIP
fpga_dcop_11.mtx,fp16_lb,fp16_lb,controlled_lossy_value_specialized,ok,none,accuracy_pass_runtime_loss,0.0093,0.0085,1.548387,0.860215,,11784,14648,fp16,fp16,false,0,0,false,0,spmv_max_rel,SKIP
fpga_dcop_11.mtx,bf16_lb,bf16_lb,controlled_lossy_value_specialized,ok,none,accuracy_pass_runtime_loss,0.0093,0.0074,1.548387,0.860215,,11784,14648,bf16,bf16,false,0,0,false,0,spmv_max_rel,SKIP
fpga_dcop_11.mtx,bfp8_lb,bfp8_lb,controlled_lossy_value_specialized,ok,none,accuracy_pass_runtime_loss,0.0090,0.0085,1.600000,0.888889,,9554,14648,bfp8,bfp8,false,0,0,false,0,spmv_max_rel,SKIP
fpga_dcop_11.mtx,bfp8_outlier_lb,bfp8_outlier_lb,controlled_lossy_value_specialized,ok,none,accuracy_pass_runtime_loss,0.0115,0.0096,1.252174,0.695652,,9810,14648,bfp8_outlier,bfp8_outlier,false,0,0,false,0,spmv_max_rel,SKIP
fpga_dcop_11.mtx,bfp4_lb,bfp4_lb,controlled_lossy_value_specialized,ok,none,accuracy_pass_runtime_loss,0.0146,0.0129,0.986301,0.547945,,6608,14648,bfp4,bfp4,false,0,0,false,0,spmv_max_rel,SKIP
fpga_dcop_11.mtx,hybrid_lb,hybrid_lb,structural_hybrid,ok,none,promoted_fallback,0.0071,0.0059,2.028169,1.126761,,47136,,original,raw_double,false,,,1,0,exact_abs_or_rel,SKIP
fpga_dcop_11.mtx,cusparse_default,cusparse_csr,external_baseline,ok,none,external_baseline,0.0144,0.0123,1.000000,0.555556,,47136,28452,original,original,false,,,true,0,exact_abs_or_rel,SKIP
fpga_dcop_19.mtx,original_lb,original_lb,load_balanced_traversal,ok,none,promoted_fallback,0.0085,0.0071,1.623529,1.000000,,47136,14648,original,original,false,0,0,true,0,exact_abs_or_rel,SKIP
fpga_dcop_19.mtx,auto_lossless_lb,original_lb,load_balanced_traversal,ok,none,promoted_fallback,0.0083,0.0069,1.662651,1.024096,,47136,14648,auto_lossless,original,true,3217,47136,true,0,exact_abs_or_rel,SKIP
fpga_dcop_19.mtx,fp16_lb,fp16_lb,controlled_lossy_value_specialized,ok,none,accuracy_pass_runtime_loss,0.0096,0.0073,1.437500,0.885417,,11784,14648,fp16,fp16,false,0,0,false,0,spmv_max_rel,SKIP
fpga_dcop_19.mtx,bf16_lb,bf16_lb,controlled_lossy_value_specialized,ok,none,accuracy_pass_runtime_loss,0.0093,0.0091,1.483871,0.913978,,11784,14648,bf16,bf16,false,0,0,false,0,spmv_max_rel,SKIP
fpga_dcop_19.mtx,bfp8_lb,bfp8_lb,controlled_lossy_value_specialized,ok,none,accuracy_pass_runtime_loss,0.0091,0.0083,1.516484,0.934066,,9554,14648,bfp8,bfp8,false,0,0,false,0,spmv_max_rel,SKIP
fpga_dcop_19.mtx,bfp8_outlier_lb,bfp8_outlier_lb,controlled_lossy_value_specialized,ok,none,accuracy_pass_runtime_loss,0.0116,0.0103,1.189655,0.732759,,9810,14648,bfp8_outlier,bfp8_outlier,false,0,0,false,0,spmv_max_rel,SKIP
fpga_dcop_19.mtx,bfp4_lb,bfp4_lb,controlled_lossy_value_specialized,ok,none,accuracy_pass_runtime_loss,0.0148,0.0130,0.932432,0.574324,,6608,14648,bfp4,bfp4,false,0,0,false,0,spmv_max_rel,SKIP
fpga_dcop_19.mtx,hybrid_lb,hybrid_lb,structural_hybrid,ok,none,promoted_fallback,0.0073,0.0067,1.890411,1.164384,,47136,,original,raw_double,false,,,1,0,exact_abs_or_rel,SKIP
fpga_dcop_19.mtx,cusparse_default,cusparse_csr,external_baseline,ok,none,external_baseline,0.0138,0.0123,1.000000,0.615942,,47136,28452,original,original,false,,,true,0,exact_abs_or_rel,SKIP
fpga_dcop_27.mtx,original_lb,original_lb,load_balanced_traversal,ok,none,promoted_fallback,0.0087,0.0072,1.540230,1.000000,,47136,14648,original,original,false,0,0,true,0,exact_abs_or_rel,SKIP
fpga_dcop_27.mtx,auto_lossless_lb,original_lb,load_balanced_traversal,ok,none,promoted_fallback,0.0079,0.0066,1.696203,1.101266,,47136,14648,auto_lossless,original,true,2939,47136,true,0,exact_abs_or_rel,SKIP
fpga_dcop_27.mtx,fp16_lb,fp16_lb,controlled_lossy_value_specialized,ok,none,accuracy_pass_runtime_loss,0.0093,0.0089,1.440860,0.935484,,11784,14648,fp16,fp16,false,0,0,false,0,spmv_max_rel,SKIP
fpga_dcop_27.mtx,bf16_lb,bf16_lb,controlled_lossy_value_specialized,ok,none,accuracy_pass_runtime_loss,0.0094,0.0083,1.425532,0.925532,,11784,14648,bf16,bf16,false,0,0,false,0,spmv_max_rel,SKIP
fpga_dcop_27.mtx,bfp8_lb,bfp8_lb,controlled_lossy_value_specialized,ok,none,accuracy_pass_runtime_loss,0.0090,0.0084,1.488889,0.966667,,9554,14648,bfp8,bfp8,false,0,0,false,0,spmv_max_rel,SKIP
fpga_dcop_27.mtx,bfp8_outlier_lb,bfp8_outlier_lb,controlled_lossy_value_specialized,ok,none,accuracy_pass_runtime_loss,0.0116,0.0102,1.155172,0.750000,,9810,14648,bfp8_outlier,bfp8_outlier,false,0,0,false,0,spmv_max_rel,SKIP
fpga_dcop_27.mtx,bfp4_lb,bfp4_lb,controlled_lossy_value_specialized,ok,none,accuracy_pass_runtime_loss,0.0143,0.0129,0.937063,0.608392,,6608,14648,bfp4,bfp4,false,0,0,false,0,spmv_max_rel,SKIP
fpga_dcop_27.mtx,hybrid_lb,hybrid_lb,structural_hybrid,ok,none,promoted_fallback,0.0072,0.0058,1.861111,1.208333,,47136,,original,raw_double,false,,,1,0,exact_abs_or_rel,SKIP
fpga_dcop_27.mtx,cusparse_default,cusparse_csr,external_baseline,ok,none,external_baseline,0.0134,0.0122,1.000000,0.649254,,47136,28452,original,original,false,,,true,0,exact_abs_or_rel,SKIP
fpga_dcop_35.mtx,original_lb,original_lb,load_balanced_traversal,ok,none,promoted_fallback,0.0091,0.0070,1.494505,1.000000,,47136,14648,original,original,false,0,0,true,0,exact_abs_or_rel,SKIP
fpga_dcop_35.mtx,auto_lossless_lb,original_lb,load_balanced_traversal,ok,none,promoted_fallback,0.0083,0.0077,1.638554,1.096386,,47136,14648,auto_lossless,original,true,2277,47136,true,0,exact_abs_or_rel,SKIP
fpga_dcop_35.mtx,fp16_lb,fp16_lb,controlled_lossy_value_specialized,ok,none,accuracy_pass_runtime_loss,0.0095,0.0079,1.431579,0.957895,,11784,14648,fp16,fp16,false,0,0,false,0,spmv_max_rel,SKIP
fpga_dcop_35.mtx,bf16_lb,bf16_lb,controlled_lossy_value_specialized,ok,none,accuracy_pass_runtime_loss,0.0101,0.0084,1.346535,0.900990,,11784,14648,bf16,bf16,false,0,0,false,0,spmv_max_rel,SKIP
fpga_dcop_35.mtx,bfp8_lb,bfp8_lb,controlled_lossy_value_specialized,ok,none,accuracy_pass_runtime_loss,0.0093,0.0085,1.462366,0.978495,,9554,14648,bfp8,bfp8,false,0,0,false,0,spmv_max_rel,SKIP
fpga_dcop_35.mtx,bfp8_outlier_lb,bfp8_outlier_lb,controlled_lossy_value_specialized,ok,none,accuracy_pass_runtime_loss,0.0115,0.0101,1.182609,0.791304,,9810,14648,bfp8_outlier,bfp8_outlier,false,0,0,false,0,spmv_max_rel,SKIP
fpga_dcop_35.mtx,bfp4_lb,bfp4_lb,controlled_lossy_value_specialized,ok,none,accuracy_pass_runtime_loss,0.0140,0.0132,0.971429,0.650000,,6608,14648,bfp4,bfp4,false,0,0,false,0,spmv_max_rel,SKIP
fpga_dcop_35.mtx,hybrid_lb,hybrid_lb,structural_hybrid,ok,none,promoted_fallback,0.0074,0.0052,1.837838,1.229730,,47136,,original,raw_double,false,,,1,0,exact_abs_or_rel,SKIP
fpga_dcop_35.mtx,cusparse_default,cusparse_csr,external_baseline,ok,none,external_baseline,0.0136,0.0123,1.000000,0.669118,,47136,28452,original,original,false,,,true,0,exact_abs_or_rel,SKIP
fpga_dcop_43.mtx,original_lb,original_lb,load_balanced_traversal,ok,none,promoted_fallback,0.0085,0.0070,1.658824,1.000000,,47136,14648,original,original,false,0,0,true,0,exact_abs_or_rel,SKIP
fpga_dcop_43.mtx,auto_lossless_lb,original_lb,load_balanced_traversal,ok,none,promoted_fallback,0.0083,0.0068,1.698795,1.024096,,47136,14648,auto_lossless,original,true,1209,47136,true,0,exact_abs_or_rel,SKIP
fpga_dcop_43.mtx,fp16_lb,fp16_lb,controlled_lossy_value_specialized,ok,none,accuracy_pass_runtime_loss,0.0093,0.0081,1.516129,0.913978,,11784,14648,fp16,fp16,false,0,0,false,0,spmv_max_rel,SKIP
fpga_dcop_43.mtx,bf16_lb,bf16_lb,controlled_lossy_value_specialized,ok,none,accuracy_pass_runtime_loss,0.0097,0.0074,1.453608,0.876289,,11784,14648,bf16,bf16,false,0,0,false,0,spmv_max_rel,SKIP
fpga_dcop_43.mtx,bfp8_lb,bfp8_lb,controlled_lossy_value_specialized,ok,none,accuracy_pass_runtime_loss,0.0096,0.0087,1.468750,0.885417,,9554,14648,bfp8,bfp8,false,0,0,false,0,spmv_max_rel,SKIP
fpga_dcop_43.mtx,bfp8_outlier_lb,bfp8_outlier_lb,controlled_lossy_value_specialized,ok,none,accuracy_pass_runtime_loss,0.0119,0.0102,1.184874,0.714286,,9810,14648,bfp8_outlier,bfp8_outlier,false,0,0,false,0,spmv_max_rel,SKIP
fpga_dcop_43.mtx,bfp4_lb,bfp4_lb,controlled_lossy_value_specialized,ok,none,accuracy_pass_runtime_loss,0.0148,0.0127,0.952703,0.574324,,6608,14648,bfp4,bfp4,false,0,0,false,0,spmv_max_rel,SKIP
fpga_dcop_43.mtx,hybrid_lb,hybrid_lb,structural_hybrid,ok,none,promoted_fallback,0.0077,0.0065,1.831169,1.103896,,47136,,original,raw_double,false,,,1,0,exact_abs_or_rel,SKIP
fpga_dcop_43.mtx,cusparse_default,cusparse_csr,external_baseline,ok,none,external_baseline,0.0141,0.0123,1.000000,0.602837,,47136,28452,original,original,false,,,true,0,exact_abs_or_rel,SKIP
fpga_dcop_51.mtx,original_lb,original_lb,load_balanced_traversal,ok,none,promoted_fallback,0.0087,0.0072,1.540230,1.000000,,47136,14648,original,original,false,0,0,true,0,exact_abs_or_rel,SKIP
fpga_dcop_51.mtx,auto_lossless_lb,original_lb,load_balanced_traversal,ok,none,promoted_fallback,0.0083,0.0068,1.614458,1.048193,,47136,14648,auto_lossless,original,true,953,47136,true,0,exact_abs_or_rel,SKIP
fpga_dcop_51.mtx,fp16_lb,fp16_lb,controlled_lossy_value_specialized,ok,none,accuracy_pass_runtime_loss,0.0097,0.0081,1.381443,0.896907,,11784,14648,fp16,fp16,false,0,0,false,0,spmv_max_rel,SKIP
fpga_dcop_51.mtx,bf16_lb,bf16_lb,controlled_lossy_value_specialized,ok,none,accuracy_pass_runtime_loss,0.0096,0.0078,1.395833,0.906250,,11784,14648,bf16,bf16,false,0,0,false,0,spmv_max_rel,SKIP
fpga_dcop_51.mtx,bfp8_lb,bfp8_lb,controlled_lossy_value_specialized,ok,none,accuracy_pass_runtime_loss,0.0092,0.0083,1.456522,0.945652,,9554,14648,bfp8,bfp8,false,0,0,false,0,spmv_max_rel,SKIP
fpga_dcop_51.mtx,bfp8_outlier_lb,bfp8_outlier_lb,controlled_lossy_value_specialized,ok,none,accuracy_pass_runtime_loss,0.0119,0.0103,1.126050,0.731092,,9810,14648,bfp8_outlier,bfp8_outlier,false,0,0,false,0,spmv_max_rel,SKIP
fpga_dcop_51.mtx,bfp4_lb,bfp4_lb,controlled_lossy_value_specialized,ok,none,accuracy_pass_runtime_loss,0.0138,0.0132,0.971014,0.630435,,6608,14648,bfp4,bfp4,false,0,0,false,0,spmv_max_rel,SKIP
fpga_dcop_51.mtx,hybrid_lb,hybrid_lb,structural_hybrid,ok,none,promoted_fallback,0.0076,0.0059,1.763158,1.144737,,47136,,original,raw_double,false,,,1,0,exact_abs_or_rel,SKIP
fpga_dcop_51.mtx,cusparse_default,cusparse_csr,external_baseline,ok,none,external_baseline,0.0134,0.0123,1.000000,0.649254,,47136,28452,original,original,false,,,true,0,exact_abs_or_rel,SKIP
freeFlyingRobot_16.mtx,original_lb,original_lb,load_balanced_traversal,ok,none,promoted_fallback,0.0083,0.0069,1.686747,1.000000,,352048,74208,original,original,false,0,0,true,0,exact_abs_or_rel,SKIP
freeFlyingRobot_16.mtx,auto_lossless_lb,original_lb,load_balanced_traversal,ok,none,promoted_fallback,0.0096,0.0072,1.458333,0.864583,,352048,74208,auto_lossless,original,true,6727,352048,true,0,exact_abs_or_rel,SKIP
freeFlyingRobot_16.mtx,fp16_lb,fp16_lb,controlled_lossy_value_specialized,ok,none,accuracy_pass_runtime_loss,0.0098,0.0074,1.428571,0.846939,,88012,74208,fp16,fp16,false,0,0,false,0,spmv_max_rel,SKIP
freeFlyingRobot_16.mtx,bf16_lb,bf16_lb,controlled_lossy_value_specialized,ok,none,accuracy_pass_runtime_loss,0.0096,0.0076,1.458333,0.864583,,88012,74208,bf16,bf16,false,0,0,false,0,spmv_max_rel,SKIP
freeFlyingRobot_16.mtx,bfp8_lb,bfp8_lb,controlled_lossy_value_specialized,ok,none,accuracy_pass_runtime_loss,0.0096,0.0087,1.458333,0.864583,,62558,74208,bfp8,bfp8,false,0,0,false,0,spmv_max_rel,SKIP
freeFlyingRobot_16.mtx,bfp8_outlier_lb,bfp8_outlier_lb,controlled_lossy_value_specialized,ok,none,accuracy_pass_runtime_loss,0.0119,0.0097,1.176471,0.697479,,66078,74208,bfp8_outlier,bfp8_outlier,false,0,0,false,0,spmv_max_rel,SKIP
freeFlyingRobot_16.mtx,bfp4_lb,bfp4_lb,controlled_lossy_value_specialized,ok,none,accuracy_pass_runtime_loss,0.0127,0.0115,1.102362,0.653543,,40555,74208,bfp4,bfp4,false,0,0,false,0,spmv_max_rel,SKIP
freeFlyingRobot_16.mtx,hybrid_lb,hybrid_lb,structural_hybrid,ok,none,promoted_fallback,0.0090,0.0072,1.555556,0.922222,,352048,,original,raw_double,false,,,1,0,exact_abs_or_rel,SKIP
freeFlyingRobot_16.mtx,cusparse_default,cusparse_csr,external_baseline,ok,none,external_baseline,0.0140,0.0123,1.000000,0.592857,,352048,200340,original,original,false,,,true,0,exact_abs_or_rel,SKIP
freeFlyingRobot_9.mtx,original_lb,original_lb,load_balanced_traversal,ok,none,promoted_fallback,0.0072,0.0064,1.930556,1.000000,,319712,56624,original,original,false,0,0,true,0,exact_abs_or_rel,SKIP
freeFlyingRobot_9.mtx,auto_lossless_lb,original_lb,load_balanced_traversal,ok,none,promoted_fallback,0.0093,0.0070,1.494624,0.774194,,319712,56624,auto_lossless,original,true,5482,319712,true,0,exact_abs_or_rel,SKIP
freeFlyingRobot_9.mtx,fp16_lb,fp16_lb,controlled_lossy_value_specialized,ok,none,accuracy_pass_runtime_loss,0.0077,0.0058,1.805195,0.935065,,79928,56624,fp16,fp16,false,0,0,false,0,spmv_max_rel,SKIP
freeFlyingRobot_9.mtx,bf16_lb,bf16_lb,controlled_lossy_value_specialized,ok,none,accuracy_pass_runtime_loss,0.0078,0.0064,1.782051,0.923077,,79928,56624,bf16,bf16,false,0,0,false,0,spmv_max_rel,SKIP
freeFlyingRobot_9.mtx,bfp8_lb,bfp8_lb,controlled_lossy_value_specialized,ok,none,accuracy_pass_runtime_loss,0.0089,0.0075,1.561798,0.808989,,54120,56624,bfp8,bfp8,false,0,0,false,0,spmv_max_rel,SKIP
freeFlyingRobot_9.mtx,bfp8_outlier_lb,bfp8_outlier_lb,controlled_lossy_value_specialized,ok,none,accuracy_pass_runtime_loss,0.0116,0.0107,1.198276,0.620690,,57304,56624,bfp8_outlier,bfp8_outlier,false,0,0,false,0,spmv_max_rel,SKIP
freeFlyingRobot_9.mtx,bfp4_lb,bfp4_lb,controlled_lossy_value_specialized,ok,none,accuracy_pass_runtime_loss,0.0135,0.0113,1.029630,0.533333,,34138,56624,bfp4,bfp4,false,0,0,false,0,spmv_max_rel,SKIP
freeFlyingRobot_9.mtx,hybrid_lb,hybrid_lb,structural_hybrid,ok,none,promoted_fallback,0.0082,0.0066,1.695122,0.878049,,319712,,original,raw_double,false,,,1,0,exact_abs_or_rel,SKIP
freeFlyingRobot_9.mtx,cusparse_default,cusparse_csr,external_baseline,ok,none,external_baseline,0.0139,0.0123,1.000000,0.517986,,319712,178972,original,original,false,,,true,0,exact_abs_or_rel,SKIP
fs_183_3.mtx,original_lb,original_lb,load_balanced_traversal,ok,none,promoted_fallback,0.0094,0.0080,1.234043,1.000000,,8552,2640,original,original,false,0,0,true,0,exact_abs_or_rel,SKIP
fs_183_3.mtx,auto_lossless_lb,original_lb,load_balanced_traversal,ok,none,promoted_fallback,0.0087,0.0073,1.333333,1.080460,,8552,2640,auto_lossless,original,true,829,8552,true,0,exact_abs_or_rel,SKIP
fs_183_3.mtx,fp16_lb,fp16_lb,controlled_lossy_value_specialized,ok,none,accuracy_pass_runtime_win,0.0088,0.0075,1.318182,1.068182,,2138,2640,fp16,fp16,false,0,0,false,0,spmv_max_rel,SKIP
fs_183_3.mtx,bf16_lb,bf16_lb,controlled_lossy_value_specialized,ok,none,accuracy_pass_runtime_win,0.0085,0.0077,1.364706,1.105882,,2138,2640,bf16,bf16,false,0,0,false,0,spmv_max_rel,SKIP
fs_183_3.mtx,bfp8_lb,bfp8_lb,controlled_lossy_value_specialized,ok,none,accuracy_pass_runtime_win,0.0089,0.0083,1.303371,1.056180,,1729,2640,bfp8,bfp8,false,0,0,false,0,spmv_max_rel,SKIP
fs_183_3.mtx,bfp8_outlier_lb,bfp8_outlier_lb,controlled_lossy_value_specialized,ok,none,accuracy_pass_runtime_loss,0.0115,0.0102,1.008696,0.817391,,1809,2640,bfp8_outlier,bfp8_outlier,false,0,0,false,0,spmv_max_rel,SKIP
fs_183_3.mtx,bfp4_lb,bfp4_lb,controlled_lossy_value_specialized,ok,none,accuracy_pass_runtime_loss,0.0113,0.0102,1.026549,0.831858,,1195,2640,bfp4,bfp4,false,0,0,false,0,spmv_max_rel,SKIP
fs_183_3.mtx,hybrid_lb,hybrid_lb,structural_hybrid,ok,none,promoted_fallback,0.0080,0.0066,1.450000,1.175000,,8552,,original,raw_double,false,,,1,0,exact_abs_or_rel,SKIP
fs_183_3.mtx,cusparse_default,cusparse_csr,external_baseline,ok,none,external_baseline,0.0116,0.0082,1.000000,0.810345,,8552,5012,original,original,false,,,true,0,exact_abs_or_rel,SKIP
fs_680_2.mtx,original_lb,original_lb,load_balanced_traversal,ok,none,promoted_fallback,0.0066,0.0054,2.121212,1.000000,,19392,4392,original,original,false,0,0,true,0,exact_abs_or_rel,SKIP
fs_680_2.mtx,auto_lossless_lb,original_lb,load_balanced_traversal,ok,none,promoted_fallback,0.0062,0.0052,2.258065,1.064516,,19392,4392,auto_lossless,original,true,1893,19392,true,0,exact_abs_or_rel,SKIP
fs_680_2.mtx,fp16_lb,fp16_lb,controlled_lossy_value_specialized,ok,none,accuracy_pass_runtime_loss,0.0067,0.0051,2.089552,0.985075,,4848,4392,fp16,fp16,false,0,0,false,0,spmv_max_rel,SKIP
fs_680_2.mtx,bf16_lb,bf16_lb,controlled_lossy_value_specialized,ok,none,accuracy_pass_runtime_loss,0.0074,0.0056,1.891892,0.891892,,4848,4392,bf16,bf16,false,0,0,false,0,spmv_max_rel,SKIP
fs_680_2.mtx,bfp8_lb,bfp8_lb,controlled_lossy_value_specialized,ok,none,accuracy_pass_runtime_loss,0.0068,0.0054,2.058824,0.970588,,3522,4392,bfp8,bfp8,false,0,0,false,0,spmv_max_rel,SKIP
fs_680_2.mtx,bfp8_outlier_lb,bfp8_outlier_lb,controlled_lossy_value_specialized,ok,none,accuracy_pass_runtime_loss,0.0095,0.0081,1.473684,0.694737,,3714,4392,bfp8_outlier,bfp8_outlier,false,0,0,false,0,spmv_max_rel,SKIP
fs_680_2.mtx,bfp4_lb,bfp4_lb,controlled_lossy_value_specialized,ok,none,accuracy_pass_runtime_loss,0.0093,0.0078,1.505376,0.709677,,2310,4392,bfp4,bfp4,false,0,0,false,0,spmv_max_rel,SKIP
fs_680_2.mtx,hybrid_lb,hybrid_lb,structural_hybrid,ok,none,promoted_fallback,0.0075,0.0058,1.866667,0.880000,,19392,,original,raw_double,false,,,1,0,exact_abs_or_rel,SKIP
fs_680_2.mtx,cusparse_default,cusparse_csr,external_baseline,ok,none,external_baseline,0.0140,0.0102,1.000000,0.471429,,19392,12420,original,original,false,,,true,0,exact_abs_or_rel,SKIP
fxm2-6.mtx,original_lb,original_lb,load_balanced_traversal,ok,none,promoted_fallback,0.0090,0.0074,1.511111,1.000000,,102496,28488,original,original,false,0,0,true,0,exact_abs_or_rel,SKIP
fxm2-6.mtx,auto_lossless_lb,original_lb,load_balanced_traversal,ok,none,promoted_fallback,0.0091,0.0078,1.494505,0.989011,,102496,28488,auto_lossless,original,true,967,102496,true,0,exact_abs_or_rel,SKIP
fxm2-6.mtx,fp16_lb,fp16_lb,controlled_lossy_value_specialized,ok,none,accuracy_pass_runtime_loss,0.0095,0.0077,1.431579,0.947368,,25624,28488,fp16,fp16,false,0,0,false,0,spmv_max_rel,SKIP
fxm2-6.mtx,bf16_lb,bf16_lb,controlled_lossy_value_specialized,ok,none,accuracy_pass_runtime_loss,0.0093,0.0077,1.462366,0.967742,,25624,28488,bf16,bf16,false,0,0,false,0,spmv_max_rel,SKIP
fxm2-6.mtx,bfp8_lb,bfp8_lb,controlled_lossy_value_specialized,ok,none,accuracy_pass_runtime_loss,0.0098,0.0086,1.387755,0.918367,,19934,28488,bfp8,bfp8,false,0,0,false,0,spmv_max_rel,SKIP
fxm2-6.mtx,bfp8_outlier_lb,bfp8_outlier_lb,controlled_lossy_value_specialized,ok,none,accuracy_pass_runtime_loss,0.0113,0.0097,1.203540,0.796460,,20798,28488,bfp8_outlier,bfp8_outlier,false,0,0,false,0,spmv_max_rel,SKIP
fxm2-6.mtx,bfp4_lb,bfp4_lb,controlled_lossy_value_specialized,ok,none,accuracy_pass_runtime_loss,0.0128,0.0123,1.062500,0.703125,,13528,28488,bfp4,bfp4,false,0,0,false,0,spmv_max_rel,SKIP
fxm2-6.mtx,hybrid_lb,hybrid_lb,structural_hybrid,ok,none,promoted_fallback,0.0076,0.0065,1.789474,1.184211,,102496,,original,raw_double,false,,,1,0,exact_abs_or_rel,SKIP
fxm2-6.mtx,cusparse_default,cusparse_csr,external_baseline,ok,none,external_baseline,0.0136,0.0121,1.000000,0.661765,,102496,57332,original,original,false,,,true,0,exact_abs_or_rel,SKIP
g7jac010sc.mtx,original_lb,original_lb,load_balanced_traversal,ok,none,promoted_fallback,0.0092,0.0082,1.413043,1.000000,,145832,47096,original,original,false,0,0,true,0,exact_abs_or_rel,SKIP
g7jac010sc.mtx,auto_lossless_lb,original_lb,load_balanced_traversal,ok,none,promoted_fallback,0.0097,0.0085,1.340206,0.948454,,145832,47096,auto_lossless,original,true,11920,145832,true,0,exact_abs_or_rel,SKIP
g7jac010sc.mtx,fp16_lb,fp16_lb,controlled_lossy_value_specialized,ok,none,accuracy_pass_runtime_loss,0.0093,0.0078,1.397849,0.989247,,36458,47096,fp16,fp16,false,0,0,false,0,spmv_max_rel,SKIP
g7jac010sc.mtx,bf16_lb,bf16_lb,controlled_lossy_value_specialized,ok,none,accuracy_pass_runtime_win,0.0088,0.0075,1.477273,1.045455,,36458,47096,bf16,bf16,false,0,0,false,0,spmv_max_rel,SKIP
g7jac010sc.mtx,bfp8_lb,bfp8_lb,controlled_lossy_value_specialized,ok,none,accuracy_pass_runtime_loss,0.0099,0.0092,1.313131,0.929293,,30003,47096,bfp8,bfp8,false,0,0,false,0,spmv_max_rel,SKIP
g7jac010sc.mtx,bfp8_outlier_lb,bfp8_outlier_lb,controlled_lossy_value_specialized,ok,none,accuracy_pass_runtime_loss,0.0120,0.0105,1.083333,0.766667,,31459,47096,bfp8_outlier,bfp8_outlier,false,0,0,false,0,spmv_max_rel,SKIP
g7jac010sc.mtx,bfp4_lb,bfp4_lb,controlled_lossy_value_specialized,ok,none,accuracy_pass_runtime_loss,0.0139,0.0131,0.935252,0.661871,,20889,47096,bfp4,bfp4,false,0,0,false,0,spmv_max_rel,SKIP
g7jac010sc.mtx,hybrid_lb,hybrid_lb,structural_hybrid,ok,none,promoted_fallback,0.0074,0.0060,1.756757,1.243243,,145832,,original,raw_double,false,,,1,0,exact_abs_or_rel,SKIP
g7jac010sc.mtx,cusparse_default,cusparse_csr,external_baseline,ok,none,external_baseline,0.0130,0.0123,1.000000,0.707692,,145832,84440,original,original,false,,,true,0,exact_abs_or_rel,SKIP
gas11.mtx,original_lb,original_lb,load_balanced_traversal,ok,none,promoted_fallback,0.0082,0.0072,1.451220,1.000000,,17328,6320,original,original,false,0,0,true,0,exact_abs_or_rel,SKIP
gas11.mtx,auto_lossless_lb,original_lb,load_balanced_traversal,ok,none,promoted_fallback,0.0070,0.0062,1.700000,1.171429,,17328,6320,auto_lossless,original,true,309,17328,true,0,exact_abs_or_rel,SKIP
gas11.mtx,fp16_lb,fp16_lb,controlled_lossy_value_specialized,ok,none,accuracy_pass_runtime_loss,0.0086,0.0066,1.383721,0.953488,,4332,6320,fp16,fp16,false,0,0,false,0,spmv_max_rel,SKIP
gas11.mtx,bf16_lb,bf16_lb,controlled_lossy_value_specialized,ok,none,accuracy_pass_runtime_loss,0.0082,0.0073,1.451220,1.000000,,4332,6320,bf16,bf16,false,0,0,false,0,spmv_max_rel,SKIP
gas11.mtx,bfp8_lb,bfp8_lb,controlled_lossy_value_specialized,ok,none,accuracy_pass_runtime_loss,0.0086,0.0064,1.383721,0.953488,,3746,6320,bfp8,bfp8,false,0,0,false,0,spmv_max_rel,SKIP
gas11.mtx,bfp8_outlier_lb,bfp8_outlier_lb,controlled_lossy_value_specialized,ok,none,accuracy_pass_runtime_loss,0.0089,0.0068,1.337079,0.921348,,3746,6320,bfp8_outlier,bfp8_outlier,false,0,0,false,0,spmv_max_rel,SKIP
gas11.mtx,bfp4_lb,bfp4_lb,controlled_lossy_value_specialized,ok,none,accuracy_pass_runtime_loss,0.0094,0.0090,1.265957,0.872340,,2663,6320,bfp4,bfp4,false,0,0,false,0,spmv_max_rel,SKIP
gas11.mtx,hybrid_lb,hybrid_lb,structural_hybrid,ok,none,promoted_fallback,0.0062,0.0046,1.919355,1.322581,,17328,,original,raw_double,false,,,1,0,exact_abs_or_rel,SKIP
gas11.mtx,cusparse_default,cusparse_csr,external_baseline,ok,none,external_baseline,0.0119,0.0102,1.000000,0.689076,,17328,10504,original,original,false,,,true,0,exact_abs_or_rel,SKIP
gent113.mtx,original_lb,original_lb,load_balanced_traversal,ok,none,promoted_fallback,0.0066,0.0046,1.818182,1.000000,,5240,944,original,original,false,0,0,true,0,exact_abs_or_rel,SKIP
gent113.mtx,auto_lossless_lb,all_one_lb,lossless_value_specialized,ok,none,accuracy_pass_runtime_loss,0.0072,0.0051,1.666667,0.916667,,0,944,auto_lossless,all_one,true,1,0,true,0,exact_abs_or_rel,SKIP
gent113.mtx,fp16_lb,fp16_lb,controlled_lossy_value_specialized,ok,none,accuracy_pass_runtime_loss,0.0071,0.0052,1.690141,0.929577,,1310,944,fp16,fp16,false,0,0,false,0,spmv_max_rel,SKIP
gent113.mtx,bf16_lb,bf16_lb,controlled_lossy_value_specialized,ok,none,accuracy_pass_runtime_loss,0.0074,0.0054,1.621622,0.891892,,1310,944,bf16,bf16,false,0,0,false,0,spmv_max_rel,SKIP
gent113.mtx,bfp8_lb,bfp8_lb,controlled_lossy_value_specialized,ok,none,accuracy_pass_runtime_loss,0.0066,0.0055,1.818182,1.000000,,891,944,bfp8,bfp8,false,0,0,false,0,spmv_max_rel,SKIP
gent113.mtx,bfp8_outlier_lb,bfp8_outlier_lb,controlled_lossy_value_specialized,ok,none,accuracy_pass_runtime_loss,0.0072,0.0056,1.666667,0.916667,,891,944,bfp8_outlier,bfp8_outlier,false,0,0,false,0,spmv_max_rel,SKIP
gent113.mtx,bfp4_lb,bfp4_lb,controlled_lossy_value_specialized,ok,none,accuracy_pass_runtime_loss,0.0081,0.0070,1.481481,0.814815,,564,944,bfp4,bfp4,false,0,0,false,0,spmv_max_rel,SKIP
gent113.mtx,hybrid_lb,hybrid_lb,structural_hybrid,ok,none,promoted_fallback,0.0075,0.0060,1.600000,0.880000,,5240,,original,raw_double,false,,,1,0,exact_abs_or_rel,SKIP
gent113.mtx,cusparse_default,cusparse_csr,external_baseline,ok,none,external_baseline,0.0120,0.0082,1.000000,0.550000,,5240,3076,original,original,false,,,true,0,exact_abs_or_rel,SKIP
gre_512.mtx,original_lb,original_lb,load_balanced_traversal,ok,none,promoted_fallback,0.0061,0.0044,1.983607,1.000000,,15808,3864,original,original,false,0,0,true,0,exact_abs_or_rel,SKIP
gre_512.mtx,auto_lossless_lb,dict4_lb,lossless_value_specialized,ok,none,accuracy_pass_runtime_loss,0.0069,0.0053,1.753623,0.884058,,3888,3864,auto_lossless,dict4,true,3,3888,true,3,exact_abs_or_rel,SKIP
gre_512.mtx,fp16_lb,fp16_lb,controlled_lossy_value_specialized,ok,none,accuracy_pass_runtime_loss,0.0066,0.0051,1.833333,0.924242,,3952,3864,fp16,fp16,false,0,0,false,0,spmv_max_rel,SKIP
gre_512.mtx,bf16_lb,bf16_lb,controlled_lossy_value_specialized,ok,none,accuracy_pass_runtime_loss,0.0068,0.0044,1.779412,0.897059,,3952,3864,bf16,bf16,false,0,0,false,0,spmv_max_rel,SKIP
gre_512.mtx,bfp8_lb,bfp8_lb,controlled_lossy_value_specialized,ok,none,accuracy_pass_runtime_loss,0.0069,0.0052,1.753623,0.884058,,2942,3864,bfp8,bfp8,false,0,0,false,0,spmv_max_rel,SKIP
gre_512.mtx,bfp8_outlier_lb,bfp8_outlier_lb,controlled_lossy_value_specialized,ok,none,accuracy_pass_runtime_loss,0.0090,0.0068,1.344444,0.677778,,3006,3864,bfp8_outlier,bfp8_outlier,false,0,0,false,0,spmv_max_rel,SKIP
gre_512.mtx,bfp4_lb,bfp4_lb,controlled_lossy_value_specialized,ok,none,accuracy_pass_runtime_loss,0.0070,0.0065,1.728571,0.871429,,1954,3864,bfp4,bfp4,false,0,0,false,0,spmv_max_rel,SKIP
gre_512.mtx,hybrid_lb,hybrid_lb,structural_hybrid,ok,none,promoted_fallback,0.0063,0.0040,1.920635,0.968254,,15808,,original,raw_double,false,,,1,0,exact_abs_or_rel,SKIP
gre_512.mtx,cusparse_default,cusparse_csr,external_baseline,ok,none,external_baseline,0.0121,0.0102,1.000000,0.504132,,15808,9956,original,original,false,,,true,0,exact_abs_or_rel,SKIP
grid1.mtx,original_lb,original_lb,load_balanced_traversal,ok,none,promoted_fallback,0.0071,0.0051,1.647887,1.000000,,7616,2016,original,original,false,0,0,true,0,exact_abs_or_rel,SKIP
grid1.mtx,auto_lossless_lb,all_one_lb,lossless_value_specialized,ok,none,accuracy_pass_runtime_win,0.0067,0.0057,1.746269,1.059701,,0,2016,auto_lossless,all_one,true,1,0,true,0,exact_abs_or_rel,SKIP
grid1.mtx,fp16_lb,fp16_lb,controlled_lossy_value_specialized,ok,none,accuracy_pass_runtime_win,0.0063,0.0046,1.857143,1.126984,,1904,2016,fp16,fp16,false,0,0,false,0,spmv_max_rel,SKIP
grid1.mtx,bf16_lb,bf16_lb,controlled_lossy_value_specialized,ok,none,accuracy_pass_runtime_win,0.0066,0.0046,1.772727,1.075758,,1904,2016,bf16,bf16,false,0,0,false,0,spmv_max_rel,SKIP
grid1.mtx,bfp8_lb,bfp8_lb,controlled_lossy_value_specialized,ok,none,accuracy_pass_runtime_win,0.0069,0.0053,1.695652,1.028986,,1456,2016,bfp8,bfp8,false,0,0,false,0,spmv_max_rel,SKIP
grid1.mtx,bfp8_outlier_lb,bfp8_outlier_lb,controlled_lossy_value_specialized,ok,none,accuracy_pass_runtime_win,0.0067,0.0049,1.746269,1.059701,,1456,2016,bfp8_outlier,bfp8_outlier,false,0,0,false,0,spmv_max_rel,SKIP
grid1.mtx,bfp4_lb,bfp4_lb,controlled_lossy_value_specialized,ok,none,accuracy_pass_runtime_loss,0.0100,0.0081,1.170000,0.710000,,980,2016,bfp4,bfp4,false,0,0,false,0,spmv_max_rel,SKIP
grid1.mtx,hybrid_lb,hybrid_lb,structural_hybrid,ok,none,promoted_fallback,0.0061,0.0044,1.918033,1.163934,,7616,,original,raw_double,false,,,1,0,exact_abs_or_rel,SKIP
grid1.mtx,cusparse_default,cusparse_csr,external_baseline,ok,none,external_baseline,0.0117,0.0082,1.000000,0.606838,,7616,4820,original,original,false,,,true,0,exact_abs_or_rel,SKIP
heart2.mtx,original_lb,original_lb,load_balanced_traversal,ok,none,promoted_fallback,0.0095,0.0090,1.484211,1.000000,,5442728,236352,original,original,false,0,0,true,0,exact_abs_or_rel,SKIP
heart2.mtx,auto_lossless_lb,original_lb,load_balanced_traversal,ok,none,promoted_fallback,0.0126,0.0118,1.119048,0.753968,,5442728,236352,auto_lossless,original,true,680341,5442728,true,0,exact_abs_or_rel,SKIP
heart2.mtx,fp16_lb,fp16_lb,controlled_lossy_value_specialized,ok,none,accuracy_pass_runtime_win,0.0093,0.0089,1.516129,1.021505,,1360682,236352,fp16,fp16,false,0,0,false,0,spmv_max_rel,SKIP
heart2.mtx,bf16_lb,bf16_lb,controlled_lossy_value_specialized,ok,none,accuracy_pass_runtime_loss,0.0098,0.0079,1.438776,0.969388,,1360682,236352,bf16,bf16,false,0,0,false,0,spmv_max_rel,SKIP
heart2.mtx,bfp8_lb,bfp8_lb,controlled_lossy_value_specialized,ok,none,accuracy_pass_runtime_win,0.0092,0.0088,1.532609,1.032609,,739429,236352,bfp8,bfp8,false,0,0,false,0,spmv_max_rel,SKIP
heart2.mtx,bfp8_outlier_lb,bfp8_outlier_lb,controlled_lossy_value_specialized,ok,none,accuracy_pass_runtime_loss,0.0121,0.0099,1.165289,0.785124,,793845,236352,bfp8_outlier,bfp8_outlier,false,0,0,false,0,spmv_max_rel,SKIP
heart2.mtx,bfp4_lb,bfp4_lb,controlled_lossy_value_specialized,ok,none,accuracy_pass_runtime_loss,0.0147,0.0132,0.959184,0.646259,,399259,236352,bfp4,bfp4,false,0,0,false,0,spmv_max_rel,SKIP
heart2.mtx,hybrid_lb,hybrid_lb,structural_hybrid,ok,none,promoted_fallback,0.0155,0.0135,0.909677,0.612903,,5442728,,original,raw_double,false,,,1,0,exact_abs_or_rel,SKIP
heart2.mtx,cusparse_default,cusparse_csr,external_baseline,ok,none,external_baseline,0.0141,0.0102,1.000000,0.673759,,5442728,2730724,original,original,false,,,true,0,exact_abs_or_rel,SKIP
hugebubbles-00010.mtx,original_lb,original_lb,load_balanced_traversal,ok,none,promoted_fallback,1.8473,1.8450,0.660748,1.000000,,466876224,294160552,original,original,false,0,0,true,0,exact_abs_or_rel,SKIP
hugebubbles-00010.mtx,auto_lossless_lb,all_one_lb,lossless_value_specialized,ok,none,accuracy_pass_runtime_win,1.7180,1.7161,0.710477,1.075262,,0,294160552,auto_lossless,all_one,true,1,0,true,0,exact_abs_or_rel,SKIP
hugebubbles-00010.mtx,fp16_lb,fp16_lb,controlled_lossy_value_specialized,ok,none,accuracy_pass_runtime_win,1.6405,1.6380,0.744041,1.126059,,116719056,294160552,fp16,fp16,false,0,0,false,0,spmv_max_rel,SKIP
hugebubbles-00010.mtx,bf16_lb,bf16_lb,controlled_lossy_value_specialized,ok,none,accuracy_pass_runtime_win,1.6397,1.6375,0.744404,1.126609,,116719056,294160552,bf16,bf16,false,0,0,false,0,spmv_max_rel,SKIP
hugebubbles-00010.mtx,bfp8_lb,bfp8_lb,controlled_lossy_value_specialized,ok,none,accuracy_pass_runtime_win,1.6873,1.6863,0.723404,1.094826,,131899666,294160552,bfp8,bfp8,false,0,0,false,0,spmv_max_rel,SKIP
hugebubbles-00010.mtx,bfp8_outlier_lb,bfp8_outlier_lb,controlled_lossy_value_specialized,ok,none,accuracy_pass_runtime_win,1.6872,1.6853,0.723447,1.094891,,131899666,294160552,bfp8_outlier,bfp8_outlier,false,0,0,false,0,spmv_max_rel,SKIP
hugebubbles-00010.mtx,bfp4_lb,bfp4_lb,controlled_lossy_value_specialized,ok,none,accuracy_pass_runtime_loss,2.1031,2.1022,0.580381,0.878370,,102719902,294160552,bfp4,bfp4,false,0,0,false,0,spmv_max_rel,SKIP
hugebubbles-00010.mtx,hybrid_lb,hybrid_lb,structural_hybrid,ok,none,promoted_fallback,1.2513,1.2485,0.975466,1.476305,,466876224,,original,raw_double,false,,,1,0,exact_abs_or_rel,SKIP
hugebubbles-00010.mtx,cusparse_default,cusparse_csr,external_baseline,ok,none,external_baseline,1.2206,1.2184,1.000000,1.513436,,466876224,311270464,original,original,false,,,true,0,exact_abs_or_rel,SKIP
hydr1c_A_06.mtx,original_lb,original_lb,load_balanced_traversal,ok,none,promoted_fallback,0.0081,0.0063,2.000000,1.000000,,183864,55712,original,original,false,0,0,true,0,exact_abs_or_rel,SKIP
hydr1c_A_06.mtx,auto_lossless_lb,original_lb,load_balanced_traversal,ok,none,promoted_fallback,0.0077,0.0066,2.103896,1.051948,,183864,55712,auto_lossless,original,true,12059,183864,true,0,exact_abs_or_rel,SKIP
hydr1c_A_06.mtx,fp16_lb,fp16_lb,controlled_lossy_value_specialized,ok,none,accuracy_pass_runtime_loss,0.0086,0.0070,1.883721,0.941860,,45966,55712,fp16,fp16,false,0,0,false,0,spmv_max_rel,SKIP
hydr1c_A_06.mtx,bf16_lb,bf16_lb,controlled_lossy_value_specialized,ok,none,accuracy_pass_runtime_win,0.0075,0.0072,2.160000,1.080000,,45966,55712,bf16,bf16,false,0,0,false,0,spmv_max_rel,SKIP
hydr1c_A_06.mtx,bfp8_lb,bfp8_lb,controlled_lossy_value_specialized,ok,none,accuracy_pass_runtime_loss,0.0085,0.0073,1.905882,0.952941,,36911,55712,bfp8,bfp8,false,0,0,false,0,spmv_max_rel,SKIP
hydr1c_A_06.mtx,bfp8_outlier_lb,bfp8_outlier_lb,controlled_lossy_value_specialized,ok,none,accuracy_pass_runtime_loss,0.0094,0.0079,1.723404,0.861702,,38735,55712,bfp8_outlier,bfp8_outlier,false,0,0,false,0,spmv_max_rel,SKIP
hydr1c_A_06.mtx,bfp4_lb,bfp4_lb,controlled_lossy_value_specialized,ok,none,accuracy_pass_runtime_loss,0.0085,0.0069,1.905882,0.952941,,25420,55712,bfp4,bfp4,false,0,0,false,0,spmv_max_rel,SKIP
hydr1c_A_06.mtx,hybrid_lb,hybrid_lb,structural_hybrid,ok,none,promoted_fallback,0.0086,0.0067,1.883721,0.941860,,183864,,original,raw_double,false,,,1,0,exact_abs_or_rel,SKIP
hydr1c_A_06.mtx,cusparse_default,cusparse_csr,external_baseline,ok,none,external_baseline,0.0162,0.0123,1.000000,0.500000,,183864,113168,original,original,false,,,true,0,exact_abs_or_rel,SKIP
hydr1c_A_14.mtx,original_lb,original_lb,load_balanced_traversal,ok,none,promoted_fallback,0.0082,0.0065,1.780488,1.000000,,156024,46888,original,original,false,0,0,true,0,exact_abs_or_rel,SKIP
hydr1c_A_14.mtx,auto_lossless_lb,original_lb,load_balanced_traversal,ok,none,promoted_fallback,0.0079,0.0067,1.848101,1.037975,,156024,46888,auto_lossless,original,true,9058,156024,true,0,exact_abs_or_rel,SKIP
hydr1c_A_14.mtx,fp16_lb,fp16_lb,controlled_lossy_value_specialized,ok,none,accuracy_pass_runtime_win,0.0067,0.0054,2.179104,1.223881,,39006,46888,fp16,fp16,false,0,0,false,0,spmv_max_rel,SKIP
hydr1c_A_14.mtx,bf16_lb,bf16_lb,controlled_lossy_value_specialized,ok,none,accuracy_pass_runtime_win,0.0067,0.0054,2.179104,1.223881,,39006,46888,bf16,bf16,false,0,0,false,0,spmv_max_rel,SKIP
hydr1c_A_14.mtx,bfp8_lb,bfp8_lb,controlled_lossy_value_specialized,ok,none,accuracy_pass_runtime_win,0.0070,0.0053,2.085714,1.171429,,31225,46888,bfp8,bfp8,false,0,0,false,0,spmv_max_rel,SKIP
hydr1c_A_14.mtx,bfp8_outlier_lb,bfp8_outlier_lb,controlled_lossy_value_specialized,ok,none,accuracy_pass_runtime_loss,0.0096,0.0076,1.520833,0.854167,,32777,46888,bfp8_outlier,bfp8_outlier,false,0,0,false,0,spmv_max_rel,SKIP
hydr1c_A_14.mtx,bfp4_lb,bfp4_lb,controlled_lossy_value_specialized,ok,none,accuracy_pass_runtime_win,0.0073,0.0064,2.000000,1.123288,,21474,46888,bfp4,bfp4,false,0,0,false,0,spmv_max_rel,SKIP
hydr1c_A_14.mtx,hybrid_lb,hybrid_lb,structural_hybrid,ok,none,promoted_fallback,0.0070,0.0051,2.085714,1.171429,,156024,,original,raw_double,false,,,1,0,exact_abs_or_rel,SKIP
hydr1c_A_14.mtx,cusparse_default,cusparse_csr,external_baseline,ok,none,external_baseline,0.0146,0.0134,1.000000,0.561644,,156024,99248,original,original,false,,,true,0,exact_abs_or_rel,SKIP
hydr1c_A_22.mtx,original_lb,original_lb,load_balanced_traversal,ok,none,promoted_fallback,0.0078,0.0071,1.807692,1.000000,,188336,56440,original,original,false,0,0,true,0,exact_abs_or_rel,SKIP
hydr1c_A_22.mtx,auto_lossless_lb,original_lb,load_balanced_traversal,ok,none,promoted_fallback,0.0077,0.0061,1.831169,1.012987,,188336,56440,auto_lossless,original,true,12517,188336,true,0,exact_abs_or_rel,SKIP
hydr1c_A_22.mtx,fp16_lb,fp16_lb,controlled_lossy_value_specialized,ok,none,accuracy_pass_runtime_win,0.0073,0.0062,1.931507,1.068493,,47084,56440,fp16,fp16,false,0,0,false,0,spmv_max_rel,SKIP
hydr1c_A_22.mtx,bf16_lb,bf16_lb,controlled_lossy_value_specialized,ok,none,accuracy_pass_runtime_win,0.0074,0.0055,1.905405,1.054054,,47084,56440,bf16,bf16,false,0,0,false,0,spmv_max_rel,SKIP
hydr1c_A_22.mtx,bfp8_lb,bfp8_lb,controlled_lossy_value_specialized,ok,none,accuracy_pass_runtime_win,0.0077,0.0070,1.831169,1.012987,,37652,56440,bfp8,bfp8,false,0,0,false,0,spmv_max_rel,SKIP
hydr1c_A_22.mtx,bfp8_outlier_lb,bfp8_outlier_lb,controlled_lossy_value_specialized,ok,none,accuracy_pass_runtime_loss,0.0094,0.0077,1.500000,0.829787,,39524,56440,bfp8_outlier,bfp8_outlier,false,0,0,false,0,spmv_max_rel,SKIP
hydr1c_A_22.mtx,bfp4_lb,bfp4_lb,controlled_lossy_value_specialized,ok,none,accuracy_pass_runtime_loss,0.0087,0.0070,1.620690,0.896552,,25881,56440,bfp4,bfp4,false,0,0,false,0,spmv_max_rel,SKIP
hydr1c_A_22.mtx,hybrid_lb,hybrid_lb,structural_hybrid,ok,none,promoted_fallback,0.0067,0.0048,2.104478,1.164179,,188336,,original,raw_double,false,,,1,0,exact_abs_or_rel,SKIP
hydr1c_A_22.mtx,cusparse_default,cusparse_csr,external_baseline,ok,none,external_baseline,0.0141,0.0123,1.000000,0.553191,,188336,115404,original,original,false,,,true,0,exact_abs_or_rel,SKIP
hydr1c_A_30.mtx,original_lb,original_lb,load_balanced_traversal,ok,none,promoted_fallback,0.0077,0.0056,1.831169,1.000000,,156080,46904,original,original,false,0,0,true,0,exact_abs_or_rel,SKIP
hydr1c_A_30.mtx,auto_lossless_lb,original_lb,load_balanced_traversal,ok,none,promoted_fallback,0.0083,0.0064,1.698795,0.927711,,156080,46904,auto_lossless,original,true,9075,156080,true,0,exact_abs_or_rel,SKIP
hydr1c_A_30.mtx,fp16_lb,fp16_lb,controlled_lossy_value_specialized,ok,none,accuracy_pass_runtime_win,0.0070,0.0053,2.014286,1.100000,,39020,46904,fp16,fp16,false,0,0,false,0,spmv_max_rel,SKIP
hydr1c_A_30.mtx,bf16_lb,bf16_lb,controlled_lossy_value_specialized,ok,none,accuracy_pass_runtime_win,0.0072,0.0055,1.958333,1.069444,,39020,46904,bf16,bf16,false,0,0,false,0,spmv_max_rel,SKIP
hydr1c_A_30.mtx,bfp8_lb,bfp8_lb,controlled_lossy_value_specialized,ok,none,accuracy_pass_runtime_win,0.0069,0.0066,2.043478,1.115942,,31236,46904,bfp8,bfp8,false,0,0,false,0,spmv_max_rel,SKIP
hydr1c_A_30.mtx,bfp8_outlier_lb,bfp8_outlier_lb,controlled_lossy_value_specialized,ok,none,accuracy_pass_runtime_loss,0.0093,0.0066,1.516129,0.827957,,32788,46904,bfp8_outlier,bfp8_outlier,false,0,0,false,0,spmv_max_rel,SKIP
hydr1c_A_30.mtx,bfp4_lb,bfp4_lb,controlled_lossy_value_specialized,ok,none,accuracy_pass_runtime_loss,0.0077,0.0068,1.831169,1.000000,,21481,46904,bfp4,bfp4,false,0,0,false,0,spmv_max_rel,SKIP
hydr1c_A_30.mtx,hybrid_lb,hybrid_lb,structural_hybrid,ok,none,promoted_fallback,0.0071,0.0061,1.985915,1.084507,,156080,,original,raw_double,false,,,1,0,exact_abs_or_rel,SKIP
hydr1c_A_30.mtx,cusparse_default,cusparse_csr,external_baseline,ok,none,external_baseline,0.0141,0.0123,1.000000,0.546099,,156080,99276,original,original,false,,,true,0,exact_abs_or_rel,SKIP
hydr1c_A_38.mtx,original_lb,original_lb,load_balanced_traversal,ok,none,promoted_fallback,0.0075,0.0068,1.840000,1.000000,,188504,56464,original,original,false,0,0,true,0,exact_abs_or_rel,SKIP
hydr1c_A_38.mtx,auto_lossless_lb,original_lb,load_balanced_traversal,ok,none,promoted_fallback,0.0071,0.0067,1.943662,1.056338,,188504,56464,auto_lossless,original,true,12530,188504,true,0,exact_abs_or_rel,SKIP
hydr1c_A_38.mtx,fp16_lb,fp16_lb,controlled_lossy_value_specialized,ok,none,accuracy_pass_runtime_win,0.0068,0.0050,2.029412,1.102941,,47126,56464,fp16,fp16,false,0,0,false,0,spmv_max_rel,SKIP
hydr1c_A_38.mtx,bf16_lb,bf16_lb,controlled_lossy_value_specialized,ok,none,accuracy_pass_runtime_win,0.0069,0.0065,2.000000,1.086957,,47126,56464,bf16,bf16,false,0,0,false,0,spmv_max_rel,SKIP
hydr1c_A_38.mtx,bfp8_lb,bfp8_lb,controlled_lossy_value_specialized,ok,none,accuracy_pass_runtime_loss,0.0075,0.0069,1.840000,1.000000,,37679,56464,bfp8,bfp8,false,0,0,false,0,spmv_max_rel,SKIP
hydr1c_A_38.mtx,bfp8_outlier_lb,bfp8_outlier_lb,controlled_lossy_value_specialized,ok,none,accuracy_pass_runtime_loss,0.0094,0.0079,1.468085,0.797872,,39551,56464,bfp8_outlier,bfp8_outlier,false,0,0,false,0,spmv_max_rel,SKIP
hydr1c_A_38.mtx,bfp4_lb,bfp4_lb,controlled_lossy_value_specialized,ok,none,accuracy_pass_runtime_loss,0.0087,0.0067,1.586207,0.862069,,25898,56464,bfp4,bfp4,false,0,0,false,0,spmv_max_rel,SKIP
hydr1c_A_38.mtx,hybrid_lb,hybrid_lb,structural_hybrid,ok,none,promoted_fallback,0.0068,0.0051,2.029412,1.102941,,188504,,original,raw_double,false,,,1,0,exact_abs_or_rel,SKIP
hydr1c_A_38.mtx,cusparse_default,cusparse_csr,external_baseline,ok,none,external_baseline,0.0138,0.0123,1.000000,0.543478,,188504,115488,original,original,false,,,true,0,exact_abs_or_rel,SKIP
hydr1c_A_46.mtx,original_lb,original_lb,load_balanced_traversal,ok,none,promoted_fallback,0.0074,0.0069,1.905405,1.000000,,156024,46888,original,original,false,0,0,true,0,exact_abs_or_rel,SKIP
hydr1c_A_46.mtx,auto_lossless_lb,original_lb,load_balanced_traversal,ok,none,promoted_fallback,0.0074,0.0067,1.905405,1.000000,,156024,46888,auto_lossless,original,true,9075,156024,true,0,exact_abs_or_rel,SKIP
hydr1c_A_46.mtx,fp16_lb,fp16_lb,controlled_lossy_value_specialized,ok,none,accuracy_pass_runtime_win,0.0069,0.0049,2.043478,1.072464,,39006,46888,fp16,fp16,false,0,0,false,0,spmv_max_rel,SKIP
hydr1c_A_46.mtx,bf16_lb,bf16_lb,controlled_lossy_value_specialized,ok,none,accuracy_pass_runtime_win,0.0067,0.0055,2.104478,1.104478,,39006,46888,bf16,bf16,false,0,0,false,0,spmv_max_rel,SKIP
hydr1c_A_46.mtx,bfp8_lb,bfp8_lb,controlled_lossy_value_specialized,ok,none,accuracy_pass_runtime_win,0.0067,0.0053,2.104478,1.104478,,31225,46888,bfp8,bfp8,false,0,0,false,0,spmv_max_rel,SKIP
hydr1c_A_46.mtx,bfp8_outlier_lb,bfp8_outlier_lb,controlled_lossy_value_specialized,ok,none,accuracy_pass_runtime_loss,0.0091,0.0077,1.549451,0.813187,,32777,46888,bfp8_outlier,bfp8_outlier,false,0,0,false,0,spmv_max_rel,SKIP
hydr1c_A_46.mtx,bfp4_lb,bfp4_lb,controlled_lossy_value_specialized,ok,none,accuracy_pass_runtime_loss,0.0077,0.0068,1.831169,0.961039,,21474,46888,bfp4,bfp4,false,0,0,false,0,spmv_max_rel,SKIP
hydr1c_A_46.mtx,hybrid_lb,hybrid_lb,structural_hybrid,ok,none,promoted_fallback,0.0069,0.0052,2.043478,1.072464,,156024,,original,raw_double,false,,,1,0,exact_abs_or_rel,SKIP
hydr1c_A_46.mtx,cusparse_default,cusparse_csr,external_baseline,ok,none,external_baseline,0.0141,0.0123,1.000000,0.524823,,156024,99248,original,original,false,,,true,0,exact_abs_or_rel,SKIP
hydr1c_A_54.mtx,original_lb,original_lb,load_balanced_traversal,ok,none,promoted_fallback,0.0077,0.0071,1.792208,1.000000,,188344,56424,original,original,false,0,0,true,0,exact_abs_or_rel,SKIP
hydr1c_A_54.mtx,auto_lossless_lb,original_lb,load_balanced_traversal,ok,none,promoted_fallback,0.0071,0.0055,1.943662,1.084507,,188344,56424,auto_lossless,original,true,12504,188344,true,0,exact_abs_or_rel,SKIP
hydr1c_A_54.mtx,fp16_lb,fp16_lb,controlled_lossy_value_specialized,ok,none,accuracy_pass_runtime_win,0.0068,0.0055,2.029412,1.132353,,47086,56424,fp16,fp16,false,0,0,false,0,spmv_max_rel,SKIP
hydr1c_A_54.mtx,bf16_lb,bf16_lb,controlled_lossy_value_specialized,ok,none,accuracy_pass_runtime_win,0.0075,0.0067,1.840000,1.026667,,47086,56424,bf16,bf16,false,0,0,false,0,spmv_max_rel,SKIP
hydr1c_A_54.mtx,bfp8_lb,bfp8_lb,controlled_lossy_value_specialized,ok,none,accuracy_pass_runtime_loss,0.0079,0.0071,1.746835,0.974684,,37649,56424,bfp8,bfp8,false,0,0,false,0,spmv_max_rel,SKIP
hydr1c_A_54.mtx,bfp8_outlier_lb,bfp8_outlier_lb,controlled_lossy_value_specialized,ok,none,accuracy_pass_runtime_loss,0.0092,0.0079,1.500000,0.836957,,39521,56424,bfp8_outlier,bfp8_outlier,false,0,0,false,0,spmv_max_rel,SKIP
hydr1c_A_54.mtx,bfp4_lb,bfp4_lb,controlled_lossy_value_specialized,ok,none,accuracy_pass_runtime_loss,0.0086,0.0073,1.604651,0.895349,,25878,56424,bfp4,bfp4,false,0,0,false,0,spmv_max_rel,SKIP
hydr1c_A_54.mtx,hybrid_lb,hybrid_lb,structural_hybrid,ok,none,promoted_fallback,0.0070,0.0051,1.971429,1.100000,,188344,,original,raw_double,false,,,1,0,exact_abs_or_rel,SKIP
hydr1c_A_54.mtx,cusparse_default,cusparse_csr,external_baseline,ok,none,external_baseline,0.0138,0.0123,1.000000,0.557971,,188344,115408,original,original,false,,,true,0,exact_abs_or_rel,SKIP
hydr1c_A_62.mtx,original_lb,original_lb,load_balanced_traversal,ok,none,promoted_fallback,0.0073,0.0052,1.931507,1.000000,,156024,46888,original,original,false,0,0,true,0,exact_abs_or_rel,SKIP
hydr1c_A_62.mtx,auto_lossless_lb,original_lb,load_balanced_traversal,ok,none,promoted_fallback,0.0073,0.0066,1.931507,1.000000,,156024,46888,auto_lossless,original,true,9069,156024,true,0,exact_abs_or_rel,SKIP
hydr1c_A_62.mtx,fp16_lb,fp16_lb,controlled_lossy_value_specialized,ok,none,accuracy_pass_runtime_win,0.0070,0.0055,2.014286,1.042857,,39006,46888,fp16,fp16,false,0,0,false,0,spmv_max_rel,SKIP
hydr1c_A_62.mtx,bf16_lb,bf16_lb,controlled_lossy_value_specialized,ok,none,accuracy_pass_runtime_win,0.0068,0.0065,2.073529,1.073529,,39006,46888,bf16,bf16,false,0,0,false,0,spmv_max_rel,SKIP
hydr1c_A_62.mtx,bfp8_lb,bfp8_lb,controlled_lossy_value_specialized,ok,none,accuracy_pass_runtime_win,0.0069,0.0065,2.043478,1.057971,,31225,46888,bfp8,bfp8,false,0,0,false,0,spmv_max_rel,SKIP
hydr1c_A_62.mtx,bfp8_outlier_lb,bfp8_outlier_lb,controlled_lossy_value_specialized,ok,none,accuracy_pass_runtime_loss,0.0094,0.0081,1.500000,0.776596,,32777,46888,bfp8_outlier,bfp8_outlier,false,0,0,false,0,spmv_max_rel,SKIP
hydr1c_A_62.mtx,bfp4_lb,bfp4_lb,controlled_lossy_value_specialized,ok,none,accuracy_pass_runtime_loss,0.0077,0.0068,1.831169,0.948052,,21474,46888,bfp4,bfp4,false,0,0,false,0,spmv_max_rel,SKIP
hydr1c_A_62.mtx,hybrid_lb,hybrid_lb,structural_hybrid,ok,none,promoted_fallback,0.0071,0.0055,1.985915,1.028169,,156024,,original,raw_double,false,,,1,0,exact_abs_or_rel,SKIP
hydr1c_A_62.mtx,cusparse_default,cusparse_csr,external_baseline,ok,none,external_baseline,0.0141,0.0123,1.000000,0.517730,,156024,99248,original,original,false,,,true,0,exact_abs_or_rel,SKIP
hydr1c_A_70.mtx,original_lb,original_lb,load_balanced_traversal,ok,none,promoted_fallback,0.0077,0.0058,1.766234,1.000000,,155936,46880,original,original,false,0,0,true,0,exact_abs_or_rel,SKIP
hydr1c_A_70.mtx,auto_lossless_lb,original_lb,load_balanced_traversal,ok,none,promoted_fallback,0.0079,0.0070,1.721519,0.974684,,155936,46880,auto_lossless,original,true,9056,155936,true,0,exact_abs_or_rel,SKIP
hydr1c_A_70.mtx,fp16_lb,fp16_lb,controlled_lossy_value_specialized,ok,none,accuracy_pass_runtime_win,0.0072,0.0056,1.888889,1.069444,,38984,46880,fp16,fp16,false,0,0,false,0,spmv_max_rel,SKIP
hydr1c_A_70.mtx,bf16_lb,bf16_lb,controlled_lossy_value_specialized,ok,none,accuracy_pass_runtime_win,0.0072,0.0056,1.888889,1.069444,,38984,46880,bf16,bf16,false,0,0,false,0,spmv_max_rel,SKIP
hydr1c_A_70.mtx,bfp8_lb,bfp8_lb,controlled_lossy_value_specialized,ok,none,accuracy_pass_runtime_win,0.0074,0.0059,1.837838,1.040541,,31212,46880,bfp8,bfp8,false,0,0,false,0,spmv_max_rel,SKIP
hydr1c_A_70.mtx,bfp8_outlier_lb,bfp8_outlier_lb,controlled_lossy_value_specialized,ok,none,accuracy_pass_runtime_loss,0.0093,0.0082,1.462366,0.827957,,32764,46880,bfp8_outlier,bfp8_outlier,false,0,0,false,0,spmv_max_rel,SKIP
hydr1c_A_70.mtx,bfp4_lb,bfp4_lb,controlled_lossy_value_specialized,ok,none,accuracy_pass_runtime_win,0.0075,0.0066,1.813333,1.026667,,21466,46880,bfp4,bfp4,false,0,0,false,0,spmv_max_rel,SKIP
hydr1c_A_70.mtx,hybrid_lb,hybrid_lb,structural_hybrid,ok,none,promoted_fallback,0.0072,0.0055,1.888889,1.069444,,155936,,original,raw_double,false,,,1,0,exact_abs_or_rel,SKIP
hydr1c_A_70.mtx,cusparse_default,cusparse_csr,external_baseline,ok,none,external_baseline,0.0136,0.0123,1.000000,0.566176,,155936,99204,original,original,false,,,true,0,exact_abs_or_rel,SKIP
hydr1c_Zeros_01.mtx,original_lb,original_lb,load_balanced_traversal,ok,none,promoted_fallback,0.0055,0.0046,2.800000,1.000000,,9280,3912,original,original,false,0,0,true,0,exact_abs_or_rel,SKIP
hydr1c_Zeros_01.mtx,auto_lossless_lb,all_one_lb,lossless_value_specialized,ok,none,accuracy_pass_runtime_loss,0.0057,0.0052,2.701754,0.964912,,0,3912,auto_lossless,all_one,true,1,0,true,0,exact_abs_or_rel,SKIP
hydr1c_Zeros_01.mtx,fp16_lb,fp16_lb,controlled_lossy_value_specialized,ok,none,accuracy_pass_runtime_loss,0.0060,0.0052,2.566667,0.916667,,2320,3912,fp16,fp16,false,0,0,false,0,spmv_max_rel,SKIP
hydr1c_Zeros_01.mtx,bf16_lb,bf16_lb,controlled_lossy_value_specialized,ok,none,accuracy_pass_runtime_loss,0.0060,0.0053,2.566667,0.916667,,2320,3912,bf16,bf16,false,0,0,false,0,spmv_max_rel,SKIP
hydr1c_Zeros_01.mtx,bfp8_lb,bfp8_lb,controlled_lossy_value_specialized,ok,none,accuracy_pass_runtime_loss,0.0061,0.0051,2.524590,0.901639,,2138,3912,bfp8,bfp8,false,0,0,false,0,spmv_max_rel,SKIP
hydr1c_Zeros_01.mtx,bfp8_outlier_lb,bfp8_outlier_lb,controlled_lossy_value_specialized,ok,none,accuracy_pass_runtime_loss,0.0060,0.0051,2.566667,0.916667,,2138,3912,bfp8_outlier,bfp8_outlier,false,0,0,false,0,spmv_max_rel,SKIP
hydr1c_Zeros_01.mtx,bfp4_lb,bfp4_lb,controlled_lossy_value_specialized,ok,none,accuracy_pass_runtime_loss,0.0072,0.0054,2.138889,0.763889,,1558,3912,bfp4,bfp4,false,0,0,false,0,spmv_max_rel,SKIP
hydr1c_Zeros_01.mtx,hybrid_lb,hybrid_lb,structural_hybrid,ok,none,promoted_fallback,0.0055,0.0044,2.800000,1.000000,,9280,,original,raw_double,false,,,1,0,exact_abs_or_rel,SKIP
hydr1c_Zeros_01.mtx,cusparse_default,cusparse_csr,external_baseline,ok,none,external_baseline,0.0154,0.0123,1.000000,0.357143,,9280,25876,original,original,false,,,true,0,exact_abs_or_rel,SKIP
hydr1c_Zeros_09.mtx,original_lb,original_lb,load_balanced_traversal,ok,none,promoted_fallback,0.0070,0.0062,2.114286,1.000000,,6016,1848,original,original,false,0,0,true,0,exact_abs_or_rel,SKIP
hydr1c_Zeros_09.mtx,auto_lossless_lb,all_one_lb,lossless_value_specialized,ok,none,accuracy_pass_runtime_win,0.0054,0.0046,2.740741,1.296296,,0,1848,auto_lossless,all_one,true,1,0,true,0,exact_abs_or_rel,SKIP
hydr1c_Zeros_09.mtx,fp16_lb,fp16_lb,controlled_lossy_value_specialized,ok,none,accuracy_pass_runtime_win,0.0054,0.0044,2.740741,1.296296,,1504,1848,fp16,fp16,false,0,0,false,0,spmv_max_rel,SKIP
hydr1c_Zeros_09.mtx,bf16_lb,bf16_lb,controlled_lossy_value_specialized,ok,none,accuracy_pass_runtime_win,0.0064,0.0050,2.312500,1.093750,,1504,1848,bf16,bf16,false,0,0,false,0,spmv_max_rel,SKIP
hydr1c_Zeros_09.mtx,bfp8_lb,bfp8_lb,controlled_lossy_value_specialized,ok,none,accuracy_pass_runtime_win,0.0049,0.0045,3.020408,1.428571,,1214,1848,bfp8,bfp8,false,0,0,false,0,spmv_max_rel,SKIP
hydr1c_Zeros_09.mtx,bfp8_outlier_lb,bfp8_outlier_lb,controlled_lossy_value_specialized,ok,none,accuracy_pass_runtime_win,0.0051,0.0044,2.901961,1.372549,,1214,1848,bfp8_outlier,bfp8_outlier,false,0,0,false,0,spmv_max_rel,SKIP
hydr1c_Zeros_09.mtx,bfp4_lb,bfp4_lb,controlled_lossy_value_specialized,ok,none,accuracy_pass_runtime_win,0.0064,0.0042,2.312500,1.093750,,838,1848,bfp4,bfp4,false,0,0,false,0,spmv_max_rel,SKIP
hydr1c_Zeros_09.mtx,hybrid_lb,hybrid_lb,structural_hybrid,ok,none,promoted_fallback,0.0058,0.0047,2.551724,1.206897,,6016,,original,raw_double,false,,,1,0,exact_abs_or_rel,SKIP
hydr1c_Zeros_09.mtx,cusparse_default,cusparse_csr,external_baseline,ok,none,external_baseline,0.0148,0.0123,1.000000,0.472973,,6016,24244,original,original,false,,,true,0,exact_abs_or_rel,SKIP
hydr1c_Zeros_17.mtx,original_lb,original_lb,load_balanced_traversal,ok,none,promoted_fallback,0.0061,0.0049,2.311475,1.000000,,3112,1824,original,original,false,0,0,true,0,exact_abs_or_rel,SKIP
hydr1c_Zeros_17.mtx,auto_lossless_lb,all_one_lb,lossless_value_specialized,ok,none,accuracy_pass_runtime_win,0.0050,0.0044,2.820000,1.220000,,0,1824,auto_lossless,all_one,true,1,0,true,0,exact_abs_or_rel,SKIP
hydr1c_Zeros_17.mtx,fp16_lb,fp16_lb,controlled_lossy_value_specialized,ok,none,accuracy_pass_runtime_win,0.0045,0.0030,3.133333,1.355556,,778,1824,fp16,fp16,false,0,0,false,0,spmv_max_rel,SKIP
hydr1c_Zeros_17.mtx,bf16_lb,bf16_lb,controlled_lossy_value_specialized,ok,none,accuracy_pass_runtime_win,0.0047,0.0036,3.000000,1.297872,,778,1824,bf16,bf16,false,0,0,false,0,spmv_max_rel,SKIP
hydr1c_Zeros_17.mtx,bfp8_lb,bfp8_lb,controlled_lossy_value_specialized,ok,none,accuracy_pass_runtime_win,0.0049,0.0044,2.877551,1.244898,,845,1824,bfp8,bfp8,false,0,0,false,0,spmv_max_rel,SKIP
hydr1c_Zeros_17.mtx,bfp8_outlier_lb,bfp8_outlier_lb,controlled_lossy_value_specialized,ok,none,accuracy_pass_runtime_win,0.0054,0.0050,2.611111,1.129630,,845,1824,bfp8_outlier,bfp8_outlier,false,0,0,false,0,spmv_max_rel,SKIP
hydr1c_Zeros_17.mtx,bfp4_lb,bfp4_lb,controlled_lossy_value_specialized,ok,none,accuracy_pass_runtime_win,0.0050,0.0044,2.820000,1.220000,,651,1824,bfp4,bfp4,false,0,0,false,0,spmv_max_rel,SKIP
hydr1c_Zeros_17.mtx,hybrid_lb,hybrid_lb,structural_hybrid,ok,none,promoted_fallback,0.0060,0.0044,2.350000,1.016667,,3112,,original,raw_double,false,,,1,0,exact_abs_or_rel,SKIP
hydr1c_Zeros_17.mtx,cusparse_default,cusparse_csr,external_baseline,ok,none,external_baseline,0.0141,0.0123,1.000000,0.432624,,3112,22792,original,original,false,,,true,0,exact_abs_or_rel,SKIP
hydr1c_Zeros_25.mtx,original_lb,original_lb,load_balanced_traversal,ok,none,promoted_fallback,0.0058,0.0043,2.534483,1.000000,,3336,2016,original,original,false,0,0,true,0,exact_abs_or_rel,SKIP
hydr1c_Zeros_25.mtx,auto_lossless_lb,all_one_lb,lossless_value_specialized,ok,none,accuracy_pass_runtime_win,0.0053,0.0050,2.773585,1.094340,,0,2016,auto_lossless,all_one,true,1,0,true,0,exact_abs_or_rel,SKIP
hydr1c_Zeros_25.mtx,fp16_lb,fp16_lb,controlled_lossy_value_specialized,ok,none,accuracy_pass_runtime_win,0.0051,0.0044,2.882353,1.137255,,834,2016,fp16,fp16,false,0,0,false,0,spmv_max_rel,SKIP
hydr1c_Zeros_25.mtx,bf16_lb,bf16_lb,controlled_lossy_value_specialized,ok,none,accuracy_pass_runtime_win,0.0050,0.0046,2.940000,1.160000,,834,2016,bf16,bf16,false,0,0,false,0,spmv_max_rel,SKIP
hydr1c_Zeros_25.mtx,bfp8_lb,bfp8_lb,controlled_lossy_value_specialized,ok,none,accuracy_pass_runtime_win,0.0056,0.0048,2.625000,1.035714,,921,2016,bfp8,bfp8,false,0,0,false,0,spmv_max_rel,SKIP
hydr1c_Zeros_25.mtx,bfp8_outlier_lb,bfp8_outlier_lb,controlled_lossy_value_specialized,ok,none,accuracy_pass_runtime_win,0.0055,0.0045,2.672727,1.054545,,921,2016,bfp8_outlier,bfp8_outlier,false,0,0,false,0,spmv_max_rel,SKIP
hydr1c_Zeros_25.mtx,bfp4_lb,bfp4_lb,controlled_lossy_value_specialized,ok,none,accuracy_pass_runtime_win,0.0052,0.0045,2.826923,1.115385,,713,2016,bfp4,bfp4,false,0,0,false,0,spmv_max_rel,SKIP
hydr1c_Zeros_25.mtx,hybrid_lb,hybrid_lb,structural_hybrid,ok,none,promoted_fallback,0.0056,0.0043,2.625000,1.035714,,3336,,original,raw_double,false,,,1,0,exact_abs_or_rel,SKIP
hydr1c_Zeros_25.mtx,cusparse_default,cusparse_csr,external_baseline,ok,none,external_baseline,0.0147,0.0123,1.000000,0.394558,,3336,22904,original,original,false,,,true,0,exact_abs_or_rel,SKIP
hydr1c_Zeros_33.mtx,original_lb,original_lb,load_balanced_traversal,ok,none,promoted_fallback,0.0055,0.0052,2.636364,1.000000,,3112,1824,original,original,false,0,0,true,0,exact_abs_or_rel,SKIP
hydr1c_Zeros_33.mtx,auto_lossless_lb,all_one_lb,lossless_value_specialized,ok,none,accuracy_pass_runtime_loss,0.0057,0.0047,2.543860,0.964912,,0,1824,auto_lossless,all_one,true,1,0,true,0,exact_abs_or_rel,SKIP
hydr1c_Zeros_33.mtx,fp16_lb,fp16_lb,controlled_lossy_value_specialized,ok,none,accuracy_pass_runtime_win,0.0050,0.0042,2.900000,1.100000,,778,1824,fp16,fp16,false,0,0,false,0,spmv_max_rel,SKIP
hydr1c_Zeros_33.mtx,bf16_lb,bf16_lb,controlled_lossy_value_specialized,ok,none,accuracy_pass_runtime_win,0.0051,0.0041,2.843137,1.078431,,778,1824,bf16,bf16,false,0,0,false,0,spmv_max_rel,SKIP
hydr1c_Zeros_33.mtx,bfp8_lb,bfp8_lb,controlled_lossy_value_specialized,ok,none,accuracy_pass_runtime_win,0.0051,0.0044,2.843137,1.078431,,845,1824,bfp8,bfp8,false,0,0,false,0,spmv_max_rel,SKIP
hydr1c_Zeros_33.mtx,bfp8_outlier_lb,bfp8_outlier_lb,controlled_lossy_value_specialized,ok,none,accuracy_pass_runtime_win,0.0054,0.0045,2.685185,1.018519,,845,1824,bfp8_outlier,bfp8_outlier,false,0,0,false,0,spmv_max_rel,SKIP
hydr1c_Zeros_33.mtx,bfp4_lb,bfp4_lb,controlled_lossy_value_specialized,ok,none,accuracy_pass_runtime_win,0.0049,0.0047,2.959184,1.122449,,651,1824,bfp4,bfp4,false,0,0,false,0,spmv_max_rel,SKIP
hydr1c_Zeros_33.mtx,hybrid_lb,hybrid_lb,structural_hybrid,ok,none,promoted_fallback,0.0055,0.0044,2.636364,1.000000,,3112,,original,raw_double,false,,,1,0,exact_abs_or_rel,SKIP
hydr1c_Zeros_33.mtx,cusparse_default,cusparse_csr,external_baseline,ok,none,external_baseline,0.0145,0.0123,1.000000,0.379310,,3112,22792,original,original,false,,,true,0,exact_abs_or_rel,SKIP
hydr1c_Zeros_41.mtx,original_lb,original_lb,load_balanced_traversal,ok,none,promoted_fallback,0.0056,0.0042,2.571429,1.000000,,3392,2104,original,original,false,0,0,true,0,exact_abs_or_rel,SKIP
hydr1c_Zeros_41.mtx,auto_lossless_lb,all_one_lb,lossless_value_specialized,ok,none,accuracy_pass_runtime_win,0.0052,0.0042,2.769231,1.076923,,0,2104,auto_lossless,all_one,true,1,0,true,0,exact_abs_or_rel,SKIP
hydr1c_Zeros_41.mtx,fp16_lb,fp16_lb,controlled_lossy_value_specialized,ok,none,accuracy_pass_runtime_win,0.0054,0.0046,2.666667,1.037037,,848,2104,fp16,fp16,false,0,0,false,0,spmv_max_rel,SKIP
hydr1c_Zeros_41.mtx,bf16_lb,bf16_lb,controlled_lossy_value_specialized,ok,none,accuracy_pass_runtime_win,0.0051,0.0042,2.823529,1.098039,,848,2104,bf16,bf16,false,0,0,false,0,spmv_max_rel,SKIP
hydr1c_Zeros_41.mtx,bfp8_lb,bfp8_lb,controlled_lossy_value_specialized,ok,none,accuracy_pass_runtime_win,0.0053,0.0046,2.716981,1.056604,,950,2104,bfp8,bfp8,false,0,0,false,0,spmv_max_rel,SKIP
hydr1c_Zeros_41.mtx,bfp8_outlier_lb,bfp8_outlier_lb,controlled_lossy_value_specialized,ok,none,accuracy_pass_runtime_win,0.0053,0.0044,2.716981,1.056604,,950,2104,bfp8_outlier,bfp8_outlier,false,0,0,false,0,spmv_max_rel,SKIP
hydr1c_Zeros_41.mtx,bfp4_lb,bfp4_lb,controlled_lossy_value_specialized,ok,none,accuracy_pass_runtime_win,0.0055,0.0045,2.618182,1.018182,,738,2104,bfp4,bfp4,false,0,0,false,0,spmv_max_rel,SKIP
hydr1c_Zeros_41.mtx,hybrid_lb,hybrid_lb,structural_hybrid,ok,none,promoted_fallback,0.0107,0.0095,1.345794,0.523364,,3392,,original,raw_double,false,,,1,0,exact_abs_or_rel,SKIP
hydr1c_Zeros_41.mtx,cusparse_default,cusparse_csr,external_baseline,ok,none,external_baseline,0.0144,0.0123,1.000000,0.388889,,3392,22932,original,original,false,,,true,0,exact_abs_or_rel,SKIP
hydr1c_Zeros_49.mtx,original_lb,original_lb,load_balanced_traversal,ok,none,promoted_fallback,0.0058,0.0050,2.534483,1.000000,,3112,1824,original,original,false,0,0,true,0,exact_abs_or_rel,SKIP
hydr1c_Zeros_49.mtx,auto_lossless_lb,all_one_lb,lossless_value_specialized,ok,none,accuracy_pass_runtime_win,0.0057,0.0045,2.578947,1.017544,,0,1824,auto_lossless,all_one,true,1,0,true,0,exact_abs_or_rel,SKIP
hydr1c_Zeros_49.mtx,fp16_lb,fp16_lb,controlled_lossy_value_specialized,ok,none,accuracy_pass_runtime_win,0.0052,0.0037,2.826923,1.115385,,778,1824,fp16,fp16,false,0,0,false,0,spmv_max_rel,SKIP
hydr1c_Zeros_49.mtx,bf16_lb,bf16_lb,controlled_lossy_value_specialized,ok,none,accuracy_pass_runtime_win,0.0045,0.0036,3.266667,1.288889,,778,1824,bf16,bf16,false,0,0,false,0,spmv_max_rel,SKIP
hydr1c_Zeros_49.mtx,bfp8_lb,bfp8_lb,controlled_lossy_value_specialized,ok,none,accuracy_pass_runtime_win,0.0051,0.0042,2.882353,1.137255,,845,1824,bfp8,bfp8,false,0,0,false,0,spmv_max_rel,SKIP
hydr1c_Zeros_49.mtx,bfp8_outlier_lb,bfp8_outlier_lb,controlled_lossy_value_specialized,ok,none,accuracy_pass_runtime_win,0.0052,0.0044,2.826923,1.115385,,845,1824,bfp8_outlier,bfp8_outlier,false,0,0,false,0,spmv_max_rel,SKIP
hydr1c_Zeros_49.mtx,bfp4_lb,bfp4_lb,controlled_lossy_value_specialized,ok,none,accuracy_pass_runtime_win,0.0052,0.0044,2.826923,1.115385,,651,1824,bfp4,bfp4,false,0,0,false,0,spmv_max_rel,SKIP
hydr1c_Zeros_49.mtx,hybrid_lb,hybrid_lb,structural_hybrid,ok,none,promoted_fallback,0.0055,0.0042,2.672727,1.054545,,3112,,original,raw_double,false,,,1,0,exact_abs_or_rel,SKIP
hydr1c_Zeros_49.mtx,cusparse_default,cusparse_csr,external_baseline,ok,none,external_baseline,0.0147,0.0123,1.000000,0.394558,,3112,22792,original,original,false,,,true,0,exact_abs_or_rel,SKIP
hydr1c_Zeros_57.mtx,original_lb,original_lb,load_balanced_traversal,ok,none,promoted_fallback,0.0059,0.0049,2.491525,1.000000,,3208,1920,original,original,false,0,0,true,0,exact_abs_or_rel,SKIP
hydr1c_Zeros_57.mtx,auto_lossless_lb,all_one_lb,lossless_value_specialized,ok,none,accuracy_pass_runtime_win,0.0052,0.0044,2.826923,1.134615,,0,1920,auto_lossless,all_one,true,1,0,true,0,exact_abs_or_rel,SKIP
hydr1c_Zeros_57.mtx,fp16_lb,fp16_lb,controlled_lossy_value_specialized,ok,none,accuracy_pass_runtime_win,0.0054,0.0044,2.722222,1.092593,,802,1920,fp16,fp16,false,0,0,false,0,spmv_max_rel,SKIP
hydr1c_Zeros_57.mtx,bf16_lb,bf16_lb,controlled_lossy_value_specialized,ok,none,accuracy_pass_runtime_win,0.0054,0.0047,2.722222,1.092593,,802,1920,bf16,bf16,false,0,0,false,0,spmv_max_rel,SKIP
hydr1c_Zeros_57.mtx,bfp8_lb,bfp8_lb,controlled_lossy_value_specialized,ok,none,accuracy_pass_runtime_win,0.0050,0.0041,2.940000,1.180000,,881,1920,bfp8,bfp8,false,0,0,false,0,spmv_max_rel,SKIP
hydr1c_Zeros_57.mtx,bfp8_outlier_lb,bfp8_outlier_lb,controlled_lossy_value_specialized,ok,none,accuracy_pass_runtime_win,0.0050,0.0045,2.940000,1.180000,,881,1920,bfp8_outlier,bfp8_outlier,false,0,0,false,0,spmv_max_rel,SKIP
hydr1c_Zeros_57.mtx,bfp4_lb,bfp4_lb,controlled_lossy_value_specialized,ok,none,accuracy_pass_runtime_win,0.0055,0.0045,2.672727,1.072727,,681,1920,bfp4,bfp4,false,0,0,false,0,spmv_max_rel,SKIP
hydr1c_Zeros_57.mtx,hybrid_lb,hybrid_lb,structural_hybrid,ok,none,promoted_fallback,0.0059,0.0042,2.491525,1.000000,,3208,,original,raw_double,false,,,1,0,exact_abs_or_rel,SKIP
hydr1c_Zeros_57.mtx,cusparse_default,cusparse_csr,external_baseline,ok,none,external_baseline,0.0147,0.0123,1.000000,0.401361,,3208,22840,original,original,false,,,true,0,exact_abs_or_rel,SKIP
hydr1c_Zeros_65.mtx,original_lb,original_lb,load_balanced_traversal,ok,none,promoted_fallback,0.0057,0.0048,2.526316,1.000000,,3312,2024,original,original,false,0,0,true,0,exact_abs_or_rel,SKIP
hydr1c_Zeros_65.mtx,auto_lossless_lb,all_one_lb,lossless_value_specialized,ok,none,accuracy_pass_runtime_win,0.0053,0.0044,2.716981,1.075472,,0,2024,auto_lossless,all_one,true,1,0,true,0,exact_abs_or_rel,SKIP
hydr1c_Zeros_65.mtx,fp16_lb,fp16_lb,controlled_lossy_value_specialized,ok,none,accuracy_pass_runtime_win,0.0056,0.0045,2.571429,1.017857,,828,2024,fp16,fp16,false,0,0,false,0,spmv_max_rel,SKIP
hydr1c_Zeros_65.mtx,bf16_lb,bf16_lb,controlled_lossy_value_specialized,ok,none,accuracy_pass_runtime_win,0.0056,0.0045,2.571429,1.017857,,828,2024,bf16,bf16,false,0,0,false,0,spmv_max_rel,SKIP
hydr1c_Zeros_65.mtx,bfp8_lb,bfp8_lb,controlled_lossy_value_specialized,ok,none,accuracy_pass_runtime_win,0.0053,0.0046,2.716981,1.075472,,920,2024,bfp8,bfp8,false,0,0,false,0,spmv_max_rel,SKIP
hydr1c_Zeros_65.mtx,bfp8_outlier_lb,bfp8_outlier_lb,controlled_lossy_value_specialized,ok,none,accuracy_pass_runtime_win,0.0049,0.0041,2.938776,1.163265,,920,2024,bfp8_outlier,bfp8_outlier,false,0,0,false,0,spmv_max_rel,SKIP
hydr1c_Zeros_65.mtx,bfp4_lb,bfp4_lb,controlled_lossy_value_specialized,ok,none,accuracy_pass_runtime_loss,0.0057,0.0045,2.526316,1.000000,,713,2024,bfp4,bfp4,false,0,0,false,0,spmv_max_rel,SKIP
hydr1c_Zeros_65.mtx,hybrid_lb,hybrid_lb,structural_hybrid,ok,none,promoted_fallback,0.0059,0.0047,2.440678,0.966102,,3312,,original,raw_double,false,,,1,0,exact_abs_or_rel,SKIP
hydr1c_Zeros_65.mtx,cusparse_default,cusparse_csr,external_baseline,ok,none,external_baseline,0.0144,0.0123,1.000000,0.395833,,3312,22892,original,original,false,,,true,0,exact_abs_or_rel,SKIP
hydr1c_Zeros_73.mtx,original_lb,original_lb,load_balanced_traversal,ok,none,promoted_fallback,0.0070,0.0062,2.085714,1.000000,,3056,1808,original,original,false,0,0,true,0,exact_abs_or_rel,SKIP
hydr1c_Zeros_73.mtx,auto_lossless_lb,all_one_lb,lossless_value_specialized,ok,none,accuracy_pass_runtime_win,0.0052,0.0043,2.807692,1.346154,,0,1808,auto_lossless,all_one,true,1,0,true,0,exact_abs_or_rel,SKIP
hydr1c_Zeros_73.mtx,fp16_lb,fp16_lb,controlled_lossy_value_specialized,ok,none,accuracy_pass_runtime_win,0.0049,0.0039,2.979592,1.428571,,764,1808,fp16,fp16,false,0,0,false,0,spmv_max_rel,SKIP
hydr1c_Zeros_73.mtx,bf16_lb,bf16_lb,controlled_lossy_value_specialized,ok,none,accuracy_pass_runtime_win,0.0054,0.0041,2.703704,1.296296,,764,1808,bf16,bf16,false,0,0,false,0,spmv_max_rel,SKIP
hydr1c_Zeros_73.mtx,bfp8_lb,bfp8_lb,controlled_lossy_value_specialized,ok,none,accuracy_pass_runtime_win,0.0054,0.0044,2.703704,1.296296,,834,1808,bfp8,bfp8,false,0,0,false,0,spmv_max_rel,SKIP
hydr1c_Zeros_73.mtx,bfp8_outlier_lb,bfp8_outlier_lb,controlled_lossy_value_specialized,ok,none,accuracy_pass_runtime_win,0.0057,0.0053,2.561404,1.228070,,834,1808,bfp8_outlier,bfp8_outlier,false,0,0,false,0,spmv_max_rel,SKIP
hydr1c_Zeros_73.mtx,bfp4_lb,bfp4_lb,controlled_lossy_value_specialized,ok,none,accuracy_pass_runtime_win,0.0050,0.0044,2.920000,1.400000,,643,1808,bfp4,bfp4,false,0,0,false,0,spmv_max_rel,SKIP
hydr1c_Zeros_73.mtx,hybrid_lb,hybrid_lb,structural_hybrid,ok,none,promoted_fallback,0.0053,0.0045,2.754717,1.320755,,3056,,original,raw_double,false,,,1,0,exact_abs_or_rel,SKIP
hydr1c_Zeros_73.mtx,cusparse_default,cusparse_csr,external_baseline,ok,none,external_baseline,0.0146,0.0123,1.000000,0.479452,,3056,22764,original,original,false,,,true,0,exact_abs_or_rel,SKIP
ifiss_mat.mtx,original_lb,original_lb,load_balanced_traversal,ok,none,promoted_fallback,0.0259,0.0247,1.158301,1.000000,,28799456,3325240,original,original,false,0,0,true,0,exact_abs_or_rel,SKIP
ifiss_mat.mtx,auto_lossless_lb,original_lb,load_balanced_traversal,ok,none,promoted_fallback,0.0265,0.0254,1.132075,0.977358,,28799456,3325240,auto_lossless,original,true,1984544,28799456,true,0,exact_abs_or_rel,SKIP
ifiss_mat.mtx,fp16_lb,fp16_lb,controlled_lossy_value_specialized,ok,none,accuracy_pass_runtime_win,0.0239,0.0234,1.255230,1.083682,,7199864,3325240,fp16,fp16,false,0,0,false,0,spmv_max_rel,SKIP
ifiss_mat.mtx,bf16_lb,bf16_lb,controlled_lossy_value_specialized,ok,none,accuracy_pass_runtime_win,0.0250,0.0234,1.200000,1.036000,,7199864,3325240,bf16,bf16,false,0,0,false,0,spmv_max_rel,SKIP
ifiss_mat.mtx,bfp8_lb,bfp8_lb,controlled_lossy_value_specialized,ok,none,accuracy_pass_runtime_win,0.0239,0.0228,1.255230,1.083682,,4431242,3325240,bfp8,bfp8,false,0,0,false,0,spmv_max_rel,SKIP
ifiss_mat.mtx,bfp8_outlier_lb,bfp8_outlier_lb,controlled_lossy_value_specialized,ok,none,accuracy_pass_runtime_loss,0.0266,0.0253,1.127820,0.973684,,4719226,3325240,bfp8_outlier,bfp8_outlier,false,0,0,false,0,spmv_max_rel,SKIP
ifiss_mat.mtx,bfp4_lb,bfp4_lb,controlled_lossy_value_specialized,ok,none,accuracy_pass_runtime_loss,0.0279,0.0268,1.075269,0.928315,,2631276,3325240,bfp4,bfp4,false,0,0,false,0,spmv_max_rel,SKIP
ifiss_mat.mtx,hybrid_lb,hybrid_lb,structural_hybrid,ok,none,promoted_fallback,0.0230,0.0219,1.304348,1.126087,,28799456,,original,raw_double,false,,,1,0,exact_abs_or_rel,SKIP
ifiss_mat.mtx,cusparse_default,cusparse_csr,external_baseline,ok,none,external_baseline,0.0300,0.0287,1.000000,0.863333,,28799456,14784960,original,original,false,,,true,0,exact_abs_or_rel,SKIP
impcol_d.mtx,original_lb,original_lb,load_balanced_traversal,ok,none,promoted_fallback,0.0052,0.0037,2.346154,1.000000,,10040,2816,original,original,false,0,0,true,0,exact_abs_or_rel,SKIP
impcol_d.mtx,auto_lossless_lb,original_lb,load_balanced_traversal,ok,none,promoted_fallback,0.0059,0.0050,2.067797,0.881356,,10040,2816,auto_lossless,original,true,19,10040,true,0,exact_abs_or_rel,SKIP
impcol_d.mtx,fp16_lb,fp16_lb,controlled_lossy_value_specialized,ok,none,accuracy_pass_runtime_loss,0.0068,0.0051,1.794118,0.764706,,2510,2816,fp16,fp16,false,0,0,false,0,spmv_max_rel,SKIP
impcol_d.mtx,bf16_lb,bf16_lb,controlled_lossy_value_specialized,ok,none,accuracy_pass_runtime_loss,0.0067,0.0049,1.820896,0.776119,,2510,2816,bf16,bf16,false,0,0,false,0,spmv_max_rel,SKIP
impcol_d.mtx,bfp8_lb,bfp8_lb,controlled_lossy_value_specialized,ok,none,accuracy_pass_runtime_loss,0.0073,0.0051,1.671233,0.712329,,1959,2816,bfp8,bfp8,false,0,0,false,0,spmv_max_rel,SKIP
impcol_d.mtx,bfp8_outlier_lb,bfp8_outlier_lb,controlled_lossy_value_specialized,ok,none,accuracy_pass_runtime_loss,0.0076,0.0051,1.605263,0.684211,,1959,2816,bfp8_outlier,bfp8_outlier,false,0,0,false,0,spmv_max_rel,SKIP
impcol_d.mtx,bfp4_lb,bfp4_lb,controlled_lossy_value_specialized,ok,none,accuracy_pass_runtime_loss,0.0081,0.0071,1.506173,0.641975,,1332,2816,bfp4,bfp4,false,0,0,false,0,spmv_max_rel,SKIP
impcol_d.mtx,hybrid_lb,hybrid_lb,structural_hybrid,ok,none,promoted_fallback,0.0060,0.0044,2.033333,0.866667,,10040,,original,raw_double,false,,,1,0,exact_abs_or_rel,SKIP
impcol_d.mtx,cusparse_default,cusparse_csr,external_baseline,ok,none,external_baseline,0.0122,0.0102,1.000000,0.426230,,10040,6724,original,original,false,,,true,0,exact_abs_or_rel,SKIP
jagmesh7.mtx,original_lb,original_lb,load_balanced_traversal,ok,none,promoted_fallback,0.0079,0.0057,1.645570,1.000000,,59600,12240,original,original,false,0,0,true,0,exact_abs_or_rel,SKIP
jagmesh7.mtx,auto_lossless_lb,all_one_lb,lossless_value_specialized,ok,none,accuracy_pass_runtime_win,0.0070,0.0056,1.857143,1.128571,,0,12240,auto_lossless,all_one,true,1,0,true,0,exact_abs_or_rel,SKIP
jagmesh7.mtx,fp16_lb,fp16_lb,controlled_lossy_value_specialized,ok,none,accuracy_pass_runtime_win,0.0077,0.0060,1.688312,1.025974,,14900,12240,fp16,fp16,false,0,0,false,0,spmv_max_rel,SKIP
jagmesh7.mtx,bf16_lb,bf16_lb,controlled_lossy_value_specialized,ok,none,accuracy_pass_runtime_win,0.0076,0.0069,1.710526,1.039474,,14900,12240,bf16,bf16,false,0,0,false,0,spmv_max_rel,SKIP
jagmesh7.mtx,bfp8_lb,bfp8_lb,controlled_lossy_value_specialized,ok,none,accuracy_pass_runtime_win,0.0068,0.0059,1.911765,1.161765,,10510,12240,bfp8,bfp8,false,0,0,false,0,spmv_max_rel,SKIP
jagmesh7.mtx,bfp8_outlier_lb,bfp8_outlier_lb,controlled_lossy_value_specialized,ok,none,accuracy_pass_runtime_win,0.0070,0.0061,1.857143,1.128571,,10510,12240,bfp8_outlier,bfp8_outlier,false,0,0,false,0,spmv_max_rel,SKIP
jagmesh7.mtx,bfp4_lb,bfp4_lb,controlled_lossy_value_specialized,ok,none,accuracy_pass_runtime_loss,0.0087,0.0074,1.494253,0.908046,,6785,12240,bfp4,bfp4,false,0,0,false,0,spmv_max_rel,SKIP
jagmesh7.mtx,hybrid_lb,hybrid_lb,structural_hybrid,ok,none,promoted_fallback,0.0065,0.0055,2.000000,1.215385,,59600,,original,raw_double,false,,,1,0,exact_abs_or_rel,SKIP
jagmesh7.mtx,cusparse_default,cusparse_csr,external_baseline,ok,none,external_baseline,0.0130,0.0121,1.000000,0.607692,,59600,34356,original,original,false,,,true,0,exact_abs_or_rel,SKIP
jendrec1.mtx,original_lb,original_lb,load_balanced_traversal,ok,none,promoted_fallback,0.0067,0.0062,2.014925,1.000000,,716864,47680,original,original,false,0,0,true,0,exact_abs_or_rel,SKIP
jendrec1.mtx,auto_lossless_lb,original_lb,load_balanced_traversal,ok,none,promoted_fallback,0.0075,0.0065,1.800000,0.893333,,716864,47680,auto_lossless,original,true,44620,716864,true,0,exact_abs_or_rel,SKIP
jendrec1.mtx,fp16_lb,fp16_lb,controlled_lossy_value_specialized,ok,none,accuracy_pass_runtime_loss,0.0074,0.0069,1.824324,0.905405,,179216,47680,fp16,fp16,false,0,0,false,0,spmv_max_rel,SKIP
jendrec1.mtx,bf16_lb,bf16_lb,controlled_lossy_value_specialized,ok,none,accuracy_pass_runtime_loss,0.0071,0.0063,1.901408,0.943662,,179216,47680,bf16,bf16,false,0,0,false,0,spmv_max_rel,SKIP
jendrec1.mtx,bfp8_lb,bfp8_lb,controlled_lossy_value_specialized,ok,none,accuracy_pass_runtime_loss,0.0085,0.0070,1.588235,0.788235,,101528,47680,bfp8,bfp8,false,0,0,false,0,spmv_max_rel,SKIP
jendrec1.mtx,bfp8_outlier_lb,bfp8_outlier_lb,controlled_lossy_value_specialized,ok,none,accuracy_pass_runtime_loss,0.0109,0.0096,1.238532,0.614679,,108696,47680,bfp8_outlier,bfp8_outlier,false,0,0,false,0,spmv_max_rel,SKIP
jendrec1.mtx,bfp4_lb,bfp4_lb,controlled_lossy_value_specialized,ok,none,accuracy_pass_runtime_loss,0.0111,0.0097,1.216216,0.603604,,56724,47680,bfp4,bfp4,false,0,0,false,0,spmv_max_rel,SKIP
jendrec1.mtx,hybrid_lb,hybrid_lb,structural_hybrid,ok,none,promoted_fallback,0.0087,0.0065,1.551724,0.770115,,716864,,original,raw_double,false,,,1,0,exact_abs_or_rel,SKIP
jendrec1.mtx,cusparse_default,cusparse_csr,external_baseline,ok,none,external_baseline,0.0135,0.0102,1.000000,0.496296,,716864,366872,original,original,false,,,true,0,exact_abs_or_rel,SKIP
k49_norm_10NN.mtx,original_lb,original_lb,load_balanced_traversal,ok,none,promoted_fallback,0.0339,0.0333,0.507375,1.000000,,4945264,4911240,original,original,false,0,0,true,0,exact_abs_or_rel,SKIP
k49_norm_10NN.mtx,auto_lossless_lb,original_lb,load_balanced_traversal,ok,none,promoted_fallback,0.0337,0.0332,0.510386,1.005935,,4945264,4911240,auto_lossless,original,true,278057,4945264,true,0,exact_abs_or_rel,SKIP
k49_norm_10NN.mtx,fp16_lb,fp16_lb,controlled_lossy_value_specialized,ok,none,accuracy_pass_runtime_win,0.0318,0.0298,0.540881,1.066038,,1236316,4911240,fp16,fp16,false,0,0,false,0,spmv_max_rel,SKIP
k49_norm_10NN.mtx,bf16_lb,bf16_lb,controlled_lossy_value_specialized,ok,none,accuracy_pass_runtime_win,0.0320,0.0301,0.537500,1.059375,,1236316,4911240,bf16,bf16,false,0,0,false,0,spmv_max_rel,SKIP
k49_norm_10NN.mtx,bfp8_lb,bfp8_lb,controlled_lossy_value_specialized,ok,none,accuracy_pass_runtime_win,0.0320,0.0294,0.537500,1.059375,,1845968,4911240,bfp8,bfp8,false,0,0,false,0,spmv_max_rel,SKIP
k49_norm_10NN.mtx,bfp8_outlier_lb,bfp8_outlier_lb,controlled_lossy_value_specialized,ok,none,accuracy_pass_runtime_loss,0.0343,0.0330,0.501458,0.988338,,1895408,4911240,bfp8_outlier,bfp8_outlier,false,0,0,false,0,spmv_max_rel,SKIP
k49_norm_10NN.mtx,bfp4_lb,bfp4_lb,controlled_lossy_value_specialized,ok,none,accuracy_pass_runtime_loss,0.0343,0.0336,0.501458,0.988338,,1536889,4911240,bfp4,bfp4,false,0,0,false,0,spmv_max_rel,SKIP
k49_norm_10NN.mtx,hybrid_lb,hybrid_lb,structural_hybrid,ok,none,promoted_fallback,0.0150,0.0133,1.146667,2.260000,,4945264,,original,raw_double,false,,,1,0,exact_abs_or_rel,SKIP
k49_norm_10NN.mtx,cusparse_default,cusparse_csr,external_baseline,ok,none,external_baseline,0.0172,0.0143,1.000000,1.970930,,4945264,2626824,original,original,false,,,true,0,exact_abs_or_rel,SKIP
kineticBatchReactor_3.mtx,original_lb,original_lb,load_balanced_traversal,ok,none,promoted_fallback,0.0085,0.0070,1.705882,1.000000,,425752,104848,original,original,false,0,0,true,0,exact_abs_or_rel,SKIP
kineticBatchReactor_3.mtx,auto_lossless_lb,original_lb,load_balanced_traversal,ok,none,promoted_fallback,0.0093,0.0090,1.559140,0.913978,,425752,104848,auto_lossless,original,true,21199,425752,true,0,exact_abs_or_rel,SKIP
kineticBatchReactor_3.mtx,fp16_lb,fp16_lb,controlled_lossy_value_specialized,ok,none,accuracy_pass_runtime_loss,0.0092,0.0088,1.576087,0.923913,,106438,104848,fp16,fp16,false,0,0,false,0,spmv_max_rel,SKIP
kineticBatchReactor_3.mtx,bf16_lb,bf16_lb,controlled_lossy_value_specialized,ok,none,accuracy_pass_runtime_loss,0.0093,0.0079,1.559140,0.913978,,106438,104848,bf16,bf16,false,0,0,false,0,spmv_max_rel,SKIP
kineticBatchReactor_3.mtx,bfp8_lb,bfp8_lb,controlled_lossy_value_specialized,ok,none,accuracy_pass_runtime_loss,0.0099,0.0082,1.464646,0.858586,,79431,104848,bfp8,bfp8,false,0,0,false,0,spmv_max_rel,SKIP
kineticBatchReactor_3.mtx,bfp8_outlier_lb,bfp8_outlier_lb,controlled_lossy_value_specialized,ok,none,accuracy_pass_runtime_loss,0.0120,0.0102,1.208333,0.708333,,83687,104848,bfp8_outlier,bfp8_outlier,false,0,0,false,0,spmv_max_rel,SKIP
kineticBatchReactor_3.mtx,bfp4_lb,bfp4_lb,controlled_lossy_value_specialized,ok,none,accuracy_pass_runtime_loss,0.0136,0.0126,1.066176,0.625000,,52822,104848,bfp4,bfp4,false,0,0,false,0,spmv_max_rel,SKIP
kineticBatchReactor_3.mtx,hybrid_lb,hybrid_lb,structural_hybrid,ok,none,promoted_fallback,0.0096,0.0086,1.510417,0.885417,,425752,,original,raw_double,false,,,1,0,exact_abs_or_rel,SKIP
kineticBatchReactor_3.mtx,cusparse_default,cusparse_csr,external_baseline,ok,none,external_baseline,0.0145,0.0123,1.000000,0.586207,,425752,233208,original,original,false,,,true,0,exact_abs_or_rel,SKIP
kleemin_A_6.mtx,original_lb,original_lb,load_balanced_traversal,ok,none,promoted_fallback,0.0052,0.0034,2.134615,1.000000,,352,32,original,original,false,0,0,true,0,exact_abs_or_rel,SKIP
kleemin_A_6.mtx,auto_lossless_lb,dict16_lb,lossless_value_specialized,ok,none,accuracy_pass_runtime_win,0.0043,0.0035,2.581395,1.209302,,128,32,auto_lossless,dict16,true,8,128,true,8,exact_abs_or_rel,SKIP
kleemin_A_6.mtx,fp16_lb,fp16_lb,controlled_lossy_value_specialized,ok,none,accuracy_pass_runtime_loss,0.0052,0.0045,2.134615,1.000000,,88,32,fp16,fp16,false,0,0,false,0,spmv_max_rel,SKIP
kleemin_A_6.mtx,bf16_lb,bf16_lb,controlled_lossy_value_specialized,ok,none,accuracy_pass_runtime_win,0.0049,0.0043,2.265306,1.061224,,88,32,bf16,bf16,false,0,0,false,0,spmv_max_rel,SKIP
kleemin_A_6.mtx,bfp8_lb,bfp8_lb,controlled_lossy_value_specialized,ok,none,accuracy_pass_runtime_win,0.0046,0.0039,2.413043,1.130435,,52,32,bfp8,bfp8,false,0,0,false,0,spmv_max_rel,SKIP
kleemin_A_6.mtx,bfp8_outlier_lb,bfp8_outlier_lb,controlled_lossy_value_specialized,ok,none,accuracy_pass_runtime_win,0.0046,0.0038,2.413043,1.130435,,52,32,bfp8_outlier,bfp8_outlier,false,0,0,false,0,spmv_max_rel,SKIP
kleemin_A_6.mtx,bfp4_lb,bfp4_lb,controlled_lossy_value_specialized,ok,none,accuracy_pass_runtime_loss,0.0060,0.0054,1.850000,0.866667,,30,32,bfp4,bfp4,false,0,0,false,0,spmv_max_rel,SKIP
kleemin_A_6.mtx,hybrid_lb,hybrid_lb,structural_hybrid,ok,none,promoted_fallback,0.0069,0.0050,1.608696,0.753623,,352,,original,raw_double,false,,,1,0,exact_abs_or_rel,SKIP
kleemin_A_6.mtx,cusparse_default,cusparse_csr,external_baseline,ok,none,external_baseline,0.0111,0.0082,1.000000,0.468468,,352,212,original,original,false,,,true,0,exact_abs_or_rel,SKIP
large_A_05.mtx,original_lb,original_lb,load_balanced_traversal,ok,none,promoted_fallback,0.0071,0.0065,2.000000,1.000000,,155912,55608,original,original,false,0,0,true,0,exact_abs_or_rel,SKIP
large_A_05.mtx,auto_lossless_lb,original_lb,load_balanced_traversal,ok,none,promoted_fallback,0.0070,0.0067,2.028571,1.014286,,155912,55608,auto_lossless,original,true,3574,155912,true,0,exact_abs_or_rel,SKIP
large_A_05.mtx,fp16_lb,fp16_lb,controlled_lossy_value_specialized,ok,none,accuracy_pass_runtime_loss,0.0082,0.0068,1.731707,0.865854,,38978,55608,fp16,fp16,false,0,0,false,0,spmv_max_rel,SKIP
large_A_05.mtx,bf16_lb,bf16_lb,controlled_lossy_value_specialized,ok,none,accuracy_pass_runtime_loss,0.0081,0.0066,1.753086,0.876543,,38978,55608,bf16,bf16,false,0,0,false,0,spmv_max_rel,SKIP
large_A_05.mtx,bfp8_lb,bfp8_lb,controlled_lossy_value_specialized,ok,none,accuracy_pass_runtime_loss,0.0074,0.0063,1.918919,0.959459,,33391,55608,bfp8,bfp8,false,0,0,false,0,spmv_max_rel,SKIP
large_A_05.mtx,bfp8_outlier_lb,bfp8_outlier_lb,controlled_lossy_value_specialized,ok,none,accuracy_pass_runtime_loss,0.0073,0.0065,1.945205,0.972603,,33391,55608,bfp8_outlier,bfp8_outlier,false,0,0,false,0,spmv_max_rel,SKIP
large_A_05.mtx,bfp4_lb,bfp4_lb,controlled_lossy_value_specialized,ok,none,accuracy_pass_runtime_loss,0.0098,0.0084,1.448980,0.724490,,23647,55608,bfp4,bfp4,false,0,0,false,0,spmv_max_rel,SKIP
large_A_05.mtx,hybrid_lb,hybrid_lb,structural_hybrid,ok,none,promoted_fallback,0.0095,0.0084,1.494737,0.747368,,155912,,original,raw_double,false,,,1,0,exact_abs_or_rel,SKIP
large_A_05.mtx,cusparse_default,cusparse_csr,external_baseline,ok,none,external_baseline,0.0142,0.0123,1.000000,0.500000,,155912,94960,original,original,false,,,true,0,exact_abs_or_rel,SKIP
large_A_13.mtx,original_lb,original_lb,load_balanced_traversal,ok,none,promoted_fallback,0.0074,0.0064,1.932432,1.000000,,157392,54520,original,original,false,0,0,true,0,exact_abs_or_rel,SKIP
large_A_13.mtx,auto_lossless_lb,original_lb,load_balanced_traversal,ok,none,promoted_fallback,0.0073,0.0063,1.958904,1.013699,,157392,54520,auto_lossless,original,true,3955,157392,true,0,exact_abs_or_rel,SKIP
large_A_13.mtx,fp16_lb,fp16_lb,controlled_lossy_value_specialized,ok,none,accuracy_pass_runtime_loss,0.0077,0.0067,1.857143,0.961039,,39348,54520,fp16,fp16,false,0,0,false,0,spmv_max_rel,SKIP
large_A_13.mtx,bf16_lb,bf16_lb,controlled_lossy_value_specialized,ok,none,accuracy_pass_runtime_loss,0.0079,0.0067,1.810127,0.936709,,39348,54520,bf16,bf16,false,0,0,false,0,spmv_max_rel,SKIP
large_A_13.mtx,bfp8_lb,bfp8_lb,controlled_lossy_value_specialized,ok,none,accuracy_pass_runtime_loss,0.0081,0.0071,1.765432,0.913580,,33304,54520,bfp8,bfp8,false,0,0,false,0,spmv_max_rel,SKIP
large_A_13.mtx,bfp8_outlier_lb,bfp8_outlier_lb,controlled_lossy_value_specialized,ok,none,accuracy_pass_runtime_loss,0.0075,0.0063,1.906667,0.986667,,33304,54520,bfp8_outlier,bfp8_outlier,false,0,0,false,0,spmv_max_rel,SKIP
large_A_13.mtx,bfp4_lb,bfp4_lb,controlled_lossy_value_specialized,ok,none,accuracy_pass_runtime_loss,0.0096,0.0084,1.489583,0.770833,,23467,54520,bfp4,bfp4,false,0,0,false,0,spmv_max_rel,SKIP
large_A_13.mtx,hybrid_lb,hybrid_lb,structural_hybrid,ok,none,promoted_fallback,0.0072,0.0054,1.986111,1.027778,,157392,,original,raw_double,false,,,1,0,exact_abs_or_rel,SKIP
large_A_13.mtx,cusparse_default,cusparse_csr,external_baseline,ok,none,external_baseline,0.0143,0.0123,1.000000,0.517483,,157392,95712,original,original,false,,,true,0,exact_abs_or_rel,SKIP
large_A_21.mtx,original_lb,original_lb,load_balanced_traversal,ok,none,promoted_fallback,0.0074,0.0064,1.905405,1.000000,,159488,55416,original,original,false,0,0,true,0,exact_abs_or_rel,SKIP
large_A_21.mtx,auto_lossless_lb,original_lb,load_balanced_traversal,ok,none,promoted_fallback,0.0080,0.0065,1.762500,0.925000,,159488,55416,auto_lossless,original,true,3844,159488,true,0,exact_abs_or_rel,SKIP
large_A_21.mtx,fp16_lb,fp16_lb,controlled_lossy_value_specialized,ok,none,accuracy_pass_runtime_win,0.0073,0.0063,1.931507,1.013699,,39872,55416,fp16,fp16,false,0,0,false,0,spmv_max_rel,SKIP
large_A_21.mtx,bf16_lb,bf16_lb,controlled_lossy_value_specialized,ok,none,accuracy_pass_runtime_loss,0.0082,0.0068,1.719512,0.902439,,39872,55416,bf16,bf16,false,0,0,false,0,spmv_max_rel,SKIP
large_A_21.mtx,bfp8_lb,bfp8_lb,controlled_lossy_value_specialized,ok,none,accuracy_pass_runtime_loss,0.0093,0.0070,1.516129,0.795699,,33790,55416,bfp8,bfp8,false,0,0,false,0,spmv_max_rel,SKIP
large_A_21.mtx,bfp8_outlier_lb,bfp8_outlier_lb,controlled_lossy_value_specialized,ok,none,accuracy_pass_runtime_loss,0.0094,0.0069,1.500000,0.787234,,33790,55416,bfp8_outlier,bfp8_outlier,false,0,0,false,0,spmv_max_rel,SKIP
large_A_21.mtx,bfp4_lb,bfp4_lb,controlled_lossy_value_specialized,ok,none,accuracy_pass_runtime_loss,0.0092,0.0084,1.532609,0.804348,,23822,55416,bfp4,bfp4,false,0,0,false,0,spmv_max_rel,SKIP
large_A_21.mtx,hybrid_lb,hybrid_lb,structural_hybrid,ok,none,promoted_fallback,0.0067,0.0054,2.104478,1.104478,,159488,,original,raw_double,false,,,1,0,exact_abs_or_rel,SKIP
large_A_21.mtx,cusparse_default,cusparse_csr,external_baseline,ok,none,external_baseline,0.0141,0.0123,1.000000,0.524823,,159488,97008,original,original,false,,,true,0,exact_abs_or_rel,SKIP
large_A_29.mtx,original_lb,original_lb,load_balanced_traversal,ok,none,promoted_fallback,0.0073,0.0065,1.917808,1.000000,,165488,56896,original,original,false,0,0,true,0,exact_abs_or_rel,SKIP
large_A_29.mtx,auto_lossless_lb,original_lb,load_balanced_traversal,ok,none,promoted_fallback,0.0077,0.0065,1.818182,0.948052,,165488,56896,auto_lossless,original,true,4357,165488,true,0,exact_abs_or_rel,SKIP
large_A_29.mtx,fp16_lb,fp16_lb,controlled_lossy_value_specialized,ok,none,accuracy_pass_runtime_loss,0.0074,0.0058,1.891892,0.986486,,41372,56896,fp16,fp16,false,0,0,false,0,spmv_max_rel,SKIP
large_A_29.mtx,bf16_lb,bf16_lb,controlled_lossy_value_specialized,ok,none,accuracy_pass_runtime_win,0.0070,0.0052,2.000000,1.042857,,41372,56896,bf16,bf16,false,0,0,false,0,spmv_max_rel,SKIP
large_A_29.mtx,bfp8_lb,bfp8_lb,controlled_lossy_value_specialized,ok,none,accuracy_pass_runtime_loss,0.0086,0.0068,1.627907,0.848837,,34910,56896,bfp8,bfp8,false,0,0,false,0,spmv_max_rel,SKIP
large_A_29.mtx,bfp8_outlier_lb,bfp8_outlier_lb,controlled_lossy_value_specialized,ok,none,accuracy_pass_runtime_loss,0.0091,0.0077,1.538462,0.802198,,34910,56896,bfp8_outlier,bfp8_outlier,false,0,0,false,0,spmv_max_rel,SKIP
large_A_29.mtx,bfp4_lb,bfp4_lb,controlled_lossy_value_specialized,ok,none,accuracy_pass_runtime_loss,0.0101,0.0087,1.386139,0.722772,,24567,56896,bfp4,bfp4,false,0,0,false,0,spmv_max_rel,SKIP
large_A_29.mtx,hybrid_lb,hybrid_lb,structural_hybrid,ok,none,promoted_fallback,0.0075,0.0067,1.866667,0.973333,,165488,,original,raw_double,false,,,1,0,exact_abs_or_rel,SKIP
large_A_29.mtx,cusparse_default,cusparse_csr,external_baseline,ok,none,external_baseline,0.0140,0.0123,1.000000,0.521429,,165488,99956,original,original,false,,,true,0,exact_abs_or_rel,SKIP
large_A_37.mtx,original_lb,original_lb,load_balanced_traversal,ok,none,promoted_fallback,0.0074,0.0065,1.918919,1.000000,,165080,58240,original,original,false,0,0,true,0,exact_abs_or_rel,SKIP
large_A_37.mtx,auto_lossless_lb,original_lb,load_balanced_traversal,ok,none,promoted_fallback,0.0075,0.0066,1.893333,0.986667,,165080,58240,auto_lossless,original,true,4235,165080,true,0,exact_abs_or_rel,SKIP
large_A_37.mtx,fp16_lb,fp16_lb,controlled_lossy_value_specialized,ok,none,accuracy_pass_runtime_win,0.0071,0.0054,2.000000,1.042254,,41270,58240,fp16,fp16,false,0,0,false,0,spmv_max_rel,SKIP
large_A_37.mtx,bf16_lb,bf16_lb,controlled_lossy_value_specialized,ok,none,accuracy_pass_runtime_loss,0.0075,0.0064,1.893333,0.986667,,41270,58240,bf16,bf16,false,0,0,false,0,spmv_max_rel,SKIP
large_A_37.mtx,bfp8_lb,bfp8_lb,controlled_lossy_value_specialized,ok,none,accuracy_pass_runtime_loss,0.0088,0.0074,1.613636,0.840909,,35195,58240,bfp8,bfp8,false,0,0,false,0,spmv_max_rel,SKIP
large_A_37.mtx,bfp8_outlier_lb,bfp8_outlier_lb,controlled_lossy_value_specialized,ok,none,accuracy_pass_runtime_loss,0.0090,0.0071,1.577778,0.822222,,35195,58240,bfp8_outlier,bfp8_outlier,false,0,0,false,0,spmv_max_rel,SKIP
large_A_37.mtx,bfp4_lb,bfp4_lb,controlled_lossy_value_specialized,ok,none,accuracy_pass_runtime_loss,0.0114,0.0091,1.245614,0.649123,,24878,58240,bfp4,bfp4,false,0,0,false,0,spmv_max_rel,SKIP
large_A_37.mtx,hybrid_lb,hybrid_lb,structural_hybrid,ok,none,promoted_fallback,0.0082,0.0067,1.731707,0.902439,,165080,,original,raw_double,false,,,1,0,exact_abs_or_rel,SKIP
large_A_37.mtx,cusparse_default,cusparse_csr,external_baseline,ok,none,external_baseline,0.0142,0.0123,1.000000,0.521127,,165080,99672,original,original,false,,,true,0,exact_abs_or_rel,SKIP
lhr04c.mtx,original_lb,original_lb,load_balanced_traversal,ok,none,promoted_fallback,0.0074,0.0055,1.824324,1.000000,,661456,66136,original,original,false,0,0,true,0,exact_abs_or_rel,SKIP
lhr04c.mtx,auto_lossless_lb,original_lb,load_balanced_traversal,ok,none,promoted_fallback,0.0093,0.0071,1.451613,0.795699,,661456,66136,auto_lossless,original,true,77080,661456,true,0,exact_abs_or_rel,SKIP
lhr04c.mtx,fp16_lb,fp16_lb,controlled_lossy_value_specialized,ok,none,accuracy_pass_runtime_loss,0.0079,0.0060,1.708861,0.936709,,165364,66136,fp16,fp16,false,0,0,false,0,spmv_max_rel,SKIP
lhr04c.mtx,bf16_lb,bf16_lb,controlled_lossy_value_specialized,ok,none,accuracy_pass_runtime_loss,0.0081,0.0064,1.666667,0.913580,,165364,66136,bf16,bf16,false,0,0,false,0,spmv_max_rel,SKIP
lhr04c.mtx,bfp8_lb,bfp8_lb,controlled_lossy_value_specialized,ok,none,accuracy_pass_runtime_loss,0.0088,0.0070,1.534091,0.840909,,99216,66136,bfp8,bfp8,false,0,0,false,0,spmv_max_rel,SKIP
lhr04c.mtx,bfp8_outlier_lb,bfp8_outlier_lb,controlled_lossy_value_specialized,ok,none,accuracy_pass_runtime_loss,0.0105,0.0089,1.285714,0.704762,,105824,66136,bfp8_outlier,bfp8_outlier,false,0,0,false,0,spmv_max_rel,SKIP
lhr04c.mtx,bfp4_lb,bfp4_lb,controlled_lossy_value_specialized,ok,none,accuracy_pass_runtime_loss,0.0112,0.0105,1.205357,0.660714,,57875,66136,bfp4,bfp4,false,0,0,false,0,spmv_max_rel,SKIP
lhr04c.mtx,hybrid_lb,hybrid_lb,structural_hybrid,ok,none,promoted_fallback,0.0137,0.0123,0.985401,0.540146,,661456,,original,raw_double,false,,,1,0,exact_abs_or_rel,SKIP
lhr04c.mtx,cusparse_default,cusparse_csr,external_baseline,ok,none,external_baseline,0.0135,0.0102,1.000000,0.548148,,661456,347136,original,original,false,,,true,0,exact_abs_or_rel,SKIP
lns_3937.mtx,original_lb,original_lb,load_balanced_traversal,ok,none,promoted_fallback,0.0079,0.0072,1.835443,1.000000,,203256,49576,original,original,false,0,0,true,0,exact_abs_or_rel,SKIP
lns_3937.mtx,auto_lossless_lb,original_lb,load_balanced_traversal,ok,none,promoted_fallback,0.0089,0.0064,1.629213,0.887640,,203256,49576,auto_lossless,original,true,4176,203256,true,0,exact_abs_or_rel,SKIP
lns_3937.mtx,fp16_lb,fp16_lb,controlled_lossy_value_specialized,ok,none,accuracy_pass_runtime_win,0.0070,0.0061,2.071429,1.128571,,50814,49576,fp16,fp16,false,0,0,false,0,spmv_max_rel,SKIP
lns_3937.mtx,bf16_lb,bf16_lb,controlled_lossy_value_specialized,ok,none,accuracy_pass_runtime_win,0.0063,0.0052,2.301587,1.253968,,50814,49576,bf16,bf16,false,0,0,false,0,spmv_max_rel,SKIP
lns_3937.mtx,bfp8_lb,bfp8_lb,controlled_lossy_value_specialized,ok,none,accuracy_pass_runtime_loss,0.0088,0.0070,1.647727,0.897727,,37801,49576,bfp8,bfp8,false,0,0,false,0,spmv_max_rel,SKIP
lns_3937.mtx,bfp8_outlier_lb,bfp8_outlier_lb,controlled_lossy_value_specialized,ok,none,accuracy_pass_runtime_loss,0.0101,0.0077,1.435644,0.782178,,39817,49576,bfp8_outlier,bfp8_outlier,false,0,0,false,0,spmv_max_rel,SKIP
lns_3937.mtx,bfp4_lb,bfp4_lb,controlled_lossy_value_specialized,ok,none,accuracy_pass_runtime_loss,0.0091,0.0086,1.593407,0.868132,,25098,49576,bfp4,bfp4,false,0,0,false,0,spmv_max_rel,SKIP
lns_3937.mtx,hybrid_lb,hybrid_lb,structural_hybrid,ok,none,promoted_fallback,0.0073,0.0051,1.986301,1.082192,,203256,,original,raw_double,false,,,1,0,exact_abs_or_rel,SKIP
lns_3937.mtx,cusparse_default,cusparse_csr,external_baseline,ok,none,external_baseline,0.0145,0.0121,1.000000,0.544828,,203256,117380,original,original,false,,,true,0,exact_abs_or_rel,SKIP
loc-Brightkite.mtx,original_lb,original_lb,load_balanced_traversal,ok,none,promoted_fallback,0.0197,0.0187,0.822335,1.000000,,3425248,2337280,original,original,false,0,0,true,0,exact_abs_or_rel,SKIP
loc-Brightkite.mtx,auto_lossless_lb,all_one_lb,lossless_value_specialized,ok,none,accuracy_pass_runtime_loss,0.0202,0.0192,0.801980,0.975248,,0,2337280,auto_lossless,all_one,true,1,0,true,0,exact_abs_or_rel,SKIP
loc-Brightkite.mtx,fp16_lb,fp16_lb,controlled_lossy_value_specialized,ok,none,accuracy_pass_runtime_loss,0.0248,0.0235,0.653226,0.794355,,856312,2337280,fp16,fp16,false,0,0,false,0,spmv_max_rel,SKIP
loc-Brightkite.mtx,bf16_lb,bf16_lb,controlled_lossy_value_specialized,ok,none,accuracy_pass_runtime_loss,0.0200,0.0181,0.810000,0.985000,,856312,2337280,bf16,bf16,false,0,0,false,0,spmv_max_rel,SKIP
loc-Brightkite.mtx,bfp8_lb,bfp8_lb,controlled_lossy_value_specialized,ok,none,accuracy_pass_runtime_win,0.0191,0.0179,0.848168,1.031414,,1012476,2337280,bfp8,bfp8,false,0,0,false,0,spmv_max_rel,SKIP
loc-Brightkite.mtx,bfp8_outlier_lb,bfp8_outlier_lb,controlled_lossy_value_specialized,ok,none,accuracy_pass_runtime_loss,0.0208,0.0193,0.778846,0.947115,,1012476,2337280,bfp8_outlier,bfp8_outlier,false,0,0,false,0,spmv_max_rel,SKIP
loc-Brightkite.mtx,bfp4_lb,bfp4_lb,controlled_lossy_value_specialized,ok,none,accuracy_pass_runtime_loss,0.0234,0.0218,0.692308,0.841880,,798398,2337280,bfp4,bfp4,false,0,0,false,0,spmv_max_rel,SKIP
loc-Brightkite.mtx,hybrid_lb,hybrid_lb,structural_hybrid,ok,none,promoted_fallback,0.0152,0.0131,1.065789,1.296053,,3425248,,original,raw_double,false,,,1,0,exact_abs_or_rel,SKIP
loc-Brightkite.mtx,cusparse_default,cusparse_csr,external_baseline,ok,none,external_baseline,0.0162,0.0143,1.000000,1.216049,,3425248,1945540,original,original,false,,,true,0,exact_abs_or_rel,SKIP
lock_700.mtx,original_lb,original_lb,load_balanced_traversal,ok,none,promoted_fallback,0.0072,0.0067,1.875000,1.000000,,177400,11576,original,original,false,0,0,true,0,exact_abs_or_rel,SKIP
lock_700.mtx,auto_lossless_lb,all_one_lb,lossless_value_specialized,ok,none,accuracy_pass_runtime_loss,0.0072,0.0063,1.875000,1.000000,,0,11576,auto_lossless,all_one,true,1,0,true,0,exact_abs_or_rel,SKIP
lock_700.mtx,fp16_lb,fp16_lb,controlled_lossy_value_specialized,ok,none,accuracy_pass_runtime_loss,0.0085,0.0069,1.588235,0.847059,,44350,11576,fp16,fp16,false,0,0,false,0,spmv_max_rel,SKIP
lock_700.mtx,bf16_lb,bf16_lb,controlled_lossy_value_specialized,ok,none,accuracy_pass_runtime_loss,0.0088,0.0074,1.534091,0.818182,,44350,11576,bf16,bf16,false,0,0,false,0,spmv_max_rel,SKIP
lock_700.mtx,bfp8_lb,bfp8_lb,controlled_lossy_value_specialized,ok,none,accuracy_pass_runtime_loss,0.0087,0.0074,1.551724,0.827586,,25069,11576,bfp8,bfp8,false,0,0,false,0,spmv_max_rel,SKIP
lock_700.mtx,bfp8_outlier_lb,bfp8_outlier_lb,controlled_lossy_value_specialized,ok,none,accuracy_pass_runtime_loss,0.0099,0.0087,1.363636,0.727273,,25069,11576,bfp8_outlier,bfp8_outlier,false,0,0,false,0,spmv_max_rel,SKIP
lock_700.mtx,bfp4_lb,bfp4_lb,controlled_lossy_value_specialized,ok,none,accuracy_pass_runtime_loss,0.0116,0.0113,1.163793,0.620690,,13982,11576,bfp4,bfp4,false,0,0,false,0,spmv_max_rel,SKIP
lock_700.mtx,hybrid_lb,hybrid_lb,structural_hybrid,ok,none,promoted_fallback,0.0085,0.0068,1.588235,0.847059,,177400,,original,raw_double,false,,,1,0,exact_abs_or_rel,SKIP
lock_700.mtx,cusparse_default,cusparse_csr,external_baseline,ok,none,external_baseline,0.0135,0.0103,1.000000,0.533333,,177400,91504,original,original,false,,,true,0,exact_abs_or_rel,SKIP
lop163.mtx,original_lb,original_lb,load_balanced_traversal,ok,none,promoted_fallback,0.0057,0.0042,2.052632,1.000000,,7480,1232,original,original,false,0,0,true,0,exact_abs_or_rel,SKIP
lop163.mtx,auto_lossless_lb,dict256_u8_lb,lossless_value_specialized,ok,none,accuracy_pass_runtime_loss,0.0070,0.0064,1.671429,0.814286,,5168,1232,auto_lossless,dict256_u8,true,30,5168,true,30,exact_abs_or_rel,SKIP
lop163.mtx,fp16_lb,fp16_lb,controlled_lossy_value_specialized,ok,none,accuracy_pass_runtime_loss,0.0072,0.0051,1.625000,0.791667,,1870,1232,fp16,fp16,false,0,0,false,0,spmv_max_rel,SKIP
lop163.mtx,bf16_lb,bf16_lb,controlled_lossy_value_specialized,ok,none,accuracy_pass_runtime_loss,0.0072,0.0051,1.625000,0.791667,,1870,1232,bf16,bf16,false,0,0,false,0,spmv_max_rel,SKIP
lop163.mtx,bfp8_lb,bfp8_lb,controlled_lossy_value_specialized,ok,none,accuracy_pass_runtime_loss,0.0075,0.0067,1.560000,0.760000,,1243,1232,bfp8,bfp8,false,0,0,false,0,spmv_max_rel,SKIP
lop163.mtx,bfp8_outlier_lb,bfp8_outlier_lb,controlled_lossy_value_specialized,ok,none,accuracy_pass_runtime_loss,0.0087,0.0069,1.344828,0.655172,,1275,1232,bfp8_outlier,bfp8_outlier,false,0,0,false,0,spmv_max_rel,SKIP
lop163.mtx,bfp4_lb,bfp4_lb,controlled_lossy_value_specialized,ok,none,accuracy_pass_runtime_loss,0.0078,0.0063,1.500000,0.730769,,776,1232,bfp4,bfp4,false,0,0,false,0,spmv_max_rel,SKIP
lop163.mtx,hybrid_lb,hybrid_lb,structural_hybrid,ok,none,promoted_fallback,0.0066,0.0043,1.772727,0.863636,,7480,,original,raw_double,false,,,1,0,exact_abs_or_rel,SKIP
lop163.mtx,cusparse_default,cusparse_csr,external_baseline,ok,none,external_baseline,0.0117,0.0082,1.000000,0.487179,,7480,4396,original,original,false,,,true,0,exact_abs_or_rel,SKIP
lowThrust_2.mtx,original_lb,original_lb,load_balanced_traversal,ok,none,promoted_fallback,0.0088,0.0069,1.568182,1.000000,,210088,48272,original,original,false,0,0,true,0,exact_abs_or_rel,SKIP
lowThrust_2.mtx,auto_lossless_lb,original_lb,load_balanced_traversal,ok,none,promoted_fallback,0.0099,0.0082,1.393939,0.888889,,210088,48272,auto_lossless,original,true,9816,210088,true,0,exact_abs_or_rel,SKIP
lowThrust_2.mtx,fp16_lb,fp16_lb,controlled_lossy_value_specialized,ok,none,accuracy_pass_runtime_loss,0.0099,0.0079,1.393939,0.888889,,52522,48272,fp16,fp16,false,0,0,false,0,spmv_max_rel,SKIP
lowThrust_2.mtx,bf16_lb,bf16_lb,controlled_lossy_value_specialized,ok,none,accuracy_pass_runtime_loss,0.0096,0.0078,1.437500,0.916667,,52522,48272,bf16,bf16,false,0,0,false,0,spmv_max_rel,SKIP
lowThrust_2.mtx,bfp8_lb,bfp8_lb,controlled_lossy_value_specialized,ok,none,accuracy_pass_runtime_loss,0.0093,0.0083,1.483871,0.946237,,38329,48272,bfp8,bfp8,false,0,0,false,0,spmv_max_rel,SKIP
lowThrust_2.mtx,bfp8_outlier_lb,bfp8_outlier_lb,controlled_lossy_value_specialized,ok,none,accuracy_pass_runtime_loss,0.0120,0.0100,1.150000,0.733333,,38489,48272,bfp8_outlier,bfp8_outlier,false,0,0,false,0,spmv_max_rel,SKIP
lowThrust_2.mtx,bfp4_lb,bfp4_lb,controlled_lossy_value_specialized,ok,none,accuracy_pass_runtime_loss,0.0136,0.0128,1.014706,0.647059,,25199,48272,bfp4,bfp4,false,0,0,false,0,spmv_max_rel,SKIP
lowThrust_2.mtx,hybrid_lb,hybrid_lb,structural_hybrid,ok,none,promoted_fallback,0.0081,0.0066,1.703704,1.086420,,210088,,original,raw_double,false,,,1,0,exact_abs_or_rel,SKIP
lowThrust_2.mtx,cusparse_default,cusparse_csr,external_baseline,ok,none,external_baseline,0.0138,0.0102,1.000000,0.637681,,210088,114296,original,original,false,,,true,0,exact_abs_or_rel,SKIP
lp_afiro.mtx,original_lb,original_lb,load_balanced_traversal,ok,none,promoted_fallback,0.0070,0.0060,1.685714,1.000000,,816,240,original,original,false,0,0,true,0,exact_abs_or_rel,SKIP
lp_afiro.mtx,auto_lossless_lb,original_lb,load_balanced_traversal,ok,none,promoted_fallback,0.0057,0.0043,2.070175,1.228070,,816,240,auto_lossless,original,true,23,816,true,0,exact_abs_or_rel,SKIP
lp_afiro.mtx,fp16_lb,fp16_lb,controlled_lossy_value_specialized,ok,none,accuracy_pass_runtime_win,0.0069,0.0052,1.710145,1.014493,,204,240,fp16,fp16,false,0,0,false,0,spmv_max_rel,SKIP
lp_afiro.mtx,bf16_lb,bf16_lb,controlled_lossy_value_specialized,ok,none,accuracy_pass_runtime_win,0.0066,0.0043,1.787879,1.060606,,204,240,bf16,bf16,false,0,0,false,0,spmv_max_rel,SKIP
lp_afiro.mtx,bfp8_lb,bfp8_lb,controlled_lossy_value_specialized,ok,none,accuracy_pass_runtime_win,0.0061,0.0047,1.934426,1.147541,,162,240,bfp8,bfp8,false,0,0,false,0,spmv_max_rel,SKIP
lp_afiro.mtx,bfp8_outlier_lb,bfp8_outlier_lb,controlled_lossy_value_specialized,ok,none,accuracy_pass_runtime_win,0.0056,0.0044,2.107143,1.250000,,162,240,bfp8_outlier,bfp8_outlier,false,0,0,false,0,spmv_max_rel,SKIP
lp_afiro.mtx,bfp4_lb,bfp4_lb,controlled_lossy_value_specialized,ok,none,accuracy_pass_runtime_loss,0.0072,0.0054,1.638889,0.972222,,111,240,bfp4,bfp4,false,0,0,false,0,spmv_max_rel,SKIP
lp_afiro.mtx,hybrid_lb,hybrid_lb,structural_hybrid,ok,none,promoted_fallback,0.0066,0.0056,1.787879,1.060606,,816,,original,raw_double,false,,,1,0,exact_abs_or_rel,SKIP
lp_afiro.mtx,cusparse_default,cusparse_csr,external_baseline,ok,none,external_baseline,0.0118,0.0102,1.000000,0.593220,,816,520,original,original,false,,,true,0,exact_abs_or_rel,SKIP
lp_bnl2.mtx,original_lb,original_lb,load_balanced_traversal,ok,none,promoted_fallback,0.0096,0.0084,1.479167,1.000000,,119968,48696,original,original,false,0,0,true,0,exact_abs_or_rel,SKIP
lp_bnl2.mtx,auto_lossless_lb,original_lb,load_balanced_traversal,ok,none,promoted_fallback,0.0089,0.0070,1.595506,1.078652,,119968,48696,auto_lossless,original,true,129,119968,true,0,exact_abs_or_rel,SKIP
lp_bnl2.mtx,fp16_lb,fp16_lb,controlled_lossy_value_specialized,ok,none,accuracy_pass_runtime_win,0.0090,0.0076,1.577778,1.066667,,29992,48696,fp16,fp16,false,0,0,false,0,spmv_max_rel,SKIP
lp_bnl2.mtx,bf16_lb,bf16_lb,controlled_lossy_value_specialized,ok,none,accuracy_pass_runtime_loss,0.0098,0.0081,1.448980,0.979592,,29992,48696,bf16,bf16,false,0,0,false,0,spmv_max_rel,SKIP
lp_bnl2.mtx,bfp8_lb,bfp8_lb,controlled_lossy_value_specialized,ok,none,accuracy_pass_runtime_loss,0.0104,0.0092,1.365385,0.923077,,27170,48696,bfp8,bfp8,false,0,0,false,0,spmv_max_rel,SKIP
lp_bnl2.mtx,bfp8_outlier_lb,bfp8_outlier_lb,controlled_lossy_value_specialized,ok,none,accuracy_pass_runtime_loss,0.0119,0.0096,1.193277,0.806723,,27570,48696,bfp8_outlier,bfp8_outlier,false,0,0,false,0,spmv_max_rel,SKIP
lp_bnl2.mtx,bfp4_lb,bfp4_lb,controlled_lossy_value_specialized,ok,none,accuracy_pass_runtime_loss,0.0142,0.0132,1.000000,0.676056,,19672,48696,bfp4,bfp4,false,0,0,false,0,spmv_max_rel,SKIP
lp_bnl2.mtx,hybrid_lb,hybrid_lb,structural_hybrid,ok,none,promoted_fallback,0.0074,0.0063,1.918919,1.297297,,119968,,original,raw_double,false,,,1,0,exact_abs_or_rel,SKIP
lp_bnl2.mtx,cusparse_default,cusparse_csr,external_baseline,ok,none,external_baseline,0.0142,0.0123,1.000000,0.676056,,119968,69284,original,original,false,,,true,0,exact_abs_or_rel,SKIP
lp_cycle.mtx,original_lb,original_lb,load_balanced_traversal,ok,none,promoted_fallback,0.0092,0.0087,1.543478,1.000000,,169872,40088,original,original,false,0,0,true,0,exact_abs_or_rel,SKIP
lp_cycle.mtx,auto_lossless_lb,original_lb,load_balanced_traversal,ok,none,promoted_fallback,0.0103,0.0078,1.378641,0.893204,,169872,40088,auto_lossless,original,true,4536,169872,true,0,exact_abs_or_rel,SKIP
lp_cycle.mtx,fp16_lb,fp16_lb,controlled_lossy_value_specialized,ok,none,accuracy_pass_runtime_loss,0.0094,0.0077,1.510638,0.978723,,42468,40088,fp16,fp16,false,0,0,false,0,spmv_max_rel,SKIP
lp_cycle.mtx,bf16_lb,bf16_lb,controlled_lossy_value_specialized,ok,none,accuracy_pass_runtime_loss,0.0096,0.0080,1.479167,0.958333,,42468,40088,bf16,bf16,false,0,0,false,0,spmv_max_rel,SKIP
lp_cycle.mtx,bfp8_lb,bfp8_lb,controlled_lossy_value_specialized,ok,none,accuracy_pass_runtime_loss,0.0096,0.0083,1.479167,0.958333,,31256,40088,bfp8,bfp8,false,0,0,false,0,spmv_max_rel,SKIP
lp_cycle.mtx,bfp8_outlier_lb,bfp8_outlier_lb,controlled_lossy_value_specialized,ok,none,accuracy_pass_runtime_loss,0.0114,0.0099,1.245614,0.807018,,32808,40088,bfp8_outlier,bfp8_outlier,false,0,0,false,0,spmv_max_rel,SKIP
lp_cycle.mtx,bfp4_lb,bfp4_lb,controlled_lossy_value_specialized,ok,none,accuracy_pass_runtime_loss,0.0145,0.0132,0.979310,0.634483,,20639,40088,bfp4,bfp4,false,0,0,false,0,spmv_max_rel,SKIP
lp_cycle.mtx,hybrid_lb,hybrid_lb,structural_hybrid,ok,none,promoted_fallback,0.0073,0.0056,1.945205,1.260274,,169872,,original,raw_double,false,,,1,0,exact_abs_or_rel,SKIP
lp_cycle.mtx,cusparse_default,cusparse_csr,external_baseline,ok,none,external_baseline,0.0142,0.0102,1.000000,0.647887,,169872,92552,original,original,false,,,true,0,exact_abs_or_rel,SKIP
lp_etamacro.mtx,original_lb,original_lb,load_balanced_traversal,ok,none,promoted_fallback,0.0096,0.0074,1.270833,1.000000,,20296,4616,original,original,false,0,0,true,0,exact_abs_or_rel,SKIP
lp_etamacro.mtx,auto_lossless_lb,dict256_u8_lb,lossless_value_specialized,ok,none,accuracy_pass_runtime_loss,0.0109,0.0089,1.119266,0.880734,,19048,4616,auto_lossless,dict256_u8,true,73,19048,true,73,exact_abs_or_rel,SKIP
lp_etamacro.mtx,fp16_lb,fp16_lb,controlled_lossy_value_specialized,ok,none,accuracy_pass_runtime_loss,0.0096,0.0082,1.270833,1.000000,,5074,4616,fp16,fp16,false,0,0,false,0,spmv_max_rel,SKIP
lp_etamacro.mtx,bf16_lb,bf16_lb,controlled_lossy_value_specialized,ok,none,accuracy_pass_runtime_loss,0.0097,0.0081,1.257732,0.989691,,5074,4616,bf16,bf16,false,0,0,false,0,spmv_max_rel,SKIP
lp_etamacro.mtx,bfp8_lb,bfp8_lb,controlled_lossy_value_specialized,ok,none,accuracy_pass_runtime_loss,0.0096,0.0088,1.270833,1.000000,,3691,4616,bfp8,bfp8,false,0,0,false,0,spmv_max_rel,SKIP
lp_etamacro.mtx,bfp8_outlier_lb,bfp8_outlier_lb,controlled_lossy_value_specialized,ok,none,accuracy_pass_runtime_loss,0.0097,0.0089,1.257732,0.989691,,3691,4616,bfp8_outlier,bfp8_outlier,false,0,0,false,0,spmv_max_rel,SKIP
lp_etamacro.mtx,bfp4_lb,bfp4_lb,controlled_lossy_value_specialized,ok,none,accuracy_pass_runtime_loss,0.0131,0.0123,0.931298,0.732824,,2423,4616,bfp4,bfp4,false,0,0,false,0,spmv_max_rel,SKIP
lp_etamacro.mtx,hybrid_lb,hybrid_lb,structural_hybrid,ok,none,promoted_fallback,0.0065,0.0047,1.876923,1.476923,,20296,,original,raw_double,false,,,1,0,exact_abs_or_rel,SKIP
lp_etamacro.mtx,cusparse_default,cusparse_csr,external_baseline,ok,none,external_baseline,0.0122,0.0102,1.000000,0.786885,,20296,11752,original,original,false,,,true,0,exact_abs_or_rel,SKIP
lp_gfrd_pnc.mtx,original_lb,original_lb,load_balanced_traversal,ok,none,promoted_fallback,0.0070,0.0056,1.957143,1.000000,,19560,5304,original,original,false,0,0,true,0,exact_abs_or_rel,SKIP
lp_gfrd_pnc.mtx,auto_lossless_lb,original_lb,load_balanced_traversal,ok,none,promoted_fallback,0.0070,0.0047,1.957143,1.000000,,19560,5304,auto_lossless,original,true,18,19560,true,0,exact_abs_or_rel,SKIP
lp_gfrd_pnc.mtx,fp16_lb,fp16_lb,controlled_lossy_value_specialized,ok,none,accuracy_pass_runtime_loss,0.0070,0.0060,1.957143,1.000000,,4890,5304,fp16,fp16,false,0,0,false,0,spmv_max_rel,SKIP
lp_gfrd_pnc.mtx,bf16_lb,bf16_lb,controlled_lossy_value_specialized,ok,none,accuracy_pass_runtime_loss,0.0075,0.0065,1.826667,0.933333,,4890,5304,bf16,bf16,false,0,0,false,0,spmv_max_rel,SKIP
lp_gfrd_pnc.mtx,bfp8_lb,bfp8_lb,controlled_lossy_value_specialized,ok,none,accuracy_pass_runtime_win,0.0069,0.0053,1.985507,1.014493,,3771,5304,bfp8,bfp8,false,0,0,false,0,spmv_max_rel,SKIP
lp_gfrd_pnc.mtx,bfp8_outlier_lb,bfp8_outlier_lb,controlled_lossy_value_specialized,ok,none,accuracy_pass_runtime_win,0.0069,0.0056,1.985507,1.014493,,3771,5304,bfp8_outlier,bfp8_outlier,false,0,0,false,0,spmv_max_rel,SKIP
lp_gfrd_pnc.mtx,bfp4_lb,bfp4_lb,controlled_lossy_value_specialized,ok,none,accuracy_pass_runtime_win,0.0069,0.0055,1.985507,1.014493,,2549,5304,bfp4,bfp4,false,0,0,false,0,spmv_max_rel,SKIP
lp_gfrd_pnc.mtx,hybrid_lb,hybrid_lb,structural_hybrid,ok,none,promoted_fallback,0.0056,0.0046,2.446429,1.250000,,19560,,original,raw_double,false,,,1,0,exact_abs_or_rel,SKIP
lp_gfrd_pnc.mtx,cusparse_default,cusparse_csr,external_baseline,ok,none,external_baseline,0.0137,0.0103,1.000000,0.510949,,19560,12248,original,original,false,,,true,0,exact_abs_or_rel,SKIP
lp_ken_07.mtx,original_lb,original_lb,load_balanced_traversal,ok,none,promoted_fallback,0.0093,0.0070,1.516129,1.000000,,67232,37648,original,original,false,0,0,true,0,exact_abs_or_rel,SKIP
lp_ken_07.mtx,auto_lossless_lb,sign2_lb,lossless_value_specialized,ok,none,accuracy_pass_runtime_loss,0.0100,0.0094,1.410000,0.930000,,18824,37648,auto_lossless,sign2,true,2,18824,true,0,exact_abs_or_rel,SKIP
lp_ken_07.mtx,fp16_lb,fp16_lb,controlled_lossy_value_specialized,ok,none,accuracy_pass_runtime_loss,0.0095,0.0092,1.484211,0.978947,,16808,37648,fp16,fp16,false,0,0,false,0,spmv_max_rel,SKIP
lp_ken_07.mtx,bf16_lb,bf16_lb,controlled_lossy_value_specialized,ok,none,accuracy_pass_runtime_loss,0.0095,0.0091,1.484211,0.978947,,16808,37648,bf16,bf16,false,0,0,false,0,spmv_max_rel,SKIP
lp_ken_07.mtx,bfp8_lb,bfp8_lb,controlled_lossy_value_specialized,ok,none,accuracy_pass_runtime_loss,0.0093,0.0084,1.516129,1.000000,,17816,37648,bfp8,bfp8,false,0,0,false,0,spmv_max_rel,SKIP
lp_ken_07.mtx,bfp8_outlier_lb,bfp8_outlier_lb,controlled_lossy_value_specialized,ok,none,accuracy_pass_runtime_win,0.0092,0.0085,1.532609,1.010870,,17816,37648,bfp8_outlier,bfp8_outlier,false,0,0,false,0,spmv_max_rel,SKIP
lp_ken_07.mtx,bfp4_lb,bfp4_lb,controlled_lossy_value_specialized,ok,none,accuracy_pass_runtime_loss,0.0133,0.0127,1.060150,0.699248,,13614,37648,bfp4,bfp4,false,0,0,false,0,spmv_max_rel,SKIP
lp_ken_07.mtx,hybrid_lb,hybrid_lb,structural_hybrid,ok,none,promoted_fallback,0.0072,0.0054,1.958333,1.291667,,67232,,original,raw_double,false,,,1,0,exact_abs_or_rel,SKIP
lp_ken_07.mtx,cusparse_default,cusparse_csr,external_baseline,ok,none,external_baseline,0.0141,0.0123,1.000000,0.659574,,67232,43324,original,original,false,,,true,0,exact_abs_or_rel,SKIP
lp_nug07.mtx,original_lb,original_lb,load_balanced_traversal,ok,none,promoted_fallback,0.0097,0.0073,1.422680,1.000000,,33712,16664,original,original,false,0,0,true,0,exact_abs_or_rel,SKIP
lp_nug07.mtx,auto_lossless_lb,sign2_lb,lossless_value_specialized,ok,none,accuracy_pass_runtime_win,0.0095,0.0086,1.452632,1.021053,,8332,16664,auto_lossless,sign2,true,2,8332,true,0,exact_abs_or_rel,SKIP
lp_nug07.mtx,fp16_lb,fp16_lb,controlled_lossy_value_specialized,ok,none,accuracy_pass_runtime_loss,0.0102,0.0091,1.352941,0.950980,,8428,16664,fp16,fp16,false,0,0,false,0,spmv_max_rel,SKIP
lp_nug07.mtx,bf16_lb,bf16_lb,controlled_lossy_value_specialized,ok,none,accuracy_pass_runtime_loss,0.0098,0.0090,1.408163,0.989796,,8428,16664,bf16,bf16,false,0,0,false,0,spmv_max_rel,SKIP
lp_nug07.mtx,bfp8_lb,bfp8_lb,controlled_lossy_value_specialized,ok,none,accuracy_pass_runtime_win,0.0091,0.0078,1.516484,1.065934,,8380,16664,bfp8,bfp8,false,0,0,false,0,spmv_max_rel,SKIP
lp_nug07.mtx,bfp8_outlier_lb,bfp8_outlier_lb,controlled_lossy_value_specialized,ok,none,accuracy_pass_runtime_win,0.0090,0.0070,1.533333,1.077778,,8380,16664,bfp8_outlier,bfp8_outlier,false,0,0,false,0,spmv_max_rel,SKIP
lp_nug07.mtx,bfp4_lb,bfp4_lb,controlled_lossy_value_specialized,ok,none,accuracy_pass_runtime_loss,0.0129,0.0109,1.069767,0.751938,,6273,16664,bfp4,bfp4,false,0,0,false,0,spmv_max_rel,SKIP
lp_nug07.mtx,hybrid_lb,hybrid_lb,structural_hybrid,ok,none,promoted_fallback,0.0058,0.0044,2.379310,1.672414,,33712,,original,raw_double,false,,,1,0,exact_abs_or_rel,SKIP
lp_nug07.mtx,cusparse_default,cusparse_csr,external_baseline,ok,none,external_baseline,0.0138,0.0103,1.000000,0.702899,,33712,19268,original,original,false,,,true,0,exact_abs_or_rel,SKIP
lp_osa_14.mtx,original_lb,original_lb,load_balanced_traversal,ok,none,promoted_fallback,0.0115,0.0107,1.278261,1.000000,,2536776,777040,original,original,false,0,0,true,0,exact_abs_or_rel,SKIP
lp_osa_14.mtx,auto_lossless_lb,original_lb,load_balanced_traversal,ok,none,promoted_fallback,0.0130,0.0113,1.130769,0.884615,,2536776,777040,auto_lossless,original,true,10586,2536776,true,0,exact_abs_or_rel,SKIP
lp_osa_14.mtx,fp16_lb,fp16_lb,controlled_lossy_value_specialized,ok,none,accuracy_pass_runtime_loss,0.0122,0.0111,1.204918,0.942623,,634194,777040,fp16,fp16,false,0,0,false,0,spmv_max_rel,SKIP
lp_osa_14.mtx,bf16_lb,bf16_lb,controlled_lossy_value_specialized,ok,none,accuracy_pass_runtime_loss,0.0121,0.0116,1.214876,0.950413,,634194,777040,bf16,bf16,false,0,0,false,0,spmv_max_rel,SKIP
lp_osa_14.mtx,bfp8_lb,bfp8_lb,controlled_lossy_value_specialized,ok,none,accuracy_pass_runtime_loss,0.0121,0.0105,1.214876,0.950413,,511357,777040,bfp8,bfp8,false,0,0,false,0,spmv_max_rel,SKIP
lp_osa_14.mtx,bfp8_outlier_lb,bfp8_outlier_lb,controlled_lossy_value_specialized,ok,none,accuracy_pass_runtime_loss,0.0154,0.0134,0.954545,0.746753,,536653,777040,bfp8_outlier,bfp8_outlier,false,0,0,false,0,spmv_max_rel,SKIP
lp_osa_14.mtx,bfp4_lb,bfp4_lb,controlled_lossy_value_specialized,ok,none,accuracy_pass_runtime_loss,0.0156,0.0150,0.942308,0.737179,,352809,777040,bfp4,bfp4,false,0,0,false,0,spmv_max_rel,SKIP
lp_osa_14.mtx,hybrid_lb,hybrid_lb,structural_hybrid,ok,none,promoted_fallback,0.0114,0.0107,1.289474,1.008772,,2536776,,original,raw_double,false,,,1,0,exact_abs_or_rel,SKIP
lp_osa_14.mtx,cusparse_default,cusparse_csr,external_baseline,ok,none,external_baseline,0.0147,0.0123,1.000000,0.782313,,2536776,1277740,original,original,false,,,true,0,exact_abs_or_rel,SKIP
lp_pilot_ja.mtx,original_lb,original_lb,load_balanced_traversal,ok,none,promoted_fallback,0.0091,0.0070,1.549451,1.000000,,119816,26632,original,original,false,0,0,true,0,exact_abs_or_rel,SKIP
lp_pilot_ja.mtx,auto_lossless_lb,original_lb,load_balanced_traversal,ok,none,promoted_fallback,0.0082,0.0075,1.719512,1.109756,,119816,26632,auto_lossless,original,true,1720,119816,true,0,exact_abs_or_rel,SKIP
lp_pilot_ja.mtx,fp16_lb,fp16_lb,controlled_lossy_value_specialized,ok,none,accuracy_pass_runtime_loss,0.0094,0.0077,1.500000,0.968085,,29954,26632,fp16,fp16,false,0,0,false,0,spmv_max_rel,SKIP
lp_pilot_ja.mtx,bf16_lb,bf16_lb,controlled_lossy_value_specialized,ok,none,accuracy_pass_runtime_loss,0.0092,0.0075,1.532609,0.989130,,29954,26632,bf16,bf16,false,0,0,false,0,spmv_max_rel,SKIP
lp_pilot_ja.mtx,bfp8_lb,bfp8_lb,controlled_lossy_value_specialized,ok,none,accuracy_pass_runtime_loss,0.0097,0.0086,1.453608,0.938144,,21635,26632,bfp8,bfp8,false,0,0,false,0,spmv_max_rel,SKIP
lp_pilot_ja.mtx,bfp8_outlier_lb,bfp8_outlier_lb,controlled_lossy_value_specialized,ok,none,accuracy_pass_runtime_loss,0.0117,0.0105,1.205128,0.777778,,22595,26632,bfp8_outlier,bfp8_outlier,false,0,0,false,0,spmv_max_rel,SKIP
lp_pilot_ja.mtx,bfp4_lb,bfp4_lb,controlled_lossy_value_specialized,ok,none,accuracy_pass_runtime_loss,0.0142,0.0131,0.992958,0.640845,,14147,26632,bfp4,bfp4,false,0,0,false,0,spmv_max_rel,SKIP
lp_pilot_ja.mtx,hybrid_lb,hybrid_lb,structural_hybrid,ok,none,promoted_fallback,0.0132,0.0117,1.068182,0.689394,,119816,,original,raw_double,false,,,1,0,exact_abs_or_rel,SKIP
lp_pilot_ja.mtx,cusparse_default,cusparse_csr,external_baseline,ok,none,external_baseline,0.0141,0.0103,1.000000,0.645390,,119816,63672,original,original,false,,,true,0,exact_abs_or_rel,SKIP
lp_sc205.mtx,original_lb,original_lb,load_balanced_traversal,ok,none,promoted_fallback,0.0063,0.0051,1.825397,1.000000,,5320,1376,original,original,false,0,0,true,0,exact_abs_or_rel,SKIP
lp_sc205.mtx,auto_lossless_lb,dict16_lb,lossless_value_specialized,ok,none,accuracy_pass_runtime_loss,0.0067,0.0046,1.716418,0.940299,,2816,1376,auto_lossless,dict16,true,8,2816,true,8,exact_abs_or_rel,SKIP
lp_sc205.mtx,fp16_lb,fp16_lb,controlled_lossy_value_specialized,ok,none,accuracy_pass_runtime_win,0.0059,0.0046,1.949153,1.067797,,1330,1376,fp16,fp16,false,0,0,false,0,spmv_max_rel,SKIP
lp_sc205.mtx,bf16_lb,bf16_lb,controlled_lossy_value_specialized,ok,none,accuracy_pass_runtime_win,0.0061,0.0046,1.885246,1.032787,,1330,1376,bf16,bf16,false,0,0,false,0,spmv_max_rel,SKIP
lp_sc205.mtx,bfp8_lb,bfp8_lb,controlled_lossy_value_specialized,ok,none,accuracy_pass_runtime_win,0.0052,0.0037,2.211538,1.211538,,1009,1376,bfp8,bfp8,false,0,0,false,0,spmv_max_rel,SKIP
lp_sc205.mtx,bfp8_outlier_lb,bfp8_outlier_lb,controlled_lossy_value_specialized,ok,none,accuracy_pass_runtime_win,0.0053,0.0036,2.169811,1.188679,,1009,1376,bfp8_outlier,bfp8_outlier,false,0,0,false,0,spmv_max_rel,SKIP
lp_sc205.mtx,bfp4_lb,bfp4_lb,controlled_lossy_value_specialized,ok,none,accuracy_pass_runtime_loss,0.0068,0.0054,1.691176,0.926471,,677,1376,bfp4,bfp4,false,0,0,false,0,spmv_max_rel,SKIP
lp_sc205.mtx,hybrid_lb,hybrid_lb,structural_hybrid,ok,none,promoted_fallback,0.0057,0.0045,2.017544,1.105263,,5320,,original,raw_double,false,,,1,0,exact_abs_or_rel,SKIP
lp_sc205.mtx,cusparse_default,cusparse_csr,external_baseline,ok,none,external_baseline,0.0115,0.0102,1.000000,0.547826,,5320,3484,original,original,false,,,true,0,exact_abs_or_rel,SKIP
lp_scorpion.mtx,original_lb,original_lb,load_balanced_traversal,ok,none,promoted_fallback,0.0079,0.0060,1.493671,1.000000,,12272,3152,original,original,false,0,0,true,0,exact_abs_or_rel,SKIP
lp_scorpion.mtx,auto_lossless_lb,original_lb,load_balanced_traversal,ok,none,promoted_fallback,0.0079,0.0070,1.493671,1.000000,,12272,3152,auto_lossless,original,true,47,12272,true,0,exact_abs_or_rel,SKIP
lp_scorpion.mtx,fp16_lb,fp16_lb,controlled_lossy_value_specialized,ok,none,accuracy_pass_runtime_loss,0.0079,0.0060,1.493671,1.000000,,3068,3152,fp16,fp16,false,0,0,false,0,spmv_max_rel,SKIP
lp_scorpion.mtx,bf16_lb,bf16_lb,controlled_lossy_value_specialized,ok,none,accuracy_pass_runtime_win,0.0076,0.0068,1.552632,1.039474,,3068,3152,bf16,bf16,false,0,0,false,0,spmv_max_rel,SKIP
lp_scorpion.mtx,bfp8_lb,bfp8_lb,controlled_lossy_value_specialized,ok,none,accuracy_pass_runtime_loss,0.0080,0.0067,1.475000,0.987500,,2322,3152,bfp8,bfp8,false,0,0,false,0,spmv_max_rel,SKIP
lp_scorpion.mtx,bfp8_outlier_lb,bfp8_outlier_lb,controlled_lossy_value_specialized,ok,none,accuracy_pass_runtime_win,0.0072,0.0067,1.638889,1.097222,,2322,3152,bfp8_outlier,bfp8_outlier,false,0,0,false,0,spmv_max_rel,SKIP
lp_scorpion.mtx,bfp4_lb,bfp4_lb,controlled_lossy_value_specialized,ok,none,accuracy_pass_runtime_loss,0.0086,0.0069,1.372093,0.918605,,1555,3152,bfp4,bfp4,false,0,0,false,0,spmv_max_rel,SKIP
lp_scorpion.mtx,hybrid_lb,hybrid_lb,structural_hybrid,ok,none,promoted_fallback,0.0070,0.0054,1.685714,1.128571,,12272,,original,raw_double,false,,,1,0,exact_abs_or_rel,SKIP
lp_scorpion.mtx,cusparse_default,cusparse_csr,external_baseline,ok,none,external_baseline,0.0118,0.0100,1.000000,0.669492,,12272,7692,original,original,false,,,true,0,exact_abs_or_rel,SKIP
lp_share1b.mtx,original_lb,original_lb,load_balanced_traversal,ok,none,promoted_fallback,0.0077,0.0068,1.493506,1.000000,,9432,1824,original,original,false,0,0,true,0,exact_abs_or_rel,SKIP
lp_share1b.mtx,auto_lossless_lb,original_lb,load_balanced_traversal,ok,none,promoted_fallback,0.0081,0.0069,1.419753,0.950617,,9432,1824,auto_lossless,original,true,372,9432,true,0,exact_abs_or_rel,SKIP
lp_share1b.mtx,fp16_lb,fp16_lb,controlled_lossy_value_specialized,ok,none,accuracy_pass_runtime_loss,0.0090,0.0068,1.277778,0.855556,,2358,1824,fp16,fp16,false,0,0,false,0,spmv_max_rel,SKIP
lp_share1b.mtx,bf16_lb,bf16_lb,controlled_lossy_value_specialized,ok,none,accuracy_pass_runtime_loss,0.0088,0.0078,1.306818,0.875000,,2358,1824,bf16,bf16,false,0,0,false,0,spmv_max_rel,SKIP
lp_share1b.mtx,bfp8_lb,bfp8_lb,controlled_lossy_value_specialized,ok,none,accuracy_pass_runtime_win,0.0074,0.0067,1.554054,1.040541,,1635,1824,bfp8,bfp8,false,0,0,false,0,spmv_max_rel,SKIP
lp_share1b.mtx,bfp8_outlier_lb,bfp8_outlier_lb,controlled_lossy_value_specialized,ok,none,accuracy_pass_runtime_loss,0.0100,0.0075,1.150000,0.770000,,1715,1824,bfp8_outlier,bfp8_outlier,false,0,0,false,0,spmv_max_rel,SKIP
lp_share1b.mtx,bfp4_lb,bfp4_lb,controlled_lossy_value_specialized,ok,none,accuracy_pass_runtime_loss,0.0095,0.0088,1.210526,0.810526,,1046,1824,bfp4,bfp4,false,0,0,false,0,spmv_max_rel,SKIP
lp_share1b.mtx,hybrid_lb,hybrid_lb,structural_hybrid,ok,none,promoted_fallback,0.0077,0.0068,1.493506,1.000000,,9432,,original,raw_double,false,,,1,0,exact_abs_or_rel,SKIP
lp_share1b.mtx,cusparse_default,cusparse_csr,external_baseline,ok,none,external_baseline,0.0115,0.0082,1.000000,0.669565,,9432,5188,original,original,false,,,true,0,exact_abs_or_rel,SKIP
lp_ship12s.mtx,original_lb,original_lb,load_balanced_traversal,ok,none,promoted_fallback,0.0094,0.0070,1.563830,1.000000,,66272,27144,original,original,false,0,0,true,0,exact_abs_or_rel,SKIP
lp_ship12s.mtx,auto_lossless_lb,dict16_lb,lossless_value_specialized,ok,none,accuracy_pass_runtime_loss,0.0094,0.0086,1.563830,1.000000,,54384,27144,auto_lossless,dict16,true,12,54384,true,12,exact_abs_or_rel,SKIP
lp_ship12s.mtx,fp16_lb,fp16_lb,controlled_lossy_value_specialized,ok,none,accuracy_pass_runtime_loss,0.0098,0.0080,1.500000,0.959184,,16568,27144,fp16,fp16,false,0,0,false,0,spmv_max_rel,SKIP
lp_ship12s.mtx,bf16_lb,bf16_lb,controlled_lossy_value_specialized,ok,none,accuracy_pass_runtime_loss,0.0100,0.0077,1.470000,0.940000,,16568,27144,bf16,bf16,false,0,0,false,0,spmv_max_rel,SKIP
lp_ship12s.mtx,bfp8_lb,bfp8_lb,controlled_lossy_value_specialized,ok,none,accuracy_pass_runtime_loss,0.0126,0.0091,1.166667,0.746032,,15070,27144,bfp8,bfp8,false,0,0,false,0,spmv_max_rel,SKIP
lp_ship12s.mtx,bfp8_outlier_lb,bfp8_outlier_lb,controlled_lossy_value_specialized,ok,none,accuracy_pass_runtime_loss,0.0121,0.0109,1.214876,0.776860,,15518,27144,bfp8_outlier,bfp8_outlier,false,0,0,false,0,spmv_max_rel,SKIP
lp_ship12s.mtx,bfp4_lb,bfp4_lb,controlled_lossy_value_specialized,ok,none,accuracy_pass_runtime_loss,0.0144,0.0131,1.020833,0.652778,,10928,27144,bfp4,bfp4,false,0,0,false,0,spmv_max_rel,SKIP
lp_ship12s.mtx,hybrid_lb,hybrid_lb,structural_hybrid,ok,none,promoted_fallback,0.0074,0.0056,1.986486,1.270270,,66272,,original,raw_double,false,,,1,0,exact_abs_or_rel,SKIP
lp_ship12s.mtx,cusparse_default,cusparse_csr,external_baseline,ok,none,external_baseline,0.0147,0.0102,1.000000,0.639456,,66272,37744,original,original,false,,,true,0,exact_abs_or_rel,SKIP
lp_stocfor3.mtx,original_lb,original_lb,load_balanced_traversal,ok,none,promoted_fallback,0.0072,0.0055,1.958333,1.000000,,581768,157168,original,original,false,0,0,true,0,exact_abs_or_rel,SKIP
lp_stocfor3.mtx,auto_lossless_lb,original_lb,load_balanced_traversal,ok,none,promoted_fallback,0.0076,0.0069,1.855263,0.947368,,581768,157168,auto_lossless,original,true,29,581768,true,0,exact_abs_or_rel,SKIP
lp_stocfor3.mtx,fp16_lb,fp16_lb,controlled_lossy_value_specialized,ok,none,accuracy_pass_runtime_loss,0.0075,0.0052,1.880000,0.960000,,145442,157168,fp16,fp16,false,0,0,false,0,spmv_max_rel,SKIP
lp_stocfor3.mtx,bf16_lb,bf16_lb,controlled_lossy_value_specialized,ok,none,accuracy_pass_runtime_loss,0.0077,0.0053,1.831169,0.935065,,145442,157168,bf16,bf16,false,0,0,false,0,spmv_max_rel,SKIP
lp_stocfor3.mtx,bfp8_lb,bfp8_lb,controlled_lossy_value_specialized,ok,none,accuracy_pass_runtime_loss,0.0085,0.0081,1.658824,0.847059,,112013,157168,bfp8,bfp8,false,0,0,false,0,spmv_max_rel,SKIP
lp_stocfor3.mtx,bfp8_outlier_lb,bfp8_outlier_lb,controlled_lossy_value_specialized,ok,none,accuracy_pass_runtime_loss,0.0075,0.0070,1.880000,0.960000,,112013,157168,bfp8_outlier,bfp8_outlier,false,0,0,false,0,spmv_max_rel,SKIP
lp_stocfor3.mtx,bfp4_lb,bfp4_lb,controlled_lossy_value_specialized,ok,none,accuracy_pass_runtime_loss,0.0078,0.0069,1.807692,0.923077,,75653,157168,bfp4,bfp4,false,0,0,false,0,spmv_max_rel,SKIP
lp_stocfor3.mtx,hybrid_lb,hybrid_lb,structural_hybrid,ok,none,promoted_fallback,0.0063,0.0047,2.238095,1.142857,,581768,,original,raw_double,false,,,1,0,exact_abs_or_rel,SKIP
lp_stocfor3.mtx,cusparse_default,cusparse_csr,external_baseline,ok,none,external_baseline,0.0141,0.0123,1.000000,0.510638,,581768,357588,original,original,false,,,true,0,exact_abs_or_rel,SKIP
lpi_bgindy.mtx,original_lb,original_lb,load_balanced_traversal,ok,none,promoted_fallback,0.0103,0.0092,1.368932,1.000000,,530128,189280,original,original,false,0,0,true,0,exact_abs_or_rel,SKIP
lpi_bgindy.mtx,auto_lossless_lb,original_lb,load_balanced_traversal,ok,none,promoted_fallback,0.0094,0.0078,1.500000,1.095745,,530128,189280,auto_lossless,original,true,234,530128,true,0,exact_abs_or_rel,SKIP
lpi_bgindy.mtx,fp16_lb,fp16_lb,controlled_lossy_value_specialized,ok,none,accuracy_pass_runtime_win,0.0098,0.0085,1.438776,1.051020,,132532,189280,fp16,fp16,false,0,0,false,0,spmv_max_rel,SKIP
lpi_bgindy.mtx,bf16_lb,bf16_lb,controlled_lossy_value_specialized,ok,none,accuracy_pass_runtime_win,0.0096,0.0090,1.468750,1.072917,,132532,189280,bf16,bf16,false,0,0,false,0,spmv_max_rel,SKIP
lpi_bgindy.mtx,bfp8_lb,bfp8_lb,controlled_lossy_value_specialized,ok,none,accuracy_pass_runtime_win,0.0091,0.0080,1.549451,1.131868,,113586,189280,bfp8,bfp8,false,0,0,false,0,spmv_max_rel,SKIP
lpi_bgindy.mtx,bfp8_outlier_lb,bfp8_outlier_lb,controlled_lossy_value_specialized,ok,none,accuracy_pass_runtime_loss,0.0116,0.0098,1.215517,0.887931,,116994,189280,bfp8_outlier,bfp8_outlier,false,0,0,false,0,spmv_max_rel,SKIP
lpi_bgindy.mtx,bfp4_lb,bfp4_lb,controlled_lossy_value_specialized,ok,none,accuracy_pass_runtime_loss,0.0161,0.0132,0.875776,0.639752,,80453,189280,bfp4,bfp4,false,0,0,false,0,spmv_max_rel,SKIP
lpi_bgindy.mtx,hybrid_lb,hybrid_lb,structural_hybrid,ok,none,promoted_fallback,0.0124,0.0109,1.137097,0.830645,,530128,,original,raw_double,false,,,1,0,exact_abs_or_rel,SKIP
lpi_bgindy.mtx,cusparse_default,cusparse_csr,external_baseline,ok,none,external_baseline,0.0141,0.0123,1.000000,0.730496,,530128,275752,original,original,false,,,true,0,exact_abs_or_rel,SKIP
lpi_ex73a.mtx,original_lb,original_lb,load_balanced_traversal,ok,none,promoted_fallback,0.0062,0.0049,1.806452,1.000000,,3656,1424,original,original,false,0,0,true,0,exact_abs_or_rel,SKIP
lpi_ex73a.mtx,auto_lossless_lb,sign2_lb,lossless_value_specialized,ok,none,accuracy_pass_runtime_loss,0.0087,0.0078,1.287356,0.712644,,712,1424,auto_lossless,sign2,true,2,712,true,0,exact_abs_or_rel,SKIP
lpi_ex73a.mtx,fp16_lb,fp16_lb,controlled_lossy_value_specialized,ok,none,accuracy_pass_runtime_loss,0.0073,0.0057,1.534247,0.849315,,914,1424,fp16,fp16,false,0,0,false,0,spmv_max_rel,SKIP
lpi_ex73a.mtx,bf16_lb,bf16_lb,controlled_lossy_value_specialized,ok,none,accuracy_pass_runtime_loss,0.0075,0.0057,1.493333,0.826667,,914,1424,bf16,bf16,false,0,0,false,0,spmv_max_rel,SKIP
lpi_ex73a.mtx,bfp8_lb,bfp8_lb,controlled_lossy_value_specialized,ok,none,accuracy_pass_runtime_loss,0.0072,0.0063,1.555556,0.861111,,813,1424,bfp8,bfp8,false,0,0,false,0,spmv_max_rel,SKIP
lpi_ex73a.mtx,bfp8_outlier_lb,bfp8_outlier_lb,controlled_lossy_value_specialized,ok,none,accuracy_pass_runtime_loss,0.0073,0.0057,1.534247,0.849315,,813,1424,bfp8_outlier,bfp8_outlier,false,0,0,false,0,spmv_max_rel,SKIP
lpi_ex73a.mtx,bfp4_lb,bfp4_lb,controlled_lossy_value_specialized,ok,none,accuracy_pass_runtime_loss,0.0100,0.0086,1.120000,0.620000,,585,1424,bfp4,bfp4,false,0,0,false,0,spmv_max_rel,SKIP
lpi_ex73a.mtx,hybrid_lb,hybrid_lb,structural_hybrid,ok,none,promoted_fallback,0.0064,0.0058,1.750000,0.968750,,3656,,original,raw_double,false,,,1,0,exact_abs_or_rel,SKIP
lpi_ex73a.mtx,cusparse_default,cusparse_csr,external_baseline,ok,none,external_baseline,0.0112,0.0082,1.000000,0.553571,,3656,2604,original,original,false,,,true,0,exact_abs_or_rel,SKIP
lpi_klein1.mtx,original_lb,original_lb,load_balanced_traversal,ok,none,promoted_fallback,0.0083,0.0072,1.385542,1.000000,,6000,760,original,original,false,0,0,true,0,exact_abs_or_rel,SKIP
lpi_klein1.mtx,auto_lossless_lb,dict256_u8_lb,lossless_value_specialized,ok,none,accuracy_pass_runtime_win,0.0074,0.0065,1.554054,1.121622,,3888,760,auto_lossless,dict256_u8,true,106,3888,true,106,exact_abs_or_rel,SKIP
lpi_klein1.mtx,fp16_lb,fp16_lb,controlled_lossy_value_specialized,ok,none,accuracy_pass_runtime_win,0.0076,0.0060,1.513158,1.092105,,1500,760,fp16,fp16,false,0,0,false,0,spmv_max_rel,SKIP
lpi_klein1.mtx,bf16_lb,bf16_lb,controlled_lossy_value_specialized,ok,none,accuracy_pass_runtime_loss,0.0083,0.0076,1.385542,1.000000,,1500,760,bf16,bf16,false,0,0,false,0,spmv_max_rel,SKIP
lpi_klein1.mtx,bfp8_lb,bfp8_lb,controlled_lossy_value_specialized,ok,none,accuracy_pass_runtime_win,0.0072,0.0066,1.597222,1.152778,,940,760,bfp8,bfp8,false,0,0,false,0,spmv_max_rel,SKIP
lpi_klein1.mtx,bfp8_outlier_lb,bfp8_outlier_lb,controlled_lossy_value_specialized,ok,none,accuracy_pass_runtime_loss,0.0095,0.0076,1.210526,0.873684,,988,760,bfp8_outlier,bfp8_outlier,false,0,0,false,0,spmv_max_rel,SKIP
lpi_klein1.mtx,bfp4_lb,bfp4_lb,controlled_lossy_value_specialized,ok,none,accuracy_pass_runtime_win,0.0069,0.0056,1.666667,1.202899,,565,760,bfp4,bfp4,false,0,0,false,0,spmv_max_rel,SKIP
lpi_klein1.mtx,hybrid_lb,hybrid_lb,structural_hybrid,ok,none,promoted_fallback,0.0078,0.0068,1.474359,1.064103,,6000,,original,raw_double,false,,,1,0,exact_abs_or_rel,SKIP
lpi_klein1.mtx,cusparse_default,cusparse_csr,external_baseline,ok,none,external_baseline,0.0115,0.0082,1.000000,0.721739,,6000,3220,original,original,false,,,true,0,exact_abs_or_rel,SKIP
lpi_refinery.mtx,original_lb,original_lb,load_balanced_traversal,ok,none,promoted_fallback,0.0075,0.0070,1.573333,1.000000,,13008,4288,original,original,false,0,0,true,0,exact_abs_or_rel,SKIP
lpi_refinery.mtx,auto_lossless_lb,original_lb,load_balanced_traversal,ok,none,promoted_fallback,0.0079,0.0066,1.493671,0.949367,,13008,4288,auto_lossless,original,true,396,13008,true,0,exact_abs_or_rel,SKIP
lpi_refinery.mtx,fp16_lb,fp16_lb,controlled_lossy_value_specialized,ok,none,accuracy_pass_runtime_loss,0.0089,0.0071,1.325843,0.842697,,3252,4288,fp16,fp16,false,0,0,false,0,spmv_max_rel,SKIP
lpi_refinery.mtx,bf16_lb,bf16_lb,controlled_lossy_value_specialized,ok,none,accuracy_pass_runtime_loss,0.0089,0.0068,1.325843,0.842697,,3252,4288,bf16,bf16,false,0,0,false,0,spmv_max_rel,SKIP
lpi_refinery.mtx,bfp8_lb,bfp8_lb,controlled_lossy_value_specialized,ok,none,accuracy_pass_runtime_loss,0.0087,0.0066,1.356322,0.862069,,2698,4288,bfp8,bfp8,false,0,0,false,0,spmv_max_rel,SKIP
lpi_refinery.mtx,bfp8_outlier_lb,bfp8_outlier_lb,controlled_lossy_value_specialized,ok,none,accuracy_pass_runtime_loss,0.0104,0.0087,1.134615,0.721154,,2826,4288,bfp8_outlier,bfp8_outlier,false,0,0,false,0,spmv_max_rel,SKIP
lpi_refinery.mtx,bfp4_lb,bfp4_lb,controlled_lossy_value_specialized,ok,none,accuracy_pass_runtime_loss,0.0101,0.0091,1.168317,0.742574,,1885,4288,bfp4,bfp4,false,0,0,false,0,spmv_max_rel,SKIP
lpi_refinery.mtx,hybrid_lb,hybrid_lb,structural_hybrid,ok,none,promoted_fallback,0.0070,0.0049,1.685714,1.071429,,13008,,original,raw_double,false,,,1,0,exact_abs_or_rel,SKIP
lpi_refinery.mtx,cusparse_default,cusparse_csr,external_baseline,ok,none,external_baseline,0.0118,0.0100,1.000000,0.635593,,13008,7800,original,original,false,,,true,0,exact_abs_or_rel,SKIP
lshp3466.mtx,original_lb,original_lb,load_balanced_traversal,ok,none,promoted_fallback,0.0075,0.0066,1.893333,1.000000,,191168,38184,original,original,false,0,0,true,0,exact_abs_or_rel,SKIP
lshp3466.mtx,auto_lossless_lb,all_one_lb,lossless_value_specialized,ok,none,accuracy_pass_runtime_loss,0.0079,0.0068,1.797468,0.949367,,0,38184,auto_lossless,all_one,true,1,0,true,0,exact_abs_or_rel,SKIP
lshp3466.mtx,fp16_lb,fp16_lb,controlled_lossy_value_specialized,ok,none,accuracy_pass_runtime_loss,0.0082,0.0071,1.731707,0.914634,,47792,38184,fp16,fp16,false,0,0,false,0,spmv_max_rel,SKIP
lshp3466.mtx,bf16_lb,bf16_lb,controlled_lossy_value_specialized,ok,none,accuracy_pass_runtime_loss,0.0085,0.0069,1.670588,0.882353,,47792,38184,bf16,bf16,false,0,0,false,0,spmv_max_rel,SKIP
lshp3466.mtx,bfp8_lb,bfp8_lb,controlled_lossy_value_specialized,ok,none,accuracy_pass_runtime_loss,0.0089,0.0083,1.595506,0.842697,,33442,38184,bfp8,bfp8,false,0,0,false,0,spmv_max_rel,SKIP
lshp3466.mtx,bfp8_outlier_lb,bfp8_outlier_lb,controlled_lossy_value_specialized,ok,none,accuracy_pass_runtime_loss,0.0089,0.0071,1.595506,0.842697,,33442,38184,bfp8_outlier,bfp8_outlier,false,0,0,false,0,spmv_max_rel,SKIP
lshp3466.mtx,bfp4_lb,bfp4_lb,controlled_lossy_value_specialized,ok,none,accuracy_pass_runtime_loss,0.0118,0.0109,1.203390,0.635593,,21494,38184,bfp4,bfp4,false,0,0,false,0,spmv_max_rel,SKIP
lshp3466.mtx,hybrid_lb,hybrid_lb,structural_hybrid,ok,none,promoted_fallback,0.0070,0.0049,2.028571,1.071429,,191168,,original,raw_double,false,,,1,0,exact_abs_or_rel,SKIP
lshp3466.mtx,cusparse_default,cusparse_csr,external_baseline,ok,none,external_baseline,0.0142,0.0123,1.000000,0.528169,,191168,109452,original,original,false,,,true,0,exact_abs_or_rel,SKIP
mahindas_b.mtx,original_lb,original_lb,load_balanced_traversal,ok,none,promoted_fallback,0.0059,0.0049,2.305085,1.000000,,1296,272,original,original,false,0,0,true,0,exact_abs_or_rel,SKIP
mahindas_b.mtx,auto_lossless_lb,sign2_lb,lossless_value_specialized,ok,none,accuracy_pass_runtime_loss,0.0060,0.0052,2.266667,0.983333,,136,272,auto_lossless,sign2,true,2,136,true,0,exact_abs_or_rel,SKIP
mahindas_b.mtx,fp16_lb,fp16_lb,controlled_lossy_value_specialized,ok,none,accuracy_pass_runtime_win,0.0057,0.0041,2.385965,1.035088,,324,272,fp16,fp16,false,0,0,false,0,spmv_max_rel,SKIP
mahindas_b.mtx,bf16_lb,bf16_lb,controlled_lossy_value_specialized,ok,none,accuracy_pass_runtime_loss,0.0060,0.0049,2.266667,0.983333,,324,272,bf16,bf16,false,0,0,false,0,spmv_max_rel,SKIP
mahindas_b.mtx,bfp8_lb,bfp8_lb,controlled_lossy_value_specialized,ok,none,accuracy_pass_runtime_win,0.0051,0.0042,2.666667,1.156863,,230,272,bfp8,bfp8,false,0,0,false,0,spmv_max_rel,SKIP
mahindas_b.mtx,bfp8_outlier_lb,bfp8_outlier_lb,controlled_lossy_value_specialized,ok,none,accuracy_pass_runtime_win,0.0049,0.0038,2.775510,1.204082,,230,272,bfp8_outlier,bfp8_outlier,false,0,0,false,0,spmv_max_rel,SKIP
mahindas_b.mtx,bfp4_lb,bfp4_lb,controlled_lossy_value_specialized,ok,none,accuracy_pass_runtime_win,0.0053,0.0045,2.566038,1.113208,,149,272,bfp4,bfp4,false,0,0,false,0,spmv_max_rel,SKIP
mahindas_b.mtx,hybrid_lb,hybrid_lb,structural_hybrid,ok,none,promoted_fallback,0.0063,0.0051,2.158730,0.936508,,1296,,original,raw_double,false,,,1,0,exact_abs_or_rel,SKIP
mahindas_b.mtx,cusparse_default,cusparse_csr,external_baseline,ok,none,external_baseline,0.0136,0.0102,1.000000,0.433824,,1296,5684,original,original,false,,,true,0,exact_abs_or_rel,SKIP
mark3jac020sc.mtx,original_lb,original_lb,load_balanced_traversal,ok,none,promoted_fallback,0.0094,0.0084,1.436170,1.000000,,423064,203392,original,original,false,0,0,true,0,exact_abs_or_rel,SKIP
mark3jac020sc.mtx,auto_lossless_lb,original_lb,load_balanced_traversal,ok,none,promoted_fallback,0.0128,0.0111,1.054688,0.734375,,423064,203392,auto_lossless,original,true,29343,423064,true,0,exact_abs_or_rel,SKIP
mark3jac020sc.mtx,fp16_lb,fp16_lb,controlled_lossy_value_specialized,ok,none,accuracy_pass_runtime_loss,0.0095,0.0087,1.421053,0.989474,,105766,203392,fp16,fp16,false,0,0,false,0,spmv_max_rel,SKIP
mark3jac020sc.mtx,bf16_lb,bf16_lb,controlled_lossy_value_specialized,ok,none,accuracy_pass_runtime_loss,0.0099,0.0090,1.363636,0.949495,,105766,203392,bf16,bf16,false,0,0,false,0,spmv_max_rel,SKIP
mark3jac020sc.mtx,bfp8_lb,bfp8_lb,controlled_lossy_value_specialized,ok,none,accuracy_pass_runtime_loss,0.0097,0.0082,1.391753,0.969072,,103731,203392,bfp8,bfp8,false,0,0,false,0,spmv_max_rel,SKIP
mark3jac020sc.mtx,bfp8_outlier_lb,bfp8_outlier_lb,controlled_lossy_value_specialized,ok,none,accuracy_pass_runtime_loss,0.0116,0.0095,1.163793,0.810345,,106771,203392,bfp8_outlier,bfp8_outlier,false,0,0,false,0,spmv_max_rel,SKIP
mark3jac020sc.mtx,bfp4_lb,bfp4_lb,controlled_lossy_value_specialized,ok,none,accuracy_pass_runtime_loss,0.0132,0.0122,1.022727,0.712121,,77290,203392,bfp4,bfp4,false,0,0,false,0,spmv_max_rel,SKIP
mark3jac020sc.mtx,hybrid_lb,hybrid_lb,structural_hybrid,ok,none,promoted_fallback,0.0080,0.0066,1.687500,1.175000,,423064,,original,raw_double,false,,,1,0,exact_abs_or_rel,SKIP
mark3jac020sc.mtx,cusparse_default,cusparse_csr,external_baseline,ok,none,external_baseline,0.0135,0.0123,1.000000,0.696296,,423064,248052,original,original,false,,,true,0,exact_abs_or_rel,SKIP
meg4.mtx,original_lb,original_lb,load_balanced_traversal,ok,none,promoted_fallback,0.0083,0.0062,1.662651,1.000000,,202064,56384,original,original,false,0,0,true,0,exact_abs_or_rel,SKIP
meg4.mtx,auto_lossless_lb,original_lb,load_balanced_traversal,ok,none,promoted_fallback,0.0089,0.0084,1.550562,0.932584,,202064,56384,auto_lossless,original,true,161,202064,true,0,exact_abs_or_rel,SKIP
meg4.mtx,fp16_lb,fp16_lb,controlled_lossy_value_specialized,ok,none,accuracy_pass_runtime_loss,0.0091,0.0081,1.516484,0.912088,,50516,56384,fp16,fp16,false,0,0,false,0,spmv_max_rel,SKIP
meg4.mtx,bf16_lb,bf16_lb,controlled_lossy_value_specialized,ok,none,accuracy_pass_runtime_loss,0.0105,0.0089,1.314286,0.790476,,50516,56384,bf16,bf16,false,0,0,false,0,spmv_max_rel,SKIP
meg4.mtx,bfp8_lb,bfp8_lb,controlled_lossy_value_specialized,ok,none,accuracy_pass_runtime_loss,0.0103,0.0088,1.339806,0.805825,,39354,56384,bfp8,bfp8,false,0,0,false,0,spmv_max_rel,SKIP
meg4.mtx,bfp8_outlier_lb,bfp8_outlier_lb,controlled_lossy_value_specialized,ok,none,accuracy_pass_runtime_loss,0.0121,0.0103,1.140496,0.685950,,41290,56384,bfp8_outlier,bfp8_outlier,false,0,0,false,0,spmv_max_rel,SKIP
meg4.mtx,bfp4_lb,bfp4_lb,controlled_lossy_value_specialized,ok,none,accuracy_pass_runtime_loss,0.0137,0.0122,1.007299,0.605839,,26725,56384,bfp4,bfp4,false,0,0,false,0,spmv_max_rel,SKIP
meg4.mtx,hybrid_lb,hybrid_lb,structural_hybrid,ok,none,promoted_fallback,0.0101,0.0083,1.366337,0.821782,,202064,,original,raw_double,false,,,1,0,exact_abs_or_rel,SKIP
meg4.mtx,cusparse_default,cusparse_csr,external_baseline,ok,none,external_baseline,0.0138,0.0123,1.000000,0.601449,,202064,124476,original,original,false,,,true,0,exact_abs_or_rel,SKIP
mesh2em5.mtx,original_lb,original_lb,load_balanced_traversal,ok,none,promoted_fallback,0.0069,0.0050,1.768116,1.000000,,16144,3248,original,original,false,0,0,true,0,exact_abs_or_rel,SKIP
mesh2em5.mtx,auto_lossless_lb,original_lb,load_balanced_traversal,ok,none,promoted_fallback,0.0074,0.0059,1.648649,0.932432,,16144,3248,auto_lossless,original,true,1154,16144,true,0,exact_abs_or_rel,SKIP
mesh2em5.mtx,fp16_lb,fp16_lb,controlled_lossy_value_specialized,ok,none,accuracy_pass_runtime_loss,0.0081,0.0072,1.506173,0.851852,,4036,3248,fp16,fp16,false,0,0,false,0,spmv_max_rel,SKIP
mesh2em5.mtx,bf16_lb,bf16_lb,controlled_lossy_value_specialized,ok,none,accuracy_pass_runtime_loss,0.0080,0.0060,1.525000,0.862500,,4036,3248,bf16,bf16,false,0,0,false,0,spmv_max_rel,SKIP
mesh2em5.mtx,bfp8_lb,bfp8_lb,controlled_lossy_value_specialized,ok,none,accuracy_pass_runtime_loss,0.0075,0.0058,1.626667,0.920000,,2830,3248,bfp8,bfp8,false,0,0,false,0,spmv_max_rel,SKIP
mesh2em5.mtx,bfp8_outlier_lb,bfp8_outlier_lb,controlled_lossy_value_specialized,ok,none,accuracy_pass_runtime_loss,0.0089,0.0066,1.370787,0.775281,,2990,3248,bfp8_outlier,bfp8_outlier,false,0,0,false,0,spmv_max_rel,SKIP
mesh2em5.mtx,bfp4_lb,bfp4_lb,controlled_lossy_value_specialized,ok,none,accuracy_pass_runtime_loss,0.0091,0.0068,1.340659,0.758242,,1821,3248,bfp4,bfp4,false,0,0,false,0,spmv_max_rel,SKIP
mesh2em5.mtx,hybrid_lb,hybrid_lb,structural_hybrid,ok,none,promoted_fallback,0.0068,0.0046,1.794118,1.014706,,16144,,original,raw_double,false,,,1,0,exact_abs_or_rel,SKIP
mesh2em5.mtx,cusparse_default,cusparse_csr,external_baseline,ok,none,external_baseline,0.0122,0.0102,1.000000,0.565574,,16144,9300,original,original,false,,,true,0,exact_abs_or_rel,SKIP
mimo46x46_system_E.mtx,original_lb,original_lb,load_balanced_traversal,ok,none,promoted_fallback,0.0056,0.0048,2.964286,1.000000,,13312,9016,original,original,false,0,0,true,0,exact_abs_or_rel,SKIP
mimo46x46_system_E.mtx,auto_lossless_lb,all_one_lb,lossless_value_specialized,ok,none,accuracy_pass_runtime_win,0.0054,0.0038,3.074074,1.037037,,0,9016,auto_lossless,all_one,true,1,0,true,0,exact_abs_or_rel,SKIP
mimo46x46_system_E.mtx,fp16_lb,fp16_lb,controlled_lossy_value_specialized,ok,none,accuracy_pass_runtime_loss,0.0057,0.0050,2.912281,0.982456,,3328,9016,fp16,fp16,false,0,0,false,0,spmv_max_rel,SKIP
mimo46x46_system_E.mtx,bf16_lb,bf16_lb,controlled_lossy_value_specialized,ok,none,accuracy_pass_runtime_loss,0.0059,0.0050,2.813559,0.949153,,3328,9016,bf16,bf16,false,0,0,false,0,spmv_max_rel,SKIP
mimo46x46_system_E.mtx,bfp8_lb,bfp8_lb,controlled_lossy_value_specialized,ok,none,accuracy_pass_runtime_win,0.0050,0.0047,3.320000,1.120000,,3918,9016,bfp8,bfp8,false,0,0,false,0,spmv_max_rel,SKIP
mimo46x46_system_E.mtx,bfp8_outlier_lb,bfp8_outlier_lb,controlled_lossy_value_specialized,ok,none,accuracy_pass_runtime_win,0.0050,0.0042,3.320000,1.120000,,3918,9016,bfp8_outlier,bfp8_outlier,false,0,0,false,0,spmv_max_rel,SKIP
mimo46x46_system_E.mtx,bfp4_lb,bfp4_lb,controlled_lossy_value_specialized,ok,none,accuracy_pass_runtime_loss,0.0062,0.0051,2.677419,0.903226,,3086,9016,bfp4,bfp4,false,0,0,false,0,spmv_max_rel,SKIP
mimo46x46_system_E.mtx,hybrid_lb,hybrid_lb,structural_hybrid,ok,none,promoted_fallback,0.0063,0.0050,2.634921,0.888889,,13312,,original,raw_double,false,,,1,0,exact_abs_or_rel,SKIP
mimo46x46_system_E.mtx,cusparse_default,cusparse_csr,external_baseline,ok,none,external_baseline,0.0166,0.0143,1.000000,0.337349,,13312,59660,original,original,false,,,true,0,exact_abs_or_rel,SKIP
minnesota.mtx,original_lb,original_lb,load_balanced_traversal,ok,none,promoted_fallback,0.0069,0.0061,2.014493,1.000000,,52848,30840,original,original,false,0,0,true,0,exact_abs_or_rel,SKIP
minnesota.mtx,auto_lossless_lb,all_one_lb,lossless_value_specialized,ok,none,accuracy_pass_runtime_win,0.0065,0.0060,2.138462,1.061538,,0,30840,auto_lossless,all_one,true,1,0,true,0,exact_abs_or_rel,SKIP
minnesota.mtx,fp16_lb,fp16_lb,controlled_lossy_value_specialized,ok,none,accuracy_pass_runtime_win,0.0064,0.0059,2.171875,1.078125,,13212,30840,fp16,fp16,false,0,0,false,0,spmv_max_rel,SKIP
minnesota.mtx,bf16_lb,bf16_lb,controlled_lossy_value_specialized,ok,none,accuracy_pass_runtime_win,0.0065,0.0060,2.138462,1.061538,,13212,30840,bf16,bf16,false,0,0,false,0,spmv_max_rel,SKIP
minnesota.mtx,bfp8_lb,bfp8_lb,controlled_lossy_value_specialized,ok,none,accuracy_pass_runtime_loss,0.0069,0.0065,2.014493,1.000000,,14316,30840,bfp8,bfp8,false,0,0,false,0,spmv_max_rel,SKIP
minnesota.mtx,bfp8_outlier_lb,bfp8_outlier_lb,controlled_lossy_value_specialized,ok,none,accuracy_pass_runtime_loss,0.0069,0.0064,2.014493,1.000000,,14316,30840,bfp8_outlier,bfp8_outlier,false,0,0,false,0,spmv_max_rel,SKIP
minnesota.mtx,bfp4_lb,bfp4_lb,controlled_lossy_value_specialized,ok,none,accuracy_pass_runtime_loss,0.0082,0.0068,1.695122,0.841463,,11013,30840,bfp4,bfp4,false,0,0,false,0,spmv_max_rel,SKIP
minnesota.mtx,hybrid_lb,hybrid_lb,structural_hybrid,ok,none,promoted_fallback,0.0053,0.0042,2.622642,1.301887,,52848,,original,raw_double,false,,,1,0,exact_abs_or_rel,SKIP
minnesota.mtx,cusparse_default,cusparse_csr,external_baseline,ok,none,external_baseline,0.0139,0.0115,1.000000,0.496403,,52848,36996,original,original,false,,,true,0,exact_abs_or_rel,SKIP
mk10-b4.mtx,original_lb,original_lb,load_balanced_traversal,ok,none,promoted_fallback,0.0078,0.0067,1.769231,1.000000,,37800,23304,original,original,false,0,0,true,0,exact_abs_or_rel,SKIP
mk10-b4.mtx,auto_lossless_lb,sign2_lb,lossless_value_specialized,ok,none,accuracy_pass_runtime_loss,0.0093,0.0075,1.483871,0.838710,,11652,23304,auto_lossless,sign2,true,2,11652,true,0,exact_abs_or_rel,SKIP
mk10-b4.mtx,fp16_lb,fp16_lb,controlled_lossy_value_specialized,ok,none,accuracy_pass_runtime_loss,0.0091,0.0077,1.516484,0.857143,,9450,23304,fp16,fp16,false,0,0,false,0,spmv_max_rel,SKIP
mk10-b4.mtx,bf16_lb,bf16_lb,controlled_lossy_value_specialized,ok,none,accuracy_pass_runtime_loss,0.0091,0.0068,1.516484,0.857143,,9450,23304,bf16,bf16,false,0,0,false,0,spmv_max_rel,SKIP
mk10-b4.mtx,bfp8_lb,bfp8_lb,controlled_lossy_value_specialized,ok,none,accuracy_pass_runtime_loss,0.0098,0.0083,1.408163,0.795918,,10551,23304,bfp8,bfp8,false,0,0,false,0,spmv_max_rel,SKIP
mk10-b4.mtx,bfp8_outlier_lb,bfp8_outlier_lb,controlled_lossy_value_specialized,ok,none,accuracy_pass_runtime_loss,0.0093,0.0078,1.483871,0.838710,,10551,23304,bfp8_outlier,bfp8_outlier,false,0,0,false,0,spmv_max_rel,SKIP
mk10-b4.mtx,bfp4_lb,bfp4_lb,controlled_lossy_value_specialized,ok,none,accuracy_pass_runtime_loss,0.0116,0.0098,1.189655,0.672414,,8189,23304,bfp4,bfp4,false,0,0,false,0,spmv_max_rel,SKIP
mk10-b4.mtx,hybrid_lb,hybrid_lb,structural_hybrid,ok,none,promoted_fallback,0.0061,0.0044,2.262295,1.278689,,37800,,original,raw_double,false,,,1,0,exact_abs_or_rel,SKIP
mk10-b4.mtx,cusparse_default,cusparse_csr,external_baseline,ok,none,external_baseline,0.0138,0.0123,1.000000,0.565217,,37800,22684,original,original,false,,,true,0,exact_abs_or_rel,SKIP
mk12-b5.mtx,original_lb,original_lb,load_balanced_traversal,ok,none,promoted_fallback,0.0096,0.0081,1.604167,1.000000,,498960,325984,original,original,false,0,0,true,0,exact_abs_or_rel,SKIP
mk12-b5.mtx,auto_lossless_lb,sign2_lb,lossless_value_specialized,ok,none,accuracy_pass_runtime_loss,0.0113,0.0105,1.362832,0.849558,,162992,325984,auto_lossless,sign2,true,2,162992,true,0,exact_abs_or_rel,SKIP
mk12-b5.mtx,fp16_lb,fp16_lb,controlled_lossy_value_specialized,ok,none,accuracy_pass_runtime_win,0.0091,0.0084,1.692308,1.054945,,124740,325984,fp16,fp16,false,0,0,false,0,spmv_max_rel,SKIP
mk12-b5.mtx,bf16_lb,bf16_lb,controlled_lossy_value_specialized,ok,none,accuracy_pass_runtime_win,0.0088,0.0083,1.750000,1.090909,,124740,325984,bf16,bf16,false,0,0,false,0,spmv_max_rel,SKIP
mk12-b5.mtx,bfp8_lb,bfp8_lb,controlled_lossy_value_specialized,ok,none,accuracy_pass_runtime_win,0.0095,0.0084,1.621053,1.010526,,143866,325984,bfp8,bfp8,false,0,0,false,0,spmv_max_rel,SKIP
mk12-b5.mtx,bfp8_outlier_lb,bfp8_outlier_lb,controlled_lossy_value_specialized,ok,none,accuracy_pass_runtime_win,0.0094,0.0082,1.638298,1.021277,,143866,325984,bfp8_outlier,bfp8_outlier,false,0,0,false,0,spmv_max_rel,SKIP
mk12-b5.mtx,bfp4_lb,bfp4_lb,controlled_lossy_value_specialized,ok,none,accuracy_pass_runtime_loss,0.0137,0.0125,1.124088,0.700730,,112681,325984,bfp4,bfp4,false,0,0,false,0,spmv_max_rel,SKIP
mk12-b5.mtx,hybrid_lb,hybrid_lb,structural_hybrid,ok,none,promoted_fallback,0.0067,0.0047,2.298507,1.432836,,498960,,original,raw_double,false,,,1,0,exact_abs_or_rel,SKIP
mk12-b5.mtx,cusparse_default,cusparse_csr,external_baseline,ok,none,external_baseline,0.0154,0.0123,1.000000,0.623377,,498960,291064,original,original,false,,,true,0,exact_abs_or_rel,SKIP
model5.mtx,original_lb,original_lb,load_balanced_traversal,ok,none,promoted_fallback,0.0097,0.0088,1.525773,1.000000,,719400,201216,original,original,false,0,0,true,0,exact_abs_or_rel,SKIP
model5.mtx,auto_lossless_lb,original_lb,load_balanced_traversal,ok,none,promoted_fallback,0.0105,0.0094,1.409524,0.923810,,719400,201216,auto_lossless,original,true,5490,719400,true,0,exact_abs_or_rel,SKIP
model5.mtx,fp16_lb,fp16_lb,controlled_lossy_value_specialized,ok,none,accuracy_pass_runtime_loss,0.0099,0.0091,1.494949,0.979798,,179850,201216,fp16,fp16,false,0,0,false,0,spmv_max_rel,SKIP
model5.mtx,bf16_lb,bf16_lb,controlled_lossy_value_specialized,ok,none,accuracy_pass_runtime_win,0.0095,0.0089,1.557895,1.021053,,179850,201216,bf16,bf16,false,0,0,false,0,spmv_max_rel,SKIP
model5.mtx,bfp8_lb,bfp8_lb,controlled_lossy_value_specialized,ok,none,accuracy_pass_runtime_win,0.0088,0.0076,1.681818,1.102273,,140229,201216,bfp8,bfp8,false,0,0,false,0,spmv_max_rel,SKIP
model5.mtx,bfp8_outlier_lb,bfp8_outlier_lb,controlled_lossy_value_specialized,ok,none,accuracy_pass_runtime_loss,0.0127,0.0113,1.165354,0.763780,,147397,201216,bfp8_outlier,bfp8_outlier,false,0,0,false,0,spmv_max_rel,SKIP
model5.mtx,bfp4_lb,bfp4_lb,controlled_lossy_value_specialized,ok,none,accuracy_pass_runtime_loss,0.0140,0.0128,1.057143,0.692857,,95267,201216,bfp4,bfp4,false,0,0,false,0,spmv_max_rel,SKIP
model5.mtx,hybrid_lb,hybrid_lb,structural_hybrid,ok,none,promoted_fallback,0.0123,0.0108,1.203252,0.788618,,719400,,original,raw_double,false,,,1,0,exact_abs_or_rel,SKIP
model5.mtx,cusparse_default,cusparse_csr,external_baseline,ok,none,external_baseline,0.0148,0.0123,1.000000,0.655405,,719400,367256,original,original,false,,,true,0,exact_abs_or_rel,SKIP
msc00726.mtx,original_lb,original_lb,load_balanced_traversal,ok,none,promoted_fallback,0.0088,0.0077,1.590909,1.000000,,276144,27216,original,original,false,0,0,true,0,exact_abs_or_rel,SKIP
msc00726.mtx,auto_lossless_lb,dict256_u8_lb,lossless_value_specialized,ok,none,accuracy_pass_runtime_loss,0.0102,0.0089,1.372549,0.862745,,109544,27216,auto_lossless,dict256_u8,true,85,109544,true,85,exact_abs_or_rel,SKIP
msc00726.mtx,fp16_lb,fp16_lb,controlled_lossy_value_specialized,ok,none,accuracy_pass_runtime_loss,0.0095,0.0076,1.473684,0.926316,,69036,27216,fp16,fp16,false,0,0,false,0,spmv_max_rel,SKIP
msc00726.mtx,bf16_lb,bf16_lb,controlled_lossy_value_specialized,ok,none,accuracy_pass_runtime_loss,0.0098,0.0082,1.428571,0.897959,,69036,27216,bf16,bf16,false,0,0,false,0,spmv_max_rel,SKIP
msc00726.mtx,bfp8_lb,bfp8_lb,controlled_lossy_value_specialized,ok,none,accuracy_pass_runtime_loss,0.0091,0.0084,1.538462,0.967033,,41322,27216,bfp8,bfp8,false,0,0,false,0,spmv_max_rel,SKIP
msc00726.mtx,bfp8_outlier_lb,bfp8_outlier_lb,controlled_lossy_value_specialized,ok,none,accuracy_pass_runtime_loss,0.0119,0.0103,1.176471,0.739496,,42618,27216,bfp8_outlier,bfp8_outlier,false,0,0,false,0,spmv_max_rel,SKIP
msc00726.mtx,bfp4_lb,bfp4_lb,controlled_lossy_value_specialized,ok,none,accuracy_pass_runtime_loss,0.0128,0.0116,1.093750,0.687500,,24063,27216,bfp4,bfp4,false,0,0,false,0,spmv_max_rel,SKIP
msc00726.mtx,hybrid_lb,hybrid_lb,structural_hybrid,ok,none,promoted_fallback,0.0113,0.0096,1.238938,0.778761,,276144,,original,raw_double,false,,,1,0,exact_abs_or_rel,SKIP
msc00726.mtx,cusparse_default,cusparse_csr,external_baseline,ok,none,external_baseline,0.0140,0.0102,1.000000,0.628571,,276144,140980,original,original,false,,,true,0,exact_abs_or_rel,SKIP
mycielskian13.mtx,original_lb,original_lb,load_balanced_traversal,ok,none,promoted_fallback,0.0132,0.0121,1.545455,1.000000,,9821936,1284976,original,original,false,0,0,true,0,exact_abs_or_rel,SKIP
mycielskian13.mtx,auto_lossless_lb,all_one_lb,lossless_value_specialized,ok,none,accuracy_pass_runtime_loss,0.0138,0.0124,1.478261,0.956522,,0,1284976,auto_lossless,all_one,true,1,0,true,0,exact_abs_or_rel,SKIP
mycielskian13.mtx,fp16_lb,fp16_lb,controlled_lossy_value_specialized,ok,none,accuracy_pass_runtime_loss,0.0134,0.0110,1.522388,0.985075,,2455484,1284976,fp16,fp16,false,0,0,false,0,spmv_max_rel,SKIP
mycielskian13.mtx,bf16_lb,bf16_lb,controlled_lossy_value_specialized,ok,none,accuracy_pass_runtime_win,0.0131,0.0106,1.557252,1.007634,,2455484,1284976,bf16,bf16,false,0,0,false,0,spmv_max_rel,SKIP
mycielskian13.mtx,bfp8_lb,bfp8_lb,controlled_lossy_value_specialized,ok,none,accuracy_pass_runtime_win,0.0128,0.0106,1.593750,1.031250,,1548986,1284976,bfp8,bfp8,false,0,0,false,0,spmv_max_rel,SKIP
mycielskian13.mtx,bfp8_outlier_lb,bfp8_outlier_lb,controlled_lossy_value_specialized,ok,none,accuracy_pass_runtime_win,0.0127,0.0114,1.606299,1.039370,,1548986,1284976,bfp8_outlier,bfp8_outlier,false,0,0,false,0,spmv_max_rel,SKIP
mycielskian13.mtx,bfp4_lb,bfp4_lb,controlled_lossy_value_specialized,ok,none,accuracy_pass_runtime_loss,0.0154,0.0139,1.324675,0.857143,,935115,1284976,bfp4,bfp4,false,0,0,false,0,spmv_max_rel,SKIP
mycielskian13.mtx,hybrid_lb,hybrid_lb,structural_hybrid,ok,none,promoted_fallback,0.0178,0.0162,1.146067,0.741573,,9821936,,original,raw_double,false,,,1,0,exact_abs_or_rel,SKIP
mycielskian13.mtx,cusparse_default,cusparse_csr,external_baseline,ok,none,external_baseline,0.0204,0.0184,1.000000,0.647059,,9821936,4935544,original,original,false,,,true,0,exact_abs_or_rel,SKIP
mycielskian3.mtx,original_lb,original_lb,load_balanced_traversal,ok,none,promoted_fallback,0.0050,0.0034,2.220000,1.000000,,80,16,original,original,false,0,0,true,0,exact_abs_or_rel,SKIP
mycielskian3.mtx,auto_lossless_lb,all_one_lb,lossless_value_specialized,ok,none,accuracy_pass_runtime_loss,0.0061,0.0051,1.819672,0.819672,,0,16,auto_lossless,all_one,true,1,0,true,0,exact_abs_or_rel,SKIP
mycielskian3.mtx,fp16_lb,fp16_lb,controlled_lossy_value_specialized,ok,none,accuracy_pass_runtime_loss,0.0061,0.0053,1.819672,0.819672,,20,16,fp16,fp16,false,0,0,false,0,spmv_max_rel,SKIP
mycielskian3.mtx,bf16_lb,bf16_lb,controlled_lossy_value_specialized,ok,none,accuracy_pass_runtime_loss,0.0053,0.0044,2.094340,0.943396,,20,16,bf16,bf16,false,0,0,false,0,spmv_max_rel,SKIP
mycielskian3.mtx,bfp8_lb,bfp8_lb,controlled_lossy_value_specialized,ok,none,accuracy_pass_runtime_loss,0.0055,0.0050,2.018182,0.909091,,14,16,bfp8,bfp8,false,0,0,false,0,spmv_max_rel,SKIP
mycielskian3.mtx,bfp8_outlier_lb,bfp8_outlier_lb,controlled_lossy_value_specialized,ok,none,accuracy_pass_runtime_loss,0.0051,0.0038,2.176471,0.980392,,14,16,bfp8_outlier,bfp8_outlier,false,0,0,false,0,spmv_max_rel,SKIP
mycielskian3.mtx,bfp4_lb,bfp4_lb,controlled_lossy_value_specialized,ok,none,accuracy_pass_runtime_win,0.0046,0.0036,2.413043,1.086957,,9,16,bfp4,bfp4,false,0,0,false,0,spmv_max_rel,SKIP
mycielskian3.mtx,hybrid_lb,hybrid_lb,structural_hybrid,ok,none,promoted_fallback,0.0063,0.0038,1.761905,0.793651,,80,,original,raw_double,false,,,1,0,exact_abs_or_rel,SKIP
mycielskian3.mtx,cusparse_default,cusparse_csr,external_baseline,ok,none,external_baseline,0.0111,0.0082,1.000000,0.450450,,80,64,original,original,false,,,true,0,exact_abs_or_rel,SKIP
n2c6-b4.mtx,original_lb,original_lb,load_balanced_traversal,ok,none,promoted_fallback,0.0070,0.0053,2.028571,1.000000,,120120,31456,original,original,false,0,0,true,0,exact_abs_or_rel,SKIP
n2c6-b4.mtx,auto_lossless_lb,sign2_lb,lossless_value_specialized,ok,none,accuracy_pass_runtime_win,0.0067,0.0050,2.119403,1.044776,,15728,31456,auto_lossless,sign2,true,2,15728,true,0,exact_abs_or_rel,SKIP
n2c6-b4.mtx,fp16_lb,fp16_lb,controlled_lossy_value_specialized,ok,none,accuracy_pass_runtime_loss,0.0072,0.0053,1.972222,0.972222,,30030,31456,fp16,fp16,false,0,0,false,0,spmv_max_rel,SKIP
n2c6-b4.mtx,bf16_lb,bf16_lb,controlled_lossy_value_specialized,ok,none,accuracy_pass_runtime_loss,0.0077,0.0052,1.844156,0.909091,,30030,31456,bf16,bf16,false,0,0,false,0,spmv_max_rel,SKIP
n2c6-b4.mtx,bfp8_lb,bfp8_lb,controlled_lossy_value_specialized,ok,none,accuracy_pass_runtime_win,0.0066,0.0051,2.151515,1.060606,,22879,31456,bfp8,bfp8,false,0,0,false,0,spmv_max_rel,SKIP
n2c6-b4.mtx,bfp8_outlier_lb,bfp8_outlier_lb,controlled_lossy_value_specialized,ok,none,accuracy_pass_runtime_loss,0.0075,0.0065,1.893333,0.933333,,22879,31456,bfp8_outlier,bfp8_outlier,false,0,0,false,0,spmv_max_rel,SKIP
n2c6-b4.mtx,bfp4_lb,bfp4_lb,controlled_lossy_value_specialized,ok,none,accuracy_pass_runtime_loss,0.0084,0.0076,1.690476,0.833333,,15372,31456,bfp4,bfp4,false,0,0,false,0,spmv_max_rel,SKIP
n2c6-b4.mtx,hybrid_lb,hybrid_lb,structural_hybrid,ok,none,promoted_fallback,0.0058,0.0045,2.448276,1.206897,,120120,,original,raw_double,false,,,1,0,exact_abs_or_rel,SKIP
n2c6-b4.mtx,cusparse_default,cusparse_csr,external_baseline,ok,none,external_baseline,0.0142,0.0123,1.000000,0.492958,,120120,72076,original,original,false,,,true,0,exact_abs_or_rel,SKIP
n3c4-b3.mtx,original_lb,original_lb,load_balanced_traversal,ok,none,promoted_fallback,0.0053,0.0045,2.132075,1.000000,,480,72,original,original,false,0,0,true,0,exact_abs_or_rel,SKIP
n3c4-b3.mtx,auto_lossless_lb,sign2_lb,lossless_value_specialized,ok,none,accuracy_pass_runtime_loss,0.0054,0.0045,2.092593,0.981481,,36,72,auto_lossless,sign2,true,2,36,true,0,exact_abs_or_rel,SKIP
n3c4-b3.mtx,fp16_lb,fp16_lb,controlled_lossy_value_specialized,ok,none,accuracy_pass_runtime_loss,0.0057,0.0045,1.982456,0.929825,,120,72,fp16,fp16,false,0,0,false,0,spmv_max_rel,SKIP
n3c4-b3.mtx,bf16_lb,bf16_lb,controlled_lossy_value_specialized,ok,none,accuracy_pass_runtime_loss,0.0059,0.0054,1.915254,0.898305,,120,72,bf16,bf16,false,0,0,false,0,spmv_max_rel,SKIP
n3c4-b3.mtx,bfp8_lb,bfp8_lb,controlled_lossy_value_specialized,ok,none,accuracy_pass_runtime_win,0.0051,0.0038,2.215686,1.039216,,78,72,bfp8,bfp8,false,0,0,false,0,spmv_max_rel,SKIP
n3c4-b3.mtx,bfp8_outlier_lb,bfp8_outlier_lb,controlled_lossy_value_specialized,ok,none,accuracy_pass_runtime_loss,0.0055,0.0039,2.054545,0.963636,,78,72,bfp8_outlier,bfp8_outlier,false,0,0,false,0,spmv_max_rel,SKIP
n3c4-b3.mtx,bfp4_lb,bfp4_lb,controlled_lossy_value_specialized,ok,none,accuracy_pass_runtime_loss,0.0065,0.0045,1.738462,0.815385,,48,72,bfp4,bfp4,false,0,0,false,0,spmv_max_rel,SKIP
n3c4-b3.mtx,hybrid_lb,hybrid_lb,structural_hybrid,ok,none,promoted_fallback,0.0056,0.0045,2.017857,0.946429,,480,,original,raw_double,false,,,1,0,exact_abs_or_rel,SKIP
n3c4-b3.mtx,cusparse_default,cusparse_csr,external_baseline,ok,none,external_baseline,0.0113,0.0082,1.000000,0.469027,,480,304,original,original,false,,,true,0,exact_abs_or_rel,SKIP
n3c5-b7.mtx,original_lb,original_lb,load_balanced_traversal,ok,none,promoted_fallback,0.0069,0.0052,1.652174,1.000000,,1920,512,original,original,false,0,0,true,0,exact_abs_or_rel,SKIP
n3c5-b7.mtx,auto_lossless_lb,sign2_lb,lossless_value_specialized,ok,none,accuracy_pass_runtime_loss,0.0083,0.0072,1.373494,0.831325,,256,512,auto_lossless,sign2,true,2,256,true,0,exact_abs_or_rel,SKIP
n3c5-b7.mtx,fp16_lb,fp16_lb,controlled_lossy_value_specialized,ok,none,accuracy_pass_runtime_loss,0.0071,0.0067,1.605634,0.971831,,480,512,fp16,fp16,false,0,0,false,0,spmv_max_rel,SKIP
n3c5-b7.mtx,bf16_lb,bf16_lb,controlled_lossy_value_specialized,ok,none,accuracy_pass_runtime_loss,0.0072,0.0066,1.583333,0.958333,,480,512,bf16,bf16,false,0,0,false,0,spmv_max_rel,SKIP
n3c5-b7.mtx,bfp8_lb,bfp8_lb,controlled_lossy_value_specialized,ok,none,accuracy_pass_runtime_loss,0.0069,0.0053,1.652174,1.000000,,368,512,bfp8,bfp8,false,0,0,false,0,spmv_max_rel,SKIP
n3c5-b7.mtx,bfp8_outlier_lb,bfp8_outlier_lb,controlled_lossy_value_specialized,ok,none,accuracy_pass_runtime_loss,0.0070,0.0053,1.628571,0.985714,,368,512,bfp8_outlier,bfp8_outlier,false,0,0,false,0,spmv_max_rel,SKIP
n3c5-b7.mtx,bfp4_lb,bfp4_lb,controlled_lossy_value_specialized,ok,none,accuracy_pass_runtime_loss,0.0091,0.0073,1.252747,0.758242,,248,512,bfp4,bfp4,false,0,0,false,0,spmv_max_rel,SKIP
n3c5-b7.mtx,hybrid_lb,hybrid_lb,structural_hybrid,ok,none,promoted_fallback,0.0059,0.0046,1.932203,1.169492,,1920,,original,raw_double,false,,,1,0,exact_abs_or_rel,SKIP
n3c5-b7.mtx,cusparse_default,cusparse_csr,external_baseline,ok,none,external_baseline,0.0114,0.0082,1.000000,0.605263,,1920,1084,original,original,false,,,true,0,exact_abs_or_rel,SKIP
n3c6-b6.mtx,original_lb,original_lb,load_balanced_traversal,ok,none,promoted_fallback,0.0070,0.0058,2.042857,1.000000,,360360,101992,original,original,false,0,0,true,0,exact_abs_or_rel,SKIP
n3c6-b6.mtx,auto_lossless_lb,sign2_lb,lossless_value_specialized,ok,none,accuracy_pass_runtime_loss,0.0075,0.0062,1.906667,0.933333,,50996,101992,auto_lossless,sign2,true,2,50996,true,0,exact_abs_or_rel,SKIP
n3c6-b6.mtx,fp16_lb,fp16_lb,controlled_lossy_value_specialized,ok,none,accuracy_pass_runtime_loss,0.0072,0.0065,1.986111,0.972222,,90090,101992,fp16,fp16,false,0,0,false,0,spmv_max_rel,SKIP
n3c6-b6.mtx,bf16_lb,bf16_lb,controlled_lossy_value_specialized,ok,none,accuracy_pass_runtime_loss,0.0072,0.0062,1.986111,0.972222,,90090,101992,bf16,bf16,false,0,0,false,0,spmv_max_rel,SKIP
n3c6-b6.mtx,bfp8_lb,bfp8_lb,controlled_lossy_value_specialized,ok,none,accuracy_pass_runtime_loss,0.0070,0.0065,2.042857,1.000000,,70543,101992,bfp8,bfp8,false,0,0,false,0,spmv_max_rel,SKIP
n3c6-b6.mtx,bfp8_outlier_lb,bfp8_outlier_lb,controlled_lossy_value_specialized,ok,none,accuracy_pass_runtime_loss,0.0074,0.0066,1.932432,0.945946,,70543,101992,bfp8_outlier,bfp8_outlier,false,0,0,false,0,spmv_max_rel,SKIP
n3c6-b6.mtx,bfp4_lb,bfp4_lb,controlled_lossy_value_specialized,ok,none,accuracy_pass_runtime_loss,0.0096,0.0089,1.489583,0.729167,,48021,101992,bfp4,bfp4,false,0,0,false,0,spmv_max_rel,SKIP
n3c6-b6.mtx,hybrid_lb,hybrid_lb,structural_hybrid,ok,none,promoted_fallback,0.0068,0.0043,2.102941,1.029412,,360360,,original,raw_double,false,,,1,0,exact_abs_or_rel,SKIP
n3c6-b6.mtx,cusparse_default,cusparse_csr,external_baseline,ok,none,external_baseline,0.0143,0.0123,1.000000,0.489510,,360360,205924,original,original,false,,,true,0,exact_abs_or_rel,SKIP
n4c5-b3.mtx,original_lb,original_lb,load_balanced_traversal,ok,none,promoted_fallback,0.0058,0.0045,2.396552,1.000000,,43200,10376,original,original,false,0,0,true,0,exact_abs_or_rel,SKIP
n4c5-b3.mtx,auto_lossless_lb,sign2_lb,lossless_value_specialized,ok,none,accuracy_pass_runtime_loss,0.0074,0.0052,1.878378,0.783784,,5188,10376,auto_lossless,sign2,true,2,5188,true,0,exact_abs_or_rel,SKIP
n4c5-b3.mtx,fp16_lb,fp16_lb,controlled_lossy_value_specialized,ok,none,accuracy_pass_runtime_loss,0.0074,0.0065,1.878378,0.783784,,10800,10376,fp16,fp16,false,0,0,false,0,spmv_max_rel,SKIP
n4c5-b3.mtx,bf16_lb,bf16_lb,controlled_lossy_value_specialized,ok,none,accuracy_pass_runtime_loss,0.0073,0.0050,1.904110,0.794521,,10800,10376,bf16,bf16,false,0,0,false,0,spmv_max_rel,SKIP
n4c5-b3.mtx,bfp8_lb,bfp8_lb,controlled_lossy_value_specialized,ok,none,accuracy_pass_runtime_loss,0.0065,0.0055,2.138462,0.892308,,7994,10376,bfp8,bfp8,false,0,0,false,0,spmv_max_rel,SKIP
n4c5-b3.mtx,bfp8_outlier_lb,bfp8_outlier_lb,controlled_lossy_value_specialized,ok,none,accuracy_pass_runtime_loss,0.0059,0.0038,2.355932,0.983051,,7994,10376,bfp8_outlier,bfp8_outlier,false,0,0,false,0,spmv_max_rel,SKIP
n4c5-b3.mtx,bfp4_lb,bfp4_lb,controlled_lossy_value_specialized,ok,none,accuracy_pass_runtime_loss,0.0084,0.0080,1.654762,0.690476,,5294,10376,bfp4,bfp4,false,0,0,false,0,spmv_max_rel,SKIP
n4c5-b3.mtx,hybrid_lb,hybrid_lb,structural_hybrid,ok,none,promoted_fallback,0.0088,0.0070,1.579545,0.659091,,43200,,original,raw_double,false,,,1,0,exact_abs_or_rel,SKIP
n4c5-b3.mtx,cusparse_default,cusparse_csr,external_baseline,ok,none,external_baseline,0.0139,0.0123,1.000000,0.417266,,43200,27004,original,original,false,,,true,0,exact_abs_or_rel,SKIP
n4c6-b13.mtx,original_lb,original_lb,load_balanced_traversal,ok,none,promoted_fallback,0.0094,0.0083,1.436170,1.000000,,705600,264832,original,original,false,0,0,true,0,exact_abs_or_rel,SKIP
n4c6-b13.mtx,auto_lossless_lb,sign2_lb,lossless_value_specialized,ok,none,accuracy_pass_runtime_loss,0.0111,0.0096,1.216216,0.846847,,132416,264832,auto_lossless,sign2,true,2,132416,true,0,exact_abs_or_rel,SKIP
n4c6-b13.mtx,fp16_lb,fp16_lb,controlled_lossy_value_specialized,ok,none,accuracy_pass_runtime_win,0.0091,0.0084,1.483516,1.032967,,176400,264832,fp16,fp16,false,0,0,false,0,spmv_max_rel,SKIP
n4c6-b13.mtx,bf16_lb,bf16_lb,controlled_lossy_value_specialized,ok,none,accuracy_pass_runtime_loss,0.0103,0.0088,1.310680,0.912621,,176400,264832,bf16,bf16,false,0,0,false,0,spmv_max_rel,SKIP
n4c6-b13.mtx,bfp8_lb,bfp8_lb,controlled_lossy_value_specialized,ok,none,accuracy_pass_runtime_win,0.0089,0.0085,1.516854,1.056180,,154408,264832,bfp8,bfp8,false,0,0,false,0,spmv_max_rel,SKIP
n4c6-b13.mtx,bfp8_outlier_lb,bfp8_outlier_lb,controlled_lossy_value_specialized,ok,none,accuracy_pass_runtime_win,0.0091,0.0081,1.483516,1.032967,,154408,264832,bfp8_outlier,bfp8_outlier,false,0,0,false,0,spmv_max_rel,SKIP
n4c6-b13.mtx,bfp4_lb,bfp4_lb,controlled_lossy_value_specialized,ok,none,accuracy_pass_runtime_loss,0.0130,0.0112,1.038462,0.723077,,110308,264832,bfp4,bfp4,false,0,0,false,0,spmv_max_rel,SKIP
n4c6-b13.mtx,hybrid_lb,hybrid_lb,structural_hybrid,ok,none,promoted_fallback,0.0073,0.0061,1.849315,1.287671,,705600,,original,raw_double,false,,,1,0,exact_abs_or_rel,SKIP
n4c6-b13.mtx,cusparse_default,cusparse_csr,external_baseline,ok,none,external_baseline,0.0135,0.0120,1.000000,0.696296,,705600,378004,original,original,false,,,true,0,exact_abs_or_rel,SKIP
nasa1824.mtx,original_lb,original_lb,load_balanced_traversal,ok,none,promoted_fallback,0.0089,0.0073,1.561798,1.000000,,313664,35040,original,original,false,0,0,true,0,exact_abs_or_rel,SKIP
nasa1824.mtx,auto_lossless_lb,original_lb,load_balanced_traversal,ok,none,promoted_fallback,0.0091,0.0075,1.527473,0.978022,,313664,35040,auto_lossless,original,true,10516,313664,true,0,exact_abs_or_rel,SKIP
nasa1824.mtx,fp16_lb,fp16_lb,controlled_lossy_value_specialized,ok,none,accuracy_pass_runtime_win,0.0086,0.0073,1.616279,1.034884,,78416,35040,fp16,fp16,false,0,0,false,0,spmv_max_rel,SKIP
nasa1824.mtx,bf16_lb,bf16_lb,controlled_lossy_value_specialized,ok,none,accuracy_pass_runtime_win,0.0087,0.0076,1.597701,1.022989,,78416,35040,bf16,bf16,false,0,0,false,0,spmv_max_rel,SKIP
nasa1824.mtx,bfp8_lb,bfp8_lb,controlled_lossy_value_specialized,ok,none,accuracy_pass_runtime_loss,0.0096,0.0082,1.447917,0.927083,,47968,35040,bfp8,bfp8,false,0,0,false,0,spmv_max_rel,SKIP
nasa1824.mtx,bfp8_outlier_lb,bfp8_outlier_lb,controlled_lossy_value_specialized,ok,none,accuracy_pass_runtime_loss,0.0119,0.0103,1.168067,0.747899,,51088,35040,bfp8_outlier,bfp8_outlier,false,0,0,false,0,spmv_max_rel,SKIP
nasa1824.mtx,bfp4_lb,bfp4_lb,controlled_lossy_value_specialized,ok,none,accuracy_pass_runtime_loss,0.0132,0.0116,1.053030,0.674242,,28364,35040,bfp4,bfp4,false,0,0,false,0,spmv_max_rel,SKIP
nasa1824.mtx,hybrid_lb,hybrid_lb,structural_hybrid,ok,none,promoted_fallback,0.0084,0.0064,1.654762,1.059524,,313664,,original,raw_double,false,,,1,0,exact_abs_or_rel,SKIP
nasa1824.mtx,cusparse_default,cusparse_csr,external_baseline,ok,none,external_baseline,0.0139,0.0102,1.000000,0.640288,,313664,164132,original,original,false,,,true,0,exact_abs_or_rel,SKIP
ncvxqp9.mtx,original_lb,original_lb,load_balanced_traversal,ok,none,promoted_fallback,0.0080,0.0066,2.112500,1.000000,,432320,248688,original,original,false,0,0,true,0,exact_abs_or_rel,SKIP
ncvxqp9.mtx,auto_lossless_lb,original_lb,load_balanced_traversal,ok,none,promoted_fallback,0.0090,0.0073,1.877778,0.888889,,432320,248688,auto_lossless,original,true,8911,432320,true,0,exact_abs_or_rel,SKIP
ncvxqp9.mtx,fp16_lb,fp16_lb,controlled_lossy_value_specialized,ok,none,accuracy_pass_runtime_loss,0.0086,0.0070,1.965116,0.930233,,108080,248688,fp16,fp16,false,0,0,false,0,spmv_max_rel,SKIP
ncvxqp9.mtx,bf16_lb,bf16_lb,controlled_lossy_value_specialized,ok,none,accuracy_pass_runtime_loss,0.0085,0.0070,1.988235,0.941176,,108080,248688,bf16,bf16,false,0,0,false,0,spmv_max_rel,SKIP
ncvxqp9.mtx,bfp8_lb,bfp8_lb,controlled_lossy_value_specialized,ok,none,accuracy_pass_runtime_loss,0.0083,0.0068,2.036145,0.963855,,116212,248688,bfp8,bfp8,false,0,0,false,0,spmv_max_rel,SKIP
ncvxqp9.mtx,bfp8_outlier_lb,bfp8_outlier_lb,controlled_lossy_value_specialized,ok,none,accuracy_pass_runtime_loss,0.0115,0.0086,1.469565,0.695652,,120532,248688,bfp8_outlier,bfp8_outlier,false,0,0,false,0,spmv_max_rel,SKIP
ncvxqp9.mtx,bfp4_lb,bfp4_lb,controlled_lossy_value_specialized,ok,none,accuracy_pass_runtime_loss,0.0099,0.0088,1.707071,0.808081,,89192,248688,bfp4,bfp4,false,0,0,false,0,spmv_max_rel,SKIP
ncvxqp9.mtx,hybrid_lb,hybrid_lb,structural_hybrid,ok,none,promoted_fallback,0.0064,0.0045,2.640625,1.250000,,432320,,original,raw_double,false,,,1,0,exact_abs_or_rel,SKIP
ncvxqp9.mtx,cusparse_default,cusparse_csr,external_baseline,ok,none,external_baseline,0.0169,0.0123,1.000000,0.473373,,432320,282380,original,original,false,,,true,0,exact_abs_or_rel,SKIP
nemeth04.mtx,original_lb,original_lb,load_balanced_traversal,ok,none,promoted_fallback,0.0075,0.0063,1.933333,1.000000,,3158464,178816,original,original,false,0,0,true,0,exact_abs_or_rel,SKIP
nemeth04.mtx,auto_lossless_lb,original_lb,load_balanced_traversal,ok,none,promoted_fallback,0.0113,0.0105,1.283186,0.663717,,3158464,178816,auto_lossless,original,true,193891,3158464,true,0,exact_abs_or_rel,SKIP
nemeth04.mtx,fp16_lb,fp16_lb,controlled_lossy_value_specialized,ok,none,accuracy_pass_runtime_loss,0.0076,0.0066,1.907895,0.986842,,789616,178816,fp16,fp16,false,0,0,false,0,spmv_max_rel,SKIP
nemeth04.mtx,bf16_lb,bf16_lb,controlled_lossy_value_specialized,ok,none,accuracy_pass_runtime_loss,0.0076,0.0064,1.907895,0.986842,,789616,178816,bf16,bf16,false,0,0,false,0,spmv_max_rel,SKIP
nemeth04.mtx,bfp8_lb,bfp8_lb,controlled_lossy_value_specialized,ok,none,accuracy_pass_runtime_loss,0.0083,0.0072,1.746988,0.903614,,439512,178816,bfp8,bfp8,false,0,0,false,0,spmv_max_rel,SKIP
nemeth04.mtx,bfp8_outlier_lb,bfp8_outlier_lb,controlled_lossy_value_specialized,ok,none,accuracy_pass_runtime_loss,0.0104,0.0085,1.394231,0.721154,,471096,178816,bfp8_outlier,bfp8_outlier,false,0,0,false,0,spmv_max_rel,SKIP
nemeth04.mtx,bfp4_lb,bfp4_lb,controlled_lossy_value_specialized,ok,none,accuracy_pass_runtime_loss,0.0099,0.0084,1.464646,0.757576,,242108,178816,bfp4,bfp4,false,0,0,false,0,spmv_max_rel,SKIP
nemeth04.mtx,hybrid_lb,hybrid_lb,structural_hybrid,ok,none,promoted_fallback,0.0087,0.0065,1.666667,0.862069,,3158464,,original,raw_double,false,,,1,0,exact_abs_or_rel,SKIP
nemeth04.mtx,cusparse_default,cusparse_csr,external_baseline,ok,none,external_baseline,0.0145,0.0102,1.000000,0.517241,,3158464,1617260,original,original,false,,,true,0,exact_abs_or_rel,SKIP
nemeth12.mtx,original_lb,original_lb,load_balanced_traversal,ok,none,promoted_fallback,0.0080,0.0065,1.775000,1.000000,,3574544,183800,original,original,false,0,0,true,0,exact_abs_or_rel,SKIP
nemeth12.mtx,auto_lossless_lb,original_lb,load_balanced_traversal,ok,none,promoted_fallback,0.0093,0.0084,1.526882,0.860215,,3574544,183800,auto_lossless,original,true,225432,3574544,true,0,exact_abs_or_rel,SKIP
nemeth12.mtx,fp16_lb,fp16_lb,controlled_lossy_value_specialized,ok,none,accuracy_pass_runtime_loss,0.0097,0.0068,1.463918,0.824742,,893636,183800,fp16,fp16,false,0,0,false,0,spmv_max_rel,SKIP
nemeth12.mtx,bf16_lb,bf16_lb,controlled_lossy_value_specialized,ok,none,accuracy_pass_runtime_loss,0.0085,0.0066,1.670588,0.941176,,893636,183800,bf16,bf16,false,0,0,false,0,spmv_max_rel,SKIP
nemeth12.mtx,bfp8_lb,bfp8_lb,controlled_lossy_value_specialized,ok,none,accuracy_pass_runtime_loss,0.0106,0.0090,1.339623,0.754717,,492768,183800,bfp8,bfp8,false,0,0,false,0,spmv_max_rel,SKIP
nemeth12.mtx,bfp8_outlier_lb,bfp8_outlier_lb,controlled_lossy_value_specialized,ok,none,accuracy_pass_runtime_loss,0.0115,0.0091,1.234783,0.695652,,528512,183800,bfp8_outlier,bfp8_outlier,false,0,0,false,0,spmv_max_rel,SKIP
nemeth12.mtx,bfp4_lb,bfp4_lb,controlled_lossy_value_specialized,ok,none,accuracy_pass_runtime_loss,0.0108,0.0090,1.314815,0.740741,,269359,183800,bfp4,bfp4,false,0,0,false,0,spmv_max_rel,SKIP
nemeth12.mtx,hybrid_lb,hybrid_lb,structural_hybrid,ok,none,promoted_fallback,0.0100,0.0081,1.420000,0.800000,,3574544,,original,raw_double,false,,,1,0,exact_abs_or_rel,SKIP
nemeth12.mtx,cusparse_default,cusparse_csr,external_baseline,ok,none,external_baseline,0.0142,0.0102,1.000000,0.563380,,3574544,1825300,original,original,false,,,true,0,exact_abs_or_rel,SKIP
nemeth20.mtx,original_lb,original_lb,load_balanced_traversal,ok,none,promoted_fallback,0.0091,0.0084,2.098901,1.000000,,7774960,328640,original,original,false,0,0,true,0,exact_abs_or_rel,SKIP
nemeth20.mtx,auto_lossless_lb,original_lb,load_balanced_traversal,ok,none,promoted_fallback,0.0107,0.0098,1.785047,0.850467,,7774960,328640,auto_lossless,original,true,490688,7774960,true,0,exact_abs_or_rel,SKIP
nemeth20.mtx,fp16_lb,fp16_lb,controlled_lossy_value_specialized,ok,none,accuracy_pass_runtime_loss,0.0095,0.0086,2.010526,0.957895,,1943740,328640,fp16,fp16,false,0,0,false,0,spmv_max_rel,SKIP
nemeth20.mtx,bf16_lb,bf16_lb,controlled_lossy_value_specialized,ok,none,accuracy_pass_runtime_loss,0.0112,0.0097,1.705357,0.812500,,1943740,328640,bf16,bf16,false,0,0,false,0,spmv_max_rel,SKIP
nemeth20.mtx,bfp8_lb,bfp8_lb,controlled_lossy_value_specialized,ok,none,accuracy_pass_runtime_loss,0.0109,0.0084,1.752294,0.834862,,1054030,328640,bfp8,bfp8,false,0,0,false,0,spmv_max_rel,SKIP
nemeth20.mtx,bfp8_outlier_lb,bfp8_outlier_lb,controlled_lossy_value_specialized,ok,none,accuracy_pass_runtime_loss,0.0121,0.0103,1.578512,0.752066,,1131758,328640,bfp8_outlier,bfp8_outlier,false,0,0,false,0,spmv_max_rel,SKIP
nemeth20.mtx,bfp4_lb,bfp4_lb,controlled_lossy_value_specialized,ok,none,accuracy_pass_runtime_loss,0.0144,0.0132,1.326389,0.631944,,568095,328640,bfp4,bfp4,false,0,0,false,0,spmv_max_rel,SKIP
nemeth20.mtx,hybrid_lb,hybrid_lb,structural_hybrid,ok,none,promoted_fallback,0.0118,0.0108,1.618644,0.771186,,7774960,,original,raw_double,false,,,1,0,exact_abs_or_rel,SKIP
nemeth20.mtx,cusparse_default,cusparse_csr,external_baseline,ok,none,external_baseline,0.0191,0.0164,1.000000,0.476440,,7774960,3925508,original,original,false,,,true,0,exact_abs_or_rel,SKIP
nemsemm2.mtx,original_lb,original_lb,load_balanced_traversal,ok,none,promoted_fallback,0.0101,0.0091,1.386139,1.000000,,1456096,329872,original,original,false,0,0,true,0,exact_abs_or_rel,SKIP
nemsemm2.mtx,auto_lossless_lb,original_lb,load_balanced_traversal,ok,none,promoted_fallback,0.0110,0.0097,1.272727,0.918182,,1456096,329872,auto_lossless,original,true,5373,1456096,true,0,exact_abs_or_rel,SKIP
nemsemm2.mtx,fp16_lb,fp16_lb,controlled_lossy_value_specialized,ok,none,accuracy_pass_runtime_win,0.0100,0.0089,1.400000,1.010000,,364024,329872,fp16,fp16,false,0,0,false,0,spmv_max_rel,SKIP
nemsemm2.mtx,bf16_lb,bf16_lb,controlled_lossy_value_specialized,ok,none,accuracy_pass_runtime_loss,0.0104,0.0093,1.346154,0.971154,,364024,329872,bf16,bf16,false,0,0,false,0,spmv_max_rel,SKIP
nemsemm2.mtx,bfp8_lb,bfp8_lb,controlled_lossy_value_specialized,ok,none,accuracy_pass_runtime_loss,0.0111,0.0091,1.261261,0.909910,,264480,329872,bfp8,bfp8,false,0,0,false,0,spmv_max_rel,SKIP
nemsemm2.mtx,bfp8_outlier_lb,bfp8_outlier_lb,controlled_lossy_value_specialized,ok,none,accuracy_pass_runtime_loss,0.0118,0.0105,1.186441,0.855932,,279040,329872,bfp8_outlier,bfp8_outlier,false,0,0,false,0,spmv_max_rel,SKIP
nemsemm2.mtx,bfp4_lb,bfp4_lb,controlled_lossy_value_specialized,ok,none,accuracy_pass_runtime_loss,0.0140,0.0129,1.000000,0.721429,,173474,329872,bfp4,bfp4,false,0,0,false,0,spmv_max_rel,SKIP
nemsemm2.mtx,hybrid_lb,hybrid_lb,structural_hybrid,ok,none,promoted_fallback,0.0137,0.0116,1.021898,0.737226,,1456096,,original,raw_double,false,,,1,0,exact_abs_or_rel,SKIP
nemsemm2.mtx,cusparse_default,cusparse_csr,external_baseline,ok,none,external_baseline,0.0140,0.0102,1.000000,0.721429,,1456096,755824,original,original,false,,,true,0,exact_abs_or_rel,SKIP
netscience.mtx,original_lb,original_lb,load_balanced_traversal,ok,none,promoted_fallback,0.0094,0.0076,1.414894,1.000000,,43872,12592,original,original,false,0,0,true,0,exact_abs_or_rel,SKIP
netscience.mtx,auto_lossless_lb,original_lb,load_balanced_traversal,ok,none,promoted_fallback,0.0086,0.0074,1.546512,1.093023,,43872,12592,auto_lossless,original,true,77,43872,true,0,exact_abs_or_rel,SKIP
netscience.mtx,fp16_lb,fp16_lb,controlled_lossy_value_specialized,ok,none,accuracy_pass_runtime_loss,0.0094,0.0087,1.414894,1.000000,,10968,12592,fp16,fp16,false,0,0,false,0,spmv_max_rel,SKIP
netscience.mtx,bf16_lb,bf16_lb,controlled_lossy_value_specialized,ok,none,accuracy_pass_runtime_loss,0.0094,0.0087,1.414894,1.000000,,10968,12592,bf16,bf16,false,0,0,false,0,spmv_max_rel,SKIP
netscience.mtx,bfp8_lb,bfp8_lb,controlled_lossy_value_specialized,ok,none,accuracy_pass_runtime_win,0.0087,0.0080,1.528736,1.080460,,8632,12592,bfp8,bfp8,false,0,0,false,0,spmv_max_rel,SKIP
netscience.mtx,bfp8_outlier_lb,bfp8_outlier_lb,controlled_lossy_value_specialized,ok,none,accuracy_pass_runtime_loss,0.0117,0.0098,1.136752,0.803419,,9048,12592,bfp8_outlier,bfp8_outlier,false,0,0,false,0,spmv_max_rel,SKIP
netscience.mtx,bfp4_lb,bfp4_lb,controlled_lossy_value_specialized,ok,none,accuracy_pass_runtime_loss,0.0114,0.0108,1.166667,0.824561,,5890,12592,bfp4,bfp4,false,0,0,false,0,spmv_max_rel,SKIP
netscience.mtx,hybrid_lb,hybrid_lb,structural_hybrid,ok,none,promoted_fallback,0.0074,0.0059,1.797297,1.270270,,43872,,original,raw_double,false,,,1,0,exact_abs_or_rel,SKIP
netscience.mtx,cusparse_default,cusparse_csr,external_baseline,ok,none,external_baseline,0.0133,0.0123,1.000000,0.706767,,43872,28296,original,original,false,,,true,0,exact_abs_or_rel,SKIP
nlpkkt240.mtx,original_lb,original_lb,load_balanced_traversal,ok,none,promoted_fallback,5.0972,5.0950,1.327945,1.000000,,6085186816,776116096,original,original,false,0,0,true,0,exact_abs_or_rel,SKIP
nlpkkt240.mtx,auto_lossless_lb,original_lb,load_balanced_traversal,ok,none,promoted_fallback,5.0977,5.0947,1.327815,0.999902,,6085186816,776116096,auto_lossless,original,true,7965,6085186816,true,0,exact_abs_or_rel,SKIP
nlpkkt240.mtx,fp16_lb,fp16_lb,controlled_lossy_value_specialized,ok,none,accuracy_pass_runtime_win,3.8302,3.8191,1.767218,1.330792,,1521296704,776116096,fp16,fp16,false,0,0,false,0,spmv_max_rel,SKIP
nlpkkt240.mtx,bf16_lb,bf16_lb,controlled_lossy_value_specialized,ok,none,accuracy_pass_runtime_win,3.8313,3.8204,1.766711,1.330410,,1521296704,776116096,bf16,bf16,false,0,0,false,0,spmv_max_rel,SKIP
nlpkkt240.mtx,bfp8_lb,bfp8_lb,controlled_lossy_value_specialized,ok,none,accuracy_pass_runtime_win,3.8204,3.8097,1.771752,1.334206,,954677376,776116096,bfp8,bfp8,false,0,0,false,0,spmv_max_rel,SKIP
nlpkkt240.mtx,bfp8_outlier_lb,bfp8_outlier_lb,controlled_lossy_value_specialized,ok,none,accuracy_pass_runtime_win,3.8212,3.8170,1.771381,1.333927,,954677376,776116096,bfp8_outlier,bfp8_outlier,false,0,0,false,0,spmv_max_rel,SKIP
nlpkkt240.mtx,bfp4_lb,bfp4_lb,controlled_lossy_value_specialized,ok,none,accuracy_pass_runtime_win,4.3330,4.3302,1.562151,1.176367,,574353200,776116096,bfp4,bfp4,false,0,0,false,0,spmv_max_rel,SKIP
nlpkkt240.mtx,hybrid_lb,hybrid_lb,structural_hybrid,ok,none,promoted_fallback,5.8585,5.8472,1.155381,0.870052,,6085186816,,original,raw_double,false,,,1,0,exact_abs_or_rel,SKIP
nlpkkt240.mtx,cusparse_default,cusparse_csr,external_baseline,ok,none,external_baseline,6.7688,6.7656,1.000000,0.753043,,6085186816,3154567812,original,original,false,,,true,0,exact_abs_or_rel,SKIP
nnc261.mtx,original_lb,original_lb,load_balanced_traversal,ok,none,promoted_fallback,0.0067,0.0049,1.835821,1.000000,,12000,2680,original,original,false,0,0,true,0,exact_abs_or_rel,SKIP
nnc261.mtx,auto_lossless_lb,dict16_lb,lossless_value_specialized,ok,none,accuracy_pass_runtime_loss,0.0076,0.0064,1.618421,0.881579,,5480,2680,auto_lossless,dict16,true,15,5480,true,15,exact_abs_or_rel,SKIP
nnc261.mtx,fp16_lb,fp16_lb,controlled_lossy_value_specialized,ok,none,accuracy_pass_runtime_win,0.0063,0.0049,1.952381,1.063492,,3000,2680,fp16,fp16,false,0,0,false,0,spmv_max_rel,SKIP
nnc261.mtx,bf16_lb,bf16_lb,controlled_lossy_value_specialized,ok,none,accuracy_pass_runtime_win,0.0064,0.0048,1.921875,1.046875,,3000,2680,bf16,bf16,false,0,0,false,0,spmv_max_rel,SKIP
nnc261.mtx,bfp8_lb,bfp8_lb,controlled_lossy_value_specialized,ok,none,accuracy_pass_runtime_loss,0.0076,0.0060,1.618421,0.881579,,2170,2680,bfp8,bfp8,false,0,0,false,0,spmv_max_rel,SKIP
nnc261.mtx,bfp8_outlier_lb,bfp8_outlier_lb,controlled_lossy_value_specialized,ok,none,accuracy_pass_runtime_loss,0.0077,0.0050,1.597403,0.870130,,2170,2680,bfp8_outlier,bfp8_outlier,false,0,0,false,0,spmv_max_rel,SKIP
nnc261.mtx,bfp4_lb,bfp4_lb,controlled_lossy_value_specialized,ok,none,accuracy_pass_runtime_loss,0.0092,0.0071,1.336957,0.728261,,1420,2680,bfp4,bfp4,false,0,0,false,0,spmv_max_rel,SKIP
nnc261.mtx,hybrid_lb,hybrid_lb,structural_hybrid,ok,none,promoted_fallback,0.0072,0.0051,1.708333,0.930556,,12000,,original,raw_double,false,,,1,0,exact_abs_or_rel,SKIP
nnc261.mtx,cusparse_default,cusparse_csr,external_baseline,ok,none,external_baseline,0.0123,0.0102,1.000000,0.544715,,12000,7048,original,original,false,,,true,0,exact_abs_or_rel,SKIP
nopoly.mtx,original_lb,original_lb,load_balanced_traversal,ok,none,promoted_fallback,0.0104,0.0083,1.596154,1.000000,,566736,215440,original,original,false,0,0,true,0,exact_abs_or_rel,SKIP
nopoly.mtx,auto_lossless_lb,dict16_lb,lossless_value_specialized,ok,none,accuracy_pass_runtime_loss,0.0108,0.0098,1.537037,0.962963,,430976,215440,auto_lossless,dict16,true,12,430976,true,12,exact_abs_or_rel,SKIP
nopoly.mtx,fp16_lb,fp16_lb,controlled_lossy_value_specialized,ok,none,accuracy_pass_runtime_loss,0.0112,0.0092,1.482143,0.928571,,141684,215440,fp16,fp16,false,0,0,false,0,spmv_max_rel,SKIP
nopoly.mtx,bf16_lb,bf16_lb,controlled_lossy_value_specialized,ok,none,accuracy_pass_runtime_loss,0.0109,0.0095,1.522936,0.954128,,141684,215440,bf16,bf16,false,0,0,false,0,spmv_max_rel,SKIP
nopoly.mtx,bfp8_lb,bfp8_lb,controlled_lossy_value_specialized,ok,none,accuracy_pass_runtime_win,0.0102,0.0096,1.627451,1.019608,,124702,215440,bfp8,bfp8,false,0,0,false,0,spmv_max_rel,SKIP
nopoly.mtx,bfp8_outlier_lb,bfp8_outlier_lb,controlled_lossy_value_specialized,ok,none,accuracy_pass_runtime_loss,0.0124,0.0105,1.338710,0.838710,,129502,215440,bfp8_outlier,bfp8_outlier,false,0,0,false,0,spmv_max_rel,SKIP
nopoly.mtx,bfp4_lb,bfp4_lb,controlled_lossy_value_specialized,ok,none,accuracy_pass_runtime_loss,0.0150,0.0144,1.106667,0.693333,,89281,215440,bfp4,bfp4,false,0,0,false,0,spmv_max_rel,SKIP
nopoly.mtx,hybrid_lb,hybrid_lb,structural_hybrid,ok,none,promoted_fallback,0.0076,0.0060,2.184211,1.368421,,566736,,original,raw_double,false,,,1,0,exact_abs_or_rel,SKIP
nopoly.mtx,cusparse_default,cusparse_csr,external_baseline,ok,none,external_baseline,0.0166,0.0123,1.000000,0.626506,,566736,326468,original,original,false,,,true,0,exact_abs_or_rel,SKIP
nopss_11k_E.mtx,original_lb,original_lb,load_balanced_traversal,ok,none,promoted_fallback,0.0051,0.0034,3.039216,1.000000,,10056,6872,original,original,false,0,0,true,0,exact_abs_or_rel,SKIP
nopss_11k_E.mtx,auto_lossless_lb,all_one_lb,lossless_value_specialized,ok,none,accuracy_pass_runtime_loss,0.0056,0.0044,2.767857,0.910714,,0,6872,auto_lossless,all_one,true,1,0,true,0,exact_abs_or_rel,SKIP
nopss_11k_E.mtx,fp16_lb,fp16_lb,controlled_lossy_value_specialized,ok,none,accuracy_pass_runtime_loss,0.0062,0.0047,2.500000,0.822581,,2514,6872,fp16,fp16,false,0,0,false,0,spmv_max_rel,SKIP
nopss_11k_E.mtx,bf16_lb,bf16_lb,controlled_lossy_value_specialized,ok,none,accuracy_pass_runtime_loss,0.0065,0.0059,2.384615,0.784615,,2514,6872,bf16,bf16,false,0,0,false,0,spmv_max_rel,SKIP
nopss_11k_E.mtx,bfp8_lb,bfp8_lb,controlled_lossy_value_specialized,ok,none,accuracy_pass_runtime_win,0.0046,0.0031,3.369565,1.108696,,2975,6872,bfp8,bfp8,false,0,0,false,0,spmv_max_rel,SKIP
nopss_11k_E.mtx,bfp8_outlier_lb,bfp8_outlier_lb,controlled_lossy_value_specialized,ok,none,accuracy_pass_runtime_win,0.0047,0.0038,3.297872,1.085106,,2975,6872,bfp8_outlier,bfp8_outlier,false,0,0,false,0,spmv_max_rel,SKIP
nopss_11k_E.mtx,bfp4_lb,bfp4_lb,controlled_lossy_value_specialized,ok,none,accuracy_pass_runtime_win,0.0047,0.0034,3.297872,1.085106,,2347,6872,bfp4,bfp4,false,0,0,false,0,spmv_max_rel,SKIP
nopss_11k_E.mtx,hybrid_lb,hybrid_lb,structural_hybrid,ok,none,promoted_fallback,0.0059,0.0042,2.627119,0.864407,,10056,,original,raw_double,false,,,1,0,exact_abs_or_rel,SKIP
nopss_11k_E.mtx,cusparse_default,cusparse_csr,external_baseline,ok,none,external_baseline,0.0155,0.0123,1.000000,0.329032,,10056,51772,original,original,false,,,true,0,exact_abs_or_rel,SKIP
nos7.mtx,original_lb,original_lb,load_balanced_traversal,ok,none,promoted_fallback,0.0078,0.0070,1.884615,1.000000,,36936,9432,original,original,false,0,0,true,0,exact_abs_or_rel,SKIP
nos7.mtx,auto_lossless_lb,original_lb,load_balanced_traversal,ok,none,promoted_fallback,0.0076,0.0057,1.934211,1.026316,,36936,9432,auto_lossless,original,true,17,36936,true,0,exact_abs_or_rel,SKIP
nos7.mtx,fp16_lb,fp16_lb,controlled_lossy_value_specialized,ok,none,accuracy_pass_runtime_win,0.0072,0.0057,2.041667,1.083333,,9234,9432,fp16,fp16,false,0,0,false,0,spmv_max_rel,SKIP
nos7.mtx,bf16_lb,bf16_lb,controlled_lossy_value_specialized,ok,none,accuracy_pass_runtime_win,0.0074,0.0065,1.986486,1.054054,,9234,9432,bf16,bf16,false,0,0,false,0,spmv_max_rel,SKIP
nos7.mtx,bfp8_lb,bfp8_lb,controlled_lossy_value_specialized,ok,none,accuracy_pass_runtime_loss,0.0079,0.0072,1.860759,0.987342,,6975,9432,bfp8,bfp8,false,0,0,false,0,spmv_max_rel,SKIP
nos7.mtx,bfp8_outlier_lb,bfp8_outlier_lb,controlled_lossy_value_specialized,ok,none,accuracy_pass_runtime_loss,0.0099,0.0081,1.484848,0.787879,,7295,9432,bfp8_outlier,bfp8_outlier,false,0,0,false,0,spmv_max_rel,SKIP
nos7.mtx,bfp4_lb,bfp4_lb,controlled_lossy_value_specialized,ok,none,accuracy_pass_runtime_loss,0.0091,0.0069,1.615385,0.857143,,4667,9432,bfp4,bfp4,false,0,0,false,0,spmv_max_rel,SKIP
nos7.mtx,hybrid_lb,hybrid_lb,structural_hybrid,ok,none,promoted_fallback,0.0061,0.0046,2.409836,1.278689,,36936,,original,raw_double,false,,,1,0,exact_abs_or_rel,SKIP
nos7.mtx,cusparse_default,cusparse_csr,external_baseline,ok,none,external_baseline,0.0147,0.0103,1.000000,0.530612,,36936,21388,original,original,false,,,true,0,exact_abs_or_rel,SKIP
nsir.mtx,original_lb,original_lb,load_balanced_traversal,ok,none,promoted_fallback,0.0089,0.0075,1.606742,1.000000,,1239512,248072,original,original,false,0,0,true,0,exact_abs_or_rel,SKIP
nsir.mtx,auto_lossless_lb,original_lb,load_balanced_traversal,ok,none,promoted_fallback,0.0121,0.0101,1.181818,0.735537,,1239512,248072,auto_lossless,original,true,1463,1239512,true,0,exact_abs_or_rel,SKIP
nsir.mtx,fp16_lb,fp16_lb,controlled_lossy_value_specialized,ok,none,accuracy_pass_runtime_loss,0.0093,0.0085,1.537634,0.956989,,309878,248072,fp16,fp16,false,0,0,false,0,spmv_max_rel,SKIP
nsir.mtx,bf16_lb,bf16_lb,controlled_lossy_value_specialized,ok,none,accuracy_pass_runtime_loss,0.0092,0.0085,1.554348,0.967391,,309878,248072,bf16,bf16,false,0,0,false,0,spmv_max_rel,SKIP
nsir.mtx,bfp8_lb,bfp8_lb,controlled_lossy_value_specialized,ok,none,accuracy_pass_runtime_loss,0.0095,0.0089,1.505263,0.936842,,216957,248072,bfp8,bfp8,false,0,0,false,0,spmv_max_rel,SKIP
nsir.mtx,bfp8_outlier_lb,bfp8_outlier_lb,controlled_lossy_value_specialized,ok,none,accuracy_pass_runtime_loss,0.0097,0.0090,1.474227,0.917526,,216957,248072,bfp8_outlier,bfp8_outlier,false,0,0,false,0,spmv_max_rel,SKIP
nsir.mtx,bfp4_lb,bfp4_lb,controlled_lossy_value_specialized,ok,none,accuracy_pass_runtime_loss,0.0141,0.0131,1.014184,0.631206,,139488,248072,bfp4,bfp4,false,0,0,false,0,spmv_max_rel,SKIP
nsir.mtx,hybrid_lb,hybrid_lb,structural_hybrid,ok,none,promoted_fallback,0.0164,0.0146,0.871951,0.542683,,1239512,,original,raw_double,false,,,1,0,exact_abs_or_rel,SKIP
nsir.mtx,cusparse_default,cusparse_csr,external_baseline,ok,none,external_baseline,0.0143,0.0123,1.000000,0.622378,,1239512,637572,original,original,false,,,true,0,exact_abs_or_rel,SKIP
odepb400.mtx,original_lb,original_lb,load_balanced_traversal,ok,none,promoted_fallback,0.0056,0.0043,2.107143,1.000000,,3192,800,original,original,false,0,0,true,0,exact_abs_or_rel,SKIP
odepb400.mtx,auto_lossless_lb,original_lb,load_balanced_traversal,ok,none,promoted_fallback,0.0053,0.0044,2.226415,1.056604,,3192,800,auto_lossless,original,true,134,3192,true,0,exact_abs_or_rel,SKIP
odepb400.mtx,fp16_lb,fp16_lb,controlled_lossy_value_specialized,ok,none,accuracy_pass_runtime_win,0.0054,0.0049,2.185185,1.037037,,798,800,fp16,fp16,false,0,0,false,0,spmv_max_rel,SKIP
odepb400.mtx,bf16_lb,bf16_lb,controlled_lossy_value_specialized,ok,none,accuracy_pass_runtime_loss,0.0056,0.0050,2.107143,1.000000,,798,800,bf16,bf16,false,0,0,false,0,spmv_max_rel,SKIP
odepb400.mtx,bfp8_lb,bfp8_lb,controlled_lossy_value_specialized,ok,none,accuracy_pass_runtime_win,0.0054,0.0048,2.185185,1.037037,,599,800,bfp8,bfp8,false,0,0,false,0,spmv_max_rel,SKIP
odepb400.mtx,bfp8_outlier_lb,bfp8_outlier_lb,controlled_lossy_value_specialized,ok,none,accuracy_pass_runtime_loss,0.0063,0.0051,1.873016,0.888889,,599,800,bfp8_outlier,bfp8_outlier,false,0,0,false,0,spmv_max_rel,SKIP
odepb400.mtx,bfp4_lb,bfp4_lb,controlled_lossy_value_specialized,ok,none,accuracy_pass_runtime_win,0.0055,0.0051,2.145455,1.018182,,400,800,bfp4,bfp4,false,0,0,false,0,spmv_max_rel,SKIP
odepb400.mtx,hybrid_lb,hybrid_lb,structural_hybrid,ok,none,promoted_fallback,0.0054,0.0046,2.185185,1.037037,,3192,,original,raw_double,false,,,1,0,exact_abs_or_rel,SKIP
odepb400.mtx,cusparse_default,cusparse_csr,external_baseline,ok,none,external_baseline,0.0118,0.0102,1.000000,0.474576,,3192,3200,original,original,false,,,true,0,exact_abs_or_rel,SKIP
oscil_dcop_05.mtx,original_lb,original_lb,load_balanced_traversal,ok,none,promoted_fallback,0.0086,0.0077,1.383721,1.000000,,12352,4440,original,original,false,0,0,true,0,exact_abs_or_rel,SKIP
oscil_dcop_05.mtx,auto_lossless_lb,original_lb,load_balanced_traversal,ok,none,promoted_fallback,0.0075,0.0061,1.586667,1.146667,,12352,4440,auto_lossless,original,true,521,12352,true,0,exact_abs_or_rel,SKIP
oscil_dcop_05.mtx,fp16_lb,fp16_lb,controlled_lossy_value_specialized,ok,none,accuracy_pass_runtime_win,0.0082,0.0069,1.451220,1.048780,,3088,4440,fp16,fp16,false,0,0,false,0,spmv_max_rel,SKIP
oscil_dcop_05.mtx,bf16_lb,bf16_lb,controlled_lossy_value_specialized,ok,none,accuracy_pass_runtime_win,0.0082,0.0070,1.451220,1.048780,,3088,4440,bf16,bf16,false,0,0,false,0,spmv_max_rel,SKIP
oscil_dcop_05.mtx,bfp8_lb,bfp8_lb,controlled_lossy_value_specialized,ok,none,accuracy_pass_runtime_win,0.0085,0.0071,1.400000,1.011765,,2654,4440,bfp8,bfp8,false,0,0,false,0,spmv_max_rel,SKIP
oscil_dcop_05.mtx,bfp8_outlier_lb,bfp8_outlier_lb,controlled_lossy_value_specialized,ok,none,accuracy_pass_runtime_loss,0.0102,0.0089,1.166667,0.843137,,2750,4440,bfp8_outlier,bfp8_outlier,false,0,0,false,0,spmv_max_rel,SKIP
oscil_dcop_05.mtx,bfp4_lb,bfp4_lb,controlled_lossy_value_specialized,ok,none,accuracy_pass_runtime_loss,0.0119,0.0105,1.000000,0.722689,,1882,4440,bfp4,bfp4,false,0,0,false,0,spmv_max_rel,SKIP
oscil_dcop_05.mtx,hybrid_lb,hybrid_lb,structural_hybrid,ok,none,promoted_fallback,0.0077,0.0055,1.545455,1.116883,,12352,,original,raw_double,false,,,1,0,exact_abs_or_rel,SKIP
oscil_dcop_05.mtx,cusparse_default,cusparse_csr,external_baseline,ok,none,external_baseline,0.0119,0.0102,1.000000,0.722689,,12352,7900,original,original,false,,,true,0,exact_abs_or_rel,SKIP
oscil_dcop_13.mtx,original_lb,original_lb,load_balanced_traversal,ok,none,promoted_fallback,0.0078,0.0070,1.551282,1.000000,,12352,4440,original,original,false,0,0,true,0,exact_abs_or_rel,SKIP
oscil_dcop_13.mtx,auto_lossless_lb,original_lb,load_balanced_traversal,ok,none,promoted_fallback,0.0075,0.0062,1.613333,1.040000,,12352,4440,auto_lossless,original,true,552,12352,true,0,exact_abs_or_rel,SKIP
oscil_dcop_13.mtx,fp16_lb,fp16_lb,controlled_lossy_value_specialized,ok,none,accuracy_pass_runtime_loss,0.0081,0.0072,1.493827,0.962963,,3088,4440,fp16,fp16,false,0,0,false,0,spmv_max_rel,SKIP
oscil_dcop_13.mtx,bf16_lb,bf16_lb,controlled_lossy_value_specialized,ok,none,accuracy_pass_runtime_loss,0.0083,0.0072,1.457831,0.939759,,3088,4440,bf16,bf16,false,0,0,false,0,spmv_max_rel,SKIP
oscil_dcop_13.mtx,bfp8_lb,bfp8_lb,controlled_lossy_value_specialized,ok,none,accuracy_pass_runtime_loss,0.0086,0.0071,1.406977,0.906977,,2654,4440,bfp8,bfp8,false,0,0,false,0,spmv_max_rel,SKIP
oscil_dcop_13.mtx,bfp8_outlier_lb,bfp8_outlier_lb,controlled_lossy_value_specialized,ok,none,accuracy_pass_runtime_loss,0.0099,0.0087,1.222222,0.787879,,2750,4440,bfp8_outlier,bfp8_outlier,false,0,0,false,0,spmv_max_rel,SKIP
oscil_dcop_13.mtx,bfp4_lb,bfp4_lb,controlled_lossy_value_specialized,ok,none,accuracy_pass_runtime_loss,0.0117,0.0093,1.034188,0.666667,,1882,4440,bfp4,bfp4,false,0,0,false,0,spmv_max_rel,SKIP
oscil_dcop_13.mtx,hybrid_lb,hybrid_lb,structural_hybrid,ok,none,promoted_fallback,0.0071,0.0054,1.704225,1.098592,,12352,,original,raw_double,false,,,1,0,exact_abs_or_rel,SKIP
oscil_dcop_13.mtx,cusparse_default,cusparse_csr,external_baseline,ok,none,external_baseline,0.0121,0.0102,1.000000,0.644628,,12352,7900,original,original,false,,,true,0,exact_abs_or_rel,SKIP
oscil_dcop_21.mtx,original_lb,original_lb,load_balanced_traversal,ok,none,promoted_fallback,0.0081,0.0072,1.530864,1.000000,,12352,4440,original,original,false,0,0,true,0,exact_abs_or_rel,SKIP
oscil_dcop_21.mtx,auto_lossless_lb,original_lb,load_balanced_traversal,ok,none,promoted_fallback,0.0079,0.0068,1.569620,1.025316,,12352,4440,auto_lossless,original,true,548,12352,true,0,exact_abs_or_rel,SKIP
oscil_dcop_21.mtx,fp16_lb,fp16_lb,controlled_lossy_value_specialized,ok,none,accuracy_pass_runtime_loss,0.0083,0.0070,1.493976,0.975904,,3088,4440,fp16,fp16,false,0,0,false,0,spmv_max_rel,SKIP
oscil_dcop_21.mtx,bf16_lb,bf16_lb,controlled_lossy_value_specialized,ok,none,accuracy_pass_runtime_loss,0.0081,0.0072,1.530864,1.000000,,3088,4440,bf16,bf16,false,0,0,false,0,spmv_max_rel,SKIP
oscil_dcop_21.mtx,bfp8_lb,bfp8_lb,controlled_lossy_value_specialized,ok,none,accuracy_pass_runtime_loss,0.0084,0.0071,1.476190,0.964286,,2654,4440,bfp8,bfp8,false,0,0,false,0,spmv_max_rel,SKIP
oscil_dcop_21.mtx,bfp8_outlier_lb,bfp8_outlier_lb,controlled_lossy_value_specialized,ok,none,accuracy_pass_runtime_loss,0.0098,0.0085,1.265306,0.826531,,2750,4440,bfp8_outlier,bfp8_outlier,false,0,0,false,0,spmv_max_rel,SKIP
oscil_dcop_21.mtx,bfp4_lb,bfp4_lb,controlled_lossy_value_specialized,ok,none,accuracy_pass_runtime_loss,0.0118,0.0100,1.050847,0.686441,,1882,4440,bfp4,bfp4,false,0,0,false,0,spmv_max_rel,SKIP
oscil_dcop_21.mtx,hybrid_lb,hybrid_lb,structural_hybrid,ok,none,promoted_fallback,0.0068,0.0050,1.823529,1.191176,,12352,,original,raw_double,false,,,1,0,exact_abs_or_rel,SKIP
oscil_dcop_21.mtx,cusparse_default,cusparse_csr,external_baseline,ok,none,external_baseline,0.0124,0.0103,1.000000,0.653226,,12352,7900,original,original,false,,,true,0,exact_abs_or_rel,SKIP
oscil_dcop_29.mtx,original_lb,original_lb,load_balanced_traversal,ok,none,promoted_fallback,0.0078,0.0069,1.538462,1.000000,,12352,4440,original,original,false,0,0,true,0,exact_abs_or_rel,SKIP
oscil_dcop_29.mtx,auto_lossless_lb,original_lb,load_balanced_traversal,ok,none,promoted_fallback,0.0077,0.0071,1.558442,1.012987,,12352,4440,auto_lossless,original,true,522,12352,true,0,exact_abs_or_rel,SKIP
oscil_dcop_29.mtx,fp16_lb,fp16_lb,controlled_lossy_value_specialized,ok,none,accuracy_pass_runtime_loss,0.0080,0.0067,1.500000,0.975000,,3088,4440,fp16,fp16,false,0,0,false,0,spmv_max_rel,SKIP
oscil_dcop_29.mtx,bf16_lb,bf16_lb,controlled_lossy_value_specialized,ok,none,accuracy_pass_runtime_loss,0.0086,0.0073,1.395349,0.906977,,3088,4440,bf16,bf16,false,0,0,false,0,spmv_max_rel,SKIP
oscil_dcop_29.mtx,bfp8_lb,bfp8_lb,controlled_lossy_value_specialized,ok,none,accuracy_pass_runtime_loss,0.0091,0.0072,1.318681,0.857143,,2654,4440,bfp8,bfp8,false,0,0,false,0,spmv_max_rel,SKIP
oscil_dcop_29.mtx,bfp8_outlier_lb,bfp8_outlier_lb,controlled_lossy_value_specialized,ok,none,accuracy_pass_runtime_loss,0.0102,0.0088,1.176471,0.764706,,2750,4440,bfp8_outlier,bfp8_outlier,false,0,0,false,0,spmv_max_rel,SKIP
oscil_dcop_29.mtx,bfp4_lb,bfp4_lb,controlled_lossy_value_specialized,ok,none,accuracy_pass_runtime_loss,0.0114,0.0094,1.052632,0.684211,,1882,4440,bfp4,bfp4,false,0,0,false,0,spmv_max_rel,SKIP
oscil_dcop_29.mtx,hybrid_lb,hybrid_lb,structural_hybrid,ok,none,promoted_fallback,0.0070,0.0045,1.714286,1.114286,,12352,,original,raw_double,false,,,1,0,exact_abs_or_rel,SKIP
oscil_dcop_29.mtx,cusparse_default,cusparse_csr,external_baseline,ok,none,external_baseline,0.0120,0.0103,1.000000,0.650000,,12352,7900,original,original,false,,,true,0,exact_abs_or_rel,SKIP
oscil_dcop_37.mtx,original_lb,original_lb,load_balanced_traversal,ok,none,promoted_fallback,0.0080,0.0066,1.487500,1.000000,,12352,4440,original,original,false,0,0,true,0,exact_abs_or_rel,SKIP
oscil_dcop_37.mtx,auto_lossless_lb,original_lb,load_balanced_traversal,ok,none,promoted_fallback,0.0074,0.0070,1.608108,1.081081,,12352,4440,auto_lossless,original,true,500,12352,true,0,exact_abs_or_rel,SKIP
oscil_dcop_37.mtx,fp16_lb,fp16_lb,controlled_lossy_value_specialized,ok,none,accuracy_pass_runtime_loss,0.0086,0.0071,1.383721,0.930233,,3088,4440,fp16,fp16,false,0,0,false,0,spmv_max_rel,SKIP
oscil_dcop_37.mtx,bf16_lb,bf16_lb,controlled_lossy_value_specialized,ok,none,accuracy_pass_runtime_loss,0.0083,0.0068,1.433735,0.963855,,3088,4440,bf16,bf16,false,0,0,false,0,spmv_max_rel,SKIP
oscil_dcop_37.mtx,bfp8_lb,bfp8_lb,controlled_lossy_value_specialized,ok,none,accuracy_pass_runtime_loss,0.0091,0.0070,1.307692,0.879121,,2654,4440,bfp8,bfp8,false,0,0,false,0,spmv_max_rel,SKIP
oscil_dcop_37.mtx,bfp8_outlier_lb,bfp8_outlier_lb,controlled_lossy_value_specialized,ok,none,accuracy_pass_runtime_loss,0.0100,0.0087,1.190000,0.800000,,2750,4440,bfp8_outlier,bfp8_outlier,false,0,0,false,0,spmv_max_rel,SKIP
oscil_dcop_37.mtx,bfp4_lb,bfp4_lb,controlled_lossy_value_specialized,ok,none,accuracy_pass_runtime_loss,0.0117,0.0098,1.017094,0.683761,,1882,4440,bfp4,bfp4,false,0,0,false,0,spmv_max_rel,SKIP
oscil_dcop_37.mtx,hybrid_lb,hybrid_lb,structural_hybrid,ok,none,promoted_fallback,0.0070,0.0052,1.700000,1.142857,,12352,,original,raw_double,false,,,1,0,exact_abs_or_rel,SKIP
oscil_dcop_37.mtx,cusparse_default,cusparse_csr,external_baseline,ok,none,external_baseline,0.0119,0.0102,1.000000,0.672269,,12352,7900,original,original,false,,,true,0,exact_abs_or_rel,SKIP
oscil_dcop_45.mtx,original_lb,original_lb,load_balanced_traversal,ok,none,promoted_fallback,0.0078,0.0068,1.538462,1.000000,,12352,4440,original,original,false,0,0,true,0,exact_abs_or_rel,SKIP
oscil_dcop_45.mtx,auto_lossless_lb,original_lb,load_balanced_traversal,ok,none,promoted_fallback,0.0075,0.0067,1.600000,1.040000,,12352,4440,auto_lossless,original,true,454,12352,true,0,exact_abs_or_rel,SKIP
oscil_dcop_45.mtx,fp16_lb,fp16_lb,controlled_lossy_value_specialized,ok,none,accuracy_pass_runtime_loss,0.0084,0.0069,1.428571,0.928571,,3088,4440,fp16,fp16,false,0,0,false,0,spmv_max_rel,SKIP
oscil_dcop_45.mtx,bf16_lb,bf16_lb,controlled_lossy_value_specialized,ok,none,accuracy_pass_runtime_loss,0.0084,0.0067,1.428571,0.928571,,3088,4440,bf16,bf16,false,0,0,false,0,spmv_max_rel,SKIP
oscil_dcop_45.mtx,bfp8_lb,bfp8_lb,controlled_lossy_value_specialized,ok,none,accuracy_pass_runtime_loss,0.0091,0.0068,1.318681,0.857143,,2654,4440,bfp8,bfp8,false,0,0,false,0,spmv_max_rel,SKIP
oscil_dcop_45.mtx,bfp8_outlier_lb,bfp8_outlier_lb,controlled_lossy_value_specialized,ok,none,accuracy_pass_runtime_loss,0.0100,0.0088,1.200000,0.780000,,2750,4440,bfp8_outlier,bfp8_outlier,false,0,0,false,0,spmv_max_rel,SKIP
oscil_dcop_45.mtx,bfp4_lb,bfp4_lb,controlled_lossy_value_specialized,ok,none,accuracy_pass_runtime_loss,0.0115,0.0092,1.043478,0.678261,,1882,4440,bfp4,bfp4,false,0,0,false,0,spmv_max_rel,SKIP
oscil_dcop_45.mtx,hybrid_lb,hybrid_lb,structural_hybrid,ok,none,promoted_fallback,0.0068,0.0057,1.764706,1.147059,,12352,,original,raw_double,false,,,1,0,exact_abs_or_rel,SKIP
oscil_dcop_45.mtx,cusparse_default,cusparse_csr,external_baseline,ok,none,external_baseline,0.0120,0.0102,1.000000,0.650000,,12352,7900,original,original,false,,,true,0,exact_abs_or_rel,SKIP
oscil_dcop_53.mtx,original_lb,original_lb,load_balanced_traversal,ok,none,promoted_fallback,0.0078,0.0072,1.538462,1.000000,,12352,4440,original,original,false,0,0,true,0,exact_abs_or_rel,SKIP
oscil_dcop_53.mtx,auto_lossless_lb,original_lb,load_balanced_traversal,ok,none,promoted_fallback,0.0076,0.0072,1.578947,1.026316,,12352,4440,auto_lossless,original,true,446,12352,true,0,exact_abs_or_rel,SKIP
oscil_dcop_53.mtx,fp16_lb,fp16_lb,controlled_lossy_value_specialized,ok,none,accuracy_pass_runtime_loss,0.0085,0.0068,1.411765,0.917647,,3088,4440,fp16,fp16,false,0,0,false,0,spmv_max_rel,SKIP
oscil_dcop_53.mtx,bf16_lb,bf16_lb,controlled_lossy_value_specialized,ok,none,accuracy_pass_runtime_loss,0.0084,0.0070,1.428571,0.928571,,3088,4440,bf16,bf16,false,0,0,false,0,spmv_max_rel,SKIP
oscil_dcop_53.mtx,bfp8_lb,bfp8_lb,controlled_lossy_value_specialized,ok,none,accuracy_pass_runtime_loss,0.0092,0.0071,1.304348,0.847826,,2654,4440,bfp8,bfp8,false,0,0,false,0,spmv_max_rel,SKIP
oscil_dcop_53.mtx,bfp8_outlier_lb,bfp8_outlier_lb,controlled_lossy_value_specialized,ok,none,accuracy_pass_runtime_loss,0.0102,0.0089,1.176471,0.764706,,2750,4440,bfp8_outlier,bfp8_outlier,false,0,0,false,0,spmv_max_rel,SKIP
oscil_dcop_53.mtx,bfp4_lb,bfp4_lb,controlled_lossy_value_specialized,ok,none,accuracy_pass_runtime_loss,0.0115,0.0093,1.043478,0.678261,,1882,4440,bfp4,bfp4,false,0,0,false,0,spmv_max_rel,SKIP
oscil_dcop_53.mtx,hybrid_lb,hybrid_lb,structural_hybrid,ok,none,promoted_fallback,0.0067,0.0049,1.791045,1.164179,,12352,,original,raw_double,false,,,1,0,exact_abs_or_rel,SKIP
oscil_dcop_53.mtx,cusparse_default,cusparse_csr,external_baseline,ok,none,external_baseline,0.0120,0.0102,1.000000,0.650000,,12352,7900,original,original,false,,,true,0,exact_abs_or_rel,SKIP
p0291.mtx,original_lb,original_lb,load_balanced_traversal,ok,none,promoted_fallback,0.0081,0.0067,1.456790,1.000000,,18264,4064,original,original,false,0,0,true,0,exact_abs_or_rel,SKIP
p0291.mtx,auto_lossless_lb,dict256_u8_lb,lossless_value_specialized,ok,none,accuracy_pass_runtime_loss,0.0102,0.0093,1.156863,0.794118,,16488,4064,auto_lossless,dict256_u8,true,29,16488,true,29,exact_abs_or_rel,SKIP
p0291.mtx,fp16_lb,fp16_lb,controlled_lossy_value_specialized,ok,none,accuracy_pass_runtime_loss,0.0091,0.0075,1.296703,0.890110,,4566,4064,fp16,fp16,false,0,0,false,0,spmv_max_rel,SKIP
p0291.mtx,bf16_lb,bf16_lb,controlled_lossy_value_specialized,ok,none,accuracy_pass_runtime_loss,0.0090,0.0076,1.311111,0.900000,,4566,4064,bf16,bf16,false,0,0,false,0,spmv_max_rel,SKIP
p0291.mtx,bfp8_lb,bfp8_lb,controlled_lossy_value_specialized,ok,none,accuracy_pass_runtime_loss,0.0090,0.0070,1.311111,0.900000,,3299,4064,bfp8,bfp8,false,0,0,false,0,spmv_max_rel,SKIP
p0291.mtx,bfp8_outlier_lb,bfp8_outlier_lb,controlled_lossy_value_specialized,ok,none,accuracy_pass_runtime_loss,0.0109,0.0094,1.082569,0.743119,,3363,4064,bfp8_outlier,bfp8_outlier,false,0,0,false,0,spmv_max_rel,SKIP
p0291.mtx,bfp4_lb,bfp4_lb,controlled_lossy_value_specialized,ok,none,accuracy_pass_runtime_loss,0.0138,0.0130,0.855072,0.586957,,2158,4064,bfp4,bfp4,false,0,0,false,0,spmv_max_rel,SKIP
p0291.mtx,hybrid_lb,hybrid_lb,structural_hybrid,ok,none,promoted_fallback,0.0077,0.0061,1.532468,1.051948,,18264,,original,raw_double,false,,,1,0,exact_abs_or_rel,SKIP
p0291.mtx,cusparse_default,cusparse_csr,external_baseline,ok,none,external_baseline,0.0118,0.0082,1.000000,0.686441,,18264,10144,original,original,false,,,true,0,exact_abs_or_rel,SKIP
p2p-Gnutella25.mtx,original_lb,original_lb,load_balanced_traversal,ok,none,promoted_fallback,0.0101,0.0095,1.762376,1.000000,,437640,333496,original,original,false,0,0,true,0,exact_abs_or_rel,SKIP
p2p-Gnutella25.mtx,auto_lossless_lb,all_one_lb,lossless_value_specialized,ok,none,accuracy_pass_runtime_loss,0.0112,0.0091,1.589286,0.901786,,0,333496,auto_lossless,all_one,true,1,0,true,0,exact_abs_or_rel,SKIP
p2p-Gnutella25.mtx,fp16_lb,fp16_lb,controlled_lossy_value_specialized,ok,none,accuracy_pass_runtime_win,0.0098,0.0088,1.816327,1.030612,,109410,333496,fp16,fp16,false,0,0,false,0,spmv_max_rel,SKIP
p2p-Gnutella25.mtx,bf16_lb,bf16_lb,controlled_lossy_value_specialized,ok,none,accuracy_pass_runtime_win,0.0094,0.0090,1.893617,1.074468,,109410,333496,bf16,bf16,false,0,0,false,0,spmv_max_rel,SKIP
p2p-Gnutella25.mtx,bfp8_lb,bfp8_lb,controlled_lossy_value_specialized,ok,none,accuracy_pass_runtime_win,0.0100,0.0091,1.780000,1.010000,,138079,333496,bfp8,bfp8,false,0,0,false,0,spmv_max_rel,SKIP
p2p-Gnutella25.mtx,bfp8_outlier_lb,bfp8_outlier_lb,controlled_lossy_value_specialized,ok,none,accuracy_pass_runtime_win,0.0093,0.0084,1.913978,1.086022,,138079,333496,bfp8_outlier,bfp8_outlier,false,0,0,false,0,spmv_max_rel,SKIP
p2p-Gnutella25.mtx,bfp4_lb,bfp4_lb,controlled_lossy_value_specialized,ok,none,accuracy_pass_runtime_loss,0.0144,0.0132,1.236111,0.701389,,110727,333496,bfp4,bfp4,false,0,0,false,0,spmv_max_rel,SKIP
p2p-Gnutella25.mtx,hybrid_lb,hybrid_lb,structural_hybrid,ok,none,promoted_fallback,0.0075,0.0065,2.373333,1.346667,,437640,,original,raw_double,false,,,1,0,exact_abs_or_rel,SKIP
p2p-Gnutella25.mtx,cusparse_default,cusparse_csr,external_baseline,ok,none,external_baseline,0.0178,0.0143,1.000000,0.567416,,437640,309572,original,original,false,,,true,0,exact_abs_or_rel,SKIP
pde900.mtx,original_lb,original_lb,load_balanced_traversal,ok,none,promoted_fallback,0.0081,0.0071,1.666667,1.000000,,35040,8704,original,original,false,0,0,true,0,exact_abs_or_rel,SKIP
pde900.mtx,auto_lossless_lb,original_lb,load_balanced_traversal,ok,none,promoted_fallback,0.0092,0.0077,1.467391,0.880435,,35040,8704,auto_lossless,original,true,3248,35040,true,0,exact_abs_or_rel,SKIP
pde900.mtx,fp16_lb,fp16_lb,controlled_lossy_value_specialized,ok,none,accuracy_pass_runtime_win,0.0071,0.0051,1.901408,1.140845,,8760,8704,fp16,fp16,false,0,0,false,0,spmv_max_rel,SKIP
pde900.mtx,bf16_lb,bf16_lb,controlled_lossy_value_specialized,ok,none,accuracy_pass_runtime_win,0.0076,0.0066,1.776316,1.065789,,8760,8704,bf16,bf16,false,0,0,false,0,spmv_max_rel,SKIP
pde900.mtx,bfp8_lb,bfp8_lb,controlled_lossy_value_specialized,ok,none,accuracy_pass_runtime_win,0.0078,0.0066,1.730769,1.038462,,6556,8704,bfp8,bfp8,false,0,0,false,0,spmv_max_rel,SKIP
pde900.mtx,bfp8_outlier_lb,bfp8_outlier_lb,controlled_lossy_value_specialized,ok,none,accuracy_pass_runtime_loss,0.0087,0.0073,1.551724,0.931034,,6892,8704,bfp8_outlier,bfp8_outlier,false,0,0,false,0,spmv_max_rel,SKIP
pde900.mtx,bfp4_lb,bfp4_lb,controlled_lossy_value_specialized,ok,none,accuracy_pass_runtime_win,0.0077,0.0070,1.753247,1.051948,,4366,8704,bfp4,bfp4,false,0,0,false,0,spmv_max_rel,SKIP
pde900.mtx,hybrid_lb,hybrid_lb,structural_hybrid,ok,none,promoted_fallback,0.0068,0.0051,1.985294,1.191176,,35040,,original,raw_double,false,,,1,0,exact_abs_or_rel,SKIP
pde900.mtx,cusparse_default,cusparse_csr,external_baseline,ok,none,external_baseline,0.0135,0.0102,1.000000,0.600000,,35040,21124,original,original,false,,,true,0,exact_abs_or_rel,SKIP
pgp2.mtx,original_lb,original_lb,load_balanced_traversal,ok,none,promoted_fallback,0.0063,0.0049,2.238095,1.000000,,179792,49536,original,original,false,0,0,true,0,exact_abs_or_rel,SKIP
pgp2.mtx,auto_lossless_lb,dict16_lb,lossless_value_specialized,ok,none,accuracy_pass_runtime_loss,0.0075,0.0063,1.880000,0.840000,,99120,49536,auto_lossless,dict16,true,6,99120,true,6,exact_abs_or_rel,SKIP
pgp2.mtx,fp16_lb,fp16_lb,controlled_lossy_value_specialized,ok,none,accuracy_pass_runtime_loss,0.0075,0.0055,1.880000,0.840000,,44948,49536,fp16,fp16,false,0,0,false,0,spmv_max_rel,SKIP
pgp2.mtx,bf16_lb,bf16_lb,controlled_lossy_value_specialized,ok,none,accuracy_pass_runtime_loss,0.0076,0.0064,1.855263,0.828947,,44948,49536,bf16,bf16,false,0,0,false,0,spmv_max_rel,SKIP
pgp2.mtx,bfp8_lb,bfp8_lb,controlled_lossy_value_specialized,ok,none,accuracy_pass_runtime_loss,0.0078,0.0060,1.807692,0.807692,,34858,49536,bfp8,bfp8,false,0,0,false,0,spmv_max_rel,SKIP
pgp2.mtx,bfp8_outlier_lb,bfp8_outlier_lb,controlled_lossy_value_specialized,ok,none,accuracy_pass_runtime_loss,0.0097,0.0078,1.453608,0.649485,,34922,49536,bfp8_outlier,bfp8_outlier,false,0,0,false,0,spmv_max_rel,SKIP
pgp2.mtx,bfp4_lb,bfp4_lb,controlled_lossy_value_specialized,ok,none,accuracy_pass_runtime_loss,0.0085,0.0070,1.658824,0.741176,,23621,49536,bfp4,bfp4,false,0,0,false,0,spmv_max_rel,SKIP
pgp2.mtx,hybrid_lb,hybrid_lb,structural_hybrid,ok,none,promoted_fallback,0.0061,0.0046,2.311475,1.032787,,179792,,original,raw_double,false,,,1,0,exact_abs_or_rel,SKIP
pgp2.mtx,cusparse_default,cusparse_csr,external_baseline,ok,none,external_baseline,0.0141,0.0123,1.000000,0.446809,,179792,106036,original,original,false,,,true,0,exact_abs_or_rel,SKIP
plbuckle.mtx,original_lb,original_lb,load_balanced_traversal,ok,none,promoted_fallback,0.0078,0.0066,1.666667,1.000000,,245152,24272,original,original,false,0,0,true,0,exact_abs_or_rel,SKIP
plbuckle.mtx,auto_lossless_lb,dict65536_u16_lb,lossless_value_specialized,ok,none,accuracy_pass_runtime_loss,0.0094,0.0079,1.382979,0.829787,,207328,24272,auto_lossless,dict65536_u16,true,1644,207328,true,1644,exact_abs_or_rel,SKIP
plbuckle.mtx,fp16_lb,fp16_lb,controlled_lossy_value_specialized,ok,none,accuracy_pass_runtime_loss,0.0083,0.0069,1.566265,0.939759,,61288,24272,fp16,fp16,false,0,0,false,0,spmv_max_rel,SKIP
plbuckle.mtx,bf16_lb,bf16_lb,controlled_lossy_value_specialized,ok,none,accuracy_pass_runtime_loss,0.0082,0.0068,1.585366,0.951220,,61288,24272,bf16,bf16,false,0,0,false,0,spmv_max_rel,SKIP
plbuckle.mtx,bfp8_lb,bfp8_lb,controlled_lossy_value_specialized,ok,none,accuracy_pass_runtime_loss,0.0085,0.0071,1.529412,0.917647,,36712,24272,bfp8,bfp8,false,0,0,false,0,spmv_max_rel,SKIP
plbuckle.mtx,bfp8_outlier_lb,bfp8_outlier_lb,controlled_lossy_value_specialized,ok,none,accuracy_pass_runtime_loss,0.0102,0.0075,1.274510,0.764706,,36728,24272,bfp8_outlier,bfp8_outlier,false,0,0,false,0,spmv_max_rel,SKIP
plbuckle.mtx,bfp4_lb,bfp4_lb,controlled_lossy_value_specialized,ok,none,accuracy_pass_runtime_loss,0.0097,0.0088,1.340206,0.804124,,21390,24272,bfp4,bfp4,false,0,0,false,0,spmv_max_rel,SKIP
plbuckle.mtx,hybrid_lb,hybrid_lb,structural_hybrid,ok,none,promoted_fallback,0.0082,0.0063,1.585366,0.951220,,245152,,original,raw_double,false,,,1,0,exact_abs_or_rel,SKIP
plbuckle.mtx,cusparse_default,cusparse_csr,external_baseline,ok,none,external_baseline,0.0130,0.0117,1.000000,0.600000,,245152,127708,original,original,false,,,true,0,exact_abs_or_rel,SKIP
plddb_A_07.mtx,original_lb,original_lb,load_balanced_traversal,ok,none,promoted_fallback,0.0065,0.0051,2.184615,1.000000,,86144,26464,original,original,false,0,0,true,0,exact_abs_or_rel,SKIP
plddb_A_07.mtx,auto_lossless_lb,original_lb,load_balanced_traversal,ok,none,promoted_fallback,0.0074,0.0050,1.918919,0.878378,,86144,26464,auto_lossless,original,true,82,86144,true,0,exact_abs_or_rel,SKIP
plddb_A_07.mtx,fp16_lb,fp16_lb,controlled_lossy_value_specialized,ok,none,accuracy_pass_runtime_loss,0.0074,0.0057,1.918919,0.878378,,21536,26464,fp16,fp16,false,0,0,false,0,spmv_max_rel,SKIP
plddb_A_07.mtx,bf16_lb,bf16_lb,controlled_lossy_value_specialized,ok,none,accuracy_pass_runtime_loss,0.0076,0.0052,1.868421,0.855263,,21536,26464,bf16,bf16,false,0,0,false,0,spmv_max_rel,SKIP
plddb_A_07.mtx,bfp8_lb,bfp8_lb,controlled_lossy_value_specialized,ok,none,accuracy_pass_runtime_loss,0.0079,0.0068,1.797468,0.822785,,17384,26464,bfp8,bfp8,false,0,0,false,0,spmv_max_rel,SKIP
plddb_A_07.mtx,bfp8_outlier_lb,bfp8_outlier_lb,controlled_lossy_value_specialized,ok,none,accuracy_pass_runtime_loss,0.0077,0.0060,1.844156,0.844156,,17384,26464,bfp8_outlier,bfp8_outlier,false,0,0,false,0,spmv_max_rel,SKIP
plddb_A_07.mtx,bfp4_lb,bfp4_lb,controlled_lossy_value_specialized,ok,none,accuracy_pass_runtime_loss,0.0078,0.0068,1.820513,0.833333,,12000,26464,bfp4,bfp4,false,0,0,false,0,spmv_max_rel,SKIP
plddb_A_07.mtx,hybrid_lb,hybrid_lb,structural_hybrid,ok,none,promoted_fallback,0.0062,0.0044,2.290323,1.048387,,86144,,original,raw_double,false,,,1,0,exact_abs_or_rel,SKIP
plddb_A_07.mtx,cusparse_default,cusparse_csr,external_baseline,ok,none,external_baseline,0.0142,0.0123,1.000000,0.457746,,86144,55352,original,original,false,,,true,0,exact_abs_or_rel,SKIP
plsk1919.mtx,original_lb,original_lb,load_balanced_traversal,ok,none,promoted_fallback,0.0069,0.0046,2.072464,1.000000,,77296,16968,original,original,false,0,0,true,0,exact_abs_or_rel,SKIP
plsk1919.mtx,auto_lossless_lb,original_lb,load_balanced_traversal,ok,none,promoted_fallback,0.0073,0.0063,1.958904,0.945205,,77296,16968,auto_lossless,original,true,8350,77296,true,0,exact_abs_or_rel,SKIP
plsk1919.mtx,fp16_lb,fp16_lb,controlled_lossy_value_specialized,ok,none,accuracy_pass_runtime_loss,0.0075,0.0060,1.906667,0.920000,,19324,16968,fp16,fp16,false,0,0,false,0,spmv_max_rel,SKIP
plsk1919.mtx,bf16_lb,bf16_lb,controlled_lossy_value_specialized,ok,none,accuracy_pass_runtime_loss,0.0081,0.0076,1.765432,0.851852,,19324,16968,bf16,bf16,false,0,0,false,0,spmv_max_rel,SKIP
plsk1919.mtx,bfp8_lb,bfp8_lb,controlled_lossy_value_specialized,ok,none,accuracy_pass_runtime_loss,0.0079,0.0070,1.810127,0.873418,,13904,16968,bfp8,bfp8,false,0,0,false,0,spmv_max_rel,SKIP
plsk1919.mtx,bfp8_outlier_lb,bfp8_outlier_lb,controlled_lossy_value_specialized,ok,none,accuracy_pass_runtime_loss,0.0092,0.0080,1.554348,0.750000,,14672,16968,bfp8_outlier,bfp8_outlier,false,0,0,false,0,spmv_max_rel,SKIP
plsk1919.mtx,bfp4_lb,bfp4_lb,controlled_lossy_value_specialized,ok,none,accuracy_pass_runtime_loss,0.0095,0.0071,1.505263,0.726316,,9073,16968,bfp4,bfp4,false,0,0,false,0,spmv_max_rel,SKIP
plsk1919.mtx,hybrid_lb,hybrid_lb,structural_hybrid,ok,none,promoted_fallback,0.0058,0.0044,2.465517,1.189655,,77296,,original,raw_double,false,,,1,0,exact_abs_or_rel,SKIP
plsk1919.mtx,cusparse_default,cusparse_csr,external_baseline,ok,none,external_baseline,0.0143,0.0123,1.000000,0.482517,,77296,46328,original,original,false,,,true,0,exact_abs_or_rel,SKIP
power197k.mtx,original_lb,original_lb,load_balanced_traversal,ok,none,promoted_fallback,0.0158,0.0146,0.987342,1.000000,,6446712,1434760,original,original,false,0,0,true,0,exact_abs_or_rel,SKIP
power197k.mtx,auto_lossless_lb,original_lb,load_balanced_traversal,ok,none,promoted_fallback,0.0158,0.0146,0.987342,1.000000,,6446712,1434760,auto_lossless,original,true,297668,6446712,true,0,exact_abs_or_rel,SKIP
power197k.mtx,fp16_lb,fp16_lb,controlled_lossy_value_specialized,ok,none,accuracy_pass_runtime_win,0.0143,0.0129,1.090909,1.104895,,1611678,1434760,fp16,fp16,false,0,0,false,0,spmv_max_rel,SKIP
power197k.mtx,bf16_lb,bf16_lb,controlled_lossy_value_specialized,ok,none,accuracy_pass_runtime_win,0.0146,0.0131,1.068493,1.082192,,1611678,1434760,bf16,bf16,false,0,0,false,0,spmv_max_rel,SKIP
power197k.mtx,bfp8_lb,bfp8_lb,controlled_lossy_value_specialized,ok,none,accuracy_pass_runtime_win,0.0136,0.0125,1.147059,1.161765,,1164529,1434760,bfp8,bfp8,false,0,0,false,0,spmv_max_rel,SKIP
power197k.mtx,bfp8_outlier_lb,bfp8_outlier_lb,controlled_lossy_value_specialized,ok,none,accuracy_pass_runtime_loss,0.0165,0.0144,0.945455,0.957576,,1228993,1434760,bfp8_outlier,bfp8_outlier,false,0,0,false,0,spmv_max_rel,SKIP
power197k.mtx,bfp4_lb,bfp4_lb,controlled_lossy_value_specialized,ok,none,accuracy_pass_runtime_loss,0.0164,0.0147,0.951220,0.963415,,761610,1434760,bfp4,bfp4,false,0,0,false,0,spmv_max_rel,SKIP
power197k.mtx,hybrid_lb,hybrid_lb,structural_hybrid,ok,none,promoted_fallback,0.0115,0.0097,1.356522,1.373913,,6446712,,original,raw_double,false,,,1,0,exact_abs_or_rel,SKIP
power197k.mtx,cusparse_default,cusparse_csr,external_baseline,ok,none,external_baseline,0.0156,0.0142,1.000000,1.012821,,6446712,4011984,original,original,false,,,true,0,exact_abs_or_rel,SKIP
problem.mtx,original_lb,original_lb,load_balanced_traversal,ok,none,promoted_fallback,0.0057,0.0048,1.982456,1.000000,,688,120,original,original,false,0,0,true,0,exact_abs_or_rel,SKIP
problem.mtx,auto_lossless_lb,sign2_lb,lossless_value_specialized,ok,none,accuracy_pass_runtime_win,0.0053,0.0044,2.132075,1.075472,,60,120,auto_lossless,sign2,true,2,60,true,0,exact_abs_or_rel,SKIP
problem.mtx,fp16_lb,fp16_lb,controlled_lossy_value_specialized,ok,none,accuracy_pass_runtime_loss,0.0059,0.0045,1.915254,0.966102,,172,120,fp16,fp16,false,0,0,false,0,spmv_max_rel,SKIP
problem.mtx,bf16_lb,bf16_lb,controlled_lossy_value_specialized,ok,none,accuracy_pass_runtime_loss,0.0060,0.0048,1.883333,0.950000,,172,120,bf16,bf16,false,0,0,false,0,spmv_max_rel,SKIP
problem.mtx,bfp8_lb,bfp8_lb,controlled_lossy_value_specialized,ok,none,accuracy_pass_runtime_loss,0.0068,0.0048,1.661765,0.838235,,116,120,bfp8,bfp8,false,0,0,false,0,spmv_max_rel,SKIP
problem.mtx,bfp8_outlier_lb,bfp8_outlier_lb,controlled_lossy_value_specialized,ok,none,accuracy_pass_runtime_loss,0.0067,0.0045,1.686567,0.850746,,116,120,bfp8_outlier,bfp8_outlier,false,0,0,false,0,spmv_max_rel,SKIP
problem.mtx,bfp4_lb,bfp4_lb,controlled_lossy_value_specialized,ok,none,accuracy_pass_runtime_loss,0.0078,0.0056,1.448718,0.730769,,73,120,bfp4,bfp4,false,0,0,false,0,spmv_max_rel,SKIP
problem.mtx,hybrid_lb,hybrid_lb,structural_hybrid,ok,none,promoted_fallback,0.0067,0.0052,1.686567,0.850746,,688,,original,raw_double,false,,,1,0,exact_abs_or_rel,SKIP
problem.mtx,cusparse_default,cusparse_csr,external_baseline,ok,none,external_baseline,0.0113,0.0082,1.000000,0.504425,,688,396,original,original,false,,,true,0,exact_abs_or_rel,SKIP
raefsky1.mtx,original_lb,original_lb,load_balanced_traversal,ok,none,promoted_fallback,0.0095,0.0076,1.515789,1.000000,,2347272,158576,original,original,false,0,0,true,0,exact_abs_or_rel,SKIP
raefsky1.mtx,auto_lossless_lb,original_lb,load_balanced_traversal,ok,none,promoted_fallback,0.0139,0.0132,1.035971,0.683453,,2347272,158576,auto_lossless,original,true,271381,2347272,true,0,exact_abs_or_rel,SKIP
raefsky1.mtx,fp16_lb,fp16_lb,controlled_lossy_value_specialized,ok,none,accuracy_pass_runtime_loss,0.0096,0.0090,1.500000,0.989583,,586818,158576,fp16,fp16,false,0,0,false,0,spmv_max_rel,SKIP
raefsky1.mtx,bf16_lb,bf16_lb,controlled_lossy_value_specialized,ok,none,accuracy_pass_runtime_win,0.0091,0.0077,1.582418,1.043956,,586818,158576,bf16,bf16,false,0,0,false,0,spmv_max_rel,SKIP
raefsky1.mtx,bfp8_lb,bfp8_lb,controlled_lossy_value_specialized,ok,none,accuracy_pass_runtime_loss,0.0101,0.0084,1.425743,0.940594,,333053,158576,bfp8,bfp8,false,0,0,false,0,spmv_max_rel,SKIP
raefsky1.mtx,bfp8_outlier_lb,bfp8_outlier_lb,controlled_lossy_value_specialized,ok,none,accuracy_pass_runtime_win,0.0090,0.0082,1.600000,1.055556,,333053,158576,bfp8_outlier,bfp8_outlier,false,0,0,false,0,spmv_max_rel,SKIP
raefsky1.mtx,bfp4_lb,bfp4_lb,controlled_lossy_value_specialized,ok,none,accuracy_pass_runtime_loss,0.0133,0.0122,1.082707,0.714286,,186349,158576,bfp4,bfp4,false,0,0,false,0,spmv_max_rel,SKIP
raefsky1.mtx,hybrid_lb,hybrid_lb,structural_hybrid,ok,none,promoted_fallback,0.0120,0.0108,1.200000,0.791667,,2347272,,original,raw_double,false,,,1,0,exact_abs_or_rel,SKIP
raefsky1.mtx,cusparse_default,cusparse_csr,external_baseline,ok,none,external_baseline,0.0144,0.0102,1.000000,0.659722,,2347272,1186608,original,original,false,,,true,0,exact_abs_or_rel,SKIP
rail_1357_B.mtx,original_lb,original_lb,load_balanced_traversal,ok,none,promoted_fallback,0.0059,0.0040,2.322034,1.000000,,1384,688,original,original,false,0,0,true,0,exact_abs_or_rel,SKIP
rail_1357_B.mtx,auto_lossless_lb,original_lb,load_balanced_traversal,ok,none,promoted_fallback,0.0056,0.0049,2.446429,1.053571,,1384,688,auto_lossless,original,true,145,1384,true,0,exact_abs_or_rel,SKIP
rail_1357_B.mtx,fp16_lb,fp16_lb,controlled_lossy_value_specialized,ok,none,accuracy_pass_runtime_win,0.0055,0.0044,2.490909,1.072727,,346,688,fp16,fp16,false,0,0,false,0,spmv_max_rel,SKIP
rail_1357_B.mtx,bf16_lb,bf16_lb,controlled_lossy_value_specialized,ok,none,accuracy_pass_runtime_win,0.0054,0.0044,2.537037,1.092593,,346,688,bf16,bf16,false,0,0,false,0,spmv_max_rel,SKIP
rail_1357_B.mtx,bfp8_lb,bfp8_lb,controlled_lossy_value_specialized,ok,none,accuracy_pass_runtime_win,0.0053,0.0042,2.584906,1.113208,,345,688,bfp8,bfp8,false,0,0,false,0,spmv_max_rel,SKIP
rail_1357_B.mtx,bfp8_outlier_lb,bfp8_outlier_lb,controlled_lossy_value_specialized,ok,none,accuracy_pass_runtime_win,0.0052,0.0043,2.634615,1.134615,,345,688,bfp8_outlier,bfp8_outlier,false,0,0,false,0,spmv_max_rel,SKIP
rail_1357_B.mtx,bfp4_lb,bfp4_lb,controlled_lossy_value_specialized,ok,none,accuracy_pass_runtime_win,0.0052,0.0038,2.634615,1.134615,,259,688,bfp4,bfp4,false,0,0,false,0,spmv_max_rel,SKIP
rail_1357_B.mtx,hybrid_lb,hybrid_lb,structural_hybrid,ok,none,promoted_fallback,0.0064,0.0052,2.140625,0.921875,,1384,,original,raw_double,false,,,1,0,exact_abs_or_rel,SKIP
rail_1357_B.mtx,cusparse_default,cusparse_csr,external_baseline,ok,none,external_baseline,0.0137,0.0102,1.000000,0.430657,,1384,6124,original,original,false,,,true,0,exact_abs_or_rel,SKIP
rajat05.mtx,original_lb,original_lb,load_balanced_traversal,ok,none,promoted_fallback,0.0090,0.0072,1.311111,1.000000,,10000,2784,original,original,false,0,0,true,0,exact_abs_or_rel,SKIP
rajat05.mtx,auto_lossless_lb,original_lb,load_balanced_traversal,ok,none,promoted_fallback,0.0076,0.0066,1.552632,1.184211,,10000,2784,auto_lossless,original,true,238,10000,true,0,exact_abs_or_rel,SKIP
rajat05.mtx,fp16_lb,fp16_lb,controlled_lossy_value_specialized,ok,none,accuracy_pass_runtime_loss,0.0091,0.0082,1.296703,0.989011,,2500,2784,fp16,fp16,false,0,0,false,0,spmv_max_rel,SKIP
rajat05.mtx,bf16_lb,bf16_lb,controlled_lossy_value_specialized,ok,none,accuracy_pass_runtime_loss,0.0098,0.0084,1.204082,0.918367,,2500,2784,bf16,bf16,false,0,0,false,0,spmv_max_rel,SKIP
rajat05.mtx,bfp8_lb,bfp8_lb,controlled_lossy_value_specialized,ok,none,accuracy_pass_runtime_loss,0.0090,0.0075,1.311111,1.000000,,1946,2784,bfp8,bfp8,false,0,0,false,0,spmv_max_rel,SKIP
rajat05.mtx,bfp8_outlier_lb,bfp8_outlier_lb,controlled_lossy_value_specialized,ok,none,accuracy_pass_runtime_loss,0.0092,0.0083,1.282609,0.978261,,1946,2784,bfp8_outlier,bfp8_outlier,false,0,0,false,0,spmv_max_rel,SKIP
rajat05.mtx,bfp4_lb,bfp4_lb,controlled_lossy_value_specialized,ok,none,accuracy_pass_runtime_loss,0.0135,0.0118,0.874074,0.666667,,1321,2784,bfp4,bfp4,false,0,0,false,0,spmv_max_rel,SKIP
rajat05.mtx,hybrid_lb,hybrid_lb,structural_hybrid,ok,none,promoted_fallback,0.0076,0.0051,1.552632,1.184211,,10000,,original,raw_double,false,,,1,0,exact_abs_or_rel,SKIP
rajat05.mtx,cusparse_default,cusparse_csr,external_baseline,ok,none,external_baseline,0.0118,0.0102,1.000000,0.762712,,10000,6208,original,original,false,,,true,0,exact_abs_or_rel,SKIP
rajat19.mtx,original_lb,original_lb,load_balanced_traversal,ok,none,promoted_fallback,0.0079,0.0067,1.696203,1.000000,,29592,10168,original,original,false,0,0,true,0,exact_abs_or_rel,SKIP
rajat19.mtx,auto_lossless_lb,original_lb,load_balanced_traversal,ok,none,promoted_fallback,0.0083,0.0066,1.614458,0.951807,,29592,10168,auto_lossless,original,true,338,29592,true,0,exact_abs_or_rel,SKIP
rajat19.mtx,fp16_lb,fp16_lb,controlled_lossy_value_specialized,ok,none,accuracy_pass_runtime_loss,0.0093,0.0079,1.440860,0.849462,,7398,10168,fp16,fp16,false,0,0,false,0,spmv_max_rel,SKIP
rajat19.mtx,bf16_lb,bf16_lb,controlled_lossy_value_specialized,ok,none,accuracy_pass_runtime_loss,0.0092,0.0080,1.456522,0.858696,,7398,10168,bf16,bf16,false,0,0,false,0,spmv_max_rel,SKIP
rajat19.mtx,bfp8_lb,bfp8_lb,controlled_lossy_value_specialized,ok,none,accuracy_pass_runtime_loss,0.0085,0.0075,1.576471,0.929412,,6241,10168,bfp8,bfp8,false,0,0,false,0,spmv_max_rel,SKIP
rajat19.mtx,bfp8_outlier_lb,bfp8_outlier_lb,controlled_lossy_value_specialized,ok,none,accuracy_pass_runtime_loss,0.0115,0.0099,1.165217,0.686957,,6465,10168,bfp8_outlier,bfp8_outlier,false,0,0,false,0,spmv_max_rel,SKIP
rajat19.mtx,bfp4_lb,bfp4_lb,controlled_lossy_value_specialized,ok,none,accuracy_pass_runtime_loss,0.0139,0.0127,0.964029,0.568345,,4392,10168,bfp4,bfp4,false,0,0,false,0,spmv_max_rel,SKIP
rajat19.mtx,hybrid_lb,hybrid_lb,structural_hybrid,ok,none,promoted_fallback,0.0089,0.0070,1.505618,0.887640,,29592,,original,raw_double,false,,,1,0,exact_abs_or_rel,SKIP
rajat19.mtx,cusparse_default,cusparse_csr,external_baseline,ok,none,external_baseline,0.0134,0.0102,1.000000,0.589552,,29592,19428,original,original,false,,,true,0,exact_abs_or_rel,SKIP
rdb200.mtx,original_lb,original_lb,load_balanced_traversal,ok,none,promoted_fallback,0.0052,0.0037,2.250000,1.000000,,8960,1440,original,original,false,0,0,true,0,exact_abs_or_rel,SKIP
rdb200.mtx,auto_lossless_lb,dict16_lb,lossless_value_specialized,ok,none,accuracy_pass_runtime_loss,0.0061,0.0048,1.918033,0.852459,,2928,1440,auto_lossless,dict16,true,6,2928,true,6,exact_abs_or_rel,SKIP
rdb200.mtx,fp16_lb,fp16_lb,controlled_lossy_value_specialized,ok,none,accuracy_pass_runtime_win,0.0051,0.0046,2.294118,1.019608,,2240,1440,fp16,fp16,false,0,0,false,0,spmv_max_rel,SKIP
rdb200.mtx,bf16_lb,bf16_lb,controlled_lossy_value_specialized,ok,none,accuracy_pass_runtime_loss,0.0055,0.0040,2.127273,0.945455,,2240,1440,bf16,bf16,false,0,0,false,0,spmv_max_rel,SKIP
rdb200.mtx,bfp8_lb,bfp8_lb,controlled_lossy_value_specialized,ok,none,accuracy_pass_runtime_loss,0.0058,0.0036,2.017241,0.896552,,1480,1440,bfp8,bfp8,false,0,0,false,0,spmv_max_rel,SKIP
rdb200.mtx,bfp8_outlier_lb,bfp8_outlier_lb,controlled_lossy_value_specialized,ok,none,accuracy_pass_runtime_loss,0.0056,0.0047,2.089286,0.928571,,1480,1440,bfp8_outlier,bfp8_outlier,false,0,0,false,0,spmv_max_rel,SKIP
rdb200.mtx,bfp4_lb,bfp4_lb,controlled_lossy_value_specialized,ok,none,accuracy_pass_runtime_loss,0.0069,0.0065,1.695652,0.753623,,920,1440,bfp4,bfp4,false,0,0,false,0,spmv_max_rel,SKIP
rdb200.mtx,hybrid_lb,hybrid_lb,structural_hybrid,ok,none,promoted_fallback,0.0077,0.0064,1.519481,0.675325,,8960,,original,raw_double,false,,,1,0,exact_abs_or_rel,SKIP
rdb200.mtx,cusparse_default,cusparse_csr,external_baseline,ok,none,external_baseline,0.0117,0.0082,1.000000,0.444444,,8960,5284,original,original,false,,,true,0,exact_abs_or_rel,SKIP
rdb800l.mtx,original_lb,original_lb,load_balanced_traversal,ok,none,promoted_fallback,0.0060,0.0044,2.683333,1.000000,,37120,5920,original,original,false,0,0,true,0,exact_abs_or_rel,SKIP
rdb800l.mtx,auto_lossless_lb,dict16_lb,lossless_value_specialized,ok,none,accuracy_pass_runtime_loss,0.0068,0.0052,2.367647,0.882353,,11888,5920,auto_lossless,dict16,true,6,11888,true,6,exact_abs_or_rel,SKIP
rdb800l.mtx,fp16_lb,fp16_lb,controlled_lossy_value_specialized,ok,none,accuracy_pass_runtime_win,0.0056,0.0044,2.875000,1.071429,,9280,5920,fp16,fp16,false,0,0,false,0,spmv_max_rel,SKIP
rdb800l.mtx,bf16_lb,bf16_lb,controlled_lossy_value_specialized,ok,none,accuracy_pass_runtime_win,0.0059,0.0045,2.728814,1.016949,,9280,5920,bf16,bf16,false,0,0,false,0,spmv_max_rel,SKIP
rdb800l.mtx,bfp8_lb,bfp8_lb,controlled_lossy_value_specialized,ok,none,accuracy_pass_runtime_loss,0.0069,0.0052,2.333333,0.869565,,6120,5920,bfp8,bfp8,false,0,0,false,0,spmv_max_rel,SKIP
rdb800l.mtx,bfp8_outlier_lb,bfp8_outlier_lb,controlled_lossy_value_specialized,ok,none,accuracy_pass_runtime_loss,0.0076,0.0069,2.118421,0.789474,,6120,5920,bfp8_outlier,bfp8_outlier,false,0,0,false,0,spmv_max_rel,SKIP
rdb800l.mtx,bfp4_lb,bfp4_lb,controlled_lossy_value_specialized,ok,none,accuracy_pass_runtime_loss,0.0070,0.0065,2.300000,0.857143,,3800,5920,bfp4,bfp4,false,0,0,false,0,spmv_max_rel,SKIP
rdb800l.mtx,hybrid_lb,hybrid_lb,structural_hybrid,ok,none,promoted_fallback,0.0074,0.0060,2.175676,0.810811,,37120,,original,raw_double,false,,,1,0,exact_abs_or_rel,SKIP
rdb800l.mtx,cusparse_default,cusparse_csr,external_baseline,ok,none,external_baseline,0.0161,0.0143,1.000000,0.372671,,37120,21764,original,original,false,,,true,0,exact_abs_or_rel,SKIP
refine.mtx,original_lb,original_lb,load_balanced_traversal,ok,none,promoted_fallback,0.0068,0.0052,1.720588,1.000000,,1224,304,original,original,false,0,0,true,0,exact_abs_or_rel,SKIP
refine.mtx,auto_lossless_lb,original_lb,load_balanced_traversal,ok,none,promoted_fallback,0.0059,0.0044,1.983051,1.152542,,1224,304,auto_lossless,original,true,22,1224,true,0,exact_abs_or_rel,SKIP
refine.mtx,fp16_lb,fp16_lb,controlled_lossy_value_specialized,ok,none,accuracy_pass_runtime_loss,0.0074,0.0051,1.581081,0.918919,,306,304,fp16,fp16,false,0,0,false,0,spmv_max_rel,SKIP
refine.mtx,bf16_lb,bf16_lb,controlled_lossy_value_specialized,ok,none,accuracy_pass_runtime_loss,0.0076,0.0060,1.539474,0.894737,,306,304,bf16,bf16,false,0,0,false,0,spmv_max_rel,SKIP
refine.mtx,bfp8_lb,bfp8_lb,controlled_lossy_value_specialized,ok,none,accuracy_pass_runtime_loss,0.0071,0.0051,1.647887,0.957746,,229,304,bfp8,bfp8,false,0,0,false,0,spmv_max_rel,SKIP
refine.mtx,bfp8_outlier_lb,bfp8_outlier_lb,controlled_lossy_value_specialized,ok,none,accuracy_pass_runtime_loss,0.0069,0.0059,1.695652,0.985507,,229,304,bfp8_outlier,bfp8_outlier,false,0,0,false,0,spmv_max_rel,SKIP
refine.mtx,bfp4_lb,bfp4_lb,controlled_lossy_value_specialized,ok,none,accuracy_pass_runtime_loss,0.0071,0.0062,1.647887,0.957746,,153,304,bfp4,bfp4,false,0,0,false,0,spmv_max_rel,SKIP
refine.mtx,hybrid_lb,hybrid_lb,structural_hybrid,ok,none,promoted_fallback,0.0071,0.0055,1.647887,0.957746,,1224,,original,raw_double,false,,,1,0,exact_abs_or_rel,SKIP
refine.mtx,cusparse_default,cusparse_csr,external_baseline,ok,none,external_baseline,0.0117,0.0082,1.000000,0.581197,,1224,732,original,original,false,,,true,0,exact_abs_or_rel,SKIP
rel6.mtx,original_lb,original_lb,load_balanced_traversal,ok,none,promoted_fallback,0.0073,0.0056,2.054795,1.000000,,40808,10368,original,original,false,0,0,true,0,exact_abs_or_rel,SKIP
rel6.mtx,auto_lossless_lb,dict4_lb,lossless_value_specialized,ok,none,accuracy_pass_runtime_loss,0.0074,0.0068,2.027027,0.986486,,10392,10368,auto_lossless,dict4,true,3,10392,true,3,exact_abs_or_rel,SKIP
rel6.mtx,fp16_lb,fp16_lb,controlled_lossy_value_specialized,ok,none,accuracy_pass_runtime_win,0.0066,0.0049,2.272727,1.106061,,10202,10368,fp16,fp16,false,0,0,false,0,spmv_max_rel,SKIP
rel6.mtx,bf16_lb,bf16_lb,controlled_lossy_value_specialized,ok,none,accuracy_pass_runtime_win,0.0065,0.0048,2.307692,1.123077,,10202,10368,bf16,bf16,false,0,0,false,0,spmv_max_rel,SKIP
rel6.mtx,bfp8_lb,bfp8_lb,controlled_lossy_value_specialized,ok,none,accuracy_pass_runtime_win,0.0071,0.0054,2.112676,1.028169,,7693,10368,bfp8,bfp8,false,0,0,false,0,spmv_max_rel,SKIP
rel6.mtx,bfp8_outlier_lb,bfp8_outlier_lb,controlled_lossy_value_specialized,ok,none,accuracy_pass_runtime_loss,0.0074,0.0065,2.027027,0.986486,,7693,10368,bfp8_outlier,bfp8_outlier,false,0,0,false,0,spmv_max_rel,SKIP
rel6.mtx,bfp4_lb,bfp4_lb,controlled_lossy_value_specialized,ok,none,accuracy_pass_runtime_win,0.0066,0.0057,2.272727,1.106061,,5143,10368,bfp4,bfp4,false,0,0,false,0,spmv_max_rel,SKIP
rel6.mtx,hybrid_lb,hybrid_lb,structural_hybrid,ok,none,promoted_fallback,0.0064,0.0049,2.343750,1.140625,,40808,,original,raw_double,false,,,1,0,exact_abs_or_rel,SKIP
rel6.mtx,cusparse_default,cusparse_csr,external_baseline,ok,none,external_baseline,0.0150,0.0123,1.000000,0.486667,,40808,29768,original,original,false,,,true,0,exact_abs_or_rel,SKIP
reorientation_3.mtx,original_lb,original_lb,load_balanced_traversal,ok,none,promoted_fallback,0.0079,0.0064,1.797468,1.000000,,257328,53376,original,original,false,0,0,true,0,exact_abs_or_rel,SKIP
reorientation_3.mtx,auto_lossless_lb,original_lb,load_balanced_traversal,ok,none,promoted_fallback,0.0084,0.0068,1.690476,0.940476,,257328,53376,auto_lossless,original,true,8965,257328,true,0,exact_abs_or_rel,SKIP
reorientation_3.mtx,fp16_lb,fp16_lb,controlled_lossy_value_specialized,ok,none,accuracy_pass_runtime_loss,0.0094,0.0086,1.510638,0.840426,,64332,53376,fp16,fp16,false,0,0,false,0,spmv_max_rel,SKIP
reorientation_3.mtx,bf16_lb,bf16_lb,controlled_lossy_value_specialized,ok,none,accuracy_pass_runtime_loss,0.0091,0.0075,1.560440,0.868132,,64332,53376,bf16,bf16,false,0,0,false,0,spmv_max_rel,SKIP
reorientation_3.mtx,bfp8_lb,bfp8_lb,controlled_lossy_value_specialized,ok,none,accuracy_pass_runtime_loss,0.0100,0.0093,1.420000,0.790000,,45510,53376,bfp8,bfp8,false,0,0,false,0,spmv_max_rel,SKIP
reorientation_3.mtx,bfp8_outlier_lb,bfp8_outlier_lb,controlled_lossy_value_specialized,ok,none,accuracy_pass_runtime_loss,0.0124,0.0112,1.145161,0.637097,,48070,53376,bfp8_outlier,bfp8_outlier,false,0,0,false,0,spmv_max_rel,SKIP
reorientation_3.mtx,bfp4_lb,bfp4_lb,controlled_lossy_value_specialized,ok,none,accuracy_pass_runtime_loss,0.0140,0.0122,1.014286,0.564286,,29427,53376,bfp4,bfp4,false,0,0,false,0,spmv_max_rel,SKIP
reorientation_3.mtx,hybrid_lb,hybrid_lb,structural_hybrid,ok,none,promoted_fallback,0.0086,0.0072,1.651163,0.918605,,257328,,original,raw_double,false,,,1,0,exact_abs_or_rel,SKIP
reorientation_3.mtx,cusparse_default,cusparse_csr,external_baseline,ok,none,external_baseline,0.0142,0.0102,1.000000,0.556338,,257328,138720,original,original,false,,,true,0,exact_abs_or_rel,SKIP
rgg010.mtx,original_lb,original_lb,load_balanced_traversal,ok,none,promoted_fallback,0.0055,0.0044,2.072727,1.000000,,608,48,original,original,false,0,0,true,0,exact_abs_or_rel,SKIP
rgg010.mtx,auto_lossless_lb,all_one_lb,lossless_value_specialized,ok,none,accuracy_pass_runtime_loss,0.0058,0.0051,1.965517,0.948276,,0,48,auto_lossless,all_one,true,1,0,true,0,exact_abs_or_rel,SKIP
rgg010.mtx,fp16_lb,fp16_lb,controlled_lossy_value_specialized,ok,none,accuracy_pass_runtime_win,0.0052,0.0047,2.192308,1.057692,,152,48,fp16,fp16,false,0,0,false,0,spmv_max_rel,SKIP
rgg010.mtx,bf16_lb,bf16_lb,controlled_lossy_value_specialized,ok,none,accuracy_pass_runtime_win,0.0049,0.0042,2.326531,1.122449,,152,48,bf16,bf16,false,0,0,false,0,spmv_max_rel,SKIP
rgg010.mtx,bfp8_lb,bfp8_lb,controlled_lossy_value_specialized,ok,none,accuracy_pass_runtime_loss,0.0060,0.0047,1.900000,0.916667,,88,48,bfp8,bfp8,false,0,0,false,0,spmv_max_rel,SKIP
rgg010.mtx,bfp8_outlier_lb,bfp8_outlier_lb,controlled_lossy_value_specialized,ok,none,accuracy_pass_runtime_loss,0.0060,0.0044,1.900000,0.916667,,88,48,bfp8_outlier,bfp8_outlier,false,0,0,false,0,spmv_max_rel,SKIP
rgg010.mtx,bfp4_lb,bfp4_lb,controlled_lossy_value_specialized,ok,none,accuracy_pass_runtime_loss,0.0067,0.0050,1.701493,0.820896,,50,48,bfp4,bfp4,false,0,0,false,0,spmv_max_rel,SKIP
rgg010.mtx,hybrid_lb,hybrid_lb,structural_hybrid,ok,none,promoted_fallback,0.0062,0.0048,1.838710,0.887097,,608,,original,raw_double,false,,,1,0,exact_abs_or_rel,SKIP
rgg010.mtx,cusparse_default,cusparse_csr,external_baseline,ok,none,external_baseline,0.0114,0.0082,1.000000,0.482456,,608,348,original,original,false,,,true,0,exact_abs_or_rel,SKIP
road_usa.mtx,original_lb,original_lb,load_balanced_traversal,ok,none,promoted_fallback,1.8632,1.8610,0.507997,1.000000,,461668992,298359600,original,original,false,0,0,true,0,exact_abs_or_rel,SKIP
road_usa.mtx,auto_lossless_lb,all_one_lb,lossless_value_specialized,ok,none,accuracy_pass_runtime_win,1.7790,1.7772,0.532040,1.047330,,0,298359600,auto_lossless,all_one,true,1,0,true,0,exact_abs_or_rel,SKIP
road_usa.mtx,fp16_lb,fp16_lb,controlled_lossy_value_specialized,ok,none,accuracy_pass_runtime_win,1.6226,1.6211,0.583323,1.148281,,115417248,298359600,fp16,fp16,false,0,0,false,0,spmv_max_rel,SKIP
road_usa.mtx,bf16_lb,bf16_lb,controlled_lossy_value_specialized,ok,none,accuracy_pass_runtime_win,1.6224,1.6204,0.583395,1.148422,,115417248,298359600,bf16,bf16,false,0,0,false,0,spmv_max_rel,SKIP
road_usa.mtx,bfp8_lb,bfp8_lb,controlled_lossy_value_specialized,ok,none,accuracy_pass_runtime_win,1.6448,1.6427,0.575450,1.132782,,132298524,298359600,bfp8,bfp8,false,0,0,false,0,spmv_max_rel,SKIP
road_usa.mtx,bfp8_outlier_lb,bfp8_outlier_lb,controlled_lossy_value_specialized,ok,none,accuracy_pass_runtime_win,1.6439,1.6415,0.575765,1.133402,,132298524,298359600,bfp8_outlier,bfp8_outlier,false,0,0,false,0,spmv_max_rel,SKIP
road_usa.mtx,bfp4_lb,bfp4_lb,controlled_lossy_value_specialized,ok,none,accuracy_pass_runtime_loss,1.9656,1.9637,0.481532,0.947904,,103444212,298359600,bfp4,bfp4,false,0,0,false,0,spmv_max_rel,SKIP
road_usa.mtx,hybrid_lb,hybrid_lb,structural_hybrid,ok,none,promoted_fallback,1.0642,1.0606,0.889400,1.750799,,461668992,,original,raw_double,false,,,1,0,exact_abs_or_rel,SKIP
road_usa.mtx,cusparse_default,cusparse_csr,external_baseline,ok,none,external_baseline,0.9465,0.9447,1.000000,1.968516,,461668992,326623888,original,original,false,,,true,0,exact_abs_or_rel,SKIP
rotor1.mtx,original_lb,original_lb,load_balanced_traversal,ok,none,promoted_fallback,0.0066,0.0062,1.742424,1.000000,,5664,808,original,original,false,0,0,true,0,exact_abs_or_rel,SKIP
rotor1.mtx,auto_lossless_lb,dict256_u8_lb,lossless_value_specialized,ok,none,accuracy_pass_runtime_loss,0.0074,0.0066,1.554054,0.891892,,4600,808,auto_lossless,dict256_u8,true,171,4600,true,171,exact_abs_or_rel,SKIP
rotor1.mtx,fp16_lb,fp16_lb,controlled_lossy_value_specialized,ok,none,accuracy_pass_runtime_loss,0.0081,0.0070,1.419753,0.814815,,1416,808,fp16,fp16,false,0,0,false,0,spmv_max_rel,SKIP
rotor1.mtx,bf16_lb,bf16_lb,controlled_lossy_value_specialized,ok,none,accuracy_pass_runtime_loss,0.0080,0.0075,1.437500,0.825000,,1416,808,bf16,bf16,false,0,0,false,0,spmv_max_rel,SKIP
rotor1.mtx,bfp8_lb,bfp8_lb,controlled_lossy_value_specialized,ok,none,accuracy_pass_runtime_loss,0.0083,0.0075,1.385542,0.795181,,910,808,bfp8,bfp8,false,0,0,false,0,spmv_max_rel,SKIP
rotor1.mtx,bfp8_outlier_lb,bfp8_outlier_lb,controlled_lossy_value_specialized,ok,none,accuracy_pass_runtime_loss,0.0090,0.0080,1.277778,0.733333,,958,808,bfp8_outlier,bfp8_outlier,false,0,0,false,0,spmv_max_rel,SKIP
rotor1.mtx,bfp4_lb,bfp4_lb,controlled_lossy_value_specialized,ok,none,accuracy_pass_runtime_loss,0.0095,0.0071,1.210526,0.694737,,556,808,bfp4,bfp4,false,0,0,false,0,spmv_max_rel,SKIP
rotor1.mtx,hybrid_lb,hybrid_lb,structural_hybrid,ok,none,promoted_fallback,0.0072,0.0053,1.597222,0.916667,,5664,,original,raw_double,false,,,1,0,exact_abs_or_rel,SKIP
rotor1.mtx,cusparse_default,cusparse_csr,external_baseline,ok,none,external_baseline,0.0115,0.0082,1.000000,0.573913,,5664,3236,original,original,false,,,true,0,exact_abs_or_rel,SKIP
s1rmq4m1.mtx,original_lb,original_lb,load_balanced_traversal,ok,none,promoted_fallback,0.0083,0.0076,1.686747,1.000000,,2099288,114520,original,original,false,0,0,true,0,exact_abs_or_rel,SKIP
s1rmq4m1.mtx,auto_lossless_lb,dict65536_u16_lb,lossless_value_specialized,ok,none,accuracy_pass_runtime_loss,0.0092,0.0088,1.521739,0.902174,,1032672,114520,auto_lossless,dict65536_u16,true,14564,1032672,true,14564,exact_abs_or_rel,SKIP
s1rmq4m1.mtx,fp16_lb,fp16_lb,controlled_lossy_value_specialized,ok,none,accuracy_pass_runtime_win,0.0072,0.0062,1.944444,1.152778,,524822,114520,fp16,fp16,false,0,0,false,0,spmv_max_rel,SKIP
s1rmq4m1.mtx,bf16_lb,bf16_lb,controlled_lossy_value_specialized,ok,none,accuracy_pass_runtime_win,0.0075,0.0066,1.866667,1.106667,,524822,114520,bf16,bf16,false,0,0,false,0,spmv_max_rel,SKIP
s1rmq4m1.mtx,bfp8_lb,bfp8_lb,controlled_lossy_value_specialized,ok,none,accuracy_pass_runtime_win,0.0080,0.0072,1.750000,1.037500,,291041,114520,bfp8,bfp8,false,0,0,false,0,spmv_max_rel,SKIP
s1rmq4m1.mtx,bfp8_outlier_lb,bfp8_outlier_lb,controlled_lossy_value_specialized,ok,none,accuracy_pass_runtime_loss,0.0103,0.0089,1.359223,0.805825,,311921,114520,bfp8_outlier,bfp8_outlier,false,0,0,false,0,spmv_max_rel,SKIP
s1rmq4m1.mtx,bfp4_lb,bfp4_lb,controlled_lossy_value_specialized,ok,none,accuracy_pass_runtime_loss,0.0105,0.0094,1.333333,0.790476,,159836,114520,bfp4,bfp4,false,0,0,false,0,spmv_max_rel,SKIP
s1rmq4m1.mtx,hybrid_lb,hybrid_lb,structural_hybrid,ok,none,promoted_fallback,0.0095,0.0076,1.473684,0.873684,,2099288,,original,raw_double,false,,,1,0,exact_abs_or_rel,SKIP
s1rmq4m1.mtx,cusparse_default,cusparse_csr,external_baseline,ok,none,external_baseline,0.0140,0.0102,1.000000,0.592857,,2099288,1071604,original,original,false,,,true,0,exact_abs_or_rel,SKIP
scagr7-2b.mtx,original_lb,original_lb,load_balanced_traversal,ok,none,promoted_fallback,0.0077,0.0055,1.831169,1.000000,,287080,80976,original,original,false,0,0,true,0,exact_abs_or_rel,SKIP
scagr7-2b.mtx,auto_lossless_lb,dict16_lb,lossless_value_specialized,ok,none,accuracy_pass_runtime_win,0.0076,0.0061,1.855263,1.013158,,162072,80976,auto_lossless,dict16,true,15,162072,true,15,exact_abs_or_rel,SKIP
scagr7-2b.mtx,fp16_lb,fp16_lb,controlled_lossy_value_specialized,ok,none,accuracy_pass_runtime_win,0.0064,0.0049,2.203125,1.203125,,71770,80976,fp16,fp16,false,0,0,false,0,spmv_max_rel,SKIP
scagr7-2b.mtx,bf16_lb,bf16_lb,controlled_lossy_value_specialized,ok,none,accuracy_pass_runtime_win,0.0063,0.0051,2.238095,1.222222,,71770,80976,bf16,bf16,false,0,0,false,0,spmv_max_rel,SKIP
scagr7-2b.mtx,bfp8_lb,bfp8_lb,controlled_lossy_value_specialized,ok,none,accuracy_pass_runtime_win,0.0070,0.0058,2.014286,1.100000,,56129,80976,bfp8,bfp8,false,0,0,false,0,spmv_max_rel,SKIP
scagr7-2b.mtx,bfp8_outlier_lb,bfp8_outlier_lb,controlled_lossy_value_specialized,ok,none,accuracy_pass_runtime_win,0.0067,0.0051,2.104478,1.149254,,56129,80976,bfp8_outlier,bfp8_outlier,false,0,0,false,0,spmv_max_rel,SKIP
scagr7-2b.mtx,bfp4_lb,bfp4_lb,controlled_lossy_value_specialized,ok,none,accuracy_pass_runtime_loss,0.0079,0.0070,1.784810,0.974684,,38187,80976,bfp4,bfp4,false,0,0,false,0,spmv_max_rel,SKIP
scagr7-2b.mtx,hybrid_lb,hybrid_lb,structural_hybrid,ok,none,promoted_fallback,0.0070,0.0047,2.014286,1.100000,,287080,,original,raw_double,false,,,1,0,exact_abs_or_rel,SKIP
scagr7-2b.mtx,cusparse_default,cusparse_csr,external_baseline,ok,none,external_baseline,0.0141,0.0123,1.000000,0.546099,,287080,182516,original,original,false,,,true,0,exact_abs_or_rel,SKIP
scrs8-2b.mtx,original_lb,original_lb,load_balanced_traversal,ok,none,promoted_fallback,0.0072,0.0055,1.944444,1.000000,,58936,21960,original,original,false,0,0,true,0,exact_abs_or_rel,SKIP
scrs8-2b.mtx,auto_lossless_lb,original_lb,load_balanced_traversal,ok,none,promoted_fallback,0.0071,0.0059,1.971831,1.014085,,58936,21960,auto_lossless,original,true,24,58936,true,0,exact_abs_or_rel,SKIP
scrs8-2b.mtx,fp16_lb,fp16_lb,controlled_lossy_value_specialized,ok,none,accuracy_pass_runtime_loss,0.0078,0.0061,1.794872,0.923077,,14734,21960,fp16,fp16,false,0,0,false,0,spmv_max_rel,SKIP
scrs8-2b.mtx,bf16_lb,bf16_lb,controlled_lossy_value_specialized,ok,none,accuracy_pass_runtime_loss,0.0079,0.0069,1.772152,0.911392,,14734,21960,bf16,bf16,false,0,0,false,0,spmv_max_rel,SKIP
scrs8-2b.mtx,bfp8_lb,bfp8_lb,controlled_lossy_value_specialized,ok,none,accuracy_pass_runtime_loss,0.0077,0.0068,1.818182,0.935065,,12857,21960,bfp8,bfp8,false,0,0,false,0,spmv_max_rel,SKIP
scrs8-2b.mtx,bfp8_outlier_lb,bfp8_outlier_lb,controlled_lossy_value_specialized,ok,none,accuracy_pass_runtime_loss,0.0076,0.0057,1.842105,0.947368,,12857,21960,bfp8_outlier,bfp8_outlier,false,0,0,false,0,spmv_max_rel,SKIP
scrs8-2b.mtx,bfp4_lb,bfp4_lb,controlled_lossy_value_specialized,ok,none,accuracy_pass_runtime_loss,0.0094,0.0072,1.489362,0.765957,,9174,21960,bfp4,bfp4,false,0,0,false,0,spmv_max_rel,SKIP
scrs8-2b.mtx,hybrid_lb,hybrid_lb,structural_hybrid,ok,none,promoted_fallback,0.0063,0.0047,2.222222,1.142857,,58936,,original,raw_double,false,,,1,0,exact_abs_or_rel,SKIP
scrs8-2b.mtx,cusparse_default,cusparse_csr,external_baseline,ok,none,external_baseline,0.0140,0.0123,1.000000,0.514286,,58936,36752,original,original,false,,,true,0,exact_abs_or_rel,SKIP
scrs8-2c_A_4.mtx,original_lb,original_lb,load_balanced_traversal,ok,none,promoted_fallback,0.0070,0.0056,1.971429,1.000000,,29752,11080,original,original,false,0,0,true,0,exact_abs_or_rel,SKIP
scrs8-2c_A_4.mtx,auto_lossless_lb,original_lb,load_balanced_traversal,ok,none,promoted_fallback,0.0064,0.0051,2.156250,1.093750,,29752,11080,auto_lossless,original,true,24,29752,true,0,exact_abs_or_rel,SKIP
scrs8-2c_A_4.mtx,fp16_lb,fp16_lb,controlled_lossy_value_specialized,ok,none,accuracy_pass_runtime_loss,0.0075,0.0060,1.840000,0.933333,,7438,11080,fp16,fp16,false,0,0,false,0,spmv_max_rel,SKIP
scrs8-2c_A_4.mtx,bf16_lb,bf16_lb,controlled_lossy_value_specialized,ok,none,accuracy_pass_runtime_loss,0.0077,0.0059,1.792208,0.909091,,7438,11080,bf16,bf16,false,0,0,false,0,spmv_max_rel,SKIP
scrs8-2c_A_4.mtx,bfp8_lb,bfp8_lb,controlled_lossy_value_specialized,ok,none,accuracy_pass_runtime_loss,0.0070,0.0056,1.971429,1.000000,,6489,11080,bfp8,bfp8,false,0,0,false,0,spmv_max_rel,SKIP
scrs8-2c_A_4.mtx,bfp8_outlier_lb,bfp8_outlier_lb,controlled_lossy_value_specialized,ok,none,accuracy_pass_runtime_loss,0.0070,0.0052,1.971429,1.000000,,6489,11080,bfp8_outlier,bfp8_outlier,false,0,0,false,0,spmv_max_rel,SKIP
scrs8-2c_A_4.mtx,bfp4_lb,bfp4_lb,controlled_lossy_value_specialized,ok,none,accuracy_pass_runtime_loss,0.0086,0.0068,1.604651,0.813953,,4630,11080,bfp4,bfp4,false,0,0,false,0,spmv_max_rel,SKIP
scrs8-2c_A_4.mtx,hybrid_lb,hybrid_lb,structural_hybrid,ok,none,promoted_fallback,0.0064,0.0046,2.156250,1.093750,,29752,,original,raw_double,false,,,1,0,exact_abs_or_rel,SKIP
scrs8-2c_A_4.mtx,cusparse_default,cusparse_csr,external_baseline,ok,none,external_baseline,0.0138,0.0102,1.000000,0.507246,,29752,18576,original,original,false,,,true,0,exact_abs_or_rel,SKIP
scrs8-2r_A_06.mtx,original_lb,original_lb,load_balanced_traversal,ok,none,promoted_fallback,0.0070,0.0055,2.000000,1.000000,,58936,21960,original,original,false,0,0,true,0,exact_abs_or_rel,SKIP
scrs8-2r_A_06.mtx,auto_lossless_lb,original_lb,load_balanced_traversal,ok,none,promoted_fallback,0.0069,0.0052,2.028986,1.014493,,58936,21960,auto_lossless,original,true,24,58936,true,0,exact_abs_or_rel,SKIP
scrs8-2r_A_06.mtx,fp16_lb,fp16_lb,controlled_lossy_value_specialized,ok,none,accuracy_pass_runtime_loss,0.0078,0.0070,1.794872,0.897436,,14734,21960,fp16,fp16,false,0,0,false,0,spmv_max_rel,SKIP
scrs8-2r_A_06.mtx,bf16_lb,bf16_lb,controlled_lossy_value_specialized,ok,none,accuracy_pass_runtime_loss,0.0078,0.0070,1.794872,0.897436,,14734,21960,bf16,bf16,false,0,0,false,0,spmv_max_rel,SKIP
scrs8-2r_A_06.mtx,bfp8_lb,bfp8_lb,controlled_lossy_value_specialized,ok,none,accuracy_pass_runtime_loss,0.0075,0.0058,1.866667,0.933333,,12857,21960,bfp8,bfp8,false,0,0,false,0,spmv_max_rel,SKIP
scrs8-2r_A_06.mtx,bfp8_outlier_lb,bfp8_outlier_lb,controlled_lossy_value_specialized,ok,none,accuracy_pass_runtime_loss,0.0078,0.0058,1.794872,0.897436,,12857,21960,bfp8_outlier,bfp8_outlier,false,0,0,false,0,spmv_max_rel,SKIP
scrs8-2r_A_06.mtx,bfp4_lb,bfp4_lb,controlled_lossy_value_specialized,ok,none,accuracy_pass_runtime_loss,0.0096,0.0079,1.458333,0.729167,,9174,21960,bfp4,bfp4,false,0,0,false,0,spmv_max_rel,SKIP
scrs8-2r_A_06.mtx,hybrid_lb,hybrid_lb,structural_hybrid,ok,none,promoted_fallback,0.0068,0.0047,2.058824,1.029412,,58936,,original,raw_double,false,,,1,0,exact_abs_or_rel,SKIP
scrs8-2r_A_06.mtx,cusparse_default,cusparse_csr,external_baseline,ok,none,external_baseline,0.0140,0.0123,1.000000,0.500000,,58936,36752,original,original,false,,,true,0,exact_abs_or_rel,SKIP
scsd8-2b_A_3.mtx,original_lb,original_lb,load_balanced_traversal,ok,none,promoted_fallback,0.0089,0.0084,1.573034,1.000000,,902160,158864,original,original,false,0,0,true,0,exact_abs_or_rel,SKIP
scsd8-2b_A_3.mtx,auto_lossless_lb,dict16_lb,lossless_value_specialized,ok,none,accuracy_pass_runtime_loss,0.0106,0.0098,1.320755,0.839623,,317856,158864,auto_lossless,dict16,true,16,317856,true,16,exact_abs_or_rel,SKIP
scsd8-2b_A_3.mtx,fp16_lb,fp16_lb,controlled_lossy_value_specialized,ok,none,accuracy_pass_runtime_loss,0.0091,0.0082,1.538462,0.978022,,225540,158864,fp16,fp16,false,0,0,false,0,spmv_max_rel,SKIP
scsd8-2b_A_3.mtx,bf16_lb,bf16_lb,controlled_lossy_value_specialized,ok,none,accuracy_pass_runtime_loss,0.0091,0.0084,1.538462,0.978022,,225540,158864,bf16,bf16,false,0,0,false,0,spmv_max_rel,SKIP
scsd8-2b_A_3.mtx,bfp8_lb,bfp8_lb,controlled_lossy_value_specialized,ok,none,accuracy_pass_runtime_loss,0.0094,0.0089,1.489362,0.946809,,152486,158864,bfp8,bfp8,false,0,0,false,0,spmv_max_rel,SKIP
scsd8-2b_A_3.mtx,bfp8_outlier_lb,bfp8_outlier_lb,controlled_lossy_value_specialized,ok,none,accuracy_pass_runtime_loss,0.0104,0.0089,1.346154,0.855769,,152486,158864,bfp8_outlier,bfp8_outlier,false,0,0,false,0,spmv_max_rel,SKIP
scsd8-2b_A_3.mtx,bfp4_lb,bfp4_lb,controlled_lossy_value_specialized,ok,none,accuracy_pass_runtime_loss,0.0136,0.0129,1.029412,0.654412,,96101,158864,bfp4,bfp4,false,0,0,false,0,spmv_max_rel,SKIP
scsd8-2b_A_3.mtx,hybrid_lb,hybrid_lb,structural_hybrid,ok,none,promoted_fallback,0.0072,0.0055,1.944444,1.236111,,902160,,original,raw_double,false,,,1,0,exact_abs_or_rel,SKIP
scsd8-2b_A_3.mtx,cusparse_default,cusparse_csr,external_baseline,ok,none,external_baseline,0.0140,0.0102,1.000000,0.635714,,902160,471604,original,original,false,,,true,0,exact_abs_or_rel,SKIP
scsd8-2r_A_03.mtx,original_lb,original_lb,load_balanced_traversal,ok,none,promoted_fallback,0.0084,0.0068,1.404762,1.000000,,29200,5104,original,original,false,0,0,true,0,exact_abs_or_rel,SKIP
scsd8-2r_A_03.mtx,auto_lossless_lb,dict16_lb,lossless_value_specialized,ok,none,accuracy_pass_runtime_loss,0.0108,0.0095,1.092593,0.777778,,10336,5104,auto_lossless,dict16,true,16,10336,true,16,exact_abs_or_rel,SKIP
scsd8-2r_A_03.mtx,fp16_lb,fp16_lb,controlled_lossy_value_specialized,ok,none,accuracy_pass_runtime_loss,0.0097,0.0087,1.216495,0.865979,,7300,5104,fp16,fp16,false,0,0,false,0,spmv_max_rel,SKIP
scsd8-2r_A_03.mtx,bf16_lb,bf16_lb,controlled_lossy_value_specialized,ok,none,accuracy_pass_runtime_loss,0.0096,0.0078,1.229167,0.875000,,7300,5104,bf16,bf16,false,0,0,false,0,spmv_max_rel,SKIP
scsd8-2r_A_03.mtx,bfp8_lb,bfp8_lb,controlled_lossy_value_specialized,ok,none,accuracy_pass_runtime_loss,0.0096,0.0089,1.229167,0.875000,,4926,5104,bfp8,bfp8,false,0,0,false,0,spmv_max_rel,SKIP
scsd8-2r_A_03.mtx,bfp8_outlier_lb,bfp8_outlier_lb,controlled_lossy_value_specialized,ok,none,accuracy_pass_runtime_loss,0.0098,0.0089,1.204082,0.857143,,4926,5104,bfp8_outlier,bfp8_outlier,false,0,0,false,0,spmv_max_rel,SKIP
scsd8-2r_A_03.mtx,bfp4_lb,bfp4_lb,controlled_lossy_value_specialized,ok,none,accuracy_pass_runtime_loss,0.0136,0.0116,0.867647,0.617647,,3101,5104,bfp4,bfp4,false,0,0,false,0,spmv_max_rel,SKIP
scsd8-2r_A_03.mtx,hybrid_lb,hybrid_lb,structural_hybrid,ok,none,promoted_fallback,0.0070,0.0057,1.685714,1.200000,,29200,,original,raw_double,false,,,1,0,exact_abs_or_rel,SKIP
scsd8-2r_A_03.mtx,cusparse_default,cusparse_csr,external_baseline,ok,none,external_baseline,0.0118,0.0082,1.000000,0.711864,,29200,15284,original,original,false,,,true,0,exact_abs_or_rel,SKIP
scsd8-2r_A_11.mtx,original_lb,original_lb,load_balanced_traversal,ok,none,promoted_fallback,0.0100,0.0084,1.340000,1.000000,,1521680,267984,original,original,false,0,0,true,0,exact_abs_or_rel,SKIP
scsd8-2r_A_11.mtx,auto_lossless_lb,dict16_lb,lossless_value_specialized,ok,none,accuracy_pass_runtime_loss,0.0114,0.0109,1.175439,0.877193,,536096,267984,auto_lossless,dict16,true,16,536096,true,16,exact_abs_or_rel,SKIP
scsd8-2r_A_11.mtx,fp16_lb,fp16_lb,controlled_lossy_value_specialized,ok,none,accuracy_pass_runtime_win,0.0090,0.0083,1.488889,1.111111,,380420,267984,fp16,fp16,false,0,0,false,0,spmv_max_rel,SKIP
scsd8-2r_A_11.mtx,bf16_lb,bf16_lb,controlled_lossy_value_specialized,ok,none,accuracy_pass_runtime_win,0.0096,0.0084,1.395833,1.041667,,380420,267984,bf16,bf16,false,0,0,false,0,spmv_max_rel,SKIP
scsd8-2r_A_11.mtx,bfp8_lb,bfp8_lb,controlled_lossy_value_specialized,ok,none,accuracy_pass_runtime_loss,0.0110,0.0090,1.218182,0.909091,,257206,267984,bfp8,bfp8,false,0,0,false,0,spmv_max_rel,SKIP
scsd8-2r_A_11.mtx,bfp8_outlier_lb,bfp8_outlier_lb,controlled_lossy_value_specialized,ok,none,accuracy_pass_runtime_loss,0.0115,0.0100,1.165217,0.869565,,257206,267984,bfp8_outlier,bfp8_outlier,false,0,0,false,0,spmv_max_rel,SKIP
scsd8-2r_A_11.mtx,bfp4_lb,bfp4_lb,controlled_lossy_value_specialized,ok,none,accuracy_pass_runtime_loss,0.0139,0.0128,0.964029,0.719424,,162101,267984,bfp4,bfp4,false,0,0,false,0,spmv_max_rel,SKIP
scsd8-2r_A_11.mtx,hybrid_lb,hybrid_lb,structural_hybrid,ok,none,promoted_fallback,0.0074,0.0059,1.810811,1.351351,,1521680,,original,raw_double,false,,,1,0,exact_abs_or_rel,SKIP
scsd8-2r_A_11.mtx,cusparse_default,cusparse_csr,external_baseline,ok,none,external_baseline,0.0134,0.0102,1.000000,0.746269,,1521680,795444,original,original,false,,,true,0,exact_abs_or_rel,SKIP
sctap1-2c_A_3.mtx,original_lb,original_lb,load_balanced_traversal,ok,none,promoted_fallback,0.0083,0.0073,1.710843,1.000000,,174832,65296,original,original,false,0,0,true,0,exact_abs_or_rel,SKIP
sctap1-2c_A_3.mtx,auto_lossless_lb,original_lb,load_balanced_traversal,ok,none,promoted_fallback,0.0091,0.0086,1.560440,0.912088,,174832,65296,auto_lossless,original,true,17,174832,true,0,exact_abs_or_rel,SKIP
sctap1-2c_A_3.mtx,fp16_lb,fp16_lb,controlled_lossy_value_specialized,ok,none,accuracy_pass_runtime_loss,0.0096,0.0075,1.479167,0.864583,,43708,65296,fp16,fp16,false,0,0,false,0,spmv_max_rel,SKIP
sctap1-2c_A_3.mtx,bf16_lb,bf16_lb,controlled_lossy_value_specialized,ok,none,accuracy_pass_runtime_loss,0.0098,0.0087,1.448980,0.846939,,43708,65296,bf16,bf16,false,0,0,false,0,spmv_max_rel,SKIP
sctap1-2c_A_3.mtx,bfp8_lb,bfp8_lb,controlled_lossy_value_specialized,ok,none,accuracy_pass_runtime_loss,0.0096,0.0088,1.479167,0.864583,,38178,65296,bfp8,bfp8,false,0,0,false,0,spmv_max_rel,SKIP
sctap1-2c_A_3.mtx,bfp8_outlier_lb,bfp8_outlier_lb,controlled_lossy_value_specialized,ok,none,accuracy_pass_runtime_loss,0.0095,0.0090,1.494737,0.873684,,38178,65296,bfp8_outlier,bfp8_outlier,false,0,0,false,0,spmv_max_rel,SKIP
sctap1-2c_A_3.mtx,bfp4_lb,bfp4_lb,controlled_lossy_value_specialized,ok,none,accuracy_pass_runtime_loss,0.0140,0.0132,1.014286,0.592857,,27251,65296,bfp4,bfp4,false,0,0,false,0,spmv_max_rel,SKIP
sctap1-2c_A_3.mtx,hybrid_lb,hybrid_lb,structural_hybrid,ok,none,promoted_fallback,0.0068,0.0048,2.088235,1.220588,,174832,,original,raw_double,false,,,1,0,exact_abs_or_rel,SKIP
sctap1-2c_A_3.mtx,cusparse_default,cusparse_csr,external_baseline,ok,none,external_baseline,0.0142,0.0123,1.000000,0.584507,,174832,100980,original,original,false,,,true,0,exact_abs_or_rel,SKIP
se_G_02.mtx,original_lb,original_lb,load_balanced_traversal,ok,none,promoted_fallback,0.0054,0.0045,2.333333,1.000000,,336,64,original,original,false,0,0,true,0,exact_abs_or_rel,SKIP
se_G_02.mtx,auto_lossless_lb,all_one_lb,lossless_value_specialized,ok,none,accuracy_pass_runtime_loss,0.0054,0.0049,2.333333,1.000000,,0,64,auto_lossless,all_one,true,1,0,true,0,exact_abs_or_rel,SKIP
se_G_02.mtx,fp16_lb,fp16_lb,controlled_lossy_value_specialized,ok,none,accuracy_pass_runtime_loss,0.0060,0.0054,2.100000,0.900000,,84,64,fp16,fp16,false,0,0,false,0,spmv_max_rel,SKIP
se_G_02.mtx,bf16_lb,bf16_lb,controlled_lossy_value_specialized,ok,none,accuracy_pass_runtime_loss,0.0061,0.0054,2.065574,0.885246,,84,64,bf16,bf16,false,0,0,false,0,spmv_max_rel,SKIP
se_G_02.mtx,bfp8_lb,bfp8_lb,controlled_lossy_value_specialized,ok,none,accuracy_pass_runtime_loss,0.0062,0.0046,2.032258,0.870968,,58,64,bfp8,bfp8,false,0,0,false,0,spmv_max_rel,SKIP
se_G_02.mtx,bfp8_outlier_lb,bfp8_outlier_lb,controlled_lossy_value_specialized,ok,none,accuracy_pass_runtime_win,0.0049,0.0042,2.571429,1.102041,,58,64,bfp8_outlier,bfp8_outlier,false,0,0,false,0,spmv_max_rel,SKIP
se_G_02.mtx,bfp4_lb,bfp4_lb,controlled_lossy_value_specialized,ok,none,accuracy_pass_runtime_loss,0.0072,0.0050,1.750000,0.750000,,37,64,bfp4,bfp4,false,0,0,false,0,spmv_max_rel,SKIP
se_G_02.mtx,hybrid_lb,hybrid_lb,structural_hybrid,ok,none,promoted_fallback,0.0058,0.0041,2.172414,0.931034,,336,,original,raw_double,false,,,1,0,exact_abs_or_rel,SKIP
se_G_02.mtx,cusparse_default,cusparse_csr,external_baseline,ok,none,external_baseline,0.0126,0.0102,1.000000,0.428571,,336,236,original,original,false,,,true,0,exact_abs_or_rel,SKIP
se_G_10.mtx,original_lb,original_lb,load_balanced_traversal,ok,none,promoted_fallback,0.0061,0.0059,2.442623,1.000000,,98256,32704,original,original,false,0,0,true,0,exact_abs_or_rel,SKIP
se_G_10.mtx,auto_lossless_lb,all_one_lb,lossless_value_specialized,ok,none,accuracy_pass_runtime_loss,0.0066,0.0043,2.257576,0.924242,,0,32704,auto_lossless,all_one,true,1,0,true,0,exact_abs_or_rel,SKIP
se_G_10.mtx,fp16_lb,fp16_lb,controlled_lossy_value_specialized,ok,none,accuracy_pass_runtime_win,0.0059,0.0041,2.525424,1.033898,,24564,32704,fp16,fp16,false,0,0,false,0,spmv_max_rel,SKIP
se_G_10.mtx,bf16_lb,bf16_lb,controlled_lossy_value_specialized,ok,none,accuracy_pass_runtime_win,0.0049,0.0044,3.040816,1.244898,,24564,32704,bf16,bf16,false,0,0,false,0,spmv_max_rel,SKIP
se_G_10.mtx,bfp8_lb,bfp8_lb,controlled_lossy_value_specialized,ok,none,accuracy_pass_runtime_win,0.0058,0.0045,2.568966,1.051724,,20458,32704,bfp8,bfp8,false,0,0,false,0,spmv_max_rel,SKIP
se_G_10.mtx,bfp8_outlier_lb,bfp8_outlier_lb,controlled_lossy_value_specialized,ok,none,accuracy_pass_runtime_win,0.0058,0.0050,2.568966,1.051724,,20458,32704,bfp8_outlier,bfp8_outlier,false,0,0,false,0,spmv_max_rel,SKIP
se_G_10.mtx,bfp4_lb,bfp4_lb,controlled_lossy_value_specialized,ok,none,accuracy_pass_runtime_loss,0.0082,0.0070,1.817073,0.743902,,14317,32704,bfp4,bfp4,false,0,0,false,0,spmv_max_rel,SKIP
se_G_10.mtx,hybrid_lb,hybrid_lb,structural_hybrid,ok,none,promoted_fallback,0.0060,0.0048,2.483333,1.016667,,98256,,original,raw_double,false,,,1,0,exact_abs_or_rel,SKIP
se_G_10.mtx,cusparse_default,cusparse_csr,external_baseline,ok,none,external_baseline,0.0149,0.0123,1.000000,0.409396,,98256,65516,original,original,false,,,true,0,exact_abs_or_rel,SKIP
semeion_10NN.mtx,original_lb,original_lb,load_balanced_traversal,ok,none,promoted_fallback,0.0091,0.0073,1.516484,1.000000,,177808,105424,original,original,false,0,0,true,0,exact_abs_or_rel,SKIP
semeion_10NN.mtx,auto_lossless_lb,original_lb,load_balanced_traversal,ok,none,promoted_fallback,0.0101,0.0092,1.366337,0.900990,,177808,105424,auto_lossless,original,true,1156,177808,true,0,exact_abs_or_rel,SKIP
semeion_10NN.mtx,fp16_lb,fp16_lb,controlled_lossy_value_specialized,ok,none,accuracy_pass_runtime_loss,0.0096,0.0076,1.437500,0.947917,,44452,105424,fp16,fp16,false,0,0,false,0,spmv_max_rel,SKIP
semeion_10NN.mtx,bf16_lb,bf16_lb,controlled_lossy_value_specialized,ok,none,accuracy_pass_runtime_loss,0.0095,0.0076,1.452632,0.957895,,44452,105424,bf16,bf16,false,0,0,false,0,spmv_max_rel,SKIP
semeion_10NN.mtx,bfp8_lb,bfp8_lb,controlled_lossy_value_specialized,ok,none,accuracy_pass_runtime_loss,0.0104,0.0092,1.326923,0.875000,,48582,105424,bfp8,bfp8,false,0,0,false,0,spmv_max_rel,SKIP
semeion_10NN.mtx,bfp8_outlier_lb,bfp8_outlier_lb,controlled_lossy_value_specialized,ok,none,accuracy_pass_runtime_loss,0.0117,0.0094,1.179487,0.777778,,50342,105424,bfp8_outlier,bfp8_outlier,false,0,0,false,0,spmv_max_rel,SKIP
semeion_10NN.mtx,bfp4_lb,bfp4_lb,controlled_lossy_value_specialized,ok,none,accuracy_pass_runtime_loss,0.0136,0.0126,1.014706,0.669118,,37469,105424,bfp4,bfp4,false,0,0,false,0,spmv_max_rel,SKIP
semeion_10NN.mtx,hybrid_lb,hybrid_lb,structural_hybrid,ok,none,promoted_fallback,0.0076,0.0059,1.815789,1.197368,,177808,,original,raw_double,false,,,1,0,exact_abs_or_rel,SKIP
semeion_10NN.mtx,cusparse_default,cusparse_csr,external_baseline,ok,none,external_baseline,0.0138,0.0102,1.000000,0.659420,,177808,95280,original,original,false,,,true,0,exact_abs_or_rel,SKIP
sherman5.mtx,original_lb,original_lb,load_balanced_traversal,ok,none,promoted_fallback,0.0080,0.0072,1.987500,1.000000,,166344,28232,original,original,false,0,0,true,0,exact_abs_or_rel,SKIP
sherman5.mtx,auto_lossless_lb,original_lb,load_balanced_traversal,ok,none,promoted_fallback,0.0080,0.0075,1.987500,1.000000,,166344,28232,auto_lossless,original,true,15096,166344,true,0,exact_abs_or_rel,SKIP
sherman5.mtx,fp16_lb,fp16_lb,controlled_lossy_value_specialized,ok,none,accuracy_pass_runtime_loss,0.0090,0.0078,1.766667,0.888889,,41586,28232,fp16,fp16,false,0,0,false,0,spmv_max_rel,SKIP
sherman5.mtx,bf16_lb,bf16_lb,controlled_lossy_value_specialized,ok,none,accuracy_pass_runtime_win,0.0075,0.0070,2.120000,1.066667,,41586,28232,bf16,bf16,false,0,0,false,0,spmv_max_rel,SKIP
sherman5.mtx,bfp8_lb,bfp8_lb,controlled_lossy_value_specialized,ok,none,accuracy_pass_runtime_loss,0.0081,0.0072,1.962963,0.987654,,27851,28232,bfp8,bfp8,false,0,0,false,0,spmv_max_rel,SKIP
sherman5.mtx,bfp8_outlier_lb,bfp8_outlier_lb,controlled_lossy_value_specialized,ok,none,accuracy_pass_runtime_loss,0.0095,0.0082,1.673684,0.842105,,29499,28232,bfp8_outlier,bfp8_outlier,false,0,0,false,0,spmv_max_rel,SKIP
sherman5.mtx,bfp4_lb,bfp4_lb,controlled_lossy_value_specialized,ok,none,accuracy_pass_runtime_loss,0.0101,0.0084,1.574257,0.792079,,17455,28232,bfp4,bfp4,false,0,0,false,0,spmv_max_rel,SKIP
sherman5.mtx,hybrid_lb,hybrid_lb,structural_hybrid,ok,none,promoted_fallback,0.0092,0.0072,1.728261,0.869565,,166344,,original,raw_double,false,,,1,0,exact_abs_or_rel,SKIP
sherman5.mtx,cusparse_default,cusparse_csr,external_baseline,ok,none,external_baseline,0.0159,0.0123,1.000000,0.503145,,166344,96424,original,original,false,,,true,0,exact_abs_or_rel,SKIP
small_A_05.mtx,original_lb,original_lb,load_balanced_traversal,ok,none,promoted_fallback,0.0070,0.0058,1.985714,1.000000,,26264,9040,original,original,false,0,0,true,0,exact_abs_or_rel,SKIP
small_A_05.mtx,auto_lossless_lb,original_lb,load_balanced_traversal,ok,none,promoted_fallback,0.0072,0.0063,1.930556,0.972222,,26264,9040,auto_lossless,original,true,623,26264,true,0,exact_abs_or_rel,SKIP
small_A_05.mtx,fp16_lb,fp16_lb,controlled_lossy_value_specialized,ok,none,accuracy_pass_runtime_loss,0.0086,0.0072,1.616279,0.813953,,6566,9040,fp16,fp16,false,0,0,false,0,spmv_max_rel,SKIP
small_A_05.mtx,bf16_lb,bf16_lb,controlled_lossy_value_specialized,ok,none,accuracy_pass_runtime_loss,0.0086,0.0072,1.616279,0.813953,,6566,9040,bf16,bf16,false,0,0,false,0,spmv_max_rel,SKIP
small_A_05.mtx,bfp8_lb,bfp8_lb,controlled_lossy_value_specialized,ok,none,accuracy_pass_runtime_loss,0.0077,0.0068,1.805195,0.909091,,5543,9040,bfp8,bfp8,false,0,0,false,0,spmv_max_rel,SKIP
small_A_05.mtx,bfp8_outlier_lb,bfp8_outlier_lb,controlled_lossy_value_specialized,ok,none,accuracy_pass_runtime_loss,0.0077,0.0068,1.805195,0.909091,,5543,9040,bfp8_outlier,bfp8_outlier,false,0,0,false,0,spmv_max_rel,SKIP
small_A_05.mtx,bfp4_lb,bfp4_lb,controlled_lossy_value_specialized,ok,none,accuracy_pass_runtime_loss,0.0090,0.0071,1.544444,0.777778,,3902,9040,bfp4,bfp4,false,0,0,false,0,spmv_max_rel,SKIP
small_A_05.mtx,hybrid_lb,hybrid_lb,structural_hybrid,ok,none,promoted_fallback,0.0063,0.0047,2.206349,1.111111,,26264,,original,raw_double,false,,,1,0,exact_abs_or_rel,SKIP
small_A_05.mtx,cusparse_default,cusparse_csr,external_baseline,ok,none,external_baseline,0.0139,0.0102,1.000000,0.503597,,26264,16004,original,original,false,,,true,0,exact_abs_or_rel,SKIP
small_A_13.mtx,original_lb,original_lb,load_balanced_traversal,ok,none,promoted_fallback,0.0075,0.0065,1.800000,1.000000,,26472,9248,original,original,false,0,0,true,0,exact_abs_or_rel,SKIP
small_A_13.mtx,auto_lossless_lb,original_lb,load_balanced_traversal,ok,none,promoted_fallback,0.0074,0.0062,1.824324,1.013514,,26472,9248,auto_lossless,original,true,708,26472,true,0,exact_abs_or_rel,SKIP
small_A_13.mtx,fp16_lb,fp16_lb,controlled_lossy_value_specialized,ok,none,accuracy_pass_runtime_loss,0.0084,0.0069,1.607143,0.892857,,6618,9248,fp16,fp16,false,0,0,false,0,spmv_max_rel,SKIP
small_A_13.mtx,bf16_lb,bf16_lb,controlled_lossy_value_specialized,ok,none,accuracy_pass_runtime_loss,0.0085,0.0068,1.588235,0.882353,,6618,9248,bf16,bf16,false,0,0,false,0,spmv_max_rel,SKIP
small_A_13.mtx,bfp8_lb,bfp8_lb,controlled_lossy_value_specialized,ok,none,accuracy_pass_runtime_loss,0.0086,0.0070,1.569767,0.872093,,5621,9248,bfp8,bfp8,false,0,0,false,0,spmv_max_rel,SKIP
small_A_13.mtx,bfp8_outlier_lb,bfp8_outlier_lb,controlled_lossy_value_specialized,ok,none,accuracy_pass_runtime_loss,0.0089,0.0075,1.516854,0.842697,,5621,9248,bfp8_outlier,bfp8_outlier,false,0,0,false,0,spmv_max_rel,SKIP
small_A_13.mtx,bfp4_lb,bfp4_lb,controlled_lossy_value_specialized,ok,none,accuracy_pass_runtime_loss,0.0108,0.0092,1.250000,0.694444,,3967,9248,bfp4,bfp4,false,0,0,false,0,spmv_max_rel,SKIP
small_A_13.mtx,hybrid_lb,hybrid_lb,structural_hybrid,ok,none,promoted_fallback,0.0071,0.0059,1.901408,1.056338,,26472,,original,raw_double,false,,,1,0,exact_abs_or_rel,SKIP
small_A_13.mtx,cusparse_default,cusparse_csr,external_baseline,ok,none,external_baseline,0.0135,0.0102,1.000000,0.555556,,26472,16064,original,original,false,,,true,0,exact_abs_or_rel,SKIP
spaceShuttleEntry_3.mtx,original_lb,original_lb,load_balanced_traversal,ok,none,promoted_fallback,0.0076,0.0058,1.776316,1.000000,,230056,43864,original,original,false,0,0,true,0,exact_abs_or_rel,SKIP
spaceShuttleEntry_3.mtx,auto_lossless_lb,original_lb,load_balanced_traversal,ok,none,promoted_fallback,0.0096,0.0078,1.406250,0.791667,,230056,43864,auto_lossless,original,true,8934,230056,true,0,exact_abs_or_rel,SKIP
spaceShuttleEntry_3.mtx,fp16_lb,fp16_lb,controlled_lossy_value_specialized,ok,none,accuracy_pass_runtime_loss,0.0089,0.0079,1.516854,0.853933,,57514,43864,fp16,fp16,false,0,0,false,0,spmv_max_rel,SKIP
spaceShuttleEntry_3.mtx,bf16_lb,bf16_lb,controlled_lossy_value_specialized,ok,none,accuracy_pass_runtime_loss,0.0091,0.0070,1.483516,0.835165,,57514,43864,bf16,bf16,false,0,0,false,0,spmv_max_rel,SKIP
spaceShuttleEntry_3.mtx,bfp8_lb,bfp8_lb,controlled_lossy_value_specialized,ok,none,accuracy_pass_runtime_loss,0.0094,0.0086,1.436170,0.808511,,39723,43864,bfp8,bfp8,false,0,0,false,0,spmv_max_rel,SKIP
spaceShuttleEntry_3.mtx,bfp8_outlier_lb,bfp8_outlier_lb,controlled_lossy_value_specialized,ok,none,accuracy_pass_runtime_loss,0.0117,0.0101,1.153846,0.649573,,41995,43864,bfp8_outlier,bfp8_outlier,false,0,0,false,0,spmv_max_rel,SKIP
spaceShuttleEntry_3.mtx,bfp4_lb,bfp4_lb,controlled_lossy_value_specialized,ok,none,accuracy_pass_runtime_loss,0.0137,0.0131,0.985401,0.554745,,25345,43864,bfp4,bfp4,false,0,0,false,0,spmv_max_rel,SKIP
spaceShuttleEntry_3.mtx,hybrid_lb,hybrid_lb,structural_hybrid,ok,none,promoted_fallback,0.0084,0.0070,1.607143,0.904762,,230056,,original,raw_double,false,,,1,0,exact_abs_or_rel,SKIP
spaceShuttleEntry_3.mtx,cusparse_default,cusparse_csr,external_baseline,ok,none,external_baseline,0.0135,0.0102,1.000000,0.562963,,230056,122368,original,original,false,,,true,0,exact_abs_or_rel,SKIP
spaceStation_2.mtx,original_lb,original_lb,load_balanced_traversal,ok,none,promoted_fallback,0.0088,0.0072,1.443182,1.000000,,46536,7552,original,original,false,0,0,true,0,exact_abs_or_rel,SKIP
spaceStation_2.mtx,auto_lossless_lb,original_lb,load_balanced_traversal,ok,none,promoted_fallback,0.0093,0.0080,1.365591,0.946237,,46536,7552,auto_lossless,original,true,1454,46536,true,0,exact_abs_or_rel,SKIP
spaceStation_2.mtx,fp16_lb,fp16_lb,controlled_lossy_value_specialized,ok,none,accuracy_pass_runtime_loss,0.0095,0.0083,1.336842,0.926316,,11634,7552,fp16,fp16,false,0,0,false,0,spmv_max_rel,SKIP
spaceStation_2.mtx,bf16_lb,bf16_lb,controlled_lossy_value_specialized,ok,none,accuracy_pass_runtime_loss,0.0096,0.0089,1.322917,0.916667,,11634,7552,bf16,bf16,false,0,0,false,0,spmv_max_rel,SKIP
spaceStation_2.mtx,bfp8_lb,bfp8_lb,controlled_lossy_value_specialized,ok,none,accuracy_pass_runtime_loss,0.0095,0.0076,1.336842,0.926316,,7705,7552,bfp8,bfp8,false,0,0,false,0,spmv_max_rel,SKIP
spaceStation_2.mtx,bfp8_outlier_lb,bfp8_outlier_lb,controlled_lossy_value_specialized,ok,none,accuracy_pass_runtime_loss,0.0114,0.0097,1.114035,0.771930,,8153,7552,bfp8_outlier,bfp8_outlier,false,0,0,false,0,spmv_max_rel,SKIP
spaceStation_2.mtx,bfp4_lb,bfp4_lb,controlled_lossy_value_specialized,ok,none,accuracy_pass_runtime_loss,0.0134,0.0109,0.947761,0.656716,,4797,7552,bfp4,bfp4,false,0,0,false,0,spmv_max_rel,SKIP
spaceStation_2.mtx,hybrid_lb,hybrid_lb,structural_hybrid,ok,none,promoted_fallback,0.0078,0.0064,1.628205,1.128205,,46536,,original,raw_double,false,,,1,0,exact_abs_or_rel,SKIP
spaceStation_2.mtx,cusparse_default,cusparse_csr,external_baseline,ok,none,external_baseline,0.0127,0.0102,1.000000,0.692913,,46536,24588,original,original,false,,,true,0,exact_abs_or_rel,SKIP
spiral_B.mtx,original_lb,original_lb,load_balanced_traversal,ok,none,promoted_fallback,0.0054,0.0038,2.222222,1.000000,,8,8,original,original,false,0,0,true,0,exact_abs_or_rel,SKIP
spiral_B.mtx,auto_lossless_lb,all_one_lb,lossless_value_specialized,ok,none,accuracy_pass_runtime_win,0.0049,0.0037,2.448980,1.102041,,0,8,auto_lossless,all_one,true,1,0,true,0,exact_abs_or_rel,SKIP
spiral_B.mtx,fp16_lb,fp16_lb,controlled_lossy_value_specialized,ok,none,accuracy_pass_runtime_loss,0.0059,0.0049,2.033898,0.915254,,2,8,fp16,fp16,false,0,0,false,0,spmv_max_rel,SKIP
spiral_B.mtx,bf16_lb,bf16_lb,controlled_lossy_value_specialized,ok,none,accuracy_pass_runtime_loss,0.0058,0.0050,2.068966,0.931034,,2,8,bf16,bf16,false,0,0,false,0,spmv_max_rel,SKIP
spiral_B.mtx,bfp8_lb,bfp8_lb,controlled_lossy_value_specialized,ok,none,accuracy_pass_runtime_loss,0.0055,0.0039,2.181818,0.981818,,3,8,bfp8,bfp8,false,0,0,false,0,spmv_max_rel,SKIP
spiral_B.mtx,bfp8_outlier_lb,bfp8_outlier_lb,controlled_lossy_value_specialized,ok,none,accuracy_pass_runtime_loss,0.0058,0.0048,2.068966,0.931034,,3,8,bfp8_outlier,bfp8_outlier,false,0,0,false,0,spmv_max_rel,SKIP
spiral_B.mtx,bfp4_lb,bfp4_lb,controlled_lossy_value_specialized,ok,none,accuracy_pass_runtime_loss,0.0054,0.0042,2.222222,1.000000,,3,8,bfp4,bfp4,false,0,0,false,0,spmv_max_rel,SKIP
spiral_B.mtx,hybrid_lb,hybrid_lb,structural_hybrid,ok,none,promoted_fallback,0.0056,0.0044,2.142857,0.964286,,8,,original,raw_double,false,,,1,0,exact_abs_or_rel,SKIP
spiral_B.mtx,cusparse_default,cusparse_csr,external_baseline,ok,none,external_baseline,0.0120,0.0102,1.000000,0.450000,,8,5744,original,original,false,,,true,0,exact_abs_or_rel,SKIP
ss1.mtx,original_lb,original_lb,load_balanced_traversal,ok,none,promoted_fallback,0.0239,0.0230,0.635983,1.000000,,6760712,2921544,original,original,false,0,0,true,0,exact_abs_or_rel,SKIP
ss1.mtx,auto_lossless_lb,original_lb,load_balanced_traversal,ok,none,promoted_fallback,0.0239,0.0230,0.635983,1.000000,,6760712,2921544,auto_lossless,original,true,184806,6760712,true,0,exact_abs_or_rel,SKIP
ss1.mtx,fp16_lb,fp16_lb,controlled_lossy_value_specialized,ok,none,accuracy_pass_runtime_win,0.0213,0.0201,0.713615,1.122066,,1690178,2921544,fp16,fp16,false,0,0,false,0,spmv_max_rel,SKIP
ss1.mtx,bf16_lb,bf16_lb,controlled_lossy_value_specialized,ok,none,accuracy_pass_runtime_win,0.0217,0.0204,0.700461,1.101382,,1690178,2921544,bf16,bf16,false,0,0,false,0,spmv_max_rel,SKIP
ss1.mtx,bfp8_lb,bfp8_lb,controlled_lossy_value_specialized,ok,none,accuracy_pass_runtime_win,0.0212,0.0198,0.716981,1.127358,,1575475,2921544,bfp8,bfp8,false,0,0,false,0,spmv_max_rel,SKIP
ss1.mtx,bfp8_outlier_lb,bfp8_outlier_lb,controlled_lossy_value_specialized,ok,none,accuracy_pass_runtime_win,0.0217,0.0200,0.700461,1.101382,,1575475,2921544,bfp8_outlier,bfp8_outlier,false,0,0,false,0,spmv_max_rel,SKIP
ss1.mtx,bfp4_lb,bfp4_lb,controlled_lossy_value_specialized,ok,none,accuracy_pass_runtime_win,0.0221,0.0214,0.687783,1.081448,,1152931,2921544,bfp4,bfp4,false,0,0,false,0,spmv_max_rel,SKIP
ss1.mtx,hybrid_lb,hybrid_lb,structural_hybrid,ok,none,promoted_fallback,0.0120,0.0108,1.266667,1.991667,,6760712,,original,raw_double,false,,,1,0,exact_abs_or_rel,SKIP
ss1.mtx,cusparse_default,cusparse_csr,external_baseline,ok,none,external_baseline,0.0152,0.0143,1.000000,1.572368,,6760712,4201488,original,original,false,,,true,0,exact_abs_or_rel,SKIP
stoch_aircraft.mtx,original_lb,original_lb,load_balanced_traversal,ok,none,promoted_fallback,0.0069,0.0040,2.072464,1.000000,,162136,39808,original,original,false,0,0,true,0,exact_abs_or_rel,SKIP
stoch_aircraft.mtx,auto_lossless_lb,dict256_u8_lb,lossless_value_specialized,ok,none,accuracy_pass_runtime_loss,0.0083,0.0077,1.722892,0.831325,,159376,39808,auto_lossless,dict256_u8,true,18,159376,true,18,exact_abs_or_rel,SKIP
stoch_aircraft.mtx,fp16_lb,fp16_lb,controlled_lossy_value_specialized,ok,none,accuracy_pass_runtime_win,0.0068,0.0053,2.102941,1.014706,,40534,39808,fp16,fp16,false,0,0,false,0,spmv_max_rel,SKIP
stoch_aircraft.mtx,bf16_lb,bf16_lb,controlled_lossy_value_specialized,ok,none,accuracy_pass_runtime_loss,0.0071,0.0057,2.014085,0.971831,,40534,39808,bf16,bf16,false,0,0,false,0,spmv_max_rel,SKIP
stoch_aircraft.mtx,bfp8_lb,bfp8_lb,controlled_lossy_value_specialized,ok,none,accuracy_pass_runtime_loss,0.0076,0.0061,1.881579,0.907895,,30219,39808,bfp8,bfp8,false,0,0,false,0,spmv_max_rel,SKIP
stoch_aircraft.mtx,bfp8_outlier_lb,bfp8_outlier_lb,controlled_lossy_value_specialized,ok,none,accuracy_pass_runtime_loss,0.0076,0.0060,1.881579,0.907895,,30219,39808,bfp8_outlier,bfp8_outlier,false,0,0,false,0,spmv_max_rel,SKIP
stoch_aircraft.mtx,bfp4_lb,bfp4_lb,controlled_lossy_value_specialized,ok,none,accuracy_pass_runtime_loss,0.0085,0.0072,1.682353,0.811765,,20086,39808,bfp4,bfp4,false,0,0,false,0,spmv_max_rel,SKIP
stoch_aircraft.mtx,hybrid_lb,hybrid_lb,structural_hybrid,ok,none,promoted_fallback,0.0058,0.0044,2.465517,1.189655,,162136,,original,raw_double,false,,,1,0,exact_abs_or_rel,SKIP
stoch_aircraft.mtx,cusparse_default,cusparse_csr,external_baseline,ok,none,external_baseline,0.0143,0.0123,1.000000,0.482517,,162136,96088,original,original,false,,,true,0,exact_abs_or_rel,SKIP
str_0.mtx,original_lb,original_lb,load_balanced_traversal,ok,none,promoted_fallback,0.0076,0.0058,1.578947,1.000000,,19632,3336,original,original,false,0,0,true,0,exact_abs_or_rel,SKIP
str_0.mtx,auto_lossless_lb,original_lb,load_balanced_traversal,ok,none,promoted_fallback,0.0068,0.0049,1.764706,1.117647,,19632,3336,auto_lossless,original,true,1345,19632,true,0,exact_abs_or_rel,SKIP
str_0.mtx,fp16_lb,fp16_lb,controlled_lossy_value_specialized,ok,none,accuracy_pass_runtime_win,0.0073,0.0068,1.643836,1.041096,,4908,3336,fp16,fp16,false,0,0,false,0,spmv_max_rel,SKIP
str_0.mtx,bf16_lb,bf16_lb,controlled_lossy_value_specialized,ok,none,accuracy_pass_runtime_win,0.0074,0.0070,1.621622,1.027027,,4908,3336,bf16,bf16,false,0,0,false,0,spmv_max_rel,SKIP
str_0.mtx,bfp8_lb,bfp8_lb,controlled_lossy_value_specialized,ok,none,accuracy_pass_runtime_win,0.0072,0.0056,1.666667,1.055556,,3288,3336,bfp8,bfp8,false,0,0,false,0,spmv_max_rel,SKIP
str_0.mtx,bfp8_outlier_lb,bfp8_outlier_lb,controlled_lossy_value_specialized,ok,none,accuracy_pass_runtime_loss,0.0091,0.0068,1.318681,0.835165,,3352,3336,bfp8_outlier,bfp8_outlier,false,0,0,false,0,spmv_max_rel,SKIP
str_0.mtx,bfp4_lb,bfp4_lb,controlled_lossy_value_specialized,ok,none,accuracy_pass_runtime_loss,0.0084,0.0066,1.428571,0.904762,,2061,3336,bfp4,bfp4,false,0,0,false,0,spmv_max_rel,SKIP
str_0.mtx,hybrid_lb,hybrid_lb,structural_hybrid,ok,none,promoted_fallback,0.0075,0.0058,1.600000,1.013333,,19632,,original,raw_double,false,,,1,0,exact_abs_or_rel,SKIP
str_0.mtx,cusparse_default,cusparse_csr,external_baseline,ok,none,external_baseline,0.0120,0.0102,1.000000,0.633333,,19632,11272,original,original,false,,,true,0,exact_abs_or_rel,SKIP
sx-askubuntu_A2Q.mtx,original_lb,original_lb,load_balanced_traversal,ok,none,promoted_fallback,0.0200,0.0188,1.060000,1.000000,,2096848,2036968,original,original,false,0,0,true,0,exact_abs_or_rel,SKIP
sx-askubuntu_A2Q.mtx,auto_lossless_lb,original_lb,load_balanced_traversal,ok,none,promoted_fallback,0.0208,0.0187,1.019231,0.961538,,2096848,2036968,auto_lossless,original,true,42,2096848,true,0,exact_abs_or_rel,SKIP
sx-askubuntu_A2Q.mtx,fp16_lb,fp16_lb,controlled_lossy_value_specialized,ok,none,accuracy_pass_runtime_win,0.0192,0.0178,1.104167,1.041667,,524212,2036968,fp16,fp16,false,0,0,false,0,spmv_max_rel,SKIP
sx-askubuntu_A2Q.mtx,bf16_lb,bf16_lb,controlled_lossy_value_specialized,ok,none,accuracy_pass_runtime_win,0.0190,0.0173,1.115789,1.052632,,524212,2036968,bf16,bf16,false,0,0,false,0,spmv_max_rel,SKIP
sx-askubuntu_A2Q.mtx,bfp8_lb,bfp8_lb,controlled_lossy_value_specialized,ok,none,accuracy_pass_runtime_win,0.0191,0.0172,1.109948,1.047120,,771348,2036968,bfp8,bfp8,false,0,0,false,0,spmv_max_rel,SKIP
sx-askubuntu_A2Q.mtx,bfp8_outlier_lb,bfp8_outlier_lb,controlled_lossy_value_specialized,ok,none,accuracy_pass_runtime_loss,0.0215,0.0208,0.986047,0.930233,,784052,2036968,bfp8_outlier,bfp8_outlier,false,0,0,false,0,spmv_max_rel,SKIP
sx-askubuntu_A2Q.mtx,bfp4_lb,bfp4_lb,controlled_lossy_value_specialized,ok,none,accuracy_pass_runtime_loss,0.0234,0.0225,0.905983,0.854701,,640295,2036968,bfp4,bfp4,false,0,0,false,0,spmv_max_rel,SKIP
sx-askubuntu_A2Q.mtx,hybrid_lb,hybrid_lb,structural_hybrid,ok,none,promoted_fallback,0.0150,0.0128,1.413333,1.333333,,2096848,,original,raw_double,false,,,1,0,exact_abs_or_rel,SKIP
sx-askubuntu_A2Q.mtx,cusparse_default,cusparse_csr,external_baseline,ok,none,external_baseline,0.0212,0.0184,1.000000,0.943396,,2096848,1685692,original,original,false,,,true,0,exact_abs_or_rel,SKIP
sx-stackoverflow_A2Q.mtx,original_lb,original_lb,load_balanced_traversal,ok,none,promoted_fallback,0.7448,0.7387,0.266112,1.000000,,130131160,128734384,original,original,false,0,0,true,0,exact_abs_or_rel,SKIP
sx-stackoverflow_A2Q.mtx,auto_lossless_lb,original_lb,load_balanced_traversal,ok,none,promoted_fallback,0.7449,0.7396,0.266076,0.999866,,130131160,128734384,auto_lossless,original,true,130,130131160,true,0,exact_abs_or_rel,SKIP
sx-stackoverflow_A2Q.mtx,fp16_lb,fp16_lb,controlled_lossy_value_specialized,ok,none,accuracy_pass_runtime_win,0.6458,0.6405,0.306906,1.153298,,32532790,128734384,fp16,fp16,false,0,0,false,0,spmv_max_rel,SKIP
sx-stackoverflow_A2Q.mtx,bf16_lb,bf16_lb,controlled_lossy_value_specialized,ok,none,accuracy_pass_runtime_win,0.6459,0.6404,0.306859,1.153120,,32532790,128734384,bf16,bf16,false,0,0,false,0,spmv_max_rel,SKIP
sx-stackoverflow_A2Q.mtx,bfp8_lb,bfp8_lb,controlled_lossy_value_specialized,ok,none,accuracy_pass_runtime_win,0.6472,0.6439,0.306242,1.150803,,48449991,128734384,bfp8,bfp8,false,0,0,false,0,spmv_max_rel,SKIP
sx-stackoverflow_A2Q.mtx,bfp8_outlier_lb,bfp8_outlier_lb,controlled_lossy_value_specialized,ok,none,accuracy_pass_runtime_win,0.6533,0.6486,0.303383,1.140058,,49687175,128734384,bfp8_outlier,bfp8_outlier,false,0,0,false,0,spmv_max_rel,SKIP
sx-stackoverflow_A2Q.mtx,bfp4_lb,bfp4_lb,controlled_lossy_value_specialized,ok,none,accuracy_pass_runtime_loss,0.7606,0.7559,0.260584,0.979227,,40316794,128734384,bfp4,bfp4,false,0,0,false,0,spmv_max_rel,SKIP
sx-stackoverflow_A2Q.mtx,hybrid_lb,hybrid_lb,structural_hybrid,ok,none,promoted_fallback,0.2362,0.2343,0.839119,3.153260,,130131160,,original,raw_double,false,,,1,0,exact_abs_or_rel,SKIP
sx-stackoverflow_A2Q.mtx,cusparse_default,cusparse_csr,external_baseline,ok,none,external_baseline,0.1982,0.1956,1.000000,3.757820,,130131160,75473492,original,original,false,,,true,0,exact_abs_or_rel,SKIP
t2d_q4_A_06.mtx,original_lb,original_lb,load_balanced_traversal,ok,none,promoted_fallback,0.0074,0.0056,1.891892,1.000000,,696200,97240,original,original,false,0,0,true,0,exact_abs_or_rel,SKIP
t2d_q4_A_06.mtx,auto_lossless_lb,original_lb,load_balanced_traversal,ok,none,promoted_fallback,0.0082,0.0067,1.707317,0.902439,,696200,97240,auto_lossless,original,true,87025,696200,true,0,exact_abs_or_rel,SKIP
t2d_q4_A_06.mtx,fp16_lb,fp16_lb,controlled_lossy_value_specialized,ok,none,accuracy_pass_runtime_loss,0.0077,0.0071,1.818182,0.961039,,174050,97240,fp16,fp16,false,0,0,false,0,spmv_max_rel,SKIP
t2d_q4_A_06.mtx,bf16_lb,bf16_lb,controlled_lossy_value_specialized,ok,none,accuracy_pass_runtime_loss,0.0084,0.0064,1.666667,0.880952,,174050,97240,bf16,bf16,false,0,0,false,0,spmv_max_rel,SKIP
t2d_q4_A_06.mtx,bfp8_lb,bfp8_lb,controlled_lossy_value_specialized,ok,none,accuracy_pass_runtime_win,0.0072,0.0051,1.944444,1.027778,,111335,97240,bfp8,bfp8,false,0,0,false,0,spmv_max_rel,SKIP
t2d_q4_A_06.mtx,bfp8_outlier_lb,bfp8_outlier_lb,controlled_lossy_value_specialized,ok,none,accuracy_pass_runtime_loss,0.0093,0.0077,1.505376,0.795699,,118295,97240,bfp8_outlier,bfp8_outlier,false,0,0,false,0,spmv_max_rel,SKIP
t2d_q4_A_06.mtx,bfp4_lb,bfp4_lb,controlled_lossy_value_specialized,ok,none,accuracy_pass_runtime_loss,0.0088,0.0076,1.590909,0.840909,,67823,97240,bfp4,bfp4,false,0,0,false,0,spmv_max_rel,SKIP
t2d_q4_A_06.mtx,hybrid_lb,hybrid_lb,structural_hybrid,ok,none,promoted_fallback,0.0069,0.0046,2.028986,1.072464,,696200,,original,raw_double,false,,,1,0,exact_abs_or_rel,SKIP
t2d_q4_A_06.mtx,cusparse_default,cusparse_csr,external_baseline,ok,none,external_baseline,0.0140,0.0123,1.000000,0.528571,,696200,387308,original,original,false,,,true,0,exact_abs_or_rel,SKIP
t2d_q4_A_14.mtx,original_lb,original_lb,load_balanced_traversal,ok,none,promoted_fallback,0.0074,0.0057,1.918919,1.000000,,696200,97240,original,original,false,0,0,true,0,exact_abs_or_rel,SKIP
t2d_q4_A_14.mtx,auto_lossless_lb,original_lb,load_balanced_traversal,ok,none,promoted_fallback,0.0063,0.0053,2.253968,1.174603,,696200,97240,auto_lossless,original,true,87025,696200,true,0,exact_abs_or_rel,SKIP
t2d_q4_A_14.mtx,fp16_lb,fp16_lb,controlled_lossy_value_specialized,ok,none,accuracy_pass_runtime_loss,0.0075,0.0057,1.893333,0.986667,,174050,97240,fp16,fp16,false,0,0,false,0,spmv_max_rel,SKIP
t2d_q4_A_14.mtx,bf16_lb,bf16_lb,controlled_lossy_value_specialized,ok,none,accuracy_pass_runtime_loss,0.0075,0.0057,1.893333,0.986667,,174050,97240,bf16,bf16,false,0,0,false,0,spmv_max_rel,SKIP
t2d_q4_A_14.mtx,bfp8_lb,bfp8_lb,controlled_lossy_value_specialized,ok,none,accuracy_pass_runtime_win,0.0070,0.0055,2.028571,1.057143,,111335,97240,bfp8,bfp8,false,0,0,false,0,spmv_max_rel,SKIP
t2d_q4_A_14.mtx,bfp8_outlier_lb,bfp8_outlier_lb,controlled_lossy_value_specialized,ok,none,accuracy_pass_runtime_loss,0.0089,0.0059,1.595506,0.831461,,118295,97240,bfp8_outlier,bfp8_outlier,false,0,0,false,0,spmv_max_rel,SKIP
t2d_q4_A_14.mtx,bfp4_lb,bfp4_lb,controlled_lossy_value_specialized,ok,none,accuracy_pass_runtime_win,0.0073,0.0062,1.945205,1.013699,,67823,97240,bfp4,bfp4,false,0,0,false,0,spmv_max_rel,SKIP
t2d_q4_A_14.mtx,hybrid_lb,hybrid_lb,structural_hybrid,ok,none,promoted_fallback,0.0072,0.0061,1.972222,1.027778,,696200,,original,raw_double,false,,,1,0,exact_abs_or_rel,SKIP
t2d_q4_A_14.mtx,cusparse_default,cusparse_csr,external_baseline,ok,none,external_baseline,0.0142,0.0123,1.000000,0.521127,,696200,387308,original,original,false,,,true,0,exact_abs_or_rel,SKIP
t2d_q4_A_22.mtx,original_lb,original_lb,load_balanced_traversal,ok,none,promoted_fallback,0.0121,0.0112,1.206612,1.000000,,696200,97240,original,original,false,0,0,true,0,exact_abs_or_rel,SKIP
t2d_q4_A_22.mtx,auto_lossless_lb,original_lb,load_balanced_traversal,ok,none,promoted_fallback,0.0058,0.0045,2.517241,2.086207,,696200,97240,auto_lossless,original,true,87025,696200,true,0,exact_abs_or_rel,SKIP
t2d_q4_A_22.mtx,fp16_lb,fp16_lb,controlled_lossy_value_specialized,ok,none,accuracy_pass_runtime_win,0.0073,0.0053,2.000000,1.657534,,174050,97240,fp16,fp16,false,0,0,false,0,spmv_max_rel,SKIP
t2d_q4_A_22.mtx,bf16_lb,bf16_lb,controlled_lossy_value_specialized,ok,none,accuracy_pass_runtime_win,0.0075,0.0071,1.946667,1.613333,,174050,97240,bf16,bf16,false,0,0,false,0,spmv_max_rel,SKIP
t2d_q4_A_22.mtx,bfp8_lb,bfp8_lb,controlled_lossy_value_specialized,ok,none,accuracy_pass_runtime_win,0.0077,0.0054,1.896104,1.571429,,111335,97240,bfp8,bfp8,false,0,0,false,0,spmv_max_rel,SKIP
t2d_q4_A_22.mtx,bfp8_outlier_lb,bfp8_outlier_lb,controlled_lossy_value_specialized,ok,none,accuracy_pass_runtime_win,0.0093,0.0076,1.569892,1.301075,,118295,97240,bfp8_outlier,bfp8_outlier,false,0,0,false,0,spmv_max_rel,SKIP
t2d_q4_A_22.mtx,bfp4_lb,bfp4_lb,controlled_lossy_value_specialized,ok,none,accuracy_pass_runtime_win,0.0074,0.0063,1.972973,1.635135,,67823,97240,bfp4,bfp4,false,0,0,false,0,spmv_max_rel,SKIP
t2d_q4_A_22.mtx,hybrid_lb,hybrid_lb,structural_hybrid,ok,none,promoted_fallback,0.0066,0.0052,2.212121,1.833333,,696200,,original,raw_double,false,,,1,0,exact_abs_or_rel,SKIP
t2d_q4_A_22.mtx,cusparse_default,cusparse_csr,external_baseline,ok,none,external_baseline,0.0146,0.0123,1.000000,0.828767,,696200,387308,original,original,false,,,true,0,exact_abs_or_rel,SKIP
t2d_q4_A_30.mtx,original_lb,original_lb,load_balanced_traversal,ok,none,promoted_fallback,0.0078,0.0059,1.717949,1.000000,,696200,97240,original,original,false,0,0,true,0,exact_abs_or_rel,SKIP
t2d_q4_A_30.mtx,auto_lossless_lb,original_lb,load_balanced_traversal,ok,none,promoted_fallback,0.0062,0.0056,2.161290,1.258065,,696200,97240,auto_lossless,original,true,87025,696200,true,0,exact_abs_or_rel,SKIP
t2d_q4_A_30.mtx,fp16_lb,fp16_lb,controlled_lossy_value_specialized,ok,none,accuracy_pass_runtime_win,0.0076,0.0053,1.763158,1.026316,,174050,97240,fp16,fp16,false,0,0,false,0,spmv_max_rel,SKIP
t2d_q4_A_30.mtx,bf16_lb,bf16_lb,controlled_lossy_value_specialized,ok,none,accuracy_pass_runtime_loss,0.0078,0.0052,1.717949,1.000000,,174050,97240,bf16,bf16,false,0,0,false,0,spmv_max_rel,SKIP
t2d_q4_A_30.mtx,bfp8_lb,bfp8_lb,controlled_lossy_value_specialized,ok,none,accuracy_pass_runtime_win,0.0074,0.0059,1.810811,1.054054,,111335,97240,bfp8,bfp8,false,0,0,false,0,spmv_max_rel,SKIP
t2d_q4_A_30.mtx,bfp8_outlier_lb,bfp8_outlier_lb,controlled_lossy_value_specialized,ok,none,accuracy_pass_runtime_loss,0.0097,0.0077,1.381443,0.804124,,118295,97240,bfp8_outlier,bfp8_outlier,false,0,0,false,0,spmv_max_rel,SKIP
t2d_q4_A_30.mtx,bfp4_lb,bfp4_lb,controlled_lossy_value_specialized,ok,none,accuracy_pass_runtime_win,0.0074,0.0068,1.810811,1.054054,,67823,97240,bfp4,bfp4,false,0,0,false,0,spmv_max_rel,SKIP
t2d_q4_A_30.mtx,hybrid_lb,hybrid_lb,structural_hybrid,ok,none,promoted_fallback,0.0067,0.0056,2.000000,1.164179,,696200,,original,raw_double,false,,,1,0,exact_abs_or_rel,SKIP
t2d_q4_A_30.mtx,cusparse_default,cusparse_csr,external_baseline,ok,none,external_baseline,0.0134,0.0123,1.000000,0.582090,,696200,387308,original,original,false,,,true,0,exact_abs_or_rel,SKIP
t2d_q4_A_38.mtx,original_lb,original_lb,load_balanced_traversal,ok,none,promoted_fallback,0.0075,0.0071,1.813333,1.000000,,696200,97240,original,original,false,0,0,true,0,exact_abs_or_rel,SKIP
t2d_q4_A_38.mtx,auto_lossless_lb,original_lb,load_balanced_traversal,ok,none,promoted_fallback,0.0061,0.0054,2.229508,1.229508,,696200,97240,auto_lossless,original,true,87025,696200,true,0,exact_abs_or_rel,SKIP
t2d_q4_A_38.mtx,fp16_lb,fp16_lb,controlled_lossy_value_specialized,ok,none,accuracy_pass_runtime_win,0.0073,0.0069,1.863014,1.027397,,174050,97240,fp16,fp16,false,0,0,false,0,spmv_max_rel,SKIP
t2d_q4_A_38.mtx,bf16_lb,bf16_lb,controlled_lossy_value_specialized,ok,none,accuracy_pass_runtime_win,0.0074,0.0069,1.837838,1.013514,,174050,97240,bf16,bf16,false,0,0,false,0,spmv_max_rel,SKIP
t2d_q4_A_38.mtx,bfp8_lb,bfp8_lb,controlled_lossy_value_specialized,ok,none,accuracy_pass_runtime_loss,0.0079,0.0065,1.721519,0.949367,,111335,97240,bfp8,bfp8,false,0,0,false,0,spmv_max_rel,SKIP
t2d_q4_A_38.mtx,bfp8_outlier_lb,bfp8_outlier_lb,controlled_lossy_value_specialized,ok,none,accuracy_pass_runtime_loss,0.0091,0.0077,1.494505,0.824176,,118295,97240,bfp8_outlier,bfp8_outlier,false,0,0,false,0,spmv_max_rel,SKIP
t2d_q4_A_38.mtx,bfp4_lb,bfp4_lb,controlled_lossy_value_specialized,ok,none,accuracy_pass_runtime_win,0.0070,0.0059,1.942857,1.071429,,67823,97240,bfp4,bfp4,false,0,0,false,0,spmv_max_rel,SKIP
t2d_q4_A_38.mtx,hybrid_lb,hybrid_lb,structural_hybrid,ok,none,promoted_fallback,0.0083,0.0066,1.638554,0.903614,,696200,,original,raw_double,false,,,1,0,exact_abs_or_rel,SKIP
t2d_q4_A_38.mtx,cusparse_default,cusparse_csr,external_baseline,ok,none,external_baseline,0.0136,0.0123,1.000000,0.551471,,696200,387308,original,original,false,,,true,0,exact_abs_or_rel,SKIP
t2d_q9.mtx,original_lb,original_lb,load_balanced_traversal,ok,none,promoted_fallback,0.0074,0.0068,1.864865,1.000000,,696200,97240,original,original,false,0,0,true,0,exact_abs_or_rel,SKIP
t2d_q9.mtx,auto_lossless_lb,original_lb,load_balanced_traversal,ok,none,promoted_fallback,0.0097,0.0053,1.422680,0.762887,,696200,97240,auto_lossless,original,true,1383,696200,true,0,exact_abs_or_rel,SKIP
t2d_q9.mtx,fp16_lb,fp16_lb,controlled_lossy_value_specialized,ok,none,accuracy_pass_runtime_loss,0.0075,0.0071,1.840000,0.986667,,174050,97240,fp16,fp16,false,0,0,false,0,spmv_max_rel,SKIP
t2d_q9.mtx,bf16_lb,bf16_lb,controlled_lossy_value_specialized,ok,none,accuracy_pass_runtime_loss,0.0081,0.0066,1.703704,0.913580,,174050,97240,bf16,bf16,false,0,0,false,0,spmv_max_rel,SKIP
t2d_q9.mtx,bfp8_lb,bfp8_lb,controlled_lossy_value_specialized,ok,none,accuracy_pass_runtime_loss,0.0078,0.0064,1.769231,0.948718,,111335,97240,bfp8,bfp8,false,0,0,false,0,spmv_max_rel,SKIP
t2d_q9.mtx,bfp8_outlier_lb,bfp8_outlier_lb,controlled_lossy_value_specialized,ok,none,accuracy_pass_runtime_loss,0.0090,0.0082,1.533333,0.822222,,117943,97240,bfp8_outlier,bfp8_outlier,false,0,0,false,0,spmv_max_rel,SKIP
t2d_q9.mtx,bfp4_lb,bfp4_lb,controlled_lossy_value_specialized,ok,none,accuracy_pass_runtime_win,0.0070,0.0061,1.971429,1.057143,,67823,97240,bfp4,bfp4,false,0,0,false,0,spmv_max_rel,SKIP
t2d_q9.mtx,hybrid_lb,hybrid_lb,structural_hybrid,ok,none,promoted_fallback,0.0071,0.0055,1.943662,1.042254,,696200,,original,raw_double,false,,,1,0,exact_abs_or_rel,SKIP
t2d_q9.mtx,cusparse_default,cusparse_csr,external_baseline,ok,none,external_baseline,0.0138,0.0123,1.000000,0.536232,,696200,387308,original,original,false,,,true,0,exact_abs_or_rel,SKIP
t2d_q9_A_08.mtx,original_lb,original_lb,load_balanced_traversal,ok,none,promoted_fallback,0.0076,0.0057,1.842105,1.000000,,696200,97240,original,original,false,0,0,true,0,exact_abs_or_rel,SKIP
t2d_q9_A_08.mtx,auto_lossless_lb,original_lb,load_balanced_traversal,ok,none,promoted_fallback,0.0082,0.0073,1.707317,0.926829,,696200,97240,auto_lossless,original,true,87025,696200,true,0,exact_abs_or_rel,SKIP
t2d_q9_A_08.mtx,fp16_lb,fp16_lb,controlled_lossy_value_specialized,ok,none,accuracy_pass_runtime_win,0.0075,0.0058,1.866667,1.013333,,174050,97240,fp16,fp16,false,0,0,false,0,spmv_max_rel,SKIP
t2d_q9_A_08.mtx,bf16_lb,bf16_lb,controlled_lossy_value_specialized,ok,none,accuracy_pass_runtime_loss,0.0077,0.0057,1.818182,0.987013,,174050,97240,bf16,bf16,false,0,0,false,0,spmv_max_rel,SKIP
t2d_q9_A_08.mtx,bfp8_lb,bfp8_lb,controlled_lossy_value_specialized,ok,none,accuracy_pass_runtime_win,0.0072,0.0054,1.944444,1.055556,,111335,97240,bfp8,bfp8,false,0,0,false,0,spmv_max_rel,SKIP
t2d_q9_A_08.mtx,bfp8_outlier_lb,bfp8_outlier_lb,controlled_lossy_value_specialized,ok,none,accuracy_pass_runtime_loss,0.0090,0.0072,1.555556,0.844444,,118295,97240,bfp8_outlier,bfp8_outlier,false,0,0,false,0,spmv_max_rel,SKIP
t2d_q9_A_08.mtx,bfp4_lb,bfp4_lb,controlled_lossy_value_specialized,ok,none,accuracy_pass_runtime_win,0.0074,0.0071,1.891892,1.027027,,67823,97240,bfp4,bfp4,false,0,0,false,0,spmv_max_rel,SKIP
t2d_q9_A_08.mtx,hybrid_lb,hybrid_lb,structural_hybrid,ok,none,promoted_fallback,0.0069,0.0056,2.028986,1.101449,,696200,,original,raw_double,false,,,1,0,exact_abs_or_rel,SKIP
t2d_q9_A_08.mtx,cusparse_default,cusparse_csr,external_baseline,ok,none,external_baseline,0.0140,0.0123,1.000000,0.542857,,696200,387308,original,original,false,,,true,0,exact_abs_or_rel,SKIP
t2d_q9_A_16.mtx,original_lb,original_lb,load_balanced_traversal,ok,none,promoted_fallback,0.0073,0.0059,1.890411,1.000000,,696200,97240,original,original,false,0,0,true,0,exact_abs_or_rel,SKIP
t2d_q9_A_16.mtx,auto_lossless_lb,original_lb,load_balanced_traversal,ok,none,promoted_fallback,0.0063,0.0049,2.190476,1.158730,,696200,97240,auto_lossless,original,true,87025,696200,true,0,exact_abs_or_rel,SKIP
t2d_q9_A_16.mtx,fp16_lb,fp16_lb,controlled_lossy_value_specialized,ok,none,accuracy_pass_runtime_loss,0.0078,0.0069,1.769231,0.935897,,174050,97240,fp16,fp16,false,0,0,false,0,spmv_max_rel,SKIP
t2d_q9_A_16.mtx,bf16_lb,bf16_lb,controlled_lossy_value_specialized,ok,none,accuracy_pass_runtime_loss,0.0074,0.0072,1.864865,0.986486,,174050,97240,bf16,bf16,false,0,0,false,0,spmv_max_rel,SKIP
t2d_q9_A_16.mtx,bfp8_lb,bfp8_lb,controlled_lossy_value_specialized,ok,none,accuracy_pass_runtime_loss,0.0079,0.0062,1.746835,0.924051,,111335,97240,bfp8,bfp8,false,0,0,false,0,spmv_max_rel,SKIP
t2d_q9_A_16.mtx,bfp8_outlier_lb,bfp8_outlier_lb,controlled_lossy_value_specialized,ok,none,accuracy_pass_runtime_loss,0.0092,0.0076,1.500000,0.793478,,118295,97240,bfp8_outlier,bfp8_outlier,false,0,0,false,0,spmv_max_rel,SKIP
t2d_q9_A_16.mtx,bfp4_lb,bfp4_lb,controlled_lossy_value_specialized,ok,none,accuracy_pass_runtime_win,0.0071,0.0061,1.943662,1.028169,,67823,97240,bfp4,bfp4,false,0,0,false,0,spmv_max_rel,SKIP
t2d_q9_A_16.mtx,hybrid_lb,hybrid_lb,structural_hybrid,ok,none,promoted_fallback,0.0068,0.0052,2.029412,1.073529,,696200,,original,raw_double,false,,,1,0,exact_abs_or_rel,SKIP
t2d_q9_A_16.mtx,cusparse_default,cusparse_csr,external_baseline,ok,none,external_baseline,0.0138,0.0123,1.000000,0.528986,,696200,387308,original,original,false,,,true,0,exact_abs_or_rel,SKIP
t2d_q9_A_24.mtx,original_lb,original_lb,load_balanced_traversal,ok,none,promoted_fallback,0.0074,0.0071,1.918919,1.000000,,696200,97240,original,original,false,0,0,true,0,exact_abs_or_rel,SKIP
t2d_q9_A_24.mtx,auto_lossless_lb,original_lb,load_balanced_traversal,ok,none,promoted_fallback,0.0059,0.0052,2.406780,1.254237,,696200,97240,auto_lossless,original,true,87025,696200,true,0,exact_abs_or_rel,SKIP
t2d_q9_A_24.mtx,fp16_lb,fp16_lb,controlled_lossy_value_specialized,ok,none,accuracy_pass_runtime_loss,0.0080,0.0065,1.775000,0.925000,,174050,97240,fp16,fp16,false,0,0,false,0,spmv_max_rel,SKIP
t2d_q9_A_24.mtx,bf16_lb,bf16_lb,controlled_lossy_value_specialized,ok,none,accuracy_pass_runtime_win,0.0073,0.0056,1.945205,1.013699,,174050,97240,bf16,bf16,false,0,0,false,0,spmv_max_rel,SKIP
t2d_q9_A_24.mtx,bfp8_lb,bfp8_lb,controlled_lossy_value_specialized,ok,none,accuracy_pass_runtime_loss,0.0076,0.0059,1.868421,0.973684,,111335,97240,bfp8,bfp8,false,0,0,false,0,spmv_max_rel,SKIP
t2d_q9_A_24.mtx,bfp8_outlier_lb,bfp8_outlier_lb,controlled_lossy_value_specialized,ok,none,accuracy_pass_runtime_loss,0.0085,0.0069,1.670588,0.870588,,118295,97240,bfp8_outlier,bfp8_outlier,false,0,0,false,0,spmv_max_rel,SKIP
t2d_q9_A_24.mtx,bfp4_lb,bfp4_lb,controlled_lossy_value_specialized,ok,none,accuracy_pass_runtime_loss,0.0074,0.0063,1.918919,1.000000,,67823,97240,bfp4,bfp4,false,0,0,false,0,spmv_max_rel,SKIP
t2d_q9_A_24.mtx,hybrid_lb,hybrid_lb,structural_hybrid,ok,none,promoted_fallback,0.0069,0.0055,2.057971,1.072464,,696200,,original,raw_double,false,,,1,0,exact_abs_or_rel,SKIP
t2d_q9_A_24.mtx,cusparse_default,cusparse_csr,external_baseline,ok,none,external_baseline,0.0142,0.0123,1.000000,0.521127,,696200,387308,original,original,false,,,true,0,exact_abs_or_rel,SKIP
t2d_q9_A_32.mtx,original_lb,original_lb,load_balanced_traversal,ok,none,promoted_fallback,0.0076,0.0053,1.934211,1.000000,,696200,97240,original,original,false,0,0,true,0,exact_abs_or_rel,SKIP
t2d_q9_A_32.mtx,auto_lossless_lb,original_lb,load_balanced_traversal,ok,none,promoted_fallback,0.0061,0.0052,2.409836,1.245902,,696200,97240,auto_lossless,original,true,87025,696200,true,0,exact_abs_or_rel,SKIP
t2d_q9_A_32.mtx,fp16_lb,fp16_lb,controlled_lossy_value_specialized,ok,none,accuracy_pass_runtime_loss,0.0079,0.0071,1.860759,0.962025,,174050,97240,fp16,fp16,false,0,0,false,0,spmv_max_rel,SKIP
t2d_q9_A_32.mtx,bf16_lb,bf16_lb,controlled_lossy_value_specialized,ok,none,accuracy_pass_runtime_loss,0.0079,0.0056,1.860759,0.962025,,174050,97240,bf16,bf16,false,0,0,false,0,spmv_max_rel,SKIP
t2d_q9_A_32.mtx,bfp8_lb,bfp8_lb,controlled_lossy_value_specialized,ok,none,accuracy_pass_runtime_win,0.0072,0.0061,2.041667,1.055556,,111335,97240,bfp8,bfp8,false,0,0,false,0,spmv_max_rel,SKIP
t2d_q9_A_32.mtx,bfp8_outlier_lb,bfp8_outlier_lb,controlled_lossy_value_specialized,ok,none,accuracy_pass_runtime_loss,0.0091,0.0076,1.615385,0.835165,,118295,97240,bfp8_outlier,bfp8_outlier,false,0,0,false,0,spmv_max_rel,SKIP
t2d_q9_A_32.mtx,bfp4_lb,bfp4_lb,controlled_lossy_value_specialized,ok,none,accuracy_pass_runtime_win,0.0069,0.0062,2.130435,1.101449,,67823,97240,bfp4,bfp4,false,0,0,false,0,spmv_max_rel,SKIP
t2d_q9_A_32.mtx,hybrid_lb,hybrid_lb,structural_hybrid,ok,none,promoted_fallback,0.0066,0.0054,2.227273,1.151515,,696200,,original,raw_double,false,,,1,0,exact_abs_or_rel,SKIP
t2d_q9_A_32.mtx,cusparse_default,cusparse_csr,external_baseline,ok,none,external_baseline,0.0147,0.0123,1.000000,0.517007,,696200,387308,original,original,false,,,true,0,exact_abs_or_rel,SKIP
t2d_q9_A_40.mtx,original_lb,original_lb,load_balanced_traversal,ok,none,promoted_fallback,0.0079,0.0061,1.797468,1.000000,,696200,97240,original,original,false,0,0,true,0,exact_abs_or_rel,SKIP
t2d_q9_A_40.mtx,auto_lossless_lb,original_lb,load_balanced_traversal,ok,none,promoted_fallback,0.0068,0.0055,2.088235,1.161765,,696200,97240,auto_lossless,original,true,87025,696200,true,0,exact_abs_or_rel,SKIP
t2d_q9_A_40.mtx,fp16_lb,fp16_lb,controlled_lossy_value_specialized,ok,none,accuracy_pass_runtime_win,0.0077,0.0062,1.844156,1.025974,,174050,97240,fp16,fp16,false,0,0,false,0,spmv_max_rel,SKIP
t2d_q9_A_40.mtx,bf16_lb,bf16_lb,controlled_lossy_value_specialized,ok,none,accuracy_pass_runtime_win,0.0076,0.0053,1.868421,1.039474,,174050,97240,bf16,bf16,false,0,0,false,0,spmv_max_rel,SKIP
t2d_q9_A_40.mtx,bfp8_lb,bfp8_lb,controlled_lossy_value_specialized,ok,none,accuracy_pass_runtime_win,0.0076,0.0059,1.868421,1.039474,,111335,97240,bfp8,bfp8,false,0,0,false,0,spmv_max_rel,SKIP
t2d_q9_A_40.mtx,bfp8_outlier_lb,bfp8_outlier_lb,controlled_lossy_value_specialized,ok,none,accuracy_pass_runtime_loss,0.0094,0.0076,1.510638,0.840426,,118295,97240,bfp8_outlier,bfp8_outlier,false,0,0,false,0,spmv_max_rel,SKIP
t2d_q9_A_40.mtx,bfp4_lb,bfp4_lb,controlled_lossy_value_specialized,ok,none,accuracy_pass_runtime_win,0.0072,0.0064,1.972222,1.097222,,67823,97240,bfp4,bfp4,false,0,0,false,0,spmv_max_rel,SKIP
t2d_q9_A_40.mtx,hybrid_lb,hybrid_lb,structural_hybrid,ok,none,promoted_fallback,0.0071,0.0052,2.000000,1.112676,,696200,,original,raw_double,false,,,1,0,exact_abs_or_rel,SKIP
t2d_q9_A_40.mtx,cusparse_default,cusparse_csr,external_baseline,ok,none,external_baseline,0.0142,0.0123,1.000000,0.556338,,696200,387308,original,original,false,,,true,0,exact_abs_or_rel,SKIP
t2dal_bci_Abottom.mtx,original_lb,original_lb,load_balanced_traversal,ok,none,promoted_fallback,0.0057,0.0039,2.421053,1.000000,,792,784,original,original,false,0,0,true,0,exact_abs_or_rel,SKIP
t2dal_bci_Abottom.mtx,auto_lossless_lb,original_lb,load_balanced_traversal,ok,none,promoted_fallback,0.0047,0.0033,2.936170,1.212766,,792,784,auto_lossless,original,true,99,792,true,0,exact_abs_or_rel,SKIP
t2dal_bci_Abottom.mtx,fp16_lb,fp16_lb,controlled_lossy_value_specialized,ok,none,accuracy_pass_runtime_loss,0.0058,0.0050,2.379310,0.982759,,198,784,fp16,fp16,false,0,0,false,0,spmv_max_rel,SKIP
t2dal_bci_Abottom.mtx,bf16_lb,bf16_lb,controlled_lossy_value_specialized,ok,none,accuracy_pass_runtime_loss,0.0059,0.0048,2.338983,0.966102,,198,784,bf16,bf16,false,0,0,false,0,spmv_max_rel,SKIP
t2dal_bci_Abottom.mtx,bfp8_lb,bfp8_lb,controlled_lossy_value_specialized,ok,none,accuracy_pass_runtime_win,0.0050,0.0038,2.760000,1.140000,,295,784,bfp8,bfp8,false,0,0,false,0,spmv_max_rel,SKIP
t2dal_bci_Abottom.mtx,bfp8_outlier_lb,bfp8_outlier_lb,controlled_lossy_value_specialized,ok,none,accuracy_pass_runtime_win,0.0051,0.0035,2.705882,1.117647,,295,784,bfp8_outlier,bfp8_outlier,false,0,0,false,0,spmv_max_rel,SKIP
t2dal_bci_Abottom.mtx,bfp4_lb,bfp4_lb,controlled_lossy_value_specialized,ok,none,accuracy_pass_runtime_win,0.0051,0.0037,2.705882,1.117647,,246,784,bfp4,bfp4,false,0,0,false,0,spmv_max_rel,SKIP
t2dal_bci_Abottom.mtx,hybrid_lb,hybrid_lb,structural_hybrid,ok,none,promoted_fallback,0.0059,0.0047,2.338983,0.966102,,792,,original,raw_double,false,,,1,0,exact_abs_or_rel,SKIP
t2dal_bci_Abottom.mtx,cusparse_default,cusparse_csr,external_baseline,ok,none,external_baseline,0.0138,0.0123,1.000000,0.413043,,792,17428,original,original,false,,,true,0,exact_abs_or_rel,SKIP
tols4000.mtx,original_lb,original_lb,load_balanced_traversal,ok,none,promoted_fallback,0.0074,0.0063,1.945946,1.000000,,70272,14920,original,original,false,0,0,true,0,exact_abs_or_rel,SKIP
tols4000.mtx,auto_lossless_lb,original_lb,load_balanced_traversal,ok,none,promoted_fallback,0.0091,0.0075,1.582418,0.813187,,70272,14920,auto_lossless,original,true,3188,70272,true,0,exact_abs_or_rel,SKIP
tols4000.mtx,fp16_lb,fp16_lb,controlled_lossy_value_specialized,ok,none,accuracy_pass_runtime_loss,0.0083,0.0069,1.734940,0.891566,,17568,14920,fp16,fp16,false,0,0,false,0,spmv_max_rel,SKIP
tols4000.mtx,bf16_lb,bf16_lb,controlled_lossy_value_specialized,ok,none,accuracy_pass_runtime_loss,0.0103,0.0097,1.398058,0.718447,,17568,14920,bf16,bf16,false,0,0,false,0,spmv_max_rel,SKIP
tols4000.mtx,bfp8_lb,bfp8_lb,controlled_lossy_value_specialized,ok,none,accuracy_pass_runtime_loss,0.0081,0.0071,1.777778,0.913580,,12514,14920,bfp8,bfp8,false,0,0,false,0,spmv_max_rel,SKIP
tols4000.mtx,bfp8_outlier_lb,bfp8_outlier_lb,controlled_lossy_value_specialized,ok,none,accuracy_pass_runtime_loss,0.0094,0.0084,1.531915,0.787234,,13202,14920,bfp8_outlier,bfp8_outlier,false,0,0,false,0,spmv_max_rel,SKIP
tols4000.mtx,bfp4_lb,bfp4_lb,controlled_lossy_value_specialized,ok,none,accuracy_pass_runtime_loss,0.0152,0.0117,0.947368,0.486842,,8122,14920,bfp4,bfp4,false,0,0,false,0,spmv_max_rel,SKIP
tols4000.mtx,hybrid_lb,hybrid_lb,structural_hybrid,ok,none,promoted_fallback,0.0106,0.0086,1.358491,0.698113,,70272,,original,raw_double,false,,,1,0,exact_abs_or_rel,SKIP
tols4000.mtx,cusparse_default,cusparse_csr,external_baseline,ok,none,external_baseline,0.0144,0.0123,1.000000,0.513889,,70272,51140,original,original,false,,,true,0,exact_abs_or_rel,SKIP
tumorAntiAngiogenesis_1.mtx,original_lb,original_lb,load_balanced_traversal,ok,none,promoted_fallback,0.0086,0.0070,1.337209,1.000000,,14264,2496,original,original,false,0,0,true,0,exact_abs_or_rel,SKIP
tumorAntiAngiogenesis_1.mtx,auto_lossless_lb,original_lb,load_balanced_traversal,ok,none,promoted_fallback,0.0098,0.0080,1.173469,0.877551,,14264,2496,auto_lossless,original,true,619,14264,true,0,exact_abs_or_rel,SKIP
tumorAntiAngiogenesis_1.mtx,fp16_lb,fp16_lb,controlled_lossy_value_specialized,ok,none,accuracy_pass_runtime_loss,0.0092,0.0077,1.250000,0.934783,,3566,2496,fp16,fp16,false,0,0,false,0,spmv_max_rel,SKIP
tumorAntiAngiogenesis_1.mtx,bf16_lb,bf16_lb,controlled_lossy_value_specialized,ok,none,accuracy_pass_runtime_loss,0.0099,0.0091,1.161616,0.868687,,3566,2496,bf16,bf16,false,0,0,false,0,spmv_max_rel,SKIP
tumorAntiAngiogenesis_1.mtx,bfp8_lb,bfp8_lb,controlled_lossy_value_specialized,ok,none,accuracy_pass_runtime_loss,0.0089,0.0068,1.292135,0.966292,,2407,2496,bfp8,bfp8,false,0,0,false,0,spmv_max_rel,SKIP
tumorAntiAngiogenesis_1.mtx,bfp8_outlier_lb,bfp8_outlier_lb,controlled_lossy_value_specialized,ok,none,accuracy_pass_runtime_loss,0.0109,0.0088,1.055046,0.788991,,2519,2496,bfp8_outlier,bfp8_outlier,false,0,0,false,0,spmv_max_rel,SKIP
tumorAntiAngiogenesis_1.mtx,bfp4_lb,bfp4_lb,controlled_lossy_value_specialized,ok,none,accuracy_pass_runtime_loss,0.0119,0.0109,0.966387,0.722689,,1516,2496,bfp4,bfp4,false,0,0,false,0,spmv_max_rel,SKIP
tumorAntiAngiogenesis_1.mtx,hybrid_lb,hybrid_lb,structural_hybrid,ok,none,promoted_fallback,0.0100,0.0088,1.150000,0.860000,,14264,,original,raw_double,false,,,1,0,exact_abs_or_rel,SKIP
tumorAntiAngiogenesis_1.mtx,cusparse_default,cusparse_csr,external_baseline,ok,none,external_baseline,0.0115,0.0082,1.000000,0.747826,,14264,7956,original,original,false,,,true,0,exact_abs_or_rel,SKIP
uni_chimera_i1_A_02.mtx,original_lb,original_lb,load_balanced_traversal,ok,none,promoted_fallback,0.0539,0.0516,0.508349,1.000000,,8804736,8191752,original,original,false,0,0,true,0,exact_abs_or_rel,SKIP
uni_chimera_i1_A_02.mtx,auto_lossless_lb,original_lb,load_balanced_traversal,ok,none,promoted_fallback,0.0529,0.0517,0.517958,1.018904,,8804736,8191752,auto_lossless,original,true,597214,8804736,true,0,exact_abs_or_rel,SKIP
uni_chimera_i1_A_02.mtx,fp16_lb,fp16_lb,controlled_lossy_value_specialized,ok,none,accuracy_pass_runtime_win,0.0472,0.0460,0.580508,1.141949,,2201184,8191752,fp16,fp16,false,0,0,false,0,spmv_max_rel,SKIP
uni_chimera_i1_A_02.mtx,bf16_lb,bf16_lb,controlled_lossy_value_specialized,ok,none,accuracy_pass_runtime_win,0.0470,0.0458,0.582979,1.146809,,2201184,8191752,bf16,bf16,false,0,0,false,0,spmv_max_rel,SKIP
uni_chimera_i1_A_02.mtx,bfp8_lb,bfp8_lb,controlled_lossy_value_specialized,ok,none,accuracy_pass_runtime_win,0.0474,0.0460,0.578059,1.137131,,3148530,8191752,bfp8,bfp8,false,0,0,false,0,spmv_max_rel,SKIP
uni_chimera_i1_A_02.mtx,bfp8_outlier_lb,bfp8_outlier_lb,controlled_lossy_value_specialized,ok,none,accuracy_pass_runtime_win,0.0495,0.0482,0.553535,1.088889,,3236562,8191752,bfp8_outlier,bfp8_outlier,false,0,0,false,0,spmv_max_rel,SKIP
uni_chimera_i1_A_02.mtx,bfp4_lb,bfp4_lb,controlled_lossy_value_specialized,ok,none,accuracy_pass_runtime_win,0.0520,0.0511,0.526923,1.036538,,2598234,8191752,bfp4,bfp4,false,0,0,false,0,spmv_max_rel,SKIP
uni_chimera_i1_A_02.mtx,hybrid_lb,hybrid_lb,structural_hybrid,ok,none,promoted_fallback,0.0197,0.0191,1.390863,2.736041,,8804736,,original,raw_double,false,,,1,0,exact_abs_or_rel,SKIP
uni_chimera_i1_A_02.mtx,cusparse_default,cusparse_csr,external_baseline,ok,none,external_baseline,0.0274,0.0245,1.000000,1.967153,,8804736,4802372,original,original,false,,,true,0,exact_abs_or_rel,SKIP
uni_chimera_i1_A_10.mtx,original_lb,original_lb,load_balanced_traversal,ok,none,promoted_fallback,0.0526,0.0513,0.517110,1.000000,,8804736,8191752,original,original,false,0,0,true,0,exact_abs_or_rel,SKIP
uni_chimera_i1_A_10.mtx,auto_lossless_lb,original_lb,load_balanced_traversal,ok,none,promoted_fallback,0.0531,0.0517,0.512241,0.990584,,8804736,8191752,auto_lossless,original,true,597138,8804736,true,0,exact_abs_or_rel,SKIP
uni_chimera_i1_A_10.mtx,fp16_lb,fp16_lb,controlled_lossy_value_specialized,ok,none,accuracy_pass_runtime_win,0.0469,0.0458,0.579957,1.121535,,2201184,8191752,fp16,fp16,false,0,0,false,0,spmv_max_rel,SKIP
uni_chimera_i1_A_10.mtx,bf16_lb,bf16_lb,controlled_lossy_value_specialized,ok,none,accuracy_pass_runtime_win,0.0469,0.0455,0.579957,1.121535,,2201184,8191752,bf16,bf16,false,0,0,false,0,spmv_max_rel,SKIP
uni_chimera_i1_A_10.mtx,bfp8_lb,bfp8_lb,controlled_lossy_value_specialized,ok,none,accuracy_pass_runtime_win,0.0471,0.0459,0.577495,1.116773,,3148530,8191752,bfp8,bfp8,false,0,0,false,0,spmv_max_rel,SKIP
uni_chimera_i1_A_10.mtx,bfp8_outlier_lb,bfp8_outlier_lb,controlled_lossy_value_specialized,ok,none,accuracy_pass_runtime_win,0.0497,0.0485,0.547284,1.058350,,3236562,8191752,bfp8_outlier,bfp8_outlier,false,0,0,false,0,spmv_max_rel,SKIP
uni_chimera_i1_A_10.mtx,bfp4_lb,bfp4_lb,controlled_lossy_value_specialized,ok,none,accuracy_pass_runtime_win,0.0521,0.0509,0.522073,1.009597,,2598234,8191752,bfp4,bfp4,false,0,0,false,0,spmv_max_rel,SKIP
uni_chimera_i1_A_10.mtx,hybrid_lb,hybrid_lb,structural_hybrid,ok,none,promoted_fallback,0.0198,0.0184,1.373737,2.656566,,8804736,,original,raw_double,false,,,1,0,exact_abs_or_rel,SKIP
uni_chimera_i1_A_10.mtx,cusparse_default,cusparse_csr,external_baseline,ok,none,external_baseline,0.0272,0.0246,1.000000,1.933824,,8804736,4802372,original,original,false,,,true,0,exact_abs_or_rel,SKIP
uni_chimera_i1_A_18.mtx,original_lb,original_lb,load_balanced_traversal,ok,none,promoted_fallback,0.0533,0.0515,0.515947,1.000000,,8804736,8191752,original,original,false,0,0,true,0,exact_abs_or_rel,SKIP
uni_chimera_i1_A_18.mtx,auto_lossless_lb,original_lb,load_balanced_traversal,ok,none,promoted_fallback,0.0526,0.0512,0.522814,1.013308,,8804736,8191752,auto_lossless,original,true,596796,8804736,true,0,exact_abs_or_rel,SKIP
uni_chimera_i1_A_18.mtx,fp16_lb,fp16_lb,controlled_lossy_value_specialized,ok,none,accuracy_pass_runtime_win,0.0473,0.0456,0.581395,1.126850,,2201184,8191752,fp16,fp16,false,0,0,false,0,spmv_max_rel,SKIP
uni_chimera_i1_A_18.mtx,bf16_lb,bf16_lb,controlled_lossy_value_specialized,ok,none,accuracy_pass_runtime_win,0.0473,0.0455,0.581395,1.126850,,2201184,8191752,bf16,bf16,false,0,0,false,0,spmv_max_rel,SKIP
uni_chimera_i1_A_18.mtx,bfp8_lb,bfp8_lb,controlled_lossy_value_specialized,ok,none,accuracy_pass_runtime_win,0.0479,0.0460,0.574113,1.112735,,3148530,8191752,bfp8,bfp8,false,0,0,false,0,spmv_max_rel,SKIP
uni_chimera_i1_A_18.mtx,bfp8_outlier_lb,bfp8_outlier_lb,controlled_lossy_value_specialized,ok,none,accuracy_pass_runtime_win,0.0497,0.0480,0.553320,1.072435,,3236562,8191752,bfp8_outlier,bfp8_outlier,false,0,0,false,0,spmv_max_rel,SKIP
uni_chimera_i1_A_18.mtx,bfp4_lb,bfp4_lb,controlled_lossy_value_specialized,ok,none,accuracy_pass_runtime_win,0.0520,0.0512,0.528846,1.025000,,2598234,8191752,bfp4,bfp4,false,0,0,false,0,spmv_max_rel,SKIP
uni_chimera_i1_A_18.mtx,hybrid_lb,hybrid_lb,structural_hybrid,ok,none,promoted_fallback,0.0193,0.0186,1.424870,2.761658,,8804736,,original,raw_double,false,,,1,0,exact_abs_or_rel,SKIP
uni_chimera_i1_A_18.mtx,cusparse_default,cusparse_csr,external_baseline,ok,none,external_baseline,0.0275,0.0245,1.000000,1.938182,,8804736,4802372,original,original,false,,,true,0,exact_abs_or_rel,SKIP
uni_chimera_i1_A_26.mtx,original_lb,original_lb,load_balanced_traversal,ok,none,promoted_fallback,0.0539,0.0526,0.554731,1.000000,,8804736,8191752,original,original,false,0,0,true,0,exact_abs_or_rel,SKIP
uni_chimera_i1_A_26.mtx,auto_lossless_lb,original_lb,load_balanced_traversal,ok,none,promoted_fallback,0.0535,0.0516,0.558879,1.007477,,8804736,8191752,auto_lossless,original,true,595378,8804736,true,0,exact_abs_or_rel,SKIP
uni_chimera_i1_A_26.mtx,fp16_lb,fp16_lb,controlled_lossy_value_specialized,ok,none,accuracy_pass_runtime_win,0.0488,0.0478,0.612705,1.104508,,2201184,8191752,fp16,fp16,false,0,0,false,0,spmv_max_rel,SKIP
uni_chimera_i1_A_26.mtx,bf16_lb,bf16_lb,controlled_lossy_value_specialized,ok,none,accuracy_pass_runtime_win,0.0478,0.0459,0.625523,1.127615,,2201184,8191752,bf16,bf16,false,0,0,false,0,spmv_max_rel,SKIP
uni_chimera_i1_A_26.mtx,bfp8_lb,bfp8_lb,controlled_lossy_value_specialized,ok,none,accuracy_pass_runtime_win,0.0475,0.0455,0.629474,1.134737,,3148530,8191752,bfp8,bfp8,false,0,0,false,0,spmv_max_rel,SKIP
uni_chimera_i1_A_26.mtx,bfp8_outlier_lb,bfp8_outlier_lb,controlled_lossy_value_specialized,ok,none,accuracy_pass_runtime_win,0.0501,0.0485,0.596806,1.075848,,3236562,8191752,bfp8_outlier,bfp8_outlier,false,0,0,false,0,spmv_max_rel,SKIP
uni_chimera_i1_A_26.mtx,bfp4_lb,bfp4_lb,controlled_lossy_value_specialized,ok,none,accuracy_pass_runtime_win,0.0528,0.0518,0.566288,1.020833,,2598234,8191752,bfp4,bfp4,false,0,0,false,0,spmv_max_rel,SKIP
uni_chimera_i1_A_26.mtx,hybrid_lb,hybrid_lb,structural_hybrid,ok,none,promoted_fallback,0.0222,0.0200,1.346847,2.427928,,8804736,,original,raw_double,false,,,1,0,exact_abs_or_rel,SKIP
uni_chimera_i1_A_26.mtx,cusparse_default,cusparse_csr,external_baseline,ok,none,external_baseline,0.0299,0.0266,1.000000,1.802676,,8804736,4802372,original,original,false,,,true,0,exact_abs_or_rel,SKIP
uni_chimera_i2_A_05.mtx,original_lb,original_lb,load_balanced_traversal,ok,none,promoted_fallback,0.0410,0.0391,0.480488,1.000000,,6383792,5777800,original,original,false,0,0,true,0,exact_abs_or_rel,SKIP
uni_chimera_i2_A_05.mtx,auto_lossless_lb,original_lb,load_balanced_traversal,ok,none,promoted_fallback,0.0398,0.0386,0.494975,1.030151,,6383792,5777800,auto_lossless,original,true,355294,6383792,true,0,exact_abs_or_rel,SKIP
uni_chimera_i2_A_05.mtx,fp16_lb,fp16_lb,controlled_lossy_value_specialized,ok,none,accuracy_pass_runtime_win,0.0362,0.0350,0.544199,1.132597,,1595948,5777800,fp16,fp16,false,0,0,false,0,spmv_max_rel,SKIP
uni_chimera_i2_A_05.mtx,bf16_lb,bf16_lb,controlled_lossy_value_specialized,ok,none,accuracy_pass_runtime_win,0.0358,0.0342,0.550279,1.145251,,1595948,5777800,bf16,bf16,false,0,0,false,0,spmv_max_rel,SKIP
uni_chimera_i2_A_05.mtx,bfp8_lb,bfp8_lb,controlled_lossy_value_specialized,ok,none,accuracy_pass_runtime_win,0.0360,0.0347,0.547222,1.138889,,2242424,5777800,bfp8,bfp8,false,0,0,false,0,spmv_max_rel,SKIP
uni_chimera_i2_A_05.mtx,bfp8_outlier_lb,bfp8_outlier_lb,controlled_lossy_value_specialized,ok,none,accuracy_pass_runtime_win,0.0382,0.0369,0.515707,1.073298,,2306248,5777800,bfp8_outlier,bfp8_outlier,false,0,0,false,0,spmv_max_rel,SKIP
uni_chimera_i2_A_05.mtx,bfp4_lb,bfp4_lb,controlled_lossy_value_specialized,ok,none,accuracy_pass_runtime_loss,0.0416,0.0395,0.473558,0.985577,,1843437,5777800,bfp4,bfp4,false,0,0,false,0,spmv_max_rel,SKIP
uni_chimera_i2_A_05.mtx,hybrid_lb,hybrid_lb,structural_hybrid,ok,none,promoted_fallback,0.0158,0.0150,1.246835,2.594937,,6383792,,original,raw_double,false,,,1,0,exact_abs_or_rel,SKIP
uni_chimera_i2_A_05.mtx,cusparse_default,cusparse_csr,external_baseline,ok,none,external_baseline,0.0197,0.0164,1.000000,2.081218,,6383792,3591900,original,original,false,,,true,0,exact_abs_or_rel,SKIP
uni_chimera_i2_A_13.mtx,original_lb,original_lb,load_balanced_traversal,ok,none,promoted_fallback,0.0400,0.0383,0.465000,1.000000,,6383792,5777800,original,original,false,0,0,true,0,exact_abs_or_rel,SKIP
uni_chimera_i2_A_13.mtx,auto_lossless_lb,original_lb,load_balanced_traversal,ok,none,promoted_fallback,0.0397,0.0384,0.468514,1.007557,,6383792,5777800,auto_lossless,original,true,355095,6383792,true,0,exact_abs_or_rel,SKIP
uni_chimera_i2_A_13.mtx,fp16_lb,fp16_lb,controlled_lossy_value_specialized,ok,none,accuracy_pass_runtime_win,0.0388,0.0373,0.479381,1.030928,,1595948,5777800,fp16,fp16,false,0,0,false,0,spmv_max_rel,SKIP
uni_chimera_i2_A_13.mtx,bf16_lb,bf16_lb,controlled_lossy_value_specialized,ok,none,accuracy_pass_runtime_win,0.0362,0.0348,0.513812,1.104972,,1595948,5777800,bf16,bf16,false,0,0,false,0,spmv_max_rel,SKIP
uni_chimera_i2_A_13.mtx,bfp8_lb,bfp8_lb,controlled_lossy_value_specialized,ok,none,accuracy_pass_runtime_win,0.0356,0.0353,0.522472,1.123596,,2242424,5777800,bfp8,bfp8,false,0,0,false,0,spmv_max_rel,SKIP
uni_chimera_i2_A_13.mtx,bfp8_outlier_lb,bfp8_outlier_lb,controlled_lossy_value_specialized,ok,none,accuracy_pass_runtime_win,0.0383,0.0364,0.485640,1.044386,,2306248,5777800,bfp8_outlier,bfp8_outlier,false,0,0,false,0,spmv_max_rel,SKIP
uni_chimera_i2_A_13.mtx,bfp4_lb,bfp4_lb,controlled_lossy_value_specialized,ok,none,accuracy_pass_runtime_loss,0.0419,0.0399,0.443914,0.954654,,1843437,5777800,bfp4,bfp4,false,0,0,false,0,spmv_max_rel,SKIP
uni_chimera_i2_A_13.mtx,hybrid_lb,hybrid_lb,structural_hybrid,ok,none,promoted_fallback,0.0157,0.0148,1.184713,2.547771,,6383792,,original,raw_double,false,,,1,0,exact_abs_or_rel,SKIP
uni_chimera_i2_A_13.mtx,cusparse_default,cusparse_csr,external_baseline,ok,none,external_baseline,0.0186,0.0164,1.000000,2.150538,,6383792,3591900,original,original,false,,,true,0,exact_abs_or_rel,SKIP
uni_chimera_i2_A_21.mtx,original_lb,original_lb,load_balanced_traversal,ok,none,promoted_fallback,0.0398,0.0383,0.472362,1.000000,,6383792,5777800,original,original,false,0,0,true,0,exact_abs_or_rel,SKIP
uni_chimera_i2_A_21.mtx,auto_lossless_lb,original_lb,load_balanced_traversal,ok,none,promoted_fallback,0.0399,0.0381,0.471178,0.997494,,6383792,5777800,auto_lossless,original,true,340091,6383792,true,0,exact_abs_or_rel,SKIP
uni_chimera_i2_A_21.mtx,fp16_lb,fp16_lb,controlled_lossy_value_specialized,ok,none,accuracy_pass_runtime_win,0.0359,0.0341,0.523677,1.108635,,1595948,5777800,fp16,fp16,false,0,0,false,0,spmv_max_rel,SKIP
uni_chimera_i2_A_21.mtx,bf16_lb,bf16_lb,controlled_lossy_value_specialized,ok,none,accuracy_pass_runtime_win,0.0365,0.0359,0.515068,1.090411,,1595948,5777800,bf16,bf16,false,0,0,false,0,spmv_max_rel,SKIP
uni_chimera_i2_A_21.mtx,bfp8_lb,bfp8_lb,controlled_lossy_value_specialized,ok,none,accuracy_pass_runtime_win,0.0356,0.0353,0.528090,1.117978,,2242424,5777800,bfp8,bfp8,false,0,0,false,0,spmv_max_rel,SKIP
uni_chimera_i2_A_21.mtx,bfp8_outlier_lb,bfp8_outlier_lb,controlled_lossy_value_specialized,ok,none,accuracy_pass_runtime_win,0.0382,0.0368,0.492147,1.041885,,2306248,5777800,bfp8_outlier,bfp8_outlier,false,0,0,false,0,spmv_max_rel,SKIP
uni_chimera_i2_A_21.mtx,bfp4_lb,bfp4_lb,controlled_lossy_value_specialized,ok,none,accuracy_pass_runtime_loss,0.0411,0.0404,0.457421,0.968370,,1843437,5777800,bfp4,bfp4,false,0,0,false,0,spmv_max_rel,SKIP
uni_chimera_i2_A_21.mtx,hybrid_lb,hybrid_lb,structural_hybrid,ok,none,promoted_fallback,0.0153,0.0144,1.228758,2.601307,,6383792,,original,raw_double,false,,,1,0,exact_abs_or_rel,SKIP
uni_chimera_i2_A_21.mtx,cusparse_default,cusparse_csr,external_baseline,ok,none,external_baseline,0.0188,0.0164,1.000000,2.117021,,6383792,3591900,original,original,false,,,true,0,exact_abs_or_rel,SKIP
uni_chimera_i3_A_04.mtx,original_lb,original_lb,load_balanced_traversal,ok,none,promoted_fallback,0.0269,0.0252,0.702602,1.000000,,3997568,3394984,original,original,false,0,0,true,0,exact_abs_or_rel,SKIP
uni_chimera_i3_A_04.mtx,auto_lossless_lb,original_lb,load_balanced_traversal,ok,none,promoted_fallback,0.0268,0.0259,0.705224,1.003731,,3997568,3394984,auto_lossless,original,true,264475,3997568,true,0,exact_abs_or_rel,SKIP
uni_chimera_i3_A_04.mtx,fp16_lb,fp16_lb,controlled_lossy_value_specialized,ok,none,accuracy_pass_runtime_win,0.0259,0.0247,0.729730,1.038610,,999392,3394984,fp16,fp16,false,0,0,false,0,spmv_max_rel,SKIP
uni_chimera_i3_A_04.mtx,bf16_lb,bf16_lb,controlled_lossy_value_specialized,ok,none,accuracy_pass_runtime_win,0.0256,0.0245,0.738281,1.050781,,999392,3394984,bf16,bf16,false,0,0,false,0,spmv_max_rel,SKIP
uni_chimera_i3_A_04.mtx,bfp8_lb,bfp8_lb,controlled_lossy_value_specialized,ok,none,accuracy_pass_runtime_win,0.0257,0.0242,0.735409,1.046693,,1348442,3394984,bfp8,bfp8,false,0,0,false,0,spmv_max_rel,SKIP
uni_chimera_i3_A_04.mtx,bfp8_outlier_lb,bfp8_outlier_lb,controlled_lossy_value_specialized,ok,none,accuracy_pass_runtime_loss,0.0281,0.0264,0.672598,0.957295,,1388410,3394984,bfp8_outlier,bfp8_outlier,false,0,0,false,0,spmv_max_rel,SKIP
uni_chimera_i3_A_04.mtx,bfp4_lb,bfp4_lb,controlled_lossy_value_specialized,ok,none,accuracy_pass_runtime_loss,0.0317,0.0303,0.596215,0.848580,,1098594,3394984,bfp4,bfp4,false,0,0,false,0,spmv_max_rel,SKIP
uni_chimera_i3_A_04.mtx,hybrid_lb,hybrid_lb,structural_hybrid,ok,none,promoted_fallback,0.0130,0.0114,1.453846,2.069231,,3997568,,original,raw_double,false,,,1,0,exact_abs_or_rel,SKIP
uni_chimera_i3_A_04.mtx,cusparse_default,cusparse_csr,external_baseline,ok,none,external_baseline,0.0189,0.0143,1.000000,1.423280,,3997568,2398788,original,original,false,,,true,0,exact_abs_or_rel,SKIP
uni_chimera_i3_A_12.mtx,original_lb,original_lb,load_balanced_traversal,ok,none,promoted_fallback,0.0275,0.0262,0.709091,1.000000,,3997568,3394984,original,original,false,0,0,true,0,exact_abs_or_rel,SKIP
uni_chimera_i3_A_12.mtx,auto_lossless_lb,original_lb,load_balanced_traversal,ok,none,promoted_fallback,0.0274,0.0267,0.711679,1.003650,,3997568,3394984,auto_lossless,original,true,264328,3997568,true,0,exact_abs_or_rel,SKIP
uni_chimera_i3_A_12.mtx,fp16_lb,fp16_lb,controlled_lossy_value_specialized,ok,none,accuracy_pass_runtime_win,0.0255,0.0239,0.764706,1.078431,,999392,3394984,fp16,fp16,false,0,0,false,0,spmv_max_rel,SKIP
uni_chimera_i3_A_12.mtx,bf16_lb,bf16_lb,controlled_lossy_value_specialized,ok,none,accuracy_pass_runtime_win,0.0256,0.0237,0.761719,1.074219,,999392,3394984,bf16,bf16,false,0,0,false,0,spmv_max_rel,SKIP
uni_chimera_i3_A_12.mtx,bfp8_lb,bfp8_lb,controlled_lossy_value_specialized,ok,none,accuracy_pass_runtime_win,0.0253,0.0241,0.770751,1.086957,,1348442,3394984,bfp8,bfp8,false,0,0,false,0,spmv_max_rel,SKIP
uni_chimera_i3_A_12.mtx,bfp8_outlier_lb,bfp8_outlier_lb,controlled_lossy_value_specialized,ok,none,accuracy_pass_runtime_loss,0.0284,0.0265,0.686620,0.968310,,1388410,3394984,bfp8_outlier,bfp8_outlier,false,0,0,false,0,spmv_max_rel,SKIP
uni_chimera_i3_A_12.mtx,bfp4_lb,bfp4_lb,controlled_lossy_value_specialized,ok,none,accuracy_pass_runtime_loss,0.0321,0.0312,0.607477,0.856698,,1098594,3394984,bfp4,bfp4,false,0,0,false,0,spmv_max_rel,SKIP
uni_chimera_i3_A_12.mtx,hybrid_lb,hybrid_lb,structural_hybrid,ok,none,promoted_fallback,0.0129,0.0111,1.511628,2.131783,,3997568,,original,raw_double,false,,,1,0,exact_abs_or_rel,SKIP
uni_chimera_i3_A_12.mtx,cusparse_default,cusparse_csr,external_baseline,ok,none,external_baseline,0.0195,0.0143,1.000000,1.410256,,3997568,2398788,original,original,false,,,true,0,exact_abs_or_rel,SKIP
uni_chimera_i3_A_20.mtx,original_lb,original_lb,load_balanced_traversal,ok,none,promoted_fallback,0.0270,0.0255,0.703704,1.000000,,3997568,3394984,original,original,false,0,0,true,0,exact_abs_or_rel,SKIP
uni_chimera_i3_A_20.mtx,auto_lossless_lb,original_lb,load_balanced_traversal,ok,none,promoted_fallback,0.0270,0.0258,0.703704,1.000000,,3997568,3394984,auto_lossless,original,true,264222,3997568,true,0,exact_abs_or_rel,SKIP
uni_chimera_i3_A_20.mtx,fp16_lb,fp16_lb,controlled_lossy_value_specialized,ok,none,accuracy_pass_runtime_win,0.0255,0.0244,0.745098,1.058824,,999392,3394984,fp16,fp16,false,0,0,false,0,spmv_max_rel,SKIP
uni_chimera_i3_A_20.mtx,bf16_lb,bf16_lb,controlled_lossy_value_specialized,ok,none,accuracy_pass_runtime_win,0.0248,0.0239,0.766129,1.088710,,999392,3394984,bf16,bf16,false,0,0,false,0,spmv_max_rel,SKIP
uni_chimera_i3_A_20.mtx,bfp8_lb,bfp8_lb,controlled_lossy_value_specialized,ok,none,accuracy_pass_runtime_win,0.0249,0.0237,0.763052,1.084337,,1348442,3394984,bfp8,bfp8,false,0,0,false,0,spmv_max_rel,SKIP
uni_chimera_i3_A_20.mtx,bfp8_outlier_lb,bfp8_outlier_lb,controlled_lossy_value_specialized,ok,none,accuracy_pass_runtime_loss,0.0279,0.0261,0.681004,0.967742,,1388410,3394984,bfp8_outlier,bfp8_outlier,false,0,0,false,0,spmv_max_rel,SKIP
uni_chimera_i3_A_20.mtx,bfp4_lb,bfp4_lb,controlled_lossy_value_specialized,ok,none,accuracy_pass_runtime_loss,0.0312,0.0295,0.608974,0.865385,,1098594,3394984,bfp4,bfp4,false,0,0,false,0,spmv_max_rel,SKIP
uni_chimera_i3_A_20.mtx,hybrid_lb,hybrid_lb,structural_hybrid,ok,none,promoted_fallback,0.0128,0.0112,1.484375,2.109375,,3997568,,original,raw_double,false,,,1,0,exact_abs_or_rel,SKIP
uni_chimera_i3_A_20.mtx,cusparse_default,cusparse_csr,external_baseline,ok,none,external_baseline,0.0190,0.0143,1.000000,1.421053,,3997568,2398788,original,original,false,,,true,0,exact_abs_or_rel,SKIP
uni_chimera_i4.mtx,original_lb,original_lb,load_balanced_traversal,ok,none,promoted_fallback,0.0408,0.0396,0.522059,1.000000,,6515488,5908464,original,original,false,0,0,true,0,exact_abs_or_rel,SKIP
uni_chimera_i4.mtx,auto_lossless_lb,original_lb,load_balanced_traversal,ok,none,promoted_fallback,0.0409,0.0392,0.520782,0.997555,,6515488,5908464,auto_lossless,original,true,418340,6515488,true,0,exact_abs_or_rel,SKIP
uni_chimera_i4.mtx,fp16_lb,fp16_lb,controlled_lossy_value_specialized,ok,none,accuracy_pass_runtime_win,0.0371,0.0353,0.574124,1.099730,,1628872,5908464,fp16,fp16,false,0,0,false,0,spmv_max_rel,SKIP
uni_chimera_i4.mtx,bf16_lb,bf16_lb,controlled_lossy_value_specialized,ok,none,accuracy_pass_runtime_win,0.0363,0.0352,0.586777,1.123967,,1628872,5908464,bf16,bf16,false,0,0,false,0,spmv_max_rel,SKIP
uni_chimera_i4.mtx,bfp8_lb,bfp8_lb,controlled_lossy_value_specialized,ok,none,accuracy_pass_runtime_win,0.0361,0.0348,0.590028,1.130194,,2291552,5908464,bfp8,bfp8,false,0,0,false,0,spmv_max_rel,SKIP
uni_chimera_i4.mtx,bfp8_outlier_lb,bfp8_outlier_lb,controlled_lossy_value_specialized,ok,none,accuracy_pass_runtime_win,0.0389,0.0378,0.547558,1.048843,,2356704,5908464,bfp8_outlier,bfp8_outlier,false,0,0,false,0,spmv_max_rel,SKIP
uni_chimera_i4.mtx,bfp4_lb,bfp4_lb,controlled_lossy_value_specialized,ok,none,accuracy_pass_runtime_loss,0.0418,0.0413,0.509569,0.976077,,1884334,5908464,bfp4,bfp4,false,0,0,false,0,spmv_max_rel,SKIP
uni_chimera_i4.mtx,hybrid_lb,hybrid_lb,structural_hybrid,ok,none,promoted_fallback,0.0155,0.0147,1.374194,2.632258,,6515488,,original,raw_double,false,,,1,0,exact_abs_or_rel,SKIP
uni_chimera_i4.mtx,cusparse_default,cusparse_csr,external_baseline,ok,none,external_baseline,0.0213,0.0164,1.000000,1.915493,,6515488,3657748,original,original,false,,,true,0,exact_abs_or_rel,SKIP
uni_chimera_i4_A_08.mtx,original_lb,original_lb,load_balanced_traversal,ok,none,promoted_fallback,0.0407,0.0392,0.464373,1.000000,,6515488,5908464,original,original,false,0,0,true,0,exact_abs_or_rel,SKIP
uni_chimera_i4_A_08.mtx,auto_lossless_lb,original_lb,load_balanced_traversal,ok,none,promoted_fallback,0.0398,0.0392,0.474874,1.022613,,6515488,5908464,auto_lossless,original,true,418339,6515488,true,0,exact_abs_or_rel,SKIP
uni_chimera_i4_A_08.mtx,fp16_lb,fp16_lb,controlled_lossy_value_specialized,ok,none,accuracy_pass_runtime_win,0.0357,0.0349,0.529412,1.140056,,1628872,5908464,fp16,fp16,false,0,0,false,0,spmv_max_rel,SKIP
uni_chimera_i4_A_08.mtx,bf16_lb,bf16_lb,controlled_lossy_value_specialized,ok,none,accuracy_pass_runtime_win,0.0365,0.0352,0.517808,1.115068,,1628872,5908464,bf16,bf16,false,0,0,false,0,spmv_max_rel,SKIP
uni_chimera_i4_A_08.mtx,bfp8_lb,bfp8_lb,controlled_lossy_value_specialized,ok,none,accuracy_pass_runtime_win,0.0359,0.0348,0.526462,1.133705,,2291552,5908464,bfp8,bfp8,false,0,0,false,0,spmv_max_rel,SKIP
uni_chimera_i4_A_08.mtx,bfp8_outlier_lb,bfp8_outlier_lb,controlled_lossy_value_specialized,ok,none,accuracy_pass_runtime_win,0.0388,0.0373,0.487113,1.048969,,2356704,5908464,bfp8_outlier,bfp8_outlier,false,0,0,false,0,spmv_max_rel,SKIP
uni_chimera_i4_A_08.mtx,bfp4_lb,bfp4_lb,controlled_lossy_value_specialized,ok,none,accuracy_pass_runtime_loss,0.0417,0.0409,0.453237,0.976019,,1884334,5908464,bfp4,bfp4,false,0,0,false,0,spmv_max_rel,SKIP
uni_chimera_i4_A_08.mtx,hybrid_lb,hybrid_lb,structural_hybrid,ok,none,promoted_fallback,0.0155,0.0145,1.219355,2.625806,,6515488,,original,raw_double,false,,,1,0,exact_abs_or_rel,SKIP
uni_chimera_i4_A_08.mtx,cusparse_default,cusparse_csr,external_baseline,ok,none,external_baseline,0.0189,0.0164,1.000000,2.153439,,6515488,3657748,original,original,false,,,true,0,exact_abs_or_rel,SKIP
uni_chimera_i4_A_16.mtx,original_lb,original_lb,load_balanced_traversal,ok,none,promoted_fallback,0.0399,0.0388,0.471178,1.000000,,6515488,5908464,original,original,false,0,0,true,0,exact_abs_or_rel,SKIP
uni_chimera_i4_A_16.mtx,auto_lossless_lb,original_lb,load_balanced_traversal,ok,none,promoted_fallback,0.0400,0.0388,0.470000,0.997500,,6515488,5908464,auto_lossless,original,true,417906,6515488,true,0,exact_abs_or_rel,SKIP
uni_chimera_i4_A_16.mtx,fp16_lb,fp16_lb,controlled_lossy_value_specialized,ok,none,accuracy_pass_runtime_win,0.0358,0.0348,0.525140,1.114525,,1628872,5908464,fp16,fp16,false,0,0,false,0,spmv_max_rel,SKIP
uni_chimera_i4_A_16.mtx,bf16_lb,bf16_lb,controlled_lossy_value_specialized,ok,none,accuracy_pass_runtime_win,0.0360,0.0349,0.522222,1.108333,,1628872,5908464,bf16,bf16,false,0,0,false,0,spmv_max_rel,SKIP
uni_chimera_i4_A_16.mtx,bfp8_lb,bfp8_lb,controlled_lossy_value_specialized,ok,none,accuracy_pass_runtime_win,0.0360,0.0348,0.522222,1.108333,,2291552,5908464,bfp8,bfp8,false,0,0,false,0,spmv_max_rel,SKIP
uni_chimera_i4_A_16.mtx,bfp8_outlier_lb,bfp8_outlier_lb,controlled_lossy_value_specialized,ok,none,accuracy_pass_runtime_win,0.0386,0.0370,0.487047,1.033679,,2356704,5908464,bfp8_outlier,bfp8_outlier,false,0,0,false,0,spmv_max_rel,SKIP
uni_chimera_i4_A_16.mtx,bfp4_lb,bfp4_lb,controlled_lossy_value_specialized,ok,none,accuracy_pass_runtime_loss,0.0417,0.0409,0.450839,0.956835,,1884334,5908464,bfp4,bfp4,false,0,0,false,0,spmv_max_rel,SKIP
uni_chimera_i4_A_16.mtx,hybrid_lb,hybrid_lb,structural_hybrid,ok,none,promoted_fallback,0.0155,0.0144,1.212903,2.574194,,6515488,,original,raw_double,false,,,1,0,exact_abs_or_rel,SKIP
uni_chimera_i4_A_16.mtx,cusparse_default,cusparse_csr,external_baseline,ok,none,external_baseline,0.0188,0.0164,1.000000,2.122340,,6515488,3657748,original,original,false,,,true,0,exact_abs_or_rel,SKIP
uni_chimera_i4_A_24.mtx,original_lb,original_lb,load_balanced_traversal,ok,none,promoted_fallback,0.0399,0.0389,0.471178,1.000000,,6515488,5908464,original,original,false,0,0,true,0,exact_abs_or_rel,SKIP
uni_chimera_i4_A_24.mtx,auto_lossless_lb,original_lb,load_balanced_traversal,ok,none,promoted_fallback,0.0400,0.0391,0.470000,0.997500,,6515488,5908464,auto_lossless,original,true,417074,6515488,true,0,exact_abs_or_rel,SKIP
uni_chimera_i4_A_24.mtx,fp16_lb,fp16_lb,controlled_lossy_value_specialized,ok,none,accuracy_pass_runtime_win,0.0358,0.0351,0.525140,1.114525,,1628872,5908464,fp16,fp16,false,0,0,false,0,spmv_max_rel,SKIP
uni_chimera_i4_A_24.mtx,bf16_lb,bf16_lb,controlled_lossy_value_specialized,ok,none,accuracy_pass_runtime_win,0.0360,0.0353,0.522222,1.108333,,1628872,5908464,bf16,bf16,false,0,0,false,0,spmv_max_rel,SKIP
uni_chimera_i4_A_24.mtx,bfp8_lb,bfp8_lb,controlled_lossy_value_specialized,ok,none,accuracy_pass_runtime_win,0.0363,0.0348,0.517906,1.099174,,2291552,5908464,bfp8,bfp8,false,0,0,false,0,spmv_max_rel,SKIP
uni_chimera_i4_A_24.mtx,bfp8_outlier_lb,bfp8_outlier_lb,controlled_lossy_value_specialized,ok,none,accuracy_pass_runtime_win,0.0387,0.0370,0.485788,1.031008,,2356704,5908464,bfp8_outlier,bfp8_outlier,false,0,0,false,0,spmv_max_rel,SKIP
uni_chimera_i4_A_24.mtx,bfp4_lb,bfp4_lb,controlled_lossy_value_specialized,ok,none,accuracy_pass_runtime_loss,0.0418,0.0399,0.449761,0.954545,,1884334,5908464,bfp4,bfp4,false,0,0,false,0,spmv_max_rel,SKIP
uni_chimera_i4_A_24.mtx,hybrid_lb,hybrid_lb,structural_hybrid,ok,none,promoted_fallback,0.0151,0.0143,1.245033,2.642384,,6515488,,original,raw_double,false,,,1,0,exact_abs_or_rel,SKIP
uni_chimera_i4_A_24.mtx,cusparse_default,cusparse_csr,external_baseline,ok,none,external_baseline,0.0188,0.0164,1.000000,2.122340,,6515488,3657748,original,original,false,,,true,0,exact_abs_or_rel,SKIP
uni_chimera_i5_A_05.mtx,original_lb,original_lb,load_balanced_traversal,ok,none,promoted_fallback,0.0272,0.0254,0.617647,1.000000,,3999856,3397800,original,original,false,0,0,true,0,exact_abs_or_rel,SKIP
uni_chimera_i5_A_05.mtx,auto_lossless_lb,original_lb,load_balanced_traversal,ok,none,promoted_fallback,0.0265,0.0251,0.633962,1.026415,,3999856,3397800,auto_lossless,original,true,264157,3999856,true,0,exact_abs_or_rel,SKIP
uni_chimera_i5_A_05.mtx,fp16_lb,fp16_lb,controlled_lossy_value_specialized,ok,none,accuracy_pass_runtime_win,0.0247,0.0231,0.680162,1.101215,,999964,3397800,fp16,fp16,false,0,0,false,0,spmv_max_rel,SKIP
uni_chimera_i5_A_05.mtx,bf16_lb,bf16_lb,controlled_lossy_value_specialized,ok,none,accuracy_pass_runtime_win,0.0248,0.0230,0.677419,1.096774,,999964,3397800,bf16,bf16,false,0,0,false,0,spmv_max_rel,SKIP
uni_chimera_i5_A_05.mtx,bfp8_lb,bfp8_lb,controlled_lossy_value_specialized,ok,none,accuracy_pass_runtime_win,0.0244,0.0234,0.688525,1.114754,,1349432,3397800,bfp8,bfp8,false,0,0,false,0,spmv_max_rel,SKIP
uni_chimera_i5_A_05.mtx,bfp8_outlier_lb,bfp8_outlier_lb,controlled_lossy_value_specialized,ok,none,accuracy_pass_runtime_win,0.0270,0.0259,0.622222,1.007407,,1389416,3397800,bfp8_outlier,bfp8_outlier,false,0,0,false,0,spmv_max_rel,SKIP
uni_chimera_i5_A_05.mtx,bfp4_lb,bfp4_lb,controlled_lossy_value_specialized,ok,none,accuracy_pass_runtime_loss,0.0303,0.0288,0.554455,0.897690,,1099441,3397800,bfp4,bfp4,false,0,0,false,0,spmv_max_rel,SKIP
uni_chimera_i5_A_05.mtx,hybrid_lb,hybrid_lb,structural_hybrid,ok,none,promoted_fallback,0.0119,0.0104,1.411765,2.285714,,3999856,,original,raw_double,false,,,1,0,exact_abs_or_rel,SKIP
uni_chimera_i5_A_05.mtx,cusparse_default,cusparse_csr,external_baseline,ok,none,external_baseline,0.0168,0.0143,1.000000,1.619048,,3999856,2399932,original,original,false,,,true,0,exact_abs_or_rel,SKIP
uni_chimera_i5_A_13.mtx,original_lb,original_lb,load_balanced_traversal,ok,none,promoted_fallback,0.0265,0.0252,0.728302,1.000000,,3999856,3397800,original,original,false,0,0,true,0,exact_abs_or_rel,SKIP
uni_chimera_i5_A_13.mtx,auto_lossless_lb,original_lb,load_balanced_traversal,ok,none,promoted_fallback,0.0264,0.0249,0.731061,1.003788,,3999856,3397800,auto_lossless,original,true,264160,3999856,true,0,exact_abs_or_rel,SKIP
uni_chimera_i5_A_13.mtx,fp16_lb,fp16_lb,controlled_lossy_value_specialized,ok,none,accuracy_pass_runtime_win,0.0247,0.0229,0.781377,1.072874,,999964,3397800,fp16,fp16,false,0,0,false,0,spmv_max_rel,SKIP
uni_chimera_i5_A_13.mtx,bf16_lb,bf16_lb,controlled_lossy_value_specialized,ok,none,accuracy_pass_runtime_win,0.0247,0.0230,0.781377,1.072874,,999964,3397800,bf16,bf16,false,0,0,false,0,spmv_max_rel,SKIP
uni_chimera_i5_A_13.mtx,bfp8_lb,bfp8_lb,controlled_lossy_value_specialized,ok,none,accuracy_pass_runtime_win,0.0249,0.0235,0.775100,1.064257,,1349432,3397800,bfp8,bfp8,false,0,0,false,0,spmv_max_rel,SKIP
uni_chimera_i5_A_13.mtx,bfp8_outlier_lb,bfp8_outlier_lb,controlled_lossy_value_specialized,ok,none,accuracy_pass_runtime_loss,0.0281,0.0257,0.686833,0.943060,,1389416,3397800,bfp8_outlier,bfp8_outlier,false,0,0,false,0,spmv_max_rel,SKIP
uni_chimera_i5_A_13.mtx,bfp4_lb,bfp4_lb,controlled_lossy_value_specialized,ok,none,accuracy_pass_runtime_loss,0.0309,0.0297,0.624595,0.857605,,1099441,3397800,bfp4,bfp4,false,0,0,false,0,spmv_max_rel,SKIP
uni_chimera_i5_A_13.mtx,hybrid_lb,hybrid_lb,structural_hybrid,ok,none,promoted_fallback,0.0121,0.0105,1.595041,2.190083,,3999856,,original,raw_double,false,,,1,0,exact_abs_or_rel,SKIP
uni_chimera_i5_A_13.mtx,cusparse_default,cusparse_csr,external_baseline,ok,none,external_baseline,0.0193,0.0143,1.000000,1.373057,,3999856,2399932,original,original,false,,,true,0,exact_abs_or_rel,SKIP
uni_chimera_i5_A_21.mtx,original_lb,original_lb,load_balanced_traversal,ok,none,promoted_fallback,0.0273,0.0260,0.622711,1.000000,,3999856,3397800,original,original,false,0,0,true,0,exact_abs_or_rel,SKIP
uni_chimera_i5_A_21.mtx,auto_lossless_lb,original_lb,load_balanced_traversal,ok,none,promoted_fallback,0.0271,0.0253,0.627306,1.007380,,3999856,3397800,auto_lossless,original,true,262711,3999856,true,0,exact_abs_or_rel,SKIP
uni_chimera_i5_A_21.mtx,fp16_lb,fp16_lb,controlled_lossy_value_specialized,ok,none,accuracy_pass_runtime_win,0.0253,0.0239,0.671937,1.079051,,999964,3397800,fp16,fp16,false,0,0,false,0,spmv_max_rel,SKIP
uni_chimera_i5_A_21.mtx,bf16_lb,bf16_lb,controlled_lossy_value_specialized,ok,none,accuracy_pass_runtime_win,0.0258,0.0252,0.658915,1.058140,,999964,3397800,bf16,bf16,false,0,0,false,0,spmv_max_rel,SKIP
uni_chimera_i5_A_21.mtx,bfp8_lb,bfp8_lb,controlled_lossy_value_specialized,ok,none,accuracy_pass_runtime_win,0.0255,0.0240,0.666667,1.070588,,1349432,3397800,bfp8,bfp8,false,0,0,false,0,spmv_max_rel,SKIP
uni_chimera_i5_A_21.mtx,bfp8_outlier_lb,bfp8_outlier_lb,controlled_lossy_value_specialized,ok,none,accuracy_pass_runtime_loss,0.0284,0.0257,0.598592,0.961268,,1389416,3397800,bfp8_outlier,bfp8_outlier,false,0,0,false,0,spmv_max_rel,SKIP
uni_chimera_i5_A_21.mtx,bfp4_lb,bfp4_lb,controlled_lossy_value_specialized,ok,none,accuracy_pass_runtime_loss,0.0306,0.0290,0.555556,0.892157,,1099441,3397800,bfp4,bfp4,false,0,0,false,0,spmv_max_rel,SKIP
uni_chimera_i5_A_21.mtx,hybrid_lb,hybrid_lb,structural_hybrid,ok,none,promoted_fallback,0.0123,0.0107,1.382114,2.219512,,3999856,,original,raw_double,false,,,1,0,exact_abs_or_rel,SKIP
uni_chimera_i5_A_21.mtx,cusparse_default,cusparse_csr,external_baseline,ok,none,external_baseline,0.0170,0.0143,1.000000,1.605882,,3999856,2399932,original,original,false,,,true,0,exact_abs_or_rel,SKIP
utm300.mtx,original_lb,original_lb,load_balanced_traversal,ok,none,promoted_fallback,0.0078,0.0062,1.551282,1.000000,,25240,3520,original,original,false,0,0,true,0,exact_abs_or_rel,SKIP
utm300.mtx,auto_lossless_lb,original_lb,load_balanced_traversal,ok,none,promoted_fallback,0.0071,0.0062,1.704225,1.098592,,25240,3520,auto_lossless,original,true,3117,25240,true,0,exact_abs_or_rel,SKIP
utm300.mtx,fp16_lb,fp16_lb,controlled_lossy_value_specialized,ok,none,accuracy_pass_runtime_loss,0.0085,0.0073,1.423529,0.917647,,6310,3520,fp16,fp16,false,0,0,false,0,spmv_max_rel,SKIP
utm300.mtx,bf16_lb,bf16_lb,controlled_lossy_value_specialized,ok,none,accuracy_pass_runtime_loss,0.0082,0.0071,1.475610,0.951220,,6310,3520,bf16,bf16,false,0,0,false,0,spmv_max_rel,SKIP
utm300.mtx,bfp8_lb,bfp8_lb,controlled_lossy_value_specialized,ok,none,accuracy_pass_runtime_win,0.0070,0.0056,1.728571,1.114286,,4035,3520,bfp8,bfp8,false,0,0,false,0,spmv_max_rel,SKIP
utm300.mtx,bfp8_outlier_lb,bfp8_outlier_lb,controlled_lossy_value_specialized,ok,none,accuracy_pass_runtime_loss,0.0093,0.0078,1.301075,0.838710,,4243,3520,bfp8_outlier,bfp8_outlier,false,0,0,false,0,spmv_max_rel,SKIP
utm300.mtx,bfp4_lb,bfp4_lb,controlled_lossy_value_specialized,ok,none,accuracy_pass_runtime_loss,0.0088,0.0074,1.375000,0.886364,,2458,3520,bfp4,bfp4,false,0,0,false,0,spmv_max_rel,SKIP
utm300.mtx,hybrid_lb,hybrid_lb,structural_hybrid,ok,none,promoted_fallback,0.0068,0.0055,1.779412,1.147059,,25240,,original,raw_double,false,,,1,0,exact_abs_or_rel,SKIP
utm300.mtx,cusparse_default,cusparse_csr,external_baseline,ok,none,external_baseline,0.0121,0.0102,1.000000,0.644628,,25240,13824,original,original,false,,,true,0,exact_abs_or_rel,SKIP
viscoplastic1_C_4.mtx,original_lb,original_lb,load_balanced_traversal,ok,none,promoted_fallback,0.0089,0.0077,1.629213,1.000000,,489328,113808,original,original,false,0,0,true,0,exact_abs_or_rel,SKIP
viscoplastic1_C_4.mtx,auto_lossless_lb,original_lb,load_balanced_traversal,ok,none,promoted_fallback,0.0095,0.0073,1.526316,0.936842,,489328,113808,auto_lossless,original,true,12375,489328,true,0,exact_abs_or_rel,SKIP
viscoplastic1_C_4.mtx,fp16_lb,fp16_lb,controlled_lossy_value_specialized,ok,none,accuracy_pass_runtime_loss,0.0091,0.0078,1.593407,0.978022,,122332,113808,fp16,fp16,false,0,0,false,0,spmv_max_rel,SKIP
viscoplastic1_C_4.mtx,bf16_lb,bf16_lb,controlled_lossy_value_specialized,ok,none,accuracy_pass_runtime_loss,0.0091,0.0079,1.593407,0.978022,,122332,113808,bf16,bf16,false,0,0,false,0,spmv_max_rel,SKIP
viscoplastic1_C_4.mtx,bfp8_lb,bfp8_lb,controlled_lossy_value_specialized,ok,none,accuracy_pass_runtime_loss,0.0097,0.0091,1.494845,0.917526,,89618,113808,bfp8,bfp8,false,0,0,false,0,spmv_max_rel,SKIP
viscoplastic1_C_4.mtx,bfp8_outlier_lb,bfp8_outlier_lb,controlled_lossy_value_specialized,ok,none,accuracy_pass_runtime_loss,0.0109,0.0101,1.330275,0.816514,,94450,113808,bfp8_outlier,bfp8_outlier,false,0,0,false,0,spmv_max_rel,SKIP
viscoplastic1_C_4.mtx,bfp4_lb,bfp4_lb,controlled_lossy_value_specialized,ok,none,accuracy_pass_runtime_loss,0.0135,0.0125,1.074074,0.659259,,59035,113808,bfp4,bfp4,false,0,0,false,0,spmv_max_rel,SKIP
viscoplastic1_C_4.mtx,hybrid_lb,hybrid_lb,structural_hybrid,ok,none,promoted_fallback,0.0078,0.0069,1.858974,1.141026,,489328,,original,raw_double,false,,,1,0,exact_abs_or_rel,SKIP
viscoplastic1_C_4.mtx,cusparse_default,cusparse_csr,external_baseline,ok,none,external_baseline,0.0145,0.0123,1.000000,0.613793,,489328,261972,original,original,false,,,true,0,exact_abs_or_rel,SKIP
wang1.mtx,original_lb,original_lb,load_balanced_traversal,ok,none,promoted_fallback,0.0072,0.0052,2.208333,1.000000,,152744,30920,original,original,false,0,0,true,0,exact_abs_or_rel,SKIP
wang1.mtx,auto_lossless_lb,original_lb,load_balanced_traversal,ok,none,promoted_fallback,0.0075,0.0052,2.120000,0.960000,,152744,30920,auto_lossless,original,true,1734,152744,true,0,exact_abs_or_rel,SKIP
wang1.mtx,fp16_lb,fp16_lb,controlled_lossy_value_specialized,ok,none,accuracy_pass_runtime_loss,0.0075,0.0069,2.120000,0.960000,,38186,30920,fp16,fp16,false,0,0,false,0,spmv_max_rel,SKIP
wang1.mtx,bf16_lb,bf16_lb,controlled_lossy_value_specialized,ok,none,accuracy_pass_runtime_loss,0.0074,0.0066,2.148649,0.972973,,38186,30920,bf16,bf16,false,0,0,false,0,spmv_max_rel,SKIP
wang1.mtx,bfp8_lb,bfp8_lb,controlled_lossy_value_specialized,ok,none,accuracy_pass_runtime_win,0.0071,0.0060,2.239437,1.014085,,26823,30920,bfp8,bfp8,false,0,0,false,0,spmv_max_rel,SKIP
wang1.mtx,bfp8_outlier_lb,bfp8_outlier_lb,controlled_lossy_value_specialized,ok,none,accuracy_pass_runtime_loss,0.0095,0.0076,1.673684,0.757895,,28343,30920,bfp8_outlier,bfp8_outlier,false,0,0,false,0,spmv_max_rel,SKIP
wang1.mtx,bfp4_lb,bfp4_lb,controlled_lossy_value_specialized,ok,none,accuracy_pass_runtime_loss,0.0080,0.0066,1.987500,0.900000,,17277,30920,bfp4,bfp4,false,0,0,false,0,spmv_max_rel,SKIP
wang1.mtx,hybrid_lb,hybrid_lb,structural_hybrid,ok,none,promoted_fallback,0.0067,0.0047,2.373134,1.074627,,152744,,original,raw_double,false,,,1,0,exact_abs_or_rel,SKIP
wang1.mtx,cusparse_default,cusparse_csr,external_baseline,ok,none,external_baseline,0.0159,0.0123,1.000000,0.452830,,152744,87988,original,original,false,,,true,0,exact_abs_or_rel,SKIP
west0067.mtx,original_lb,original_lb,load_balanced_traversal,ok,none,promoted_fallback,0.0056,0.0049,2.000000,1.000000,,2352,592,original,original,false,0,0,true,0,exact_abs_or_rel,SKIP
west0067.mtx,auto_lossless_lb,original_lb,load_balanced_traversal,ok,none,promoted_fallback,0.0075,0.0058,1.493333,0.746667,,2352,592,auto_lossless,original,true,115,2352,true,0,exact_abs_or_rel,SKIP
west0067.mtx,fp16_lb,fp16_lb,controlled_lossy_value_specialized,ok,none,accuracy_pass_runtime_loss,0.0070,0.0051,1.600000,0.800000,,588,592,fp16,fp16,false,0,0,false,0,spmv_max_rel,SKIP
west0067.mtx,bf16_lb,bf16_lb,controlled_lossy_value_specialized,ok,none,accuracy_pass_runtime_loss,0.0066,0.0050,1.696970,0.848485,,588,592,bf16,bf16,false,0,0,false,0,spmv_max_rel,SKIP
west0067.mtx,bfp8_lb,bfp8_lb,controlled_lossy_value_specialized,ok,none,accuracy_pass_runtime_loss,0.0067,0.0047,1.671642,0.835821,,442,592,bfp8,bfp8,false,0,0,false,0,spmv_max_rel,SKIP
west0067.mtx,bfp8_outlier_lb,bfp8_outlier_lb,controlled_lossy_value_specialized,ok,none,accuracy_pass_runtime_loss,0.0068,0.0047,1.647059,0.823529,,442,592,bfp8_outlier,bfp8_outlier,false,0,0,false,0,spmv_max_rel,SKIP
west0067.mtx,bfp4_lb,bfp4_lb,controlled_lossy_value_specialized,ok,none,accuracy_pass_runtime_loss,0.0078,0.0065,1.435897,0.717949,,295,592,bfp4,bfp4,false,0,0,false,0,spmv_max_rel,SKIP
west0067.mtx,hybrid_lb,hybrid_lb,structural_hybrid,ok,none,promoted_fallback,0.0062,0.0046,1.806452,0.903226,,2352,,original,raw_double,false,,,1,0,exact_abs_or_rel,SKIP
west0067.mtx,cusparse_default,cusparse_csr,external_baseline,ok,none,external_baseline,0.0112,0.0082,1.000000,0.500000,,2352,1448,original,original,false,,,true,0,exact_abs_or_rel,SKIP
west0989.mtx,original_lb,original_lb,load_balanced_traversal,ok,none,promoted_fallback,0.0065,0.0049,1.953846,1.000000,,28144,7656,original,original,false,0,0,true,0,exact_abs_or_rel,SKIP
west0989.mtx,auto_lossless_lb,original_lb,load_balanced_traversal,ok,none,promoted_fallback,0.0068,0.0048,1.867647,0.955882,,28144,7656,auto_lossless,original,true,1776,28144,true,0,exact_abs_or_rel,SKIP
west0989.mtx,fp16_lb,fp16_lb,controlled_lossy_value_specialized,ok,none,accuracy_pass_runtime_loss,0.0067,0.0049,1.895522,0.970149,,7036,7656,fp16,fp16,false,0,0,false,0,spmv_max_rel,SKIP
west0989.mtx,bf16_lb,bf16_lb,controlled_lossy_value_specialized,ok,none,accuracy_pass_runtime_win,0.0063,0.0048,2.015873,1.031746,,7036,7656,bf16,bf16,false,0,0,false,0,spmv_max_rel,SKIP
west0989.mtx,bfp8_lb,bfp8_lb,controlled_lossy_value_specialized,ok,none,accuracy_pass_runtime_loss,0.0073,0.0068,1.739726,0.890411,,5432,7656,bfp8,bfp8,false,0,0,false,0,spmv_max_rel,SKIP
west0989.mtx,bfp8_outlier_lb,bfp8_outlier_lb,controlled_lossy_value_specialized,ok,none,accuracy_pass_runtime_loss,0.0092,0.0076,1.380435,0.706522,,5704,7656,bfp8_outlier,bfp8_outlier,false,0,0,false,0,spmv_max_rel,SKIP
west0989.mtx,bfp4_lb,bfp4_lb,controlled_lossy_value_specialized,ok,none,accuracy_pass_runtime_loss,0.0088,0.0071,1.443182,0.738636,,3673,7656,bfp4,bfp4,false,0,0,false,0,spmv_max_rel,SKIP
west0989.mtx,hybrid_lb,hybrid_lb,structural_hybrid,ok,none,promoted_fallback,0.0072,0.0048,1.763889,0.902778,,28144,,original,raw_double,false,,,1,0,exact_abs_or_rel,SKIP
west0989.mtx,cusparse_default,cusparse_csr,external_baseline,ok,none,external_baseline,0.0127,0.0102,1.000000,0.511811,,28144,18032,original,original,false,,,true,0,exact_abs_or_rel,SKIP
wheel_3_1.mtx,original_lb,original_lb,load_balanced_traversal,ok,none,promoted_fallback,0.0051,0.0047,2.176471,1.000000,,592,144,original,original,false,0,0,true,0,exact_abs_or_rel,SKIP
wheel_3_1.mtx,auto_lossless_lb,all_one_lb,lossless_value_specialized,ok,none,accuracy_pass_runtime_loss,0.0065,0.0049,1.707692,0.784615,,0,144,auto_lossless,all_one,true,1,0,true,0,exact_abs_or_rel,SKIP
wheel_3_1.mtx,fp16_lb,fp16_lb,controlled_lossy_value_specialized,ok,none,accuracy_pass_runtime_loss,0.0052,0.0042,2.134615,0.980769,,148,144,fp16,fp16,false,0,0,false,0,spmv_max_rel,SKIP
wheel_3_1.mtx,bf16_lb,bf16_lb,controlled_lossy_value_specialized,ok,none,accuracy_pass_runtime_loss,0.0053,0.0046,2.094340,0.962264,,148,144,bf16,bf16,false,0,0,false,0,spmv_max_rel,SKIP
wheel_3_1.mtx,bfp8_lb,bfp8_lb,controlled_lossy_value_specialized,ok,none,accuracy_pass_runtime_loss,0.0071,0.0049,1.563380,0.718310,,110,144,bfp8,bfp8,false,0,0,false,0,spmv_max_rel,SKIP
wheel_3_1.mtx,bfp8_outlier_lb,bfp8_outlier_lb,controlled_lossy_value_specialized,ok,none,accuracy_pass_runtime_loss,0.0067,0.0052,1.656716,0.761194,,110,144,bfp8_outlier,bfp8_outlier,false,0,0,false,0,spmv_max_rel,SKIP
wheel_3_1.mtx,bfp4_lb,bfp4_lb,controlled_lossy_value_specialized,ok,none,accuracy_pass_runtime_loss,0.0075,0.0056,1.480000,0.680000,,73,144,bfp4,bfp4,false,0,0,false,0,spmv_max_rel,SKIP
wheel_3_1.mtx,hybrid_lb,hybrid_lb,structural_hybrid,ok,none,promoted_fallback,0.0057,0.0046,1.947368,0.894737,,592,,original,raw_double,false,,,1,0,exact_abs_or_rel,SKIP
wheel_3_1.mtx,cusparse_default,cusparse_csr,external_baseline,ok,none,external_baseline,0.0111,0.0082,1.000000,0.459459,,592,384,original,original,false,,,true,0,exact_abs_or_rel,SKIP
whitaker3.mtx,original_lb,original_lb,load_balanced_traversal,ok,none,promoted_fallback,0.0090,0.0073,1.500000,1.000000,,463824,110208,original,original,false,0,0,true,0,exact_abs_or_rel,SKIP
whitaker3.mtx,auto_lossless_lb,all_one_lb,lossless_value_specialized,ok,none,accuracy_pass_runtime_win,0.0083,0.0071,1.626506,1.084337,,0,110208,auto_lossless,all_one,true,1,0,true,0,exact_abs_or_rel,SKIP
whitaker3.mtx,fp16_lb,fp16_lb,controlled_lossy_value_specialized,ok,none,accuracy_pass_runtime_loss,0.0094,0.0082,1.436170,0.957447,,115956,110208,fp16,fp16,false,0,0,false,0,spmv_max_rel,SKIP
whitaker3.mtx,bf16_lb,bf16_lb,controlled_lossy_value_specialized,ok,none,accuracy_pass_runtime_loss,0.0094,0.0092,1.436170,0.957447,,115956,110208,bf16,bf16,false,0,0,false,0,spmv_max_rel,SKIP
whitaker3.mtx,bfp8_lb,bfp8_lb,controlled_lossy_value_specialized,ok,none,accuracy_pass_runtime_loss,0.0100,0.0087,1.350000,0.900000,,85530,110208,bfp8,bfp8,false,0,0,false,0,spmv_max_rel,SKIP
whitaker3.mtx,bfp8_outlier_lb,bfp8_outlier_lb,controlled_lossy_value_specialized,ok,none,accuracy_pass_runtime_loss,0.0096,0.0087,1.406250,0.937500,,85530,110208,bfp8_outlier,bfp8_outlier,false,0,0,false,0,spmv_max_rel,SKIP
whitaker3.mtx,bfp4_lb,bfp4_lb,controlled_lossy_value_specialized,ok,none,accuracy_pass_runtime_loss,0.0115,0.0109,1.173913,0.782609,,56541,110208,bfp4,bfp4,false,0,0,false,0,spmv_max_rel,SKIP
whitaker3.mtx,hybrid_lb,hybrid_lb,structural_hybrid,ok,none,promoted_fallback,0.0072,0.0058,1.875000,1.250000,,463824,,original,raw_double,false,,,1,0,exact_abs_or_rel,SKIP
whitaker3.mtx,cusparse_default,cusparse_csr,external_baseline,ok,none,external_baseline,0.0135,0.0123,1.000000,0.666667,,463824,271116,original,original,false,,,true,0,exact_abs_or_rel,SKIP
wiki-RfA_Negative.mtx,original_lb,original_lb,load_balanced_traversal,ok,none,promoted_fallback,0.0096,0.0079,1.760417,1.000000,,313648,307376,original,original,false,0,0,true,0,exact_abs_or_rel,SKIP
wiki-RfA_Negative.mtx,auto_lossless_lb,original_lb,load_balanced_traversal,ok,none,promoted_fallback,0.0089,0.0078,1.898876,1.078652,,313648,307376,auto_lossless,original,true,5,313648,true,0,exact_abs_or_rel,SKIP
wiki-RfA_Negative.mtx,fp16_lb,fp16_lb,controlled_lossy_value_specialized,ok,none,accuracy_pass_runtime_win,0.0093,0.0087,1.817204,1.032258,,78412,307376,fp16,fp16,false,0,0,false,0,spmv_max_rel,SKIP
wiki-RfA_Negative.mtx,bf16_lb,bf16_lb,controlled_lossy_value_specialized,ok,none,accuracy_pass_runtime_win,0.0095,0.0085,1.778947,1.010526,,78412,307376,bf16,bf16,false,0,0,false,0,spmv_max_rel,SKIP
wiki-RfA_Negative.mtx,bfp8_lb,bfp8_lb,controlled_lossy_value_specialized,ok,none,accuracy_pass_runtime_loss,0.0099,0.0091,1.707071,0.969697,,116050,307376,bfp8,bfp8,false,0,0,false,0,spmv_max_rel,SKIP
wiki-RfA_Negative.mtx,bfp8_outlier_lb,bfp8_outlier_lb,controlled_lossy_value_specialized,ok,none,accuracy_pass_runtime_loss,0.0119,0.0107,1.420168,0.806723,,117282,307376,bfp8_outlier,bfp8_outlier,false,0,0,false,0,spmv_max_rel,SKIP
wiki-RfA_Negative.mtx,bfp4_lb,bfp4_lb,controlled_lossy_value_specialized,ok,none,accuracy_pass_runtime_loss,0.0134,0.0127,1.261194,0.716418,,96447,307376,bfp4,bfp4,false,0,0,false,0,spmv_max_rel,SKIP
wiki-RfA_Negative.mtx,hybrid_lb,hybrid_lb,structural_hybrid,ok,none,promoted_fallback,0.0100,0.0089,1.690000,0.960000,,313648,,original,raw_double,false,,,1,0,exact_abs_or_rel,SKIP
wiki-RfA_Negative.mtx,cusparse_default,cusparse_csr,external_baseline,ok,none,external_baseline,0.0169,0.0143,1.000000,0.568047,,313648,202348,original,original,false,,,true,0,exact_abs_or_rel,SKIP
windtunnel_evap3d.mtx,original_lb,original_lb,load_balanced_traversal,ok,none,promoted_fallback,0.0155,0.0147,0.896774,1.000000,,6431824,1548432,original,original,false,0,0,true,0,exact_abs_or_rel,SKIP
windtunnel_evap3d.mtx,auto_lossless_lb,original_lb,load_balanced_traversal,ok,none,promoted_fallback,0.0158,0.0150,0.879747,0.981013,,6431824,1548432,auto_lossless,original,true,786318,6431824,true,0,exact_abs_or_rel,SKIP
windtunnel_evap3d.mtx,fp16_lb,fp16_lb,controlled_lossy_value_specialized,ok,none,accuracy_pass_runtime_loss,0.0157,0.0144,0.885350,0.987261,,1607956,1548432,fp16,fp16,false,0,0,false,0,spmv_max_rel,SKIP
windtunnel_evap3d.mtx,bf16_lb,bf16_lb,controlled_lossy_value_specialized,ok,none,accuracy_pass_runtime_loss,0.0161,0.0146,0.863354,0.962733,,1607956,1548432,bf16,bf16,false,0,0,false,0,spmv_max_rel,SKIP
windtunnel_evap3d.mtx,bfp8_lb,bfp8_lb,controlled_lossy_value_specialized,ok,none,accuracy_pass_runtime_loss,0.0156,0.0141,0.891026,0.993590,,1191086,1548432,bfp8,bfp8,false,0,0,false,0,spmv_max_rel,SKIP
windtunnel_evap3d.mtx,bfp8_outlier_lb,bfp8_outlier_lb,controlled_lossy_value_specialized,ok,none,accuracy_pass_runtime_loss,0.0177,0.0159,0.785311,0.875706,,1255390,1548432,bfp8_outlier,bfp8_outlier,false,0,0,false,0,spmv_max_rel,SKIP
windtunnel_evap3d.mtx,bfp4_lb,bfp4_lb,controlled_lossy_value_specialized,ok,none,accuracy_pass_runtime_win,0.0151,0.0131,0.920530,1.026490,,789097,1548432,bfp4,bfp4,false,0,0,false,0,spmv_max_rel,SKIP
windtunnel_evap3d.mtx,hybrid_lb,hybrid_lb,structural_hybrid,ok,none,promoted_fallback,0.0095,0.0082,1.463158,1.631579,,6431824,,original,raw_double,false,,,1,0,exact_abs_or_rel,SKIP
windtunnel_evap3d.mtx,cusparse_default,cusparse_csr,external_baseline,ok,none,external_baseline,0.0139,0.0123,1.000000,1.115108,,6431824,3379180,original,original,false,,,true,0,exact_abs_or_rel,SKIP
ww_vref_6405_E.mtx,original_lb,original_lb,load_balanced_traversal,ok,none,promoted_fallback,0.0060,0.0047,2.750000,1.000000,,13312,8968,original,original,false,0,0,true,0,exact_abs_or_rel,SKIP
ww_vref_6405_E.mtx,auto_lossless_lb,all_one_lb,lossless_value_specialized,ok,none,accuracy_pass_runtime_win,0.0046,0.0041,3.586957,1.304348,,0,8968,auto_lossless,all_one,true,1,0,true,0,exact_abs_or_rel,SKIP
ww_vref_6405_E.mtx,fp16_lb,fp16_lb,controlled_lossy_value_specialized,ok,none,accuracy_pass_runtime_win,0.0059,0.0052,2.796610,1.016949,,3328,8968,fp16,fp16,false,0,0,false,0,spmv_max_rel,SKIP
ww_vref_6405_E.mtx,bf16_lb,bf16_lb,controlled_lossy_value_specialized,ok,none,accuracy_pass_runtime_loss,0.0063,0.0053,2.619048,0.952381,,3328,8968,bf16,bf16,false,0,0,false,0,spmv_max_rel,SKIP
ww_vref_6405_E.mtx,bfp8_lb,bfp8_lb,controlled_lossy_value_specialized,ok,none,accuracy_pass_runtime_loss,0.0069,0.0050,2.391304,0.869565,,3906,8968,bfp8,bfp8,false,0,0,false,0,spmv_max_rel,SKIP
ww_vref_6405_E.mtx,bfp8_outlier_lb,bfp8_outlier_lb,controlled_lossy_value_specialized,ok,none,accuracy_pass_runtime_win,0.0057,0.0051,2.894737,1.052632,,3906,8968,bfp8_outlier,bfp8_outlier,false,0,0,false,0,spmv_max_rel,SKIP
ww_vref_6405_E.mtx,bfp4_lb,bfp4_lb,controlled_lossy_value_specialized,ok,none,accuracy_pass_runtime_loss,0.0069,0.0049,2.391304,0.869565,,3074,8968,bfp4,bfp4,false,0,0,false,0,spmv_max_rel,SKIP
ww_vref_6405_E.mtx,hybrid_lb,hybrid_lb,structural_hybrid,ok,none,promoted_fallback,0.0058,0.0041,2.844828,1.034483,,13312,,original,raw_double,false,,,1,0,exact_abs_or_rel,SKIP
ww_vref_6405_E.mtx,cusparse_default,cusparse_csr,external_baseline,ok,none,external_baseline,0.0165,0.0143,1.000000,0.363636,,13312,59664,original,original,false,,,true,0,exact_abs_or_rel,SKIP
xingo_afonso_itaipu_E.mtx,original_lb,original_lb,load_balanced_traversal,ok,none,promoted_fallback,0.0066,0.0058,2.818182,1.000000,,13312,9016,original,original,false,0,0,true,0,exact_abs_or_rel,SKIP
xingo_afonso_itaipu_E.mtx,auto_lossless_lb,all_one_lb,lossless_value_specialized,ok,none,accuracy_pass_runtime_win,0.0061,0.0045,3.049180,1.081967,,0,9016,auto_lossless,all_one,true,1,0,true,0,exact_abs_or_rel,SKIP
xingo_afonso_itaipu_E.mtx,fp16_lb,fp16_lb,controlled_lossy_value_specialized,ok,none,accuracy_pass_runtime_loss,0.0075,0.0064,2.480000,0.880000,,3328,9016,fp16,fp16,false,0,0,false,0,spmv_max_rel,SKIP
xingo_afonso_itaipu_E.mtx,bf16_lb,bf16_lb,controlled_lossy_value_specialized,ok,none,accuracy_pass_runtime_loss,0.0072,0.0057,2.583333,0.916667,,3328,9016,bf16,bf16,false,0,0,false,0,spmv_max_rel,SKIP
xingo_afonso_itaipu_E.mtx,bfp8_lb,bfp8_lb,controlled_lossy_value_specialized,ok,none,accuracy_pass_runtime_win,0.0052,0.0040,3.576923,1.269231,,3918,9016,bfp8,bfp8,false,0,0,false,0,spmv_max_rel,SKIP
xingo_afonso_itaipu_E.mtx,bfp8_outlier_lb,bfp8_outlier_lb,controlled_lossy_value_specialized,ok,none,accuracy_pass_runtime_win,0.0050,0.0040,3.720000,1.320000,,3918,9016,bfp8_outlier,bfp8_outlier,false,0,0,false,0,spmv_max_rel,SKIP
xingo_afonso_itaipu_E.mtx,bfp4_lb,bfp4_lb,controlled_lossy_value_specialized,ok,none,accuracy_pass_runtime_win,0.0064,0.0045,2.906250,1.031250,,3086,9016,bfp4,bfp4,false,0,0,false,0,spmv_max_rel,SKIP
xingo_afonso_itaipu_E.mtx,hybrid_lb,hybrid_lb,structural_hybrid,ok,none,promoted_fallback,0.0058,0.0045,3.206897,1.137931,,13312,,original,raw_double,false,,,1,0,exact_abs_or_rel,SKIP
xingo_afonso_itaipu_E.mtx,cusparse_default,cusparse_csr,external_baseline,ok,none,external_baseline,0.0186,0.0143,1.000000,0.354839,,13312,59660,original,original,false,,,true,0,exact_abs_or_rel,SKIP
young3c.mtx,original_lb,original_lb,load_balanced_traversal,ok,none,promoted_fallback,0.0065,0.0048,1.969231,1.000000,,31904,8056,original,original,false,0,0,true,0,exact_abs_or_rel,SKIP
young3c.mtx,auto_lossless_lb,original_lb,load_balanced_traversal,ok,none,promoted_fallback,0.0063,0.0047,2.031746,1.031746,,31904,8056,auto_lossless,original,true,239,31904,true,0,exact_abs_or_rel,SKIP
young3c.mtx,fp16_lb,fp16_lb,controlled_lossy_value_specialized,ok,none,accuracy_pass_runtime_loss,0.0066,0.0047,1.939394,0.984848,,7976,8056,fp16,fp16,false,0,0,false,0,spmv_max_rel,SKIP
young3c.mtx,bf16_lb,bf16_lb,controlled_lossy_value_specialized,ok,none,accuracy_pass_runtime_loss,0.0065,0.0053,1.969231,1.000000,,7976,8056,bf16,bf16,false,0,0,false,0,spmv_max_rel,SKIP
young3c.mtx,bfp8_lb,bfp8_lb,controlled_lossy_value_specialized,ok,none,accuracy_pass_runtime_loss,0.0072,0.0051,1.777778,0.902778,,6002,8056,bfp8,bfp8,false,0,0,false,0,spmv_max_rel,SKIP
young3c.mtx,bfp8_outlier_lb,bfp8_outlier_lb,controlled_lossy_value_specialized,ok,none,accuracy_pass_runtime_loss,0.0073,0.0051,1.753425,0.890411,,6002,8056,bfp8_outlier,bfp8_outlier,false,0,0,false,0,spmv_max_rel,SKIP
young3c.mtx,bfp4_lb,bfp4_lb,controlled_lossy_value_specialized,ok,none,accuracy_pass_runtime_loss,0.0078,0.0072,1.641026,0.833333,,4008,8056,bfp4,bfp4,false,0,0,false,0,spmv_max_rel,SKIP
young3c.mtx,hybrid_lb,hybrid_lb,structural_hybrid,ok,none,promoted_fallback,0.0067,0.0050,1.910448,0.970149,,31904,,original,raw_double,false,,,1,0,exact_abs_or_rel,SKIP
young3c.mtx,cusparse_default,cusparse_csr,external_baseline,ok,none,external_baseline,0.0128,0.0102,1.000000,0.507812,,31904,19320,original,original,false,,,true,0,exact_abs_or_rel,SKIP
