matrix,requested_operator,operator_name,operator_family,status,failure_class,claim_status,avg_ms,min_ms,speedup_vs_cusparse,speedup_vs_original_lb,speedup_vs_original_nolb,value_payload_bytes,position_payload_bytes,value_codec,value_codec_effective,value_codec_auto_selected,value_codec_auto_unique_count,value_codec_auto_candidate_payload_bytes,value_codec_exact,value_codebook_size,verify_gate,verify_cpu
130bit.mtx,original_lb,original_lb,load_balanced_traversal,ok,none,promoted_fallback,0.0100,0.0088,1.380000,1.000000,,48960,26448,original,original,false,0,0,true,0,exact_abs_or_rel,SKIP
130bit.mtx,auto_lossless_lb,all_one_lb,lossless_value_specialized,ok,none,accuracy_pass_runtime_win,0.0093,0.0079,1.483871,1.075269,,0,26448,auto_lossless,all_one,true,1,0,true,0,exact_abs_or_rel,SKIP
130bit.mtx,fp16_lb,fp16_lb,controlled_lossy_value_specialized,ok,none,accuracy_pass_runtime_win,0.0099,0.0091,1.393939,1.010101,,12240,26448,fp16,fp16,false,0,0,false,0,spmv_max_rel,SKIP
130bit.mtx,bf16_lb,bf16_lb,controlled_lossy_value_specialized,ok,none,accuracy_pass_runtime_loss,0.0101,0.0093,1.366337,0.990099,,12240,26448,bf16,bf16,false,0,0,false,0,spmv_max_rel,SKIP
130bit.mtx,bfp8_lb,bfp8_lb,controlled_lossy_value_specialized,ok,none,accuracy_pass_runtime_win,0.0097,0.0087,1.422680,1.030928,,12732,26448,bfp8,bfp8,false,0,0,false,0,spmv_max_rel,SKIP
130bit.mtx,bfp8_outlier_lb,bfp8_outlier_lb,controlled_lossy_value_specialized,ok,none,accuracy_pass_runtime_win,0.0096,0.0087,1.437500,1.041667,,12732,26448,bfp8_outlier,bfp8_outlier,false,0,0,false,0,spmv_max_rel,SKIP
130bit.mtx,bfp4_lb,bfp4_lb,controlled_lossy_value_specialized,ok,none,accuracy_pass_runtime_loss,0.0131,0.0118,1.053435,0.763359,,9672,26448,bfp4,bfp4,false,0,0,false,0,spmv_max_rel,SKIP
130bit.mtx,hybrid_lb,hybrid_lb,structural_hybrid,ok,none,promoted_fallback,0.0074,0.0063,1.864865,1.351351,,48960,,original,raw_double,false,,,1,0,exact_abs_or_rel,SKIP
130bit.mtx,cusparse_default,cusparse_csr,external_baseline,ok,none,external_baseline,0.0138,0.0123,1.000000,0.724638,,48960,26820,original,original,false,,,true,0,exact_abs_or_rel,SKIP
Alemdar.mtx,original_lb,original_lb,load_balanced_traversal,ok,none,promoted_fallback,0.0092,0.0076,2.043478,1.000000,,340648,247552,original,original,false,0,0,true,0,exact_abs_or_rel,SKIP
Alemdar.mtx,auto_lossless_lb,dict2_lb,lossless_value_specialized,ok,none,accuracy_pass_runtime_loss,0.0096,0.0083,1.958333,0.958333,,123792,247552,auto_lossless,dict2,true,2,123792,true,2,exact_abs_or_rel,SKIP
Alemdar.mtx,fp16_lb,fp16_lb,controlled_lossy_value_specialized,ok,none,accuracy_pass_runtime_loss,0.0092,0.0083,2.043478,1.000000,,85162,247552,fp16,fp16,false,0,0,false,0,spmv_max_rel,SKIP
Alemdar.mtx,bf16_lb,bf16_lb,controlled_lossy_value_specialized,ok,none,accuracy_pass_runtime_loss,0.0092,0.0087,2.043478,1.000000,,85162,247552,bf16,bf16,false,0,0,false,0,spmv_max_rel,SKIP
Alemdar.mtx,bfp8_lb,bfp8_lb,controlled_lossy_value_specialized,ok,none,accuracy_pass_runtime_loss,0.0102,0.0090,1.843137,0.901961,,104469,247552,bfp8,bfp8,false,0,0,false,0,spmv_max_rel,SKIP
Alemdar.mtx,bfp8_outlier_lb,bfp8_outlier_lb,controlled_lossy_value_specialized,ok,none,accuracy_pass_runtime_loss,0.0105,0.0089,1.790476,0.876190,,104469,247552,bfp8_outlier,bfp8_outlier,false,0,0,false,0,spmv_max_rel,SKIP
Alemdar.mtx,bfp4_lb,bfp4_lb,controlled_lossy_value_specialized,ok,none,accuracy_pass_runtime_loss,0.0154,0.0136,1.220779,0.597403,,83179,247552,bfp4,bfp4,false,0,0,false,0,spmv_max_rel,SKIP
Alemdar.mtx,hybrid_lb,hybrid_lb,structural_hybrid,ok,none,promoted_fallback,0.0067,0.0046,2.805970,1.373134,,340648,,original,raw_double,false,,,1,0,exact_abs_or_rel,SKIP
Alemdar.mtx,cusparse_default,cusparse_csr,external_baseline,ok,none,external_baseline,0.0188,0.0144,1.000000,0.489362,,340648,195308,original,original,false,,,true,0,exact_abs_or_rel,SKIP
CAG_mat364.mtx,original_lb,original_lb,load_balanced_traversal,ok,none,promoted_fallback,0.0089,0.0074,1.438202,1.000000,,108680,26640,original,original,false,0,0,true,0,exact_abs_or_rel,SKIP
CAG_mat364.mtx,auto_lossless_lb,dict256_u8_lb,lossless_value_specialized,ok,none,accuracy_pass_runtime_loss,0.0120,0.0102,1.066667,0.741667,,106792,26640,auto_lossless,dict256_u8,true,29,106792,true,29,exact_abs_or_rel,SKIP
CAG_mat364.mtx,fp16_lb,fp16_lb,controlled_lossy_value_specialized,ok,none,accuracy_pass_runtime_loss,0.0091,0.0081,1.406593,0.978022,,27170,26640,fp16,fp16,false,0,0,false,0,spmv_max_rel,SKIP
CAG_mat364.mtx,bf16_lb,bf16_lb,controlled_lossy_value_specialized,ok,none,accuracy_pass_runtime_loss,0.0089,0.0085,1.438202,1.000000,,27170,26640,bf16,bf16,false,0,0,false,0,spmv_max_rel,SKIP
CAG_mat364.mtx,bfp8_lb,bfp8_lb,controlled_lossy_value_specialized,ok,none,accuracy_pass_runtime_loss,0.0097,0.0085,1.319588,0.917526,,20245,26640,bfp8,bfp8,false,0,0,false,0,spmv_max_rel,SKIP
CAG_mat364.mtx,bfp8_outlier_lb,bfp8_outlier_lb,controlled_lossy_value_specialized,ok,none,accuracy_pass_runtime_loss,0.0123,0.0104,1.040650,0.723577,,21317,26640,bfp8_outlier,bfp8_outlier,false,0,0,false,0,spmv_max_rel,SKIP
CAG_mat364.mtx,bfp4_lb,bfp4_lb,controlled_lossy_value_specialized,ok,none,accuracy_pass_runtime_loss,0.0134,0.0131,0.955224,0.664179,,13453,26640,bfp4,bfp4,false,0,0,false,0,spmv_max_rel,SKIP
CAG_mat364.mtx,hybrid_lb,hybrid_lb,structural_hybrid,ok,none,promoted_fallback,0.0099,0.0085,1.292929,0.898990,,108680,,original,raw_double,false,,,1,0,exact_abs_or_rel,SKIP
CAG_mat364.mtx,cusparse_default,cusparse_csr,external_baseline,ok,none,external_baseline,0.0128,0.0102,1.000000,0.695312,,108680,55800,original,original,false,,,true,0,exact_abs_or_rel,SKIP
Chebyshev1.mtx,original_lb,original_lb,load_balanced_traversal,ok,none,promoted_fallback,0.0091,0.0075,1.351648,1.000000,,18552,1544,original,original,false,0,0,true,0,exact_abs_or_rel,SKIP
Chebyshev1.mtx,auto_lossless_lb,original_lb,load_balanced_traversal,ok,none,promoted_fallback,0.0091,0.0085,1.351648,1.000000,,18552,1544,auto_lossless,original,true,1798,18552,true,0,exact_abs_or_rel,SKIP
Chebyshev1.mtx,fp16_lb,fp16_lb,controlled_lossy_value_specialized,ok,none,accuracy_pass_runtime_loss,0.0099,0.0091,1.242424,0.919192,,4638,1544,fp16,fp16,false,0,0,false,0,spmv_max_rel,SKIP
Chebyshev1.mtx,bf16_lb,bf16_lb,controlled_lossy_value_specialized,ok,none,accuracy_pass_runtime_loss,0.0099,0.0091,1.242424,0.919192,,4638,1544,bf16,bf16,false,0,0,false,0,spmv_max_rel,SKIP
Chebyshev1.mtx,bfp8_lb,bfp8_lb,controlled_lossy_value_specialized,ok,none,accuracy_pass_runtime_loss,0.0095,0.0085,1.294737,0.957895,,2705,1544,bfp8,bfp8,false,0,0,false,0,spmv_max_rel,SKIP
Chebyshev1.mtx,bfp8_outlier_lb,bfp8_outlier_lb,controlled_lossy_value_specialized,ok,none,accuracy_pass_runtime_loss,0.0120,0.0102,1.025000,0.758333,,2881,1544,bfp8_outlier,bfp8_outlier,false,0,0,false,0,spmv_max_rel,SKIP
Chebyshev1.mtx,bfp4_lb,bfp4_lb,controlled_lossy_value_specialized,ok,none,accuracy_pass_runtime_loss,0.0135,0.0126,0.911111,0.674074,,1546,1544,bfp4,bfp4,false,0,0,false,0,spmv_max_rel,SKIP
Chebyshev1.mtx,hybrid_lb,hybrid_lb,structural_hybrid,ok,none,promoted_fallback,0.0106,0.0090,1.160377,0.858491,,18552,,original,raw_double,false,,,1,0,exact_abs_or_rel,SKIP
Chebyshev1.mtx,cusparse_default,cusparse_csr,external_baseline,ok,none,external_baseline,0.0123,0.0102,1.000000,0.739837,,18552,10324,original,original,false,,,true,0,exact_abs_or_rel,SKIP
D_5.mtx,original_lb,original_lb,load_balanced_traversal,ok,none,promoted_fallback,0.0074,0.0064,1.689189,1.000000,,14656,7552,original,original,false,0,0,true,0,exact_abs_or_rel,SKIP
D_5.mtx,auto_lossless_lb,original_lb,load_balanced_traversal,ok,none,promoted_fallback,0.0076,0.0069,1.644737,0.973684,,14656,7552,auto_lossless,original,true,12,14656,true,0,exact_abs_or_rel,SKIP
D_5.mtx,fp16_lb,fp16_lb,controlled_lossy_value_specialized,ok,none,accuracy_pass_runtime_win,0.0073,0.0059,1.712329,1.013699,,3664,7552,fp16,fp16,false,0,0,false,0,spmv_max_rel,SKIP
D_5.mtx,bf16_lb,bf16_lb,controlled_lossy_value_specialized,ok,none,accuracy_pass_runtime_loss,0.0076,0.0066,1.644737,0.973684,,3664,7552,bf16,bf16,false,0,0,false,0,spmv_max_rel,SKIP
D_5.mtx,bfp8_lb,bfp8_lb,controlled_lossy_value_specialized,ok,none,accuracy_pass_runtime_loss,0.0075,0.0056,1.666667,0.986667,,3720,7552,bfp8,bfp8,false,0,0,false,0,spmv_max_rel,SKIP
D_5.mtx,bfp8_outlier_lb,bfp8_outlier_lb,controlled_lossy_value_specialized,ok,none,accuracy_pass_runtime_loss,0.0095,0.0085,1.315789,0.778947,,3864,7552,bfp8_outlier,bfp8_outlier,false,0,0,false,0,spmv_max_rel,SKIP
D_5.mtx,bfp4_lb,bfp4_lb,controlled_lossy_value_specialized,ok,none,accuracy_pass_runtime_loss,0.0090,0.0075,1.388889,0.822222,,2804,7552,bfp4,bfp4,false,0,0,false,0,spmv_max_rel,SKIP
D_5.mtx,hybrid_lb,hybrid_lb,structural_hybrid,ok,none,promoted_fallback,0.0063,0.0045,1.984127,1.174603,,14656,,original,raw_double,false,,,1,0,exact_abs_or_rel,SKIP
D_5.mtx,cusparse_default,cusparse_csr,external_baseline,ok,none,external_baseline,0.0125,0.0102,1.000000,0.592000,,14656,9068,original,original,false,,,true,0,exact_abs_or_rel,SKIP
EVA.mtx,original_lb,original_lb,load_balanced_traversal,ok,none,promoted_fallback,0.0083,0.0066,1.927711,1.000000,,53808,25664,original,original,false,0,0,true,0,exact_abs_or_rel,SKIP
EVA.mtx,auto_lossless_lb,all_one_lb,lossless_value_specialized,ok,none,accuracy_pass_runtime_loss,0.0092,0.0081,1.739130,0.902174,,0,25664,auto_lossless,all_one,true,1,0,true,0,exact_abs_or_rel,SKIP
EVA.mtx,fp16_lb,fp16_lb,controlled_lossy_value_specialized,ok,none,accuracy_pass_runtime_loss,0.0097,0.0084,1.649485,0.855670,,13452,25664,fp16,fp16,false,0,0,false,0,spmv_max_rel,SKIP
EVA.mtx,bf16_lb,bf16_lb,controlled_lossy_value_specialized,ok,none,accuracy_pass_runtime_loss,0.0094,0.0075,1.702128,0.882979,,13452,25664,bf16,bf16,false,0,0,false,0,spmv_max_rel,SKIP
EVA.mtx,bfp8_lb,bfp8_lb,controlled_lossy_value_specialized,ok,none,accuracy_pass_runtime_loss,0.0094,0.0084,1.702128,0.882979,,13142,25664,bfp8,bfp8,false,0,0,false,0,spmv_max_rel,SKIP
EVA.mtx,bfp8_outlier_lb,bfp8_outlier_lb,controlled_lossy_value_specialized,ok,none,accuracy_pass_runtime_loss,0.0097,0.0084,1.649485,0.855670,,13142,25664,bfp8_outlier,bfp8_outlier,false,0,0,false,0,spmv_max_rel,SKIP
EVA.mtx,bfp4_lb,bfp4_lb,controlled_lossy_value_specialized,ok,none,accuracy_pass_runtime_loss,0.0143,0.0132,1.118881,0.580420,,9779,25664,bfp4,bfp4,false,0,0,false,0,spmv_max_rel,SKIP
EVA.mtx,hybrid_lb,hybrid_lb,structural_hybrid,ok,none,promoted_fallback,0.0108,0.0086,1.481481,0.768519,,53808,,original,raw_double,false,,,1,0,exact_abs_or_rel,SKIP
EVA.mtx,cusparse_default,cusparse_csr,external_baseline,ok,none,external_baseline,0.0160,0.0123,1.000000,0.518750,,53808,60896,original,original,false,,,true,0,exact_abs_or_rel,SKIP
EX3.mtx,original_lb,original_lb,load_balanced_traversal,ok,none,promoted_fallback,0.0094,0.0086,1.478723,1.000000,,574080,170128,original,original,false,0,0,true,0,exact_abs_or_rel,SKIP
EX3.mtx,auto_lossless_lb,all_one_lb,lossless_value_specialized,ok,none,accuracy_pass_runtime_loss,0.0134,0.0124,1.037313,0.701493,,0,170128,auto_lossless,all_one,true,1,0,true,0,exact_abs_or_rel,SKIP
EX3.mtx,fp16_lb,fp16_lb,controlled_lossy_value_specialized,ok,none,accuracy_pass_runtime_loss,0.0098,0.0086,1.418367,0.959184,,143520,170128,fp16,fp16,false,0,0,false,0,spmv_max_rel,SKIP
EX3.mtx,bf16_lb,bf16_lb,controlled_lossy_value_specialized,ok,none,accuracy_pass_runtime_loss,0.0098,0.0089,1.418367,0.959184,,143520,170128,bf16,bf16,false,0,0,false,0,spmv_max_rel,SKIP
EX3.mtx,bfp8_lb,bfp8_lb,controlled_lossy_value_specialized,ok,none,accuracy_pass_runtime_win,0.0093,0.0085,1.494624,1.010753,,114292,170128,bfp8,bfp8,false,0,0,false,0,spmv_max_rel,SKIP
EX3.mtx,bfp8_outlier_lb,bfp8_outlier_lb,controlled_lossy_value_specialized,ok,none,accuracy_pass_runtime_win,0.0089,0.0084,1.561798,1.056180,,114292,170128,bfp8_outlier,bfp8_outlier,false,0,0,false,0,spmv_max_rel,SKIP
EX3.mtx,bfp4_lb,bfp4_lb,controlled_lossy_value_specialized,ok,none,accuracy_pass_runtime_loss,0.0132,0.0126,1.053030,0.712121,,78412,170128,bfp4,bfp4,false,0,0,false,0,spmv_max_rel,SKIP
EX3.mtx,hybrid_lb,hybrid_lb,structural_hybrid,ok,none,promoted_fallback,0.0079,0.0064,1.759494,1.189873,,574080,,original,raw_double,false,,,1,0,exact_abs_or_rel,SKIP
EX3.mtx,cusparse_default,cusparse_csr,external_baseline,ok,none,external_baseline,0.0139,0.0102,1.000000,0.676259,,574080,297444,original,original,false,,,true,0,exact_abs_or_rel,SKIP
Ecoli_10NN.mtx,original_lb,original_lb,load_balanced_traversal,ok,none,promoted_fallback,0.0087,0.0063,1.471264,1.000000,,36480,11384,original,original,false,0,0,true,0,exact_abs_or_rel,SKIP
Ecoli_10NN.mtx,auto_lossless_lb,original_lb,load_balanced_traversal,ok,none,promoted_fallback,0.0099,0.0080,1.292929,0.878788,,36480,11384,auto_lossless,original,true,1977,36480,true,0,exact_abs_or_rel,SKIP
Ecoli_10NN.mtx,fp16_lb,fp16_lb,controlled_lossy_value_specialized,ok,none,accuracy_pass_runtime_loss,0.0106,0.0096,1.207547,0.820755,,9120,11384,fp16,fp16,false,0,0,false,0,spmv_max_rel,SKIP
Ecoli_10NN.mtx,bf16_lb,bf16_lb,controlled_lossy_value_specialized,ok,none,accuracy_pass_runtime_loss,0.0099,0.0090,1.292929,0.878788,,9120,11384,bf16,bf16,false,0,0,false,0,spmv_max_rel,SKIP
Ecoli_10NN.mtx,bfp8_lb,bfp8_lb,controlled_lossy_value_specialized,ok,none,accuracy_pass_runtime_loss,0.0089,0.0076,1.438202,0.977528,,7406,11384,bfp8,bfp8,false,0,0,false,0,spmv_max_rel,SKIP
Ecoli_10NN.mtx,bfp8_outlier_lb,bfp8_outlier_lb,controlled_lossy_value_specialized,ok,none,accuracy_pass_runtime_loss,0.0118,0.0100,1.084746,0.737288,,7758,11384,bfp8_outlier,bfp8_outlier,false,0,0,false,0,spmv_max_rel,SKIP
Ecoli_10NN.mtx,bfp4_lb,bfp4_lb,controlled_lossy_value_specialized,ok,none,accuracy_pass_runtime_loss,0.0136,0.0129,0.941176,0.639706,,5126,11384,bfp4,bfp4,false,0,0,false,0,spmv_max_rel,SKIP
Ecoli_10NN.mtx,hybrid_lb,hybrid_lb,structural_hybrid,ok,none,promoted_fallback,0.0077,0.0060,1.662338,1.129870,,36480,,original,raw_double,false,,,1,0,exact_abs_or_rel,SKIP
Ecoli_10NN.mtx,cusparse_default,cusparse_csr,external_baseline,ok,none,external_baseline,0.0128,0.0102,1.000000,0.679687,,36480,19588,original,original,false,,,true,0,exact_abs_or_rel,SKIP
FA.mtx,original_lb,original_lb,load_balanced_traversal,ok,none,promoted_fallback,0.0098,0.0084,1.938776,1.000000,,577408,528440,original,original,false,0,0,true,0,exact_abs_or_rel,SKIP
FA.mtx,auto_lossless_lb,original_lb,load_balanced_traversal,ok,none,promoted_fallback,0.0094,0.0086,2.021277,1.042553,,577408,528440,auto_lossless,original,true,778,577408,true,0,exact_abs_or_rel,SKIP
FA.mtx,fp16_lb,fp16_lb,controlled_lossy_value_specialized,ok,none,accuracy_pass_runtime_loss,0.0102,0.0085,1.862745,0.960784,,144352,528440,fp16,fp16,false,0,0,false,0,spmv_max_rel,SKIP
FA.mtx,bf16_lb,bf16_lb,controlled_lossy_value_specialized,ok,none,accuracy_pass_runtime_win,0.0095,0.0084,2.000000,1.031579,,144352,528440,bf16,bf16,false,0,0,false,0,spmv_max_rel,SKIP
FA.mtx,bfp8_lb,bfp8_lb,controlled_lossy_value_specialized,ok,none,accuracy_pass_runtime_loss,0.0114,0.0102,1.666667,0.859649,,204286,528440,bfp8,bfp8,false,0,0,false,0,spmv_max_rel,SKIP
FA.mtx,bfp8_outlier_lb,bfp8_outlier_lb,controlled_lossy_value_specialized,ok,none,accuracy_pass_runtime_loss,0.0141,0.0122,1.347518,0.695035,,210046,528440,bfp8_outlier,bfp8_outlier,false,0,0,false,0,spmv_max_rel,SKIP
FA.mtx,bfp4_lb,bfp4_lb,controlled_lossy_value_specialized,ok,none,accuracy_pass_runtime_loss,0.0144,0.0133,1.319444,0.680556,,168198,528440,bfp4,bfp4,false,0,0,false,0,spmv_max_rel,SKIP
FA.mtx,hybrid_lb,hybrid_lb,structural_hybrid,ok,none,promoted_fallback,0.0091,0.0079,2.087912,1.076923,,577408,,original,raw_double,false,,,1,0,exact_abs_or_rel,SKIP
FA.mtx,cusparse_default,cusparse_csr,external_baseline,ok,none,external_baseline,0.0190,0.0143,1.000000,0.515789,,577408,331176,original,original,false,,,true,0,exact_abs_or_rel,SKIP
Franz1.mtx,original_lb,original_lb,load_balanced_traversal,ok,none,promoted_fallback,0.0069,0.0051,2.275362,1.000000,,40960,17360,original,original,false,0,0,true,0,exact_abs_or_rel,SKIP
Franz1.mtx,auto_lossless_lb,sign2_lb,lossless_value_specialized,ok,none,accuracy_pass_runtime_loss,0.0070,0.0050,2.242857,0.985714,,8680,17360,auto_lossless,sign2,true,2,8680,true,0,exact_abs_or_rel,SKIP
Franz1.mtx,fp16_lb,fp16_lb,controlled_lossy_value_specialized,ok,none,accuracy_pass_runtime_win,0.0066,0.0046,2.378788,1.045455,,10240,17360,fp16,fp16,false,0,0,false,0,spmv_max_rel,SKIP
Franz1.mtx,bf16_lb,bf16_lb,controlled_lossy_value_specialized,ok,none,accuracy_pass_runtime_loss,0.0070,0.0051,2.242857,0.985714,,10240,17360,bf16,bf16,false,0,0,false,0,spmv_max_rel,SKIP
Franz1.mtx,bfp8_lb,bfp8_lb,controlled_lossy_value_specialized,ok,none,accuracy_pass_runtime_win,0.0068,0.0051,2.308824,1.014706,,9460,17360,bfp8,bfp8,false,0,0,false,0,spmv_max_rel,SKIP
Franz1.mtx,bfp8_outlier_lb,bfp8_outlier_lb,controlled_lossy_value_specialized,ok,none,accuracy_pass_runtime_win,0.0066,0.0050,2.378788,1.045455,,9460,17360,bfp8_outlier,bfp8_outlier,false,0,0,false,0,spmv_max_rel,SKIP
Franz1.mtx,bfp4_lb,bfp4_lb,controlled_lossy_value_specialized,ok,none,accuracy_pass_runtime_loss,0.0080,0.0071,1.962500,0.862500,,6900,17360,bfp4,bfp4,false,0,0,false,0,spmv_max_rel,SKIP
Franz1.mtx,hybrid_lb,hybrid_lb,structural_hybrid,ok,none,promoted_fallback,0.0056,0.0045,2.803571,1.232143,,40960,,original,raw_double,false,,,1,0,exact_abs_or_rel,SKIP
Franz1.mtx,cusparse_default,cusparse_csr,external_baseline,ok,none,external_baseline,0.0157,0.0123,1.000000,0.439490,,40960,29444,original,original,false,,,true,0,exact_abs_or_rel,SKIP
Franz8.mtx,original_lb,original_lb,load_balanced_traversal,ok,none,promoted_fallback,0.0078,0.0058,1.833333,1.000000,,802944,141728,original,original,false,0,0,true,0,exact_abs_or_rel,SKIP
Franz8.mtx,auto_lossless_lb,sign2_lb,lossless_value_specialized,ok,none,accuracy_pass_runtime_loss,0.0078,0.0068,1.833333,1.000000,,70864,141728,auto_lossless,sign2,true,2,70864,true,0,exact_abs_or_rel,SKIP
Franz8.mtx,fp16_lb,fp16_lb,controlled_lossy_value_specialized,ok,none,accuracy_pass_runtime_win,0.0070,0.0057,2.042857,1.114286,,200736,141728,fp16,fp16,false,0,0,false,0,spmv_max_rel,SKIP
Franz8.mtx,bf16_lb,bf16_lb,controlled_lossy_value_specialized,ok,none,accuracy_pass_runtime_win,0.0071,0.0057,2.014085,1.098592,,200736,141728,bf16,bf16,false,0,0,false,0,spmv_max_rel,SKIP
Franz8.mtx,bfp8_lb,bfp8_lb,controlled_lossy_value_specialized,ok,none,accuracy_pass_runtime_win,0.0069,0.0056,2.072464,1.130435,,135800,141728,bfp8,bfp8,false,0,0,false,0,spmv_max_rel,SKIP
Franz8.mtx,bfp8_outlier_lb,bfp8_outlier_lb,controlled_lossy_value_specialized,ok,none,accuracy_pass_runtime_win,0.0076,0.0059,1.881579,1.026316,,135800,141728,bfp8_outlier,bfp8_outlier,false,0,0,false,0,spmv_max_rel,SKIP
Franz8.mtx,bfp4_lb,bfp4_lb,controlled_lossy_value_specialized,ok,none,accuracy_pass_runtime_loss,0.0082,0.0065,1.743902,0.951220,,85616,141728,bfp4,bfp4,false,0,0,false,0,spmv_max_rel,SKIP
Franz8.mtx,hybrid_lb,hybrid_lb,structural_hybrid,ok,none,promoted_fallback,0.0069,0.0051,2.072464,1.130435,,802944,,original,raw_double,false,,,1,0,exact_abs_or_rel,SKIP
Franz8.mtx,cusparse_default,cusparse_csr,external_baseline,ok,none,external_baseline,0.0143,0.0123,1.000000,0.545455,,802944,468388,original,original,false,,,true,0,exact_abs_or_rel,SKIP
G14.mtx,original_lb,original_lb,load_balanced_traversal,ok,none,promoted_fallback,0.0099,0.0091,1.414141,1.000000,,75104,50184,original,original,false,0,0,true,0,exact_abs_or_rel,SKIP
G14.mtx,auto_lossless_lb,all_one_lb,lossless_value_specialized,ok,none,accuracy_pass_runtime_loss,0.0101,0.0083,1.386139,0.980198,,0,50184,auto_lossless,all_one,true,1,0,true,0,exact_abs_or_rel,SKIP
G14.mtx,fp16_lb,fp16_lb,controlled_lossy_value_specialized,ok,none,accuracy_pass_runtime_win,0.0097,0.0082,1.443299,1.020619,,18776,50184,fp16,fp16,false,0,0,false,0,spmv_max_rel,SKIP
G14.mtx,bf16_lb,bf16_lb,controlled_lossy_value_specialized,ok,none,accuracy_pass_runtime_win,0.0095,0.0087,1.473684,1.042105,,18776,50184,bf16,bf16,false,0,0,false,0,spmv_max_rel,SKIP
G14.mtx,bfp8_lb,bfp8_lb,controlled_lossy_value_specialized,ok,none,accuracy_pass_runtime_win,0.0098,0.0085,1.428571,1.010204,,21934,50184,bfp8,bfp8,false,0,0,false,0,spmv_max_rel,SKIP
G14.mtx,bfp8_outlier_lb,bfp8_outlier_lb,controlled_lossy_value_specialized,ok,none,accuracy_pass_runtime_win,0.0094,0.0086,1.489362,1.053191,,21934,50184,bfp8_outlier,bfp8_outlier,false,0,0,false,0,spmv_max_rel,SKIP
G14.mtx,bfp4_lb,bfp4_lb,controlled_lossy_value_specialized,ok,none,accuracy_pass_runtime_loss,0.0135,0.0125,1.037037,0.733333,,17240,50184,bfp4,bfp4,false,0,0,false,0,spmv_max_rel,SKIP
G14.mtx,hybrid_lb,hybrid_lb,structural_hybrid,ok,none,promoted_fallback,0.0108,0.0096,1.296296,0.916667,,75104,,original,raw_double,false,,,1,0,exact_abs_or_rel,SKIP
G14.mtx,cusparse_default,cusparse_csr,external_baseline,ok,none,external_baseline,0.0140,0.0123,1.000000,0.707143,,75104,40756,original,original,false,,,true,0,exact_abs_or_rel,SKIP
G21.mtx,original_lb,original_lb,load_balanced_traversal,ok,none,promoted_fallback,0.0115,0.0091,1.139130,1.000000,,74672,49552,original,original,false,0,0,true,0,exact_abs_or_rel,SKIP
G21.mtx,auto_lossless_lb,sign2_lb,lossless_value_specialized,ok,none,accuracy_pass_runtime_win,0.0111,0.0098,1.180180,1.036036,,24776,49552,auto_lossless,sign2,true,2,24776,true,0,exact_abs_or_rel,SKIP
G21.mtx,fp16_lb,fp16_lb,controlled_lossy_value_specialized,ok,none,accuracy_pass_runtime_win,0.0095,0.0082,1.378947,1.210526,,18668,49552,fp16,fp16,false,0,0,false,0,spmv_max_rel,SKIP
G21.mtx,bf16_lb,bf16_lb,controlled_lossy_value_specialized,ok,none,accuracy_pass_runtime_win,0.0094,0.0076,1.393617,1.223404,,18668,49552,bf16,bf16,false,0,0,false,0,spmv_max_rel,SKIP
G21.mtx,bfp8_lb,bfp8_lb,controlled_lossy_value_specialized,ok,none,accuracy_pass_runtime_win,0.0092,0.0082,1.423913,1.250000,,21722,49552,bfp8,bfp8,false,0,0,false,0,spmv_max_rel,SKIP
G21.mtx,bfp8_outlier_lb,bfp8_outlier_lb,controlled_lossy_value_specialized,ok,none,accuracy_pass_runtime_win,0.0091,0.0085,1.439560,1.263736,,21722,49552,bfp8_outlier,bfp8_outlier,false,0,0,false,0,spmv_max_rel,SKIP
G21.mtx,bfp4_lb,bfp4_lb,controlled_lossy_value_specialized,ok,none,accuracy_pass_runtime_loss,0.0138,0.0130,0.949275,0.833333,,17055,49552,bfp4,bfp4,false,0,0,false,0,spmv_max_rel,SKIP
G21.mtx,hybrid_lb,hybrid_lb,structural_hybrid,ok,none,promoted_fallback,0.0096,0.0076,1.364583,1.197917,,74672,,original,raw_double,false,,,1,0,exact_abs_or_rel,SKIP
G21.mtx,cusparse_default,cusparse_csr,external_baseline,ok,none,external_baseline,0.0131,0.0123,1.000000,0.877863,,74672,40540,original,original,false,,,true,0,exact_abs_or_rel,SKIP
G29.mtx,original_lb,original_lb,load_balanced_traversal,ok,none,promoted_fallback,0.0102,0.0092,1.382353,1.000000,,319840,275096,original,original,false,0,0,true,0,exact_abs_or_rel,SKIP
G29.mtx,auto_lossless_lb,sign2_lb,lossless_value_specialized,ok,none,accuracy_pass_runtime_loss,0.0121,0.0109,1.165289,0.842975,,137548,275096,auto_lossless,sign2,true,2,137548,true,0,exact_abs_or_rel,SKIP
G29.mtx,fp16_lb,fp16_lb,controlled_lossy_value_specialized,ok,none,accuracy_pass_runtime_win,0.0095,0.0086,1.484211,1.073684,,79960,275096,fp16,fp16,false,0,0,false,0,spmv_max_rel,SKIP
G29.mtx,bf16_lb,bf16_lb,controlled_lossy_value_specialized,ok,none,accuracy_pass_runtime_win,0.0094,0.0086,1.500000,1.085106,,79960,275096,bf16,bf16,false,0,0,false,0,spmv_max_rel,SKIP
G29.mtx,bfp8_lb,bfp8_lb,controlled_lossy_value_specialized,ok,none,accuracy_pass_runtime_loss,0.0103,0.0090,1.368932,0.990291,,108754,275096,bfp8,bfp8,false,0,0,false,0,spmv_max_rel,SKIP
G29.mtx,bfp8_outlier_lb,bfp8_outlier_lb,controlled_lossy_value_specialized,ok,none,accuracy_pass_runtime_loss,0.0108,0.0090,1.305556,0.944444,,108754,275096,bfp8_outlier,bfp8_outlier,false,0,0,false,0,spmv_max_rel,SKIP
G29.mtx,bfp4_lb,bfp4_lb,controlled_lossy_value_specialized,ok,none,accuracy_pass_runtime_loss,0.0136,0.0126,1.036765,0.750000,,88764,275096,bfp4,bfp4,false,0,0,false,0,spmv_max_rel,SKIP
G29.mtx,hybrid_lb,hybrid_lb,structural_hybrid,ok,none,promoted_fallback,0.0072,0.0063,1.958333,1.416667,,319840,,original,raw_double,false,,,1,0,exact_abs_or_rel,SKIP
G29.mtx,cusparse_default,cusparse_csr,external_baseline,ok,none,external_baseline,0.0141,0.0123,1.000000,0.723404,,319840,167924,original,original,false,,,true,0,exact_abs_or_rel,SKIP
G36.mtx,original_lb,original_lb,load_balanced_traversal,ok,none,promoted_fallback,0.0099,0.0086,1.484848,1.000000,,188256,150536,original,original,false,0,0,true,0,exact_abs_or_rel,SKIP
G36.mtx,auto_lossless_lb,all_one_lb,lossless_value_specialized,ok,none,accuracy_pass_runtime_loss,0.0099,0.0090,1.484848,1.000000,,0,150536,auto_lossless,all_one,true,1,0,true,0,exact_abs_or_rel,SKIP
G36.mtx,fp16_lb,fp16_lb,controlled_lossy_value_specialized,ok,none,accuracy_pass_runtime_win,0.0094,0.0084,1.563830,1.053191,,47064,150536,fp16,fp16,false,0,0,false,0,spmv_max_rel,SKIP
G36.mtx,bf16_lb,bf16_lb,controlled_lossy_value_specialized,ok,none,accuracy_pass_runtime_win,0.0093,0.0085,1.580645,1.064516,,47064,150536,bf16,bf16,false,0,0,false,0,spmv_max_rel,SKIP
G36.mtx,bfp8_lb,bfp8_lb,controlled_lossy_value_specialized,ok,none,accuracy_pass_runtime_loss,0.0099,0.0089,1.484848,1.000000,,61166,150536,bfp8,bfp8,false,0,0,false,0,spmv_max_rel,SKIP
G36.mtx,bfp8_outlier_lb,bfp8_outlier_lb,controlled_lossy_value_specialized,ok,none,accuracy_pass_runtime_win,0.0098,0.0090,1.500000,1.010204,,61166,150536,bfp8_outlier,bfp8_outlier,false,0,0,false,0,spmv_max_rel,SKIP
G36.mtx,bfp4_lb,bfp4_lb,controlled_lossy_value_specialized,ok,none,accuracy_pass_runtime_loss,0.0154,0.0140,0.954545,0.642857,,49400,150536,bfp4,bfp4,false,0,0,false,0,spmv_max_rel,SKIP
G36.mtx,hybrid_lb,hybrid_lb,structural_hybrid,ok,none,promoted_fallback,0.0122,0.0108,1.204918,0.811475,,188256,,original,raw_double,false,,,1,0,exact_abs_or_rel,SKIP
G36.mtx,cusparse_default,cusparse_csr,external_baseline,ok,none,external_baseline,0.0147,0.0123,1.000000,0.673469,,188256,102132,original,original,false,,,true,0,exact_abs_or_rel,SKIP
G43.mtx,original_lb,original_lb,load_balanced_traversal,ok,none,promoted_fallback,0.0087,0.0075,1.632184,1.000000,,159840,118944,original,original,false,0,0,true,0,exact_abs_or_rel,SKIP
G43.mtx,auto_lossless_lb,all_one_lb,lossless_value_specialized,ok,none,accuracy_pass_runtime_loss,0.0108,0.0100,1.314815,0.805556,,0,118944,auto_lossless,all_one,true,1,0,true,0,exact_abs_or_rel,SKIP
G43.mtx,fp16_lb,fp16_lb,controlled_lossy_value_specialized,ok,none,accuracy_pass_runtime_loss,0.0114,0.0104,1.245614,0.763158,,39960,118944,fp16,fp16,false,0,0,false,0,spmv_max_rel,SKIP
G43.mtx,bf16_lb,bf16_lb,controlled_lossy_value_specialized,ok,none,accuracy_pass_runtime_loss,0.0103,0.0096,1.378641,0.844660,,39960,118944,bf16,bf16,false,0,0,false,0,spmv_max_rel,SKIP
G43.mtx,bfp8_lb,bfp8_lb,controlled_lossy_value_specialized,ok,none,accuracy_pass_runtime_loss,0.0095,0.0085,1.494737,0.915789,,49716,118944,bfp8,bfp8,false,0,0,false,0,spmv_max_rel,SKIP
G43.mtx,bfp8_outlier_lb,bfp8_outlier_lb,controlled_lossy_value_specialized,ok,none,accuracy_pass_runtime_loss,0.0096,0.0085,1.479167,0.906250,,49716,118944,bfp8_outlier,bfp8_outlier,false,0,0,false,0,spmv_max_rel,SKIP
G43.mtx,bfp4_lb,bfp4_lb,controlled_lossy_value_specialized,ok,none,accuracy_pass_runtime_loss,0.0149,0.0132,0.953020,0.583893,,39726,118944,bfp4,bfp4,false,0,0,false,0,spmv_max_rel,SKIP
G43.mtx,hybrid_lb,hybrid_lb,structural_hybrid,ok,none,promoted_fallback,0.0075,0.0062,1.893333,1.160000,,159840,,original,raw_double,false,,,1,0,exact_abs_or_rel,SKIP
G43.mtx,cusparse_default,cusparse_csr,external_baseline,ok,none,external_baseline,0.0142,0.0102,1.000000,0.612676,,159840,83924,original,original,false,,,true,0,exact_abs_or_rel,SKIP
G50.mtx,original_lb,original_lb,load_balanced_traversal,ok,none,promoted_fallback,0.0075,0.0063,1.906667,1.000000,,96000,24000,original,original,false,0,0,true,0,exact_abs_or_rel,SKIP
G50.mtx,auto_lossless_lb,all_one_lb,lossless_value_specialized,ok,none,accuracy_pass_runtime_win,0.0059,0.0050,2.423729,1.271186,,0,24000,auto_lossless,all_one,true,1,0,true,0,exact_abs_or_rel,SKIP
G50.mtx,fp16_lb,fp16_lb,controlled_lossy_value_specialized,ok,none,accuracy_pass_runtime_win,0.0061,0.0043,2.344262,1.229508,,24000,24000,fp16,fp16,false,0,0,false,0,spmv_max_rel,SKIP
G50.mtx,bf16_lb,bf16_lb,controlled_lossy_value_specialized,ok,none,accuracy_pass_runtime_win,0.0058,0.0044,2.465517,1.293103,,24000,24000,bf16,bf16,false,0,0,false,0,spmv_max_rel,SKIP
G50.mtx,bfp8_lb,bfp8_lb,controlled_lossy_value_specialized,ok,none,accuracy_pass_runtime_win,0.0071,0.0061,2.014085,1.056338,,18000,24000,bfp8,bfp8,false,0,0,false,0,spmv_max_rel,SKIP
G50.mtx,bfp8_outlier_lb,bfp8_outlier_lb,controlled_lossy_value_specialized,ok,none,accuracy_pass_runtime_win,0.0068,0.0059,2.102941,1.102941,,18000,24000,bfp8_outlier,bfp8_outlier,false,0,0,false,0,spmv_max_rel,SKIP
G50.mtx,bfp4_lb,bfp4_lb,controlled_lossy_value_specialized,ok,none,accuracy_pass_runtime_loss,0.0092,0.0082,1.554348,0.815217,,12000,24000,bfp4,bfp4,false,0,0,false,0,spmv_max_rel,SKIP
G50.mtx,hybrid_lb,hybrid_lb,structural_hybrid,ok,none,promoted_fallback,0.0062,0.0045,2.306452,1.209677,,96000,,original,raw_double,false,,,1,0,exact_abs_or_rel,SKIP
G50.mtx,cusparse_default,cusparse_csr,external_baseline,ok,none,external_baseline,0.0143,0.0123,1.000000,0.524476,,96000,60004,original,original,false,,,true,0,exact_abs_or_rel,SKIP
G58.mtx,original_lb,original_lb,load_balanced_traversal,ok,none,promoted_fallback,0.0100,0.0084,1.610000,1.000000,,473120,418320,original,original,false,0,0,true,0,exact_abs_or_rel,SKIP
G58.mtx,auto_lossless_lb,all_one_lb,lossless_value_specialized,ok,none,accuracy_pass_runtime_win,0.0092,0.0085,1.750000,1.086957,,0,418320,auto_lossless,all_one,true,1,0,true,0,exact_abs_or_rel,SKIP
G58.mtx,fp16_lb,fp16_lb,controlled_lossy_value_specialized,ok,none,accuracy_pass_runtime_loss,0.0106,0.0086,1.518868,0.943396,,118280,418320,fp16,fp16,false,0,0,false,0,spmv_max_rel,SKIP
G58.mtx,bf16_lb,bf16_lb,controlled_lossy_value_specialized,ok,none,accuracy_pass_runtime_win,0.0097,0.0087,1.659794,1.030928,,118280,418320,bf16,bf16,false,0,0,false,0,spmv_max_rel,SKIP
G58.mtx,bfp8_lb,bfp8_lb,controlled_lossy_value_specialized,ok,none,accuracy_pass_runtime_win,0.0097,0.0084,1.659794,1.030928,,163720,418320,bfp8,bfp8,false,0,0,false,0,spmv_max_rel,SKIP
G58.mtx,bfp8_outlier_lb,bfp8_outlier_lb,controlled_lossy_value_specialized,ok,none,accuracy_pass_runtime_loss,0.0104,0.0085,1.548077,0.961538,,163720,418320,bfp8_outlier,bfp8_outlier,false,0,0,false,0,spmv_max_rel,SKIP
G58.mtx,bfp4_lb,bfp4_lb,controlled_lossy_value_specialized,ok,none,accuracy_pass_runtime_loss,0.0136,0.0124,1.183824,0.735294,,134150,418320,bfp4,bfp4,false,0,0,false,0,spmv_max_rel,SKIP
G58.mtx,hybrid_lb,hybrid_lb,structural_hybrid,ok,none,promoted_fallback,0.0133,0.0116,1.210526,0.751880,,473120,,original,raw_double,false,,,1,0,exact_abs_or_rel,SKIP
G58.mtx,cusparse_default,cusparse_csr,external_baseline,ok,none,external_baseline,0.0161,0.0123,1.000000,0.621118,,473120,256564,original,original,false,,,true,0,exact_abs_or_rel,SKIP
G65.mtx,original_lb,original_lb,load_balanced_traversal,ok,none,promoted_fallback,0.0083,0.0060,1.795181,1.000000,,256000,64000,original,original,false,0,0,true,0,exact_abs_or_rel,SKIP
G65.mtx,auto_lossless_lb,sign2_lb,lossless_value_specialized,ok,none,accuracy_pass_runtime_win,0.0064,0.0050,2.328125,1.296875,,32000,64000,auto_lossless,sign2,true,2,32000,true,0,exact_abs_or_rel,SKIP
G65.mtx,fp16_lb,fp16_lb,controlled_lossy_value_specialized,ok,none,accuracy_pass_runtime_win,0.0054,0.0041,2.759259,1.537037,,64000,64000,fp16,fp16,false,0,0,false,0,spmv_max_rel,SKIP
G65.mtx,bf16_lb,bf16_lb,controlled_lossy_value_specialized,ok,none,accuracy_pass_runtime_win,0.0055,0.0048,2.709091,1.509091,,64000,64000,bf16,bf16,false,0,0,false,0,spmv_max_rel,SKIP
G65.mtx,bfp8_lb,bfp8_lb,controlled_lossy_value_specialized,ok,none,accuracy_pass_runtime_win,0.0059,0.0049,2.525424,1.406780,,48000,64000,bfp8,bfp8,false,0,0,false,0,spmv_max_rel,SKIP
G65.mtx,bfp8_outlier_lb,bfp8_outlier_lb,controlled_lossy_value_specialized,ok,none,accuracy_pass_runtime_win,0.0058,0.0045,2.568966,1.431034,,48000,64000,bfp8_outlier,bfp8_outlier,false,0,0,false,0,spmv_max_rel,SKIP
G65.mtx,bfp4_lb,bfp4_lb,controlled_lossy_value_specialized,ok,none,accuracy_pass_runtime_win,0.0079,0.0060,1.886076,1.050633,,32000,64000,bfp4,bfp4,false,0,0,false,0,spmv_max_rel,SKIP
G65.mtx,hybrid_lb,hybrid_lb,structural_hybrid,ok,none,promoted_fallback,0.0069,0.0050,2.159420,1.202899,,256000,,original,raw_double,false,,,1,0,exact_abs_or_rel,SKIP
G65.mtx,cusparse_default,cusparse_csr,external_baseline,ok,none,external_baseline,0.0149,0.0123,1.000000,0.557047,,256000,160004,original,original,false,,,true,0,exact_abs_or_rel,SKIP
GD02_b.mtx,original_lb,original_lb,load_balanced_traversal,ok,none,promoted_fallback,0.0068,0.0050,1.985294,1.000000,,1856,536,original,original,false,0,0,true,0,exact_abs_or_rel,SKIP
GD02_b.mtx,auto_lossless_lb,all_one_lb,lossless_value_specialized,ok,none,accuracy_pass_runtime_loss,0.0071,0.0061,1.901408,0.957746,,0,536,auto_lossless,all_one,true,1,0,true,0,exact_abs_or_rel,SKIP
GD02_b.mtx,fp16_lb,fp16_lb,controlled_lossy_value_specialized,ok,none,accuracy_pass_runtime_loss,0.0070,0.0060,1.928571,0.971429,,464,536,fp16,fp16,false,0,0,false,0,spmv_max_rel,SKIP
GD02_b.mtx,bf16_lb,bf16_lb,controlled_lossy_value_specialized,ok,none,accuracy_pass_runtime_loss,0.0070,0.0061,1.928571,0.971429,,464,536,bf16,bf16,false,0,0,false,0,spmv_max_rel,SKIP
GD02_b.mtx,bfp8_lb,bfp8_lb,controlled_lossy_value_specialized,ok,none,accuracy_pass_runtime_win,0.0065,0.0058,2.076923,1.046154,,366,536,bfp8,bfp8,false,0,0,false,0,spmv_max_rel,SKIP
GD02_b.mtx,bfp8_outlier_lb,bfp8_outlier_lb,controlled_lossy_value_specialized,ok,none,accuracy_pass_runtime_loss,0.0068,0.0059,1.985294,1.000000,,366,536,bfp8_outlier,bfp8_outlier,false,0,0,false,0,spmv_max_rel,SKIP
GD02_b.mtx,bfp4_lb,bfp4_lb,controlled_lossy_value_specialized,ok,none,accuracy_pass_runtime_loss,0.0080,0.0066,1.687500,0.850000,,250,536,bfp4,bfp4,false,0,0,false,0,spmv_max_rel,SKIP
GD02_b.mtx,hybrid_lb,hybrid_lb,structural_hybrid,ok,none,promoted_fallback,0.0073,0.0060,1.849315,0.931507,,1856,,original,raw_double,false,,,1,0,exact_abs_or_rel,SKIP
GD02_b.mtx,cusparse_default,cusparse_csr,external_baseline,ok,none,external_baseline,0.0135,0.0102,1.000000,0.503704,,1856,1252,original,original,false,,,true,0,exact_abs_or_rel,SKIP
GD96_c.mtx,original_lb,original_lb,load_balanced_traversal,ok,none,promoted_fallback,0.0075,0.0063,1.493333,1.000000,,2000,912,original,original,false,0,0,true,0,exact_abs_or_rel,SKIP
GD96_c.mtx,auto_lossless_lb,all_one_lb,lossless_value_specialized,ok,none,accuracy_pass_runtime_loss,0.0075,0.0056,1.493333,1.000000,,0,912,auto_lossless,all_one,true,1,0,true,0,exact_abs_or_rel,SKIP
GD96_c.mtx,fp16_lb,fp16_lb,controlled_lossy_value_specialized,ok,none,accuracy_pass_runtime_win,0.0072,0.0052,1.555556,1.041667,,500,912,fp16,fp16,false,0,0,false,0,spmv_max_rel,SKIP
GD96_c.mtx,bf16_lb,bf16_lb,controlled_lossy_value_specialized,ok,none,accuracy_pass_runtime_loss,0.0075,0.0066,1.493333,1.000000,,500,912,bf16,bf16,false,0,0,false,0,spmv_max_rel,SKIP
GD96_c.mtx,bfp8_lb,bfp8_lb,controlled_lossy_value_specialized,ok,none,accuracy_pass_runtime_win,0.0069,0.0046,1.623188,1.086957,,478,912,bfp8,bfp8,false,0,0,false,0,spmv_max_rel,SKIP
GD96_c.mtx,bfp8_outlier_lb,bfp8_outlier_lb,controlled_lossy_value_specialized,ok,none,accuracy_pass_runtime_win,0.0069,0.0052,1.623188,1.086957,,478,912,bfp8_outlier,bfp8_outlier,false,0,0,false,0,spmv_max_rel,SKIP
GD96_c.mtx,bfp4_lb,bfp4_lb,controlled_lossy_value_specialized,ok,none,accuracy_pass_runtime_win,0.0072,0.0056,1.555556,1.041667,,353,912,bfp4,bfp4,false,0,0,false,0,spmv_max_rel,SKIP
GD96_c.mtx,hybrid_lb,hybrid_lb,structural_hybrid,ok,none,promoted_fallback,0.0060,0.0045,1.866667,1.250000,,2000,,original,raw_double,false,,,1,0,exact_abs_or_rel,SKIP
GD96_c.mtx,cusparse_default,cusparse_csr,external_baseline,ok,none,external_baseline,0.0112,0.0082,1.000000,0.669643,,2000,1264,original,original,false,,,true,0,exact_abs_or_rel,SKIP
GD99_b.mtx,original_lb,original_lb,load_balanced_traversal,ok,none,promoted_fallback,0.0069,0.0053,1.724638,1.000000,,2016,680,original,original,false,0,0,true,0,exact_abs_or_rel,SKIP
GD99_b.mtx,auto_lossless_lb,dict2_lb,lossless_value_specialized,ok,none,accuracy_pass_runtime_loss,0.0079,0.0059,1.506329,0.873418,,356,680,auto_lossless,dict2,true,2,356,true,2,exact_abs_or_rel,SKIP
GD99_b.mtx,fp16_lb,fp16_lb,controlled_lossy_value_specialized,ok,none,accuracy_pass_runtime_loss,0.0072,0.0064,1.652778,0.958333,,504,680,fp16,fp16,false,0,0,false,0,spmv_max_rel,SKIP
GD99_b.mtx,bf16_lb,bf16_lb,controlled_lossy_value_specialized,ok,none,accuracy_pass_runtime_loss,0.0077,0.0067,1.545455,0.896104,,504,680,bf16,bf16,false,0,0,false,0,spmv_max_rel,SKIP
GD99_b.mtx,bfp8_lb,bfp8_lb,controlled_lossy_value_specialized,ok,none,accuracy_pass_runtime_loss,0.0071,0.0059,1.676056,0.971831,,422,680,bfp8,bfp8,false,0,0,false,0,spmv_max_rel,SKIP
GD99_b.mtx,bfp8_outlier_lb,bfp8_outlier_lb,controlled_lossy_value_specialized,ok,none,accuracy_pass_runtime_win,0.0053,0.0046,2.245283,1.301887,,422,680,bfp8_outlier,bfp8_outlier,false,0,0,false,0,spmv_max_rel,SKIP
GD99_b.mtx,bfp4_lb,bfp4_lb,controlled_lossy_value_specialized,ok,none,accuracy_pass_runtime_win,0.0065,0.0057,1.830769,1.061538,,296,680,bfp4,bfp4,false,0,0,false,0,spmv_max_rel,SKIP
GD99_b.mtx,hybrid_lb,hybrid_lb,structural_hybrid,ok,none,promoted_fallback,0.0058,0.0050,2.051724,1.189655,,2016,,original,raw_double,false,,,1,0,exact_abs_or_rel,SKIP
GD99_b.mtx,cusparse_default,cusparse_csr,external_baseline,ok,none,external_baseline,0.0119,0.0082,1.000000,0.579832,,2016,1268,original,original,false,,,true,0,exact_abs_or_rel,SKIP
GL7d10.mtx,original_lb,original_lb,load_balanced_traversal,ok,none,promoted_fallback,0.0053,0.0045,2.018868,1.000000,,64,48,original,original,false,0,0,true,0,exact_abs_or_rel,SKIP
GL7d10.mtx,auto_lossless_lb,original_lb,load_balanced_traversal,ok,none,promoted_fallback,0.0063,0.0057,1.698413,0.841270,,64,48,auto_lossless,original,true,3,64,true,0,exact_abs_or_rel,SKIP
GL7d10.mtx,fp16_lb,fp16_lb,controlled_lossy_value_specialized,ok,none,accuracy_pass_runtime_loss,0.0055,0.0044,1.945455,0.963636,,16,48,fp16,fp16,false,0,0,false,0,spmv_max_rel,SKIP
GL7d10.mtx,bf16_lb,bf16_lb,controlled_lossy_value_specialized,ok,none,accuracy_pass_runtime_win,0.0050,0.0043,2.140000,1.060000,,16,48,bf16,bf16,false,0,0,false,0,spmv_max_rel,SKIP
GL7d10.mtx,bfp8_lb,bfp8_lb,controlled_lossy_value_specialized,ok,none,accuracy_pass_runtime_loss,0.0056,0.0047,1.910714,0.946429,,20,48,bfp8,bfp8,false,0,0,false,0,spmv_max_rel,SKIP
GL7d10.mtx,bfp8_outlier_lb,bfp8_outlier_lb,controlled_lossy_value_specialized,ok,none,accuracy_pass_runtime_loss,0.0066,0.0057,1.621212,0.803030,,20,48,bfp8_outlier,bfp8_outlier,false,0,0,false,0,spmv_max_rel,SKIP
GL7d10.mtx,bfp4_lb,bfp4_lb,controlled_lossy_value_specialized,ok,none,accuracy_pass_runtime_loss,0.0072,0.0054,1.486111,0.736111,,16,48,bfp4,bfp4,false,0,0,false,0,spmv_max_rel,SKIP
GL7d10.mtx,hybrid_lb,hybrid_lb,structural_hybrid,ok,none,promoted_fallback,0.0061,0.0046,1.754098,0.868852,,64,,original,raw_double,false,,,1,0,exact_abs_or_rel,SKIP
GL7d10.mtx,cusparse_default,cusparse_csr,external_baseline,ok,none,external_baseline,0.0107,0.0082,1.000000,0.495327,,64,40,original,original,false,,,true,0,exact_abs_or_rel,SKIP
Goodwin_071.mtx,original_lb,original_lb,load_balanced_traversal,ok,none,promoted_fallback,0.0158,0.0140,1.265823,1.000000,,14383472,1546216,original,original,false,0,0,true,0,exact_abs_or_rel,SKIP
Goodwin_071.mtx,auto_lossless_lb,dict65536_u16_lb,lossless_value_specialized,ok,none,accuracy_pass_runtime_loss,0.0183,0.0166,1.092896,0.863388,,12402352,1546216,auto_lossless,dict65536_u16,true,4078,12402352,true,4078,exact_abs_or_rel,SKIP
Goodwin_071.mtx,fp16_lb,fp16_lb,controlled_lossy_value_specialized,ok,none,accuracy_pass_runtime_loss,0.0162,0.0140,1.234568,0.975309,,3595868,1546216,fp16,fp16,false,0,0,false,0,spmv_max_rel,SKIP
Goodwin_071.mtx,bf16_lb,bf16_lb,controlled_lossy_value_specialized,ok,none,accuracy_pass_runtime_loss,0.0160,0.0140,1.250000,0.987500,,3595868,1546216,bf16,bf16,false,0,0,false,0,spmv_max_rel,SKIP
Goodwin_071.mtx,bfp8_lb,bfp8_lb,controlled_lossy_value_specialized,ok,none,accuracy_pass_runtime_win,0.0156,0.0138,1.282051,1.012821,,2184488,1546216,bfp8,bfp8,false,0,0,false,0,spmv_max_rel,SKIP
Goodwin_071.mtx,bfp8_outlier_lb,bfp8_outlier_lb,controlled_lossy_value_specialized,ok,none,accuracy_pass_runtime_loss,0.0180,0.0167,1.111111,0.877778,,2283336,1546216,bfp8_outlier,bfp8_outlier,false,0,0,false,0,spmv_max_rel,SKIP
Goodwin_071.mtx,bfp4_lb,bfp4_lb,controlled_lossy_value_specialized,ok,none,accuracy_pass_runtime_win,0.0153,0.0137,1.307190,1.032680,,1285521,1546216,bfp4,bfp4,false,0,0,false,0,spmv_max_rel,SKIP
Goodwin_071.mtx,hybrid_lb,hybrid_lb,structural_hybrid,ok,none,promoted_fallback,0.0142,0.0127,1.408451,1.112676,,14383472,,original,raw_double,false,,,1,0,exact_abs_or_rel,SKIP
Goodwin_071.mtx,cusparse_default,cusparse_csr,external_baseline,ok,none,external_baseline,0.0200,0.0164,1.000000,0.790000,,14383472,7415824,original,original,false,,,true,0,exact_abs_or_rel,SKIP
Hardesty3.mtx,original_lb,original_lb,load_balanced_traversal,ok,none,promoted_fallback,0.5617,0.5583,0.814136,1.000000,,323613056,77953224,original,original,false,0,0,true,0,exact_abs_or_rel,SKIP
Hardesty3.mtx,auto_lossless_lb,original_lb,load_balanced_traversal,ok,none,promoted_fallback,0.5616,0.5600,0.814281,1.000178,,323613056,77953224,auto_lossless,original,true,2393817,323613056,true,0,exact_abs_or_rel,SKIP
Hardesty3.mtx,fp16_lb,fp16_lb,controlled_lossy_value_specialized,ok,none,accuracy_pass_runtime_win,0.4711,0.4699,0.970707,1.192316,,80903264,77953224,fp16,fp16,false,0,0,false,0,spmv_max_rel,SKIP
Hardesty3.mtx,bf16_lb,bf16_lb,controlled_lossy_value_specialized,ok,none,accuracy_pass_runtime_win,0.4735,0.4717,0.965787,1.186272,,80903264,77953224,bf16,bf16,false,0,0,false,0,spmv_max_rel,SKIP
Hardesty3.mtx,bfp8_lb,bfp8_lb,controlled_lossy_value_specialized,ok,none,accuracy_pass_runtime_win,0.4773,0.4753,0.958098,1.176828,,59939938,77953224,bfp8,bfp8,false,0,0,false,0,spmv_max_rel,SKIP
Hardesty3.mtx,bfp8_outlier_lb,bfp8_outlier_lb,controlled_lossy_value_specialized,ok,none,accuracy_pass_runtime_win,0.4763,0.4738,0.960109,1.179299,,59939938,77953224,bfp8_outlier,bfp8_outlier,false,0,0,false,0,spmv_max_rel,SKIP
Hardesty3.mtx,bfp4_lb,bfp4_lb,controlled_lossy_value_specialized,ok,none,accuracy_pass_runtime_win,0.5415,0.5384,0.844506,1.037304,,39714122,77953224,bfp4,bfp4,false,0,0,false,0,spmv_max_rel,SKIP
Hardesty3.mtx,hybrid_lb,hybrid_lb,structural_hybrid,ok,none,promoted_fallback,0.5002,0.4984,0.914234,1.122951,,323613056,,original,raw_double,false,,,1,0,exact_abs_or_rel,SKIP
Hardesty3.mtx,cusparse_default,cusparse_csr,external_baseline,ok,none,external_baseline,0.4573,0.4546,1.000000,1.228297,,323613056,194677812,original,original,false,,,true,0,exact_abs_or_rel,SKIP
IG5-7.mtx,original_lb,original_lb,load_balanced_traversal,ok,none,promoted_fallback,0.0073,0.0056,1.616438,1.000000,,4392,824,original,original,false,0,0,true,0,exact_abs_or_rel,SKIP
IG5-7.mtx,auto_lossless_lb,dict16_lb,lossless_value_specialized,ok,none,accuracy_pass_runtime_win,0.0072,0.0062,1.638889,1.013889,,1704,824,auto_lossless,dict16,true,7,1704,true,7,exact_abs_or_rel,SKIP
IG5-7.mtx,fp16_lb,fp16_lb,controlled_lossy_value_specialized,ok,none,accuracy_pass_runtime_win,0.0069,0.0052,1.710145,1.057971,,1098,824,fp16,fp16,false,0,0,false,0,spmv_max_rel,SKIP
IG5-7.mtx,bf16_lb,bf16_lb,controlled_lossy_value_specialized,ok,none,accuracy_pass_runtime_win,0.0069,0.0053,1.710145,1.057971,,1098,824,bf16,bf16,false,0,0,false,0,spmv_max_rel,SKIP
IG5-7.mtx,bfp8_lb,bfp8_lb,controlled_lossy_value_specialized,ok,none,accuracy_pass_runtime_win,0.0069,0.0051,1.710145,1.057971,,755,824,bfp8,bfp8,false,0,0,false,0,spmv_max_rel,SKIP
IG5-7.mtx,bfp8_outlier_lb,bfp8_outlier_lb,controlled_lossy_value_specialized,ok,none,accuracy_pass_runtime_loss,0.0088,0.0073,1.340909,0.829545,,771,824,bfp8_outlier,bfp8_outlier,false,0,0,false,0,spmv_max_rel,SKIP
IG5-7.mtx,bfp4_lb,bfp4_lb,controlled_lossy_value_specialized,ok,none,accuracy_pass_runtime_loss,0.0078,0.0066,1.512821,0.935897,,481,824,bfp4,bfp4,false,0,0,false,0,spmv_max_rel,SKIP
IG5-7.mtx,hybrid_lb,hybrid_lb,structural_hybrid,ok,none,promoted_fallback,0.0079,0.0065,1.493671,0.924051,,4392,,original,raw_double,false,,,1,0,exact_abs_or_rel,SKIP
IG5-7.mtx,cusparse_default,cusparse_csr,external_baseline,ok,none,external_baseline,0.0118,0.0082,1.000000,0.618644,,4392,2448,original,original,false,,,true,0,exact_abs_or_rel,SKIP
Kemelmacher.mtx,original_lb,original_lb,load_balanced_traversal,ok,none,promoted_fallback,0.0069,0.0053,2.246377,1.000000,,807000,204824,original,original,false,0,0,true,0,exact_abs_or_rel,SKIP
Kemelmacher.mtx,auto_lossless_lb,original_lb,load_balanced_traversal,ok,none,promoted_fallback,0.0080,0.0069,1.937500,0.862500,,807000,204824,auto_lossless,original,true,29645,807000,true,0,exact_abs_or_rel,SKIP
Kemelmacher.mtx,fp16_lb,fp16_lb,controlled_lossy_value_specialized,ok,none,accuracy_pass_runtime_loss,0.0081,0.0069,1.913580,0.851852,,201750,204824,fp16,fp16,false,0,0,false,0,spmv_max_rel,SKIP
Kemelmacher.mtx,bf16_lb,bf16_lb,controlled_lossy_value_specialized,ok,none,accuracy_pass_runtime_loss,0.0077,0.0059,2.012987,0.896104,,201750,204824,bf16,bf16,false,0,0,false,0,spmv_max_rel,SKIP
Kemelmacher.mtx,bfp8_lb,bfp8_lb,controlled_lossy_value_specialized,ok,none,accuracy_pass_runtime_loss,0.0092,0.0076,1.684783,0.750000,,152081,204824,bfp8,bfp8,false,0,0,false,0,spmv_max_rel,SKIP
Kemelmacher.mtx,bfp8_outlier_lb,bfp8_outlier_lb,controlled_lossy_value_specialized,ok,none,accuracy_pass_runtime_loss,0.0109,0.0083,1.422018,0.633028,,160017,204824,bfp8_outlier,bfp8_outlier,false,0,0,false,0,spmv_max_rel,SKIP
Kemelmacher.mtx,bfp4_lb,bfp4_lb,controlled_lossy_value_specialized,ok,none,accuracy_pass_runtime_win,0.0066,0.0056,2.348485,1.045455,,101644,204824,bfp4,bfp4,false,0,0,false,0,spmv_max_rel,SKIP
Kemelmacher.mtx,hybrid_lb,hybrid_lb,structural_hybrid,ok,none,promoted_fallback,0.0071,0.0048,2.183099,0.971831,,807000,,original,raw_double,false,,,1,0,exact_abs_or_rel,SKIP
Kemelmacher.mtx,cusparse_default,cusparse_csr,external_baseline,ok,none,external_baseline,0.0155,0.0123,1.000000,0.445161,,807000,517312,original,original,false,,,true,0,exact_abs_or_rel,SKIP
L.mtx,original_lb,original_lb,load_balanced_traversal,ok,none,promoted_fallback,0.0076,0.0070,1.881579,1.000000,,29120,11848,original,original,false,0,0,true,0,exact_abs_or_rel,SKIP
L.mtx,auto_lossless_lb,all_one_lb,lossless_value_specialized,ok,none,accuracy_pass_runtime_loss,0.0077,0.0068,1.857143,0.987013,,0,11848,auto_lossless,all_one,true,1,0,true,0,exact_abs_or_rel,SKIP
L.mtx,fp16_lb,fp16_lb,controlled_lossy_value_specialized,ok,none,accuracy_pass_runtime_win,0.0070,0.0061,2.042857,1.085714,,7280,11848,fp16,fp16,false,0,0,false,0,spmv_max_rel,SKIP
L.mtx,bf16_lb,bf16_lb,controlled_lossy_value_specialized,ok,none,accuracy_pass_runtime_win,0.0071,0.0063,2.014085,1.070423,,7280,11848,bf16,bf16,false,0,0,false,0,spmv_max_rel,SKIP
L.mtx,bfp8_lb,bfp8_lb,controlled_lossy_value_specialized,ok,none,accuracy_pass_runtime_loss,0.0079,0.0065,1.810127,0.962025,,6602,11848,bfp8,bfp8,false,0,0,false,0,spmv_max_rel,SKIP
L.mtx,bfp8_outlier_lb,bfp8_outlier_lb,controlled_lossy_value_specialized,ok,none,accuracy_pass_runtime_loss,0.0080,0.0067,1.787500,0.950000,,6602,11848,bfp8_outlier,bfp8_outlier,false,0,0,false,0,spmv_max_rel,SKIP
L.mtx,bfp4_lb,bfp4_lb,controlled_lossy_value_specialized,ok,none,accuracy_pass_runtime_loss,0.0107,0.0091,1.336449,0.710280,,4782,11848,bfp4,bfp4,false,0,0,false,0,spmv_max_rel,SKIP
L.mtx,hybrid_lb,hybrid_lb,structural_hybrid,ok,none,promoted_fallback,0.0063,0.0044,2.269841,1.206349,,29120,,original,raw_double,false,,,1,0,exact_abs_or_rel,SKIP
L.mtx,cusparse_default,cusparse_csr,external_baseline,ok,none,external_baseline,0.0143,0.0102,1.000000,0.531469,,29120,18388,original,original,false,,,true,0,exact_abs_or_rel,SKIP
LF10000_C.mtx,original_lb,original_lb,load_balanced_traversal,ok,none,promoted_fallback,0.0053,0.0047,1.962264,1.000000,,8,8,original,original,false,0,0,true,0,exact_abs_or_rel,SKIP
LF10000_C.mtx,auto_lossless_lb,all_one_lb,lossless_value_specialized,ok,none,accuracy_pass_runtime_loss,0.0061,0.0049,1.704918,0.868852,,0,8,auto_lossless,all_one,true,1,0,true,0,exact_abs_or_rel,SKIP
LF10000_C.mtx,fp16_lb,fp16_lb,controlled_lossy_value_specialized,ok,none,accuracy_pass_runtime_loss,0.0056,0.0048,1.857143,0.946429,,2,8,fp16,fp16,false,0,0,false,0,spmv_max_rel,SKIP
LF10000_C.mtx,bf16_lb,bf16_lb,controlled_lossy_value_specialized,ok,none,accuracy_pass_runtime_loss,0.0055,0.0048,1.890909,0.963636,,2,8,bf16,bf16,false,0,0,false,0,spmv_max_rel,SKIP
LF10000_C.mtx,bfp8_lb,bfp8_lb,controlled_lossy_value_specialized,ok,none,accuracy_pass_runtime_loss,0.0058,0.0049,1.793103,0.913793,,3,8,bfp8,bfp8,false,0,0,false,0,spmv_max_rel,SKIP
LF10000_C.mtx,bfp8_outlier_lb,bfp8_outlier_lb,controlled_lossy_value_specialized,ok,none,accuracy_pass_runtime_win,0.0052,0.0045,2.000000,1.019231,,3,8,bfp8_outlier,bfp8_outlier,false,0,0,false,0,spmv_max_rel,SKIP
LF10000_C.mtx,bfp4_lb,bfp4_lb,controlled_lossy_value_specialized,ok,none,accuracy_pass_runtime_loss,0.0053,0.0044,1.962264,1.000000,,3,8,bfp4,bfp4,false,0,0,false,0,spmv_max_rel,SKIP
LF10000_C.mtx,hybrid_lb,hybrid_lb,structural_hybrid,ok,none,promoted_fallback,0.0058,0.0044,1.793103,0.913793,,8,,original,raw_double,false,,,1,0,exact_abs_or_rel,SKIP
LF10000_C.mtx,cusparse_default,cusparse_csr,external_baseline,ok,none,external_baseline,0.0104,0.0082,1.000000,0.509615,,8,12,original,original,false,,,true,0,exact_abs_or_rel,SKIP
LFAT5000.mtx,original_lb,original_lb,load_balanced_traversal,ok,none,promoted_fallback,0.0062,0.0046,2.419355,1.000000,,639728,119952,original,original,false,0,0,true,0,exact_abs_or_rel,SKIP
LFAT5000.mtx,auto_lossless_lb,dict16_lb,lossless_value_specialized,ok,none,accuracy_pass_runtime_loss,0.0074,0.0059,2.027027,0.837838,,239992,119952,auto_lossless,dict16,true,11,239992,true,11,exact_abs_or_rel,SKIP
LFAT5000.mtx,fp16_lb,fp16_lb,controlled_lossy_value_specialized,ok,none,accuracy_pass_runtime_loss,0.0076,0.0062,1.973684,0.815789,,159932,119952,fp16,fp16,false,0,0,false,0,spmv_max_rel,SKIP
LFAT5000.mtx,bf16_lb,bf16_lb,controlled_lossy_value_specialized,ok,none,accuracy_pass_runtime_loss,0.0073,0.0050,2.054795,0.849315,,159932,119952,bf16,bf16,false,0,0,false,0,spmv_max_rel,SKIP
LFAT5000.mtx,bfp8_lb,bfp8_lb,controlled_lossy_value_specialized,ok,none,accuracy_pass_runtime_loss,0.0069,0.0055,2.173913,0.898551,,109954,119952,bfp8,bfp8,false,0,0,false,0,spmv_max_rel,SKIP
LFAT5000.mtx,bfp8_outlier_lb,bfp8_outlier_lb,controlled_lossy_value_specialized,ok,none,accuracy_pass_runtime_loss,0.0067,0.0060,2.238806,0.925373,,109954,119952,bfp8_outlier,bfp8_outlier,false,0,0,false,0,spmv_max_rel,SKIP
LFAT5000.mtx,bfp4_lb,bfp4_lb,controlled_lossy_value_specialized,ok,none,accuracy_pass_runtime_loss,0.0062,0.0050,2.419355,1.000000,,69971,119952,bfp4,bfp4,false,0,0,false,0,spmv_max_rel,SKIP
LFAT5000.mtx,hybrid_lb,hybrid_lb,structural_hybrid,ok,none,promoted_fallback,0.0071,0.0045,2.112676,0.873239,,639728,,original,raw_double,false,,,1,0,exact_abs_or_rel,SKIP
LFAT5000.mtx,cusparse_default,cusparse_csr,external_baseline,ok,none,external_baseline,0.0150,0.0123,1.000000,0.413333,,639728,399844,original,original,false,,,true,0,exact_abs_or_rel,SKIP
M10PI_n.mtx,original_lb,original_lb,load_balanced_traversal,ok,none,promoted_fallback,0.0090,0.0079,1.511111,1.000000,,13064,3912,original,original,false,0,0,true,0,exact_abs_or_rel,SKIP
M10PI_n.mtx,auto_lossless_lb,original_lb,load_balanced_traversal,ok,none,promoted_fallback,0.0081,0.0070,1.679012,1.111111,,13064,3912,auto_lossless,original,true,74,13064,true,0,exact_abs_or_rel,SKIP
M10PI_n.mtx,fp16_lb,fp16_lb,controlled_lossy_value_specialized,ok,none,accuracy_pass_runtime_loss,0.0095,0.0079,1.431579,0.947368,,3266,3912,fp16,fp16,false,0,0,false,0,spmv_max_rel,SKIP
M10PI_n.mtx,bf16_lb,bf16_lb,controlled_lossy_value_specialized,ok,none,accuracy_pass_runtime_loss,0.0091,0.0081,1.494505,0.989011,,3266,3912,bf16,bf16,false,0,0,false,0,spmv_max_rel,SKIP
M10PI_n.mtx,bfp8_lb,bfp8_lb,controlled_lossy_value_specialized,ok,none,accuracy_pass_runtime_win,0.0088,0.0071,1.545455,1.022727,,2611,3912,bfp8,bfp8,false,0,0,false,0,spmv_max_rel,SKIP
M10PI_n.mtx,bfp8_outlier_lb,bfp8_outlier_lb,controlled_lossy_value_specialized,ok,none,accuracy_pass_runtime_loss,0.0097,0.0084,1.402062,0.927835,,2739,3912,bfp8_outlier,bfp8_outlier,false,0,0,false,0,spmv_max_rel,SKIP
M10PI_n.mtx,bfp4_lb,bfp4_lb,controlled_lossy_value_specialized,ok,none,accuracy_pass_runtime_loss,0.0114,0.0098,1.192982,0.789474,,1795,3912,bfp4,bfp4,false,0,0,false,0,spmv_max_rel,SKIP
M10PI_n.mtx,hybrid_lb,hybrid_lb,structural_hybrid,ok,none,promoted_fallback,0.0061,0.0051,2.229508,1.475410,,13064,,original,raw_double,false,,,1,0,exact_abs_or_rel,SKIP
M10PI_n.mtx,cusparse_default,cusparse_csr,external_baseline,ok,none,external_baseline,0.0136,0.0102,1.000000,0.661765,,13064,9264,original,original,false,,,true,0,exact_abs_or_rel,SKIP
M20PI_n.mtx,original_lb,original_lb,load_balanced_traversal,ok,none,promoted_fallback,0.0074,0.0066,1.837838,1.000000,,23048,6008,original,original,false,0,0,true,0,exact_abs_or_rel,SKIP
M20PI_n.mtx,auto_lossless_lb,original_lb,load_balanced_traversal,ok,none,promoted_fallback,0.0073,0.0064,1.863014,1.013699,,23048,6008,auto_lossless,original,true,74,23048,true,0,exact_abs_or_rel,SKIP
M20PI_n.mtx,fp16_lb,fp16_lb,controlled_lossy_value_specialized,ok,none,accuracy_pass_runtime_loss,0.0079,0.0066,1.721519,0.936709,,5762,6008,fp16,fp16,false,0,0,false,0,spmv_max_rel,SKIP
M20PI_n.mtx,bf16_lb,bf16_lb,controlled_lossy_value_specialized,ok,none,accuracy_pass_runtime_loss,0.0074,0.0061,1.837838,1.000000,,5762,6008,bf16,bf16,false,0,0,false,0,spmv_max_rel,SKIP
M20PI_n.mtx,bfp8_lb,bfp8_lb,controlled_lossy_value_specialized,ok,none,accuracy_pass_runtime_loss,0.0075,0.0063,1.813333,0.986667,,4383,6008,bfp8,bfp8,false,0,0,false,0,spmv_max_rel,SKIP
M20PI_n.mtx,bfp8_outlier_lb,bfp8_outlier_lb,controlled_lossy_value_specialized,ok,none,accuracy_pass_runtime_loss,0.0100,0.0085,1.360000,0.740000,,4575,6008,bfp8_outlier,bfp8_outlier,false,0,0,false,0,spmv_max_rel,SKIP
M20PI_n.mtx,bfp4_lb,bfp4_lb,controlled_lossy_value_specialized,ok,none,accuracy_pass_runtime_loss,0.0091,0.0076,1.494505,0.813187,,2943,6008,bfp4,bfp4,false,0,0,false,0,spmv_max_rel,SKIP
M20PI_n.mtx,hybrid_lb,hybrid_lb,structural_hybrid,ok,none,promoted_fallback,0.0066,0.0047,2.060606,1.121212,,23048,,original,raw_double,false,,,1,0,exact_abs_or_rel,SKIP
M20PI_n.mtx,cusparse_default,cusparse_csr,external_baseline,ok,none,external_baseline,0.0136,0.0102,1.000000,0.544118,,23048,16256,original,original,false,,,true,0,exact_abs_or_rel,SKIP
M40PI_n.mtx,original_lb,original_lb,load_balanced_traversal,ok,none,promoted_fallback,0.0075,0.0068,1.973333,1.000000,,42728,10008,original,original,false,0,0,true,0,exact_abs_or_rel,SKIP
M40PI_n.mtx,auto_lossless_lb,dict256_u8_lb,lossless_value_specialized,ok,none,accuracy_pass_runtime_loss,0.0076,0.0065,1.947368,0.986842,,40624,10008,auto_lossless,dict256_u8,true,74,40624,true,74,exact_abs_or_rel,SKIP
M40PI_n.mtx,fp16_lb,fp16_lb,controlled_lossy_value_specialized,ok,none,accuracy_pass_runtime_loss,0.0080,0.0070,1.850000,0.937500,,10682,10008,fp16,fp16,false,0,0,false,0,spmv_max_rel,SKIP
M40PI_n.mtx,bf16_lb,bf16_lb,controlled_lossy_value_specialized,ok,none,accuracy_pass_runtime_loss,0.0078,0.0068,1.897436,0.961538,,10682,10008,bf16,bf16,false,0,0,false,0,spmv_max_rel,SKIP
M40PI_n.mtx,bfp8_lb,bfp8_lb,controlled_lossy_value_specialized,ok,none,accuracy_pass_runtime_win,0.0070,0.0057,2.114286,1.071429,,7843,10008,bfp8,bfp8,false,0,0,false,0,spmv_max_rel,SKIP
M40PI_n.mtx,bfp8_outlier_lb,bfp8_outlier_lb,controlled_lossy_value_specialized,ok,none,accuracy_pass_runtime_loss,0.0095,0.0081,1.557895,0.789474,,8035,10008,bfp8_outlier,bfp8_outlier,false,0,0,false,0,spmv_max_rel,SKIP
M40PI_n.mtx,bfp4_lb,bfp4_lb,controlled_lossy_value_specialized,ok,none,accuracy_pass_runtime_loss,0.0099,0.0089,1.494949,0.757576,,5173,10008,bfp4,bfp4,false,0,0,false,0,spmv_max_rel,SKIP
M40PI_n.mtx,hybrid_lb,hybrid_lb,structural_hybrid,ok,none,promoted_fallback,0.0062,0.0052,2.387097,1.209677,,42728,,original,raw_double,false,,,1,0,exact_abs_or_rel,SKIP
M40PI_n.mtx,cusparse_default,cusparse_csr,external_baseline,ok,none,external_baseline,0.0148,0.0123,1.000000,0.506757,,42728,30096,original,original,false,,,true,0,exact_abs_or_rel,SKIP
M80PI_n.mtx,original_lb,original_lb,load_balanced_traversal,ok,none,promoted_fallback,0.0076,0.0070,2.105263,1.000000,,82088,18008,original,original,false,0,0,true,0,exact_abs_or_rel,SKIP
M80PI_n.mtx,auto_lossless_lb,dict256_u8_lb,lossless_value_specialized,ok,none,accuracy_pass_runtime_loss,0.0083,0.0075,1.927711,0.915663,,72624,18008,auto_lossless,dict256_u8,true,74,72624,true,74,exact_abs_or_rel,SKIP
M80PI_n.mtx,fp16_lb,fp16_lb,controlled_lossy_value_specialized,ok,none,accuracy_pass_runtime_loss,0.0077,0.0065,2.077922,0.987013,,20522,18008,fp16,fp16,false,0,0,false,0,spmv_max_rel,SKIP
M80PI_n.mtx,bf16_lb,bf16_lb,controlled_lossy_value_specialized,ok,none,accuracy_pass_runtime_loss,0.0078,0.0065,2.051282,0.974359,,20522,18008,bf16,bf16,false,0,0,false,0,spmv_max_rel,SKIP
M80PI_n.mtx,bfp8_lb,bfp8_lb,controlled_lossy_value_specialized,ok,none,accuracy_pass_runtime_win,0.0075,0.0062,2.133333,1.013333,,14763,18008,bfp8,bfp8,false,0,0,false,0,spmv_max_rel,SKIP
M80PI_n.mtx,bfp8_outlier_lb,bfp8_outlier_lb,controlled_lossy_value_specialized,ok,none,accuracy_pass_runtime_loss,0.0099,0.0086,1.616162,0.767677,,14955,18008,bfp8_outlier,bfp8_outlier,false,0,0,false,0,spmv_max_rel,SKIP
M80PI_n.mtx,bfp4_lb,bfp4_lb,controlled_lossy_value_specialized,ok,none,accuracy_pass_runtime_loss,0.0111,0.0099,1.441441,0.684685,,9633,18008,bfp4,bfp4,false,0,0,false,0,spmv_max_rel,SKIP
M80PI_n.mtx,hybrid_lb,hybrid_lb,structural_hybrid,ok,none,promoted_fallback,0.0067,0.0051,2.388060,1.134328,,82088,,original,raw_double,false,,,1,0,exact_abs_or_rel,SKIP
M80PI_n.mtx,cusparse_default,cusparse_csr,external_baseline,ok,none,external_baseline,0.0160,0.0123,1.000000,0.475000,,82088,57776,original,original,false,,,true,0,exact_abs_or_rel,SKIP
Maragal_3.mtx,original_lb,original_lb,load_balanced_traversal,ok,none,promoted_fallback,0.0096,0.0071,1.500000,1.000000,,147128,46304,original,original,false,0,0,true,0,exact_abs_or_rel,SKIP
Maragal_3.mtx,auto_lossless_lb,original_lb,load_balanced_traversal,ok,none,promoted_fallback,0.0098,0.0078,1.469388,0.979592,,147128,46304,auto_lossless,original,true,5711,147128,true,0,exact_abs_or_rel,SKIP
Maragal_3.mtx,fp16_lb,fp16_lb,controlled_lossy_value_specialized,ok,none,accuracy_pass_runtime_win,0.0095,0.0087,1.515789,1.010526,,36782,46304,fp16,fp16,false,0,0,false,0,spmv_max_rel,SKIP
Maragal_3.mtx,bf16_lb,bf16_lb,controlled_lossy_value_specialized,ok,none,accuracy_pass_runtime_loss,0.0099,0.0084,1.454545,0.969697,,36782,46304,bf16,bf16,false,0,0,false,0,spmv_max_rel,SKIP
Maragal_3.mtx,bfp8_lb,bfp8_lb,controlled_lossy_value_specialized,ok,none,accuracy_pass_runtime_loss,0.0112,0.0094,1.285714,0.857143,,29967,46304,bfp8,bfp8,false,0,0,false,0,spmv_max_rel,SKIP
Maragal_3.mtx,bfp8_outlier_lb,bfp8_outlier_lb,controlled_lossy_value_specialized,ok,none,accuracy_pass_runtime_loss,0.0120,0.0106,1.200000,0.800000,,30703,46304,bfp8_outlier,bfp8_outlier,false,0,0,false,0,spmv_max_rel,SKIP
Maragal_3.mtx,bfp4_lb,bfp4_lb,controlled_lossy_value_specialized,ok,none,accuracy_pass_runtime_loss,0.0142,0.0130,1.014085,0.676056,,20772,46304,bfp4,bfp4,false,0,0,false,0,spmv_max_rel,SKIP
Maragal_3.mtx,hybrid_lb,hybrid_lb,structural_hybrid,ok,none,promoted_fallback,0.0138,0.0125,1.043478,0.695652,,147128,,original,raw_double,false,,,1,0,exact_abs_or_rel,SKIP
Maragal_3.mtx,cusparse_default,cusparse_csr,external_baseline,ok,none,external_baseline,0.0144,0.0102,1.000000,0.666667,,147128,80328,original,original,false,,,true,0,exact_abs_or_rel,SKIP
N_biocarta.mtx,original_lb,original_lb,load_balanced_traversal,ok,none,promoted_fallback,0.0094,0.0071,1.521277,1.000000,,34680,13056,original,original,false,0,0,true,0,exact_abs_or_rel,SKIP
N_biocarta.mtx,auto_lossless_lb,dict16_lb,lossless_value_specialized,ok,none,accuracy_pass_runtime_win,0.0092,0.0085,1.554348,1.021739,,26160,13056,auto_lossless,dict16,true,6,26160,true,6,exact_abs_or_rel,SKIP
N_biocarta.mtx,fp16_lb,fp16_lb,controlled_lossy_value_specialized,ok,none,accuracy_pass_runtime_loss,0.0096,0.0085,1.489583,0.979167,,8670,13056,fp16,fp16,false,0,0,false,0,spmv_max_rel,SKIP
N_biocarta.mtx,bf16_lb,bf16_lb,controlled_lossy_value_specialized,ok,none,accuracy_pass_runtime_loss,0.0095,0.0085,1.505263,0.989474,,8670,13056,bf16,bf16,false,0,0,false,0,spmv_max_rel,SKIP
N_biocarta.mtx,bfp8_lb,bfp8_lb,controlled_lossy_value_specialized,ok,none,accuracy_pass_runtime_loss,0.0098,0.0079,1.459184,0.959184,,7599,13056,bfp8,bfp8,false,0,0,false,0,spmv_max_rel,SKIP
N_biocarta.mtx,bfp8_outlier_lb,bfp8_outlier_lb,controlled_lossy_value_specialized,ok,none,accuracy_pass_runtime_loss,0.0119,0.0100,1.201681,0.789916,,7631,13056,bfp8_outlier,bfp8_outlier,false,0,0,false,0,spmv_max_rel,SKIP
N_biocarta.mtx,bfp4_lb,bfp4_lb,controlled_lossy_value_specialized,ok,none,accuracy_pass_runtime_loss,0.0107,0.0097,1.336449,0.878505,,5432,13056,bfp4,bfp4,false,0,0,false,0,spmv_max_rel,SKIP
N_biocarta.mtx,hybrid_lb,hybrid_lb,structural_hybrid,ok,none,promoted_fallback,0.0080,0.0071,1.787500,1.175000,,34680,,original,raw_double,false,,,1,0,exact_abs_or_rel,SKIP
N_biocarta.mtx,cusparse_default,cusparse_csr,external_baseline,ok,none,external_baseline,0.0143,0.0123,1.000000,0.657343,,34680,25032,original,original,false,,,true,0,exact_abs_or_rel,SKIP
Oregon-1_G_2.mtx,original_lb,original_lb,load_balanced_traversal,ok,none,promoted_fallback,0.0102,0.0096,1.617647,1.000000,,351984,283824,original,original,false,0,0,true,0,exact_abs_or_rel,SKIP
Oregon-1_G_2.mtx,auto_lossless_lb,all_one_lb,lossless_value_specialized,ok,none,accuracy_pass_runtime_win,0.0101,0.0099,1.633663,1.009901,,0,283824,auto_lossless,all_one,true,1,0,true,0,exact_abs_or_rel,SKIP
Oregon-1_G_2.mtx,fp16_lb,fp16_lb,controlled_lossy_value_specialized,ok,none,accuracy_pass_runtime_win,0.0097,0.0083,1.701031,1.051546,,87996,283824,fp16,fp16,false,0,0,false,0,spmv_max_rel,SKIP
Oregon-1_G_2.mtx,bf16_lb,bf16_lb,controlled_lossy_value_specialized,ok,none,accuracy_pass_runtime_win,0.0100,0.0087,1.650000,1.020000,,87996,283824,bf16,bf16,false,0,0,false,0,spmv_max_rel,SKIP
Oregon-1_G_2.mtx,bfp8_lb,bfp8_lb,controlled_lossy_value_specialized,ok,none,accuracy_pass_runtime_loss,0.0111,0.0097,1.486486,0.918919,,114954,283824,bfp8,bfp8,false,0,0,false,0,spmv_max_rel,SKIP
Oregon-1_G_2.mtx,bfp8_outlier_lb,bfp8_outlier_lb,controlled_lossy_value_specialized,ok,none,accuracy_pass_runtime_win,0.0092,0.0076,1.793478,1.108696,,114954,283824,bfp8_outlier,bfp8_outlier,false,0,0,false,0,spmv_max_rel,SKIP
Oregon-1_G_2.mtx,bfp4_lb,bfp4_lb,controlled_lossy_value_specialized,ok,none,accuracy_pass_runtime_loss,0.0148,0.0127,1.114865,0.689189,,92955,283824,bfp4,bfp4,false,0,0,false,0,spmv_max_rel,SKIP
Oregon-1_G_2.mtx,hybrid_lb,hybrid_lb,structural_hybrid,ok,none,promoted_fallback,0.0138,0.0116,1.195652,0.739130,,351984,,original,raw_double,false,,,1,0,exact_abs_or_rel,SKIP
Oregon-1_G_2.mtx,cusparse_default,cusparse_csr,external_baseline,ok,none,external_baseline,0.0165,0.0143,1.000000,0.618182,,351984,221964,original,original,false,,,true,0,exact_abs_or_rel,SKIP
Oregon-2.mtx,original_lb,original_lb,load_balanced_traversal,ok,none,promoted_fallback,0.0101,0.0086,1.514851,1.000000,,523680,423440,original,original,false,0,0,true,0,exact_abs_or_rel,SKIP
Oregon-2.mtx,auto_lossless_lb,all_one_lb,lossless_value_specialized,ok,none,accuracy_pass_runtime_win,0.0090,0.0083,1.700000,1.122222,,0,423440,auto_lossless,all_one,true,1,0,true,0,exact_abs_or_rel,SKIP
Oregon-2.mtx,fp16_lb,fp16_lb,controlled_lossy_value_specialized,ok,none,accuracy_pass_runtime_loss,0.0111,0.0088,1.378378,0.909910,,130920,423440,fp16,fp16,false,0,0,false,0,spmv_max_rel,SKIP
Oregon-2.mtx,bf16_lb,bf16_lb,controlled_lossy_value_specialized,ok,none,accuracy_pass_runtime_loss,0.0108,0.0090,1.416667,0.935185,,130920,423440,bf16,bf16,false,0,0,false,0,spmv_max_rel,SKIP
Oregon-2.mtx,bfp8_lb,bfp8_lb,controlled_lossy_value_specialized,ok,none,accuracy_pass_runtime_loss,0.0110,0.0095,1.390909,0.918182,,171320,423440,bfp8,bfp8,false,0,0,false,0,spmv_max_rel,SKIP
Oregon-2.mtx,bfp8_outlier_lb,bfp8_outlier_lb,controlled_lossy_value_specialized,ok,none,accuracy_pass_runtime_loss,0.0106,0.0097,1.443396,0.952830,,171320,423440,bfp8_outlier,bfp8_outlier,false,0,0,false,0,spmv_max_rel,SKIP
Oregon-2.mtx,bfp4_lb,bfp4_lb,controlled_lossy_value_specialized,ok,none,accuracy_pass_runtime_loss,0.0153,0.0128,1.000000,0.660131,,138590,423440,bfp4,bfp4,false,0,0,false,0,spmv_max_rel,SKIP
Oregon-2.mtx,hybrid_lb,hybrid_lb,structural_hybrid,ok,none,promoted_fallback,0.0122,0.0110,1.254098,0.827869,,523680,,original,raw_double,false,,,1,0,exact_abs_or_rel,SKIP
Oregon-2.mtx,cusparse_default,cusparse_csr,external_baseline,ok,none,external_baseline,0.0153,0.0140,1.000000,0.660131,,523680,309068,original,original,false,,,true,0,exact_abs_or_rel,SKIP
Oregon-2_G_8.mtx,original_lb,original_lb,load_balanced_traversal,ok,none,promoted_fallback,0.0107,0.0096,1.570093,1.000000,,516592,419432,original,original,false,0,0,true,0,exact_abs_or_rel,SKIP
Oregon-2_G_8.mtx,auto_lossless_lb,all_one_lb,lossless_value_specialized,ok,none,accuracy_pass_runtime_win,0.0094,0.0089,1.787234,1.138298,,0,419432,auto_lossless,all_one,true,1,0,true,0,exact_abs_or_rel,SKIP
Oregon-2_G_8.mtx,fp16_lb,fp16_lb,controlled_lossy_value_specialized,ok,none,accuracy_pass_runtime_loss,0.0117,0.0101,1.435897,0.914530,,129148,419432,fp16,fp16,false,0,0,false,0,spmv_max_rel,SKIP
Oregon-2_G_8.mtx,bf16_lb,bf16_lb,controlled_lossy_value_specialized,ok,none,accuracy_pass_runtime_win,0.0100,0.0086,1.680000,1.070000,,129148,419432,bf16,bf16,false,0,0,false,0,spmv_max_rel,SKIP
Oregon-2_G_8.mtx,bfp8_lb,bfp8_lb,controlled_lossy_value_specialized,ok,none,accuracy_pass_runtime_win,0.0091,0.0076,1.846154,1.175824,,169432,419432,bfp8,bfp8,false,0,0,false,0,spmv_max_rel,SKIP
Oregon-2_G_8.mtx,bfp8_outlier_lb,bfp8_outlier_lb,controlled_lossy_value_specialized,ok,none,accuracy_pass_runtime_win,0.0096,0.0087,1.750000,1.114583,,169432,419432,bfp8_outlier,bfp8_outlier,false,0,0,false,0,spmv_max_rel,SKIP
Oregon-2_G_8.mtx,bfp4_lb,bfp4_lb,controlled_lossy_value_specialized,ok,none,accuracy_pass_runtime_loss,0.0141,0.0127,1.191489,0.758865,,137145,419432,bfp4,bfp4,false,0,0,false,0,spmv_max_rel,SKIP
Oregon-2_G_8.mtx,hybrid_lb,hybrid_lb,structural_hybrid,ok,none,promoted_fallback,0.0122,0.0105,1.377049,0.877049,,516592,,original,raw_double,false,,,1,0,exact_abs_or_rel,SKIP
Oregon-2_G_8.mtx,cusparse_default,cusparse_csr,external_baseline,ok,none,external_baseline,0.0168,0.0143,1.000000,0.636905,,516592,305524,original,original,false,,,true,0,exact_abs_or_rel,SKIP
Pd_b.mtx,original_lb,original_lb,load_balanced_traversal,ok,none,promoted_fallback,0.0079,0.0068,2.278481,1.000000,,50584,25712,original,original,false,0,0,true,0,exact_abs_or_rel,SKIP
Pd_b.mtx,auto_lossless_lb,original_lb,load_balanced_traversal,ok,none,promoted_fallback,0.0077,0.0061,2.337662,1.025974,,50584,25712,auto_lossless,original,true,569,50584,true,0,exact_abs_or_rel,SKIP
Pd_b.mtx,fp16_lb,fp16_lb,controlled_lossy_value_specialized,ok,none,accuracy_pass_runtime_loss,0.0079,0.0068,2.278481,1.000000,,12646,25712,fp16,fp16,false,0,0,false,0,spmv_max_rel,SKIP
Pd_b.mtx,bf16_lb,bf16_lb,controlled_lossy_value_specialized,ok,none,accuracy_pass_runtime_loss,0.0083,0.0069,2.168675,0.951807,,12646,25712,bf16,bf16,false,0,0,false,0,spmv_max_rel,SKIP
Pd_b.mtx,bfp8_lb,bfp8_lb,controlled_lossy_value_specialized,ok,none,accuracy_pass_runtime_loss,0.0081,0.0069,2.222222,0.975309,,12751,25712,bfp8,bfp8,false,0,0,false,0,spmv_max_rel,SKIP
Pd_b.mtx,bfp8_outlier_lb,bfp8_outlier_lb,controlled_lossy_value_specialized,ok,none,accuracy_pass_runtime_loss,0.0103,0.0081,1.747573,0.766990,,13247,25712,bfp8_outlier,bfp8_outlier,false,0,0,false,0,spmv_max_rel,SKIP
Pd_b.mtx,bfp4_lb,bfp4_lb,controlled_lossy_value_specialized,ok,none,accuracy_pass_runtime_loss,0.0101,0.0087,1.782178,0.782178,,9590,25712,bfp4,bfp4,false,0,0,false,0,spmv_max_rel,SKIP
Pd_b.mtx,hybrid_lb,hybrid_lb,structural_hybrid,ok,none,promoted_fallback,0.0069,0.0053,2.608696,1.144928,,50584,,original,raw_double,false,,,1,0,exact_abs_or_rel,SKIP
Pd_b.mtx,cusparse_default,cusparse_csr,external_baseline,ok,none,external_baseline,0.0180,0.0143,1.000000,0.438889,,50584,57620,original,original,false,,,true,0,exact_abs_or_rel,SKIP
Ragusa16.mtx,original_lb,original_lb,load_balanced_traversal,ok,none,promoted_fallback,0.0062,0.0049,2.177419,1.000000,,648,144,original,original,false,0,0,true,0,exact_abs_or_rel,SKIP
Ragusa16.mtx,auto_lossless_lb,dict16_lb,lossless_value_specialized,ok,none,accuracy_pass_runtime_loss,0.0071,0.0059,1.901408,0.873239,,336,144,auto_lossless,dict16,true,6,336,true,6,exact_abs_or_rel,SKIP
Ragusa16.mtx,fp16_lb,fp16_lb,controlled_lossy_value_specialized,ok,none,accuracy_pass_runtime_loss,0.0065,0.0048,2.076923,0.953846,,162,144,fp16,fp16,false,0,0,false,0,spmv_max_rel,SKIP
Ragusa16.mtx,bf16_lb,bf16_lb,controlled_lossy_value_specialized,ok,none,accuracy_pass_runtime_loss,0.0065,0.0049,2.076923,0.953846,,162,144,bf16,bf16,false,0,0,false,0,spmv_max_rel,SKIP
Ragusa16.mtx,bfp8_lb,bfp8_lb,controlled_lossy_value_specialized,ok,none,accuracy_pass_runtime_win,0.0059,0.0048,2.288136,1.050847,,117,144,bfp8,bfp8,false,0,0,false,0,spmv_max_rel,SKIP
Ragusa16.mtx,bfp8_outlier_lb,bfp8_outlier_lb,controlled_lossy_value_specialized,ok,none,accuracy_pass_runtime_loss,0.0072,0.0057,1.875000,0.861111,,117,144,bfp8_outlier,bfp8_outlier,false,0,0,false,0,spmv_max_rel,SKIP
Ragusa16.mtx,bfp4_lb,bfp4_lb,controlled_lossy_value_specialized,ok,none,accuracy_pass_runtime_loss,0.0076,0.0066,1.776316,0.815789,,77,144,bfp4,bfp4,false,0,0,false,0,spmv_max_rel,SKIP
Ragusa16.mtx,hybrid_lb,hybrid_lb,structural_hybrid,ok,none,promoted_fallback,0.0071,0.0059,1.901408,0.873239,,648,,original,raw_double,false,,,1,0,exact_abs_or_rel,SKIP
Ragusa16.mtx,cusparse_default,cusparse_csr,external_baseline,ok,none,external_baseline,0.0135,0.0102,1.000000,0.459259,,648,424,original,original,false,,,true,0,exact_abs_or_rel,SKIP
S10PI_n.mtx,original_lb,original_lb,load_balanced_traversal,ok,none,promoted_fallback,0.0076,0.0070,1.828947,1.000000,,13064,3912,original,original,false,0,0,true,0,exact_abs_or_rel,SKIP
S10PI_n.mtx,auto_lossless_lb,original_lb,load_balanced_traversal,ok,none,promoted_fallback,0.0079,0.0075,1.759494,0.962025,,13064,3912,auto_lossless,original,true,74,13064,true,0,exact_abs_or_rel,SKIP
S10PI_n.mtx,fp16_lb,fp16_lb,controlled_lossy_value_specialized,ok,none,accuracy_pass_runtime_loss,0.0079,0.0068,1.759494,0.962025,,3266,3912,fp16,fp16,false,0,0,false,0,spmv_max_rel,SKIP
S10PI_n.mtx,bf16_lb,bf16_lb,controlled_lossy_value_specialized,ok,none,accuracy_pass_runtime_loss,0.0081,0.0069,1.716049,0.938272,,3266,3912,bf16,bf16,false,0,0,false,0,spmv_max_rel,SKIP
S10PI_n.mtx,bfp8_lb,bfp8_lb,controlled_lossy_value_specialized,ok,none,accuracy_pass_runtime_win,0.0075,0.0067,1.853333,1.013333,,2611,3912,bfp8,bfp8,false,0,0,false,0,spmv_max_rel,SKIP
S10PI_n.mtx,bfp8_outlier_lb,bfp8_outlier_lb,controlled_lossy_value_specialized,ok,none,accuracy_pass_runtime_loss,0.0102,0.0074,1.362745,0.745098,,2739,3912,bfp8_outlier,bfp8_outlier,false,0,0,false,0,spmv_max_rel,SKIP
S10PI_n.mtx,bfp4_lb,bfp4_lb,controlled_lossy_value_specialized,ok,none,accuracy_pass_runtime_loss,0.0106,0.0087,1.311321,0.716981,,1795,3912,bfp4,bfp4,false,0,0,false,0,spmv_max_rel,SKIP
S10PI_n.mtx,hybrid_lb,hybrid_lb,structural_hybrid,ok,none,promoted_fallback,0.0065,0.0047,2.138462,1.169231,,13064,,original,raw_double,false,,,1,0,exact_abs_or_rel,SKIP
S10PI_n.mtx,cusparse_default,cusparse_csr,external_baseline,ok,none,external_baseline,0.0139,0.0102,1.000000,0.546763,,13064,9264,original,original,false,,,true,0,exact_abs_or_rel,SKIP
S20PI_n.mtx,original_lb,original_lb,load_balanced_traversal,ok,none,promoted_fallback,0.0070,0.0065,1.928571,1.000000,,23048,6008,original,original,false,0,0,true,0,exact_abs_or_rel,SKIP
S20PI_n.mtx,auto_lossless_lb,original_lb,load_balanced_traversal,ok,none,promoted_fallback,0.0071,0.0063,1.901408,0.985915,,23048,6008,auto_lossless,original,true,74,23048,true,0,exact_abs_or_rel,SKIP
S20PI_n.mtx,fp16_lb,fp16_lb,controlled_lossy_value_specialized,ok,none,accuracy_pass_runtime_win,0.0068,0.0060,1.985294,1.029412,,5762,6008,fp16,fp16,false,0,0,false,0,spmv_max_rel,SKIP
S20PI_n.mtx,bf16_lb,bf16_lb,controlled_lossy_value_specialized,ok,none,accuracy_pass_runtime_loss,0.0070,0.0066,1.928571,1.000000,,5762,6008,bf16,bf16,false,0,0,false,0,spmv_max_rel,SKIP
S20PI_n.mtx,bfp8_lb,bfp8_lb,controlled_lossy_value_specialized,ok,none,accuracy_pass_runtime_win,0.0069,0.0066,1.956522,1.014493,,4383,6008,bfp8,bfp8,false,0,0,false,0,spmv_max_rel,SKIP
S20PI_n.mtx,bfp8_outlier_lb,bfp8_outlier_lb,controlled_lossy_value_specialized,ok,none,accuracy_pass_runtime_loss,0.0095,0.0075,1.421053,0.736842,,4575,6008,bfp8_outlier,bfp8_outlier,false,0,0,false,0,spmv_max_rel,SKIP
S20PI_n.mtx,bfp4_lb,bfp4_lb,controlled_lossy_value_specialized,ok,none,accuracy_pass_runtime_loss,0.0092,0.0085,1.467391,0.760870,,2943,6008,bfp4,bfp4,false,0,0,false,0,spmv_max_rel,SKIP
S20PI_n.mtx,hybrid_lb,hybrid_lb,structural_hybrid,ok,none,promoted_fallback,0.0066,0.0053,2.045455,1.060606,,23048,,original,raw_double,false,,,1,0,exact_abs_or_rel,SKIP
S20PI_n.mtx,cusparse_default,cusparse_csr,external_baseline,ok,none,external_baseline,0.0135,0.0102,1.000000,0.518519,,23048,16256,original,original,false,,,true,0,exact_abs_or_rel,SKIP
S40PI_n.mtx,original_lb,original_lb,load_balanced_traversal,ok,none,promoted_fallback,0.0073,0.0064,2.068493,1.000000,,42728,10008,original,original,false,0,0,true,0,exact_abs_or_rel,SKIP
S40PI_n.mtx,auto_lossless_lb,dict256_u8_lb,lossless_value_specialized,ok,none,accuracy_pass_runtime_loss,0.0082,0.0066,1.841463,0.890244,,40624,10008,auto_lossless,dict256_u8,true,74,40624,true,74,exact_abs_or_rel,SKIP
S40PI_n.mtx,fp16_lb,fp16_lb,controlled_lossy_value_specialized,ok,none,accuracy_pass_runtime_loss,0.0081,0.0070,1.864198,0.901235,,10682,10008,fp16,fp16,false,0,0,false,0,spmv_max_rel,SKIP
S40PI_n.mtx,bf16_lb,bf16_lb,controlled_lossy_value_specialized,ok,none,accuracy_pass_runtime_loss,0.0089,0.0068,1.696629,0.820225,,10682,10008,bf16,bf16,false,0,0,false,0,spmv_max_rel,SKIP
S40PI_n.mtx,bfp8_lb,bfp8_lb,controlled_lossy_value_specialized,ok,none,accuracy_pass_runtime_loss,0.0079,0.0068,1.911392,0.924051,,7843,10008,bfp8,bfp8,false,0,0,false,0,spmv_max_rel,SKIP
S40PI_n.mtx,bfp8_outlier_lb,bfp8_outlier_lb,controlled_lossy_value_specialized,ok,none,accuracy_pass_runtime_loss,0.0099,0.0076,1.525253,0.737374,,8035,10008,bfp8_outlier,bfp8_outlier,false,0,0,false,0,spmv_max_rel,SKIP
S40PI_n.mtx,bfp4_lb,bfp4_lb,controlled_lossy_value_specialized,ok,none,accuracy_pass_runtime_loss,0.0110,0.0089,1.372727,0.663636,,5173,10008,bfp4,bfp4,false,0,0,false,0,spmv_max_rel,SKIP
S40PI_n.mtx,hybrid_lb,hybrid_lb,structural_hybrid,ok,none,promoted_fallback,0.0063,0.0045,2.396825,1.158730,,42728,,original,raw_double,false,,,1,0,exact_abs_or_rel,SKIP
S40PI_n.mtx,cusparse_default,cusparse_csr,external_baseline,ok,none,external_baseline,0.0151,0.0123,1.000000,0.483444,,42728,30096,original,original,false,,,true,0,exact_abs_or_rel,SKIP
S80PI_n.mtx,original_lb,original_lb,load_balanced_traversal,ok,none,promoted_fallback,0.0072,0.0062,2.208333,1.000000,,82088,18008,original,original,false,0,0,true,0,exact_abs_or_rel,SKIP
S80PI_n.mtx,auto_lossless_lb,dict256_u8_lb,lossless_value_specialized,ok,none,accuracy_pass_runtime_loss,0.0094,0.0071,1.691489,0.765957,,72624,18008,auto_lossless,dict256_u8,true,74,72624,true,74,exact_abs_or_rel,SKIP
S80PI_n.mtx,fp16_lb,fp16_lb,controlled_lossy_value_specialized,ok,none,accuracy_pass_runtime_loss,0.0076,0.0064,2.092105,0.947368,,20522,18008,fp16,fp16,false,0,0,false,0,spmv_max_rel,SKIP
S80PI_n.mtx,bf16_lb,bf16_lb,controlled_lossy_value_specialized,ok,none,accuracy_pass_runtime_loss,0.0075,0.0064,2.120000,0.960000,,20522,18008,bf16,bf16,false,0,0,false,0,spmv_max_rel,SKIP
S80PI_n.mtx,bfp8_lb,bfp8_lb,controlled_lossy_value_specialized,ok,none,accuracy_pass_runtime_loss,0.0076,0.0066,2.092105,0.947368,,14763,18008,bfp8,bfp8,false,0,0,false,0,spmv_max_rel,SKIP
S80PI_n.mtx,bfp8_outlier_lb,bfp8_outlier_lb,controlled_lossy_value_specialized,ok,none,accuracy_pass_runtime_loss,0.0103,0.0086,1.543689,0.699029,,14955,18008,bfp8_outlier,bfp8_outlier,false,0,0,false,0,spmv_max_rel,SKIP
S80PI_n.mtx,bfp4_lb,bfp4_lb,controlled_lossy_value_specialized,ok,none,accuracy_pass_runtime_loss,0.0111,0.0102,1.432432,0.648649,,9633,18008,bfp4,bfp4,false,0,0,false,0,spmv_max_rel,SKIP
S80PI_n.mtx,hybrid_lb,hybrid_lb,structural_hybrid,ok,none,promoted_fallback,0.0068,0.0051,2.338235,1.058824,,82088,,original,raw_double,false,,,1,0,exact_abs_or_rel,SKIP
S80PI_n.mtx,cusparse_default,cusparse_csr,external_baseline,ok,none,external_baseline,0.0159,0.0123,1.000000,0.452830,,82088,57776,original,original,false,,,true,0,exact_abs_or_rel,SKIP
Si2.mtx,original_lb,original_lb,load_balanced_traversal,ok,none,promoted_fallback,0.0130,0.0117,1.061538,1.000000,,142408,28352,original,original,false,0,0,true,0,exact_abs_or_rel,SKIP
Si2.mtx,auto_lossless_lb,original_lb,load_balanced_traversal,ok,none,promoted_fallback,0.0087,0.0073,1.586207,1.494253,,142408,28352,auto_lossless,original,true,1637,142408,true,0,exact_abs_or_rel,SKIP
Si2.mtx,fp16_lb,fp16_lb,controlled_lossy_value_specialized,ok,none,accuracy_pass_runtime_win,0.0099,0.0081,1.393939,1.313131,,35602,28352,fp16,fp16,false,0,0,false,0,spmv_max_rel,SKIP
Si2.mtx,bf16_lb,bf16_lb,controlled_lossy_value_specialized,ok,none,accuracy_pass_runtime_win,0.0090,0.0077,1.533333,1.444444,,35602,28352,bf16,bf16,false,0,0,false,0,spmv_max_rel,SKIP
Si2.mtx,bfp8_lb,bfp8_lb,controlled_lossy_value_specialized,ok,none,accuracy_pass_runtime_win,0.0106,0.0095,1.301887,1.226415,,24889,28352,bfp8,bfp8,false,0,0,false,0,spmv_max_rel,SKIP
Si2.mtx,bfp8_outlier_lb,bfp8_outlier_lb,controlled_lossy_value_specialized,ok,none,accuracy_pass_runtime_win,0.0127,0.0110,1.086614,1.023622,,26313,28352,bfp8_outlier,bfp8_outlier,false,0,0,false,0,spmv_max_rel,SKIP
Si2.mtx,bfp4_lb,bfp4_lb,controlled_lossy_value_specialized,ok,none,accuracy_pass_runtime_loss,0.0144,0.0132,0.958333,0.902778,,15989,28352,bfp4,bfp4,false,0,0,false,0,spmv_max_rel,SKIP
Si2.mtx,hybrid_lb,hybrid_lb,structural_hybrid,ok,none,promoted_fallback,0.0084,0.0070,1.642857,1.547619,,142408,,original,raw_double,false,,,1,0,exact_abs_or_rel,SKIP
Si2.mtx,cusparse_default,cusparse_csr,external_baseline,ok,none,external_baseline,0.0138,0.0102,1.000000,0.942029,,142408,74284,original,original,false,,,true,0,exact_abs_or_rel,SKIP
Spielman_k100_A_07.mtx,original_lb,original_lb,load_balanced_traversal,ok,none,promoted_fallback,0.0195,0.0190,1.030769,1.000000,,8203232,1505832,original,original,false,0,0,true,0,exact_abs_or_rel,SKIP
Spielman_k100_A_07.mtx,auto_lossless_lb,dict256_u8_lb,lossless_value_specialized,ok,none,accuracy_pass_runtime_loss,0.0225,0.0215,0.893333,0.866667,,6024944,1505832,auto_lossless,dict256_u8,true,202,6024944,true,202,exact_abs_or_rel,SKIP
Spielman_k100_A_07.mtx,fp16_lb,fp16_lb,controlled_lossy_value_specialized,ok,none,accuracy_pass_runtime_win,0.0182,0.0173,1.104396,1.071429,,2050808,1505832,fp16,fp16,false,0,0,false,0,spmv_max_rel,SKIP
Spielman_k100_A_07.mtx,bf16_lb,bf16_lb,controlled_lossy_value_specialized,ok,none,accuracy_pass_runtime_win,0.0187,0.0175,1.074866,1.042781,,2050808,1505832,bf16,bf16,false,0,0,false,0,spmv_max_rel,SKIP
Spielman_k100_A_07.mtx,bfp8_lb,bfp8_lb,controlled_lossy_value_specialized,ok,none,accuracy_pass_runtime_win,0.0180,0.0170,1.116667,1.083333,,1401862,1505832,bfp8,bfp8,false,0,0,false,0,spmv_max_rel,SKIP
Spielman_k100_A_07.mtx,bfp8_outlier_lb,bfp8_outlier_lb,controlled_lossy_value_specialized,ok,none,accuracy_pass_runtime_loss,0.0213,0.0193,0.943662,0.915493,,1473030,1505832,bfp8_outlier,bfp8_outlier,false,0,0,false,0,spmv_max_rel,SKIP
Spielman_k100_A_07.mtx,bfp4_lb,bfp4_lb,controlled_lossy_value_specialized,ok,none,accuracy_pass_runtime_loss,0.0238,0.0222,0.844538,0.819328,,889160,1505832,bfp4,bfp4,false,0,0,false,0,spmv_max_rel,SKIP
Spielman_k100_A_07.mtx,hybrid_lb,hybrid_lb,structural_hybrid,ok,none,promoted_fallback,0.0209,0.0199,0.961722,0.933014,,8203232,,original,raw_double,false,,,1,0,exact_abs_or_rel,SKIP
Spielman_k100_A_07.mtx,cusparse_default,cusparse_csr,external_baseline,ok,none,external_baseline,0.0201,0.0193,1.000000,0.970149,,8203232,5455228,original,original,false,,,true,0,exact_abs_or_rel,SKIP
Spielman_k200_A_04.mtx,original_lb,original_lb,load_balanced_traversal,ok,none,promoted_fallback,0.1051,0.1032,0.810657,1.000000,,64806432,11352024,original,original,false,0,0,true,0,exact_abs_or_rel,SKIP
Spielman_k200_A_04.mtx,auto_lossless_lb,original_lb,load_balanced_traversal,ok,none,promoted_fallback,0.1053,0.1031,0.809117,0.998101,,64806432,11352024,auto_lossless,original,true,402,64806432,true,0,exact_abs_or_rel,SKIP
Spielman_k200_A_04.mtx,fp16_lb,fp16_lb,controlled_lossy_value_specialized,ok,none,accuracy_pass_runtime_win,0.0834,0.0814,1.021583,1.260192,,16201608,11352024,fp16,fp16,false,0,0,false,0,spmv_max_rel,SKIP
Spielman_k200_A_04.mtx,bf16_lb,bf16_lb,controlled_lossy_value_specialized,ok,none,accuracy_pass_runtime_win,0.0810,0.0795,1.051852,1.297531,,16201608,11352024,bf16,bf16,false,0,0,false,0,spmv_max_rel,SKIP
Spielman_k200_A_04.mtx,bfp8_lb,bfp8_lb,controlled_lossy_value_specialized,ok,none,accuracy_pass_runtime_win,0.0810,0.0800,1.051852,1.297531,,10938810,11352024,bfp8,bfp8,false,0,0,false,0,spmv_max_rel,SKIP
Spielman_k200_A_04.mtx,bfp8_outlier_lb,bfp8_outlier_lb,controlled_lossy_value_specialized,ok,none,accuracy_pass_runtime_win,0.0838,0.0818,1.016706,1.254177,,11555962,11352024,bfp8_outlier,bfp8_outlier,false,0,0,false,0,spmv_max_rel,SKIP
Spielman_k200_A_04.mtx,bfp4_lb,bfp4_lb,controlled_lossy_value_specialized,ok,none,accuracy_pass_runtime_win,0.0943,0.0892,0.903499,1.114528,,6888408,11352024,bfp4,bfp4,false,0,0,false,0,spmv_max_rel,SKIP
Spielman_k200_A_04.mtx,hybrid_lb,hybrid_lb,structural_hybrid,ok,none,promoted_fallback,0.1146,0.1129,0.743455,0.917103,,64806432,,original,raw_double,false,,,1,0,exact_abs_or_rel,SKIP
Spielman_k200_A_04.mtx,cusparse_default,cusparse_csr,external_baseline,ok,none,external_baseline,0.0852,0.0836,1.000000,1.233568,,64806432,43150428,original,original,false,,,true,0,exact_abs_or_rel,SKIP
Spielman_k300_A_01.mtx,original_lb,original_lb,load_balanced_traversal,ok,none,promoted_fallback,0.3743,0.3727,1.016564,1.000000,,217809632,37538232,original,original,false,0,0,true,0,exact_abs_or_rel,SKIP
Spielman_k300_A_01.mtx,auto_lossless_lb,original_lb,load_balanced_traversal,ok,none,promoted_fallback,0.3744,0.3726,1.016293,0.999733,,217809632,37538232,auto_lossless,original,true,580,217809632,true,0,exact_abs_or_rel,SKIP
Spielman_k300_A_01.mtx,fp16_lb,fp16_lb,controlled_lossy_value_specialized,ok,none,accuracy_pass_runtime_win,0.3086,0.3067,1.232988,1.212897,,54452408,37538232,fp16,fp16,false,0,0,false,0,spmv_max_rel,SKIP
Spielman_k300_A_01.mtx,bf16_lb,bf16_lb,controlled_lossy_value_specialized,ok,none,accuracy_pass_runtime_win,0.3090,0.3074,1.231392,1.211327,,54452408,37538232,bf16,bf16,false,0,0,false,0,spmv_max_rel,SKIP
Spielman_k300_A_01.mtx,bfp8_lb,bfp8_lb,controlled_lossy_value_specialized,ok,none,accuracy_pass_runtime_win,0.3319,0.3301,1.146430,1.127749,,36610762,37538232,bfp8,bfp8,false,0,0,false,0,spmv_max_rel,SKIP
Spielman_k300_A_01.mtx,bfp8_outlier_lb,bfp8_outlier_lb,controlled_lossy_value_specialized,ok,none,accuracy_pass_runtime_win,0.3343,0.3317,1.138199,1.119653,,38765386,37538232,bfp8_outlier,bfp8_outlier,false,0,0,false,0,spmv_max_rel,SKIP
Spielman_k300_A_01.mtx,bfp4_lb,bfp4_lb,controlled_lossy_value_specialized,ok,none,accuracy_pass_runtime_loss,0.3823,0.3807,0.995292,0.979074,,22997660,37538232,bfp4,bfp4,false,0,0,false,0,spmv_max_rel,SKIP
Spielman_k300_A_01.mtx,hybrid_lb,hybrid_lb,structural_hybrid,ok,none,promoted_fallback,0.5044,0.5016,0.754362,0.742070,,217809632,,original,raw_double,false,,,1,0,exact_abs_or_rel,SKIP
Spielman_k300_A_01.mtx,cusparse_default,cusparse_csr,external_baseline,ok,none,external_baseline,0.3805,0.3777,1.000000,0.983706,,217809632,145085628,original,original,false,,,true,0,exact_abs_or_rel,SKIP
Spielman_k300_A_09.mtx,original_lb,original_lb,load_balanced_traversal,ok,none,promoted_fallback,0.3754,0.3734,1.014118,1.000000,,217809632,37538232,original,original,false,0,0,true,0,exact_abs_or_rel,SKIP
Spielman_k300_A_09.mtx,auto_lossless_lb,original_lb,load_balanced_traversal,ok,none,promoted_fallback,0.3746,0.3726,1.016284,1.002136,,217809632,37538232,auto_lossless,original,true,602,217809632,true,0,exact_abs_or_rel,SKIP
Spielman_k300_A_09.mtx,fp16_lb,fp16_lb,controlled_lossy_value_specialized,ok,none,accuracy_pass_runtime_win,0.3084,0.3064,1.234436,1.217250,,54452408,37538232,fp16,fp16,false,0,0,false,0,spmv_max_rel,SKIP
Spielman_k300_A_09.mtx,bf16_lb,bf16_lb,controlled_lossy_value_specialized,ok,none,accuracy_pass_runtime_win,0.3086,0.3069,1.233636,1.216461,,54452408,37538232,bf16,bf16,false,0,0,false,0,spmv_max_rel,SKIP
Spielman_k300_A_09.mtx,bfp8_lb,bfp8_lb,controlled_lossy_value_specialized,ok,none,accuracy_pass_runtime_win,0.3310,0.3298,1.150151,1.134139,,36610762,37538232,bfp8,bfp8,false,0,0,false,0,spmv_max_rel,SKIP
Spielman_k300_A_09.mtx,bfp8_outlier_lb,bfp8_outlier_lb,controlled_lossy_value_specialized,ok,none,accuracy_pass_runtime_win,0.3339,0.3315,1.140162,1.124289,,38764874,37538232,bfp8_outlier,bfp8_outlier,false,0,0,false,0,spmv_max_rel,SKIP
Spielman_k300_A_09.mtx,bfp4_lb,bfp4_lb,controlled_lossy_value_specialized,ok,none,accuracy_pass_runtime_loss,0.3820,0.3796,0.996597,0.982723,,22997660,37538232,bfp4,bfp4,false,0,0,false,0,spmv_max_rel,SKIP
Spielman_k300_A_09.mtx,hybrid_lb,hybrid_lb,structural_hybrid,ok,none,promoted_fallback,0.5043,0.5016,0.754908,0.744398,,217809632,,original,raw_double,false,,,1,0,exact_abs_or_rel,SKIP
Spielman_k300_A_09.mtx,cusparse_default,cusparse_csr,external_baseline,ok,none,external_baseline,0.3807,0.3778,1.000000,0.986078,,217809632,145085628,original,original,false,,,true,0,exact_abs_or_rel,SKIP
Spielman_k400_A_06.mtx,original_lb,original_lb,load_balanced_traversal,ok,none,promoted_fallback,0.8609,0.8583,1.078290,1.000000,,515212832,88064424,original,original,false,0,0,true,0,exact_abs_or_rel,SKIP
Spielman_k400_A_06.mtx,auto_lossless_lb,original_lb,load_balanced_traversal,ok,none,promoted_fallback,0.8604,0.8581,1.078917,1.000581,,515212832,88064424,auto_lossless,original,true,802,515212832,true,0,exact_abs_or_rel,SKIP
Spielman_k400_A_06.mtx,fp16_lb,fp16_lb,controlled_lossy_value_specialized,ok,none,accuracy_pass_runtime_win,0.7272,0.7243,1.276540,1.183856,,128803208,88064424,fp16,fp16,false,0,0,false,0,spmv_max_rel,SKIP
Spielman_k400_A_06.mtx,bf16_lb,bf16_lb,controlled_lossy_value_specialized,ok,none,accuracy_pass_runtime_win,0.7269,0.7242,1.277067,1.184344,,128803208,88064424,bf16,bf16,false,0,0,false,0,spmv_max_rel,SKIP
Spielman_k400_A_06.mtx,bfp8_lb,bfp8_lb,controlled_lossy_value_specialized,ok,none,accuracy_pass_runtime_win,0.7864,0.7841,1.180443,1.094736,,86417710,88064424,bfp8,bfp8,false,0,0,false,0,spmv_max_rel,SKIP
Spielman_k400_A_06.mtx,bfp8_outlier_lb,bfp8_outlier_lb,controlled_lossy_value_specialized,ok,none,accuracy_pass_runtime_win,0.7966,0.7935,1.165328,1.080718,,91393070,88064424,bfp8_outlier,bfp8_outlier,false,0,0,false,0,spmv_max_rel,SKIP
Spielman_k400_A_06.mtx,bfp4_lb,bfp4_lb,controlled_lossy_value_specialized,ok,none,accuracy_pass_runtime_loss,0.9070,0.9046,1.023484,0.949173,,54216908,88064424,bfp4,bfp4,false,0,0,false,0,spmv_max_rel,SKIP
Spielman_k400_A_06.mtx,hybrid_lb,hybrid_lb,structural_hybrid,ok,none,promoted_fallback,1.1767,1.1748,0.788901,0.731622,,515212832,,original,raw_double,false,,,1,0,exact_abs_or_rel,SKIP
Spielman_k400_A_06.mtx,cusparse_default,cusparse_csr,external_baseline,ok,none,external_baseline,0.9283,0.9257,1.000000,0.927394,,515212832,343260828,original,original,false,,,true,0,exact_abs_or_rel,SKIP
Spielman_k500_A_03.mtx,original_lb,original_lb,load_balanced_traversal,ok,none,promoted_fallback,1.6359,1.6333,1.107280,1.000000,,1005016032,170930632,original,original,false,0,0,true,0,exact_abs_or_rel,SKIP
Spielman_k500_A_03.mtx,auto_lossless_lb,original_lb,load_balanced_traversal,ok,none,promoted_fallback,1.6354,1.6325,1.107619,1.000306,,1005016032,170930632,auto_lossless,original,true,1002,1005016032,true,0,exact_abs_or_rel,SKIP
Spielman_k500_A_03.mtx,fp16_lb,fp16_lb,controlled_lossy_value_specialized,ok,none,accuracy_pass_runtime_win,1.3874,1.3845,1.305608,1.179112,,251254008,170930632,fp16,fp16,false,0,0,false,0,spmv_max_rel,SKIP
Spielman_k500_A_03.mtx,bf16_lb,bf16_lb,controlled_lossy_value_specialized,ok,none,accuracy_pass_runtime_win,1.3885,1.3860,1.304573,1.178178,,251254008,170930632,bf16,bf16,false,0,0,false,0,spmv_max_rel,SKIP
Spielman_k500_A_03.mtx,bfp8_lb,bfp8_lb,controlled_lossy_value_specialized,ok,none,accuracy_pass_runtime_win,1.5126,1.5096,1.197541,1.081515,,168359662,170930632,bfp8,bfp8,false,0,0,false,0,spmv_max_rel,SKIP
Spielman_k500_A_03.mtx,bfp8_outlier_lb,bfp8_outlier_lb,controlled_lossy_value_specialized,ok,none,accuracy_pass_runtime_win,1.5279,1.5245,1.185549,1.070685,,178259118,170930632,bfp8_outlier,bfp8_outlier,false,0,0,false,0,spmv_max_rel,SKIP
Spielman_k500_A_03.mtx,bfp4_lb,bfp4_lb,controlled_lossy_value_specialized,ok,none,accuracy_pass_runtime_loss,1.7405,1.7362,1.040735,0.939902,,105546160,170930632,bfp4,bfp4,false,0,0,false,0,spmv_max_rel,SKIP
Spielman_k500_A_03.mtx,hybrid_lb,hybrid_lb,structural_hybrid,ok,none,promoted_fallback,2.2538,2.2492,0.803709,0.725841,,1005016032,,original,raw_double,false,,,1,0,exact_abs_or_rel,SKIP
Spielman_k500_A_03.mtx,cusparse_default,cusparse_csr,external_baseline,ok,none,external_baseline,1.8114,1.8089,1.000000,0.903114,,1005016032,669676028,original,original,false,,,true,0,exact_abs_or_rel,SKIP
Spielman_k600.mtx,original_lb,original_lb,load_balanced_traversal,ok,none,promoted_fallback,2.7966,2.7908,1.113209,1.000000,,1735219232,294136824,original,original,false,0,0,true,0,exact_abs_or_rel,SKIP
Spielman_k600.mtx,auto_lossless_lb,original_lb,load_balanced_traversal,ok,none,promoted_fallback,2.7975,2.7951,1.112851,0.999678,,1735219232,294136824,auto_lossless,original,true,1147,1735219232,true,0,exact_abs_or_rel,SKIP
Spielman_k600.mtx,fp16_lb,fp16_lb,controlled_lossy_value_specialized,ok,none,accuracy_pass_runtime_win,2.3777,2.3719,1.309333,1.176179,,433804808,294136824,fp16,fp16,false,0,0,false,0,spmv_max_rel,SKIP
Spielman_k600.mtx,bf16_lb,bf16_lb,controlled_lossy_value_specialized,ok,none,accuracy_pass_runtime_win,2.3799,2.3775,1.308122,1.175091,,433804808,294136824,bf16,bf16,false,0,0,false,0,spmv_max_rel,SKIP
Spielman_k600.mtx,bfp8_lb,bfp8_lb,controlled_lossy_value_specialized,ok,none,accuracy_pass_runtime_win,2.5925,2.5880,1.200849,1.078727,,290436610,294136824,bfp8,bfp8,false,0,0,false,0,spmv_max_rel,SKIP
Spielman_k600.mtx,bfp8_outlier_lb,bfp8_outlier_lb,controlled_lossy_value_specialized,ok,none,accuracy_pass_runtime_win,2.6167,2.6100,1.189743,1.068751,,307761730,294136824,bfp8_outlier,bfp8_outlier,false,0,0,false,0,spmv_max_rel,SKIP
Spielman_k600.mtx,bfp4_lb,bfp4_lb,controlled_lossy_value_specialized,ok,none,accuracy_pass_runtime_loss,2.9802,2.9727,1.044628,0.938393,,181985408,294136824,bfp4,bfp4,false,0,0,false,0,spmv_max_rel,SKIP
Spielman_k600.mtx,hybrid_lb,hybrid_lb,structural_hybrid,ok,none,promoted_fallback,3.8557,3.8513,0.807428,0.725316,,1735219232,,original,raw_double,false,,,1,0,exact_abs_or_rel,SKIP
Spielman_k600.mtx,cusparse_default,cusparse_csr,external_baseline,ok,none,external_baseline,3.1132,3.1090,1.000000,0.898304,,1735219232,1156331228,original,original,false,,,true,0,exact_abs_or_rel,SKIP
Spielman_k600_A_08.mtx,original_lb,original_lb,load_balanced_traversal,ok,none,promoted_fallback,2.7970,2.7908,1.113228,1.000000,,1735219232,294136824,original,original,false,0,0,true,0,exact_abs_or_rel,SKIP
Spielman_k600_A_08.mtx,auto_lossless_lb,original_lb,load_balanced_traversal,ok,none,promoted_fallback,2.7968,2.7903,1.113308,1.000072,,1735219232,294136824,auto_lossless,original,true,1202,1735219232,true,0,exact_abs_or_rel,SKIP
Spielman_k600_A_08.mtx,fp16_lb,fp16_lb,controlled_lossy_value_specialized,ok,none,accuracy_pass_runtime_win,2.3774,2.3740,1.309708,1.176495,,433804808,294136824,fp16,fp16,false,0,0,false,0,spmv_max_rel,SKIP
Spielman_k600_A_08.mtx,bf16_lb,bf16_lb,controlled_lossy_value_specialized,ok,none,accuracy_pass_runtime_win,2.3770,2.3702,1.309928,1.176693,,433804808,294136824,bf16,bf16,false,0,0,false,0,spmv_max_rel,SKIP
Spielman_k600_A_08.mtx,bfp8_lb,bfp8_lb,controlled_lossy_value_specialized,ok,none,accuracy_pass_runtime_win,2.5928,2.5867,1.200902,1.078757,,290436610,294136824,bfp8,bfp8,false,0,0,false,0,spmv_max_rel,SKIP
Spielman_k600_A_08.mtx,bfp8_outlier_lb,bfp8_outlier_lb,controlled_lossy_value_specialized,ok,none,accuracy_pass_runtime_win,2.6177,2.6141,1.189479,1.068495,,307760578,294136824,bfp8_outlier,bfp8_outlier,false,0,0,false,0,spmv_max_rel,SKIP
Spielman_k600_A_08.mtx,bfp4_lb,bfp4_lb,controlled_lossy_value_specialized,ok,none,accuracy_pass_runtime_loss,2.9825,2.9757,1.043990,0.937804,,181985408,294136824,bfp4,bfp4,false,0,0,false,0,spmv_max_rel,SKIP
Spielman_k600_A_08.mtx,hybrid_lb,hybrid_lb,structural_hybrid,ok,none,promoted_fallback,3.8554,3.8497,0.807620,0.725476,,1735219232,,original,raw_double,false,,,1,0,exact_abs_or_rel,SKIP
Spielman_k600_A_08.mtx,cusparse_default,cusparse_csr,external_baseline,ok,none,external_baseline,3.1137,3.1099,1.000000,0.898288,,1735219232,1156331228,original,original,false,,,true,0,exact_abs_or_rel,SKIP
Stranke94.mtx,original_lb,original_lb,load_balanced_traversal,ok,none,promoted_fallback,0.0064,0.0045,1.859375,1.000000,,720,48,original,original,false,0,0,true,0,exact_abs_or_rel,SKIP
Stranke94.mtx,auto_lossless_lb,dict256_u8_lb,lossless_value_specialized,ok,none,accuracy_pass_runtime_loss,0.0066,0.0051,1.803030,0.969697,,552,48,auto_lossless,dict256_u8,true,45,552,true,45,exact_abs_or_rel,SKIP
Stranke94.mtx,fp16_lb,fp16_lb,controlled_lossy_value_specialized,ok,none,accuracy_pass_runtime_loss,0.0065,0.0050,1.830769,0.984615,,180,48,fp16,fp16,false,0,0,false,0,spmv_max_rel,SKIP
Stranke94.mtx,bf16_lb,bf16_lb,controlled_lossy_value_specialized,ok,none,accuracy_pass_runtime_win,0.0063,0.0051,1.888889,1.015873,,180,48,bf16,bf16,false,0,0,false,0,spmv_max_rel,SKIP
Stranke94.mtx,bfp8_lb,bfp8_lb,controlled_lossy_value_specialized,ok,none,accuracy_pass_runtime_loss,0.0069,0.0060,1.724638,0.927536,,102,48,bfp8,bfp8,false,0,0,false,0,spmv_max_rel,SKIP
Stranke94.mtx,bfp8_outlier_lb,bfp8_outlier_lb,controlled_lossy_value_specialized,ok,none,accuracy_pass_runtime_loss,0.0085,0.0074,1.400000,0.752941,,102,48,bfp8_outlier,bfp8_outlier,false,0,0,false,0,spmv_max_rel,SKIP
Stranke94.mtx,bfp4_lb,bfp4_lb,controlled_lossy_value_specialized,ok,none,accuracy_pass_runtime_loss,0.0077,0.0064,1.545455,0.831169,,57,48,bfp4,bfp4,false,0,0,false,0,spmv_max_rel,SKIP
Stranke94.mtx,hybrid_lb,hybrid_lb,structural_hybrid,ok,none,promoted_fallback,0.0070,0.0062,1.700000,0.914286,,720,,original,raw_double,false,,,1,0,exact_abs_or_rel,SKIP
Stranke94.mtx,cusparse_default,cusparse_csr,external_baseline,ok,none,external_baseline,0.0119,0.0082,1.000000,0.537815,,720,404,original,original,false,,,true,0,exact_abs_or_rel,SKIP
TEM181302.mtx,original_lb,original_lb,load_balanced_traversal,ok,none,promoted_fallback,0.0514,0.0496,1.163424,1.000000,,62712080,7011512,original,original,false,0,0,true,0,exact_abs_or_rel,SKIP
TEM181302.mtx,auto_lossless_lb,original_lb,load_balanced_traversal,ok,none,promoted_fallback,0.0497,0.0475,1.203219,1.034205,,62712080,7011512,auto_lossless,original,true,3862559,62712080,true,0,exact_abs_or_rel,SKIP
TEM181302.mtx,fp16_lb,fp16_lb,controlled_lossy_value_specialized,ok,none,accuracy_pass_runtime_win,0.0442,0.0425,1.352941,1.162896,,15678020,7011512,fp16,fp16,false,0,0,false,0,spmv_max_rel,SKIP
TEM181302.mtx,bf16_lb,bf16_lb,controlled_lossy_value_specialized,ok,none,accuracy_pass_runtime_win,0.0446,0.0426,1.340807,1.152466,,15678020,7011512,bf16,bf16,false,0,0,false,0,spmv_max_rel,SKIP
TEM181302.mtx,bfp8_lb,bfp8_lb,controlled_lossy_value_specialized,ok,none,accuracy_pass_runtime_win,0.0440,0.0422,1.359091,1.168182,,9591888,7011512,bfp8,bfp8,false,0,0,false,0,spmv_max_rel,SKIP
TEM181302.mtx,bfp8_outlier_lb,bfp8_outlier_lb,controlled_lossy_value_specialized,ok,none,accuracy_pass_runtime_win,0.0461,0.0443,1.297180,1.114967,,10218992,7011512,bfp8_outlier,bfp8_outlier,false,0,0,false,0,spmv_max_rel,SKIP
TEM181302.mtx,bfp4_lb,bfp4_lb,controlled_lossy_value_specialized,ok,none,accuracy_pass_runtime_win,0.0474,0.0457,1.261603,1.084388,,5672383,7011512,bfp4,bfp4,false,0,0,false,0,spmv_max_rel,SKIP
TEM181302.mtx,hybrid_lb,hybrid_lb,structural_hybrid,ok,none,promoted_fallback,0.0346,0.0319,1.728324,1.485549,,62712080,,original,raw_double,false,,,1,0,exact_abs_or_rel,SKIP
TEM181302.mtx,cusparse_default,cusparse_csr,external_baseline,ok,none,external_baseline,0.0598,0.0573,1.000000,0.859532,,62712080,32081252,original,original,false,,,true,0,exact_abs_or_rel,SKIP
TSC_OPF_1047.mtx,original_lb,original_lb,load_balanced_traversal,ok,none,promoted_fallback,0.0118,0.0107,1.957627,1.000000,,16102664,697448,original,original,false,0,0,true,0,exact_abs_or_rel,SKIP
TSC_OPF_1047.mtx,auto_lossless_lb,original_lb,load_balanced_traversal,ok,none,promoted_fallback,0.0117,0.0098,1.974359,1.008547,,16102664,697448,auto_lossless,original,true,816417,16102664,true,0,exact_abs_or_rel,SKIP
TSC_OPF_1047.mtx,fp16_lb,fp16_lb,controlled_lossy_value_specialized,ok,none,accuracy_pass_runtime_win,0.0112,0.0094,2.062500,1.053571,,4025666,697448,fp16,fp16,false,0,0,false,0,spmv_max_rel,SKIP
TSC_OPF_1047.mtx,bf16_lb,bf16_lb,controlled_lossy_value_specialized,ok,none,accuracy_pass_runtime_win,0.0114,0.0092,2.026316,1.035088,,4025666,697448,bf16,bf16,false,0,0,false,0,spmv_max_rel,SKIP
TSC_OPF_1047.mtx,bfp8_lb,bfp8_lb,controlled_lossy_value_specialized,ok,none,accuracy_pass_runtime_win,0.0112,0.0102,2.062500,1.053571,,2187195,697448,bfp8,bfp8,false,0,0,false,0,spmv_max_rel,SKIP
TSC_OPF_1047.mtx,bfp8_outlier_lb,bfp8_outlier_lb,controlled_lossy_value_specialized,ok,none,accuracy_pass_runtime_loss,0.0134,0.0107,1.723881,0.880597,,2348203,697448,bfp8_outlier,bfp8_outlier,false,0,0,false,0,spmv_max_rel,SKIP
TSC_OPF_1047.mtx,bfp4_lb,bfp4_lb,controlled_lossy_value_specialized,ok,none,accuracy_pass_runtime_loss,0.0146,0.0138,1.582192,0.808219,,1180779,697448,bfp4,bfp4,false,0,0,false,0,spmv_max_rel,SKIP
TSC_OPF_1047.mtx,hybrid_lb,hybrid_lb,structural_hybrid,ok,none,promoted_fallback,0.0141,0.0126,1.638298,0.836879,,16102664,,original,raw_double,false,,,1,0,exact_abs_or_rel,SKIP
TSC_OPF_1047.mtx,cusparse_default,cusparse_csr,external_baseline,ok,none,external_baseline,0.0231,0.0205,1.000000,0.510823,,16102664,8083896,original,original,false,,,true,0,exact_abs_or_rel,SKIP
Trec13.mtx,original_lb,original_lb,load_balanced_traversal,ok,none,promoted_fallback,0.0116,0.0098,1.215517,1.000000,,5236136,841704,original,original,false,0,0,true,0,exact_abs_or_rel,SKIP
Trec13.mtx,auto_lossless_lb,dict256_u8_lb,lossless_value_specialized,ok,none,accuracy_pass_runtime_loss,0.0131,0.0116,1.076336,0.885496,,3367648,841704,auto_lossless,dict256_u8,true,104,3367648,true,104,exact_abs_or_rel,SKIP
Trec13.mtx,fp16_lb,fp16_lb,controlled_lossy_value_specialized,ok,none,accuracy_pass_runtime_win,0.0107,0.0093,1.317757,1.084112,,1309034,841704,fp16,fp16,false,0,0,false,0,spmv_max_rel,SKIP
Trec13.mtx,bf16_lb,bf16_lb,controlled_lossy_value_specialized,ok,none,accuracy_pass_runtime_win,0.0110,0.0087,1.281818,1.054545,,1309034,841704,bf16,bf16,false,0,0,false,0,spmv_max_rel,SKIP
Trec13.mtx,bfp8_lb,bfp8_lb,controlled_lossy_value_specialized,ok,none,accuracy_pass_runtime_win,0.0111,0.0095,1.270270,1.045045,,864943,841704,bfp8,bfp8,false,0,0,false,0,spmv_max_rel,SKIP
Trec13.mtx,bfp8_outlier_lb,bfp8_outlier_lb,controlled_lossy_value_specialized,ok,none,accuracy_pass_runtime_loss,0.0141,0.0130,1.000000,0.822695,,910239,841704,bfp8_outlier,bfp8_outlier,false,0,0,false,0,spmv_max_rel,SKIP
Trec13.mtx,bfp4_lb,bfp4_lb,controlled_lossy_value_specialized,ok,none,accuracy_pass_runtime_loss,0.0152,0.0134,0.927632,0.763158,,537685,841704,bfp4,bfp4,false,0,0,false,0,spmv_max_rel,SKIP
Trec13.mtx,hybrid_lb,hybrid_lb,structural_hybrid,ok,none,promoted_fallback,0.0181,0.0166,0.779006,0.640884,,5236136,,original,raw_double,false,,,1,0,exact_abs_or_rel,SKIP
Trec13.mtx,cusparse_default,cusparse_csr,external_baseline,ok,none,external_baseline,0.0141,0.0123,1.000000,0.822695,,5236136,2623276,original,original,false,,,true,0,exact_abs_or_rel,SKIP
Trec9.mtx,original_lb,original_lb,load_balanced_traversal,ok,none,promoted_fallback,0.0086,0.0070,1.360465,1.000000,,17176,1640,original,original,false,0,0,true,0,exact_abs_or_rel,SKIP
Trec9.mtx,auto_lossless_lb,dict256_u8_lb,lossless_value_specialized,ok,none,accuracy_pass_runtime_loss,0.0095,0.0086,1.231579,0.905263,,6720,1640,auto_lossless,dict256_u8,true,20,6720,true,20,exact_abs_or_rel,SKIP
Trec9.mtx,fp16_lb,fp16_lb,controlled_lossy_value_specialized,ok,none,accuracy_pass_runtime_loss,0.0093,0.0089,1.258065,0.924731,,4294,1640,fp16,fp16,false,0,0,false,0,spmv_max_rel,SKIP
Trec9.mtx,bf16_lb,bf16_lb,controlled_lossy_value_specialized,ok,none,accuracy_pass_runtime_loss,0.0099,0.0091,1.181818,0.868687,,4294,1640,bf16,bf16,false,0,0,false,0,spmv_max_rel,SKIP
Trec9.mtx,bfp8_lb,bfp8_lb,controlled_lossy_value_specialized,ok,none,accuracy_pass_runtime_loss,0.0099,0.0089,1.181818,0.868687,,2557,1640,bfp8,bfp8,false,0,0,false,0,spmv_max_rel,SKIP
Trec9.mtx,bfp8_outlier_lb,bfp8_outlier_lb,controlled_lossy_value_specialized,ok,none,accuracy_pass_runtime_loss,0.0117,0.0101,1.000000,0.735043,,2685,1640,bfp8_outlier,bfp8_outlier,false,0,0,false,0,spmv_max_rel,SKIP
Trec9.mtx,bfp4_lb,bfp4_lb,controlled_lossy_value_specialized,ok,none,accuracy_pass_runtime_loss,0.0134,0.0124,0.873134,0.641791,,1484,1640,bfp4,bfp4,false,0,0,false,0,spmv_max_rel,SKIP
Trec9.mtx,hybrid_lb,hybrid_lb,structural_hybrid,ok,none,promoted_fallback,0.0098,0.0085,1.193878,0.877551,,17176,,original,raw_double,false,,,1,0,exact_abs_or_rel,SKIP
Trec9.mtx,cusparse_default,cusparse_csr,external_baseline,ok,none,external_baseline,0.0117,0.0082,1.000000,0.735043,,17176,8780,original,original,false,,,true,0,exact_abs_or_rel,SKIP
Trefethen_200.mtx,original_lb,original_lb,load_balanced_traversal,ok,none,promoted_fallback,0.0074,0.0063,1.635135,1.000000,,23120,3408,original,original,false,0,0,true,0,exact_abs_or_rel,SKIP
Trefethen_200.mtx,auto_lossless_lb,dict256_u8_lb,lossless_value_specialized,ok,none,accuracy_pass_runtime_loss,0.0081,0.0074,1.493827,0.913580,,15240,3408,auto_lossless,dict256_u8,true,201,15240,true,201,exact_abs_or_rel,SKIP
Trefethen_200.mtx,fp16_lb,fp16_lb,controlled_lossy_value_specialized,ok,none,accuracy_pass_runtime_loss,0.0079,0.0070,1.531646,0.936709,,5780,3408,fp16,fp16,false,0,0,false,0,spmv_max_rel,SKIP
Trefethen_200.mtx,bf16_lb,bf16_lb,controlled_lossy_value_specialized,ok,none,accuracy_pass_runtime_loss,0.0076,0.0067,1.592105,0.973684,,5780,3408,bf16,bf16,false,0,0,false,0,spmv_max_rel,SKIP
Trefethen_200.mtx,bfp8_lb,bfp8_lb,controlled_lossy_value_specialized,ok,none,accuracy_pass_runtime_win,0.0072,0.0058,1.680556,1.027778,,3742,3408,bfp8,bfp8,false,0,0,false,0,spmv_max_rel,SKIP
Trefethen_200.mtx,bfp8_outlier_lb,bfp8_outlier_lb,controlled_lossy_value_specialized,ok,none,accuracy_pass_runtime_loss,0.0099,0.0082,1.222222,0.747475,,3966,3408,bfp8_outlier,bfp8_outlier,false,0,0,false,0,spmv_max_rel,SKIP
Trefethen_200.mtx,bfp4_lb,bfp4_lb,controlled_lossy_value_specialized,ok,none,accuracy_pass_runtime_loss,0.0091,0.0079,1.329670,0.813187,,2297,3408,bfp4,bfp4,false,0,0,false,0,spmv_max_rel,SKIP
Trefethen_200.mtx,hybrid_lb,hybrid_lb,structural_hybrid,ok,none,promoted_fallback,0.0070,0.0054,1.728571,1.057143,,23120,,original,raw_double,false,,,1,0,exact_abs_or_rel,SKIP
Trefethen_200.mtx,cusparse_default,cusparse_csr,external_baseline,ok,none,external_baseline,0.0121,0.0102,1.000000,0.611570,,23120,12364,original,original,false,,,true,0,exact_abs_or_rel,SKIP
YaleA_10NN.mtx,original_lb,original_lb,load_balanced_traversal,ok,none,promoted_fallback,0.0090,0.0084,1.388889,1.000000,,18144,5328,original,original,false,0,0,true,0,exact_abs_or_rel,SKIP
YaleA_10NN.mtx,auto_lossless_lb,original_lb,load_balanced_traversal,ok,none,promoted_fallback,0.0099,0.0087,1.262626,0.909091,,18144,5328,auto_lossless,original,true,1001,18144,true,0,exact_abs_or_rel,SKIP
YaleA_10NN.mtx,fp16_lb,fp16_lb,controlled_lossy_value_specialized,ok,none,accuracy_pass_runtime_loss,0.0092,0.0082,1.358696,0.978261,,4536,5328,fp16,fp16,false,0,0,false,0,spmv_max_rel,SKIP
YaleA_10NN.mtx,bf16_lb,bf16_lb,controlled_lossy_value_specialized,ok,none,accuracy_pass_runtime_loss,0.0103,0.0085,1.213592,0.873786,,4536,5328,bf16,bf16,false,0,0,false,0,spmv_max_rel,SKIP
YaleA_10NN.mtx,bfp8_lb,bfp8_lb,controlled_lossy_value_specialized,ok,none,accuracy_pass_runtime_loss,0.0091,0.0084,1.373626,0.989011,,3600,5328,bfp8,bfp8,false,0,0,false,0,spmv_max_rel,SKIP
YaleA_10NN.mtx,bfp8_outlier_lb,bfp8_outlier_lb,controlled_lossy_value_specialized,ok,none,accuracy_pass_runtime_loss,0.0117,0.0105,1.068376,0.769231,,3760,5328,bfp8_outlier,bfp8_outlier,false,0,0,false,0,spmv_max_rel,SKIP
YaleA_10NN.mtx,bfp4_lb,bfp4_lb,controlled_lossy_value_specialized,ok,none,accuracy_pass_runtime_loss,0.0134,0.0126,0.932836,0.671642,,2466,5328,bfp4,bfp4,false,0,0,false,0,spmv_max_rel,SKIP
YaleA_10NN.mtx,hybrid_lb,hybrid_lb,structural_hybrid,ok,none,promoted_fallback,0.0085,0.0069,1.470588,1.058824,,18144,,original,raw_double,false,,,1,0,exact_abs_or_rel,SKIP
YaleA_10NN.mtx,cusparse_default,cusparse_csr,external_baseline,ok,none,external_baseline,0.0125,0.0102,1.000000,0.720000,,18144,9736,original,original,false,,,true,0,exact_abs_or_rel,SKIP
Zewail.mtx,original_lb,original_lb,load_balanced_traversal,ok,none,promoted_fallback,0.0101,0.0090,1.603960,1.000000,,433864,368216,original,original,false,0,0,true,0,exact_abs_or_rel,SKIP
Zewail.mtx,auto_lossless_lb,dict2_lb,lossless_value_specialized,ok,none,accuracy_pass_runtime_loss,0.0107,0.0088,1.514019,0.943925,,184124,368216,auto_lossless,dict2,true,2,184124,true,2,exact_abs_or_rel,SKIP
Zewail.mtx,fp16_lb,fp16_lb,controlled_lossy_value_specialized,ok,none,accuracy_pass_runtime_loss,0.0111,0.0100,1.459459,0.909910,,108466,368216,fp16,fp16,false,0,0,false,0,spmv_max_rel,SKIP
Zewail.mtx,bf16_lb,bf16_lb,controlled_lossy_value_specialized,ok,none,accuracy_pass_runtime_win,0.0097,0.0087,1.670103,1.041237,,108466,368216,bf16,bf16,false,0,0,false,0,spmv_max_rel,SKIP
Zewail.mtx,bfp8_lb,bfp8_lb,controlled_lossy_value_specialized,ok,none,accuracy_pass_runtime_win,0.0098,0.0085,1.653061,1.030612,,146287,368216,bfp8,bfp8,false,0,0,false,0,spmv_max_rel,SKIP
Zewail.mtx,bfp8_outlier_lb,bfp8_outlier_lb,controlled_lossy_value_specialized,ok,none,accuracy_pass_runtime_loss,0.0177,0.0158,0.915254,0.570621,,146607,368216,bfp8_outlier,bfp8_outlier,false,0,0,false,0,spmv_max_rel,SKIP
Zewail.mtx,bfp4_lb,bfp4_lb,controlled_lossy_value_specialized,ok,none,accuracy_pass_runtime_loss,0.0162,0.0154,1.000000,0.623457,,119171,368216,bfp4,bfp4,false,0,0,false,0,spmv_max_rel,SKIP
Zewail.mtx,hybrid_lb,hybrid_lb,structural_hybrid,ok,none,promoted_fallback,0.0113,0.0105,1.433628,0.893805,,433864,,original,raw_double,false,,,1,0,exact_abs_or_rel,SKIP
Zewail.mtx,cusparse_default,cusparse_csr,external_baseline,ok,none,external_baseline,0.0162,0.0123,1.000000,0.623457,,433864,243944,original,original,false,,,true,0,exact_abs_or_rel,SKIP
abb313.mtx,original_lb,original_lb,load_balanced_traversal,ok,none,promoted_fallback,0.0056,0.0045,2.232143,1.000000,,12456,1632,original,original,false,0,0,true,0,exact_abs_or_rel,SKIP
abb313.mtx,auto_lossless_lb,all_one_lb,lossless_value_specialized,ok,none,accuracy_pass_runtime_win,0.0055,0.0048,2.272727,1.018182,,0,1632,auto_lossless,all_one,true,1,0,true,0,exact_abs_or_rel,SKIP
abb313.mtx,fp16_lb,fp16_lb,controlled_lossy_value_specialized,ok,none,accuracy_pass_runtime_win,0.0051,0.0044,2.450980,1.098039,,3114,1632,fp16,fp16,false,0,0,false,0,spmv_max_rel,SKIP
abb313.mtx,bf16_lb,bf16_lb,controlled_lossy_value_specialized,ok,none,accuracy_pass_runtime_loss,0.0057,0.0047,2.192982,0.982456,,3114,1632,bf16,bf16,false,0,0,false,0,spmv_max_rel,SKIP
abb313.mtx,bfp8_lb,bfp8_lb,controlled_lossy_value_specialized,ok,none,accuracy_pass_runtime_loss,0.0076,0.0066,1.644737,0.736842,,1965,1632,bfp8,bfp8,false,0,0,false,0,spmv_max_rel,SKIP
abb313.mtx,bfp8_outlier_lb,bfp8_outlier_lb,controlled_lossy_value_specialized,ok,none,accuracy_pass_runtime_loss,0.0077,0.0052,1.623377,0.727273,,1965,1632,bfp8_outlier,bfp8_outlier,false,0,0,false,0,spmv_max_rel,SKIP
abb313.mtx,bfp4_lb,bfp4_lb,controlled_lossy_value_specialized,ok,none,accuracy_pass_runtime_loss,0.0077,0.0071,1.623377,0.727273,,1187,1632,bfp4,bfp4,false,0,0,false,0,spmv_max_rel,SKIP
abb313.mtx,hybrid_lb,hybrid_lb,structural_hybrid,ok,none,promoted_fallback,0.0065,0.0048,1.923077,0.861538,,12456,,original,raw_double,false,,,1,0,exact_abs_or_rel,SKIP
abb313.mtx,cusparse_default,cusparse_csr,external_baseline,ok,none,external_baseline,0.0125,0.0102,1.000000,0.448000,,12456,7484,original,original,false,,,true,0,exact_abs_or_rel,SKIP
add20.mtx,original_lb,original_lb,load_balanced_traversal,ok,none,promoted_fallback,0.0081,0.0070,1.753086,1.000000,,105208,40280,original,original,false,0,0,true,0,exact_abs_or_rel,SKIP
add20.mtx,auto_lossless_lb,original_lb,load_balanced_traversal,ok,none,promoted_fallback,0.0086,0.0076,1.651163,0.941860,,105208,40280,auto_lossless,original,true,7398,105208,true,0,exact_abs_or_rel,SKIP
add20.mtx,fp16_lb,fp16_lb,controlled_lossy_value_specialized,ok,none,accuracy_pass_runtime_loss,0.0094,0.0084,1.510638,0.861702,,26302,40280,fp16,fp16,false,0,0,false,0,spmv_max_rel,SKIP
add20.mtx,bf16_lb,bf16_lb,controlled_lossy_value_specialized,ok,none,accuracy_pass_runtime_loss,0.0093,0.0083,1.526882,0.870968,,26302,40280,bf16,bf16,false,0,0,false,0,spmv_max_rel,SKIP
add20.mtx,bfp8_lb,bfp8_lb,controlled_lossy_value_specialized,ok,none,accuracy_pass_runtime_loss,0.0100,0.0091,1.420000,0.810000,,23221,40280,bfp8,bfp8,false,0,0,false,0,spmv_max_rel,SKIP
add20.mtx,bfp8_outlier_lb,bfp8_outlier_lb,controlled_lossy_value_specialized,ok,none,accuracy_pass_runtime_loss,0.0119,0.0100,1.193277,0.680672,,24261,40280,bfp8_outlier,bfp8_outlier,false,0,0,false,0,spmv_max_rel,SKIP
add20.mtx,bfp4_lb,bfp4_lb,controlled_lossy_value_specialized,ok,none,accuracy_pass_runtime_loss,0.0135,0.0124,1.051852,0.600000,,16646,40280,bfp4,bfp4,false,0,0,false,0,spmv_max_rel,SKIP
add20.mtx,hybrid_lb,hybrid_lb,structural_hybrid,ok,none,promoted_fallback,0.0080,0.0065,1.775000,1.012500,,105208,,original,raw_double,false,,,1,0,exact_abs_or_rel,SKIP
add20.mtx,cusparse_default,cusparse_csr,external_baseline,ok,none,external_baseline,0.0142,0.0123,1.000000,0.570423,,105208,62188,original,original,false,,,true,0,exact_abs_or_rel,SKIP
adder_dcop_04.mtx,original_lb,original_lb,load_balanced_traversal,ok,none,promoted_fallback,0.0092,0.0077,1.597826,1.000000,,88856,43872,original,original,false,0,0,true,0,exact_abs_or_rel,SKIP
adder_dcop_04.mtx,auto_lossless_lb,original_lb,load_balanced_traversal,ok,none,promoted_fallback,0.0082,0.0073,1.792683,1.121951,,88856,43872,auto_lossless,original,true,9716,88856,true,0,exact_abs_or_rel,SKIP
adder_dcop_04.mtx,fp16_lb,fp16_lb,controlled_lossy_value_specialized,ok,none,accuracy_pass_runtime_loss,0.0098,0.0073,1.500000,0.938776,,22214,43872,fp16,fp16,false,0,0,false,0,spmv_max_rel,SKIP
adder_dcop_04.mtx,bf16_lb,bf16_lb,controlled_lossy_value_specialized,ok,none,accuracy_pass_runtime_loss,0.0098,0.0080,1.500000,0.938776,,22214,43872,bf16,bf16,false,0,0,false,0,spmv_max_rel,SKIP
adder_dcop_04.mtx,bfp8_lb,bfp8_lb,controlled_lossy_value_specialized,ok,none,accuracy_pass_runtime_loss,0.0109,0.0093,1.348624,0.844037,,22075,43872,bfp8,bfp8,false,0,0,false,0,spmv_max_rel,SKIP
adder_dcop_04.mtx,bfp8_outlier_lb,bfp8_outlier_lb,controlled_lossy_value_specialized,ok,none,accuracy_pass_runtime_loss,0.0115,0.0101,1.278261,0.800000,,22955,43872,bfp8_outlier,bfp8_outlier,false,0,0,false,0,spmv_max_rel,SKIP
adder_dcop_04.mtx,bfp4_lb,bfp4_lb,controlled_lossy_value_specialized,ok,none,accuracy_pass_runtime_loss,0.0148,0.0132,0.993243,0.621622,,16522,43872,bfp4,bfp4,false,0,0,false,0,spmv_max_rel,SKIP
adder_dcop_04.mtx,hybrid_lb,hybrid_lb,structural_hybrid,ok,none,promoted_fallback,0.0075,0.0062,1.960000,1.226667,,88856,,original,raw_double,false,,,1,0,exact_abs_or_rel,SKIP
adder_dcop_04.mtx,cusparse_default,cusparse_csr,external_baseline,ok,none,external_baseline,0.0147,0.0123,1.000000,0.625850,,88856,51684,original,original,false,,,true,0,exact_abs_or_rel,SKIP
adder_dcop_12.mtx,original_lb,original_lb,load_balanced_traversal,ok,none,promoted_fallback,0.0090,0.0071,1.588889,1.000000,,89968,44576,original,original,false,0,0,true,0,exact_abs_or_rel,SKIP
adder_dcop_12.mtx,auto_lossless_lb,original_lb,load_balanced_traversal,ok,none,promoted_fallback,0.0079,0.0061,1.810127,1.139241,,89968,44576,auto_lossless,original,true,9087,89968,true,0,exact_abs_or_rel,SKIP
adder_dcop_12.mtx,fp16_lb,fp16_lb,controlled_lossy_value_specialized,ok,none,accuracy_pass_runtime_loss,0.0102,0.0083,1.401961,0.882353,,22492,44576,fp16,fp16,false,0,0,false,0,spmv_max_rel,SKIP
adder_dcop_12.mtx,bf16_lb,bf16_lb,controlled_lossy_value_specialized,ok,none,accuracy_pass_runtime_loss,0.0103,0.0090,1.388350,0.873786,,22492,44576,bf16,bf16,false,0,0,false,0,spmv_max_rel,SKIP
adder_dcop_12.mtx,bfp8_lb,bfp8_lb,controlled_lossy_value_specialized,ok,none,accuracy_pass_runtime_loss,0.0103,0.0091,1.388350,0.873786,,22390,44576,bfp8,bfp8,false,0,0,false,0,spmv_max_rel,SKIP
adder_dcop_12.mtx,bfp8_outlier_lb,bfp8_outlier_lb,controlled_lossy_value_specialized,ok,none,accuracy_pass_runtime_loss,0.0118,0.0105,1.211864,0.762712,,23286,44576,bfp8_outlier,bfp8_outlier,false,0,0,false,0,spmv_max_rel,SKIP
adder_dcop_12.mtx,bfp4_lb,bfp4_lb,controlled_lossy_value_specialized,ok,none,accuracy_pass_runtime_loss,0.0143,0.0132,1.000000,0.629371,,16767,44576,bfp4,bfp4,false,0,0,false,0,spmv_max_rel,SKIP
adder_dcop_12.mtx,hybrid_lb,hybrid_lb,structural_hybrid,ok,none,promoted_fallback,0.0084,0.0067,1.702381,1.071429,,89968,,original,raw_double,false,,,1,0,exact_abs_or_rel,SKIP
adder_dcop_12.mtx,cusparse_default,cusparse_csr,external_baseline,ok,none,external_baseline,0.0143,0.0123,1.000000,0.629371,,89968,52240,original,original,false,,,true,0,exact_abs_or_rel,SKIP
adder_dcop_20.mtx,original_lb,original_lb,load_balanced_traversal,ok,none,promoted_fallback,0.0089,0.0070,1.617978,1.000000,,89968,44576,original,original,false,0,0,true,0,exact_abs_or_rel,SKIP
adder_dcop_20.mtx,auto_lossless_lb,original_lb,load_balanced_traversal,ok,none,promoted_fallback,0.0081,0.0062,1.777778,1.098765,,89968,44576,auto_lossless,original,true,8688,89968,true,0,exact_abs_or_rel,SKIP
adder_dcop_20.mtx,fp16_lb,fp16_lb,controlled_lossy_value_specialized,ok,none,accuracy_pass_runtime_loss,0.0101,0.0091,1.425743,0.881188,,22492,44576,fp16,fp16,false,0,0,false,0,spmv_max_rel,SKIP
adder_dcop_20.mtx,bf16_lb,bf16_lb,controlled_lossy_value_specialized,ok,none,accuracy_pass_runtime_loss,0.0100,0.0080,1.440000,0.890000,,22492,44576,bf16,bf16,false,0,0,false,0,spmv_max_rel,SKIP
adder_dcop_20.mtx,bfp8_lb,bfp8_lb,controlled_lossy_value_specialized,ok,none,accuracy_pass_runtime_loss,0.0102,0.0090,1.411765,0.872549,,22390,44576,bfp8,bfp8,false,0,0,false,0,spmv_max_rel,SKIP
adder_dcop_20.mtx,bfp8_outlier_lb,bfp8_outlier_lb,controlled_lossy_value_specialized,ok,none,accuracy_pass_runtime_loss,0.0117,0.0106,1.230769,0.760684,,23286,44576,bfp8_outlier,bfp8_outlier,false,0,0,false,0,spmv_max_rel,SKIP
adder_dcop_20.mtx,bfp4_lb,bfp4_lb,controlled_lossy_value_specialized,ok,none,accuracy_pass_runtime_loss,0.0151,0.0131,0.953642,0.589404,,16767,44576,bfp4,bfp4,false,0,0,false,0,spmv_max_rel,SKIP
adder_dcop_20.mtx,hybrid_lb,hybrid_lb,structural_hybrid,ok,none,promoted_fallback,0.0081,0.0067,1.777778,1.098765,,89968,,original,raw_double,false,,,1,0,exact_abs_or_rel,SKIP
adder_dcop_20.mtx,cusparse_default,cusparse_csr,external_baseline,ok,none,external_baseline,0.0144,0.0123,1.000000,0.618056,,89968,52240,original,original,false,,,true,0,exact_abs_or_rel,SKIP
adder_dcop_28.mtx,original_lb,original_lb,load_balanced_traversal,ok,none,promoted_fallback,0.0090,0.0072,1.600000,1.000000,,89968,44576,original,original,false,0,0,true,0,exact_abs_or_rel,SKIP
adder_dcop_28.mtx,auto_lossless_lb,original_lb,load_balanced_traversal,ok,none,promoted_fallback,0.0082,0.0060,1.756098,1.097561,,89968,44576,auto_lossless,original,true,6180,89968,true,0,exact_abs_or_rel,SKIP
adder_dcop_28.mtx,fp16_lb,fp16_lb,controlled_lossy_value_specialized,ok,none,accuracy_pass_runtime_loss,0.0099,0.0081,1.454545,0.909091,,22492,44576,fp16,fp16,false,0,0,false,0,spmv_max_rel,SKIP
adder_dcop_28.mtx,bf16_lb,bf16_lb,controlled_lossy_value_specialized,ok,none,accuracy_pass_runtime_loss,0.0097,0.0079,1.484536,0.927835,,22492,44576,bf16,bf16,false,0,0,false,0,spmv_max_rel,SKIP
adder_dcop_28.mtx,bfp8_lb,bfp8_lb,controlled_lossy_value_specialized,ok,none,accuracy_pass_runtime_loss,0.0100,0.0091,1.440000,0.900000,,22390,44576,bfp8,bfp8,false,0,0,false,0,spmv_max_rel,SKIP
adder_dcop_28.mtx,bfp8_outlier_lb,bfp8_outlier_lb,controlled_lossy_value_specialized,ok,none,accuracy_pass_runtime_loss,0.0123,0.0099,1.170732,0.731707,,23286,44576,bfp8_outlier,bfp8_outlier,false,0,0,false,0,spmv_max_rel,SKIP
adder_dcop_28.mtx,bfp4_lb,bfp4_lb,controlled_lossy_value_specialized,ok,none,accuracy_pass_runtime_loss,0.0142,0.0131,1.014085,0.633803,,16767,44576,bfp4,bfp4,false,0,0,false,0,spmv_max_rel,SKIP
adder_dcop_28.mtx,hybrid_lb,hybrid_lb,structural_hybrid,ok,none,promoted_fallback,0.0081,0.0068,1.777778,1.111111,,89968,,original,raw_double,false,,,1,0,exact_abs_or_rel,SKIP
adder_dcop_28.mtx,cusparse_default,cusparse_csr,external_baseline,ok,none,external_baseline,0.0144,0.0123,1.000000,0.625000,,89968,52240,original,original,false,,,true,0,exact_abs_or_rel,SKIP
adder_dcop_36.mtx,original_lb,original_lb,load_balanced_traversal,ok,none,promoted_fallback,0.0090,0.0072,1.633333,1.000000,,89968,44576,original,original,false,0,0,true,0,exact_abs_or_rel,SKIP
adder_dcop_36.mtx,auto_lossless_lb,original_lb,load_balanced_traversal,ok,none,promoted_fallback,0.0086,0.0064,1.709302,1.046512,,89968,44576,auto_lossless,original,true,5848,89968,true,0,exact_abs_or_rel,SKIP
adder_dcop_36.mtx,fp16_lb,fp16_lb,controlled_lossy_value_specialized,ok,none,accuracy_pass_runtime_loss,0.0098,0.0079,1.500000,0.918367,,22492,44576,fp16,fp16,false,0,0,false,0,spmv_max_rel,SKIP
adder_dcop_36.mtx,bf16_lb,bf16_lb,controlled_lossy_value_specialized,ok,none,accuracy_pass_runtime_loss,0.0099,0.0079,1.484848,0.909091,,22492,44576,bf16,bf16,false,0,0,false,0,spmv_max_rel,SKIP
adder_dcop_36.mtx,bfp8_lb,bfp8_lb,controlled_lossy_value_specialized,ok,none,accuracy_pass_runtime_loss,0.0102,0.0090,1.441176,0.882353,,22390,44576,bfp8,bfp8,false,0,0,false,0,spmv_max_rel,SKIP
adder_dcop_36.mtx,bfp8_outlier_lb,bfp8_outlier_lb,controlled_lossy_value_specialized,ok,none,accuracy_pass_runtime_loss,0.0120,0.0103,1.225000,0.750000,,23286,44576,bfp8_outlier,bfp8_outlier,false,0,0,false,0,spmv_max_rel,SKIP
adder_dcop_36.mtx,bfp4_lb,bfp4_lb,controlled_lossy_value_specialized,ok,none,accuracy_pass_runtime_loss,0.0148,0.0131,0.993243,0.608108,,16767,44576,bfp4,bfp4,false,0,0,false,0,spmv_max_rel,SKIP
adder_dcop_36.mtx,hybrid_lb,hybrid_lb,structural_hybrid,ok,none,promoted_fallback,0.0075,0.0057,1.960000,1.200000,,89968,,original,raw_double,false,,,1,0,exact_abs_or_rel,SKIP
adder_dcop_36.mtx,cusparse_default,cusparse_csr,external_baseline,ok,none,external_baseline,0.0147,0.0123,1.000000,0.612245,,89968,52240,original,original,false,,,true,0,exact_abs_or_rel,SKIP
adder_dcop_44.mtx,original_lb,original_lb,load_balanced_traversal,ok,none,promoted_fallback,0.0090,0.0078,1.577778,1.000000,,89960,44576,original,original,false,0,0,true,0,exact_abs_or_rel,SKIP
adder_dcop_44.mtx,auto_lossless_lb,original_lb,load_balanced_traversal,ok,none,promoted_fallback,0.0086,0.0069,1.651163,1.046512,,89960,44576,auto_lossless,original,true,4958,89960,true,0,exact_abs_or_rel,SKIP
adder_dcop_44.mtx,fp16_lb,fp16_lb,controlled_lossy_value_specialized,ok,none,accuracy_pass_runtime_loss,0.0101,0.0089,1.405941,0.891089,,22490,44576,fp16,fp16,false,0,0,false,0,spmv_max_rel,SKIP
adder_dcop_44.mtx,bf16_lb,bf16_lb,controlled_lossy_value_specialized,ok,none,accuracy_pass_runtime_loss,0.0097,0.0079,1.463918,0.927835,,22490,44576,bf16,bf16,false,0,0,false,0,spmv_max_rel,SKIP
adder_dcop_44.mtx,bfp8_lb,bfp8_lb,controlled_lossy_value_specialized,ok,none,accuracy_pass_runtime_loss,0.0103,0.0089,1.378641,0.873786,,22389,44576,bfp8,bfp8,false,0,0,false,0,spmv_max_rel,SKIP
adder_dcop_44.mtx,bfp8_outlier_lb,bfp8_outlier_lb,controlled_lossy_value_specialized,ok,none,accuracy_pass_runtime_loss,0.0121,0.0106,1.173554,0.743802,,23285,44576,bfp8_outlier,bfp8_outlier,false,0,0,false,0,spmv_max_rel,SKIP
adder_dcop_44.mtx,bfp4_lb,bfp4_lb,controlled_lossy_value_specialized,ok,none,accuracy_pass_runtime_loss,0.0140,0.0130,1.014286,0.642857,,16767,44576,bfp4,bfp4,false,0,0,false,0,spmv_max_rel,SKIP
adder_dcop_44.mtx,hybrid_lb,hybrid_lb,structural_hybrid,ok,none,promoted_fallback,0.0088,0.0077,1.613636,1.022727,,89960,,original,raw_double,false,,,1,0,exact_abs_or_rel,SKIP
adder_dcop_44.mtx,cusparse_default,cusparse_csr,external_baseline,ok,none,external_baseline,0.0142,0.0123,1.000000,0.633803,,89960,52236,original,original,false,,,true,0,exact_abs_or_rel,SKIP
adder_dcop_52.mtx,original_lb,original_lb,load_balanced_traversal,ok,none,promoted_fallback,0.0091,0.0072,1.571429,1.000000,,89968,44576,original,original,false,0,0,true,0,exact_abs_or_rel,SKIP
adder_dcop_52.mtx,auto_lossless_lb,original_lb,load_balanced_traversal,ok,none,promoted_fallback,0.0084,0.0072,1.702381,1.083333,,89968,44576,auto_lossless,original,true,4672,89968,true,0,exact_abs_or_rel,SKIP
adder_dcop_52.mtx,fp16_lb,fp16_lb,controlled_lossy_value_specialized,ok,none,accuracy_pass_runtime_loss,0.0100,0.0081,1.430000,0.910000,,22492,44576,fp16,fp16,false,0,0,false,0,spmv_max_rel,SKIP
adder_dcop_52.mtx,bf16_lb,bf16_lb,controlled_lossy_value_specialized,ok,none,accuracy_pass_runtime_loss,0.0100,0.0081,1.430000,0.910000,,22492,44576,bf16,bf16,false,0,0,false,0,spmv_max_rel,SKIP
adder_dcop_52.mtx,bfp8_lb,bfp8_lb,controlled_lossy_value_specialized,ok,none,accuracy_pass_runtime_loss,0.0102,0.0094,1.401961,0.892157,,22390,44576,bfp8,bfp8,false,0,0,false,0,spmv_max_rel,SKIP
adder_dcop_52.mtx,bfp8_outlier_lb,bfp8_outlier_lb,controlled_lossy_value_specialized,ok,none,accuracy_pass_runtime_loss,0.0122,0.0106,1.172131,0.745902,,23254,44576,bfp8_outlier,bfp8_outlier,false,0,0,false,0,spmv_max_rel,SKIP
adder_dcop_52.mtx,bfp4_lb,bfp4_lb,controlled_lossy_value_specialized,ok,none,accuracy_pass_runtime_loss,0.0145,0.0136,0.986207,0.627586,,16767,44576,bfp4,bfp4,false,0,0,false,0,spmv_max_rel,SKIP
adder_dcop_52.mtx,hybrid_lb,hybrid_lb,structural_hybrid,ok,none,promoted_fallback,0.0088,0.0064,1.625000,1.034091,,89968,,original,raw_double,false,,,1,0,exact_abs_or_rel,SKIP
adder_dcop_52.mtx,cusparse_default,cusparse_csr,external_baseline,ok,none,external_baseline,0.0143,0.0123,1.000000,0.636364,,89968,52240,original,original,false,,,true,0,exact_abs_or_rel,SKIP
adder_dcop_60.mtx,original_lb,original_lb,load_balanced_traversal,ok,none,promoted_fallback,0.0090,0.0070,1.588889,1.000000,,89968,44576,original,original,false,0,0,true,0,exact_abs_or_rel,SKIP
adder_dcop_60.mtx,auto_lossless_lb,original_lb,load_balanced_traversal,ok,none,promoted_fallback,0.0084,0.0062,1.702381,1.071429,,89968,44576,auto_lossless,original,true,3392,89968,true,0,exact_abs_or_rel,SKIP
adder_dcop_60.mtx,fp16_lb,fp16_lb,controlled_lossy_value_specialized,ok,none,accuracy_pass_runtime_loss,0.0099,0.0080,1.444444,0.909091,,22492,44576,fp16,fp16,false,0,0,false,0,spmv_max_rel,SKIP
adder_dcop_60.mtx,bf16_lb,bf16_lb,controlled_lossy_value_specialized,ok,none,accuracy_pass_runtime_loss,0.0096,0.0080,1.489583,0.937500,,22492,44576,bf16,bf16,false,0,0,false,0,spmv_max_rel,SKIP
adder_dcop_60.mtx,bfp8_lb,bfp8_lb,controlled_lossy_value_specialized,ok,none,accuracy_pass_runtime_loss,0.0102,0.0091,1.401961,0.882353,,22390,44576,bfp8,bfp8,false,0,0,false,0,spmv_max_rel,SKIP
adder_dcop_60.mtx,bfp8_outlier_lb,bfp8_outlier_lb,controlled_lossy_value_specialized,ok,none,accuracy_pass_runtime_loss,0.0116,0.0099,1.232759,0.775862,,23270,44576,bfp8_outlier,bfp8_outlier,false,0,0,false,0,spmv_max_rel,SKIP
adder_dcop_60.mtx,bfp4_lb,bfp4_lb,controlled_lossy_value_specialized,ok,none,accuracy_pass_runtime_loss,0.0142,0.0131,1.007042,0.633803,,16767,44576,bfp4,bfp4,false,0,0,false,0,spmv_max_rel,SKIP
adder_dcop_60.mtx,hybrid_lb,hybrid_lb,structural_hybrid,ok,none,promoted_fallback,0.0085,0.0069,1.682353,1.058824,,89968,,original,raw_double,false,,,1,0,exact_abs_or_rel,SKIP
adder_dcop_60.mtx,cusparse_default,cusparse_csr,external_baseline,ok,none,external_baseline,0.0143,0.0123,1.000000,0.629371,,89968,52240,original,original,false,,,true,0,exact_abs_or_rel,SKIP
adder_dcop_68.mtx,original_lb,original_lb,load_balanced_traversal,ok,none,promoted_fallback,0.0089,0.0068,1.685393,1.000000,,89968,44576,original,original,false,0,0,true,0,exact_abs_or_rel,SKIP
adder_dcop_68.mtx,auto_lossless_lb,original_lb,load_balanced_traversal,ok,none,promoted_fallback,0.0084,0.0069,1.785714,1.059524,,89968,44576,auto_lossless,original,true,3193,89968,true,0,exact_abs_or_rel,SKIP
adder_dcop_68.mtx,fp16_lb,fp16_lb,controlled_lossy_value_specialized,ok,none,accuracy_pass_runtime_loss,0.0101,0.0080,1.485149,0.881188,,22492,44576,fp16,fp16,false,0,0,false,0,spmv_max_rel,SKIP
adder_dcop_68.mtx,bf16_lb,bf16_lb,controlled_lossy_value_specialized,ok,none,accuracy_pass_runtime_loss,0.0100,0.0081,1.500000,0.890000,,22492,44576,bf16,bf16,false,0,0,false,0,spmv_max_rel,SKIP
adder_dcop_68.mtx,bfp8_lb,bfp8_lb,controlled_lossy_value_specialized,ok,none,accuracy_pass_runtime_loss,0.0102,0.0092,1.470588,0.872549,,22390,44576,bfp8,bfp8,false,0,0,false,0,spmv_max_rel,SKIP
adder_dcop_68.mtx,bfp8_outlier_lb,bfp8_outlier_lb,controlled_lossy_value_specialized,ok,none,accuracy_pass_runtime_loss,0.0123,0.0108,1.219512,0.723577,,23270,44576,bfp8_outlier,bfp8_outlier,false,0,0,false,0,spmv_max_rel,SKIP
adder_dcop_68.mtx,bfp4_lb,bfp4_lb,controlled_lossy_value_specialized,ok,none,accuracy_pass_runtime_loss,0.0140,0.0131,1.071429,0.635714,,16767,44576,bfp4,bfp4,false,0,0,false,0,spmv_max_rel,SKIP
adder_dcop_68.mtx,hybrid_lb,hybrid_lb,structural_hybrid,ok,none,promoted_fallback,0.0077,0.0058,1.948052,1.155844,,89968,,original,raw_double,false,,,1,0,exact_abs_or_rel,SKIP
adder_dcop_68.mtx,cusparse_default,cusparse_csr,external_baseline,ok,none,external_baseline,0.0150,0.0123,1.000000,0.593333,,89968,52240,original,original,false,,,true,0,exact_abs_or_rel,SKIP
air03.mtx,original_lb,original_lb,load_balanced_traversal,ok,none,promoted_fallback,0.0099,0.0084,1.474747,1.000000,,728224,138408,original,original,false,0,0,true,0,exact_abs_or_rel,SKIP
air03.mtx,auto_lossless_lb,all_one_lb,lossless_value_specialized,ok,none,accuracy_pass_runtime_loss,0.0103,0.0093,1.417476,0.961165,,0,138408,auto_lossless,all_one,true,1,0,true,0,exact_abs_or_rel,SKIP
air03.mtx,fp16_lb,fp16_lb,controlled_lossy_value_specialized,ok,none,accuracy_pass_runtime_loss,0.0105,0.0086,1.390476,0.942857,,182056,138408,fp16,fp16,false,0,0,false,0,spmv_max_rel,SKIP
air03.mtx,bf16_lb,bf16_lb,controlled_lossy_value_specialized,ok,none,accuracy_pass_runtime_loss,0.0101,0.0082,1.445545,0.980198,,182056,138408,bf16,bf16,false,0,0,false,0,spmv_max_rel,SKIP
air03.mtx,bfp8_lb,bfp8_lb,controlled_lossy_value_specialized,ok,none,accuracy_pass_runtime_loss,0.0114,0.0108,1.280702,0.868421,,125630,138408,bfp8,bfp8,false,0,0,false,0,spmv_max_rel,SKIP
air03.mtx,bfp8_outlier_lb,bfp8_outlier_lb,controlled_lossy_value_specialized,ok,none,accuracy_pass_runtime_loss,0.0117,0.0102,1.247863,0.846154,,125630,138408,bfp8_outlier,bfp8_outlier,false,0,0,false,0,spmv_max_rel,SKIP
air03.mtx,bfp4_lb,bfp4_lb,controlled_lossy_value_specialized,ok,none,accuracy_pass_runtime_loss,0.0147,0.0141,0.993197,0.673469,,80116,138408,bfp4,bfp4,false,0,0,false,0,spmv_max_rel,SKIP
air03.mtx,hybrid_lb,hybrid_lb,structural_hybrid,ok,none,promoted_fallback,0.0128,0.0105,1.140625,0.773438,,728224,,original,raw_double,false,,,1,0,exact_abs_or_rel,SKIP
air03.mtx,cusparse_default,cusparse_csr,external_baseline,ok,none,external_baseline,0.0146,0.0102,1.000000,0.678082,,728224,364612,original,original,false,,,true,0,exact_abs_or_rel,SKIP
as-735_G_006.mtx,original_lb,original_lb,load_balanced_traversal,ok,none,promoted_fallback,0.0089,0.0072,1.808989,1.000000,,85048,68496,original,original,false,0,0,true,0,exact_abs_or_rel,SKIP
as-735_G_006.mtx,auto_lossless_lb,all_one_lb,lossless_value_specialized,ok,none,accuracy_pass_runtime_win,0.0087,0.0066,1.850575,1.022989,,0,68496,auto_lossless,all_one,true,1,0,true,0,exact_abs_or_rel,SKIP
as-735_G_006.mtx,fp16_lb,fp16_lb,controlled_lossy_value_specialized,ok,none,accuracy_pass_runtime_loss,0.0092,0.0075,1.750000,0.967391,,21262,68496,fp16,fp16,false,0,0,false,0,spmv_max_rel,SKIP
as-735_G_006.mtx,bf16_lb,bf16_lb,controlled_lossy_value_specialized,ok,none,accuracy_pass_runtime_loss,0.0092,0.0075,1.750000,0.967391,,21262,68496,bf16,bf16,false,0,0,false,0,spmv_max_rel,SKIP
as-735_G_006.mtx,bfp8_lb,bfp8_lb,controlled_lossy_value_specialized,ok,none,accuracy_pass_runtime_loss,0.0098,0.0089,1.642857,0.908163,,27755,68496,bfp8,bfp8,false,0,0,false,0,spmv_max_rel,SKIP
as-735_G_006.mtx,bfp8_outlier_lb,bfp8_outlier_lb,controlled_lossy_value_specialized,ok,none,accuracy_pass_runtime_loss,0.0099,0.0089,1.626263,0.898990,,27755,68496,bfp8_outlier,bfp8_outlier,false,0,0,false,0,spmv_max_rel,SKIP
as-735_G_006.mtx,bfp4_lb,bfp4_lb,controlled_lossy_value_specialized,ok,none,accuracy_pass_runtime_loss,0.0152,0.0132,1.059211,0.585526,,22440,68496,bfp4,bfp4,false,0,0,false,0,spmv_max_rel,SKIP
as-735_G_006.mtx,hybrid_lb,hybrid_lb,structural_hybrid,ok,none,promoted_fallback,0.0093,0.0076,1.731183,0.956989,,85048,,original,raw_double,false,,,1,0,exact_abs_or_rel,SKIP
as-735_G_006.mtx,cusparse_default,cusparse_csr,external_baseline,ok,none,external_baseline,0.0161,0.0123,1.000000,0.552795,,85048,73392,original,original,false,,,true,0,exact_abs_or_rel,SKIP
as-735_G_014.mtx,original_lb,original_lb,load_balanced_traversal,ok,none,promoted_fallback,0.0090,0.0076,1.777778,1.000000,,87592,70008,original,original,false,0,0,true,0,exact_abs_or_rel,SKIP
as-735_G_014.mtx,auto_lossless_lb,all_one_lb,lossless_value_specialized,ok,none,accuracy_pass_runtime_win,0.0084,0.0071,1.904762,1.071429,,0,70008,auto_lossless,all_one,true,1,0,true,0,exact_abs_or_rel,SKIP
as-735_G_014.mtx,fp16_lb,fp16_lb,controlled_lossy_value_specialized,ok,none,accuracy_pass_runtime_loss,0.0101,0.0080,1.584158,0.891089,,21898,70008,fp16,fp16,false,0,0,false,0,spmv_max_rel,SKIP
as-735_G_014.mtx,bf16_lb,bf16_lb,controlled_lossy_value_specialized,ok,none,accuracy_pass_runtime_loss,0.0102,0.0083,1.568627,0.882353,,21898,70008,bf16,bf16,false,0,0,false,0,spmv_max_rel,SKIP
as-735_G_014.mtx,bfp8_lb,bfp8_lb,controlled_lossy_value_specialized,ok,none,accuracy_pass_runtime_loss,0.0091,0.0083,1.758242,0.989011,,28451,70008,bfp8,bfp8,false,0,0,false,0,spmv_max_rel,SKIP
as-735_G_014.mtx,bfp8_outlier_lb,bfp8_outlier_lb,controlled_lossy_value_specialized,ok,none,accuracy_pass_runtime_loss,0.0094,0.0083,1.702128,0.957447,,28451,70008,bfp8_outlier,bfp8_outlier,false,0,0,false,0,spmv_max_rel,SKIP
as-735_G_014.mtx,bfp4_lb,bfp4_lb,controlled_lossy_value_specialized,ok,none,accuracy_pass_runtime_loss,0.0136,0.0130,1.176471,0.661765,,22977,70008,bfp4,bfp4,false,0,0,false,0,spmv_max_rel,SKIP
as-735_G_014.mtx,hybrid_lb,hybrid_lb,structural_hybrid,ok,none,promoted_fallback,0.0098,0.0088,1.632653,0.918367,,87592,,original,raw_double,false,,,1,0,exact_abs_or_rel,SKIP
as-735_G_014.mtx,cusparse_default,cusparse_csr,external_baseline,ok,none,external_baseline,0.0160,0.0123,1.000000,0.562500,,87592,74664,original,original,false,,,true,0,exact_abs_or_rel,SKIP
as-735_G_022.mtx,original_lb,original_lb,load_balanced_traversal,ok,none,promoted_fallback,0.0107,0.0092,1.485981,1.000000,,88608,71024,original,original,false,0,0,true,0,exact_abs_or_rel,SKIP
as-735_G_022.mtx,auto_lossless_lb,all_one_lb,lossless_value_specialized,ok,none,accuracy_pass_runtime_win,0.0092,0.0075,1.728261,1.163043,,0,71024,auto_lossless,all_one,true,1,0,true,0,exact_abs_or_rel,SKIP
as-735_G_022.mtx,fp16_lb,fp16_lb,controlled_lossy_value_specialized,ok,none,accuracy_pass_runtime_win,0.0104,0.0087,1.528846,1.028846,,22152,71024,fp16,fp16,false,0,0,false,0,spmv_max_rel,SKIP
as-735_G_022.mtx,bf16_lb,bf16_lb,controlled_lossy_value_specialized,ok,none,accuracy_pass_runtime_loss,0.0108,0.0089,1.472222,0.990741,,22152,71024,bf16,bf16,false,0,0,false,0,spmv_max_rel,SKIP
as-735_G_022.mtx,bfp8_lb,bfp8_lb,controlled_lossy_value_specialized,ok,none,accuracy_pass_runtime_loss,0.0114,0.0103,1.394737,0.938596,,28832,71024,bfp8,bfp8,false,0,0,false,0,spmv_max_rel,SKIP
as-735_G_022.mtx,bfp8_outlier_lb,bfp8_outlier_lb,controlled_lossy_value_specialized,ok,none,accuracy_pass_runtime_loss,0.0110,0.0089,1.445455,0.972727,,28832,71024,bfp8_outlier,bfp8_outlier,false,0,0,false,0,spmv_max_rel,SKIP
as-735_G_022.mtx,bfp4_lb,bfp4_lb,controlled_lossy_value_specialized,ok,none,accuracy_pass_runtime_loss,0.0146,0.0132,1.089041,0.732877,,23294,71024,bfp4,bfp4,false,0,0,false,0,spmv_max_rel,SKIP
as-735_G_022.mtx,hybrid_lb,hybrid_lb,structural_hybrid,ok,none,promoted_fallback,0.0105,0.0087,1.514286,1.019048,,88608,,original,raw_double,false,,,1,0,exact_abs_or_rel,SKIP
as-735_G_022.mtx,cusparse_default,cusparse_csr,external_baseline,ok,none,external_baseline,0.0159,0.0123,1.000000,0.672956,,88608,75172,original,original,false,,,true,0,exact_abs_or_rel,SKIP
as-735_G_030.mtx,original_lb,original_lb,load_balanced_traversal,ok,none,promoted_fallback,0.0095,0.0077,1.673684,1.000000,,92824,74392,original,original,false,0,0,true,0,exact_abs_or_rel,SKIP
as-735_G_030.mtx,auto_lossless_lb,all_one_lb,lossless_value_specialized,ok,none,accuracy_pass_runtime_win,0.0085,0.0068,1.870588,1.117647,,0,74392,auto_lossless,all_one,true,1,0,true,0,exact_abs_or_rel,SKIP
as-735_G_030.mtx,fp16_lb,fp16_lb,controlled_lossy_value_specialized,ok,none,accuracy_pass_runtime_loss,0.0102,0.0089,1.558824,0.931373,,23206,74392,fp16,fp16,false,0,0,false,0,spmv_max_rel,SKIP
as-735_G_030.mtx,bf16_lb,bf16_lb,controlled_lossy_value_specialized,ok,none,accuracy_pass_runtime_loss,0.0097,0.0080,1.639175,0.979381,,23206,74392,bf16,bf16,false,0,0,false,0,spmv_max_rel,SKIP
as-735_G_030.mtx,bfp8_lb,bfp8_lb,controlled_lossy_value_specialized,ok,none,accuracy_pass_runtime_loss,0.0114,0.0106,1.394737,0.833333,,30201,74392,bfp8,bfp8,false,0,0,false,0,spmv_max_rel,SKIP
as-735_G_030.mtx,bfp8_outlier_lb,bfp8_outlier_lb,controlled_lossy_value_specialized,ok,none,accuracy_pass_runtime_loss,0.0119,0.0105,1.336134,0.798319,,30201,74392,bfp8_outlier,bfp8_outlier,false,0,0,false,0,spmv_max_rel,SKIP
as-735_G_030.mtx,bfp4_lb,bfp4_lb,controlled_lossy_value_specialized,ok,none,accuracy_pass_runtime_loss,0.0151,0.0139,1.052980,0.629139,,24400,74392,bfp4,bfp4,false,0,0,false,0,spmv_max_rel,SKIP
as-735_G_030.mtx,hybrid_lb,hybrid_lb,structural_hybrid,ok,none,promoted_fallback,0.0100,0.0090,1.590000,0.950000,,92824,,original,raw_double,false,,,1,0,exact_abs_or_rel,SKIP
as-735_G_030.mtx,cusparse_default,cusparse_csr,external_baseline,ok,none,external_baseline,0.0159,0.0123,1.000000,0.597484,,92824,77280,original,original,false,,,true,0,exact_abs_or_rel,SKIP
as-735_G_038.mtx,original_lb,original_lb,load_balanced_traversal,ok,none,promoted_fallback,0.0089,0.0070,1.842697,1.000000,,93592,74904,original,original,false,0,0,true,0,exact_abs_or_rel,SKIP
as-735_G_038.mtx,auto_lossless_lb,all_one_lb,lossless_value_specialized,ok,none,accuracy_pass_runtime_loss,0.0091,0.0076,1.802198,0.978022,,0,74904,auto_lossless,all_one,true,1,0,true,0,exact_abs_or_rel,SKIP
as-735_G_038.mtx,fp16_lb,fp16_lb,controlled_lossy_value_specialized,ok,none,accuracy_pass_runtime_loss,0.0095,0.0092,1.726316,0.936842,,23398,74904,fp16,fp16,false,0,0,false,0,spmv_max_rel,SKIP
as-735_G_038.mtx,bf16_lb,bf16_lb,controlled_lossy_value_specialized,ok,none,accuracy_pass_runtime_loss,0.0100,0.0096,1.640000,0.890000,,23398,74904,bf16,bf16,false,0,0,false,0,spmv_max_rel,SKIP
as-735_G_038.mtx,bfp8_lb,bfp8_lb,controlled_lossy_value_specialized,ok,none,accuracy_pass_runtime_loss,0.0101,0.0097,1.623762,0.881188,,30425,74904,bfp8,bfp8,false,0,0,false,0,spmv_max_rel,SKIP
as-735_G_038.mtx,bfp8_outlier_lb,bfp8_outlier_lb,controlled_lossy_value_specialized,ok,none,accuracy_pass_runtime_loss,0.0124,0.0109,1.322581,0.717742,,30425,74904,bfp8_outlier,bfp8_outlier,false,0,0,false,0,spmv_max_rel,SKIP
as-735_G_038.mtx,bfp4_lb,bfp4_lb,controlled_lossy_value_specialized,ok,none,accuracy_pass_runtime_loss,0.0140,0.0128,1.171429,0.635714,,24576,74904,bfp4,bfp4,false,0,0,false,0,spmv_max_rel,SKIP
as-735_G_038.mtx,hybrid_lb,hybrid_lb,structural_hybrid,ok,none,promoted_fallback,0.0123,0.0107,1.333333,0.723577,,93592,,original,raw_double,false,,,1,0,exact_abs_or_rel,SKIP
as-735_G_038.mtx,cusparse_default,cusparse_csr,external_baseline,ok,none,external_baseline,0.0164,0.0123,1.000000,0.542683,,93592,77664,original,original,false,,,true,0,exact_abs_or_rel,SKIP
as-735_G_046.mtx,original_lb,original_lb,load_balanced_traversal,ok,none,promoted_fallback,0.0097,0.0081,1.587629,1.000000,,94584,75752,original,original,false,0,0,true,0,exact_abs_or_rel,SKIP
as-735_G_046.mtx,auto_lossless_lb,all_one_lb,lossless_value_specialized,ok,none,accuracy_pass_runtime_win,0.0090,0.0079,1.711111,1.077778,,0,75752,auto_lossless,all_one,true,1,0,true,0,exact_abs_or_rel,SKIP
as-735_G_046.mtx,fp16_lb,fp16_lb,controlled_lossy_value_specialized,ok,none,accuracy_pass_runtime_win,0.0093,0.0080,1.655914,1.043011,,23646,75752,fp16,fp16,false,0,0,false,0,spmv_max_rel,SKIP
as-735_G_046.mtx,bf16_lb,bf16_lb,controlled_lossy_value_specialized,ok,none,accuracy_pass_runtime_loss,0.0097,0.0087,1.587629,1.000000,,23646,75752,bf16,bf16,false,0,0,false,0,spmv_max_rel,SKIP
as-735_G_046.mtx,bfp8_lb,bfp8_lb,controlled_lossy_value_specialized,ok,none,accuracy_pass_runtime_loss,0.0103,0.0087,1.495146,0.941748,,30761,75752,bfp8,bfp8,false,0,0,false,0,spmv_max_rel,SKIP
as-735_G_046.mtx,bfp8_outlier_lb,bfp8_outlier_lb,controlled_lossy_value_specialized,ok,none,accuracy_pass_runtime_loss,0.0110,0.0090,1.400000,0.881818,,30761,75752,bfp8_outlier,bfp8_outlier,false,0,0,false,0,spmv_max_rel,SKIP
as-735_G_046.mtx,bfp4_lb,bfp4_lb,controlled_lossy_value_specialized,ok,none,accuracy_pass_runtime_loss,0.0154,0.0134,1.000000,0.629870,,24850,75752,bfp4,bfp4,false,0,0,false,0,spmv_max_rel,SKIP
as-735_G_046.mtx,hybrid_lb,hybrid_lb,structural_hybrid,ok,none,promoted_fallback,0.0106,0.0085,1.452830,0.915094,,94584,,original,raw_double,false,,,1,0,exact_abs_or_rel,SKIP
as-735_G_046.mtx,cusparse_default,cusparse_csr,external_baseline,ok,none,external_baseline,0.0154,0.0123,1.000000,0.629870,,94584,78160,original,original,false,,,true,0,exact_abs_or_rel,SKIP
as-735_G_054.mtx,original_lb,original_lb,load_balanced_traversal,ok,none,promoted_fallback,0.0091,0.0073,1.758242,1.000000,,94672,75776,original,original,false,0,0,true,0,exact_abs_or_rel,SKIP
as-735_G_054.mtx,auto_lossless_lb,all_one_lb,lossless_value_specialized,ok,none,accuracy_pass_runtime_loss,0.0101,0.0089,1.584158,0.900990,,0,75776,auto_lossless,all_one,true,1,0,true,0,exact_abs_or_rel,SKIP
as-735_G_054.mtx,fp16_lb,fp16_lb,controlled_lossy_value_specialized,ok,none,accuracy_pass_runtime_loss,0.0096,0.0082,1.666667,0.947917,,23668,75776,fp16,fp16,false,0,0,false,0,spmv_max_rel,SKIP
as-735_G_054.mtx,bf16_lb,bf16_lb,controlled_lossy_value_specialized,ok,none,accuracy_pass_runtime_loss,0.0094,0.0075,1.702128,0.968085,,23668,75776,bf16,bf16,false,0,0,false,0,spmv_max_rel,SKIP
as-735_G_054.mtx,bfp8_lb,bfp8_lb,controlled_lossy_value_specialized,ok,none,accuracy_pass_runtime_loss,0.0105,0.0096,1.523810,0.866667,,30778,75776,bfp8,bfp8,false,0,0,false,0,spmv_max_rel,SKIP
as-735_G_054.mtx,bfp8_outlier_lb,bfp8_outlier_lb,controlled_lossy_value_specialized,ok,none,accuracy_pass_runtime_loss,0.0104,0.0094,1.538462,0.875000,,30778,75776,bfp8_outlier,bfp8_outlier,false,0,0,false,0,spmv_max_rel,SKIP
as-735_G_054.mtx,bfp4_lb,bfp4_lb,controlled_lossy_value_specialized,ok,none,accuracy_pass_runtime_loss,0.0154,0.0133,1.038961,0.590909,,24861,75776,bfp4,bfp4,false,0,0,false,0,spmv_max_rel,SKIP
as-735_G_054.mtx,hybrid_lb,hybrid_lb,structural_hybrid,ok,none,promoted_fallback,0.0110,0.0089,1.454545,0.827273,,94672,,original,raw_double,false,,,1,0,exact_abs_or_rel,SKIP
as-735_G_054.mtx,cusparse_default,cusparse_csr,external_baseline,ok,none,external_baseline,0.0160,0.0123,1.000000,0.568750,,94672,78204,original,original,false,,,true,0,exact_abs_or_rel,SKIP
as-735_G_062.mtx,original_lb,original_lb,load_balanced_traversal,ok,none,promoted_fallback,0.0089,0.0071,1.775281,1.000000,,94456,75872,original,original,false,0,0,true,0,exact_abs_or_rel,SKIP
as-735_G_062.mtx,auto_lossless_lb,all_one_lb,lossless_value_specialized,ok,none,accuracy_pass_runtime_loss,0.0094,0.0082,1.680851,0.946809,,0,75872,auto_lossless,all_one,true,1,0,true,0,exact_abs_or_rel,SKIP
as-735_G_062.mtx,fp16_lb,fp16_lb,controlled_lossy_value_specialized,ok,none,accuracy_pass_runtime_loss,0.0097,0.0081,1.628866,0.917526,,23614,75872,fp16,fp16,false,0,0,false,0,spmv_max_rel,SKIP
as-735_G_062.mtx,bf16_lb,bf16_lb,controlled_lossy_value_specialized,ok,none,accuracy_pass_runtime_loss,0.0103,0.0090,1.533981,0.864078,,23614,75872,bf16,bf16,false,0,0,false,0,spmv_max_rel,SKIP
as-735_G_062.mtx,bfp8_lb,bfp8_lb,controlled_lossy_value_specialized,ok,none,accuracy_pass_runtime_loss,0.0103,0.0094,1.533981,0.864078,,30775,75872,bfp8,bfp8,false,0,0,false,0,spmv_max_rel,SKIP
as-735_G_062.mtx,bfp8_outlier_lb,bfp8_outlier_lb,controlled_lossy_value_specialized,ok,none,accuracy_pass_runtime_loss,0.0109,0.0090,1.449541,0.816514,,30775,75872,bfp8_outlier,bfp8_outlier,false,0,0,false,0,spmv_max_rel,SKIP
as-735_G_062.mtx,bfp4_lb,bfp4_lb,controlled_lossy_value_specialized,ok,none,accuracy_pass_runtime_loss,0.0158,0.0149,1.000000,0.563291,,24872,75872,bfp4,bfp4,false,0,0,false,0,spmv_max_rel,SKIP
as-735_G_062.mtx,hybrid_lb,hybrid_lb,structural_hybrid,ok,none,promoted_fallback,0.0105,0.0097,1.504762,0.847619,,94456,,original,raw_double,false,,,1,0,exact_abs_or_rel,SKIP
as-735_G_062.mtx,cusparse_default,cusparse_csr,external_baseline,ok,none,external_baseline,0.0158,0.0123,1.000000,0.563291,,94456,78096,original,original,false,,,true,0,exact_abs_or_rel,SKIP
as-735_G_070.mtx,original_lb,original_lb,load_balanced_traversal,ok,none,promoted_fallback,0.0088,0.0072,1.829545,1.000000,,95304,76376,original,original,false,0,0,true,0,exact_abs_or_rel,SKIP
as-735_G_070.mtx,auto_lossless_lb,all_one_lb,lossless_value_specialized,ok,none,accuracy_pass_runtime_loss,0.0090,0.0074,1.788889,0.977778,,0,76376,auto_lossless,all_one,true,1,0,true,0,exact_abs_or_rel,SKIP
as-735_G_070.mtx,fp16_lb,fp16_lb,controlled_lossy_value_specialized,ok,none,accuracy_pass_runtime_loss,0.0094,0.0083,1.712766,0.936170,,23826,76376,fp16,fp16,false,0,0,false,0,spmv_max_rel,SKIP
as-735_G_070.mtx,bf16_lb,bf16_lb,controlled_lossy_value_specialized,ok,none,accuracy_pass_runtime_loss,0.0095,0.0082,1.694737,0.926316,,23826,76376,bf16,bf16,false,0,0,false,0,spmv_max_rel,SKIP
as-735_G_070.mtx,bfp8_lb,bfp8_lb,controlled_lossy_value_specialized,ok,none,accuracy_pass_runtime_loss,0.0091,0.0087,1.769231,0.967033,,31007,76376,bfp8,bfp8,false,0,0,false,0,spmv_max_rel,SKIP
as-735_G_070.mtx,bfp8_outlier_lb,bfp8_outlier_lb,controlled_lossy_value_specialized,ok,none,accuracy_pass_runtime_loss,0.0091,0.0083,1.769231,0.967033,,31007,76376,bfp8_outlier,bfp8_outlier,false,0,0,false,0,spmv_max_rel,SKIP
as-735_G_070.mtx,bfp4_lb,bfp4_lb,controlled_lossy_value_specialized,ok,none,accuracy_pass_runtime_loss,0.0146,0.0138,1.102740,0.602740,,25051,76376,bfp4,bfp4,false,0,0,false,0,spmv_max_rel,SKIP
as-735_G_070.mtx,hybrid_lb,hybrid_lb,structural_hybrid,ok,none,promoted_fallback,0.0106,0.0083,1.518868,0.830189,,95304,,original,raw_double,false,,,1,0,exact_abs_or_rel,SKIP
as-735_G_070.mtx,cusparse_default,cusparse_csr,external_baseline,ok,none,external_baseline,0.0161,0.0123,1.000000,0.546584,,95304,78520,original,original,false,,,true,0,exact_abs_or_rel,SKIP
as-735_G_078.mtx,original_lb,original_lb,load_balanced_traversal,ok,none,promoted_fallback,0.0089,0.0071,1.775281,1.000000,,96640,77424,original,original,false,0,0,true,0,exact_abs_or_rel,SKIP
as-735_G_078.mtx,auto_lossless_lb,all_one_lb,lossless_value_specialized,ok,none,accuracy_pass_runtime_loss,0.0093,0.0074,1.698925,0.956989,,0,77424,auto_lossless,all_one,true,1,0,true,0,exact_abs_or_rel,SKIP
as-735_G_078.mtx,fp16_lb,fp16_lb,controlled_lossy_value_specialized,ok,none,accuracy_pass_runtime_loss,0.0095,0.0084,1.663158,0.936842,,24160,77424,fp16,fp16,false,0,0,false,0,spmv_max_rel,SKIP
as-735_G_078.mtx,bf16_lb,bf16_lb,controlled_lossy_value_specialized,ok,none,accuracy_pass_runtime_loss,0.0091,0.0085,1.736264,0.978022,,24160,77424,bf16,bf16,false,0,0,false,0,spmv_max_rel,SKIP
as-735_G_078.mtx,bfp8_lb,bfp8_lb,controlled_lossy_value_specialized,ok,none,accuracy_pass_runtime_loss,0.0100,0.0087,1.580000,0.890000,,31436,77424,bfp8,bfp8,false,0,0,false,0,spmv_max_rel,SKIP
as-735_G_078.mtx,bfp8_outlier_lb,bfp8_outlier_lb,controlled_lossy_value_specialized,ok,none,accuracy_pass_runtime_loss,0.0095,0.0087,1.663158,0.936842,,31436,77424,bfp8_outlier,bfp8_outlier,false,0,0,false,0,spmv_max_rel,SKIP
as-735_G_078.mtx,bfp4_lb,bfp4_lb,controlled_lossy_value_specialized,ok,none,accuracy_pass_runtime_loss,0.0153,0.0136,1.032680,0.581699,,25396,77424,bfp4,bfp4,false,0,0,false,0,spmv_max_rel,SKIP
as-735_G_078.mtx,hybrid_lb,hybrid_lb,structural_hybrid,ok,none,promoted_fallback,0.0103,0.0085,1.533981,0.864078,,96640,,original,raw_double,false,,,1,0,exact_abs_or_rel,SKIP
as-735_G_078.mtx,cusparse_default,cusparse_csr,external_baseline,ok,none,external_baseline,0.0158,0.0123,1.000000,0.563291,,96640,79188,original,original,false,,,true,0,exact_abs_or_rel,SKIP
as-735_G_086.mtx,original_lb,original_lb,load_balanced_traversal,ok,none,promoted_fallback,0.0096,0.0077,1.552083,1.000000,,97880,78432,original,original,false,0,0,true,0,exact_abs_or_rel,SKIP
as-735_G_086.mtx,auto_lossless_lb,all_one_lb,lossless_value_specialized,ok,none,accuracy_pass_runtime_win,0.0095,0.0078,1.568421,1.010526,,0,78432,auto_lossless,all_one,true,1,0,true,0,exact_abs_or_rel,SKIP
as-735_G_086.mtx,fp16_lb,fp16_lb,controlled_lossy_value_specialized,ok,none,accuracy_pass_runtime_loss,0.0101,0.0080,1.475248,0.950495,,24470,78432,fp16,fp16,false,0,0,false,0,spmv_max_rel,SKIP
as-735_G_086.mtx,bf16_lb,bf16_lb,controlled_lossy_value_specialized,ok,none,accuracy_pass_runtime_loss,0.0099,0.0080,1.505051,0.969697,,24470,78432,bf16,bf16,false,0,0,false,0,spmv_max_rel,SKIP
as-735_G_086.mtx,bfp8_lb,bfp8_lb,controlled_lossy_value_specialized,ok,none,accuracy_pass_runtime_loss,0.0109,0.0091,1.366972,0.880734,,31843,78432,bfp8,bfp8,false,0,0,false,0,spmv_max_rel,SKIP
as-735_G_086.mtx,bfp8_outlier_lb,bfp8_outlier_lb,controlled_lossy_value_specialized,ok,none,accuracy_pass_runtime_loss,0.0110,0.0091,1.354545,0.872727,,31843,78432,bfp8_outlier,bfp8_outlier,false,0,0,false,0,spmv_max_rel,SKIP
as-735_G_086.mtx,bfp4_lb,bfp4_lb,controlled_lossy_value_specialized,ok,none,accuracy_pass_runtime_loss,0.0142,0.0130,1.049296,0.676056,,25726,78432,bfp4,bfp4,false,0,0,false,0,spmv_max_rel,SKIP
as-735_G_086.mtx,hybrid_lb,hybrid_lb,structural_hybrid,ok,none,promoted_fallback,0.0100,0.0090,1.490000,0.960000,,97880,,original,raw_double,false,,,1,0,exact_abs_or_rel,SKIP
as-735_G_086.mtx,cusparse_default,cusparse_csr,external_baseline,ok,none,external_baseline,0.0149,0.0123,1.000000,0.644295,,97880,79808,original,original,false,,,true,0,exact_abs_or_rel,SKIP
as-735_G_094.mtx,original_lb,original_lb,load_balanced_traversal,ok,none,promoted_fallback,0.0093,0.0086,1.720430,1.000000,,99432,79432,original,original,false,0,0,true,0,exact_abs_or_rel,SKIP
as-735_G_094.mtx,auto_lossless_lb,all_one_lb,lossless_value_specialized,ok,none,accuracy_pass_runtime_loss,0.0108,0.0092,1.481481,0.861111,,0,79432,auto_lossless,all_one,true,1,0,true,0,exact_abs_or_rel,SKIP
as-735_G_094.mtx,fp16_lb,fp16_lb,controlled_lossy_value_specialized,ok,none,accuracy_pass_runtime_loss,0.0102,0.0097,1.568627,0.911765,,24858,79432,fp16,fp16,false,0,0,false,0,spmv_max_rel,SKIP
as-735_G_094.mtx,bf16_lb,bf16_lb,controlled_lossy_value_specialized,ok,none,accuracy_pass_runtime_loss,0.0098,0.0079,1.632653,0.948980,,24858,79432,bf16,bf16,false,0,0,false,0,spmv_max_rel,SKIP
as-735_G_094.mtx,bfp8_lb,bfp8_lb,controlled_lossy_value_specialized,ok,none,accuracy_pass_runtime_loss,0.0105,0.0099,1.523810,0.885714,,32287,79432,bfp8,bfp8,false,0,0,false,0,spmv_max_rel,SKIP
as-735_G_094.mtx,bfp8_outlier_lb,bfp8_outlier_lb,controlled_lossy_value_specialized,ok,none,accuracy_pass_runtime_loss,0.0102,0.0091,1.568627,0.911765,,32287,79432,bfp8_outlier,bfp8_outlier,false,0,0,false,0,spmv_max_rel,SKIP
as-735_G_094.mtx,bfp4_lb,bfp4_lb,controlled_lossy_value_specialized,ok,none,accuracy_pass_runtime_loss,0.0142,0.0125,1.126761,0.654930,,26073,79432,bfp4,bfp4,false,0,0,false,0,spmv_max_rel,SKIP
as-735_G_094.mtx,hybrid_lb,hybrid_lb,structural_hybrid,ok,none,promoted_fallback,0.0096,0.0085,1.666667,0.968750,,99432,,original,raw_double,false,,,1,0,exact_abs_or_rel,SKIP
as-735_G_094.mtx,cusparse_default,cusparse_csr,external_baseline,ok,none,external_baseline,0.0160,0.0123,1.000000,0.581250,,99432,80584,original,original,false,,,true,0,exact_abs_or_rel,SKIP
as-735_G_102.mtx,original_lb,original_lb,load_balanced_traversal,ok,none,promoted_fallback,0.0100,0.0090,1.590000,1.000000,,100192,80000,original,original,false,0,0,true,0,exact_abs_or_rel,SKIP
as-735_G_102.mtx,auto_lossless_lb,all_one_lb,lossless_value_specialized,ok,none,accuracy_pass_runtime_win,0.0096,0.0077,1.656250,1.041667,,0,80000,auto_lossless,all_one,true,1,0,true,0,exact_abs_or_rel,SKIP
as-735_G_102.mtx,fp16_lb,fp16_lb,controlled_lossy_value_specialized,ok,none,accuracy_pass_runtime_win,0.0095,0.0075,1.673684,1.052632,,25048,80000,fp16,fp16,false,0,0,false,0,spmv_max_rel,SKIP
as-735_G_102.mtx,bf16_lb,bf16_lb,controlled_lossy_value_specialized,ok,none,accuracy_pass_runtime_win,0.0091,0.0079,1.747253,1.098901,,25048,80000,bf16,bf16,false,0,0,false,0,spmv_max_rel,SKIP
as-735_G_102.mtx,bfp8_lb,bfp8_lb,controlled_lossy_value_specialized,ok,none,accuracy_pass_runtime_loss,0.0103,0.0091,1.543689,0.970874,,32524,80000,bfp8,bfp8,false,0,0,false,0,spmv_max_rel,SKIP
as-735_G_102.mtx,bfp8_outlier_lb,bfp8_outlier_lb,controlled_lossy_value_specialized,ok,none,accuracy_pass_runtime_loss,0.0109,0.0101,1.458716,0.917431,,32524,80000,bfp8_outlier,bfp8_outlier,false,0,0,false,0,spmv_max_rel,SKIP
as-735_G_102.mtx,bfp4_lb,bfp4_lb,controlled_lossy_value_specialized,ok,none,accuracy_pass_runtime_loss,0.0148,0.0130,1.074324,0.675676,,26262,80000,bfp4,bfp4,false,0,0,false,0,spmv_max_rel,SKIP
as-735_G_102.mtx,hybrid_lb,hybrid_lb,structural_hybrid,ok,none,promoted_fallback,0.0102,0.0083,1.558824,0.980392,,100192,,original,raw_double,false,,,1,0,exact_abs_or_rel,SKIP
as-735_G_102.mtx,cusparse_default,cusparse_csr,external_baseline,ok,none,external_baseline,0.0159,0.0123,1.000000,0.628931,,100192,80964,original,original,false,,,true,0,exact_abs_or_rel,SKIP
as-735_G_110.mtx,original_lb,original_lb,load_balanced_traversal,ok,none,promoted_fallback,0.0095,0.0080,1.684211,1.000000,,102000,81432,original,original,false,0,0,true,0,exact_abs_or_rel,SKIP
as-735_G_110.mtx,auto_lossless_lb,all_one_lb,lossless_value_specialized,ok,none,accuracy_pass_runtime_win,0.0092,0.0072,1.739130,1.032609,,0,81432,auto_lossless,all_one,true,1,0,true,0,exact_abs_or_rel,SKIP
as-735_G_110.mtx,fp16_lb,fp16_lb,controlled_lossy_value_specialized,ok,none,accuracy_pass_runtime_loss,0.0096,0.0082,1.666667,0.989583,,25500,81432,fp16,fp16,false,0,0,false,0,spmv_max_rel,SKIP
as-735_G_110.mtx,bf16_lb,bf16_lb,controlled_lossy_value_specialized,ok,none,accuracy_pass_runtime_win,0.0088,0.0074,1.818182,1.079545,,25500,81432,bf16,bf16,false,0,0,false,0,spmv_max_rel,SKIP
as-735_G_110.mtx,bfp8_lb,bfp8_lb,controlled_lossy_value_specialized,ok,none,accuracy_pass_runtime_win,0.0092,0.0085,1.739130,1.032609,,33108,81432,bfp8,bfp8,false,0,0,false,0,spmv_max_rel,SKIP
as-735_G_110.mtx,bfp8_outlier_lb,bfp8_outlier_lb,controlled_lossy_value_specialized,ok,none,accuracy_pass_runtime_loss,0.0106,0.0096,1.509434,0.896226,,33108,81432,bfp8_outlier,bfp8_outlier,false,0,0,false,0,spmv_max_rel,SKIP
as-735_G_110.mtx,bfp4_lb,bfp4_lb,controlled_lossy_value_specialized,ok,none,accuracy_pass_runtime_loss,0.0146,0.0132,1.095890,0.650685,,26733,81432,bfp4,bfp4,false,0,0,false,0,spmv_max_rel,SKIP
as-735_G_110.mtx,hybrid_lb,hybrid_lb,structural_hybrid,ok,none,promoted_fallback,0.0122,0.0096,1.311475,0.778689,,102000,,original,raw_double,false,,,1,0,exact_abs_or_rel,SKIP
as-735_G_110.mtx,cusparse_default,cusparse_csr,external_baseline,ok,none,external_baseline,0.0160,0.0123,1.000000,0.593750,,102000,81868,original,original,false,,,true,0,exact_abs_or_rel,SKIP
as-735_G_118.mtx,original_lb,original_lb,load_balanced_traversal,ok,none,promoted_fallback,0.0092,0.0075,1.728261,1.000000,,101000,80792,original,original,false,0,0,true,0,exact_abs_or_rel,SKIP
as-735_G_118.mtx,auto_lossless_lb,all_one_lb,lossless_value_specialized,ok,none,accuracy_pass_runtime_loss,0.0096,0.0082,1.656250,0.958333,,0,80792,auto_lossless,all_one,true,1,0,true,0,exact_abs_or_rel,SKIP
as-735_G_118.mtx,fp16_lb,fp16_lb,controlled_lossy_value_specialized,ok,none,accuracy_pass_runtime_loss,0.0094,0.0074,1.691489,0.978723,,25250,80792,fp16,fp16,false,0,0,false,0,spmv_max_rel,SKIP
as-735_G_118.mtx,bf16_lb,bf16_lb,controlled_lossy_value_specialized,ok,none,accuracy_pass_runtime_loss,0.0095,0.0075,1.673684,0.968421,,25250,80792,bf16,bf16,false,0,0,false,0,spmv_max_rel,SKIP
as-735_G_118.mtx,bfp8_lb,bfp8_lb,controlled_lossy_value_specialized,ok,none,accuracy_pass_runtime_loss,0.0094,0.0084,1.691489,0.978723,,32823,80792,bfp8,bfp8,false,0,0,false,0,spmv_max_rel,SKIP
as-735_G_118.mtx,bfp8_outlier_lb,bfp8_outlier_lb,controlled_lossy_value_specialized,ok,none,accuracy_pass_runtime_loss,0.0093,0.0084,1.709677,0.989247,,32823,80792,bfp8_outlier,bfp8_outlier,false,0,0,false,0,spmv_max_rel,SKIP
as-735_G_118.mtx,bfp4_lb,bfp4_lb,controlled_lossy_value_specialized,ok,none,accuracy_pass_runtime_loss,0.0156,0.0132,1.019231,0.589744,,26511,80792,bfp4,bfp4,false,0,0,false,0,spmv_max_rel,SKIP
as-735_G_118.mtx,hybrid_lb,hybrid_lb,structural_hybrid,ok,none,promoted_fallback,0.0096,0.0080,1.656250,0.958333,,101000,,original,raw_double,false,,,1,0,exact_abs_or_rel,SKIP
as-735_G_118.mtx,cusparse_default,cusparse_csr,external_baseline,ok,none,external_baseline,0.0159,0.0123,1.000000,0.578616,,101000,81368,original,original,false,,,true,0,exact_abs_or_rel,SKIP
as-735_G_126.mtx,original_lb,original_lb,load_balanced_traversal,ok,none,promoted_fallback,0.0082,0.0071,1.914634,1.000000,,101880,81448,original,original,false,0,0,true,0,exact_abs_or_rel,SKIP
as-735_G_126.mtx,auto_lossless_lb,all_one_lb,lossless_value_specialized,ok,none,accuracy_pass_runtime_loss,0.0093,0.0074,1.688172,0.881720,,0,81448,auto_lossless,all_one,true,1,0,true,0,exact_abs_or_rel,SKIP
as-735_G_126.mtx,fp16_lb,fp16_lb,controlled_lossy_value_specialized,ok,none,accuracy_pass_runtime_loss,0.0093,0.0076,1.688172,0.881720,,25470,81448,fp16,fp16,false,0,0,false,0,spmv_max_rel,SKIP
as-735_G_126.mtx,bf16_lb,bf16_lb,controlled_lossy_value_specialized,ok,none,accuracy_pass_runtime_loss,0.0090,0.0076,1.744444,0.911111,,25470,81448,bf16,bf16,false,0,0,false,0,spmv_max_rel,SKIP
as-735_G_126.mtx,bfp8_lb,bfp8_lb,controlled_lossy_value_specialized,ok,none,accuracy_pass_runtime_loss,0.0095,0.0085,1.652632,0.863158,,33097,81448,bfp8,bfp8,false,0,0,false,0,spmv_max_rel,SKIP
as-735_G_126.mtx,bfp8_outlier_lb,bfp8_outlier_lb,controlled_lossy_value_specialized,ok,none,accuracy_pass_runtime_loss,0.0093,0.0083,1.688172,0.881720,,33097,81448,bfp8_outlier,bfp8_outlier,false,0,0,false,0,spmv_max_rel,SKIP
as-735_G_126.mtx,bfp4_lb,bfp4_lb,controlled_lossy_value_specialized,ok,none,accuracy_pass_runtime_loss,0.0141,0.0132,1.113475,0.581560,,26730,81448,bfp4,bfp4,false,0,0,false,0,spmv_max_rel,SKIP
as-735_G_126.mtx,hybrid_lb,hybrid_lb,structural_hybrid,ok,none,promoted_fallback,0.0114,0.0099,1.377193,0.719298,,101880,,original,raw_double,false,,,1,0,exact_abs_or_rel,SKIP
as-735_G_126.mtx,cusparse_default,cusparse_csr,external_baseline,ok,none,external_baseline,0.0157,0.0123,1.000000,0.522293,,101880,81808,original,original,false,,,true,0,exact_abs_or_rel,SKIP
as-735_G_134.mtx,original_lb,original_lb,load_balanced_traversal,ok,none,promoted_fallback,0.0088,0.0071,1.795455,1.000000,,103352,82592,original,original,false,0,0,true,0,exact_abs_or_rel,SKIP
as-735_G_134.mtx,auto_lossless_lb,all_one_lb,lossless_value_specialized,ok,none,accuracy_pass_runtime_loss,0.0088,0.0079,1.795455,1.000000,,0,82592,auto_lossless,all_one,true,1,0,true,0,exact_abs_or_rel,SKIP
as-735_G_134.mtx,fp16_lb,fp16_lb,controlled_lossy_value_specialized,ok,none,accuracy_pass_runtime_loss,0.0104,0.0090,1.519231,0.846154,,25838,82592,fp16,fp16,false,0,0,false,0,spmv_max_rel,SKIP
as-735_G_134.mtx,bf16_lb,bf16_lb,controlled_lossy_value_specialized,ok,none,accuracy_pass_runtime_loss,0.0100,0.0091,1.580000,0.880000,,25838,82592,bf16,bf16,false,0,0,false,0,spmv_max_rel,SKIP
as-735_G_134.mtx,bfp8_lb,bfp8_lb,controlled_lossy_value_specialized,ok,none,accuracy_pass_runtime_loss,0.0108,0.0101,1.462963,0.814815,,33567,82592,bfp8,bfp8,false,0,0,false,0,spmv_max_rel,SKIP
as-735_G_134.mtx,bfp8_outlier_lb,bfp8_outlier_lb,controlled_lossy_value_specialized,ok,none,accuracy_pass_runtime_loss,0.0105,0.0090,1.504762,0.838095,,33567,82592,bfp8_outlier,bfp8_outlier,false,0,0,false,0,spmv_max_rel,SKIP
as-735_G_134.mtx,bfp4_lb,bfp4_lb,controlled_lossy_value_specialized,ok,none,accuracy_pass_runtime_loss,0.0130,0.0124,1.215385,0.676923,,27108,82592,bfp4,bfp4,false,0,0,false,0,spmv_max_rel,SKIP
as-735_G_134.mtx,hybrid_lb,hybrid_lb,structural_hybrid,ok,none,promoted_fallback,0.0100,0.0084,1.580000,0.880000,,103352,,original,raw_double,false,,,1,0,exact_abs_or_rel,SKIP
as-735_G_134.mtx,cusparse_default,cusparse_csr,external_baseline,ok,none,external_baseline,0.0158,0.0123,1.000000,0.556962,,103352,82544,original,original,false,,,true,0,exact_abs_or_rel,SKIP
as-735_G_142.mtx,original_lb,original_lb,load_balanced_traversal,ok,none,promoted_fallback,0.0097,0.0078,1.618557,1.000000,,105440,84312,original,original,false,0,0,true,0,exact_abs_or_rel,SKIP
as-735_G_142.mtx,auto_lossless_lb,all_one_lb,lossless_value_specialized,ok,none,accuracy_pass_runtime_win,0.0094,0.0076,1.670213,1.031915,,0,84312,auto_lossless,all_one,true,1,0,true,0,exact_abs_or_rel,SKIP
as-735_G_142.mtx,fp16_lb,fp16_lb,controlled_lossy_value_specialized,ok,none,accuracy_pass_runtime_loss,0.0097,0.0080,1.618557,1.000000,,26360,84312,fp16,fp16,false,0,0,false,0,spmv_max_rel,SKIP
as-735_G_142.mtx,bf16_lb,bf16_lb,controlled_lossy_value_specialized,ok,none,accuracy_pass_runtime_win,0.0090,0.0080,1.744444,1.077778,,26360,84312,bf16,bf16,false,0,0,false,0,spmv_max_rel,SKIP
as-735_G_142.mtx,bfp8_lb,bfp8_lb,controlled_lossy_value_specialized,ok,none,accuracy_pass_runtime_loss,0.0102,0.0085,1.539216,0.950980,,34258,84312,bfp8,bfp8,false,0,0,false,0,spmv_max_rel,SKIP
as-735_G_142.mtx,bfp8_outlier_lb,bfp8_outlier_lb,controlled_lossy_value_specialized,ok,none,accuracy_pass_runtime_loss,0.0098,0.0086,1.602041,0.989796,,34258,84312,bfp8_outlier,bfp8_outlier,false,0,0,false,0,spmv_max_rel,SKIP
as-735_G_142.mtx,bfp4_lb,bfp4_lb,controlled_lossy_value_specialized,ok,none,accuracy_pass_runtime_loss,0.0156,0.0131,1.006410,0.621795,,27668,84312,bfp4,bfp4,false,0,0,false,0,spmv_max_rel,SKIP
as-735_G_142.mtx,hybrid_lb,hybrid_lb,structural_hybrid,ok,none,promoted_fallback,0.0098,0.0082,1.602041,0.989796,,105440,,original,raw_double,false,,,1,0,exact_abs_or_rel,SKIP
as-735_G_142.mtx,cusparse_default,cusparse_csr,external_baseline,ok,none,external_baseline,0.0157,0.0123,1.000000,0.617834,,105440,83588,original,original,false,,,true,0,exact_abs_or_rel,SKIP
as-735_G_150.mtx,original_lb,original_lb,load_balanced_traversal,ok,none,promoted_fallback,0.0096,0.0078,1.656250,1.000000,,107144,85456,original,original,false,0,0,true,0,exact_abs_or_rel,SKIP
as-735_G_150.mtx,auto_lossless_lb,all_one_lb,lossless_value_specialized,ok,none,accuracy_pass_runtime_loss,0.0098,0.0081,1.622449,0.979592,,0,85456,auto_lossless,all_one,true,1,0,true,0,exact_abs_or_rel,SKIP
as-735_G_150.mtx,fp16_lb,fp16_lb,controlled_lossy_value_specialized,ok,none,accuracy_pass_runtime_win,0.0092,0.0079,1.728261,1.043478,,26786,85456,fp16,fp16,false,0,0,false,0,spmv_max_rel,SKIP
as-735_G_150.mtx,bf16_lb,bf16_lb,controlled_lossy_value_specialized,ok,none,accuracy_pass_runtime_win,0.0088,0.0077,1.806818,1.090909,,26786,85456,bf16,bf16,false,0,0,false,0,spmv_max_rel,SKIP
as-735_G_150.mtx,bfp8_lb,bfp8_lb,controlled_lossy_value_specialized,ok,none,accuracy_pass_runtime_win,0.0094,0.0086,1.691489,1.021277,,34757,85456,bfp8,bfp8,false,0,0,false,0,spmv_max_rel,SKIP
as-735_G_150.mtx,bfp8_outlier_lb,bfp8_outlier_lb,controlled_lossy_value_specialized,ok,none,accuracy_pass_runtime_loss,0.0096,0.0086,1.656250,1.000000,,34757,85456,bfp8_outlier,bfp8_outlier,false,0,0,false,0,spmv_max_rel,SKIP
as-735_G_150.mtx,bfp4_lb,bfp4_lb,controlled_lossy_value_specialized,ok,none,accuracy_pass_runtime_loss,0.0157,0.0132,1.012739,0.611465,,28061,85456,bfp4,bfp4,false,0,0,false,0,spmv_max_rel,SKIP
as-735_G_150.mtx,hybrid_lb,hybrid_lb,structural_hybrid,ok,none,promoted_fallback,0.0102,0.0084,1.558824,0.941176,,107144,,original,raw_double,false,,,1,0,exact_abs_or_rel,SKIP
as-735_G_150.mtx,cusparse_default,cusparse_csr,external_baseline,ok,none,external_baseline,0.0159,0.0123,1.000000,0.603774,,107144,84440,original,original,false,,,true,0,exact_abs_or_rel,SKIP
as-735_G_158.mtx,original_lb,original_lb,load_balanced_traversal,ok,none,promoted_fallback,0.0096,0.0086,1.656250,1.000000,,107840,86136,original,original,false,0,0,true,0,exact_abs_or_rel,SKIP
as-735_G_158.mtx,auto_lossless_lb,all_one_lb,lossless_value_specialized,ok,none,accuracy_pass_runtime_loss,0.0097,0.0077,1.639175,0.989691,,0,86136,auto_lossless,all_one,true,1,0,true,0,exact_abs_or_rel,SKIP
as-735_G_158.mtx,fp16_lb,fp16_lb,controlled_lossy_value_specialized,ok,none,accuracy_pass_runtime_loss,0.0099,0.0086,1.606061,0.969697,,26960,86136,fp16,fp16,false,0,0,false,0,spmv_max_rel,SKIP
as-735_G_158.mtx,bf16_lb,bf16_lb,controlled_lossy_value_specialized,ok,none,accuracy_pass_runtime_win,0.0093,0.0080,1.709677,1.032258,,26960,86136,bf16,bf16,false,0,0,false,0,spmv_max_rel,SKIP
as-735_G_158.mtx,bfp8_lb,bfp8_lb,controlled_lossy_value_specialized,ok,none,accuracy_pass_runtime_loss,0.0096,0.0088,1.656250,1.000000,,35014,86136,bfp8,bfp8,false,0,0,false,0,spmv_max_rel,SKIP
as-735_G_158.mtx,bfp8_outlier_lb,bfp8_outlier_lb,controlled_lossy_value_specialized,ok,none,accuracy_pass_runtime_loss,0.0097,0.0089,1.639175,0.989691,,35014,86136,bfp8_outlier,bfp8_outlier,false,0,0,false,0,spmv_max_rel,SKIP
as-735_G_158.mtx,bfp4_lb,bfp4_lb,controlled_lossy_value_specialized,ok,none,accuracy_pass_runtime_loss,0.0141,0.0127,1.127660,0.680851,,28274,86136,bfp4,bfp4,false,0,0,false,0,spmv_max_rel,SKIP
as-735_G_158.mtx,hybrid_lb,hybrid_lb,structural_hybrid,ok,none,promoted_fallback,0.0099,0.0084,1.606061,0.969697,,107840,,original,raw_double,false,,,1,0,exact_abs_or_rel,SKIP
as-735_G_158.mtx,cusparse_default,cusparse_csr,external_baseline,ok,none,external_baseline,0.0159,0.0123,1.000000,0.603774,,107840,84788,original,original,false,,,true,0,exact_abs_or_rel,SKIP
as-735_G_166.mtx,original_lb,original_lb,load_balanced_traversal,ok,none,promoted_fallback,0.0091,0.0074,1.747253,1.000000,,109520,87616,original,original,false,0,0,true,0,exact_abs_or_rel,SKIP
as-735_G_166.mtx,auto_lossless_lb,all_one_lb,lossless_value_specialized,ok,none,accuracy_pass_runtime_win,0.0090,0.0072,1.766667,1.011111,,0,87616,auto_lossless,all_one,true,1,0,true,0,exact_abs_or_rel,SKIP
as-735_G_166.mtx,fp16_lb,fp16_lb,controlled_lossy_value_specialized,ok,none,accuracy_pass_runtime_loss,0.0099,0.0082,1.606061,0.919192,,27380,87616,fp16,fp16,false,0,0,false,0,spmv_max_rel,SKIP
as-735_G_166.mtx,bf16_lb,bf16_lb,controlled_lossy_value_specialized,ok,none,accuracy_pass_runtime_loss,0.0101,0.0092,1.574257,0.900990,,27380,87616,bf16,bf16,false,0,0,false,0,spmv_max_rel,SKIP
as-735_G_166.mtx,bfp8_lb,bfp8_lb,controlled_lossy_value_specialized,ok,none,accuracy_pass_runtime_loss,0.0114,0.0089,1.394737,0.798246,,35594,87616,bfp8,bfp8,false,0,0,false,0,spmv_max_rel,SKIP
as-735_G_166.mtx,bfp8_outlier_lb,bfp8_outlier_lb,controlled_lossy_value_specialized,ok,none,accuracy_pass_runtime_loss,0.0102,0.0090,1.558824,0.892157,,35594,87616,bfp8_outlier,bfp8_outlier,false,0,0,false,0,spmv_max_rel,SKIP
as-735_G_166.mtx,bfp4_lb,bfp4_lb,controlled_lossy_value_specialized,ok,none,accuracy_pass_runtime_loss,0.0140,0.0126,1.135714,0.650000,,28749,87616,bfp4,bfp4,false,0,0,false,0,spmv_max_rel,SKIP
as-735_G_166.mtx,hybrid_lb,hybrid_lb,structural_hybrid,ok,none,promoted_fallback,0.0104,0.0085,1.528846,0.875000,,109520,,original,raw_double,false,,,1,0,exact_abs_or_rel,SKIP
as-735_G_166.mtx,cusparse_default,cusparse_csr,external_baseline,ok,none,external_baseline,0.0159,0.0123,1.000000,0.572327,,109520,85628,original,original,false,,,true,0,exact_abs_or_rel,SKIP
as-735_G_174.mtx,original_lb,original_lb,load_balanced_traversal,ok,none,promoted_fallback,0.0091,0.0069,1.725275,1.000000,,110136,88360,original,original,false,0,0,true,0,exact_abs_or_rel,SKIP
as-735_G_174.mtx,auto_lossless_lb,all_one_lb,lossless_value_specialized,ok,none,accuracy_pass_runtime_win,0.0088,0.0072,1.784091,1.034091,,0,88360,auto_lossless,all_one,true,1,0,true,0,exact_abs_or_rel,SKIP
as-735_G_174.mtx,fp16_lb,fp16_lb,controlled_lossy_value_specialized,ok,none,accuracy_pass_runtime_loss,0.0099,0.0080,1.585859,0.919192,,27534,88360,fp16,fp16,false,0,0,false,0,spmv_max_rel,SKIP
as-735_G_174.mtx,bf16_lb,bf16_lb,controlled_lossy_value_specialized,ok,none,accuracy_pass_runtime_loss,0.0098,0.0080,1.602041,0.928571,,27534,88360,bf16,bf16,false,0,0,false,0,spmv_max_rel,SKIP
as-735_G_174.mtx,bfp8_lb,bfp8_lb,controlled_lossy_value_specialized,ok,none,accuracy_pass_runtime_loss,0.0092,0.0085,1.706522,0.989130,,35857,88360,bfp8,bfp8,false,0,0,false,0,spmv_max_rel,SKIP
as-735_G_174.mtx,bfp8_outlier_lb,bfp8_outlier_lb,controlled_lossy_value_specialized,ok,none,accuracy_pass_runtime_loss,0.0092,0.0084,1.706522,0.989130,,35857,88360,bfp8_outlier,bfp8_outlier,false,0,0,false,0,spmv_max_rel,SKIP
as-735_G_174.mtx,bfp4_lb,bfp4_lb,controlled_lossy_value_specialized,ok,none,accuracy_pass_runtime_loss,0.0140,0.0131,1.121429,0.650000,,28974,88360,bfp4,bfp4,false,0,0,false,0,spmv_max_rel,SKIP
as-735_G_174.mtx,hybrid_lb,hybrid_lb,structural_hybrid,ok,none,promoted_fallback,0.0102,0.0084,1.539216,0.892157,,110136,,original,raw_double,false,,,1,0,exact_abs_or_rel,SKIP
as-735_G_174.mtx,cusparse_default,cusparse_csr,external_baseline,ok,none,external_baseline,0.0157,0.0123,1.000000,0.579618,,110136,85936,original,original,false,,,true,0,exact_abs_or_rel,SKIP
as-735_G_182.mtx,original_lb,original_lb,load_balanced_traversal,ok,none,promoted_fallback,0.0091,0.0073,1.736264,1.000000,,110832,89000,original,original,false,0,0,true,0,exact_abs_or_rel,SKIP
as-735_G_182.mtx,auto_lossless_lb,all_one_lb,lossless_value_specialized,ok,none,accuracy_pass_runtime_win,0.0088,0.0072,1.795455,1.034091,,0,89000,auto_lossless,all_one,true,1,0,true,0,exact_abs_or_rel,SKIP
as-735_G_182.mtx,fp16_lb,fp16_lb,controlled_lossy_value_specialized,ok,none,accuracy_pass_runtime_loss,0.0096,0.0079,1.645833,0.947917,,27708,89000,fp16,fp16,false,0,0,false,0,spmv_max_rel,SKIP
as-735_G_182.mtx,bf16_lb,bf16_lb,controlled_lossy_value_specialized,ok,none,accuracy_pass_runtime_loss,0.0097,0.0078,1.628866,0.938144,,27708,89000,bf16,bf16,false,0,0,false,0,spmv_max_rel,SKIP
as-735_G_182.mtx,bfp8_lb,bfp8_lb,controlled_lossy_value_specialized,ok,none,accuracy_pass_runtime_loss,0.0093,0.0083,1.698925,0.978495,,36104,89000,bfp8,bfp8,false,0,0,false,0,spmv_max_rel,SKIP
as-735_G_182.mtx,bfp8_outlier_lb,bfp8_outlier_lb,controlled_lossy_value_specialized,ok,none,accuracy_pass_runtime_loss,0.0092,0.0084,1.717391,0.989130,,36104,89000,bfp8_outlier,bfp8_outlier,false,0,0,false,0,spmv_max_rel,SKIP
as-735_G_182.mtx,bfp4_lb,bfp4_lb,controlled_lossy_value_specialized,ok,none,accuracy_pass_runtime_loss,0.0155,0.0139,1.019355,0.587097,,29177,89000,bfp4,bfp4,false,0,0,false,0,spmv_max_rel,SKIP
as-735_G_182.mtx,hybrid_lb,hybrid_lb,structural_hybrid,ok,none,promoted_fallback,0.0113,0.0095,1.398230,0.805310,,110832,,original,raw_double,false,,,1,0,exact_abs_or_rel,SKIP
as-735_G_182.mtx,cusparse_default,cusparse_csr,external_baseline,ok,none,external_baseline,0.0158,0.0123,1.000000,0.575949,,110832,86284,original,original,false,,,true,0,exact_abs_or_rel,SKIP
as-735_G_190.mtx,original_lb,original_lb,load_balanced_traversal,ok,none,promoted_fallback,0.0091,0.0074,1.791209,1.000000,,111248,89280,original,original,false,0,0,true,0,exact_abs_or_rel,SKIP
as-735_G_190.mtx,auto_lossless_lb,all_one_lb,lossless_value_specialized,ok,none,accuracy_pass_runtime_loss,0.0092,0.0072,1.771739,0.989130,,0,89280,auto_lossless,all_one,true,1,0,true,0,exact_abs_or_rel,SKIP
as-735_G_190.mtx,fp16_lb,fp16_lb,controlled_lossy_value_specialized,ok,none,accuracy_pass_runtime_loss,0.0095,0.0075,1.715789,0.957895,,27812,89280,fp16,fp16,false,0,0,false,0,spmv_max_rel,SKIP
as-735_G_190.mtx,bf16_lb,bf16_lb,controlled_lossy_value_specialized,ok,none,accuracy_pass_runtime_loss,0.0094,0.0076,1.734043,0.968085,,27812,89280,bf16,bf16,false,0,0,false,0,spmv_max_rel,SKIP
as-735_G_190.mtx,bfp8_lb,bfp8_lb,controlled_lossy_value_specialized,ok,none,accuracy_pass_runtime_loss,0.0102,0.0091,1.598039,0.892157,,36226,89280,bfp8,bfp8,false,0,0,false,0,spmv_max_rel,SKIP
as-735_G_190.mtx,bfp8_outlier_lb,bfp8_outlier_lb,controlled_lossy_value_specialized,ok,none,accuracy_pass_runtime_loss,0.0094,0.0084,1.734043,0.968085,,36226,89280,bfp8_outlier,bfp8_outlier,false,0,0,false,0,spmv_max_rel,SKIP
as-735_G_190.mtx,bfp4_lb,bfp4_lb,controlled_lossy_value_specialized,ok,none,accuracy_pass_runtime_loss,0.0146,0.0132,1.116438,0.623288,,29273,89280,bfp4,bfp4,false,0,0,false,0,spmv_max_rel,SKIP
as-735_G_190.mtx,hybrid_lb,hybrid_lb,structural_hybrid,ok,none,promoted_fallback,0.0103,0.0085,1.582524,0.883495,,111248,,original,raw_double,false,,,1,0,exact_abs_or_rel,SKIP
as-735_G_190.mtx,cusparse_default,cusparse_csr,external_baseline,ok,none,external_baseline,0.0163,0.0123,1.000000,0.558282,,111248,86492,original,original,false,,,true,0,exact_abs_or_rel,SKIP
as-735_G_198.mtx,original_lb,original_lb,load_balanced_traversal,ok,none,promoted_fallback,0.0089,0.0072,1.797753,1.000000,,112328,90152,original,original,false,0,0,true,0,exact_abs_or_rel,SKIP
as-735_G_198.mtx,auto_lossless_lb,all_one_lb,lossless_value_specialized,ok,none,accuracy_pass_runtime_loss,0.0092,0.0074,1.739130,0.967391,,0,90152,auto_lossless,all_one,true,1,0,true,0,exact_abs_or_rel,SKIP
as-735_G_198.mtx,fp16_lb,fp16_lb,controlled_lossy_value_specialized,ok,none,accuracy_pass_runtime_loss,0.0097,0.0083,1.649485,0.917526,,28082,90152,fp16,fp16,false,0,0,false,0,spmv_max_rel,SKIP
as-735_G_198.mtx,bf16_lb,bf16_lb,controlled_lossy_value_specialized,ok,none,accuracy_pass_runtime_loss,0.0093,0.0082,1.720430,0.956989,,28082,90152,bf16,bf16,false,0,0,false,0,spmv_max_rel,SKIP
as-735_G_198.mtx,bfp8_lb,bfp8_lb,controlled_lossy_value_specialized,ok,none,accuracy_pass_runtime_loss,0.0096,0.0084,1.666667,0.927083,,36579,90152,bfp8,bfp8,false,0,0,false,0,spmv_max_rel,SKIP
as-735_G_198.mtx,bfp8_outlier_lb,bfp8_outlier_lb,controlled_lossy_value_specialized,ok,none,accuracy_pass_runtime_loss,0.0096,0.0085,1.666667,0.927083,,36579,90152,bfp8_outlier,bfp8_outlier,false,0,0,false,0,spmv_max_rel,SKIP
as-735_G_198.mtx,bfp4_lb,bfp4_lb,controlled_lossy_value_specialized,ok,none,accuracy_pass_runtime_loss,0.0151,0.0132,1.059603,0.589404,,29559,90152,bfp4,bfp4,false,0,0,false,0,spmv_max_rel,SKIP
as-735_G_198.mtx,hybrid_lb,hybrid_lb,structural_hybrid,ok,none,promoted_fallback,0.0099,0.0084,1.616162,0.898990,,112328,,original,raw_double,false,,,1,0,exact_abs_or_rel,SKIP
as-735_G_198.mtx,cusparse_default,cusparse_csr,external_baseline,ok,none,external_baseline,0.0160,0.0123,1.000000,0.556250,,112328,87032,original,original,false,,,true,0,exact_abs_or_rel,SKIP
as-735_G_206.mtx,original_lb,original_lb,load_balanced_traversal,ok,none,promoted_fallback,0.0085,0.0071,1.917647,1.000000,,112832,90840,original,original,false,0,0,true,0,exact_abs_or_rel,SKIP
as-735_G_206.mtx,auto_lossless_lb,all_one_lb,lossless_value_specialized,ok,none,accuracy_pass_runtime_loss,0.0091,0.0069,1.791209,0.934066,,0,90840,auto_lossless,all_one,true,1,0,true,0,exact_abs_or_rel,SKIP
as-735_G_206.mtx,fp16_lb,fp16_lb,controlled_lossy_value_specialized,ok,none,accuracy_pass_runtime_loss,0.0098,0.0081,1.663265,0.867347,,28208,90840,fp16,fp16,false,0,0,false,0,spmv_max_rel,SKIP
as-735_G_206.mtx,bf16_lb,bf16_lb,controlled_lossy_value_specialized,ok,none,accuracy_pass_runtime_loss,0.0096,0.0083,1.697917,0.885417,,28208,90840,bf16,bf16,false,0,0,false,0,spmv_max_rel,SKIP
as-735_G_206.mtx,bfp8_lb,bfp8_lb,controlled_lossy_value_specialized,ok,none,accuracy_pass_runtime_loss,0.0113,0.0100,1.442478,0.752212,,36814,90840,bfp8,bfp8,false,0,0,false,0,spmv_max_rel,SKIP
as-735_G_206.mtx,bfp8_outlier_lb,bfp8_outlier_lb,controlled_lossy_value_specialized,ok,none,accuracy_pass_runtime_loss,0.0104,0.0091,1.567308,0.817308,,36814,90840,bfp8_outlier,bfp8_outlier,false,0,0,false,0,spmv_max_rel,SKIP
as-735_G_206.mtx,bfp4_lb,bfp4_lb,controlled_lossy_value_specialized,ok,none,accuracy_pass_runtime_loss,0.0133,0.0127,1.225564,0.639098,,29762,90840,bfp4,bfp4,false,0,0,false,0,spmv_max_rel,SKIP
as-735_G_206.mtx,hybrid_lb,hybrid_lb,structural_hybrid,ok,none,promoted_fallback,0.0100,0.0085,1.630000,0.850000,,112832,,original,raw_double,false,,,1,0,exact_abs_or_rel,SKIP
as-735_G_206.mtx,cusparse_default,cusparse_csr,external_baseline,ok,none,external_baseline,0.0163,0.0123,1.000000,0.521472,,112832,87284,original,original,false,,,true,0,exact_abs_or_rel,SKIP
as-735_G_214.mtx,original_lb,original_lb,load_balanced_traversal,ok,none,promoted_fallback,0.0097,0.0079,1.711340,1.000000,,113320,91232,original,original,false,0,0,true,0,exact_abs_or_rel,SKIP
as-735_G_214.mtx,auto_lossless_lb,all_one_lb,lossless_value_specialized,ok,none,accuracy_pass_runtime_win,0.0087,0.0069,1.908046,1.114943,,0,91232,auto_lossless,all_one,true,1,0,true,0,exact_abs_or_rel,SKIP
as-735_G_214.mtx,fp16_lb,fp16_lb,controlled_lossy_value_specialized,ok,none,accuracy_pass_runtime_win,0.0095,0.0076,1.747368,1.021053,,28330,91232,fp16,fp16,false,0,0,false,0,spmv_max_rel,SKIP
as-735_G_214.mtx,bf16_lb,bf16_lb,controlled_lossy_value_specialized,ok,none,accuracy_pass_runtime_win,0.0094,0.0076,1.765957,1.031915,,28330,91232,bf16,bf16,false,0,0,false,0,spmv_max_rel,SKIP
as-735_G_214.mtx,bfp8_lb,bfp8_lb,controlled_lossy_value_specialized,ok,none,accuracy_pass_runtime_loss,0.0104,0.0090,1.596154,0.932692,,36973,91232,bfp8,bfp8,false,0,0,false,0,spmv_max_rel,SKIP
as-735_G_214.mtx,bfp8_outlier_lb,bfp8_outlier_lb,controlled_lossy_value_specialized,ok,none,accuracy_pass_runtime_loss,0.0105,0.0089,1.580952,0.923810,,36973,91232,bfp8_outlier,bfp8_outlier,false,0,0,false,0,spmv_max_rel,SKIP
as-735_G_214.mtx,bfp4_lb,bfp4_lb,controlled_lossy_value_specialized,ok,none,accuracy_pass_runtime_loss,0.0132,0.0126,1.257576,0.734848,,29891,91232,bfp4,bfp4,false,0,0,false,0,spmv_max_rel,SKIP
as-735_G_214.mtx,hybrid_lb,hybrid_lb,structural_hybrid,ok,none,promoted_fallback,0.0101,0.0088,1.643564,0.960396,,113320,,original,raw_double,false,,,1,0,exact_abs_or_rel,SKIP
as-735_G_214.mtx,cusparse_default,cusparse_csr,external_baseline,ok,none,external_baseline,0.0166,0.0123,1.000000,0.584337,,113320,87528,original,original,false,,,true,0,exact_abs_or_rel,SKIP
as-735_G_222.mtx,original_lb,original_lb,load_balanced_traversal,ok,none,promoted_fallback,0.0096,0.0078,1.677083,1.000000,,114352,92000,original,original,false,0,0,true,0,exact_abs_or_rel,SKIP
as-735_G_222.mtx,auto_lossless_lb,all_one_lb,lossless_value_specialized,ok,none,accuracy_pass_runtime_win,0.0094,0.0074,1.712766,1.021277,,0,92000,auto_lossless,all_one,true,1,0,true,0,exact_abs_or_rel,SKIP
as-735_G_222.mtx,fp16_lb,fp16_lb,controlled_lossy_value_specialized,ok,none,accuracy_pass_runtime_win,0.0093,0.0079,1.731183,1.032258,,28588,92000,fp16,fp16,false,0,0,false,0,spmv_max_rel,SKIP
as-735_G_222.mtx,bf16_lb,bf16_lb,controlled_lossy_value_specialized,ok,none,accuracy_pass_runtime_loss,0.0098,0.0080,1.642857,0.979592,,28588,92000,bf16,bf16,false,0,0,false,0,spmv_max_rel,SKIP
as-735_G_222.mtx,bfp8_lb,bfp8_lb,controlled_lossy_value_specialized,ok,none,accuracy_pass_runtime_loss,0.0119,0.0107,1.352941,0.806723,,37294,92000,bfp8,bfp8,false,0,0,false,0,spmv_max_rel,SKIP
as-735_G_222.mtx,bfp8_outlier_lb,bfp8_outlier_lb,controlled_lossy_value_specialized,ok,none,accuracy_pass_runtime_loss,0.0112,0.0091,1.437500,0.857143,,37294,92000,bfp8_outlier,bfp8_outlier,false,0,0,false,0,spmv_max_rel,SKIP
as-735_G_222.mtx,bfp4_lb,bfp4_lb,controlled_lossy_value_specialized,ok,none,accuracy_pass_runtime_loss,0.0135,0.0126,1.192593,0.711111,,30147,92000,bfp4,bfp4,false,0,0,false,0,spmv_max_rel,SKIP
as-735_G_222.mtx,hybrid_lb,hybrid_lb,structural_hybrid,ok,none,promoted_fallback,0.0092,0.0075,1.750000,1.043478,,114352,,original,raw_double,false,,,1,0,exact_abs_or_rel,SKIP
as-735_G_222.mtx,cusparse_default,cusparse_csr,external_baseline,ok,none,external_baseline,0.0161,0.0123,1.000000,0.596273,,114352,88044,original,original,false,,,true,0,exact_abs_or_rel,SKIP
as-735_G_230.mtx,original_lb,original_lb,load_balanced_traversal,ok,none,promoted_fallback,0.0100,0.0087,1.600000,1.000000,,115432,92952,original,original,false,0,0,true,0,exact_abs_or_rel,SKIP
as-735_G_230.mtx,auto_lossless_lb,all_one_lb,lossless_value_specialized,ok,none,accuracy_pass_runtime_win,0.0098,0.0071,1.632653,1.020408,,0,92952,auto_lossless,all_one,true,1,0,true,0,exact_abs_or_rel,SKIP
as-735_G_230.mtx,fp16_lb,fp16_lb,controlled_lossy_value_specialized,ok,none,accuracy_pass_runtime_loss,0.0100,0.0097,1.600000,1.000000,,28858,92952,fp16,fp16,false,0,0,false,0,spmv_max_rel,SKIP
as-735_G_230.mtx,bf16_lb,bf16_lb,controlled_lossy_value_specialized,ok,none,accuracy_pass_runtime_win,0.0097,0.0081,1.649485,1.030928,,28858,92952,bf16,bf16,false,0,0,false,0,spmv_max_rel,SKIP
as-735_G_230.mtx,bfp8_lb,bfp8_lb,controlled_lossy_value_specialized,ok,none,accuracy_pass_runtime_loss,0.0115,0.0102,1.391304,0.869565,,37667,92952,bfp8,bfp8,false,0,0,false,0,spmv_max_rel,SKIP
as-735_G_230.mtx,bfp8_outlier_lb,bfp8_outlier_lb,controlled_lossy_value_specialized,ok,none,accuracy_pass_runtime_loss,0.0116,0.0105,1.379310,0.862069,,37667,92952,bfp8_outlier,bfp8_outlier,false,0,0,false,0,spmv_max_rel,SKIP
as-735_G_230.mtx,bfp4_lb,bfp4_lb,controlled_lossy_value_specialized,ok,none,accuracy_pass_runtime_loss,0.0135,0.0127,1.185185,0.740741,,30453,92952,bfp4,bfp4,false,0,0,false,0,spmv_max_rel,SKIP
as-735_G_230.mtx,hybrid_lb,hybrid_lb,structural_hybrid,ok,none,promoted_fallback,0.0106,0.0088,1.509434,0.943396,,115432,,original,raw_double,false,,,1,0,exact_abs_or_rel,SKIP
as-735_G_230.mtx,cusparse_default,cusparse_csr,external_baseline,ok,none,external_baseline,0.0160,0.0123,1.000000,0.625000,,115432,88584,original,original,false,,,true,0,exact_abs_or_rel,SKIP
as-735_G_238.mtx,original_lb,original_lb,load_balanced_traversal,ok,none,promoted_fallback,0.0109,0.0094,1.467890,1.000000,,115504,92848,original,original,false,0,0,true,0,exact_abs_or_rel,SKIP
as-735_G_238.mtx,auto_lossless_lb,all_one_lb,lossless_value_specialized,ok,none,accuracy_pass_runtime_win,0.0099,0.0077,1.616162,1.101010,,0,92848,auto_lossless,all_one,true,1,0,true,0,exact_abs_or_rel,SKIP
as-735_G_238.mtx,fp16_lb,fp16_lb,controlled_lossy_value_specialized,ok,none,accuracy_pass_runtime_win,0.0102,0.0091,1.568627,1.068627,,28876,92848,fp16,fp16,false,0,0,false,0,spmv_max_rel,SKIP
as-735_G_238.mtx,bf16_lb,bf16_lb,controlled_lossy_value_specialized,ok,none,accuracy_pass_runtime_win,0.0099,0.0092,1.616162,1.101010,,28876,92848,bf16,bf16,false,0,0,false,0,spmv_max_rel,SKIP
as-735_G_238.mtx,bfp8_lb,bfp8_lb,controlled_lossy_value_specialized,ok,none,accuracy_pass_runtime_win,0.0096,0.0085,1.666667,1.135417,,37650,92848,bfp8,bfp8,false,0,0,false,0,spmv_max_rel,SKIP
as-735_G_238.mtx,bfp8_outlier_lb,bfp8_outlier_lb,controlled_lossy_value_specialized,ok,none,accuracy_pass_runtime_win,0.0099,0.0087,1.616162,1.101010,,37650,92848,bfp8_outlier,bfp8_outlier,false,0,0,false,0,spmv_max_rel,SKIP
as-735_G_238.mtx,bfp4_lb,bfp4_lb,controlled_lossy_value_specialized,ok,none,accuracy_pass_runtime_loss,0.0139,0.0132,1.151079,0.784173,,30431,92848,bfp4,bfp4,false,0,0,false,0,spmv_max_rel,SKIP
as-735_G_238.mtx,hybrid_lb,hybrid_lb,structural_hybrid,ok,none,promoted_fallback,0.0095,0.0077,1.684211,1.147368,,115504,,original,raw_double,false,,,1,0,exact_abs_or_rel,SKIP
as-735_G_238.mtx,cusparse_default,cusparse_csr,external_baseline,ok,none,external_baseline,0.0160,0.0123,1.000000,0.681250,,115504,88620,original,original,false,,,true,0,exact_abs_or_rel,SKIP
as-735_G_246.mtx,original_lb,original_lb,load_balanced_traversal,ok,none,promoted_fallback,0.0094,0.0084,1.936170,1.000000,,117320,94344,original,original,false,0,0,true,0,exact_abs_or_rel,SKIP
as-735_G_246.mtx,auto_lossless_lb,all_one_lb,lossless_value_specialized,ok,none,accuracy_pass_runtime_loss,0.0097,0.0077,1.876289,0.969072,,0,94344,auto_lossless,all_one,true,1,0,true,0,exact_abs_or_rel,SKIP
as-735_G_246.mtx,fp16_lb,fp16_lb,controlled_lossy_value_specialized,ok,none,accuracy_pass_runtime_win,0.0093,0.0083,1.956989,1.010753,,29330,94344,fp16,fp16,false,0,0,false,0,spmv_max_rel,SKIP
as-735_G_246.mtx,bf16_lb,bf16_lb,controlled_lossy_value_specialized,ok,none,accuracy_pass_runtime_loss,0.0096,0.0082,1.895833,0.979167,,29330,94344,bf16,bf16,false,0,0,false,0,spmv_max_rel,SKIP
as-735_G_246.mtx,bfp8_lb,bfp8_lb,controlled_lossy_value_specialized,ok,none,accuracy_pass_runtime_loss,0.0101,0.0093,1.801980,0.930693,,38251,94344,bfp8,bfp8,false,0,0,false,0,spmv_max_rel,SKIP
as-735_G_246.mtx,bfp8_outlier_lb,bfp8_outlier_lb,controlled_lossy_value_specialized,ok,none,accuracy_pass_runtime_loss,0.0111,0.0100,1.639640,0.846847,,38251,94344,bfp8_outlier,bfp8_outlier,false,0,0,false,0,spmv_max_rel,SKIP
as-735_G_246.mtx,bfp4_lb,bfp4_lb,controlled_lossy_value_specialized,ok,none,accuracy_pass_runtime_loss,0.0154,0.0147,1.181818,0.610390,,30919,94344,bfp4,bfp4,false,0,0,false,0,spmv_max_rel,SKIP
as-735_G_246.mtx,hybrid_lb,hybrid_lb,structural_hybrid,ok,none,promoted_fallback,0.0100,0.0085,1.820000,0.940000,,117320,,original,raw_double,false,,,1,0,exact_abs_or_rel,SKIP
as-735_G_246.mtx,cusparse_default,cusparse_csr,external_baseline,ok,none,external_baseline,0.0182,0.0123,1.000000,0.516484,,117320,89528,original,original,false,,,true,0,exact_abs_or_rel,SKIP
as-735_G_254.mtx,original_lb,original_lb,load_balanced_traversal,ok,none,promoted_fallback,0.0090,0.0084,1.800000,1.000000,,117784,94896,original,original,false,0,0,true,0,exact_abs_or_rel,SKIP
as-735_G_254.mtx,auto_lossless_lb,all_one_lb,lossless_value_specialized,ok,none,accuracy_pass_runtime_loss,0.0092,0.0085,1.760870,0.978261,,0,94896,auto_lossless,all_one,true,1,0,true,0,exact_abs_or_rel,SKIP
as-735_G_254.mtx,fp16_lb,fp16_lb,controlled_lossy_value_specialized,ok,none,accuracy_pass_runtime_loss,0.0092,0.0078,1.760870,0.978261,,29446,94896,fp16,fp16,false,0,0,false,0,spmv_max_rel,SKIP
as-735_G_254.mtx,bf16_lb,bf16_lb,controlled_lossy_value_specialized,ok,none,accuracy_pass_runtime_win,0.0088,0.0085,1.840909,1.022727,,29446,94896,bf16,bf16,false,0,0,false,0,spmv_max_rel,SKIP
as-735_G_254.mtx,bfp8_lb,bfp8_lb,controlled_lossy_value_specialized,ok,none,accuracy_pass_runtime_loss,0.0110,0.0101,1.472727,0.818182,,38447,94896,bfp8,bfp8,false,0,0,false,0,spmv_max_rel,SKIP
as-735_G_254.mtx,bfp8_outlier_lb,bfp8_outlier_lb,controlled_lossy_value_specialized,ok,none,accuracy_pass_runtime_loss,0.0117,0.0105,1.384615,0.769231,,38447,94896,bfp8_outlier,bfp8_outlier,false,0,0,false,0,spmv_max_rel,SKIP
as-735_G_254.mtx,bfp4_lb,bfp4_lb,controlled_lossy_value_specialized,ok,none,accuracy_pass_runtime_loss,0.0142,0.0132,1.140845,0.633803,,31086,94896,bfp4,bfp4,false,0,0,false,0,spmv_max_rel,SKIP
as-735_G_254.mtx,hybrid_lb,hybrid_lb,structural_hybrid,ok,none,promoted_fallback,0.0096,0.0077,1.687500,0.937500,,117784,,original,raw_double,false,,,1,0,exact_abs_or_rel,SKIP
as-735_G_254.mtx,cusparse_default,cusparse_csr,external_baseline,ok,none,external_baseline,0.0162,0.0143,1.000000,0.555556,,117784,89760,original,original,false,,,true,0,exact_abs_or_rel,SKIP
as-735_G_262.mtx,original_lb,original_lb,load_balanced_traversal,ok,none,promoted_fallback,0.0099,0.0091,1.616162,1.000000,,114432,92184,original,original,false,0,0,true,0,exact_abs_or_rel,SKIP
as-735_G_262.mtx,auto_lossless_lb,all_one_lb,lossless_value_specialized,ok,none,accuracy_pass_runtime_win,0.0092,0.0077,1.739130,1.076087,,0,92184,auto_lossless,all_one,true,1,0,true,0,exact_abs_or_rel,SKIP
as-735_G_262.mtx,fp16_lb,fp16_lb,controlled_lossy_value_specialized,ok,none,accuracy_pass_runtime_loss,0.0099,0.0091,1.616162,1.000000,,28608,92184,fp16,fp16,false,0,0,false,0,spmv_max_rel,SKIP
as-735_G_262.mtx,bf16_lb,bf16_lb,controlled_lossy_value_specialized,ok,none,accuracy_pass_runtime_loss,0.0100,0.0092,1.600000,0.990000,,28608,92184,bf16,bf16,false,0,0,false,0,spmv_max_rel,SKIP
as-735_G_262.mtx,bfp8_lb,bfp8_lb,controlled_lossy_value_specialized,ok,none,accuracy_pass_runtime_loss,0.0111,0.0093,1.441441,0.891892,,37350,92184,bfp8,bfp8,false,0,0,false,0,spmv_max_rel,SKIP
as-735_G_262.mtx,bfp8_outlier_lb,bfp8_outlier_lb,controlled_lossy_value_specialized,ok,none,accuracy_pass_runtime_loss,0.0113,0.0092,1.415929,0.876106,,37350,92184,bfp8_outlier,bfp8_outlier,false,0,0,false,0,spmv_max_rel,SKIP
as-735_G_262.mtx,bfp4_lb,bfp4_lb,controlled_lossy_value_specialized,ok,none,accuracy_pass_runtime_loss,0.0135,0.0126,1.185185,0.733333,,30198,92184,bfp4,bfp4,false,0,0,false,0,spmv_max_rel,SKIP
as-735_G_262.mtx,hybrid_lb,hybrid_lb,structural_hybrid,ok,none,promoted_fallback,0.0096,0.0083,1.666667,1.031250,,114432,,original,raw_double,false,,,1,0,exact_abs_or_rel,SKIP
as-735_G_262.mtx,cusparse_default,cusparse_csr,external_baseline,ok,none,external_baseline,0.0160,0.0123,1.000000,0.618750,,114432,88084,original,original,false,,,true,0,exact_abs_or_rel,SKIP
as-735_G_270.mtx,original_lb,original_lb,load_balanced_traversal,ok,none,promoted_fallback,0.0099,0.0079,1.777778,1.000000,,114752,92712,original,original,false,0,0,true,0,exact_abs_or_rel,SKIP
as-735_G_270.mtx,auto_lossless_lb,all_one_lb,lossless_value_specialized,ok,none,accuracy_pass_runtime_win,0.0096,0.0088,1.833333,1.031250,,0,92712,auto_lossless,all_one,true,1,0,true,0,exact_abs_or_rel,SKIP
as-735_G_270.mtx,fp16_lb,fp16_lb,controlled_lossy_value_specialized,ok,none,accuracy_pass_runtime_loss,0.0099,0.0091,1.777778,1.000000,,28688,92712,fp16,fp16,false,0,0,false,0,spmv_max_rel,SKIP
as-735_G_270.mtx,bf16_lb,bf16_lb,controlled_lossy_value_specialized,ok,none,accuracy_pass_runtime_win,0.0098,0.0080,1.795918,1.010204,,28688,92712,bf16,bf16,false,0,0,false,0,spmv_max_rel,SKIP
as-735_G_270.mtx,bfp8_lb,bfp8_lb,controlled_lossy_value_specialized,ok,none,accuracy_pass_runtime_loss,0.0111,0.0104,1.585586,0.891892,,37522,92712,bfp8,bfp8,false,0,0,false,0,spmv_max_rel,SKIP
as-735_G_270.mtx,bfp8_outlier_lb,bfp8_outlier_lb,controlled_lossy_value_specialized,ok,none,accuracy_pass_runtime_loss,0.0112,0.0107,1.571429,0.883929,,37522,92712,bfp8_outlier,bfp8_outlier,false,0,0,false,0,spmv_max_rel,SKIP
as-735_G_270.mtx,bfp4_lb,bfp4_lb,controlled_lossy_value_specialized,ok,none,accuracy_pass_runtime_loss,0.0153,0.0132,1.150327,0.647059,,30350,92712,bfp4,bfp4,false,0,0,false,0,spmv_max_rel,SKIP
as-735_G_270.mtx,hybrid_lb,hybrid_lb,structural_hybrid,ok,none,promoted_fallback,0.0113,0.0097,1.557522,0.876106,,114752,,original,raw_double,false,,,1,0,exact_abs_or_rel,SKIP
as-735_G_270.mtx,cusparse_default,cusparse_csr,external_baseline,ok,none,external_baseline,0.0176,0.0123,1.000000,0.562500,,114752,88244,original,original,false,,,true,0,exact_abs_or_rel,SKIP
as-735_G_278.mtx,original_lb,original_lb,load_balanced_traversal,ok,none,promoted_fallback,0.0104,0.0094,1.567308,1.000000,,121504,98072,original,original,false,0,0,true,0,exact_abs_or_rel,SKIP
as-735_G_278.mtx,auto_lossless_lb,all_one_lb,lossless_value_specialized,ok,none,accuracy_pass_runtime_win,0.0093,0.0083,1.752688,1.118280,,0,98072,auto_lossless,all_one,true,1,0,true,0,exact_abs_or_rel,SKIP
as-735_G_278.mtx,fp16_lb,fp16_lb,controlled_lossy_value_specialized,ok,none,accuracy_pass_runtime_win,0.0103,0.0094,1.582524,1.009709,,30376,98072,fp16,fp16,false,0,0,false,0,spmv_max_rel,SKIP
as-735_G_278.mtx,bf16_lb,bf16_lb,controlled_lossy_value_specialized,ok,none,accuracy_pass_runtime_win,0.0098,0.0092,1.663265,1.061224,,30376,98072,bf16,bf16,false,0,0,false,0,spmv_max_rel,SKIP
as-735_G_278.mtx,bfp8_lb,bfp8_lb,controlled_lossy_value_specialized,ok,none,accuracy_pass_runtime_win,0.0095,0.0083,1.715789,1.094737,,39706,98072,bfp8,bfp8,false,0,0,false,0,spmv_max_rel,SKIP
as-735_G_278.mtx,bfp8_outlier_lb,bfp8_outlier_lb,controlled_lossy_value_specialized,ok,none,accuracy_pass_runtime_loss,0.0110,0.0097,1.481818,0.945455,,39706,98072,bfp8_outlier,bfp8_outlier,false,0,0,false,0,spmv_max_rel,SKIP
as-735_G_278.mtx,bfp4_lb,bfp4_lb,controlled_lossy_value_specialized,ok,none,accuracy_pass_runtime_loss,0.0142,0.0132,1.147887,0.732394,,32112,98072,bfp4,bfp4,false,0,0,false,0,spmv_max_rel,SKIP
as-735_G_278.mtx,hybrid_lb,hybrid_lb,structural_hybrid,ok,none,promoted_fallback,0.0102,0.0085,1.598039,1.019608,,121504,,original,raw_double,false,,,1,0,exact_abs_or_rel,SKIP
as-735_G_278.mtx,cusparse_default,cusparse_csr,external_baseline,ok,none,external_baseline,0.0163,0.0143,1.000000,0.638037,,121504,91620,original,original,false,,,true,0,exact_abs_or_rel,SKIP
as-735_G_286.mtx,original_lb,original_lb,load_balanced_traversal,ok,none,promoted_fallback,0.0096,0.0089,1.666667,1.000000,,123088,99392,original,original,false,0,0,true,0,exact_abs_or_rel,SKIP
as-735_G_286.mtx,auto_lossless_lb,all_one_lb,lossless_value_specialized,ok,none,accuracy_pass_runtime_loss,0.0098,0.0079,1.632653,0.979592,,0,99392,auto_lossless,all_one,true,1,0,true,0,exact_abs_or_rel,SKIP
as-735_G_286.mtx,fp16_lb,fp16_lb,controlled_lossy_value_specialized,ok,none,accuracy_pass_runtime_loss,0.0097,0.0087,1.649485,0.989691,,30772,99392,fp16,fp16,false,0,0,false,0,spmv_max_rel,SKIP
as-735_G_286.mtx,bf16_lb,bf16_lb,controlled_lossy_value_specialized,ok,none,accuracy_pass_runtime_loss,0.0101,0.0093,1.584158,0.950495,,30772,99392,bf16,bf16,false,0,0,false,0,spmv_max_rel,SKIP
as-735_G_286.mtx,bfp8_lb,bfp8_lb,controlled_lossy_value_specialized,ok,none,accuracy_pass_runtime_loss,0.0110,0.0091,1.454545,0.872727,,40234,99392,bfp8,bfp8,false,0,0,false,0,spmv_max_rel,SKIP
as-735_G_286.mtx,bfp8_outlier_lb,bfp8_outlier_lb,controlled_lossy_value_specialized,ok,none,accuracy_pass_runtime_loss,0.0102,0.0091,1.568627,0.941176,,40234,99392,bfp8_outlier,bfp8_outlier,false,0,0,false,0,spmv_max_rel,SKIP
as-735_G_286.mtx,bfp4_lb,bfp4_lb,controlled_lossy_value_specialized,ok,none,accuracy_pass_runtime_loss,0.0152,0.0132,1.052632,0.631579,,32541,99392,bfp4,bfp4,false,0,0,false,0,spmv_max_rel,SKIP
as-735_G_286.mtx,hybrid_lb,hybrid_lb,structural_hybrid,ok,none,promoted_fallback,0.0109,0.0086,1.467890,0.880734,,123088,,original,raw_double,false,,,1,0,exact_abs_or_rel,SKIP
as-735_G_286.mtx,cusparse_default,cusparse_csr,external_baseline,ok,none,external_baseline,0.0160,0.0123,1.000000,0.600000,,123088,92412,original,original,false,,,true,0,exact_abs_or_rel,SKIP
as-735_G_294.mtx,original_lb,original_lb,load_balanced_traversal,ok,none,promoted_fallback,0.0097,0.0080,1.814433,1.000000,,124976,101008,original,original,false,0,0,true,0,exact_abs_or_rel,SKIP
as-735_G_294.mtx,auto_lossless_lb,all_one_lb,lossless_value_specialized,ok,none,accuracy_pass_runtime_loss,0.0098,0.0088,1.795918,0.989796,,0,101008,auto_lossless,all_one,true,1,0,true,0,exact_abs_or_rel,SKIP
as-735_G_294.mtx,fp16_lb,fp16_lb,controlled_lossy_value_specialized,ok,none,accuracy_pass_runtime_loss,0.0100,0.0080,1.760000,0.970000,,31244,101008,fp16,fp16,false,0,0,false,0,spmv_max_rel,SKIP
as-735_G_294.mtx,bf16_lb,bf16_lb,controlled_lossy_value_specialized,ok,none,accuracy_pass_runtime_loss,0.0108,0.0095,1.629630,0.898148,,31244,101008,bf16,bf16,false,0,0,false,0,spmv_max_rel,SKIP
as-735_G_294.mtx,bfp8_lb,bfp8_lb,controlled_lossy_value_specialized,ok,none,accuracy_pass_runtime_loss,0.0106,0.0091,1.660377,0.915094,,40874,101008,bfp8,bfp8,false,0,0,false,0,spmv_max_rel,SKIP
as-735_G_294.mtx,bfp8_outlier_lb,bfp8_outlier_lb,controlled_lossy_value_specialized,ok,none,accuracy_pass_runtime_loss,0.0108,0.0100,1.629630,0.898148,,40874,101008,bfp8_outlier,bfp8_outlier,false,0,0,false,0,spmv_max_rel,SKIP
as-735_G_294.mtx,bfp4_lb,bfp4_lb,controlled_lossy_value_specialized,ok,none,accuracy_pass_runtime_loss,0.0151,0.0143,1.165563,0.642384,,33063,101008,bfp4,bfp4,false,0,0,false,0,spmv_max_rel,SKIP
as-735_G_294.mtx,hybrid_lb,hybrid_lb,structural_hybrid,ok,none,promoted_fallback,0.0118,0.0105,1.491525,0.822034,,124976,,original,raw_double,false,,,1,0,exact_abs_or_rel,SKIP
as-735_G_294.mtx,cusparse_default,cusparse_csr,external_baseline,ok,none,external_baseline,0.0176,0.0123,1.000000,0.551136,,124976,93356,original,original,false,,,true,0,exact_abs_or_rel,SKIP
as-735_G_302.mtx,original_lb,original_lb,load_balanced_traversal,ok,none,promoted_fallback,0.0096,0.0080,1.666667,1.000000,,126304,102016,original,original,false,0,0,true,0,exact_abs_or_rel,SKIP
as-735_G_302.mtx,auto_lossless_lb,all_one_lb,lossless_value_specialized,ok,none,accuracy_pass_runtime_win,0.0092,0.0080,1.739130,1.043478,,0,102016,auto_lossless,all_one,true,1,0,true,0,exact_abs_or_rel,SKIP
as-735_G_302.mtx,fp16_lb,fp16_lb,controlled_lossy_value_specialized,ok,none,accuracy_pass_runtime_win,0.0094,0.0086,1.702128,1.021277,,31576,102016,fp16,fp16,false,0,0,false,0,spmv_max_rel,SKIP
as-735_G_302.mtx,bf16_lb,bf16_lb,controlled_lossy_value_specialized,ok,none,accuracy_pass_runtime_loss,0.0096,0.0090,1.666667,1.000000,,31576,102016,bf16,bf16,false,0,0,false,0,spmv_max_rel,SKIP
as-735_G_302.mtx,bfp8_lb,bfp8_lb,controlled_lossy_value_specialized,ok,none,accuracy_pass_runtime_loss,0.0102,0.0081,1.568627,0.941176,,41292,102016,bfp8,bfp8,false,0,0,false,0,spmv_max_rel,SKIP
as-735_G_302.mtx,bfp8_outlier_lb,bfp8_outlier_lb,controlled_lossy_value_specialized,ok,none,accuracy_pass_runtime_loss,0.0111,0.0100,1.441441,0.864865,,41292,102016,bfp8_outlier,bfp8_outlier,false,0,0,false,0,spmv_max_rel,SKIP
as-735_G_302.mtx,bfp4_lb,bfp4_lb,controlled_lossy_value_specialized,ok,none,accuracy_pass_runtime_loss,0.0149,0.0131,1.073826,0.644295,,33398,102016,bfp4,bfp4,false,0,0,false,0,spmv_max_rel,SKIP
as-735_G_302.mtx,hybrid_lb,hybrid_lb,structural_hybrid,ok,none,promoted_fallback,0.0107,0.0087,1.495327,0.897196,,126304,,original,raw_double,false,,,1,0,exact_abs_or_rel,SKIP
as-735_G_302.mtx,cusparse_default,cusparse_csr,external_baseline,ok,none,external_baseline,0.0160,0.0123,1.000000,0.600000,,126304,94020,original,original,false,,,true,0,exact_abs_or_rel,SKIP
as-735_G_310.mtx,original_lb,original_lb,load_balanced_traversal,ok,none,promoted_fallback,0.0096,0.0084,1.822917,1.000000,,127984,103432,original,original,false,0,0,true,0,exact_abs_or_rel,SKIP
as-735_G_310.mtx,auto_lossless_lb,all_one_lb,lossless_value_specialized,ok,none,accuracy_pass_runtime_win,0.0095,0.0086,1.842105,1.010526,,0,103432,auto_lossless,all_one,true,1,0,true,0,exact_abs_or_rel,SKIP
as-735_G_310.mtx,fp16_lb,fp16_lb,controlled_lossy_value_specialized,ok,none,accuracy_pass_runtime_loss,0.0103,0.0087,1.699029,0.932039,,31996,103432,fp16,fp16,false,0,0,false,0,spmv_max_rel,SKIP
as-735_G_310.mtx,bf16_lb,bf16_lb,controlled_lossy_value_specialized,ok,none,accuracy_pass_runtime_loss,0.0105,0.0089,1.666667,0.914286,,31996,103432,bf16,bf16,false,0,0,false,0,spmv_max_rel,SKIP
as-735_G_310.mtx,bfp8_lb,bfp8_lb,controlled_lossy_value_specialized,ok,none,accuracy_pass_runtime_loss,0.0115,0.0107,1.521739,0.834783,,41856,103432,bfp8,bfp8,false,0,0,false,0,spmv_max_rel,SKIP
as-735_G_310.mtx,bfp8_outlier_lb,bfp8_outlier_lb,controlled_lossy_value_specialized,ok,none,accuracy_pass_runtime_loss,0.0115,0.0107,1.521739,0.834783,,41856,103432,bfp8_outlier,bfp8_outlier,false,0,0,false,0,spmv_max_rel,SKIP
as-735_G_310.mtx,bfp4_lb,bfp4_lb,controlled_lossy_value_specialized,ok,none,accuracy_pass_runtime_loss,0.0158,0.0132,1.107595,0.607595,,33857,103432,bfp4,bfp4,false,0,0,false,0,spmv_max_rel,SKIP
as-735_G_310.mtx,hybrid_lb,hybrid_lb,structural_hybrid,ok,none,promoted_fallback,0.0120,0.0107,1.458333,0.800000,,127984,,original,raw_double,false,,,1,0,exact_abs_or_rel,SKIP
as-735_G_310.mtx,cusparse_default,cusparse_csr,external_baseline,ok,none,external_baseline,0.0175,0.0123,1.000000,0.548571,,127984,94860,original,original,false,,,true,0,exact_abs_or_rel,SKIP
as-735_G_318.mtx,original_lb,original_lb,load_balanced_traversal,ok,none,promoted_fallback,0.0092,0.0086,1.945652,1.000000,,129960,104928,original,original,false,0,0,true,0,exact_abs_or_rel,SKIP
as-735_G_318.mtx,auto_lossless_lb,all_one_lb,lossless_value_specialized,ok,none,accuracy_pass_runtime_loss,0.0106,0.0093,1.688679,0.867925,,0,104928,auto_lossless,all_one,true,1,0,true,0,exact_abs_or_rel,SKIP
as-735_G_318.mtx,fp16_lb,fp16_lb,controlled_lossy_value_specialized,ok,none,accuracy_pass_runtime_loss,0.0102,0.0089,1.754902,0.901961,,32490,104928,fp16,fp16,false,0,0,false,0,spmv_max_rel,SKIP
as-735_G_318.mtx,bf16_lb,bf16_lb,controlled_lossy_value_specialized,ok,none,accuracy_pass_runtime_loss,0.0099,0.0093,1.808081,0.929293,,32490,104928,bf16,bf16,false,0,0,false,0,spmv_max_rel,SKIP
as-735_G_318.mtx,bfp8_lb,bfp8_lb,controlled_lossy_value_specialized,ok,none,accuracy_pass_runtime_loss,0.0106,0.0100,1.688679,0.867925,,42477,104928,bfp8,bfp8,false,0,0,false,0,spmv_max_rel,SKIP
as-735_G_318.mtx,bfp8_outlier_lb,bfp8_outlier_lb,controlled_lossy_value_specialized,ok,none,accuracy_pass_runtime_loss,0.0111,0.0099,1.612613,0.828829,,42477,104928,bfp8_outlier,bfp8_outlier,false,0,0,false,0,spmv_max_rel,SKIP
as-735_G_318.mtx,bfp4_lb,bfp4_lb,controlled_lossy_value_specialized,ok,none,accuracy_pass_runtime_loss,0.0148,0.0139,1.209459,0.621622,,34355,104928,bfp4,bfp4,false,0,0,false,0,spmv_max_rel,SKIP
as-735_G_318.mtx,hybrid_lb,hybrid_lb,structural_hybrid,ok,none,promoted_fallback,0.0117,0.0104,1.529915,0.786325,,129960,,original,raw_double,false,,,1,0,exact_abs_or_rel,SKIP
as-735_G_318.mtx,cusparse_default,cusparse_csr,external_baseline,ok,none,external_baseline,0.0179,0.0143,1.000000,0.513966,,129960,95848,original,original,false,,,true,0,exact_abs_or_rel,SKIP
as-735_G_326.mtx,original_lb,original_lb,load_balanced_traversal,ok,none,promoted_fallback,0.0112,0.0094,1.428571,1.000000,,130872,106000,original,original,false,0,0,true,0,exact_abs_or_rel,SKIP
as-735_G_326.mtx,auto_lossless_lb,all_one_lb,lossless_value_specialized,ok,none,accuracy_pass_runtime_win,0.0110,0.0091,1.454545,1.018182,,0,106000,auto_lossless,all_one,true,1,0,true,0,exact_abs_or_rel,SKIP
as-735_G_326.mtx,fp16_lb,fp16_lb,controlled_lossy_value_specialized,ok,none,accuracy_pass_runtime_win,0.0102,0.0094,1.568627,1.098039,,32718,106000,fp16,fp16,false,0,0,false,0,spmv_max_rel,SKIP
as-735_G_326.mtx,bf16_lb,bf16_lb,controlled_lossy_value_specialized,ok,none,accuracy_pass_runtime_loss,0.0116,0.0100,1.379310,0.965517,,32718,106000,bf16,bf16,false,0,0,false,0,spmv_max_rel,SKIP
as-735_G_326.mtx,bfp8_lb,bfp8_lb,controlled_lossy_value_specialized,ok,none,accuracy_pass_runtime_loss,0.0116,0.0108,1.379310,0.965517,,42859,106000,bfp8,bfp8,false,0,0,false,0,spmv_max_rel,SKIP
as-735_G_326.mtx,bfp8_outlier_lb,bfp8_outlier_lb,controlled_lossy_value_specialized,ok,none,accuracy_pass_runtime_win,0.0110,0.0100,1.454545,1.018182,,42859,106000,bfp8_outlier,bfp8_outlier,false,0,0,false,0,spmv_max_rel,SKIP
as-735_G_326.mtx,bfp4_lb,bfp4_lb,controlled_lossy_value_specialized,ok,none,accuracy_pass_runtime_loss,0.0148,0.0130,1.081081,0.756757,,34680,106000,bfp4,bfp4,false,0,0,false,0,spmv_max_rel,SKIP
as-735_G_326.mtx,hybrid_lb,hybrid_lb,structural_hybrid,ok,none,promoted_fallback,0.0110,0.0093,1.454545,1.018182,,130872,,original,raw_double,false,,,1,0,exact_abs_or_rel,SKIP
as-735_G_326.mtx,cusparse_default,cusparse_csr,external_baseline,ok,none,external_baseline,0.0160,0.0123,1.000000,0.700000,,130872,96304,original,original,false,,,true,0,exact_abs_or_rel,SKIP
as-735_G_334.mtx,original_lb,original_lb,load_balanced_traversal,ok,none,promoted_fallback,0.0092,0.0077,1.750000,1.000000,,126072,101888,original,original,false,0,0,true,0,exact_abs_or_rel,SKIP
as-735_G_334.mtx,auto_lossless_lb,all_one_lb,lossless_value_specialized,ok,none,accuracy_pass_runtime_loss,0.0092,0.0074,1.750000,1.000000,,0,101888,auto_lossless,all_one,true,1,0,true,0,exact_abs_or_rel,SKIP
as-735_G_334.mtx,fp16_lb,fp16_lb,controlled_lossy_value_specialized,ok,none,accuracy_pass_runtime_loss,0.0104,0.0088,1.548077,0.884615,,31518,101888,fp16,fp16,false,0,0,false,0,spmv_max_rel,SKIP
as-735_G_334.mtx,bf16_lb,bf16_lb,controlled_lossy_value_specialized,ok,none,accuracy_pass_runtime_loss,0.0100,0.0081,1.610000,0.920000,,31518,101888,bf16,bf16,false,0,0,false,0,spmv_max_rel,SKIP
as-735_G_334.mtx,bfp8_lb,bfp8_lb,controlled_lossy_value_specialized,ok,none,accuracy_pass_runtime_loss,0.0099,0.0086,1.626263,0.929293,,41231,101888,bfp8,bfp8,false,0,0,false,0,spmv_max_rel,SKIP
as-735_G_334.mtx,bfp8_outlier_lb,bfp8_outlier_lb,controlled_lossy_value_specialized,ok,none,accuracy_pass_runtime_loss,0.0092,0.0085,1.750000,1.000000,,41231,101888,bfp8_outlier,bfp8_outlier,false,0,0,false,0,spmv_max_rel,SKIP
as-735_G_334.mtx,bfp4_lb,bfp4_lb,controlled_lossy_value_specialized,ok,none,accuracy_pass_runtime_loss,0.0138,0.0132,1.166667,0.666667,,33352,101888,bfp4,bfp4,false,0,0,false,0,spmv_max_rel,SKIP
as-735_G_334.mtx,hybrid_lb,hybrid_lb,structural_hybrid,ok,none,promoted_fallback,0.0104,0.0089,1.548077,0.884615,,126072,,original,raw_double,false,,,1,0,exact_abs_or_rel,SKIP
as-735_G_334.mtx,cusparse_default,cusparse_csr,external_baseline,ok,none,external_baseline,0.0161,0.0123,1.000000,0.571429,,126072,93904,original,original,false,,,true,0,exact_abs_or_rel,SKIP
as-735_G_342.mtx,original_lb,original_lb,load_balanced_traversal,ok,none,promoted_fallback,0.0097,0.0085,1.659794,1.000000,,127744,103344,original,original,false,0,0,true,0,exact_abs_or_rel,SKIP
as-735_G_342.mtx,auto_lossless_lb,all_one_lb,lossless_value_specialized,ok,none,accuracy_pass_runtime_win,0.0090,0.0072,1.788889,1.077778,,0,103344,auto_lossless,all_one,true,1,0,true,0,exact_abs_or_rel,SKIP
as-735_G_342.mtx,fp16_lb,fp16_lb,controlled_lossy_value_specialized,ok,none,accuracy_pass_runtime_win,0.0093,0.0076,1.731183,1.043011,,31936,103344,fp16,fp16,false,0,0,false,0,spmv_max_rel,SKIP
as-735_G_342.mtx,bf16_lb,bf16_lb,controlled_lossy_value_specialized,ok,none,accuracy_pass_runtime_win,0.0093,0.0083,1.731183,1.043011,,31936,103344,bf16,bf16,false,0,0,false,0,spmv_max_rel,SKIP
as-735_G_342.mtx,bfp8_lb,bfp8_lb,controlled_lossy_value_specialized,ok,none,accuracy_pass_runtime_loss,0.0101,0.0092,1.594059,0.960396,,41804,103344,bfp8,bfp8,false,0,0,false,0,spmv_max_rel,SKIP
as-735_G_342.mtx,bfp8_outlier_lb,bfp8_outlier_lb,controlled_lossy_value_specialized,ok,none,accuracy_pass_runtime_loss,0.0107,0.0092,1.504673,0.906542,,41804,103344,bfp8_outlier,bfp8_outlier,false,0,0,false,0,spmv_max_rel,SKIP
as-735_G_342.mtx,bfp4_lb,bfp4_lb,controlled_lossy_value_specialized,ok,none,accuracy_pass_runtime_loss,0.0155,0.0132,1.038710,0.625806,,33820,103344,bfp4,bfp4,false,0,0,false,0,spmv_max_rel,SKIP
as-735_G_342.mtx,hybrid_lb,hybrid_lb,structural_hybrid,ok,none,promoted_fallback,0.0111,0.0092,1.450450,0.873874,,127744,,original,raw_double,false,,,1,0,exact_abs_or_rel,SKIP
as-735_G_342.mtx,cusparse_default,cusparse_csr,external_baseline,ok,none,external_baseline,0.0161,0.0123,1.000000,0.602484,,127744,94740,original,original,false,,,true,0,exact_abs_or_rel,SKIP
as-735_G_350.mtx,original_lb,original_lb,load_balanced_traversal,ok,none,promoted_fallback,0.0094,0.0079,1.702128,1.000000,,130008,105288,original,original,false,0,0,true,0,exact_abs_or_rel,SKIP
as-735_G_350.mtx,auto_lossless_lb,all_one_lb,lossless_value_specialized,ok,none,accuracy_pass_runtime_loss,0.0103,0.0094,1.553398,0.912621,,0,105288,auto_lossless,all_one,true,1,0,true,0,exact_abs_or_rel,SKIP
as-735_G_350.mtx,fp16_lb,fp16_lb,controlled_lossy_value_specialized,ok,none,accuracy_pass_runtime_win,0.0093,0.0078,1.720430,1.010753,,32502,105288,fp16,fp16,false,0,0,false,0,spmv_max_rel,SKIP
as-735_G_350.mtx,bf16_lb,bf16_lb,controlled_lossy_value_specialized,ok,none,accuracy_pass_runtime_loss,0.0095,0.0080,1.684211,0.989474,,32502,105288,bf16,bf16,false,0,0,false,0,spmv_max_rel,SKIP
as-735_G_350.mtx,bfp8_lb,bfp8_lb,controlled_lossy_value_specialized,ok,none,accuracy_pass_runtime_loss,0.0094,0.0084,1.702128,1.000000,,42573,105288,bfp8,bfp8,false,0,0,false,0,spmv_max_rel,SKIP
as-735_G_350.mtx,bfp8_outlier_lb,bfp8_outlier_lb,controlled_lossy_value_specialized,ok,none,accuracy_pass_runtime_loss,0.0095,0.0085,1.684211,0.989474,,42573,105288,bfp8_outlier,bfp8_outlier,false,0,0,false,0,spmv_max_rel,SKIP
as-735_G_350.mtx,bfp4_lb,bfp4_lb,controlled_lossy_value_specialized,ok,none,accuracy_pass_runtime_loss,0.0138,0.0127,1.159420,0.681159,,34448,105288,bfp4,bfp4,false,0,0,false,0,spmv_max_rel,SKIP
as-735_G_350.mtx,hybrid_lb,hybrid_lb,structural_hybrid,ok,none,promoted_fallback,0.0111,0.0097,1.441441,0.846847,,130008,,original,raw_double,false,,,1,0,exact_abs_or_rel,SKIP
as-735_G_350.mtx,cusparse_default,cusparse_csr,external_baseline,ok,none,external_baseline,0.0160,0.0123,1.000000,0.587500,,130008,95872,original,original,false,,,true,0,exact_abs_or_rel,SKIP
as-735_G_358.mtx,original_lb,original_lb,load_balanced_traversal,ok,none,promoted_fallback,0.0096,0.0088,1.625000,1.000000,,131424,106472,original,original,false,0,0,true,0,exact_abs_or_rel,SKIP
as-735_G_358.mtx,auto_lossless_lb,all_one_lb,lossless_value_specialized,ok,none,accuracy_pass_runtime_loss,0.0099,0.0081,1.575758,0.969697,,0,106472,auto_lossless,all_one,true,1,0,true,0,exact_abs_or_rel,SKIP
as-735_G_358.mtx,fp16_lb,fp16_lb,controlled_lossy_value_specialized,ok,none,accuracy_pass_runtime_loss,0.0098,0.0095,1.591837,0.979592,,32856,106472,fp16,fp16,false,0,0,false,0,spmv_max_rel,SKIP
as-735_G_358.mtx,bf16_lb,bf16_lb,controlled_lossy_value_specialized,ok,none,accuracy_pass_runtime_loss,0.0099,0.0090,1.575758,0.969697,,32856,106472,bf16,bf16,false,0,0,false,0,spmv_max_rel,SKIP
as-735_G_358.mtx,bfp8_lb,bfp8_lb,controlled_lossy_value_specialized,ok,none,accuracy_pass_runtime_win,0.0094,0.0086,1.659574,1.021277,,43046,106472,bfp8,bfp8,false,0,0,false,0,spmv_max_rel,SKIP
as-735_G_358.mtx,bfp8_outlier_lb,bfp8_outlier_lb,controlled_lossy_value_specialized,ok,none,accuracy_pass_runtime_win,0.0095,0.0086,1.642105,1.010526,,43046,106472,bfp8_outlier,bfp8_outlier,false,0,0,false,0,spmv_max_rel,SKIP
as-735_G_358.mtx,bfp4_lb,bfp4_lb,controlled_lossy_value_specialized,ok,none,accuracy_pass_runtime_loss,0.0135,0.0126,1.155556,0.711111,,34832,106472,bfp4,bfp4,false,0,0,false,0,spmv_max_rel,SKIP
as-735_G_358.mtx,hybrid_lb,hybrid_lb,structural_hybrid,ok,none,promoted_fallback,0.0117,0.0102,1.333333,0.820513,,131424,,original,raw_double,false,,,1,0,exact_abs_or_rel,SKIP
as-735_G_358.mtx,cusparse_default,cusparse_csr,external_baseline,ok,none,external_baseline,0.0156,0.0123,1.000000,0.615385,,131424,96580,original,original,false,,,true,0,exact_abs_or_rel,SKIP
as-735_G_366.mtx,original_lb,original_lb,load_balanced_traversal,ok,none,promoted_fallback,0.0100,0.0090,1.590000,1.000000,,133392,107856,original,original,false,0,0,true,0,exact_abs_or_rel,SKIP
as-735_G_366.mtx,auto_lossless_lb,all_one_lb,lossless_value_specialized,ok,none,accuracy_pass_runtime_loss,0.0100,0.0077,1.590000,1.000000,,0,107856,auto_lossless,all_one,true,1,0,true,0,exact_abs_or_rel,SKIP
as-735_G_366.mtx,fp16_lb,fp16_lb,controlled_lossy_value_specialized,ok,none,accuracy_pass_runtime_loss,0.0103,0.0092,1.543689,0.970874,,33348,107856,fp16,fp16,false,0,0,false,0,spmv_max_rel,SKIP
as-735_G_366.mtx,bf16_lb,bf16_lb,controlled_lossy_value_specialized,ok,none,accuracy_pass_runtime_win,0.0092,0.0086,1.728261,1.086957,,33348,107856,bf16,bf16,false,0,0,false,0,spmv_max_rel,SKIP
as-735_G_366.mtx,bfp8_lb,bfp8_lb,controlled_lossy_value_specialized,ok,none,accuracy_pass_runtime_win,0.0095,0.0084,1.673684,1.052632,,43638,107856,bfp8,bfp8,false,0,0,false,0,spmv_max_rel,SKIP
as-735_G_366.mtx,bfp8_outlier_lb,bfp8_outlier_lb,controlled_lossy_value_specialized,ok,none,accuracy_pass_runtime_win,0.0096,0.0085,1.656250,1.041667,,43638,107856,bfp8_outlier,bfp8_outlier,false,0,0,false,0,spmv_max_rel,SKIP
as-735_G_366.mtx,bfp4_lb,bfp4_lb,controlled_lossy_value_specialized,ok,none,accuracy_pass_runtime_loss,0.0142,0.0132,1.119718,0.704225,,35301,107856,bfp4,bfp4,false,0,0,false,0,spmv_max_rel,SKIP
as-735_G_366.mtx,hybrid_lb,hybrid_lb,structural_hybrid,ok,none,promoted_fallback,0.0126,0.0106,1.261905,0.793651,,133392,,original,raw_double,false,,,1,0,exact_abs_or_rel,SKIP
as-735_G_366.mtx,cusparse_default,cusparse_csr,external_baseline,ok,none,external_baseline,0.0159,0.0123,1.000000,0.628931,,133392,97564,original,original,false,,,true,0,exact_abs_or_rel,SKIP
as-735_G_374.mtx,original_lb,original_lb,load_balanced_traversal,ok,none,promoted_fallback,0.0097,0.0080,1.721649,1.000000,,135080,109360,original,original,false,0,0,true,0,exact_abs_or_rel,SKIP
as-735_G_374.mtx,auto_lossless_lb,all_one_lb,lossless_value_specialized,ok,none,accuracy_pass_runtime_loss,0.0105,0.0094,1.590476,0.923810,,0,109360,auto_lossless,all_one,true,1,0,true,0,exact_abs_or_rel,SKIP
as-735_G_374.mtx,fp16_lb,fp16_lb,controlled_lossy_value_specialized,ok,none,accuracy_pass_runtime_loss,0.0097,0.0090,1.721649,1.000000,,33770,109360,fp16,fp16,false,0,0,false,0,spmv_max_rel,SKIP
as-735_G_374.mtx,bf16_lb,bf16_lb,controlled_lossy_value_specialized,ok,none,accuracy_pass_runtime_win,0.0096,0.0088,1.739583,1.010417,,33770,109360,bf16,bf16,false,0,0,false,0,spmv_max_rel,SKIP
as-735_G_374.mtx,bfp8_lb,bfp8_lb,controlled_lossy_value_specialized,ok,none,accuracy_pass_runtime_loss,0.0103,0.0097,1.621359,0.941748,,44225,109360,bfp8,bfp8,false,0,0,false,0,spmv_max_rel,SKIP
as-735_G_374.mtx,bfp8_outlier_lb,bfp8_outlier_lb,controlled_lossy_value_specialized,ok,none,accuracy_pass_runtime_loss,0.0101,0.0091,1.653465,0.960396,,44225,109360,bfp8_outlier,bfp8_outlier,false,0,0,false,0,spmv_max_rel,SKIP
as-735_G_374.mtx,bfp4_lb,bfp4_lb,controlled_lossy_value_specialized,ok,none,accuracy_pass_runtime_loss,0.0154,0.0140,1.084416,0.629870,,35783,109360,bfp4,bfp4,false,0,0,false,0,spmv_max_rel,SKIP
as-735_G_374.mtx,hybrid_lb,hybrid_lb,structural_hybrid,ok,none,promoted_fallback,0.0115,0.0104,1.452174,0.843478,,135080,,original,raw_double,false,,,1,0,exact_abs_or_rel,SKIP
as-735_G_374.mtx,cusparse_default,cusparse_csr,external_baseline,ok,none,external_baseline,0.0167,0.0123,1.000000,0.580838,,135080,98408,original,original,false,,,true,0,exact_abs_or_rel,SKIP
as-735_G_382.mtx,original_lb,original_lb,load_balanced_traversal,ok,none,promoted_fallback,0.0098,0.0089,1.632653,1.000000,,135368,109640,original,original,false,0,0,true,0,exact_abs_or_rel,SKIP
as-735_G_382.mtx,auto_lossless_lb,all_one_lb,lossless_value_specialized,ok,none,accuracy_pass_runtime_loss,0.0100,0.0080,1.600000,0.980000,,0,109640,auto_lossless,all_one,true,1,0,true,0,exact_abs_or_rel,SKIP
as-735_G_382.mtx,fp16_lb,fp16_lb,controlled_lossy_value_specialized,ok,none,accuracy_pass_runtime_loss,0.0102,0.0096,1.568627,0.960784,,33842,109640,fp16,fp16,false,0,0,false,0,spmv_max_rel,SKIP
as-735_G_382.mtx,bf16_lb,bf16_lb,controlled_lossy_value_specialized,ok,none,accuracy_pass_runtime_loss,0.0099,0.0089,1.616162,0.989899,,33842,109640,bf16,bf16,false,0,0,false,0,spmv_max_rel,SKIP
as-735_G_382.mtx,bfp8_lb,bfp8_lb,controlled_lossy_value_specialized,ok,none,accuracy_pass_runtime_loss,0.0099,0.0092,1.616162,0.989899,,44331,109640,bfp8,bfp8,false,0,0,false,0,spmv_max_rel,SKIP
as-735_G_382.mtx,bfp8_outlier_lb,bfp8_outlier_lb,controlled_lossy_value_specialized,ok,none,accuracy_pass_runtime_loss,0.0101,0.0094,1.584158,0.970297,,44331,109640,bfp8_outlier,bfp8_outlier,false,0,0,false,0,spmv_max_rel,SKIP
as-735_G_382.mtx,bfp4_lb,bfp4_lb,controlled_lossy_value_specialized,ok,none,accuracy_pass_runtime_loss,0.0145,0.0138,1.103448,0.675862,,35871,109640,bfp4,bfp4,false,0,0,false,0,spmv_max_rel,SKIP
as-735_G_382.mtx,hybrid_lb,hybrid_lb,structural_hybrid,ok,none,promoted_fallback,0.0126,0.0108,1.269841,0.777778,,135368,,original,raw_double,false,,,1,0,exact_abs_or_rel,SKIP
as-735_G_382.mtx,cusparse_default,cusparse_csr,external_baseline,ok,none,external_baseline,0.0160,0.0123,1.000000,0.612500,,135368,98552,original,original,false,,,true,0,exact_abs_or_rel,SKIP
as-735_G_390.mtx,original_lb,original_lb,load_balanced_traversal,ok,none,promoted_fallback,0.0096,0.0081,1.677083,1.000000,,136632,110656,original,original,false,0,0,true,0,exact_abs_or_rel,SKIP
as-735_G_390.mtx,auto_lossless_lb,all_one_lb,lossless_value_specialized,ok,none,accuracy_pass_runtime_loss,0.0099,0.0092,1.626263,0.969697,,0,110656,auto_lossless,all_one,true,1,0,true,0,exact_abs_or_rel,SKIP
as-735_G_390.mtx,fp16_lb,fp16_lb,controlled_lossy_value_specialized,ok,none,accuracy_pass_runtime_win,0.0090,0.0080,1.788889,1.066667,,34158,110656,fp16,fp16,false,0,0,false,0,spmv_max_rel,SKIP
as-735_G_390.mtx,bf16_lb,bf16_lb,controlled_lossy_value_specialized,ok,none,accuracy_pass_runtime_win,0.0089,0.0081,1.808989,1.078652,,34158,110656,bf16,bf16,false,0,0,false,0,spmv_max_rel,SKIP
as-735_G_390.mtx,bfp8_lb,bfp8_lb,controlled_lossy_value_specialized,ok,none,accuracy_pass_runtime_loss,0.0100,0.0092,1.610000,0.960000,,44743,110656,bfp8,bfp8,false,0,0,false,0,spmv_max_rel,SKIP
as-735_G_390.mtx,bfp8_outlier_lb,bfp8_outlier_lb,controlled_lossy_value_specialized,ok,none,accuracy_pass_runtime_loss,0.0122,0.0108,1.319672,0.786885,,44743,110656,bfp8_outlier,bfp8_outlier,false,0,0,false,0,spmv_max_rel,SKIP
as-735_G_390.mtx,bfp4_lb,bfp4_lb,controlled_lossy_value_specialized,ok,none,accuracy_pass_runtime_loss,0.0144,0.0132,1.118056,0.666667,,36204,110656,bfp4,bfp4,false,0,0,false,0,spmv_max_rel,SKIP
as-735_G_390.mtx,hybrid_lb,hybrid_lb,structural_hybrid,ok,none,promoted_fallback,0.0123,0.0106,1.308943,0.780488,,136632,,original,raw_double,false,,,1,0,exact_abs_or_rel,SKIP
as-735_G_390.mtx,cusparse_default,cusparse_csr,external_baseline,ok,none,external_baseline,0.0161,0.0143,1.000000,0.596273,,136632,99184,original,original,false,,,true,0,exact_abs_or_rel,SKIP
as-735_G_398.mtx,original_lb,original_lb,load_balanced_traversal,ok,none,promoted_fallback,0.0097,0.0077,1.639175,1.000000,,138112,111648,original,original,false,0,0,true,0,exact_abs_or_rel,SKIP
as-735_G_398.mtx,auto_lossless_lb,all_one_lb,lossless_value_specialized,ok,none,accuracy_pass_runtime_loss,0.0100,0.0082,1.590000,0.970000,,0,111648,auto_lossless,all_one,true,1,0,true,0,exact_abs_or_rel,SKIP
as-735_G_398.mtx,fp16_lb,fp16_lb,controlled_lossy_value_specialized,ok,none,accuracy_pass_runtime_loss,0.0097,0.0083,1.639175,1.000000,,34528,111648,fp16,fp16,false,0,0,false,0,spmv_max_rel,SKIP
as-735_G_398.mtx,bf16_lb,bf16_lb,controlled_lossy_value_specialized,ok,none,accuracy_pass_runtime_win,0.0094,0.0082,1.691489,1.031915,,34528,111648,bf16,bf16,false,0,0,false,0,spmv_max_rel,SKIP
as-735_G_398.mtx,bfp8_lb,bfp8_lb,controlled_lossy_value_specialized,ok,none,accuracy_pass_runtime_loss,0.0104,0.0091,1.528846,0.932692,,45176,111648,bfp8,bfp8,false,0,0,false,0,spmv_max_rel,SKIP
as-735_G_398.mtx,bfp8_outlier_lb,bfp8_outlier_lb,controlled_lossy_value_specialized,ok,none,accuracy_pass_runtime_loss,0.0111,0.0100,1.432432,0.873874,,45176,111648,bfp8_outlier,bfp8_outlier,false,0,0,false,0,spmv_max_rel,SKIP
as-735_G_398.mtx,bfp4_lb,bfp4_lb,controlled_lossy_value_specialized,ok,none,accuracy_pass_runtime_loss,0.0145,0.0132,1.096552,0.668966,,36544,111648,bfp4,bfp4,false,0,0,false,0,spmv_max_rel,SKIP
as-735_G_398.mtx,hybrid_lb,hybrid_lb,structural_hybrid,ok,none,promoted_fallback,0.0115,0.0099,1.382609,0.843478,,138112,,original,raw_double,false,,,1,0,exact_abs_or_rel,SKIP
as-735_G_398.mtx,cusparse_default,cusparse_csr,external_baseline,ok,none,external_baseline,0.0159,0.0123,1.000000,0.610063,,138112,99924,original,original,false,,,true,0,exact_abs_or_rel,SKIP
as-735_G_406.mtx,original_lb,original_lb,load_balanced_traversal,ok,none,promoted_fallback,0.0097,0.0079,1.608247,1.000000,,19032,17688,original,original,false,0,0,true,0,exact_abs_or_rel,SKIP
as-735_G_406.mtx,auto_lossless_lb,all_one_lb,lossless_value_specialized,ok,none,accuracy_pass_runtime_loss,0.0097,0.0078,1.608247,1.000000,,0,17688,auto_lossless,all_one,true,1,0,true,0,exact_abs_or_rel,SKIP
as-735_G_406.mtx,fp16_lb,fp16_lb,controlled_lossy_value_specialized,ok,none,accuracy_pass_runtime_loss,0.0100,0.0092,1.560000,0.970000,,4758,17688,fp16,fp16,false,0,0,false,0,spmv_max_rel,SKIP
as-735_G_406.mtx,bf16_lb,bf16_lb,controlled_lossy_value_specialized,ok,none,accuracy_pass_runtime_loss,0.0100,0.0092,1.560000,0.970000,,4758,17688,bf16,bf16,false,0,0,false,0,spmv_max_rel,SKIP
as-735_G_406.mtx,bfp8_lb,bfp8_lb,controlled_lossy_value_specialized,ok,none,accuracy_pass_runtime_loss,0.0106,0.0094,1.471698,0.915094,,6801,17688,bfp8,bfp8,false,0,0,false,0,spmv_max_rel,SKIP
as-735_G_406.mtx,bfp8_outlier_lb,bfp8_outlier_lb,controlled_lossy_value_specialized,ok,none,accuracy_pass_runtime_win,0.0091,0.0078,1.714286,1.065934,,6801,17688,bfp8_outlier,bfp8_outlier,false,0,0,false,0,spmv_max_rel,SKIP
as-735_G_406.mtx,bfp4_lb,bfp4_lb,controlled_lossy_value_specialized,ok,none,accuracy_pass_runtime_loss,0.0133,0.0123,1.172932,0.729323,,5612,17688,bfp4,bfp4,false,0,0,false,0,spmv_max_rel,SKIP
as-735_G_406.mtx,hybrid_lb,hybrid_lb,structural_hybrid,ok,none,promoted_fallback,0.0079,0.0070,1.974684,1.227848,,19032,,original,raw_double,false,,,1,0,exact_abs_or_rel,SKIP
as-735_G_406.mtx,cusparse_default,cusparse_csr,external_baseline,ok,none,external_baseline,0.0156,0.0123,1.000000,0.621795,,19032,40384,original,original,false,,,true,0,exact_abs_or_rel,SKIP
as-735_G_414.mtx,original_lb,original_lb,load_balanced_traversal,ok,none,promoted_fallback,0.0078,0.0059,2.192308,1.000000,,20600,19056,original,original,false,0,0,true,0,exact_abs_or_rel,SKIP
as-735_G_414.mtx,auto_lossless_lb,all_one_lb,lossless_value_specialized,ok,none,accuracy_pass_runtime_loss,0.0086,0.0074,1.988372,0.906977,,0,19056,auto_lossless,all_one,true,1,0,true,0,exact_abs_or_rel,SKIP
as-735_G_414.mtx,fp16_lb,fp16_lb,controlled_lossy_value_specialized,ok,none,accuracy_pass_runtime_loss,0.0093,0.0075,1.838710,0.838710,,5150,19056,fp16,fp16,false,0,0,false,0,spmv_max_rel,SKIP
as-735_G_414.mtx,bf16_lb,bf16_lb,controlled_lossy_value_specialized,ok,none,accuracy_pass_runtime_loss,0.0092,0.0076,1.858696,0.847826,,5150,19056,bf16,bf16,false,0,0,false,0,spmv_max_rel,SKIP
as-735_G_414.mtx,bfp8_lb,bfp8_lb,controlled_lossy_value_specialized,ok,none,accuracy_pass_runtime_loss,0.0089,0.0077,1.921348,0.876404,,7339,19056,bfp8,bfp8,false,0,0,false,0,spmv_max_rel,SKIP
as-735_G_414.mtx,bfp8_outlier_lb,bfp8_outlier_lb,controlled_lossy_value_specialized,ok,none,accuracy_pass_runtime_loss,0.0091,0.0074,1.879121,0.857143,,7339,19056,bfp8_outlier,bfp8_outlier,false,0,0,false,0,spmv_max_rel,SKIP
as-735_G_414.mtx,bfp4_lb,bfp4_lb,controlled_lossy_value_specialized,ok,none,accuracy_pass_runtime_loss,0.0141,0.0124,1.212766,0.553191,,6052,19056,bfp4,bfp4,false,0,0,false,0,spmv_max_rel,SKIP
as-735_G_414.mtx,hybrid_lb,hybrid_lb,structural_hybrid,ok,none,promoted_fallback,0.0084,0.0064,2.035714,0.928571,,20600,,original,raw_double,false,,,1,0,exact_abs_or_rel,SKIP
as-735_G_414.mtx,cusparse_default,cusparse_csr,external_baseline,ok,none,external_baseline,0.0171,0.0143,1.000000,0.456140,,20600,41168,original,original,false,,,true,0,exact_abs_or_rel,SKIP
as-735_G_422.mtx,original_lb,original_lb,load_balanced_traversal,ok,none,promoted_fallback,0.0108,0.0093,1.546296,1.000000,,140784,114200,original,original,false,0,0,true,0,exact_abs_or_rel,SKIP
as-735_G_422.mtx,auto_lossless_lb,all_one_lb,lossless_value_specialized,ok,none,accuracy_pass_runtime_loss,0.0108,0.0097,1.546296,1.000000,,0,114200,auto_lossless,all_one,true,1,0,true,0,exact_abs_or_rel,SKIP
as-735_G_422.mtx,fp16_lb,fp16_lb,controlled_lossy_value_specialized,ok,none,accuracy_pass_runtime_win,0.0092,0.0083,1.815217,1.173913,,35196,114200,fp16,fp16,false,0,0,false,0,spmv_max_rel,SKIP
as-735_G_422.mtx,bf16_lb,bf16_lb,controlled_lossy_value_specialized,ok,none,accuracy_pass_runtime_win,0.0091,0.0088,1.835165,1.186813,,35196,114200,bf16,bf16,false,0,0,false,0,spmv_max_rel,SKIP
as-735_G_422.mtx,bfp8_lb,bfp8_lb,controlled_lossy_value_specialized,ok,none,accuracy_pass_runtime_win,0.0095,0.0084,1.757895,1.136842,,46148,114200,bfp8,bfp8,false,0,0,false,0,spmv_max_rel,SKIP
as-735_G_422.mtx,bfp8_outlier_lb,bfp8_outlier_lb,controlled_lossy_value_specialized,ok,none,accuracy_pass_runtime_win,0.0098,0.0086,1.704082,1.102041,,46148,114200,bfp8_outlier,bfp8_outlier,false,0,0,false,0,spmv_max_rel,SKIP
as-735_G_422.mtx,bfp4_lb,bfp4_lb,controlled_lossy_value_specialized,ok,none,accuracy_pass_runtime_loss,0.0137,0.0126,1.218978,0.788321,,37349,114200,bfp4,bfp4,false,0,0,false,0,spmv_max_rel,SKIP
as-735_G_422.mtx,hybrid_lb,hybrid_lb,structural_hybrid,ok,none,promoted_fallback,0.0119,0.0099,1.403361,0.907563,,140784,,original,raw_double,false,,,1,0,exact_abs_or_rel,SKIP
as-735_G_422.mtx,cusparse_default,cusparse_csr,external_baseline,ok,none,external_baseline,0.0167,0.0123,1.000000,0.646707,,140784,101260,original,original,false,,,true,0,exact_abs_or_rel,SKIP
as-735_G_430.mtx,original_lb,original_lb,load_balanced_traversal,ok,none,promoted_fallback,0.0108,0.0094,1.490741,1.000000,,142232,115440,original,original,false,0,0,true,0,exact_abs_or_rel,SKIP
as-735_G_430.mtx,auto_lossless_lb,all_one_lb,lossless_value_specialized,ok,none,accuracy_pass_runtime_win,0.0101,0.0094,1.594059,1.069307,,0,115440,auto_lossless,all_one,true,1,0,true,0,exact_abs_or_rel,SKIP
as-735_G_430.mtx,fp16_lb,fp16_lb,controlled_lossy_value_specialized,ok,none,accuracy_pass_runtime_win,0.0093,0.0084,1.731183,1.161290,,35558,115440,fp16,fp16,false,0,0,false,0,spmv_max_rel,SKIP
as-735_G_430.mtx,bf16_lb,bf16_lb,controlled_lossy_value_specialized,ok,none,accuracy_pass_runtime_win,0.0094,0.0083,1.712766,1.148936,,35558,115440,bf16,bf16,false,0,0,false,0,spmv_max_rel,SKIP
as-735_G_430.mtx,bfp8_lb,bfp8_lb,controlled_lossy_value_specialized,ok,none,accuracy_pass_runtime_win,0.0094,0.0086,1.712766,1.148936,,46639,115440,bfp8,bfp8,false,0,0,false,0,spmv_max_rel,SKIP
as-735_G_430.mtx,bfp8_outlier_lb,bfp8_outlier_lb,controlled_lossy_value_specialized,ok,none,accuracy_pass_runtime_win,0.0095,0.0087,1.694737,1.136842,,46639,115440,bfp8_outlier,bfp8_outlier,false,0,0,false,0,spmv_max_rel,SKIP
as-735_G_430.mtx,bfp4_lb,bfp4_lb,controlled_lossy_value_specialized,ok,none,accuracy_pass_runtime_loss,0.0137,0.0127,1.175182,0.788321,,37750,115440,bfp4,bfp4,false,0,0,false,0,spmv_max_rel,SKIP
as-735_G_430.mtx,hybrid_lb,hybrid_lb,structural_hybrid,ok,none,promoted_fallback,0.0117,0.0107,1.376068,0.923077,,142232,,original,raw_double,false,,,1,0,exact_abs_or_rel,SKIP
as-735_G_430.mtx,cusparse_default,cusparse_csr,external_baseline,ok,none,external_baseline,0.0161,0.0123,1.000000,0.670807,,142232,101984,original,original,false,,,true,0,exact_abs_or_rel,SKIP
as-735_G_438.mtx,original_lb,original_lb,load_balanced_traversal,ok,none,promoted_fallback,0.0113,0.0095,1.575221,1.000000,,143880,116944,original,original,false,0,0,true,0,exact_abs_or_rel,SKIP
as-735_G_438.mtx,auto_lossless_lb,all_one_lb,lossless_value_specialized,ok,none,accuracy_pass_runtime_win,0.0096,0.0079,1.854167,1.177083,,0,116944,auto_lossless,all_one,true,1,0,true,0,exact_abs_or_rel,SKIP
as-735_G_438.mtx,fp16_lb,fp16_lb,controlled_lossy_value_specialized,ok,none,accuracy_pass_runtime_win,0.0093,0.0078,1.913978,1.215054,,35970,116944,fp16,fp16,false,0,0,false,0,spmv_max_rel,SKIP
as-735_G_438.mtx,bf16_lb,bf16_lb,controlled_lossy_value_specialized,ok,none,accuracy_pass_runtime_win,0.0093,0.0083,1.913978,1.215054,,35970,116944,bf16,bf16,false,0,0,false,0,spmv_max_rel,SKIP
as-735_G_438.mtx,bfp8_lb,bfp8_lb,controlled_lossy_value_specialized,ok,none,accuracy_pass_runtime_win,0.0097,0.0085,1.835052,1.164948,,47221,116944,bfp8,bfp8,false,0,0,false,0,spmv_max_rel,SKIP
as-735_G_438.mtx,bfp8_outlier_lb,bfp8_outlier_lb,controlled_lossy_value_specialized,ok,none,accuracy_pass_runtime_win,0.0098,0.0086,1.816327,1.153061,,47221,116944,bfp8_outlier,bfp8_outlier,false,0,0,false,0,spmv_max_rel,SKIP
as-735_G_438.mtx,bfp4_lb,bfp4_lb,controlled_lossy_value_specialized,ok,none,accuracy_pass_runtime_loss,0.0149,0.0138,1.194631,0.758389,,38229,116944,bfp4,bfp4,false,0,0,false,0,spmv_max_rel,SKIP
as-735_G_438.mtx,hybrid_lb,hybrid_lb,structural_hybrid,ok,none,promoted_fallback,0.0116,0.0108,1.534483,0.974138,,143880,,original,raw_double,false,,,1,0,exact_abs_or_rel,SKIP
as-735_G_438.mtx,cusparse_default,cusparse_csr,external_baseline,ok,none,external_baseline,0.0178,0.0123,1.000000,0.634831,,143880,102808,original,original,false,,,true,0,exact_abs_or_rel,SKIP
as-735_G_446.mtx,original_lb,original_lb,load_balanced_traversal,ok,none,promoted_fallback,0.0108,0.0094,1.472222,1.000000,,145640,118440,original,original,false,0,0,true,0,exact_abs_or_rel,SKIP
as-735_G_446.mtx,auto_lossless_lb,all_one_lb,lossless_value_specialized,ok,none,accuracy_pass_runtime_loss,0.0108,0.0095,1.472222,1.000000,,0,118440,auto_lossless,all_one,true,1,0,true,0,exact_abs_or_rel,SKIP
as-735_G_446.mtx,fp16_lb,fp16_lb,controlled_lossy_value_specialized,ok,none,accuracy_pass_runtime_loss,0.0108,0.0091,1.472222,1.000000,,36410,118440,fp16,fp16,false,0,0,false,0,spmv_max_rel,SKIP
as-735_G_446.mtx,bf16_lb,bf16_lb,controlled_lossy_value_specialized,ok,none,accuracy_pass_runtime_loss,0.0110,0.0092,1.445455,0.981818,,36410,118440,bf16,bf16,false,0,0,false,0,spmv_max_rel,SKIP
as-735_G_446.mtx,bfp8_lb,bfp8_lb,controlled_lossy_value_specialized,ok,none,accuracy_pass_runtime_loss,0.0118,0.0103,1.347458,0.915254,,47815,118440,bfp8,bfp8,false,0,0,false,0,spmv_max_rel,SKIP
as-735_G_446.mtx,bfp8_outlier_lb,bfp8_outlier_lb,controlled_lossy_value_specialized,ok,none,accuracy_pass_runtime_loss,0.0108,0.0098,1.472222,1.000000,,47815,118440,bfp8_outlier,bfp8_outlier,false,0,0,false,0,spmv_max_rel,SKIP
as-735_G_446.mtx,bfp4_lb,bfp4_lb,controlled_lossy_value_specialized,ok,none,accuracy_pass_runtime_loss,0.0149,0.0139,1.067114,0.724832,,38713,118440,bfp4,bfp4,false,0,0,false,0,spmv_max_rel,SKIP
as-735_G_446.mtx,hybrid_lb,hybrid_lb,structural_hybrid,ok,none,promoted_fallback,0.0125,0.0108,1.272000,0.864000,,145640,,original,raw_double,false,,,1,0,exact_abs_or_rel,SKIP
as-735_G_446.mtx,cusparse_default,cusparse_csr,external_baseline,ok,none,external_baseline,0.0159,0.0123,1.000000,0.679245,,145640,103688,original,original,false,,,true,0,exact_abs_or_rel,SKIP
as-735_G_454.mtx,original_lb,original_lb,load_balanced_traversal,ok,none,promoted_fallback,0.0097,0.0079,1.649485,1.000000,,147032,119624,original,original,false,0,0,true,0,exact_abs_or_rel,SKIP
as-735_G_454.mtx,auto_lossless_lb,all_one_lb,lossless_value_specialized,ok,none,accuracy_pass_runtime_loss,0.0100,0.0092,1.600000,0.970000,,0,119624,auto_lossless,all_one,true,1,0,true,0,exact_abs_or_rel,SKIP
as-735_G_454.mtx,fp16_lb,fp16_lb,controlled_lossy_value_specialized,ok,none,accuracy_pass_runtime_loss,0.0098,0.0080,1.632653,0.989796,,36758,119624,fp16,fp16,false,0,0,false,0,spmv_max_rel,SKIP
as-735_G_454.mtx,bf16_lb,bf16_lb,controlled_lossy_value_specialized,ok,none,accuracy_pass_runtime_loss,0.0099,0.0090,1.616162,0.979798,,36758,119624,bf16,bf16,false,0,0,false,0,spmv_max_rel,SKIP
as-735_G_454.mtx,bfp8_lb,bfp8_lb,controlled_lossy_value_specialized,ok,none,accuracy_pass_runtime_loss,0.0102,0.0092,1.568627,0.950980,,48285,119624,bfp8,bfp8,false,0,0,false,0,spmv_max_rel,SKIP
as-735_G_454.mtx,bfp8_outlier_lb,bfp8_outlier_lb,controlled_lossy_value_specialized,ok,none,accuracy_pass_runtime_loss,0.0102,0.0090,1.568627,0.950980,,48285,119624,bfp8_outlier,bfp8_outlier,false,0,0,false,0,spmv_max_rel,SKIP
as-735_G_454.mtx,bfp4_lb,bfp4_lb,controlled_lossy_value_specialized,ok,none,accuracy_pass_runtime_loss,0.0139,0.0126,1.151079,0.697842,,39096,119624,bfp4,bfp4,false,0,0,false,0,spmv_max_rel,SKIP
as-735_G_454.mtx,hybrid_lb,hybrid_lb,structural_hybrid,ok,none,promoted_fallback,0.0118,0.0110,1.355932,0.822034,,147032,,original,raw_double,false,,,1,0,exact_abs_or_rel,SKIP
as-735_G_454.mtx,cusparse_default,cusparse_csr,external_baseline,ok,none,external_baseline,0.0160,0.0123,1.000000,0.606250,,147032,104384,original,original,false,,,true,0,exact_abs_or_rel,SKIP
as-735_G_462.mtx,original_lb,original_lb,load_balanced_traversal,ok,none,promoted_fallback,0.0099,0.0087,1.545455,1.000000,,149000,121312,original,original,false,0,0,true,0,exact_abs_or_rel,SKIP
as-735_G_462.mtx,auto_lossless_lb,all_one_lb,lossless_value_specialized,ok,none,accuracy_pass_runtime_loss,0.0101,0.0080,1.514851,0.980198,,0,121312,auto_lossless,all_one,true,1,0,true,0,exact_abs_or_rel,SKIP
as-735_G_462.mtx,fp16_lb,fp16_lb,controlled_lossy_value_specialized,ok,none,accuracy_pass_runtime_loss,0.0102,0.0089,1.500000,0.970588,,37250,121312,fp16,fp16,false,0,0,false,0,spmv_max_rel,SKIP
as-735_G_462.mtx,bf16_lb,bf16_lb,controlled_lossy_value_specialized,ok,none,accuracy_pass_runtime_loss,0.0103,0.0092,1.485437,0.961165,,37250,121312,bf16,bf16,false,0,0,false,0,spmv_max_rel,SKIP
as-735_G_462.mtx,bfp8_lb,bfp8_lb,controlled_lossy_value_specialized,ok,none,accuracy_pass_runtime_loss,0.0099,0.0091,1.545455,1.000000,,48953,121312,bfp8,bfp8,false,0,0,false,0,spmv_max_rel,SKIP
as-735_G_462.mtx,bfp8_outlier_lb,bfp8_outlier_lb,controlled_lossy_value_specialized,ok,none,accuracy_pass_runtime_loss,0.0105,0.0091,1.457143,0.942857,,48953,121312,bfp8_outlier,bfp8_outlier,false,0,0,false,0,spmv_max_rel,SKIP
as-735_G_462.mtx,bfp4_lb,bfp4_lb,controlled_lossy_value_specialized,ok,none,accuracy_pass_runtime_loss,0.0146,0.0134,1.047945,0.678082,,39641,121312,bfp4,bfp4,false,0,0,false,0,spmv_max_rel,SKIP
as-735_G_462.mtx,hybrid_lb,hybrid_lb,structural_hybrid,ok,none,promoted_fallback,0.0163,0.0134,0.938650,0.607362,,149000,,original,raw_double,false,,,1,0,exact_abs_or_rel,SKIP
as-735_G_462.mtx,cusparse_default,cusparse_csr,external_baseline,ok,none,external_baseline,0.0153,0.0123,1.000000,0.647059,,149000,105368,original,original,false,,,true,0,exact_abs_or_rel,SKIP
as-735_G_470.mtx,original_lb,original_lb,load_balanced_traversal,ok,none,promoted_fallback,0.0090,0.0075,1.800000,1.000000,,149640,121920,original,original,false,0,0,true,0,exact_abs_or_rel,SKIP
as-735_G_470.mtx,auto_lossless_lb,all_one_lb,lossless_value_specialized,ok,none,accuracy_pass_runtime_loss,0.0100,0.0090,1.620000,0.900000,,0,121920,auto_lossless,all_one,true,1,0,true,0,exact_abs_or_rel,SKIP
as-735_G_470.mtx,fp16_lb,fp16_lb,controlled_lossy_value_specialized,ok,none,accuracy_pass_runtime_loss,0.0095,0.0088,1.705263,0.947368,,37410,121920,fp16,fp16,false,0,0,false,0,spmv_max_rel,SKIP
as-735_G_470.mtx,bf16_lb,bf16_lb,controlled_lossy_value_specialized,ok,none,accuracy_pass_runtime_loss,0.0098,0.0092,1.653061,0.918367,,37410,121920,bf16,bf16,false,0,0,false,0,spmv_max_rel,SKIP
as-735_G_470.mtx,bfp8_lb,bfp8_lb,controlled_lossy_value_specialized,ok,none,accuracy_pass_runtime_loss,0.0102,0.0098,1.588235,0.882353,,49185,121920,bfp8,bfp8,false,0,0,false,0,spmv_max_rel,SKIP
as-735_G_470.mtx,bfp8_outlier_lb,bfp8_outlier_lb,controlled_lossy_value_specialized,ok,none,accuracy_pass_runtime_loss,0.0105,0.0098,1.542857,0.857143,,49185,121920,bfp8_outlier,bfp8_outlier,false,0,0,false,0,spmv_max_rel,SKIP
as-735_G_470.mtx,bfp4_lb,bfp4_lb,controlled_lossy_value_specialized,ok,none,accuracy_pass_runtime_loss,0.0141,0.0132,1.148936,0.638298,,39833,121920,bfp4,bfp4,false,0,0,false,0,spmv_max_rel,SKIP
as-735_G_470.mtx,hybrid_lb,hybrid_lb,structural_hybrid,ok,none,promoted_fallback,0.0122,0.0108,1.327869,0.737705,,149640,,original,raw_double,false,,,1,0,exact_abs_or_rel,SKIP
as-735_G_470.mtx,cusparse_default,cusparse_csr,external_baseline,ok,none,external_baseline,0.0162,0.0123,1.000000,0.555556,,149640,105688,original,original,false,,,true,0,exact_abs_or_rel,SKIP
as-735_G_478.mtx,original_lb,original_lb,load_balanced_traversal,ok,none,promoted_fallback,0.0099,0.0085,1.585859,1.000000,,150688,122912,original,original,false,0,0,true,0,exact_abs_or_rel,SKIP
as-735_G_478.mtx,auto_lossless_lb,all_one_lb,lossless_value_specialized,ok,none,accuracy_pass_runtime_loss,0.0099,0.0079,1.585859,1.000000,,0,122912,auto_lossless,all_one,true,1,0,true,0,exact_abs_or_rel,SKIP
as-735_G_478.mtx,fp16_lb,fp16_lb,controlled_lossy_value_specialized,ok,none,accuracy_pass_runtime_win,0.0098,0.0090,1.602041,1.010204,,37672,122912,fp16,fp16,false,0,0,false,0,spmv_max_rel,SKIP
as-735_G_478.mtx,bf16_lb,bf16_lb,controlled_lossy_value_specialized,ok,none,accuracy_pass_runtime_win,0.0098,0.0088,1.602041,1.010204,,37672,122912,bf16,bf16,false,0,0,false,0,spmv_max_rel,SKIP
as-735_G_478.mtx,bfp8_lb,bfp8_lb,controlled_lossy_value_specialized,ok,none,accuracy_pass_runtime_loss,0.0101,0.0093,1.554455,0.980198,,49564,122912,bfp8,bfp8,false,0,0,false,0,spmv_max_rel,SKIP
as-735_G_478.mtx,bfp8_outlier_lb,bfp8_outlier_lb,controlled_lossy_value_specialized,ok,none,accuracy_pass_runtime_loss,0.0100,0.0091,1.570000,0.990000,,49564,122912,bfp8_outlier,bfp8_outlier,false,0,0,false,0,spmv_max_rel,SKIP
as-735_G_478.mtx,bfp4_lb,bfp4_lb,controlled_lossy_value_specialized,ok,none,accuracy_pass_runtime_loss,0.0141,0.0134,1.113475,0.702128,,40146,122912,bfp4,bfp4,false,0,0,false,0,spmv_max_rel,SKIP
as-735_G_478.mtx,hybrid_lb,hybrid_lb,structural_hybrid,ok,none,promoted_fallback,0.0118,0.0111,1.330508,0.838983,,150688,,original,raw_double,false,,,1,0,exact_abs_or_rel,SKIP
as-735_G_478.mtx,cusparse_default,cusparse_csr,external_baseline,ok,none,external_baseline,0.0157,0.0123,1.000000,0.630573,,150688,106212,original,original,false,,,true,0,exact_abs_or_rel,SKIP
as-735_G_486.mtx,original_lb,original_lb,load_balanced_traversal,ok,none,promoted_fallback,0.0096,0.0077,1.687500,1.000000,,152416,124408,original,original,false,0,0,true,0,exact_abs_or_rel,SKIP
as-735_G_486.mtx,auto_lossless_lb,all_one_lb,lossless_value_specialized,ok,none,accuracy_pass_runtime_loss,0.0099,0.0092,1.636364,0.969697,,0,124408,auto_lossless,all_one,true,1,0,true,0,exact_abs_or_rel,SKIP
as-735_G_486.mtx,fp16_lb,fp16_lb,controlled_lossy_value_specialized,ok,none,accuracy_pass_runtime_loss,0.0096,0.0080,1.687500,1.000000,,38104,124408,fp16,fp16,false,0,0,false,0,spmv_max_rel,SKIP
as-735_G_486.mtx,bf16_lb,bf16_lb,controlled_lossy_value_specialized,ok,none,accuracy_pass_runtime_loss,0.0103,0.0096,1.572816,0.932039,,38104,124408,bf16,bf16,false,0,0,false,0,spmv_max_rel,SKIP
as-735_G_486.mtx,bfp8_lb,bfp8_lb,controlled_lossy_value_specialized,ok,none,accuracy_pass_runtime_loss,0.0101,0.0094,1.603960,0.950495,,50154,124408,bfp8,bfp8,false,0,0,false,0,spmv_max_rel,SKIP
as-735_G_486.mtx,bfp8_outlier_lb,bfp8_outlier_lb,controlled_lossy_value_specialized,ok,none,accuracy_pass_runtime_win,0.0095,0.0086,1.705263,1.010526,,50154,124408,bfp8_outlier,bfp8_outlier,false,0,0,false,0,spmv_max_rel,SKIP
as-735_G_486.mtx,bfp4_lb,bfp4_lb,controlled_lossy_value_specialized,ok,none,accuracy_pass_runtime_loss,0.0143,0.0131,1.132867,0.671329,,40628,124408,bfp4,bfp4,false,0,0,false,0,spmv_max_rel,SKIP
as-735_G_486.mtx,hybrid_lb,hybrid_lb,structural_hybrid,ok,none,promoted_fallback,0.0122,0.0114,1.327869,0.786885,,152416,,original,raw_double,false,,,1,0,exact_abs_or_rel,SKIP
as-735_G_486.mtx,cusparse_default,cusparse_csr,external_baseline,ok,none,external_baseline,0.0162,0.0123,1.000000,0.592593,,152416,107076,original,original,false,,,true,0,exact_abs_or_rel,SKIP
as-735_G_494.mtx,original_lb,original_lb,load_balanced_traversal,ok,none,promoted_fallback,0.0096,0.0088,1.729167,1.000000,,154336,125968,original,original,false,0,0,true,0,exact_abs_or_rel,SKIP
as-735_G_494.mtx,auto_lossless_lb,all_one_lb,lossless_value_specialized,ok,none,accuracy_pass_runtime_loss,0.0099,0.0092,1.676768,0.969697,,0,125968,auto_lossless,all_one,true,1,0,true,0,exact_abs_or_rel,SKIP
as-735_G_494.mtx,fp16_lb,fp16_lb,controlled_lossy_value_specialized,ok,none,accuracy_pass_runtime_win,0.0095,0.0084,1.747368,1.010526,,38584,125968,fp16,fp16,false,0,0,false,0,spmv_max_rel,SKIP
as-735_G_494.mtx,bf16_lb,bf16_lb,controlled_lossy_value_specialized,ok,none,accuracy_pass_runtime_win,0.0092,0.0083,1.804348,1.043478,,38584,125968,bf16,bf16,false,0,0,false,0,spmv_max_rel,SKIP
as-735_G_494.mtx,bfp8_lb,bfp8_lb,controlled_lossy_value_specialized,ok,none,accuracy_pass_runtime_win,0.0094,0.0085,1.765957,1.021277,,50784,125968,bfp8,bfp8,false,0,0,false,0,spmv_max_rel,SKIP
as-735_G_494.mtx,bfp8_outlier_lb,bfp8_outlier_lb,controlled_lossy_value_specialized,ok,none,accuracy_pass_runtime_loss,0.0098,0.0086,1.693878,0.979592,,50784,125968,bfp8_outlier,bfp8_outlier,false,0,0,false,0,spmv_max_rel,SKIP
as-735_G_494.mtx,bfp4_lb,bfp4_lb,controlled_lossy_value_specialized,ok,none,accuracy_pass_runtime_loss,0.0143,0.0133,1.160839,0.671329,,41138,125968,bfp4,bfp4,false,0,0,false,0,spmv_max_rel,SKIP
as-735_G_494.mtx,hybrid_lb,hybrid_lb,structural_hybrid,ok,none,promoted_fallback,0.0131,0.0112,1.267176,0.732824,,154336,,original,raw_double,false,,,1,0,exact_abs_or_rel,SKIP
as-735_G_494.mtx,cusparse_default,cusparse_csr,external_baseline,ok,none,external_baseline,0.0166,0.0123,1.000000,0.578313,,154336,108036,original,original,false,,,true,0,exact_abs_or_rel,SKIP
as-735_G_502.mtx,original_lb,original_lb,load_balanced_traversal,ok,none,promoted_fallback,0.0098,0.0087,1.632653,1.000000,,157008,128368,original,original,false,0,0,true,0,exact_abs_or_rel,SKIP
as-735_G_502.mtx,auto_lossless_lb,all_one_lb,lossless_value_specialized,ok,none,accuracy_pass_runtime_loss,0.0100,0.0090,1.600000,0.980000,,0,128368,auto_lossless,all_one,true,1,0,true,0,exact_abs_or_rel,SKIP
as-735_G_502.mtx,fp16_lb,fp16_lb,controlled_lossy_value_specialized,ok,none,accuracy_pass_runtime_win,0.0097,0.0084,1.649485,1.010309,,39252,128368,fp16,fp16,false,0,0,false,0,spmv_max_rel,SKIP
as-735_G_502.mtx,bf16_lb,bf16_lb,controlled_lossy_value_specialized,ok,none,accuracy_pass_runtime_win,0.0092,0.0083,1.739130,1.065217,,39252,128368,bf16,bf16,false,0,0,false,0,spmv_max_rel,SKIP
as-735_G_502.mtx,bfp8_lb,bfp8_lb,controlled_lossy_value_specialized,ok,none,accuracy_pass_runtime_win,0.0093,0.0087,1.720430,1.053763,,51718,128368,bfp8,bfp8,false,0,0,false,0,spmv_max_rel,SKIP
as-735_G_502.mtx,bfp8_outlier_lb,bfp8_outlier_lb,controlled_lossy_value_specialized,ok,none,accuracy_pass_runtime_loss,0.0098,0.0076,1.632653,1.000000,,51718,128368,bfp8_outlier,bfp8_outlier,false,0,0,false,0,spmv_max_rel,SKIP
as-735_G_502.mtx,bfp4_lb,bfp4_lb,controlled_lossy_value_specialized,ok,none,accuracy_pass_runtime_loss,0.0140,0.0132,1.142857,0.700000,,41905,128368,bfp4,bfp4,false,0,0,false,0,spmv_max_rel,SKIP
as-735_G_502.mtx,hybrid_lb,hybrid_lb,structural_hybrid,ok,none,promoted_fallback,0.0125,0.0115,1.280000,0.784000,,157008,,original,raw_double,false,,,1,0,exact_abs_or_rel,SKIP
as-735_G_502.mtx,cusparse_default,cusparse_csr,external_baseline,ok,none,external_baseline,0.0160,0.0123,1.000000,0.612500,,157008,109372,original,original,false,,,true,0,exact_abs_or_rel,SKIP
as-735_G_510.mtx,original_lb,original_lb,load_balanced_traversal,ok,none,promoted_fallback,0.0096,0.0087,1.687500,1.000000,,158016,129360,original,original,false,0,0,true,0,exact_abs_or_rel,SKIP
as-735_G_510.mtx,auto_lossless_lb,all_one_lb,lossless_value_specialized,ok,none,accuracy_pass_runtime_loss,0.0098,0.0089,1.653061,0.979592,,0,129360,auto_lossless,all_one,true,1,0,true,0,exact_abs_or_rel,SKIP
as-735_G_510.mtx,fp16_lb,fp16_lb,controlled_lossy_value_specialized,ok,none,accuracy_pass_runtime_win,0.0094,0.0091,1.723404,1.021277,,39504,129360,fp16,fp16,false,0,0,false,0,spmv_max_rel,SKIP
as-735_G_510.mtx,bf16_lb,bf16_lb,controlled_lossy_value_specialized,ok,none,accuracy_pass_runtime_win,0.0094,0.0080,1.723404,1.021277,,39504,129360,bf16,bf16,false,0,0,false,0,spmv_max_rel,SKIP
as-735_G_510.mtx,bfp8_lb,bfp8_lb,controlled_lossy_value_specialized,ok,none,accuracy_pass_runtime_loss,0.0100,0.0084,1.620000,0.960000,,52092,129360,bfp8,bfp8,false,0,0,false,0,spmv_max_rel,SKIP
as-735_G_510.mtx,bfp8_outlier_lb,bfp8_outlier_lb,controlled_lossy_value_specialized,ok,none,accuracy_pass_runtime_loss,0.0098,0.0091,1.653061,0.979592,,52092,129360,bfp8_outlier,bfp8_outlier,false,0,0,false,0,spmv_max_rel,SKIP
as-735_G_510.mtx,bfp4_lb,bfp4_lb,controlled_lossy_value_specialized,ok,none,accuracy_pass_runtime_loss,0.0134,0.0126,1.208955,0.716418,,42216,129360,bfp4,bfp4,false,0,0,false,0,spmv_max_rel,SKIP
as-735_G_510.mtx,hybrid_lb,hybrid_lb,structural_hybrid,ok,none,promoted_fallback,0.0124,0.0111,1.306452,0.774194,,158016,,original,raw_double,false,,,1,0,exact_abs_or_rel,SKIP
as-735_G_510.mtx,cusparse_default,cusparse_csr,external_baseline,ok,none,external_baseline,0.0162,0.0123,1.000000,0.592593,,158016,109876,original,original,false,,,true,0,exact_abs_or_rel,SKIP
as-735_G_518.mtx,original_lb,original_lb,load_balanced_traversal,ok,none,promoted_fallback,0.0099,0.0088,1.616162,1.000000,,159664,130968,original,original,false,0,0,true,0,exact_abs_or_rel,SKIP
as-735_G_518.mtx,auto_lossless_lb,all_one_lb,lossless_value_specialized,ok,none,accuracy_pass_runtime_loss,0.0113,0.0092,1.415929,0.876106,,0,130968,auto_lossless,all_one,true,1,0,true,0,exact_abs_or_rel,SKIP
as-735_G_518.mtx,fp16_lb,fp16_lb,controlled_lossy_value_specialized,ok,none,accuracy_pass_runtime_win,0.0093,0.0086,1.720430,1.064516,,39916,130968,fp16,fp16,false,0,0,false,0,spmv_max_rel,SKIP
as-735_G_518.mtx,bf16_lb,bf16_lb,controlled_lossy_value_specialized,ok,none,accuracy_pass_runtime_loss,0.0102,0.0084,1.568627,0.970588,,39916,130968,bf16,bf16,false,0,0,false,0,spmv_max_rel,SKIP
as-735_G_518.mtx,bfp8_lb,bfp8_lb,controlled_lossy_value_specialized,ok,none,accuracy_pass_runtime_loss,0.0111,0.0107,1.441441,0.891892,,52700,130968,bfp8,bfp8,false,0,0,false,0,spmv_max_rel,SKIP
as-735_G_518.mtx,bfp8_outlier_lb,bfp8_outlier_lb,controlled_lossy_value_specialized,ok,none,accuracy_pass_runtime_loss,0.0107,0.0097,1.495327,0.925234,,52700,130968,bfp8_outlier,bfp8_outlier,false,0,0,false,0,spmv_max_rel,SKIP
as-735_G_518.mtx,bfp4_lb,bfp4_lb,controlled_lossy_value_specialized,ok,none,accuracy_pass_runtime_loss,0.0140,0.0134,1.142857,0.707143,,42721,130968,bfp4,bfp4,false,0,0,false,0,spmv_max_rel,SKIP
as-735_G_518.mtx,hybrid_lb,hybrid_lb,structural_hybrid,ok,none,promoted_fallback,0.0122,0.0106,1.311475,0.811475,,159664,,original,raw_double,false,,,1,0,exact_abs_or_rel,SKIP
as-735_G_518.mtx,cusparse_default,cusparse_csr,external_baseline,ok,none,external_baseline,0.0160,0.0123,1.000000,0.618750,,159664,110700,original,original,false,,,true,0,exact_abs_or_rel,SKIP
as-735_G_526.mtx,original_lb,original_lb,load_balanced_traversal,ok,none,promoted_fallback,0.0104,0.0084,1.528846,1.000000,,160144,131360,original,original,false,0,0,true,0,exact_abs_or_rel,SKIP
as-735_G_526.mtx,auto_lossless_lb,all_one_lb,lossless_value_specialized,ok,none,accuracy_pass_runtime_win,0.0097,0.0080,1.639175,1.072165,,0,131360,auto_lossless,all_one,true,1,0,true,0,exact_abs_or_rel,SKIP
as-735_G_526.mtx,fp16_lb,fp16_lb,controlled_lossy_value_specialized,ok,none,accuracy_pass_runtime_win,0.0093,0.0081,1.709677,1.118280,,40036,131360,fp16,fp16,false,0,0,false,0,spmv_max_rel,SKIP
as-735_G_526.mtx,bf16_lb,bf16_lb,controlled_lossy_value_specialized,ok,none,accuracy_pass_runtime_win,0.0097,0.0084,1.639175,1.072165,,40036,131360,bf16,bf16,false,0,0,false,0,spmv_max_rel,SKIP
as-735_G_526.mtx,bfp8_lb,bfp8_lb,controlled_lossy_value_specialized,ok,none,accuracy_pass_runtime_loss,0.0104,0.0098,1.528846,1.000000,,52858,131360,bfp8,bfp8,false,0,0,false,0,spmv_max_rel,SKIP
as-735_G_526.mtx,bfp8_outlier_lb,bfp8_outlier_lb,controlled_lossy_value_specialized,ok,none,accuracy_pass_runtime_loss,0.0107,0.0097,1.485981,0.971963,,52858,131360,bfp8_outlier,bfp8_outlier,false,0,0,false,0,spmv_max_rel,SKIP
as-735_G_526.mtx,bfp4_lb,bfp4_lb,controlled_lossy_value_specialized,ok,none,accuracy_pass_runtime_loss,0.0137,0.0125,1.160584,0.759124,,42849,131360,bfp4,bfp4,false,0,0,false,0,spmv_max_rel,SKIP
as-735_G_526.mtx,hybrid_lb,hybrid_lb,structural_hybrid,ok,none,promoted_fallback,0.0118,0.0102,1.347458,0.881356,,160144,,original,raw_double,false,,,1,0,exact_abs_or_rel,SKIP
as-735_G_526.mtx,cusparse_default,cusparse_csr,external_baseline,ok,none,external_baseline,0.0159,0.0123,1.000000,0.654088,,160144,110940,original,original,false,,,true,0,exact_abs_or_rel,SKIP
as-735_G_534.mtx,original_lb,original_lb,load_balanced_traversal,ok,none,promoted_fallback,0.0098,0.0086,1.642857,1.000000,,157456,129672,original,original,false,0,0,true,0,exact_abs_or_rel,SKIP
as-735_G_534.mtx,auto_lossless_lb,all_one_lb,lossless_value_specialized,ok,none,accuracy_pass_runtime_loss,0.0105,0.0097,1.533333,0.933333,,0,129672,auto_lossless,all_one,true,1,0,true,0,exact_abs_or_rel,SKIP
as-735_G_534.mtx,fp16_lb,fp16_lb,controlled_lossy_value_specialized,ok,none,accuracy_pass_runtime_win,0.0093,0.0083,1.731183,1.053763,,39364,129672,fp16,fp16,false,0,0,false,0,spmv_max_rel,SKIP
as-735_G_534.mtx,bf16_lb,bf16_lb,controlled_lossy_value_specialized,ok,none,accuracy_pass_runtime_win,0.0097,0.0084,1.659794,1.010309,,39364,129672,bf16,bf16,false,0,0,false,0,spmv_max_rel,SKIP
as-735_G_534.mtx,bfp8_lb,bfp8_lb,controlled_lossy_value_specialized,ok,none,accuracy_pass_runtime_win,0.0095,0.0090,1.694737,1.031579,,52100,129672,bfp8,bfp8,false,0,0,false,0,spmv_max_rel,SKIP
as-735_G_534.mtx,bfp8_outlier_lb,bfp8_outlier_lb,controlled_lossy_value_specialized,ok,none,accuracy_pass_runtime_loss,0.0099,0.0087,1.626263,0.989899,,52100,129672,bfp8_outlier,bfp8_outlier,false,0,0,false,0,spmv_max_rel,SKIP
as-735_G_534.mtx,bfp4_lb,bfp4_lb,controlled_lossy_value_specialized,ok,none,accuracy_pass_runtime_loss,0.0145,0.0136,1.110345,0.675862,,42259,129672,bfp4,bfp4,false,0,0,false,0,spmv_max_rel,SKIP
as-735_G_534.mtx,hybrid_lb,hybrid_lb,structural_hybrid,ok,none,promoted_fallback,0.0117,0.0100,1.376068,0.837607,,157456,,original,raw_double,false,,,1,0,exact_abs_or_rel,SKIP
as-735_G_534.mtx,cusparse_default,cusparse_csr,external_baseline,ok,none,external_baseline,0.0161,0.0123,1.000000,0.608696,,157456,109596,original,original,false,,,true,0,exact_abs_or_rel,SKIP
as-735_G_542.mtx,original_lb,original_lb,load_balanced_traversal,ok,none,promoted_fallback,0.0098,0.0089,1.653061,1.000000,,163944,134552,original,original,false,0,0,true,0,exact_abs_or_rel,SKIP
as-735_G_542.mtx,auto_lossless_lb,all_one_lb,lossless_value_specialized,ok,none,accuracy_pass_runtime_loss,0.0100,0.0092,1.620000,0.980000,,0,134552,auto_lossless,all_one,true,1,0,true,0,exact_abs_or_rel,SKIP
as-735_G_542.mtx,fp16_lb,fp16_lb,controlled_lossy_value_specialized,ok,none,accuracy_pass_runtime_loss,0.0101,0.0095,1.603960,0.970297,,40986,134552,fp16,fp16,false,0,0,false,0,spmv_max_rel,SKIP
as-735_G_542.mtx,bf16_lb,bf16_lb,controlled_lossy_value_specialized,ok,none,accuracy_pass_runtime_loss,0.0101,0.0092,1.603960,0.970297,,40986,134552,bf16,bf16,false,0,0,false,0,spmv_max_rel,SKIP
as-735_G_542.mtx,bfp8_lb,bfp8_lb,controlled_lossy_value_specialized,ok,none,accuracy_pass_runtime_win,0.0091,0.0084,1.780220,1.076923,,54131,134552,bfp8,bfp8,false,0,0,false,0,spmv_max_rel,SKIP
as-735_G_542.mtx,bfp8_outlier_lb,bfp8_outlier_lb,controlled_lossy_value_specialized,ok,none,accuracy_pass_runtime_win,0.0091,0.0084,1.780220,1.076923,,54131,134552,bfp8_outlier,bfp8_outlier,false,0,0,false,0,spmv_max_rel,SKIP
as-735_G_542.mtx,bfp4_lb,bfp4_lb,controlled_lossy_value_specialized,ok,none,accuracy_pass_runtime_loss,0.0146,0.0133,1.109589,0.671233,,43885,134552,bfp4,bfp4,false,0,0,false,0,spmv_max_rel,SKIP
as-735_G_542.mtx,hybrid_lb,hybrid_lb,structural_hybrid,ok,none,promoted_fallback,0.0119,0.0107,1.361345,0.823529,,163944,,original,raw_double,false,,,1,0,exact_abs_or_rel,SKIP
as-735_G_542.mtx,cusparse_default,cusparse_csr,external_baseline,ok,none,external_baseline,0.0162,0.0143,1.000000,0.604938,,163944,112840,original,original,false,,,true,0,exact_abs_or_rel,SKIP
as-735_G_550.mtx,original_lb,original_lb,load_balanced_traversal,ok,none,promoted_fallback,0.0089,0.0076,1.820225,1.000000,,165960,136488,original,original,false,0,0,true,0,exact_abs_or_rel,SKIP
as-735_G_550.mtx,auto_lossless_lb,all_one_lb,lossless_value_specialized,ok,none,accuracy_pass_runtime_loss,0.0100,0.0092,1.620000,0.890000,,0,136488,auto_lossless,all_one,true,1,0,true,0,exact_abs_or_rel,SKIP
as-735_G_550.mtx,fp16_lb,fp16_lb,controlled_lossy_value_specialized,ok,none,accuracy_pass_runtime_loss,0.0099,0.0088,1.636364,0.898990,,41490,136488,fp16,fp16,false,0,0,false,0,spmv_max_rel,SKIP
as-735_G_550.mtx,bf16_lb,bf16_lb,controlled_lossy_value_specialized,ok,none,accuracy_pass_runtime_loss,0.0099,0.0095,1.636364,0.898990,,41490,136488,bf16,bf16,false,0,0,false,0,spmv_max_rel,SKIP
as-735_G_550.mtx,bfp8_lb,bfp8_lb,controlled_lossy_value_specialized,ok,none,accuracy_pass_runtime_loss,0.0096,0.0084,1.687500,0.927083,,54867,136488,bfp8,bfp8,false,0,0,false,0,spmv_max_rel,SKIP
as-735_G_550.mtx,bfp8_outlier_lb,bfp8_outlier_lb,controlled_lossy_value_specialized,ok,none,accuracy_pass_runtime_loss,0.0095,0.0084,1.705263,0.936842,,54867,136488,bfp8_outlier,bfp8_outlier,false,0,0,false,0,spmv_max_rel,SKIP
as-735_G_550.mtx,bfp4_lb,bfp4_lb,controlled_lossy_value_specialized,ok,none,accuracy_pass_runtime_loss,0.0143,0.0133,1.132867,0.622378,,44495,136488,bfp4,bfp4,false,0,0,false,0,spmv_max_rel,SKIP
as-735_G_550.mtx,hybrid_lb,hybrid_lb,structural_hybrid,ok,none,promoted_fallback,0.0119,0.0112,1.361345,0.747899,,165960,,original,raw_double,false,,,1,0,exact_abs_or_rel,SKIP
as-735_G_550.mtx,cusparse_default,cusparse_csr,external_baseline,ok,none,external_baseline,0.0162,0.0123,1.000000,0.549383,,165960,113848,original,original,false,,,true,0,exact_abs_or_rel,SKIP
as-735_G_558.mtx,original_lb,original_lb,load_balanced_traversal,ok,none,promoted_fallback,0.0096,0.0077,1.593750,1.000000,,167400,137480,original,original,false,0,0,true,0,exact_abs_or_rel,SKIP
as-735_G_558.mtx,auto_lossless_lb,all_one_lb,lossless_value_specialized,ok,none,accuracy_pass_runtime_loss,0.0099,0.0078,1.545455,0.969697,,0,137480,auto_lossless,all_one,true,1,0,true,0,exact_abs_or_rel,SKIP
as-735_G_558.mtx,fp16_lb,fp16_lb,controlled_lossy_value_specialized,ok,none,accuracy_pass_runtime_loss,0.0098,0.0089,1.561224,0.979592,,41850,137480,fp16,fp16,false,0,0,false,0,spmv_max_rel,SKIP
as-735_G_558.mtx,bf16_lb,bf16_lb,controlled_lossy_value_specialized,ok,none,accuracy_pass_runtime_loss,0.0098,0.0090,1.561224,0.979592,,41850,137480,bf16,bf16,false,0,0,false,0,spmv_max_rel,SKIP
as-735_G_558.mtx,bfp8_lb,bfp8_lb,controlled_lossy_value_specialized,ok,none,accuracy_pass_runtime_loss,0.0100,0.0089,1.530000,0.960000,,55295,137480,bfp8,bfp8,false,0,0,false,0,spmv_max_rel,SKIP
as-735_G_558.mtx,bfp8_outlier_lb,bfp8_outlier_lb,controlled_lossy_value_specialized,ok,none,accuracy_pass_runtime_loss,0.0098,0.0086,1.561224,0.979592,,55295,137480,bfp8_outlier,bfp8_outlier,false,0,0,false,0,spmv_max_rel,SKIP
as-735_G_558.mtx,bfp4_lb,bfp4_lb,controlled_lossy_value_specialized,ok,none,accuracy_pass_runtime_loss,0.0150,0.0132,1.020000,0.640000,,44833,137480,bfp4,bfp4,false,0,0,false,0,spmv_max_rel,SKIP
as-735_G_558.mtx,hybrid_lb,hybrid_lb,structural_hybrid,ok,none,promoted_fallback,0.0126,0.0108,1.214286,0.761905,,167400,,original,raw_double,false,,,1,0,exact_abs_or_rel,SKIP
as-735_G_558.mtx,cusparse_default,cusparse_csr,external_baseline,ok,none,external_baseline,0.0153,0.0123,1.000000,0.627451,,167400,114568,original,original,false,,,true,0,exact_abs_or_rel,SKIP
as-735_G_566.mtx,original_lb,original_lb,load_balanced_traversal,ok,none,promoted_fallback,0.0096,0.0088,1.729167,1.000000,,168088,138064,original,original,false,0,0,true,0,exact_abs_or_rel,SKIP
as-735_G_566.mtx,auto_lossless_lb,all_one_lb,lossless_value_specialized,ok,none,accuracy_pass_runtime_win,0.0093,0.0076,1.784946,1.032258,,0,138064,auto_lossless,all_one,true,1,0,true,0,exact_abs_or_rel,SKIP
as-735_G_566.mtx,fp16_lb,fp16_lb,controlled_lossy_value_specialized,ok,none,accuracy_pass_runtime_win,0.0095,0.0087,1.747368,1.010526,,42022,138064,fp16,fp16,false,0,0,false,0,spmv_max_rel,SKIP
as-735_G_566.mtx,bf16_lb,bf16_lb,controlled_lossy_value_specialized,ok,none,accuracy_pass_runtime_loss,0.0097,0.0084,1.711340,0.989691,,42022,138064,bf16,bf16,false,0,0,false,0,spmv_max_rel,SKIP
as-735_G_566.mtx,bfp8_lb,bfp8_lb,controlled_lossy_value_specialized,ok,none,accuracy_pass_runtime_loss,0.0098,0.0085,1.693878,0.979592,,55527,138064,bfp8,bfp8,false,0,0,false,0,spmv_max_rel,SKIP
as-735_G_566.mtx,bfp8_outlier_lb,bfp8_outlier_lb,controlled_lossy_value_specialized,ok,none,accuracy_pass_runtime_loss,0.0101,0.0087,1.643564,0.950495,,55527,138064,bfp8_outlier,bfp8_outlier,false,0,0,false,0,spmv_max_rel,SKIP
as-735_G_566.mtx,bfp4_lb,bfp4_lb,controlled_lossy_value_specialized,ok,none,accuracy_pass_runtime_loss,0.0145,0.0132,1.144828,0.662069,,45022,138064,bfp4,bfp4,false,0,0,false,0,spmv_max_rel,SKIP
as-735_G_566.mtx,hybrid_lb,hybrid_lb,structural_hybrid,ok,none,promoted_fallback,0.0140,0.0125,1.185714,0.685714,,168088,,original,raw_double,false,,,1,0,exact_abs_or_rel,SKIP
as-735_G_566.mtx,cusparse_default,cusparse_csr,external_baseline,ok,none,external_baseline,0.0166,0.0123,1.000000,0.578313,,168088,114912,original,original,false,,,true,0,exact_abs_or_rel,SKIP
as-735_G_574.mtx,original_lb,original_lb,load_balanced_traversal,ok,none,promoted_fallback,0.0098,0.0078,1.622449,1.000000,,169872,139400,original,original,false,0,0,true,0,exact_abs_or_rel,SKIP
as-735_G_574.mtx,auto_lossless_lb,all_one_lb,lossless_value_specialized,ok,none,accuracy_pass_runtime_loss,0.0107,0.0091,1.485981,0.915888,,0,139400,auto_lossless,all_one,true,1,0,true,0,exact_abs_or_rel,SKIP
as-735_G_574.mtx,fp16_lb,fp16_lb,controlled_lossy_value_specialized,ok,none,accuracy_pass_runtime_win,0.0094,0.0083,1.691489,1.042553,,42468,139400,fp16,fp16,false,0,0,false,0,spmv_max_rel,SKIP
as-735_G_574.mtx,bf16_lb,bf16_lb,controlled_lossy_value_specialized,ok,none,accuracy_pass_runtime_win,0.0092,0.0083,1.728261,1.065217,,42468,139400,bf16,bf16,false,0,0,false,0,spmv_max_rel,SKIP
as-735_G_574.mtx,bfp8_lb,bfp8_lb,controlled_lossy_value_specialized,ok,none,accuracy_pass_runtime_win,0.0095,0.0087,1.673684,1.031579,,56084,139400,bfp8,bfp8,false,0,0,false,0,spmv_max_rel,SKIP
as-735_G_574.mtx,bfp8_outlier_lb,bfp8_outlier_lb,controlled_lossy_value_specialized,ok,none,accuracy_pass_runtime_win,0.0095,0.0085,1.673684,1.031579,,56084,139400,bfp8_outlier,bfp8_outlier,false,0,0,false,0,spmv_max_rel,SKIP
as-735_G_574.mtx,bfp4_lb,bfp4_lb,controlled_lossy_value_specialized,ok,none,accuracy_pass_runtime_loss,0.0138,0.0125,1.152174,0.710145,,45467,139400,bfp4,bfp4,false,0,0,false,0,spmv_max_rel,SKIP
as-735_G_574.mtx,hybrid_lb,hybrid_lb,structural_hybrid,ok,none,promoted_fallback,0.0121,0.0111,1.314050,0.809917,,169872,,original,raw_double,false,,,1,0,exact_abs_or_rel,SKIP
as-735_G_574.mtx,cusparse_default,cusparse_csr,external_baseline,ok,none,external_baseline,0.0159,0.0123,1.000000,0.616352,,169872,115804,original,original,false,,,true,0,exact_abs_or_rel,SKIP
as-735_G_582.mtx,original_lb,original_lb,load_balanced_traversal,ok,none,promoted_fallback,0.0097,0.0079,1.659794,1.000000,,171944,141320,original,original,false,0,0,true,0,exact_abs_or_rel,SKIP
as-735_G_582.mtx,auto_lossless_lb,all_one_lb,lossless_value_specialized,ok,none,accuracy_pass_runtime_win,0.0096,0.0079,1.677083,1.010417,,0,141320,auto_lossless,all_one,true,1,0,true,0,exact_abs_or_rel,SKIP
as-735_G_582.mtx,fp16_lb,fp16_lb,controlled_lossy_value_specialized,ok,none,accuracy_pass_runtime_win,0.0094,0.0082,1.712766,1.031915,,42986,141320,fp16,fp16,false,0,0,false,0,spmv_max_rel,SKIP
as-735_G_582.mtx,bf16_lb,bf16_lb,controlled_lossy_value_specialized,ok,none,accuracy_pass_runtime_loss,0.0099,0.0087,1.626263,0.979798,,42986,141320,bf16,bf16,false,0,0,false,0,spmv_max_rel,SKIP
as-735_G_582.mtx,bfp8_lb,bfp8_lb,controlled_lossy_value_specialized,ok,none,accuracy_pass_runtime_loss,0.0102,0.0092,1.578431,0.950980,,56823,141320,bfp8,bfp8,false,0,0,false,0,spmv_max_rel,SKIP
as-735_G_582.mtx,bfp8_outlier_lb,bfp8_outlier_lb,controlled_lossy_value_specialized,ok,none,accuracy_pass_runtime_loss,0.0107,0.0099,1.504673,0.906542,,56823,141320,bfp8_outlier,bfp8_outlier,false,0,0,false,0,spmv_max_rel,SKIP
as-735_G_582.mtx,bfp4_lb,bfp4_lb,controlled_lossy_value_specialized,ok,none,accuracy_pass_runtime_loss,0.0142,0.0138,1.133803,0.683099,,46077,141320,bfp4,bfp4,false,0,0,false,0,spmv_max_rel,SKIP
as-735_G_582.mtx,hybrid_lb,hybrid_lb,structural_hybrid,ok,none,promoted_fallback,0.0118,0.0105,1.364407,0.822034,,171944,,original,raw_double,false,,,1,0,exact_abs_or_rel,SKIP
as-735_G_582.mtx,cusparse_default,cusparse_csr,external_baseline,ok,none,external_baseline,0.0161,0.0143,1.000000,0.602484,,171944,116840,original,original,false,,,true,0,exact_abs_or_rel,SKIP
as-735_G_590.mtx,original_lb,original_lb,load_balanced_traversal,ok,none,promoted_fallback,0.0091,0.0076,1.769231,1.000000,,109648,95360,original,original,false,0,0,true,0,exact_abs_or_rel,SKIP
as-735_G_590.mtx,auto_lossless_lb,all_one_lb,lossless_value_specialized,ok,none,accuracy_pass_runtime_win,0.0089,0.0074,1.808989,1.022472,,0,95360,auto_lossless,all_one,true,1,0,true,0,exact_abs_or_rel,SKIP
as-735_G_590.mtx,fp16_lb,fp16_lb,controlled_lossy_value_specialized,ok,none,accuracy_pass_runtime_loss,0.0106,0.0092,1.518868,0.858491,,27412,95360,fp16,fp16,false,0,0,false,0,spmv_max_rel,SKIP
as-735_G_590.mtx,bf16_lb,bf16_lb,controlled_lossy_value_specialized,ok,none,accuracy_pass_runtime_loss,0.0097,0.0080,1.659794,0.938144,,27412,95360,bf16,bf16,false,0,0,false,0,spmv_max_rel,SKIP
as-735_G_590.mtx,bfp8_lb,bfp8_lb,controlled_lossy_value_specialized,ok,none,accuracy_pass_runtime_loss,0.0101,0.0094,1.594059,0.900990,,37546,95360,bfp8,bfp8,false,0,0,false,0,spmv_max_rel,SKIP
as-735_G_590.mtx,bfp8_outlier_lb,bfp8_outlier_lb,controlled_lossy_value_specialized,ok,none,accuracy_pass_runtime_loss,0.0095,0.0086,1.694737,0.957895,,37546,95360,bfp8_outlier,bfp8_outlier,false,0,0,false,0,spmv_max_rel,SKIP
as-735_G_590.mtx,bfp4_lb,bfp4_lb,controlled_lossy_value_specialized,ok,none,accuracy_pass_runtime_loss,0.0156,0.0133,1.032051,0.583333,,30693,95360,bfp4,bfp4,false,0,0,false,0,spmv_max_rel,SKIP
as-735_G_590.mtx,hybrid_lb,hybrid_lb,structural_hybrid,ok,none,promoted_fallback,0.0119,0.0103,1.352941,0.764706,,109648,,original,raw_double,false,,,1,0,exact_abs_or_rel,SKIP
as-735_G_590.mtx,cusparse_default,cusparse_csr,external_baseline,ok,none,external_baseline,0.0161,0.0123,1.000000,0.565217,,109648,85692,original,original,false,,,true,0,exact_abs_or_rel,SKIP
as-735_G_598.mtx,original_lb,original_lb,load_balanced_traversal,ok,none,promoted_fallback,0.0098,0.0091,1.642857,1.000000,,175656,144200,original,original,false,0,0,true,0,exact_abs_or_rel,SKIP
as-735_G_598.mtx,auto_lossless_lb,all_one_lb,lossless_value_specialized,ok,none,accuracy_pass_runtime_loss,0.0098,0.0078,1.642857,1.000000,,0,144200,auto_lossless,all_one,true,1,0,true,0,exact_abs_or_rel,SKIP
as-735_G_598.mtx,fp16_lb,fp16_lb,controlled_lossy_value_specialized,ok,none,accuracy_pass_runtime_win,0.0094,0.0083,1.712766,1.042553,,43914,144200,fp16,fp16,false,0,0,false,0,spmv_max_rel,SKIP
as-735_G_598.mtx,bf16_lb,bf16_lb,controlled_lossy_value_specialized,ok,none,accuracy_pass_runtime_win,0.0094,0.0083,1.712766,1.042553,,43914,144200,bf16,bf16,false,0,0,false,0,spmv_max_rel,SKIP
as-735_G_598.mtx,bfp8_lb,bfp8_lb,controlled_lossy_value_specialized,ok,none,accuracy_pass_runtime_loss,0.0106,0.0092,1.518868,0.924528,,58007,144200,bfp8,bfp8,false,0,0,false,0,spmv_max_rel,SKIP
as-735_G_598.mtx,bfp8_outlier_lb,bfp8_outlier_lb,controlled_lossy_value_specialized,ok,none,accuracy_pass_runtime_loss,0.0106,0.0099,1.518868,0.924528,,58007,144200,bfp8_outlier,bfp8_outlier,false,0,0,false,0,spmv_max_rel,SKIP
as-735_G_598.mtx,bfp4_lb,bfp4_lb,controlled_lossy_value_specialized,ok,none,accuracy_pass_runtime_loss,0.0136,0.0127,1.183824,0.720588,,47029,144200,bfp4,bfp4,false,0,0,false,0,spmv_max_rel,SKIP
as-735_G_598.mtx,hybrid_lb,hybrid_lb,structural_hybrid,ok,none,promoted_fallback,0.0116,0.0097,1.387931,0.844828,,175656,,original,raw_double,false,,,1,0,exact_abs_or_rel,SKIP
as-735_G_598.mtx,cusparse_default,cusparse_csr,external_baseline,ok,none,external_baseline,0.0161,0.0123,1.000000,0.608696,,175656,118696,original,original,false,,,true,0,exact_abs_or_rel,SKIP
as-735_G_606.mtx,original_lb,original_lb,load_balanced_traversal,ok,none,promoted_fallback,0.0095,0.0074,1.715789,1.000000,,177480,145640,original,original,false,0,0,true,0,exact_abs_or_rel,SKIP
as-735_G_606.mtx,auto_lossless_lb,all_one_lb,lossless_value_specialized,ok,none,accuracy_pass_runtime_loss,0.0096,0.0080,1.697917,0.989583,,0,145640,auto_lossless,all_one,true,1,0,true,0,exact_abs_or_rel,SKIP
as-735_G_606.mtx,fp16_lb,fp16_lb,controlled_lossy_value_specialized,ok,none,accuracy_pass_runtime_loss,0.0095,0.0077,1.715789,1.000000,,44370,145640,fp16,fp16,false,0,0,false,0,spmv_max_rel,SKIP
as-735_G_606.mtx,bf16_lb,bf16_lb,controlled_lossy_value_specialized,ok,none,accuracy_pass_runtime_loss,0.0097,0.0085,1.680412,0.979381,,44370,145640,bf16,bf16,false,0,0,false,0,spmv_max_rel,SKIP
as-735_G_606.mtx,bfp8_lb,bfp8_lb,controlled_lossy_value_specialized,ok,none,accuracy_pass_runtime_loss,0.0096,0.0085,1.697917,0.989583,,58595,145640,bfp8,bfp8,false,0,0,false,0,spmv_max_rel,SKIP
as-735_G_606.mtx,bfp8_outlier_lb,bfp8_outlier_lb,controlled_lossy_value_specialized,ok,none,accuracy_pass_runtime_loss,0.0096,0.0085,1.697917,0.989583,,58595,145640,bfp8_outlier,bfp8_outlier,false,0,0,false,0,spmv_max_rel,SKIP
as-735_G_606.mtx,bfp4_lb,bfp4_lb,controlled_lossy_value_specialized,ok,none,accuracy_pass_runtime_loss,0.0147,0.0131,1.108844,0.646259,,47503,145640,bfp4,bfp4,false,0,0,false,0,spmv_max_rel,SKIP
as-735_G_606.mtx,hybrid_lb,hybrid_lb,structural_hybrid,ok,none,promoted_fallback,0.0116,0.0105,1.405172,0.818966,,177480,,original,raw_double,false,,,1,0,exact_abs_or_rel,SKIP
as-735_G_606.mtx,cusparse_default,cusparse_csr,external_baseline,ok,none,external_baseline,0.0163,0.0143,1.000000,0.582822,,177480,119608,original,original,false,,,true,0,exact_abs_or_rel,SKIP
as-735_G_614.mtx,original_lb,original_lb,load_balanced_traversal,ok,none,promoted_fallback,0.0095,0.0078,1.705263,1.000000,,178184,146416,original,original,false,0,0,true,0,exact_abs_or_rel,SKIP
as-735_G_614.mtx,auto_lossless_lb,all_one_lb,lossless_value_specialized,ok,none,accuracy_pass_runtime_loss,0.0100,0.0092,1.620000,0.950000,,0,146416,auto_lossless,all_one,true,1,0,true,0,exact_abs_or_rel,SKIP
as-735_G_614.mtx,fp16_lb,fp16_lb,controlled_lossy_value_specialized,ok,none,accuracy_pass_runtime_loss,0.0100,0.0089,1.620000,0.950000,,44546,146416,fp16,fp16,false,0,0,false,0,spmv_max_rel,SKIP
as-735_G_614.mtx,bf16_lb,bf16_lb,controlled_lossy_value_specialized,ok,none,accuracy_pass_runtime_loss,0.0100,0.0089,1.620000,0.950000,,44546,146416,bf16,bf16,false,0,0,false,0,spmv_max_rel,SKIP
as-735_G_614.mtx,bfp8_lb,bfp8_lb,controlled_lossy_value_specialized,ok,none,accuracy_pass_runtime_loss,0.0095,0.0085,1.705263,1.000000,,58877,146416,bfp8,bfp8,false,0,0,false,0,spmv_max_rel,SKIP
as-735_G_614.mtx,bfp8_outlier_lb,bfp8_outlier_lb,controlled_lossy_value_specialized,ok,none,accuracy_pass_runtime_loss,0.0098,0.0085,1.653061,0.969388,,58877,146416,bfp8_outlier,bfp8_outlier,false,0,0,false,0,spmv_max_rel,SKIP
as-735_G_614.mtx,bfp4_lb,bfp4_lb,controlled_lossy_value_specialized,ok,none,accuracy_pass_runtime_loss,0.0151,0.0139,1.072848,0.629139,,47741,146416,bfp4,bfp4,false,0,0,false,0,spmv_max_rel,SKIP
as-735_G_614.mtx,hybrid_lb,hybrid_lb,structural_hybrid,ok,none,promoted_fallback,0.0131,0.0119,1.236641,0.725191,,178184,,original,raw_double,false,,,1,0,exact_abs_or_rel,SKIP
as-735_G_614.mtx,cusparse_default,cusparse_csr,external_baseline,ok,none,external_baseline,0.0162,0.0143,1.000000,0.586420,,178184,119960,original,original,false,,,true,0,exact_abs_or_rel,SKIP
as-735_G_622.mtx,original_lb,original_lb,load_balanced_traversal,ok,none,promoted_fallback,0.0092,0.0073,1.739130,1.000000,,112528,97552,original,original,false,0,0,true,0,exact_abs_or_rel,SKIP
as-735_G_622.mtx,auto_lossless_lb,all_one_lb,lossless_value_specialized,ok,none,accuracy_pass_runtime_win,0.0091,0.0069,1.758242,1.010989,,0,97552,auto_lossless,all_one,true,1,0,true,0,exact_abs_or_rel,SKIP
as-735_G_622.mtx,fp16_lb,fp16_lb,controlled_lossy_value_specialized,ok,none,accuracy_pass_runtime_loss,0.0092,0.0076,1.739130,1.000000,,28132,97552,fp16,fp16,false,0,0,false,0,spmv_max_rel,SKIP
as-735_G_622.mtx,bf16_lb,bf16_lb,controlled_lossy_value_specialized,ok,none,accuracy_pass_runtime_loss,0.0096,0.0084,1.666667,0.958333,,28132,97552,bf16,bf16,false,0,0,false,0,spmv_max_rel,SKIP
as-735_G_622.mtx,bfp8_lb,bfp8_lb,controlled_lossy_value_specialized,ok,none,accuracy_pass_runtime_loss,0.0102,0.0090,1.568627,0.901961,,38454,97552,bfp8,bfp8,false,0,0,false,0,spmv_max_rel,SKIP
as-735_G_622.mtx,bfp8_outlier_lb,bfp8_outlier_lb,controlled_lossy_value_specialized,ok,none,accuracy_pass_runtime_loss,0.0102,0.0090,1.568627,0.901961,,38454,97552,bfp8_outlier,bfp8_outlier,false,0,0,false,0,spmv_max_rel,SKIP
as-735_G_622.mtx,bfp4_lb,bfp4_lb,controlled_lossy_value_specialized,ok,none,accuracy_pass_runtime_loss,0.0135,0.0126,1.185185,0.681481,,31421,97552,bfp4,bfp4,false,0,0,false,0,spmv_max_rel,SKIP
as-735_G_622.mtx,hybrid_lb,hybrid_lb,structural_hybrid,ok,none,promoted_fallback,0.0112,0.0093,1.428571,0.821429,,112528,,original,raw_double,false,,,1,0,exact_abs_or_rel,SKIP
as-735_G_622.mtx,cusparse_default,cusparse_csr,external_baseline,ok,none,external_baseline,0.0160,0.0123,1.000000,0.575000,,112528,87132,original,original,false,,,true,0,exact_abs_or_rel,SKIP
as-735_G_630.mtx,original_lb,original_lb,load_balanced_traversal,ok,none,promoted_fallback,0.0098,0.0078,1.520408,1.000000,,181008,148608,original,original,false,0,0,true,0,exact_abs_or_rel,SKIP
as-735_G_630.mtx,auto_lossless_lb,all_one_lb,lossless_value_specialized,ok,none,accuracy_pass_runtime_loss,0.0098,0.0090,1.520408,1.000000,,0,148608,auto_lossless,all_one,true,1,0,true,0,exact_abs_or_rel,SKIP
as-735_G_630.mtx,fp16_lb,fp16_lb,controlled_lossy_value_specialized,ok,none,accuracy_pass_runtime_loss,0.0111,0.0094,1.342342,0.882883,,45252,148608,fp16,fp16,false,0,0,false,0,spmv_max_rel,SKIP
as-735_G_630.mtx,bf16_lb,bf16_lb,controlled_lossy_value_specialized,ok,none,accuracy_pass_runtime_loss,0.0100,0.0089,1.490000,0.980000,,45252,148608,bf16,bf16,false,0,0,false,0,spmv_max_rel,SKIP
as-735_G_630.mtx,bfp8_lb,bfp8_lb,controlled_lossy_value_specialized,ok,none,accuracy_pass_runtime_loss,0.0098,0.0086,1.520408,1.000000,,59778,148608,bfp8,bfp8,false,0,0,false,0,spmv_max_rel,SKIP
as-735_G_630.mtx,bfp8_outlier_lb,bfp8_outlier_lb,controlled_lossy_value_specialized,ok,none,accuracy_pass_runtime_win,0.0096,0.0084,1.552083,1.020833,,59778,148608,bfp8_outlier,bfp8_outlier,false,0,0,false,0,spmv_max_rel,SKIP
as-735_G_630.mtx,bfp4_lb,bfp4_lb,controlled_lossy_value_specialized,ok,none,accuracy_pass_runtime_loss,0.0153,0.0132,0.973856,0.640523,,48465,148608,bfp4,bfp4,false,0,0,false,0,spmv_max_rel,SKIP
as-735_G_630.mtx,hybrid_lb,hybrid_lb,structural_hybrid,ok,none,promoted_fallback,0.0118,0.0105,1.262712,0.830508,,181008,,original,raw_double,false,,,1,0,exact_abs_or_rel,SKIP
as-735_G_630.mtx,cusparse_default,cusparse_csr,external_baseline,ok,none,external_baseline,0.0149,0.0123,1.000000,0.657718,,181008,121372,original,original,false,,,true,0,exact_abs_or_rel,SKIP
as-735_G_638.mtx,original_lb,original_lb,load_balanced_traversal,ok,none,promoted_fallback,0.0094,0.0090,1.585106,1.000000,,182136,149376,original,original,false,0,0,true,0,exact_abs_or_rel,SKIP
as-735_G_638.mtx,auto_lossless_lb,all_one_lb,lossless_value_specialized,ok,none,accuracy_pass_runtime_loss,0.0099,0.0091,1.505051,0.949495,,0,149376,auto_lossless,all_one,true,1,0,true,0,exact_abs_or_rel,SKIP
as-735_G_638.mtx,fp16_lb,fp16_lb,controlled_lossy_value_specialized,ok,none,accuracy_pass_runtime_loss,0.0103,0.0100,1.446602,0.912621,,45534,149376,fp16,fp16,false,0,0,false,0,spmv_max_rel,SKIP
as-735_G_638.mtx,bf16_lb,bf16_lb,controlled_lossy_value_specialized,ok,none,accuracy_pass_runtime_loss,0.0099,0.0095,1.505051,0.949495,,45534,149376,bf16,bf16,false,0,0,false,0,spmv_max_rel,SKIP
as-735_G_638.mtx,bfp8_lb,bfp8_lb,controlled_lossy_value_specialized,ok,none,accuracy_pass_runtime_loss,0.0096,0.0086,1.552083,0.979167,,60111,149376,bfp8,bfp8,false,0,0,false,0,spmv_max_rel,SKIP
as-735_G_638.mtx,bfp8_outlier_lb,bfp8_outlier_lb,controlled_lossy_value_specialized,ok,none,accuracy_pass_runtime_loss,0.0096,0.0086,1.552083,0.979167,,60111,149376,bfp8_outlier,bfp8_outlier,false,0,0,false,0,spmv_max_rel,SKIP
as-735_G_638.mtx,bfp4_lb,bfp4_lb,controlled_lossy_value_specialized,ok,none,accuracy_pass_runtime_loss,0.0142,0.0132,1.049296,0.661972,,48728,149376,bfp4,bfp4,false,0,0,false,0,spmv_max_rel,SKIP
as-735_G_638.mtx,hybrid_lb,hybrid_lb,structural_hybrid,ok,none,promoted_fallback,0.0180,0.0160,0.827778,0.522222,,182136,,original,raw_double,false,,,1,0,exact_abs_or_rel,SKIP
as-735_G_638.mtx,cusparse_default,cusparse_csr,external_baseline,ok,none,external_baseline,0.0149,0.0123,1.000000,0.630872,,182136,121936,original,original,false,,,true,0,exact_abs_or_rel,SKIP
as-735_G_646.mtx,original_lb,original_lb,load_balanced_traversal,ok,none,promoted_fallback,0.0097,0.0088,1.577320,1.000000,,182688,150120,original,original,false,0,0,true,0,exact_abs_or_rel,SKIP
as-735_G_646.mtx,auto_lossless_lb,all_one_lb,lossless_value_specialized,ok,none,accuracy_pass_runtime_loss,0.0100,0.0091,1.530000,0.970000,,0,150120,auto_lossless,all_one,true,1,0,true,0,exact_abs_or_rel,SKIP
as-735_G_646.mtx,fp16_lb,fp16_lb,controlled_lossy_value_specialized,ok,none,accuracy_pass_runtime_win,0.0095,0.0085,1.610526,1.021053,,45672,150120,fp16,fp16,false,0,0,false,0,spmv_max_rel,SKIP
as-735_G_646.mtx,bf16_lb,bf16_lb,controlled_lossy_value_specialized,ok,none,accuracy_pass_runtime_loss,0.0097,0.0089,1.577320,1.000000,,45672,150120,bf16,bf16,false,0,0,false,0,spmv_max_rel,SKIP
as-735_G_646.mtx,bfp8_lb,bfp8_lb,controlled_lossy_value_specialized,ok,none,accuracy_pass_runtime_loss,0.0101,0.0090,1.514851,0.960396,,60366,150120,bfp8,bfp8,false,0,0,false,0,spmv_max_rel,SKIP
as-735_G_646.mtx,bfp8_outlier_lb,bfp8_outlier_lb,controlled_lossy_value_specialized,ok,none,accuracy_pass_runtime_loss,0.0099,0.0088,1.545455,0.979798,,60366,150120,bfp8_outlier,bfp8_outlier,false,0,0,false,0,spmv_max_rel,SKIP
as-735_G_646.mtx,bfp4_lb,bfp4_lb,controlled_lossy_value_specialized,ok,none,accuracy_pass_runtime_loss,0.0152,0.0134,1.006579,0.638158,,48948,150120,bfp4,bfp4,false,0,0,false,0,spmv_max_rel,SKIP
as-735_G_646.mtx,hybrid_lb,hybrid_lb,structural_hybrid,ok,none,promoted_fallback,0.0130,0.0109,1.176923,0.746154,,182688,,original,raw_double,false,,,1,0,exact_abs_or_rel,SKIP
as-735_G_646.mtx,cusparse_default,cusparse_csr,external_baseline,ok,none,external_baseline,0.0153,0.0123,1.000000,0.633987,,182688,122212,original,original,false,,,true,0,exact_abs_or_rel,SKIP
as-735_G_654.mtx,original_lb,original_lb,load_balanced_traversal,ok,none,promoted_fallback,0.0095,0.0079,1.715789,1.000000,,184240,151352,original,original,false,0,0,true,0,exact_abs_or_rel,SKIP
as-735_G_654.mtx,auto_lossless_lb,all_one_lb,lossless_value_specialized,ok,none,accuracy_pass_runtime_loss,0.0095,0.0091,1.715789,1.000000,,0,151352,auto_lossless,all_one,true,1,0,true,0,exact_abs_or_rel,SKIP
as-735_G_654.mtx,fp16_lb,fp16_lb,controlled_lossy_value_specialized,ok,none,accuracy_pass_runtime_loss,0.0097,0.0086,1.680412,0.979381,,46060,151352,fp16,fp16,false,0,0,false,0,spmv_max_rel,SKIP
as-735_G_654.mtx,bf16_lb,bf16_lb,controlled_lossy_value_specialized,ok,none,accuracy_pass_runtime_loss,0.0101,0.0094,1.613861,0.940594,,46060,151352,bf16,bf16,false,0,0,false,0,spmv_max_rel,SKIP
as-735_G_654.mtx,bfp8_lb,bfp8_lb,controlled_lossy_value_specialized,ok,none,accuracy_pass_runtime_loss,0.0110,0.0099,1.481818,0.863636,,60868,151352,bfp8,bfp8,false,0,0,false,0,spmv_max_rel,SKIP
as-735_G_654.mtx,bfp8_outlier_lb,bfp8_outlier_lb,controlled_lossy_value_specialized,ok,none,accuracy_pass_runtime_loss,0.0100,0.0091,1.630000,0.950000,,60868,151352,bfp8_outlier,bfp8_outlier,false,0,0,false,0,spmv_max_rel,SKIP
as-735_G_654.mtx,bfp4_lb,bfp4_lb,controlled_lossy_value_specialized,ok,none,accuracy_pass_runtime_loss,0.0133,0.0128,1.225564,0.714286,,49353,151352,bfp4,bfp4,false,0,0,false,0,spmv_max_rel,SKIP
as-735_G_654.mtx,hybrid_lb,hybrid_lb,structural_hybrid,ok,none,promoted_fallback,0.0125,0.0107,1.304000,0.760000,,184240,,original,raw_double,false,,,1,0,exact_abs_or_rel,SKIP
as-735_G_654.mtx,cusparse_default,cusparse_csr,external_baseline,ok,none,external_baseline,0.0163,0.0143,1.000000,0.582822,,184240,122988,original,original,false,,,true,0,exact_abs_or_rel,SKIP
as-735_G_662.mtx,original_lb,original_lb,load_balanced_traversal,ok,none,promoted_fallback,0.0100,0.0082,1.580000,1.000000,,188344,154544,original,original,false,0,0,true,0,exact_abs_or_rel,SKIP
as-735_G_662.mtx,auto_lossless_lb,all_one_lb,lossless_value_specialized,ok,none,accuracy_pass_runtime_win,0.0095,0.0084,1.663158,1.052632,,0,154544,auto_lossless,all_one,true,1,0,true,0,exact_abs_or_rel,SKIP
as-735_G_662.mtx,fp16_lb,fp16_lb,controlled_lossy_value_specialized,ok,none,accuracy_pass_runtime_win,0.0095,0.0085,1.663158,1.052632,,47086,154544,fp16,fp16,false,0,0,false,0,spmv_max_rel,SKIP
as-735_G_662.mtx,bf16_lb,bf16_lb,controlled_lossy_value_specialized,ok,none,accuracy_pass_runtime_win,0.0093,0.0084,1.698925,1.075269,,47086,154544,bf16,bf16,false,0,0,false,0,spmv_max_rel,SKIP
as-735_G_662.mtx,bfp8_lb,bfp8_lb,controlled_lossy_value_specialized,ok,none,accuracy_pass_runtime_loss,0.0106,0.0102,1.490566,0.943396,,62179,154544,bfp8,bfp8,false,0,0,false,0,spmv_max_rel,SKIP
as-735_G_662.mtx,bfp8_outlier_lb,bfp8_outlier_lb,controlled_lossy_value_specialized,ok,none,accuracy_pass_runtime_win,0.0099,0.0090,1.595960,1.010101,,62179,154544,bfp8_outlier,bfp8_outlier,false,0,0,false,0,spmv_max_rel,SKIP
as-735_G_662.mtx,bfp4_lb,bfp4_lb,controlled_lossy_value_specialized,ok,none,accuracy_pass_runtime_loss,0.0137,0.0128,1.153285,0.729927,,50408,154544,bfp4,bfp4,false,0,0,false,0,spmv_max_rel,SKIP
as-735_G_662.mtx,hybrid_lb,hybrid_lb,structural_hybrid,ok,none,promoted_fallback,0.0120,0.0111,1.316667,0.833333,,188344,,original,raw_double,false,,,1,0,exact_abs_or_rel,SKIP
as-735_G_662.mtx,cusparse_default,cusparse_csr,external_baseline,ok,none,external_baseline,0.0158,0.0123,1.000000,0.632911,,188344,125040,original,original,false,,,true,0,exact_abs_or_rel,SKIP
as-735_G_670.mtx,original_lb,original_lb,load_balanced_traversal,ok,none,promoted_fallback,0.0099,0.0089,1.616162,1.000000,,190272,155696,original,original,false,0,0,true,0,exact_abs_or_rel,SKIP
as-735_G_670.mtx,auto_lossless_lb,all_one_lb,lossless_value_specialized,ok,none,accuracy_pass_runtime_win,0.0093,0.0077,1.720430,1.064516,,0,155696,auto_lossless,all_one,true,1,0,true,0,exact_abs_or_rel,SKIP
as-735_G_670.mtx,fp16_lb,fp16_lb,controlled_lossy_value_specialized,ok,none,accuracy_pass_runtime_win,0.0095,0.0084,1.684211,1.042105,,47568,155696,fp16,fp16,false,0,0,false,0,spmv_max_rel,SKIP
as-735_G_670.mtx,bf16_lb,bf16_lb,controlled_lossy_value_specialized,ok,none,accuracy_pass_runtime_win,0.0092,0.0083,1.739130,1.076087,,47568,155696,bf16,bf16,false,0,0,false,0,spmv_max_rel,SKIP
as-735_G_670.mtx,bfp8_lb,bfp8_lb,controlled_lossy_value_specialized,ok,none,accuracy_pass_runtime_win,0.0095,0.0085,1.684211,1.042105,,62708,155696,bfp8,bfp8,false,0,0,false,0,spmv_max_rel,SKIP
as-735_G_670.mtx,bfp8_outlier_lb,bfp8_outlier_lb,controlled_lossy_value_specialized,ok,none,accuracy_pass_runtime_win,0.0092,0.0085,1.739130,1.076087,,62708,155696,bfp8_outlier,bfp8_outlier,false,0,0,false,0,spmv_max_rel,SKIP
as-735_G_670.mtx,bfp4_lb,bfp4_lb,controlled_lossy_value_specialized,ok,none,accuracy_pass_runtime_loss,0.0136,0.0127,1.176471,0.727941,,50816,155696,bfp4,bfp4,false,0,0,false,0,spmv_max_rel,SKIP
as-735_G_670.mtx,hybrid_lb,hybrid_lb,structural_hybrid,ok,none,promoted_fallback,0.0121,0.0107,1.322314,0.818182,,190272,,original,raw_double,false,,,1,0,exact_abs_or_rel,SKIP
as-735_G_670.mtx,cusparse_default,cusparse_csr,external_baseline,ok,none,external_baseline,0.0160,0.0123,1.000000,0.618750,,190272,126004,original,original,false,,,true,0,exact_abs_or_rel,SKIP
as-735_G_678.mtx,original_lb,original_lb,load_balanced_traversal,ok,none,promoted_fallback,0.0096,0.0087,1.666667,1.000000,,191504,156776,original,original,false,0,0,true,0,exact_abs_or_rel,SKIP
as-735_G_678.mtx,auto_lossless_lb,all_one_lb,lossless_value_specialized,ok,none,accuracy_pass_runtime_loss,0.0099,0.0094,1.616162,0.969697,,0,156776,auto_lossless,all_one,true,1,0,true,0,exact_abs_or_rel,SKIP
as-735_G_678.mtx,fp16_lb,fp16_lb,controlled_lossy_value_specialized,ok,none,accuracy_pass_runtime_win,0.0088,0.0083,1.818182,1.090909,,47876,156776,fp16,fp16,false,0,0,false,0,spmv_max_rel,SKIP
as-735_G_678.mtx,bf16_lb,bf16_lb,controlled_lossy_value_specialized,ok,none,accuracy_pass_runtime_loss,0.0096,0.0082,1.666667,1.000000,,47876,156776,bf16,bf16,false,0,0,false,0,spmv_max_rel,SKIP
as-735_G_678.mtx,bfp8_lb,bfp8_lb,controlled_lossy_value_specialized,ok,none,accuracy_pass_runtime_loss,0.0097,0.0087,1.649485,0.989691,,63132,156776,bfp8,bfp8,false,0,0,false,0,spmv_max_rel,SKIP
as-735_G_678.mtx,bfp8_outlier_lb,bfp8_outlier_lb,controlled_lossy_value_specialized,ok,none,accuracy_pass_runtime_win,0.0094,0.0085,1.702128,1.021277,,63132,156776,bfp8_outlier,bfp8_outlier,false,0,0,false,0,spmv_max_rel,SKIP
as-735_G_678.mtx,bfp4_lb,bfp4_lb,controlled_lossy_value_specialized,ok,none,accuracy_pass_runtime_loss,0.0135,0.0126,1.185185,0.711111,,51163,156776,bfp4,bfp4,false,0,0,false,0,spmv_max_rel,SKIP
as-735_G_678.mtx,hybrid_lb,hybrid_lb,structural_hybrid,ok,none,promoted_fallback,0.0124,0.0118,1.290323,0.774194,,191504,,original,raw_double,false,,,1,0,exact_abs_or_rel,SKIP
as-735_G_678.mtx,cusparse_default,cusparse_csr,external_baseline,ok,none,external_baseline,0.0160,0.0123,1.000000,0.600000,,191504,126620,original,original,false,,,true,0,exact_abs_or_rel,SKIP
as-735_G_686.mtx,original_lb,original_lb,load_balanced_traversal,ok,none,promoted_fallback,0.0094,0.0078,1.702128,1.000000,,193320,158024,original,original,false,0,0,true,0,exact_abs_or_rel,SKIP
as-735_G_686.mtx,auto_lossless_lb,all_one_lb,lossless_value_specialized,ok,none,accuracy_pass_runtime_win,0.0089,0.0073,1.797753,1.056180,,0,158024,auto_lossless,all_one,true,1,0,true,0,exact_abs_or_rel,SKIP
as-735_G_686.mtx,fp16_lb,fp16_lb,controlled_lossy_value_specialized,ok,none,accuracy_pass_runtime_loss,0.0096,0.0084,1.666667,0.979167,,48330,158024,fp16,fp16,false,0,0,false,0,spmv_max_rel,SKIP
as-735_G_686.mtx,bf16_lb,bf16_lb,controlled_lossy_value_specialized,ok,none,accuracy_pass_runtime_loss,0.0094,0.0085,1.702128,1.000000,,48330,158024,bf16,bf16,false,0,0,false,0,spmv_max_rel,SKIP
as-735_G_686.mtx,bfp8_lb,bfp8_lb,controlled_lossy_value_specialized,ok,none,accuracy_pass_runtime_loss,0.0101,0.0085,1.584158,0.930693,,63671,158024,bfp8,bfp8,false,0,0,false,0,spmv_max_rel,SKIP
as-735_G_686.mtx,bfp8_outlier_lb,bfp8_outlier_lb,controlled_lossy_value_specialized,ok,none,accuracy_pass_runtime_win,0.0092,0.0084,1.739130,1.021739,,63671,158024,bfp8_outlier,bfp8_outlier,false,0,0,false,0,spmv_max_rel,SKIP
as-735_G_686.mtx,bfp4_lb,bfp4_lb,controlled_lossy_value_specialized,ok,none,accuracy_pass_runtime_loss,0.0145,0.0138,1.103448,0.648276,,51589,158024,bfp4,bfp4,false,0,0,false,0,spmv_max_rel,SKIP
as-735_G_686.mtx,hybrid_lb,hybrid_lb,structural_hybrid,ok,none,promoted_fallback,0.0118,0.0100,1.355932,0.796610,,193320,,original,raw_double,false,,,1,0,exact_abs_or_rel,SKIP
as-735_G_686.mtx,cusparse_default,cusparse_csr,external_baseline,ok,none,external_baseline,0.0160,0.0123,1.000000,0.587500,,193320,127528,original,original,false,,,true,0,exact_abs_or_rel,SKIP
as-735_G_694.mtx,original_lb,original_lb,load_balanced_traversal,ok,none,promoted_fallback,0.0102,0.0092,1.588235,1.000000,,132888,113784,original,original,false,0,0,true,0,exact_abs_or_rel,SKIP
as-735_G_694.mtx,auto_lossless_lb,all_one_lb,lossless_value_specialized,ok,none,accuracy_pass_runtime_loss,0.0104,0.0088,1.557692,0.980769,,0,113784,auto_lossless,all_one,true,1,0,true,0,exact_abs_or_rel,SKIP
as-735_G_694.mtx,fp16_lb,fp16_lb,controlled_lossy_value_specialized,ok,none,accuracy_pass_runtime_win,0.0097,0.0086,1.670103,1.051546,,33222,113784,fp16,fp16,false,0,0,false,0,spmv_max_rel,SKIP
as-735_G_694.mtx,bf16_lb,bf16_lb,controlled_lossy_value_specialized,ok,none,accuracy_pass_runtime_win,0.0097,0.0088,1.670103,1.051546,,33222,113784,bf16,bf16,false,0,0,false,0,spmv_max_rel,SKIP
as-735_G_694.mtx,bfp8_lb,bfp8_lb,controlled_lossy_value_specialized,ok,none,accuracy_pass_runtime_loss,0.0103,0.0092,1.572816,0.990291,,45057,113784,bfp8,bfp8,false,0,0,false,0,spmv_max_rel,SKIP
as-735_G_694.mtx,bfp8_outlier_lb,bfp8_outlier_lb,controlled_lossy_value_specialized,ok,none,accuracy_pass_runtime_loss,0.0103,0.0090,1.572816,0.990291,,45057,113784,bfp8_outlier,bfp8_outlier,false,0,0,false,0,spmv_max_rel,SKIP
as-735_G_694.mtx,bfp4_lb,bfp4_lb,controlled_lossy_value_specialized,ok,none,accuracy_pass_runtime_loss,0.0148,0.0132,1.094595,0.689189,,36752,113784,bfp4,bfp4,false,0,0,false,0,spmv_max_rel,SKIP
as-735_G_694.mtx,hybrid_lb,hybrid_lb,structural_hybrid,ok,none,promoted_fallback,0.0117,0.0105,1.384615,0.871795,,132888,,original,raw_double,false,,,1,0,exact_abs_or_rel,SKIP
as-735_G_694.mtx,cusparse_default,cusparse_csr,external_baseline,ok,none,external_baseline,0.0162,0.0143,1.000000,0.629630,,132888,97312,original,original,false,,,true,0,exact_abs_or_rel,SKIP
as-735_G_702.mtx,original_lb,original_lb,load_balanced_traversal,ok,none,promoted_fallback,0.0098,0.0078,1.663265,1.000000,,205408,167704,original,original,false,0,0,true,0,exact_abs_or_rel,SKIP
as-735_G_702.mtx,auto_lossless_lb,all_one_lb,lossless_value_specialized,ok,none,accuracy_pass_runtime_win,0.0094,0.0078,1.734043,1.042553,,0,167704,auto_lossless,all_one,true,1,0,true,0,exact_abs_or_rel,SKIP
as-735_G_702.mtx,fp16_lb,fp16_lb,controlled_lossy_value_specialized,ok,none,accuracy_pass_runtime_win,0.0096,0.0083,1.697917,1.020833,,51352,167704,fp16,fp16,false,0,0,false,0,spmv_max_rel,SKIP
as-735_G_702.mtx,bf16_lb,bf16_lb,controlled_lossy_value_specialized,ok,none,accuracy_pass_runtime_loss,0.0100,0.0092,1.630000,0.980000,,51352,167704,bf16,bf16,false,0,0,false,0,spmv_max_rel,SKIP
as-735_G_702.mtx,bfp8_lb,bfp8_lb,controlled_lossy_value_specialized,ok,none,accuracy_pass_runtime_win,0.0095,0.0085,1.715789,1.031579,,67602,167704,bfp8,bfp8,false,0,0,false,0,spmv_max_rel,SKIP
as-735_G_702.mtx,bfp8_outlier_lb,bfp8_outlier_lb,controlled_lossy_value_specialized,ok,none,accuracy_pass_runtime_win,0.0095,0.0085,1.715789,1.031579,,67602,167704,bfp8_outlier,bfp8_outlier,false,0,0,false,0,spmv_max_rel,SKIP
as-735_G_702.mtx,bfp4_lb,bfp4_lb,controlled_lossy_value_specialized,ok,none,accuracy_pass_runtime_loss,0.0137,0.0126,1.189781,0.715328,,54764,167704,bfp4,bfp4,false,0,0,false,0,spmv_max_rel,SKIP
as-735_G_702.mtx,hybrid_lb,hybrid_lb,structural_hybrid,ok,none,promoted_fallback,0.0107,0.0087,1.523364,0.915888,,205408,,original,raw_double,false,,,1,0,exact_abs_or_rel,SKIP
as-735_G_702.mtx,cusparse_default,cusparse_csr,external_baseline,ok,none,external_baseline,0.0163,0.0123,1.000000,0.601227,,205408,133572,original,original,false,,,true,0,exact_abs_or_rel,SKIP
as-735_G_710.mtx,original_lb,original_lb,load_balanced_traversal,ok,none,promoted_fallback,0.0083,0.0071,2.108434,1.000000,,52752,46456,original,original,false,0,0,true,0,exact_abs_or_rel,SKIP
as-735_G_710.mtx,auto_lossless_lb,all_one_lb,lossless_value_specialized,ok,none,accuracy_pass_runtime_win,0.0080,0.0074,2.187500,1.037500,,0,46456,auto_lossless,all_one,true,1,0,true,0,exact_abs_or_rel,SKIP
as-735_G_710.mtx,fp16_lb,fp16_lb,controlled_lossy_value_specialized,ok,none,accuracy_pass_runtime_loss,0.0094,0.0084,1.861702,0.882979,,13188,46456,fp16,fp16,false,0,0,false,0,spmv_max_rel,SKIP
as-735_G_710.mtx,bf16_lb,bf16_lb,controlled_lossy_value_specialized,ok,none,accuracy_pass_runtime_loss,0.0094,0.0084,1.861702,0.882979,,13188,46456,bf16,bf16,false,0,0,false,0,spmv_max_rel,SKIP
as-735_G_710.mtx,bfp8_lb,bfp8_lb,controlled_lossy_value_specialized,ok,none,accuracy_pass_runtime_loss,0.0100,0.0087,1.750000,0.830000,,18208,46456,bfp8,bfp8,false,0,0,false,0,spmv_max_rel,SKIP
as-735_G_710.mtx,bfp8_outlier_lb,bfp8_outlier_lb,controlled_lossy_value_specialized,ok,none,accuracy_pass_runtime_loss,0.0101,0.0090,1.732673,0.821782,,18208,46456,bfp8_outlier,bfp8_outlier,false,0,0,false,0,spmv_max_rel,SKIP
as-735_G_710.mtx,bfp4_lb,bfp4_lb,controlled_lossy_value_specialized,ok,none,accuracy_pass_runtime_loss,0.0152,0.0136,1.151316,0.546053,,14911,46456,bfp4,bfp4,false,0,0,false,0,spmv_max_rel,SKIP
as-735_G_710.mtx,hybrid_lb,hybrid_lb,structural_hybrid,ok,none,promoted_fallback,0.0121,0.0096,1.446281,0.685950,,52752,,original,raw_double,false,,,1,0,exact_abs_or_rel,SKIP
as-735_G_710.mtx,cusparse_default,cusparse_csr,external_baseline,ok,none,external_baseline,0.0175,0.0143,1.000000,0.474286,,52752,57244,original,original,false,,,true,0,exact_abs_or_rel,SKIP
as-735_G_718.mtx,original_lb,original_lb,load_balanced_traversal,ok,none,promoted_fallback,0.0086,0.0074,1.895349,1.000000,,70760,61808,original,original,false,0,0,true,0,exact_abs_or_rel,SKIP
as-735_G_718.mtx,auto_lossless_lb,all_one_lb,lossless_value_specialized,ok,none,accuracy_pass_runtime_loss,0.0086,0.0077,1.895349,1.000000,,0,61808,auto_lossless,all_one,true,1,0,true,0,exact_abs_or_rel,SKIP
as-735_G_718.mtx,fp16_lb,fp16_lb,controlled_lossy_value_specialized,ok,none,accuracy_pass_runtime_loss,0.0105,0.0100,1.552381,0.819048,,17690,61808,fp16,fp16,false,0,0,false,0,spmv_max_rel,SKIP
as-735_G_718.mtx,bf16_lb,bf16_lb,controlled_lossy_value_specialized,ok,none,accuracy_pass_runtime_loss,0.0101,0.0091,1.613861,0.851485,,17690,61808,bf16,bf16,false,0,0,false,0,spmv_max_rel,SKIP
as-735_G_718.mtx,bfp8_lb,bfp8_lb,controlled_lossy_value_specialized,ok,none,accuracy_pass_runtime_loss,0.0095,0.0085,1.715789,0.905263,,24297,61808,bfp8,bfp8,false,0,0,false,0,spmv_max_rel,SKIP
as-735_G_718.mtx,bfp8_outlier_lb,bfp8_outlier_lb,controlled_lossy_value_specialized,ok,none,accuracy_pass_runtime_loss,0.0094,0.0081,1.734043,0.914894,,24297,61808,bfp8_outlier,bfp8_outlier,false,0,0,false,0,spmv_max_rel,SKIP
as-735_G_718.mtx,bfp4_lb,bfp4_lb,controlled_lossy_value_specialized,ok,none,accuracy_pass_runtime_loss,0.0136,0.0126,1.198529,0.632353,,19875,61808,bfp4,bfp4,false,0,0,false,0,spmv_max_rel,SKIP
as-735_G_718.mtx,hybrid_lb,hybrid_lb,structural_hybrid,ok,none,promoted_fallback,0.0098,0.0087,1.663265,0.877551,,70760,,original,raw_double,false,,,1,0,exact_abs_or_rel,SKIP
as-735_G_718.mtx,cusparse_default,cusparse_csr,external_baseline,ok,none,external_baseline,0.0163,0.0143,1.000000,0.527607,,70760,66248,original,original,false,,,true,0,exact_abs_or_rel,SKIP
as-735_G_726.mtx,original_lb,original_lb,load_balanced_traversal,ok,none,promoted_fallback,0.0098,0.0077,1.683673,1.000000,,71504,62280,original,original,false,0,0,true,0,exact_abs_or_rel,SKIP
as-735_G_726.mtx,auto_lossless_lb,all_one_lb,lossless_value_specialized,ok,none,accuracy_pass_runtime_win,0.0084,0.0064,1.964286,1.166667,,0,62280,auto_lossless,all_one,true,1,0,true,0,exact_abs_or_rel,SKIP
as-735_G_726.mtx,fp16_lb,fp16_lb,controlled_lossy_value_specialized,ok,none,accuracy_pass_runtime_loss,0.0099,0.0080,1.666667,0.989899,,17876,62280,fp16,fp16,false,0,0,false,0,spmv_max_rel,SKIP
as-735_G_726.mtx,bf16_lb,bf16_lb,controlled_lossy_value_specialized,ok,none,accuracy_pass_runtime_loss,0.0099,0.0091,1.666667,0.989899,,17876,62280,bf16,bf16,false,0,0,false,0,spmv_max_rel,SKIP
as-735_G_726.mtx,bfp8_lb,bfp8_lb,controlled_lossy_value_specialized,ok,none,accuracy_pass_runtime_loss,0.0103,0.0090,1.601942,0.951456,,24508,62280,bfp8,bfp8,false,0,0,false,0,spmv_max_rel,SKIP
as-735_G_726.mtx,bfp8_outlier_lb,bfp8_outlier_lb,controlled_lossy_value_specialized,ok,none,accuracy_pass_runtime_loss,0.0105,0.0095,1.571429,0.933333,,24508,62280,bfp8_outlier,bfp8_outlier,false,0,0,false,0,spmv_max_rel,SKIP
as-735_G_726.mtx,bfp4_lb,bfp4_lb,controlled_lossy_value_specialized,ok,none,accuracy_pass_runtime_loss,0.0141,0.0131,1.170213,0.695035,,20039,62280,bfp4,bfp4,false,0,0,false,0,spmv_max_rel,SKIP
as-735_G_726.mtx,hybrid_lb,hybrid_lb,structural_hybrid,ok,none,promoted_fallback,0.0113,0.0100,1.460177,0.867257,,71504,,original,raw_double,false,,,1,0,exact_abs_or_rel,SKIP
as-735_G_726.mtx,cusparse_default,cusparse_csr,external_baseline,ok,none,external_baseline,0.0165,0.0143,1.000000,0.593939,,71504,66620,original,original,false,,,true,0,exact_abs_or_rel,SKIP
b2_ss.mtx,original_lb,original_lb,load_balanced_traversal,ok,none,promoted_fallback,0.0076,0.0060,1.842105,1.000000,,31160,10352,original,original,false,0,0,true,0,exact_abs_or_rel,SKIP
b2_ss.mtx,auto_lossless_lb,original_lb,load_balanced_traversal,ok,none,promoted_fallback,0.0074,0.0059,1.891892,1.027027,,31160,10352,auto_lossless,original,true,105,31160,true,0,exact_abs_or_rel,SKIP
b2_ss.mtx,fp16_lb,fp16_lb,controlled_lossy_value_specialized,ok,none,accuracy_pass_runtime_win,0.0075,0.0067,1.866667,1.013333,,7790,10352,fp16,fp16,false,0,0,false,0,spmv_max_rel,SKIP
b2_ss.mtx,bf16_lb,bf16_lb,controlled_lossy_value_specialized,ok,none,accuracy_pass_runtime_win,0.0073,0.0052,1.917808,1.041096,,7790,10352,bf16,bf16,false,0,0,false,0,spmv_max_rel,SKIP
b2_ss.mtx,bfp8_lb,bfp8_lb,controlled_lossy_value_specialized,ok,none,accuracy_pass_runtime_loss,0.0079,0.0066,1.772152,0.962025,,6483,10352,bfp8,bfp8,false,0,0,false,0,spmv_max_rel,SKIP
b2_ss.mtx,bfp8_outlier_lb,bfp8_outlier_lb,controlled_lossy_value_specialized,ok,none,accuracy_pass_runtime_win,0.0066,0.0059,2.121212,1.151515,,6483,10352,bfp8_outlier,bfp8_outlier,false,0,0,false,0,spmv_max_rel,SKIP
b2_ss.mtx,bfp4_lb,bfp4_lb,controlled_lossy_value_specialized,ok,none,accuracy_pass_runtime_win,0.0072,0.0063,1.944444,1.055556,,4536,10352,bfp4,bfp4,false,0,0,false,0,spmv_max_rel,SKIP
b2_ss.mtx,hybrid_lb,hybrid_lb,structural_hybrid,ok,none,promoted_fallback,0.0059,0.0047,2.372881,1.288136,,31160,,original,raw_double,false,,,1,0,exact_abs_or_rel,SKIP
b2_ss.mtx,cusparse_default,cusparse_csr,external_baseline,ok,none,external_baseline,0.0140,0.0122,1.000000,0.542857,,31160,19940,original,original,false,,,true,0,exact_abs_or_rel,SKIP
barth5.mtx,original_lb,original_lb,load_balanced_traversal,ok,none,promoted_fallback,0.0107,0.0090,1.579439,1.000000,,858896,475336,original,original,false,0,0,true,0,exact_abs_or_rel,SKIP
barth5.mtx,auto_lossless_lb,all_one_lb,lossless_value_specialized,ok,none,accuracy_pass_runtime_loss,0.0113,0.0103,1.495575,0.946903,,0,475336,auto_lossless,all_one,true,1,0,true,0,exact_abs_or_rel,SKIP
barth5.mtx,fp16_lb,fp16_lb,controlled_lossy_value_specialized,ok,none,accuracy_pass_runtime_win,0.0101,0.0084,1.673267,1.059406,,214724,475336,fp16,fp16,false,0,0,false,0,spmv_max_rel,SKIP
barth5.mtx,bf16_lb,bf16_lb,controlled_lossy_value_specialized,ok,none,accuracy_pass_runtime_win,0.0100,0.0087,1.690000,1.070000,,214724,475336,bf16,bf16,false,0,0,false,0,spmv_max_rel,SKIP
barth5.mtx,bfp8_lb,bfp8_lb,controlled_lossy_value_specialized,ok,none,accuracy_pass_runtime_loss,0.0111,0.0102,1.522523,0.963964,,226196,475336,bfp8,bfp8,false,0,0,false,0,spmv_max_rel,SKIP
barth5.mtx,bfp8_outlier_lb,bfp8_outlier_lb,controlled_lossy_value_specialized,ok,none,accuracy_pass_runtime_loss,0.0110,0.0100,1.536364,0.972727,,226196,475336,bfp8_outlier,bfp8_outlier,false,0,0,false,0,spmv_max_rel,SKIP
barth5.mtx,bfp4_lb,bfp4_lb,controlled_lossy_value_specialized,ok,none,accuracy_pass_runtime_loss,0.0153,0.0142,1.104575,0.699346,,172515,475336,bfp4,bfp4,false,0,0,false,0,spmv_max_rel,SKIP
barth5.mtx,hybrid_lb,hybrid_lb,structural_hybrid,ok,none,promoted_fallback,0.0081,0.0067,2.086420,1.320988,,858896,,original,raw_double,false,,,1,0,exact_abs_or_rel,SKIP
barth5.mtx,cusparse_default,cusparse_csr,external_baseline,ok,none,external_baseline,0.0169,0.0123,1.000000,0.633136,,858896,491876,original,original,false,,,true,0,exact_abs_or_rel,SKIP
bayer09.mtx,original_lb,original_lb,load_balanced_traversal,ok,none,promoted_fallback,0.0089,0.0079,1.595506,1.000000,,94136,27568,original,original,false,0,0,true,0,exact_abs_or_rel,SKIP
bayer09.mtx,auto_lossless_lb,original_lb,load_balanced_traversal,ok,none,promoted_fallback,0.0077,0.0068,1.844156,1.155844,,94136,27568,auto_lossless,original,true,5003,94136,true,0,exact_abs_or_rel,SKIP
bayer09.mtx,fp16_lb,fp16_lb,controlled_lossy_value_specialized,ok,none,accuracy_pass_runtime_win,0.0074,0.0066,1.918919,1.202703,,23534,27568,fp16,fp16,false,0,0,false,0,spmv_max_rel,SKIP
bayer09.mtx,bf16_lb,bf16_lb,controlled_lossy_value_specialized,ok,none,accuracy_pass_runtime_win,0.0071,0.0067,2.000000,1.253521,,23534,27568,bf16,bf16,false,0,0,false,0,spmv_max_rel,SKIP
bayer09.mtx,bfp8_lb,bfp8_lb,controlled_lossy_value_specialized,ok,none,accuracy_pass_runtime_win,0.0082,0.0073,1.731707,1.085366,,18659,27568,bfp8,bfp8,false,0,0,false,0,spmv_max_rel,SKIP
bayer09.mtx,bfp8_outlier_lb,bfp8_outlier_lb,controlled_lossy_value_specialized,ok,none,accuracy_pass_runtime_loss,0.0101,0.0086,1.405941,0.881188,,19587,27568,bfp8_outlier,bfp8_outlier,false,0,0,false,0,spmv_max_rel,SKIP
bayer09.mtx,bfp4_lb,bfp4_lb,controlled_lossy_value_specialized,ok,none,accuracy_pass_runtime_loss,0.0090,0.0082,1.577778,0.988889,,12776,27568,bfp4,bfp4,false,0,0,false,0,spmv_max_rel,SKIP
bayer09.mtx,hybrid_lb,hybrid_lb,structural_hybrid,ok,none,promoted_fallback,0.0071,0.0051,2.000000,1.253521,,94136,,original,raw_double,false,,,1,0,exact_abs_or_rel,SKIP
bayer09.mtx,cusparse_default,cusparse_csr,external_baseline,ok,none,external_baseline,0.0142,0.0123,1.000000,0.626761,,94136,59404,original,original,false,,,true,0,exact_abs_or_rel,SKIP
bcspwr01.mtx,original_lb,original_lb,load_balanced_traversal,ok,none,promoted_fallback,0.0074,0.0057,1.648649,1.000000,,1048,296,original,original,false,0,0,true,0,exact_abs_or_rel,SKIP
bcspwr01.mtx,auto_lossless_lb,all_one_lb,lossless_value_specialized,ok,none,accuracy_pass_runtime_win,0.0061,0.0048,2.000000,1.213115,,0,296,auto_lossless,all_one,true,1,0,true,0,exact_abs_or_rel,SKIP
bcspwr01.mtx,fp16_lb,fp16_lb,controlled_lossy_value_specialized,ok,none,accuracy_pass_runtime_win,0.0068,0.0060,1.794118,1.088235,,262,296,fp16,fp16,false,0,0,false,0,spmv_max_rel,SKIP
bcspwr01.mtx,bf16_lb,bf16_lb,controlled_lossy_value_specialized,ok,none,accuracy_pass_runtime_win,0.0069,0.0052,1.768116,1.072464,,262,296,bf16,bf16,false,0,0,false,0,spmv_max_rel,SKIP
bcspwr01.mtx,bfp8_lb,bfp8_lb,controlled_lossy_value_specialized,ok,none,accuracy_pass_runtime_win,0.0067,0.0051,1.820896,1.104478,,205,296,bfp8,bfp8,false,0,0,false,0,spmv_max_rel,SKIP
bcspwr01.mtx,bfp8_outlier_lb,bfp8_outlier_lb,controlled_lossy_value_specialized,ok,none,accuracy_pass_runtime_win,0.0072,0.0061,1.694444,1.027778,,205,296,bfp8_outlier,bfp8_outlier,false,0,0,false,0,spmv_max_rel,SKIP
bcspwr01.mtx,bfp4_lb,bfp4_lb,controlled_lossy_value_specialized,ok,none,accuracy_pass_runtime_loss,0.0090,0.0076,1.355556,0.822222,,140,296,bfp4,bfp4,false,0,0,false,0,spmv_max_rel,SKIP
bcspwr01.mtx,hybrid_lb,hybrid_lb,structural_hybrid,ok,none,promoted_fallback,0.0069,0.0054,1.768116,1.072464,,1048,,original,raw_double,false,,,1,0,exact_abs_or_rel,SKIP
bcspwr01.mtx,cusparse_default,cusparse_csr,external_baseline,ok,none,external_baseline,0.0122,0.0082,1.000000,0.606557,,1048,684,original,original,false,,,true,0,exact_abs_or_rel,SKIP
bcspwr09.mtx,original_lb,original_lb,load_balanced_traversal,ok,none,promoted_fallback,0.0088,0.0074,1.897727,1.000000,,52088,32576,original,original,false,0,0,true,0,exact_abs_or_rel,SKIP
bcspwr09.mtx,auto_lossless_lb,all_one_lb,lossless_value_specialized,ok,none,accuracy_pass_runtime_win,0.0084,0.0063,1.988095,1.047619,,0,32576,auto_lossless,all_one,true,1,0,true,0,exact_abs_or_rel,SKIP
bcspwr09.mtx,fp16_lb,fp16_lb,controlled_lossy_value_specialized,ok,none,accuracy_pass_runtime_loss,0.0096,0.0077,1.739583,0.916667,,13022,32576,fp16,fp16,false,0,0,false,0,spmv_max_rel,SKIP
bcspwr09.mtx,bf16_lb,bf16_lb,controlled_lossy_value_specialized,ok,none,accuracy_pass_runtime_loss,0.0099,0.0083,1.686869,0.888889,,13022,32576,bf16,bf16,false,0,0,false,0,spmv_max_rel,SKIP
bcspwr09.mtx,bfp8_lb,bfp8_lb,controlled_lossy_value_specialized,ok,none,accuracy_pass_runtime_loss,0.0116,0.0101,1.439655,0.758621,,14655,32576,bfp8,bfp8,false,0,0,false,0,spmv_max_rel,SKIP
bcspwr09.mtx,bfp8_outlier_lb,bfp8_outlier_lb,controlled_lossy_value_specialized,ok,none,accuracy_pass_runtime_loss,0.0108,0.0098,1.546296,0.814815,,14655,32576,bfp8_outlier,bfp8_outlier,false,0,0,false,0,spmv_max_rel,SKIP
bcspwr09.mtx,bfp4_lb,bfp4_lb,controlled_lossy_value_specialized,ok,none,accuracy_pass_runtime_loss,0.0149,0.0130,1.120805,0.590604,,11400,32576,bfp4,bfp4,false,0,0,false,0,spmv_max_rel,SKIP
bcspwr09.mtx,hybrid_lb,hybrid_lb,structural_hybrid,ok,none,promoted_fallback,0.0065,0.0052,2.569231,1.353846,,52088,,original,raw_double,false,,,1,0,exact_abs_or_rel,SKIP
bcspwr09.mtx,cusparse_default,cusparse_csr,external_baseline,ok,none,external_baseline,0.0167,0.0143,1.000000,0.526946,,52088,32940,original,original,false,,,true,0,exact_abs_or_rel,SKIP
bcsstk07.mtx,original_lb,original_lb,load_balanced_traversal,ok,none,promoted_fallback,0.0071,0.0065,1.845070,1.000000,,62880,5488,original,original,false,0,0,true,0,exact_abs_or_rel,SKIP
bcsstk07.mtx,auto_lossless_lb,dict65536_u16_lb,lossless_value_specialized,ok,none,accuracy_pass_runtime_loss,0.0083,0.0064,1.578313,0.855422,,52264,5488,auto_lossless,dict65536_u16,true,1045,52264,true,1045,exact_abs_or_rel,SKIP
bcsstk07.mtx,fp16_lb,fp16_lb,controlled_lossy_value_specialized,ok,none,accuracy_pass_runtime_loss,0.0074,0.0060,1.770270,0.959459,,15720,5488,fp16,fp16,false,0,0,false,0,spmv_max_rel,SKIP
bcsstk07.mtx,bf16_lb,bf16_lb,controlled_lossy_value_specialized,ok,none,accuracy_pass_runtime_loss,0.0078,0.0062,1.679487,0.910256,,15720,5488,bf16,bf16,false,0,0,false,0,spmv_max_rel,SKIP
bcsstk07.mtx,bfp8_lb,bfp8_lb,controlled_lossy_value_specialized,ok,none,accuracy_pass_runtime_loss,0.0079,0.0069,1.658228,0.898734,,9232,5488,bfp8,bfp8,false,0,0,false,0,spmv_max_rel,SKIP
bcsstk07.mtx,bfp8_outlier_lb,bfp8_outlier_lb,controlled_lossy_value_specialized,ok,none,accuracy_pass_runtime_loss,0.0098,0.0087,1.336735,0.724490,,9808,5488,bfp8_outlier,bfp8_outlier,false,0,0,false,0,spmv_max_rel,SKIP
bcsstk07.mtx,bfp4_lb,bfp4_lb,controlled_lossy_value_specialized,ok,none,accuracy_pass_runtime_loss,0.0098,0.0088,1.336735,0.724490,,5302,5488,bfp4,bfp4,false,0,0,false,0,spmv_max_rel,SKIP
bcsstk07.mtx,hybrid_lb,hybrid_lb,structural_hybrid,ok,none,promoted_fallback,0.0079,0.0064,1.658228,0.898734,,62880,,original,raw_double,false,,,1,0,exact_abs_or_rel,SKIP
bcsstk07.mtx,cusparse_default,cusparse_csr,external_baseline,ok,none,external_baseline,0.0131,0.0102,1.000000,0.541985,,62880,33124,original,original,false,,,true,0,exact_abs_or_rel,SKIP
bcsstk15.mtx,original_lb,original_lb,load_balanced_traversal,ok,none,promoted_fallback,0.0108,0.0089,1.287037,1.000000,,942528,98616,original,original,false,0,0,true,0,exact_abs_or_rel,SKIP
bcsstk15.mtx,auto_lossless_lb,dict65536_u16_lb,lossless_value_specialized,ok,none,accuracy_pass_runtime_loss,0.0113,0.0099,1.230088,0.955752,,806672,98616,auto_lossless,dict65536_u16,true,2218,806672,true,2218,exact_abs_or_rel,SKIP
bcsstk15.mtx,fp16_lb,fp16_lb,controlled_lossy_value_specialized,ok,none,accuracy_pass_runtime_win,0.0102,0.0089,1.362745,1.058824,,235632,98616,fp16,fp16,false,0,0,false,0,spmv_max_rel,SKIP
bcsstk15.mtx,bf16_lb,bf16_lb,controlled_lossy_value_specialized,ok,none,accuracy_pass_runtime_win,0.0094,0.0088,1.478723,1.148936,,235632,98616,bf16,bf16,false,0,0,false,0,spmv_max_rel,SKIP
bcsstk15.mtx,bfp8_lb,bfp8_lb,controlled_lossy_value_specialized,ok,none,accuracy_pass_runtime_win,0.0103,0.0092,1.349515,1.048544,,142470,98616,bfp8,bfp8,false,0,0,false,0,spmv_max_rel,SKIP
bcsstk15.mtx,bfp8_outlier_lb,bfp8_outlier_lb,controlled_lossy_value_specialized,ok,none,accuracy_pass_runtime_loss,0.0116,0.0105,1.198276,0.931034,,151814,98616,bfp8_outlier,bfp8_outlier,false,0,0,false,0,spmv_max_rel,SKIP
bcsstk15.mtx,bfp4_lb,bfp4_lb,controlled_lossy_value_specialized,ok,none,accuracy_pass_runtime_loss,0.0133,0.0121,1.045113,0.812030,,83562,98616,bfp4,bfp4,false,0,0,false,0,spmv_max_rel,SKIP
bcsstk15.mtx,hybrid_lb,hybrid_lb,structural_hybrid,ok,none,promoted_fallback,0.0093,0.0074,1.494624,1.161290,,942528,,original,raw_double,false,,,1,0,exact_abs_or_rel,SKIP
bcsstk15.mtx,cusparse_default,cusparse_csr,external_baseline,ok,none,external_baseline,0.0139,0.0102,1.000000,0.776978,,942528,487060,original,original,false,,,true,0,exact_abs_or_rel,SKIP
bcsstk26.mtx,original_lb,original_lb,load_balanced_traversal,ok,none,promoted_fallback,0.0083,0.0071,1.674699,1.000000,,242688,23680,original,original,false,0,0,true,0,exact_abs_or_rel,SKIP
bcsstk26.mtx,auto_lossless_lb,original_lb,load_balanced_traversal,ok,none,promoted_fallback,0.0090,0.0077,1.544444,0.922222,,242688,23680,auto_lossless,original,true,13480,242688,true,0,exact_abs_or_rel,SKIP
bcsstk26.mtx,fp16_lb,fp16_lb,controlled_lossy_value_specialized,ok,none,accuracy_pass_runtime_win,0.0081,0.0071,1.716049,1.024691,,60672,23680,fp16,fp16,false,0,0,false,0,spmv_max_rel,SKIP
bcsstk26.mtx,bf16_lb,bf16_lb,controlled_lossy_value_specialized,ok,none,accuracy_pass_runtime_win,0.0078,0.0065,1.782051,1.064103,,60672,23680,bf16,bf16,false,0,0,false,0,spmv_max_rel,SKIP
bcsstk26.mtx,bfp8_lb,bfp8_lb,controlled_lossy_value_specialized,ok,none,accuracy_pass_runtime_win,0.0080,0.0069,1.737500,1.037500,,36256,23680,bfp8,bfp8,false,0,0,false,0,spmv_max_rel,SKIP
bcsstk26.mtx,bfp8_outlier_lb,bfp8_outlier_lb,controlled_lossy_value_specialized,ok,none,accuracy_pass_runtime_loss,0.0099,0.0085,1.404040,0.838384,,38672,23680,bfp8_outlier,bfp8_outlier,false,0,0,false,0,spmv_max_rel,SKIP
bcsstk26.mtx,bfp4_lb,bfp4_lb,controlled_lossy_value_specialized,ok,none,accuracy_pass_runtime_loss,0.0098,0.0085,1.418367,0.846939,,21088,23680,bfp4,bfp4,false,0,0,false,0,spmv_max_rel,SKIP
bcsstk26.mtx,hybrid_lb,hybrid_lb,structural_hybrid,ok,none,promoted_fallback,0.0080,0.0064,1.737500,1.037500,,242688,,original,raw_double,false,,,1,0,exact_abs_or_rel,SKIP
bcsstk26.mtx,cusparse_default,cusparse_csr,external_baseline,ok,none,external_baseline,0.0139,0.0102,1.000000,0.597122,,242688,129036,original,original,false,,,true,0,exact_abs_or_rel,SKIP
bcsstm05.mtx,original_lb,original_lb,load_balanced_traversal,ok,none,promoted_fallback,0.0052,0.0044,2.365385,1.000000,,1224,312,original,original,false,0,0,true,0,exact_abs_or_rel,SKIP
bcsstm05.mtx,auto_lossless_lb,original_lb,load_balanced_traversal,ok,none,promoted_fallback,0.0056,0.0050,2.196429,0.928571,,1224,312,auto_lossless,original,true,21,1224,true,0,exact_abs_or_rel,SKIP
bcsstm05.mtx,fp16_lb,fp16_lb,controlled_lossy_value_specialized,ok,none,accuracy_pass_runtime_loss,0.0055,0.0044,2.236364,0.945455,,306,312,fp16,fp16,false,0,0,false,0,spmv_max_rel,SKIP
bcsstm05.mtx,bf16_lb,bf16_lb,controlled_lossy_value_specialized,ok,none,accuracy_pass_runtime_win,0.0050,0.0046,2.460000,1.040000,,306,312,bf16,bf16,false,0,0,false,0,spmv_max_rel,SKIP
bcsstm05.mtx,bfp8_lb,bfp8_lb,controlled_lossy_value_specialized,ok,none,accuracy_pass_runtime_win,0.0049,0.0042,2.510204,1.061224,,231,312,bfp8,bfp8,false,0,0,false,0,spmv_max_rel,SKIP
bcsstm05.mtx,bfp8_outlier_lb,bfp8_outlier_lb,controlled_lossy_value_specialized,ok,none,accuracy_pass_runtime_loss,0.0053,0.0044,2.320755,0.981132,,231,312,bfp8_outlier,bfp8_outlier,false,0,0,false,0,spmv_max_rel,SKIP
bcsstm05.mtx,bfp4_lb,bfp4_lb,controlled_lossy_value_specialized,ok,none,accuracy_pass_runtime_loss,0.0054,0.0044,2.277778,0.962963,,155,312,bfp4,bfp4,false,0,0,false,0,spmv_max_rel,SKIP
bcsstm05.mtx,hybrid_lb,hybrid_lb,structural_hybrid,ok,none,promoted_fallback,0.0054,0.0044,2.277778,0.962963,,1224,,original,raw_double,false,,,1,0,exact_abs_or_rel,SKIP
bcsstm05.mtx,cusparse_default,cusparse_csr,external_baseline,ok,none,external_baseline,0.0123,0.0102,1.000000,0.422764,,1224,1228,original,original,false,,,true,0,exact_abs_or_rel,SKIP
bcsstm13.mtx,original_lb,original_lb,load_balanced_traversal,ok,none,promoted_fallback,0.0097,0.0071,1.639175,1.000000,,169448,35944,original,original,false,0,0,true,0,exact_abs_or_rel,SKIP
bcsstm13.mtx,auto_lossless_lb,original_lb,load_balanced_traversal,ok,none,promoted_fallback,0.0093,0.0080,1.709677,1.043011,,169448,35944,auto_lossless,original,true,1690,169448,true,0,exact_abs_or_rel,SKIP
bcsstm13.mtx,fp16_lb,fp16_lb,controlled_lossy_value_specialized,ok,none,accuracy_pass_runtime_win,0.0090,0.0075,1.766667,1.077778,,42362,35944,fp16,fp16,false,0,0,false,0,spmv_max_rel,SKIP
bcsstm13.mtx,bf16_lb,bf16_lb,controlled_lossy_value_specialized,ok,none,accuracy_pass_runtime_win,0.0093,0.0076,1.709677,1.043011,,42362,35944,bf16,bf16,false,0,0,false,0,spmv_max_rel,SKIP
bcsstm13.mtx,bfp8_lb,bfp8_lb,controlled_lossy_value_specialized,ok,none,accuracy_pass_runtime_loss,0.0109,0.0091,1.458716,0.889908,,30167,35944,bfp8,bfp8,false,0,0,false,0,spmv_max_rel,SKIP
bcsstm13.mtx,bfp8_outlier_lb,bfp8_outlier_lb,controlled_lossy_value_specialized,ok,none,accuracy_pass_runtime_loss,0.0132,0.0120,1.204545,0.734848,,31831,35944,bfp8_outlier,bfp8_outlier,false,0,0,false,0,spmv_max_rel,SKIP
bcsstm13.mtx,bfp4_lb,bfp4_lb,controlled_lossy_value_specialized,ok,none,accuracy_pass_runtime_loss,0.0134,0.0116,1.186567,0.723881,,19577,35944,bfp4,bfp4,false,0,0,false,0,spmv_max_rel,SKIP
bcsstm13.mtx,hybrid_lb,hybrid_lb,structural_hybrid,ok,none,promoted_fallback,0.0107,0.0090,1.485981,0.906542,,169448,,original,raw_double,false,,,1,0,exact_abs_or_rel,SKIP
bcsstm13.mtx,cusparse_default,cusparse_csr,external_baseline,ok,none,external_baseline,0.0159,0.0123,1.000000,0.610063,,169448,92740,original,original,false,,,true,0,exact_abs_or_rel,SKIP
bcsstm26.mtx,original_lb,original_lb,load_balanced_traversal,ok,none,promoted_fallback,0.0064,0.0050,2.031250,1.000000,,15376,3848,original,original,false,0,0,true,0,exact_abs_or_rel,SKIP
bcsstm26.mtx,auto_lossless_lb,original_lb,load_balanced_traversal,ok,none,promoted_fallback,0.0064,0.0050,2.031250,1.000000,,15376,3848,auto_lossless,original,true,1010,15376,true,0,exact_abs_or_rel,SKIP
bcsstm26.mtx,fp16_lb,fp16_lb,controlled_lossy_value_specialized,ok,none,accuracy_pass_runtime_win,0.0053,0.0044,2.452830,1.207547,,3844,3848,fp16,fp16,false,0,0,false,0,spmv_max_rel,SKIP
bcsstm26.mtx,bf16_lb,bf16_lb,controlled_lossy_value_specialized,ok,none,accuracy_pass_runtime_win,0.0048,0.0045,2.708333,1.333333,,3844,3848,bf16,bf16,false,0,0,false,0,spmv_max_rel,SKIP
bcsstm26.mtx,bfp8_lb,bfp8_lb,controlled_lossy_value_specialized,ok,none,accuracy_pass_runtime_win,0.0049,0.0042,2.653061,1.306122,,2884,3848,bfp8,bfp8,false,0,0,false,0,spmv_max_rel,SKIP
bcsstm26.mtx,bfp8_outlier_lb,bfp8_outlier_lb,controlled_lossy_value_specialized,ok,none,accuracy_pass_runtime_loss,0.0080,0.0065,1.625000,0.800000,,3028,3848,bfp8_outlier,bfp8_outlier,false,0,0,false,0,spmv_max_rel,SKIP
bcsstm26.mtx,bfp4_lb,bfp4_lb,controlled_lossy_value_specialized,ok,none,accuracy_pass_runtime_win,0.0055,0.0047,2.363636,1.163636,,1923,3848,bfp4,bfp4,false,0,0,false,0,spmv_max_rel,SKIP
bcsstm26.mtx,hybrid_lb,hybrid_lb,structural_hybrid,ok,none,promoted_fallback,0.0057,0.0045,2.280702,1.122807,,15376,,original,raw_double,false,,,1,0,exact_abs_or_rel,SKIP
bcsstm26.mtx,cusparse_default,cusparse_csr,external_baseline,ok,none,external_baseline,0.0130,0.0102,1.000000,0.492308,,15376,15380,original,original,false,,,true,0,exact_abs_or_rel,SKIP
bcsstm35.mtx,original_lb,original_lb,load_balanced_traversal,ok,none,promoted_fallback,0.0057,0.0044,3.403509,1.000000,,164952,62776,original,original,false,0,0,true,0,exact_abs_or_rel,SKIP
bcsstm35.mtx,auto_lossless_lb,original_lb,load_balanced_traversal,ok,none,promoted_fallback,0.0058,0.0048,3.344828,0.982759,,164952,62776,auto_lossless,original,true,8081,164952,true,0,exact_abs_or_rel,SKIP
bcsstm35.mtx,fp16_lb,fp16_lb,controlled_lossy_value_specialized,ok,none,accuracy_pass_runtime_win,0.0055,0.0044,3.527273,1.036364,,41238,62776,fp16,fp16,false,0,0,false,0,spmv_max_rel,SKIP
bcsstm35.mtx,bf16_lb,bf16_lb,controlled_lossy_value_specialized,ok,none,accuracy_pass_runtime_loss,0.0062,0.0041,3.129032,0.919355,,41238,62776,bf16,bf16,false,0,0,false,0,spmv_max_rel,SKIP
bcsstm35.mtx,bfp8_lb,bfp8_lb,controlled_lossy_value_specialized,ok,none,accuracy_pass_runtime_win,0.0051,0.0040,3.803922,1.117647,,36313,62776,bfp8,bfp8,false,0,0,false,0,spmv_max_rel,SKIP
bcsstm35.mtx,bfp8_outlier_lb,bfp8_outlier_lb,controlled_lossy_value_specialized,ok,none,accuracy_pass_runtime_loss,0.0079,0.0053,2.455696,0.721519,,37961,62776,bfp8_outlier,bfp8_outlier,false,0,0,false,0,spmv_max_rel,SKIP
bcsstm35.mtx,bfp4_lb,bfp4_lb,controlled_lossy_value_specialized,ok,none,accuracy_pass_runtime_loss,0.0072,0.0052,2.694444,0.791667,,26004,62776,bfp4,bfp4,false,0,0,false,0,spmv_max_rel,SKIP
bcsstm35.mtx,hybrid_lb,hybrid_lb,structural_hybrid,ok,none,promoted_fallback,0.0070,0.0047,2.771429,0.814286,,164952,,original,raw_double,false,,,1,0,exact_abs_or_rel,SKIP
bcsstm35.mtx,cusparse_default,cusparse_csr,external_baseline,ok,none,external_baseline,0.0194,0.0164,1.000000,0.293814,,164952,203428,original,original,false,,,true,0,exact_abs_or_rel,SKIP
bfwb782.mtx,original_lb,original_lb,load_balanced_traversal,ok,none,promoted_fallback,0.0082,0.0075,1.707317,1.000000,,47856,13632,original,original,false,0,0,true,0,exact_abs_or_rel,SKIP
bfwb782.mtx,auto_lossless_lb,original_lb,load_balanced_traversal,ok,none,promoted_fallback,0.0087,0.0069,1.609195,0.942529,,47856,13632,auto_lossless,original,true,98,47856,true,0,exact_abs_or_rel,SKIP
bfwb782.mtx,fp16_lb,fp16_lb,controlled_lossy_value_specialized,ok,none,accuracy_pass_runtime_loss,0.0099,0.0080,1.414141,0.828283,,11964,13632,fp16,fp16,false,0,0,false,0,spmv_max_rel,SKIP
bfwb782.mtx,bf16_lb,bf16_lb,controlled_lossy_value_specialized,ok,none,accuracy_pass_runtime_loss,0.0104,0.0099,1.346154,0.788462,,11964,13632,bf16,bf16,false,0,0,false,0,spmv_max_rel,SKIP
bfwb782.mtx,bfp8_lb,bfp8_lb,controlled_lossy_value_specialized,ok,none,accuracy_pass_runtime_loss,0.0094,0.0085,1.489362,0.872340,,9390,13632,bfp8,bfp8,false,0,0,false,0,spmv_max_rel,SKIP
bfwb782.mtx,bfp8_outlier_lb,bfp8_outlier_lb,controlled_lossy_value_specialized,ok,none,accuracy_pass_runtime_loss,0.0093,0.0084,1.505376,0.881720,,9390,13632,bfp8_outlier,bfp8_outlier,false,0,0,false,0,spmv_max_rel,SKIP
bfwb782.mtx,bfp4_lb,bfp4_lb,controlled_lossy_value_specialized,ok,none,accuracy_pass_runtime_loss,0.0140,0.0133,1.000000,0.585714,,6399,13632,bfp4,bfp4,false,0,0,false,0,spmv_max_rel,SKIP
bfwb782.mtx,hybrid_lb,hybrid_lb,structural_hybrid,ok,none,promoted_fallback,0.0075,0.0056,1.866667,1.093333,,47856,,original,raw_double,false,,,1,0,exact_abs_or_rel,SKIP
bfwb782.mtx,cusparse_default,cusparse_csr,external_baseline,ok,none,external_baseline,0.0140,0.0123,1.000000,0.585714,,47856,27060,original,original,false,,,true,0,exact_abs_or_rel,SKIP
bibd_15_7.mtx,original_lb,original_lb,load_balanced_traversal,ok,none,promoted_fallback,0.0105,0.0094,1.180952,1.000000,,1081080,119584,original,original,false,0,0,true,0,exact_abs_or_rel,SKIP
bibd_15_7.mtx,auto_lossless_lb,all_one_lb,lossless_value_specialized,ok,none,accuracy_pass_runtime_win,0.0092,0.0072,1.347826,1.141304,,0,119584,auto_lossless,all_one,true,1,0,true,0,exact_abs_or_rel,SKIP
bibd_15_7.mtx,fp16_lb,fp16_lb,controlled_lossy_value_specialized,ok,none,accuracy_pass_runtime_win,0.0101,0.0089,1.227723,1.039604,,270270,119584,fp16,fp16,false,0,0,false,0,spmv_max_rel,SKIP
bibd_15_7.mtx,bf16_lb,bf16_lb,controlled_lossy_value_specialized,ok,none,accuracy_pass_runtime_win,0.0100,0.0087,1.240000,1.050000,,270270,119584,bf16,bf16,false,0,0,false,0,spmv_max_rel,SKIP
bibd_15_7.mtx,bfp8_lb,bfp8_lb,controlled_lossy_value_specialized,ok,none,accuracy_pass_runtime_win,0.0094,0.0083,1.319149,1.117021,,165031,119584,bfp8,bfp8,false,0,0,false,0,spmv_max_rel,SKIP
bibd_15_7.mtx,bfp8_outlier_lb,bfp8_outlier_lb,controlled_lossy_value_specialized,ok,none,accuracy_pass_runtime_win,0.0095,0.0085,1.305263,1.105263,,165031,119584,bfp8_outlier,bfp8_outlier,false,0,0,false,0,spmv_max_rel,SKIP
bibd_15_7.mtx,bfp4_lb,bfp4_lb,controlled_lossy_value_specialized,ok,none,accuracy_pass_runtime_loss,0.0143,0.0132,0.867133,0.734266,,97464,119584,bfp4,bfp4,false,0,0,false,0,spmv_max_rel,SKIP
bibd_15_7.mtx,hybrid_lb,hybrid_lb,structural_hybrid,ok,none,promoted_fallback,0.0149,0.0138,0.832215,0.704698,,1081080,,original,raw_double,false,,,1,0,exact_abs_or_rel,SKIP
bibd_15_7.mtx,cusparse_default,cusparse_csr,external_baseline,ok,none,external_baseline,0.0124,0.0096,1.000000,0.846774,,1081080,540964,original,original,false,,,true,0,exact_abs_or_rel,SKIP
bibd_20_10.mtx,original_lb,original_lb,load_balanced_traversal,ok,none,promoted_fallback,0.0485,0.0475,1.074227,1.000000,,66512160,5779584,original,original,false,0,0,true,0,exact_abs_or_rel,SKIP
bibd_20_10.mtx,auto_lossless_lb,all_one_lb,lossless_value_specialized,ok,none,accuracy_pass_runtime_win,0.0455,0.0433,1.145055,1.065934,,0,5779584,auto_lossless,all_one,true,1,0,true,0,exact_abs_or_rel,SKIP
bibd_20_10.mtx,fp16_lb,fp16_lb,controlled_lossy_value_specialized,ok,none,accuracy_pass_runtime_win,0.0456,0.0437,1.142544,1.063596,,16628040,5779584,fp16,fp16,false,0,0,false,0,spmv_max_rel,SKIP
bibd_20_10.mtx,bf16_lb,bf16_lb,controlled_lossy_value_specialized,ok,none,accuracy_pass_runtime_win,0.0452,0.0435,1.152655,1.073009,,16628040,5779584,bf16,bf16,false,0,0,false,0,spmv_max_rel,SKIP
bibd_20_10.mtx,bfp8_lb,bfp8_lb,controlled_lossy_value_specialized,ok,none,accuracy_pass_runtime_win,0.0461,0.0454,1.130152,1.052061,,9758916,5779584,bfp8,bfp8,false,0,0,false,0,spmv_max_rel,SKIP
bibd_20_10.mtx,bfp8_outlier_lb,bfp8_outlier_lb,controlled_lossy_value_specialized,ok,none,accuracy_pass_runtime_win,0.0462,0.0447,1.127706,1.049784,,9758916,5779584,bfp8_outlier,bfp8_outlier,false,0,0,false,0,spmv_max_rel,SKIP
bibd_20_10.mtx,bfp4_lb,bfp4_lb,controlled_lossy_value_specialized,ok,none,accuracy_pass_runtime_loss,0.0523,0.0514,0.996176,0.927342,,5601906,5779584,bfp4,bfp4,false,0,0,false,0,spmv_max_rel,SKIP
bibd_20_10.mtx,hybrid_lb,hybrid_lb,structural_hybrid,ok,none,promoted_fallback,0.0350,0.0332,1.488571,1.385714,,66512160,,original,raw_double,false,,,1,0,exact_abs_or_rel,SKIP
bibd_20_10.mtx,cusparse_default,cusparse_csr,external_baseline,ok,none,external_baseline,0.0521,0.0492,1.000000,0.930902,,66512160,33256844,original,original,false,,,true,0,exact_abs_or_rel,SKIP
bips07_1693.mtx,original_lb,original_lb,load_balanced_traversal,ok,none,promoted_fallback,0.0095,0.0084,1.684211,1.000000,,392352,132624,original,original,false,0,0,true,0,exact_abs_or_rel,SKIP
bips07_1693.mtx,auto_lossless_lb,original_lb,load_balanced_traversal,ok,none,promoted_fallback,0.0104,0.0091,1.538462,0.913462,,392352,132624,auto_lossless,original,true,20056,392352,true,0,exact_abs_or_rel,SKIP
bips07_1693.mtx,fp16_lb,fp16_lb,controlled_lossy_value_specialized,ok,none,accuracy_pass_runtime_loss,0.0099,0.0088,1.616162,0.959596,,98088,132624,fp16,fp16,false,0,0,false,0,spmv_max_rel,SKIP
bips07_1693.mtx,bf16_lb,bf16_lb,controlled_lossy_value_specialized,ok,none,accuracy_pass_runtime_loss,0.0100,0.0090,1.600000,0.950000,,98088,132624,bf16,bf16,false,0,0,false,0,spmv_max_rel,SKIP
bips07_1693.mtx,bfp8_lb,bfp8_lb,controlled_lossy_value_specialized,ok,none,accuracy_pass_runtime_loss,0.0097,0.0082,1.649485,0.979381,,82200,132624,bfp8,bfp8,false,0,0,false,0,spmv_max_rel,SKIP
bips07_1693.mtx,bfp8_outlier_lb,bfp8_outlier_lb,controlled_lossy_value_specialized,ok,none,accuracy_pass_runtime_loss,0.0119,0.0099,1.344538,0.798319,,86120,132624,bfp8_outlier,bfp8_outlier,false,0,0,false,0,spmv_max_rel,SKIP
bips07_1693.mtx,bfp4_lb,bfp4_lb,controlled_lossy_value_specialized,ok,none,accuracy_pass_runtime_loss,0.0132,0.0124,1.212121,0.719697,,57678,132624,bfp4,bfp4,false,0,0,false,0,spmv_max_rel,SKIP
bips07_1693.mtx,hybrid_lb,hybrid_lb,structural_hybrid,ok,none,promoted_fallback,0.0078,0.0064,2.051282,1.217949,,392352,,original,raw_double,false,,,1,0,exact_abs_or_rel,SKIP
bips07_1693.mtx,cusparse_default,cusparse_csr,external_baseline,ok,none,external_baseline,0.0160,0.0123,1.000000,0.593750,,392352,249280,original,original,false,,,true,0,exact_abs_or_rel,SKIP
bips07_1998_E.mtx,original_lb,original_lb,load_balanced_traversal,ok,none,promoted_fallback,0.0057,0.0048,3.000000,1.000000,,15984,9328,original,original,false,0,0,true,0,exact_abs_or_rel,SKIP
bips07_1998_E.mtx,auto_lossless_lb,all_one_lb,lossless_value_specialized,ok,none,accuracy_pass_runtime_win,0.0053,0.0042,3.226415,1.075472,,0,9328,auto_lossless,all_one,true,1,0,true,0,exact_abs_or_rel,SKIP
bips07_1998_E.mtx,fp16_lb,fp16_lb,controlled_lossy_value_specialized,ok,none,accuracy_pass_runtime_loss,0.0066,0.0049,2.590909,0.863636,,3996,9328,fp16,fp16,false,0,0,false,0,spmv_max_rel,SKIP
bips07_1998_E.mtx,bf16_lb,bf16_lb,controlled_lossy_value_specialized,ok,none,accuracy_pass_runtime_loss,0.0058,0.0051,2.948276,0.982759,,3996,9328,bf16,bf16,false,0,0,false,0,spmv_max_rel,SKIP
bips07_1998_E.mtx,bfp8_lb,bfp8_lb,controlled_lossy_value_specialized,ok,none,accuracy_pass_runtime_loss,0.0069,0.0051,2.478261,0.826087,,4330,9328,bfp8,bfp8,false,0,0,false,0,spmv_max_rel,SKIP
bips07_1998_E.mtx,bfp8_outlier_lb,bfp8_outlier_lb,controlled_lossy_value_specialized,ok,none,accuracy_pass_runtime_loss,0.0070,0.0047,2.442857,0.814286,,4330,9328,bfp8_outlier,bfp8_outlier,false,0,0,false,0,spmv_max_rel,SKIP
bips07_1998_E.mtx,bfp4_lb,bfp4_lb,controlled_lossy_value_specialized,ok,none,accuracy_pass_runtime_loss,0.0070,0.0052,2.442857,0.814286,,3331,9328,bfp4,bfp4,false,0,0,false,0,spmv_max_rel,SKIP
bips07_1998_E.mtx,hybrid_lb,hybrid_lb,structural_hybrid,ok,none,promoted_fallback,0.0059,0.0044,2.898305,0.966102,,15984,,original,raw_double,false,,,1,0,exact_abs_or_rel,SKIP
bips07_1998_E.mtx,cusparse_default,cusparse_csr,external_baseline,ok,none,external_baseline,0.0171,0.0143,1.000000,0.333333,,15984,68260,original,original,false,,,true,0,exact_abs_or_rel,SKIP
bips07_3078_B.mtx,original_lb,original_lb,load_balanced_traversal,ok,none,promoted_fallback,0.0050,0.0039,2.880000,1.000000,,32,32,original,original,false,0,0,true,0,exact_abs_or_rel,SKIP
bips07_3078_B.mtx,auto_lossless_lb,all_one_lb,lossless_value_specialized,ok,none,accuracy_pass_runtime_loss,0.0051,0.0047,2.823529,0.980392,,0,32,auto_lossless,all_one,true,1,0,true,0,exact_abs_or_rel,SKIP
bips07_3078_B.mtx,fp16_lb,fp16_lb,controlled_lossy_value_specialized,ok,none,accuracy_pass_runtime_win,0.0047,0.0031,3.063830,1.063830,,8,32,fp16,fp16,false,0,0,false,0,spmv_max_rel,SKIP
bips07_3078_B.mtx,bf16_lb,bf16_lb,controlled_lossy_value_specialized,ok,none,accuracy_pass_runtime_win,0.0048,0.0034,3.000000,1.041667,,8,32,bf16,bf16,false,0,0,false,0,spmv_max_rel,SKIP
bips07_3078_B.mtx,bfp8_lb,bfp8_lb,controlled_lossy_value_specialized,ok,none,accuracy_pass_runtime_loss,0.0052,0.0042,2.769231,0.961538,,12,32,bfp8,bfp8,false,0,0,false,0,spmv_max_rel,SKIP
bips07_3078_B.mtx,bfp8_outlier_lb,bfp8_outlier_lb,controlled_lossy_value_specialized,ok,none,accuracy_pass_runtime_loss,0.0051,0.0047,2.823529,0.980392,,12,32,bfp8_outlier,bfp8_outlier,false,0,0,false,0,spmv_max_rel,SKIP
bips07_3078_B.mtx,bfp4_lb,bfp4_lb,controlled_lossy_value_specialized,ok,none,accuracy_pass_runtime_loss,0.0055,0.0044,2.618182,0.909091,,10,32,bfp4,bfp4,false,0,0,false,0,spmv_max_rel,SKIP
bips07_3078_B.mtx,hybrid_lb,hybrid_lb,structural_hybrid,ok,none,promoted_fallback,0.0059,0.0042,2.440678,0.847458,,32,,original,raw_double,false,,,1,0,exact_abs_or_rel,SKIP
bips07_3078_B.mtx,cusparse_default,cusparse_csr,external_baseline,ok,none,external_baseline,0.0144,0.0123,1.000000,0.347222,,32,84532,original,original,false,,,true,0,exact_abs_or_rel,SKIP
bips98_1142_iv.mtx,original_lb,original_lb,load_balanced_traversal,ok,none,promoted_fallback,0.0050,0.0039,3.100000,1.000000,,9136,3976,original,original,false,0,0,true,0,exact_abs_or_rel,SKIP
bips98_1142_iv.mtx,auto_lossless_lb,all_one_lb,lossless_value_specialized,ok,none,accuracy_pass_runtime_loss,0.0056,0.0049,2.767857,0.892857,,0,3976,auto_lossless,all_one,true,1,0,true,0,exact_abs_or_rel,SKIP
bips98_1142_iv.mtx,fp16_lb,fp16_lb,controlled_lossy_value_specialized,ok,none,accuracy_pass_runtime_loss,0.0056,0.0051,2.767857,0.892857,,2284,3976,fp16,fp16,false,0,0,false,0,spmv_max_rel,SKIP
bips98_1142_iv.mtx,bf16_lb,bf16_lb,controlled_lossy_value_specialized,ok,none,accuracy_pass_runtime_loss,0.0060,0.0051,2.583333,0.833333,,2284,3976,bf16,bf16,false,0,0,false,0,spmv_max_rel,SKIP
bips98_1142_iv.mtx,bfp8_lb,bfp8_lb,controlled_lossy_value_specialized,ok,none,accuracy_pass_runtime_loss,0.0057,0.0048,2.719298,0.877193,,2136,3976,bfp8,bfp8,false,0,0,false,0,spmv_max_rel,SKIP
bips98_1142_iv.mtx,bfp8_outlier_lb,bfp8_outlier_lb,controlled_lossy_value_specialized,ok,none,accuracy_pass_runtime_loss,0.0056,0.0049,2.767857,0.892857,,2136,3976,bfp8_outlier,bfp8_outlier,false,0,0,false,0,spmv_max_rel,SKIP
bips98_1142_iv.mtx,bfp4_lb,bfp4_lb,controlled_lossy_value_specialized,ok,none,accuracy_pass_runtime_loss,0.0058,0.0047,2.672414,0.862069,,1565,3976,bfp4,bfp4,false,0,0,false,0,spmv_max_rel,SKIP
bips98_1142_iv.mtx,hybrid_lb,hybrid_lb,structural_hybrid,ok,none,promoted_fallback,0.0061,0.0047,2.540984,0.819672,,9136,,original,raw_double,false,,,1,0,exact_abs_or_rel,SKIP
bips98_1142_iv.mtx,cusparse_default,cusparse_csr,external_baseline,ok,none,external_baseline,0.0155,0.0123,1.000000,0.322581,,9136,43512,original,original,false,,,true,0,exact_abs_or_rel,SKIP
bips98_606_C.mtx,original_lb,original_lb,load_balanced_traversal,ok,none,promoted_fallback,0.0061,0.0047,1.950820,1.000000,,160,104,original,original,false,0,0,true,0,exact_abs_or_rel,SKIP
bips98_606_C.mtx,auto_lossless_lb,original_lb,load_balanced_traversal,ok,none,promoted_fallback,0.0077,0.0054,1.545455,0.792208,,160,104,auto_lossless,original,true,20,160,true,0,exact_abs_or_rel,SKIP
bips98_606_C.mtx,fp16_lb,fp16_lb,controlled_lossy_value_specialized,ok,none,accuracy_pass_runtime_loss,0.0072,0.0066,1.652778,0.847222,,40,104,fp16,fp16,false,0,0,false,0,spmv_max_rel,SKIP
bips98_606_C.mtx,bf16_lb,bf16_lb,controlled_lossy_value_specialized,ok,none,accuracy_pass_runtime_loss,0.0073,0.0053,1.630137,0.835616,,40,104,bf16,bf16,false,0,0,false,0,spmv_max_rel,SKIP
bips98_606_C.mtx,bfp8_lb,bfp8_lb,controlled_lossy_value_specialized,ok,none,accuracy_pass_runtime_loss,0.0075,0.0055,1.586667,0.813333,,46,104,bfp8,bfp8,false,0,0,false,0,spmv_max_rel,SKIP
bips98_606_C.mtx,bfp8_outlier_lb,bfp8_outlier_lb,controlled_lossy_value_specialized,ok,none,accuracy_pass_runtime_loss,0.0070,0.0056,1.700000,0.871429,,46,104,bfp8_outlier,bfp8_outlier,false,0,0,false,0,spmv_max_rel,SKIP
bips98_606_C.mtx,bfp4_lb,bfp4_lb,controlled_lossy_value_specialized,ok,none,accuracy_pass_runtime_loss,0.0076,0.0058,1.565789,0.802632,,36,104,bfp4,bfp4,false,0,0,false,0,spmv_max_rel,SKIP
bips98_606_C.mtx,hybrid_lb,hybrid_lb,structural_hybrid,ok,none,promoted_fallback,0.0063,0.0046,1.888889,0.968254,,160,,original,raw_double,false,,,1,0,exact_abs_or_rel,SKIP
bips98_606_C.mtx,cusparse_default,cusparse_csr,external_baseline,ok,none,external_baseline,0.0119,0.0082,1.000000,0.512605,,160,100,original,original,false,,,true,0,exact_abs_or_rel,SKIP
bloweybq.mtx,original_lb,original_lb,load_balanced_traversal,ok,none,promoted_fallback,0.0070,0.0050,2.085714,1.000000,,399992,40040,original,original,false,0,0,true,0,exact_abs_or_rel,SKIP
bloweybq.mtx,auto_lossless_lb,dict16_lb,lossless_value_specialized,ok,none,accuracy_pass_runtime_win,0.0067,0.0049,2.179104,1.044776,,80144,40040,auto_lossless,dict16,true,8,80144,true,8,exact_abs_or_rel,SKIP
bloweybq.mtx,fp16_lb,fp16_lb,controlled_lossy_value_specialized,ok,none,accuracy_pass_runtime_win,0.0068,0.0053,2.147059,1.029412,,99998,40040,fp16,fp16,false,0,0,false,0,spmv_max_rel,SKIP
bloweybq.mtx,bf16_lb,bf16_lb,controlled_lossy_value_specialized,ok,none,accuracy_pass_runtime_win,0.0063,0.0052,2.317460,1.111111,,99998,40040,bf16,bf16,false,0,0,false,0,spmv_max_rel,SKIP
bloweybq.mtx,bfp8_lb,bfp8_lb,controlled_lossy_value_specialized,ok,none,accuracy_pass_runtime_win,0.0056,0.0045,2.607143,1.250000,,60009,40040,bfp8,bfp8,false,0,0,false,0,spmv_max_rel,SKIP
bloweybq.mtx,bfp8_outlier_lb,bfp8_outlier_lb,controlled_lossy_value_specialized,ok,none,accuracy_pass_runtime_loss,0.0085,0.0069,1.717647,0.823529,,60025,40040,bfp8_outlier,bfp8_outlier,false,0,0,false,0,spmv_max_rel,SKIP
bloweybq.mtx,bfp4_lb,bfp4_lb,controlled_lossy_value_specialized,ok,none,accuracy_pass_runtime_loss,0.0074,0.0051,1.972973,0.945946,,35010,40040,bfp4,bfp4,false,0,0,false,0,spmv_max_rel,SKIP
bloweybq.mtx,hybrid_lb,hybrid_lb,structural_hybrid,ok,none,promoted_fallback,0.0069,0.0048,2.115942,1.014493,,399992,,original,raw_double,false,,,1,0,exact_abs_or_rel,SKIP
bloweybq.mtx,cusparse_default,cusparse_csr,external_baseline,ok,none,external_baseline,0.0146,0.0123,1.000000,0.479452,,399992,240004,original,original,false,,,true,0,exact_abs_or_rel,SKIP
bp_1200.mtx,original_lb,original_lb,load_balanced_traversal,ok,none,promoted_fallback,0.0096,0.0085,1.437500,1.000000,,37808,18584,original,original,false,0,0,true,0,exact_abs_or_rel,SKIP
bp_1200.mtx,auto_lossless_lb,original_lb,load_balanced_traversal,ok,none,promoted_fallback,0.0082,0.0071,1.682927,1.170732,,37808,18584,auto_lossless,original,true,1782,37808,true,0,exact_abs_or_rel,SKIP
bp_1200.mtx,fp16_lb,fp16_lb,controlled_lossy_value_specialized,ok,none,accuracy_pass_runtime_loss,0.0098,0.0090,1.408163,0.979592,,9452,18584,fp16,fp16,false,0,0,false,0,spmv_max_rel,SKIP
bp_1200.mtx,bf16_lb,bf16_lb,controlled_lossy_value_specialized,ok,none,accuracy_pass_runtime_loss,0.0096,0.0091,1.437500,1.000000,,9452,18584,bf16,bf16,false,0,0,false,0,spmv_max_rel,SKIP
bp_1200.mtx,bfp8_lb,bfp8_lb,controlled_lossy_value_specialized,ok,none,accuracy_pass_runtime_loss,0.0097,0.0089,1.422680,0.989691,,9372,18584,bfp8,bfp8,false,0,0,false,0,spmv_max_rel,SKIP
bp_1200.mtx,bfp8_outlier_lb,bfp8_outlier_lb,controlled_lossy_value_specialized,ok,none,accuracy_pass_runtime_loss,0.0112,0.0104,1.232143,0.857143,,9740,18584,bfp8_outlier,bfp8_outlier,false,0,0,false,0,spmv_max_rel,SKIP
bp_1200.mtx,bfp4_lb,bfp4_lb,controlled_lossy_value_specialized,ok,none,accuracy_pass_runtime_loss,0.0148,0.0135,0.932432,0.648649,,7009,18584,bfp4,bfp4,false,0,0,false,0,spmv_max_rel,SKIP
bp_1200.mtx,hybrid_lb,hybrid_lb,structural_hybrid,ok,none,promoted_fallback,0.0094,0.0088,1.468085,1.021277,,37808,,original,raw_double,false,,,1,0,exact_abs_or_rel,SKIP
bp_1200.mtx,cusparse_default,cusparse_csr,external_baseline,ok,none,external_baseline,0.0138,0.0117,1.000000,0.695652,,37808,22196,original,original,false,,,true,0,exact_abs_or_rel,SKIP
c-19.mtx,original_lb,original_lb,load_balanced_traversal,ok,none,promoted_fallback,0.0092,0.0084,1.586957,1.000000,,174536,42344,original,original,false,0,0,true,0,exact_abs_or_rel,SKIP
c-19.mtx,auto_lossless_lb,original_lb,load_balanced_traversal,ok,none,promoted_fallback,0.0091,0.0082,1.604396,1.010989,,174536,42344,auto_lossless,original,true,7067,174536,true,0,exact_abs_or_rel,SKIP
c-19.mtx,fp16_lb,fp16_lb,controlled_lossy_value_specialized,ok,none,accuracy_pass_runtime_loss,0.0099,0.0087,1.474747,0.929293,,43634,42344,fp16,fp16,false,0,0,false,0,spmv_max_rel,SKIP
c-19.mtx,bf16_lb,bf16_lb,controlled_lossy_value_specialized,ok,none,accuracy_pass_runtime_loss,0.0100,0.0079,1.460000,0.920000,,43634,42344,bf16,bf16,false,0,0,false,0,spmv_max_rel,SKIP
c-19.mtx,bfp8_lb,bfp8_lb,controlled_lossy_value_specialized,ok,none,accuracy_pass_runtime_loss,0.0104,0.0094,1.403846,0.884615,,32403,42344,bfp8,bfp8,false,0,0,false,0,spmv_max_rel,SKIP
c-19.mtx,bfp8_outlier_lb,bfp8_outlier_lb,controlled_lossy_value_specialized,ok,none,accuracy_pass_runtime_loss,0.0118,0.0102,1.237288,0.779661,,34147,42344,bfp8_outlier,bfp8_outlier,false,0,0,false,0,spmv_max_rel,SKIP
c-19.mtx,bfp4_lb,bfp4_lb,controlled_lossy_value_specialized,ok,none,accuracy_pass_runtime_loss,0.0140,0.0134,1.042857,0.657143,,21495,42344,bfp4,bfp4,false,0,0,false,0,spmv_max_rel,SKIP
c-19.mtx,hybrid_lb,hybrid_lb,structural_hybrid,ok,none,promoted_fallback,0.0114,0.0103,1.280702,0.807018,,174536,,original,raw_double,false,,,1,0,exact_abs_or_rel,SKIP
c-19.mtx,cusparse_default,cusparse_csr,external_baseline,ok,none,external_baseline,0.0146,0.0123,1.000000,0.630137,,174536,96580,original,original,false,,,true,0,exact_abs_or_rel,SKIP
c-27.mtx,original_lb,original_lb,load_balanced_traversal,ok,none,promoted_fallback,0.0090,0.0069,1.677778,1.000000,,247416,66472,original,original,false,0,0,true,0,exact_abs_or_rel,SKIP
c-27.mtx,auto_lossless_lb,original_lb,load_balanced_traversal,ok,none,promoted_fallback,0.0092,0.0080,1.641304,0.978261,,247416,66472,auto_lossless,original,true,10068,247416,true,0,exact_abs_or_rel,SKIP
c-27.mtx,fp16_lb,fp16_lb,controlled_lossy_value_specialized,ok,none,accuracy_pass_runtime_loss,0.0098,0.0089,1.540816,0.918367,,61854,66472,fp16,fp16,false,0,0,false,0,spmv_max_rel,SKIP
c-27.mtx,bf16_lb,bf16_lb,controlled_lossy_value_specialized,ok,none,accuracy_pass_runtime_loss,0.0098,0.0088,1.540816,0.918367,,61854,66472,bf16,bf16,false,0,0,false,0,spmv_max_rel,SKIP
c-27.mtx,bfp8_lb,bfp8_lb,controlled_lossy_value_specialized,ok,none,accuracy_pass_runtime_loss,0.0095,0.0085,1.589474,0.947368,,47545,66472,bfp8,bfp8,false,0,0,false,0,spmv_max_rel,SKIP
c-27.mtx,bfp8_outlier_lb,bfp8_outlier_lb,controlled_lossy_value_specialized,ok,none,accuracy_pass_runtime_loss,0.0118,0.0101,1.279661,0.762712,,50009,66472,bfp8_outlier,bfp8_outlier,false,0,0,false,0,spmv_max_rel,SKIP
c-27.mtx,bfp4_lb,bfp4_lb,controlled_lossy_value_specialized,ok,none,accuracy_pass_runtime_loss,0.0144,0.0132,1.048611,0.625000,,32082,66472,bfp4,bfp4,false,0,0,false,0,spmv_max_rel,SKIP
c-27.mtx,hybrid_lb,hybrid_lb,structural_hybrid,ok,none,promoted_fallback,0.0094,0.0077,1.606383,0.957447,,247416,,original,raw_double,false,,,1,0,exact_abs_or_rel,SKIP
c-27.mtx,cusparse_default,cusparse_csr,external_baseline,ok,none,external_baseline,0.0151,0.0123,1.000000,0.596026,,247416,141964,original,original,false,,,true,0,exact_abs_or_rel,SKIP
c-35.mtx,original_lb,original_lb,load_balanced_traversal,ok,none,promoted_fallback,0.0091,0.0074,1.659341,1.000000,,503128,104632,original,original,false,0,0,true,0,exact_abs_or_rel,SKIP
c-35.mtx,auto_lossless_lb,original_lb,load_balanced_traversal,ok,none,promoted_fallback,0.0121,0.0090,1.247934,0.752066,,503128,104632,auto_lossless,original,true,19716,503128,true,0,exact_abs_or_rel,SKIP
c-35.mtx,fp16_lb,fp16_lb,controlled_lossy_value_specialized,ok,none,accuracy_pass_runtime_loss,0.0091,0.0078,1.659341,1.000000,,125782,104632,fp16,fp16,false,0,0,false,0,spmv_max_rel,SKIP
c-35.mtx,bf16_lb,bf16_lb,controlled_lossy_value_specialized,ok,none,accuracy_pass_runtime_loss,0.0095,0.0082,1.589474,0.957895,,125782,104632,bf16,bf16,false,0,0,false,0,spmv_max_rel,SKIP
c-35.mtx,bfp8_lb,bfp8_lb,controlled_lossy_value_specialized,ok,none,accuracy_pass_runtime_loss,0.0095,0.0087,1.589474,0.957895,,89049,104632,bfp8,bfp8,false,0,0,false,0,spmv_max_rel,SKIP
c-35.mtx,bfp8_outlier_lb,bfp8_outlier_lb,controlled_lossy_value_specialized,ok,none,accuracy_pass_runtime_loss,0.0117,0.0104,1.290598,0.777778,,94073,104632,bfp8_outlier,bfp8_outlier,false,0,0,false,0,spmv_max_rel,SKIP
c-35.mtx,bfp4_lb,bfp4_lb,controlled_lossy_value_specialized,ok,none,accuracy_pass_runtime_loss,0.0147,0.0132,1.027211,0.619048,,57604,104632,bfp4,bfp4,false,0,0,false,0,spmv_max_rel,SKIP
c-35.mtx,hybrid_lb,hybrid_lb,structural_hybrid,ok,none,promoted_fallback,0.0110,0.0080,1.372727,0.827273,,503128,,original,raw_double,false,,,1,0,exact_abs_or_rel,SKIP
c-35.mtx,cusparse_default,cusparse_csr,external_baseline,ok,none,external_baseline,0.0151,0.0123,1.000000,0.602649,,503128,277716,original,original,false,,,true,0,exact_abs_or_rel,SKIP
c8_mat11_I.mtx,original_lb,original_lb,load_balanced_traversal,ok,none,promoted_fallback,0.0218,0.0200,1.220183,1.000000,,19703760,2320560,original,original,false,0,0,true,0,exact_abs_or_rel,SKIP
c8_mat11_I.mtx,auto_lossless_lb,dict65536_u16_lb,lossless_value_specialized,ok,none,accuracy_pass_runtime_loss,0.0316,0.0301,0.841772,0.689873,,19086144,2320560,auto_lossless,dict65536_u16,true,65208,19086144,true,65208,exact_abs_or_rel,SKIP
c8_mat11_I.mtx,fp16_lb,fp16_lb,controlled_lossy_value_specialized,ok,none,accuracy_pass_runtime_win,0.0201,0.0178,1.323383,1.084577,,4925940,2320560,fp16,fp16,false,0,0,false,0,spmv_max_rel,SKIP
c8_mat11_I.mtx,bf16_lb,bf16_lb,controlled_lossy_value_specialized,ok,none,accuracy_pass_runtime_win,0.0196,0.0176,1.357143,1.112245,,4925940,2320560,bf16,bf16,false,0,0,false,0,spmv_max_rel,SKIP
c8_mat11_I.mtx,bfp8_lb,bfp8_lb,controlled_lossy_value_specialized,ok,none,accuracy_pass_runtime_win,0.0208,0.0195,1.278846,1.048077,,3043110,2320560,bfp8,bfp8,false,0,0,false,0,spmv_max_rel,SKIP
c8_mat11_I.mtx,bfp8_outlier_lb,bfp8_outlier_lb,controlled_lossy_value_specialized,ok,none,accuracy_pass_runtime_win,0.0199,0.0187,1.336683,1.095477,,3043110,2320560,bfp8_outlier,bfp8_outlier,false,0,0,false,0,spmv_max_rel,SKIP
c8_mat11_I.mtx,bfp4_lb,bfp4_lb,controlled_lossy_value_specialized,ok,none,accuracy_pass_runtime_loss,0.0231,0.0210,1.151515,0.943723,,1811625,2320560,bfp4,bfp4,false,0,0,false,0,spmv_max_rel,SKIP
c8_mat11_I.mtx,hybrid_lb,hybrid_lb,structural_hybrid,ok,none,promoted_fallback,0.0198,0.0188,1.343434,1.101010,,19703760,,original,raw_double,false,,,1,0,exact_abs_or_rel,SKIP
c8_mat11_I.mtx,cusparse_default,cusparse_csr,external_baseline,ok,none,external_baseline,0.0266,0.0225,1.000000,0.819549,,19703760,9870132,original,original,false,,,true,0,exact_abs_or_rel,SKIP
ca-GrQc.mtx,original_lb,original_lb,load_balanced_traversal,ok,none,promoted_fallback,0.0093,0.0078,1.731183,1.000000,,231840,220336,original,original,false,0,0,true,0,exact_abs_or_rel,SKIP
ca-GrQc.mtx,auto_lossless_lb,all_one_lb,lossless_value_specialized,ok,none,accuracy_pass_runtime_win,0.0090,0.0084,1.788889,1.033333,,0,220336,auto_lossless,all_one,true,1,0,true,0,exact_abs_or_rel,SKIP
ca-GrQc.mtx,fp16_lb,fp16_lb,controlled_lossy_value_specialized,ok,none,accuracy_pass_runtime_loss,0.0099,0.0096,1.626263,0.939394,,57960,220336,fp16,fp16,false,0,0,false,0,spmv_max_rel,SKIP
ca-GrQc.mtx,bf16_lb,bf16_lb,controlled_lossy_value_specialized,ok,none,accuracy_pass_runtime_loss,0.0100,0.0096,1.610000,0.930000,,57960,220336,bf16,bf16,false,0,0,false,0,spmv_max_rel,SKIP
ca-GrQc.mtx,bfp8_lb,bfp8_lb,controlled_lossy_value_specialized,ok,none,accuracy_pass_runtime_loss,0.0096,0.0086,1.677083,0.968750,,84064,220336,bfp8,bfp8,false,0,0,false,0,spmv_max_rel,SKIP
ca-GrQc.mtx,bfp8_outlier_lb,bfp8_outlier_lb,controlled_lossy_value_specialized,ok,none,accuracy_pass_runtime_loss,0.0094,0.0084,1.712766,0.989362,,84064,220336,bfp8_outlier,bfp8_outlier,false,0,0,false,0,spmv_max_rel,SKIP
ca-GrQc.mtx,bfp4_lb,bfp4_lb,controlled_lossy_value_specialized,ok,none,accuracy_pass_runtime_loss,0.0147,0.0132,1.095238,0.632653,,69574,220336,bfp4,bfp4,false,0,0,false,0,spmv_max_rel,SKIP
ca-GrQc.mtx,hybrid_lb,hybrid_lb,structural_hybrid,ok,none,promoted_fallback,0.0089,0.0071,1.808989,1.044944,,231840,,original,raw_double,false,,,1,0,exact_abs_or_rel,SKIP
ca-GrQc.mtx,cusparse_default,cusparse_csr,external_baseline,ok,none,external_baseline,0.0161,0.0143,1.000000,0.577640,,231840,136892,original,original,false,,,true,0,exact_abs_or_rel,SKIP
cage5.mtx,original_lb,original_lb,load_balanced_traversal,ok,none,promoted_fallback,0.0067,0.0059,1.776119,1.000000,,1864,288,original,original,false,0,0,true,0,exact_abs_or_rel,SKIP
cage5.mtx,auto_lossless_lb,dict256_u8_lb,lossless_value_specialized,ok,none,accuracy_pass_runtime_loss,0.0074,0.0063,1.608108,0.905405,,1448,288,auto_lossless,dict256_u8,true,37,1448,true,37,exact_abs_or_rel,SKIP
cage5.mtx,fp16_lb,fp16_lb,controlled_lossy_value_specialized,ok,none,accuracy_pass_runtime_win,0.0055,0.0045,2.163636,1.218182,,466,288,fp16,fp16,false,0,0,false,0,spmv_max_rel,SKIP
cage5.mtx,bf16_lb,bf16_lb,controlled_lossy_value_specialized,ok,none,accuracy_pass_runtime_win,0.0057,0.0046,2.087719,1.175439,,466,288,bf16,bf16,false,0,0,false,0,spmv_max_rel,SKIP
cage5.mtx,bfp8_lb,bfp8_lb,controlled_lossy_value_specialized,ok,none,accuracy_pass_runtime_win,0.0057,0.0045,2.087719,1.175439,,305,288,bfp8,bfp8,false,0,0,false,0,spmv_max_rel,SKIP
cage5.mtx,bfp8_outlier_lb,bfp8_outlier_lb,controlled_lossy_value_specialized,ok,none,accuracy_pass_runtime_loss,0.0081,0.0068,1.469136,0.827160,,321,288,bfp8_outlier,bfp8_outlier,false,0,0,false,0,spmv_max_rel,SKIP
cage5.mtx,bfp4_lb,bfp4_lb,controlled_lossy_value_specialized,ok,none,accuracy_pass_runtime_loss,0.0069,0.0065,1.724638,0.971014,,189,288,bfp4,bfp4,false,0,0,false,0,spmv_max_rel,SKIP
cage5.mtx,hybrid_lb,hybrid_lb,structural_hybrid,ok,none,promoted_fallback,0.0065,0.0054,1.830769,1.030769,,1864,,original,raw_double,false,,,1,0,exact_abs_or_rel,SKIP
cage5.mtx,cusparse_default,cusparse_csr,external_baseline,ok,none,external_baseline,0.0119,0.0082,1.000000,0.563025,,1864,1084,original,original,false,,,true,0,exact_abs_or_rel,SKIP
cage_G_03.mtx,original_lb,original_lb,load_balanced_traversal,ok,none,promoted_fallback,0.0057,0.0044,2.192982,1.000000,,576,128,original,original,false,0,0,true,0,exact_abs_or_rel,SKIP
cage_G_03.mtx,auto_lossless_lb,all_one_lb,lossless_value_specialized,ok,none,accuracy_pass_runtime_loss,0.0058,0.0051,2.155172,0.982759,,0,128,auto_lossless,all_one,true,1,0,true,0,exact_abs_or_rel,SKIP
cage_G_03.mtx,fp16_lb,fp16_lb,controlled_lossy_value_specialized,ok,none,accuracy_pass_runtime_win,0.0051,0.0043,2.450980,1.117647,,144,128,fp16,fp16,false,0,0,false,0,spmv_max_rel,SKIP
cage_G_03.mtx,bf16_lb,bf16_lb,controlled_lossy_value_specialized,ok,none,accuracy_pass_runtime_win,0.0052,0.0044,2.403846,1.096154,,144,128,bf16,bf16,false,0,0,false,0,spmv_max_rel,SKIP
cage_G_03.mtx,bfp8_lb,bfp8_lb,controlled_lossy_value_specialized,ok,none,accuracy_pass_runtime_loss,0.0093,0.0050,1.344086,0.612903,,104,128,bfp8,bfp8,false,0,0,false,0,spmv_max_rel,SKIP
cage_G_03.mtx,bfp8_outlier_lb,bfp8_outlier_lb,controlled_lossy_value_specialized,ok,none,accuracy_pass_runtime_win,0.0052,0.0045,2.403846,1.096154,,104,128,bfp8_outlier,bfp8_outlier,false,0,0,false,0,spmv_max_rel,SKIP
cage_G_03.mtx,bfp4_lb,bfp4_lb,controlled_lossy_value_specialized,ok,none,accuracy_pass_runtime_loss,0.0063,0.0051,1.984127,0.904762,,68,128,bfp4,bfp4,false,0,0,false,0,spmv_max_rel,SKIP
cage_G_03.mtx,hybrid_lb,hybrid_lb,structural_hybrid,ok,none,promoted_fallback,0.0067,0.0053,1.865672,0.850746,,576,,original,raw_double,false,,,1,0,exact_abs_or_rel,SKIP
cage_G_03.mtx,cusparse_default,cusparse_csr,external_baseline,ok,none,external_baseline,0.0125,0.0082,1.000000,0.456000,,576,388,original,original,false,,,true,0,exact_abs_or_rel,SKIP
cage_G_11.mtx,original_lb,original_lb,load_balanced_traversal,ok,none,promoted_fallback,0.0061,0.0050,2.032787,1.000000,,1392,528,original,original,false,0,0,true,0,exact_abs_or_rel,SKIP
cage_G_11.mtx,auto_lossless_lb,all_one_lb,lossless_value_specialized,ok,none,accuracy_pass_runtime_loss,0.0065,0.0053,1.907692,0.938462,,0,528,auto_lossless,all_one,true,1,0,true,0,exact_abs_or_rel,SKIP
cage_G_11.mtx,fp16_lb,fp16_lb,controlled_lossy_value_specialized,ok,none,accuracy_pass_runtime_win,0.0060,0.0050,2.066667,1.016667,,348,528,fp16,fp16,false,0,0,false,0,spmv_max_rel,SKIP
cage_G_11.mtx,bf16_lb,bf16_lb,controlled_lossy_value_specialized,ok,none,accuracy_pass_runtime_win,0.0060,0.0049,2.066667,1.016667,,348,528,bf16,bf16,false,0,0,false,0,spmv_max_rel,SKIP
cage_G_11.mtx,bfp8_lb,bfp8_lb,controlled_lossy_value_specialized,ok,none,accuracy_pass_runtime_loss,0.0077,0.0059,1.610390,0.792208,,306,528,bfp8,bfp8,false,0,0,false,0,spmv_max_rel,SKIP
cage_G_11.mtx,bfp8_outlier_lb,bfp8_outlier_lb,controlled_lossy_value_specialized,ok,none,accuracy_pass_runtime_loss,0.0065,0.0051,1.907692,0.938462,,306,528,bfp8_outlier,bfp8_outlier,false,0,0,false,0,spmv_max_rel,SKIP
cage_G_11.mtx,bfp4_lb,bfp4_lb,controlled_lossy_value_specialized,ok,none,accuracy_pass_runtime_loss,0.0083,0.0067,1.493976,0.734940,,219,528,bfp4,bfp4,false,0,0,false,0,spmv_max_rel,SKIP
cage_G_11.mtx,hybrid_lb,hybrid_lb,structural_hybrid,ok,none,promoted_fallback,0.0065,0.0055,1.907692,0.938462,,1392,,original,raw_double,false,,,1,0,exact_abs_or_rel,SKIP
cage_G_11.mtx,cusparse_default,cusparse_csr,external_baseline,ok,none,external_baseline,0.0124,0.0082,1.000000,0.491935,,1392,932,original,original,false,,,true,0,exact_abs_or_rel,SKIP
cage_G_19.mtx,original_lb,original_lb,load_balanced_traversal,ok,none,promoted_fallback,0.0067,0.0061,1.805970,1.000000,,1392,432,original,original,false,0,0,true,0,exact_abs_or_rel,SKIP
cage_G_19.mtx,auto_lossless_lb,all_one_lb,lossless_value_specialized,ok,none,accuracy_pass_runtime_win,0.0059,0.0046,2.050847,1.135593,,0,432,auto_lossless,all_one,true,1,0,true,0,exact_abs_or_rel,SKIP
cage_G_19.mtx,fp16_lb,fp16_lb,controlled_lossy_value_specialized,ok,none,accuracy_pass_runtime_win,0.0058,0.0050,2.086207,1.155172,,348,432,fp16,fp16,false,0,0,false,0,spmv_max_rel,SKIP
cage_G_19.mtx,bf16_lb,bf16_lb,controlled_lossy_value_specialized,ok,none,accuracy_pass_runtime_win,0.0064,0.0050,1.890625,1.046875,,348,432,bf16,bf16,false,0,0,false,0,spmv_max_rel,SKIP
cage_G_19.mtx,bfp8_lb,bfp8_lb,controlled_lossy_value_specialized,ok,none,accuracy_pass_runtime_win,0.0051,0.0044,2.372549,1.313725,,282,432,bfp8,bfp8,false,0,0,false,0,spmv_max_rel,SKIP
cage_G_19.mtx,bfp8_outlier_lb,bfp8_outlier_lb,controlled_lossy_value_specialized,ok,none,accuracy_pass_runtime_loss,0.0067,0.0044,1.805970,1.000000,,282,432,bfp8_outlier,bfp8_outlier,false,0,0,false,0,spmv_max_rel,SKIP
cage_G_19.mtx,bfp4_lb,bfp4_lb,controlled_lossy_value_specialized,ok,none,accuracy_pass_runtime_win,0.0064,0.0053,1.890625,1.046875,,195,432,bfp4,bfp4,false,0,0,false,0,spmv_max_rel,SKIP
cage_G_19.mtx,hybrid_lb,hybrid_lb,structural_hybrid,ok,none,promoted_fallback,0.0057,0.0045,2.122807,1.175439,,1392,,original,raw_double,false,,,1,0,exact_abs_or_rel,SKIP
cage_G_19.mtx,cusparse_default,cusparse_csr,external_baseline,ok,none,external_baseline,0.0121,0.0082,1.000000,0.553719,,1392,932,original,original,false,,,true,0,exact_abs_or_rel,SKIP
cage_G_27.mtx,original_lb,original_lb,load_balanced_traversal,ok,none,promoted_fallback,0.0070,0.0058,1.742857,1.000000,,3024,1496,original,original,false,0,0,true,0,exact_abs_or_rel,SKIP
cage_G_27.mtx,auto_lossless_lb,all_one_lb,lossless_value_specialized,ok,none,accuracy_pass_runtime_win,0.0063,0.0048,1.936508,1.111111,,0,1496,auto_lossless,all_one,true,1,0,true,0,exact_abs_or_rel,SKIP
cage_G_27.mtx,fp16_lb,fp16_lb,controlled_lossy_value_specialized,ok,none,accuracy_pass_runtime_loss,0.0070,0.0057,1.742857,1.000000,,756,1496,fp16,fp16,false,0,0,false,0,spmv_max_rel,SKIP
cage_G_27.mtx,bf16_lb,bf16_lb,controlled_lossy_value_specialized,ok,none,accuracy_pass_runtime_loss,0.0073,0.0070,1.671233,0.958904,,756,1496,bf16,bf16,false,0,0,false,0,spmv_max_rel,SKIP
cage_G_27.mtx,bfp8_lb,bfp8_lb,controlled_lossy_value_specialized,ok,none,accuracy_pass_runtime_loss,0.0073,0.0068,1.671233,0.958904,,752,1496,bfp8,bfp8,false,0,0,false,0,spmv_max_rel,SKIP
cage_G_27.mtx,bfp8_outlier_lb,bfp8_outlier_lb,controlled_lossy_value_specialized,ok,none,accuracy_pass_runtime_loss,0.0075,0.0067,1.626667,0.933333,,752,1496,bfp8_outlier,bfp8_outlier,false,0,0,false,0,spmv_max_rel,SKIP
cage_G_27.mtx,bfp4_lb,bfp4_lb,controlled_lossy_value_specialized,ok,none,accuracy_pass_runtime_loss,0.0077,0.0064,1.584416,0.909091,,563,1496,bfp4,bfp4,false,0,0,false,0,spmv_max_rel,SKIP
cage_G_27.mtx,hybrid_lb,hybrid_lb,structural_hybrid,ok,none,promoted_fallback,0.0058,0.0047,2.103448,1.206897,,3024,,original,raw_double,false,,,1,0,exact_abs_or_rel,SKIP
cage_G_27.mtx,cusparse_default,cusparse_csr,external_baseline,ok,none,external_baseline,0.0122,0.0082,1.000000,0.573770,,3024,2020,original,original,false,,,true,0,exact_abs_or_rel,SKIP
cage_G_35.mtx,original_lb,original_lb,load_balanced_traversal,ok,none,promoted_fallback,0.0057,0.0050,2.052632,1.000000,,1200,240,original,original,false,0,0,true,0,exact_abs_or_rel,SKIP
cage_G_35.mtx,auto_lossless_lb,all_one_lb,lossless_value_specialized,ok,none,accuracy_pass_runtime_win,0.0055,0.0051,2.127273,1.036364,,0,240,auto_lossless,all_one,true,1,0,true,0,exact_abs_or_rel,SKIP
cage_G_35.mtx,fp16_lb,fp16_lb,controlled_lossy_value_specialized,ok,none,accuracy_pass_runtime_loss,0.0060,0.0056,1.950000,0.950000,,300,240,fp16,fp16,false,0,0,false,0,spmv_max_rel,SKIP
cage_G_35.mtx,bf16_lb,bf16_lb,controlled_lossy_value_specialized,ok,none,accuracy_pass_runtime_loss,0.0069,0.0051,1.695652,0.826087,,300,240,bf16,bf16,false,0,0,false,0,spmv_max_rel,SKIP
cage_G_35.mtx,bfp8_lb,bfp8_lb,controlled_lossy_value_specialized,ok,none,accuracy_pass_runtime_loss,0.0065,0.0052,1.800000,0.876923,,210,240,bfp8,bfp8,false,0,0,false,0,spmv_max_rel,SKIP
cage_G_35.mtx,bfp8_outlier_lb,bfp8_outlier_lb,controlled_lossy_value_specialized,ok,none,accuracy_pass_runtime_loss,0.0072,0.0056,1.625000,0.791667,,210,240,bfp8_outlier,bfp8_outlier,false,0,0,false,0,spmv_max_rel,SKIP
cage_G_35.mtx,bfp4_lb,bfp4_lb,controlled_lossy_value_specialized,ok,none,accuracy_pass_runtime_loss,0.0088,0.0072,1.329545,0.647727,,135,240,bfp4,bfp4,false,0,0,false,0,spmv_max_rel,SKIP
cage_G_35.mtx,hybrid_lb,hybrid_lb,structural_hybrid,ok,none,promoted_fallback,0.0063,0.0048,1.857143,0.904762,,1200,,original,raw_double,false,,,1,0,exact_abs_or_rel,SKIP
cage_G_35.mtx,cusparse_default,cusparse_csr,external_baseline,ok,none,external_baseline,0.0117,0.0082,1.000000,0.487179,,1200,724,original,original,false,,,true,0,exact_abs_or_rel,SKIP
cage_G_43.mtx,original_lb,original_lb,load_balanced_traversal,ok,none,promoted_fallback,0.0083,0.0066,1.481928,1.000000,,14560,4056,original,original,false,0,0,true,0,exact_abs_or_rel,SKIP
cage_G_43.mtx,auto_lossless_lb,all_one_lb,lossless_value_specialized,ok,none,accuracy_pass_runtime_win,0.0080,0.0075,1.537500,1.037500,,0,4056,auto_lossless,all_one,true,1,0,true,0,exact_abs_or_rel,SKIP
cage_G_43.mtx,fp16_lb,fp16_lb,controlled_lossy_value_specialized,ok,none,accuracy_pass_runtime_loss,0.0099,0.0079,1.242424,0.838384,,3640,4056,fp16,fp16,false,0,0,false,0,spmv_max_rel,SKIP
cage_G_43.mtx,bf16_lb,bf16_lb,controlled_lossy_value_specialized,ok,none,accuracy_pass_runtime_loss,0.0088,0.0076,1.397727,0.943182,,3640,4056,bf16,bf16,false,0,0,false,0,spmv_max_rel,SKIP
cage_G_43.mtx,bfp8_lb,bfp8_lb,controlled_lossy_value_specialized,ok,none,accuracy_pass_runtime_loss,0.0098,0.0079,1.255102,0.846939,,2834,4056,bfp8,bfp8,false,0,0,false,0,spmv_max_rel,SKIP
cage_G_43.mtx,bfp8_outlier_lb,bfp8_outlier_lb,controlled_lossy_value_specialized,ok,none,accuracy_pass_runtime_loss,0.0095,0.0079,1.294737,0.873684,,2834,4056,bfp8_outlier,bfp8_outlier,false,0,0,false,0,spmv_max_rel,SKIP
cage_G_43.mtx,bfp4_lb,bfp4_lb,controlled_lossy_value_specialized,ok,none,accuracy_pass_runtime_loss,0.0139,0.0130,0.884892,0.597122,,1924,4056,bfp4,bfp4,false,0,0,false,0,spmv_max_rel,SKIP
cage_G_43.mtx,hybrid_lb,hybrid_lb,structural_hybrid,ok,none,promoted_fallback,0.0069,0.0045,1.782609,1.202899,,14560,,original,raw_double,false,,,1,0,exact_abs_or_rel,SKIP
cage_G_43.mtx,cusparse_default,cusparse_csr,external_baseline,ok,none,external_baseline,0.0123,0.0102,1.000000,0.674797,,14560,8012,original,original,false,,,true,0,exact_abs_or_rel,SKIP
can_1072.mtx,original_lb,original_lb,load_balanced_traversal,ok,none,promoted_fallback,0.0089,0.0069,1.797753,1.000000,,99552,24984,original,original,false,0,0,true,0,exact_abs_or_rel,SKIP
can_1072.mtx,auto_lossless_lb,all_one_lb,lossless_value_specialized,ok,none,accuracy_pass_runtime_loss,0.0092,0.0081,1.739130,0.967391,,0,24984,auto_lossless,all_one,true,1,0,true,0,exact_abs_or_rel,SKIP
can_1072.mtx,fp16_lb,fp16_lb,controlled_lossy_value_specialized,ok,none,accuracy_pass_runtime_loss,0.0098,0.0085,1.632653,0.908163,,24888,24984,fp16,fp16,false,0,0,false,0,spmv_max_rel,SKIP
can_1072.mtx,bf16_lb,bf16_lb,controlled_lossy_value_specialized,ok,none,accuracy_pass_runtime_loss,0.0096,0.0080,1.666667,0.927083,,24888,24984,bf16,bf16,false,0,0,false,0,spmv_max_rel,SKIP
can_1072.mtx,bfp8_lb,bfp8_lb,controlled_lossy_value_specialized,ok,none,accuracy_pass_runtime_loss,0.0110,0.0100,1.454545,0.809091,,18690,24984,bfp8,bfp8,false,0,0,false,0,spmv_max_rel,SKIP
can_1072.mtx,bfp8_outlier_lb,bfp8_outlier_lb,controlled_lossy_value_specialized,ok,none,accuracy_pass_runtime_loss,0.0107,0.0090,1.495327,0.831776,,18690,24984,bfp8_outlier,bfp8_outlier,false,0,0,false,0,spmv_max_rel,SKIP
can_1072.mtx,bfp4_lb,bfp4_lb,controlled_lossy_value_specialized,ok,none,accuracy_pass_runtime_loss,0.0155,0.0133,1.032258,0.574194,,12468,24984,bfp4,bfp4,false,0,0,false,0,spmv_max_rel,SKIP
can_1072.mtx,hybrid_lb,hybrid_lb,structural_hybrid,ok,none,promoted_fallback,0.0097,0.0083,1.649485,0.917526,,99552,,original,raw_double,false,,,1,0,exact_abs_or_rel,SKIP
can_1072.mtx,cusparse_default,cusparse_csr,external_baseline,ok,none,external_baseline,0.0160,0.0142,1.000000,0.556250,,99552,54068,original,original,false,,,true,0,exact_abs_or_rel,SKIP
can_292.mtx,original_lb,original_lb,load_balanced_traversal,ok,none,promoted_fallback,0.0082,0.0069,1.768293,1.000000,,20320,4168,original,original,false,0,0,true,0,exact_abs_or_rel,SKIP
can_292.mtx,auto_lossless_lb,all_one_lb,lossless_value_specialized,ok,none,accuracy_pass_runtime_loss,0.0082,0.0066,1.768293,1.000000,,0,4168,auto_lossless,all_one,true,1,0,true,0,exact_abs_or_rel,SKIP
can_292.mtx,fp16_lb,fp16_lb,controlled_lossy_value_specialized,ok,none,accuracy_pass_runtime_loss,0.0100,0.0091,1.450000,0.820000,,5080,4168,fp16,fp16,false,0,0,false,0,spmv_max_rel,SKIP
can_292.mtx,bf16_lb,bf16_lb,controlled_lossy_value_specialized,ok,none,accuracy_pass_runtime_loss,0.0099,0.0078,1.464646,0.828283,,5080,4168,bf16,bf16,false,0,0,false,0,spmv_max_rel,SKIP
can_292.mtx,bfp8_lb,bfp8_lb,controlled_lossy_value_specialized,ok,none,accuracy_pass_runtime_loss,0.0107,0.0091,1.355140,0.766355,,3582,4168,bfp8,bfp8,false,0,0,false,0,spmv_max_rel,SKIP
can_292.mtx,bfp8_outlier_lb,bfp8_outlier_lb,controlled_lossy_value_specialized,ok,none,accuracy_pass_runtime_loss,0.0090,0.0082,1.611111,0.911111,,3582,4168,bfp8_outlier,bfp8_outlier,false,0,0,false,0,spmv_max_rel,SKIP
can_292.mtx,bfp4_lb,bfp4_lb,controlled_lossy_value_specialized,ok,none,accuracy_pass_runtime_loss,0.0125,0.0111,1.160000,0.656000,,2312,4168,bfp4,bfp4,false,0,0,false,0,spmv_max_rel,SKIP
can_292.mtx,hybrid_lb,hybrid_lb,structural_hybrid,ok,none,promoted_fallback,0.0075,0.0066,1.933333,1.093333,,20320,,original,raw_double,false,,,1,0,exact_abs_or_rel,SKIP
can_292.mtx,cusparse_default,cusparse_csr,external_baseline,ok,none,external_baseline,0.0145,0.0102,1.000000,0.565517,,20320,11332,original,original,false,,,true,0,exact_abs_or_rel,SKIP
can_96.mtx,original_lb,original_lb,load_balanced_traversal,ok,none,promoted_fallback,0.0072,0.0055,1.666667,1.000000,,6144,1024,original,original,false,0,0,true,0,exact_abs_or_rel,SKIP
can_96.mtx,auto_lossless_lb,all_one_lb,lossless_value_specialized,ok,none,accuracy_pass_runtime_win,0.0059,0.0047,2.033898,1.220339,,0,1024,auto_lossless,all_one,true,1,0,true,0,exact_abs_or_rel,SKIP
can_96.mtx,fp16_lb,fp16_lb,controlled_lossy_value_specialized,ok,none,accuracy_pass_runtime_win,0.0068,0.0051,1.764706,1.058824,,1536,1024,fp16,fp16,false,0,0,false,0,spmv_max_rel,SKIP
can_96.mtx,bf16_lb,bf16_lb,controlled_lossy_value_specialized,ok,none,accuracy_pass_runtime_win,0.0069,0.0053,1.739130,1.043478,,1536,1024,bf16,bf16,false,0,0,false,0,spmv_max_rel,SKIP
can_96.mtx,bfp8_lb,bfp8_lb,controlled_lossy_value_specialized,ok,none,accuracy_pass_runtime_loss,0.0076,0.0066,1.578947,0.947368,,1024,1024,bfp8,bfp8,false,0,0,false,0,spmv_max_rel,SKIP
can_96.mtx,bfp8_outlier_lb,bfp8_outlier_lb,controlled_lossy_value_specialized,ok,none,accuracy_pass_runtime_loss,0.0075,0.0065,1.600000,0.960000,,1024,1024,bfp8_outlier,bfp8_outlier,false,0,0,false,0,spmv_max_rel,SKIP
can_96.mtx,bfp4_lb,bfp4_lb,controlled_lossy_value_specialized,ok,none,accuracy_pass_runtime_loss,0.0089,0.0079,1.348315,0.808989,,640,1024,bfp4,bfp4,false,0,0,false,0,spmv_max_rel,SKIP
can_96.mtx,hybrid_lb,hybrid_lb,structural_hybrid,ok,none,promoted_fallback,0.0078,0.0064,1.538462,0.923077,,6144,,original,raw_double,false,,,1,0,exact_abs_or_rel,SKIP
can_96.mtx,cusparse_default,cusparse_csr,external_baseline,ok,none,external_baseline,0.0120,0.0082,1.000000,0.600000,,6144,3460,original,original,false,,,true,0,exact_abs_or_rel,SKIP
cavity08.mtx,original_lb,original_lb,load_balanced_traversal,ok,none,promoted_fallback,0.0093,0.0068,1.516129,1.000000,,237400,23760,original,original,false,0,0,true,0,exact_abs_or_rel,SKIP
cavity08.mtx,auto_lossless_lb,original_lb,load_balanced_traversal,ok,none,promoted_fallback,0.0091,0.0076,1.549451,1.021978,,237400,23760,auto_lossless,original,true,21830,237400,true,0,exact_abs_or_rel,SKIP
cavity08.mtx,fp16_lb,fp16_lb,controlled_lossy_value_specialized,ok,none,accuracy_pass_runtime_win,0.0089,0.0072,1.584270,1.044944,,59350,23760,fp16,fp16,false,0,0,false,0,spmv_max_rel,SKIP
cavity08.mtx,bf16_lb,bf16_lb,controlled_lossy_value_specialized,ok,none,accuracy_pass_runtime_win,0.0090,0.0074,1.566667,1.033333,,59350,23760,bf16,bf16,false,0,0,false,0,spmv_max_rel,SKIP
cavity08.mtx,bfp8_lb,bfp8_lb,controlled_lossy_value_specialized,ok,none,accuracy_pass_runtime_loss,0.0094,0.0082,1.500000,0.989362,,35615,23760,bfp8,bfp8,false,0,0,false,0,spmv_max_rel,SKIP
cavity08.mtx,bfp8_outlier_lb,bfp8_outlier_lb,controlled_lossy_value_specialized,ok,none,accuracy_pass_runtime_loss,0.0113,0.0099,1.247788,0.823009,,37983,23760,bfp8_outlier,bfp8_outlier,false,0,0,false,0,spmv_max_rel,SKIP
cavity08.mtx,bfp4_lb,bfp4_lb,controlled_lossy_value_specialized,ok,none,accuracy_pass_runtime_loss,0.0128,0.0113,1.101562,0.726562,,20778,23760,bfp4,bfp4,false,0,0,false,0,spmv_max_rel,SKIP
cavity08.mtx,hybrid_lb,hybrid_lb,structural_hybrid,ok,none,promoted_fallback,0.0095,0.0067,1.484211,0.978947,,237400,,original,raw_double,false,,,1,0,exact_abs_or_rel,SKIP
cavity08.mtx,cusparse_default,cusparse_csr,external_baseline,ok,none,external_baseline,0.0141,0.0102,1.000000,0.659574,,237400,123432,original,original,false,,,true,0,exact_abs_or_rel,SKIP
cavity16.mtx,original_lb,original_lb,load_balanced_traversal,ok,none,promoted_fallback,0.0086,0.0066,1.627907,1.000000,,1103096,101312,original,original,false,0,0,true,0,exact_abs_or_rel,SKIP
cavity16.mtx,auto_lossless_lb,dict65536_u16_lb,lossless_value_specialized,ok,none,accuracy_pass_runtime_loss,0.0128,0.0107,1.093750,0.671875,,934104,101312,auto_lossless,dict65536_u16,true,15451,934104,true,15451,exact_abs_or_rel,SKIP
cavity16.mtx,fp16_lb,fp16_lb,controlled_lossy_value_specialized,ok,none,accuracy_pass_runtime_loss,0.0090,0.0073,1.555556,0.955556,,275774,101312,fp16,fp16,false,0,0,false,0,spmv_max_rel,SKIP
cavity16.mtx,bf16_lb,bf16_lb,controlled_lossy_value_specialized,ok,none,accuracy_pass_runtime_win,0.0085,0.0073,1.647059,1.011765,,275774,101312,bf16,bf16,false,0,0,false,0,spmv_max_rel,SKIP
cavity16.mtx,bfp8_lb,bfp8_lb,controlled_lossy_value_specialized,ok,none,accuracy_pass_runtime_loss,0.0099,0.0089,1.414141,0.868687,,163215,101312,bfp8,bfp8,false,0,0,false,0,spmv_max_rel,SKIP
cavity16.mtx,bfp8_outlier_lb,bfp8_outlier_lb,controlled_lossy_value_specialized,ok,none,accuracy_pass_runtime_loss,0.0124,0.0104,1.129032,0.693548,,174223,101312,bfp8_outlier,bfp8_outlier,false,0,0,false,0,spmv_max_rel,SKIP
cavity16.mtx,bfp4_lb,bfp4_lb,controlled_lossy_value_specialized,ok,none,accuracy_pass_runtime_loss,0.0121,0.0109,1.157025,0.710744,,94272,101312,bfp4,bfp4,false,0,0,false,0,spmv_max_rel,SKIP
cavity16.mtx,hybrid_lb,hybrid_lb,structural_hybrid,ok,none,promoted_fallback,0.0104,0.0094,1.346154,0.826923,,1103096,,original,raw_double,false,,,1,0,exact_abs_or_rel,SKIP
cavity16.mtx,cusparse_default,cusparse_csr,external_baseline,ok,none,external_baseline,0.0140,0.0102,1.000000,0.614286,,1103096,569800,original,original,false,,,true,0,exact_abs_or_rel,SKIP
cavity24.mtx,original_lb,original_lb,load_balanced_traversal,ok,none,promoted_fallback,0.0082,0.0059,1.682927,1.000000,,1104320,101312,original,original,false,0,0,true,0,exact_abs_or_rel,SKIP
cavity24.mtx,auto_lossless_lb,original_lb,load_balanced_traversal,ok,none,promoted_fallback,0.0094,0.0076,1.468085,0.872340,,1104320,101312,auto_lossless,original,true,100627,1104320,true,0,exact_abs_or_rel,SKIP
cavity24.mtx,fp16_lb,fp16_lb,controlled_lossy_value_specialized,ok,none,accuracy_pass_runtime_loss,0.0088,0.0073,1.568182,0.931818,,276080,101312,fp16,fp16,false,0,0,false,0,spmv_max_rel,SKIP
cavity24.mtx,bf16_lb,bf16_lb,controlled_lossy_value_specialized,ok,none,accuracy_pass_runtime_loss,0.0090,0.0081,1.533333,0.911111,,276080,101312,bf16,bf16,false,0,0,false,0,spmv_max_rel,SKIP
cavity24.mtx,bfp8_lb,bfp8_lb,controlled_lossy_value_specialized,ok,none,accuracy_pass_runtime_loss,0.0098,0.0090,1.408163,0.836735,,163368,101312,bfp8,bfp8,false,0,0,false,0,spmv_max_rel,SKIP
cavity24.mtx,bfp8_outlier_lb,bfp8_outlier_lb,controlled_lossy_value_specialized,ok,none,accuracy_pass_runtime_loss,0.0119,0.0100,1.159664,0.689076,,174408,101312,bfp8_outlier,bfp8_outlier,false,0,0,false,0,spmv_max_rel,SKIP
cavity24.mtx,bfp4_lb,bfp4_lb,controlled_lossy_value_specialized,ok,none,accuracy_pass_runtime_loss,0.0120,0.0110,1.150000,0.683333,,94348,101312,bfp4,bfp4,false,0,0,false,0,spmv_max_rel,SKIP
cavity24.mtx,hybrid_lb,hybrid_lb,structural_hybrid,ok,none,promoted_fallback,0.0096,0.0081,1.437500,0.854167,,1104320,,original,raw_double,false,,,1,0,exact_abs_or_rel,SKIP
cavity24.mtx,cusparse_default,cusparse_csr,external_baseline,ok,none,external_baseline,0.0138,0.0102,1.000000,0.594203,,1104320,570412,original,original,false,,,true,0,exact_abs_or_rel,SKIP
cdde6.mtx,original_lb,original_lb,load_balanced_traversal,ok,none,promoted_fallback,0.0077,0.0051,1.818182,1.000000,,37448,9400,original,original,false,0,0,true,0,exact_abs_or_rel,SKIP
cdde6.mtx,auto_lossless_lb,dict16_lb,lossless_value_specialized,ok,none,accuracy_pass_runtime_win,0.0065,0.0053,2.153846,1.184615,,18840,9400,auto_lossless,dict16,true,5,18840,true,5,exact_abs_or_rel,SKIP
cdde6.mtx,fp16_lb,fp16_lb,controlled_lossy_value_specialized,ok,none,accuracy_pass_runtime_win,0.0072,0.0051,1.944444,1.069444,,9362,9400,fp16,fp16,false,0,0,false,0,spmv_max_rel,SKIP
cdde6.mtx,bf16_lb,bf16_lb,controlled_lossy_value_specialized,ok,none,accuracy_pass_runtime_loss,0.0095,0.0088,1.473684,0.810526,,9362,9400,bf16,bf16,false,0,0,false,0,spmv_max_rel,SKIP
cdde6.mtx,bfp8_lb,bfp8_lb,controlled_lossy_value_specialized,ok,none,accuracy_pass_runtime_win,0.0063,0.0050,2.222222,1.222222,,7031,9400,bfp8,bfp8,false,0,0,false,0,spmv_max_rel,SKIP
cdde6.mtx,bfp8_outlier_lb,bfp8_outlier_lb,controlled_lossy_value_specialized,ok,none,accuracy_pass_runtime_win,0.0068,0.0053,2.058824,1.132353,,7031,9400,bfp8_outlier,bfp8_outlier,false,0,0,false,0,spmv_max_rel,SKIP
cdde6.mtx,bfp4_lb,bfp4_lb,controlled_lossy_value_specialized,ok,none,accuracy_pass_runtime_win,0.0071,0.0064,1.971831,1.084507,,4691,9400,bfp4,bfp4,false,0,0,false,0,spmv_max_rel,SKIP
cdde6.mtx,hybrid_lb,hybrid_lb,structural_hybrid,ok,none,promoted_fallback,0.0072,0.0060,1.944444,1.069444,,37448,,original,raw_double,false,,,1,0,exact_abs_or_rel,SKIP
cdde6.mtx,cusparse_default,cusparse_csr,external_baseline,ok,none,external_baseline,0.0140,0.0123,1.000000,0.550000,,37448,22572,original,original,false,,,true,0,exact_abs_or_rel,SKIP
cep1.mtx,original_lb,original_lb,load_balanced_traversal,ok,none,promoted_fallback,0.0071,0.0052,2.436620,1.000000,,65864,17544,original,original,false,0,0,true,0,exact_abs_or_rel,SKIP
cep1.mtx,auto_lossless_lb,dict16_lb,lossless_value_specialized,ok,none,accuracy_pass_runtime_loss,0.0091,0.0077,1.901099,0.780220,,35200,17544,auto_lossless,dict16,true,14,35200,true,14,exact_abs_or_rel,SKIP
cep1.mtx,fp16_lb,fp16_lb,controlled_lossy_value_specialized,ok,none,accuracy_pass_runtime_loss,0.0081,0.0066,2.135802,0.876543,,16466,17544,fp16,fp16,false,0,0,false,0,spmv_max_rel,SKIP
cep1.mtx,bf16_lb,bf16_lb,controlled_lossy_value_specialized,ok,none,accuracy_pass_runtime_loss,0.0078,0.0070,2.217949,0.910256,,16466,17544,bf16,bf16,false,0,0,false,0,spmv_max_rel,SKIP
cep1.mtx,bfp8_lb,bfp8_lb,controlled_lossy_value_specialized,ok,none,accuracy_pass_runtime_loss,0.0082,0.0068,2.109756,0.865854,,12619,17544,bfp8,bfp8,false,0,0,false,0,spmv_max_rel,SKIP
cep1.mtx,bfp8_outlier_lb,bfp8_outlier_lb,controlled_lossy_value_specialized,ok,none,accuracy_pass_runtime_loss,0.0082,0.0063,2.109756,0.865854,,12619,17544,bfp8_outlier,bfp8_outlier,false,0,0,false,0,spmv_max_rel,SKIP
cep1.mtx,bfp4_lb,bfp4_lb,controlled_lossy_value_specialized,ok,none,accuracy_pass_runtime_loss,0.0090,0.0074,1.922222,0.788889,,8503,17544,bfp4,bfp4,false,0,0,false,0,spmv_max_rel,SKIP
cep1.mtx,hybrid_lb,hybrid_lb,structural_hybrid,ok,none,promoted_fallback,0.0063,0.0043,2.746032,1.126984,,65864,,original,raw_double,false,,,1,0,exact_abs_or_rel,SKIP
cep1.mtx,cusparse_default,cusparse_csr,external_baseline,ok,none,external_baseline,0.0173,0.0143,1.000000,0.410405,,65864,39020,original,original,false,,,true,0,exact_abs_or_rel,SKIP
ch4-4-b1.mtx,original_lb,original_lb,load_balanced_traversal,ok,none,promoted_fallback,0.0068,0.0046,2.014706,1.000000,,1152,216,original,original,false,0,0,true,0,exact_abs_or_rel,SKIP
ch4-4-b1.mtx,auto_lossless_lb,sign2_lb,lossless_value_specialized,ok,none,accuracy_pass_runtime_win,0.0054,0.0045,2.537037,1.259259,,108,216,auto_lossless,sign2,true,2,108,true,0,exact_abs_or_rel,SKIP
ch4-4-b1.mtx,fp16_lb,fp16_lb,controlled_lossy_value_specialized,ok,none,accuracy_pass_runtime_win,0.0057,0.0047,2.403509,1.192982,,288,216,fp16,fp16,false,0,0,false,0,spmv_max_rel,SKIP
ch4-4-b1.mtx,bf16_lb,bf16_lb,controlled_lossy_value_specialized,ok,none,accuracy_pass_runtime_win,0.0059,0.0050,2.322034,1.152542,,288,216,bf16,bf16,false,0,0,false,0,spmv_max_rel,SKIP
ch4-4-b1.mtx,bfp8_lb,bfp8_lb,controlled_lossy_value_specialized,ok,none,accuracy_pass_runtime_win,0.0060,0.0055,2.283333,1.133333,,198,216,bfp8,bfp8,false,0,0,false,0,spmv_max_rel,SKIP
ch4-4-b1.mtx,bfp8_outlier_lb,bfp8_outlier_lb,controlled_lossy_value_specialized,ok,none,accuracy_pass_runtime_win,0.0060,0.0052,2.283333,1.133333,,198,216,bfp8_outlier,bfp8_outlier,false,0,0,false,0,spmv_max_rel,SKIP
ch4-4-b1.mtx,bfp4_lb,bfp4_lb,controlled_lossy_value_specialized,ok,none,accuracy_pass_runtime_win,0.0061,0.0055,2.245902,1.114754,,126,216,bfp4,bfp4,false,0,0,false,0,spmv_max_rel,SKIP
ch4-4-b1.mtx,hybrid_lb,hybrid_lb,structural_hybrid,ok,none,promoted_fallback,0.0060,0.0044,2.283333,1.133333,,1152,,original,raw_double,false,,,1,0,exact_abs_or_rel,SKIP
ch4-4-b1.mtx,cusparse_default,cusparse_csr,external_baseline,ok,none,external_baseline,0.0137,0.0102,1.000000,0.496350,,1152,868,original,original,false,,,true,0,exact_abs_or_rel,SKIP
ch6-6-b2.mtx,original_lb,original_lb,load_balanced_traversal,ok,none,promoted_fallback,0.0069,0.0051,2.420290,1.000000,,57600,17800,original,original,false,0,0,true,0,exact_abs_or_rel,SKIP
ch6-6-b2.mtx,auto_lossless_lb,sign2_lb,lossless_value_specialized,ok,none,accuracy_pass_runtime_loss,0.0076,0.0068,2.197368,0.907895,,8900,17800,auto_lossless,sign2,true,2,8900,true,0,exact_abs_or_rel,SKIP
ch6-6-b2.mtx,fp16_lb,fp16_lb,controlled_lossy_value_specialized,ok,none,accuracy_pass_runtime_loss,0.0081,0.0070,2.061728,0.851852,,14400,17800,fp16,fp16,false,0,0,false,0,spmv_max_rel,SKIP
ch6-6-b2.mtx,bf16_lb,bf16_lb,controlled_lossy_value_specialized,ok,none,accuracy_pass_runtime_loss,0.0073,0.0060,2.287671,0.945205,,14400,17800,bf16,bf16,false,0,0,false,0,spmv_max_rel,SKIP
ch6-6-b2.mtx,bfp8_lb,bfp8_lb,controlled_lossy_value_specialized,ok,none,accuracy_pass_runtime_win,0.0068,0.0060,2.455882,1.014706,,11650,17800,bfp8,bfp8,false,0,0,false,0,spmv_max_rel,SKIP
ch6-6-b2.mtx,bfp8_outlier_lb,bfp8_outlier_lb,controlled_lossy_value_specialized,ok,none,accuracy_pass_runtime_loss,0.0071,0.0061,2.352113,0.971831,,11650,17800,bfp8_outlier,bfp8_outlier,false,0,0,false,0,spmv_max_rel,SKIP
ch6-6-b2.mtx,bfp4_lb,bfp4_lb,controlled_lossy_value_specialized,ok,none,accuracy_pass_runtime_loss,0.0092,0.0073,1.815217,0.750000,,8050,17800,bfp4,bfp4,false,0,0,false,0,spmv_max_rel,SKIP
ch6-6-b2.mtx,hybrid_lb,hybrid_lb,structural_hybrid,ok,none,promoted_fallback,0.0074,0.0058,2.256757,0.932432,,57600,,original,raw_double,false,,,1,0,exact_abs_or_rel,SKIP
ch6-6-b2.mtx,cusparse_default,cusparse_csr,external_baseline,ok,none,external_baseline,0.0167,0.0123,1.000000,0.413174,,57600,38404,original,original,false,,,true,0,exact_abs_or_rel,SKIP
ch7-6-b5.mtx,original_lb,original_lb,load_balanced_traversal,ok,none,promoted_fallback,0.0101,0.0085,1.445545,1.000000,,241920,122728,original,original,false,0,0,true,0,exact_abs_or_rel,SKIP
ch7-6-b5.mtx,auto_lossless_lb,sign2_lb,lossless_value_specialized,ok,none,accuracy_pass_runtime_loss,0.0102,0.0090,1.431373,0.990196,,61364,122728,auto_lossless,sign2,true,2,61364,true,0,exact_abs_or_rel,SKIP
ch7-6-b5.mtx,fp16_lb,fp16_lb,controlled_lossy_value_specialized,ok,none,accuracy_pass_runtime_win,0.0096,0.0077,1.520833,1.052083,,60480,122728,fp16,fp16,false,0,0,false,0,spmv_max_rel,SKIP
ch7-6-b5.mtx,bf16_lb,bf16_lb,controlled_lossy_value_specialized,ok,none,accuracy_pass_runtime_loss,0.0105,0.0087,1.390476,0.961905,,60480,122728,bf16,bf16,false,0,0,false,0,spmv_max_rel,SKIP
ch7-6-b5.mtx,bfp8_lb,bfp8_lb,controlled_lossy_value_specialized,ok,none,accuracy_pass_runtime_loss,0.0109,0.0097,1.339450,0.926606,,60922,122728,bfp8,bfp8,false,0,0,false,0,spmv_max_rel,SKIP
ch7-6-b5.mtx,bfp8_outlier_lb,bfp8_outlier_lb,controlled_lossy_value_specialized,ok,none,accuracy_pass_runtime_loss,0.0108,0.0096,1.351852,0.935185,,60922,122728,bfp8_outlier,bfp8_outlier,false,0,0,false,0,spmv_max_rel,SKIP
ch7-6-b5.mtx,bfp4_lb,bfp4_lb,controlled_lossy_value_specialized,ok,none,accuracy_pass_runtime_loss,0.0134,0.0124,1.089552,0.753731,,45802,122728,bfp4,bfp4,false,0,0,false,0,spmv_max_rel,SKIP
ch7-6-b5.mtx,hybrid_lb,hybrid_lb,structural_hybrid,ok,none,promoted_fallback,0.0078,0.0063,1.871795,1.294872,,241920,,original,raw_double,false,,,1,0,exact_abs_or_rel,SKIP
ch7-6-b5.mtx,cusparse_default,cusparse_csr,external_baseline,ok,none,external_baseline,0.0146,0.0123,1.000000,0.691781,,241920,141124,original,original,false,,,true,0,exact_abs_or_rel,SKIP
ch8-8-b2.mtx,original_lb,original_lb,load_balanced_traversal,ok,none,promoted_fallback,0.0073,0.0058,2.109589,1.000000,,451584,139216,original,original,false,0,0,true,0,exact_abs_or_rel,SKIP
ch8-8-b2.mtx,auto_lossless_lb,sign2_lb,lossless_value_specialized,ok,none,accuracy_pass_runtime_loss,0.0085,0.0069,1.811765,0.858824,,69608,139216,auto_lossless,sign2,true,2,69608,true,0,exact_abs_or_rel,SKIP
ch8-8-b2.mtx,fp16_lb,fp16_lb,controlled_lossy_value_specialized,ok,none,accuracy_pass_runtime_loss,0.0077,0.0066,2.000000,0.948052,,112896,139216,fp16,fp16,false,0,0,false,0,spmv_max_rel,SKIP
ch8-8-b2.mtx,bf16_lb,bf16_lb,controlled_lossy_value_specialized,ok,none,accuracy_pass_runtime_win,0.0071,0.0063,2.169014,1.028169,,112896,139216,bf16,bf16,false,0,0,false,0,spmv_max_rel,SKIP
ch8-8-b2.mtx,bfp8_lb,bfp8_lb,controlled_lossy_value_specialized,ok,none,accuracy_pass_runtime_win,0.0062,0.0052,2.483871,1.177419,,91252,139216,bfp8,bfp8,false,0,0,false,0,spmv_max_rel,SKIP
ch8-8-b2.mtx,bfp8_outlier_lb,bfp8_outlier_lb,controlled_lossy_value_specialized,ok,none,accuracy_pass_runtime_win,0.0067,0.0060,2.298507,1.089552,,91252,139216,bfp8_outlier,bfp8_outlier,false,0,0,false,0,spmv_max_rel,SKIP
ch8-8-b2.mtx,bfp4_lb,bfp4_lb,controlled_lossy_value_specialized,ok,none,accuracy_pass_runtime_loss,0.0079,0.0069,1.949367,0.924051,,63028,139216,bfp4,bfp4,false,0,0,false,0,spmv_max_rel,SKIP
ch8-8-b2.mtx,hybrid_lb,hybrid_lb,structural_hybrid,ok,none,promoted_fallback,0.0069,0.0051,2.231884,1.057971,,451584,,original,raw_double,false,,,1,0,exact_abs_or_rel,SKIP
ch8-8-b2.mtx,cusparse_default,cusparse_csr,external_baseline,ok,none,external_baseline,0.0154,0.0123,1.000000,0.474026,,451584,301060,original,original,false,,,true,0,exact_abs_or_rel,SKIP
coater1.mtx,original_lb,original_lb,load_balanced_traversal,ok,none,promoted_fallback,0.0086,0.0073,1.558140,1.000000,,155656,32360,original,original,false,0,0,true,0,exact_abs_or_rel,SKIP
coater1.mtx,auto_lossless_lb,original_lb,load_balanced_traversal,ok,none,promoted_fallback,0.0090,0.0076,1.488889,0.955556,,155656,32360,auto_lossless,original,true,1380,155656,true,0,exact_abs_or_rel,SKIP
coater1.mtx,fp16_lb,fp16_lb,controlled_lossy_value_specialized,ok,none,accuracy_pass_runtime_loss,0.0093,0.0071,1.440860,0.924731,,38914,32360,fp16,fp16,false,0,0,false,0,spmv_max_rel,SKIP
coater1.mtx,bf16_lb,bf16_lb,controlled_lossy_value_specialized,ok,none,accuracy_pass_runtime_loss,0.0086,0.0079,1.558140,1.000000,,38914,32360,bf16,bf16,false,0,0,false,0,spmv_max_rel,SKIP
coater1.mtx,bfp8_lb,bfp8_lb,controlled_lossy_value_specialized,ok,none,accuracy_pass_runtime_loss,0.0101,0.0090,1.326733,0.851485,,27547,32360,bfp8,bfp8,false,0,0,false,0,spmv_max_rel,SKIP
coater1.mtx,bfp8_outlier_lb,bfp8_outlier_lb,controlled_lossy_value_specialized,ok,none,accuracy_pass_runtime_loss,0.0121,0.0101,1.107438,0.710744,,28075,32360,bfp8_outlier,bfp8_outlier,false,0,0,false,0,spmv_max_rel,SKIP
coater1.mtx,bfp4_lb,bfp4_lb,controlled_lossy_value_specialized,ok,none,accuracy_pass_runtime_loss,0.0135,0.0119,0.992593,0.637037,,17819,32360,bfp4,bfp4,false,0,0,false,0,spmv_max_rel,SKIP
coater1.mtx,hybrid_lb,hybrid_lb,structural_hybrid,ok,none,promoted_fallback,0.0088,0.0072,1.522727,0.977273,,155656,,original,raw_double,false,,,1,0,exact_abs_or_rel,SKIP
coater1.mtx,cusparse_default,cusparse_csr,external_baseline,ok,none,external_baseline,0.0134,0.0118,1.000000,0.641791,,155656,83224,original,original,false,,,true,0,exact_abs_or_rel,SKIP
com-Friendster_Communities_all.mtx,original_lb,original_lb,load_balanced_traversal,ok,none,promoted_fallback,1.7430,1.7404,0.738325,1.000000,,187833736,187709880,original,original,false,0,0,true,0,exact_abs_or_rel,SKIP
com-Friendster_Communities_all.mtx,auto_lossless_lb,all_one_lb,lossless_value_specialized,ok,none,accuracy_pass_runtime_win,1.5908,1.5884,0.808964,1.095675,,0,187709880,auto_lossless,all_one,true,1,0,true,0,exact_abs_or_rel,SKIP
com-Friendster_Communities_all.mtx,fp16_lb,fp16_lb,controlled_lossy_value_specialized,ok,none,accuracy_pass_runtime_win,1.5776,1.5748,0.815733,1.104843,,46958434,187709880,fp16,fp16,false,0,0,false,0,spmv_max_rel,SKIP
com-Friendster_Communities_all.mtx,bf16_lb,bf16_lb,controlled_lossy_value_specialized,ok,none,accuracy_pass_runtime_win,1.5771,1.5744,0.815991,1.105193,,46958434,187709880,bf16,bf16,false,0,0,false,0,spmv_max_rel,SKIP
com-Friendster_Communities_all.mtx,bfp8_lb,bfp8_lb,controlled_lossy_value_specialized,ok,none,accuracy_pass_runtime_win,1.6083,1.6060,0.800162,1.083753,,70406687,187709880,bfp8,bfp8,false,0,0,false,0,spmv_max_rel,SKIP
com-Friendster_Communities_all.mtx,bfp8_outlier_lb,bfp8_outlier_lb,controlled_lossy_value_specialized,ok,none,accuracy_pass_runtime_win,1.6098,1.6082,0.799416,1.082743,,70406687,187709880,bfp8_outlier,bfp8_outlier,false,0,0,false,0,spmv_max_rel,SKIP
com-Friendster_Communities_all.mtx,bfp4_lb,bfp4_lb,controlled_lossy_value_specialized,ok,none,accuracy_pass_runtime_loss,1.9324,1.9308,0.665959,0.901987,,58667079,187709880,bfp4,bfp4,false,0,0,false,0,spmv_max_rel,SKIP
com-Friendster_Communities_all.mtx,hybrid_lb,hybrid_lb,structural_hybrid,ok,none,promoted_fallback,2.3195,2.3158,0.554818,0.751455,,187833736,,original,raw_double,false,,,1,0,exact_abs_or_rel,SKIP
com-Friendster_Communities_all.mtx,cusparse_default,cusparse_csr,external_baseline,ok,none,external_baseline,1.2869,1.2796,1.000000,1.354418,,187833736,356350336,original,original,false,,,true,0,exact_abs_or_rel,SKIP
com-Youtube.mtx,original_lb,original_lb,load_balanced_traversal,ok,none,promoted_fallback,0.2146,0.2121,0.315005,1.000000,,47801984,34912232,original,original,false,0,0,true,0,exact_abs_or_rel,SKIP
com-Youtube.mtx,auto_lossless_lb,all_one_lb,lossless_value_specialized,ok,none,accuracy_pass_runtime_win,0.2079,0.2060,0.325156,1.032227,,0,34912232,auto_lossless,all_one,true,1,0,true,0,exact_abs_or_rel,SKIP
com-Youtube.mtx,fp16_lb,fp16_lb,controlled_lossy_value_specialized,ok,none,accuracy_pass_runtime_win,0.1858,0.1839,0.363832,1.155005,,11950496,34912232,fp16,fp16,false,0,0,false,0,spmv_max_rel,SKIP
com-Youtube.mtx,bf16_lb,bf16_lb,controlled_lossy_value_specialized,ok,none,accuracy_pass_runtime_win,0.1860,0.1840,0.363441,1.153763,,11950496,34912232,bf16,bf16,false,0,0,false,0,spmv_max_rel,SKIP
com-Youtube.mtx,bfp8_lb,bfp8_lb,controlled_lossy_value_specialized,ok,none,accuracy_pass_runtime_win,0.1860,0.1846,0.363441,1.153763,,14703306,34912232,bfp8,bfp8,false,0,0,false,0,spmv_max_rel,SKIP
com-Youtube.mtx,bfp8_outlier_lb,bfp8_outlier_lb,controlled_lossy_value_specialized,ok,none,accuracy_pass_runtime_win,0.1857,0.1836,0.364028,1.155627,,14703306,34912232,bfp8_outlier,bfp8_outlier,false,0,0,false,0,spmv_max_rel,SKIP
com-Youtube.mtx,bfp4_lb,bfp4_lb,controlled_lossy_value_specialized,ok,none,accuracy_pass_runtime_win,0.1980,0.1965,0.341414,1.083838,,11715682,34912232,bfp4,bfp4,false,0,0,false,0,spmv_max_rel,SKIP
com-Youtube.mtx,hybrid_lb,hybrid_lb,structural_hybrid,ok,none,promoted_fallback,0.0709,0.0686,0.953456,3.026798,,47801984,,original,raw_double,false,,,1,0,exact_abs_or_rel,SKIP
com-Youtube.mtx,cusparse_default,cusparse_csr,external_baseline,ok,none,external_baseline,0.0676,0.0664,1.000000,3.174556,,47801984,28440556,original,original,false,,,true,0,exact_abs_or_rel,SKIP
cond-mat.mtx,original_lb,original_lb,load_balanced_traversal,ok,none,promoted_fallback,0.0093,0.0084,1.881720,1.000000,,761504,408040,original,original,false,0,0,true,0,exact_abs_or_rel,SKIP
cond-mat.mtx,auto_lossless_lb,original_lb,load_balanced_traversal,ok,none,promoted_fallback,0.0114,0.0103,1.535088,0.815789,,761504,408040,auto_lossless,original,true,738,761504,true,0,exact_abs_or_rel,SKIP
cond-mat.mtx,fp16_lb,fp16_lb,controlled_lossy_value_specialized,ok,none,accuracy_pass_runtime_loss,0.0105,0.0095,1.666667,0.885714,,190376,408040,fp16,fp16,false,0,0,false,0,spmv_max_rel,SKIP
cond-mat.mtx,bf16_lb,bf16_lb,controlled_lossy_value_specialized,ok,none,accuracy_pass_runtime_loss,0.0102,0.0088,1.715686,0.911765,,190376,408040,bf16,bf16,false,0,0,false,0,spmv_max_rel,SKIP
cond-mat.mtx,bfp8_lb,bfp8_lb,controlled_lossy_value_specialized,ok,none,accuracy_pass_runtime_loss,0.0112,0.0097,1.562500,0.830357,,197198,408040,bfp8,bfp8,false,0,0,false,0,spmv_max_rel,SKIP
cond-mat.mtx,bfp8_outlier_lb,bfp8_outlier_lb,controlled_lossy_value_specialized,ok,none,accuracy_pass_runtime_loss,0.0138,0.0124,1.268116,0.673913,,204174,408040,bfp8_outlier,bfp8_outlier,false,0,0,false,0,spmv_max_rel,SKIP
cond-mat.mtx,bfp4_lb,bfp4_lb,controlled_lossy_value_specialized,ok,none,accuracy_pass_runtime_loss,0.0159,0.0148,1.100629,0.584906,,149604,408040,bfp4,bfp4,false,0,0,false,0,spmv_max_rel,SKIP
cond-mat.mtx,hybrid_lb,hybrid_lb,structural_hybrid,ok,none,promoted_fallback,0.0106,0.0093,1.650943,0.877358,,761504,,original,raw_double,false,,,1,0,exact_abs_or_rel,SKIP
cond-mat.mtx,cusparse_default,cusparse_csr,external_baseline,ok,none,external_baseline,0.0175,0.0123,1.000000,0.531429,,761504,447660,original,original,false,,,true,0,exact_abs_or_rel,SKIP
cti.mtx,original_lb,original_lb,load_balanced_traversal,ok,none,promoted_fallback,0.0079,0.0064,1.810127,1.000000,,771712,225264,original,original,false,0,0,true,0,exact_abs_or_rel,SKIP
cti.mtx,auto_lossless_lb,all_one_lb,lossless_value_specialized,ok,none,accuracy_pass_runtime_loss,0.0079,0.0069,1.810127,1.000000,,0,225264,auto_lossless,all_one,true,1,0,true,0,exact_abs_or_rel,SKIP
cti.mtx,fp16_lb,fp16_lb,controlled_lossy_value_specialized,ok,none,accuracy_pass_runtime_loss,0.0099,0.0078,1.444444,0.797980,,192928,225264,fp16,fp16,false,0,0,false,0,spmv_max_rel,SKIP
cti.mtx,bf16_lb,bf16_lb,controlled_lossy_value_specialized,ok,none,accuracy_pass_runtime_loss,0.0079,0.0068,1.810127,1.000000,,192928,225264,bf16,bf16,false,0,0,false,0,spmv_max_rel,SKIP
cti.mtx,bfp8_lb,bfp8_lb,controlled_lossy_value_specialized,ok,none,accuracy_pass_runtime_loss,0.0092,0.0074,1.554348,0.858696,,152780,225264,bfp8,bfp8,false,0,0,false,0,spmv_max_rel,SKIP
cti.mtx,bfp8_outlier_lb,bfp8_outlier_lb,controlled_lossy_value_specialized,ok,none,accuracy_pass_runtime_loss,0.0093,0.0078,1.537634,0.849462,,152780,225264,bfp8_outlier,bfp8_outlier,false,0,0,false,0,spmv_max_rel,SKIP
cti.mtx,bfp4_lb,bfp4_lb,controlled_lossy_value_specialized,ok,none,accuracy_pass_runtime_loss,0.0120,0.0102,1.191667,0.658333,,104548,225264,bfp4,bfp4,false,0,0,false,0,spmv_max_rel,SKIP
cti.mtx,hybrid_lb,hybrid_lb,structural_hybrid,ok,none,promoted_fallback,0.0073,0.0049,1.958904,1.082192,,771712,,original,raw_double,false,,,1,0,exact_abs_or_rel,SKIP
cti.mtx,cusparse_default,cusparse_csr,external_baseline,ok,none,external_baseline,0.0143,0.0123,1.000000,0.552448,,771712,453220,original,original,false,,,true,0,exact_abs_or_rel,SKIP
cz308.mtx,original_lb,original_lb,load_balanced_traversal,ok,none,promoted_fallback,0.0074,0.0065,1.729730,1.000000,,25456,4912,original,original,false,0,0,true,0,exact_abs_or_rel,SKIP
cz308.mtx,auto_lossless_lb,original_lb,load_balanced_traversal,ok,none,promoted_fallback,0.0068,0.0056,1.882353,1.088235,,25456,4912,auto_lossless,original,true,1688,25456,true,0,exact_abs_or_rel,SKIP
cz308.mtx,fp16_lb,fp16_lb,controlled_lossy_value_specialized,ok,none,accuracy_pass_runtime_loss,0.0082,0.0071,1.560976,0.902439,,6364,4912,fp16,fp16,false,0,0,false,0,spmv_max_rel,SKIP
cz308.mtx,bf16_lb,bf16_lb,controlled_lossy_value_specialized,ok,none,accuracy_pass_runtime_loss,0.0089,0.0070,1.438202,0.831461,,6364,4912,bf16,bf16,false,0,0,false,0,spmv_max_rel,SKIP
cz308.mtx,bfp8_lb,bfp8_lb,controlled_lossy_value_specialized,ok,none,accuracy_pass_runtime_loss,0.0091,0.0071,1.406593,0.813187,,4410,4912,bfp8,bfp8,false,0,0,false,0,spmv_max_rel,SKIP
cz308.mtx,bfp8_outlier_lb,bfp8_outlier_lb,controlled_lossy_value_specialized,ok,none,accuracy_pass_runtime_loss,0.0097,0.0085,1.319588,0.762887,,4634,4912,bfp8_outlier,bfp8_outlier,false,0,0,false,0,spmv_max_rel,SKIP
cz308.mtx,bfp4_lb,bfp4_lb,controlled_lossy_value_specialized,ok,none,accuracy_pass_runtime_loss,0.0090,0.0084,1.422222,0.822222,,2819,4912,bfp4,bfp4,false,0,0,false,0,spmv_max_rel,SKIP
cz308.mtx,hybrid_lb,hybrid_lb,structural_hybrid,ok,none,promoted_fallback,0.0078,0.0057,1.641026,0.948718,,25456,,original,raw_double,false,,,1,0,exact_abs_or_rel,SKIP
cz308.mtx,cusparse_default,cusparse_csr,external_baseline,ok,none,external_baseline,0.0128,0.0102,1.000000,0.578125,,25456,13964,original,original,false,,,true,0,exact_abs_or_rel,SKIP
dano3mip.mtx,original_lb,original_lb,load_balanced_traversal,ok,none,promoted_fallback,0.0105,0.0088,1.714286,1.000000,,653064,416624,original,original,false,0,0,true,0,exact_abs_or_rel,SKIP
dano3mip.mtx,auto_lossless_lb,original_lb,load_balanced_traversal,ok,none,promoted_fallback,0.0104,0.0087,1.730769,1.009615,,653064,416624,auto_lossless,original,true,115,653064,true,0,exact_abs_or_rel,SKIP
dano3mip.mtx,fp16_lb,fp16_lb,controlled_lossy_value_specialized,ok,none,accuracy_pass_runtime_win,0.0093,0.0083,1.935484,1.129032,,163266,416624,fp16,fp16,false,0,0,false,0,spmv_max_rel,SKIP
dano3mip.mtx,bf16_lb,bf16_lb,controlled_lossy_value_specialized,ok,none,accuracy_pass_runtime_win,0.0101,0.0083,1.782178,1.039604,,163266,416624,bf16,bf16,false,0,0,false,0,spmv_max_rel,SKIP
dano3mip.mtx,bfp8_lb,bfp8_lb,controlled_lossy_value_specialized,ok,none,accuracy_pass_runtime_win,0.0099,0.0086,1.818182,1.060606,,185789,416624,bfp8,bfp8,false,0,0,false,0,spmv_max_rel,SKIP
dano3mip.mtx,bfp8_outlier_lb,bfp8_outlier_lb,controlled_lossy_value_specialized,ok,none,accuracy_pass_runtime_win,0.0096,0.0087,1.875000,1.093750,,185789,416624,bfp8_outlier,bfp8_outlier,false,0,0,false,0,spmv_max_rel,SKIP
dano3mip.mtx,bfp4_lb,bfp4_lb,controlled_lossy_value_specialized,ok,none,accuracy_pass_runtime_loss,0.0136,0.0126,1.323529,0.772059,,144973,416624,bfp4,bfp4,false,0,0,false,0,spmv_max_rel,SKIP
dano3mip.mtx,hybrid_lb,hybrid_lb,structural_hybrid,ok,none,promoted_fallback,0.0086,0.0074,2.093023,1.220930,,653064,,original,raw_double,false,,,1,0,exact_abs_or_rel,SKIP
dano3mip.mtx,cusparse_default,cusparse_csr,external_baseline,ok,none,external_baseline,0.0180,0.0143,1.000000,0.583333,,653064,339344,original,original,false,,,true,0,exact_abs_or_rel,SKIP
dataset20mfeatpixel_10NN.mtx,original_lb,original_lb,load_balanced_traversal,ok,none,promoted_fallback,0.0096,0.0075,1.468750,1.000000,,223456,99504,original,original,false,0,0,true,0,exact_abs_or_rel,SKIP
dataset20mfeatpixel_10NN.mtx,auto_lossless_lb,original_lb,load_balanced_traversal,ok,none,promoted_fallback,0.0105,0.0093,1.342857,0.914286,,223456,99504,auto_lossless,original,true,11874,223456,true,0,exact_abs_or_rel,SKIP
dataset20mfeatpixel_10NN.mtx,fp16_lb,fp16_lb,controlled_lossy_value_specialized,ok,none,accuracy_pass_runtime_loss,0.0110,0.0093,1.281818,0.872727,,55864,99504,fp16,fp16,false,0,0,false,0,spmv_max_rel,SKIP
dataset20mfeatpixel_10NN.mtx,bf16_lb,bf16_lb,controlled_lossy_value_specialized,ok,none,accuracy_pass_runtime_loss,0.0096,0.0078,1.468750,1.000000,,55864,99504,bf16,bf16,false,0,0,false,0,spmv_max_rel,SKIP
dataset20mfeatpixel_10NN.mtx,bfp8_lb,bfp8_lb,controlled_lossy_value_specialized,ok,none,accuracy_pass_runtime_loss,0.0100,0.0091,1.410000,0.960000,,52808,99504,bfp8,bfp8,false,0,0,false,0,spmv_max_rel,SKIP
dataset20mfeatpixel_10NN.mtx,bfp8_outlier_lb,bfp8_outlier_lb,controlled_lossy_value_specialized,ok,none,accuracy_pass_runtime_loss,0.0117,0.0098,1.205128,0.820513,,55016,99504,bfp8_outlier,bfp8_outlier,false,0,0,false,0,spmv_max_rel,SKIP
dataset20mfeatpixel_10NN.mtx,bfp4_lb,bfp4_lb,controlled_lossy_value_specialized,ok,none,accuracy_pass_runtime_loss,0.0141,0.0132,1.000000,0.680851,,38842,99504,bfp4,bfp4,false,0,0,false,0,spmv_max_rel,SKIP
dataset20mfeatpixel_10NN.mtx,hybrid_lb,hybrid_lb,structural_hybrid,ok,none,promoted_fallback,0.0074,0.0060,1.905405,1.297297,,223456,,original,raw_double,false,,,1,0,exact_abs_or_rel,SKIP
dataset20mfeatpixel_10NN.mtx,cusparse_default,cusparse_csr,external_baseline,ok,none,external_baseline,0.0141,0.0102,1.000000,0.680851,,223456,119732,original,original,false,,,true,0,exact_abs_or_rel,SKIP
delaunay_n24.mtx,original_lb,original_lb,load_balanced_traversal,ok,none,promoted_fallback,1.6891,1.6865,0.762418,1.000000,,805305616,261787352,original,original,false,0,0,true,0,exact_abs_or_rel,SKIP
delaunay_n24.mtx,auto_lossless_lb,all_one_lb,lossless_value_specialized,ok,none,accuracy_pass_runtime_win,1.5934,1.5917,0.808209,1.060060,,0,261787352,auto_lossless,all_one,true,1,0,true,0,exact_abs_or_rel,SKIP
delaunay_n24.mtx,fp16_lb,fp16_lb,controlled_lossy_value_specialized,ok,none,accuracy_pass_runtime_win,1.4780,1.4755,0.871313,1.142828,,201326404,261787352,fp16,fp16,false,0,0,false,0,spmv_max_rel,SKIP
delaunay_n24.mtx,bf16_lb,bf16_lb,controlled_lossy_value_specialized,ok,none,accuracy_pass_runtime_win,1.4773,1.4756,0.871725,1.143370,,201326404,261787352,bf16,bf16,false,0,0,false,0,spmv_max_rel,SKIP
delaunay_n24.mtx,bfp8_lb,bfp8_lb,controlled_lossy_value_specialized,ok,none,accuracy_pass_runtime_win,1.5154,1.5124,0.849809,1.114623,,166110040,261787352,bfp8,bfp8,false,0,0,false,0,spmv_max_rel,SKIP
delaunay_n24.mtx,bfp8_outlier_lb,bfp8_outlier_lb,controlled_lossy_value_specialized,ok,none,accuracy_pass_runtime_win,1.5161,1.5136,0.849416,1.114109,,166110040,261787352,bfp8_outlier,bfp8_outlier,false,0,0,false,0,spmv_max_rel,SKIP
delaunay_n24.mtx,bfp4_lb,bfp4_lb,controlled_lossy_value_specialized,ok,none,accuracy_pass_runtime_loss,1.8469,1.8435,0.697277,0.914560,,115778439,261787352,bfp4,bfp4,false,0,0,false,0,spmv_max_rel,SKIP
delaunay_n24.mtx,hybrid_lb,hybrid_lb,structural_hybrid,ok,none,promoted_fallback,1.2726,1.2697,1.011944,1.327283,,805305616,,original,raw_double,false,,,1,0,exact_abs_or_rel,SKIP
delaunay_n24.mtx,cusparse_default,cusparse_csr,external_baseline,ok,none,external_baseline,1.2878,1.2841,1.000000,1.311617,,805305616,469761676,original,original,false,,,true,0,exact_abs_or_rel,SKIP
delf_A_04.mtx,original_lb,original_lb,load_balanced_traversal,ok,none,promoted_fallback,0.0079,0.0069,1.810127,1.000000,,114744,41152,original,original,false,0,0,true,0,exact_abs_or_rel,SKIP
delf_A_04.mtx,auto_lossless_lb,original_lb,load_balanced_traversal,ok,none,promoted_fallback,0.0084,0.0068,1.702381,0.940476,,114744,41152,auto_lossless,original,true,2644,114744,true,0,exact_abs_or_rel,SKIP
delf_A_04.mtx,fp16_lb,fp16_lb,controlled_lossy_value_specialized,ok,none,accuracy_pass_runtime_loss,0.0086,0.0072,1.662791,0.918605,,28686,41152,fp16,fp16,false,0,0,false,0,spmv_max_rel,SKIP
delf_A_04.mtx,bf16_lb,bf16_lb,controlled_lossy_value_specialized,ok,none,accuracy_pass_runtime_loss,0.0086,0.0070,1.662791,0.918605,,28686,41152,bf16,bf16,false,0,0,false,0,spmv_max_rel,SKIP
delf_A_04.mtx,bfp8_lb,bfp8_lb,controlled_lossy_value_specialized,ok,none,accuracy_pass_runtime_loss,0.0091,0.0084,1.571429,0.868132,,24631,41152,bfp8,bfp8,false,0,0,false,0,spmv_max_rel,SKIP
delf_A_04.mtx,bfp8_outlier_lb,bfp8_outlier_lb,controlled_lossy_value_specialized,ok,none,accuracy_pass_runtime_loss,0.0093,0.0083,1.537634,0.849462,,24631,41152,bfp8_outlier,bfp8_outlier,false,0,0,false,0,spmv_max_rel,SKIP
delf_A_04.mtx,bfp4_lb,bfp4_lb,controlled_lossy_value_specialized,ok,none,accuracy_pass_runtime_loss,0.0099,0.0084,1.444444,0.797980,,17460,41152,bfp4,bfp4,false,0,0,false,0,spmv_max_rel,SKIP
delf_A_04.mtx,hybrid_lb,hybrid_lb,structural_hybrid,ok,none,promoted_fallback,0.0078,0.0066,1.833333,1.012821,,114744,,original,raw_double,false,,,1,0,exact_abs_or_rel,SKIP
delf_A_04.mtx,cusparse_default,cusparse_csr,external_baseline,ok,none,external_baseline,0.0143,0.0123,1.000000,0.552448,,114744,69636,original,original,false,,,true,0,exact_abs_or_rel,SKIP
delf_A_12.mtx,original_lb,original_lb,load_balanced_traversal,ok,none,promoted_fallback,0.0087,0.0070,1.919540,1.000000,,119320,42496,original,original,false,0,0,true,0,exact_abs_or_rel,SKIP
delf_A_12.mtx,auto_lossless_lb,original_lb,load_balanced_traversal,ok,none,promoted_fallback,0.0077,0.0065,2.168831,1.129870,,119320,42496,auto_lossless,original,true,3156,119320,true,0,exact_abs_or_rel,SKIP
delf_A_12.mtx,fp16_lb,fp16_lb,controlled_lossy_value_specialized,ok,none,accuracy_pass_runtime_loss,0.0089,0.0071,1.876404,0.977528,,29830,42496,fp16,fp16,false,0,0,false,0,spmv_max_rel,SKIP
delf_A_12.mtx,bf16_lb,bf16_lb,controlled_lossy_value_specialized,ok,none,accuracy_pass_runtime_loss,0.0091,0.0070,1.835165,0.956044,,29830,42496,bf16,bf16,false,0,0,false,0,spmv_max_rel,SKIP
delf_A_12.mtx,bfp8_lb,bfp8_lb,controlled_lossy_value_specialized,ok,none,accuracy_pass_runtime_loss,0.0097,0.0070,1.721649,0.896907,,25539,42496,bfp8,bfp8,false,0,0,false,0,spmv_max_rel,SKIP
delf_A_12.mtx,bfp8_outlier_lb,bfp8_outlier_lb,controlled_lossy_value_specialized,ok,none,accuracy_pass_runtime_loss,0.0095,0.0071,1.757895,0.915789,,25539,42496,bfp8_outlier,bfp8_outlier,false,0,0,false,0,spmv_max_rel,SKIP
delf_A_12.mtx,bfp4_lb,bfp4_lb,controlled_lossy_value_specialized,ok,none,accuracy_pass_runtime_loss,0.0109,0.0092,1.532110,0.798165,,18082,42496,bfp4,bfp4,false,0,0,false,0,spmv_max_rel,SKIP
delf_A_12.mtx,hybrid_lb,hybrid_lb,structural_hybrid,ok,none,promoted_fallback,0.0074,0.0060,2.256757,1.175676,,119320,,original,raw_double,false,,,1,0,exact_abs_or_rel,SKIP
delf_A_12.mtx,cusparse_default,cusparse_csr,external_baseline,ok,none,external_baseline,0.0167,0.0123,1.000000,0.520958,,119320,72200,original,original,false,,,true,0,exact_abs_or_rel,SKIP
delf_A_20.mtx,original_lb,original_lb,load_balanced_traversal,ok,none,promoted_fallback,0.0088,0.0067,1.829545,1.000000,,122160,43960,original,original,false,0,0,true,0,exact_abs_or_rel,SKIP
delf_A_20.mtx,auto_lossless_lb,original_lb,load_balanced_traversal,ok,none,promoted_fallback,0.0083,0.0065,1.939759,1.060241,,122160,43960,auto_lossless,original,true,3048,122160,true,0,exact_abs_or_rel,SKIP
delf_A_20.mtx,fp16_lb,fp16_lb,controlled_lossy_value_specialized,ok,none,accuracy_pass_runtime_loss,0.0097,0.0080,1.659794,0.907216,,30540,43960,fp16,fp16,false,0,0,false,0,spmv_max_rel,SKIP
delf_A_20.mtx,bf16_lb,bf16_lb,controlled_lossy_value_specialized,ok,none,accuracy_pass_runtime_win,0.0082,0.0071,1.963415,1.073171,,30540,43960,bf16,bf16,false,0,0,false,0,spmv_max_rel,SKIP
delf_A_20.mtx,bfp8_lb,bfp8_lb,controlled_lossy_value_specialized,ok,none,accuracy_pass_runtime_loss,0.0092,0.0072,1.750000,0.956522,,26260,43960,bfp8,bfp8,false,0,0,false,0,spmv_max_rel,SKIP
delf_A_20.mtx,bfp8_outlier_lb,bfp8_outlier_lb,controlled_lossy_value_specialized,ok,none,accuracy_pass_runtime_loss,0.0098,0.0087,1.642857,0.897959,,26260,43960,bfp8_outlier,bfp8_outlier,false,0,0,false,0,spmv_max_rel,SKIP
delf_A_20.mtx,bfp4_lb,bfp4_lb,controlled_lossy_value_specialized,ok,none,accuracy_pass_runtime_loss,0.0101,0.0090,1.594059,0.871287,,18625,43960,bfp4,bfp4,false,0,0,false,0,spmv_max_rel,SKIP
delf_A_20.mtx,hybrid_lb,hybrid_lb,structural_hybrid,ok,none,promoted_fallback,0.0073,0.0059,2.205479,1.205479,,122160,,original,raw_double,false,,,1,0,exact_abs_or_rel,SKIP
delf_A_20.mtx,cusparse_default,cusparse_csr,external_baseline,ok,none,external_baseline,0.0161,0.0123,1.000000,0.546584,,122160,73936,original,original,false,,,true,0,exact_abs_or_rel,SKIP
delf_A_28.mtx,original_lb,original_lb,load_balanced_traversal,ok,none,promoted_fallback,0.0090,0.0077,1.811111,1.000000,,124816,45216,original,original,false,0,0,true,0,exact_abs_or_rel,SKIP
delf_A_28.mtx,auto_lossless_lb,original_lb,load_balanced_traversal,ok,none,promoted_fallback,0.0093,0.0080,1.752688,0.967742,,124816,45216,auto_lossless,original,true,3265,124816,true,0,exact_abs_or_rel,SKIP
delf_A_28.mtx,fp16_lb,fp16_lb,controlled_lossy_value_specialized,ok,none,accuracy_pass_runtime_win,0.0085,0.0070,1.917647,1.058824,,31204,45216,fp16,fp16,false,0,0,false,0,spmv_max_rel,SKIP
delf_A_28.mtx,bf16_lb,bf16_lb,controlled_lossy_value_specialized,ok,none,accuracy_pass_runtime_win,0.0081,0.0069,2.012346,1.111111,,31204,45216,bf16,bf16,false,0,0,false,0,spmv_max_rel,SKIP
delf_A_28.mtx,bfp8_lb,bfp8_lb,controlled_lossy_value_specialized,ok,none,accuracy_pass_runtime_win,0.0088,0.0081,1.852273,1.022727,,26906,45216,bfp8,bfp8,false,0,0,false,0,spmv_max_rel,SKIP
delf_A_28.mtx,bfp8_outlier_lb,bfp8_outlier_lb,controlled_lossy_value_specialized,ok,none,accuracy_pass_runtime_win,0.0088,0.0081,1.852273,1.022727,,26906,45216,bfp8_outlier,bfp8_outlier,false,0,0,false,0,spmv_max_rel,SKIP
delf_A_28.mtx,bfp4_lb,bfp4_lb,controlled_lossy_value_specialized,ok,none,accuracy_pass_runtime_loss,0.0111,0.0098,1.468468,0.810811,,19105,45216,bfp4,bfp4,false,0,0,false,0,spmv_max_rel,SKIP
delf_A_28.mtx,hybrid_lb,hybrid_lb,structural_hybrid,ok,none,promoted_fallback,0.0082,0.0063,1.987805,1.097561,,124816,,original,raw_double,false,,,1,0,exact_abs_or_rel,SKIP
delf_A_28.mtx,cusparse_default,cusparse_csr,external_baseline,ok,none,external_baseline,0.0163,0.0123,1.000000,0.552147,,124816,75120,original,original,false,,,true,0,exact_abs_or_rel,SKIP
delf_A_36.mtx,original_lb,original_lb,load_balanced_traversal,ok,none,promoted_fallback,0.0078,0.0068,2.102564,1.000000,,123176,43312,original,original,false,0,0,true,0,exact_abs_or_rel,SKIP
delf_A_36.mtx,auto_lossless_lb,original_lb,load_balanced_traversal,ok,none,promoted_fallback,0.0087,0.0073,1.885057,0.896552,,123176,43312,auto_lossless,original,true,3367,123176,true,0,exact_abs_or_rel,SKIP
delf_A_36.mtx,fp16_lb,fp16_lb,controlled_lossy_value_specialized,ok,none,accuracy_pass_runtime_loss,0.0090,0.0085,1.822222,0.866667,,30794,43312,fp16,fp16,false,0,0,false,0,spmv_max_rel,SKIP
delf_A_36.mtx,bf16_lb,bf16_lb,controlled_lossy_value_specialized,ok,none,accuracy_pass_runtime_loss,0.0092,0.0085,1.782609,0.847826,,30794,43312,bf16,bf16,false,0,0,false,0,spmv_max_rel,SKIP
delf_A_36.mtx,bfp8_lb,bfp8_lb,controlled_lossy_value_specialized,ok,none,accuracy_pass_runtime_loss,0.0101,0.0086,1.623762,0.772277,,26225,43312,bfp8,bfp8,false,0,0,false,0,spmv_max_rel,SKIP
delf_A_36.mtx,bfp8_outlier_lb,bfp8_outlier_lb,controlled_lossy_value_specialized,ok,none,accuracy_pass_runtime_loss,0.0091,0.0083,1.802198,0.857143,,26225,43312,bfp8_outlier,bfp8_outlier,false,0,0,false,0,spmv_max_rel,SKIP
delf_A_36.mtx,bfp4_lb,bfp4_lb,controlled_lossy_value_specialized,ok,none,accuracy_pass_runtime_loss,0.0109,0.0101,1.504587,0.715596,,18527,43312,bfp4,bfp4,false,0,0,false,0,spmv_max_rel,SKIP
delf_A_36.mtx,hybrid_lb,hybrid_lb,structural_hybrid,ok,none,promoted_fallback,0.0072,0.0051,2.277778,1.083333,,123176,,original,raw_double,false,,,1,0,exact_abs_or_rel,SKIP
delf_A_36.mtx,cusparse_default,cusparse_csr,external_baseline,ok,none,external_baseline,0.0164,0.0123,1.000000,0.475610,,123176,74272,original,original,false,,,true,0,exact_abs_or_rel,SKIP
deter7.mtx,original_lb,original_lb,load_balanced_traversal,ok,none,promoted_fallback,0.0100,0.0080,1.620000,1.000000,,297048,267672,original,original,false,0,0,true,0,exact_abs_or_rel,SKIP
deter7.mtx,auto_lossless_lb,original_lb,load_balanced_traversal,ok,none,promoted_fallback,0.0090,0.0080,1.800000,1.111111,,297048,267672,auto_lossless,original,true,872,297048,true,0,exact_abs_or_rel,SKIP
deter7.mtx,fp16_lb,fp16_lb,controlled_lossy_value_specialized,ok,none,accuracy_pass_runtime_loss,0.0107,0.0089,1.514019,0.934579,,74262,267672,fp16,fp16,false,0,0,false,0,spmv_max_rel,SKIP
deter7.mtx,bf16_lb,bf16_lb,controlled_lossy_value_specialized,ok,none,accuracy_pass_runtime_loss,0.0101,0.0087,1.603960,0.990099,,74262,267672,bf16,bf16,false,0,0,false,0,spmv_max_rel,SKIP
deter7.mtx,bfp8_lb,bfp8_lb,controlled_lossy_value_specialized,ok,none,accuracy_pass_runtime_loss,0.0103,0.0088,1.572816,0.970874,,104049,267672,bfp8,bfp8,false,0,0,false,0,spmv_max_rel,SKIP
deter7.mtx,bfp8_outlier_lb,bfp8_outlier_lb,controlled_lossy_value_specialized,ok,none,accuracy_pass_runtime_loss,0.0130,0.0110,1.246154,0.769231,,106913,267672,bfp8_outlier,bfp8_outlier,false,0,0,false,0,spmv_max_rel,SKIP
deter7.mtx,bfp4_lb,bfp4_lb,controlled_lossy_value_specialized,ok,none,accuracy_pass_runtime_loss,0.0130,0.0115,1.246154,0.769231,,85484,267672,bfp4,bfp4,false,0,0,false,0,spmv_max_rel,SKIP
deter7.mtx,hybrid_lb,hybrid_lb,structural_hybrid,ok,none,promoted_fallback,0.0073,0.0062,2.219178,1.369863,,297048,,original,raw_double,false,,,1,0,exact_abs_or_rel,SKIP
deter7.mtx,cusparse_default,cusparse_csr,external_baseline,ok,none,external_baseline,0.0162,0.0143,1.000000,0.617284,,297048,174028,original,original,false,,,true,0,exact_abs_or_rel,SKIP
dw256A.mtx,original_lb,original_lb,load_balanced_traversal,ok,none,promoted_fallback,0.0065,0.0051,1.984615,1.000000,,19840,3712,original,original,false,0,0,true,0,exact_abs_or_rel,SKIP
dw256A.mtx,auto_lossless_lb,dict256_u8_lb,lossless_value_specialized,ok,none,accuracy_pass_runtime_win,0.0060,0.0056,2.150000,1.083333,,15240,3712,auto_lossless,dict256_u8,true,49,15240,true,49,exact_abs_or_rel,SKIP
dw256A.mtx,fp16_lb,fp16_lb,controlled_lossy_value_specialized,ok,none,accuracy_pass_runtime_loss,0.0066,0.0040,1.954545,0.984848,,4960,3712,fp16,fp16,false,0,0,false,0,spmv_max_rel,SKIP
dw256A.mtx,bf16_lb,bf16_lb,controlled_lossy_value_specialized,ok,none,accuracy_pass_runtime_win,0.0059,0.0046,2.186441,1.101695,,4960,3712,bf16,bf16,false,0,0,false,0,spmv_max_rel,SKIP
dw256A.mtx,bfp8_lb,bfp8_lb,controlled_lossy_value_specialized,ok,none,accuracy_pass_runtime_loss,0.0069,0.0050,1.869565,0.942029,,3408,3712,bfp8,bfp8,false,0,0,false,0,spmv_max_rel,SKIP
dw256A.mtx,bfp8_outlier_lb,bfp8_outlier_lb,controlled_lossy_value_specialized,ok,none,accuracy_pass_runtime_loss,0.0082,0.0069,1.573171,0.792683,,3536,3712,bfp8_outlier,bfp8_outlier,false,0,0,false,0,spmv_max_rel,SKIP
dw256A.mtx,bfp4_lb,bfp4_lb,controlled_lossy_value_specialized,ok,none,accuracy_pass_runtime_loss,0.0078,0.0070,1.653846,0.833333,,2168,3712,bfp4,bfp4,false,0,0,false,0,spmv_max_rel,SKIP
dw256A.mtx,hybrid_lb,hybrid_lb,structural_hybrid,ok,none,promoted_fallback,0.0067,0.0046,1.925373,0.970149,,19840,,original,raw_double,false,,,1,0,exact_abs_or_rel,SKIP
dw256A.mtx,cusparse_default,cusparse_csr,external_baseline,ok,none,external_baseline,0.0129,0.0102,1.000000,0.503876,,19840,11972,original,original,false,,,true,0,exact_abs_or_rel,SKIP
dwt_1242.mtx,original_lb,original_lb,load_balanced_traversal,ok,none,promoted_fallback,0.0075,0.0067,1.906667,1.000000,,83408,15688,original,original,false,0,0,true,0,exact_abs_or_rel,SKIP
dwt_1242.mtx,auto_lossless_lb,all_one_lb,lossless_value_specialized,ok,none,accuracy_pass_runtime_loss,0.0086,0.0070,1.662791,0.872093,,0,15688,auto_lossless,all_one,true,1,0,true,0,exact_abs_or_rel,SKIP
dwt_1242.mtx,fp16_lb,fp16_lb,controlled_lossy_value_specialized,ok,none,accuracy_pass_runtime_win,0.0070,0.0065,2.042857,1.071429,,20852,15688,fp16,fp16,false,0,0,false,0,spmv_max_rel,SKIP
dwt_1242.mtx,bf16_lb,bf16_lb,controlled_lossy_value_specialized,ok,none,accuracy_pass_runtime_win,0.0070,0.0062,2.042857,1.071429,,20852,15688,bf16,bf16,false,0,0,false,0,spmv_max_rel,SKIP
dwt_1242.mtx,bfp8_lb,bfp8_lb,controlled_lossy_value_specialized,ok,none,accuracy_pass_runtime_loss,0.0093,0.0075,1.537634,0.806452,,14348,15688,bfp8,bfp8,false,0,0,false,0,spmv_max_rel,SKIP
dwt_1242.mtx,bfp8_outlier_lb,bfp8_outlier_lb,controlled_lossy_value_specialized,ok,none,accuracy_pass_runtime_loss,0.0085,0.0071,1.682353,0.882353,,14348,15688,bfp8_outlier,bfp8_outlier,false,0,0,false,0,spmv_max_rel,SKIP
dwt_1242.mtx,bfp4_lb,bfp4_lb,controlled_lossy_value_specialized,ok,none,accuracy_pass_runtime_loss,0.0093,0.0084,1.537634,0.806452,,9135,15688,bfp4,bfp4,false,0,0,false,0,spmv_max_rel,SKIP
dwt_1242.mtx,hybrid_lb,hybrid_lb,structural_hybrid,ok,none,promoted_fallback,0.0077,0.0052,1.857143,0.974026,,83408,,original,raw_double,false,,,1,0,exact_abs_or_rel,SKIP
dwt_1242.mtx,cusparse_default,cusparse_csr,external_baseline,ok,none,external_baseline,0.0143,0.0123,1.000000,0.524476,,83408,46676,original,original,false,,,true,0,exact_abs_or_rel,SKIP
dwt_2680.mtx,original_lb,original_lb,load_balanced_traversal,ok,none,promoted_fallback,0.0091,0.0070,1.901099,1.000000,,200208,41136,original,original,false,0,0,true,0,exact_abs_or_rel,SKIP
dwt_2680.mtx,auto_lossless_lb,all_one_lb,lossless_value_specialized,ok,none,accuracy_pass_runtime_win,0.0087,0.0070,1.988506,1.045977,,0,41136,auto_lossless,all_one,true,1,0,true,0,exact_abs_or_rel,SKIP
dwt_2680.mtx,fp16_lb,fp16_lb,controlled_lossy_value_specialized,ok,none,accuracy_pass_runtime_win,0.0087,0.0077,1.988506,1.045977,,50052,41136,fp16,fp16,false,0,0,false,0,spmv_max_rel,SKIP
dwt_2680.mtx,bf16_lb,bf16_lb,controlled_lossy_value_specialized,ok,none,accuracy_pass_runtime_loss,0.0091,0.0074,1.901099,1.000000,,50052,41136,bf16,bf16,false,0,0,false,0,spmv_max_rel,SKIP
dwt_2680.mtx,bfp8_lb,bfp8_lb,controlled_lossy_value_specialized,ok,none,accuracy_pass_runtime_loss,0.0100,0.0080,1.730000,0.910000,,35310,41136,bfp8,bfp8,false,0,0,false,0,spmv_max_rel,SKIP
dwt_2680.mtx,bfp8_outlier_lb,bfp8_outlier_lb,controlled_lossy_value_specialized,ok,none,accuracy_pass_runtime_loss,0.0094,0.0090,1.840426,0.968085,,35310,41136,bfp8_outlier,bfp8_outlier,false,0,0,false,0,spmv_max_rel,SKIP
dwt_2680.mtx,bfp4_lb,bfp4_lb,controlled_lossy_value_specialized,ok,none,accuracy_pass_runtime_loss,0.0136,0.0123,1.272059,0.669118,,22797,41136,bfp4,bfp4,false,0,0,false,0,spmv_max_rel,SKIP
dwt_2680.mtx,hybrid_lb,hybrid_lb,structural_hybrid,ok,none,promoted_fallback,0.0085,0.0064,2.035294,1.070588,,200208,,original,raw_double,false,,,1,0,exact_abs_or_rel,SKIP
dwt_2680.mtx,cusparse_default,cusparse_csr,external_baseline,ok,none,external_baseline,0.0173,0.0143,1.000000,0.526012,,200208,110828,original,original,false,,,true,0,exact_abs_or_rel,SKIP
dwt_512.mtx,original_lb,original_lb,load_balanced_traversal,ok,none,promoted_fallback,0.0082,0.0071,1.451220,1.000000,,28016,4200,original,original,false,0,0,true,0,exact_abs_or_rel,SKIP
dwt_512.mtx,auto_lossless_lb,all_one_lb,lossless_value_specialized,ok,none,accuracy_pass_runtime_win,0.0067,0.0057,1.776119,1.223881,,0,4200,auto_lossless,all_one,true,1,0,true,0,exact_abs_or_rel,SKIP
dwt_512.mtx,fp16_lb,fp16_lb,controlled_lossy_value_specialized,ok,none,accuracy_pass_runtime_win,0.0073,0.0057,1.630137,1.123288,,7004,4200,fp16,fp16,false,0,0,false,0,spmv_max_rel,SKIP
dwt_512.mtx,bf16_lb,bf16_lb,controlled_lossy_value_specialized,ok,none,accuracy_pass_runtime_win,0.0081,0.0070,1.469136,1.012346,,7004,4200,bf16,bf16,false,0,0,false,0,spmv_max_rel,SKIP
dwt_512.mtx,bfp8_lb,bfp8_lb,controlled_lossy_value_specialized,ok,none,accuracy_pass_runtime_win,0.0080,0.0065,1.487500,1.025000,,4552,4200,bfp8,bfp8,false,0,0,false,0,spmv_max_rel,SKIP
dwt_512.mtx,bfp8_outlier_lb,bfp8_outlier_lb,controlled_lossy_value_specialized,ok,none,accuracy_pass_runtime_win,0.0067,0.0054,1.776119,1.223881,,4552,4200,bfp8_outlier,bfp8_outlier,false,0,0,false,0,spmv_max_rel,SKIP
dwt_512.mtx,bfp4_lb,bfp4_lb,controlled_lossy_value_specialized,ok,none,accuracy_pass_runtime_loss,0.0085,0.0068,1.400000,0.964706,,2801,4200,bfp4,bfp4,false,0,0,false,0,spmv_max_rel,SKIP
dwt_512.mtx,hybrid_lb,hybrid_lb,structural_hybrid,ok,none,promoted_fallback,0.0072,0.0059,1.652778,1.138889,,28016,,original,raw_double,false,,,1,0,exact_abs_or_rel,SKIP
dwt_512.mtx,cusparse_default,cusparse_csr,external_baseline,ok,none,external_baseline,0.0119,0.0102,1.000000,0.689076,,28016,16060,original,original,false,,,true,0,exact_abs_or_rel,SKIP
dwt_87.mtx,original_lb,original_lb,load_balanced_traversal,ok,none,promoted_fallback,0.0083,0.0066,1.469880,1.000000,,4328,1048,original,original,false,0,0,true,0,exact_abs_or_rel,SKIP
dwt_87.mtx,auto_lossless_lb,all_one_lb,lossless_value_specialized,ok,none,accuracy_pass_runtime_win,0.0073,0.0052,1.671233,1.136986,,0,1048,auto_lossless,all_one,true,1,0,true,0,exact_abs_or_rel,SKIP
dwt_87.mtx,fp16_lb,fp16_lb,controlled_lossy_value_specialized,ok,none,accuracy_pass_runtime_loss,0.0096,0.0084,1.270833,0.864583,,1082,1048,fp16,fp16,false,0,0,false,0,spmv_max_rel,SKIP
dwt_87.mtx,bf16_lb,bf16_lb,controlled_lossy_value_specialized,ok,none,accuracy_pass_runtime_win,0.0071,0.0056,1.718310,1.169014,,1082,1048,bf16,bf16,false,0,0,false,0,spmv_max_rel,SKIP
dwt_87.mtx,bfp8_lb,bfp8_lb,controlled_lossy_value_specialized,ok,none,accuracy_pass_runtime_win,0.0068,0.0049,1.794118,1.220588,,803,1048,bfp8,bfp8,false,0,0,false,0,spmv_max_rel,SKIP
dwt_87.mtx,bfp8_outlier_lb,bfp8_outlier_lb,controlled_lossy_value_specialized,ok,none,accuracy_pass_runtime_win,0.0069,0.0052,1.768116,1.202899,,803,1048,bfp8_outlier,bfp8_outlier,false,0,0,false,0,spmv_max_rel,SKIP
dwt_87.mtx,bfp4_lb,bfp4_lb,controlled_lossy_value_specialized,ok,none,accuracy_pass_runtime_win,0.0071,0.0062,1.718310,1.169014,,533,1048,bfp4,bfp4,false,0,0,false,0,spmv_max_rel,SKIP
dwt_87.mtx,hybrid_lb,hybrid_lb,structural_hybrid,ok,none,promoted_fallback,0.0062,0.0051,1.967742,1.338710,,4328,,original,raw_double,false,,,1,0,exact_abs_or_rel,SKIP
dwt_87.mtx,cusparse_default,cusparse_csr,external_baseline,ok,none,external_baseline,0.0122,0.0082,1.000000,0.680328,,4328,2516,original,original,false,,,true,0,exact_abs_or_rel,SKIP
dynamicSoaringProblem_2.mtx,original_lb,original_lb,load_balanced_traversal,ok,none,promoted_fallback,0.0083,0.0066,1.686747,1.000000,,124704,21104,original,original,false,0,0,true,0,exact_abs_or_rel,SKIP
dynamicSoaringProblem_2.mtx,auto_lossless_lb,original_lb,load_balanced_traversal,ok,none,promoted_fallback,0.0087,0.0073,1.609195,0.954023,,124704,21104,auto_lossless,original,true,4780,124704,true,0,exact_abs_or_rel,SKIP
dynamicSoaringProblem_2.mtx,fp16_lb,fp16_lb,controlled_lossy_value_specialized,ok,none,accuracy_pass_runtime_loss,0.0098,0.0081,1.428571,0.846939,,31176,21104,fp16,fp16,false,0,0,false,0,spmv_max_rel,SKIP
dynamicSoaringProblem_2.mtx,bf16_lb,bf16_lb,controlled_lossy_value_specialized,ok,none,accuracy_pass_runtime_loss,0.0108,0.0092,1.296296,0.768519,,31176,21104,bf16,bf16,false,0,0,false,0,spmv_max_rel,SKIP
dynamicSoaringProblem_2.mtx,bfp8_lb,bfp8_lb,controlled_lossy_value_specialized,ok,none,accuracy_pass_runtime_loss,0.0092,0.0079,1.521739,0.902174,,20864,21104,bfp8,bfp8,false,0,0,false,0,spmv_max_rel,SKIP
dynamicSoaringProblem_2.mtx,bfp8_outlier_lb,bfp8_outlier_lb,controlled_lossy_value_specialized,ok,none,accuracy_pass_runtime_loss,0.0113,0.0099,1.238938,0.734513,,21984,21104,bfp8_outlier,bfp8_outlier,false,0,0,false,0,spmv_max_rel,SKIP
dynamicSoaringProblem_2.mtx,bfp4_lb,bfp4_lb,controlled_lossy_value_specialized,ok,none,accuracy_pass_runtime_loss,0.0136,0.0125,1.029412,0.610294,,13070,21104,bfp4,bfp4,false,0,0,false,0,spmv_max_rel,SKIP
dynamicSoaringProblem_2.mtx,hybrid_lb,hybrid_lb,structural_hybrid,ok,none,promoted_fallback,0.0080,0.0062,1.750000,1.037500,,124704,,original,raw_double,false,,,1,0,exact_abs_or_rel,SKIP
dynamicSoaringProblem_2.mtx,cusparse_default,cusparse_csr,external_baseline,ok,none,external_baseline,0.0140,0.0123,1.000000,0.592857,,124704,68720,original,original,false,,,true,0,exact_abs_or_rel,SKIP
email-Eu-core.mtx,original_lb,original_lb,load_balanced_traversal,ok,none,promoted_fallback,0.0086,0.0076,1.651163,1.000000,,204568,86976,original,original,false,0,0,true,0,exact_abs_or_rel,SKIP
email-Eu-core.mtx,auto_lossless_lb,all_one_lb,lossless_value_specialized,ok,none,accuracy_pass_runtime_loss,0.0094,0.0081,1.510638,0.914894,,0,86976,auto_lossless,all_one,true,1,0,true,0,exact_abs_or_rel,SKIP
email-Eu-core.mtx,fp16_lb,fp16_lb,controlled_lossy_value_specialized,ok,none,accuracy_pass_runtime_loss,0.0093,0.0081,1.526882,0.924731,,51142,86976,fp16,fp16,false,0,0,false,0,spmv_max_rel,SKIP
email-Eu-core.mtx,bf16_lb,bf16_lb,controlled_lossy_value_specialized,ok,none,accuracy_pass_runtime_loss,0.0092,0.0072,1.543478,0.934783,,51142,86976,bf16,bf16,false,0,0,false,0,spmv_max_rel,SKIP
email-Eu-core.mtx,bfp8_lb,bfp8_lb,controlled_lossy_value_specialized,ok,none,accuracy_pass_runtime_loss,0.0108,0.0087,1.314815,0.796296,,47315,86976,bfp8,bfp8,false,0,0,false,0,spmv_max_rel,SKIP
email-Eu-core.mtx,bfp8_outlier_lb,bfp8_outlier_lb,controlled_lossy_value_specialized,ok,none,accuracy_pass_runtime_loss,0.0100,0.0092,1.420000,0.860000,,47315,86976,bfp8_outlier,bfp8_outlier,false,0,0,false,0,spmv_max_rel,SKIP
email-Eu-core.mtx,bfp4_lb,bfp4_lb,controlled_lossy_value_specialized,ok,none,accuracy_pass_runtime_loss,0.0151,0.0130,0.940397,0.569536,,34530,86976,bfp4,bfp4,false,0,0,false,0,spmv_max_rel,SKIP
email-Eu-core.mtx,hybrid_lb,hybrid_lb,structural_hybrid,ok,none,promoted_fallback,0.0134,0.0112,1.059701,0.641791,,204568,,original,raw_double,false,,,1,0,exact_abs_or_rel,SKIP
email-Eu-core.mtx,cusparse_default,cusparse_csr,external_baseline,ok,none,external_baseline,0.0142,0.0123,1.000000,0.605634,,204568,106308,original,original,false,,,true,0,exact_abs_or_rel,SKIP
ex18.mtx,original_lb,original_lb,load_balanced_traversal,ok,none,promoted_fallback,0.0068,0.0052,2.088235,1.000000,,573608,78040,original,original,false,0,0,true,0,exact_abs_or_rel,SKIP
ex18.mtx,auto_lossless_lb,original_lb,load_balanced_traversal,ok,none,promoted_fallback,0.0085,0.0080,1.670588,0.800000,,573608,78040,auto_lossless,original,true,36916,573608,true,0,exact_abs_or_rel,SKIP
ex18.mtx,fp16_lb,fp16_lb,controlled_lossy_value_specialized,ok,none,accuracy_pass_runtime_loss,0.0076,0.0069,1.868421,0.894737,,143402,78040,fp16,fp16,false,0,0,false,0,spmv_max_rel,SKIP
ex18.mtx,bf16_lb,bf16_lb,controlled_lossy_value_specialized,ok,none,accuracy_pass_runtime_loss,0.0073,0.0059,1.945205,0.931507,,143402,78040,bf16,bf16,false,0,0,false,0,spmv_max_rel,SKIP
ex18.mtx,bfp8_lb,bfp8_lb,controlled_lossy_value_specialized,ok,none,accuracy_pass_runtime_loss,0.0076,0.0068,1.868421,0.894737,,91211,78040,bfp8,bfp8,false,0,0,false,0,spmv_max_rel,SKIP
ex18.mtx,bfp8_outlier_lb,bfp8_outlier_lb,controlled_lossy_value_specialized,ok,none,accuracy_pass_runtime_loss,0.0093,0.0082,1.526882,0.731183,,96939,78040,bfp8_outlier,bfp8_outlier,false,0,0,false,0,spmv_max_rel,SKIP
ex18.mtx,bfp4_lb,bfp4_lb,controlled_lossy_value_specialized,ok,none,accuracy_pass_runtime_loss,0.0096,0.0080,1.479167,0.708333,,55361,78040,bfp4,bfp4,false,0,0,false,0,spmv_max_rel,SKIP
ex18.mtx,hybrid_lb,hybrid_lb,structural_hybrid,ok,none,promoted_fallback,0.0074,0.0064,1.918919,0.918919,,573608,,original,raw_double,false,,,1,0,exact_abs_or_rel,SKIP
ex18.mtx,cusparse_default,cusparse_csr,external_baseline,ok,none,external_baseline,0.0142,0.0123,1.000000,0.478873,,573608,309900,original,original,false,,,true,0,exact_abs_or_rel,SKIP
ex26.mtx,original_lb,original_lb,load_balanced_traversal,ok,none,promoted_fallback,0.0091,0.0073,1.505495,1.000000,,595712,53456,original,original,false,0,0,true,0,exact_abs_or_rel,SKIP
ex26.mtx,auto_lossless_lb,original_lb,load_balanced_traversal,ok,none,promoted_fallback,0.0095,0.0078,1.442105,0.957895,,595712,53456,auto_lossless,original,true,27539,595712,true,0,exact_abs_or_rel,SKIP
ex26.mtx,fp16_lb,fp16_lb,controlled_lossy_value_specialized,ok,none,accuracy_pass_runtime_loss,0.0098,0.0080,1.397959,0.928571,,148928,53456,fp16,fp16,false,0,0,false,0,spmv_max_rel,SKIP
ex26.mtx,bf16_lb,bf16_lb,controlled_lossy_value_specialized,ok,none,accuracy_pass_runtime_loss,0.0091,0.0076,1.505495,1.000000,,148928,53456,bf16,bf16,false,0,0,false,0,spmv_max_rel,SKIP
ex26.mtx,bfp8_lb,bfp8_lb,controlled_lossy_value_specialized,ok,none,accuracy_pass_runtime_loss,0.0101,0.0088,1.356436,0.900990,,87828,53456,bfp8,bfp8,false,0,0,false,0,spmv_max_rel,SKIP
ex26.mtx,bfp8_outlier_lb,bfp8_outlier_lb,controlled_lossy_value_specialized,ok,none,accuracy_pass_runtime_loss,0.0114,0.0098,1.201754,0.798246,,93780,53456,bfp8_outlier,bfp8_outlier,false,0,0,false,0,spmv_max_rel,SKIP
ex26.mtx,bfp4_lb,bfp4_lb,controlled_lossy_value_specialized,ok,none,accuracy_pass_runtime_loss,0.0132,0.0122,1.037879,0.689394,,50596,53456,bfp4,bfp4,false,0,0,false,0,spmv_max_rel,SKIP
ex26.mtx,hybrid_lb,hybrid_lb,structural_hybrid,ok,none,promoted_fallback,0.0096,0.0082,1.427083,0.947917,,595712,,original,raw_double,false,,,1,0,exact_abs_or_rel,SKIP
ex26.mtx,cusparse_default,cusparse_csr,external_baseline,ok,none,external_baseline,0.0137,0.0102,1.000000,0.664234,,595712,306512,original,original,false,,,true,0,exact_abs_or_rel,SKIP
ex36.mtx,original_lb,original_lb,load_balanced_traversal,ok,none,promoted_fallback,0.0087,0.0074,1.597701,1.000000,,424792,76504,original,original,false,0,0,true,0,exact_abs_or_rel,SKIP
ex36.mtx,auto_lossless_lb,original_lb,load_balanced_traversal,ok,none,promoted_fallback,0.0098,0.0084,1.418367,0.887755,,424792,76504,auto_lossless,original,true,12024,424792,true,0,exact_abs_or_rel,SKIP
ex36.mtx,fp16_lb,fp16_lb,controlled_lossy_value_specialized,ok,none,accuracy_pass_runtime_loss,0.0088,0.0077,1.579545,0.988636,,106198,76504,fp16,fp16,false,0,0,false,0,spmv_max_rel,SKIP
ex36.mtx,bf16_lb,bf16_lb,controlled_lossy_value_specialized,ok,none,accuracy_pass_runtime_loss,0.0087,0.0082,1.597701,1.000000,,106198,76504,bf16,bf16,false,0,0,false,0,spmv_max_rel,SKIP
ex36.mtx,bfp8_lb,bfp8_lb,controlled_lossy_value_specialized,ok,none,accuracy_pass_runtime_loss,0.0110,0.0094,1.263636,0.790909,,72225,76504,bfp8,bfp8,false,0,0,false,0,spmv_max_rel,SKIP
ex36.mtx,bfp8_outlier_lb,bfp8_outlier_lb,controlled_lossy_value_specialized,ok,none,accuracy_pass_runtime_loss,0.0112,0.0102,1.241071,0.776786,,76465,76504,bfp8_outlier,bfp8_outlier,false,0,0,false,0,spmv_max_rel,SKIP
ex36.mtx,bfp4_lb,bfp4_lb,controlled_lossy_value_specialized,ok,none,accuracy_pass_runtime_loss,0.0123,0.0108,1.130081,0.707317,,45676,76504,bfp4,bfp4,false,0,0,false,0,spmv_max_rel,SKIP
ex36.mtx,hybrid_lb,hybrid_lb,structural_hybrid,ok,none,promoted_fallback,0.0086,0.0065,1.616279,1.011628,,424792,,original,raw_double,false,,,1,0,exact_abs_or_rel,SKIP
ex36.mtx,cusparse_default,cusparse_csr,external_baseline,ok,none,external_baseline,0.0139,0.0102,1.000000,0.625899,,424792,224716,original,original,false,,,true,0,exact_abs_or_rel,SKIP
ex9.mtx,original_lb,original_lb,load_balanced_traversal,ok,none,promoted_fallback,0.0080,0.0067,1.737500,1.000000,,795768,61256,original,original,false,0,0,true,0,exact_abs_or_rel,SKIP
ex9.mtx,auto_lossless_lb,original_lb,load_balanced_traversal,ok,none,promoted_fallback,0.0117,0.0106,1.188034,0.683761,,795768,61256,auto_lossless,original,true,51248,795768,true,0,exact_abs_or_rel,SKIP
ex9.mtx,fp16_lb,fp16_lb,controlled_lossy_value_specialized,ok,none,accuracy_pass_runtime_loss,0.0093,0.0076,1.494624,0.860215,,198942,61256,fp16,fp16,false,0,0,false,0,spmv_max_rel,SKIP
ex9.mtx,bf16_lb,bf16_lb,controlled_lossy_value_specialized,ok,none,accuracy_pass_runtime_loss,0.0090,0.0073,1.544444,0.888889,,198942,61256,bf16,bf16,false,0,0,false,0,spmv_max_rel,SKIP
ex9.mtx,bfp8_lb,bfp8_lb,controlled_lossy_value_specialized,ok,none,accuracy_pass_runtime_loss,0.0096,0.0077,1.447917,0.833333,,114785,61256,bfp8,bfp8,false,0,0,false,0,spmv_max_rel,SKIP
ex9.mtx,bfp8_outlier_lb,bfp8_outlier_lb,controlled_lossy_value_specialized,ok,none,accuracy_pass_runtime_loss,0.0109,0.0093,1.275229,0.733945,,122721,61256,bfp8_outlier,bfp8_outlier,false,0,0,false,0,spmv_max_rel,SKIP
ex9.mtx,bfp4_lb,bfp4_lb,controlled_lossy_value_specialized,ok,none,accuracy_pass_runtime_loss,0.0116,0.0090,1.198276,0.689655,,65050,61256,bfp4,bfp4,false,0,0,false,0,spmv_max_rel,SKIP
ex9.mtx,hybrid_lb,hybrid_lb,structural_hybrid,ok,none,promoted_fallback,0.0084,0.0065,1.654762,0.952381,,795768,,original,raw_double,false,,,1,0,exact_abs_or_rel,SKIP
ex9.mtx,cusparse_default,cusparse_csr,external_baseline,ok,none,external_baseline,0.0139,0.0102,1.000000,0.575540,,795768,411340,original,original,false,,,true,0,exact_abs_or_rel,SKIP
extr1b_A_03.mtx,original_lb,original_lb,load_balanced_traversal,ok,none,promoted_fallback,0.0065,0.0047,2.215385,1.000000,,87720,26768,original,original,false,0,0,true,0,exact_abs_or_rel,SKIP
extr1b_A_03.mtx,auto_lossless_lb,original_lb,load_balanced_traversal,ok,none,promoted_fallback,0.0070,0.0047,2.057143,0.928571,,87720,26768,auto_lossless,original,true,5522,87720,true,0,exact_abs_or_rel,SKIP
extr1b_A_03.mtx,fp16_lb,fp16_lb,controlled_lossy_value_specialized,ok,none,accuracy_pass_runtime_loss,0.0067,0.0054,2.149254,0.970149,,21930,26768,fp16,fp16,false,0,0,false,0,spmv_max_rel,SKIP
extr1b_A_03.mtx,bf16_lb,bf16_lb,controlled_lossy_value_specialized,ok,none,accuracy_pass_runtime_loss,0.0074,0.0047,1.945946,0.878378,,21930,26768,bf16,bf16,false,0,0,false,0,spmv_max_rel,SKIP
extr1b_A_03.mtx,bfp8_lb,bfp8_lb,controlled_lossy_value_specialized,ok,none,accuracy_pass_runtime_loss,0.0077,0.0070,1.870130,0.844156,,17657,26768,bfp8,bfp8,false,0,0,false,0,spmv_max_rel,SKIP
extr1b_A_03.mtx,bfp8_outlier_lb,bfp8_outlier_lb,controlled_lossy_value_specialized,ok,none,accuracy_pass_runtime_loss,0.0095,0.0084,1.515789,0.684211,,18521,26768,bfp8_outlier,bfp8_outlier,false,0,0,false,0,spmv_max_rel,SKIP
extr1b_A_03.mtx,bfp4_lb,bfp4_lb,controlled_lossy_value_specialized,ok,none,accuracy_pass_runtime_loss,0.0079,0.0067,1.822785,0.822785,,12175,26768,bfp4,bfp4,false,0,0,false,0,spmv_max_rel,SKIP
extr1b_A_03.mtx,hybrid_lb,hybrid_lb,structural_hybrid,ok,none,promoted_fallback,0.0064,0.0049,2.250000,1.015625,,87720,,original,raw_double,false,,,1,0,exact_abs_or_rel,SKIP
extr1b_A_03.mtx,cusparse_default,cusparse_csr,external_baseline,ok,none,external_baseline,0.0144,0.0123,1.000000,0.451389,,87720,55208,original,original,false,,,true,0,exact_abs_or_rel,SKIP
extr1b_A_11.mtx,original_lb,original_lb,load_balanced_traversal,ok,none,promoted_fallback,0.0061,0.0047,2.360656,1.000000,,72424,23416,original,original,false,0,0,true,0,exact_abs_or_rel,SKIP
extr1b_A_11.mtx,auto_lossless_lb,original_lb,load_balanced_traversal,ok,none,promoted_fallback,0.0055,0.0046,2.618182,1.109091,,72424,23416,auto_lossless,original,true,3704,72424,true,0,exact_abs_or_rel,SKIP
extr1b_A_11.mtx,fp16_lb,fp16_lb,controlled_lossy_value_specialized,ok,none,accuracy_pass_runtime_loss,0.0078,0.0053,1.846154,0.782051,,18106,23416,fp16,fp16,false,0,0,false,0,spmv_max_rel,SKIP
extr1b_A_11.mtx,bf16_lb,bf16_lb,controlled_lossy_value_specialized,ok,none,accuracy_pass_runtime_loss,0.0077,0.0052,1.870130,0.792208,,18106,23416,bf16,bf16,false,0,0,false,0,spmv_max_rel,SKIP
extr1b_A_11.mtx,bfp8_lb,bfp8_lb,controlled_lossy_value_specialized,ok,none,accuracy_pass_runtime_loss,0.0062,0.0056,2.322581,0.983871,,14907,23416,bfp8,bfp8,false,0,0,false,0,spmv_max_rel,SKIP
extr1b_A_11.mtx,bfp8_outlier_lb,bfp8_outlier_lb,controlled_lossy_value_specialized,ok,none,accuracy_pass_runtime_loss,0.0088,0.0072,1.636364,0.693182,,15627,23416,bfp8_outlier,bfp8_outlier,false,0,0,false,0,spmv_max_rel,SKIP
extr1b_A_11.mtx,bfp4_lb,bfp4_lb,controlled_lossy_value_specialized,ok,none,accuracy_pass_runtime_loss,0.0073,0.0065,1.972603,0.835616,,10381,23416,bfp4,bfp4,false,0,0,false,0,spmv_max_rel,SKIP
extr1b_A_11.mtx,hybrid_lb,hybrid_lb,structural_hybrid,ok,none,promoted_fallback,0.0063,0.0047,2.285714,0.968254,,72424,,original,raw_double,false,,,1,0,exact_abs_or_rel,SKIP
extr1b_A_11.mtx,cusparse_default,cusparse_csr,external_baseline,ok,none,external_baseline,0.0144,0.0123,1.000000,0.423611,,72424,47560,original,original,false,,,true,0,exact_abs_or_rel,SKIP
extr1b_A_19.mtx,original_lb,original_lb,load_balanced_traversal,ok,none,promoted_fallback,0.0078,0.0053,1.858974,1.000000,,91232,27008,original,original,false,0,0,true,0,exact_abs_or_rel,SKIP
extr1b_A_19.mtx,auto_lossless_lb,original_lb,load_balanced_traversal,ok,none,promoted_fallback,0.0079,0.0054,1.835443,0.987342,,91232,27008,auto_lossless,original,true,5872,91232,true,0,exact_abs_or_rel,SKIP
extr1b_A_19.mtx,fp16_lb,fp16_lb,controlled_lossy_value_specialized,ok,none,accuracy_pass_runtime_win,0.0073,0.0058,1.986301,1.068493,,22808,27008,fp16,fp16,false,0,0,false,0,spmv_max_rel,SKIP
extr1b_A_19.mtx,bf16_lb,bf16_lb,controlled_lossy_value_specialized,ok,none,accuracy_pass_runtime_win,0.0072,0.0052,2.013889,1.083333,,22808,27008,bf16,bf16,false,0,0,false,0,spmv_max_rel,SKIP
extr1b_A_19.mtx,bfp8_lb,bfp8_lb,controlled_lossy_value_specialized,ok,none,accuracy_pass_runtime_win,0.0071,0.0062,2.042254,1.098592,,18156,27008,bfp8,bfp8,false,0,0,false,0,spmv_max_rel,SKIP
extr1b_A_19.mtx,bfp8_outlier_lb,bfp8_outlier_lb,controlled_lossy_value_specialized,ok,none,accuracy_pass_runtime_loss,0.0095,0.0085,1.526316,0.821053,,19068,27008,bfp8_outlier,bfp8_outlier,false,0,0,false,0,spmv_max_rel,SKIP
extr1b_A_19.mtx,bfp4_lb,bfp4_lb,controlled_lossy_value_specialized,ok,none,accuracy_pass_runtime_loss,0.0088,0.0070,1.647727,0.886364,,12454,27008,bfp4,bfp4,false,0,0,false,0,spmv_max_rel,SKIP
extr1b_A_19.mtx,hybrid_lb,hybrid_lb,structural_hybrid,ok,none,promoted_fallback,0.0075,0.0051,1.933333,1.040000,,91232,,original,raw_double,false,,,1,0,exact_abs_or_rel,SKIP
extr1b_A_19.mtx,cusparse_default,cusparse_csr,external_baseline,ok,none,external_baseline,0.0145,0.0123,1.000000,0.537931,,91232,56964,original,original,false,,,true,0,exact_abs_or_rel,SKIP
extr1b_A_27.mtx,original_lb,original_lb,load_balanced_traversal,ok,none,promoted_fallback,0.0067,0.0052,2.164179,1.000000,,72424,23416,original,original,false,0,0,true,0,exact_abs_or_rel,SKIP
extr1b_A_27.mtx,auto_lossless_lb,original_lb,load_balanced_traversal,ok,none,promoted_fallback,0.0063,0.0047,2.301587,1.063492,,72424,23416,auto_lossless,original,true,3708,72424,true,0,exact_abs_or_rel,SKIP
extr1b_A_27.mtx,fp16_lb,fp16_lb,controlled_lossy_value_specialized,ok,none,accuracy_pass_runtime_loss,0.0079,0.0070,1.835443,0.848101,,18106,23416,fp16,fp16,false,0,0,false,0,spmv_max_rel,SKIP
extr1b_A_27.mtx,bf16_lb,bf16_lb,controlled_lossy_value_specialized,ok,none,accuracy_pass_runtime_loss,0.0076,0.0060,1.907895,0.881579,,18106,23416,bf16,bf16,false,0,0,false,0,spmv_max_rel,SKIP
extr1b_A_27.mtx,bfp8_lb,bfp8_lb,controlled_lossy_value_specialized,ok,none,accuracy_pass_runtime_loss,0.0068,0.0052,2.132353,0.985294,,14907,23416,bfp8,bfp8,false,0,0,false,0,spmv_max_rel,SKIP
extr1b_A_27.mtx,bfp8_outlier_lb,bfp8_outlier_lb,controlled_lossy_value_specialized,ok,none,accuracy_pass_runtime_loss,0.0092,0.0072,1.576087,0.728261,,15627,23416,bfp8_outlier,bfp8_outlier,false,0,0,false,0,spmv_max_rel,SKIP
extr1b_A_27.mtx,bfp4_lb,bfp4_lb,controlled_lossy_value_specialized,ok,none,accuracy_pass_runtime_loss,0.0076,0.0069,1.907895,0.881579,,10381,23416,bfp4,bfp4,false,0,0,false,0,spmv_max_rel,SKIP
extr1b_A_27.mtx,hybrid_lb,hybrid_lb,structural_hybrid,ok,none,promoted_fallback,0.0071,0.0060,2.042254,0.943662,,72424,,original,raw_double,false,,,1,0,exact_abs_or_rel,SKIP
extr1b_A_27.mtx,cusparse_default,cusparse_csr,external_baseline,ok,none,external_baseline,0.0145,0.0123,1.000000,0.462069,,72424,47560,original,original,false,,,true,0,exact_abs_or_rel,SKIP
extr1b_A_35.mtx,original_lb,original_lb,load_balanced_traversal,ok,none,promoted_fallback,0.0071,0.0054,2.098592,1.000000,,72424,23416,original,original,false,0,0,true,0,exact_abs_or_rel,SKIP
extr1b_A_35.mtx,auto_lossless_lb,original_lb,load_balanced_traversal,ok,none,promoted_fallback,0.0064,0.0050,2.328125,1.109375,,72424,23416,auto_lossless,original,true,3709,72424,true,0,exact_abs_or_rel,SKIP
extr1b_A_35.mtx,fp16_lb,fp16_lb,controlled_lossy_value_specialized,ok,none,accuracy_pass_runtime_loss,0.0075,0.0051,1.986667,0.946667,,18106,23416,fp16,fp16,false,0,0,false,0,spmv_max_rel,SKIP
extr1b_A_35.mtx,bf16_lb,bf16_lb,controlled_lossy_value_specialized,ok,none,accuracy_pass_runtime_loss,0.0077,0.0059,1.935065,0.922078,,18106,23416,bf16,bf16,false,0,0,false,0,spmv_max_rel,SKIP
extr1b_A_35.mtx,bfp8_lb,bfp8_lb,controlled_lossy_value_specialized,ok,none,accuracy_pass_runtime_loss,0.0076,0.0063,1.960526,0.934211,,14907,23416,bfp8,bfp8,false,0,0,false,0,spmv_max_rel,SKIP
extr1b_A_35.mtx,bfp8_outlier_lb,bfp8_outlier_lb,controlled_lossy_value_specialized,ok,none,accuracy_pass_runtime_loss,0.0100,0.0080,1.490000,0.710000,,15627,23416,bfp8_outlier,bfp8_outlier,false,0,0,false,0,spmv_max_rel,SKIP
extr1b_A_35.mtx,bfp4_lb,bfp4_lb,controlled_lossy_value_specialized,ok,none,accuracy_pass_runtime_loss,0.0083,0.0069,1.795181,0.855422,,10381,23416,bfp4,bfp4,false,0,0,false,0,spmv_max_rel,SKIP
extr1b_A_35.mtx,hybrid_lb,hybrid_lb,structural_hybrid,ok,none,promoted_fallback,0.0073,0.0056,2.041096,0.972603,,72424,,original,raw_double,false,,,1,0,exact_abs_or_rel,SKIP
extr1b_A_35.mtx,cusparse_default,cusparse_csr,external_baseline,ok,none,external_baseline,0.0149,0.0123,1.000000,0.476510,,72424,47560,original,original,false,,,true,0,exact_abs_or_rel,SKIP
extr1b_A_43.mtx,original_lb,original_lb,load_balanced_traversal,ok,none,promoted_fallback,0.0074,0.0062,2.000000,1.000000,,72424,23416,original,original,false,0,0,true,0,exact_abs_or_rel,SKIP
extr1b_A_43.mtx,auto_lossless_lb,original_lb,load_balanced_traversal,ok,none,promoted_fallback,0.0070,0.0061,2.114286,1.057143,,72424,23416,auto_lossless,original,true,3708,72424,true,0,exact_abs_or_rel,SKIP
extr1b_A_43.mtx,fp16_lb,fp16_lb,controlled_lossy_value_specialized,ok,none,accuracy_pass_runtime_loss,0.0076,0.0051,1.947368,0.973684,,18106,23416,fp16,fp16,false,0,0,false,0,spmv_max_rel,SKIP
extr1b_A_43.mtx,bf16_lb,bf16_lb,controlled_lossy_value_specialized,ok,none,accuracy_pass_runtime_loss,0.0078,0.0067,1.897436,0.948718,,18106,23416,bf16,bf16,false,0,0,false,0,spmv_max_rel,SKIP
extr1b_A_43.mtx,bfp8_lb,bfp8_lb,controlled_lossy_value_specialized,ok,none,accuracy_pass_runtime_win,0.0062,0.0053,2.387097,1.193548,,14907,23416,bfp8,bfp8,false,0,0,false,0,spmv_max_rel,SKIP
extr1b_A_43.mtx,bfp8_outlier_lb,bfp8_outlier_lb,controlled_lossy_value_specialized,ok,none,accuracy_pass_runtime_loss,0.0086,0.0071,1.720930,0.860465,,15627,23416,bfp8_outlier,bfp8_outlier,false,0,0,false,0,spmv_max_rel,SKIP
extr1b_A_43.mtx,bfp4_lb,bfp4_lb,controlled_lossy_value_specialized,ok,none,accuracy_pass_runtime_win,0.0070,0.0064,2.114286,1.057143,,10381,23416,bfp4,bfp4,false,0,0,false,0,spmv_max_rel,SKIP
extr1b_A_43.mtx,hybrid_lb,hybrid_lb,structural_hybrid,ok,none,promoted_fallback,0.0065,0.0051,2.276923,1.138462,,72424,,original,raw_double,false,,,1,0,exact_abs_or_rel,SKIP
extr1b_A_43.mtx,cusparse_default,cusparse_csr,external_baseline,ok,none,external_baseline,0.0148,0.0123,1.000000,0.500000,,72424,47560,original,original,false,,,true,0,exact_abs_or_rel,SKIP
extr1b_Zeros_06.mtx,original_lb,original_lb,load_balanced_traversal,ok,none,promoted_fallback,0.0056,0.0046,2.482143,1.000000,,3504,1672,original,original,false,0,0,true,0,exact_abs_or_rel,SKIP
extr1b_Zeros_06.mtx,auto_lossless_lb,all_one_lb,lossless_value_specialized,ok,none,accuracy_pass_runtime_win,0.0055,0.0044,2.527273,1.018182,,0,1672,auto_lossless,all_one,true,1,0,true,0,exact_abs_or_rel,SKIP
extr1b_Zeros_06.mtx,fp16_lb,fp16_lb,controlled_lossy_value_specialized,ok,none,accuracy_pass_runtime_loss,0.0063,0.0052,2.206349,0.888889,,876,1672,fp16,fp16,false,0,0,false,0,spmv_max_rel,SKIP
extr1b_Zeros_06.mtx,bf16_lb,bf16_lb,controlled_lossy_value_specialized,ok,none,accuracy_pass_runtime_loss,0.0060,0.0049,2.316667,0.933333,,876,1672,bf16,bf16,false,0,0,false,0,spmv_max_rel,SKIP
extr1b_Zeros_06.mtx,bfp8_lb,bfp8_lb,controlled_lossy_value_specialized,ok,none,accuracy_pass_runtime_win,0.0050,0.0046,2.780000,1.120000,,856,1672,bfp8,bfp8,false,0,0,false,0,spmv_max_rel,SKIP
extr1b_Zeros_06.mtx,bfp8_outlier_lb,bfp8_outlier_lb,controlled_lossy_value_specialized,ok,none,accuracy_pass_runtime_win,0.0055,0.0044,2.527273,1.018182,,856,1672,bfp8_outlier,bfp8_outlier,false,0,0,false,0,spmv_max_rel,SKIP
extr1b_Zeros_06.mtx,bfp4_lb,bfp4_lb,controlled_lossy_value_specialized,ok,none,accuracy_pass_runtime_win,0.0053,0.0043,2.622642,1.056604,,637,1672,bfp4,bfp4,false,0,0,false,0,spmv_max_rel,SKIP
extr1b_Zeros_06.mtx,hybrid_lb,hybrid_lb,structural_hybrid,ok,none,promoted_fallback,0.0057,0.0041,2.438596,0.982456,,3504,,original,raw_double,false,,,1,0,exact_abs_or_rel,SKIP
extr1b_Zeros_06.mtx,cusparse_default,cusparse_csr,external_baseline,ok,none,external_baseline,0.0139,0.0103,1.000000,0.402878,,3504,13100,original,original,false,,,true,0,exact_abs_or_rel,SKIP
extr1b_Zeros_14.mtx,original_lb,original_lb,load_balanced_traversal,ok,none,promoted_fallback,0.0058,0.0047,2.482759,1.000000,,1400,816,original,original,false,0,0,true,0,exact_abs_or_rel,SKIP
extr1b_Zeros_14.mtx,auto_lossless_lb,all_one_lb,lossless_value_specialized,ok,none,accuracy_pass_runtime_win,0.0053,0.0038,2.716981,1.094340,,0,816,auto_lossless,all_one,true,1,0,true,0,exact_abs_or_rel,SKIP
extr1b_Zeros_14.mtx,fp16_lb,fp16_lb,controlled_lossy_value_specialized,ok,none,accuracy_pass_runtime_win,0.0054,0.0042,2.666667,1.074074,,350,816,fp16,fp16,false,0,0,false,0,spmv_max_rel,SKIP
extr1b_Zeros_14.mtx,bf16_lb,bf16_lb,controlled_lossy_value_specialized,ok,none,accuracy_pass_runtime_win,0.0054,0.0044,2.666667,1.074074,,350,816,bf16,bf16,false,0,0,false,0,spmv_max_rel,SKIP
extr1b_Zeros_14.mtx,bfp8_lb,bfp8_lb,controlled_lossy_value_specialized,ok,none,accuracy_pass_runtime_win,0.0051,0.0044,2.823529,1.137255,,379,816,bfp8,bfp8,false,0,0,false,0,spmv_max_rel,SKIP
extr1b_Zeros_14.mtx,bfp8_outlier_lb,bfp8_outlier_lb,controlled_lossy_value_specialized,ok,none,accuracy_pass_runtime_win,0.0055,0.0044,2.618182,1.054545,,379,816,bfp8_outlier,bfp8_outlier,false,0,0,false,0,spmv_max_rel,SKIP
extr1b_Zeros_14.mtx,bfp4_lb,bfp4_lb,controlled_lossy_value_specialized,ok,none,accuracy_pass_runtime_win,0.0052,0.0042,2.769231,1.115385,,292,816,bfp4,bfp4,false,0,0,false,0,spmv_max_rel,SKIP
extr1b_Zeros_14.mtx,hybrid_lb,hybrid_lb,structural_hybrid,ok,none,promoted_fallback,0.0058,0.0050,2.482759,1.000000,,1400,,original,raw_double,false,,,1,0,exact_abs_or_rel,SKIP
extr1b_Zeros_14.mtx,cusparse_default,cusparse_csr,external_baseline,ok,none,external_baseline,0.0144,0.0102,1.000000,0.402778,,1400,12048,original,original,false,,,true,0,exact_abs_or_rel,SKIP
extr1b_Zeros_22.mtx,original_lb,original_lb,load_balanced_traversal,ok,none,promoted_fallback,0.0059,0.0051,2.237288,1.000000,,1392,808,original,original,false,0,0,true,0,exact_abs_or_rel,SKIP
extr1b_Zeros_22.mtx,auto_lossless_lb,all_one_lb,lossless_value_specialized,ok,none,accuracy_pass_runtime_win,0.0053,0.0043,2.490566,1.113208,,0,808,auto_lossless,all_one,true,1,0,true,0,exact_abs_or_rel,SKIP
extr1b_Zeros_22.mtx,fp16_lb,fp16_lb,controlled_lossy_value_specialized,ok,none,accuracy_pass_runtime_win,0.0050,0.0040,2.640000,1.180000,,348,808,fp16,fp16,false,0,0,false,0,spmv_max_rel,SKIP
extr1b_Zeros_22.mtx,bf16_lb,bf16_lb,controlled_lossy_value_specialized,ok,none,accuracy_pass_runtime_win,0.0051,0.0039,2.588235,1.156863,,348,808,bf16,bf16,false,0,0,false,0,spmv_max_rel,SKIP
extr1b_Zeros_22.mtx,bfp8_lb,bfp8_lb,controlled_lossy_value_specialized,ok,none,accuracy_pass_runtime_win,0.0052,0.0045,2.538462,1.134615,,376,808,bfp8,bfp8,false,0,0,false,0,spmv_max_rel,SKIP
extr1b_Zeros_22.mtx,bfp8_outlier_lb,bfp8_outlier_lb,controlled_lossy_value_specialized,ok,none,accuracy_pass_runtime_win,0.0051,0.0039,2.588235,1.156863,,376,808,bfp8_outlier,bfp8_outlier,false,0,0,false,0,spmv_max_rel,SKIP
extr1b_Zeros_22.mtx,bfp4_lb,bfp4_lb,controlled_lossy_value_specialized,ok,none,accuracy_pass_runtime_win,0.0049,0.0035,2.693878,1.204082,,289,808,bfp4,bfp4,false,0,0,false,0,spmv_max_rel,SKIP
extr1b_Zeros_22.mtx,hybrid_lb,hybrid_lb,structural_hybrid,ok,none,promoted_fallback,0.0062,0.0046,2.129032,0.951613,,1392,,original,raw_double,false,,,1,0,exact_abs_or_rel,SKIP
extr1b_Zeros_22.mtx,cusparse_default,cusparse_csr,external_baseline,ok,none,external_baseline,0.0132,0.0102,1.000000,0.446970,,1392,12044,original,original,false,,,true,0,exact_abs_or_rel,SKIP
extr1b_Zeros_30.mtx,original_lb,original_lb,load_balanced_traversal,ok,none,promoted_fallback,0.0060,0.0050,2.400000,1.000000,,1392,808,original,original,false,0,0,true,0,exact_abs_or_rel,SKIP
extr1b_Zeros_30.mtx,auto_lossless_lb,all_one_lb,lossless_value_specialized,ok,none,accuracy_pass_runtime_win,0.0049,0.0041,2.938776,1.224490,,0,808,auto_lossless,all_one,true,1,0,true,0,exact_abs_or_rel,SKIP
extr1b_Zeros_30.mtx,fp16_lb,fp16_lb,controlled_lossy_value_specialized,ok,none,accuracy_pass_runtime_win,0.0053,0.0045,2.716981,1.132075,,348,808,fp16,fp16,false,0,0,false,0,spmv_max_rel,SKIP
extr1b_Zeros_30.mtx,bf16_lb,bf16_lb,controlled_lossy_value_specialized,ok,none,accuracy_pass_runtime_win,0.0055,0.0044,2.618182,1.090909,,348,808,bf16,bf16,false,0,0,false,0,spmv_max_rel,SKIP
extr1b_Zeros_30.mtx,bfp8_lb,bfp8_lb,controlled_lossy_value_specialized,ok,none,accuracy_pass_runtime_win,0.0053,0.0044,2.716981,1.132075,,376,808,bfp8,bfp8,false,0,0,false,0,spmv_max_rel,SKIP
extr1b_Zeros_30.mtx,bfp8_outlier_lb,bfp8_outlier_lb,controlled_lossy_value_specialized,ok,none,accuracy_pass_runtime_win,0.0052,0.0043,2.769231,1.153846,,376,808,bfp8_outlier,bfp8_outlier,false,0,0,false,0,spmv_max_rel,SKIP
extr1b_Zeros_30.mtx,bfp4_lb,bfp4_lb,controlled_lossy_value_specialized,ok,none,accuracy_pass_runtime_win,0.0047,0.0043,3.063830,1.276596,,289,808,bfp4,bfp4,false,0,0,false,0,spmv_max_rel,SKIP
extr1b_Zeros_30.mtx,hybrid_lb,hybrid_lb,structural_hybrid,ok,none,promoted_fallback,0.0057,0.0045,2.526316,1.052632,,1392,,original,raw_double,false,,,1,0,exact_abs_or_rel,SKIP
extr1b_Zeros_30.mtx,cusparse_default,cusparse_csr,external_baseline,ok,none,external_baseline,0.0144,0.0119,1.000000,0.416667,,1392,12044,original,original,false,,,true,0,exact_abs_or_rel,SKIP
extr1b_Zeros_38.mtx,original_lb,original_lb,load_balanced_traversal,ok,none,promoted_fallback,0.0060,0.0050,2.666667,1.000000,,1392,808,original,original,false,0,0,true,0,exact_abs_or_rel,SKIP
extr1b_Zeros_38.mtx,auto_lossless_lb,all_one_lb,lossless_value_specialized,ok,none,accuracy_pass_runtime_win,0.0054,0.0038,2.962963,1.111111,,0,808,auto_lossless,all_one,true,1,0,true,0,exact_abs_or_rel,SKIP
extr1b_Zeros_38.mtx,fp16_lb,fp16_lb,controlled_lossy_value_specialized,ok,none,accuracy_pass_runtime_win,0.0053,0.0043,3.018868,1.132075,,348,808,fp16,fp16,false,0,0,false,0,spmv_max_rel,SKIP
extr1b_Zeros_38.mtx,bf16_lb,bf16_lb,controlled_lossy_value_specialized,ok,none,accuracy_pass_runtime_win,0.0049,0.0038,3.265306,1.224490,,348,808,bf16,bf16,false,0,0,false,0,spmv_max_rel,SKIP
extr1b_Zeros_38.mtx,bfp8_lb,bfp8_lb,controlled_lossy_value_specialized,ok,none,accuracy_pass_runtime_win,0.0056,0.0046,2.857143,1.071429,,376,808,bfp8,bfp8,false,0,0,false,0,spmv_max_rel,SKIP
extr1b_Zeros_38.mtx,bfp8_outlier_lb,bfp8_outlier_lb,controlled_lossy_value_specialized,ok,none,accuracy_pass_runtime_win,0.0052,0.0043,3.076923,1.153846,,376,808,bfp8_outlier,bfp8_outlier,false,0,0,false,0,spmv_max_rel,SKIP
extr1b_Zeros_38.mtx,bfp4_lb,bfp4_lb,controlled_lossy_value_specialized,ok,none,accuracy_pass_runtime_win,0.0050,0.0044,3.200000,1.200000,,289,808,bfp4,bfp4,false,0,0,false,0,spmv_max_rel,SKIP
extr1b_Zeros_38.mtx,hybrid_lb,hybrid_lb,structural_hybrid,ok,none,promoted_fallback,0.0059,0.0048,2.711864,1.016949,,1392,,original,raw_double,false,,,1,0,exact_abs_or_rel,SKIP
extr1b_Zeros_38.mtx,cusparse_default,cusparse_csr,external_baseline,ok,none,external_baseline,0.0160,0.0123,1.000000,0.375000,,1392,12044,original,original,false,,,true,0,exact_abs_or_rel,SKIP
filter2D_E.mtx,original_lb,original_lb,load_balanced_traversal,ok,none,promoted_fallback,0.0069,0.0060,2.246377,1.000000,,13344,3336,original,original,false,0,0,true,0,exact_abs_or_rel,SKIP
filter2D_E.mtx,auto_lossless_lb,original_lb,load_balanced_traversal,ok,none,promoted_fallback,0.0051,0.0036,3.039216,1.352941,,13344,3336,auto_lossless,original,true,1506,13344,true,0,exact_abs_or_rel,SKIP
filter2D_E.mtx,fp16_lb,fp16_lb,controlled_lossy_value_specialized,ok,none,accuracy_pass_runtime_win,0.0057,0.0050,2.719298,1.210526,,3336,3336,fp16,fp16,false,0,0,false,0,spmv_max_rel,SKIP
filter2D_E.mtx,bf16_lb,bf16_lb,controlled_lossy_value_specialized,ok,none,accuracy_pass_runtime_win,0.0066,0.0054,2.348485,1.045455,,3336,3336,bf16,bf16,false,0,0,false,0,spmv_max_rel,SKIP
filter2D_E.mtx,bfp8_lb,bfp8_lb,controlled_lossy_value_specialized,ok,none,accuracy_pass_runtime_win,0.0059,0.0050,2.627119,1.169492,,2502,3336,bfp8,bfp8,false,0,0,false,0,spmv_max_rel,SKIP
filter2D_E.mtx,bfp8_outlier_lb,bfp8_outlier_lb,controlled_lossy_value_specialized,ok,none,accuracy_pass_runtime_loss,0.0091,0.0077,1.703297,0.758242,,2630,3336,bfp8_outlier,bfp8_outlier,false,0,0,false,0,spmv_max_rel,SKIP
filter2D_E.mtx,bfp4_lb,bfp4_lb,controlled_lossy_value_specialized,ok,none,accuracy_pass_runtime_loss,0.0070,0.0058,2.214286,0.985714,,1668,3336,bfp4,bfp4,false,0,0,false,0,spmv_max_rel,SKIP
filter2D_E.mtx,hybrid_lb,hybrid_lb,structural_hybrid,ok,none,promoted_fallback,0.0072,0.0052,2.152778,0.958333,,13344,,original,raw_double,false,,,1,0,exact_abs_or_rel,SKIP
filter2D_E.mtx,cusparse_default,cusparse_csr,external_baseline,ok,none,external_baseline,0.0155,0.0123,1.000000,0.445161,,13344,13348,original,original,false,,,true,0,exact_abs_or_rel,SKIP
flower_5_1.mtx,original_lb,original_lb,load_balanced_traversal,ok,none,promoted_fallback,0.0073,0.0059,1.643836,1.000000,,4816,3120,original,original,false,0,0,true,0,exact_abs_or_rel,SKIP
flower_5_1.mtx,auto_lossless_lb,all_one_lb,lossless_value_specialized,ok,none,accuracy_pass_runtime_loss,0.0075,0.0057,1.600000,0.973333,,0,3120,auto_lossless,all_one,true,1,0,true,0,exact_abs_or_rel,SKIP
flower_5_1.mtx,fp16_lb,fp16_lb,controlled_lossy_value_specialized,ok,none,accuracy_pass_runtime_loss,0.0077,0.0070,1.558442,0.948052,,1204,3120,fp16,fp16,false,0,0,false,0,spmv_max_rel,SKIP
flower_5_1.mtx,bf16_lb,bf16_lb,controlled_lossy_value_specialized,ok,none,accuracy_pass_runtime_loss,0.0101,0.0085,1.188119,0.722772,,1204,3120,bf16,bf16,false,0,0,false,0,spmv_max_rel,SKIP
flower_5_1.mtx,bfp8_lb,bfp8_lb,controlled_lossy_value_specialized,ok,none,accuracy_pass_runtime_loss,0.0078,0.0063,1.538462,0.935897,,1382,3120,bfp8,bfp8,false,0,0,false,0,spmv_max_rel,SKIP
flower_5_1.mtx,bfp8_outlier_lb,bfp8_outlier_lb,controlled_lossy_value_specialized,ok,none,accuracy_pass_runtime_loss,0.0074,0.0062,1.621622,0.986486,,1382,3120,bfp8_outlier,bfp8_outlier,false,0,0,false,0,spmv_max_rel,SKIP
flower_5_1.mtx,bfp4_lb,bfp4_lb,controlled_lossy_value_specialized,ok,none,accuracy_pass_runtime_loss,0.0088,0.0072,1.363636,0.829545,,1081,3120,bfp4,bfp4,false,0,0,false,0,spmv_max_rel,SKIP
flower_5_1.mtx,hybrid_lb,hybrid_lb,structural_hybrid,ok,none,promoted_fallback,0.0056,0.0044,2.142857,1.303571,,4816,,original,raw_double,false,,,1,0,exact_abs_or_rel,SKIP
flower_5_1.mtx,cusparse_default,cusparse_csr,external_baseline,ok,none,external_baseline,0.0120,0.0102,1.000000,0.608333,,4816,3256,original,original,false,,,true,0,exact_abs_or_rel,SKIP
flowmeter5_E.mtx,original_lb,original_lb,load_balanced_traversal,ok,none,promoted_fallback,0.0060,0.0046,2.750000,1.000000,,77352,19344,original,original,false,0,0,true,0,exact_abs_or_rel,SKIP
flowmeter5_E.mtx,auto_lossless_lb,original_lb,load_balanced_traversal,ok,none,promoted_fallback,0.0055,0.0045,3.000000,1.090909,,77352,19344,auto_lossless,original,true,6423,77352,true,0,exact_abs_or_rel,SKIP
flowmeter5_E.mtx,fp16_lb,fp16_lb,controlled_lossy_value_specialized,ok,none,accuracy_pass_runtime_loss,0.0062,0.0053,2.661290,0.967742,,19338,19344,fp16,fp16,false,0,0,false,0,spmv_max_rel,SKIP
flowmeter5_E.mtx,bf16_lb,bf16_lb,controlled_lossy_value_specialized,ok,none,accuracy_pass_runtime_win,0.0057,0.0048,2.894737,1.052632,,19338,19344,bf16,bf16,false,0,0,false,0,spmv_max_rel,SKIP
flowmeter5_E.mtx,bfp8_lb,bfp8_lb,controlled_lossy_value_specialized,ok,none,accuracy_pass_runtime_win,0.0059,0.0050,2.796610,1.016949,,14505,19344,bfp8,bfp8,false,0,0,false,0,spmv_max_rel,SKIP
flowmeter5_E.mtx,bfp8_outlier_lb,bfp8_outlier_lb,controlled_lossy_value_specialized,ok,none,accuracy_pass_runtime_loss,0.0079,0.0067,2.088608,0.759494,,15273,19344,bfp8_outlier,bfp8_outlier,false,0,0,false,0,spmv_max_rel,SKIP
flowmeter5_E.mtx,bfp4_lb,bfp4_lb,controlled_lossy_value_specialized,ok,none,accuracy_pass_runtime_loss,0.0068,0.0057,2.426471,0.882353,,9671,19344,bfp4,bfp4,false,0,0,false,0,spmv_max_rel,SKIP
flowmeter5_E.mtx,hybrid_lb,hybrid_lb,structural_hybrid,ok,none,promoted_fallback,0.0056,0.0043,2.946429,1.071429,,77352,,original,raw_double,false,,,1,0,exact_abs_or_rel,SKIP
flowmeter5_E.mtx,cusparse_default,cusparse_csr,external_baseline,ok,none,external_baseline,0.0165,0.0143,1.000000,0.363636,,77352,77356,original,original,false,,,true,0,exact_abs_or_rel,SKIP
fpga_dcop_05.mtx,original_lb,original_lb,load_balanced_traversal,ok,none,promoted_fallback,0.0092,0.0079,1.608696,1.000000,,46816,14608,original,original,false,0,0,true,0,exact_abs_or_rel,SKIP
fpga_dcop_05.mtx,auto_lossless_lb,original_lb,load_balanced_traversal,ok,none,promoted_fallback,0.0098,0.0071,1.510204,0.938776,,46816,14608,auto_lossless,original,true,3330,46816,true,0,exact_abs_or_rel,SKIP
fpga_dcop_05.mtx,fp16_lb,fp16_lb,controlled_lossy_value_specialized,ok,none,accuracy_pass_runtime_loss,0.0100,0.0091,1.480000,0.920000,,11704,14608,fp16,fp16,false,0,0,false,0,spmv_max_rel,SKIP
fpga_dcop_05.mtx,bf16_lb,bf16_lb,controlled_lossy_value_specialized,ok,none,accuracy_pass_runtime_loss,0.0100,0.0091,1.480000,0.920000,,11704,14608,bf16,bf16,false,0,0,false,0,spmv_max_rel,SKIP
fpga_dcop_05.mtx,bfp8_lb,bfp8_lb,controlled_lossy_value_specialized,ok,none,accuracy_pass_runtime_loss,0.0097,0.0083,1.525773,0.948454,,9504,14608,bfp8,bfp8,false,0,0,false,0,spmv_max_rel,SKIP
fpga_dcop_05.mtx,bfp8_outlier_lb,bfp8_outlier_lb,controlled_lossy_value_specialized,ok,none,accuracy_pass_runtime_loss,0.0120,0.0104,1.233333,0.766667,,9856,14608,bfp8_outlier,bfp8_outlier,false,0,0,false,0,spmv_max_rel,SKIP
fpga_dcop_05.mtx,bfp4_lb,bfp4_lb,controlled_lossy_value_specialized,ok,none,accuracy_pass_runtime_loss,0.0140,0.0130,1.057143,0.657143,,6578,14608,bfp4,bfp4,false,0,0,false,0,spmv_max_rel,SKIP
fpga_dcop_05.mtx,hybrid_lb,hybrid_lb,structural_hybrid,ok,none,promoted_fallback,0.0069,0.0055,2.144928,1.333333,,46816,,original,raw_double,false,,,1,0,exact_abs_or_rel,SKIP
fpga_dcop_05.mtx,cusparse_default,cusparse_csr,external_baseline,ok,none,external_baseline,0.0148,0.0123,1.000000,0.621622,,46816,28292,original,original,false,,,true,0,exact_abs_or_rel,SKIP
fpga_dcop_13.mtx,original_lb,original_lb,load_balanced_traversal,ok,none,promoted_fallback,0.0095,0.0073,1.726316,1.000000,,47136,14648,original,original,false,0,0,true,0,exact_abs_or_rel,SKIP
fpga_dcop_13.mtx,auto_lossless_lb,original_lb,load_balanced_traversal,ok,none,promoted_fallback,0.0088,0.0070,1.863636,1.079545,,47136,14648,auto_lossless,original,true,3461,47136,true,0,exact_abs_or_rel,SKIP
fpga_dcop_13.mtx,fp16_lb,fp16_lb,controlled_lossy_value_specialized,ok,none,accuracy_pass_runtime_win,0.0093,0.0088,1.763441,1.021505,,11784,14648,fp16,fp16,false,0,0,false,0,spmv_max_rel,SKIP
fpga_dcop_13.mtx,bf16_lb,bf16_lb,controlled_lossy_value_specialized,ok,none,accuracy_pass_runtime_loss,0.0098,0.0089,1.673469,0.969388,,11784,14648,bf16,bf16,false,0,0,false,0,spmv_max_rel,SKIP
fpga_dcop_13.mtx,bfp8_lb,bfp8_lb,controlled_lossy_value_specialized,ok,none,accuracy_pass_runtime_win,0.0093,0.0084,1.763441,1.021505,,9554,14648,bfp8,bfp8,false,0,0,false,0,spmv_max_rel,SKIP
fpga_dcop_13.mtx,bfp8_outlier_lb,bfp8_outlier_lb,controlled_lossy_value_specialized,ok,none,accuracy_pass_runtime_loss,0.0123,0.0103,1.333333,0.772358,,9890,14648,bfp8_outlier,bfp8_outlier,false,0,0,false,0,spmv_max_rel,SKIP
fpga_dcop_13.mtx,bfp4_lb,bfp4_lb,controlled_lossy_value_specialized,ok,none,accuracy_pass_runtime_loss,0.0150,0.0129,1.093333,0.633333,,6608,14648,bfp4,bfp4,false,0,0,false,0,spmv_max_rel,SKIP
fpga_dcop_13.mtx,hybrid_lb,hybrid_lb,structural_hybrid,ok,none,promoted_fallback,0.0077,0.0062,2.129870,1.233766,,47136,,original,raw_double,false,,,1,0,exact_abs_or_rel,SKIP
fpga_dcop_13.mtx,cusparse_default,cusparse_csr,external_baseline,ok,none,external_baseline,0.0164,0.0143,1.000000,0.579268,,47136,28452,original,original,false,,,true,0,exact_abs_or_rel,SKIP
fpga_dcop_21.mtx,original_lb,original_lb,load_balanced_traversal,ok,none,promoted_fallback,0.0093,0.0077,1.516129,1.000000,,47136,14648,original,original,false,0,0,true,0,exact_abs_or_rel,SKIP
fpga_dcop_21.mtx,auto_lossless_lb,original_lb,load_balanced_traversal,ok,none,promoted_fallback,0.0089,0.0073,1.584270,1.044944,,47136,14648,auto_lossless,original,true,3102,47136,true,0,exact_abs_or_rel,SKIP
fpga_dcop_21.mtx,fp16_lb,fp16_lb,controlled_lossy_value_specialized,ok,none,accuracy_pass_runtime_loss,0.0103,0.0090,1.368932,0.902913,,11784,14648,fp16,fp16,false,0,0,false,0,spmv_max_rel,SKIP
fpga_dcop_21.mtx,bf16_lb,bf16_lb,controlled_lossy_value_specialized,ok,none,accuracy_pass_runtime_loss,0.0098,0.0089,1.438776,0.948980,,11784,14648,bf16,bf16,false,0,0,false,0,spmv_max_rel,SKIP
fpga_dcop_21.mtx,bfp8_lb,bfp8_lb,controlled_lossy_value_specialized,ok,none,accuracy_pass_runtime_loss,0.0093,0.0083,1.516129,1.000000,,9554,14648,bfp8,bfp8,false,0,0,false,0,spmv_max_rel,SKIP
fpga_dcop_21.mtx,bfp8_outlier_lb,bfp8_outlier_lb,controlled_lossy_value_specialized,ok,none,accuracy_pass_runtime_loss,0.0116,0.0100,1.215517,0.801724,,9810,14648,bfp8_outlier,bfp8_outlier,false,0,0,false,0,spmv_max_rel,SKIP
fpga_dcop_21.mtx,bfp4_lb,bfp4_lb,controlled_lossy_value_specialized,ok,none,accuracy_pass_runtime_loss,0.0152,0.0131,0.927632,0.611842,,6608,14648,bfp4,bfp4,false,0,0,false,0,spmv_max_rel,SKIP
fpga_dcop_21.mtx,hybrid_lb,hybrid_lb,structural_hybrid,ok,none,promoted_fallback,0.0075,0.0057,1.880000,1.240000,,47136,,original,raw_double,false,,,1,0,exact_abs_or_rel,SKIP
fpga_dcop_21.mtx,cusparse_default,cusparse_csr,external_baseline,ok,none,external_baseline,0.0141,0.0123,1.000000,0.659574,,47136,28452,original,original,false,,,true,0,exact_abs_or_rel,SKIP
fpga_dcop_29.mtx,original_lb,original_lb,load_balanced_traversal,ok,none,promoted_fallback,0.0090,0.0071,1.622222,1.000000,,47136,14648,original,original,false,0,0,true,0,exact_abs_or_rel,SKIP
fpga_dcop_29.mtx,auto_lossless_lb,original_lb,load_balanced_traversal,ok,none,promoted_fallback,0.0089,0.0071,1.640449,1.011236,,47136,14648,auto_lossless,original,true,2758,47136,true,0,exact_abs_or_rel,SKIP
fpga_dcop_29.mtx,fp16_lb,fp16_lb,controlled_lossy_value_specialized,ok,none,accuracy_pass_runtime_loss,0.0097,0.0080,1.505155,0.927835,,11784,14648,fp16,fp16,false,0,0,false,0,spmv_max_rel,SKIP
fpga_dcop_29.mtx,bf16_lb,bf16_lb,controlled_lossy_value_specialized,ok,none,accuracy_pass_runtime_loss,0.0097,0.0088,1.505155,0.927835,,11784,14648,bf16,bf16,false,0,0,false,0,spmv_max_rel,SKIP
fpga_dcop_29.mtx,bfp8_lb,bfp8_lb,controlled_lossy_value_specialized,ok,none,accuracy_pass_runtime_loss,0.0092,0.0084,1.586957,0.978261,,9554,14648,bfp8,bfp8,false,0,0,false,0,spmv_max_rel,SKIP
fpga_dcop_29.mtx,bfp8_outlier_lb,bfp8_outlier_lb,controlled_lossy_value_specialized,ok,none,accuracy_pass_runtime_loss,0.0123,0.0109,1.186992,0.731707,,9810,14648,bfp8_outlier,bfp8_outlier,false,0,0,false,0,spmv_max_rel,SKIP
fpga_dcop_29.mtx,bfp4_lb,bfp4_lb,controlled_lossy_value_specialized,ok,none,accuracy_pass_runtime_loss,0.0153,0.0146,0.954248,0.588235,,6608,14648,bfp4,bfp4,false,0,0,false,0,spmv_max_rel,SKIP
fpga_dcop_29.mtx,hybrid_lb,hybrid_lb,structural_hybrid,ok,none,promoted_fallback,0.0076,0.0057,1.921053,1.184211,,47136,,original,raw_double,false,,,1,0,exact_abs_or_rel,SKIP
fpga_dcop_29.mtx,cusparse_default,cusparse_csr,external_baseline,ok,none,external_baseline,0.0146,0.0123,1.000000,0.616438,,47136,28452,original,original,false,,,true,0,exact_abs_or_rel,SKIP
fpga_dcop_37.mtx,original_lb,original_lb,load_balanced_traversal,ok,none,promoted_fallback,0.0092,0.0084,1.532609,1.000000,,47136,14648,original,original,false,0,0,true,0,exact_abs_or_rel,SKIP
fpga_dcop_37.mtx,auto_lossless_lb,original_lb,load_balanced_traversal,ok,none,promoted_fallback,0.0083,0.0074,1.698795,1.108434,,47136,14648,auto_lossless,original,true,1891,47136,true,0,exact_abs_or_rel,SKIP
fpga_dcop_37.mtx,fp16_lb,fp16_lb,controlled_lossy_value_specialized,ok,none,accuracy_pass_runtime_loss,0.0097,0.0090,1.453608,0.948454,,11784,14648,fp16,fp16,false,0,0,false,0,spmv_max_rel,SKIP
fpga_dcop_37.mtx,bf16_lb,bf16_lb,controlled_lossy_value_specialized,ok,none,accuracy_pass_runtime_loss,0.0120,0.0097,1.175000,0.766667,,11784,14648,bf16,bf16,false,0,0,false,0,spmv_max_rel,SKIP
fpga_dcop_37.mtx,bfp8_lb,bfp8_lb,controlled_lossy_value_specialized,ok,none,accuracy_pass_runtime_loss,0.0097,0.0090,1.453608,0.948454,,9554,14648,bfp8,bfp8,false,0,0,false,0,spmv_max_rel,SKIP
fpga_dcop_37.mtx,bfp8_outlier_lb,bfp8_outlier_lb,controlled_lossy_value_specialized,ok,none,accuracy_pass_runtime_loss,0.0117,0.0104,1.205128,0.786325,,9810,14648,bfp8_outlier,bfp8_outlier,false,0,0,false,0,spmv_max_rel,SKIP
fpga_dcop_37.mtx,bfp4_lb,bfp4_lb,controlled_lossy_value_specialized,ok,none,accuracy_pass_runtime_loss,0.0153,0.0127,0.921569,0.601307,,6608,14648,bfp4,bfp4,false,0,0,false,0,spmv_max_rel,SKIP
fpga_dcop_37.mtx,hybrid_lb,hybrid_lb,structural_hybrid,ok,none,promoted_fallback,0.0070,0.0055,2.014286,1.314286,,47136,,original,raw_double,false,,,1,0,exact_abs_or_rel,SKIP
fpga_dcop_37.mtx,cusparse_default,cusparse_csr,external_baseline,ok,none,external_baseline,0.0141,0.0123,1.000000,0.652482,,47136,28452,original,original,false,,,true,0,exact_abs_or_rel,SKIP
fpga_dcop_45.mtx,original_lb,original_lb,load_balanced_traversal,ok,none,promoted_fallback,0.0096,0.0075,1.468750,1.000000,,47136,14648,original,original,false,0,0,true,0,exact_abs_or_rel,SKIP
fpga_dcop_45.mtx,auto_lossless_lb,original_lb,load_balanced_traversal,ok,none,promoted_fallback,0.0091,0.0071,1.549451,1.054945,,47136,14648,auto_lossless,original,true,1147,47136,true,0,exact_abs_or_rel,SKIP
fpga_dcop_45.mtx,fp16_lb,fp16_lb,controlled_lossy_value_specialized,ok,none,accuracy_pass_runtime_loss,0.0098,0.0091,1.438776,0.979592,,11784,14648,fp16,fp16,false,0,0,false,0,spmv_max_rel,SKIP
fpga_dcop_45.mtx,bf16_lb,bf16_lb,controlled_lossy_value_specialized,ok,none,accuracy_pass_runtime_loss,0.0101,0.0090,1.396040,0.950495,,11784,14648,bf16,bf16,false,0,0,false,0,spmv_max_rel,SKIP
fpga_dcop_45.mtx,bfp8_lb,bfp8_lb,controlled_lossy_value_specialized,ok,none,accuracy_pass_runtime_win,0.0092,0.0080,1.532609,1.043478,,9554,14648,bfp8,bfp8,false,0,0,false,0,spmv_max_rel,SKIP
fpga_dcop_45.mtx,bfp8_outlier_lb,bfp8_outlier_lb,controlled_lossy_value_specialized,ok,none,accuracy_pass_runtime_loss,0.0120,0.0104,1.175000,0.800000,,9810,14648,bfp8_outlier,bfp8_outlier,false,0,0,false,0,spmv_max_rel,SKIP
fpga_dcop_45.mtx,bfp4_lb,bfp4_lb,controlled_lossy_value_specialized,ok,none,accuracy_pass_runtime_loss,0.0145,0.0130,0.972414,0.662069,,6608,14648,bfp4,bfp4,false,0,0,false,0,spmv_max_rel,SKIP
fpga_dcop_45.mtx,hybrid_lb,hybrid_lb,structural_hybrid,ok,none,promoted_fallback,0.0071,0.0055,1.985915,1.352113,,47136,,original,raw_double,false,,,1,0,exact_abs_or_rel,SKIP
fpga_dcop_45.mtx,cusparse_default,cusparse_csr,external_baseline,ok,none,external_baseline,0.0141,0.0123,1.000000,0.680851,,47136,28452,original,original,false,,,true,0,exact_abs_or_rel,SKIP
fpga_trans_02.mtx,original_lb,original_lb,load_balanced_traversal,ok,none,promoted_fallback,0.0088,0.0067,1.568182,1.000000,,59056,18592,original,original,false,0,0,true,0,exact_abs_or_rel,SKIP
fpga_trans_02.mtx,auto_lossless_lb,original_lb,load_balanced_traversal,ok,none,promoted_fallback,0.0089,0.0072,1.550562,0.988764,,59056,18592,auto_lossless,original,true,5048,59056,true,0,exact_abs_or_rel,SKIP
fpga_trans_02.mtx,fp16_lb,fp16_lb,controlled_lossy_value_specialized,ok,none,accuracy_pass_runtime_loss,0.0099,0.0090,1.393939,0.888889,,14764,18592,fp16,fp16,false,0,0,false,0,spmv_max_rel,SKIP
fpga_trans_02.mtx,bf16_lb,bf16_lb,controlled_lossy_value_specialized,ok,none,accuracy_pass_runtime_loss,0.0096,0.0080,1.437500,0.916667,,14764,18592,bf16,bf16,false,0,0,false,0,spmv_max_rel,SKIP
fpga_trans_02.mtx,bfp8_lb,bfp8_lb,controlled_lossy_value_specialized,ok,none,accuracy_pass_runtime_loss,0.0090,0.0077,1.533333,0.977778,,12030,18592,bfp8,bfp8,false,0,0,false,0,spmv_max_rel,SKIP
fpga_trans_02.mtx,bfp8_outlier_lb,bfp8_outlier_lb,controlled_lossy_value_specialized,ok,none,accuracy_pass_runtime_loss,0.0131,0.0120,1.053435,0.671756,,12286,18592,bfp8_outlier,bfp8_outlier,false,0,0,false,0,spmv_max_rel,SKIP
fpga_trans_02.mtx,bfp4_lb,bfp4_lb,controlled_lossy_value_specialized,ok,none,accuracy_pass_runtime_loss,0.0149,0.0131,0.926174,0.590604,,8339,18592,bfp4,bfp4,false,0,0,false,0,spmv_max_rel,SKIP
fpga_trans_02.mtx,hybrid_lb,hybrid_lb,structural_hybrid,ok,none,promoted_fallback,0.0079,0.0062,1.746835,1.113924,,59056,,original,raw_double,false,,,1,0,exact_abs_or_rel,SKIP
fpga_trans_02.mtx,cusparse_default,cusparse_csr,external_baseline,ok,none,external_baseline,0.0138,0.0123,1.000000,0.637681,,59056,34412,original,original,false,,,true,0,exact_abs_or_rel,SKIP
freeFlyingRobot_10.mtx,original_lb,original_lb,load_balanced_traversal,ok,none,promoted_fallback,0.0084,0.0060,1.761905,1.000000,,320640,62152,original,original,false,0,0,true,0,exact_abs_or_rel,SKIP
freeFlyingRobot_10.mtx,auto_lossless_lb,original_lb,load_balanced_traversal,ok,none,promoted_fallback,0.0090,0.0076,1.644444,0.933333,,320640,62152,auto_lossless,original,true,5799,320640,true,0,exact_abs_or_rel,SKIP
freeFlyingRobot_10.mtx,fp16_lb,fp16_lb,controlled_lossy_value_specialized,ok,none,accuracy_pass_runtime_loss,0.0094,0.0078,1.574468,0.893617,,80160,62152,fp16,fp16,false,0,0,false,0,spmv_max_rel,SKIP
freeFlyingRobot_10.mtx,bf16_lb,bf16_lb,controlled_lossy_value_specialized,ok,none,accuracy_pass_runtime_loss,0.0091,0.0076,1.626374,0.923077,,80160,62152,bf16,bf16,false,0,0,false,0,spmv_max_rel,SKIP
freeFlyingRobot_10.mtx,bfp8_lb,bfp8_lb,controlled_lossy_value_specialized,ok,none,accuracy_pass_runtime_loss,0.0098,0.0093,1.510204,0.857143,,55618,62152,bfp8,bfp8,false,0,0,false,0,spmv_max_rel,SKIP
freeFlyingRobot_10.mtx,bfp8_outlier_lb,bfp8_outlier_lb,controlled_lossy_value_specialized,ok,none,accuracy_pass_runtime_loss,0.0121,0.0106,1.223140,0.694215,,58818,62152,bfp8_outlier,bfp8_outlier,false,0,0,false,0,spmv_max_rel,SKIP
freeFlyingRobot_10.mtx,bfp4_lb,bfp4_lb,controlled_lossy_value_specialized,ok,none,accuracy_pass_runtime_loss,0.0134,0.0125,1.104478,0.626866,,35578,62152,bfp4,bfp4,false,0,0,false,0,spmv_max_rel,SKIP
freeFlyingRobot_10.mtx,hybrid_lb,hybrid_lb,structural_hybrid,ok,none,promoted_fallback,0.0083,0.0068,1.783133,1.012048,,320640,,original,raw_double,false,,,1,0,exact_abs_or_rel,SKIP
freeFlyingRobot_10.mtx,cusparse_default,cusparse_csr,external_baseline,ok,none,external_baseline,0.0148,0.0123,1.000000,0.567568,,320640,181196,original,original,false,,,true,0,exact_abs_or_rel,SKIP
freeFlyingRobot_3.mtx,original_lb,original_lb,load_balanced_traversal,ok,none,promoted_fallback,0.0100,0.0080,1.400000,1.000000,,103376,19832,original,original,false,0,0,true,0,exact_abs_or_rel,SKIP
freeFlyingRobot_3.mtx,auto_lossless_lb,original_lb,load_balanced_traversal,ok,none,promoted_fallback,0.0095,0.0077,1.473684,1.052632,,103376,19832,auto_lossless,original,true,2531,103376,true,0,exact_abs_or_rel,SKIP
freeFlyingRobot_3.mtx,fp16_lb,fp16_lb,controlled_lossy_value_specialized,ok,none,accuracy_pass_runtime_win,0.0095,0.0075,1.473684,1.052632,,25844,19832,fp16,fp16,false,0,0,false,0,spmv_max_rel,SKIP
freeFlyingRobot_3.mtx,bf16_lb,bf16_lb,controlled_lossy_value_specialized,ok,none,accuracy_pass_runtime_win,0.0094,0.0076,1.489362,1.063830,,25844,19832,bf16,bf16,false,0,0,false,0,spmv_max_rel,SKIP
freeFlyingRobot_3.mtx,bfp8_lb,bfp8_lb,controlled_lossy_value_specialized,ok,none,accuracy_pass_runtime_win,0.0094,0.0087,1.489362,1.063830,,17880,19832,bfp8,bfp8,false,0,0,false,0,spmv_max_rel,SKIP
freeFlyingRobot_3.mtx,bfp8_outlier_lb,bfp8_outlier_lb,controlled_lossy_value_specialized,ok,none,accuracy_pass_runtime_loss,0.0122,0.0104,1.147541,0.819672,,18904,19832,bfp8_outlier,bfp8_outlier,false,0,0,false,0,spmv_max_rel,SKIP
freeFlyingRobot_3.mtx,bfp4_lb,bfp4_lb,controlled_lossy_value_specialized,ok,none,accuracy_pass_runtime_loss,0.0141,0.0132,0.992908,0.709220,,11419,19832,bfp4,bfp4,false,0,0,false,0,spmv_max_rel,SKIP
freeFlyingRobot_3.mtx,hybrid_lb,hybrid_lb,structural_hybrid,ok,none,promoted_fallback,0.0080,0.0056,1.750000,1.250000,,103376,,original,raw_double,false,,,1,0,exact_abs_or_rel,SKIP
freeFlyingRobot_3.mtx,cusparse_default,cusparse_csr,external_baseline,ok,none,external_baseline,0.0140,0.0123,1.000000,0.714286,,103376,58564,original,original,false,,,true,0,exact_abs_or_rel,SKIP
fs_183_6.mtx,original_lb,original_lb,load_balanced_traversal,ok,none,promoted_fallback,0.0098,0.0072,1.255102,1.000000,,8000,2472,original,original,false,0,0,true,0,exact_abs_or_rel,SKIP
fs_183_6.mtx,auto_lossless_lb,original_lb,load_balanced_traversal,ok,none,promoted_fallback,0.0087,0.0070,1.413793,1.126437,,8000,2472,auto_lossless,original,true,791,8000,true,0,exact_abs_or_rel,SKIP
fs_183_6.mtx,fp16_lb,fp16_lb,controlled_lossy_value_specialized,ok,none,accuracy_pass_runtime_win,0.0086,0.0074,1.430233,1.139535,,2000,2472,fp16,fp16,false,0,0,false,0,spmv_max_rel,SKIP
fs_183_6.mtx,bf16_lb,bf16_lb,controlled_lossy_value_specialized,ok,none,accuracy_pass_runtime_win,0.0085,0.0075,1.447059,1.152941,,2000,2472,bf16,bf16,false,0,0,false,0,spmv_max_rel,SKIP
fs_183_6.mtx,bfp8_lb,bfp8_lb,controlled_lossy_value_specialized,ok,none,accuracy_pass_runtime_win,0.0093,0.0075,1.322581,1.053763,,1618,2472,bfp8,bfp8,false,0,0,false,0,spmv_max_rel,SKIP
fs_183_6.mtx,bfp8_outlier_lb,bfp8_outlier_lb,controlled_lossy_value_specialized,ok,none,accuracy_pass_runtime_loss,0.0118,0.0100,1.042373,0.830508,,1682,2472,bfp8_outlier,bfp8_outlier,false,0,0,false,0,spmv_max_rel,SKIP
fs_183_6.mtx,bfp4_lb,bfp4_lb,controlled_lossy_value_specialized,ok,none,accuracy_pass_runtime_loss,0.0111,0.0103,1.108108,0.882883,,1118,2472,bfp4,bfp4,false,0,0,false,0,spmv_max_rel,SKIP
fs_183_6.mtx,hybrid_lb,hybrid_lb,structural_hybrid,ok,none,promoted_fallback,0.0084,0.0070,1.464286,1.166667,,8000,,original,raw_double,false,,,1,0,exact_abs_or_rel,SKIP
fs_183_6.mtx,cusparse_default,cusparse_csr,external_baseline,ok,none,external_baseline,0.0123,0.0102,1.000000,0.796748,,8000,4736,original,original,false,,,true,0,exact_abs_or_rel,SKIP
fs_760_1.mtx,original_lb,original_lb,load_balanced_traversal,ok,none,promoted_fallback,0.0091,0.0074,1.527473,1.000000,,45912,10616,original,original,false,0,0,true,0,exact_abs_or_rel,SKIP
fs_760_1.mtx,auto_lossless_lb,original_lb,load_balanced_traversal,ok,none,promoted_fallback,0.0086,0.0069,1.616279,1.058140,,45912,10616,auto_lossless,original,true,4743,45912,true,0,exact_abs_or_rel,SKIP
fs_760_1.mtx,fp16_lb,fp16_lb,controlled_lossy_value_specialized,ok,none,accuracy_pass_runtime_loss,0.0096,0.0080,1.447917,0.947917,,11478,10616,fp16,fp16,false,0,0,false,0,spmv_max_rel,SKIP
fs_760_1.mtx,bf16_lb,bf16_lb,controlled_lossy_value_specialized,ok,none,accuracy_pass_runtime_loss,0.0097,0.0091,1.432990,0.938144,,11478,10616,bf16,bf16,false,0,0,false,0,spmv_max_rel,SKIP
fs_760_1.mtx,bfp8_lb,bfp8_lb,controlled_lossy_value_specialized,ok,none,accuracy_pass_runtime_loss,0.0094,0.0085,1.478723,0.968085,,8393,10616,bfp8,bfp8,false,0,0,false,0,spmv_max_rel,SKIP
fs_760_1.mtx,bfp8_outlier_lb,bfp8_outlier_lb,controlled_lossy_value_specialized,ok,none,accuracy_pass_runtime_loss,0.0122,0.0107,1.139344,0.745902,,8841,10616,bfp8_outlier,bfp8_outlier,false,0,0,false,0,spmv_max_rel,SKIP
fs_760_1.mtx,bfp4_lb,bfp4_lb,controlled_lossy_value_specialized,ok,none,accuracy_pass_runtime_loss,0.0139,0.0131,1.000000,0.654676,,5524,10616,bfp4,bfp4,false,0,0,false,0,spmv_max_rel,SKIP
fs_760_1.mtx,hybrid_lb,hybrid_lb,structural_hybrid,ok,none,promoted_fallback,0.0077,0.0057,1.805195,1.181818,,45912,,original,raw_double,false,,,1,0,exact_abs_or_rel,SKIP
fs_760_1.mtx,cusparse_default,cusparse_csr,external_baseline,ok,none,external_baseline,0.0139,0.0119,1.000000,0.654676,,45912,26000,original,original,false,,,true,0,exact_abs_or_rel,SKIP
fxm4_6.mtx,original_lb,original_lb,load_balanced_traversal,ok,none,promoted_fallback,0.0106,0.0088,1.245283,1.000000,,2123536,496144,original,original,false,0,0,true,0,exact_abs_or_rel,SKIP
fxm4_6.mtx,auto_lossless_lb,original_lb,load_balanced_traversal,ok,none,promoted_fallback,0.0113,0.0100,1.168142,0.938053,,2123536,496144,auto_lossless,original,true,967,2123536,true,0,exact_abs_or_rel,SKIP
fxm4_6.mtx,fp16_lb,fp16_lb,controlled_lossy_value_specialized,ok,none,accuracy_pass_runtime_loss,0.0110,0.0091,1.200000,0.963636,,530884,496144,fp16,fp16,false,0,0,false,0,spmv_max_rel,SKIP
fxm4_6.mtx,bf16_lb,bf16_lb,controlled_lossy_value_specialized,ok,none,accuracy_pass_runtime_win,0.0101,0.0090,1.306931,1.049505,,530884,496144,bf16,bf16,false,0,0,false,0,spmv_max_rel,SKIP
fxm4_6.mtx,bfp8_lb,bfp8_lb,controlled_lossy_value_specialized,ok,none,accuracy_pass_runtime_loss,0.0114,0.0098,1.157895,0.929825,,389478,496144,bfp8,bfp8,false,0,0,false,0,spmv_max_rel,SKIP
fxm4_6.mtx,bfp8_outlier_lb,bfp8_outlier_lb,controlled_lossy_value_specialized,ok,none,accuracy_pass_runtime_loss,0.0135,0.0120,0.977778,0.785185,,410214,496144,bfp8_outlier,bfp8_outlier,false,0,0,false,0,spmv_max_rel,SKIP
fxm4_6.mtx,bfp4_lb,bfp4_lb,controlled_lossy_value_specialized,ok,none,accuracy_pass_runtime_loss,0.0137,0.0129,0.963504,0.773723,,256757,496144,bfp4,bfp4,false,0,0,false,0,spmv_max_rel,SKIP
fxm4_6.mtx,hybrid_lb,hybrid_lb,structural_hybrid,ok,none,promoted_fallback,0.0089,0.0071,1.483146,1.191011,,2123536,,original,raw_double,false,,,1,0,exact_abs_or_rel,SKIP
fxm4_6.mtx,cusparse_default,cusparse_csr,external_baseline,ok,none,external_baseline,0.0132,0.0121,1.000000,0.803030,,2123536,1151372,original,original,false,,,true,0,exact_abs_or_rel,SKIP
g7jac020sc.mtx,original_lb,original_lb,load_balanced_traversal,ok,none,promoted_fallback,0.0087,0.0076,1.609195,1.000000,,340544,124096,original,original,false,0,0,true,0,exact_abs_or_rel,SKIP
g7jac020sc.mtx,auto_lossless_lb,original_lb,load_balanced_traversal,ok,none,promoted_fallback,0.0091,0.0087,1.538462,0.956044,,340544,124096,auto_lossless,original,true,26182,340544,true,0,exact_abs_or_rel,SKIP
g7jac020sc.mtx,fp16_lb,fp16_lb,controlled_lossy_value_specialized,ok,none,accuracy_pass_runtime_loss,0.0092,0.0083,1.521739,0.945652,,85136,124096,fp16,fp16,false,0,0,false,0,spmv_max_rel,SKIP
g7jac020sc.mtx,bf16_lb,bf16_lb,controlled_lossy_value_specialized,ok,none,accuracy_pass_runtime_loss,0.0092,0.0082,1.521739,0.945652,,85136,124096,bf16,bf16,false,0,0,false,0,spmv_max_rel,SKIP
g7jac020sc.mtx,bfp8_lb,bfp8_lb,controlled_lossy_value_specialized,ok,none,accuracy_pass_runtime_loss,0.0093,0.0084,1.505376,0.935484,,73592,124096,bfp8,bfp8,false,0,0,false,0,spmv_max_rel,SKIP
g7jac020sc.mtx,bfp8_outlier_lb,bfp8_outlier_lb,controlled_lossy_value_specialized,ok,none,accuracy_pass_runtime_loss,0.0118,0.0104,1.186441,0.737288,,76984,124096,bfp8_outlier,bfp8_outlier,false,0,0,false,0,spmv_max_rel,SKIP
g7jac020sc.mtx,bfp4_lb,bfp4_lb,controlled_lossy_value_specialized,ok,none,accuracy_pass_runtime_loss,0.0136,0.0129,1.029412,0.639706,,52308,124096,bfp4,bfp4,false,0,0,false,0,spmv_max_rel,SKIP
g7jac020sc.mtx,hybrid_lb,hybrid_lb,structural_hybrid,ok,none,promoted_fallback,0.0081,0.0069,1.728395,1.074074,,340544,,original,raw_double,false,,,1,0,exact_abs_or_rel,SKIP
g7jac020sc.mtx,cusparse_default,cusparse_csr,external_baseline,ok,none,external_baseline,0.0140,0.0123,1.000000,0.621429,,340544,193676,original,original,false,,,true,0,exact_abs_or_rel,SKIP
garon1.mtx,original_lb,original_lb,load_balanced_traversal,ok,none,promoted_fallback,0.0086,0.0075,1.569767,1.000000,,677784,144280,original,original,false,0,0,true,0,exact_abs_or_rel,SKIP
garon1.mtx,auto_lossless_lb,original_lb,load_balanced_traversal,ok,none,promoted_fallback,0.0126,0.0098,1.071429,0.682540,,677784,144280,auto_lossless,original,true,11677,677784,true,0,exact_abs_or_rel,SKIP
garon1.mtx,fp16_lb,fp16_lb,controlled_lossy_value_specialized,ok,none,accuracy_pass_runtime_loss,0.0089,0.0084,1.516854,0.966292,,169446,144280,fp16,fp16,false,0,0,false,0,spmv_max_rel,SKIP
garon1.mtx,bf16_lb,bf16_lb,controlled_lossy_value_specialized,ok,none,accuracy_pass_runtime_loss,0.0111,0.0099,1.216216,0.774775,,169446,144280,bf16,bf16,false,0,0,false,0,spmv_max_rel,SKIP
garon1.mtx,bfp8_lb,bfp8_lb,controlled_lossy_value_specialized,ok,none,accuracy_pass_runtime_loss,0.0093,0.0080,1.451613,0.924731,,120793,144280,bfp8,bfp8,false,0,0,false,0,spmv_max_rel,SKIP
garon1.mtx,bfp8_outlier_lb,bfp8_outlier_lb,controlled_lossy_value_specialized,ok,none,accuracy_pass_runtime_loss,0.0124,0.0110,1.088710,0.693548,,127321,144280,bfp8_outlier,bfp8_outlier,false,0,0,false,0,spmv_max_rel,SKIP
garon1.mtx,bfp4_lb,bfp4_lb,controlled_lossy_value_specialized,ok,none,accuracy_pass_runtime_loss,0.0144,0.0133,0.937500,0.597222,,78432,144280,bfp4,bfp4,false,0,0,false,0,spmv_max_rel,SKIP
garon1.mtx,hybrid_lb,hybrid_lb,structural_hybrid,ok,none,promoted_fallback,0.0087,0.0065,1.551724,0.988506,,677784,,original,raw_double,false,,,1,0,exact_abs_or_rel,SKIP
garon1.mtx,cusparse_default,cusparse_csr,external_baseline,ok,none,external_baseline,0.0135,0.0102,1.000000,0.637037,,677784,351596,original,original,false,,,true,0,exact_abs_or_rel,SKIP
gen.mtx,original_lb,original_lb,load_balanced_traversal,ok,none,promoted_fallback,0.0092,0.0084,1.489130,1.000000,,504688,91280,original,original,false,0,0,true,0,exact_abs_or_rel,SKIP
gen.mtx,auto_lossless_lb,original_lb,load_balanced_traversal,ok,none,promoted_fallback,0.0098,0.0081,1.397959,0.938776,,504688,91280,auto_lossless,original,true,12814,504688,true,0,exact_abs_or_rel,SKIP
gen.mtx,fp16_lb,fp16_lb,controlled_lossy_value_specialized,ok,none,accuracy_pass_runtime_loss,0.0100,0.0089,1.370000,0.920000,,126172,91280,fp16,fp16,false,0,0,false,0,spmv_max_rel,SKIP
gen.mtx,bf16_lb,bf16_lb,controlled_lossy_value_specialized,ok,none,accuracy_pass_runtime_loss,0.0097,0.0087,1.412371,0.948454,,126172,91280,bf16,bf16,false,0,0,false,0,spmv_max_rel,SKIP
gen.mtx,bfp8_lb,bfp8_lb,controlled_lossy_value_specialized,ok,none,accuracy_pass_runtime_loss,0.0104,0.0092,1.317308,0.884615,,85906,91280,bfp8,bfp8,false,0,0,false,0,spmv_max_rel,SKIP
gen.mtx,bfp8_outlier_lb,bfp8_outlier_lb,controlled_lossy_value_specialized,ok,none,accuracy_pass_runtime_loss,0.0125,0.0104,1.096000,0.736000,,89074,91280,bfp8_outlier,bfp8_outlier,false,0,0,false,0,spmv_max_rel,SKIP
gen.mtx,bfp4_lb,bfp4_lb,controlled_lossy_value_specialized,ok,none,accuracy_pass_runtime_loss,0.0137,0.0127,1.000000,0.671533,,54363,91280,bfp4,bfp4,false,0,0,false,0,spmv_max_rel,SKIP
gen.mtx,hybrid_lb,hybrid_lb,structural_hybrid,ok,none,promoted_fallback,0.0098,0.0083,1.397959,0.938776,,504688,,original,raw_double,false,,,1,0,exact_abs_or_rel,SKIP
gen.mtx,cusparse_default,cusparse_csr,external_baseline,ok,none,external_baseline,0.0137,0.0102,1.000000,0.671533,,504688,255424,original,original,false,,,true,0,exact_abs_or_rel,SKIP
goddardRocketProblem_2.mtx,original_lb,original_lb,load_balanced_traversal,ok,none,promoted_fallback,0.0086,0.0069,1.639535,1.000000,,72464,13376,original,original,false,0,0,true,0,exact_abs_or_rel,SKIP
goddardRocketProblem_2.mtx,auto_lossless_lb,original_lb,load_balanced_traversal,ok,none,promoted_fallback,0.0098,0.0086,1.438776,0.877551,,72464,13376,auto_lossless,original,true,2983,72464,true,0,exact_abs_or_rel,SKIP
goddardRocketProblem_2.mtx,fp16_lb,fp16_lb,controlled_lossy_value_specialized,ok,none,accuracy_pass_runtime_loss,0.0096,0.0081,1.468750,0.895833,,18116,13376,fp16,fp16,false,0,0,false,0,spmv_max_rel,SKIP
goddardRocketProblem_2.mtx,bf16_lb,bf16_lb,controlled_lossy_value_specialized,ok,none,accuracy_pass_runtime_loss,0.0099,0.0079,1.424242,0.868687,,18116,13376,bf16,bf16,false,0,0,false,0,spmv_max_rel,SKIP
goddardRocketProblem_2.mtx,bfp8_lb,bfp8_lb,controlled_lossy_value_specialized,ok,none,accuracy_pass_runtime_loss,0.0098,0.0090,1.438776,0.877551,,12402,13376,bfp8,bfp8,false,0,0,false,0,spmv_max_rel,SKIP
goddardRocketProblem_2.mtx,bfp8_outlier_lb,bfp8_outlier_lb,controlled_lossy_value_specialized,ok,none,accuracy_pass_runtime_loss,0.0122,0.0111,1.155738,0.704918,,13106,13376,bfp8_outlier,bfp8_outlier,false,0,0,false,0,spmv_max_rel,SKIP
goddardRocketProblem_2.mtx,bfp4_lb,bfp4_lb,controlled_lossy_value_specialized,ok,none,accuracy_pass_runtime_loss,0.0142,0.0132,0.992958,0.605634,,7873,13376,bfp4,bfp4,false,0,0,false,0,spmv_max_rel,SKIP
goddardRocketProblem_2.mtx,hybrid_lb,hybrid_lb,structural_hybrid,ok,none,promoted_fallback,0.0115,0.0100,1.226087,0.747826,,72464,,original,raw_double,false,,,1,0,exact_abs_or_rel,SKIP
goddardRocketProblem_2.mtx,cusparse_default,cusparse_csr,external_baseline,ok,none,external_baseline,0.0141,0.0102,1.000000,0.609929,,72464,39704,original,original,false,,,true,0,exact_abs_or_rel,SKIP
gre_1107.mtx,original_lb,original_lb,load_balanced_traversal,ok,none,promoted_fallback,0.0068,0.0058,2.058824,1.000000,,45312,13976,original,original,false,0,0,true,0,exact_abs_or_rel,SKIP
gre_1107.mtx,auto_lossless_lb,dict16_lb,lossless_value_specialized,ok,none,accuracy_pass_runtime_loss,0.0076,0.0065,1.842105,0.894737,,28040,13976,auto_lossless,dict16,true,11,28040,true,11,exact_abs_or_rel,SKIP
gre_1107.mtx,fp16_lb,fp16_lb,controlled_lossy_value_specialized,ok,none,accuracy_pass_runtime_loss,0.0078,0.0069,1.794872,0.871795,,11328,13976,fp16,fp16,false,0,0,false,0,spmv_max_rel,SKIP
gre_1107.mtx,bf16_lb,bf16_lb,controlled_lossy_value_specialized,ok,none,accuracy_pass_runtime_loss,0.0080,0.0070,1.750000,0.850000,,11328,13976,bf16,bf16,false,0,0,false,0,spmv_max_rel,SKIP
gre_1107.mtx,bfp8_lb,bfp8_lb,controlled_lossy_value_specialized,ok,none,accuracy_pass_runtime_loss,0.0075,0.0064,1.866667,0.906667,,9158,13976,bfp8,bfp8,false,0,0,false,0,spmv_max_rel,SKIP
gre_1107.mtx,bfp8_outlier_lb,bfp8_outlier_lb,controlled_lossy_value_specialized,ok,none,accuracy_pass_runtime_loss,0.0098,0.0087,1.428571,0.693878,,9222,13976,bfp8_outlier,bfp8_outlier,false,0,0,false,0,spmv_max_rel,SKIP
gre_1107.mtx,bfp4_lb,bfp4_lb,controlled_lossy_value_specialized,ok,none,accuracy_pass_runtime_loss,0.0098,0.0090,1.428571,0.693878,,6326,13976,bfp4,bfp4,false,0,0,false,0,spmv_max_rel,SKIP
gre_1107.mtx,hybrid_lb,hybrid_lb,structural_hybrid,ok,none,promoted_fallback,0.0072,0.0054,1.944444,0.944444,,45312,,original,raw_double,false,,,1,0,exact_abs_or_rel,SKIP
gre_1107.mtx,cusparse_default,cusparse_csr,external_baseline,ok,none,external_baseline,0.0140,0.0123,1.000000,0.485714,,45312,27088,original,original,false,,,true,0,exact_abs_or_rel,SKIP
grid2.mtx,original_lb,original_lb,load_balanced_traversal,ok,none,promoted_fallback,0.0076,0.0069,1.881579,1.000000,,102912,44400,original,original,false,0,0,true,0,exact_abs_or_rel,SKIP
grid2.mtx,auto_lossless_lb,all_one_lb,lossless_value_specialized,ok,none,accuracy_pass_runtime_loss,0.0079,0.0065,1.810127,0.962025,,0,44400,auto_lossless,all_one,true,1,0,true,0,exact_abs_or_rel,SKIP
grid2.mtx,fp16_lb,fp16_lb,controlled_lossy_value_specialized,ok,none,accuracy_pass_runtime_loss,0.0092,0.0078,1.554348,0.826087,,25728,44400,fp16,fp16,false,0,0,false,0,spmv_max_rel,SKIP
grid2.mtx,bf16_lb,bf16_lb,controlled_lossy_value_specialized,ok,none,accuracy_pass_runtime_loss,0.0088,0.0072,1.625000,0.863636,,25728,44400,bf16,bf16,false,0,0,false,0,spmv_max_rel,SKIP
grid2.mtx,bfp8_lb,bfp8_lb,controlled_lossy_value_specialized,ok,none,accuracy_pass_runtime_loss,0.0094,0.0085,1.521277,0.808511,,23964,44400,bfp8,bfp8,false,0,0,false,0,spmv_max_rel,SKIP
grid2.mtx,bfp8_outlier_lb,bfp8_outlier_lb,controlled_lossy_value_specialized,ok,none,accuracy_pass_runtime_loss,0.0094,0.0076,1.521277,0.808511,,23964,44400,bfp8_outlier,bfp8_outlier,false,0,0,false,0,spmv_max_rel,SKIP
grid2.mtx,bfp4_lb,bfp4_lb,controlled_lossy_value_specialized,ok,none,accuracy_pass_runtime_loss,0.0129,0.0112,1.108527,0.589147,,17532,44400,bfp4,bfp4,false,0,0,false,0,spmv_max_rel,SKIP
grid2.mtx,hybrid_lb,hybrid_lb,structural_hybrid,ok,none,promoted_fallback,0.0060,0.0044,2.383333,1.266667,,102912,,original,raw_double,false,,,1,0,exact_abs_or_rel,SKIP
grid2.mtx,cusparse_default,cusparse_csr,external_baseline,ok,none,external_baseline,0.0143,0.0123,1.000000,0.531469,,102912,64644,original,original,false,,,true,0,exact_abs_or_rel,SKIP
hugetrace-00010.mtx,original_lb,original_lb,load_balanced_traversal,ok,none,promoted_fallback,0.9854,0.9841,0.578547,1.000000,,289314864,150069864,original,original,false,0,0,true,0,exact_abs_or_rel,SKIP
hugetrace-00010.mtx,auto_lossless_lb,all_one_lb,lossless_value_specialized,ok,none,accuracy_pass_runtime_win,0.9332,0.9310,0.610909,1.055937,,0,150069864,auto_lossless,all_one,true,1,0,true,0,exact_abs_or_rel,SKIP
hugetrace-00010.mtx,fp16_lb,fp16_lb,controlled_lossy_value_specialized,ok,none,accuracy_pass_runtime_win,0.8608,0.8581,0.662291,1.144749,,72328716,150069864,fp16,fp16,false,0,0,false,0,spmv_max_rel,SKIP
hugetrace-00010.mtx,bf16_lb,bf16_lb,controlled_lossy_value_specialized,ok,none,accuracy_pass_runtime_win,0.8609,0.8577,0.662214,1.144616,,72328716,150069864,bf16,bf16,false,0,0,false,0,spmv_max_rel,SKIP
hugetrace-00010.mtx,bfp8_lb,bfp8_lb,controlled_lossy_value_specialized,ok,none,accuracy_pass_runtime_win,0.8689,0.8660,0.656117,1.134078,,73681824,150069864,bfp8,bfp8,false,0,0,false,0,spmv_max_rel,SKIP
hugetrace-00010.mtx,bfp8_outlier_lb,bfp8_outlier_lb,controlled_lossy_value_specialized,ok,none,accuracy_pass_runtime_win,0.8689,0.8658,0.656117,1.134078,,73681824,150069864,bfp8_outlier,bfp8_outlier,false,0,0,false,0,spmv_max_rel,SKIP
hugetrace-00010.mtx,bfp4_lb,bfp4_lb,controlled_lossy_value_specialized,ok,none,accuracy_pass_runtime_loss,1.0598,1.0580,0.537932,0.929798,,55599645,150069864,bfp4,bfp4,false,0,0,false,0,spmv_max_rel,SKIP
hugetrace-00010.mtx,hybrid_lb,hybrid_lb,structural_hybrid,ok,none,promoted_fallback,0.6313,0.6296,0.903057,1.560906,,289314864,,original,raw_double,false,,,1,0,exact_abs_or_rel,SKIP
hugetrace-00010.mtx,cusparse_default,cusparse_csr,external_baseline,ok,none,external_baseline,0.5701,0.5680,1.000000,1.728469,,289314864,192887200,original,original,false,,,true,0,exact_abs_or_rel,SKIP
hydr1c.mtx,original_lb,original_lb,load_balanced_traversal,ok,none,promoted_fallback,0.0090,0.0075,1.600000,1.000000,,180736,55600,original,original,false,0,0,true,0,exact_abs_or_rel,SKIP
hydr1c.mtx,auto_lossless_lb,original_lb,load_balanced_traversal,ok,none,promoted_fallback,0.0075,0.0069,1.920000,1.200000,,180736,55600,auto_lossless,original,true,10499,180736,true,0,exact_abs_or_rel,SKIP
hydr1c.mtx,fp16_lb,fp16_lb,controlled_lossy_value_specialized,ok,none,accuracy_pass_runtime_loss,0.0090,0.0075,1.600000,1.000000,,45184,55600,fp16,fp16,false,0,0,false,0,spmv_max_rel,SKIP
hydr1c.mtx,bf16_lb,bf16_lb,controlled_lossy_value_specialized,ok,none,accuracy_pass_runtime_win,0.0086,0.0062,1.674419,1.046512,,45184,55600,bf16,bf16,false,0,0,false,0,spmv_max_rel,SKIP
hydr1c.mtx,bfp8_lb,bfp8_lb,controlled_lossy_value_specialized,ok,none,accuracy_pass_runtime_loss,0.0093,0.0079,1.548387,0.967742,,36492,55600,bfp8,bfp8,false,0,0,false,0,spmv_max_rel,SKIP
hydr1c.mtx,bfp8_outlier_lb,bfp8_outlier_lb,controlled_lossy_value_specialized,ok,none,accuracy_pass_runtime_loss,0.0103,0.0085,1.398058,0.873786,,38284,55600,bfp8_outlier,bfp8_outlier,false,0,0,false,0,spmv_max_rel,SKIP
hydr1c.mtx,bfp4_lb,bfp4_lb,controlled_lossy_value_specialized,ok,none,accuracy_pass_runtime_loss,0.0093,0.0084,1.548387,0.967742,,25196,55600,bfp4,bfp4,false,0,0,false,0,spmv_max_rel,SKIP
hydr1c.mtx,hybrid_lb,hybrid_lb,structural_hybrid,ok,none,promoted_fallback,0.0072,0.0050,2.000000,1.250000,,180736,,original,raw_double,false,,,1,0,exact_abs_or_rel,SKIP
hydr1c.mtx,cusparse_default,cusparse_csr,external_baseline,ok,none,external_baseline,0.0144,0.0123,1.000000,0.625000,,180736,111604,original,original,false,,,true,0,exact_abs_or_rel,SKIP
hydr1c_A_08.mtx,original_lb,original_lb,load_balanced_traversal,ok,none,promoted_fallback,0.0078,0.0070,1.858974,1.000000,,184080,55744,original,original,false,0,0,true,0,exact_abs_or_rel,SKIP
hydr1c_A_08.mtx,auto_lossless_lb,original_lb,load_balanced_traversal,ok,none,promoted_fallback,0.0077,0.0067,1.883117,1.012987,,184080,55744,auto_lossless,original,true,12056,184080,true,0,exact_abs_or_rel,SKIP
hydr1c_A_08.mtx,fp16_lb,fp16_lb,controlled_lossy_value_specialized,ok,none,accuracy_pass_runtime_win,0.0076,0.0070,1.907895,1.026316,,46020,55744,fp16,fp16,false,0,0,false,0,spmv_max_rel,SKIP
hydr1c_A_08.mtx,bf16_lb,bf16_lb,controlled_lossy_value_specialized,ok,none,accuracy_pass_runtime_win,0.0076,0.0067,1.907895,1.026316,,46020,55744,bf16,bf16,false,0,0,false,0,spmv_max_rel,SKIP
hydr1c_A_08.mtx,bfp8_lb,bfp8_lb,controlled_lossy_value_specialized,ok,none,accuracy_pass_runtime_loss,0.0088,0.0080,1.647727,0.886364,,36946,55744,bfp8,bfp8,false,0,0,false,0,spmv_max_rel,SKIP
hydr1c_A_08.mtx,bfp8_outlier_lb,bfp8_outlier_lb,controlled_lossy_value_specialized,ok,none,accuracy_pass_runtime_loss,0.0101,0.0089,1.435644,0.772277,,38786,55744,bfp8_outlier,bfp8_outlier,false,0,0,false,0,spmv_max_rel,SKIP
hydr1c_A_08.mtx,bfp4_lb,bfp4_lb,controlled_lossy_value_specialized,ok,none,accuracy_pass_runtime_loss,0.0087,0.0072,1.666667,0.896552,,25441,55744,bfp4,bfp4,false,0,0,false,0,spmv_max_rel,SKIP
hydr1c_A_08.mtx,hybrid_lb,hybrid_lb,structural_hybrid,ok,none,promoted_fallback,0.0065,0.0050,2.230769,1.200000,,184080,,original,raw_double,false,,,1,0,exact_abs_or_rel,SKIP
hydr1c_A_08.mtx,cusparse_default,cusparse_csr,external_baseline,ok,none,external_baseline,0.0145,0.0123,1.000000,0.537931,,184080,113276,original,original,false,,,true,0,exact_abs_or_rel,SKIP
hydr1c_A_16.mtx,original_lb,original_lb,load_balanced_traversal,ok,none,promoted_fallback,0.0076,0.0061,2.434211,1.000000,,188536,56448,original,original,false,0,0,true,0,exact_abs_or_rel,SKIP
hydr1c_A_16.mtx,auto_lossless_lb,original_lb,load_balanced_traversal,ok,none,promoted_fallback,0.0075,0.0066,2.466667,1.013333,,188536,56448,auto_lossless,original,true,12525,188536,true,0,exact_abs_or_rel,SKIP
hydr1c_A_16.mtx,fp16_lb,fp16_lb,controlled_lossy_value_specialized,ok,none,accuracy_pass_runtime_win,0.0074,0.0059,2.500000,1.027027,,47134,56448,fp16,fp16,false,0,0,false,0,spmv_max_rel,SKIP
hydr1c_A_16.mtx,bf16_lb,bf16_lb,controlled_lossy_value_specialized,ok,none,accuracy_pass_runtime_win,0.0074,0.0066,2.500000,1.027027,,47134,56448,bf16,bf16,false,0,0,false,0,spmv_max_rel,SKIP
hydr1c_A_16.mtx,bfp8_lb,bfp8_lb,controlled_lossy_value_specialized,ok,none,accuracy_pass_runtime_loss,0.0087,0.0068,2.126437,0.873563,,37679,56448,bfp8,bfp8,false,0,0,false,0,spmv_max_rel,SKIP
hydr1c_A_16.mtx,bfp8_outlier_lb,bfp8_outlier_lb,controlled_lossy_value_specialized,ok,none,accuracy_pass_runtime_loss,0.0094,0.0082,1.968085,0.808511,,39551,56448,bfp8_outlier,bfp8_outlier,false,0,0,false,0,spmv_max_rel,SKIP
hydr1c_A_16.mtx,bfp4_lb,bfp4_lb,controlled_lossy_value_specialized,ok,none,accuracy_pass_runtime_loss,0.0089,0.0072,2.078652,0.853933,,25896,56448,bfp4,bfp4,false,0,0,false,0,spmv_max_rel,SKIP
hydr1c_A_16.mtx,hybrid_lb,hybrid_lb,structural_hybrid,ok,none,promoted_fallback,0.0075,0.0062,2.466667,1.013333,,188536,,original,raw_double,false,,,1,0,exact_abs_or_rel,SKIP
hydr1c_A_16.mtx,cusparse_default,cusparse_csr,external_baseline,ok,none,external_baseline,0.0185,0.0123,1.000000,0.410811,,188536,115504,original,original,false,,,true,0,exact_abs_or_rel,SKIP
hydr1c_A_24.mtx,original_lb,original_lb,load_balanced_traversal,ok,none,promoted_fallback,0.0085,0.0068,1.705882,1.000000,,155888,46880,original,original,false,0,0,true,0,exact_abs_or_rel,SKIP
hydr1c_A_24.mtx,auto_lossless_lb,original_lb,load_balanced_traversal,ok,none,promoted_fallback,0.0079,0.0071,1.835443,1.075949,,155888,46880,auto_lossless,original,true,9045,155888,true,0,exact_abs_or_rel,SKIP
hydr1c_A_24.mtx,fp16_lb,fp16_lb,controlled_lossy_value_specialized,ok,none,accuracy_pass_runtime_win,0.0067,0.0054,2.164179,1.268657,,38972,46880,fp16,fp16,false,0,0,false,0,spmv_max_rel,SKIP
hydr1c_A_24.mtx,bf16_lb,bf16_lb,controlled_lossy_value_specialized,ok,none,accuracy_pass_runtime_win,0.0074,0.0063,1.959459,1.148649,,38972,46880,bf16,bf16,false,0,0,false,0,spmv_max_rel,SKIP
hydr1c_A_24.mtx,bfp8_lb,bfp8_lb,controlled_lossy_value_specialized,ok,none,accuracy_pass_runtime_win,0.0072,0.0060,2.013889,1.180556,,31206,46880,bfp8,bfp8,false,0,0,false,0,spmv_max_rel,SKIP
hydr1c_A_24.mtx,bfp8_outlier_lb,bfp8_outlier_lb,controlled_lossy_value_specialized,ok,none,accuracy_pass_runtime_loss,0.0098,0.0082,1.479592,0.867347,,32758,46880,bfp8_outlier,bfp8_outlier,false,0,0,false,0,spmv_max_rel,SKIP
hydr1c_A_24.mtx,bfp4_lb,bfp4_lb,controlled_lossy_value_specialized,ok,none,accuracy_pass_runtime_win,0.0079,0.0067,1.835443,1.075949,,21463,46880,bfp4,bfp4,false,0,0,false,0,spmv_max_rel,SKIP
hydr1c_A_24.mtx,hybrid_lb,hybrid_lb,structural_hybrid,ok,none,promoted_fallback,0.0068,0.0051,2.132353,1.250000,,155888,,original,raw_double,false,,,1,0,exact_abs_or_rel,SKIP
hydr1c_A_24.mtx,cusparse_default,cusparse_csr,external_baseline,ok,none,external_baseline,0.0145,0.0123,1.000000,0.586207,,155888,99180,original,original,false,,,true,0,exact_abs_or_rel,SKIP
hydr1c_A_32.mtx,original_lb,original_lb,load_balanced_traversal,ok,none,promoted_fallback,0.0087,0.0076,1.724138,1.000000,,188448,56448,original,original,false,0,0,true,0,exact_abs_or_rel,SKIP
hydr1c_A_32.mtx,auto_lossless_lb,original_lb,load_balanced_traversal,ok,none,promoted_fallback,0.0074,0.0060,2.027027,1.175676,,188448,56448,auto_lossless,original,true,12520,188448,true,0,exact_abs_or_rel,SKIP
hydr1c_A_32.mtx,fp16_lb,fp16_lb,controlled_lossy_value_specialized,ok,none,accuracy_pass_runtime_win,0.0073,0.0063,2.054795,1.191781,,47112,56448,fp16,fp16,false,0,0,false,0,spmv_max_rel,SKIP
hydr1c_A_32.mtx,bf16_lb,bf16_lb,controlled_lossy_value_specialized,ok,none,accuracy_pass_runtime_win,0.0072,0.0055,2.083333,1.208333,,47112,56448,bf16,bf16,false,0,0,false,0,spmv_max_rel,SKIP
hydr1c_A_32.mtx,bfp8_lb,bfp8_lb,controlled_lossy_value_specialized,ok,none,accuracy_pass_runtime_win,0.0085,0.0080,1.764706,1.023529,,37668,56448,bfp8,bfp8,false,0,0,false,0,spmv_max_rel,SKIP
hydr1c_A_32.mtx,bfp8_outlier_lb,bfp8_outlier_lb,controlled_lossy_value_specialized,ok,none,accuracy_pass_runtime_loss,0.0094,0.0081,1.595745,0.925532,,39540,56448,bfp8_outlier,bfp8_outlier,false,0,0,false,0,spmv_max_rel,SKIP
hydr1c_A_32.mtx,bfp4_lb,bfp4_lb,controlled_lossy_value_specialized,ok,none,accuracy_pass_runtime_loss,0.0096,0.0085,1.562500,0.906250,,25890,56448,bfp4,bfp4,false,0,0,false,0,spmv_max_rel,SKIP
hydr1c_A_32.mtx,hybrid_lb,hybrid_lb,structural_hybrid,ok,none,promoted_fallback,0.0074,0.0056,2.027027,1.175676,,188448,,original,raw_double,false,,,1,0,exact_abs_or_rel,SKIP
hydr1c_A_32.mtx,cusparse_default,cusparse_csr,external_baseline,ok,none,external_baseline,0.0150,0.0123,1.000000,0.580000,,188448,115460,original,original,false,,,true,0,exact_abs_or_rel,SKIP
hydr1c_A_40.mtx,original_lb,original_lb,load_balanced_traversal,ok,none,promoted_fallback,0.0078,0.0060,2.153846,1.000000,,155928,46880,original,original,false,0,0,true,0,exact_abs_or_rel,SKIP
hydr1c_A_40.mtx,auto_lossless_lb,original_lb,load_balanced_traversal,ok,none,promoted_fallback,0.0082,0.0071,2.048780,0.951220,,155928,46880,auto_lossless,original,true,9056,155928,true,0,exact_abs_or_rel,SKIP
hydr1c_A_40.mtx,fp16_lb,fp16_lb,controlled_lossy_value_specialized,ok,none,accuracy_pass_runtime_win,0.0071,0.0058,2.366197,1.098592,,38982,46880,fp16,fp16,false,0,0,false,0,spmv_max_rel,SKIP
hydr1c_A_40.mtx,bf16_lb,bf16_lb,controlled_lossy_value_specialized,ok,none,accuracy_pass_runtime_win,0.0073,0.0064,2.301370,1.068493,,38982,46880,bf16,bf16,false,0,0,false,0,spmv_max_rel,SKIP
hydr1c_A_40.mtx,bfp8_lb,bfp8_lb,controlled_lossy_value_specialized,ok,none,accuracy_pass_runtime_loss,0.0083,0.0068,2.024096,0.939759,,31211,46880,bfp8,bfp8,false,0,0,false,0,spmv_max_rel,SKIP
hydr1c_A_40.mtx,bfp8_outlier_lb,bfp8_outlier_lb,controlled_lossy_value_specialized,ok,none,accuracy_pass_runtime_loss,0.0110,0.0087,1.527273,0.709091,,32763,46880,bfp8_outlier,bfp8_outlier,false,0,0,false,0,spmv_max_rel,SKIP
hydr1c_A_40.mtx,bfp4_lb,bfp4_lb,controlled_lossy_value_specialized,ok,none,accuracy_pass_runtime_loss,0.0089,0.0073,1.887640,0.876404,,21466,46880,bfp4,bfp4,false,0,0,false,0,spmv_max_rel,SKIP
hydr1c_A_40.mtx,hybrid_lb,hybrid_lb,structural_hybrid,ok,none,promoted_fallback,0.0075,0.0063,2.240000,1.040000,,155928,,original,raw_double,false,,,1,0,exact_abs_or_rel,SKIP
hydr1c_A_40.mtx,cusparse_default,cusparse_csr,external_baseline,ok,none,external_baseline,0.0168,0.0143,1.000000,0.464286,,155928,99200,original,original,false,,,true,0,exact_abs_or_rel,SKIP
hydr1c_A_48.mtx,original_lb,original_lb,load_balanced_traversal,ok,none,promoted_fallback,0.0078,0.0071,1.948718,1.000000,,188136,56424,original,original,false,0,0,true,0,exact_abs_or_rel,SKIP
hydr1c_A_48.mtx,auto_lossless_lb,original_lb,load_balanced_traversal,ok,none,promoted_fallback,0.0074,0.0068,2.054054,1.054054,,188136,56424,auto_lossless,original,true,12484,188136,true,0,exact_abs_or_rel,SKIP
hydr1c_A_48.mtx,fp16_lb,fp16_lb,controlled_lossy_value_specialized,ok,none,accuracy_pass_runtime_win,0.0075,0.0060,2.026667,1.040000,,47034,56424,fp16,fp16,false,0,0,false,0,spmv_max_rel,SKIP
hydr1c_A_48.mtx,bf16_lb,bf16_lb,controlled_lossy_value_specialized,ok,none,accuracy_pass_runtime_win,0.0067,0.0061,2.268657,1.164179,,47034,56424,bf16,bf16,false,0,0,false,0,spmv_max_rel,SKIP
hydr1c_A_48.mtx,bfp8_lb,bfp8_lb,controlled_lossy_value_specialized,ok,none,accuracy_pass_runtime_loss,0.0089,0.0076,1.707865,0.876404,,37623,56424,bfp8,bfp8,false,0,0,false,0,spmv_max_rel,SKIP
hydr1c_A_48.mtx,bfp8_outlier_lb,bfp8_outlier_lb,controlled_lossy_value_specialized,ok,none,accuracy_pass_runtime_loss,0.0101,0.0079,1.504950,0.772277,,39495,56424,bfp8_outlier,bfp8_outlier,false,0,0,false,0,spmv_max_rel,SKIP
hydr1c_A_48.mtx,bfp4_lb,bfp4_lb,controlled_lossy_value_specialized,ok,none,accuracy_pass_runtime_loss,0.0086,0.0074,1.767442,0.906977,,25865,56424,bfp4,bfp4,false,0,0,false,0,spmv_max_rel,SKIP
hydr1c_A_48.mtx,hybrid_lb,hybrid_lb,structural_hybrid,ok,none,promoted_fallback,0.0070,0.0053,2.171429,1.114286,,188136,,original,raw_double,false,,,1,0,exact_abs_or_rel,SKIP
hydr1c_A_48.mtx,cusparse_default,cusparse_csr,external_baseline,ok,none,external_baseline,0.0152,0.0123,1.000000,0.513158,,188136,115304,original,original,false,,,true,0,exact_abs_or_rel,SKIP
hydr1c_A_56.mtx,original_lb,original_lb,load_balanced_traversal,ok,none,promoted_fallback,0.0075,0.0060,1.906667,1.000000,,155960,46880,original,original,false,0,0,true,0,exact_abs_or_rel,SKIP
hydr1c_A_56.mtx,auto_lossless_lb,original_lb,load_balanced_traversal,ok,none,promoted_fallback,0.0075,0.0060,1.906667,1.000000,,155960,46880,auto_lossless,original,true,9054,155960,true,0,exact_abs_or_rel,SKIP
hydr1c_A_56.mtx,fp16_lb,fp16_lb,controlled_lossy_value_specialized,ok,none,accuracy_pass_runtime_win,0.0074,0.0061,1.932432,1.013514,,38990,46880,fp16,fp16,false,0,0,false,0,spmv_max_rel,SKIP
hydr1c_A_56.mtx,bf16_lb,bf16_lb,controlled_lossy_value_specialized,ok,none,accuracy_pass_runtime_win,0.0072,0.0061,1.986111,1.041667,,38990,46880,bf16,bf16,false,0,0,false,0,spmv_max_rel,SKIP
hydr1c_A_56.mtx,bfp8_lb,bfp8_lb,controlled_lossy_value_specialized,ok,none,accuracy_pass_runtime_loss,0.0075,0.0065,1.906667,1.000000,,31215,46880,bfp8,bfp8,false,0,0,false,0,spmv_max_rel,SKIP
hydr1c_A_56.mtx,bfp8_outlier_lb,bfp8_outlier_lb,controlled_lossy_value_specialized,ok,none,accuracy_pass_runtime_loss,0.0095,0.0076,1.505263,0.789474,,32767,46880,bfp8_outlier,bfp8_outlier,false,0,0,false,0,spmv_max_rel,SKIP
hydr1c_A_56.mtx,bfp4_lb,bfp4_lb,controlled_lossy_value_specialized,ok,none,accuracy_pass_runtime_loss,0.0093,0.0082,1.537634,0.806452,,21468,46880,bfp4,bfp4,false,0,0,false,0,spmv_max_rel,SKIP
hydr1c_A_56.mtx,hybrid_lb,hybrid_lb,structural_hybrid,ok,none,promoted_fallback,0.0074,0.0052,1.932432,1.013514,,155960,,original,raw_double,false,,,1,0,exact_abs_or_rel,SKIP
hydr1c_A_56.mtx,cusparse_default,cusparse_csr,external_baseline,ok,none,external_baseline,0.0143,0.0123,1.000000,0.524476,,155960,99216,original,original,false,,,true,0,exact_abs_or_rel,SKIP
hydr1c_A_64.mtx,original_lb,original_lb,load_balanced_traversal,ok,none,promoted_fallback,0.0085,0.0070,1.964706,1.000000,,155824,46888,original,original,false,0,0,true,0,exact_abs_or_rel,SKIP
hydr1c_A_64.mtx,auto_lossless_lb,original_lb,load_balanced_traversal,ok,none,promoted_fallback,0.0079,0.0068,2.113924,1.075949,,155824,46888,auto_lossless,original,true,9043,155824,true,0,exact_abs_or_rel,SKIP
hydr1c_A_64.mtx,fp16_lb,fp16_lb,controlled_lossy_value_specialized,ok,none,accuracy_pass_runtime_win,0.0075,0.0065,2.226667,1.133333,,38956,46888,fp16,fp16,false,0,0,false,0,spmv_max_rel,SKIP
hydr1c_A_64.mtx,bf16_lb,bf16_lb,controlled_lossy_value_specialized,ok,none,accuracy_pass_runtime_win,0.0077,0.0062,2.168831,1.103896,,38956,46888,bf16,bf16,false,0,0,false,0,spmv_max_rel,SKIP
hydr1c_A_64.mtx,bfp8_lb,bfp8_lb,controlled_lossy_value_specialized,ok,none,accuracy_pass_runtime_win,0.0072,0.0065,2.319444,1.180556,,31200,46888,bfp8,bfp8,false,0,0,false,0,spmv_max_rel,SKIP
hydr1c_A_64.mtx,bfp8_outlier_lb,bfp8_outlier_lb,controlled_lossy_value_specialized,ok,none,accuracy_pass_runtime_loss,0.0099,0.0081,1.686869,0.858586,,32752,46888,bfp8_outlier,bfp8_outlier,false,0,0,false,0,spmv_max_rel,SKIP
hydr1c_A_64.mtx,bfp4_lb,bfp4_lb,controlled_lossy_value_specialized,ok,none,accuracy_pass_runtime_loss,0.0090,0.0084,1.855556,0.944444,,21461,46888,bfp4,bfp4,false,0,0,false,0,spmv_max_rel,SKIP
hydr1c_A_64.mtx,hybrid_lb,hybrid_lb,structural_hybrid,ok,none,promoted_fallback,0.0074,0.0053,2.256757,1.148649,,155824,,original,raw_double,false,,,1,0,exact_abs_or_rel,SKIP
hydr1c_A_64.mtx,cusparse_default,cusparse_csr,external_baseline,ok,none,external_baseline,0.0167,0.0123,1.000000,0.508982,,155824,99148,original,original,false,,,true,0,exact_abs_or_rel,SKIP
hydr1c_A_72.mtx,original_lb,original_lb,load_balanced_traversal,ok,none,promoted_fallback,0.0092,0.0075,1.597826,1.000000,,188424,56440,original,original,false,0,0,true,0,exact_abs_or_rel,SKIP
hydr1c_A_72.mtx,auto_lossless_lb,original_lb,load_balanced_traversal,ok,none,promoted_fallback,0.0081,0.0063,1.814815,1.135802,,188424,56440,auto_lossless,original,true,12522,188424,true,0,exact_abs_or_rel,SKIP
hydr1c_A_72.mtx,fp16_lb,fp16_lb,controlled_lossy_value_specialized,ok,none,accuracy_pass_runtime_win,0.0075,0.0066,1.960000,1.226667,,47106,56440,fp16,fp16,false,0,0,false,0,spmv_max_rel,SKIP
hydr1c_A_72.mtx,bf16_lb,bf16_lb,controlled_lossy_value_specialized,ok,none,accuracy_pass_runtime_win,0.0072,0.0057,2.041667,1.277778,,47106,56440,bf16,bf16,false,0,0,false,0,spmv_max_rel,SKIP
hydr1c_A_72.mtx,bfp8_lb,bfp8_lb,controlled_lossy_value_specialized,ok,none,accuracy_pass_runtime_win,0.0080,0.0069,1.837500,1.150000,,37663,56440,bfp8,bfp8,false,0,0,false,0,spmv_max_rel,SKIP
hydr1c_A_72.mtx,bfp8_outlier_lb,bfp8_outlier_lb,controlled_lossy_value_specialized,ok,none,accuracy_pass_runtime_loss,0.0097,0.0076,1.515464,0.948454,,39535,56440,bfp8_outlier,bfp8_outlier,false,0,0,false,0,spmv_max_rel,SKIP
hydr1c_A_72.mtx,bfp4_lb,bfp4_lb,controlled_lossy_value_specialized,ok,none,accuracy_pass_runtime_loss,0.0095,0.0078,1.547368,0.968421,,25887,56440,bfp4,bfp4,false,0,0,false,0,spmv_max_rel,SKIP
hydr1c_A_72.mtx,hybrid_lb,hybrid_lb,structural_hybrid,ok,none,promoted_fallback,0.0072,0.0057,2.041667,1.277778,,188424,,original,raw_double,false,,,1,0,exact_abs_or_rel,SKIP
hydr1c_A_72.mtx,cusparse_default,cusparse_csr,external_baseline,ok,none,external_baseline,0.0147,0.0123,1.000000,0.625850,,188424,115448,original,original,false,,,true,0,exact_abs_or_rel,SKIP
hydr1c_Zeros_03.mtx,original_lb,original_lb,load_balanced_traversal,ok,none,promoted_fallback,0.0060,0.0050,2.783333,1.000000,,6048,1904,original,original,false,0,0,true,0,exact_abs_or_rel,SKIP
hydr1c_Zeros_03.mtx,auto_lossless_lb,all_one_lb,lossless_value_specialized,ok,none,accuracy_pass_runtime_win,0.0057,0.0042,2.929825,1.052632,,0,1904,auto_lossless,all_one,true,1,0,true,0,exact_abs_or_rel,SKIP
hydr1c_Zeros_03.mtx,fp16_lb,fp16_lb,controlled_lossy_value_specialized,ok,none,accuracy_pass_runtime_win,0.0056,0.0044,2.982143,1.071429,,1512,1904,fp16,fp16,false,0,0,false,0,spmv_max_rel,SKIP
hydr1c_Zeros_03.mtx,bf16_lb,bf16_lb,controlled_lossy_value_specialized,ok,none,accuracy_pass_runtime_loss,0.0060,0.0044,2.783333,1.000000,,1512,1904,bf16,bf16,false,0,0,false,0,spmv_max_rel,SKIP
hydr1c_Zeros_03.mtx,bfp8_lb,bfp8_lb,controlled_lossy_value_specialized,ok,none,accuracy_pass_runtime_win,0.0056,0.0043,2.982143,1.071429,,1232,1904,bfp8,bfp8,false,0,0,false,0,spmv_max_rel,SKIP
hydr1c_Zeros_03.mtx,bfp8_outlier_lb,bfp8_outlier_lb,controlled_lossy_value_specialized,ok,none,accuracy_pass_runtime_win,0.0056,0.0045,2.982143,1.071429,,1232,1904,bfp8_outlier,bfp8_outlier,false,0,0,false,0,spmv_max_rel,SKIP
hydr1c_Zeros_03.mtx,bfp4_lb,bfp4_lb,controlled_lossy_value_specialized,ok,none,accuracy_pass_runtime_win,0.0057,0.0046,2.929825,1.052632,,854,1904,bfp4,bfp4,false,0,0,false,0,spmv_max_rel,SKIP
hydr1c_Zeros_03.mtx,hybrid_lb,hybrid_lb,structural_hybrid,ok,none,promoted_fallback,0.0058,0.0045,2.879310,1.034483,,6048,,original,raw_double,false,,,1,0,exact_abs_or_rel,SKIP
hydr1c_Zeros_03.mtx,cusparse_default,cusparse_csr,external_baseline,ok,none,external_baseline,0.0167,0.0123,1.000000,0.359281,,6048,24260,original,original,false,,,true,0,exact_abs_or_rel,SKIP
hydr1c_Zeros_11.mtx,original_lb,original_lb,load_balanced_traversal,ok,none,promoted_fallback,0.0063,0.0052,2.349206,1.000000,,3144,1856,original,original,false,0,0,true,0,exact_abs_or_rel,SKIP
hydr1c_Zeros_11.mtx,auto_lossless_lb,all_one_lb,lossless_value_specialized,ok,none,accuracy_pass_runtime_win,0.0061,0.0050,2.426230,1.032787,,0,1856,auto_lossless,all_one,true,1,0,true,0,exact_abs_or_rel,SKIP
hydr1c_Zeros_11.mtx,fp16_lb,fp16_lb,controlled_lossy_value_specialized,ok,none,accuracy_pass_runtime_win,0.0061,0.0046,2.426230,1.032787,,786,1856,fp16,fp16,false,0,0,false,0,spmv_max_rel,SKIP
hydr1c_Zeros_11.mtx,bf16_lb,bf16_lb,controlled_lossy_value_specialized,ok,none,accuracy_pass_runtime_win,0.0045,0.0035,3.288889,1.400000,,786,1856,bf16,bf16,false,0,0,false,0,spmv_max_rel,SKIP
hydr1c_Zeros_11.mtx,bfp8_lb,bfp8_lb,controlled_lossy_value_specialized,ok,none,accuracy_pass_runtime_win,0.0054,0.0047,2.740741,1.166667,,857,1856,bfp8,bfp8,false,0,0,false,0,spmv_max_rel,SKIP
hydr1c_Zeros_11.mtx,bfp8_outlier_lb,bfp8_outlier_lb,controlled_lossy_value_specialized,ok,none,accuracy_pass_runtime_win,0.0050,0.0044,2.960000,1.260000,,857,1856,bfp8_outlier,bfp8_outlier,false,0,0,false,0,spmv_max_rel,SKIP
hydr1c_Zeros_11.mtx,bfp4_lb,bfp4_lb,controlled_lossy_value_specialized,ok,none,accuracy_pass_runtime_win,0.0051,0.0044,2.901961,1.235294,,661,1856,bfp4,bfp4,false,0,0,false,0,spmv_max_rel,SKIP
hydr1c_Zeros_11.mtx,hybrid_lb,hybrid_lb,structural_hybrid,ok,none,promoted_fallback,0.0059,0.0044,2.508475,1.067797,,3144,,original,raw_double,false,,,1,0,exact_abs_or_rel,SKIP
hydr1c_Zeros_11.mtx,cusparse_default,cusparse_csr,external_baseline,ok,none,external_baseline,0.0148,0.0123,1.000000,0.425676,,3144,22808,original,original,false,,,true,0,exact_abs_or_rel,SKIP
hydr1c_Zeros_19.mtx,original_lb,original_lb,load_balanced_traversal,ok,none,promoted_fallback,0.0053,0.0043,2.754717,1.000000,,3408,2040,original,original,false,0,0,true,0,exact_abs_or_rel,SKIP
hydr1c_Zeros_19.mtx,auto_lossless_lb,all_one_lb,lossless_value_specialized,ok,none,accuracy_pass_runtime_loss,0.0054,0.0045,2.703704,0.981481,,0,2040,auto_lossless,all_one,true,1,0,true,0,exact_abs_or_rel,SKIP
hydr1c_Zeros_19.mtx,fp16_lb,fp16_lb,controlled_lossy_value_specialized,ok,none,accuracy_pass_runtime_loss,0.0055,0.0044,2.654545,0.963636,,852,2040,fp16,fp16,false,0,0,false,0,spmv_max_rel,SKIP
hydr1c_Zeros_19.mtx,bf16_lb,bf16_lb,controlled_lossy_value_specialized,ok,none,accuracy_pass_runtime_loss,0.0055,0.0043,2.654545,0.963636,,852,2040,bf16,bf16,false,0,0,false,0,spmv_max_rel,SKIP
hydr1c_Zeros_19.mtx,bfp8_lb,bfp8_lb,controlled_lossy_value_specialized,ok,none,accuracy_pass_runtime_win,0.0052,0.0042,2.807692,1.019231,,936,2040,bfp8,bfp8,false,0,0,false,0,spmv_max_rel,SKIP
hydr1c_Zeros_19.mtx,bfp8_outlier_lb,bfp8_outlier_lb,controlled_lossy_value_specialized,ok,none,accuracy_pass_runtime_loss,0.0054,0.0044,2.703704,0.981481,,936,2040,bfp8_outlier,bfp8_outlier,false,0,0,false,0,spmv_max_rel,SKIP
hydr1c_Zeros_19.mtx,bfp4_lb,bfp4_lb,controlled_lossy_value_specialized,ok,none,accuracy_pass_runtime_loss,0.0057,0.0044,2.561404,0.929825,,723,2040,bfp4,bfp4,false,0,0,false,0,spmv_max_rel,SKIP
hydr1c_Zeros_19.mtx,hybrid_lb,hybrid_lb,structural_hybrid,ok,none,promoted_fallback,0.0062,0.0049,2.354839,0.854839,,3408,,original,raw_double,false,,,1,0,exact_abs_or_rel,SKIP
hydr1c_Zeros_19.mtx,cusparse_default,cusparse_csr,external_baseline,ok,none,external_baseline,0.0146,0.0123,1.000000,0.363014,,3408,22940,original,original,false,,,true,0,exact_abs_or_rel,SKIP
hydr1c_Zeros_27.mtx,original_lb,original_lb,load_balanced_traversal,ok,none,promoted_fallback,0.0064,0.0057,2.312500,1.000000,,3256,1936,original,original,false,0,0,true,0,exact_abs_or_rel,SKIP
hydr1c_Zeros_27.mtx,auto_lossless_lb,all_one_lb,lossless_value_specialized,ok,none,accuracy_pass_runtime_win,0.0055,0.0044,2.690909,1.163636,,0,1936,auto_lossless,all_one,true,1,0,true,0,exact_abs_or_rel,SKIP
hydr1c_Zeros_27.mtx,fp16_lb,fp16_lb,controlled_lossy_value_specialized,ok,none,accuracy_pass_runtime_win,0.0057,0.0042,2.596491,1.122807,,814,1936,fp16,fp16,false,0,0,false,0,spmv_max_rel,SKIP
hydr1c_Zeros_27.mtx,bf16_lb,bf16_lb,controlled_lossy_value_specialized,ok,none,accuracy_pass_runtime_win,0.0051,0.0047,2.901961,1.254902,,814,1936,bf16,bf16,false,0,0,false,0,spmv_max_rel,SKIP
hydr1c_Zeros_27.mtx,bfp8_lb,bfp8_lb,controlled_lossy_value_specialized,ok,none,accuracy_pass_runtime_win,0.0054,0.0044,2.740741,1.185185,,891,1936,bfp8,bfp8,false,0,0,false,0,spmv_max_rel,SKIP
hydr1c_Zeros_27.mtx,bfp8_outlier_lb,bfp8_outlier_lb,controlled_lossy_value_specialized,ok,none,accuracy_pass_runtime_win,0.0054,0.0045,2.740741,1.185185,,891,1936,bfp8_outlier,bfp8_outlier,false,0,0,false,0,spmv_max_rel,SKIP
hydr1c_Zeros_27.mtx,bfp4_lb,bfp4_lb,controlled_lossy_value_specialized,ok,none,accuracy_pass_runtime_win,0.0059,0.0053,2.508475,1.084746,,688,1936,bfp4,bfp4,false,0,0,false,0,spmv_max_rel,SKIP
hydr1c_Zeros_27.mtx,hybrid_lb,hybrid_lb,structural_hybrid,ok,none,promoted_fallback,0.0058,0.0045,2.551724,1.103448,,3256,,original,raw_double,false,,,1,0,exact_abs_or_rel,SKIP
hydr1c_Zeros_27.mtx,cusparse_default,cusparse_csr,external_baseline,ok,none,external_baseline,0.0148,0.0123,1.000000,0.432432,,3256,22864,original,original,false,,,true,0,exact_abs_or_rel,SKIP
hydr1c_Zeros_35.mtx,original_lb,original_lb,load_balanced_traversal,ok,none,promoted_fallback,0.0056,0.0042,3.000000,1.000000,,3320,2056,original,original,false,0,0,true,0,exact_abs_or_rel,SKIP
hydr1c_Zeros_35.mtx,auto_lossless_lb,all_one_lb,lossless_value_specialized,ok,none,accuracy_pass_runtime_win,0.0052,0.0046,3.230769,1.076923,,0,2056,auto_lossless,all_one,true,1,0,true,0,exact_abs_or_rel,SKIP
hydr1c_Zeros_35.mtx,fp16_lb,fp16_lb,controlled_lossy_value_specialized,ok,none,accuracy_pass_runtime_loss,0.0060,0.0044,2.800000,0.933333,,830,2056,fp16,fp16,false,0,0,false,0,spmv_max_rel,SKIP
hydr1c_Zeros_35.mtx,bf16_lb,bf16_lb,controlled_lossy_value_specialized,ok,none,accuracy_pass_runtime_loss,0.0056,0.0045,3.000000,1.000000,,830,2056,bf16,bf16,false,0,0,false,0,spmv_max_rel,SKIP
hydr1c_Zeros_35.mtx,bfp8_lb,bfp8_lb,controlled_lossy_value_specialized,ok,none,accuracy_pass_runtime_win,0.0053,0.0047,3.169811,1.056604,,929,2056,bfp8,bfp8,false,0,0,false,0,spmv_max_rel,SKIP
hydr1c_Zeros_35.mtx,bfp8_outlier_lb,bfp8_outlier_lb,controlled_lossy_value_specialized,ok,none,accuracy_pass_runtime_win,0.0055,0.0047,3.054545,1.018182,,929,2056,bfp8_outlier,bfp8_outlier,false,0,0,false,0,spmv_max_rel,SKIP
hydr1c_Zeros_35.mtx,bfp4_lb,bfp4_lb,controlled_lossy_value_specialized,ok,none,accuracy_pass_runtime_win,0.0055,0.0046,3.054545,1.018182,,722,2056,bfp4,bfp4,false,0,0,false,0,spmv_max_rel,SKIP
hydr1c_Zeros_35.mtx,hybrid_lb,hybrid_lb,structural_hybrid,ok,none,promoted_fallback,0.0069,0.0057,2.434783,0.811594,,3320,,original,raw_double,false,,,1,0,exact_abs_or_rel,SKIP
hydr1c_Zeros_35.mtx,cusparse_default,cusparse_csr,external_baseline,ok,none,external_baseline,0.0168,0.0123,1.000000,0.333333,,3320,22896,original,original,false,,,true,0,exact_abs_or_rel,SKIP
hydr1c_Zeros_43.mtx,original_lb,original_lb,load_balanced_traversal,ok,none,promoted_fallback,0.0063,0.0050,2.587302,1.000000,,3056,1808,original,original,false,0,0,true,0,exact_abs_or_rel,SKIP
hydr1c_Zeros_43.mtx,auto_lossless_lb,all_one_lb,lossless_value_specialized,ok,none,accuracy_pass_runtime_win,0.0056,0.0047,2.910714,1.125000,,0,1808,auto_lossless,all_one,true,1,0,true,0,exact_abs_or_rel,SKIP
hydr1c_Zeros_43.mtx,fp16_lb,fp16_lb,controlled_lossy_value_specialized,ok,none,accuracy_pass_runtime_win,0.0061,0.0049,2.672131,1.032787,,764,1808,fp16,fp16,false,0,0,false,0,spmv_max_rel,SKIP
hydr1c_Zeros_43.mtx,bf16_lb,bf16_lb,controlled_lossy_value_specialized,ok,none,accuracy_pass_runtime_win,0.0061,0.0046,2.672131,1.032787,,764,1808,bf16,bf16,false,0,0,false,0,spmv_max_rel,SKIP
hydr1c_Zeros_43.mtx,bfp8_lb,bfp8_lb,controlled_lossy_value_specialized,ok,none,accuracy_pass_runtime_win,0.0053,0.0043,3.075472,1.188679,,834,1808,bfp8,bfp8,false,0,0,false,0,spmv_max_rel,SKIP
hydr1c_Zeros_43.mtx,bfp8_outlier_lb,bfp8_outlier_lb,controlled_lossy_value_specialized,ok,none,accuracy_pass_runtime_win,0.0051,0.0048,3.196078,1.235294,,834,1808,bfp8_outlier,bfp8_outlier,false,0,0,false,0,spmv_max_rel,SKIP
hydr1c_Zeros_43.mtx,bfp4_lb,bfp4_lb,controlled_lossy_value_specialized,ok,none,accuracy_pass_runtime_loss,0.0063,0.0048,2.587302,1.000000,,643,1808,bfp4,bfp4,false,0,0,false,0,spmv_max_rel,SKIP
hydr1c_Zeros_43.mtx,hybrid_lb,hybrid_lb,structural_hybrid,ok,none,promoted_fallback,0.0065,0.0047,2.507692,0.969231,,3056,,original,raw_double,false,,,1,0,exact_abs_or_rel,SKIP
hydr1c_Zeros_43.mtx,cusparse_default,cusparse_csr,external_baseline,ok,none,external_baseline,0.0163,0.0123,1.000000,0.386503,,3056,22764,original,original,false,,,true,0,exact_abs_or_rel,SKIP
hydr1c_Zeros_51.mtx,original_lb,original_lb,load_balanced_traversal,ok,none,promoted_fallback,0.0070,0.0056,2.142857,1.000000,,3328,2032,original,original,false,0,0,true,0,exact_abs_or_rel,SKIP
hydr1c_Zeros_51.mtx,auto_lossless_lb,all_one_lb,lossless_value_specialized,ok,none,accuracy_pass_runtime_win,0.0055,0.0044,2.727273,1.272727,,0,2032,auto_lossless,all_one,true,1,0,true,0,exact_abs_or_rel,SKIP
hydr1c_Zeros_51.mtx,fp16_lb,fp16_lb,controlled_lossy_value_specialized,ok,none,accuracy_pass_runtime_win,0.0052,0.0043,2.884615,1.346154,,832,2032,fp16,fp16,false,0,0,false,0,spmv_max_rel,SKIP
hydr1c_Zeros_51.mtx,bf16_lb,bf16_lb,controlled_lossy_value_specialized,ok,none,accuracy_pass_runtime_win,0.0050,0.0046,3.000000,1.400000,,832,2032,bf16,bf16,false,0,0,false,0,spmv_max_rel,SKIP
hydr1c_Zeros_51.mtx,bfp8_lb,bfp8_lb,controlled_lossy_value_specialized,ok,none,accuracy_pass_runtime_win,0.0051,0.0044,2.941176,1.372549,,924,2032,bfp8,bfp8,false,0,0,false,0,spmv_max_rel,SKIP
hydr1c_Zeros_51.mtx,bfp8_outlier_lb,bfp8_outlier_lb,controlled_lossy_value_specialized,ok,none,accuracy_pass_runtime_win,0.0057,0.0046,2.631579,1.228070,,924,2032,bfp8_outlier,bfp8_outlier,false,0,0,false,0,spmv_max_rel,SKIP
hydr1c_Zeros_51.mtx,bfp4_lb,bfp4_lb,controlled_lossy_value_specialized,ok,none,accuracy_pass_runtime_win,0.0055,0.0046,2.727273,1.272727,,716,2032,bfp4,bfp4,false,0,0,false,0,spmv_max_rel,SKIP
hydr1c_Zeros_51.mtx,hybrid_lb,hybrid_lb,structural_hybrid,ok,none,promoted_fallback,0.0060,0.0040,2.500000,1.166667,,3328,,original,raw_double,false,,,1,0,exact_abs_or_rel,SKIP
hydr1c_Zeros_51.mtx,cusparse_default,cusparse_csr,external_baseline,ok,none,external_baseline,0.0150,0.0123,1.000000,0.466667,,3328,22900,original,original,false,,,true,0,exact_abs_or_rel,SKIP
hydr1c_Zeros_59.mtx,original_lb,original_lb,load_balanced_traversal,ok,none,promoted_fallback,0.0058,0.0049,2.913793,1.000000,,3160,1872,original,original,false,0,0,true,0,exact_abs_or_rel,SKIP
hydr1c_Zeros_59.mtx,auto_lossless_lb,all_one_lb,lossless_value_specialized,ok,none,accuracy_pass_runtime_win,0.0056,0.0044,3.017857,1.035714,,0,1872,auto_lossless,all_one,true,1,0,true,0,exact_abs_or_rel,SKIP
hydr1c_Zeros_59.mtx,fp16_lb,fp16_lb,controlled_lossy_value_specialized,ok,none,accuracy_pass_runtime_win,0.0051,0.0044,3.313725,1.137255,,790,1872,fp16,fp16,false,0,0,false,0,spmv_max_rel,SKIP
hydr1c_Zeros_59.mtx,bf16_lb,bf16_lb,controlled_lossy_value_specialized,ok,none,accuracy_pass_runtime_loss,0.0061,0.0045,2.770492,0.950820,,790,1872,bf16,bf16,false,0,0,false,0,spmv_max_rel,SKIP
hydr1c_Zeros_59.mtx,bfp8_lb,bfp8_lb,controlled_lossy_value_specialized,ok,none,accuracy_pass_runtime_win,0.0053,0.0044,3.188679,1.094340,,863,1872,bfp8,bfp8,false,0,0,false,0,spmv_max_rel,SKIP
hydr1c_Zeros_59.mtx,bfp8_outlier_lb,bfp8_outlier_lb,controlled_lossy_value_specialized,ok,none,accuracy_pass_runtime_win,0.0049,0.0045,3.448980,1.183673,,863,1872,bfp8_outlier,bfp8_outlier,false,0,0,false,0,spmv_max_rel,SKIP
hydr1c_Zeros_59.mtx,bfp4_lb,bfp4_lb,controlled_lossy_value_specialized,ok,none,accuracy_pass_runtime_win,0.0050,0.0043,3.380000,1.160000,,666,1872,bfp4,bfp4,false,0,0,false,0,spmv_max_rel,SKIP
hydr1c_Zeros_59.mtx,hybrid_lb,hybrid_lb,structural_hybrid,ok,none,promoted_fallback,0.0060,0.0046,2.816667,0.966667,,3160,,original,raw_double,false,,,1,0,exact_abs_or_rel,SKIP
hydr1c_Zeros_59.mtx,cusparse_default,cusparse_csr,external_baseline,ok,none,external_baseline,0.0169,0.0123,1.000000,0.343195,,3160,22816,original,original,false,,,true,0,exact_abs_or_rel,SKIP
hydr1c_Zeros_67.mtx,original_lb,original_lb,load_balanced_traversal,ok,none,promoted_fallback,0.0069,0.0061,2.072464,1.000000,,3120,1872,original,original,false,0,0,true,0,exact_abs_or_rel,SKIP
hydr1c_Zeros_67.mtx,auto_lossless_lb,all_one_lb,lossless_value_specialized,ok,none,accuracy_pass_runtime_win,0.0060,0.0047,2.383333,1.150000,,0,1872,auto_lossless,all_one,true,1,0,true,0,exact_abs_or_rel,SKIP
hydr1c_Zeros_67.mtx,fp16_lb,fp16_lb,controlled_lossy_value_specialized,ok,none,accuracy_pass_runtime_win,0.0052,0.0047,2.750000,1.326923,,780,1872,fp16,fp16,false,0,0,false,0,spmv_max_rel,SKIP
hydr1c_Zeros_67.mtx,bf16_lb,bf16_lb,controlled_lossy_value_specialized,ok,none,accuracy_pass_runtime_win,0.0051,0.0041,2.803922,1.352941,,780,1872,bf16,bf16,false,0,0,false,0,spmv_max_rel,SKIP
hydr1c_Zeros_67.mtx,bfp8_lb,bfp8_lb,controlled_lossy_value_specialized,ok,none,accuracy_pass_runtime_win,0.0058,0.0055,2.465517,1.189655,,858,1872,bfp8,bfp8,false,0,0,false,0,spmv_max_rel,SKIP
hydr1c_Zeros_67.mtx,bfp8_outlier_lb,bfp8_outlier_lb,controlled_lossy_value_specialized,ok,none,accuracy_pass_runtime_win,0.0055,0.0045,2.600000,1.254545,,858,1872,bfp8_outlier,bfp8_outlier,false,0,0,false,0,spmv_max_rel,SKIP
hydr1c_Zeros_67.mtx,bfp4_lb,bfp4_lb,controlled_lossy_value_specialized,ok,none,accuracy_pass_runtime_win,0.0050,0.0044,2.860000,1.380000,,663,1872,bfp4,bfp4,false,0,0,false,0,spmv_max_rel,SKIP
hydr1c_Zeros_67.mtx,hybrid_lb,hybrid_lb,structural_hybrid,ok,none,promoted_fallback,0.0058,0.0049,2.465517,1.189655,,3120,,original,raw_double,false,,,1,0,exact_abs_or_rel,SKIP
hydr1c_Zeros_67.mtx,cusparse_default,cusparse_csr,external_baseline,ok,none,external_baseline,0.0143,0.0123,1.000000,0.482517,,3120,22796,original,original,false,,,true,0,exact_abs_or_rel,SKIP
hydr1c_Zeros_75.mtx,original_lb,original_lb,load_balanced_traversal,ok,none,promoted_fallback,0.0062,0.0052,2.370968,1.000000,,3392,2072,original,original,false,0,0,true,0,exact_abs_or_rel,SKIP
hydr1c_Zeros_75.mtx,auto_lossless_lb,all_one_lb,lossless_value_specialized,ok,none,accuracy_pass_runtime_win,0.0052,0.0044,2.826923,1.192308,,0,2072,auto_lossless,all_one,true,1,0,true,0,exact_abs_or_rel,SKIP
hydr1c_Zeros_75.mtx,fp16_lb,fp16_lb,controlled_lossy_value_specialized,ok,none,accuracy_pass_runtime_win,0.0057,0.0046,2.578947,1.087719,,848,2072,fp16,fp16,false,0,0,false,0,spmv_max_rel,SKIP
hydr1c_Zeros_75.mtx,bf16_lb,bf16_lb,controlled_lossy_value_specialized,ok,none,accuracy_pass_runtime_win,0.0053,0.0044,2.773585,1.169811,,848,2072,bf16,bf16,false,0,0,false,0,spmv_max_rel,SKIP
hydr1c_Zeros_75.mtx,bfp8_lb,bfp8_lb,controlled_lossy_value_specialized,ok,none,accuracy_pass_runtime_win,0.0052,0.0045,2.826923,1.192308,,942,2072,bfp8,bfp8,false,0,0,false,0,spmv_max_rel,SKIP
hydr1c_Zeros_75.mtx,bfp8_outlier_lb,bfp8_outlier_lb,controlled_lossy_value_specialized,ok,none,accuracy_pass_runtime_win,0.0055,0.0044,2.672727,1.127273,,942,2072,bfp8_outlier,bfp8_outlier,false,0,0,false,0,spmv_max_rel,SKIP
hydr1c_Zeros_75.mtx,bfp4_lb,bfp4_lb,controlled_lossy_value_specialized,ok,none,accuracy_pass_runtime_win,0.0060,0.0052,2.450000,1.033333,,730,2072,bfp4,bfp4,false,0,0,false,0,spmv_max_rel,SKIP
hydr1c_Zeros_75.mtx,hybrid_lb,hybrid_lb,structural_hybrid,ok,none,promoted_fallback,0.0054,0.0044,2.722222,1.148148,,3392,,original,raw_double,false,,,1,0,exact_abs_or_rel,SKIP
hydr1c_Zeros_75.mtx,cusparse_default,cusparse_csr,external_baseline,ok,none,external_baseline,0.0147,0.0123,1.000000,0.421769,,3392,22932,original,original,false,,,true,0,exact_abs_or_rel,SKIP
ibm32.mtx,original_lb,original_lb,load_balanced_traversal,ok,none,promoted_fallback,0.0070,0.0060,1.714286,1.000000,,1008,248,original,original,false,0,0,true,0,exact_abs_or_rel,SKIP
ibm32.mtx,auto_lossless_lb,all_one_lb,lossless_value_specialized,ok,none,accuracy_pass_runtime_win,0.0056,0.0047,2.142857,1.250000,,0,248,auto_lossless,all_one,true,1,0,true,0,exact_abs_or_rel,SKIP
ibm32.mtx,fp16_lb,fp16_lb,controlled_lossy_value_specialized,ok,none,accuracy_pass_runtime_win,0.0060,0.0051,2.000000,1.166667,,252,248,fp16,fp16,false,0,0,false,0,spmv_max_rel,SKIP
ibm32.mtx,bf16_lb,bf16_lb,controlled_lossy_value_specialized,ok,none,accuracy_pass_runtime_win,0.0065,0.0050,1.846154,1.076923,,252,248,bf16,bf16,false,0,0,false,0,spmv_max_rel,SKIP
ibm32.mtx,bfp8_lb,bfp8_lb,controlled_lossy_value_specialized,ok,none,accuracy_pass_runtime_win,0.0065,0.0051,1.846154,1.076923,,188,248,bfp8,bfp8,false,0,0,false,0,spmv_max_rel,SKIP
ibm32.mtx,bfp8_outlier_lb,bfp8_outlier_lb,controlled_lossy_value_specialized,ok,none,accuracy_pass_runtime_win,0.0062,0.0047,1.935484,1.129032,,188,248,bfp8_outlier,bfp8_outlier,false,0,0,false,0,spmv_max_rel,SKIP
ibm32.mtx,bfp4_lb,bfp4_lb,controlled_lossy_value_specialized,ok,none,accuracy_pass_runtime_loss,0.0076,0.0056,1.578947,0.921053,,125,248,bfp4,bfp4,false,0,0,false,0,spmv_max_rel,SKIP
ibm32.mtx,hybrid_lb,hybrid_lb,structural_hybrid,ok,none,promoted_fallback,0.0066,0.0056,1.818182,1.060606,,1008,,original,raw_double,false,,,1,0,exact_abs_or_rel,SKIP
ibm32.mtx,cusparse_default,cusparse_csr,external_baseline,ok,none,external_baseline,0.0120,0.0082,1.000000,0.583333,,1008,636,original,original,false,,,true,0,exact_abs_or_rel,SKIP
jagmesh1.mtx,original_lb,original_lb,load_balanced_traversal,ok,none,promoted_fallback,0.0073,0.0065,2.013699,1.000000,,50112,9880,original,original,false,0,0,true,0,exact_abs_or_rel,SKIP
jagmesh1.mtx,auto_lossless_lb,all_one_lb,lossless_value_specialized,ok,none,accuracy_pass_runtime_loss,0.0074,0.0065,1.986486,0.986486,,0,9880,auto_lossless,all_one,true,1,0,true,0,exact_abs_or_rel,SKIP
jagmesh1.mtx,fp16_lb,fp16_lb,controlled_lossy_value_specialized,ok,none,accuracy_pass_runtime_loss,0.0074,0.0066,1.986486,0.986486,,12528,9880,fp16,fp16,false,0,0,false,0,spmv_max_rel,SKIP
jagmesh1.mtx,bf16_lb,bf16_lb,controlled_lossy_value_specialized,ok,none,accuracy_pass_runtime_loss,0.0074,0.0066,1.986486,0.986486,,12528,9880,bf16,bf16,false,0,0,false,0,spmv_max_rel,SKIP
jagmesh1.mtx,bfp8_lb,bfp8_lb,controlled_lossy_value_specialized,ok,none,accuracy_pass_runtime_win,0.0068,0.0063,2.161765,1.073529,,8734,9880,bfp8,bfp8,false,0,0,false,0,spmv_max_rel,SKIP
jagmesh1.mtx,bfp8_outlier_lb,bfp8_outlier_lb,controlled_lossy_value_specialized,ok,none,accuracy_pass_runtime_win,0.0068,0.0063,2.161765,1.073529,,8734,9880,bfp8_outlier,bfp8_outlier,false,0,0,false,0,spmv_max_rel,SKIP
jagmesh1.mtx,bfp4_lb,bfp4_lb,controlled_lossy_value_specialized,ok,none,accuracy_pass_runtime_loss,0.0098,0.0091,1.500000,0.744898,,5602,9880,bfp4,bfp4,false,0,0,false,0,spmv_max_rel,SKIP
jagmesh1.mtx,hybrid_lb,hybrid_lb,structural_hybrid,ok,none,promoted_fallback,0.0071,0.0054,2.070423,1.028169,,50112,,original,raw_double,false,,,1,0,exact_abs_or_rel,SKIP
jagmesh1.mtx,cusparse_default,cusparse_csr,external_baseline,ok,none,external_baseline,0.0147,0.0123,1.000000,0.496599,,50112,28804,original,original,false,,,true,0,exact_abs_or_rel,SKIP
jagmesh9.mtx,original_lb,original_lb,load_balanced_traversal,ok,none,promoted_fallback,0.0080,0.0072,1.887500,1.000000,,72808,14736,original,original,false,0,0,true,0,exact_abs_or_rel,SKIP
jagmesh9.mtx,auto_lossless_lb,all_one_lb,lossless_value_specialized,ok,none,accuracy_pass_runtime_win,0.0079,0.0070,1.911392,1.012658,,0,14736,auto_lossless,all_one,true,1,0,true,0,exact_abs_or_rel,SKIP
jagmesh9.mtx,fp16_lb,fp16_lb,controlled_lossy_value_specialized,ok,none,accuracy_pass_runtime_win,0.0075,0.0064,2.013333,1.066667,,18202,14736,fp16,fp16,false,0,0,false,0,spmv_max_rel,SKIP
jagmesh9.mtx,bf16_lb,bf16_lb,controlled_lossy_value_specialized,ok,none,accuracy_pass_runtime_win,0.0079,0.0070,1.911392,1.012658,,18202,14736,bf16,bf16,false,0,0,false,0,spmv_max_rel,SKIP
jagmesh9.mtx,bfp8_lb,bfp8_lb,controlled_lossy_value_specialized,ok,none,accuracy_pass_runtime_win,0.0077,0.0065,1.961039,1.038961,,12785,14736,bfp8,bfp8,false,0,0,false,0,spmv_max_rel,SKIP
jagmesh9.mtx,bfp8_outlier_lb,bfp8_outlier_lb,controlled_lossy_value_specialized,ok,none,accuracy_pass_runtime_win,0.0079,0.0067,1.911392,1.012658,,12785,14736,bfp8_outlier,bfp8_outlier,false,0,0,false,0,spmv_max_rel,SKIP
jagmesh9.mtx,bfp4_lb,bfp4_lb,controlled_lossy_value_specialized,ok,none,accuracy_pass_runtime_loss,0.0110,0.0094,1.372727,0.727273,,8235,14736,bfp4,bfp4,false,0,0,false,0,spmv_max_rel,SKIP
jagmesh9.mtx,hybrid_lb,hybrid_lb,structural_hybrid,ok,none,promoted_fallback,0.0074,0.0052,2.040541,1.081081,,72808,,original,raw_double,false,,,1,0,exact_abs_or_rel,SKIP
jagmesh9.mtx,cusparse_default,cusparse_csr,external_baseline,ok,none,external_baseline,0.0151,0.0123,1.000000,0.529801,,72808,41804,original,original,false,,,true,0,exact_abs_or_rel,SKIP
jazz.mtx,original_lb,original_lb,load_balanced_traversal,ok,none,promoted_fallback,0.0095,0.0079,1.347368,1.000000,,43872,9264,original,original,false,0,0,true,0,exact_abs_or_rel,SKIP
jazz.mtx,auto_lossless_lb,const_c_lb,lossless_value_specialized,ok,none,accuracy_pass_runtime_loss,0.0100,0.0085,1.280000,0.950000,,8,9264,auto_lossless,const_c,true,1,8,true,1,exact_abs_or_rel,SKIP
jazz.mtx,fp16_lb,fp16_lb,controlled_lossy_value_specialized,ok,none,accuracy_pass_runtime_win,0.0092,0.0085,1.391304,1.032609,,10968,9264,fp16,fp16,false,0,0,false,0,spmv_max_rel,SKIP
jazz.mtx,bf16_lb,bf16_lb,controlled_lossy_value_specialized,ok,none,accuracy_pass_runtime_loss,0.0099,0.0083,1.292929,0.959596,,10968,9264,bf16,bf16,false,0,0,false,0,spmv_max_rel,SKIP
jazz.mtx,bfp8_lb,bfp8_lb,controlled_lossy_value_specialized,ok,none,accuracy_pass_runtime_loss,0.0099,0.0088,1.292929,0.959596,,7800,9264,bfp8,bfp8,false,0,0,false,0,spmv_max_rel,SKIP
jazz.mtx,bfp8_outlier_lb,bfp8_outlier_lb,controlled_lossy_value_specialized,ok,none,accuracy_pass_runtime_loss,0.0111,0.0098,1.153153,0.855856,,7800,9264,bfp8_outlier,bfp8_outlier,false,0,0,false,0,spmv_max_rel,SKIP
jazz.mtx,bfp4_lb,bfp4_lb,controlled_lossy_value_specialized,ok,none,accuracy_pass_runtime_loss,0.0133,0.0124,0.962406,0.714286,,5058,9264,bfp4,bfp4,false,0,0,false,0,spmv_max_rel,SKIP
jazz.mtx,hybrid_lb,hybrid_lb,structural_hybrid,ok,none,promoted_fallback,0.0090,0.0078,1.422222,1.055556,,43872,,original,raw_double,false,,,1,0,exact_abs_or_rel,SKIP
jazz.mtx,cusparse_default,cusparse_csr,external_baseline,ok,none,external_baseline,0.0128,0.0102,1.000000,0.742188,,43872,22732,original,original,false,,,true,0,exact_abs_or_rel,SKIP
kineticBatchReactor_5.mtx,original_lb,original_lb,load_balanced_traversal,ok,none,promoted_fallback,0.0086,0.0063,1.674419,1.000000,,646136,156512,original,original,false,0,0,true,0,exact_abs_or_rel,SKIP
kineticBatchReactor_5.mtx,auto_lossless_lb,original_lb,load_balanced_traversal,ok,none,promoted_fallback,0.0100,0.0092,1.440000,0.860000,,646136,156512,auto_lossless,original,true,32309,646136,true,0,exact_abs_or_rel,SKIP
kineticBatchReactor_5.mtx,fp16_lb,fp16_lb,controlled_lossy_value_specialized,ok,none,accuracy_pass_runtime_loss,0.0093,0.0083,1.548387,0.924731,,161534,156512,fp16,fp16,false,0,0,false,0,spmv_max_rel,SKIP
kineticBatchReactor_5.mtx,bf16_lb,bf16_lb,controlled_lossy_value_specialized,ok,none,accuracy_pass_runtime_loss,0.0091,0.0074,1.582418,0.945055,,161534,156512,bf16,bf16,false,0,0,false,0,spmv_max_rel,SKIP
kineticBatchReactor_5.mtx,bfp8_lb,bfp8_lb,controlled_lossy_value_specialized,ok,none,accuracy_pass_runtime_loss,0.0095,0.0082,1.515789,0.905263,,119895,156512,bfp8,bfp8,false,0,0,false,0,spmv_max_rel,SKIP
kineticBatchReactor_5.mtx,bfp8_outlier_lb,bfp8_outlier_lb,controlled_lossy_value_specialized,ok,none,accuracy_pass_runtime_loss,0.0114,0.0103,1.263158,0.754386,,126343,156512,bfp8_outlier,bfp8_outlier,false,0,0,false,0,spmv_max_rel,SKIP
kineticBatchReactor_5.mtx,bfp4_lb,bfp4_lb,controlled_lossy_value_specialized,ok,none,accuracy_pass_runtime_loss,0.0134,0.0126,1.074627,0.641791,,79512,156512,bfp4,bfp4,false,0,0,false,0,spmv_max_rel,SKIP
kineticBatchReactor_5.mtx,hybrid_lb,hybrid_lb,structural_hybrid,ok,none,promoted_fallback,0.0108,0.0101,1.333333,0.796296,,646136,,original,raw_double,false,,,1,0,exact_abs_or_rel,SKIP
kineticBatchReactor_5.mtx,cusparse_default,cusparse_csr,external_baseline,ok,none,external_baseline,0.0144,0.0123,1.000000,0.597222,,646136,353636,original,original,false,,,true,0,exact_abs_or_rel,SKIP
kleemin.mtx,original_lb,original_lb,load_balanced_traversal,ok,none,promoted_fallback,0.0051,0.0046,2.372549,1.000000,,352,32,original,original,false,0,0,true,0,exact_abs_or_rel,SKIP
kleemin.mtx,auto_lossless_lb,dict16_lb,lossless_value_specialized,ok,none,accuracy_pass_runtime_loss,0.0063,0.0048,1.920635,0.809524,,128,32,auto_lossless,dict16,true,8,128,true,8,exact_abs_or_rel,SKIP
kleemin.mtx,fp16_lb,fp16_lb,controlled_lossy_value_specialized,ok,none,accuracy_pass_runtime_loss,0.0055,0.0041,2.200000,0.927273,,88,32,fp16,fp16,false,0,0,false,0,spmv_max_rel,SKIP
kleemin.mtx,bf16_lb,bf16_lb,controlled_lossy_value_specialized,ok,none,accuracy_pass_runtime_loss,0.0055,0.0041,2.200000,0.927273,,88,32,bf16,bf16,false,0,0,false,0,spmv_max_rel,SKIP
kleemin.mtx,bfp8_lb,bfp8_lb,controlled_lossy_value_specialized,ok,none,accuracy_pass_runtime_loss,0.0061,0.0049,1.983607,0.836066,,52,32,bfp8,bfp8,false,0,0,false,0,spmv_max_rel,SKIP
kleemin.mtx,bfp8_outlier_lb,bfp8_outlier_lb,controlled_lossy_value_specialized,ok,none,accuracy_pass_runtime_loss,0.0053,0.0043,2.283019,0.962264,,52,32,bfp8_outlier,bfp8_outlier,false,0,0,false,0,spmv_max_rel,SKIP
kleemin.mtx,bfp4_lb,bfp4_lb,controlled_lossy_value_specialized,ok,none,accuracy_pass_runtime_loss,0.0069,0.0061,1.753623,0.739130,,30,32,bfp4,bfp4,false,0,0,false,0,spmv_max_rel,SKIP
kleemin.mtx,hybrid_lb,hybrid_lb,structural_hybrid,ok,none,promoted_fallback,0.0086,0.0052,1.406977,0.593023,,352,,original,raw_double,false,,,1,0,exact_abs_or_rel,SKIP
kleemin.mtx,cusparse_default,cusparse_csr,external_baseline,ok,none,external_baseline,0.0121,0.0102,1.000000,0.421488,,352,212,original,original,false,,,true,0,exact_abs_or_rel,SKIP
klein-b1.mtx,original_lb,original_lb,load_balanced_traversal,ok,none,promoted_fallback,0.0052,0.0045,2.250000,1.000000,,480,80,original,original,false,0,0,true,0,exact_abs_or_rel,SKIP
klein-b1.mtx,auto_lossless_lb,sign2_lb,lossless_value_specialized,ok,none,accuracy_pass_runtime_loss,0.0054,0.0045,2.166667,0.962963,,40,80,auto_lossless,sign2,true,2,40,true,0,exact_abs_or_rel,SKIP
klein-b1.mtx,fp16_lb,fp16_lb,controlled_lossy_value_specialized,ok,none,accuracy_pass_runtime_loss,0.0052,0.0043,2.250000,1.000000,,120,80,fp16,fp16,false,0,0,false,0,spmv_max_rel,SKIP
klein-b1.mtx,bf16_lb,bf16_lb,controlled_lossy_value_specialized,ok,none,accuracy_pass_runtime_loss,0.0058,0.0043,2.017241,0.896552,,120,80,bf16,bf16,false,0,0,false,0,spmv_max_rel,SKIP
klein-b1.mtx,bfp8_lb,bfp8_lb,controlled_lossy_value_specialized,ok,none,accuracy_pass_runtime_loss,0.0052,0.0037,2.250000,1.000000,,80,80,bfp8,bfp8,false,0,0,false,0,spmv_max_rel,SKIP
klein-b1.mtx,bfp8_outlier_lb,bfp8_outlier_lb,controlled_lossy_value_specialized,ok,none,accuracy_pass_runtime_loss,0.0054,0.0040,2.166667,0.962963,,80,80,bfp8_outlier,bfp8_outlier,false,0,0,false,0,spmv_max_rel,SKIP
klein-b1.mtx,bfp4_lb,bfp4_lb,controlled_lossy_value_specialized,ok,none,accuracy_pass_runtime_loss,0.0059,0.0048,1.983051,0.881356,,50,80,bfp4,bfp4,false,0,0,false,0,spmv_max_rel,SKIP
klein-b1.mtx,hybrid_lb,hybrid_lb,structural_hybrid,ok,none,promoted_fallback,0.0058,0.0047,2.017241,0.896552,,480,,original,raw_double,false,,,1,0,exact_abs_or_rel,SKIP
klein-b1.mtx,cusparse_default,cusparse_csr,external_baseline,ok,none,external_baseline,0.0117,0.0082,1.000000,0.444444,,480,364,original,original,false,,,true,0,exact_abs_or_rel,SKIP
l9.mtx,original_lb,original_lb,load_balanced_traversal,ok,none,promoted_fallback,0.0086,0.0069,1.604651,1.000000,,37272,5360,original,original,false,0,0,true,0,exact_abs_or_rel,SKIP
l9.mtx,auto_lossless_lb,dict256_u8_lb,lossless_value_specialized,ok,none,accuracy_pass_runtime_loss,0.0114,0.0097,1.210526,0.754386,,21576,5360,auto_lossless,dict256_u8,true,17,21576,true,17,exact_abs_or_rel,SKIP
l9.mtx,fp16_lb,fp16_lb,controlled_lossy_value_specialized,ok,none,accuracy_pass_runtime_loss,0.0093,0.0081,1.483871,0.924731,,9318,5360,fp16,fp16,false,0,0,false,0,spmv_max_rel,SKIP
l9.mtx,bf16_lb,bf16_lb,controlled_lossy_value_specialized,ok,none,accuracy_pass_runtime_loss,0.0089,0.0081,1.550562,0.966292,,9318,5360,bf16,bf16,false,0,0,false,0,spmv_max_rel,SKIP
l9.mtx,bfp8_lb,bfp8_lb,controlled_lossy_value_specialized,ok,none,accuracy_pass_runtime_win,0.0080,0.0065,1.725000,1.075000,,5999,5360,bfp8,bfp8,false,0,0,false,0,spmv_max_rel,SKIP
l9.mtx,bfp8_outlier_lb,bfp8_outlier_lb,controlled_lossy_value_specialized,ok,none,accuracy_pass_runtime_win,0.0082,0.0065,1.682927,1.048780,,5999,5360,bfp8_outlier,bfp8_outlier,false,0,0,false,0,spmv_max_rel,SKIP
l9.mtx,bfp4_lb,bfp4_lb,controlled_lossy_value_specialized,ok,none,accuracy_pass_runtime_loss,0.0126,0.0111,1.095238,0.682540,,3670,5360,bfp4,bfp4,false,0,0,false,0,spmv_max_rel,SKIP
l9.mtx,hybrid_lb,hybrid_lb,structural_hybrid,ok,none,promoted_fallback,0.0087,0.0071,1.586207,0.988506,,37272,,original,raw_double,false,,,1,0,exact_abs_or_rel,SKIP
l9.mtx,cusparse_default,cusparse_csr,external_baseline,ok,none,external_baseline,0.0138,0.0102,1.000000,0.623188,,37272,19616,original,original,false,,,true,0,exact_abs_or_rel,SKIP
large_A_07.mtx,original_lb,original_lb,load_balanced_traversal,ok,none,promoted_fallback,0.0087,0.0070,1.632184,1.000000,,157096,55328,original,original,false,0,0,true,0,exact_abs_or_rel,SKIP
large_A_07.mtx,auto_lossless_lb,original_lb,load_balanced_traversal,ok,none,promoted_fallback,0.0077,0.0065,1.844156,1.129870,,157096,55328,auto_lossless,original,true,3889,157096,true,0,exact_abs_or_rel,SKIP
large_A_07.mtx,fp16_lb,fp16_lb,controlled_lossy_value_specialized,ok,none,accuracy_pass_runtime_loss,0.0088,0.0079,1.613636,0.988636,,39274,55328,fp16,fp16,false,0,0,false,0,spmv_max_rel,SKIP
large_A_07.mtx,bf16_lb,bf16_lb,controlled_lossy_value_specialized,ok,none,accuracy_pass_runtime_loss,0.0090,0.0078,1.577778,0.966667,,39274,55328,bf16,bf16,false,0,0,false,0,spmv_max_rel,SKIP
large_A_07.mtx,bfp8_lb,bfp8_lb,controlled_lossy_value_specialized,ok,none,accuracy_pass_runtime_loss,0.0089,0.0077,1.595506,0.977528,,33469,55328,bfp8,bfp8,false,0,0,false,0,spmv_max_rel,SKIP
large_A_07.mtx,bfp8_outlier_lb,bfp8_outlier_lb,controlled_lossy_value_specialized,ok,none,accuracy_pass_runtime_loss,0.0090,0.0080,1.577778,0.966667,,33469,55328,bfp8_outlier,bfp8_outlier,false,0,0,false,0,spmv_max_rel,SKIP
large_A_07.mtx,bfp4_lb,bfp4_lb,controlled_lossy_value_specialized,ok,none,accuracy_pass_runtime_loss,0.0111,0.0102,1.279279,0.783784,,23651,55328,bfp4,bfp4,false,0,0,false,0,spmv_max_rel,SKIP
large_A_07.mtx,hybrid_lb,hybrid_lb,structural_hybrid,ok,none,promoted_fallback,0.0074,0.0061,1.918919,1.175676,,157096,,original,raw_double,false,,,1,0,exact_abs_or_rel,SKIP
large_A_07.mtx,cusparse_default,cusparse_csr,external_baseline,ok,none,external_baseline,0.0142,0.0123,1.000000,0.612676,,157096,95548,original,original,false,,,true,0,exact_abs_or_rel,SKIP
large_A_15.mtx,original_lb,original_lb,load_balanced_traversal,ok,none,promoted_fallback,0.0070,0.0064,2.057143,1.000000,,157992,54768,original,original,false,0,0,true,0,exact_abs_or_rel,SKIP
large_A_15.mtx,auto_lossless_lb,original_lb,load_balanced_traversal,ok,none,promoted_fallback,0.0079,0.0076,1.822785,0.886076,,157992,54768,auto_lossless,original,true,3883,157992,true,0,exact_abs_or_rel,SKIP
large_A_15.mtx,fp16_lb,fp16_lb,controlled_lossy_value_specialized,ok,none,accuracy_pass_runtime_loss,0.0091,0.0079,1.582418,0.769231,,39498,54768,fp16,fp16,false,0,0,false,0,spmv_max_rel,SKIP
large_A_15.mtx,bf16_lb,bf16_lb,controlled_lossy_value_specialized,ok,none,accuracy_pass_runtime_loss,0.0084,0.0075,1.714286,0.833333,,39498,54768,bf16,bf16,false,0,0,false,0,spmv_max_rel,SKIP
large_A_15.mtx,bfp8_lb,bfp8_lb,controlled_lossy_value_specialized,ok,none,accuracy_pass_runtime_loss,0.0091,0.0083,1.582418,0.769231,,33441,54768,bfp8,bfp8,false,0,0,false,0,spmv_max_rel,SKIP
large_A_15.mtx,bfp8_outlier_lb,bfp8_outlier_lb,controlled_lossy_value_specialized,ok,none,accuracy_pass_runtime_loss,0.0084,0.0068,1.714286,0.833333,,33441,54768,bfp8_outlier,bfp8_outlier,false,0,0,false,0,spmv_max_rel,SKIP
large_A_15.mtx,bfp4_lb,bfp4_lb,controlled_lossy_value_specialized,ok,none,accuracy_pass_runtime_loss,0.0093,0.0084,1.548387,0.752688,,23567,54768,bfp4,bfp4,false,0,0,false,0,spmv_max_rel,SKIP
large_A_15.mtx,hybrid_lb,hybrid_lb,structural_hybrid,ok,none,promoted_fallback,0.0071,0.0055,2.028169,0.985915,,157992,,original,raw_double,false,,,1,0,exact_abs_or_rel,SKIP
large_A_15.mtx,cusparse_default,cusparse_csr,external_baseline,ok,none,external_baseline,0.0144,0.0123,1.000000,0.486111,,157992,96084,original,original,false,,,true,0,exact_abs_or_rel,SKIP
large_A_23.mtx,original_lb,original_lb,load_balanced_traversal,ok,none,promoted_fallback,0.0070,0.0067,2.342857,1.000000,,159232,55312,original,original,false,0,0,true,0,exact_abs_or_rel,SKIP
large_A_23.mtx,auto_lossless_lb,original_lb,load_balanced_traversal,ok,none,promoted_fallback,0.0076,0.0068,2.157895,0.921053,,159232,55312,auto_lossless,original,true,3945,159232,true,0,exact_abs_or_rel,SKIP
large_A_23.mtx,fp16_lb,fp16_lb,controlled_lossy_value_specialized,ok,none,accuracy_pass_runtime_loss,0.0085,0.0066,1.929412,0.823529,,39808,55312,fp16,fp16,false,0,0,false,0,spmv_max_rel,SKIP
large_A_23.mtx,bf16_lb,bf16_lb,controlled_lossy_value_specialized,ok,none,accuracy_pass_runtime_loss,0.0088,0.0077,1.863636,0.795455,,39808,55312,bf16,bf16,false,0,0,false,0,spmv_max_rel,SKIP
large_A_23.mtx,bfp8_lb,bfp8_lb,controlled_lossy_value_specialized,ok,none,accuracy_pass_runtime_loss,0.0093,0.0079,1.763441,0.752688,,33732,55312,bfp8,bfp8,false,0,0,false,0,spmv_max_rel,SKIP
large_A_23.mtx,bfp8_outlier_lb,bfp8_outlier_lb,controlled_lossy_value_specialized,ok,none,accuracy_pass_runtime_loss,0.0096,0.0084,1.708333,0.729167,,33732,55312,bfp8_outlier,bfp8_outlier,false,0,0,false,0,spmv_max_rel,SKIP
large_A_23.mtx,bfp4_lb,bfp4_lb,controlled_lossy_value_specialized,ok,none,accuracy_pass_runtime_loss,0.0111,0.0101,1.477477,0.630631,,23780,55312,bfp4,bfp4,false,0,0,false,0,spmv_max_rel,SKIP
large_A_23.mtx,hybrid_lb,hybrid_lb,structural_hybrid,ok,none,promoted_fallback,0.0081,0.0063,2.024691,0.864198,,159232,,original,raw_double,false,,,1,0,exact_abs_or_rel,SKIP
large_A_23.mtx,cusparse_default,cusparse_csr,external_baseline,ok,none,external_baseline,0.0164,0.0123,1.000000,0.426829,,159232,96868,original,original,false,,,true,0,exact_abs_or_rel,SKIP
large_A_31.mtx,original_lb,original_lb,load_balanced_traversal,ok,none,promoted_fallback,0.0086,0.0069,1.686047,1.000000,,165144,57544,original,original,false,0,0,true,0,exact_abs_or_rel,SKIP
large_A_31.mtx,auto_lossless_lb,original_lb,load_balanced_traversal,ok,none,promoted_fallback,0.0081,0.0069,1.790123,1.061728,,165144,57544,auto_lossless,original,true,4351,165144,true,0,exact_abs_or_rel,SKIP
large_A_31.mtx,fp16_lb,fp16_lb,controlled_lossy_value_specialized,ok,none,accuracy_pass_runtime_win,0.0082,0.0068,1.768293,1.048780,,41286,57544,fp16,fp16,false,0,0,false,0,spmv_max_rel,SKIP
large_A_31.mtx,bf16_lb,bf16_lb,controlled_lossy_value_specialized,ok,none,accuracy_pass_runtime_win,0.0081,0.0068,1.790123,1.061728,,41286,57544,bf16,bf16,false,0,0,false,0,spmv_max_rel,SKIP
large_A_31.mtx,bfp8_lb,bfp8_lb,controlled_lossy_value_specialized,ok,none,accuracy_pass_runtime_loss,0.0098,0.0086,1.479592,0.877551,,35029,57544,bfp8,bfp8,false,0,0,false,0,spmv_max_rel,SKIP
large_A_31.mtx,bfp8_outlier_lb,bfp8_outlier_lb,controlled_lossy_value_specialized,ok,none,accuracy_pass_runtime_loss,0.0094,0.0085,1.542553,0.914894,,35029,57544,bfp8_outlier,bfp8_outlier,false,0,0,false,0,spmv_max_rel,SKIP
large_A_31.mtx,bfp4_lb,bfp4_lb,controlled_lossy_value_specialized,ok,none,accuracy_pass_runtime_loss,0.0116,0.0107,1.250000,0.741379,,24708,57544,bfp4,bfp4,false,0,0,false,0,spmv_max_rel,SKIP
large_A_31.mtx,hybrid_lb,hybrid_lb,structural_hybrid,ok,none,promoted_fallback,0.0078,0.0061,1.858974,1.102564,,165144,,original,raw_double,false,,,1,0,exact_abs_or_rel,SKIP
large_A_31.mtx,cusparse_default,cusparse_csr,external_baseline,ok,none,external_baseline,0.0145,0.0123,1.000000,0.593103,,165144,99716,original,original,false,,,true,0,exact_abs_or_rel,SKIP
lhr07c.mtx,original_lb,original_lb,load_balanced_traversal,ok,none,promoted_fallback,0.0094,0.0070,1.510638,1.000000,,1252064,122680,original,original,false,0,0,true,0,exact_abs_or_rel,SKIP
lhr07c.mtx,auto_lossless_lb,original_lb,load_balanced_traversal,ok,none,promoted_fallback,0.0105,0.0100,1.352381,0.895238,,1252064,122680,auto_lossless,original,true,143411,1252064,true,0,exact_abs_or_rel,SKIP
lhr07c.mtx,fp16_lb,fp16_lb,controlled_lossy_value_specialized,ok,none,accuracy_pass_runtime_loss,0.0095,0.0086,1.494737,0.989474,,313016,122680,fp16,fp16,false,0,0,false,0,spmv_max_rel,SKIP
lhr07c.mtx,bf16_lb,bf16_lb,controlled_lossy_value_specialized,ok,none,accuracy_pass_runtime_loss,0.0095,0.0070,1.494737,0.989474,,313016,122680,bf16,bf16,false,0,0,false,0,spmv_max_rel,SKIP
lhr07c.mtx,bfp8_lb,bfp8_lb,controlled_lossy_value_specialized,ok,none,accuracy_pass_runtime_win,0.0087,0.0074,1.632184,1.080460,,187178,122680,bfp8,bfp8,false,0,0,false,0,spmv_max_rel,SKIP
lhr07c.mtx,bfp8_outlier_lb,bfp8_outlier_lb,controlled_lossy_value_specialized,ok,none,accuracy_pass_runtime_loss,0.0113,0.0100,1.256637,0.831858,,199690,122680,bfp8_outlier,bfp8_outlier,false,0,0,false,0,spmv_max_rel,SKIP
lhr07c.mtx,bfp4_lb,bfp4_lb,controlled_lossy_value_specialized,ok,none,accuracy_pass_runtime_loss,0.0114,0.0103,1.245614,0.824561,,108924,122680,bfp4,bfp4,false,0,0,false,0,spmv_max_rel,SKIP
lhr07c.mtx,hybrid_lb,hybrid_lb,structural_hybrid,ok,none,promoted_fallback,0.0103,0.0085,1.378641,0.912621,,1252064,,original,raw_double,false,,,1,0,exact_abs_or_rel,SKIP
lhr07c.mtx,cusparse_default,cusparse_csr,external_baseline,ok,none,external_baseline,0.0142,0.0123,1.000000,0.661972,,1252064,655384,original,original,false,,,true,0,exact_abs_or_rel,SKIP
lnsp3937.mtx,original_lb,original_lb,load_balanced_traversal,ok,none,promoted_fallback,0.0090,0.0074,1.577778,1.000000,,203256,45016,original,original,false,0,0,true,0,exact_abs_or_rel,SKIP
lnsp3937.mtx,auto_lossless_lb,original_lb,load_balanced_traversal,ok,none,promoted_fallback,0.0066,0.0048,2.151515,1.363636,,203256,45016,auto_lossless,original,true,4176,203256,true,0,exact_abs_or_rel,SKIP
lnsp3937.mtx,fp16_lb,fp16_lb,controlled_lossy_value_specialized,ok,none,accuracy_pass_runtime_win,0.0068,0.0051,2.088235,1.323529,,50814,45016,fp16,fp16,false,0,0,false,0,spmv_max_rel,SKIP
lnsp3937.mtx,bf16_lb,bf16_lb,controlled_lossy_value_specialized,ok,none,accuracy_pass_runtime_win,0.0063,0.0046,2.253968,1.428571,,50814,45016,bf16,bf16,false,0,0,false,0,spmv_max_rel,SKIP
lnsp3937.mtx,bfp8_lb,bfp8_lb,controlled_lossy_value_specialized,ok,none,accuracy_pass_runtime_win,0.0073,0.0067,1.945205,1.232877,,36661,45016,bfp8,bfp8,false,0,0,false,0,spmv_max_rel,SKIP
lnsp3937.mtx,bfp8_outlier_lb,bfp8_outlier_lb,controlled_lossy_value_specialized,ok,none,accuracy_pass_runtime_loss,0.0095,0.0087,1.494737,0.947368,,38677,45016,bfp8_outlier,bfp8_outlier,false,0,0,false,0,spmv_max_rel,SKIP
lnsp3937.mtx,bfp4_lb,bfp4_lb,controlled_lossy_value_specialized,ok,none,accuracy_pass_runtime_loss,0.0112,0.0092,1.267857,0.803571,,23958,45016,bfp4,bfp4,false,0,0,false,0,spmv_max_rel,SKIP
lnsp3937.mtx,hybrid_lb,hybrid_lb,structural_hybrid,ok,none,promoted_fallback,0.0076,0.0050,1.868421,1.184211,,203256,,original,raw_double,false,,,1,0,exact_abs_or_rel,SKIP
lnsp3937.mtx,cusparse_default,cusparse_csr,external_baseline,ok,none,external_baseline,0.0142,0.0123,1.000000,0.633803,,203256,117380,original,original,false,,,true,0,exact_abs_or_rel,SKIP
lp_agg2.mtx,original_lb,original_lb,load_balanced_traversal,ok,none,promoted_fallback,0.0084,0.0069,1.619048,1.000000,,37920,10464,original,original,false,0,0,true,0,exact_abs_or_rel,SKIP
lp_agg2.mtx,auto_lossless_lb,original_lb,load_balanced_traversal,ok,none,promoted_fallback,0.0087,0.0072,1.563218,0.965517,,37920,10464,auto_lossless,original,true,886,37920,true,0,exact_abs_or_rel,SKIP
lp_agg2.mtx,fp16_lb,fp16_lb,controlled_lossy_value_specialized,ok,none,accuracy_pass_runtime_loss,0.0099,0.0089,1.373737,0.848485,,9480,10464,fp16,fp16,false,0,0,false,0,spmv_max_rel,SKIP
lp_agg2.mtx,bf16_lb,bf16_lb,controlled_lossy_value_specialized,ok,none,accuracy_pass_runtime_loss,0.0098,0.0085,1.387755,0.857143,,9480,10464,bf16,bf16,false,0,0,false,0,spmv_max_rel,SKIP
lp_agg2.mtx,bfp8_lb,bfp8_lb,controlled_lossy_value_specialized,ok,none,accuracy_pass_runtime_loss,0.0101,0.0089,1.346535,0.831683,,7356,10464,bfp8,bfp8,false,0,0,false,0,spmv_max_rel,SKIP
lp_agg2.mtx,bfp8_outlier_lb,bfp8_outlier_lb,controlled_lossy_value_specialized,ok,none,accuracy_pass_runtime_loss,0.0122,0.0104,1.114754,0.688525,,7484,10464,bfp8_outlier,bfp8_outlier,false,0,0,false,0,spmv_max_rel,SKIP
lp_agg2.mtx,bfp4_lb,bfp4_lb,controlled_lossy_value_specialized,ok,none,accuracy_pass_runtime_loss,0.0140,0.0133,0.971429,0.600000,,4986,10464,bfp4,bfp4,false,0,0,false,0,spmv_max_rel,SKIP
lp_agg2.mtx,hybrid_lb,hybrid_lb,structural_hybrid,ok,none,promoted_fallback,0.0077,0.0066,1.766234,1.090909,,37920,,original,raw_double,false,,,1,0,exact_abs_or_rel,SKIP
lp_agg2.mtx,cusparse_default,cusparse_csr,external_baseline,ok,none,external_baseline,0.0136,0.0102,1.000000,0.617647,,37920,21028,original,original,false,,,true,0,exact_abs_or_rel,SKIP
lp_brandy.mtx,original_lb,original_lb,load_balanced_traversal,ok,none,promoted_fallback,0.0080,0.0066,1.450000,1.000000,,17616,3824,original,original,false,0,0,true,0,exact_abs_or_rel,SKIP
lp_brandy.mtx,auto_lossless_lb,original_lb,load_balanced_traversal,ok,none,promoted_fallback,0.0087,0.0071,1.333333,0.919540,,17616,3824,auto_lossless,original,true,712,17616,true,0,exact_abs_or_rel,SKIP
lp_brandy.mtx,fp16_lb,fp16_lb,controlled_lossy_value_specialized,ok,none,accuracy_pass_runtime_loss,0.0094,0.0081,1.234043,0.851064,,4404,3824,fp16,fp16,false,0,0,false,0,spmv_max_rel,SKIP
lp_brandy.mtx,bf16_lb,bf16_lb,controlled_lossy_value_specialized,ok,none,accuracy_pass_runtime_loss,0.0093,0.0086,1.247312,0.860215,,4404,3824,bf16,bf16,false,0,0,false,0,spmv_max_rel,SKIP
lp_brandy.mtx,bfp8_lb,bfp8_lb,controlled_lossy_value_specialized,ok,none,accuracy_pass_runtime_loss,0.0094,0.0084,1.234043,0.851064,,3158,3824,bfp8,bfp8,false,0,0,false,0,spmv_max_rel,SKIP
lp_brandy.mtx,bfp8_outlier_lb,bfp8_outlier_lb,controlled_lossy_value_specialized,ok,none,accuracy_pass_runtime_loss,0.0116,0.0100,1.000000,0.689655,,3238,3824,bfp8_outlier,bfp8_outlier,false,0,0,false,0,spmv_max_rel,SKIP
lp_brandy.mtx,bfp4_lb,bfp4_lb,controlled_lossy_value_specialized,ok,none,accuracy_pass_runtime_loss,0.0111,0.0102,1.045045,0.720721,,2057,3824,bfp4,bfp4,false,0,0,false,0,spmv_max_rel,SKIP
lp_brandy.mtx,hybrid_lb,hybrid_lb,structural_hybrid,ok,none,promoted_fallback,0.0104,0.0090,1.115385,0.769231,,17616,,original,raw_double,false,,,1,0,exact_abs_or_rel,SKIP
lp_brandy.mtx,cusparse_default,cusparse_csr,external_baseline,ok,none,external_baseline,0.0116,0.0102,1.000000,0.689655,,17616,9692,original,original,false,,,true,0,exact_abs_or_rel,SKIP
lp_d2q06c.mtx,original_lb,original_lb,load_balanced_traversal,ok,none,promoted_fallback,0.0095,0.0086,1.494737,1.000000,,264648,65480,original,original,false,0,0,true,0,exact_abs_or_rel,SKIP
lp_d2q06c.mtx,auto_lossless_lb,original_lb,load_balanced_traversal,ok,none,promoted_fallback,0.0090,0.0074,1.577778,1.055556,,264648,65480,auto_lossless,original,true,8037,264648,true,0,exact_abs_or_rel,SKIP
lp_d2q06c.mtx,fp16_lb,fp16_lb,controlled_lossy_value_specialized,ok,none,accuracy_pass_runtime_win,0.0091,0.0078,1.560440,1.043956,,66162,65480,fp16,fp16,false,0,0,false,0,spmv_max_rel,SKIP
lp_d2q06c.mtx,bf16_lb,bf16_lb,controlled_lossy_value_specialized,ok,none,accuracy_pass_runtime_loss,0.0096,0.0079,1.479167,0.989583,,66162,65480,bf16,bf16,false,0,0,false,0,spmv_max_rel,SKIP
lp_d2q06c.mtx,bfp8_lb,bfp8_lb,controlled_lossy_value_specialized,ok,none,accuracy_pass_runtime_loss,0.0100,0.0088,1.420000,0.950000,,49451,65480,bfp8,bfp8,false,0,0,false,0,spmv_max_rel,SKIP
lp_d2q06c.mtx,bfp8_outlier_lb,bfp8_outlier_lb,controlled_lossy_value_specialized,ok,none,accuracy_pass_runtime_loss,0.0122,0.0101,1.163934,0.778689,,52059,65480,bfp8_outlier,bfp8_outlier,false,0,0,false,0,spmv_max_rel,SKIP
lp_d2q06c.mtx,bfp4_lb,bfp4_lb,controlled_lossy_value_specialized,ok,none,accuracy_pass_runtime_loss,0.0141,0.0132,1.007092,0.673759,,32911,65480,bfp4,bfp4,false,0,0,false,0,spmv_max_rel,SKIP
lp_d2q06c.mtx,hybrid_lb,hybrid_lb,structural_hybrid,ok,none,promoted_fallback,0.0112,0.0094,1.267857,0.848214,,264648,,original,raw_double,false,,,1,0,exact_abs_or_rel,SKIP
lp_d2q06c.mtx,cusparse_default,cusparse_csr,external_baseline,ok,none,external_baseline,0.0142,0.0123,1.000000,0.669014,,264648,141012,original,original,false,,,true,0,exact_abs_or_rel,SKIP
lp_finnis.mtx,original_lb,original_lb,load_balanced_traversal,ok,none,promoted_fallback,0.0097,0.0080,1.298969,1.000000,,22080,10696,original,original,false,0,0,true,0,exact_abs_or_rel,SKIP
lp_finnis.mtx,auto_lossless_lb,original_lb,load_balanced_traversal,ok,none,promoted_fallback,0.0098,0.0080,1.285714,0.989796,,22080,10696,auto_lossless,original,true,376,22080,true,0,exact_abs_or_rel,SKIP
lp_finnis.mtx,fp16_lb,fp16_lb,controlled_lossy_value_specialized,ok,none,accuracy_pass_runtime_win,0.0094,0.0084,1.340426,1.031915,,5520,10696,fp16,fp16,false,0,0,false,0,spmv_max_rel,SKIP
lp_finnis.mtx,bf16_lb,bf16_lb,controlled_lossy_value_specialized,ok,none,accuracy_pass_runtime_win,0.0092,0.0078,1.369565,1.054348,,5520,10696,bf16,bf16,false,0,0,false,0,spmv_max_rel,SKIP
lp_finnis.mtx,bfp8_lb,bfp8_lb,controlled_lossy_value_specialized,ok,none,accuracy_pass_runtime_win,0.0092,0.0083,1.369565,1.054348,,5434,10696,bfp8,bfp8,false,0,0,false,0,spmv_max_rel,SKIP
lp_finnis.mtx,bfp8_outlier_lb,bfp8_outlier_lb,controlled_lossy_value_specialized,ok,none,accuracy_pass_runtime_loss,0.0117,0.0092,1.076923,0.829060,,5530,10696,bfp8_outlier,bfp8_outlier,false,0,0,false,0,spmv_max_rel,SKIP
lp_finnis.mtx,bfp4_lb,bfp4_lb,controlled_lossy_value_specialized,ok,none,accuracy_pass_runtime_loss,0.0141,0.0137,0.893617,0.687943,,4054,10696,bfp4,bfp4,false,0,0,false,0,spmv_max_rel,SKIP
lp_finnis.mtx,hybrid_lb,hybrid_lb,structural_hybrid,ok,none,promoted_fallback,0.0080,0.0063,1.575000,1.212500,,22080,,original,raw_double,false,,,1,0,exact_abs_or_rel,SKIP
lp_finnis.mtx,cusparse_default,cusparse_csr,external_baseline,ok,none,external_baseline,0.0126,0.0102,1.000000,0.769841,,22080,13032,original,original,false,,,true,0,exact_abs_or_rel,SKIP
lp_greenbeb.mtx,original_lb,original_lb,load_balanced_traversal,ok,none,promoted_fallback,0.0093,0.0067,1.537634,1.000000,,248560,65592,original,original,false,0,0,true,0,exact_abs_or_rel,SKIP
lp_greenbeb.mtx,auto_lossless_lb,original_lb,load_balanced_traversal,ok,none,promoted_fallback,0.0100,0.0081,1.430000,0.930000,,248560,65592,auto_lossless,original,true,2784,248560,true,0,exact_abs_or_rel,SKIP
lp_greenbeb.mtx,fp16_lb,fp16_lb,controlled_lossy_value_specialized,ok,none,accuracy_pass_runtime_loss,0.0094,0.0075,1.521277,0.989362,,62140,65592,fp16,fp16,false,0,0,false,0,spmv_max_rel,SKIP
lp_greenbeb.mtx,bf16_lb,bf16_lb,controlled_lossy_value_specialized,ok,none,accuracy_pass_runtime_win,0.0091,0.0076,1.571429,1.021978,,62140,65592,bf16,bf16,false,0,0,false,0,spmv_max_rel,SKIP
lp_greenbeb.mtx,bfp8_lb,bfp8_lb,controlled_lossy_value_specialized,ok,none,accuracy_pass_runtime_loss,0.0098,0.0085,1.459184,0.948980,,47468,65592,bfp8,bfp8,false,0,0,false,0,spmv_max_rel,SKIP
lp_greenbeb.mtx,bfp8_outlier_lb,bfp8_outlier_lb,controlled_lossy_value_specialized,ok,none,accuracy_pass_runtime_loss,0.0119,0.0098,1.201681,0.781513,,49724,65592,bfp8_outlier,bfp8_outlier,false,0,0,false,0,spmv_max_rel,SKIP
lp_greenbeb.mtx,bfp4_lb,bfp4_lb,controlled_lossy_value_specialized,ok,none,accuracy_pass_runtime_loss,0.0136,0.0126,1.051471,0.683824,,31933,65592,bfp4,bfp4,false,0,0,false,0,spmv_max_rel,SKIP
lp_greenbeb.mtx,hybrid_lb,hybrid_lb,structural_hybrid,ok,none,promoted_fallback,0.0102,0.0085,1.401961,0.911765,,248560,,original,raw_double,false,,,1,0,exact_abs_or_rel,SKIP
lp_greenbeb.mtx,cusparse_default,cusparse_csr,external_baseline,ok,none,external_baseline,0.0143,0.0123,1.000000,0.650350,,248560,133852,original,original,false,,,true,0,exact_abs_or_rel,SKIP
lp_ken_13.mtx,original_lb,original_lb,load_balanced_traversal,ok,none,promoted_fallback,0.0097,0.0084,1.628866,1.000000,,777968,486816,original,original,false,0,0,true,0,exact_abs_or_rel,SKIP
lp_ken_13.mtx,auto_lossless_lb,sign2_lb,lossless_value_specialized,ok,none,accuracy_pass_runtime_loss,0.0145,0.0131,1.089655,0.668966,,243408,486816,auto_lossless,sign2,true,2,243408,true,0,exact_abs_or_rel,SKIP
lp_ken_13.mtx,fp16_lb,fp16_lb,controlled_lossy_value_specialized,ok,none,accuracy_pass_runtime_loss,0.0113,0.0092,1.398230,0.858407,,194492,486816,fp16,fp16,false,0,0,false,0,spmv_max_rel,SKIP
lp_ken_13.mtx,bf16_lb,bf16_lb,controlled_lossy_value_specialized,ok,none,accuracy_pass_runtime_loss,0.0100,0.0088,1.580000,0.970000,,194492,486816,bf16,bf16,false,0,0,false,0,spmv_max_rel,SKIP
lp_ken_13.mtx,bfp8_lb,bfp8_lb,controlled_lossy_value_specialized,ok,none,accuracy_pass_runtime_loss,0.0103,0.0092,1.533981,0.941748,,218950,486816,bfp8,bfp8,false,0,0,false,0,spmv_max_rel,SKIP
lp_ken_13.mtx,bfp8_outlier_lb,bfp8_outlier_lb,controlled_lossy_value_specialized,ok,none,accuracy_pass_runtime_loss,0.0106,0.0095,1.490566,0.915094,,218950,486816,bfp8_outlier,bfp8_outlier,false,0,0,false,0,spmv_max_rel,SKIP
lp_ken_13.mtx,bfp4_lb,bfp4_lb,controlled_lossy_value_specialized,ok,none,accuracy_pass_runtime_loss,0.0154,0.0133,1.025974,0.629870,,170327,486816,bfp4,bfp4,false,0,0,false,0,spmv_max_rel,SKIP
lp_ken_13.mtx,hybrid_lb,hybrid_lb,structural_hybrid,ok,none,promoted_fallback,0.0113,0.0103,1.398230,0.858407,,777968,,original,raw_double,false,,,1,0,exact_abs_or_rel,SKIP
lp_ken_13.mtx,cusparse_default,cusparse_csr,external_baseline,ok,none,external_baseline,0.0158,0.0123,1.000000,0.613924,,777968,503516,original,original,false,,,true,0,exact_abs_or_rel,SKIP
lp_nug12.mtx,original_lb,original_lb,load_balanced_traversal,ok,none,promoted_fallback,0.0095,0.0086,1.884211,1.000000,,306432,180328,original,original,false,0,0,true,0,exact_abs_or_rel,SKIP
lp_nug12.mtx,auto_lossless_lb,sign2_lb,lossless_value_specialized,ok,none,accuracy_pass_runtime_loss,0.0101,0.0088,1.772277,0.940594,,90164,180328,auto_lossless,sign2,true,2,90164,true,0,exact_abs_or_rel,SKIP
lp_nug12.mtx,fp16_lb,fp16_lb,controlled_lossy_value_specialized,ok,none,accuracy_pass_runtime_loss,0.0100,0.0094,1.790000,0.950000,,76608,180328,fp16,fp16,false,0,0,false,0,spmv_max_rel,SKIP
lp_nug12.mtx,bf16_lb,bf16_lb,controlled_lossy_value_specialized,ok,none,accuracy_pass_runtime_loss,0.0096,0.0085,1.864583,0.989583,,76608,180328,bf16,bf16,false,0,0,false,0,spmv_max_rel,SKIP
lp_nug12.mtx,bfp8_lb,bfp8_lb,controlled_lossy_value_specialized,ok,none,accuracy_pass_runtime_loss,0.0115,0.0107,1.556522,0.826087,,83386,180328,bfp8,bfp8,false,0,0,false,0,spmv_max_rel,SKIP
lp_nug12.mtx,bfp8_outlier_lb,bfp8_outlier_lb,controlled_lossy_value_specialized,ok,none,accuracy_pass_runtime_loss,0.0116,0.0107,1.543103,0.818966,,83386,180328,bfp8_outlier,bfp8_outlier,false,0,0,false,0,spmv_max_rel,SKIP
lp_nug12.mtx,bfp4_lb,bfp4_lb,controlled_lossy_value_specialized,ok,none,accuracy_pass_runtime_loss,0.0146,0.0133,1.226027,0.650685,,64234,180328,bfp4,bfp4,false,0,0,false,0,spmv_max_rel,SKIP
lp_nug12.mtx,hybrid_lb,hybrid_lb,structural_hybrid,ok,none,promoted_fallback,0.0077,0.0065,2.324675,1.233766,,306432,,original,raw_double,false,,,1,0,exact_abs_or_rel,SKIP
lp_nug12.mtx,cusparse_default,cusparse_csr,external_baseline,ok,none,external_baseline,0.0179,0.0143,1.000000,0.530726,,306432,165988,original,original,false,,,true,0,exact_abs_or_rel,SKIP
lp_pds_02.mtx,original_lb,original_lb,load_balanced_traversal,ok,none,promoted_fallback,0.0092,0.0083,1.750000,1.000000,,132568,119368,original,original,false,0,0,true,0,exact_abs_or_rel,SKIP
lp_pds_02.mtx,auto_lossless_lb,sign2_lb,lossless_value_specialized,ok,none,accuracy_pass_runtime_loss,0.0101,0.0089,1.594059,0.910891,,59684,119368,auto_lossless,sign2,true,2,59684,true,0,exact_abs_or_rel,SKIP
lp_pds_02.mtx,fp16_lb,fp16_lb,controlled_lossy_value_specialized,ok,none,accuracy_pass_runtime_loss,0.0092,0.0082,1.750000,1.000000,,33142,119368,fp16,fp16,false,0,0,false,0,spmv_max_rel,SKIP
lp_pds_02.mtx,bf16_lb,bf16_lb,controlled_lossy_value_specialized,ok,none,accuracy_pass_runtime_loss,0.0092,0.0084,1.750000,1.000000,,33142,119368,bf16,bf16,false,0,0,false,0,spmv_max_rel,SKIP
lp_pds_02.mtx,bfp8_lb,bfp8_lb,controlled_lossy_value_specialized,ok,none,accuracy_pass_runtime_loss,0.0098,0.0083,1.642857,0.938776,,46413,119368,bfp8,bfp8,false,0,0,false,0,spmv_max_rel,SKIP
lp_pds_02.mtx,bfp8_outlier_lb,bfp8_outlier_lb,controlled_lossy_value_specialized,ok,none,accuracy_pass_runtime_loss,0.0093,0.0084,1.731183,0.989247,,46413,119368,bfp8_outlier,bfp8_outlier,false,0,0,false,0,spmv_max_rel,SKIP
lp_pds_02.mtx,bfp4_lb,bfp4_lb,controlled_lossy_value_specialized,ok,none,accuracy_pass_runtime_loss,0.0149,0.0132,1.080537,0.617450,,38128,119368,bfp4,bfp4,false,0,0,false,0,spmv_max_rel,SKIP
lp_pds_02.mtx,hybrid_lb,hybrid_lb,structural_hybrid,ok,none,promoted_fallback,0.0076,0.0064,2.118421,1.210526,,132568,,original,raw_double,false,,,1,0,exact_abs_or_rel,SKIP
lp_pds_02.mtx,cusparse_default,cusparse_csr,external_baseline,ok,none,external_baseline,0.0161,0.0123,1.000000,0.571429,,132568,78100,original,original,false,,,true,0,exact_abs_or_rel,SKIP
lp_pilotnov.mtx,original_lb,original_lb,load_balanced_traversal,ok,none,promoted_fallback,0.0098,0.0079,1.418367,1.000000,,106648,26968,original,original,false,0,0,true,0,exact_abs_or_rel,SKIP
lp_pilotnov.mtx,auto_lossless_lb,original_lb,load_balanced_traversal,ok,none,promoted_fallback,0.0095,0.0070,1.463158,1.031579,,106648,26968,auto_lossless,original,true,1373,106648,true,0,exact_abs_or_rel,SKIP
lp_pilotnov.mtx,fp16_lb,fp16_lb,controlled_lossy_value_specialized,ok,none,accuracy_pass_runtime_win,0.0097,0.0084,1.432990,1.010309,,26662,26968,fp16,fp16,false,0,0,false,0,spmv_max_rel,SKIP
lp_pilotnov.mtx,bf16_lb,bf16_lb,controlled_lossy_value_specialized,ok,none,accuracy_pass_runtime_win,0.0094,0.0075,1.478723,1.042553,,26662,26968,bf16,bf16,false,0,0,false,0,spmv_max_rel,SKIP
lp_pilotnov.mtx,bfp8_lb,bfp8_lb,controlled_lossy_value_specialized,ok,none,accuracy_pass_runtime_loss,0.0110,0.0090,1.263636,0.890909,,20073,26968,bfp8,bfp8,false,0,0,false,0,spmv_max_rel,SKIP
lp_pilotnov.mtx,bfp8_outlier_lb,bfp8_outlier_lb,controlled_lossy_value_specialized,ok,none,accuracy_pass_runtime_loss,0.0122,0.0110,1.139344,0.803279,,21033,26968,bfp8_outlier,bfp8_outlier,false,0,0,false,0,spmv_max_rel,SKIP
lp_pilotnov.mtx,bfp4_lb,bfp4_lb,controlled_lossy_value_specialized,ok,none,accuracy_pass_runtime_loss,0.0134,0.0126,1.037313,0.731343,,13408,26968,bfp4,bfp4,false,0,0,false,0,spmv_max_rel,SKIP
lp_pilotnov.mtx,hybrid_lb,hybrid_lb,structural_hybrid,ok,none,promoted_fallback,0.0124,0.0108,1.120968,0.790323,,106648,,original,raw_double,false,,,1,0,exact_abs_or_rel,SKIP
lp_pilotnov.mtx,cusparse_default,cusparse_csr,external_baseline,ok,none,external_baseline,0.0139,0.0123,1.000000,0.705036,,106648,57228,original,original,false,,,true,0,exact_abs_or_rel,SKIP
lp_sc50b.mtx,original_lb,original_lb,load_balanced_traversal,ok,none,promoted_fallback,0.0062,0.0051,1.903226,1.000000,,1184,320,original,original,false,0,0,true,0,exact_abs_or_rel,SKIP
lp_sc50b.mtx,auto_lossless_lb,dict16_lb,lossless_value_specialized,ok,none,accuracy_pass_runtime_loss,0.0070,0.0051,1.685714,0.885714,,704,320,auto_lossless,dict16,true,8,704,true,8,exact_abs_or_rel,SKIP
lp_sc50b.mtx,fp16_lb,fp16_lb,controlled_lossy_value_specialized,ok,none,accuracy_pass_runtime_win,0.0060,0.0049,1.966667,1.033333,,296,320,fp16,fp16,false,0,0,false,0,spmv_max_rel,SKIP
lp_sc50b.mtx,bf16_lb,bf16_lb,controlled_lossy_value_specialized,ok,none,accuracy_pass_runtime_loss,0.0070,0.0050,1.685714,0.885714,,296,320,bf16,bf16,false,0,0,false,0,spmv_max_rel,SKIP
lp_sc50b.mtx,bfp8_lb,bfp8_lb,controlled_lossy_value_specialized,ok,none,accuracy_pass_runtime_win,0.0061,0.0047,1.934426,1.016393,,228,320,bfp8,bfp8,false,0,0,false,0,spmv_max_rel,SKIP
lp_sc50b.mtx,bfp8_outlier_lb,bfp8_outlier_lb,controlled_lossy_value_specialized,ok,none,accuracy_pass_runtime_loss,0.0063,0.0050,1.873016,0.984127,,228,320,bfp8_outlier,bfp8_outlier,false,0,0,false,0,spmv_max_rel,SKIP
lp_sc50b.mtx,bfp4_lb,bfp4_lb,controlled_lossy_value_specialized,ok,none,accuracy_pass_runtime_loss,0.0064,0.0052,1.843750,0.968750,,154,320,bfp4,bfp4,false,0,0,false,0,spmv_max_rel,SKIP
lp_sc50b.mtx,hybrid_lb,hybrid_lb,structural_hybrid,ok,none,promoted_fallback,0.0058,0.0045,2.034483,1.068966,,1184,,original,raw_double,false,,,1,0,exact_abs_or_rel,SKIP
lp_sc50b.mtx,cusparse_default,cusparse_csr,external_baseline,ok,none,external_baseline,0.0118,0.0082,1.000000,0.525424,,1184,796,original,original,false,,,true,0,exact_abs_or_rel,SKIP
lp_scsd1.mtx,original_lb,original_lb,load_balanced_traversal,ok,none,promoted_fallback,0.0096,0.0073,1.260417,1.000000,,19104,3136,original,original,false,0,0,true,0,exact_abs_or_rel,SKIP
lp_scsd1.mtx,auto_lossless_lb,dict256_u8_lb,lossless_value_specialized,ok,none,accuracy_pass_runtime_loss,0.0116,0.0090,1.043103,0.827586,,12736,3136,auto_lossless,dict256_u8,true,24,12736,true,24,exact_abs_or_rel,SKIP
lp_scsd1.mtx,fp16_lb,fp16_lb,controlled_lossy_value_specialized,ok,none,accuracy_pass_runtime_loss,0.0098,0.0081,1.234694,0.979592,,4776,3136,fp16,fp16,false,0,0,false,0,spmv_max_rel,SKIP
lp_scsd1.mtx,bf16_lb,bf16_lb,controlled_lossy_value_specialized,ok,none,accuracy_pass_runtime_loss,0.0097,0.0080,1.247423,0.989691,,4776,3136,bf16,bf16,false,0,0,false,0,spmv_max_rel,SKIP
lp_scsd1.mtx,bfp8_lb,bfp8_lb,controlled_lossy_value_specialized,ok,none,accuracy_pass_runtime_loss,0.0098,0.0089,1.234694,0.979592,,3172,3136,bfp8,bfp8,false,0,0,false,0,spmv_max_rel,SKIP
lp_scsd1.mtx,bfp8_outlier_lb,bfp8_outlier_lb,controlled_lossy_value_specialized,ok,none,accuracy_pass_runtime_loss,0.0098,0.0090,1.234694,0.979592,,3172,3136,bfp8_outlier,bfp8_outlier,false,0,0,false,0,spmv_max_rel,SKIP
lp_scsd1.mtx,bfp4_lb,bfp4_lb,controlled_lossy_value_specialized,ok,none,accuracy_pass_runtime_loss,0.0132,0.0118,0.916667,0.727273,,1978,3136,bfp4,bfp4,false,0,0,false,0,spmv_max_rel,SKIP
lp_scsd1.mtx,hybrid_lb,hybrid_lb,structural_hybrid,ok,none,promoted_fallback,0.0086,0.0077,1.406977,1.116279,,19104,,original,raw_double,false,,,1,0,exact_abs_or_rel,SKIP
lp_scsd1.mtx,cusparse_default,cusparse_csr,external_baseline,ok,none,external_baseline,0.0121,0.0082,1.000000,0.793388,,19104,9864,original,original,false,,,true,0,exact_abs_or_rel,SKIP
lp_shell.mtx,original_lb,original_lb,load_balanced_traversal,ok,none,promoted_fallback,0.0091,0.0071,1.516484,1.000000,,28464,12640,original,original,false,0,0,true,0,exact_abs_or_rel,SKIP
lp_shell.mtx,auto_lossless_lb,sign2_lb,lossless_value_specialized,ok,none,accuracy_pass_runtime_loss,0.0094,0.0087,1.468085,0.968085,,6320,12640,auto_lossless,sign2,true,2,6320,true,0,exact_abs_or_rel,SKIP
lp_shell.mtx,fp16_lb,fp16_lb,controlled_lossy_value_specialized,ok,none,accuracy_pass_runtime_loss,0.0094,0.0085,1.468085,0.968085,,7116,12640,fp16,fp16,false,0,0,false,0,spmv_max_rel,SKIP
lp_shell.mtx,bf16_lb,bf16_lb,controlled_lossy_value_specialized,ok,none,accuracy_pass_runtime_loss,0.0108,0.0087,1.277778,0.842593,,7116,12640,bf16,bf16,false,0,0,false,0,spmv_max_rel,SKIP
lp_shell.mtx,bfp8_lb,bfp8_lb,controlled_lossy_value_specialized,ok,none,accuracy_pass_runtime_loss,0.0091,0.0073,1.516484,1.000000,,6718,12640,bfp8,bfp8,false,0,0,false,0,spmv_max_rel,SKIP
lp_shell.mtx,bfp8_outlier_lb,bfp8_outlier_lb,controlled_lossy_value_specialized,ok,none,accuracy_pass_runtime_loss,0.0095,0.0084,1.452632,0.957895,,6718,12640,bfp8_outlier,bfp8_outlier,false,0,0,false,0,spmv_max_rel,SKIP
lp_shell.mtx,bfp4_lb,bfp4_lb,controlled_lossy_value_specialized,ok,none,accuracy_pass_runtime_loss,0.0129,0.0124,1.069767,0.705426,,4939,12640,bfp4,bfp4,false,0,0,false,0,spmv_max_rel,SKIP
lp_shell.mtx,hybrid_lb,hybrid_lb,structural_hybrid,ok,none,promoted_fallback,0.0119,0.0107,1.159664,0.764706,,28464,,original,raw_double,false,,,1,0,exact_abs_or_rel,SKIP
lp_shell.mtx,cusparse_default,cusparse_csr,external_baseline,ok,none,external_baseline,0.0138,0.0102,1.000000,0.659420,,28464,16380,original,original,false,,,true,0,exact_abs_or_rel,SKIP
lp_stair.mtx,original_lb,original_lb,load_balanced_traversal,ok,none,promoted_fallback,0.0076,0.0066,1.657895,1.000000,,32024,5096,original,original,false,0,0,true,0,exact_abs_or_rel,SKIP
lp_stair.mtx,auto_lossless_lb,original_lb,load_balanced_traversal,ok,none,promoted_fallback,0.0074,0.0066,1.702703,1.027027,,32024,5096,auto_lossless,original,true,2231,32024,true,0,exact_abs_or_rel,SKIP
lp_stair.mtx,fp16_lb,fp16_lb,controlled_lossy_value_specialized,ok,none,accuracy_pass_runtime_win,0.0075,0.0065,1.680000,1.013333,,8006,5096,fp16,fp16,false,0,0,false,0,spmv_max_rel,SKIP
lp_stair.mtx,bf16_lb,bf16_lb,controlled_lossy_value_specialized,ok,none,accuracy_pass_runtime_win,0.0069,0.0066,1.826087,1.101449,,8006,5096,bf16,bf16,false,0,0,false,0,spmv_max_rel,SKIP
lp_stair.mtx,bfp8_lb,bfp8_lb,controlled_lossy_value_specialized,ok,none,accuracy_pass_runtime_loss,0.0076,0.0064,1.657895,1.000000,,5277,5096,bfp8,bfp8,false,0,0,false,0,spmv_max_rel,SKIP
lp_stair.mtx,bfp8_outlier_lb,bfp8_outlier_lb,controlled_lossy_value_specialized,ok,none,accuracy_pass_runtime_loss,0.0102,0.0085,1.235294,0.745098,,5597,5096,bfp8_outlier,bfp8_outlier,false,0,0,false,0,spmv_max_rel,SKIP
lp_stair.mtx,bfp4_lb,bfp4_lb,controlled_lossy_value_specialized,ok,none,accuracy_pass_runtime_loss,0.0090,0.0079,1.400000,0.844444,,3276,5096,bfp4,bfp4,false,0,0,false,0,spmv_max_rel,SKIP
lp_stair.mtx,hybrid_lb,hybrid_lb,structural_hybrid,ok,none,promoted_fallback,0.0076,0.0067,1.657895,1.000000,,32024,,original,raw_double,false,,,1,0,exact_abs_or_rel,SKIP
lp_stair.mtx,cusparse_default,cusparse_csr,external_baseline,ok,none,external_baseline,0.0126,0.0102,1.000000,0.603175,,32024,17440,original,original,false,,,true,0,exact_abs_or_rel,SKIP
lp_tuff.mtx,original_lb,original_lb,load_balanced_traversal,ok,none,promoted_fallback,0.0093,0.0075,1.354839,1.000000,,36488,6536,original,original,false,0,0,true,0,exact_abs_or_rel,SKIP
lp_tuff.mtx,auto_lossless_lb,original_lb,load_balanced_traversal,ok,none,promoted_fallback,0.0089,0.0072,1.415730,1.044944,,36488,6536,auto_lossless,original,true,742,36488,true,0,exact_abs_or_rel,SKIP
lp_tuff.mtx,fp16_lb,fp16_lb,controlled_lossy_value_specialized,ok,none,accuracy_pass_runtime_loss,0.0093,0.0081,1.354839,1.000000,,9122,6536,fp16,fp16,false,0,0,false,0,spmv_max_rel,SKIP
lp_tuff.mtx,bf16_lb,bf16_lb,controlled_lossy_value_specialized,ok,none,accuracy_pass_runtime_win,0.0091,0.0080,1.384615,1.021978,,9122,6536,bf16,bf16,false,0,0,false,0,spmv_max_rel,SKIP
lp_tuff.mtx,bfp8_lb,bfp8_lb,controlled_lossy_value_specialized,ok,none,accuracy_pass_runtime_loss,0.0099,0.0089,1.272727,0.939394,,6195,6536,bfp8,bfp8,false,0,0,false,0,spmv_max_rel,SKIP
lp_tuff.mtx,bfp8_outlier_lb,bfp8_outlier_lb,controlled_lossy_value_specialized,ok,none,accuracy_pass_runtime_loss,0.0119,0.0104,1.058824,0.781513,,6531,6536,bfp8_outlier,bfp8_outlier,false,0,0,false,0,spmv_max_rel,SKIP
lp_tuff.mtx,bfp4_lb,bfp4_lb,controlled_lossy_value_specialized,ok,none,accuracy_pass_runtime_loss,0.0135,0.0117,0.933333,0.688889,,3915,6536,bfp4,bfp4,false,0,0,false,0,spmv_max_rel,SKIP
lp_tuff.mtx,hybrid_lb,hybrid_lb,structural_hybrid,ok,none,promoted_fallback,0.0118,0.0103,1.067797,0.788136,,36488,,original,raw_double,false,,,1,0,exact_abs_or_rel,SKIP
lp_tuff.mtx,cusparse_default,cusparse_csr,external_baseline,ok,none,external_baseline,0.0126,0.0102,1.000000,0.738095,,36488,19580,original,original,false,,,true,0,exact_abs_or_rel,SKIP
lpi_box1.mtx,original_lb,original_lb,load_balanced_traversal,ok,none,promoted_fallback,0.0095,0.0076,1.252632,1.000000,,5208,1856,original,original,false,0,0,true,0,exact_abs_or_rel,SKIP
lpi_box1.mtx,auto_lossless_lb,sign2_lb,lossless_value_specialized,ok,none,accuracy_pass_runtime_loss,0.0103,0.0092,1.155340,0.922330,,928,1856,auto_lossless,sign2,true,2,928,true,0,exact_abs_or_rel,SKIP
lpi_box1.mtx,fp16_lb,fp16_lb,controlled_lossy_value_specialized,ok,none,accuracy_pass_runtime_win,0.0094,0.0081,1.265957,1.010638,,1302,1856,fp16,fp16,false,0,0,false,0,spmv_max_rel,SKIP
lpi_box1.mtx,bf16_lb,bf16_lb,controlled_lossy_value_specialized,ok,none,accuracy_pass_runtime_win,0.0093,0.0081,1.279570,1.021505,,1302,1856,bf16,bf16,false,0,0,false,0,spmv_max_rel,SKIP
lpi_box1.mtx,bfp8_lb,bfp8_lb,controlled_lossy_value_specialized,ok,none,accuracy_pass_runtime_win,0.0092,0.0076,1.293478,1.032609,,1115,1856,bfp8,bfp8,false,0,0,false,0,spmv_max_rel,SKIP
lpi_box1.mtx,bfp8_outlier_lb,bfp8_outlier_lb,controlled_lossy_value_specialized,ok,none,accuracy_pass_runtime_loss,0.0096,0.0084,1.239583,0.989583,,1115,1856,bfp8_outlier,bfp8_outlier,false,0,0,false,0,spmv_max_rel,SKIP
lpi_box1.mtx,bfp4_lb,bfp4_lb,controlled_lossy_value_specialized,ok,none,accuracy_pass_runtime_loss,0.0138,0.0113,0.862319,0.688406,,790,1856,bfp4,bfp4,false,0,0,false,0,spmv_max_rel,SKIP
lpi_box1.mtx,hybrid_lb,hybrid_lb,structural_hybrid,ok,none,promoted_fallback,0.0085,0.0072,1.400000,1.117647,,5208,,original,raw_double,false,,,1,0,exact_abs_or_rel,SKIP
lpi_box1.mtx,cusparse_default,cusparse_csr,external_baseline,ok,none,external_baseline,0.0119,0.0102,1.000000,0.798319,,5208,3532,original,original,false,,,true,0,exact_abs_or_rel,SKIP
lpi_galenet.mtx,original_lb,original_lb,load_balanced_traversal,ok,none,promoted_fallback,0.0049,0.0034,2.367347,1.000000,,176,32,original,original,false,0,0,true,0,exact_abs_or_rel,SKIP
lpi_galenet.mtx,auto_lossless_lb,sign2_lb,lossless_value_specialized,ok,none,accuracy_pass_runtime_loss,0.0059,0.0050,1.966102,0.830508,,16,32,auto_lossless,sign2,true,2,16,true,0,exact_abs_or_rel,SKIP
lpi_galenet.mtx,fp16_lb,fp16_lb,controlled_lossy_value_specialized,ok,none,accuracy_pass_runtime_loss,0.0055,0.0045,2.109091,0.890909,,44,32,fp16,fp16,false,0,0,false,0,spmv_max_rel,SKIP
lpi_galenet.mtx,bf16_lb,bf16_lb,controlled_lossy_value_specialized,ok,none,accuracy_pass_runtime_loss,0.0052,0.0044,2.230769,0.942308,,44,32,bf16,bf16,false,0,0,false,0,spmv_max_rel,SKIP
lpi_galenet.mtx,bfp8_lb,bfp8_lb,controlled_lossy_value_specialized,ok,none,accuracy_pass_runtime_loss,0.0056,0.0046,2.071429,0.875000,,30,32,bfp8,bfp8,false,0,0,false,0,spmv_max_rel,SKIP
lpi_galenet.mtx,bfp8_outlier_lb,bfp8_outlier_lb,controlled_lossy_value_specialized,ok,none,accuracy_pass_runtime_loss,0.0063,0.0058,1.841270,0.777778,,30,32,bfp8_outlier,bfp8_outlier,false,0,0,false,0,spmv_max_rel,SKIP
lpi_galenet.mtx,bfp4_lb,bfp4_lb,controlled_lossy_value_specialized,ok,none,accuracy_pass_runtime_loss,0.0055,0.0044,2.109091,0.890909,,19,32,bfp4,bfp4,false,0,0,false,0,spmv_max_rel,SKIP
lpi_galenet.mtx,hybrid_lb,hybrid_lb,structural_hybrid,ok,none,promoted_fallback,0.0058,0.0045,2.000000,0.844828,,176,,original,raw_double,false,,,1,0,exact_abs_or_rel,SKIP
lpi_galenet.mtx,cusparse_default,cusparse_csr,external_baseline,ok,none,external_baseline,0.0116,0.0082,1.000000,0.422414,,176,124,original,original,false,,,true,0,exact_abs_or_rel,SKIP
lpi_klein3.mtx,original_lb,original_lb,load_balanced_traversal,ok,none,promoted_fallback,0.0079,0.0071,1.784810,1.000000,,104808,13544,original,original,false,0,0,true,0,exact_abs_or_rel,SKIP
lpi_klein3.mtx,auto_lossless_lb,dict256_u8_lb,lossless_value_specialized,ok,none,accuracy_pass_runtime_loss,0.0093,0.0078,1.516129,0.849462,,55688,13544,auto_lossless,dict256_u8,true,189,55688,true,189,exact_abs_or_rel,SKIP
lpi_klein3.mtx,fp16_lb,fp16_lb,controlled_lossy_value_specialized,ok,none,accuracy_pass_runtime_loss,0.0081,0.0066,1.740741,0.975309,,26202,13544,fp16,fp16,false,0,0,false,0,spmv_max_rel,SKIP
lpi_klein3.mtx,bf16_lb,bf16_lb,controlled_lossy_value_specialized,ok,none,accuracy_pass_runtime_win,0.0077,0.0069,1.831169,1.025974,,26202,13544,bf16,bf16,false,0,0,false,0,spmv_max_rel,SKIP
lpi_klein3.mtx,bfp8_lb,bfp8_lb,controlled_lossy_value_specialized,ok,none,accuracy_pass_runtime_win,0.0078,0.0065,1.807692,1.012821,,16487,13544,bfp8,bfp8,false,0,0,false,0,spmv_max_rel,SKIP
lpi_klein3.mtx,bfp8_outlier_lb,bfp8_outlier_lb,controlled_lossy_value_specialized,ok,none,accuracy_pass_runtime_loss,0.0107,0.0088,1.317757,0.738318,,17511,13544,bfp8_outlier,bfp8_outlier,false,0,0,false,0,spmv_max_rel,SKIP
lpi_klein3.mtx,bfp4_lb,bfp4_lb,controlled_lossy_value_specialized,ok,none,accuracy_pass_runtime_loss,0.0117,0.0101,1.205128,0.675214,,9937,13544,bfp4,bfp4,false,0,0,false,0,spmv_max_rel,SKIP
lpi_klein3.mtx,hybrid_lb,hybrid_lb,structural_hybrid,ok,none,promoted_fallback,0.0087,0.0073,1.620690,0.908046,,104808,,original,raw_double,false,,,1,0,exact_abs_or_rel,SKIP
lpi_klein3.mtx,cusparse_default,cusparse_csr,external_baseline,ok,none,external_baseline,0.0141,0.0123,1.000000,0.560284,,104808,56384,original,original,false,,,true,0,exact_abs_or_rel,SKIP
lpi_woodinfe.mtx,original_lb,original_lb,load_balanced_traversal,ok,none,promoted_fallback,0.0079,0.0056,1.493671,1.000000,,1120,560,original,original,false,0,0,true,0,exact_abs_or_rel,SKIP
lpi_woodinfe.mtx,auto_lossless_lb,sign2_lb,lossless_value_specialized,ok,none,accuracy_pass_runtime_win,0.0076,0.0056,1.552632,1.039474,,280,560,auto_lossless,sign2,true,2,280,true,0,exact_abs_or_rel,SKIP
lpi_woodinfe.mtx,fp16_lb,fp16_lb,controlled_lossy_value_specialized,ok,none,accuracy_pass_runtime_win,0.0078,0.0070,1.512821,1.012821,,280,560,fp16,fp16,false,0,0,false,0,spmv_max_rel,SKIP
lpi_woodinfe.mtx,bf16_lb,bf16_lb,controlled_lossy_value_specialized,ok,none,accuracy_pass_runtime_win,0.0072,0.0057,1.638889,1.097222,,280,560,bf16,bf16,false,0,0,false,0,spmv_max_rel,SKIP
lpi_woodinfe.mtx,bfp8_lb,bfp8_lb,controlled_lossy_value_specialized,ok,none,accuracy_pass_runtime_win,0.0078,0.0058,1.512821,1.012821,,280,560,bfp8,bfp8,false,0,0,false,0,spmv_max_rel,SKIP
lpi_woodinfe.mtx,bfp8_outlier_lb,bfp8_outlier_lb,controlled_lossy_value_specialized,ok,none,accuracy_pass_runtime_win,0.0075,0.0056,1.573333,1.053333,,280,560,bfp8_outlier,bfp8_outlier,false,0,0,false,0,spmv_max_rel,SKIP
lpi_woodinfe.mtx,bfp4_lb,bfp4_lb,controlled_lossy_value_specialized,ok,none,accuracy_pass_runtime_win,0.0072,0.0059,1.638889,1.097222,,210,560,bfp4,bfp4,false,0,0,false,0,spmv_max_rel,SKIP
lpi_woodinfe.mtx,hybrid_lb,hybrid_lb,structural_hybrid,ok,none,promoted_fallback,0.0061,0.0046,1.934426,1.295082,,1120,,original,raw_double,false,,,1,0,exact_abs_or_rel,SKIP
lpi_woodinfe.mtx,cusparse_default,cusparse_csr,external_baseline,ok,none,external_baseline,0.0118,0.0082,1.000000,0.669492,,1120,704,original,original,false,,,true,0,exact_abs_or_rel,SKIP
lpl2.mtx,original_lb,original_lb,load_balanced_traversal,ok,none,promoted_fallback,0.0096,0.0087,1.677083,1.000000,,257856,85584,original,original,false,0,0,true,0,exact_abs_or_rel,SKIP
lpl2.mtx,auto_lossless_lb,dict4_lb,lossless_value_specialized,ok,none,accuracy_pass_runtime_loss,0.0103,0.0096,1.563107,0.932039,,85608,85584,auto_lossless,dict4,true,3,85608,true,3,exact_abs_or_rel,SKIP
lpl2.mtx,fp16_lb,fp16_lb,controlled_lossy_value_specialized,ok,none,accuracy_pass_runtime_win,0.0080,0.0072,2.012500,1.200000,,64464,85584,fp16,fp16,false,0,0,false,0,spmv_max_rel,SKIP
lpl2.mtx,bf16_lb,bf16_lb,controlled_lossy_value_specialized,ok,none,accuracy_pass_runtime_win,0.0084,0.0074,1.916667,1.142857,,64464,85584,bf16,bf16,false,0,0,false,0,spmv_max_rel,SKIP
lpl2.mtx,bfp8_lb,bfp8_lb,controlled_lossy_value_specialized,ok,none,accuracy_pass_runtime_win,0.0095,0.0085,1.694737,1.010526,,53628,85584,bfp8,bfp8,false,0,0,false,0,spmv_max_rel,SKIP
lpl2.mtx,bfp8_outlier_lb,bfp8_outlier_lb,controlled_lossy_value_specialized,ok,none,accuracy_pass_runtime_loss,0.0128,0.0107,1.257812,0.750000,,54636,85584,bfp8_outlier,bfp8_outlier,false,0,0,false,0,spmv_max_rel,SKIP
lpl2.mtx,bfp4_lb,bfp4_lb,controlled_lossy_value_specialized,ok,none,accuracy_pass_runtime_loss,0.0152,0.0139,1.059211,0.631579,,37512,85584,bfp4,bfp4,false,0,0,false,0,spmv_max_rel,SKIP
lpl2.mtx,hybrid_lb,hybrid_lb,structural_hybrid,ok,none,promoted_fallback,0.0107,0.0087,1.504673,0.897196,,257856,,original,raw_double,false,,,1,0,exact_abs_or_rel,SKIP
lpl2.mtx,cusparse_default,cusparse_csr,external_baseline,ok,none,external_baseline,0.0161,0.0123,1.000000,0.596273,,257856,142108,original,original,false,,,true,0,exact_abs_or_rel,SKIP
lshp1270.mtx,original_lb,original_lb,load_balanced_traversal,ok,none,promoted_fallback,0.0072,0.0061,2.013889,1.000000,,69344,14112,original,original,false,0,0,true,0,exact_abs_or_rel,SKIP
lshp1270.mtx,auto_lossless_lb,all_one_lb,lossless_value_specialized,ok,none,accuracy_pass_runtime_win,0.0071,0.0064,2.042254,1.014085,,0,14112,auto_lossless,all_one,true,1,0,true,0,exact_abs_or_rel,SKIP
lshp1270.mtx,fp16_lb,fp16_lb,controlled_lossy_value_specialized,ok,none,accuracy_pass_runtime_loss,0.0078,0.0067,1.858974,0.923077,,17336,14112,fp16,fp16,false,0,0,false,0,spmv_max_rel,SKIP
lshp1270.mtx,bf16_lb,bf16_lb,controlled_lossy_value_specialized,ok,none,accuracy_pass_runtime_loss,0.0080,0.0070,1.812500,0.900000,,17336,14112,bf16,bf16,false,0,0,false,0,spmv_max_rel,SKIP
lshp1270.mtx,bfp8_lb,bfp8_lb,controlled_lossy_value_specialized,ok,none,accuracy_pass_runtime_loss,0.0072,0.0064,2.013889,1.000000,,12196,14112,bfp8,bfp8,false,0,0,false,0,spmv_max_rel,SKIP
lshp1270.mtx,bfp8_outlier_lb,bfp8_outlier_lb,controlled_lossy_value_specialized,ok,none,accuracy_pass_runtime_loss,0.0075,0.0065,1.933333,0.960000,,12196,14112,bfp8_outlier,bfp8_outlier,false,0,0,false,0,spmv_max_rel,SKIP
lshp1270.mtx,bfp4_lb,bfp4_lb,controlled_lossy_value_specialized,ok,none,accuracy_pass_runtime_loss,0.0103,0.0096,1.407767,0.699029,,7862,14112,bfp4,bfp4,false,0,0,false,0,spmv_max_rel,SKIP
lshp1270.mtx,hybrid_lb,hybrid_lb,structural_hybrid,ok,none,promoted_fallback,0.0067,0.0047,2.164179,1.074627,,69344,,original,raw_double,false,,,1,0,exact_abs_or_rel,SKIP
lshp1270.mtx,cusparse_default,cusparse_csr,external_baseline,ok,none,external_baseline,0.0145,0.0123,1.000000,0.496552,,69344,39756,original,original,false,,,true,0,exact_abs_or_rel,SKIP
lshp_406.mtx,original_lb,original_lb,load_balanced_traversal,ok,none,promoted_fallback,0.0070,0.0054,1.857143,1.000000,,21728,4472,original,original,false,0,0,true,0,exact_abs_or_rel,SKIP
lshp_406.mtx,auto_lossless_lb,all_one_lb,lossless_value_specialized,ok,none,accuracy_pass_runtime_loss,0.0071,0.0051,1.830986,0.985915,,0,4472,auto_lossless,all_one,true,1,0,true,0,exact_abs_or_rel,SKIP
lshp_406.mtx,fp16_lb,fp16_lb,controlled_lossy_value_specialized,ok,none,accuracy_pass_runtime_loss,0.0078,0.0071,1.666667,0.897436,,5432,4472,fp16,fp16,false,0,0,false,0,spmv_max_rel,SKIP
lshp_406.mtx,bf16_lb,bf16_lb,controlled_lossy_value_specialized,ok,none,accuracy_pass_runtime_loss,0.0082,0.0070,1.585366,0.853659,,5432,4472,bf16,bf16,false,0,0,false,0,spmv_max_rel,SKIP
lshp_406.mtx,bfp8_lb,bfp8_lb,controlled_lossy_value_specialized,ok,none,accuracy_pass_runtime_loss,0.0075,0.0062,1.733333,0.933333,,3834,4472,bfp8,bfp8,false,0,0,false,0,spmv_max_rel,SKIP
lshp_406.mtx,bfp8_outlier_lb,bfp8_outlier_lb,controlled_lossy_value_specialized,ok,none,accuracy_pass_runtime_loss,0.0073,0.0064,1.780822,0.958904,,3834,4472,bfp8_outlier,bfp8_outlier,false,0,0,false,0,spmv_max_rel,SKIP
lshp_406.mtx,bfp4_lb,bfp4_lb,controlled_lossy_value_specialized,ok,none,accuracy_pass_runtime_loss,0.0095,0.0087,1.368421,0.736842,,2476,4472,bfp4,bfp4,false,0,0,false,0,spmv_max_rel,SKIP
lshp_406.mtx,hybrid_lb,hybrid_lb,structural_hybrid,ok,none,promoted_fallback,0.0075,0.0055,1.733333,0.933333,,21728,,original,raw_double,false,,,1,0,exact_abs_or_rel,SKIP
lshp_406.mtx,cusparse_default,cusparse_csr,external_baseline,ok,none,external_baseline,0.0130,0.0102,1.000000,0.538462,,21728,12492,original,original,false,,,true,0,exact_abs_or_rel,SKIP
lung1.mtx,original_lb,original_lb,load_balanced_traversal,ok,none,promoted_fallback,0.0062,0.0052,2.661290,1.000000,,59352,8576,original,original,false,0,0,true,0,exact_abs_or_rel,SKIP
lung1.mtx,auto_lossless_lb,original_lb,load_balanced_traversal,ok,none,promoted_fallback,0.0074,0.0049,2.229730,0.837838,,59352,8576,auto_lossless,original,true,2658,59352,true,0,exact_abs_or_rel,SKIP
lung1.mtx,fp16_lb,fp16_lb,controlled_lossy_value_specialized,ok,none,accuracy_pass_runtime_loss,0.0063,0.0047,2.619048,0.984127,,14838,8576,fp16,fp16,false,0,0,false,0,spmv_max_rel,SKIP
lung1.mtx,bf16_lb,bf16_lb,controlled_lossy_value_specialized,ok,none,accuracy_pass_runtime_win,0.0060,0.0046,2.750000,1.033333,,14838,8576,bf16,bf16,false,0,0,false,0,spmv_max_rel,SKIP
lung1.mtx,bfp8_lb,bfp8_lb,controlled_lossy_value_specialized,ok,none,accuracy_pass_runtime_win,0.0059,0.0050,2.796610,1.050847,,9563,8576,bfp8,bfp8,false,0,0,false,0,spmv_max_rel,SKIP
lung1.mtx,bfp8_outlier_lb,bfp8_outlier_lb,controlled_lossy_value_specialized,ok,none,accuracy_pass_runtime_loss,0.0085,0.0067,1.941176,0.729412,,9579,8576,bfp8_outlier,bfp8_outlier,false,0,0,false,0,spmv_max_rel,SKIP
lung1.mtx,bfp4_lb,bfp4_lb,controlled_lossy_value_specialized,ok,none,accuracy_pass_runtime_loss,0.0071,0.0063,2.323944,0.873239,,5854,8576,bfp4,bfp4,false,0,0,false,0,spmv_max_rel,SKIP
lung1.mtx,hybrid_lb,hybrid_lb,structural_hybrid,ok,none,promoted_fallback,0.0067,0.0046,2.462687,0.925373,,59352,,original,raw_double,false,,,1,0,exact_abs_or_rel,SKIP
lung1.mtx,cusparse_default,cusparse_csr,external_baseline,ok,none,external_baseline,0.0165,0.0123,1.000000,0.375758,,59352,36280,original,original,false,,,true,0,exact_abs_or_rel,SKIP
mbeacxc.mtx,original_lb,original_lb,load_balanced_traversal,ok,none,promoted_fallback,0.0091,0.0078,1.406593,1.000000,,399360,48496,original,original,false,0,0,true,0,exact_abs_or_rel,SKIP
mbeacxc.mtx,auto_lossless_lb,original_lb,load_balanced_traversal,ok,none,promoted_fallback,0.0089,0.0075,1.438202,1.022472,,399360,48496,auto_lossless,original,true,20930,399360,true,0,exact_abs_or_rel,SKIP
mbeacxc.mtx,fp16_lb,fp16_lb,controlled_lossy_value_specialized,ok,none,accuracy_pass_runtime_loss,0.0097,0.0086,1.319588,0.938144,,99840,48496,fp16,fp16,false,0,0,false,0,spmv_max_rel,SKIP
mbeacxc.mtx,bf16_lb,bf16_lb,controlled_lossy_value_specialized,ok,none,accuracy_pass_runtime_loss,0.0094,0.0082,1.361702,0.968085,,99840,48496,bf16,bf16,false,0,0,false,0,spmv_max_rel,SKIP
mbeacxc.mtx,bfp8_lb,bfp8_lb,controlled_lossy_value_specialized,ok,none,accuracy_pass_runtime_loss,0.0114,0.0105,1.122807,0.798246,,62044,48496,bfp8,bfp8,false,0,0,false,0,spmv_max_rel,SKIP
mbeacxc.mtx,bfp8_outlier_lb,bfp8_outlier_lb,controlled_lossy_value_specialized,ok,none,accuracy_pass_runtime_loss,0.0129,0.0111,0.992248,0.705426,,66028,48496,bfp8_outlier,bfp8_outlier,false,0,0,false,0,spmv_max_rel,SKIP
mbeacxc.mtx,bfp4_lb,bfp4_lb,controlled_lossy_value_specialized,ok,none,accuracy_pass_runtime_loss,0.0152,0.0140,0.842105,0.598684,,37084,48496,bfp4,bfp4,false,0,0,false,0,spmv_max_rel,SKIP
mbeacxc.mtx,hybrid_lb,hybrid_lb,structural_hybrid,ok,none,promoted_fallback,0.0158,0.0142,0.810127,0.575949,,399360,,original,raw_double,false,,,1,0,exact_abs_or_rel,SKIP
mbeacxc.mtx,cusparse_default,cusparse_csr,external_baseline,ok,none,external_baseline,0.0128,0.0102,1.000000,0.710938,,399360,201668,original,original,false,,,true,0,exact_abs_or_rel,SKIP
mesh3em5.mtx,original_lb,original_lb,load_balanced_traversal,ok,none,promoted_fallback,0.0065,0.0052,1.876923,1.000000,,11016,3080,original,original,false,0,0,true,0,exact_abs_or_rel,SKIP
mesh3em5.mtx,auto_lossless_lb,dict16_lb,lossless_value_specialized,ok,none,accuracy_pass_runtime_loss,0.0080,0.0061,1.525000,0.812500,,6224,3080,auto_lossless,dict16,true,8,6224,true,8,exact_abs_or_rel,SKIP
mesh3em5.mtx,fp16_lb,fp16_lb,controlled_lossy_value_specialized,ok,none,accuracy_pass_runtime_loss,0.0079,0.0058,1.544304,0.822785,,2754,3080,fp16,fp16,false,0,0,false,0,spmv_max_rel,SKIP
mesh3em5.mtx,bf16_lb,bf16_lb,controlled_lossy_value_specialized,ok,none,accuracy_pass_runtime_loss,0.0077,0.0061,1.584416,0.844156,,2754,3080,bf16,bf16,false,0,0,false,0,spmv_max_rel,SKIP
mesh3em5.mtx,bfp8_lb,bfp8_lb,controlled_lossy_value_specialized,ok,none,accuracy_pass_runtime_loss,0.0076,0.0056,1.605263,0.855263,,2147,3080,bfp8,bfp8,false,0,0,false,0,spmv_max_rel,SKIP
mesh3em5.mtx,bfp8_outlier_lb,bfp8_outlier_lb,controlled_lossy_value_specialized,ok,none,accuracy_pass_runtime_loss,0.0085,0.0071,1.435294,0.764706,,2147,3080,bfp8_outlier,bfp8_outlier,false,0,0,false,0,spmv_max_rel,SKIP
mesh3em5.mtx,bfp4_lb,bfp4_lb,controlled_lossy_value_specialized,ok,none,accuracy_pass_runtime_loss,0.0085,0.0068,1.435294,0.764706,,1459,3080,bfp4,bfp4,false,0,0,false,0,spmv_max_rel,SKIP
mesh3em5.mtx,hybrid_lb,hybrid_lb,structural_hybrid,ok,none,promoted_fallback,0.0067,0.0050,1.820896,0.970149,,11016,,original,raw_double,false,,,1,0,exact_abs_or_rel,SKIP
mesh3em5.mtx,cusparse_default,cusparse_csr,external_baseline,ok,none,external_baseline,0.0122,0.0102,1.000000,0.532787,,11016,6668,original,original,false,,,true,0,exact_abs_or_rel,SKIP
mhd3200b.mtx,original_lb,original_lb,load_balanced_traversal,ok,none,promoted_fallback,0.0056,0.0045,2.517857,1.000000,,146528,19136,original,original,false,0,0,true,0,exact_abs_or_rel,SKIP
mhd3200b.mtx,auto_lossless_lb,original_lb,load_balanced_traversal,ok,none,promoted_fallback,0.0059,0.0048,2.389831,0.949153,,146528,19136,auto_lossless,original,true,6427,146528,true,0,exact_abs_or_rel,SKIP
mhd3200b.mtx,fp16_lb,fp16_lb,controlled_lossy_value_specialized,ok,none,accuracy_pass_runtime_win,0.0051,0.0043,2.764706,1.098039,,36632,19136,fp16,fp16,false,0,0,false,0,spmv_max_rel,SKIP
mhd3200b.mtx,bf16_lb,bf16_lb,controlled_lossy_value_specialized,ok,none,accuracy_pass_runtime_loss,0.0056,0.0043,2.517857,1.000000,,36632,19136,bf16,bf16,false,0,0,false,0,spmv_max_rel,SKIP
mhd3200b.mtx,bfp8_lb,bfp8_lb,controlled_lossy_value_specialized,ok,none,accuracy_pass_runtime_loss,0.0057,0.0044,2.473684,0.982456,,23100,19136,bfp8,bfp8,false,0,0,false,0,spmv_max_rel,SKIP
mhd3200b.mtx,bfp8_outlier_lb,bfp8_outlier_lb,controlled_lossy_value_specialized,ok,none,accuracy_pass_runtime_loss,0.0080,0.0072,1.762500,0.700000,,24524,19136,bfp8_outlier,bfp8_outlier,false,0,0,false,0,spmv_max_rel,SKIP
mhd3200b.mtx,bfp4_lb,bfp4_lb,controlled_lossy_value_specialized,ok,none,accuracy_pass_runtime_loss,0.0066,0.0051,2.136364,0.848485,,13942,19136,bfp4,bfp4,false,0,0,false,0,spmv_max_rel,SKIP
mhd3200b.mtx,hybrid_lb,hybrid_lb,structural_hybrid,ok,none,promoted_fallback,0.0056,0.0045,2.517857,1.000000,,146528,,original,raw_double,false,,,1,0,exact_abs_or_rel,SKIP
mhd3200b.mtx,cusparse_default,cusparse_csr,external_baseline,ok,none,external_baseline,0.0141,0.0123,1.000000,0.397163,,146528,86068,original,original,false,,,true,0,exact_abs_or_rel,SKIP
mice_10NN.mtx,original_lb,original_lb,load_balanced_traversal,ok,none,promoted_fallback,0.0086,0.0071,1.569767,1.000000,,107872,15864,original,original,false,0,0,true,0,exact_abs_or_rel,SKIP
mice_10NN.mtx,auto_lossless_lb,original_lb,load_balanced_traversal,ok,none,promoted_fallback,0.0095,0.0087,1.421053,0.905263,,107872,15864,auto_lossless,original,true,6011,107872,true,0,exact_abs_or_rel,SKIP
mice_10NN.mtx,fp16_lb,fp16_lb,controlled_lossy_value_specialized,ok,none,accuracy_pass_runtime_loss,0.0090,0.0075,1.500000,0.955556,,26968,15864,fp16,fp16,false,0,0,false,0,spmv_max_rel,SKIP
mice_10NN.mtx,bf16_lb,bf16_lb,controlled_lossy_value_specialized,ok,none,accuracy_pass_runtime_loss,0.0090,0.0071,1.500000,0.955556,,26968,15864,bf16,bf16,false,0,0,false,0,spmv_max_rel,SKIP
mice_10NN.mtx,bfp8_lb,bfp8_lb,controlled_lossy_value_specialized,ok,none,accuracy_pass_runtime_loss,0.0103,0.0093,1.310680,0.834951,,17450,15864,bfp8,bfp8,false,0,0,false,0,spmv_max_rel,SKIP
mice_10NN.mtx,bfp8_outlier_lb,bfp8_outlier_lb,controlled_lossy_value_specialized,ok,none,accuracy_pass_runtime_loss,0.0115,0.0100,1.173913,0.747826,,18506,15864,bfp8_outlier,bfp8_outlier,false,0,0,false,0,spmv_max_rel,SKIP
mice_10NN.mtx,bfp4_lb,bfp4_lb,controlled_lossy_value_specialized,ok,none,accuracy_pass_runtime_loss,0.0114,0.0106,1.184211,0.754386,,10708,15864,bfp4,bfp4,false,0,0,false,0,spmv_max_rel,SKIP
mice_10NN.mtx,hybrid_lb,hybrid_lb,structural_hybrid,ok,none,promoted_fallback,0.0074,0.0063,1.824324,1.162162,,107872,,original,raw_double,false,,,1,0,exact_abs_or_rel,SKIP
mice_10NN.mtx,cusparse_default,cusparse_csr,external_baseline,ok,none,external_baseline,0.0135,0.0102,1.000000,0.637037,,107872,58248,original,original,false,,,true,0,exact_abs_or_rel,SKIP
mimo28x28_system_B.mtx,original_lb,original_lb,load_balanced_traversal,ok,none,promoted_fallback,0.0046,0.0035,3.021739,1.000000,,224,224,original,original,false,0,0,true,0,exact_abs_or_rel,SKIP
mimo28x28_system_B.mtx,auto_lossless_lb,all_one_lb,lossless_value_specialized,ok,none,accuracy_pass_runtime_loss,0.0069,0.0054,2.014493,0.666667,,0,224,auto_lossless,all_one,true,1,0,true,0,exact_abs_or_rel,SKIP
mimo28x28_system_B.mtx,fp16_lb,fp16_lb,controlled_lossy_value_specialized,ok,none,accuracy_pass_runtime_loss,0.0053,0.0044,2.622642,0.867925,,56,224,fp16,fp16,false,0,0,false,0,spmv_max_rel,SKIP
mimo28x28_system_B.mtx,bf16_lb,bf16_lb,controlled_lossy_value_specialized,ok,none,accuracy_pass_runtime_loss,0.0055,0.0048,2.527273,0.836364,,56,224,bf16,bf16,false,0,0,false,0,spmv_max_rel,SKIP
mimo28x28_system_B.mtx,bfp8_lb,bfp8_lb,controlled_lossy_value_specialized,ok,none,accuracy_pass_runtime_loss,0.0051,0.0041,2.725490,0.901961,,84,224,bfp8,bfp8,false,0,0,false,0,spmv_max_rel,SKIP
mimo28x28_system_B.mtx,bfp8_outlier_lb,bfp8_outlier_lb,controlled_lossy_value_specialized,ok,none,accuracy_pass_runtime_loss,0.0056,0.0045,2.482143,0.821429,,84,224,bfp8_outlier,bfp8_outlier,false,0,0,false,0,spmv_max_rel,SKIP
mimo28x28_system_B.mtx,bfp4_lb,bfp4_lb,controlled_lossy_value_specialized,ok,none,accuracy_pass_runtime_win,0.0043,0.0026,3.232558,1.069767,,70,224,bfp4,bfp4,false,0,0,false,0,spmv_max_rel,SKIP
mimo28x28_system_B.mtx,hybrid_lb,hybrid_lb,structural_hybrid,ok,none,promoted_fallback,0.0065,0.0047,2.138462,0.707692,,224,,original,raw_double,false,,,1,0,exact_abs_or_rel,SKIP
mimo28x28_system_B.mtx,cusparse_default,cusparse_csr,external_baseline,ok,none,external_baseline,0.0139,0.0123,1.000000,0.330935,,224,53120,original,original,false,,,true,0,exact_abs_or_rel,SKIP
mimo8x8_system_B.mtx,original_lb,original_lb,load_balanced_traversal,ok,none,promoted_fallback,0.0044,0.0030,3.250000,1.000000,,64,64,original,original,false,0,0,true,0,exact_abs_or_rel,SKIP
mimo8x8_system_B.mtx,auto_lossless_lb,all_one_lb,lossless_value_specialized,ok,none,accuracy_pass_runtime_loss,0.0057,0.0038,2.508772,0.771930,,0,64,auto_lossless,all_one,true,1,0,true,0,exact_abs_or_rel,SKIP
mimo8x8_system_B.mtx,fp16_lb,fp16_lb,controlled_lossy_value_specialized,ok,none,accuracy_pass_runtime_loss,0.0062,0.0044,2.306452,0.709677,,16,64,fp16,fp16,false,0,0,false,0,spmv_max_rel,SKIP
mimo8x8_system_B.mtx,bf16_lb,bf16_lb,controlled_lossy_value_specialized,ok,none,accuracy_pass_runtime_loss,0.0053,0.0040,2.698113,0.830189,,16,64,bf16,bf16,false,0,0,false,0,spmv_max_rel,SKIP
mimo8x8_system_B.mtx,bfp8_lb,bfp8_lb,controlled_lossy_value_specialized,ok,none,accuracy_pass_runtime_loss,0.0051,0.0037,2.803922,0.862745,,24,64,bfp8,bfp8,false,0,0,false,0,spmv_max_rel,SKIP
mimo8x8_system_B.mtx,bfp8_outlier_lb,bfp8_outlier_lb,controlled_lossy_value_specialized,ok,none,accuracy_pass_runtime_loss,0.0051,0.0037,2.803922,0.862745,,24,64,bfp8_outlier,bfp8_outlier,false,0,0,false,0,spmv_max_rel,SKIP
mimo8x8_system_B.mtx,bfp4_lb,bfp4_lb,controlled_lossy_value_specialized,ok,none,accuracy_pass_runtime_loss,0.0055,0.0043,2.600000,0.800000,,20,64,bfp4,bfp4,false,0,0,false,0,spmv_max_rel,SKIP
mimo8x8_system_B.mtx,hybrid_lb,hybrid_lb,structural_hybrid,ok,none,promoted_fallback,0.0058,0.0046,2.465517,0.758621,,64,,original,raw_double,false,,,1,0,exact_abs_or_rel,SKIP
mimo8x8_system_B.mtx,cusparse_default,cusparse_csr,external_baseline,ok,none,external_baseline,0.0143,0.0123,1.000000,0.307692,,64,53272,original,original,false,,,true,0,exact_abs_or_rel,SKIP
mk11-b2.mtx,original_lb,original_lb,load_balanced_traversal,ok,none,promoted_fallback,0.0078,0.0067,2.012821,1.000000,,166320,54800,original,original,false,0,0,true,0,exact_abs_or_rel,SKIP
mk11-b2.mtx,auto_lossless_lb,sign2_lb,lossless_value_specialized,ok,none,accuracy_pass_runtime_win,0.0073,0.0057,2.150685,1.068493,,27400,54800,auto_lossless,sign2,true,2,27400,true,0,exact_abs_or_rel,SKIP
mk11-b2.mtx,fp16_lb,fp16_lb,controlled_lossy_value_specialized,ok,none,accuracy_pass_runtime_win,0.0066,0.0055,2.378788,1.181818,,41580,54800,fp16,fp16,false,0,0,false,0,spmv_max_rel,SKIP
mk11-b2.mtx,bf16_lb,bf16_lb,controlled_lossy_value_specialized,ok,none,accuracy_pass_runtime_win,0.0069,0.0055,2.275362,1.130435,,41580,54800,bf16,bf16,false,0,0,false,0,spmv_max_rel,SKIP
mk11-b2.mtx,bfp8_lb,bfp8_lb,controlled_lossy_value_specialized,ok,none,accuracy_pass_runtime_win,0.0075,0.0061,2.093333,1.040000,,34490,54800,bfp8,bfp8,false,0,0,false,0,spmv_max_rel,SKIP
mk11-b2.mtx,bfp8_outlier_lb,bfp8_outlier_lb,controlled_lossy_value_specialized,ok,none,accuracy_pass_runtime_win,0.0069,0.0054,2.275362,1.130435,,34490,54800,bfp8_outlier,bfp8_outlier,false,0,0,false,0,spmv_max_rel,SKIP
mk11-b2.mtx,bfp4_lb,bfp4_lb,controlled_lossy_value_specialized,ok,none,accuracy_pass_runtime_loss,0.0083,0.0075,1.891566,0.939759,,24095,54800,bfp4,bfp4,false,0,0,false,0,spmv_max_rel,SKIP
mk11-b2.mtx,hybrid_lb,hybrid_lb,structural_hybrid,ok,none,promoted_fallback,0.0062,0.0043,2.532258,1.258065,,166320,,original,raw_double,false,,,1,0,exact_abs_or_rel,SKIP
mk11-b2.mtx,cusparse_default,cusparse_csr,external_baseline,ok,none,external_baseline,0.0157,0.0123,1.000000,0.496815,,166320,110884,original,original,false,,,true,0,exact_abs_or_rel,SKIP
mk9-b2.mtx,original_lb,original_lb,load_balanced_traversal,ok,none,promoted_fallback,0.0059,0.0046,2.372881,1.000000,,30240,9872,original,original,false,0,0,true,0,exact_abs_or_rel,SKIP
mk9-b2.mtx,auto_lossless_lb,sign2_lb,lossless_value_specialized,ok,none,accuracy_pass_runtime_loss,0.0074,0.0052,1.891892,0.797297,,4936,9872,auto_lossless,sign2,true,2,4936,true,0,exact_abs_or_rel,SKIP
mk9-b2.mtx,fp16_lb,fp16_lb,controlled_lossy_value_specialized,ok,none,accuracy_pass_runtime_win,0.0053,0.0046,2.641509,1.113208,,7560,9872,fp16,fp16,false,0,0,false,0,spmv_max_rel,SKIP
mk9-b2.mtx,bf16_lb,bf16_lb,controlled_lossy_value_specialized,ok,none,accuracy_pass_runtime_loss,0.0068,0.0056,2.058824,0.867647,,7560,9872,bf16,bf16,false,0,0,false,0,spmv_max_rel,SKIP
mk9-b2.mtx,bfp8_lb,bfp8_lb,controlled_lossy_value_specialized,ok,none,accuracy_pass_runtime_loss,0.0090,0.0049,1.555556,0.655556,,6248,9872,bfp8,bfp8,false,0,0,false,0,spmv_max_rel,SKIP
mk9-b2.mtx,bfp8_outlier_lb,bfp8_outlier_lb,controlled_lossy_value_specialized,ok,none,accuracy_pass_runtime_loss,0.0092,0.0068,1.521739,0.641304,,6248,9872,bfp8_outlier,bfp8_outlier,false,0,0,false,0,spmv_max_rel,SKIP
mk9-b2.mtx,bfp4_lb,bfp4_lb,controlled_lossy_value_specialized,ok,none,accuracy_pass_runtime_loss,0.0074,0.0063,1.891892,0.797297,,4358,9872,bfp4,bfp4,false,0,0,false,0,spmv_max_rel,SKIP
mk9-b2.mtx,hybrid_lb,hybrid_lb,structural_hybrid,ok,none,promoted_fallback,0.0062,0.0051,2.258065,0.951613,,30240,,original,raw_double,false,,,1,0,exact_abs_or_rel,SKIP
mk9-b2.mtx,cusparse_default,cusparse_csr,external_baseline,ok,none,external_baseline,0.0140,0.0123,1.000000,0.421429,,30240,20164,original,original,false,,,true,0,exact_abs_or_rel,SKIP
model7.mtx,original_lb,original_lb,load_balanced_traversal,ok,none,promoted_fallback,0.0097,0.0080,1.659794,1.000000,,408216,119960,original,original,false,0,0,true,0,exact_abs_or_rel,SKIP
model7.mtx,auto_lossless_lb,original_lb,load_balanced_traversal,ok,none,promoted_fallback,0.0098,0.0086,1.642857,0.989796,,408216,119960,auto_lossless,original,true,5120,408216,true,0,exact_abs_or_rel,SKIP
model7.mtx,fp16_lb,fp16_lb,controlled_lossy_value_specialized,ok,none,accuracy_pass_runtime_win,0.0095,0.0082,1.694737,1.021053,,102054,119960,fp16,fp16,false,0,0,false,0,spmv_max_rel,SKIP
model7.mtx,bf16_lb,bf16_lb,controlled_lossy_value_specialized,ok,none,accuracy_pass_runtime_loss,0.0102,0.0090,1.578431,0.950980,,102054,119960,bf16,bf16,false,0,0,false,0,spmv_max_rel,SKIP
model7.mtx,bfp8_lb,bfp8_lb,controlled_lossy_value_specialized,ok,none,accuracy_pass_runtime_win,0.0093,0.0083,1.731183,1.043011,,81017,119960,bfp8,bfp8,false,0,0,false,0,spmv_max_rel,SKIP
model7.mtx,bfp8_outlier_lb,bfp8_outlier_lb,controlled_lossy_value_specialized,ok,none,accuracy_pass_runtime_loss,0.0118,0.0104,1.364407,0.822034,,85065,119960,bfp8_outlier,bfp8_outlier,false,0,0,false,0,spmv_max_rel,SKIP
model7.mtx,bfp4_lb,bfp4_lb,controlled_lossy_value_specialized,ok,none,accuracy_pass_runtime_loss,0.0139,0.0127,1.158273,0.697842,,55504,119960,bfp4,bfp4,false,0,0,false,0,spmv_max_rel,SKIP
model7.mtx,hybrid_lb,hybrid_lb,structural_hybrid,ok,none,promoted_fallback,0.0118,0.0103,1.364407,0.822034,,408216,,original,raw_double,false,,,1,0,exact_abs_or_rel,SKIP
model7.mtx,cusparse_default,cusparse_csr,external_baseline,ok,none,external_baseline,0.0161,0.0123,1.000000,0.602484,,408216,217544,original,original,false,,,true,0,exact_abs_or_rel,SKIP
mosfet2.mtx,original_lb,original_lb,load_balanced_traversal,ok,none,promoted_fallback,0.0401,0.0393,0.541147,1.000000,,8104496,5741568,original,original,false,0,0,true,0,exact_abs_or_rel,SKIP
mosfet2.mtx,auto_lossless_lb,original_lb,load_balanced_traversal,ok,none,promoted_fallback,0.0407,0.0394,0.533170,0.985258,,8104496,5741568,auto_lossless,original,true,700132,8104496,true,0,exact_abs_or_rel,SKIP
mosfet2.mtx,fp16_lb,fp16_lb,controlled_lossy_value_specialized,ok,none,accuracy_pass_runtime_win,0.0367,0.0358,0.591281,1.092643,,2026124,5741568,fp16,fp16,false,0,0,false,0,spmv_max_rel,SKIP
mosfet2.mtx,bf16_lb,bf16_lb,controlled_lossy_value_specialized,ok,none,accuracy_pass_runtime_win,0.0372,0.0368,0.583333,1.077957,,2026124,5741568,bf16,bf16,false,0,0,false,0,spmv_max_rel,SKIP
mosfet2.mtx,bfp8_lb,bfp8_lb,controlled_lossy_value_specialized,ok,none,accuracy_pass_runtime_win,0.0365,0.0352,0.594521,1.098630,,2448454,5741568,bfp8,bfp8,false,0,0,false,0,spmv_max_rel,SKIP
mosfet2.mtx,bfp8_outlier_lb,bfp8_outlier_lb,controlled_lossy_value_specialized,ok,none,accuracy_pass_runtime_win,0.0396,0.0373,0.547980,1.012626,,2529478,5741568,bfp8_outlier,bfp8_outlier,false,0,0,false,0,spmv_max_rel,SKIP
mosfet2.mtx,bfp4_lb,bfp4_lb,controlled_lossy_value_specialized,ok,none,accuracy_pass_runtime_win,0.0383,0.0369,0.566580,1.046997,,1941923,5741568,bfp4,bfp4,false,0,0,false,0,spmv_max_rel,SKIP
mosfet2.mtx,hybrid_lb,hybrid_lb,structural_hybrid,ok,none,promoted_fallback,0.0158,0.0133,1.373418,2.537975,,8104496,,original,raw_double,false,,,1,0,exact_abs_or_rel,SKIP
mosfet2.mtx,cusparse_default,cusparse_csr,external_baseline,ok,none,external_baseline,0.0217,0.0184,1.000000,1.847926,,8104496,4240228,original,original,false,,,true,0,exact_abs_or_rel,SKIP
msc01440.mtx,original_lb,original_lb,load_balanced_traversal,ok,none,promoted_fallback,0.0088,0.0067,1.579545,1.000000,,359984,36064,original,original,false,0,0,true,0,exact_abs_or_rel,SKIP
msc01440.mtx,auto_lossless_lb,dict65536_u16_lb,lossless_value_specialized,ok,none,accuracy_pass_runtime_loss,0.0111,0.0099,1.252252,0.792793,,314112,36064,auto_lossless,dict65536_u16,true,3200,314112,true,3200,exact_abs_or_rel,SKIP
msc01440.mtx,fp16_lb,fp16_lb,controlled_lossy_value_specialized,ok,none,accuracy_pass_runtime_loss,0.0094,0.0079,1.478723,0.936170,,89996,36064,fp16,fp16,false,0,0,false,0,spmv_max_rel,SKIP
msc01440.mtx,bf16_lb,bf16_lb,controlled_lossy_value_specialized,ok,none,accuracy_pass_runtime_loss,0.0093,0.0084,1.494624,0.946237,,89996,36064,bf16,bf16,false,0,0,false,0,spmv_max_rel,SKIP
msc01440.mtx,bfp8_lb,bfp8_lb,controlled_lossy_value_specialized,ok,none,accuracy_pass_runtime_loss,0.0104,0.0091,1.336538,0.846154,,54014,36064,bfp8,bfp8,false,0,0,false,0,spmv_max_rel,SKIP
msc01440.mtx,bfp8_outlier_lb,bfp8_outlier_lb,controlled_lossy_value_specialized,ok,none,accuracy_pass_runtime_loss,0.0123,0.0106,1.130081,0.715447,,57598,36064,bfp8_outlier,bfp8_outlier,false,0,0,false,0,spmv_max_rel,SKIP
msc01440.mtx,bfp4_lb,bfp4_lb,controlled_lossy_value_specialized,ok,none,accuracy_pass_runtime_loss,0.0131,0.0114,1.061069,0.671756,,31515,36064,bfp4,bfp4,false,0,0,false,0,spmv_max_rel,SKIP
msc01440.mtx,hybrid_lb,hybrid_lb,structural_hybrid,ok,none,promoted_fallback,0.0095,0.0081,1.463158,0.926316,,359984,,original,raw_double,false,,,1,0,exact_abs_or_rel,SKIP
msc01440.mtx,cusparse_default,cusparse_csr,external_baseline,ok,none,external_baseline,0.0139,0.0102,1.000000,0.633094,,359984,185756,original,original,false,,,true,0,exact_abs_or_rel,SKIP
mycielskian15.mtx,original_lb,original_lb,load_balanced_traversal,ok,none,promoted_fallback,0.0729,0.0720,1.123457,1.000000,,88888880,11499000,original,original,false,0,0,true,0,exact_abs_or_rel,SKIP
mycielskian15.mtx,auto_lossless_lb,all_one_lb,lossless_value_specialized,ok,none,accuracy_pass_runtime_win,0.0702,0.0680,1.166667,1.038462,,0,11499000,auto_lossless,all_one,true,1,0,true,0,exact_abs_or_rel,SKIP
mycielskian15.mtx,fp16_lb,fp16_lb,controlled_lossy_value_specialized,ok,none,accuracy_pass_runtime_win,0.0685,0.0644,1.195620,1.064234,,22222220,11499000,fp16,fp16,false,0,0,false,0,spmv_max_rel,SKIP
mycielskian15.mtx,bf16_lb,bf16_lb,controlled_lossy_value_specialized,ok,none,accuracy_pass_runtime_win,0.0652,0.0633,1.256135,1.118098,,22222220,11499000,bf16,bf16,false,0,0,false,0,spmv_max_rel,SKIP
mycielskian15.mtx,bfp8_lb,bfp8_lb,controlled_lossy_value_specialized,ok,none,accuracy_pass_runtime_win,0.0686,0.0639,1.193878,1.062682,,13985860,11499000,bfp8,bfp8,false,0,0,false,0,spmv_max_rel,SKIP
mycielskian15.mtx,bfp8_outlier_lb,bfp8_outlier_lb,controlled_lossy_value_specialized,ok,none,accuracy_pass_runtime_win,0.0649,0.0639,1.261941,1.123267,,13985860,11499000,bfp8_outlier,bfp8_outlier,false,0,0,false,0,spmv_max_rel,SKIP
mycielskian15.mtx,bfp4_lb,bfp4_lb,controlled_lossy_value_specialized,ok,none,accuracy_pass_runtime_win,0.0695,0.0680,1.178417,1.048921,,8430305,11499000,bfp4,bfp4,false,0,0,false,0,spmv_max_rel,SKIP
mycielskian15.mtx,hybrid_lb,hybrid_lb,structural_hybrid,ok,none,promoted_fallback,0.0496,0.0475,1.651210,1.469758,,88888880,,original,raw_double,false,,,1,0,exact_abs_or_rel,SKIP
mycielskian15.mtx,cusparse_default,cusparse_csr,external_baseline,ok,none,external_baseline,0.0819,0.0778,1.000000,0.890110,,88888880,44542744,original,original,false,,,true,0,exact_abs_or_rel,SKIP
mycielskian5.mtx,original_lb,original_lb,load_balanced_traversal,ok,none,promoted_fallback,0.0059,0.0050,2.033898,1.000000,,1136,144,original,original,false,0,0,true,0,exact_abs_or_rel,SKIP
mycielskian5.mtx,auto_lossless_lb,all_one_lb,lossless_value_specialized,ok,none,accuracy_pass_runtime_win,0.0057,0.0049,2.105263,1.035088,,0,144,auto_lossless,all_one,true,1,0,true,0,exact_abs_or_rel,SKIP
mycielskian5.mtx,fp16_lb,fp16_lb,controlled_lossy_value_specialized,ok,none,accuracy_pass_runtime_win,0.0058,0.0047,2.068966,1.017241,,284,144,fp16,fp16,false,0,0,false,0,spmv_max_rel,SKIP
mycielskian5.mtx,bf16_lb,bf16_lb,controlled_lossy_value_specialized,ok,none,accuracy_pass_runtime_loss,0.0076,0.0060,1.578947,0.776316,,284,144,bf16,bf16,false,0,0,false,0,spmv_max_rel,SKIP
mycielskian5.mtx,bfp8_lb,bfp8_lb,controlled_lossy_value_specialized,ok,none,accuracy_pass_runtime_loss,0.0072,0.0062,1.666667,0.819444,,178,144,bfp8,bfp8,false,0,0,false,0,spmv_max_rel,SKIP
mycielskian5.mtx,bfp8_outlier_lb,bfp8_outlier_lb,controlled_lossy_value_specialized,ok,none,accuracy_pass_runtime_loss,0.0062,0.0050,1.935484,0.951613,,178,144,bfp8_outlier,bfp8_outlier,false,0,0,false,0,spmv_max_rel,SKIP
mycielskian5.mtx,bfp4_lb,bfp4_lb,controlled_lossy_value_specialized,ok,none,accuracy_pass_runtime_loss,0.0076,0.0062,1.578947,0.776316,,107,144,bfp4,bfp4,false,0,0,false,0,spmv_max_rel,SKIP
mycielskian5.mtx,hybrid_lb,hybrid_lb,structural_hybrid,ok,none,promoted_fallback,0.0059,0.0045,2.033898,1.000000,,1136,,original,raw_double,false,,,1,0,exact_abs_or_rel,SKIP
mycielskian5.mtx,cusparse_default,cusparse_csr,external_baseline,ok,none,external_baseline,0.0120,0.0082,1.000000,0.491667,,1136,664,original,original,false,,,true,0,exact_abs_or_rel,SKIP
n2c6-b6.mtx,original_lb,original_lb,load_balanced_traversal,ok,none,promoted_fallback,0.0073,0.0062,1.945205,1.000000,,320040,94344,original,original,false,0,0,true,0,exact_abs_or_rel,SKIP
n2c6-b6.mtx,auto_lossless_lb,sign2_lb,lossless_value_specialized,ok,none,accuracy_pass_runtime_loss,0.0097,0.0081,1.463918,0.752577,,47172,94344,auto_lossless,sign2,true,2,47172,true,0,exact_abs_or_rel,SKIP
n2c6-b6.mtx,fp16_lb,fp16_lb,controlled_lossy_value_specialized,ok,none,accuracy_pass_runtime_loss,0.0078,0.0064,1.820513,0.935897,,80010,94344,fp16,fp16,false,0,0,false,0,spmv_max_rel,SKIP
n2c6-b6.mtx,bf16_lb,bf16_lb,controlled_lossy_value_specialized,ok,none,accuracy_pass_runtime_loss,0.0074,0.0063,1.918919,0.986486,,80010,94344,bf16,bf16,false,0,0,false,0,spmv_max_rel,SKIP
n2c6-b6.mtx,bfp8_lb,bfp8_lb,controlled_lossy_value_specialized,ok,none,accuracy_pass_runtime_loss,0.0077,0.0070,1.844156,0.948052,,63591,94344,bfp8,bfp8,false,0,0,false,0,spmv_max_rel,SKIP
n2c6-b6.mtx,bfp8_outlier_lb,bfp8_outlier_lb,controlled_lossy_value_specialized,ok,none,accuracy_pass_runtime_loss,0.0075,0.0070,1.893333,0.973333,,63591,94344,bfp8_outlier,bfp8_outlier,false,0,0,false,0,spmv_max_rel,SKIP
n2c6-b6.mtx,bfp4_lb,bfp4_lb,controlled_lossy_value_specialized,ok,none,accuracy_pass_runtime_loss,0.0107,0.0095,1.327103,0.682243,,43589,94344,bfp4,bfp4,false,0,0,false,0,spmv_max_rel,SKIP
n2c6-b6.mtx,hybrid_lb,hybrid_lb,structural_hybrid,ok,none,promoted_fallback,0.0068,0.0051,2.088235,1.073529,,320040,,original,raw_double,false,,,1,0,exact_abs_or_rel,SKIP
n2c6-b6.mtx,cusparse_default,cusparse_csr,external_baseline,ok,none,external_baseline,0.0142,0.0123,1.000000,0.514085,,320040,182884,original,original,false,,,true,0,exact_abs_or_rel,SKIP
n3c5-b1.mtx,original_lb,original_lb,load_balanced_traversal,ok,none,promoted_fallback,0.0053,0.0035,2.207547,1.000000,,720,112,original,original,false,0,0,true,0,exact_abs_or_rel,SKIP
n3c5-b1.mtx,auto_lossless_lb,sign2_lb,lossless_value_specialized,ok,none,accuracy_pass_runtime_win,0.0049,0.0045,2.387755,1.081633,,56,112,auto_lossless,sign2,true,2,56,true,0,exact_abs_or_rel,SKIP
n3c5-b1.mtx,fp16_lb,fp16_lb,controlled_lossy_value_specialized,ok,none,accuracy_pass_runtime_loss,0.0062,0.0048,1.887097,0.854839,,180,112,fp16,fp16,false,0,0,false,0,spmv_max_rel,SKIP
n3c5-b1.mtx,bf16_lb,bf16_lb,controlled_lossy_value_specialized,ok,none,accuracy_pass_runtime_loss,0.0056,0.0038,2.089286,0.946429,,180,112,bf16,bf16,false,0,0,false,0,spmv_max_rel,SKIP
n3c5-b1.mtx,bfp8_lb,bfp8_lb,controlled_lossy_value_specialized,ok,none,accuracy_pass_runtime_loss,0.0056,0.0049,2.089286,0.946429,,118,112,bfp8,bfp8,false,0,0,false,0,spmv_max_rel,SKIP
n3c5-b1.mtx,bfp8_outlier_lb,bfp8_outlier_lb,controlled_lossy_value_specialized,ok,none,accuracy_pass_runtime_loss,0.0058,0.0048,2.017241,0.913793,,118,112,bfp8_outlier,bfp8_outlier,false,0,0,false,0,spmv_max_rel,SKIP
n3c5-b1.mtx,bfp4_lb,bfp4_lb,controlled_lossy_value_specialized,ok,none,accuracy_pass_runtime_loss,0.0055,0.0049,2.127273,0.963636,,73,112,bfp4,bfp4,false,0,0,false,0,spmv_max_rel,SKIP
n3c5-b1.mtx,hybrid_lb,hybrid_lb,structural_hybrid,ok,none,promoted_fallback,0.0062,0.0049,1.887097,0.854839,,720,,original,raw_double,false,,,1,0,exact_abs_or_rel,SKIP
n3c5-b1.mtx,cusparse_default,cusparse_csr,external_baseline,ok,none,external_baseline,0.0117,0.0082,1.000000,0.452991,,720,544,original,original,false,,,true,0,exact_abs_or_rel,SKIP
n3c6-b10.mtx,original_lb,original_lb,load_balanced_traversal,ok,none,promoted_fallback,0.0086,0.0068,1.511628,1.000000,,59400,20368,original,original,false,0,0,true,0,exact_abs_or_rel,SKIP
n3c6-b10.mtx,auto_lossless_lb,sign2_lb,lossless_value_specialized,ok,none,accuracy_pass_runtime_loss,0.0096,0.0086,1.354167,0.895833,,10184,20368,auto_lossless,sign2,true,2,10184,true,0,exact_abs_or_rel,SKIP
n3c6-b10.mtx,fp16_lb,fp16_lb,controlled_lossy_value_specialized,ok,none,accuracy_pass_runtime_loss,0.0093,0.0084,1.397849,0.924731,,14850,20368,fp16,fp16,false,0,0,false,0,spmv_max_rel,SKIP
n3c6-b10.mtx,bf16_lb,bf16_lb,controlled_lossy_value_specialized,ok,none,accuracy_pass_runtime_loss,0.0098,0.0087,1.326531,0.877551,,14850,20368,bf16,bf16,false,0,0,false,0,spmv_max_rel,SKIP
n3c6-b10.mtx,bfp8_lb,bfp8_lb,controlled_lossy_value_specialized,ok,none,accuracy_pass_runtime_loss,0.0097,0.0089,1.340206,0.886598,,12517,20368,bfp8,bfp8,false,0,0,false,0,spmv_max_rel,SKIP
n3c6-b10.mtx,bfp8_outlier_lb,bfp8_outlier_lb,controlled_lossy_value_specialized,ok,none,accuracy_pass_runtime_loss,0.0098,0.0091,1.326531,0.877551,,12517,20368,bfp8_outlier,bfp8_outlier,false,0,0,false,0,spmv_max_rel,SKIP
n3c6-b10.mtx,bfp4_lb,bfp4_lb,controlled_lossy_value_specialized,ok,none,accuracy_pass_runtime_loss,0.0147,0.0130,0.884354,0.585034,,8805,20368,bfp4,bfp4,false,0,0,false,0,spmv_max_rel,SKIP
n3c6-b10.mtx,hybrid_lb,hybrid_lb,structural_hybrid,ok,none,promoted_fallback,0.0067,0.0051,1.940299,1.283582,,59400,,original,raw_double,false,,,1,0,exact_abs_or_rel,SKIP
n3c6-b10.mtx,cusparse_default,cusparse_csr,external_baseline,ok,none,external_baseline,0.0130,0.0102,1.000000,0.661538,,59400,32404,original,original,false,,,true,0,exact_abs_or_rel,SKIP
n3c6-b8.mtx,original_lb,original_lb,load_balanced_traversal,ok,none,promoted_fallback,0.0075,0.0056,1.960000,1.000000,,355320,99888,original,original,false,0,0,true,0,exact_abs_or_rel,SKIP
n3c6-b8.mtx,auto_lossless_lb,sign2_lb,lossless_value_specialized,ok,none,accuracy_pass_runtime_loss,0.0098,0.0094,1.500000,0.765306,,49944,99888,auto_lossless,sign2,true,2,49944,true,0,exact_abs_or_rel,SKIP
n3c6-b8.mtx,fp16_lb,fp16_lb,controlled_lossy_value_specialized,ok,none,accuracy_pass_runtime_loss,0.0088,0.0078,1.670455,0.852273,,88830,99888,fp16,fp16,false,0,0,false,0,spmv_max_rel,SKIP
n3c6-b8.mtx,bf16_lb,bf16_lb,controlled_lossy_value_specialized,ok,none,accuracy_pass_runtime_loss,0.0075,0.0062,1.960000,1.000000,,88830,99888,bf16,bf16,false,0,0,false,0,spmv_max_rel,SKIP
n3c6-b8.mtx,bfp8_lb,bfp8_lb,controlled_lossy_value_specialized,ok,none,accuracy_pass_runtime_loss,0.0083,0.0075,1.771084,0.903614,,69387,99888,bfp8,bfp8,false,0,0,false,0,spmv_max_rel,SKIP
n3c6-b8.mtx,bfp8_outlier_lb,bfp8_outlier_lb,controlled_lossy_value_specialized,ok,none,accuracy_pass_runtime_win,0.0074,0.0069,1.986486,1.013514,,69387,99888,bfp8_outlier,bfp8_outlier,false,0,0,false,0,spmv_max_rel,SKIP
n3c6-b8.mtx,bfp4_lb,bfp4_lb,controlled_lossy_value_specialized,ok,none,accuracy_pass_runtime_loss,0.0108,0.0101,1.361111,0.694444,,47180,99888,bfp4,bfp4,false,0,0,false,0,spmv_max_rel,SKIP
n3c6-b8.mtx,hybrid_lb,hybrid_lb,structural_hybrid,ok,none,promoted_fallback,0.0069,0.0050,2.130435,1.086957,,355320,,original,raw_double,false,,,1,0,exact_abs_or_rel,SKIP
n3c6-b8.mtx,cusparse_default,cusparse_csr,external_baseline,ok,none,external_baseline,0.0147,0.0123,1.000000,0.510204,,355320,197404,original,original,false,,,true,0,exact_abs_or_rel,SKIP
n4c5-b5.mtx,original_lb,original_lb,load_balanced_traversal,ok,none,promoted_fallback,0.0078,0.0054,1.846154,1.000000,,208320,59152,original,original,false,0,0,true,0,exact_abs_or_rel,SKIP
n4c5-b5.mtx,auto_lossless_lb,sign2_lb,lossless_value_specialized,ok,none,accuracy_pass_runtime_loss,0.0079,0.0057,1.822785,0.987342,,29576,59152,auto_lossless,sign2,true,2,29576,true,0,exact_abs_or_rel,SKIP
n4c5-b5.mtx,fp16_lb,fp16_lb,controlled_lossy_value_specialized,ok,none,accuracy_pass_runtime_win,0.0077,0.0059,1.870130,1.012987,,52080,59152,fp16,fp16,false,0,0,false,0,spmv_max_rel,SKIP
n4c5-b5.mtx,bf16_lb,bf16_lb,controlled_lossy_value_specialized,ok,none,accuracy_pass_runtime_win,0.0077,0.0068,1.870130,1.012987,,52080,59152,bf16,bf16,false,0,0,false,0,spmv_max_rel,SKIP
n4c5-b5.mtx,bfp8_lb,bfp8_lb,controlled_lossy_value_specialized,ok,none,accuracy_pass_runtime_loss,0.0080,0.0072,1.800000,0.975000,,40828,59152,bfp8,bfp8,false,0,0,false,0,spmv_max_rel,SKIP
n4c5-b5.mtx,bfp8_outlier_lb,bfp8_outlier_lb,controlled_lossy_value_specialized,ok,none,accuracy_pass_runtime_loss,0.0078,0.0069,1.846154,1.000000,,40828,59152,bfp8_outlier,bfp8_outlier,false,0,0,false,0,spmv_max_rel,SKIP
n4c5-b5.mtx,bfp4_lb,bfp4_lb,controlled_lossy_value_specialized,ok,none,accuracy_pass_runtime_loss,0.0098,0.0077,1.469388,0.795918,,27808,59152,bfp4,bfp4,false,0,0,false,0,spmv_max_rel,SKIP
n4c5-b5.mtx,hybrid_lb,hybrid_lb,structural_hybrid,ok,none,promoted_fallback,0.0066,0.0036,2.181818,1.181818,,208320,,original,raw_double,false,,,1,0,exact_abs_or_rel,SKIP
n4c5-b5.mtx,cusparse_default,cusparse_csr,external_baseline,ok,none,external_baseline,0.0144,0.0123,1.000000,0.541667,,208320,121524,original,original,false,,,true,0,exact_abs_or_rel,SKIP
n4c6-b15.mtx,original_lb,original_lb,load_balanced_traversal,ok,none,promoted_fallback,0.0097,0.0074,1.206186,1.000000,,7680,3472,original,original,false,0,0,true,0,exact_abs_or_rel,SKIP
n4c6-b15.mtx,auto_lossless_lb,sign2_lb,lossless_value_specialized,ok,none,accuracy_pass_runtime_loss,0.0098,0.0091,1.193878,0.989796,,1736,3472,auto_lossless,sign2,true,2,1736,true,0,exact_abs_or_rel,SKIP
n4c6-b15.mtx,fp16_lb,fp16_lb,controlled_lossy_value_specialized,ok,none,accuracy_pass_runtime_loss,0.0098,0.0079,1.193878,0.989796,,1920,3472,fp16,fp16,false,0,0,false,0,spmv_max_rel,SKIP
n4c6-b15.mtx,bf16_lb,bf16_lb,controlled_lossy_value_specialized,ok,none,accuracy_pass_runtime_win,0.0092,0.0085,1.271739,1.054348,,1920,3472,bf16,bf16,false,0,0,false,0,spmv_max_rel,SKIP
n4c6-b15.mtx,bfp8_lb,bfp8_lb,controlled_lossy_value_specialized,ok,none,accuracy_pass_runtime_win,0.0094,0.0075,1.244681,1.031915,,1828,3472,bfp8,bfp8,false,0,0,false,0,spmv_max_rel,SKIP
n4c6-b15.mtx,bfp8_outlier_lb,bfp8_outlier_lb,controlled_lossy_value_specialized,ok,none,accuracy_pass_runtime_win,0.0094,0.0075,1.244681,1.031915,,1828,3472,bfp8_outlier,bfp8_outlier,false,0,0,false,0,spmv_max_rel,SKIP
n4c6-b15.mtx,bfp4_lb,bfp4_lb,controlled_lossy_value_specialized,ok,none,accuracy_pass_runtime_loss,0.0129,0.0114,0.906977,0.751938,,1348,3472,bfp4,bfp4,false,0,0,false,0,spmv_max_rel,SKIP
n4c6-b15.mtx,hybrid_lb,hybrid_lb,structural_hybrid,ok,none,promoted_fallback,0.0053,0.0047,2.207547,1.830189,,7680,,original,raw_double,false,,,1,0,exact_abs_or_rel,SKIP
n4c6-b15.mtx,cusparse_default,cusparse_csr,external_baseline,ok,none,external_baseline,0.0117,0.0082,1.000000,0.829060,,7680,4084,original,original,false,,,true,0,exact_abs_or_rel,SKIP
nasa2910.mtx,original_lb,original_lb,load_balanced_traversal,ok,none,promoted_fallback,0.0106,0.0094,1.339623,1.000000,,1394368,99104,original,original,false,0,0,true,0,exact_abs_or_rel,SKIP
nasa2910.mtx,auto_lossless_lb,dict65536_u16_lb,lossless_value_specialized,ok,none,accuracy_pass_runtime_loss,0.0116,0.0106,1.224138,0.913793,,1086112,99104,auto_lossless,dict65536_u16,true,36660,1086112,true,36660,exact_abs_or_rel,SKIP
nasa2910.mtx,fp16_lb,fp16_lb,controlled_lossy_value_specialized,ok,none,accuracy_pass_runtime_win,0.0100,0.0086,1.420000,1.060000,,348592,99104,fp16,fp16,false,0,0,false,0,spmv_max_rel,SKIP
nasa2910.mtx,bf16_lb,bf16_lb,controlled_lossy_value_specialized,ok,none,accuracy_pass_runtime_win,0.0102,0.0099,1.392157,1.039216,,348592,99104,bf16,bf16,false,0,0,false,0,spmv_max_rel,SKIP
nasa2910.mtx,bfp8_lb,bfp8_lb,controlled_lossy_value_specialized,ok,none,accuracy_pass_runtime_win,0.0102,0.0091,1.392157,1.039216,,199072,99104,bfp8,bfp8,false,0,0,false,0,spmv_max_rel,SKIP
nasa2910.mtx,bfp8_outlier_lb,bfp8_outlier_lb,controlled_lossy_value_specialized,ok,none,accuracy_pass_runtime_loss,0.0122,0.0102,1.163934,0.868852,,212976,99104,bfp8_outlier,bfp8_outlier,false,0,0,false,0,spmv_max_rel,SKIP
nasa2910.mtx,bfp4_lb,bfp4_lb,controlled_lossy_value_specialized,ok,none,accuracy_pass_runtime_loss,0.0143,0.0138,0.993007,0.741259,,111924,99104,bfp4,bfp4,false,0,0,false,0,spmv_max_rel,SKIP
nasa2910.mtx,hybrid_lb,hybrid_lb,structural_hybrid,ok,none,promoted_fallback,0.0133,0.0115,1.067669,0.796992,,1394368,,original,raw_double,false,,,1,0,exact_abs_or_rel,SKIP
nasa2910.mtx,cusparse_default,cusparse_csr,external_baseline,ok,none,external_baseline,0.0142,0.0119,1.000000,0.746479,,1394368,708828,original,original,false,,,true,0,exact_abs_or_rel,SKIP
nemeth06.mtx,original_lb,original_lb,load_balanced_traversal,ok,none,promoted_fallback,0.0078,0.0065,1.769231,1.000000,,3158464,178816,original,original,false,0,0,true,0,exact_abs_or_rel,SKIP
nemeth06.mtx,auto_lossless_lb,original_lb,load_balanced_traversal,ok,none,promoted_fallback,0.0086,0.0071,1.604651,0.906977,,3158464,178816,auto_lossless,original,true,193891,3158464,true,0,exact_abs_or_rel,SKIP
nemeth06.mtx,fp16_lb,fp16_lb,controlled_lossy_value_specialized,ok,none,accuracy_pass_runtime_loss,0.0087,0.0077,1.586207,0.896552,,789616,178816,fp16,fp16,false,0,0,false,0,spmv_max_rel,SKIP
nemeth06.mtx,bf16_lb,bf16_lb,controlled_lossy_value_specialized,ok,none,accuracy_pass_runtime_win,0.0077,0.0068,1.792208,1.012987,,789616,178816,bf16,bf16,false,0,0,false,0,spmv_max_rel,SKIP
nemeth06.mtx,bfp8_lb,bfp8_lb,controlled_lossy_value_specialized,ok,none,accuracy_pass_runtime_loss,0.0087,0.0074,1.586207,0.896552,,439512,178816,bfp8,bfp8,false,0,0,false,0,spmv_max_rel,SKIP
nemeth06.mtx,bfp8_outlier_lb,bfp8_outlier_lb,controlled_lossy_value_specialized,ok,none,accuracy_pass_runtime_loss,0.0111,0.0087,1.243243,0.702703,,471096,178816,bfp8_outlier,bfp8_outlier,false,0,0,false,0,spmv_max_rel,SKIP
nemeth06.mtx,bfp4_lb,bfp4_lb,controlled_lossy_value_specialized,ok,none,accuracy_pass_runtime_loss,0.0097,0.0088,1.422680,0.804124,,242108,178816,bfp4,bfp4,false,0,0,false,0,spmv_max_rel,SKIP
nemeth06.mtx,hybrid_lb,hybrid_lb,structural_hybrid,ok,none,promoted_fallback,0.0091,0.0071,1.516484,0.857143,,3158464,,original,raw_double,false,,,1,0,exact_abs_or_rel,SKIP
nemeth06.mtx,cusparse_default,cusparse_csr,external_baseline,ok,none,external_baseline,0.0138,0.0102,1.000000,0.565217,,3158464,1617260,original,original,false,,,true,0,exact_abs_or_rel,SKIP
nemeth14.mtx,original_lb,original_lb,load_balanced_traversal,ok,none,promoted_fallback,0.0074,0.0065,1.905405,1.000000,,3969152,197240,original,original,false,0,0,true,0,exact_abs_or_rel,SKIP
nemeth14.mtx,auto_lossless_lb,original_lb,load_balanced_traversal,ok,none,promoted_fallback,0.0107,0.0082,1.317757,0.691589,,3969152,197240,auto_lossless,original,true,252180,3969152,true,0,exact_abs_or_rel,SKIP
nemeth14.mtx,fp16_lb,fp16_lb,controlled_lossy_value_specialized,ok,none,accuracy_pass_runtime_loss,0.0088,0.0066,1.602273,0.840909,,992288,197240,fp16,fp16,false,0,0,false,0,spmv_max_rel,SKIP
nemeth14.mtx,bf16_lb,bf16_lb,controlled_lossy_value_specialized,ok,none,accuracy_pass_runtime_loss,0.0087,0.0072,1.620690,0.850575,,992288,197240,bf16,bf16,false,0,0,false,0,spmv_max_rel,SKIP
nemeth14.mtx,bfp8_lb,bfp8_lb,controlled_lossy_value_specialized,ok,none,accuracy_pass_runtime_loss,0.0093,0.0084,1.516129,0.795699,,545454,197240,bfp8,bfp8,false,0,0,false,0,spmv_max_rel,SKIP
nemeth14.mtx,bfp8_outlier_lb,bfp8_outlier_lb,controlled_lossy_value_specialized,ok,none,accuracy_pass_runtime_loss,0.0124,0.0110,1.137097,0.596774,,585134,197240,bfp8_outlier,bfp8_outlier,false,0,0,false,0,spmv_max_rel,SKIP
nemeth14.mtx,bfp4_lb,bfp4_lb,controlled_lossy_value_specialized,ok,none,accuracy_pass_runtime_loss,0.0124,0.0113,1.137097,0.596774,,297382,197240,bfp4,bfp4,false,0,0,false,0,spmv_max_rel,SKIP
nemeth14.mtx,hybrid_lb,hybrid_lb,structural_hybrid,ok,none,promoted_fallback,0.0113,0.0097,1.247788,0.654867,,3969152,,original,raw_double,false,,,1,0,exact_abs_or_rel,SKIP
nemeth14.mtx,cusparse_default,cusparse_csr,external_baseline,ok,none,external_baseline,0.0141,0.0102,1.000000,0.524823,,3969152,2022604,original,original,false,,,true,0,exact_abs_or_rel,SKIP
nemeth22.mtx,original_lb,original_lb,load_balanced_traversal,ok,none,promoted_fallback,0.0100,0.0085,2.140000,1.000000,,10870656,441880,original,original,false,0,0,true,0,exact_abs_or_rel,SKIP
nemeth22.mtx,auto_lossless_lb,original_lb,load_balanced_traversal,ok,none,promoted_fallback,0.0106,0.0092,2.018868,0.943396,,10870656,441880,auto_lossless,original,true,684169,10870656,true,0,exact_abs_or_rel,SKIP
nemeth22.mtx,fp16_lb,fp16_lb,controlled_lossy_value_specialized,ok,none,accuracy_pass_runtime_win,0.0098,0.0086,2.183673,1.020408,,2717664,441880,fp16,fp16,false,0,0,false,0,spmv_max_rel,SKIP
nemeth22.mtx,bf16_lb,bf16_lb,controlled_lossy_value_specialized,ok,none,accuracy_pass_runtime_loss,0.0101,0.0086,2.118812,0.990099,,2717664,441880,bf16,bf16,false,0,0,false,0,spmv_max_rel,SKIP
nemeth22.mtx,bfp8_lb,bfp8_lb,controlled_lossy_value_specialized,ok,none,accuracy_pass_runtime_loss,0.0114,0.0100,1.877193,0.877193,,1469302,441880,bfp8,bfp8,false,0,0,false,0,spmv_max_rel,SKIP
nemeth22.mtx,bfp8_outlier_lb,bfp8_outlier_lb,controlled_lossy_value_specialized,ok,none,accuracy_pass_runtime_loss,0.0127,0.0108,1.685039,0.787402,,1578006,441880,bfp8_outlier,bfp8_outlier,false,0,0,false,0,spmv_max_rel,SKIP
nemeth22.mtx,bfp4_lb,bfp4_lb,controlled_lossy_value_specialized,ok,none,accuracy_pass_runtime_loss,0.0161,0.0148,1.329193,0.621118,,789886,441880,bfp4,bfp4,false,0,0,false,0,spmv_max_rel,SKIP
nemeth22.mtx,hybrid_lb,hybrid_lb,structural_hybrid,ok,none,promoted_fallback,0.0126,0.0112,1.698413,0.793651,,10870656,,original,raw_double,false,,,1,0,exact_abs_or_rel,SKIP
nemeth22.mtx,cusparse_default,cusparse_csr,external_baseline,ok,none,external_baseline,0.0214,0.0164,1.000000,0.467290,,10870656,5473356,original,original,false,,,true,0,exact_abs_or_rel,SKIP
nemspmm2.mtx,original_lb,original_lb,load_balanced_traversal,ok,none,promoted_fallback,0.0089,0.0076,1.786517,1.000000,,545800,122768,original,original,false,0,0,true,0,exact_abs_or_rel,SKIP
nemspmm2.mtx,auto_lossless_lb,original_lb,load_balanced_traversal,ok,none,promoted_fallback,0.0090,0.0082,1.766667,0.988889,,545800,122768,auto_lossless,original,true,2109,545800,true,0,exact_abs_or_rel,SKIP
nemspmm2.mtx,fp16_lb,fp16_lb,controlled_lossy_value_specialized,ok,none,accuracy_pass_runtime_loss,0.0097,0.0083,1.639175,0.917526,,136450,122768,fp16,fp16,false,0,0,false,0,spmv_max_rel,SKIP
nemspmm2.mtx,bf16_lb,bf16_lb,controlled_lossy_value_specialized,ok,none,accuracy_pass_runtime_loss,0.0101,0.0086,1.574257,0.881188,,136450,122768,bf16,bf16,false,0,0,false,0,spmv_max_rel,SKIP
nemspmm2.mtx,bfp8_lb,bfp8_lb,controlled_lossy_value_specialized,ok,none,accuracy_pass_runtime_loss,0.0108,0.0100,1.472222,0.824074,,98917,122768,bfp8,bfp8,false,0,0,false,0,spmv_max_rel,SKIP
nemspmm2.mtx,bfp8_outlier_lb,bfp8_outlier_lb,controlled_lossy_value_specialized,ok,none,accuracy_pass_runtime_loss,0.0133,0.0121,1.195489,0.669173,,104277,122768,bfp8_outlier,bfp8_outlier,false,0,0,false,0,spmv_max_rel,SKIP
nemspmm2.mtx,bfp4_lb,bfp4_lb,controlled_lossy_value_specialized,ok,none,accuracy_pass_runtime_loss,0.0148,0.0133,1.074324,0.601351,,64805,122768,bfp4,bfp4,false,0,0,false,0,spmv_max_rel,SKIP
nemspmm2.mtx,hybrid_lb,hybrid_lb,structural_hybrid,ok,none,promoted_fallback,0.0139,0.0124,1.143885,0.640288,,545800,,original,raw_double,false,,,1,0,exact_abs_or_rel,SKIP
nemspmm2.mtx,cusparse_default,cusparse_csr,external_baseline,ok,none,external_baseline,0.0159,0.0123,1.000000,0.559748,,545800,282108,original,original,false,,,true,0,exact_abs_or_rel,SKIP
nos1.mtx,original_lb,original_lb,load_balanced_traversal,ok,none,promoted_fallback,0.0062,0.0049,1.935484,1.000000,,8136,944,original,original,false,0,0,true,0,exact_abs_or_rel,SKIP
nos1.mtx,auto_lossless_lb,dict16_lb,lossless_value_specialized,ok,none,accuracy_pass_runtime_win,0.0057,0.0044,2.105263,1.087719,,1952,944,auto_lossless,dict16,true,8,1952,true,8,exact_abs_or_rel,SKIP
nos1.mtx,fp16_lb,fp16_lb,controlled_lossy_value_specialized,ok,none,accuracy_pass_runtime_loss,0.0065,0.0045,1.846154,0.953846,,2034,944,fp16,fp16,false,0,0,false,0,spmv_max_rel,SKIP
nos1.mtx,bf16_lb,bf16_lb,controlled_lossy_value_specialized,ok,none,accuracy_pass_runtime_loss,0.0062,0.0047,1.935484,1.000000,,2034,944,bf16,bf16,false,0,0,false,0,spmv_max_rel,SKIP
nos1.mtx,bfp8_lb,bfp8_lb,controlled_lossy_value_specialized,ok,none,accuracy_pass_runtime_win,0.0055,0.0046,2.181818,1.127273,,1253,944,bfp8,bfp8,false,0,0,false,0,spmv_max_rel,SKIP
nos1.mtx,bfp8_outlier_lb,bfp8_outlier_lb,controlled_lossy_value_specialized,ok,none,accuracy_pass_runtime_win,0.0055,0.0044,2.181818,1.127273,,1253,944,bfp8_outlier,bfp8_outlier,false,0,0,false,0,spmv_max_rel,SKIP
nos1.mtx,bfp4_lb,bfp4_lb,controlled_lossy_value_specialized,ok,none,accuracy_pass_runtime_win,0.0052,0.0046,2.307692,1.192308,,745,944,bfp4,bfp4,false,0,0,false,0,spmv_max_rel,SKIP
nos1.mtx,hybrid_lb,hybrid_lb,structural_hybrid,ok,none,promoted_fallback,0.0066,0.0048,1.818182,0.939394,,8136,,original,raw_double,false,,,1,0,exact_abs_or_rel,SKIP
nos1.mtx,cusparse_default,cusparse_csr,external_baseline,ok,none,external_baseline,0.0120,0.0102,1.000000,0.516667,,8136,5020,original,original,false,,,true,0,exact_abs_or_rel,SKIP
nsir_A_2.mtx,original_lb,original_lb,load_balanced_traversal,ok,none,promoted_fallback,0.0107,0.0091,1.551402,1.000000,,1239512,248072,original,original,false,0,0,true,0,exact_abs_or_rel,SKIP
nsir_A_2.mtx,auto_lossless_lb,original_lb,load_balanced_traversal,ok,none,promoted_fallback,0.0110,0.0092,1.509091,0.972727,,1239512,248072,auto_lossless,original,true,1463,1239512,true,0,exact_abs_or_rel,SKIP
nsir_A_2.mtx,fp16_lb,fp16_lb,controlled_lossy_value_specialized,ok,none,accuracy_pass_runtime_win,0.0099,0.0089,1.676768,1.080808,,309878,248072,fp16,fp16,false,0,0,false,0,spmv_max_rel,SKIP
nsir_A_2.mtx,bf16_lb,bf16_lb,controlled_lossy_value_specialized,ok,none,accuracy_pass_runtime_win,0.0103,0.0087,1.611650,1.038835,,309878,248072,bf16,bf16,false,0,0,false,0,spmv_max_rel,SKIP
nsir_A_2.mtx,bfp8_lb,bfp8_lb,controlled_lossy_value_specialized,ok,none,accuracy_pass_runtime_loss,0.0108,0.0100,1.537037,0.990741,,216957,248072,bfp8,bfp8,false,0,0,false,0,spmv_max_rel,SKIP
nsir_A_2.mtx,bfp8_outlier_lb,bfp8_outlier_lb,controlled_lossy_value_specialized,ok,none,accuracy_pass_runtime_loss,0.0117,0.0104,1.418803,0.914530,,216957,248072,bfp8_outlier,bfp8_outlier,false,0,0,false,0,spmv_max_rel,SKIP
nsir_A_2.mtx,bfp4_lb,bfp4_lb,controlled_lossy_value_specialized,ok,none,accuracy_pass_runtime_loss,0.0150,0.0140,1.106667,0.713333,,139488,248072,bfp4,bfp4,false,0,0,false,0,spmv_max_rel,SKIP
nsir_A_2.mtx,hybrid_lb,hybrid_lb,structural_hybrid,ok,none,promoted_fallback,0.0167,0.0149,0.994012,0.640719,,1239512,,original,raw_double,false,,,1,0,exact_abs_or_rel,SKIP
nsir_A_2.mtx,cusparse_default,cusparse_csr,external_baseline,ok,none,external_baseline,0.0166,0.0123,1.000000,0.644578,,1239512,637572,original,original,false,,,true,0,exact_abs_or_rel,SKIP
olm1000.mtx,original_lb,original_lb,load_balanced_traversal,ok,none,promoted_fallback,0.0062,0.0050,2.354839,1.000000,,31968,3984,original,original,false,0,0,true,0,exact_abs_or_rel,SKIP
olm1000.mtx,auto_lossless_lb,dict16_lb,lossless_value_specialized,ok,none,accuracy_pass_runtime_loss,0.0067,0.0049,2.179104,0.925373,,8016,3984,auto_lossless,dict16,true,6,8016,true,6,exact_abs_or_rel,SKIP
olm1000.mtx,fp16_lb,fp16_lb,controlled_lossy_value_specialized,ok,none,accuracy_pass_runtime_win,0.0057,0.0050,2.561404,1.087719,,7992,3984,fp16,fp16,false,0,0,false,0,spmv_max_rel,SKIP
olm1000.mtx,bf16_lb,bf16_lb,controlled_lossy_value_specialized,ok,none,accuracy_pass_runtime_loss,0.0070,0.0064,2.085714,0.885714,,7992,3984,bf16,bf16,false,0,0,false,0,spmv_max_rel,SKIP
olm1000.mtx,bfp8_lb,bfp8_lb,controlled_lossy_value_specialized,ok,none,accuracy_pass_runtime_win,0.0053,0.0044,2.754717,1.169811,,4992,3984,bfp8,bfp8,false,0,0,false,0,spmv_max_rel,SKIP
olm1000.mtx,bfp8_outlier_lb,bfp8_outlier_lb,controlled_lossy_value_specialized,ok,none,accuracy_pass_runtime_win,0.0050,0.0046,2.920000,1.240000,,4992,3984,bfp8_outlier,bfp8_outlier,false,0,0,false,0,spmv_max_rel,SKIP
olm1000.mtx,bfp4_lb,bfp4_lb,controlled_lossy_value_specialized,ok,none,accuracy_pass_runtime_loss,0.0071,0.0048,2.056338,0.873239,,2994,3984,bfp4,bfp4,false,0,0,false,0,spmv_max_rel,SKIP
olm1000.mtx,hybrid_lb,hybrid_lb,structural_hybrid,ok,none,promoted_fallback,0.0066,0.0046,2.212121,0.939394,,31968,,original,raw_double,false,,,1,0,exact_abs_or_rel,SKIP
olm1000.mtx,cusparse_default,cusparse_csr,external_baseline,ok,none,external_baseline,0.0146,0.0123,1.000000,0.424658,,31968,19988,original,original,false,,,true,0,exact_abs_or_rel,SKIP
orani678_b.mtx,original_lb,original_lb,load_balanced_traversal,ok,none,promoted_fallback,0.0060,0.0052,2.283333,1.000000,,2376,456,original,original,false,0,0,true,0,exact_abs_or_rel,SKIP
orani678_b.mtx,auto_lossless_lb,dict256_u8_lb,lossless_value_specialized,ok,none,accuracy_pass_runtime_win,0.0057,0.0050,2.403509,1.052632,,2136,456,auto_lossless,dict256_u8,true,39,2136,true,39,exact_abs_or_rel,SKIP
orani678_b.mtx,fp16_lb,fp16_lb,controlled_lossy_value_specialized,ok,none,accuracy_pass_runtime_loss,0.0060,0.0052,2.283333,1.000000,,594,456,fp16,fp16,false,0,0,false,0,spmv_max_rel,SKIP
orani678_b.mtx,bf16_lb,bf16_lb,controlled_lossy_value_specialized,ok,none,accuracy_pass_runtime_loss,0.0062,0.0056,2.209677,0.967742,,594,456,bf16,bf16,false,0,0,false,0,spmv_max_rel,SKIP
orani678_b.mtx,bfp8_lb,bfp8_lb,controlled_lossy_value_specialized,ok,none,accuracy_pass_runtime_loss,0.0064,0.0058,2.140625,0.937500,,411,456,bfp8,bfp8,false,0,0,false,0,spmv_max_rel,SKIP
orani678_b.mtx,bfp8_outlier_lb,bfp8_outlier_lb,controlled_lossy_value_specialized,ok,none,accuracy_pass_runtime_win,0.0058,0.0050,2.362069,1.034483,,411,456,bfp8_outlier,bfp8_outlier,false,0,0,false,0,spmv_max_rel,SKIP
orani678_b.mtx,bfp4_lb,bfp4_lb,controlled_lossy_value_specialized,ok,none,accuracy_pass_runtime_loss,0.0065,0.0052,2.107692,0.923077,,263,456,bfp4,bfp4,false,0,0,false,0,spmv_max_rel,SKIP
orani678_b.mtx,hybrid_lb,hybrid_lb,structural_hybrid,ok,none,promoted_fallback,0.0056,0.0037,2.446429,1.071429,,2376,,original,raw_double,false,,,1,0,exact_abs_or_rel,SKIP
orani678_b.mtx,cusparse_default,cusparse_csr,external_baseline,ok,none,external_baseline,0.0137,0.0102,1.000000,0.437956,,2376,11308,original,original,false,,,true,0,exact_abs_or_rel,SKIP
orbitRaising_1.mtx,original_lb,original_lb,load_balanced_traversal,ok,none,promoted_fallback,0.0070,0.0058,1.814286,1.000000,,23248,4640,original,original,false,0,0,true,0,exact_abs_or_rel,SKIP
orbitRaising_1.mtx,auto_lossless_lb,original_lb,load_balanced_traversal,ok,none,promoted_fallback,0.0073,0.0063,1.739726,0.958904,,23248,4640,auto_lossless,original,true,830,23248,true,0,exact_abs_or_rel,SKIP
orbitRaising_1.mtx,fp16_lb,fp16_lb,controlled_lossy_value_specialized,ok,none,accuracy_pass_runtime_loss,0.0071,0.0063,1.788732,0.985915,,5812,4640,fp16,fp16,false,0,0,false,0,spmv_max_rel,SKIP
orbitRaising_1.mtx,bf16_lb,bf16_lb,controlled_lossy_value_specialized,ok,none,accuracy_pass_runtime_win,0.0069,0.0065,1.840580,1.014493,,5812,4640,bf16,bf16,false,0,0,false,0,spmv_max_rel,SKIP
orbitRaising_1.mtx,bfp8_lb,bfp8_lb,controlled_lossy_value_specialized,ok,none,accuracy_pass_runtime_win,0.0068,0.0059,1.867647,1.029412,,4066,4640,bfp8,bfp8,false,0,0,false,0,spmv_max_rel,SKIP
orbitRaising_1.mtx,bfp8_outlier_lb,bfp8_outlier_lb,controlled_lossy_value_specialized,ok,none,accuracy_pass_runtime_loss,0.0102,0.0084,1.245098,0.686275,,4274,4640,bfp8_outlier,bfp8_outlier,false,0,0,false,0,spmv_max_rel,SKIP
orbitRaising_1.mtx,bfp4_lb,bfp4_lb,controlled_lossy_value_specialized,ok,none,accuracy_pass_runtime_loss,0.0097,0.0089,1.309278,0.721649,,2613,4640,bfp4,bfp4,false,0,0,false,0,spmv_max_rel,SKIP
orbitRaising_1.mtx,hybrid_lb,hybrid_lb,structural_hybrid,ok,none,promoted_fallback,0.0064,0.0055,1.984375,1.093750,,23248,,original,raw_double,false,,,1,0,exact_abs_or_rel,SKIP
orbitRaising_1.mtx,cusparse_default,cusparse_csr,external_baseline,ok,none,external_baseline,0.0127,0.0102,1.000000,0.551181,,23248,13396,original,original,false,,,true,0,exact_abs_or_rel,SKIP
oscil_dcop_07.mtx,original_lb,original_lb,load_balanced_traversal,ok,none,promoted_fallback,0.0080,0.0071,1.562500,1.000000,,12352,4440,original,original,false,0,0,true,0,exact_abs_or_rel,SKIP
oscil_dcop_07.mtx,auto_lossless_lb,original_lb,load_balanced_traversal,ok,none,promoted_fallback,0.0077,0.0068,1.623377,1.038961,,12352,4440,auto_lossless,original,true,513,12352,true,0,exact_abs_or_rel,SKIP
oscil_dcop_07.mtx,fp16_lb,fp16_lb,controlled_lossy_value_specialized,ok,none,accuracy_pass_runtime_loss,0.0089,0.0071,1.404494,0.898876,,3088,4440,fp16,fp16,false,0,0,false,0,spmv_max_rel,SKIP
oscil_dcop_07.mtx,bf16_lb,bf16_lb,controlled_lossy_value_specialized,ok,none,accuracy_pass_runtime_loss,0.0095,0.0084,1.315789,0.842105,,3088,4440,bf16,bf16,false,0,0,false,0,spmv_max_rel,SKIP
oscil_dcop_07.mtx,bfp8_lb,bfp8_lb,controlled_lossy_value_specialized,ok,none,accuracy_pass_runtime_loss,0.0092,0.0068,1.358696,0.869565,,2654,4440,bfp8,bfp8,false,0,0,false,0,spmv_max_rel,SKIP
oscil_dcop_07.mtx,bfp8_outlier_lb,bfp8_outlier_lb,controlled_lossy_value_specialized,ok,none,accuracy_pass_runtime_loss,0.0102,0.0086,1.225490,0.784314,,2750,4440,bfp8_outlier,bfp8_outlier,false,0,0,false,0,spmv_max_rel,SKIP
oscil_dcop_07.mtx,bfp4_lb,bfp4_lb,controlled_lossy_value_specialized,ok,none,accuracy_pass_runtime_loss,0.0116,0.0099,1.077586,0.689655,,1882,4440,bfp4,bfp4,false,0,0,false,0,spmv_max_rel,SKIP
oscil_dcop_07.mtx,hybrid_lb,hybrid_lb,structural_hybrid,ok,none,promoted_fallback,0.0067,0.0054,1.865672,1.194030,,12352,,original,raw_double,false,,,1,0,exact_abs_or_rel,SKIP
oscil_dcop_07.mtx,cusparse_default,cusparse_csr,external_baseline,ok,none,external_baseline,0.0125,0.0102,1.000000,0.640000,,12352,7900,original,original,false,,,true,0,exact_abs_or_rel,SKIP
oscil_dcop_15.mtx,original_lb,original_lb,load_balanced_traversal,ok,none,promoted_fallback,0.0080,0.0071,1.550000,1.000000,,12352,4440,original,original,false,0,0,true,0,exact_abs_or_rel,SKIP
oscil_dcop_15.mtx,auto_lossless_lb,original_lb,load_balanced_traversal,ok,none,promoted_fallback,0.0078,0.0068,1.589744,1.025641,,12352,4440,auto_lossless,original,true,563,12352,true,0,exact_abs_or_rel,SKIP
oscil_dcop_15.mtx,fp16_lb,fp16_lb,controlled_lossy_value_specialized,ok,none,accuracy_pass_runtime_loss,0.0087,0.0071,1.425287,0.919540,,3088,4440,fp16,fp16,false,0,0,false,0,spmv_max_rel,SKIP
oscil_dcop_15.mtx,bf16_lb,bf16_lb,controlled_lossy_value_specialized,ok,none,accuracy_pass_runtime_loss,0.0097,0.0070,1.278351,0.824742,,3088,4440,bf16,bf16,false,0,0,false,0,spmv_max_rel,SKIP
oscil_dcop_15.mtx,bfp8_lb,bfp8_lb,controlled_lossy_value_specialized,ok,none,accuracy_pass_runtime_loss,0.0089,0.0069,1.393258,0.898876,,2654,4440,bfp8,bfp8,false,0,0,false,0,spmv_max_rel,SKIP
oscil_dcop_15.mtx,bfp8_outlier_lb,bfp8_outlier_lb,controlled_lossy_value_specialized,ok,none,accuracy_pass_runtime_loss,0.0107,0.0088,1.158879,0.747664,,2750,4440,bfp8_outlier,bfp8_outlier,false,0,0,false,0,spmv_max_rel,SKIP
oscil_dcop_15.mtx,bfp4_lb,bfp4_lb,controlled_lossy_value_specialized,ok,none,accuracy_pass_runtime_loss,0.0119,0.0108,1.042017,0.672269,,1882,4440,bfp4,bfp4,false,0,0,false,0,spmv_max_rel,SKIP
oscil_dcop_15.mtx,hybrid_lb,hybrid_lb,structural_hybrid,ok,none,promoted_fallback,0.0064,0.0052,1.937500,1.250000,,12352,,original,raw_double,false,,,1,0,exact_abs_or_rel,SKIP
oscil_dcop_15.mtx,cusparse_default,cusparse_csr,external_baseline,ok,none,external_baseline,0.0124,0.0102,1.000000,0.645161,,12352,7900,original,original,false,,,true,0,exact_abs_or_rel,SKIP
oscil_dcop_23.mtx,original_lb,original_lb,load_balanced_traversal,ok,none,promoted_fallback,0.0079,0.0071,1.594937,1.000000,,12352,4440,original,original,false,0,0,true,0,exact_abs_or_rel,SKIP
oscil_dcop_23.mtx,auto_lossless_lb,original_lb,load_balanced_traversal,ok,none,promoted_fallback,0.0080,0.0068,1.575000,0.987500,,12352,4440,auto_lossless,original,true,543,12352,true,0,exact_abs_or_rel,SKIP
oscil_dcop_23.mtx,fp16_lb,fp16_lb,controlled_lossy_value_specialized,ok,none,accuracy_pass_runtime_loss,0.0097,0.0072,1.298969,0.814433,,3088,4440,fp16,fp16,false,0,0,false,0,spmv_max_rel,SKIP
oscil_dcop_23.mtx,bf16_lb,bf16_lb,controlled_lossy_value_specialized,ok,none,accuracy_pass_runtime_loss,0.0091,0.0071,1.384615,0.868132,,3088,4440,bf16,bf16,false,0,0,false,0,spmv_max_rel,SKIP
oscil_dcop_23.mtx,bfp8_lb,bfp8_lb,controlled_lossy_value_specialized,ok,none,accuracy_pass_runtime_loss,0.0092,0.0069,1.369565,0.858696,,2654,4440,bfp8,bfp8,false,0,0,false,0,spmv_max_rel,SKIP
oscil_dcop_23.mtx,bfp8_outlier_lb,bfp8_outlier_lb,controlled_lossy_value_specialized,ok,none,accuracy_pass_runtime_loss,0.0099,0.0078,1.272727,0.797980,,2750,4440,bfp8_outlier,bfp8_outlier,false,0,0,false,0,spmv_max_rel,SKIP
oscil_dcop_23.mtx,bfp4_lb,bfp4_lb,controlled_lossy_value_specialized,ok,none,accuracy_pass_runtime_loss,0.0118,0.0098,1.067797,0.669492,,1882,4440,bfp4,bfp4,false,0,0,false,0,spmv_max_rel,SKIP
oscil_dcop_23.mtx,hybrid_lb,hybrid_lb,structural_hybrid,ok,none,promoted_fallback,0.0074,0.0063,1.702703,1.067568,,12352,,original,raw_double,false,,,1,0,exact_abs_or_rel,SKIP
oscil_dcop_23.mtx,cusparse_default,cusparse_csr,external_baseline,ok,none,external_baseline,0.0126,0.0102,1.000000,0.626984,,12352,7900,original,original,false,,,true,0,exact_abs_or_rel,SKIP
oscil_dcop_31.mtx,original_lb,original_lb,load_balanced_traversal,ok,none,promoted_fallback,0.0082,0.0071,1.524390,1.000000,,12352,4440,original,original,false,0,0,true,0,exact_abs_or_rel,SKIP
oscil_dcop_31.mtx,auto_lossless_lb,original_lb,load_balanced_traversal,ok,none,promoted_fallback,0.0078,0.0068,1.602564,1.051282,,12352,4440,auto_lossless,original,true,521,12352,true,0,exact_abs_or_rel,SKIP
oscil_dcop_31.mtx,fp16_lb,fp16_lb,controlled_lossy_value_specialized,ok,none,accuracy_pass_runtime_loss,0.0093,0.0073,1.344086,0.881720,,3088,4440,fp16,fp16,false,0,0,false,0,spmv_max_rel,SKIP
oscil_dcop_31.mtx,bf16_lb,bf16_lb,controlled_lossy_value_specialized,ok,none,accuracy_pass_runtime_loss,0.0094,0.0071,1.329787,0.872340,,3088,4440,bf16,bf16,false,0,0,false,0,spmv_max_rel,SKIP
oscil_dcop_31.mtx,bfp8_lb,bfp8_lb,controlled_lossy_value_specialized,ok,none,accuracy_pass_runtime_loss,0.0090,0.0073,1.388889,0.911111,,2654,4440,bfp8,bfp8,false,0,0,false,0,spmv_max_rel,SKIP
oscil_dcop_31.mtx,bfp8_outlier_lb,bfp8_outlier_lb,controlled_lossy_value_specialized,ok,none,accuracy_pass_runtime_loss,0.0110,0.0084,1.136364,0.745455,,2750,4440,bfp8_outlier,bfp8_outlier,false,0,0,false,0,spmv_max_rel,SKIP
oscil_dcop_31.mtx,bfp4_lb,bfp4_lb,controlled_lossy_value_specialized,ok,none,accuracy_pass_runtime_loss,0.0120,0.0110,1.041667,0.683333,,1882,4440,bfp4,bfp4,false,0,0,false,0,spmv_max_rel,SKIP
oscil_dcop_31.mtx,hybrid_lb,hybrid_lb,structural_hybrid,ok,none,promoted_fallback,0.0075,0.0049,1.666667,1.093333,,12352,,original,raw_double,false,,,1,0,exact_abs_or_rel,SKIP
oscil_dcop_31.mtx,cusparse_default,cusparse_csr,external_baseline,ok,none,external_baseline,0.0125,0.0102,1.000000,0.656000,,12352,7900,original,original,false,,,true,0,exact_abs_or_rel,SKIP
oscil_dcop_39.mtx,original_lb,original_lb,load_balanced_traversal,ok,none,promoted_fallback,0.0082,0.0071,1.512195,1.000000,,12352,4440,original,original,false,0,0,true,0,exact_abs_or_rel,SKIP
oscil_dcop_39.mtx,auto_lossless_lb,original_lb,load_balanced_traversal,ok,none,promoted_fallback,0.0076,0.0066,1.631579,1.078947,,12352,4440,auto_lossless,original,true,484,12352,true,0,exact_abs_or_rel,SKIP
oscil_dcop_39.mtx,fp16_lb,fp16_lb,controlled_lossy_value_specialized,ok,none,accuracy_pass_runtime_loss,0.0095,0.0071,1.305263,0.863158,,3088,4440,fp16,fp16,false,0,0,false,0,spmv_max_rel,SKIP
oscil_dcop_39.mtx,bf16_lb,bf16_lb,controlled_lossy_value_specialized,ok,none,accuracy_pass_runtime_loss,0.0094,0.0070,1.319149,0.872340,,3088,4440,bf16,bf16,false,0,0,false,0,spmv_max_rel,SKIP
oscil_dcop_39.mtx,bfp8_lb,bfp8_lb,controlled_lossy_value_specialized,ok,none,accuracy_pass_runtime_loss,0.0092,0.0071,1.347826,0.891304,,2654,4440,bfp8,bfp8,false,0,0,false,0,spmv_max_rel,SKIP
oscil_dcop_39.mtx,bfp8_outlier_lb,bfp8_outlier_lb,controlled_lossy_value_specialized,ok,none,accuracy_pass_runtime_loss,0.0104,0.0089,1.192308,0.788462,,2750,4440,bfp8_outlier,bfp8_outlier,false,0,0,false,0,spmv_max_rel,SKIP
oscil_dcop_39.mtx,bfp4_lb,bfp4_lb,controlled_lossy_value_specialized,ok,none,accuracy_pass_runtime_loss,0.0121,0.0101,1.024793,0.677686,,1882,4440,bfp4,bfp4,false,0,0,false,0,spmv_max_rel,SKIP
oscil_dcop_39.mtx,hybrid_lb,hybrid_lb,structural_hybrid,ok,none,promoted_fallback,0.0074,0.0063,1.675676,1.108108,,12352,,original,raw_double,false,,,1,0,exact_abs_or_rel,SKIP
oscil_dcop_39.mtx,cusparse_default,cusparse_csr,external_baseline,ok,none,external_baseline,0.0124,0.0102,1.000000,0.661290,,12352,7900,original,original,false,,,true,0,exact_abs_or_rel,SKIP
oscil_dcop_47.mtx,original_lb,original_lb,load_balanced_traversal,ok,none,promoted_fallback,0.0082,0.0072,1.512195,1.000000,,12352,4440,original,original,false,0,0,true,0,exact_abs_or_rel,SKIP
oscil_dcop_47.mtx,auto_lossless_lb,original_lb,load_balanced_traversal,ok,none,promoted_fallback,0.0076,0.0066,1.631579,1.078947,,12352,4440,auto_lossless,original,true,449,12352,true,0,exact_abs_or_rel,SKIP
oscil_dcop_47.mtx,fp16_lb,fp16_lb,controlled_lossy_value_specialized,ok,none,accuracy_pass_runtime_loss,0.0094,0.0070,1.319149,0.872340,,3088,4440,fp16,fp16,false,0,0,false,0,spmv_max_rel,SKIP
oscil_dcop_47.mtx,bf16_lb,bf16_lb,controlled_lossy_value_specialized,ok,none,accuracy_pass_runtime_loss,0.0091,0.0072,1.362637,0.901099,,3088,4440,bf16,bf16,false,0,0,false,0,spmv_max_rel,SKIP
oscil_dcop_47.mtx,bfp8_lb,bfp8_lb,controlled_lossy_value_specialized,ok,none,accuracy_pass_runtime_loss,0.0094,0.0070,1.319149,0.872340,,2654,4440,bfp8,bfp8,false,0,0,false,0,spmv_max_rel,SKIP
oscil_dcop_47.mtx,bfp8_outlier_lb,bfp8_outlier_lb,controlled_lossy_value_specialized,ok,none,accuracy_pass_runtime_loss,0.0107,0.0088,1.158879,0.766355,,2750,4440,bfp8_outlier,bfp8_outlier,false,0,0,false,0,spmv_max_rel,SKIP
oscil_dcop_47.mtx,bfp4_lb,bfp4_lb,controlled_lossy_value_specialized,ok,none,accuracy_pass_runtime_loss,0.0126,0.0117,0.984127,0.650794,,1882,4440,bfp4,bfp4,false,0,0,false,0,spmv_max_rel,SKIP
oscil_dcop_47.mtx,hybrid_lb,hybrid_lb,structural_hybrid,ok,none,promoted_fallback,0.0066,0.0053,1.878788,1.242424,,12352,,original,raw_double,false,,,1,0,exact_abs_or_rel,SKIP
oscil_dcop_47.mtx,cusparse_default,cusparse_csr,external_baseline,ok,none,external_baseline,0.0124,0.0102,1.000000,0.661290,,12352,7900,original,original,false,,,true,0,exact_abs_or_rel,SKIP
oscil_dcop_55.mtx,original_lb,original_lb,load_balanced_traversal,ok,none,promoted_fallback,0.0123,0.0077,1.146341,1.000000,,12352,4440,original,original,false,0,0,true,0,exact_abs_or_rel,SKIP
oscil_dcop_55.mtx,auto_lossless_lb,original_lb,load_balanced_traversal,ok,none,promoted_fallback,0.0077,0.0067,1.831169,1.597403,,12352,4440,auto_lossless,original,true,434,12352,true,0,exact_abs_or_rel,SKIP
oscil_dcop_55.mtx,fp16_lb,fp16_lb,controlled_lossy_value_specialized,ok,none,accuracy_pass_runtime_win,0.0096,0.0073,1.468750,1.281250,,3088,4440,fp16,fp16,false,0,0,false,0,spmv_max_rel,SKIP
oscil_dcop_55.mtx,bf16_lb,bf16_lb,controlled_lossy_value_specialized,ok,none,accuracy_pass_runtime_win,0.0096,0.0071,1.468750,1.281250,,3088,4440,bf16,bf16,false,0,0,false,0,spmv_max_rel,SKIP
oscil_dcop_55.mtx,bfp8_lb,bfp8_lb,controlled_lossy_value_specialized,ok,none,accuracy_pass_runtime_win,0.0094,0.0079,1.500000,1.308511,,2654,4440,bfp8,bfp8,false,0,0,false,0,spmv_max_rel,SKIP
oscil_dcop_55.mtx,bfp8_outlier_lb,bfp8_outlier_lb,controlled_lossy_value_specialized,ok,none,accuracy_pass_runtime_win,0.0113,0.0099,1.247788,1.088496,,2750,4440,bfp8_outlier,bfp8_outlier,false,0,0,false,0,spmv_max_rel,SKIP
oscil_dcop_55.mtx,bfp4_lb,bfp4_lb,controlled_lossy_value_specialized,ok,none,accuracy_pass_runtime_win,0.0116,0.0100,1.215517,1.060345,,1882,4440,bfp4,bfp4,false,0,0,false,0,spmv_max_rel,SKIP
oscil_dcop_55.mtx,hybrid_lb,hybrid_lb,structural_hybrid,ok,none,promoted_fallback,0.0071,0.0051,1.985915,1.732394,,12352,,original,raw_double,false,,,1,0,exact_abs_or_rel,SKIP
oscil_dcop_55.mtx,cusparse_default,cusparse_csr,external_baseline,ok,none,external_baseline,0.0141,0.0102,1.000000,0.872340,,12352,7900,original,original,false,,,true,0,exact_abs_or_rel,SKIP
p0548.mtx,original_lb,original_lb,load_balanced_traversal,ok,none,promoted_fallback,0.0088,0.0077,1.477273,1.000000,,15096,5232,original,original,false,0,0,true,0,exact_abs_or_rel,SKIP
p0548.mtx,auto_lossless_lb,original_lb,load_balanced_traversal,ok,none,promoted_fallback,0.0098,0.0088,1.326531,0.897959,,15096,5232,auto_lossless,original,true,150,15096,true,0,exact_abs_or_rel,SKIP
p0548.mtx,fp16_lb,fp16_lb,controlled_lossy_value_specialized,ok,none,accuracy_pass_runtime_loss,0.0093,0.0081,1.397849,0.946237,,3774,5232,fp16,fp16,false,0,0,false,0,spmv_max_rel,SKIP
p0548.mtx,bf16_lb,bf16_lb,controlled_lossy_value_specialized,ok,none,accuracy_pass_runtime_loss,0.0112,0.0088,1.160714,0.785714,,3774,5232,bf16,bf16,false,0,0,false,0,spmv_max_rel,SKIP
p0548.mtx,bfp8_lb,bfp8_lb,controlled_lossy_value_specialized,ok,none,accuracy_pass_runtime_loss,0.0100,0.0085,1.300000,0.880000,,3195,5232,bfp8,bfp8,false,0,0,false,0,spmv_max_rel,SKIP
p0548.mtx,bfp8_outlier_lb,bfp8_outlier_lb,controlled_lossy_value_specialized,ok,none,accuracy_pass_runtime_loss,0.0098,0.0084,1.326531,0.897959,,3195,5232,bfp8_outlier,bfp8_outlier,false,0,0,false,0,spmv_max_rel,SKIP
p0548.mtx,bfp4_lb,bfp4_lb,controlled_lossy_value_specialized,ok,none,accuracy_pass_runtime_loss,0.0135,0.0126,0.962963,0.651852,,2252,5232,bfp4,bfp4,false,0,0,false,0,spmv_max_rel,SKIP
p0548.mtx,hybrid_lb,hybrid_lb,structural_hybrid,ok,none,promoted_fallback,0.0107,0.0090,1.214953,0.822430,,15096,,original,raw_double,false,,,1,0,exact_abs_or_rel,SKIP
p0548.mtx,cusparse_default,cusparse_csr,external_baseline,ok,none,external_baseline,0.0130,0.0102,1.000000,0.676923,,15096,8256,original,original,false,,,true,0,exact_abs_or_rel,SKIP
p2p-Gnutella04.mtx,original_lb,original_lb,load_balanced_traversal,ok,none,promoted_fallback,0.0110,0.0100,1.527273,1.000000,,319952,261480,original,original,false,0,0,true,0,exact_abs_or_rel,SKIP
p2p-Gnutella04.mtx,auto_lossless_lb,all_one_lb,lossless_value_specialized,ok,none,accuracy_pass_runtime_win,0.0091,0.0074,1.846154,1.208791,,0,261480,auto_lossless,all_one,true,1,0,true,0,exact_abs_or_rel,SKIP
p2p-Gnutella04.mtx,fp16_lb,fp16_lb,controlled_lossy_value_specialized,ok,none,accuracy_pass_runtime_win,0.0100,0.0092,1.680000,1.100000,,79988,261480,fp16,fp16,false,0,0,false,0,spmv_max_rel,SKIP
p2p-Gnutella04.mtx,bf16_lb,bf16_lb,controlled_lossy_value_specialized,ok,none,accuracy_pass_runtime_win,0.0104,0.0090,1.615385,1.057692,,79988,261480,bf16,bf16,false,0,0,false,0,spmv_max_rel,SKIP
p2p-Gnutella04.mtx,bfp8_lb,bfp8_lb,controlled_lossy_value_specialized,ok,none,accuracy_pass_runtime_win,0.0097,0.0085,1.731959,1.134021,,105364,261480,bfp8,bfp8,false,0,0,false,0,spmv_max_rel,SKIP
p2p-Gnutella04.mtx,bfp8_outlier_lb,bfp8_outlier_lb,controlled_lossy_value_specialized,ok,none,accuracy_pass_runtime_win,0.0100,0.0089,1.680000,1.100000,,105364,261480,bfp8_outlier,bfp8_outlier,false,0,0,false,0,spmv_max_rel,SKIP
p2p-Gnutella04.mtx,bfp4_lb,bfp4_lb,controlled_lossy_value_specialized,ok,none,accuracy_pass_runtime_loss,0.0145,0.0134,1.158621,0.758621,,85367,261480,bfp4,bfp4,false,0,0,false,0,spmv_max_rel,SKIP
p2p-Gnutella04.mtx,hybrid_lb,hybrid_lb,structural_hybrid,ok,none,promoted_fallback,0.0082,0.0066,2.048780,1.341463,,319952,,original,raw_double,false,,,1,0,exact_abs_or_rel,SKIP
p2p-Gnutella04.mtx,cusparse_default,cusparse_csr,external_baseline,ok,none,external_baseline,0.0168,0.0143,1.000000,0.654762,,319952,203496,original,original,false,,,true,0,exact_abs_or_rel,SKIP
photogrammetry2.mtx,original_lb,original_lb,load_balanced_traversal,ok,none,promoted_fallback,0.0057,0.0048,2.561404,1.000000,,296448,29784,original,original,false,0,0,true,0,exact_abs_or_rel,SKIP
photogrammetry2.mtx,auto_lossless_lb,original_lb,load_balanced_traversal,ok,none,promoted_fallback,0.0073,0.0053,2.000000,0.780822,,296448,29784,auto_lossless,original,true,17804,296448,true,0,exact_abs_or_rel,SKIP
photogrammetry2.mtx,fp16_lb,fp16_lb,controlled_lossy_value_specialized,ok,none,accuracy_pass_runtime_loss,0.0060,0.0044,2.433333,0.950000,,74112,29784,fp16,fp16,false,0,0,false,0,spmv_max_rel,SKIP
photogrammetry2.mtx,bf16_lb,bf16_lb,controlled_lossy_value_specialized,ok,none,accuracy_pass_runtime_loss,0.0057,0.0047,2.561404,1.000000,,74112,29784,bf16,bf16,false,0,0,false,0,spmv_max_rel,SKIP
photogrammetry2.mtx,bfp8_lb,bfp8_lb,controlled_lossy_value_specialized,ok,none,accuracy_pass_runtime_loss,0.0061,0.0050,2.393443,0.934426,,44502,29784,bfp8,bfp8,false,0,0,false,0,spmv_max_rel,SKIP
photogrammetry2.mtx,bfp8_outlier_lb,bfp8_outlier_lb,controlled_lossy_value_specialized,ok,none,accuracy_pass_runtime_loss,0.0085,0.0071,1.717647,0.670588,,47462,29784,bfp8_outlier,bfp8_outlier,false,0,0,false,0,spmv_max_rel,SKIP
photogrammetry2.mtx,bfp4_lb,bfp4_lb,controlled_lossy_value_specialized,ok,none,accuracy_pass_runtime_loss,0.0084,0.0077,1.738095,0.678571,,25974,29784,bfp4,bfp4,false,0,0,false,0,spmv_max_rel,SKIP
photogrammetry2.mtx,hybrid_lb,hybrid_lb,structural_hybrid,ok,none,promoted_fallback,0.0069,0.0048,2.115942,0.826087,,296448,,original,raw_double,false,,,1,0,exact_abs_or_rel,SKIP
photogrammetry2.mtx,cusparse_default,cusparse_csr,external_baseline,ok,none,external_baseline,0.0146,0.0123,1.000000,0.390411,,296448,166116,original,original,false,,,true,0,exact_abs_or_rel,SKIP
plddb_A_01.mtx,original_lb,original_lb,load_balanced_traversal,ok,none,promoted_fallback,0.0074,0.0049,2.216216,1.000000,,86096,26456,original,original,false,0,0,true,0,exact_abs_or_rel,SKIP
plddb_A_01.mtx,auto_lossless_lb,original_lb,load_balanced_traversal,ok,none,promoted_fallback,0.0070,0.0049,2.342857,1.057143,,86096,26456,auto_lossless,original,true,52,86096,true,0,exact_abs_or_rel,SKIP
plddb_A_01.mtx,fp16_lb,fp16_lb,controlled_lossy_value_specialized,ok,none,accuracy_pass_runtime_loss,0.0079,0.0056,2.075949,0.936709,,21524,26456,fp16,fp16,false,0,0,false,0,spmv_max_rel,SKIP
plddb_A_01.mtx,bf16_lb,bf16_lb,controlled_lossy_value_specialized,ok,none,accuracy_pass_runtime_loss,0.0076,0.0057,2.157895,0.973684,,21524,26456,bf16,bf16,false,0,0,false,0,spmv_max_rel,SKIP
plddb_A_01.mtx,bfp8_lb,bfp8_lb,controlled_lossy_value_specialized,ok,none,accuracy_pass_runtime_loss,0.0076,0.0068,2.157895,0.973684,,17376,26456,bfp8,bfp8,false,0,0,false,0,spmv_max_rel,SKIP
plddb_A_01.mtx,bfp8_outlier_lb,bfp8_outlier_lb,controlled_lossy_value_specialized,ok,none,accuracy_pass_runtime_loss,0.0079,0.0070,2.075949,0.936709,,17376,26456,bfp8_outlier,bfp8_outlier,false,0,0,false,0,spmv_max_rel,SKIP
plddb_A_01.mtx,bfp4_lb,bfp4_lb,controlled_lossy_value_specialized,ok,none,accuracy_pass_runtime_loss,0.0089,0.0081,1.842697,0.831461,,11995,26456,bfp4,bfp4,false,0,0,false,0,spmv_max_rel,SKIP
plddb_A_01.mtx,hybrid_lb,hybrid_lb,structural_hybrid,ok,none,promoted_fallback,0.0072,0.0051,2.277778,1.027778,,86096,,original,raw_double,false,,,1,0,exact_abs_or_rel,SKIP
plddb_A_01.mtx,cusparse_default,cusparse_csr,external_baseline,ok,none,external_baseline,0.0164,0.0123,1.000000,0.451220,,86096,55328,original,original,false,,,true,0,exact_abs_or_rel,SKIP
plddb_A_09.mtx,original_lb,original_lb,load_balanced_traversal,ok,none,promoted_fallback,0.0073,0.0063,2.219178,1.000000,,86632,26576,original,original,false,0,0,true,0,exact_abs_or_rel,SKIP
plddb_A_09.mtx,auto_lossless_lb,original_lb,load_balanced_traversal,ok,none,promoted_fallback,0.0090,0.0075,1.800000,0.811111,,86632,26576,auto_lossless,original,true,84,86632,true,0,exact_abs_or_rel,SKIP
plddb_A_09.mtx,fp16_lb,fp16_lb,controlled_lossy_value_specialized,ok,none,accuracy_pass_runtime_loss,0.0099,0.0068,1.636364,0.737374,,21658,26576,fp16,fp16,false,0,0,false,0,spmv_max_rel,SKIP
plddb_A_09.mtx,bf16_lb,bf16_lb,controlled_lossy_value_specialized,ok,none,accuracy_pass_runtime_loss,0.0082,0.0065,1.975610,0.890244,,21658,26576,bf16,bf16,false,0,0,false,0,spmv_max_rel,SKIP
plddb_A_09.mtx,bfp8_lb,bfp8_lb,controlled_lossy_value_specialized,ok,none,accuracy_pass_runtime_loss,0.0089,0.0076,1.820225,0.820225,,17473,26576,bfp8,bfp8,false,0,0,false,0,spmv_max_rel,SKIP
plddb_A_09.mtx,bfp8_outlier_lb,bfp8_outlier_lb,controlled_lossy_value_specialized,ok,none,accuracy_pass_runtime_loss,0.0089,0.0076,1.820225,0.820225,,17473,26576,bfp8_outlier,bfp8_outlier,false,0,0,false,0,spmv_max_rel,SKIP
plddb_A_09.mtx,bfp4_lb,bfp4_lb,controlled_lossy_value_specialized,ok,none,accuracy_pass_runtime_loss,0.0096,0.0083,1.687500,0.760417,,12059,26576,bfp4,bfp4,false,0,0,false,0,spmv_max_rel,SKIP
plddb_A_09.mtx,hybrid_lb,hybrid_lb,structural_hybrid,ok,none,promoted_fallback,0.0076,0.0052,2.131579,0.960526,,86632,,original,raw_double,false,,,1,0,exact_abs_or_rel,SKIP
plddb_A_09.mtx,cusparse_default,cusparse_csr,external_baseline,ok,none,external_baseline,0.0162,0.0123,1.000000,0.450617,,86632,55596,original,original,false,,,true,0,exact_abs_or_rel,SKIP
polbooks.mtx,original_lb,original_lb,load_balanced_traversal,ok,none,promoted_fallback,0.0081,0.0068,1.469136,1.000000,,7056,1480,original,original,false,0,0,true,0,exact_abs_or_rel,SKIP
polbooks.mtx,auto_lossless_lb,all_one_lb,lossless_value_specialized,ok,none,accuracy_pass_runtime_win,0.0080,0.0066,1.487500,1.012500,,0,1480,auto_lossless,all_one,true,1,0,true,0,exact_abs_or_rel,SKIP
polbooks.mtx,fp16_lb,fp16_lb,controlled_lossy_value_specialized,ok,none,accuracy_pass_runtime_win,0.0073,0.0064,1.630137,1.109589,,1764,1480,fp16,fp16,false,0,0,false,0,spmv_max_rel,SKIP
polbooks.mtx,bf16_lb,bf16_lb,controlled_lossy_value_specialized,ok,none,accuracy_pass_runtime_win,0.0074,0.0064,1.608108,1.094595,,1764,1480,bf16,bf16,false,0,0,false,0,spmv_max_rel,SKIP
polbooks.mtx,bfp8_lb,bfp8_lb,controlled_lossy_value_specialized,ok,none,accuracy_pass_runtime_win,0.0072,0.0058,1.652778,1.125000,,1252,1480,bfp8,bfp8,false,0,0,false,0,spmv_max_rel,SKIP
polbooks.mtx,bfp8_outlier_lb,bfp8_outlier_lb,controlled_lossy_value_specialized,ok,none,accuracy_pass_runtime_win,0.0075,0.0063,1.586667,1.080000,,1252,1480,bfp8_outlier,bfp8_outlier,false,0,0,false,0,spmv_max_rel,SKIP
polbooks.mtx,bfp4_lb,bfp4_lb,controlled_lossy_value_specialized,ok,none,accuracy_pass_runtime_loss,0.0092,0.0083,1.293478,0.880435,,811,1480,bfp4,bfp4,false,0,0,false,0,spmv_max_rel,SKIP
polbooks.mtx,hybrid_lb,hybrid_lb,structural_hybrid,ok,none,promoted_fallback,0.0071,0.0057,1.676056,1.140845,,7056,,original,raw_double,false,,,1,0,exact_abs_or_rel,SKIP
polbooks.mtx,cusparse_default,cusparse_csr,external_baseline,ok,none,external_baseline,0.0119,0.0082,1.000000,0.680672,,7056,3952,original,original,false,,,true,0,exact_abs_or_rel,SKIP
poli3.mtx,original_lb,original_lb,load_balanced_traversal,ok,none,promoted_fallback,0.0088,0.0074,1.818182,1.000000,,302792,159568,original,original,false,0,0,true,0,exact_abs_or_rel,SKIP
poli3.mtx,auto_lossless_lb,original_lb,load_balanced_traversal,ok,none,promoted_fallback,0.0100,0.0090,1.600000,0.880000,,302792,159568,auto_lossless,original,true,2082,302792,true,0,exact_abs_or_rel,SKIP
poli3.mtx,fp16_lb,fp16_lb,controlled_lossy_value_specialized,ok,none,accuracy_pass_runtime_loss,0.0106,0.0095,1.509434,0.830189,,75698,159568,fp16,fp16,false,0,0,false,0,spmv_max_rel,SKIP
poli3.mtx,bf16_lb,bf16_lb,controlled_lossy_value_specialized,ok,none,accuracy_pass_runtime_loss,0.0098,0.0088,1.632653,0.897959,,75698,159568,bf16,bf16,false,0,0,false,0,spmv_max_rel,SKIP
poli3.mtx,bfp8_lb,bfp8_lb,controlled_lossy_value_specialized,ok,none,accuracy_pass_runtime_loss,0.0100,0.0083,1.600000,0.880000,,77741,159568,bfp8,bfp8,false,0,0,false,0,spmv_max_rel,SKIP
poli3.mtx,bfp8_outlier_lb,bfp8_outlier_lb,controlled_lossy_value_specialized,ok,none,accuracy_pass_runtime_loss,0.0096,0.0072,1.666667,0.916667,,77741,159568,bfp8_outlier,bfp8_outlier,false,0,0,false,0,spmv_max_rel,SKIP
poli3.mtx,bfp4_lb,bfp4_lb,controlled_lossy_value_specialized,ok,none,accuracy_pass_runtime_loss,0.0146,0.0131,1.095890,0.602740,,58817,159568,bfp4,bfp4,false,0,0,false,0,spmv_max_rel,SKIP
poli3.mtx,hybrid_lb,hybrid_lb,structural_hybrid,ok,none,promoted_fallback,0.0117,0.0085,1.367521,0.752137,,302792,,original,raw_double,false,,,1,0,exact_abs_or_rel,SKIP
poli3.mtx,cusparse_default,cusparse_csr,external_baseline,ok,none,external_baseline,0.0160,0.0123,1.000000,0.550000,,302792,219220,original,original,false,,,true,0,exact_abs_or_rel,SKIP
pores_1.mtx,original_lb,original_lb,load_balanced_traversal,ok,none,promoted_fallback,0.0059,0.0051,2.067797,1.000000,,1440,192,original,original,false,0,0,true,0,exact_abs_or_rel,SKIP
pores_1.mtx,auto_lossless_lb,original_lb,load_balanced_traversal,ok,none,promoted_fallback,0.0058,0.0053,2.103448,1.017241,,1440,192,auto_lossless,original,true,151,1440,true,0,exact_abs_or_rel,SKIP
pores_1.mtx,fp16_lb,fp16_lb,controlled_lossy_value_specialized,ok,none,accuracy_pass_runtime_loss,0.0060,0.0050,2.033333,0.983333,,360,192,fp16,fp16,false,0,0,false,0,spmv_max_rel,SKIP
pores_1.mtx,bf16_lb,bf16_lb,controlled_lossy_value_specialized,ok,none,accuracy_pass_runtime_loss,0.0060,0.0051,2.033333,0.983333,,360,192,bf16,bf16,false,0,0,false,0,spmv_max_rel,SKIP
pores_1.mtx,bfp8_lb,bfp8_lb,controlled_lossy_value_specialized,ok,none,accuracy_pass_runtime_loss,0.0062,0.0057,1.967742,0.951613,,228,192,bfp8,bfp8,false,0,0,false,0,spmv_max_rel,SKIP
pores_1.mtx,bfp8_outlier_lb,bfp8_outlier_lb,controlled_lossy_value_specialized,ok,none,accuracy_pass_runtime_loss,0.0060,0.0049,2.033333,0.983333,,228,192,bfp8_outlier,bfp8_outlier,false,0,0,false,0,spmv_max_rel,SKIP
pores_1.mtx,bfp4_lb,bfp4_lb,controlled_lossy_value_specialized,ok,none,accuracy_pass_runtime_win,0.0057,0.0045,2.140351,1.035088,,138,192,bfp4,bfp4,false,0,0,false,0,spmv_max_rel,SKIP
pores_1.mtx,hybrid_lb,hybrid_lb,structural_hybrid,ok,none,promoted_fallback,0.0064,0.0047,1.906250,0.921875,,1440,,original,raw_double,false,,,1,0,exact_abs_or_rel,SKIP
pores_1.mtx,cusparse_default,cusparse_csr,external_baseline,ok,none,external_baseline,0.0122,0.0082,1.000000,0.483607,,1440,844,original,original,false,,,true,0,exact_abs_or_rel,SKIP
problem1.mtx,original_lb,original_lb,load_balanced_traversal,ok,none,promoted_fallback,0.0093,0.0072,1.376344,1.000000,,22232,6992,original,original,false,0,0,true,0,exact_abs_or_rel,SKIP
problem1.mtx,auto_lossless_lb,original_lb,load_balanced_traversal,ok,none,promoted_fallback,0.0093,0.0072,1.376344,1.000000,,22232,6992,auto_lossless,original,true,2005,22232,true,0,exact_abs_or_rel,SKIP
problem1.mtx,fp16_lb,fp16_lb,controlled_lossy_value_specialized,ok,none,accuracy_pass_runtime_loss,0.0094,0.0090,1.361702,0.989362,,5558,6992,fp16,fp16,false,0,0,false,0,spmv_max_rel,SKIP
problem1.mtx,bf16_lb,bf16_lb,controlled_lossy_value_specialized,ok,none,accuracy_pass_runtime_loss,0.0094,0.0078,1.361702,0.989362,,5558,6992,bf16,bf16,false,0,0,false,0,spmv_max_rel,SKIP
problem1.mtx,bfp8_lb,bfp8_lb,controlled_lossy_value_specialized,ok,none,accuracy_pass_runtime_loss,0.0095,0.0078,1.347368,0.978947,,4527,6992,bfp8,bfp8,false,0,0,false,0,spmv_max_rel,SKIP
problem1.mtx,bfp8_outlier_lb,bfp8_outlier_lb,controlled_lossy_value_specialized,ok,none,accuracy_pass_runtime_loss,0.0114,0.0099,1.122807,0.815789,,4735,6992,bfp8_outlier,bfp8_outlier,false,0,0,false,0,spmv_max_rel,SKIP
problem1.mtx,bfp4_lb,bfp4_lb,controlled_lossy_value_specialized,ok,none,accuracy_pass_runtime_loss,0.0114,0.0099,1.122807,0.815789,,3138,6992,bfp4,bfp4,false,0,0,false,0,spmv_max_rel,SKIP
problem1.mtx,hybrid_lb,hybrid_lb,structural_hybrid,ok,none,promoted_fallback,0.0068,0.0052,1.882353,1.367647,,22232,,original,raw_double,false,,,1,0,exact_abs_or_rel,SKIP
problem1.mtx,cusparse_default,cusparse_csr,external_baseline,ok,none,external_baseline,0.0128,0.0102,1.000000,0.726562,,22232,12780,original,original,false,,,true,0,exact_abs_or_rel,SKIP
psse1.mtx,original_lb,original_lb,load_balanced_traversal,ok,none,promoted_fallback,0.0090,0.0080,1.733333,1.000000,,459008,207400,original,original,false,0,0,true,0,exact_abs_or_rel,SKIP
psse1.mtx,auto_lossless_lb,original_lb,load_balanced_traversal,ok,none,promoted_fallback,0.0097,0.0092,1.608247,0.927835,,459008,207400,auto_lossless,original,true,34571,459008,true,0,exact_abs_or_rel,SKIP
psse1.mtx,fp16_lb,fp16_lb,controlled_lossy_value_specialized,ok,none,accuracy_pass_runtime_loss,0.0098,0.0086,1.591837,0.918367,,114752,207400,fp16,fp16,false,0,0,false,0,spmv_max_rel,SKIP
psse1.mtx,bf16_lb,bf16_lb,controlled_lossy_value_specialized,ok,none,accuracy_pass_runtime_loss,0.0094,0.0089,1.659574,0.957447,,114752,207400,bf16,bf16,false,0,0,false,0,spmv_max_rel,SKIP
psse1.mtx,bfp8_lb,bfp8_lb,controlled_lossy_value_specialized,ok,none,accuracy_pass_runtime_loss,0.0103,0.0091,1.514563,0.873786,,109226,207400,bfp8,bfp8,false,0,0,false,0,spmv_max_rel,SKIP
psse1.mtx,bfp8_outlier_lb,bfp8_outlier_lb,controlled_lossy_value_specialized,ok,none,accuracy_pass_runtime_loss,0.0117,0.0101,1.333333,0.769231,,111434,207400,bfp8_outlier,bfp8_outlier,false,0,0,false,0,spmv_max_rel,SKIP
psse1.mtx,bfp4_lb,bfp4_lb,controlled_lossy_value_specialized,ok,none,accuracy_pass_runtime_loss,0.0145,0.0132,1.075862,0.620690,,80538,207400,bfp4,bfp4,false,0,0,false,0,spmv_max_rel,SKIP
psse1.mtx,hybrid_lb,hybrid_lb,structural_hybrid,ok,none,promoted_fallback,0.0077,0.0065,2.025974,1.168831,,459008,,original,raw_double,false,,,1,0,exact_abs_or_rel,SKIP
psse1.mtx,cusparse_default,cusparse_csr,external_baseline,ok,none,external_baseline,0.0156,0.0123,1.000000,0.576923,,459008,286780,original,original,false,,,true,0,exact_abs_or_rel,SKIP
qh768.mtx,original_lb,original_lb,load_balanced_traversal,ok,none,promoted_fallback,0.0083,0.0074,1.674699,1.000000,,23472,6232,original,original,false,0,0,true,0,exact_abs_or_rel,SKIP
qh768.mtx,auto_lossless_lb,original_lb,load_balanced_traversal,ok,none,promoted_fallback,0.0070,0.0065,1.985714,1.185714,,23472,6232,auto_lossless,original,true,573,23472,true,0,exact_abs_or_rel,SKIP
qh768.mtx,fp16_lb,fp16_lb,controlled_lossy_value_specialized,ok,none,accuracy_pass_runtime_win,0.0071,0.0066,1.957746,1.169014,,5868,6232,fp16,fp16,false,0,0,false,0,spmv_max_rel,SKIP
qh768.mtx,bf16_lb,bf16_lb,controlled_lossy_value_specialized,ok,none,accuracy_pass_runtime_win,0.0072,0.0067,1.930556,1.152778,,5868,6232,bf16,bf16,false,0,0,false,0,spmv_max_rel,SKIP
qh768.mtx,bfp8_lb,bfp8_lb,controlled_lossy_value_specialized,ok,none,accuracy_pass_runtime_loss,0.0088,0.0074,1.579545,0.943182,,4492,6232,bfp8,bfp8,false,0,0,false,0,spmv_max_rel,SKIP
qh768.mtx,bfp8_outlier_lb,bfp8_outlier_lb,controlled_lossy_value_specialized,ok,none,accuracy_pass_runtime_loss,0.0110,0.0093,1.263636,0.754545,,4716,6232,bfp8_outlier,bfp8_outlier,false,0,0,false,0,spmv_max_rel,SKIP
qh768.mtx,bfp4_lb,bfp4_lb,controlled_lossy_value_specialized,ok,none,accuracy_pass_runtime_loss,0.0113,0.0098,1.230088,0.734513,,3025,6232,bfp4,bfp4,false,0,0,false,0,spmv_max_rel,SKIP
qh768.mtx,hybrid_lb,hybrid_lb,structural_hybrid,ok,none,promoted_fallback,0.0070,0.0045,1.985714,1.185714,,23472,,original,raw_double,false,,,1,0,exact_abs_or_rel,SKIP
qh768.mtx,cusparse_default,cusparse_csr,external_baseline,ok,none,external_baseline,0.0139,0.0102,1.000000,0.597122,,23472,14812,original,original,false,,,true,0,exact_abs_or_rel,SKIP
qiulp.mtx,original_lb,original_lb,load_balanced_traversal,ok,none,promoted_fallback,0.0089,0.0075,1.449438,1.000000,,35936,10016,original,original,false,0,0,true,0,exact_abs_or_rel,SKIP
qiulp.mtx,auto_lossless_lb,original_lb,load_balanced_traversal,ok,none,promoted_fallback,0.0094,0.0080,1.372340,0.946809,,35936,10016,auto_lossless,original,true,22,35936,true,0,exact_abs_or_rel,SKIP
qiulp.mtx,fp16_lb,fp16_lb,controlled_lossy_value_specialized,ok,none,accuracy_pass_runtime_loss,0.0094,0.0085,1.372340,0.946809,,8984,10016,fp16,fp16,false,0,0,false,0,spmv_max_rel,SKIP
qiulp.mtx,bf16_lb,bf16_lb,controlled_lossy_value_specialized,ok,none,accuracy_pass_runtime_loss,0.0108,0.0093,1.194444,0.824074,,8984,10016,bf16,bf16,false,0,0,false,0,spmv_max_rel,SKIP
qiulp.mtx,bfp8_lb,bfp8_lb,controlled_lossy_value_specialized,ok,none,accuracy_pass_runtime_loss,0.0114,0.0100,1.131579,0.780702,,6996,10016,bfp8,bfp8,false,0,0,false,0,spmv_max_rel,SKIP
qiulp.mtx,bfp8_outlier_lb,bfp8_outlier_lb,controlled_lossy_value_specialized,ok,none,accuracy_pass_runtime_loss,0.0131,0.0119,0.984733,0.679389,,7252,10016,bfp8_outlier,bfp8_outlier,false,0,0,false,0,spmv_max_rel,SKIP
qiulp.mtx,bfp4_lb,bfp4_lb,controlled_lossy_value_specialized,ok,none,accuracy_pass_runtime_loss,0.0150,0.0139,0.860000,0.593333,,4750,10016,bfp4,bfp4,false,0,0,false,0,spmv_max_rel,SKIP
qiulp.mtx,hybrid_lb,hybrid_lb,structural_hybrid,ok,none,promoted_fallback,0.0111,0.0093,1.162162,0.801802,,35936,,original,raw_double,false,,,1,0,exact_abs_or_rel,SKIP
qiulp.mtx,cusparse_default,cusparse_csr,external_baseline,ok,none,external_baseline,0.0129,0.0122,1.000000,0.689922,,35936,22740,original,original,false,,,true,0,exact_abs_or_rel,SKIP
raefsky5.mtx,original_lb,original_lb,load_balanced_traversal,ok,none,promoted_fallback,0.0096,0.0078,1.500000,1.000000,,1337424,93960,original,original,false,0,0,true,0,exact_abs_or_rel,SKIP
raefsky5.mtx,auto_lossless_lb,original_lb,load_balanced_traversal,ok,none,promoted_fallback,0.0097,0.0086,1.484536,0.989691,,1337424,93960,auto_lossless,original,true,103785,1337424,true,0,exact_abs_or_rel,SKIP
raefsky5.mtx,fp16_lb,fp16_lb,controlled_lossy_value_specialized,ok,none,accuracy_pass_runtime_loss,0.0097,0.0078,1.484536,0.989691,,334356,93960,fp16,fp16,false,0,0,false,0,spmv_max_rel,SKIP
raefsky5.mtx,bf16_lb,bf16_lb,controlled_lossy_value_specialized,ok,none,accuracy_pass_runtime_loss,0.0101,0.0091,1.425743,0.950495,,334356,93960,bf16,bf16,false,0,0,false,0,spmv_max_rel,SKIP
raefsky5.mtx,bfp8_lb,bfp8_lb,controlled_lossy_value_specialized,ok,none,accuracy_pass_runtime_loss,0.0096,0.0083,1.500000,1.000000,,190668,93960,bfp8,bfp8,false,0,0,false,0,spmv_max_rel,SKIP
raefsky5.mtx,bfp8_outlier_lb,bfp8_outlier_lb,controlled_lossy_value_specialized,ok,none,accuracy_pass_runtime_loss,0.0114,0.0099,1.263158,0.842105,,204028,93960,bfp8_outlier,bfp8_outlier,false,0,0,false,0,spmv_max_rel,SKIP
raefsky5.mtx,bfp4_lb,bfp4_lb,controlled_lossy_value_specialized,ok,none,accuracy_pass_runtime_loss,0.0134,0.0117,1.074627,0.716418,,107079,93960,bfp4,bfp4,false,0,0,false,0,spmv_max_rel,SKIP
raefsky5.mtx,hybrid_lb,hybrid_lb,structural_hybrid,ok,none,promoted_fallback,0.0097,0.0084,1.484536,0.989691,,1337424,,original,raw_double,false,,,1,0,exact_abs_or_rel,SKIP
raefsky5.mtx,cusparse_default,cusparse_csr,external_baseline,ok,none,external_baseline,0.0144,0.0102,1.000000,0.666667,,1337424,693980,original,original,false,,,true,0,exact_abs_or_rel,SKIP
rail4284.mtx,original_lb,original_lb,load_balanced_traversal,ok,none,promoted_fallback,0.1556,0.1540,0.608612,1.000000,,90272256,26238104,original,original,false,0,0,true,0,exact_abs_or_rel,SKIP
rail4284.mtx,auto_lossless_lb,sign2_lb,lossless_value_specialized,ok,none,accuracy_pass_runtime_loss,0.3111,0.3084,0.304404,0.500161,,13119052,26238104,auto_lossless,sign2,true,2,13119052,true,0,exact_abs_or_rel,SKIP
rail4284.mtx,fp16_lb,fp16_lb,controlled_lossy_value_specialized,ok,none,accuracy_pass_runtime_win,0.1370,0.1355,0.691241,1.135766,,22568064,26238104,fp16,fp16,false,0,0,false,0,spmv_max_rel,SKIP
rail4284.mtx,bf16_lb,bf16_lb,controlled_lossy_value_specialized,ok,none,accuracy_pass_runtime_win,0.1370,0.1355,0.691241,1.135766,,22568064,26238104,bf16,bf16,false,0,0,false,0,spmv_max_rel,SKIP
rail4284.mtx,bfp8_lb,bfp8_lb,controlled_lossy_value_specialized,ok,none,accuracy_pass_runtime_win,0.1395,0.1373,0.678853,1.115412,,17843558,26238104,bfp8,bfp8,false,0,0,false,0,spmv_max_rel,SKIP
rail4284.mtx,bfp8_outlier_lb,bfp8_outlier_lb,controlled_lossy_value_specialized,ok,none,accuracy_pass_runtime_win,0.1384,0.1366,0.684249,1.124277,,17843558,26238104,bfp8_outlier,bfp8_outlier,false,0,0,false,0,spmv_max_rel,SKIP
rail4284.mtx,bfp4_lb,bfp4_lb,controlled_lossy_value_specialized,ok,none,accuracy_pass_runtime_win,0.1444,0.1433,0.655817,1.077562,,12201542,26238104,bfp4,bfp4,false,0,0,false,0,spmv_max_rel,SKIP
rail4284.mtx,hybrid_lb,hybrid_lb,structural_hybrid,ok,none,promoted_fallback,0.0576,0.0542,1.644097,2.701389,,90272256,,original,raw_double,false,,,1,0,exact_abs_or_rel,SKIP
rail4284.mtx,cusparse_default,cusparse_csr,external_baseline,ok,none,external_baseline,0.0947,0.0901,1.000000,1.643083,,90272256,45153268,original,original,false,,,true,0,exact_abs_or_rel,SKIP
rail_1357_E.mtx,original_lb,original_lb,load_balanced_traversal,ok,none,promoted_fallback,0.0096,0.0076,1.458333,1.000000,,71976,27152,original,original,false,0,0,true,0,exact_abs_or_rel,SKIP
rail_1357_E.mtx,auto_lossless_lb,original_lb,load_balanced_traversal,ok,none,promoted_fallback,0.0090,0.0069,1.555556,1.066667,,71976,27152,auto_lossless,original,true,3396,71976,true,0,exact_abs_or_rel,SKIP
rail_1357_E.mtx,fp16_lb,fp16_lb,controlled_lossy_value_specialized,ok,none,accuracy_pass_runtime_win,0.0094,0.0076,1.489362,1.021277,,17994,27152,fp16,fp16,false,0,0,false,0,spmv_max_rel,SKIP
rail_1357_E.mtx,bf16_lb,bf16_lb,controlled_lossy_value_specialized,ok,none,accuracy_pass_runtime_win,0.0094,0.0074,1.489362,1.021277,,17994,27152,bf16,bf16,false,0,0,false,0,spmv_max_rel,SKIP
rail_1357_E.mtx,bfp8_lb,bfp8_lb,controlled_lossy_value_specialized,ok,none,accuracy_pass_runtime_loss,0.0100,0.0092,1.400000,0.960000,,15785,27152,bfp8,bfp8,false,0,0,false,0,spmv_max_rel,SKIP
rail_1357_E.mtx,bfp8_outlier_lb,bfp8_outlier_lb,controlled_lossy_value_specialized,ok,none,accuracy_pass_runtime_loss,0.0122,0.0099,1.147541,0.786885,,16489,27152,bfp8_outlier,bfp8_outlier,false,0,0,false,0,spmv_max_rel,SKIP
rail_1357_E.mtx,bfp4_lb,bfp4_lb,controlled_lossy_value_specialized,ok,none,accuracy_pass_runtime_loss,0.0140,0.0131,1.000000,0.685714,,11287,27152,bfp4,bfp4,false,0,0,false,0,spmv_max_rel,SKIP
rail_1357_E.mtx,hybrid_lb,hybrid_lb,structural_hybrid,ok,none,promoted_fallback,0.0068,0.0052,2.058824,1.411765,,71976,,original,raw_double,false,,,1,0,exact_abs_or_rel,SKIP
rail_1357_E.mtx,cusparse_default,cusparse_csr,external_baseline,ok,none,external_baseline,0.0140,0.0123,1.000000,0.685714,,71976,41420,original,original,false,,,true,0,exact_abs_or_rel,SKIP
rajat07.mtx,original_lb,original_lb,load_balanced_traversal,ok,none,promoted_fallback,0.0104,0.0090,1.673077,1.000000,,511304,242192,original,original,false,0,0,true,0,exact_abs_or_rel,SKIP
rajat07.mtx,auto_lossless_lb,all_one_lb,lossless_value_specialized,ok,none,accuracy_pass_runtime_win,0.0086,0.0070,2.023256,1.209302,,0,242192,auto_lossless,all_one,true,1,0,true,0,exact_abs_or_rel,SKIP
rajat07.mtx,fp16_lb,fp16_lb,controlled_lossy_value_specialized,ok,none,accuracy_pass_runtime_win,0.0102,0.0095,1.705882,1.019608,,127826,242192,fp16,fp16,false,0,0,false,0,spmv_max_rel,SKIP
rajat07.mtx,bf16_lb,bf16_lb,controlled_lossy_value_specialized,ok,none,accuracy_pass_runtime_loss,0.0104,0.0092,1.673077,1.000000,,127826,242192,bf16,bf16,false,0,0,false,0,spmv_max_rel,SKIP
rajat07.mtx,bfp8_lb,bfp8_lb,controlled_lossy_value_specialized,ok,none,accuracy_pass_runtime_loss,0.0107,0.0094,1.626168,0.971963,,124461,242192,bfp8,bfp8,false,0,0,false,0,spmv_max_rel,SKIP
rajat07.mtx,bfp8_outlier_lb,bfp8_outlier_lb,controlled_lossy_value_specialized,ok,none,accuracy_pass_runtime_loss,0.0108,0.0092,1.611111,0.962963,,124461,242192,bfp8_outlier,bfp8_outlier,false,0,0,false,0,spmv_max_rel,SKIP
rajat07.mtx,bfp4_lb,bfp4_lb,controlled_lossy_value_specialized,ok,none,accuracy_pass_runtime_loss,0.0130,0.0120,1.338462,0.800000,,92505,242192,bfp4,bfp4,false,0,0,false,0,spmv_max_rel,SKIP
rajat07.mtx,hybrid_lb,hybrid_lb,structural_hybrid,ok,none,promoted_fallback,0.0087,0.0069,2.000000,1.195402,,511304,,original,raw_double,false,,,1,0,exact_abs_or_rel,SKIP
rajat07.mtx,cusparse_default,cusparse_csr,external_baseline,ok,none,external_baseline,0.0174,0.0123,1.000000,0.597701,,511304,315024,original,original,false,,,true,0,exact_abs_or_rel,SKIP
rdb2048.mtx,original_lb,original_lb,load_balanced_traversal,ok,none,promoted_fallback,0.0072,0.0051,2.000000,1.000000,,96256,15616,original,original,false,0,0,true,0,exact_abs_or_rel,SKIP
rdb2048.mtx,auto_lossless_lb,dict16_lb,lossless_value_specialized,ok,none,accuracy_pass_runtime_loss,0.0079,0.0066,1.822785,0.911392,,31280,15616,auto_lossless,dict16,true,6,31280,true,6,exact_abs_or_rel,SKIP
rdb2048.mtx,fp16_lb,fp16_lb,controlled_lossy_value_specialized,ok,none,accuracy_pass_runtime_loss,0.0078,0.0060,1.846154,0.923077,,24064,15616,fp16,fp16,false,0,0,false,0,spmv_max_rel,SKIP
rdb2048.mtx,bf16_lb,bf16_lb,controlled_lossy_value_specialized,ok,none,accuracy_pass_runtime_win,0.0068,0.0056,2.117647,1.058824,,24064,15616,bf16,bf16,false,0,0,false,0,spmv_max_rel,SKIP
rdb2048.mtx,bfp8_lb,bfp8_lb,controlled_lossy_value_specialized,ok,none,accuracy_pass_runtime_win,0.0071,0.0052,2.028169,1.014085,,15936,15616,bfp8,bfp8,false,0,0,false,0,spmv_max_rel,SKIP
rdb2048.mtx,bfp8_outlier_lb,bfp8_outlier_lb,controlled_lossy_value_specialized,ok,none,accuracy_pass_runtime_loss,0.0074,0.0054,1.945946,0.972973,,15936,15616,bfp8_outlier,bfp8_outlier,false,0,0,false,0,spmv_max_rel,SKIP
rdb2048.mtx,bfp4_lb,bfp4_lb,controlled_lossy_value_specialized,ok,none,accuracy_pass_runtime_loss,0.0079,0.0065,1.822785,0.911392,,9920,15616,bfp4,bfp4,false,0,0,false,0,spmv_max_rel,SKIP
rdb2048.mtx,hybrid_lb,hybrid_lb,structural_hybrid,ok,none,promoted_fallback,0.0070,0.0048,2.057143,1.028571,,96256,,original,raw_double,false,,,1,0,exact_abs_or_rel,SKIP
rdb2048.mtx,cusparse_default,cusparse_csr,external_baseline,ok,none,external_baseline,0.0144,0.0123,1.000000,0.500000,,96256,56324,original,original,false,,,true,0,exact_abs_or_rel,SKIP
relat3.mtx,original_lb,original_lb,load_balanced_traversal,ok,none,promoted_fallback,0.0053,0.0038,2.264151,1.000000,,192,16,original,original,false,0,0,true,0,exact_abs_or_rel,SKIP
relat3.mtx,auto_lossless_lb,dict4_lb,lossless_value_specialized,ok,none,accuracy_pass_runtime_loss,0.0063,0.0051,1.904762,0.841270,,48,16,auto_lossless,dict4,true,4,48,true,4,exact_abs_or_rel,SKIP
relat3.mtx,fp16_lb,fp16_lb,controlled_lossy_value_specialized,ok,none,accuracy_pass_runtime_loss,0.0059,0.0050,2.033898,0.898305,,48,16,fp16,fp16,false,0,0,false,0,spmv_max_rel,SKIP
relat3.mtx,bf16_lb,bf16_lb,controlled_lossy_value_specialized,ok,none,accuracy_pass_runtime_loss,0.0055,0.0045,2.181818,0.963636,,48,16,bf16,bf16,false,0,0,false,0,spmv_max_rel,SKIP
relat3.mtx,bfp8_lb,bfp8_lb,controlled_lossy_value_specialized,ok,none,accuracy_pass_runtime_win,0.0049,0.0036,2.448980,1.081633,,28,16,bfp8,bfp8,false,0,0,false,0,spmv_max_rel,SKIP
relat3.mtx,bfp8_outlier_lb,bfp8_outlier_lb,controlled_lossy_value_specialized,ok,none,accuracy_pass_runtime_win,0.0050,0.0042,2.400000,1.060000,,28,16,bfp8_outlier,bfp8_outlier,false,0,0,false,0,spmv_max_rel,SKIP
relat3.mtx,bfp4_lb,bfp4_lb,controlled_lossy_value_specialized,ok,none,accuracy_pass_runtime_win,0.0052,0.0034,2.307692,1.019231,,16,16,bfp4,bfp4,false,0,0,false,0,spmv_max_rel,SKIP
relat3.mtx,hybrid_lb,hybrid_lb,structural_hybrid,ok,none,promoted_fallback,0.0064,0.0046,1.875000,0.828125,,192,,original,raw_double,false,,,1,0,exact_abs_or_rel,SKIP
relat3.mtx,cusparse_default,cusparse_csr,external_baseline,ok,none,external_baseline,0.0120,0.0082,1.000000,0.441667,,192,148,original,original,false,,,true,0,exact_abs_or_rel,SKIP
reorientation_5.mtx,original_lb,original_lb,load_balanced_traversal,ok,none,promoted_fallback,0.0097,0.0077,1.453608,1.000000,,284720,59288,original,original,false,0,0,true,0,exact_abs_or_rel,SKIP
reorientation_5.mtx,auto_lossless_lb,original_lb,load_balanced_traversal,ok,none,promoted_fallback,0.0088,0.0079,1.602273,1.102273,,284720,59288,auto_lossless,original,true,10299,284720,true,0,exact_abs_or_rel,SKIP
reorientation_5.mtx,fp16_lb,fp16_lb,controlled_lossy_value_specialized,ok,none,accuracy_pass_runtime_win,0.0096,0.0078,1.468750,1.010417,,71180,59288,fp16,fp16,false,0,0,false,0,spmv_max_rel,SKIP
reorientation_5.mtx,bf16_lb,bf16_lb,controlled_lossy_value_specialized,ok,none,accuracy_pass_runtime_win,0.0096,0.0079,1.468750,1.010417,,71180,59288,bf16,bf16,false,0,0,false,0,spmv_max_rel,SKIP
reorientation_5.mtx,bfp8_lb,bfp8_lb,controlled_lossy_value_specialized,ok,none,accuracy_pass_runtime_loss,0.0099,0.0093,1.424242,0.979798,,50412,59288,bfp8,bfp8,false,0,0,false,0,spmv_max_rel,SKIP
reorientation_5.mtx,bfp8_outlier_lb,bfp8_outlier_lb,controlled_lossy_value_specialized,ok,none,accuracy_pass_runtime_loss,0.0118,0.0105,1.194915,0.822034,,53244,59288,bfp8_outlier,bfp8_outlier,false,0,0,false,0,spmv_max_rel,SKIP
reorientation_5.mtx,bfp4_lb,bfp4_lb,controlled_lossy_value_specialized,ok,none,accuracy_pass_runtime_loss,0.0140,0.0133,1.007143,0.692857,,32617,59288,bfp4,bfp4,false,0,0,false,0,spmv_max_rel,SKIP
reorientation_5.mtx,hybrid_lb,hybrid_lb,structural_hybrid,ok,none,promoted_fallback,0.0079,0.0066,1.784810,1.227848,,284720,,original,raw_double,false,,,1,0,exact_abs_or_rel,SKIP
reorientation_5.mtx,cusparse_default,cusparse_csr,external_baseline,ok,none,external_baseline,0.0141,0.0123,1.000000,0.687943,,284720,153980,original,original,false,,,true,0,exact_abs_or_rel,SKIP
rlfdual.mtx,original_lb,original_lb,load_balanced_traversal,ok,none,promoted_fallback,0.0103,0.0089,1.466019,1.000000,,2256248,425712,original,original,false,0,0,true,0,exact_abs_or_rel,SKIP
rlfdual.mtx,auto_lossless_lb,sign2_lb,lossless_value_specialized,ok,none,accuracy_pass_runtime_loss,0.0115,0.0108,1.313043,0.895652,,212856,425712,auto_lossless,sign2,true,2,212856,true,0,exact_abs_or_rel,SKIP
rlfdual.mtx,fp16_lb,fp16_lb,controlled_lossy_value_specialized,ok,none,accuracy_pass_runtime_loss,0.0107,0.0091,1.411215,0.962617,,564062,425712,fp16,fp16,false,0,0,false,0,spmv_max_rel,SKIP
rlfdual.mtx,bf16_lb,bf16_lb,controlled_lossy_value_specialized,ok,none,accuracy_pass_runtime_loss,0.0104,0.0091,1.451923,0.990385,,564062,425712,bf16,bf16,false,0,0,false,0,spmv_max_rel,SKIP
rlfdual.mtx,bfp8_lb,bfp8_lb,controlled_lossy_value_specialized,ok,none,accuracy_pass_runtime_loss,0.0105,0.0092,1.438095,0.980952,,388459,425712,bfp8,bfp8,false,0,0,false,0,spmv_max_rel,SKIP
rlfdual.mtx,bfp8_outlier_lb,bfp8_outlier_lb,controlled_lossy_value_specialized,ok,none,accuracy_pass_runtime_loss,0.0104,0.0093,1.451923,0.990385,,388459,425712,bfp8_outlier,bfp8_outlier,false,0,0,false,0,spmv_max_rel,SKIP
rlfdual.mtx,bfp4_lb,bfp4_lb,controlled_lossy_value_specialized,ok,none,accuracy_pass_runtime_loss,0.0140,0.0129,1.078571,0.735714,,247444,425712,bfp4,bfp4,false,0,0,false,0,spmv_max_rel,SKIP
rlfdual.mtx,hybrid_lb,hybrid_lb,structural_hybrid,ok,none,promoted_fallback,0.0147,0.0119,1.027211,0.700680,,2256248,,original,raw_double,false,,,1,0,exact_abs_or_rel,SKIP
rlfdual.mtx,cusparse_default,cusparse_csr,external_baseline,ok,none,external_baseline,0.0151,0.0123,1.000000,0.682119,,2256248,1160336,original,original,false,,,true,0,exact_abs_or_rel,SKIP
rw136.mtx,original_lb,original_lb,load_balanced_traversal,ok,none,promoted_fallback,0.0073,0.0050,1.657534,1.000000,,3832,1024,original,original,false,0,0,true,0,exact_abs_or_rel,SKIP
rw136.mtx,auto_lossless_lb,original_lb,load_balanced_traversal,ok,none,promoted_fallback,0.0066,0.0050,1.833333,1.106061,,3832,1024,auto_lossless,original,true,23,3832,true,0,exact_abs_or_rel,SKIP
rw136.mtx,fp16_lb,fp16_lb,controlled_lossy_value_specialized,ok,none,accuracy_pass_runtime_win,0.0064,0.0045,1.890625,1.140625,,958,1024,fp16,fp16,false,0,0,false,0,spmv_max_rel,SKIP
rw136.mtx,bf16_lb,bf16_lb,controlled_lossy_value_specialized,ok,none,accuracy_pass_runtime_win,0.0058,0.0046,2.086207,1.258621,,958,1024,bf16,bf16,false,0,0,false,0,spmv_max_rel,SKIP
rw136.mtx,bfp8_lb,bfp8_lb,controlled_lossy_value_specialized,ok,none,accuracy_pass_runtime_win,0.0066,0.0047,1.833333,1.106061,,735,1024,bfp8,bfp8,false,0,0,false,0,spmv_max_rel,SKIP
rw136.mtx,bfp8_outlier_lb,bfp8_outlier_lb,controlled_lossy_value_specialized,ok,none,accuracy_pass_runtime_loss,0.0084,0.0067,1.440476,0.869048,,767,1024,bfp8_outlier,bfp8_outlier,false,0,0,false,0,spmv_max_rel,SKIP
rw136.mtx,bfp4_lb,bfp4_lb,controlled_lossy_value_specialized,ok,none,accuracy_pass_runtime_loss,0.0073,0.0064,1.657534,1.000000,,496,1024,bfp4,bfp4,false,0,0,false,0,spmv_max_rel,SKIP
rw136.mtx,hybrid_lb,hybrid_lb,structural_hybrid,ok,none,promoted_fallback,0.0060,0.0044,2.016667,1.216667,,3832,,original,raw_double,false,,,1,0,exact_abs_or_rel,SKIP
rw136.mtx,cusparse_default,cusparse_csr,external_baseline,ok,none,external_baseline,0.0121,0.0082,1.000000,0.603306,,3832,2464,original,original,false,,,true,0,exact_abs_or_rel,SKIP
s2rmq4m1.mtx,original_lb,original_lb,load_balanced_traversal,ok,none,promoted_fallback,0.0073,0.0063,1.917808,1.000000,,2106808,114520,original,original,false,0,0,true,0,exact_abs_or_rel,SKIP
s2rmq4m1.mtx,auto_lossless_lb,dict65536_u16_lb,lossless_value_specialized,ok,none,accuracy_pass_runtime_loss,0.0090,0.0084,1.555556,0.811111,,1057952,114520,auto_lossless,dict65536_u16,true,17724,1057952,true,17724,exact_abs_or_rel,SKIP
s2rmq4m1.mtx,fp16_lb,fp16_lb,controlled_lossy_value_specialized,ok,none,accuracy_pass_runtime_loss,0.0075,0.0063,1.866667,0.973333,,526702,114520,fp16,fp16,false,0,0,false,0,spmv_max_rel,SKIP
s2rmq4m1.mtx,bf16_lb,bf16_lb,controlled_lossy_value_specialized,ok,none,accuracy_pass_runtime_loss,0.0079,0.0068,1.772152,0.924051,,526702,114520,bf16,bf16,false,0,0,false,0,spmv_max_rel,SKIP
s2rmq4m1.mtx,bfp8_lb,bfp8_lb,controlled_lossy_value_specialized,ok,none,accuracy_pass_runtime_loss,0.0088,0.0073,1.590909,0.829545,,291981,114520,bfp8,bfp8,false,0,0,false,0,spmv_max_rel,SKIP
s2rmq4m1.mtx,bfp8_outlier_lb,bfp8_outlier_lb,controlled_lossy_value_specialized,ok,none,accuracy_pass_runtime_loss,0.0111,0.0096,1.261261,0.657658,,312861,114520,bfp8_outlier,bfp8_outlier,false,0,0,false,0,spmv_max_rel,SKIP
s2rmq4m1.mtx,bfp4_lb,bfp4_lb,controlled_lossy_value_specialized,ok,none,accuracy_pass_runtime_loss,0.0113,0.0099,1.238938,0.646018,,160306,114520,bfp4,bfp4,false,0,0,false,0,spmv_max_rel,SKIP
s2rmq4m1.mtx,hybrid_lb,hybrid_lb,structural_hybrid,ok,none,promoted_fallback,0.0109,0.0092,1.284404,0.669725,,2106808,,original,raw_double,false,,,1,0,exact_abs_or_rel,SKIP
s2rmq4m1.mtx,cusparse_default,cusparse_csr,external_baseline,ok,none,external_baseline,0.0140,0.0102,1.000000,0.521429,,2106808,1075364,original,original,false,,,true,0,exact_abs_or_rel,SKIP
saylr3.mtx,original_lb,original_lb,load_balanced_traversal,ok,none,promoted_fallback,0.0065,0.0039,2.138462,1.000000,,30000,10064,original,original,false,0,0,true,0,exact_abs_or_rel,SKIP
saylr3.mtx,auto_lossless_lb,original_lb,load_balanced_traversal,ok,none,promoted_fallback,0.0067,0.0047,2.074627,0.970149,,30000,10064,auto_lossless,original,true,75,30000,true,0,exact_abs_or_rel,SKIP
saylr3.mtx,fp16_lb,fp16_lb,controlled_lossy_value_specialized,ok,none,accuracy_pass_runtime_loss,0.0074,0.0058,1.878378,0.878378,,7500,10064,fp16,fp16,false,0,0,false,0,spmv_max_rel,SKIP
saylr3.mtx,bf16_lb,bf16_lb,controlled_lossy_value_specialized,ok,none,accuracy_pass_runtime_loss,0.0077,0.0058,1.805195,0.844156,,7500,10064,bf16,bf16,false,0,0,false,0,spmv_max_rel,SKIP
saylr3.mtx,bfp8_lb,bfp8_lb,controlled_lossy_value_specialized,ok,none,accuracy_pass_runtime_loss,0.0082,0.0068,1.695122,0.792683,,6266,10064,bfp8,bfp8,false,0,0,false,0,spmv_max_rel,SKIP
saylr3.mtx,bfp8_outlier_lb,bfp8_outlier_lb,controlled_lossy_value_specialized,ok,none,accuracy_pass_runtime_loss,0.0091,0.0081,1.527473,0.714286,,6458,10064,bfp8_outlier,bfp8_outlier,false,0,0,false,0,spmv_max_rel,SKIP
saylr3.mtx,bfp4_lb,bfp4_lb,controlled_lossy_value_specialized,ok,none,accuracy_pass_runtime_loss,0.0076,0.0064,1.828947,0.855263,,4391,10064,bfp4,bfp4,false,0,0,false,0,spmv_max_rel,SKIP
saylr3.mtx,hybrid_lb,hybrid_lb,structural_hybrid,ok,none,promoted_fallback,0.0067,0.0049,2.074627,0.970149,,30000,,original,raw_double,false,,,1,0,exact_abs_or_rel,SKIP
saylr3.mtx,cusparse_default,cusparse_csr,external_baseline,ok,none,external_baseline,0.0139,0.0102,1.000000,0.467626,,30000,19004,original,original,false,,,true,0,exact_abs_or_rel,SKIP
scagr7-2b_A_2.mtx,original_lb,original_lb,load_balanced_traversal,ok,none,promoted_fallback,0.0061,0.0047,2.065574,1.000000,,18280,5136,original,original,false,0,0,true,0,exact_abs_or_rel,SKIP
scagr7-2b_A_2.mtx,auto_lossless_lb,dict16_lb,lossless_value_specialized,ok,none,accuracy_pass_runtime_loss,0.0067,0.0055,1.880597,0.910448,,10392,5136,auto_lossless,dict16,true,15,10392,true,15,exact_abs_or_rel,SKIP
scagr7-2b_A_2.mtx,fp16_lb,fp16_lb,controlled_lossy_value_specialized,ok,none,accuracy_pass_runtime_loss,0.0065,0.0048,1.938462,0.938462,,4570,5136,fp16,fp16,false,0,0,false,0,spmv_max_rel,SKIP
scagr7-2b_A_2.mtx,bf16_lb,bf16_lb,controlled_lossy_value_specialized,ok,none,accuracy_pass_runtime_loss,0.0063,0.0048,2.000000,0.968254,,4570,5136,bf16,bf16,false,0,0,false,0,spmv_max_rel,SKIP
scagr7-2b_A_2.mtx,bfp8_lb,bfp8_lb,controlled_lossy_value_specialized,ok,none,accuracy_pass_runtime_loss,0.0064,0.0046,1.968750,0.953125,,3569,5136,bfp8,bfp8,false,0,0,false,0,spmv_max_rel,SKIP
scagr7-2b_A_2.mtx,bfp8_outlier_lb,bfp8_outlier_lb,controlled_lossy_value_specialized,ok,none,accuracy_pass_runtime_loss,0.0065,0.0053,1.938462,0.938462,,3569,5136,bfp8_outlier,bfp8_outlier,false,0,0,false,0,spmv_max_rel,SKIP
scagr7-2b_A_2.mtx,bfp4_lb,bfp4_lb,controlled_lossy_value_specialized,ok,none,accuracy_pass_runtime_win,0.0060,0.0054,2.100000,1.016667,,2427,5136,bfp4,bfp4,false,0,0,false,0,spmv_max_rel,SKIP
scagr7-2b_A_2.mtx,hybrid_lb,hybrid_lb,structural_hybrid,ok,none,promoted_fallback,0.0062,0.0044,2.032258,0.983871,,18280,,original,raw_double,false,,,1,0,exact_abs_or_rel,SKIP
scagr7-2b_A_2.mtx,cusparse_default,cusparse_csr,external_baseline,ok,none,external_baseline,0.0126,0.0102,1.000000,0.484127,,18280,11636,original,original,false,,,true,0,exact_abs_or_rel,SKIP
scrs8-2b_A_2.mtx,original_lb,original_lb,load_balanced_traversal,ok,none,promoted_fallback,0.0075,0.0061,1.600000,1.000000,,15160,5640,original,original,false,0,0,true,0,exact_abs_or_rel,SKIP
scrs8-2b_A_2.mtx,auto_lossless_lb,original_lb,load_balanced_traversal,ok,none,promoted_fallback,0.0076,0.0059,1.578947,0.986842,,15160,5640,auto_lossless,original,true,24,15160,true,0,exact_abs_or_rel,SKIP
scrs8-2b_A_2.mtx,fp16_lb,fp16_lb,controlled_lossy_value_specialized,ok,none,accuracy_pass_runtime_loss,0.0077,0.0071,1.558442,0.974026,,3790,5640,fp16,fp16,false,0,0,false,0,spmv_max_rel,SKIP
scrs8-2b_A_2.mtx,bf16_lb,bf16_lb,controlled_lossy_value_specialized,ok,none,accuracy_pass_runtime_loss,0.0077,0.0072,1.558442,0.974026,,3790,5640,bf16,bf16,false,0,0,false,0,spmv_max_rel,SKIP
scrs8-2b_A_2.mtx,bfp8_lb,bfp8_lb,controlled_lossy_value_specialized,ok,none,accuracy_pass_runtime_win,0.0074,0.0069,1.621622,1.013514,,3305,5640,bfp8,bfp8,false,0,0,false,0,spmv_max_rel,SKIP
scrs8-2b_A_2.mtx,bfp8_outlier_lb,bfp8_outlier_lb,controlled_lossy_value_specialized,ok,none,accuracy_pass_runtime_win,0.0074,0.0068,1.621622,1.013514,,3305,5640,bfp8_outlier,bfp8_outlier,false,0,0,false,0,spmv_max_rel,SKIP
scrs8-2b_A_2.mtx,bfp4_lb,bfp4_lb,controlled_lossy_value_specialized,ok,none,accuracy_pass_runtime_loss,0.0087,0.0073,1.379310,0.862069,,2358,5640,bfp4,bfp4,false,0,0,false,0,spmv_max_rel,SKIP
scrs8-2b_A_2.mtx,hybrid_lb,hybrid_lb,structural_hybrid,ok,none,promoted_fallback,0.0066,0.0046,1.818182,1.136364,,15160,,original,raw_double,false,,,1,0,exact_abs_or_rel,SKIP
scrs8-2b_A_2.mtx,cusparse_default,cusparse_csr,external_baseline,ok,none,external_baseline,0.0120,0.0102,1.000000,0.625000,,15160,9488,original,original,false,,,true,0,exact_abs_or_rel,SKIP
scrs8-2r.mtx,original_lb,original_lb,load_balanced_traversal,ok,none,promoted_fallback,0.0069,0.0065,2.130435,1.000000,,467512,174280,original,original,false,0,0,true,0,exact_abs_or_rel,SKIP
scrs8-2r.mtx,auto_lossless_lb,original_lb,load_balanced_traversal,ok,none,promoted_fallback,0.0077,0.0071,1.909091,0.896104,,467512,174280,auto_lossless,original,true,24,467512,true,0,exact_abs_or_rel,SKIP
scrs8-2r.mtx,fp16_lb,fp16_lb,controlled_lossy_value_specialized,ok,none,accuracy_pass_runtime_loss,0.0077,0.0066,1.909091,0.896104,,116878,174280,fp16,fp16,false,0,0,false,0,spmv_max_rel,SKIP
scrs8-2r.mtx,bf16_lb,bf16_lb,controlled_lossy_value_specialized,ok,none,accuracy_pass_runtime_loss,0.0076,0.0060,1.934211,0.907895,,116878,174280,bf16,bf16,false,0,0,false,0,spmv_max_rel,SKIP
scrs8-2r.mtx,bfp8_lb,bfp8_lb,controlled_lossy_value_specialized,ok,none,accuracy_pass_runtime_loss,0.0079,0.0068,1.860759,0.873418,,102009,174280,bfp8,bfp8,false,0,0,false,0,spmv_max_rel,SKIP
scrs8-2r.mtx,bfp8_outlier_lb,bfp8_outlier_lb,controlled_lossy_value_specialized,ok,none,accuracy_pass_runtime_loss,0.0074,0.0060,1.986486,0.932432,,102009,174280,bfp8_outlier,bfp8_outlier,false,0,0,false,0,spmv_max_rel,SKIP
scrs8-2r.mtx,bfp4_lb,bfp4_lb,controlled_lossy_value_specialized,ok,none,accuracy_pass_runtime_loss,0.0083,0.0067,1.771084,0.831325,,72790,174280,bfp4,bfp4,false,0,0,false,0,spmv_max_rel,SKIP
scrs8-2r.mtx,hybrid_lb,hybrid_lb,structural_hybrid,ok,none,promoted_fallback,0.0073,0.0058,2.013699,0.945205,,467512,,original,raw_double,false,,,1,0,exact_abs_or_rel,SKIP
scrs8-2r.mtx,cusparse_default,cusparse_csr,external_baseline,ok,none,external_baseline,0.0147,0.0123,1.000000,0.469388,,467512,291216,original,original,false,,,true,0,exact_abs_or_rel,SKIP
scrs8-2r_A_08.mtx,original_lb,original_lb,load_balanced_traversal,ok,none,promoted_fallback,0.0084,0.0076,1.952381,1.000000,,117304,43720,original,original,false,0,0,true,0,exact_abs_or_rel,SKIP
scrs8-2r_A_08.mtx,auto_lossless_lb,original_lb,load_balanced_traversal,ok,none,promoted_fallback,0.0083,0.0065,1.975904,1.012048,,117304,43720,auto_lossless,original,true,24,117304,true,0,exact_abs_or_rel,SKIP
scrs8-2r_A_08.mtx,fp16_lb,fp16_lb,controlled_lossy_value_specialized,ok,none,accuracy_pass_runtime_win,0.0080,0.0070,2.050000,1.050000,,29326,43720,fp16,fp16,false,0,0,false,0,spmv_max_rel,SKIP
scrs8-2r_A_08.mtx,bf16_lb,bf16_lb,controlled_lossy_value_specialized,ok,none,accuracy_pass_runtime_loss,0.0088,0.0075,1.863636,0.954545,,29326,43720,bf16,bf16,false,0,0,false,0,spmv_max_rel,SKIP
scrs8-2r_A_08.mtx,bfp8_lb,bfp8_lb,controlled_lossy_value_specialized,ok,none,accuracy_pass_runtime_loss,0.0090,0.0081,1.822222,0.933333,,25593,43720,bfp8,bfp8,false,0,0,false,0,spmv_max_rel,SKIP
scrs8-2r_A_08.mtx,bfp8_outlier_lb,bfp8_outlier_lb,controlled_lossy_value_specialized,ok,none,accuracy_pass_runtime_loss,0.0096,0.0076,1.708333,0.875000,,25593,43720,bfp8_outlier,bfp8_outlier,false,0,0,false,0,spmv_max_rel,SKIP
scrs8-2r_A_08.mtx,bfp4_lb,bfp4_lb,controlled_lossy_value_specialized,ok,none,accuracy_pass_runtime_loss,0.0094,0.0087,1.744681,0.893617,,18262,43720,bfp4,bfp4,false,0,0,false,0,spmv_max_rel,SKIP
scrs8-2r_A_08.mtx,hybrid_lb,hybrid_lb,structural_hybrid,ok,none,promoted_fallback,0.0072,0.0054,2.277778,1.166667,,117304,,original,raw_double,false,,,1,0,exact_abs_or_rel,SKIP
scrs8-2r_A_08.mtx,cusparse_default,cusparse_csr,external_baseline,ok,none,external_baseline,0.0164,0.0143,1.000000,0.512195,,117304,73104,original,original,false,,,true,0,exact_abs_or_rel,SKIP
scsd8-2c_A_1.mtx,original_lb,original_lb,load_balanced_traversal,ok,none,promoted_fallback,0.0085,0.0074,1.329412,1.000000,,15120,2624,original,original,false,0,0,true,0,exact_abs_or_rel,SKIP
scsd8-2c_A_1.mtx,auto_lossless_lb,dict16_lb,lossless_value_specialized,ok,none,accuracy_pass_runtime_loss,0.0104,0.0088,1.086538,0.817308,,5376,2624,auto_lossless,dict16,true,16,5376,true,16,exact_abs_or_rel,SKIP
scsd8-2c_A_1.mtx,fp16_lb,fp16_lb,controlled_lossy_value_specialized,ok,none,accuracy_pass_runtime_loss,0.0097,0.0078,1.164948,0.876289,,3780,2624,fp16,fp16,false,0,0,false,0,spmv_max_rel,SKIP
scsd8-2c_A_1.mtx,bf16_lb,bf16_lb,controlled_lossy_value_specialized,ok,none,accuracy_pass_runtime_loss,0.0094,0.0090,1.202128,0.904255,,3780,2624,bf16,bf16,false,0,0,false,0,spmv_max_rel,SKIP
scsd8-2c_A_1.mtx,bfp8_lb,bfp8_lb,controlled_lossy_value_specialized,ok,none,accuracy_pass_runtime_loss,0.0102,0.0093,1.107843,0.833333,,2546,2624,bfp8,bfp8,false,0,0,false,0,spmv_max_rel,SKIP
scsd8-2c_A_1.mtx,bfp8_outlier_lb,bfp8_outlier_lb,controlled_lossy_value_specialized,ok,none,accuracy_pass_runtime_loss,0.0101,0.0089,1.118812,0.841584,,2546,2624,bfp8_outlier,bfp8_outlier,false,0,0,false,0,spmv_max_rel,SKIP
scsd8-2c_A_1.mtx,bfp4_lb,bfp4_lb,controlled_lossy_value_specialized,ok,none,accuracy_pass_runtime_loss,0.0137,0.0126,0.824818,0.620438,,1601,2624,bfp4,bfp4,false,0,0,false,0,spmv_max_rel,SKIP
scsd8-2c_A_1.mtx,hybrid_lb,hybrid_lb,structural_hybrid,ok,none,promoted_fallback,0.0071,0.0055,1.591549,1.197183,,15120,,original,raw_double,false,,,1,0,exact_abs_or_rel,SKIP
scsd8-2c_A_1.mtx,cusparse_default,cusparse_csr,external_baseline,ok,none,external_baseline,0.0113,0.0082,1.000000,0.752212,,15120,7924,original,original,false,,,true,0,exact_abs_or_rel,SKIP
scsd8-2r_A_05.mtx,original_lb,original_lb,load_balanced_traversal,ok,none,promoted_fallback,0.0102,0.0087,1.509804,1.000000,,96080,16880,original,original,false,0,0,true,0,exact_abs_or_rel,SKIP
scsd8-2r_A_05.mtx,auto_lossless_lb,dict16_lb,lossless_value_specialized,ok,none,accuracy_pass_runtime_loss,0.0111,0.0100,1.387387,0.918919,,33888,16880,auto_lossless,dict16,true,16,33888,true,16,exact_abs_or_rel,SKIP
scsd8-2r_A_05.mtx,fp16_lb,fp16_lb,controlled_lossy_value_specialized,ok,none,accuracy_pass_runtime_loss,0.0109,0.0093,1.412844,0.935780,,24020,16880,fp16,fp16,false,0,0,false,0,spmv_max_rel,SKIP
scsd8-2r_A_05.mtx,bf16_lb,bf16_lb,controlled_lossy_value_specialized,ok,none,accuracy_pass_runtime_loss,0.0111,0.0097,1.387387,0.918919,,24020,16880,bf16,bf16,false,0,0,false,0,spmv_max_rel,SKIP
scsd8-2r_A_05.mtx,bfp8_lb,bfp8_lb,controlled_lossy_value_specialized,ok,none,accuracy_pass_runtime_loss,0.0102,0.0090,1.509804,1.000000,,16230,16880,bfp8,bfp8,false,0,0,false,0,spmv_max_rel,SKIP
scsd8-2r_A_05.mtx,bfp8_outlier_lb,bfp8_outlier_lb,controlled_lossy_value_specialized,ok,none,accuracy_pass_runtime_loss,0.0110,0.0099,1.400000,0.927273,,16230,16880,bfp8_outlier,bfp8_outlier,false,0,0,false,0,spmv_max_rel,SKIP
scsd8-2r_A_05.mtx,bfp4_lb,bfp4_lb,controlled_lossy_value_specialized,ok,none,accuracy_pass_runtime_loss,0.0150,0.0145,1.026667,0.680000,,10225,16880,bfp4,bfp4,false,0,0,false,0,spmv_max_rel,SKIP
scsd8-2r_A_05.mtx,hybrid_lb,hybrid_lb,structural_hybrid,ok,none,promoted_fallback,0.0072,0.0057,2.138889,1.416667,,96080,,original,raw_double,false,,,1,0,exact_abs_or_rel,SKIP
scsd8-2r_A_05.mtx,cusparse_default,cusparse_csr,external_baseline,ok,none,external_baseline,0.0154,0.0123,1.000000,0.662338,,96080,50244,original,original,false,,,true,0,exact_abs_or_rel,SKIP
sctap1-2b_A_1.mtx,original_lb,original_lb,load_balanced_traversal,ok,none,promoted_fallback,0.0084,0.0074,1.595238,1.000000,,13424,4976,original,original,false,0,0,true,0,exact_abs_or_rel,SKIP
sctap1-2b_A_1.mtx,auto_lossless_lb,original_lb,load_balanced_traversal,ok,none,promoted_fallback,0.0093,0.0082,1.440860,0.903226,,13424,4976,auto_lossless,original,true,17,13424,true,0,exact_abs_or_rel,SKIP
sctap1-2b_A_1.mtx,fp16_lb,fp16_lb,controlled_lossy_value_specialized,ok,none,accuracy_pass_runtime_loss,0.0101,0.0082,1.326733,0.831683,,3356,4976,fp16,fp16,false,0,0,false,0,spmv_max_rel,SKIP
sctap1-2b_A_1.mtx,bf16_lb,bf16_lb,controlled_lossy_value_specialized,ok,none,accuracy_pass_runtime_loss,0.0092,0.0085,1.456522,0.913043,,3356,4976,bf16,bf16,false,0,0,false,0,spmv_max_rel,SKIP
sctap1-2b_A_1.mtx,bfp8_lb,bfp8_lb,controlled_lossy_value_specialized,ok,none,accuracy_pass_runtime_loss,0.0099,0.0084,1.353535,0.848485,,2922,4976,bfp8,bfp8,false,0,0,false,0,spmv_max_rel,SKIP
sctap1-2b_A_1.mtx,bfp8_outlier_lb,bfp8_outlier_lb,controlled_lossy_value_specialized,ok,none,accuracy_pass_runtime_loss,0.0103,0.0089,1.300971,0.815534,,2922,4976,bfp8_outlier,bfp8_outlier,false,0,0,false,0,spmv_max_rel,SKIP
sctap1-2b_A_1.mtx,bfp4_lb,bfp4_lb,controlled_lossy_value_specialized,ok,none,accuracy_pass_runtime_loss,0.0132,0.0121,1.015152,0.636364,,2083,4976,bfp4,bfp4,false,0,0,false,0,spmv_max_rel,SKIP
sctap1-2b_A_1.mtx,hybrid_lb,hybrid_lb,structural_hybrid,ok,none,promoted_fallback,0.0077,0.0065,1.740260,1.090909,,13424,,original,raw_double,false,,,1,0,exact_abs_or_rel,SKIP
sctap1-2b_A_1.mtx,cusparse_default,cusparse_csr,external_baseline,ok,none,external_baseline,0.0134,0.0102,1.000000,0.626866,,13424,7796,original,original,false,,,true,0,exact_abs_or_rel,SKIP
se_G_04.mtx,original_lb,original_lb,load_balanced_traversal,ok,none,promoted_fallback,0.0060,0.0049,1.983333,1.000000,,1488,448,original,original,false,0,0,true,0,exact_abs_or_rel,SKIP
se_G_04.mtx,auto_lossless_lb,all_one_lb,lossless_value_specialized,ok,none,accuracy_pass_runtime_win,0.0054,0.0043,2.203704,1.111111,,0,448,auto_lossless,all_one,true,1,0,true,0,exact_abs_or_rel,SKIP
se_G_04.mtx,fp16_lb,fp16_lb,controlled_lossy_value_specialized,ok,none,accuracy_pass_runtime_win,0.0058,0.0049,2.051724,1.034483,,372,448,fp16,fp16,false,0,0,false,0,spmv_max_rel,SKIP
se_G_04.mtx,bf16_lb,bf16_lb,controlled_lossy_value_specialized,ok,none,accuracy_pass_runtime_win,0.0055,0.0049,2.163636,1.090909,,372,448,bf16,bf16,false,0,0,false,0,spmv_max_rel,SKIP
se_G_04.mtx,bfp8_lb,bfp8_lb,controlled_lossy_value_specialized,ok,none,accuracy_pass_runtime_win,0.0051,0.0046,2.333333,1.176471,,298,448,bfp8,bfp8,false,0,0,false,0,spmv_max_rel,SKIP
se_G_04.mtx,bfp8_outlier_lb,bfp8_outlier_lb,controlled_lossy_value_specialized,ok,none,accuracy_pass_runtime_win,0.0053,0.0045,2.245283,1.132075,,298,448,bfp8_outlier,bfp8_outlier,false,0,0,false,0,spmv_max_rel,SKIP
se_G_04.mtx,bfp4_lb,bfp4_lb,controlled_lossy_value_specialized,ok,none,accuracy_pass_runtime_loss,0.0070,0.0055,1.700000,0.857143,,205,448,bfp4,bfp4,false,0,0,false,0,spmv_max_rel,SKIP
se_G_04.mtx,hybrid_lb,hybrid_lb,structural_hybrid,ok,none,promoted_fallback,0.0053,0.0044,2.245283,1.132075,,1488,,original,raw_double,false,,,1,0,exact_abs_or_rel,SKIP
se_G_04.mtx,cusparse_default,cusparse_csr,external_baseline,ok,none,external_baseline,0.0119,0.0082,1.000000,0.504202,,1488,1004,original,original,false,,,true,0,exact_abs_or_rel,SKIP
se_G_12.mtx,original_lb,original_lb,load_balanced_traversal,ok,none,promoted_fallback,0.0054,0.0048,2.944444,1.000000,,393168,131008,original,original,false,0,0,true,0,exact_abs_or_rel,SKIP
se_G_12.mtx,auto_lossless_lb,all_one_lb,lossless_value_specialized,ok,none,accuracy_pass_runtime_loss,0.0071,0.0048,2.239437,0.760563,,0,131008,auto_lossless,all_one,true,1,0,true,0,exact_abs_or_rel,SKIP
se_G_12.mtx,fp16_lb,fp16_lb,controlled_lossy_value_specialized,ok,none,accuracy_pass_runtime_loss,0.0070,0.0061,2.271429,0.771429,,98292,131008,fp16,fp16,false,0,0,false,0,spmv_max_rel,SKIP
se_G_12.mtx,bf16_lb,bf16_lb,controlled_lossy_value_specialized,ok,none,accuracy_pass_runtime_loss,0.0061,0.0047,2.606557,0.885246,,98292,131008,bf16,bf16,false,0,0,false,0,spmv_max_rel,SKIP
se_G_12.mtx,bfp8_lb,bfp8_lb,controlled_lossy_value_specialized,ok,none,accuracy_pass_runtime_loss,0.0059,0.0045,2.694915,0.915254,,81898,131008,bfp8,bfp8,false,0,0,false,0,spmv_max_rel,SKIP
se_G_12.mtx,bfp8_outlier_lb,bfp8_outlier_lb,controlled_lossy_value_specialized,ok,none,accuracy_pass_runtime_loss,0.0066,0.0055,2.409091,0.818182,,81898,131008,bfp8_outlier,bfp8_outlier,false,0,0,false,0,spmv_max_rel,SKIP
se_G_12.mtx,bfp4_lb,bfp4_lb,controlled_lossy_value_specialized,ok,none,accuracy_pass_runtime_loss,0.0074,0.0063,2.148649,0.729730,,57325,131008,bfp4,bfp4,false,0,0,false,0,spmv_max_rel,SKIP
se_G_12.mtx,hybrid_lb,hybrid_lb,structural_hybrid,ok,none,promoted_fallback,0.0062,0.0044,2.564516,0.870968,,393168,,original,raw_double,false,,,1,0,exact_abs_or_rel,SKIP
se_G_12.mtx,cusparse_default,cusparse_csr,external_baseline,ok,none,external_baseline,0.0159,0.0123,1.000000,0.339623,,393168,262124,original,original,false,,,true,0,exact_abs_or_rel,SKIP
shl_200.mtx,original_lb,original_lb,load_balanced_traversal,ok,none,promoted_fallback,0.0079,0.0060,1.734177,1.000000,,13808,5896,original,original,false,0,0,true,0,exact_abs_or_rel,SKIP
shl_200.mtx,auto_lossless_lb,original_lb,load_balanced_traversal,ok,none,promoted_fallback,0.0096,0.0073,1.427083,0.822917,,13808,5896,auto_lossless,original,true,192,13808,true,0,exact_abs_or_rel,SKIP
shl_200.mtx,fp16_lb,fp16_lb,controlled_lossy_value_specialized,ok,none,accuracy_pass_runtime_loss,0.0098,0.0073,1.397959,0.806122,,3452,5896,fp16,fp16,false,0,0,false,0,spmv_max_rel,SKIP
shl_200.mtx,bf16_lb,bf16_lb,controlled_lossy_value_specialized,ok,none,accuracy_pass_runtime_loss,0.0095,0.0073,1.442105,0.831579,,3452,5896,bf16,bf16,false,0,0,false,0,spmv_max_rel,SKIP
shl_200.mtx,bfp8_lb,bfp8_lb,controlled_lossy_value_specialized,ok,none,accuracy_pass_runtime_loss,0.0091,0.0082,1.505495,0.868132,,3200,5896,bfp8,bfp8,false,0,0,false,0,spmv_max_rel,SKIP
shl_200.mtx,bfp8_outlier_lb,bfp8_outlier_lb,controlled_lossy_value_specialized,ok,none,accuracy_pass_runtime_loss,0.0120,0.0101,1.141667,0.658333,,3328,5896,bfp8_outlier,bfp8_outlier,false,0,0,false,0,spmv_max_rel,SKIP
shl_200.mtx,bfp4_lb,bfp4_lb,controlled_lossy_value_specialized,ok,none,accuracy_pass_runtime_loss,0.0141,0.0131,0.971631,0.560284,,2337,5896,bfp4,bfp4,false,0,0,false,0,spmv_max_rel,SKIP
shl_200.mtx,hybrid_lb,hybrid_lb,structural_hybrid,ok,none,promoted_fallback,0.0078,0.0061,1.756410,1.012821,,13808,,original,raw_double,false,,,1,0,exact_abs_or_rel,SKIP
shl_200.mtx,cusparse_default,cusparse_csr,external_baseline,ok,none,external_baseline,0.0137,0.0102,1.000000,0.576642,,13808,9560,original,original,false,,,true,0,exact_abs_or_rel,SKIP
sit100.mtx,original_lb,original_lb,load_balanced_traversal,ok,none,promoted_fallback,0.0081,0.0065,1.802469,1.000000,,488368,169096,original,original,false,0,0,true,0,exact_abs_or_rel,SKIP
sit100.mtx,auto_lossless_lb,original_lb,load_balanced_traversal,ok,none,promoted_fallback,0.0103,0.0088,1.417476,0.786408,,488368,169096,auto_lossless,original,true,42,488368,true,0,exact_abs_or_rel,SKIP
sit100.mtx,fp16_lb,fp16_lb,controlled_lossy_value_specialized,ok,none,accuracy_pass_runtime_loss,0.0081,0.0065,1.802469,1.000000,,122092,169096,fp16,fp16,false,0,0,false,0,spmv_max_rel,SKIP
sit100.mtx,bf16_lb,bf16_lb,controlled_lossy_value_specialized,ok,none,accuracy_pass_runtime_loss,0.0085,0.0078,1.717647,0.952941,,122092,169096,bf16,bf16,false,0,0,false,0,spmv_max_rel,SKIP
sit100.mtx,bfp8_lb,bfp8_lb,controlled_lossy_value_specialized,ok,none,accuracy_pass_runtime_loss,0.0081,0.0071,1.802469,1.000000,,103320,169096,bfp8,bfp8,false,0,0,false,0,spmv_max_rel,SKIP
sit100.mtx,bfp8_outlier_lb,bfp8_outlier_lb,controlled_lossy_value_specialized,ok,none,accuracy_pass_runtime_loss,0.0111,0.0093,1.315315,0.729730,,106840,169096,bfp8_outlier,bfp8_outlier,false,0,0,false,0,spmv_max_rel,SKIP
sit100.mtx,bfp4_lb,bfp4_lb,controlled_lossy_value_specialized,ok,none,accuracy_pass_runtime_loss,0.0108,0.0101,1.351852,0.750000,,72797,169096,bfp4,bfp4,false,0,0,false,0,spmv_max_rel,SKIP
sit100.mtx,hybrid_lb,hybrid_lb,structural_hybrid,ok,none,promoted_fallback,0.0069,0.0052,2.115942,1.173913,,488368,,original,raw_double,false,,,1,0,exact_abs_or_rel,SKIP
sit100.mtx,cusparse_default,cusparse_csr,external_baseline,ok,none,external_baseline,0.0146,0.0123,1.000000,0.554795,,488368,285236,original,original,false,,,true,0,exact_abs_or_rel,SKIP
slptsk.mtx,original_lb,original_lb,load_balanced_traversal,ok,none,promoted_fallback,0.0099,0.0080,1.424242,1.000000,,579720,175184,original,original,false,0,0,true,0,exact_abs_or_rel,SKIP
slptsk.mtx,auto_lossless_lb,original_lb,load_balanced_traversal,ok,none,promoted_fallback,0.0139,0.0127,1.014388,0.712230,,579720,175184,auto_lossless,original,true,3024,579720,true,0,exact_abs_or_rel,SKIP
slptsk.mtx,fp16_lb,fp16_lb,controlled_lossy_value_specialized,ok,none,accuracy_pass_runtime_loss,0.0103,0.0085,1.368932,0.961165,,144930,175184,fp16,fp16,false,0,0,false,0,spmv_max_rel,SKIP
slptsk.mtx,bf16_lb,bf16_lb,controlled_lossy_value_specialized,ok,none,accuracy_pass_runtime_loss,0.0104,0.0085,1.355769,0.951923,,144930,175184,bf16,bf16,false,0,0,false,0,spmv_max_rel,SKIP
slptsk.mtx,bfp8_lb,bfp8_lb,controlled_lossy_value_specialized,ok,none,accuracy_pass_runtime_win,0.0096,0.0091,1.468750,1.031250,,116261,175184,bfp8,bfp8,false,0,0,false,0,spmv_max_rel,SKIP
slptsk.mtx,bfp8_outlier_lb,bfp8_outlier_lb,controlled_lossy_value_specialized,ok,none,accuracy_pass_runtime_loss,0.0123,0.0104,1.146341,0.804878,,120261,175184,bfp8_outlier,bfp8_outlier,false,0,0,false,0,spmv_max_rel,SKIP
slptsk.mtx,bfp4_lb,bfp4_lb,controlled_lossy_value_specialized,ok,none,accuracy_pass_runtime_loss,0.0135,0.0121,1.044444,0.733333,,80029,175184,bfp4,bfp4,false,0,0,false,0,spmv_max_rel,SKIP
slptsk.mtx,hybrid_lb,hybrid_lb,structural_hybrid,ok,none,promoted_fallback,0.0074,0.0061,1.905405,1.337838,,579720,,original,raw_double,false,,,1,0,exact_abs_or_rel,SKIP
slptsk.mtx,cusparse_default,cusparse_csr,external_baseline,ok,none,external_baseline,0.0141,0.0102,1.000000,0.702128,,579720,301308,original,original,false,,,true,0,exact_abs_or_rel,SKIP
small_A_07.mtx,original_lb,original_lb,load_balanced_traversal,ok,none,promoted_fallback,0.0070,0.0061,1.800000,1.000000,,26552,9104,original,original,false,0,0,true,0,exact_abs_or_rel,SKIP
small_A_07.mtx,auto_lossless_lb,original_lb,load_balanced_traversal,ok,none,promoted_fallback,0.0075,0.0064,1.680000,0.933333,,26552,9104,auto_lossless,original,true,684,26552,true,0,exact_abs_or_rel,SKIP
small_A_07.mtx,fp16_lb,fp16_lb,controlled_lossy_value_specialized,ok,none,accuracy_pass_runtime_loss,0.0086,0.0081,1.465116,0.813953,,6638,9104,fp16,fp16,false,0,0,false,0,spmv_max_rel,SKIP
small_A_07.mtx,bf16_lb,bf16_lb,controlled_lossy_value_specialized,ok,none,accuracy_pass_runtime_loss,0.0090,0.0071,1.400000,0.777778,,6638,9104,bf16,bf16,false,0,0,false,0,spmv_max_rel,SKIP
small_A_07.mtx,bfp8_lb,bfp8_lb,controlled_lossy_value_specialized,ok,none,accuracy_pass_runtime_loss,0.0092,0.0068,1.369565,0.760870,,5595,9104,bfp8,bfp8,false,0,0,false,0,spmv_max_rel,SKIP
small_A_07.mtx,bfp8_outlier_lb,bfp8_outlier_lb,controlled_lossy_value_specialized,ok,none,accuracy_pass_runtime_loss,0.0092,0.0069,1.369565,0.760870,,5595,9104,bfp8_outlier,bfp8_outlier,false,0,0,false,0,spmv_max_rel,SKIP
small_A_07.mtx,bfp4_lb,bfp4_lb,controlled_lossy_value_specialized,ok,none,accuracy_pass_runtime_loss,0.0101,0.0090,1.247525,0.693069,,3936,9104,bfp4,bfp4,false,0,0,false,0,spmv_max_rel,SKIP
small_A_07.mtx,hybrid_lb,hybrid_lb,structural_hybrid,ok,none,promoted_fallback,0.0070,0.0054,1.800000,1.000000,,26552,,original,raw_double,false,,,1,0,exact_abs_or_rel,SKIP
small_A_07.mtx,cusparse_default,cusparse_csr,external_baseline,ok,none,external_baseline,0.0126,0.0102,1.000000,0.555556,,26552,16120,original,original,false,,,true,0,exact_abs_or_rel,SKIP
small_A_15.mtx,original_lb,original_lb,load_balanced_traversal,ok,none,promoted_fallback,0.0079,0.0071,1.721519,1.000000,,25656,8896,original,original,false,0,0,true,0,exact_abs_or_rel,SKIP
small_A_15.mtx,auto_lossless_lb,original_lb,load_balanced_traversal,ok,none,promoted_fallback,0.0075,0.0065,1.813333,1.053333,,25656,8896,auto_lossless,original,true,649,25656,true,0,exact_abs_or_rel,SKIP
small_A_15.mtx,fp16_lb,fp16_lb,controlled_lossy_value_specialized,ok,none,accuracy_pass_runtime_loss,0.0081,0.0068,1.679012,0.975309,,6414,8896,fp16,fp16,false,0,0,false,0,spmv_max_rel,SKIP
small_A_15.mtx,bf16_lb,bf16_lb,controlled_lossy_value_specialized,ok,none,accuracy_pass_runtime_loss,0.0081,0.0071,1.679012,0.975309,,6414,8896,bf16,bf16,false,0,0,false,0,spmv_max_rel,SKIP
small_A_15.mtx,bfp8_lb,bfp8_lb,controlled_lossy_value_specialized,ok,none,accuracy_pass_runtime_win,0.0077,0.0058,1.766234,1.025974,,5431,8896,bfp8,bfp8,false,0,0,false,0,spmv_max_rel,SKIP
small_A_15.mtx,bfp8_outlier_lb,bfp8_outlier_lb,controlled_lossy_value_specialized,ok,none,accuracy_pass_runtime_win,0.0076,0.0067,1.789474,1.039474,,5431,8896,bfp8_outlier,bfp8_outlier,false,0,0,false,0,spmv_max_rel,SKIP
small_A_15.mtx,bfp4_lb,bfp4_lb,controlled_lossy_value_specialized,ok,none,accuracy_pass_runtime_loss,0.0110,0.0089,1.236364,0.718182,,3828,8896,bfp4,bfp4,false,0,0,false,0,spmv_max_rel,SKIP
small_A_15.mtx,hybrid_lb,hybrid_lb,structural_hybrid,ok,none,promoted_fallback,0.0069,0.0060,1.971014,1.144928,,25656,,original,raw_double,false,,,1,0,exact_abs_or_rel,SKIP
small_A_15.mtx,cusparse_default,cusparse_csr,external_baseline,ok,none,external_baseline,0.0136,0.0102,1.000000,0.580882,,25656,15580,original,original,false,,,true,0,exact_abs_or_rel,SKIP
soc-Pokec.mtx,original_lb,original_lb,load_balanced_traversal,ok,none,promoted_fallback,1.3209,1.3150,0.250890,1.000000,,244980512,228271784,original,original,false,0,0,true,0,exact_abs_or_rel,SKIP
soc-Pokec.mtx,auto_lossless_lb,all_one_lb,lossless_value_specialized,ok,none,accuracy_pass_runtime_win,1.2657,1.2634,0.261831,1.043612,,0,228271784,auto_lossless,all_one,true,1,0,true,0,exact_abs_or_rel,SKIP
soc-Pokec.mtx,fp16_lb,fp16_lb,controlled_lossy_value_specialized,ok,none,accuracy_pass_runtime_win,1.1440,1.1357,0.289685,1.154633,,61245128,228271784,fp16,fp16,false,0,0,false,0,spmv_max_rel,SKIP
soc-Pokec.mtx,bf16_lb,bf16_lb,controlled_lossy_value_specialized,ok,none,accuracy_pass_runtime_win,1.1430,1.1354,0.289939,1.155643,,61245128,228271784,bf16,bf16,false,0,0,false,0,spmv_max_rel,SKIP
soc-Pokec.mtx,bfp8_lb,bfp8_lb,controlled_lossy_value_specialized,ok,none,accuracy_pass_runtime_win,1.1448,1.1359,0.289483,1.153826,,87690510,228271784,bfp8,bfp8,false,0,0,false,0,spmv_max_rel,SKIP
soc-Pokec.mtx,bfp8_outlier_lb,bfp8_outlier_lb,controlled_lossy_value_specialized,ok,none,accuracy_pass_runtime_win,1.1446,1.1350,0.289533,1.154028,,87690510,228271784,bfp8_outlier,bfp8_outlier,false,0,0,false,0,spmv_max_rel,SKIP
soc-Pokec.mtx,bfp4_lb,bfp4_lb,controlled_lossy_value_specialized,ok,none,accuracy_pass_runtime_win,1.2950,1.2895,0.255907,1.020000,,72379228,228271784,bfp4,bfp4,false,0,0,false,0,spmv_max_rel,SKIP
soc-Pokec.mtx,hybrid_lb,hybrid_lb,structural_hybrid,ok,none,promoted_fallback,0.3635,0.3597,0.911692,3.633838,,244980512,,original,raw_double,false,,,1,0,exact_abs_or_rel,SKIP
soc-Pokec.mtx,cusparse_default,cusparse_csr,external_baseline,ok,none,external_baseline,0.3314,0.3289,1.000000,3.985818,,244980512,129021472,original,original,false,,,true,0,exact_abs_or_rel,SKIP
spaceStation_1.mtx,original_lb,original_lb,load_balanced_traversal,ok,none,promoted_fallback,0.0071,0.0058,1.690141,1.000000,,7416,1160,original,original,false,0,0,true,0,exact_abs_or_rel,SKIP
spaceStation_1.mtx,auto_lossless_lb,original_lb,load_balanced_traversal,ok,none,promoted_fallback,0.0084,0.0062,1.428571,0.845238,,7416,1160,auto_lossless,original,true,348,7416,true,0,exact_abs_or_rel,SKIP
spaceStation_1.mtx,fp16_lb,fp16_lb,controlled_lossy_value_specialized,ok,none,accuracy_pass_runtime_loss,0.0089,0.0071,1.348315,0.797753,,1854,1160,fp16,fp16,false,0,0,false,0,spmv_max_rel,SKIP
spaceStation_1.mtx,bf16_lb,bf16_lb,controlled_lossy_value_specialized,ok,none,accuracy_pass_runtime_loss,0.0079,0.0071,1.518987,0.898734,,1854,1160,bf16,bf16,false,0,0,false,0,spmv_max_rel,SKIP
spaceStation_1.mtx,bfp8_lb,bfp8_lb,controlled_lossy_value_specialized,ok,none,accuracy_pass_runtime_loss,0.0078,0.0068,1.538462,0.910256,,1217,1160,bfp8,bfp8,false,0,0,false,0,spmv_max_rel,SKIP
spaceStation_1.mtx,bfp8_outlier_lb,bfp8_outlier_lb,controlled_lossy_value_specialized,ok,none,accuracy_pass_runtime_loss,0.0097,0.0080,1.237113,0.731959,,1281,1160,bfp8_outlier,bfp8_outlier,false,0,0,false,0,spmv_max_rel,SKIP
spaceStation_1.mtx,bfp4_lb,bfp4_lb,controlled_lossy_value_specialized,ok,none,accuracy_pass_runtime_loss,0.0095,0.0071,1.263158,0.747368,,754,1160,bfp4,bfp4,false,0,0,false,0,spmv_max_rel,SKIP
spaceStation_1.mtx,hybrid_lb,hybrid_lb,structural_hybrid,ok,none,promoted_fallback,0.0067,0.0052,1.791045,1.059701,,7416,,original,raw_double,false,,,1,0,exact_abs_or_rel,SKIP
spaceStation_1.mtx,cusparse_default,cusparse_csr,external_baseline,ok,none,external_baseline,0.0120,0.0082,1.000000,0.591667,,7416,4108,original,original,false,,,true,0,exact_abs_or_rel,SKIP
spaceStation_4.mtx,original_lb,original_lb,load_balanced_traversal,ok,none,promoted_fallback,0.0091,0.0067,1.494505,1.000000,,109008,22216,original,original,false,0,0,true,0,exact_abs_or_rel,SKIP
spaceStation_4.mtx,auto_lossless_lb,original_lb,load_balanced_traversal,ok,none,promoted_fallback,0.0089,0.0074,1.528090,1.022472,,109008,22216,auto_lossless,original,true,3772,109008,true,0,exact_abs_or_rel,SKIP
spaceStation_4.mtx,fp16_lb,fp16_lb,controlled_lossy_value_specialized,ok,none,accuracy_pass_runtime_loss,0.0098,0.0081,1.387755,0.928571,,27252,22216,fp16,fp16,false,0,0,false,0,spmv_max_rel,SKIP
spaceStation_4.mtx,bf16_lb,bf16_lb,controlled_lossy_value_specialized,ok,none,accuracy_pass_runtime_loss,0.0106,0.0092,1.283019,0.858491,,27252,22216,bf16,bf16,false,0,0,false,0,spmv_max_rel,SKIP
spaceStation_4.mtx,bfp8_lb,bfp8_lb,controlled_lossy_value_specialized,ok,none,accuracy_pass_runtime_loss,0.0101,0.0088,1.346535,0.900990,,19180,22216,bfp8,bfp8,false,0,0,false,0,spmv_max_rel,SKIP
spaceStation_4.mtx,bfp8_outlier_lb,bfp8_outlier_lb,controlled_lossy_value_specialized,ok,none,accuracy_pass_runtime_loss,0.0119,0.0105,1.142857,0.764706,,20268,22216,bfp8_outlier,bfp8_outlier,false,0,0,false,0,spmv_max_rel,SKIP
spaceStation_4.mtx,bfp4_lb,bfp4_lb,controlled_lossy_value_specialized,ok,none,accuracy_pass_runtime_loss,0.0138,0.0125,0.985507,0.659420,,12367,22216,bfp4,bfp4,false,0,0,false,0,spmv_max_rel,SKIP
spaceStation_4.mtx,hybrid_lb,hybrid_lb,structural_hybrid,ok,none,promoted_fallback,0.0094,0.0079,1.446809,0.968085,,109008,,original,raw_double,false,,,1,0,exact_abs_or_rel,SKIP
spaceStation_4.mtx,cusparse_default,cusparse_csr,external_baseline,ok,none,external_baseline,0.0136,0.0102,1.000000,0.669118,,109008,58308,original,original,false,,,true,0,exact_abs_or_rel,SKIP
stormg2-8.mtx,original_lb,original_lb,load_balanced_traversal,ok,none,promoted_fallback,0.0093,0.0081,1.451613,1.000000,,228424,84968,original,original,false,0,0,true,0,exact_abs_or_rel,SKIP
stormg2-8.mtx,auto_lossless_lb,original_lb,load_balanced_traversal,ok,none,promoted_fallback,0.0093,0.0076,1.451613,1.000000,,228424,84968,auto_lossless,original,true,99,228424,true,0,exact_abs_or_rel,SKIP
stormg2-8.mtx,fp16_lb,fp16_lb,controlled_lossy_value_specialized,ok,none,accuracy_pass_runtime_loss,0.0097,0.0090,1.391753,0.958763,,57106,84968,fp16,fp16,false,0,0,false,0,spmv_max_rel,SKIP
stormg2-8.mtx,bf16_lb,bf16_lb,controlled_lossy_value_specialized,ok,none,accuracy_pass_runtime_loss,0.0094,0.0084,1.436170,0.989362,,57106,84968,bf16,bf16,false,0,0,false,0,spmv_max_rel,SKIP
stormg2-8.mtx,bfp8_lb,bfp8_lb,controlled_lossy_value_specialized,ok,none,accuracy_pass_runtime_loss,0.0105,0.0096,1.285714,0.885714,,49795,84968,bfp8,bfp8,false,0,0,false,0,spmv_max_rel,SKIP
stormg2-8.mtx,bfp8_outlier_lb,bfp8_outlier_lb,controlled_lossy_value_specialized,ok,none,accuracy_pass_runtime_loss,0.0128,0.0112,1.054688,0.726562,,51203,84968,bfp8_outlier,bfp8_outlier,false,0,0,false,0,spmv_max_rel,SKIP
stormg2-8.mtx,bfp4_lb,bfp4_lb,controlled_lossy_value_specialized,ok,none,accuracy_pass_runtime_loss,0.0149,0.0139,0.906040,0.624161,,35519,84968,bfp4,bfp4,false,0,0,false,0,spmv_max_rel,SKIP
stormg2-8.mtx,hybrid_lb,hybrid_lb,structural_hybrid,ok,none,promoted_fallback,0.0091,0.0076,1.483516,1.021978,,228424,,original,raw_double,false,,,1,0,exact_abs_or_rel,SKIP
stormg2-8.mtx,cusparse_default,cusparse_csr,external_baseline,ok,none,external_baseline,0.0135,0.0123,1.000000,0.688889,,228424,131852,original,original,false,,,true,0,exact_abs_or_rel,SKIP
str_400.mtx,original_lb,original_lb,load_balanced_traversal,ok,none,promoted_fallback,0.0077,0.0067,1.649351,1.000000,,25256,5696,original,original,false,0,0,true,0,exact_abs_or_rel,SKIP
str_400.mtx,auto_lossless_lb,original_lb,load_balanced_traversal,ok,none,promoted_fallback,0.0089,0.0068,1.426966,0.865169,,25256,5696,auto_lossless,original,true,1826,25256,true,0,exact_abs_or_rel,SKIP
str_400.mtx,fp16_lb,fp16_lb,controlled_lossy_value_specialized,ok,none,accuracy_pass_runtime_loss,0.0091,0.0071,1.395604,0.846154,,6314,5696,fp16,fp16,false,0,0,false,0,spmv_max_rel,SKIP
str_400.mtx,bf16_lb,bf16_lb,controlled_lossy_value_specialized,ok,none,accuracy_pass_runtime_loss,0.0081,0.0069,1.567901,0.950617,,6314,5696,bf16,bf16,false,0,0,false,0,spmv_max_rel,SKIP
str_400.mtx,bfp8_lb,bfp8_lb,controlled_lossy_value_specialized,ok,none,accuracy_pass_runtime_loss,0.0099,0.0080,1.282828,0.777778,,4581,5696,bfp8,bfp8,false,0,0,false,0,spmv_max_rel,SKIP
str_400.mtx,bfp8_outlier_lb,bfp8_outlier_lb,controlled_lossy_value_specialized,ok,none,accuracy_pass_runtime_loss,0.0112,0.0093,1.133929,0.687500,,4773,5696,bfp8_outlier,bfp8_outlier,false,0,0,false,0,spmv_max_rel,SKIP
str_400.mtx,bfp4_lb,bfp4_lb,controlled_lossy_value_specialized,ok,none,accuracy_pass_runtime_loss,0.0117,0.0102,1.085470,0.658120,,3003,5696,bfp4,bfp4,false,0,0,false,0,spmv_max_rel,SKIP
str_400.mtx,hybrid_lb,hybrid_lb,structural_hybrid,ok,none,promoted_fallback,0.0077,0.0070,1.649351,1.000000,,25256,,original,raw_double,false,,,1,0,exact_abs_or_rel,SKIP
str_400.mtx,cusparse_default,cusparse_csr,external_baseline,ok,none,external_baseline,0.0127,0.0102,1.000000,0.606299,,25256,14084,original,original,false,,,true,0,exact_abs_or_rel,SKIP
sx-askubuntu_C2Q.mtx,original_lb,original_lb,load_balanced_traversal,ok,none,promoted_fallback,0.0182,0.0168,1.115385,1.000000,,1590816,1454992,original,original,false,0,0,true,0,exact_abs_or_rel,SKIP
sx-askubuntu_C2Q.mtx,auto_lossless_lb,original_lb,load_balanced_traversal,ok,none,promoted_fallback,0.0179,0.0166,1.134078,1.016760,,1590816,1454992,auto_lossless,original,true,88,1590816,true,0,exact_abs_or_rel,SKIP
sx-askubuntu_C2Q.mtx,fp16_lb,fp16_lb,controlled_lossy_value_specialized,ok,none,accuracy_pass_runtime_win,0.0167,0.0152,1.215569,1.089820,,397704,1454992,fp16,fp16,false,0,0,false,0,spmv_max_rel,SKIP
sx-askubuntu_C2Q.mtx,bf16_lb,bf16_lb,controlled_lossy_value_specialized,ok,none,accuracy_pass_runtime_win,0.0169,0.0153,1.201183,1.076923,,397704,1454992,bf16,bf16,false,0,0,false,0,spmv_max_rel,SKIP
sx-askubuntu_C2Q.mtx,bfp8_lb,bfp8_lb,controlled_lossy_value_specialized,ok,none,accuracy_pass_runtime_win,0.0168,0.0157,1.208333,1.083333,,562600,1454992,bfp8,bfp8,false,0,0,false,0,spmv_max_rel,SKIP
sx-askubuntu_C2Q.mtx,bfp8_outlier_lb,bfp8_outlier_lb,controlled_lossy_value_specialized,ok,none,accuracy_pass_runtime_loss,0.0195,0.0180,1.041026,0.933333,,577496,1454992,bfp8_outlier,bfp8_outlier,false,0,0,false,0,spmv_max_rel,SKIP
sx-askubuntu_C2Q.mtx,bfp4_lb,bfp4_lb,controlled_lossy_value_specialized,ok,none,accuracy_pass_runtime_loss,0.0198,0.0187,1.025253,0.919192,,463174,1454992,bfp4,bfp4,false,0,0,false,0,spmv_max_rel,SKIP
sx-askubuntu_C2Q.mtx,hybrid_lb,hybrid_lb,structural_hybrid,ok,none,promoted_fallback,0.0154,0.0136,1.318182,1.181818,,1590816,,original,raw_double,false,,,1,0,exact_abs_or_rel,SKIP
sx-askubuntu_C2Q.mtx,cusparse_default,cusparse_csr,external_baseline,ok,none,external_baseline,0.0203,0.0184,1.000000,0.896552,,1590816,1432676,original,original,false,,,true,0,exact_abs_or_rel,SKIP
sx-stackoverflow_C2Q.mtx,original_lb,original_lb,load_balanced_traversal,ok,none,promoted_fallback,0.5322,0.5298,0.276212,1.000000,,89814632,85338336,original,original,false,0,0,true,0,exact_abs_or_rel,SKIP
sx-stackoverflow_C2Q.mtx,auto_lossless_lb,original_lb,load_balanced_traversal,ok,none,promoted_fallback,0.5313,0.5281,0.276680,1.001694,,89814632,85338336,auto_lossless,original,true,462,89814632,true,0,exact_abs_or_rel,SKIP
sx-stackoverflow_C2Q.mtx,fp16_lb,fp16_lb,controlled_lossy_value_specialized,ok,none,accuracy_pass_runtime_win,0.4613,0.4577,0.318665,1.153696,,22453658,85338336,fp16,fp16,false,0,0,false,0,spmv_max_rel,SKIP
sx-stackoverflow_C2Q.mtx,bf16_lb,bf16_lb,controlled_lossy_value_specialized,ok,none,accuracy_pass_runtime_win,0.4613,0.4583,0.318665,1.153696,,22453658,85338336,bf16,bf16,false,0,0,false,0,spmv_max_rel,SKIP
sx-stackoverflow_C2Q.mtx,bfp8_lb,bfp8_lb,controlled_lossy_value_specialized,ok,none,accuracy_pass_runtime_win,0.4625,0.4598,0.317838,1.150703,,32561413,85338336,bfp8,bfp8,false,0,0,false,0,spmv_max_rel,SKIP
sx-stackoverflow_C2Q.mtx,bfp8_outlier_lb,bfp8_outlier_lb,controlled_lossy_value_specialized,ok,none,accuracy_pass_runtime_win,0.4694,0.4659,0.313166,1.133788,,33419269,85338336,bfp8_outlier,bfp8_outlier,false,0,0,false,0,spmv_max_rel,SKIP
sx-stackoverflow_C2Q.mtx,bfp4_lb,bfp4_lb,controlled_lossy_value_specialized,ok,none,accuracy_pass_runtime_loss,0.5499,0.5475,0.267321,0.967812,,26947999,85338336,bfp4,bfp4,false,0,0,false,0,spmv_max_rel,SKIP
sx-stackoverflow_C2Q.mtx,hybrid_lb,hybrid_lb,structural_hybrid,ok,none,promoted_fallback,0.1925,0.1900,0.763636,2.764675,,89814632,,original,raw_double,false,,,1,0,exact_abs_or_rel,SKIP
sx-stackoverflow_C2Q.mtx,cusparse_default,cusparse_csr,external_baseline,ok,none,external_baseline,0.1470,0.1445,1.000000,3.620408,,89814632,55315228,original,original,false,,,true,0,exact_abs_or_rel,SKIP
t2d_q4.mtx,original_lb,original_lb,load_balanced_traversal,ok,none,promoted_fallback,0.0078,0.0061,2.141026,1.000000,,696200,97240,original,original,false,0,0,true,0,exact_abs_or_rel,SKIP
t2d_q4.mtx,auto_lossless_lb,original_lb,load_balanced_traversal,ok,none,promoted_fallback,0.0063,0.0051,2.650794,1.238095,,696200,97240,auto_lossless,original,true,1383,696200,true,0,exact_abs_or_rel,SKIP
t2d_q4.mtx,fp16_lb,fp16_lb,controlled_lossy_value_specialized,ok,none,accuracy_pass_runtime_loss,0.0080,0.0070,2.087500,0.975000,,174050,97240,fp16,fp16,false,0,0,false,0,spmv_max_rel,SKIP
t2d_q4.mtx,bf16_lb,bf16_lb,controlled_lossy_value_specialized,ok,none,accuracy_pass_runtime_loss,0.0085,0.0076,1.964706,0.917647,,174050,97240,bf16,bf16,false,0,0,false,0,spmv_max_rel,SKIP
t2d_q4.mtx,bfp8_lb,bfp8_lb,controlled_lossy_value_specialized,ok,none,accuracy_pass_runtime_win,0.0075,0.0068,2.226667,1.040000,,111335,97240,bfp8,bfp8,false,0,0,false,0,spmv_max_rel,SKIP
t2d_q4.mtx,bfp8_outlier_lb,bfp8_outlier_lb,controlled_lossy_value_specialized,ok,none,accuracy_pass_runtime_loss,0.0090,0.0075,1.855556,0.866667,,117943,97240,bfp8_outlier,bfp8_outlier,false,0,0,false,0,spmv_max_rel,SKIP
t2d_q4.mtx,bfp4_lb,bfp4_lb,controlled_lossy_value_specialized,ok,none,accuracy_pass_runtime_win,0.0076,0.0064,2.197368,1.026316,,67823,97240,bfp4,bfp4,false,0,0,false,0,spmv_max_rel,SKIP
t2d_q4.mtx,hybrid_lb,hybrid_lb,structural_hybrid,ok,none,promoted_fallback,0.0078,0.0069,2.141026,1.000000,,696200,,original,raw_double,false,,,1,0,exact_abs_or_rel,SKIP
t2d_q4.mtx,cusparse_default,cusparse_csr,external_baseline,ok,none,external_baseline,0.0167,0.0123,1.000000,0.467066,,696200,387308,original,original,false,,,true,0,exact_abs_or_rel,SKIP
t2d_q4_A_08.mtx,original_lb,original_lb,load_balanced_traversal,ok,none,promoted_fallback,0.0087,0.0070,1.885057,1.000000,,696200,97240,original,original,false,0,0,true,0,exact_abs_or_rel,SKIP
t2d_q4_A_08.mtx,auto_lossless_lb,original_lb,load_balanced_traversal,ok,none,promoted_fallback,0.0075,0.0066,2.186667,1.160000,,696200,97240,auto_lossless,original,true,87025,696200,true,0,exact_abs_or_rel,SKIP
t2d_q4_A_08.mtx,fp16_lb,fp16_lb,controlled_lossy_value_specialized,ok,none,accuracy_pass_runtime_win,0.0085,0.0075,1.929412,1.023529,,174050,97240,fp16,fp16,false,0,0,false,0,spmv_max_rel,SKIP
t2d_q4_A_08.mtx,bf16_lb,bf16_lb,controlled_lossy_value_specialized,ok,none,accuracy_pass_runtime_loss,0.0088,0.0070,1.863636,0.988636,,174050,97240,bf16,bf16,false,0,0,false,0,spmv_max_rel,SKIP
t2d_q4_A_08.mtx,bfp8_lb,bfp8_lb,controlled_lossy_value_specialized,ok,none,accuracy_pass_runtime_win,0.0082,0.0073,2.000000,1.060976,,111335,97240,bfp8,bfp8,false,0,0,false,0,spmv_max_rel,SKIP
t2d_q4_A_08.mtx,bfp8_outlier_lb,bfp8_outlier_lb,controlled_lossy_value_specialized,ok,none,accuracy_pass_runtime_loss,0.0109,0.0085,1.504587,0.798165,,118295,97240,bfp8_outlier,bfp8_outlier,false,0,0,false,0,spmv_max_rel,SKIP
t2d_q4_A_08.mtx,bfp4_lb,bfp4_lb,controlled_lossy_value_specialized,ok,none,accuracy_pass_runtime_loss,0.0092,0.0078,1.782609,0.945652,,67823,97240,bfp4,bfp4,false,0,0,false,0,spmv_max_rel,SKIP
t2d_q4_A_08.mtx,hybrid_lb,hybrid_lb,structural_hybrid,ok,none,promoted_fallback,0.0082,0.0067,2.000000,1.060976,,696200,,original,raw_double,false,,,1,0,exact_abs_or_rel,SKIP
t2d_q4_A_08.mtx,cusparse_default,cusparse_csr,external_baseline,ok,none,external_baseline,0.0164,0.0123,1.000000,0.530488,,696200,387308,original,original,false,,,true,0,exact_abs_or_rel,SKIP
t2d_q4_A_16.mtx,original_lb,original_lb,load_balanced_traversal,ok,none,promoted_fallback,0.0090,0.0074,1.677778,1.000000,,696200,97240,original,original,false,0,0,true,0,exact_abs_or_rel,SKIP
t2d_q4_A_16.mtx,auto_lossless_lb,original_lb,load_balanced_traversal,ok,none,promoted_fallback,0.0071,0.0060,2.126761,1.267606,,696200,97240,auto_lossless,original,true,87025,696200,true,0,exact_abs_or_rel,SKIP
t2d_q4_A_16.mtx,fp16_lb,fp16_lb,controlled_lossy_value_specialized,ok,none,accuracy_pass_runtime_win,0.0077,0.0059,1.961039,1.168831,,174050,97240,fp16,fp16,false,0,0,false,0,spmv_max_rel,SKIP
t2d_q4_A_16.mtx,bf16_lb,bf16_lb,controlled_lossy_value_specialized,ok,none,accuracy_pass_runtime_win,0.0083,0.0068,1.819277,1.084337,,174050,97240,bf16,bf16,false,0,0,false,0,spmv_max_rel,SKIP
t2d_q4_A_16.mtx,bfp8_lb,bfp8_lb,controlled_lossy_value_specialized,ok,none,accuracy_pass_runtime_win,0.0083,0.0072,1.819277,1.084337,,111335,97240,bfp8,bfp8,false,0,0,false,0,spmv_max_rel,SKIP
t2d_q4_A_16.mtx,bfp8_outlier_lb,bfp8_outlier_lb,controlled_lossy_value_specialized,ok,none,accuracy_pass_runtime_loss,0.0102,0.0085,1.480392,0.882353,,118295,97240,bfp8_outlier,bfp8_outlier,false,0,0,false,0,spmv_max_rel,SKIP
t2d_q4_A_16.mtx,bfp4_lb,bfp4_lb,controlled_lossy_value_specialized,ok,none,accuracy_pass_runtime_win,0.0087,0.0071,1.735632,1.034483,,67823,97240,bfp4,bfp4,false,0,0,false,0,spmv_max_rel,SKIP
t2d_q4_A_16.mtx,hybrid_lb,hybrid_lb,structural_hybrid,ok,none,promoted_fallback,0.0077,0.0067,1.961039,1.168831,,696200,,original,raw_double,false,,,1,0,exact_abs_or_rel,SKIP
t2d_q4_A_16.mtx,cusparse_default,cusparse_csr,external_baseline,ok,none,external_baseline,0.0151,0.0123,1.000000,0.596026,,696200,387308,original,original,false,,,true,0,exact_abs_or_rel,SKIP
t2d_q4_A_24.mtx,original_lb,original_lb,load_balanced_traversal,ok,none,promoted_fallback,0.0076,0.0060,1.921053,1.000000,,696200,97240,original,original,false,0,0,true,0,exact_abs_or_rel,SKIP
t2d_q4_A_24.mtx,auto_lossless_lb,original_lb,load_balanced_traversal,ok,none,promoted_fallback,0.0060,0.0052,2.433333,1.266667,,696200,97240,auto_lossless,original,true,87025,696200,true,0,exact_abs_or_rel,SKIP
t2d_q4_A_24.mtx,fp16_lb,fp16_lb,controlled_lossy_value_specialized,ok,none,accuracy_pass_runtime_loss,0.0079,0.0071,1.848101,0.962025,,174050,97240,fp16,fp16,false,0,0,false,0,spmv_max_rel,SKIP
t2d_q4_A_24.mtx,bf16_lb,bf16_lb,controlled_lossy_value_specialized,ok,none,accuracy_pass_runtime_loss,0.0077,0.0069,1.896104,0.987013,,174050,97240,bf16,bf16,false,0,0,false,0,spmv_max_rel,SKIP
t2d_q4_A_24.mtx,bfp8_lb,bfp8_lb,controlled_lossy_value_specialized,ok,none,accuracy_pass_runtime_win,0.0075,0.0057,1.946667,1.013333,,111335,97240,bfp8,bfp8,false,0,0,false,0,spmv_max_rel,SKIP
t2d_q4_A_24.mtx,bfp8_outlier_lb,bfp8_outlier_lb,controlled_lossy_value_specialized,ok,none,accuracy_pass_runtime_loss,0.0088,0.0075,1.659091,0.863636,,118295,97240,bfp8_outlier,bfp8_outlier,false,0,0,false,0,spmv_max_rel,SKIP
t2d_q4_A_24.mtx,bfp4_lb,bfp4_lb,controlled_lossy_value_specialized,ok,none,accuracy_pass_runtime_loss,0.0076,0.0064,1.921053,1.000000,,67823,97240,bfp4,bfp4,false,0,0,false,0,spmv_max_rel,SKIP
t2d_q4_A_24.mtx,hybrid_lb,hybrid_lb,structural_hybrid,ok,none,promoted_fallback,0.0074,0.0055,1.972973,1.027027,,696200,,original,raw_double,false,,,1,0,exact_abs_or_rel,SKIP
t2d_q4_A_24.mtx,cusparse_default,cusparse_csr,external_baseline,ok,none,external_baseline,0.0146,0.0123,1.000000,0.520548,,696200,387308,original,original,false,,,true,0,exact_abs_or_rel,SKIP
t2d_q4_A_32.mtx,original_lb,original_lb,load_balanced_traversal,ok,none,promoted_fallback,0.0082,0.0072,1.817073,1.000000,,696200,97240,original,original,false,0,0,true,0,exact_abs_or_rel,SKIP
t2d_q4_A_32.mtx,auto_lossless_lb,original_lb,load_balanced_traversal,ok,none,promoted_fallback,0.0071,0.0056,2.098592,1.154930,,696200,97240,auto_lossless,original,true,87025,696200,true,0,exact_abs_or_rel,SKIP
t2d_q4_A_32.mtx,fp16_lb,fp16_lb,controlled_lossy_value_specialized,ok,none,accuracy_pass_runtime_loss,0.0082,0.0070,1.817073,1.000000,,174050,97240,fp16,fp16,false,0,0,false,0,spmv_max_rel,SKIP
t2d_q4_A_32.mtx,bf16_lb,bf16_lb,controlled_lossy_value_specialized,ok,none,accuracy_pass_runtime_win,0.0078,0.0071,1.910256,1.051282,,174050,97240,bf16,bf16,false,0,0,false,0,spmv_max_rel,SKIP
t2d_q4_A_32.mtx,bfp8_lb,bfp8_lb,controlled_lossy_value_specialized,ok,none,accuracy_pass_runtime_loss,0.0082,0.0065,1.817073,1.000000,,111335,97240,bfp8,bfp8,false,0,0,false,0,spmv_max_rel,SKIP
t2d_q4_A_32.mtx,bfp8_outlier_lb,bfp8_outlier_lb,controlled_lossy_value_specialized,ok,none,accuracy_pass_runtime_loss,0.0090,0.0076,1.655556,0.911111,,118295,97240,bfp8_outlier,bfp8_outlier,false,0,0,false,0,spmv_max_rel,SKIP
t2d_q4_A_32.mtx,bfp4_lb,bfp4_lb,controlled_lossy_value_specialized,ok,none,accuracy_pass_runtime_win,0.0073,0.0063,2.041096,1.123288,,67823,97240,bfp4,bfp4,false,0,0,false,0,spmv_max_rel,SKIP
t2d_q4_A_32.mtx,hybrid_lb,hybrid_lb,structural_hybrid,ok,none,promoted_fallback,0.0071,0.0052,2.098592,1.154930,,696200,,original,raw_double,false,,,1,0,exact_abs_or_rel,SKIP
t2d_q4_A_32.mtx,cusparse_default,cusparse_csr,external_baseline,ok,none,external_baseline,0.0149,0.0123,1.000000,0.550336,,696200,387308,original,original,false,,,true,0,exact_abs_or_rel,SKIP
t2d_q4_A_40.mtx,original_lb,original_lb,load_balanced_traversal,ok,none,promoted_fallback,0.0074,0.0059,2.324324,1.000000,,696200,97240,original,original,false,0,0,true,0,exact_abs_or_rel,SKIP
t2d_q4_A_40.mtx,auto_lossless_lb,original_lb,load_balanced_traversal,ok,none,promoted_fallback,0.0072,0.0052,2.388889,1.027778,,696200,97240,auto_lossless,original,true,87025,696200,true,0,exact_abs_or_rel,SKIP
t2d_q4_A_40.mtx,fp16_lb,fp16_lb,controlled_lossy_value_specialized,ok,none,accuracy_pass_runtime_loss,0.0078,0.0070,2.205128,0.948718,,174050,97240,fp16,fp16,false,0,0,false,0,spmv_max_rel,SKIP
t2d_q4_A_40.mtx,bf16_lb,bf16_lb,controlled_lossy_value_specialized,ok,none,accuracy_pass_runtime_loss,0.0079,0.0070,2.177215,0.936709,,174050,97240,bf16,bf16,false,0,0,false,0,spmv_max_rel,SKIP
t2d_q4_A_40.mtx,bfp8_lb,bfp8_lb,controlled_lossy_value_specialized,ok,none,accuracy_pass_runtime_loss,0.0078,0.0067,2.205128,0.948718,,111335,97240,bfp8,bfp8,false,0,0,false,0,spmv_max_rel,SKIP
t2d_q4_A_40.mtx,bfp8_outlier_lb,bfp8_outlier_lb,controlled_lossy_value_specialized,ok,none,accuracy_pass_runtime_loss,0.0100,0.0073,1.720000,0.740000,,118295,97240,bfp8_outlier,bfp8_outlier,false,0,0,false,0,spmv_max_rel,SKIP
t2d_q4_A_40.mtx,bfp4_lb,bfp4_lb,controlled_lossy_value_specialized,ok,none,accuracy_pass_runtime_win,0.0070,0.0062,2.457143,1.057143,,67823,97240,bfp4,bfp4,false,0,0,false,0,spmv_max_rel,SKIP
t2d_q4_A_40.mtx,hybrid_lb,hybrid_lb,structural_hybrid,ok,none,promoted_fallback,0.0075,0.0058,2.293333,0.986667,,696200,,original,raw_double,false,,,1,0,exact_abs_or_rel,SKIP
t2d_q4_A_40.mtx,cusparse_default,cusparse_csr,external_baseline,ok,none,external_baseline,0.0172,0.0137,1.000000,0.430233,,696200,387308,original,original,false,,,true,0,exact_abs_or_rel,SKIP
t2d_q9_A_02.mtx,original_lb,original_lb,load_balanced_traversal,ok,none,promoted_fallback,0.0079,0.0071,1.797468,1.000000,,696200,97240,original,original,false,0,0,true,0,exact_abs_or_rel,SKIP
t2d_q9_A_02.mtx,auto_lossless_lb,original_lb,load_balanced_traversal,ok,none,promoted_fallback,0.0080,0.0064,1.775000,0.987500,,696200,97240,auto_lossless,original,true,87025,696200,true,0,exact_abs_or_rel,SKIP
t2d_q9_A_02.mtx,fp16_lb,fp16_lb,controlled_lossy_value_specialized,ok,none,accuracy_pass_runtime_loss,0.0080,0.0061,1.775000,0.987500,,174050,97240,fp16,fp16,false,0,0,false,0,spmv_max_rel,SKIP
t2d_q9_A_02.mtx,bf16_lb,bf16_lb,controlled_lossy_value_specialized,ok,none,accuracy_pass_runtime_win,0.0070,0.0059,2.028571,1.128571,,174050,97240,bf16,bf16,false,0,0,false,0,spmv_max_rel,SKIP
t2d_q9_A_02.mtx,bfp8_lb,bfp8_lb,controlled_lossy_value_specialized,ok,none,accuracy_pass_runtime_win,0.0068,0.0057,2.088235,1.161765,,111335,97240,bfp8,bfp8,false,0,0,false,0,spmv_max_rel,SKIP
t2d_q9_A_02.mtx,bfp8_outlier_lb,bfp8_outlier_lb,controlled_lossy_value_specialized,ok,none,accuracy_pass_runtime_loss,0.0090,0.0074,1.577778,0.877778,,118295,97240,bfp8_outlier,bfp8_outlier,false,0,0,false,0,spmv_max_rel,SKIP
t2d_q9_A_02.mtx,bfp4_lb,bfp4_lb,controlled_lossy_value_specialized,ok,none,accuracy_pass_runtime_win,0.0072,0.0068,1.972222,1.097222,,67823,97240,bfp4,bfp4,false,0,0,false,0,spmv_max_rel,SKIP
t2d_q9_A_02.mtx,hybrid_lb,hybrid_lb,structural_hybrid,ok,none,promoted_fallback,0.0078,0.0055,1.820513,1.012821,,696200,,original,raw_double,false,,,1,0,exact_abs_or_rel,SKIP
t2d_q9_A_02.mtx,cusparse_default,cusparse_csr,external_baseline,ok,none,external_baseline,0.0142,0.0123,1.000000,0.556338,,696200,387308,original,original,false,,,true,0,exact_abs_or_rel,SKIP
t2d_q9_A_10.mtx,original_lb,original_lb,load_balanced_traversal,ok,none,promoted_fallback,0.0078,0.0068,1.858974,1.000000,,696200,97240,original,original,false,0,0,true,0,exact_abs_or_rel,SKIP
t2d_q9_A_10.mtx,auto_lossless_lb,original_lb,load_balanced_traversal,ok,none,promoted_fallback,0.0077,0.0072,1.883117,1.012987,,696200,97240,auto_lossless,original,true,87025,696200,true,0,exact_abs_or_rel,SKIP
t2d_q9_A_10.mtx,fp16_lb,fp16_lb,controlled_lossy_value_specialized,ok,none,accuracy_pass_runtime_loss,0.0123,0.0104,1.178862,0.634146,,174050,97240,fp16,fp16,false,0,0,false,0,spmv_max_rel,SKIP
t2d_q9_A_10.mtx,bf16_lb,bf16_lb,controlled_lossy_value_specialized,ok,none,accuracy_pass_runtime_win,0.0071,0.0060,2.042254,1.098592,,174050,97240,bf16,bf16,false,0,0,false,0,spmv_max_rel,SKIP
t2d_q9_A_10.mtx,bfp8_lb,bfp8_lb,controlled_lossy_value_specialized,ok,none,accuracy_pass_runtime_win,0.0077,0.0057,1.883117,1.012987,,111335,97240,bfp8,bfp8,false,0,0,false,0,spmv_max_rel,SKIP
t2d_q9_A_10.mtx,bfp8_outlier_lb,bfp8_outlier_lb,controlled_lossy_value_specialized,ok,none,accuracy_pass_runtime_loss,0.0086,0.0073,1.686047,0.906977,,118295,97240,bfp8_outlier,bfp8_outlier,false,0,0,false,0,spmv_max_rel,SKIP
t2d_q9_A_10.mtx,bfp4_lb,bfp4_lb,controlled_lossy_value_specialized,ok,none,accuracy_pass_runtime_win,0.0071,0.0067,2.042254,1.098592,,67823,97240,bfp4,bfp4,false,0,0,false,0,spmv_max_rel,SKIP
t2d_q9_A_10.mtx,hybrid_lb,hybrid_lb,structural_hybrid,ok,none,promoted_fallback,0.0077,0.0056,1.883117,1.012987,,696200,,original,raw_double,false,,,1,0,exact_abs_or_rel,SKIP
t2d_q9_A_10.mtx,cusparse_default,cusparse_csr,external_baseline,ok,none,external_baseline,0.0145,0.0123,1.000000,0.537931,,696200,387308,original,original,false,,,true,0,exact_abs_or_rel,SKIP
t2d_q9_A_18.mtx,original_lb,original_lb,load_balanced_traversal,ok,none,promoted_fallback,0.0077,0.0057,1.753247,1.000000,,696200,97240,original,original,false,0,0,true,0,exact_abs_or_rel,SKIP
t2d_q9_A_18.mtx,auto_lossless_lb,original_lb,load_balanced_traversal,ok,none,promoted_fallback,0.0069,0.0052,1.956522,1.115942,,696200,97240,auto_lossless,original,true,87025,696200,true,0,exact_abs_or_rel,SKIP
t2d_q9_A_18.mtx,fp16_lb,fp16_lb,controlled_lossy_value_specialized,ok,none,accuracy_pass_runtime_win,0.0076,0.0057,1.776316,1.013158,,174050,97240,fp16,fp16,false,0,0,false,0,spmv_max_rel,SKIP
t2d_q9_A_18.mtx,bf16_lb,bf16_lb,controlled_lossy_value_specialized,ok,none,accuracy_pass_runtime_loss,0.0079,0.0071,1.708861,0.974684,,174050,97240,bf16,bf16,false,0,0,false,0,spmv_max_rel,SKIP
t2d_q9_A_18.mtx,bfp8_lb,bfp8_lb,controlled_lossy_value_specialized,ok,none,accuracy_pass_runtime_win,0.0071,0.0058,1.901408,1.084507,,111335,97240,bfp8,bfp8,false,0,0,false,0,spmv_max_rel,SKIP
t2d_q9_A_18.mtx,bfp8_outlier_lb,bfp8_outlier_lb,controlled_lossy_value_specialized,ok,none,accuracy_pass_runtime_loss,0.0094,0.0080,1.436170,0.819149,,118295,97240,bfp8_outlier,bfp8_outlier,false,0,0,false,0,spmv_max_rel,SKIP
t2d_q9_A_18.mtx,bfp4_lb,bfp4_lb,controlled_lossy_value_specialized,ok,none,accuracy_pass_runtime_loss,0.0089,0.0076,1.516854,0.865169,,67823,97240,bfp4,bfp4,false,0,0,false,0,spmv_max_rel,SKIP
t2d_q9_A_18.mtx,hybrid_lb,hybrid_lb,structural_hybrid,ok,none,promoted_fallback,0.0068,0.0053,1.985294,1.132353,,696200,,original,raw_double,false,,,1,0,exact_abs_or_rel,SKIP
t2d_q9_A_18.mtx,cusparse_default,cusparse_csr,external_baseline,ok,none,external_baseline,0.0135,0.0123,1.000000,0.570370,,696200,387308,original,original,false,,,true,0,exact_abs_or_rel,SKIP
t2d_q9_A_26.mtx,original_lb,original_lb,load_balanced_traversal,ok,none,promoted_fallback,0.0071,0.0059,1.985915,1.000000,,696200,97240,original,original,false,0,0,true,0,exact_abs_or_rel,SKIP
t2d_q9_A_26.mtx,auto_lossless_lb,original_lb,load_balanced_traversal,ok,none,promoted_fallback,0.0084,0.0073,1.678571,0.845238,,696200,97240,auto_lossless,original,true,87025,696200,true,0,exact_abs_or_rel,SKIP
t2d_q9_A_26.mtx,fp16_lb,fp16_lb,controlled_lossy_value_specialized,ok,none,accuracy_pass_runtime_loss,0.0079,0.0071,1.784810,0.898734,,174050,97240,fp16,fp16,false,0,0,false,0,spmv_max_rel,SKIP
t2d_q9_A_26.mtx,bf16_lb,bf16_lb,controlled_lossy_value_specialized,ok,none,accuracy_pass_runtime_loss,0.0121,0.0114,1.165289,0.586777,,174050,97240,bf16,bf16,false,0,0,false,0,spmv_max_rel,SKIP
t2d_q9_A_26.mtx,bfp8_lb,bfp8_lb,controlled_lossy_value_specialized,ok,none,accuracy_pass_runtime_loss,0.0082,0.0069,1.719512,0.865854,,111335,97240,bfp8,bfp8,false,0,0,false,0,spmv_max_rel,SKIP
t2d_q9_A_26.mtx,bfp8_outlier_lb,bfp8_outlier_lb,controlled_lossy_value_specialized,ok,none,accuracy_pass_runtime_loss,0.0091,0.0069,1.549451,0.780220,,118295,97240,bfp8_outlier,bfp8_outlier,false,0,0,false,0,spmv_max_rel,SKIP
t2d_q9_A_26.mtx,bfp4_lb,bfp4_lb,controlled_lossy_value_specialized,ok,none,accuracy_pass_runtime_loss,0.0071,0.0062,1.985915,1.000000,,67823,97240,bfp4,bfp4,false,0,0,false,0,spmv_max_rel,SKIP
t2d_q9_A_26.mtx,hybrid_lb,hybrid_lb,structural_hybrid,ok,none,promoted_fallback,0.0072,0.0054,1.958333,0.986111,,696200,,original,raw_double,false,,,1,0,exact_abs_or_rel,SKIP
t2d_q9_A_26.mtx,cusparse_default,cusparse_csr,external_baseline,ok,none,external_baseline,0.0141,0.0123,1.000000,0.503546,,696200,387308,original,original,false,,,true,0,exact_abs_or_rel,SKIP
t2d_q9_A_34.mtx,original_lb,original_lb,load_balanced_traversal,ok,none,promoted_fallback,0.0070,0.0058,2.142857,1.000000,,696200,97240,original,original,false,0,0,true,0,exact_abs_or_rel,SKIP
t2d_q9_A_34.mtx,auto_lossless_lb,original_lb,load_balanced_traversal,ok,none,promoted_fallback,0.0080,0.0066,1.875000,0.875000,,696200,97240,auto_lossless,original,true,87025,696200,true,0,exact_abs_or_rel,SKIP
t2d_q9_A_34.mtx,fp16_lb,fp16_lb,controlled_lossy_value_specialized,ok,none,accuracy_pass_runtime_loss,0.0072,0.0069,2.083333,0.972222,,174050,97240,fp16,fp16,false,0,0,false,0,spmv_max_rel,SKIP
t2d_q9_A_34.mtx,bf16_lb,bf16_lb,controlled_lossy_value_specialized,ok,none,accuracy_pass_runtime_loss,0.0075,0.0059,2.000000,0.933333,,174050,97240,bf16,bf16,false,0,0,false,0,spmv_max_rel,SKIP
t2d_q9_A_34.mtx,bfp8_lb,bfp8_lb,controlled_lossy_value_specialized,ok,none,accuracy_pass_runtime_loss,0.0076,0.0057,1.973684,0.921053,,111335,97240,bfp8,bfp8,false,0,0,false,0,spmv_max_rel,SKIP
t2d_q9_A_34.mtx,bfp8_outlier_lb,bfp8_outlier_lb,controlled_lossy_value_specialized,ok,none,accuracy_pass_runtime_loss,0.0095,0.0081,1.578947,0.736842,,118295,97240,bfp8_outlier,bfp8_outlier,false,0,0,false,0,spmv_max_rel,SKIP
t2d_q9_A_34.mtx,bfp4_lb,bfp4_lb,controlled_lossy_value_specialized,ok,none,accuracy_pass_runtime_loss,0.0089,0.0082,1.685393,0.786517,,67823,97240,bfp4,bfp4,false,0,0,false,0,spmv_max_rel,SKIP
t2d_q9_A_34.mtx,hybrid_lb,hybrid_lb,structural_hybrid,ok,none,promoted_fallback,0.0078,0.0056,1.923077,0.897436,,696200,,original,raw_double,false,,,1,0,exact_abs_or_rel,SKIP
t2d_q9_A_34.mtx,cusparse_default,cusparse_csr,external_baseline,ok,none,external_baseline,0.0150,0.0123,1.000000,0.466667,,696200,387308,original,original,false,,,true,0,exact_abs_or_rel,SKIP
t2d_q9_A_42.mtx,original_lb,original_lb,load_balanced_traversal,ok,none,promoted_fallback,0.0080,0.0067,1.825000,1.000000,,696200,97240,original,original,false,0,0,true,0,exact_abs_or_rel,SKIP
t2d_q9_A_42.mtx,auto_lossless_lb,original_lb,load_balanced_traversal,ok,none,promoted_fallback,0.0071,0.0052,2.056338,1.126761,,696200,97240,auto_lossless,original,true,87025,696200,true,0,exact_abs_or_rel,SKIP
t2d_q9_A_42.mtx,fp16_lb,fp16_lb,controlled_lossy_value_specialized,ok,none,accuracy_pass_runtime_win,0.0078,0.0060,1.871795,1.025641,,174050,97240,fp16,fp16,false,0,0,false,0,spmv_max_rel,SKIP
t2d_q9_A_42.mtx,bf16_lb,bf16_lb,controlled_lossy_value_specialized,ok,none,accuracy_pass_runtime_win,0.0078,0.0073,1.871795,1.025641,,174050,97240,bf16,bf16,false,0,0,false,0,spmv_max_rel,SKIP
t2d_q9_A_42.mtx,bfp8_lb,bfp8_lb,controlled_lossy_value_specialized,ok,none,accuracy_pass_runtime_win,0.0072,0.0058,2.027778,1.111111,,111335,97240,bfp8,bfp8,false,0,0,false,0,spmv_max_rel,SKIP
t2d_q9_A_42.mtx,bfp8_outlier_lb,bfp8_outlier_lb,controlled_lossy_value_specialized,ok,none,accuracy_pass_runtime_loss,0.0091,0.0075,1.604396,0.879121,,118295,97240,bfp8_outlier,bfp8_outlier,false,0,0,false,0,spmv_max_rel,SKIP
t2d_q9_A_42.mtx,bfp4_lb,bfp4_lb,controlled_lossy_value_specialized,ok,none,accuracy_pass_runtime_win,0.0072,0.0065,2.027778,1.111111,,67823,97240,bfp4,bfp4,false,0,0,false,0,spmv_max_rel,SKIP
t2d_q9_A_42.mtx,hybrid_lb,hybrid_lb,structural_hybrid,ok,none,promoted_fallback,0.0079,0.0062,1.848101,1.012658,,696200,,original,raw_double,false,,,1,0,exact_abs_or_rel,SKIP
t2d_q9_A_42.mtx,cusparse_default,cusparse_csr,external_baseline,ok,none,external_baseline,0.0146,0.0123,1.000000,0.547945,,696200,387308,original,original,false,,,true,0,exact_abs_or_rel,SKIP
t2dal.mtx,original_lb,original_lb,load_balanced_traversal,ok,none,promoted_fallback,0.0094,0.0068,1.585106,1.000000,,299720,48576,original,original,false,0,0,true,0,exact_abs_or_rel,SKIP
t2dal.mtx,auto_lossless_lb,original_lb,load_balanced_traversal,ok,none,promoted_fallback,0.0090,0.0073,1.655556,1.044444,,299720,48576,auto_lossless,original,true,18376,299720,true,0,exact_abs_or_rel,SKIP
t2dal.mtx,fp16_lb,fp16_lb,controlled_lossy_value_specialized,ok,none,accuracy_pass_runtime_win,0.0080,0.0069,1.862500,1.175000,,74930,48576,fp16,fp16,false,0,0,false,0,spmv_max_rel,SKIP
t2dal.mtx,bf16_lb,bf16_lb,controlled_lossy_value_specialized,ok,none,accuracy_pass_runtime_win,0.0083,0.0064,1.795181,1.132530,,74930,48576,bf16,bf16,false,0,0,false,0,spmv_max_rel,SKIP
t2dal.mtx,bfp8_lb,bfp8_lb,controlled_lossy_value_specialized,ok,none,accuracy_pass_runtime_loss,0.0098,0.0080,1.520408,0.959184,,49609,48576,bfp8,bfp8,false,0,0,false,0,spmv_max_rel,SKIP
t2dal.mtx,bfp8_outlier_lb,bfp8_outlier_lb,controlled_lossy_value_specialized,ok,none,accuracy_pass_runtime_loss,0.0106,0.0092,1.405660,0.886792,,52601,48576,bfp8_outlier,bfp8_outlier,false,0,0,false,0,spmv_max_rel,SKIP
t2dal.mtx,bfp4_lb,bfp4_lb,controlled_lossy_value_specialized,ok,none,accuracy_pass_runtime_loss,0.0095,0.0084,1.568421,0.989474,,30877,48576,bfp4,bfp4,false,0,0,false,0,spmv_max_rel,SKIP
t2dal.mtx,hybrid_lb,hybrid_lb,structural_hybrid,ok,none,promoted_fallback,0.0084,0.0063,1.773810,1.119048,,299720,,original,raw_double,false,,,1,0,exact_abs_or_rel,SKIP
t2dal.mtx,cusparse_default,cusparse_csr,external_baseline,ok,none,external_baseline,0.0149,0.0123,1.000000,0.630872,,299720,166892,original,original,false,,,true,0,exact_abs_or_rel,SKIP
t2dal_bci_Atop.mtx,original_lb,original_lb,load_balanced_traversal,ok,none,promoted_fallback,0.0058,0.0050,2.448276,1.000000,,888,808,original,original,false,0,0,true,0,exact_abs_or_rel,SKIP
t2dal_bci_Atop.mtx,auto_lossless_lb,original_lb,load_balanced_traversal,ok,none,promoted_fallback,0.0062,0.0060,2.290323,0.935484,,888,808,auto_lossless,original,true,107,888,true,0,exact_abs_or_rel,SKIP
t2dal_bci_Atop.mtx,fp16_lb,fp16_lb,controlled_lossy_value_specialized,ok,none,accuracy_pass_runtime_loss,0.0059,0.0050,2.406780,0.983051,,222,808,fp16,fp16,false,0,0,false,0,spmv_max_rel,SKIP
t2dal_bci_Atop.mtx,bf16_lb,bf16_lb,controlled_lossy_value_specialized,ok,none,accuracy_pass_runtime_loss,0.0059,0.0048,2.406780,0.983051,,222,808,bf16,bf16,false,0,0,false,0,spmv_max_rel,SKIP
t2dal_bci_Atop.mtx,bfp8_lb,bfp8_lb,controlled_lossy_value_specialized,ok,none,accuracy_pass_runtime_win,0.0053,0.0042,2.679245,1.094340,,313,808,bfp8,bfp8,false,0,0,false,0,spmv_max_rel,SKIP
t2dal_bci_Atop.mtx,bfp8_outlier_lb,bfp8_outlier_lb,controlled_lossy_value_specialized,ok,none,accuracy_pass_runtime_win,0.0052,0.0040,2.730769,1.115385,,313,808,bfp8_outlier,bfp8_outlier,false,0,0,false,0,spmv_max_rel,SKIP
t2dal_bci_Atop.mtx,bfp4_lb,bfp4_lb,controlled_lossy_value_specialized,ok,none,accuracy_pass_runtime_win,0.0051,0.0046,2.784314,1.137255,,258,808,bfp4,bfp4,false,0,0,false,0,spmv_max_rel,SKIP
t2dal_bci_Atop.mtx,hybrid_lb,hybrid_lb,structural_hybrid,ok,none,promoted_fallback,0.0058,0.0046,2.448276,1.000000,,888,,original,raw_double,false,,,1,0,exact_abs_or_rel,SKIP
t2dal_bci_Atop.mtx,cusparse_default,cusparse_csr,external_baseline,ok,none,external_baseline,0.0142,0.0123,1.000000,0.408451,,888,17476,original,original,false,,,true,0,exact_abs_or_rel,SKIP
test1.mtx,original_lb,original_lb,load_balanced_traversal,ok,none,promoted_fallback,0.3625,0.3602,0.219586,1.000000,,75580280,60862064,original,original,false,0,0,true,0,exact_abs_or_rel,SKIP
test1.mtx,auto_lossless_lb,original_lb,load_balanced_traversal,ok,none,promoted_fallback,0.3633,0.3595,0.219103,0.997798,,75580280,60862064,auto_lossless,original,true,4325378,75580280,true,0,exact_abs_or_rel,SKIP
test1.mtx,fp16_lb,fp16_lb,controlled_lossy_value_specialized,ok,none,accuracy_pass_runtime_win,0.3090,0.3060,0.257605,1.173139,,18895070,60862064,fp16,fp16,false,0,0,false,0,spmv_max_rel,SKIP
test1.mtx,bf16_lb,bf16_lb,controlled_lossy_value_specialized,ok,none,accuracy_pass_runtime_win,0.3097,0.3064,0.257023,1.170488,,18895070,60862064,bf16,bf16,false,0,0,false,0,spmv_max_rel,SKIP
test1.mtx,bfp8_lb,bfp8_lb,controlled_lossy_value_specialized,ok,none,accuracy_pass_runtime_win,0.3108,0.3076,0.256113,1.166345,,24663051,60862064,bfp8,bfp8,false,0,0,false,0,spmv_max_rel,SKIP
test1.mtx,bfp8_outlier_lb,bfp8_outlier_lb,controlled_lossy_value_specialized,ok,none,accuracy_pass_runtime_win,0.3129,0.3102,0.254394,1.158517,,25418843,60862064,bfp8_outlier,bfp8_outlier,false,0,0,false,0,spmv_max_rel,SKIP
test1.mtx,bfp4_lb,bfp4_lb,controlled_lossy_value_specialized,ok,none,accuracy_pass_runtime_win,0.3184,0.3162,0.250000,1.138505,,19939284,60862064,bfp4,bfp4,false,0,0,false,0,spmv_max_rel,SKIP
test1.mtx,hybrid_lb,hybrid_lb,structural_hybrid,ok,none,promoted_fallback,0.0893,0.0877,0.891377,4.059351,,75580280,,original,raw_double,false,,,1,0,exact_abs_or_rel,SKIP
test1.mtx,cusparse_default,cusparse_csr,external_baseline,ok,none,external_baseline,0.0796,0.0778,1.000000,4.554020,,75580280,39361776,original,original,false,,,true,0,exact_abs_or_rel,SKIP
tomography.mtx,original_lb,original_lb,load_balanced_traversal,ok,none,promoted_fallback,0.0099,0.0091,1.292929,1.000000,,229808,27184,original,original,false,0,0,true,0,exact_abs_or_rel,SKIP
tomography.mtx,auto_lossless_lb,original_lb,load_balanced_traversal,ok,none,promoted_fallback,0.0094,0.0086,1.361702,1.053191,,229808,27184,auto_lossless,original,true,11316,229808,true,0,exact_abs_or_rel,SKIP
tomography.mtx,fp16_lb,fp16_lb,controlled_lossy_value_specialized,ok,none,accuracy_pass_runtime_loss,0.0103,0.0091,1.242718,0.961165,,57452,27184,fp16,fp16,false,0,0,false,0,spmv_max_rel,SKIP
tomography.mtx,bf16_lb,bf16_lb,controlled_lossy_value_specialized,ok,none,accuracy_pass_runtime_win,0.0098,0.0089,1.306122,1.010204,,57452,27184,bf16,bf16,false,0,0,false,0,spmv_max_rel,SKIP
tomography.mtx,bfp8_lb,bfp8_lb,controlled_lossy_value_specialized,ok,none,accuracy_pass_runtime_win,0.0094,0.0086,1.361702,1.053191,,35522,27184,bfp8,bfp8,false,0,0,false,0,spmv_max_rel,SKIP
tomography.mtx,bfp8_outlier_lb,bfp8_outlier_lb,controlled_lossy_value_specialized,ok,none,accuracy_pass_runtime_loss,0.0124,0.0098,1.032258,0.798387,,37618,27184,bfp8_outlier,bfp8_outlier,false,0,0,false,0,spmv_max_rel,SKIP
tomography.mtx,bfp4_lb,bfp4_lb,controlled_lossy_value_specialized,ok,none,accuracy_pass_runtime_loss,0.0147,0.0132,0.870748,0.673469,,21159,27184,bfp4,bfp4,false,0,0,false,0,spmv_max_rel,SKIP
tomography.mtx,hybrid_lb,hybrid_lb,structural_hybrid,ok,none,promoted_fallback,0.0151,0.0130,0.847682,0.655629,,229808,,original,raw_double,false,,,1,0,exact_abs_or_rel,SKIP
tomography.mtx,cusparse_default,cusparse_csr,external_baseline,ok,none,external_baseline,0.0128,0.0102,1.000000,0.773438,,229808,116908,original,original,false,,,true,0,exact_abs_or_rel,SKIP
tub100.mtx,original_lb,original_lb,load_balanced_traversal,ok,none,promoted_fallback,0.0062,0.0054,1.967742,1.000000,,3168,392,original,original,false,0,0,true,0,exact_abs_or_rel,SKIP
tub100.mtx,auto_lossless_lb,original_lb,load_balanced_traversal,ok,none,promoted_fallback,0.0062,0.0048,1.967742,1.000000,,3168,392,auto_lossless,original,true,203,3168,true,0,exact_abs_or_rel,SKIP
tub100.mtx,fp16_lb,fp16_lb,controlled_lossy_value_specialized,ok,none,accuracy_pass_runtime_loss,0.0075,0.0066,1.626667,0.826667,,792,392,fp16,fp16,false,0,0,false,0,spmv_max_rel,SKIP
tub100.mtx,bf16_lb,bf16_lb,controlled_lossy_value_specialized,ok,none,accuracy_pass_runtime_loss,0.0063,0.0050,1.936508,0.984127,,792,392,bf16,bf16,false,0,0,false,0,spmv_max_rel,SKIP
tub100.mtx,bfp8_lb,bfp8_lb,controlled_lossy_value_specialized,ok,none,accuracy_pass_runtime_loss,0.0077,0.0068,1.584416,0.805195,,494,392,bfp8,bfp8,false,0,0,false,0,spmv_max_rel,SKIP
tub100.mtx,bfp8_outlier_lb,bfp8_outlier_lb,controlled_lossy_value_specialized,ok,none,accuracy_pass_runtime_loss,0.0083,0.0065,1.469880,0.746988,,510,392,bfp8_outlier,bfp8_outlier,false,0,0,false,0,spmv_max_rel,SKIP
tub100.mtx,bfp4_lb,bfp4_lb,controlled_lossy_value_specialized,ok,none,accuracy_pass_runtime_loss,0.0066,0.0050,1.848485,0.939394,,296,392,bfp4,bfp4,false,0,0,false,0,spmv_max_rel,SKIP
tub100.mtx,hybrid_lb,hybrid_lb,structural_hybrid,ok,none,promoted_fallback,0.0071,0.0057,1.718310,0.873239,,3168,,original,raw_double,false,,,1,0,exact_abs_or_rel,SKIP
tub100.mtx,cusparse_default,cusparse_csr,external_baseline,ok,none,external_baseline,0.0122,0.0082,1.000000,0.508197,,3168,1988,original,original,false,,,true,0,exact_abs_or_rel,SKIP
tumorAntiAngiogenesis_3.mtx,original_lb,original_lb,load_balanced_traversal,ok,none,promoted_fallback,0.0094,0.0076,1.340426,1.000000,,31616,5424,original,original,false,0,0,true,0,exact_abs_or_rel,SKIP
tumorAntiAngiogenesis_3.mtx,auto_lossless_lb,original_lb,load_balanced_traversal,ok,none,promoted_fallback,0.0090,0.0073,1.400000,1.044444,,31616,5424,auto_lossless,original,true,1499,31616,true,0,exact_abs_or_rel,SKIP
tumorAntiAngiogenesis_3.mtx,fp16_lb,fp16_lb,controlled_lossy_value_specialized,ok,none,accuracy_pass_runtime_loss,0.0096,0.0092,1.312500,0.979167,,7904,5424,fp16,fp16,false,0,0,false,0,spmv_max_rel,SKIP
tumorAntiAngiogenesis_3.mtx,bf16_lb,bf16_lb,controlled_lossy_value_specialized,ok,none,accuracy_pass_runtime_win,0.0093,0.0083,1.354839,1.010753,,7904,5424,bf16,bf16,false,0,0,false,0,spmv_max_rel,SKIP
tumorAntiAngiogenesis_3.mtx,bfp8_lb,bfp8_lb,controlled_lossy_value_specialized,ok,none,accuracy_pass_runtime_win,0.0092,0.0075,1.369565,1.021739,,5308,5424,bfp8,bfp8,false,0,0,false,0,spmv_max_rel,SKIP
tumorAntiAngiogenesis_3.mtx,bfp8_outlier_lb,bfp8_outlier_lb,controlled_lossy_value_specialized,ok,none,accuracy_pass_runtime_loss,0.0112,0.0100,1.125000,0.839286,,5612,5424,bfp8_outlier,bfp8_outlier,false,0,0,false,0,spmv_max_rel,SKIP
tumorAntiAngiogenesis_3.mtx,bfp4_lb,bfp4_lb,controlled_lossy_value_specialized,ok,none,accuracy_pass_runtime_loss,0.0130,0.0122,0.969231,0.723077,,3332,5424,bfp4,bfp4,false,0,0,false,0,spmv_max_rel,SKIP
tumorAntiAngiogenesis_3.mtx,hybrid_lb,hybrid_lb,structural_hybrid,ok,none,promoted_fallback,0.0079,0.0067,1.594937,1.189873,,31616,,original,raw_double,false,,,1,0,exact_abs_or_rel,SKIP
tumorAntiAngiogenesis_3.mtx,cusparse_default,cusparse_csr,external_baseline,ok,none,external_baseline,0.0126,0.0102,1.000000,0.746032,,31616,17452,original,original,false,,,true,0,exact_abs_or_rel,SKIP
uni_chimera_i1_A_04.mtx,original_lb,original_lb,load_balanced_traversal,ok,none,promoted_fallback,0.0549,0.0536,0.522769,1.000000,,8804736,8191752,original,original,false,0,0,true,0,exact_abs_or_rel,SKIP
uni_chimera_i1_A_04.mtx,auto_lossless_lb,original_lb,load_balanced_traversal,ok,none,promoted_fallback,0.0550,0.0534,0.521818,0.998182,,8804736,8191752,auto_lossless,original,true,597188,8804736,true,0,exact_abs_or_rel,SKIP
uni_chimera_i1_A_04.mtx,fp16_lb,fp16_lb,controlled_lossy_value_specialized,ok,none,accuracy_pass_runtime_win,0.0489,0.0480,0.586912,1.122699,,2201184,8191752,fp16,fp16,false,0,0,false,0,spmv_max_rel,SKIP
uni_chimera_i1_A_04.mtx,bf16_lb,bf16_lb,controlled_lossy_value_specialized,ok,none,accuracy_pass_runtime_win,0.0494,0.0479,0.580972,1.111336,,2201184,8191752,bf16,bf16,false,0,0,false,0,spmv_max_rel,SKIP
uni_chimera_i1_A_04.mtx,bfp8_lb,bfp8_lb,controlled_lossy_value_specialized,ok,none,accuracy_pass_runtime_win,0.0490,0.0476,0.585714,1.120408,,3148530,8191752,bfp8,bfp8,false,0,0,false,0,spmv_max_rel,SKIP
uni_chimera_i1_A_04.mtx,bfp8_outlier_lb,bfp8_outlier_lb,controlled_lossy_value_specialized,ok,none,accuracy_pass_runtime_win,0.0515,0.0498,0.557282,1.066019,,3236562,8191752,bfp8_outlier,bfp8_outlier,false,0,0,false,0,spmv_max_rel,SKIP
uni_chimera_i1_A_04.mtx,bfp4_lb,bfp4_lb,controlled_lossy_value_specialized,ok,none,accuracy_pass_runtime_win,0.0546,0.0529,0.525641,1.005495,,2598234,8191752,bfp4,bfp4,false,0,0,false,0,spmv_max_rel,SKIP
uni_chimera_i1_A_04.mtx,hybrid_lb,hybrid_lb,structural_hybrid,ok,none,promoted_fallback,0.0204,0.0188,1.406863,2.691176,,8804736,,original,raw_double,false,,,1,0,exact_abs_or_rel,SKIP
uni_chimera_i1_A_04.mtx,cusparse_default,cusparse_csr,external_baseline,ok,none,external_baseline,0.0287,0.0266,1.000000,1.912892,,8804736,4802372,original,original,false,,,true,0,exact_abs_or_rel,SKIP
uni_chimera_i1_A_12.mtx,original_lb,original_lb,load_balanced_traversal,ok,none,promoted_fallback,0.0545,0.0537,0.526606,1.000000,,8804736,8191752,original,original,false,0,0,true,0,exact_abs_or_rel,SKIP
uni_chimera_i1_A_12.mtx,auto_lossless_lb,original_lb,load_balanced_traversal,ok,none,promoted_fallback,0.0556,0.0536,0.516187,0.980216,,8804736,8191752,auto_lossless,original,true,597120,8804736,true,0,exact_abs_or_rel,SKIP
uni_chimera_i1_A_12.mtx,fp16_lb,fp16_lb,controlled_lossy_value_specialized,ok,none,accuracy_pass_runtime_win,0.0492,0.0479,0.583333,1.107724,,2201184,8191752,fp16,fp16,false,0,0,false,0,spmv_max_rel,SKIP
uni_chimera_i1_A_12.mtx,bf16_lb,bf16_lb,controlled_lossy_value_specialized,ok,none,accuracy_pass_runtime_win,0.0498,0.0477,0.576305,1.094378,,2201184,8191752,bf16,bf16,false,0,0,false,0,spmv_max_rel,SKIP
uni_chimera_i1_A_12.mtx,bfp8_lb,bfp8_lb,controlled_lossy_value_specialized,ok,none,accuracy_pass_runtime_win,0.0490,0.0477,0.585714,1.112245,,3148530,8191752,bfp8,bfp8,false,0,0,false,0,spmv_max_rel,SKIP
uni_chimera_i1_A_12.mtx,bfp8_outlier_lb,bfp8_outlier_lb,controlled_lossy_value_specialized,ok,none,accuracy_pass_runtime_win,0.0521,0.0502,0.550864,1.046065,,3236562,8191752,bfp8_outlier,bfp8_outlier,false,0,0,false,0,spmv_max_rel,SKIP
uni_chimera_i1_A_12.mtx,bfp4_lb,bfp4_lb,controlled_lossy_value_specialized,ok,none,accuracy_pass_runtime_loss,0.0546,0.0532,0.525641,0.998168,,2598234,8191752,bfp4,bfp4,false,0,0,false,0,spmv_max_rel,SKIP
uni_chimera_i1_A_12.mtx,hybrid_lb,hybrid_lb,structural_hybrid,ok,none,promoted_fallback,0.0205,0.0194,1.400000,2.658537,,8804736,,original,raw_double,false,,,1,0,exact_abs_or_rel,SKIP
uni_chimera_i1_A_12.mtx,cusparse_default,cusparse_csr,external_baseline,ok,none,external_baseline,0.0287,0.0266,1.000000,1.898955,,8804736,4802372,original,original,false,,,true,0,exact_abs_or_rel,SKIP
uni_chimera_i1_A_20.mtx,original_lb,original_lb,load_balanced_traversal,ok,none,promoted_fallback,0.0549,0.0535,0.520947,1.000000,,8804736,8191752,original,original,false,0,0,true,0,exact_abs_or_rel,SKIP
uni_chimera_i1_A_20.mtx,auto_lossless_lb,original_lb,load_balanced_traversal,ok,none,promoted_fallback,0.0551,0.0547,0.519056,0.996370,,8804736,8191752,auto_lossless,original,true,597019,8804736,true,0,exact_abs_or_rel,SKIP
uni_chimera_i1_A_20.mtx,fp16_lb,fp16_lb,controlled_lossy_value_specialized,ok,none,accuracy_pass_runtime_win,0.0495,0.0481,0.577778,1.109091,,2201184,8191752,fp16,fp16,false,0,0,false,0,spmv_max_rel,SKIP
uni_chimera_i1_A_20.mtx,bf16_lb,bf16_lb,controlled_lossy_value_specialized,ok,none,accuracy_pass_runtime_win,0.0491,0.0477,0.582485,1.118126,,2201184,8191752,bf16,bf16,false,0,0,false,0,spmv_max_rel,SKIP
uni_chimera_i1_A_20.mtx,bfp8_lb,bfp8_lb,controlled_lossy_value_specialized,ok,none,accuracy_pass_runtime_win,0.0495,0.0483,0.577778,1.109091,,3148530,8191752,bfp8,bfp8,false,0,0,false,0,spmv_max_rel,SKIP
uni_chimera_i1_A_20.mtx,bfp8_outlier_lb,bfp8_outlier_lb,controlled_lossy_value_specialized,ok,none,accuracy_pass_runtime_win,0.0524,0.0503,0.545802,1.047710,,3236562,8191752,bfp8_outlier,bfp8_outlier,false,0,0,false,0,spmv_max_rel,SKIP
uni_chimera_i1_A_20.mtx,bfp4_lb,bfp4_lb,controlled_lossy_value_specialized,ok,none,accuracy_pass_runtime_win,0.0548,0.0532,0.521898,1.001825,,2598234,8191752,bfp4,bfp4,false,0,0,false,0,spmv_max_rel,SKIP
uni_chimera_i1_A_20.mtx,hybrid_lb,hybrid_lb,structural_hybrid,ok,none,promoted_fallback,0.0205,0.0185,1.395122,2.678049,,8804736,,original,raw_double,false,,,1,0,exact_abs_or_rel,SKIP
uni_chimera_i1_A_20.mtx,cusparse_default,cusparse_csr,external_baseline,ok,none,external_baseline,0.0286,0.0266,1.000000,1.919580,,8804736,4802372,original,original,false,,,true,0,exact_abs_or_rel,SKIP
uni_chimera_i1_A_28.mtx,original_lb,original_lb,load_balanced_traversal,ok,none,promoted_fallback,0.0549,0.0535,0.526412,1.000000,,8804736,8191752,original,original,false,0,0,true,0,exact_abs_or_rel,SKIP
uni_chimera_i1_A_28.mtx,auto_lossless_lb,original_lb,load_balanced_traversal,ok,none,promoted_fallback,0.0548,0.0536,0.527372,1.001825,,8804736,8191752,auto_lossless,original,true,596505,8804736,true,0,exact_abs_or_rel,SKIP
uni_chimera_i1_A_28.mtx,fp16_lb,fp16_lb,controlled_lossy_value_specialized,ok,none,accuracy_pass_runtime_win,0.0497,0.0480,0.581489,1.104628,,2201184,8191752,fp16,fp16,false,0,0,false,0,spmv_max_rel,SKIP
uni_chimera_i1_A_28.mtx,bf16_lb,bf16_lb,controlled_lossy_value_specialized,ok,none,accuracy_pass_runtime_win,0.0495,0.0486,0.583838,1.109091,,2201184,8191752,bf16,bf16,false,0,0,false,0,spmv_max_rel,SKIP
uni_chimera_i1_A_28.mtx,bfp8_lb,bfp8_lb,controlled_lossy_value_specialized,ok,none,accuracy_pass_runtime_win,0.0493,0.0475,0.586207,1.113590,,3148530,8191752,bfp8,bfp8,false,0,0,false,0,spmv_max_rel,SKIP
uni_chimera_i1_A_28.mtx,bfp8_outlier_lb,bfp8_outlier_lb,controlled_lossy_value_specialized,ok,none,accuracy_pass_runtime_win,0.0518,0.0503,0.557915,1.059846,,3236562,8191752,bfp8_outlier,bfp8_outlier,false,0,0,false,0,spmv_max_rel,SKIP
uni_chimera_i1_A_28.mtx,bfp4_lb,bfp4_lb,controlled_lossy_value_specialized,ok,none,accuracy_pass_runtime_win,0.0548,0.0538,0.527372,1.001825,,2598234,8191752,bfp4,bfp4,false,0,0,false,0,spmv_max_rel,SKIP
uni_chimera_i1_A_28.mtx,hybrid_lb,hybrid_lb,structural_hybrid,ok,none,promoted_fallback,0.0205,0.0190,1.409756,2.678049,,8804736,,original,raw_double,false,,,1,0,exact_abs_or_rel,SKIP
uni_chimera_i1_A_28.mtx,cusparse_default,cusparse_csr,external_baseline,ok,none,external_baseline,0.0289,0.0266,1.000000,1.899654,,8804736,4802372,original,original,false,,,true,0,exact_abs_or_rel,SKIP
uni_chimera_i2_A_07.mtx,original_lb,original_lb,load_balanced_traversal,ok,none,promoted_fallback,0.0411,0.0392,0.464720,1.000000,,6383792,5777800,original,original,false,0,0,true,0,exact_abs_or_rel,SKIP
uni_chimera_i2_A_07.mtx,auto_lossless_lb,original_lb,load_balanced_traversal,ok,none,promoted_fallback,0.0411,0.0395,0.464720,1.000000,,6383792,5777800,auto_lossless,original,true,355173,6383792,true,0,exact_abs_or_rel,SKIP
uni_chimera_i2_A_07.mtx,fp16_lb,fp16_lb,controlled_lossy_value_specialized,ok,none,accuracy_pass_runtime_win,0.0373,0.0356,0.512064,1.101877,,1595948,5777800,fp16,fp16,false,0,0,false,0,spmv_max_rel,SKIP
uni_chimera_i2_A_07.mtx,bf16_lb,bf16_lb,controlled_lossy_value_specialized,ok,none,accuracy_pass_runtime_win,0.0380,0.0372,0.502632,1.081579,,1595948,5777800,bf16,bf16,false,0,0,false,0,spmv_max_rel,SKIP
uni_chimera_i2_A_07.mtx,bfp8_lb,bfp8_lb,controlled_lossy_value_specialized,ok,none,accuracy_pass_runtime_win,0.0370,0.0359,0.516216,1.110811,,2242424,5777800,bfp8,bfp8,false,0,0,false,0,spmv_max_rel,SKIP
uni_chimera_i2_A_07.mtx,bfp8_outlier_lb,bfp8_outlier_lb,controlled_lossy_value_specialized,ok,none,accuracy_pass_runtime_win,0.0398,0.0380,0.479899,1.032663,,2306248,5777800,bfp8_outlier,bfp8_outlier,false,0,0,false,0,spmv_max_rel,SKIP
uni_chimera_i2_A_07.mtx,bfp4_lb,bfp4_lb,controlled_lossy_value_specialized,ok,none,accuracy_pass_runtime_loss,0.0424,0.0412,0.450472,0.969340,,1843437,5777800,bfp4,bfp4,false,0,0,false,0,spmv_max_rel,SKIP
uni_chimera_i2_A_07.mtx,hybrid_lb,hybrid_lb,structural_hybrid,ok,none,promoted_fallback,0.0156,0.0148,1.224359,2.634615,,6383792,,original,raw_double,false,,,1,0,exact_abs_or_rel,SKIP
uni_chimera_i2_A_07.mtx,cusparse_default,cusparse_csr,external_baseline,ok,none,external_baseline,0.0191,0.0164,1.000000,2.151832,,6383792,3591900,original,original,false,,,true,0,exact_abs_or_rel,SKIP
uni_chimera_i2_A_15.mtx,original_lb,original_lb,load_balanced_traversal,ok,none,promoted_fallback,0.0408,0.0396,0.497549,1.000000,,6383792,5777800,original,original,false,0,0,true,0,exact_abs_or_rel,SKIP
uni_chimera_i2_A_15.mtx,auto_lossless_lb,original_lb,load_balanced_traversal,ok,none,promoted_fallback,0.0406,0.0395,0.500000,1.004926,,6383792,5777800,auto_lossless,original,true,352932,6383792,true,0,exact_abs_or_rel,SKIP
uni_chimera_i2_A_15.mtx,fp16_lb,fp16_lb,controlled_lossy_value_specialized,ok,none,accuracy_pass_runtime_win,0.0371,0.0353,0.547170,1.099730,,1595948,5777800,fp16,fp16,false,0,0,false,0,spmv_max_rel,SKIP
uni_chimera_i2_A_15.mtx,bf16_lb,bf16_lb,controlled_lossy_value_specialized,ok,none,accuracy_pass_runtime_win,0.0369,0.0354,0.550136,1.105691,,1595948,5777800,bf16,bf16,false,0,0,false,0,spmv_max_rel,SKIP
uni_chimera_i2_A_15.mtx,bfp8_lb,bfp8_lb,controlled_lossy_value_specialized,ok,none,accuracy_pass_runtime_win,0.0373,0.0357,0.544236,1.093834,,2242424,5777800,bfp8,bfp8,false,0,0,false,0,spmv_max_rel,SKIP
uni_chimera_i2_A_15.mtx,bfp8_outlier_lb,bfp8_outlier_lb,controlled_lossy_value_specialized,ok,none,accuracy_pass_runtime_win,0.0394,0.0380,0.515228,1.035533,,2306248,5777800,bfp8_outlier,bfp8_outlier,false,0,0,false,0,spmv_max_rel,SKIP
uni_chimera_i2_A_15.mtx,bfp4_lb,bfp4_lb,controlled_lossy_value_specialized,ok,none,accuracy_pass_runtime_loss,0.0428,0.0419,0.474299,0.953271,,1843437,5777800,bfp4,bfp4,false,0,0,false,0,spmv_max_rel,SKIP
uni_chimera_i2_A_15.mtx,hybrid_lb,hybrid_lb,structural_hybrid,ok,none,promoted_fallback,0.0161,0.0147,1.260870,2.534161,,6383792,,original,raw_double,false,,,1,0,exact_abs_or_rel,SKIP
uni_chimera_i2_A_15.mtx,cusparse_default,cusparse_csr,external_baseline,ok,none,external_baseline,0.0203,0.0164,1.000000,2.009852,,6383792,3591900,original,original,false,,,true,0,exact_abs_or_rel,SKIP
uni_chimera_i2_A_23.mtx,original_lb,original_lb,load_balanced_traversal,ok,none,promoted_fallback,0.0408,0.0392,0.473039,1.000000,,6383792,5777800,original,original,false,0,0,true,0,exact_abs_or_rel,SKIP
uni_chimera_i2_A_23.mtx,auto_lossless_lb,original_lb,load_balanced_traversal,ok,none,promoted_fallback,0.0410,0.0399,0.470732,0.995122,,6383792,5777800,auto_lossless,original,true,349410,6383792,true,0,exact_abs_or_rel,SKIP
uni_chimera_i2_A_23.mtx,fp16_lb,fp16_lb,controlled_lossy_value_specialized,ok,none,accuracy_pass_runtime_win,0.0370,0.0355,0.521622,1.102703,,1595948,5777800,fp16,fp16,false,0,0,false,0,spmv_max_rel,SKIP
uni_chimera_i2_A_23.mtx,bf16_lb,bf16_lb,controlled_lossy_value_specialized,ok,none,accuracy_pass_runtime_win,0.0388,0.0371,0.497423,1.051546,,1595948,5777800,bf16,bf16,false,0,0,false,0,spmv_max_rel,SKIP
uni_chimera_i2_A_23.mtx,bfp8_lb,bfp8_lb,controlled_lossy_value_specialized,ok,none,accuracy_pass_runtime_win,0.0384,0.0372,0.502604,1.062500,,2242424,5777800,bfp8,bfp8,false,0,0,false,0,spmv_max_rel,SKIP
uni_chimera_i2_A_23.mtx,bfp8_outlier_lb,bfp8_outlier_lb,controlled_lossy_value_specialized,ok,none,accuracy_pass_runtime_win,0.0402,0.0382,0.480100,1.014925,,2306248,5777800,bfp8_outlier,bfp8_outlier,false,0,0,false,0,spmv_max_rel,SKIP
uni_chimera_i2_A_23.mtx,bfp4_lb,bfp4_lb,controlled_lossy_value_specialized,ok,none,accuracy_pass_runtime_loss,0.0428,0.0418,0.450935,0.953271,,1843437,5777800,bfp4,bfp4,false,0,0,false,0,spmv_max_rel,SKIP
uni_chimera_i2_A_23.mtx,hybrid_lb,hybrid_lb,structural_hybrid,ok,none,promoted_fallback,0.0156,0.0148,1.237179,2.615385,,6383792,,original,raw_double,false,,,1,0,exact_abs_or_rel,SKIP
uni_chimera_i2_A_23.mtx,cusparse_default,cusparse_csr,external_baseline,ok,none,external_baseline,0.0193,0.0164,1.000000,2.113990,,6383792,3591900,original,original,false,,,true,0,exact_abs_or_rel,SKIP
uni_chimera_i3_A_06.mtx,original_lb,original_lb,load_balanced_traversal,ok,none,promoted_fallback,0.0278,0.0260,0.719424,1.000000,,3997568,3394984,original,original,false,0,0,true,0,exact_abs_or_rel,SKIP
uni_chimera_i3_A_06.mtx,auto_lossless_lb,original_lb,load_balanced_traversal,ok,none,promoted_fallback,0.0276,0.0271,0.724638,1.007246,,3997568,3394984,auto_lossless,original,true,264360,3997568,true,0,exact_abs_or_rel,SKIP
uni_chimera_i3_A_06.mtx,fp16_lb,fp16_lb,controlled_lossy_value_specialized,ok,none,accuracy_pass_runtime_win,0.0259,0.0253,0.772201,1.073359,,999392,3394984,fp16,fp16,false,0,0,false,0,spmv_max_rel,SKIP
uni_chimera_i3_A_06.mtx,bf16_lb,bf16_lb,controlled_lossy_value_specialized,ok,none,accuracy_pass_runtime_win,0.0255,0.0249,0.784314,1.090196,,999392,3394984,bf16,bf16,false,0,0,false,0,spmv_max_rel,SKIP
uni_chimera_i3_A_06.mtx,bfp8_lb,bfp8_lb,controlled_lossy_value_specialized,ok,none,accuracy_pass_runtime_win,0.0256,0.0251,0.781250,1.085937,,1348442,3394984,bfp8,bfp8,false,0,0,false,0,spmv_max_rel,SKIP
uni_chimera_i3_A_06.mtx,bfp8_outlier_lb,bfp8_outlier_lb,controlled_lossy_value_specialized,ok,none,accuracy_pass_runtime_loss,0.0283,0.0270,0.706714,0.982332,,1388410,3394984,bfp8_outlier,bfp8_outlier,false,0,0,false,0,spmv_max_rel,SKIP
uni_chimera_i3_A_06.mtx,bfp4_lb,bfp4_lb,controlled_lossy_value_specialized,ok,none,accuracy_pass_runtime_loss,0.0320,0.0303,0.625000,0.868750,,1098594,3394984,bfp4,bfp4,false,0,0,false,0,spmv_max_rel,SKIP
uni_chimera_i3_A_06.mtx,hybrid_lb,hybrid_lb,structural_hybrid,ok,none,promoted_fallback,0.0126,0.0109,1.587302,2.206349,,3997568,,original,raw_double,false,,,1,0,exact_abs_or_rel,SKIP
uni_chimera_i3_A_06.mtx,cusparse_default,cusparse_csr,external_baseline,ok,none,external_baseline,0.0200,0.0164,1.000000,1.390000,,3997568,2398788,original,original,false,,,true,0,exact_abs_or_rel,SKIP
uni_chimera_i3_A_14.mtx,original_lb,original_lb,load_balanced_traversal,ok,none,promoted_fallback,0.0285,0.0265,0.645614,1.000000,,3997568,3394984,original,original,false,0,0,true,0,exact_abs_or_rel,SKIP
uni_chimera_i3_A_14.mtx,auto_lossless_lb,original_lb,load_balanced_traversal,ok,none,promoted_fallback,0.0283,0.0270,0.650177,1.007067,,3997568,3394984,auto_lossless,original,true,264423,3997568,true,0,exact_abs_or_rel,SKIP
uni_chimera_i3_A_14.mtx,fp16_lb,fp16_lb,controlled_lossy_value_specialized,ok,none,accuracy_pass_runtime_win,0.0258,0.0245,0.713178,1.104651,,999392,3394984,fp16,fp16,false,0,0,false,0,spmv_max_rel,SKIP
uni_chimera_i3_A_14.mtx,bf16_lb,bf16_lb,controlled_lossy_value_specialized,ok,none,accuracy_pass_runtime_win,0.0261,0.0244,0.704981,1.091954,,999392,3394984,bf16,bf16,false,0,0,false,0,spmv_max_rel,SKIP
uni_chimera_i3_A_14.mtx,bfp8_lb,bfp8_lb,controlled_lossy_value_specialized,ok,none,accuracy_pass_runtime_win,0.0257,0.0245,0.715953,1.108949,,1348442,3394984,bfp8,bfp8,false,0,0,false,0,spmv_max_rel,SKIP
uni_chimera_i3_A_14.mtx,bfp8_outlier_lb,bfp8_outlier_lb,controlled_lossy_value_specialized,ok,none,accuracy_pass_runtime_loss,0.0286,0.0265,0.643357,0.996503,,1388410,3394984,bfp8_outlier,bfp8_outlier,false,0,0,false,0,spmv_max_rel,SKIP
uni_chimera_i3_A_14.mtx,bfp4_lb,bfp4_lb,controlled_lossy_value_specialized,ok,none,accuracy_pass_runtime_loss,0.0315,0.0308,0.584127,0.904762,,1098594,3394984,bfp4,bfp4,false,0,0,false,0,spmv_max_rel,SKIP
uni_chimera_i3_A_14.mtx,hybrid_lb,hybrid_lb,structural_hybrid,ok,none,promoted_fallback,0.0123,0.0109,1.495935,2.317073,,3997568,,original,raw_double,false,,,1,0,exact_abs_or_rel,SKIP
uni_chimera_i3_A_14.mtx,cusparse_default,cusparse_csr,external_baseline,ok,none,external_baseline,0.0184,0.0143,1.000000,1.548913,,3997568,2398788,original,original,false,,,true,0,exact_abs_or_rel,SKIP
uni_chimera_i3_A_22.mtx,original_lb,original_lb,load_balanced_traversal,ok,none,promoted_fallback,0.0278,0.0264,0.658273,1.000000,,3997568,3394984,original,original,false,0,0,true,0,exact_abs_or_rel,SKIP
uni_chimera_i3_A_22.mtx,auto_lossless_lb,original_lb,load_balanced_traversal,ok,none,promoted_fallback,0.0280,0.0274,0.653571,0.992857,,3997568,3394984,auto_lossless,original,true,264384,3997568,true,0,exact_abs_or_rel,SKIP
uni_chimera_i3_A_22.mtx,fp16_lb,fp16_lb,controlled_lossy_value_specialized,ok,none,accuracy_pass_runtime_win,0.0261,0.0244,0.701149,1.065134,,999392,3394984,fp16,fp16,false,0,0,false,0,spmv_max_rel,SKIP
uni_chimera_i3_A_22.mtx,bf16_lb,bf16_lb,controlled_lossy_value_specialized,ok,none,accuracy_pass_runtime_win,0.0258,0.0243,0.709302,1.077519,,999392,3394984,bf16,bf16,false,0,0,false,0,spmv_max_rel,SKIP
uni_chimera_i3_A_22.mtx,bfp8_lb,bfp8_lb,controlled_lossy_value_specialized,ok,none,accuracy_pass_runtime_win,0.0258,0.0252,0.709302,1.077519,,1348442,3394984,bfp8,bfp8,false,0,0,false,0,spmv_max_rel,SKIP
uni_chimera_i3_A_22.mtx,bfp8_outlier_lb,bfp8_outlier_lb,controlled_lossy_value_specialized,ok,none,accuracy_pass_runtime_loss,0.0281,0.0270,0.651246,0.989324,,1388410,3394984,bfp8_outlier,bfp8_outlier,false,0,0,false,0,spmv_max_rel,SKIP
uni_chimera_i3_A_22.mtx,bfp4_lb,bfp4_lb,controlled_lossy_value_specialized,ok,none,accuracy_pass_runtime_loss,0.0321,0.0312,0.570093,0.866044,,1098594,3394984,bfp4,bfp4,false,0,0,false,0,spmv_max_rel,SKIP
uni_chimera_i3_A_22.mtx,hybrid_lb,hybrid_lb,structural_hybrid,ok,none,promoted_fallback,0.0128,0.0113,1.429688,2.171875,,3997568,,original,raw_double,false,,,1,0,exact_abs_or_rel,SKIP
uni_chimera_i3_A_22.mtx,cusparse_default,cusparse_csr,external_baseline,ok,none,external_baseline,0.0183,0.0143,1.000000,1.519126,,3997568,2398788,original,original,false,,,true,0,exact_abs_or_rel,SKIP
uni_chimera_i4_A_02.mtx,original_lb,original_lb,load_balanced_traversal,ok,none,promoted_fallback,0.0422,0.0402,0.454976,1.000000,,6515488,5908464,original,original,false,0,0,true,0,exact_abs_or_rel,SKIP
uni_chimera_i4_A_02.mtx,auto_lossless_lb,original_lb,load_balanced_traversal,ok,none,promoted_fallback,0.0423,0.0404,0.453901,0.997636,,6515488,5908464,auto_lossless,original,true,418278,6515488,true,0,exact_abs_or_rel,SKIP
uni_chimera_i4_A_02.mtx,fp16_lb,fp16_lb,controlled_lossy_value_specialized,ok,none,accuracy_pass_runtime_win,0.0380,0.0361,0.505263,1.110526,,1628872,5908464,fp16,fp16,false,0,0,false,0,spmv_max_rel,SKIP
uni_chimera_i4_A_02.mtx,bf16_lb,bf16_lb,controlled_lossy_value_specialized,ok,none,accuracy_pass_runtime_win,0.0383,0.0367,0.501305,1.101828,,1628872,5908464,bf16,bf16,false,0,0,false,0,spmv_max_rel,SKIP
uni_chimera_i4_A_02.mtx,bfp8_lb,bfp8_lb,controlled_lossy_value_specialized,ok,none,accuracy_pass_runtime_win,0.0381,0.0370,0.503937,1.107612,,2291552,5908464,bfp8,bfp8,false,0,0,false,0,spmv_max_rel,SKIP
uni_chimera_i4_A_02.mtx,bfp8_outlier_lb,bfp8_outlier_lb,controlled_lossy_value_specialized,ok,none,accuracy_pass_runtime_win,0.0411,0.0391,0.467153,1.026764,,2356704,5908464,bfp8_outlier,bfp8_outlier,false,0,0,false,0,spmv_max_rel,SKIP
uni_chimera_i4_A_02.mtx,bfp4_lb,bfp4_lb,controlled_lossy_value_specialized,ok,none,accuracy_pass_runtime_loss,0.0432,0.0413,0.444444,0.976852,,1884334,5908464,bfp4,bfp4,false,0,0,false,0,spmv_max_rel,SKIP
uni_chimera_i4_A_02.mtx,hybrid_lb,hybrid_lb,structural_hybrid,ok,none,promoted_fallback,0.0159,0.0151,1.207547,2.654088,,6515488,,original,raw_double,false,,,1,0,exact_abs_or_rel,SKIP
uni_chimera_i4_A_02.mtx,cusparse_default,cusparse_csr,external_baseline,ok,none,external_baseline,0.0192,0.0176,1.000000,2.197917,,6515488,3657748,original,original,false,,,true,0,exact_abs_or_rel,SKIP
uni_chimera_i4_A_10.mtx,original_lb,original_lb,load_balanced_traversal,ok,none,promoted_fallback,0.0421,0.0409,0.467933,1.000000,,6515488,5908464,original,original,false,0,0,true,0,exact_abs_or_rel,SKIP
uni_chimera_i4_A_10.mtx,auto_lossless_lb,original_lb,load_balanced_traversal,ok,none,promoted_fallback,0.0419,0.0410,0.470167,1.004773,,6515488,5908464,auto_lossless,original,true,418369,6515488,true,0,exact_abs_or_rel,SKIP
uni_chimera_i4_A_10.mtx,fp16_lb,fp16_lb,controlled_lossy_value_specialized,ok,none,accuracy_pass_runtime_win,0.0384,0.0367,0.513021,1.096354,,1628872,5908464,fp16,fp16,false,0,0,false,0,spmv_max_rel,SKIP
uni_chimera_i4_A_10.mtx,bf16_lb,bf16_lb,controlled_lossy_value_specialized,ok,none,accuracy_pass_runtime_win,0.0380,0.0362,0.518421,1.107895,,1628872,5908464,bf16,bf16,false,0,0,false,0,spmv_max_rel,SKIP
uni_chimera_i4_A_10.mtx,bfp8_lb,bfp8_lb,controlled_lossy_value_specialized,ok,none,accuracy_pass_runtime_win,0.0378,0.0360,0.521164,1.113757,,2291552,5908464,bfp8,bfp8,false,0,0,false,0,spmv_max_rel,SKIP
uni_chimera_i4_A_10.mtx,bfp8_outlier_lb,bfp8_outlier_lb,controlled_lossy_value_specialized,ok,none,accuracy_pass_runtime_win,0.0402,0.0390,0.490050,1.047264,,2356704,5908464,bfp8_outlier,bfp8_outlier,false,0,0,false,0,spmv_max_rel,SKIP
uni_chimera_i4_A_10.mtx,bfp4_lb,bfp4_lb,controlled_lossy_value_specialized,ok,none,accuracy_pass_runtime_loss,0.0440,0.0423,0.447727,0.956818,,1884334,5908464,bfp4,bfp4,false,0,0,false,0,spmv_max_rel,SKIP
uni_chimera_i4_A_10.mtx,hybrid_lb,hybrid_lb,structural_hybrid,ok,none,promoted_fallback,0.0155,0.0148,1.270968,2.716129,,6515488,,original,raw_double,false,,,1,0,exact_abs_or_rel,SKIP
uni_chimera_i4_A_10.mtx,cusparse_default,cusparse_csr,external_baseline,ok,none,external_baseline,0.0197,0.0164,1.000000,2.137056,,6515488,3657748,original,original,false,,,true,0,exact_abs_or_rel,SKIP
uni_chimera_i4_A_18.mtx,original_lb,original_lb,load_balanced_traversal,ok,none,promoted_fallback,0.0419,0.0408,0.477327,1.000000,,6515488,5908464,original,original,false,0,0,true,0,exact_abs_or_rel,SKIP
uni_chimera_i4_A_18.mtx,auto_lossless_lb,original_lb,load_balanced_traversal,ok,none,promoted_fallback,0.0418,0.0404,0.478469,1.002392,,6515488,5908464,auto_lossless,original,true,418148,6515488,true,0,exact_abs_or_rel,SKIP
uni_chimera_i4_A_18.mtx,fp16_lb,fp16_lb,controlled_lossy_value_specialized,ok,none,accuracy_pass_runtime_win,0.0379,0.0362,0.527704,1.105541,,1628872,5908464,fp16,fp16,false,0,0,false,0,spmv_max_rel,SKIP
uni_chimera_i4_A_18.mtx,bf16_lb,bf16_lb,controlled_lossy_value_specialized,ok,none,accuracy_pass_runtime_win,0.0382,0.0376,0.523560,1.096859,,1628872,5908464,bf16,bf16,false,0,0,false,0,spmv_max_rel,SKIP
uni_chimera_i4_A_18.mtx,bfp8_lb,bfp8_lb,controlled_lossy_value_specialized,ok,none,accuracy_pass_runtime_win,0.0378,0.0371,0.529101,1.108466,,2291552,5908464,bfp8,bfp8,false,0,0,false,0,spmv_max_rel,SKIP
uni_chimera_i4_A_18.mtx,bfp8_outlier_lb,bfp8_outlier_lb,controlled_lossy_value_specialized,ok,none,accuracy_pass_runtime_win,0.0404,0.0381,0.495050,1.037129,,2356704,5908464,bfp8_outlier,bfp8_outlier,false,0,0,false,0,spmv_max_rel,SKIP
uni_chimera_i4_A_18.mtx,bfp4_lb,bfp4_lb,controlled_lossy_value_specialized,ok,none,accuracy_pass_runtime_loss,0.0431,0.0414,0.464037,0.972158,,1884334,5908464,bfp4,bfp4,false,0,0,false,0,spmv_max_rel,SKIP
uni_chimera_i4_A_18.mtx,hybrid_lb,hybrid_lb,structural_hybrid,ok,none,promoted_fallback,0.0157,0.0146,1.273885,2.668790,,6515488,,original,raw_double,false,,,1,0,exact_abs_or_rel,SKIP
uni_chimera_i4_A_18.mtx,cusparse_default,cusparse_csr,external_baseline,ok,none,external_baseline,0.0200,0.0184,1.000000,2.095000,,6515488,3657748,original,original,false,,,true,0,exact_abs_or_rel,SKIP
uni_chimera_i4_A_26.mtx,original_lb,original_lb,load_balanced_traversal,ok,none,promoted_fallback,0.0418,0.0406,0.461722,1.000000,,6515488,5908464,original,original,false,0,0,true,0,exact_abs_or_rel,SKIP
uni_chimera_i4_A_26.mtx,auto_lossless_lb,original_lb,load_balanced_traversal,ok,none,promoted_fallback,0.0419,0.0406,0.460621,0.997613,,6515488,5908464,auto_lossless,original,true,417908,6515488,true,0,exact_abs_or_rel,SKIP
uni_chimera_i4_A_26.mtx,fp16_lb,fp16_lb,controlled_lossy_value_specialized,ok,none,accuracy_pass_runtime_win,0.0383,0.0372,0.503916,1.091384,,1628872,5908464,fp16,fp16,false,0,0,false,0,spmv_max_rel,SKIP
uni_chimera_i4_A_26.mtx,bf16_lb,bf16_lb,controlled_lossy_value_specialized,ok,none,accuracy_pass_runtime_win,0.0385,0.0356,0.501299,1.085714,,1628872,5908464,bf16,bf16,false,0,0,false,0,spmv_max_rel,SKIP
uni_chimera_i4_A_26.mtx,bfp8_lb,bfp8_lb,controlled_lossy_value_specialized,ok,none,accuracy_pass_runtime_win,0.0389,0.0364,0.496144,1.074550,,2291552,5908464,bfp8,bfp8,false,0,0,false,0,spmv_max_rel,SKIP
uni_chimera_i4_A_26.mtx,bfp8_outlier_lb,bfp8_outlier_lb,controlled_lossy_value_specialized,ok,none,accuracy_pass_runtime_win,0.0410,0.0387,0.470732,1.019512,,2356704,5908464,bfp8_outlier,bfp8_outlier,false,0,0,false,0,spmv_max_rel,SKIP
uni_chimera_i4_A_26.mtx,bfp4_lb,bfp4_lb,controlled_lossy_value_specialized,ok,none,accuracy_pass_runtime_loss,0.0436,0.0421,0.442661,0.958716,,1884334,5908464,bfp4,bfp4,false,0,0,false,0,spmv_max_rel,SKIP
uni_chimera_i4_A_26.mtx,hybrid_lb,hybrid_lb,structural_hybrid,ok,none,promoted_fallback,0.0173,0.0161,1.115607,2.416185,,6515488,,original,raw_double,false,,,1,0,exact_abs_or_rel,SKIP
uni_chimera_i4_A_26.mtx,cusparse_default,cusparse_csr,external_baseline,ok,none,external_baseline,0.0193,0.0184,1.000000,2.165803,,6515488,3657748,original,original,false,,,true,0,exact_abs_or_rel,SKIP
uni_chimera_i5_A_07.mtx,original_lb,original_lb,load_balanced_traversal,ok,none,promoted_fallback,0.0277,0.0268,0.642599,1.000000,,3999856,3397800,original,original,false,0,0,true,0,exact_abs_or_rel,SKIP
uni_chimera_i5_A_07.mtx,auto_lossless_lb,original_lb,load_balanced_traversal,ok,none,promoted_fallback,0.0275,0.0268,0.647273,1.007273,,3999856,3397800,auto_lossless,original,true,264248,3999856,true,0,exact_abs_or_rel,SKIP
uni_chimera_i5_A_07.mtx,fp16_lb,fp16_lb,controlled_lossy_value_specialized,ok,none,accuracy_pass_runtime_win,0.0263,0.0258,0.676806,1.053232,,999964,3397800,fp16,fp16,false,0,0,false,0,spmv_max_rel,SKIP
uni_chimera_i5_A_07.mtx,bf16_lb,bf16_lb,controlled_lossy_value_specialized,ok,none,accuracy_pass_runtime_win,0.0260,0.0254,0.684615,1.065385,,999964,3397800,bf16,bf16,false,0,0,false,0,spmv_max_rel,SKIP
uni_chimera_i5_A_07.mtx,bfp8_lb,bfp8_lb,controlled_lossy_value_specialized,ok,none,accuracy_pass_runtime_win,0.0259,0.0247,0.687259,1.069498,,1349432,3397800,bfp8,bfp8,false,0,0,false,0,spmv_max_rel,SKIP
uni_chimera_i5_A_07.mtx,bfp8_outlier_lb,bfp8_outlier_lb,controlled_lossy_value_specialized,ok,none,accuracy_pass_runtime_loss,0.0278,0.0267,0.640288,0.996403,,1389416,3397800,bfp8_outlier,bfp8_outlier,false,0,0,false,0,spmv_max_rel,SKIP
uni_chimera_i5_A_07.mtx,bfp4_lb,bfp4_lb,controlled_lossy_value_specialized,ok,none,accuracy_pass_runtime_loss,0.0340,0.0324,0.523529,0.814706,,1099441,3397800,bfp4,bfp4,false,0,0,false,0,spmv_max_rel,SKIP
uni_chimera_i5_A_07.mtx,hybrid_lb,hybrid_lb,structural_hybrid,ok,none,promoted_fallback,0.0126,0.0111,1.412698,2.198413,,3999856,,original,raw_double,false,,,1,0,exact_abs_or_rel,SKIP
uni_chimera_i5_A_07.mtx,cusparse_default,cusparse_csr,external_baseline,ok,none,external_baseline,0.0178,0.0144,1.000000,1.556180,,3999856,2399932,original,original,false,,,true,0,exact_abs_or_rel,SKIP
uni_chimera_i5_A_15.mtx,original_lb,original_lb,load_balanced_traversal,ok,none,promoted_fallback,0.0279,0.0268,0.655914,1.000000,,3999856,3397800,original,original,false,0,0,true,0,exact_abs_or_rel,SKIP
uni_chimera_i5_A_15.mtx,auto_lossless_lb,original_lb,load_balanced_traversal,ok,none,promoted_fallback,0.0285,0.0278,0.642105,0.978947,,3999856,3397800,auto_lossless,original,true,263883,3999856,true,0,exact_abs_or_rel,SKIP
uni_chimera_i5_A_15.mtx,fp16_lb,fp16_lb,controlled_lossy_value_specialized,ok,none,accuracy_pass_runtime_win,0.0259,0.0244,0.706564,1.077220,,999964,3397800,fp16,fp16,false,0,0,false,0,spmv_max_rel,SKIP
uni_chimera_i5_A_15.mtx,bf16_lb,bf16_lb,controlled_lossy_value_specialized,ok,none,accuracy_pass_runtime_win,0.0264,0.0241,0.693182,1.056818,,999964,3397800,bf16,bf16,false,0,0,false,0,spmv_max_rel,SKIP
uni_chimera_i5_A_15.mtx,bfp8_lb,bfp8_lb,controlled_lossy_value_specialized,ok,none,accuracy_pass_runtime_win,0.0260,0.0252,0.703846,1.073077,,1349432,3397800,bfp8,bfp8,false,0,0,false,0,spmv_max_rel,SKIP
uni_chimera_i5_A_15.mtx,bfp8_outlier_lb,bfp8_outlier_lb,controlled_lossy_value_specialized,ok,none,accuracy_pass_runtime_loss,0.0281,0.0262,0.651246,0.992883,,1389416,3397800,bfp8_outlier,bfp8_outlier,false,0,0,false,0,spmv_max_rel,SKIP
uni_chimera_i5_A_15.mtx,bfp4_lb,bfp4_lb,controlled_lossy_value_specialized,ok,none,accuracy_pass_runtime_loss,0.0318,0.0310,0.575472,0.877358,,1099441,3397800,bfp4,bfp4,false,0,0,false,0,spmv_max_rel,SKIP
uni_chimera_i5_A_15.mtx,hybrid_lb,hybrid_lb,structural_hybrid,ok,none,promoted_fallback,0.0130,0.0105,1.407692,2.146154,,3999856,,original,raw_double,false,,,1,0,exact_abs_or_rel,SKIP
uni_chimera_i5_A_15.mtx,cusparse_default,cusparse_csr,external_baseline,ok,none,external_baseline,0.0183,0.0143,1.000000,1.524590,,3999856,2399932,original,original,false,,,true,0,exact_abs_or_rel,SKIP
uni_chimera_i5_A_23.mtx,original_lb,original_lb,load_balanced_traversal,ok,none,promoted_fallback,0.0286,0.0273,0.597902,1.000000,,3999856,3397800,original,original,false,0,0,true,0,exact_abs_or_rel,SKIP
uni_chimera_i5_A_23.mtx,auto_lossless_lb,original_lb,load_balanced_traversal,ok,none,promoted_fallback,0.0275,0.0261,0.621818,1.040000,,3999856,3397800,auto_lossless,original,true,263500,3999856,true,0,exact_abs_or_rel,SKIP
uni_chimera_i5_A_23.mtx,fp16_lb,fp16_lb,controlled_lossy_value_specialized,ok,none,accuracy_pass_runtime_loss,0.0308,0.0298,0.555195,0.928571,,999964,3397800,fp16,fp16,false,0,0,false,0,spmv_max_rel,SKIP
uni_chimera_i5_A_23.mtx,bf16_lb,bf16_lb,controlled_lossy_value_specialized,ok,none,accuracy_pass_runtime_win,0.0259,0.0251,0.660232,1.104247,,999964,3397800,bf16,bf16,false,0,0,false,0,spmv_max_rel,SKIP
uni_chimera_i5_A_23.mtx,bfp8_lb,bfp8_lb,controlled_lossy_value_specialized,ok,none,accuracy_pass_runtime_win,0.0269,0.0260,0.635688,1.063197,,1349432,3397800,bfp8,bfp8,false,0,0,false,0,spmv_max_rel,SKIP
uni_chimera_i5_A_23.mtx,bfp8_outlier_lb,bfp8_outlier_lb,controlled_lossy_value_specialized,ok,none,accuracy_pass_runtime_win,0.0280,0.0264,0.610714,1.021429,,1389416,3397800,bfp8_outlier,bfp8_outlier,false,0,0,false,0,spmv_max_rel,SKIP
uni_chimera_i5_A_23.mtx,bfp4_lb,bfp4_lb,controlled_lossy_value_specialized,ok,none,accuracy_pass_runtime_loss,0.0316,0.0308,0.541139,0.905063,,1099441,3397800,bfp4,bfp4,false,0,0,false,0,spmv_max_rel,SKIP
uni_chimera_i5_A_23.mtx,hybrid_lb,hybrid_lb,structural_hybrid,ok,none,promoted_fallback,0.0126,0.0106,1.357143,2.269841,,3999856,,original,raw_double,false,,,1,0,exact_abs_or_rel,SKIP
uni_chimera_i5_A_23.mtx,cusparse_default,cusparse_csr,external_baseline,ok,none,external_baseline,0.0171,0.0143,1.000000,1.672515,,3999856,2399932,original,original,false,,,true,0,exact_abs_or_rel,SKIP
usps_norm_5NN.mtx,original_lb,original_lb,load_balanced_traversal,ok,none,promoted_fallback,0.0108,0.0092,1.462963,1.000000,,648896,579912,original,original,false,0,0,true,0,exact_abs_or_rel,SKIP
usps_norm_5NN.mtx,auto_lossless_lb,original_lb,load_balanced_traversal,ok,none,promoted_fallback,0.0098,0.0091,1.612245,1.102041,,648896,579912,auto_lossless,original,true,32660,648896,true,0,exact_abs_or_rel,SKIP
usps_norm_5NN.mtx,fp16_lb,fp16_lb,controlled_lossy_value_specialized,ok,none,accuracy_pass_runtime_win,0.0107,0.0092,1.476636,1.009346,,162224,579912,fp16,fp16,false,0,0,false,0,spmv_max_rel,SKIP
usps_norm_5NN.mtx,bf16_lb,bf16_lb,controlled_lossy_value_specialized,ok,none,accuracy_pass_runtime_loss,0.0115,0.0092,1.373913,0.939130,,162224,579912,bf16,bf16,false,0,0,false,0,spmv_max_rel,SKIP
usps_norm_5NN.mtx,bfp8_lb,bfp8_lb,controlled_lossy_value_specialized,ok,none,accuracy_pass_runtime_loss,0.0118,0.0094,1.338983,0.915254,,226090,579912,bfp8,bfp8,false,0,0,false,0,spmv_max_rel,SKIP
usps_norm_5NN.mtx,bfp8_outlier_lb,bfp8_outlier_lb,controlled_lossy_value_specialized,ok,none,accuracy_pass_runtime_loss,0.0123,0.0105,1.284553,0.878049,,232554,579912,bfp8_outlier,bfp8_outlier,false,0,0,false,0,spmv_max_rel,SKIP
usps_norm_5NN.mtx,bfp4_lb,bfp4_lb,controlled_lossy_value_specialized,ok,none,accuracy_pass_runtime_loss,0.0147,0.0130,1.074830,0.734694,,185534,579912,bfp4,bfp4,false,0,0,false,0,spmv_max_rel,SKIP
usps_norm_5NN.mtx,hybrid_lb,hybrid_lb,structural_hybrid,ok,none,promoted_fallback,0.0077,0.0061,2.051948,1.402597,,648896,,original,raw_double,false,,,1,0,exact_abs_or_rel,SKIP
usps_norm_5NN.mtx,cusparse_default,cusparse_csr,external_baseline,ok,none,external_baseline,0.0158,0.0123,1.000000,0.683544,,648896,368452,original,original,false,,,true,0,exact_abs_or_rel,SKIP
utm5940.mtx,original_lb,original_lb,load_balanced_traversal,ok,none,promoted_fallback,0.0072,0.0064,1.958333,1.000000,,670736,84304,original,original,false,0,0,true,0,exact_abs_or_rel,SKIP
utm5940.mtx,auto_lossless_lb,original_lb,load_balanced_traversal,ok,none,promoted_fallback,0.0075,0.0067,1.880000,0.960000,,670736,84304,auto_lossless,original,true,82784,670736,true,0,exact_abs_or_rel,SKIP
utm5940.mtx,fp16_lb,fp16_lb,controlled_lossy_value_specialized,ok,none,accuracy_pass_runtime_win,0.0071,0.0053,1.985915,1.014085,,167684,84304,fp16,fp16,false,0,0,false,0,spmv_max_rel,SKIP
utm5940.mtx,bf16_lb,bf16_lb,controlled_lossy_value_specialized,ok,none,accuracy_pass_runtime_loss,0.0079,0.0053,1.784810,0.911392,,167684,84304,bf16,bf16,false,0,0,false,0,spmv_max_rel,SKIP
utm5940.mtx,bfp8_lb,bfp8_lb,controlled_lossy_value_specialized,ok,none,accuracy_pass_runtime_loss,0.0094,0.0078,1.500000,0.765957,,104918,84304,bfp8,bfp8,false,0,0,false,0,spmv_max_rel,SKIP
utm5940.mtx,bfp8_outlier_lb,bfp8_outlier_lb,controlled_lossy_value_specialized,ok,none,accuracy_pass_runtime_loss,0.0119,0.0104,1.184874,0.605042,,111622,84304,bfp8_outlier,bfp8_outlier,false,0,0,false,0,spmv_max_rel,SKIP
utm5940.mtx,bfp4_lb,bfp4_lb,controlled_lossy_value_specialized,ok,none,accuracy_pass_runtime_loss,0.0097,0.0085,1.453608,0.742268,,62997,84304,bfp4,bfp4,false,0,0,false,0,spmv_max_rel,SKIP
utm5940.mtx,hybrid_lb,hybrid_lb,structural_hybrid,ok,none,promoted_fallback,0.0077,0.0063,1.831169,0.935065,,670736,,original,raw_double,false,,,1,0,exact_abs_or_rel,SKIP
utm5940.mtx,cusparse_default,cusparse_csr,external_baseline,ok,none,external_baseline,0.0141,0.0123,1.000000,0.510638,,670736,359132,original,original,false,,,true,0,exact_abs_or_rel,SKIP
viscoplastic1_C_6.mtx,original_lb,original_lb,load_balanced_traversal,ok,none,promoted_fallback,0.0099,0.0089,1.686869,1.000000,,489328,113808,original,original,false,0,0,true,0,exact_abs_or_rel,SKIP
viscoplastic1_C_6.mtx,auto_lossless_lb,original_lb,load_balanced_traversal,ok,none,promoted_fallback,0.0103,0.0092,1.621359,0.961165,,489328,113808,auto_lossless,original,true,12375,489328,true,0,exact_abs_or_rel,SKIP
viscoplastic1_C_6.mtx,fp16_lb,fp16_lb,controlled_lossy_value_specialized,ok,none,accuracy_pass_runtime_loss,0.0106,0.0092,1.575472,0.933962,,122332,113808,fp16,fp16,false,0,0,false,0,spmv_max_rel,SKIP
viscoplastic1_C_6.mtx,bf16_lb,bf16_lb,controlled_lossy_value_specialized,ok,none,accuracy_pass_runtime_loss,0.0105,0.0093,1.590476,0.942857,,122332,113808,bf16,bf16,false,0,0,false,0,spmv_max_rel,SKIP
viscoplastic1_C_6.mtx,bfp8_lb,bfp8_lb,controlled_lossy_value_specialized,ok,none,accuracy_pass_runtime_loss,0.0117,0.0107,1.427350,0.846154,,89618,113808,bfp8,bfp8,false,0,0,false,0,spmv_max_rel,SKIP
viscoplastic1_C_6.mtx,bfp8_outlier_lb,bfp8_outlier_lb,controlled_lossy_value_specialized,ok,none,accuracy_pass_runtime_loss,0.0129,0.0117,1.294574,0.767442,,94450,113808,bfp8_outlier,bfp8_outlier,false,0,0,false,0,spmv_max_rel,SKIP
viscoplastic1_C_6.mtx,bfp4_lb,bfp4_lb,controlled_lossy_value_specialized,ok,none,accuracy_pass_runtime_loss,0.0152,0.0131,1.098684,0.651316,,59035,113808,bfp4,bfp4,false,0,0,false,0,spmv_max_rel,SKIP
viscoplastic1_C_6.mtx,hybrid_lb,hybrid_lb,structural_hybrid,ok,none,promoted_fallback,0.0092,0.0074,1.815217,1.076087,,489328,,original,raw_double,false,,,1,0,exact_abs_or_rel,SKIP
viscoplastic1_C_6.mtx,cusparse_default,cusparse_csr,external_baseline,ok,none,external_baseline,0.0167,0.0123,1.000000,0.592814,,489328,261972,original,original,false,,,true,0,exact_abs_or_rel,SKIP
vsp_data_and_seymourl.mtx,original_lb,original_lb,load_balanced_traversal,ok,none,promoted_fallback,0.0090,0.0081,1.800000,1.000000,,893856,396112,original,original,false,0,0,true,0,exact_abs_or_rel,SKIP
vsp_data_and_seymourl.mtx,auto_lossless_lb,all_one_lb,lossless_value_specialized,ok,none,accuracy_pass_runtime_loss,0.0103,0.0092,1.572816,0.873786,,0,396112,auto_lossless,all_one,true,1,0,true,0,exact_abs_or_rel,SKIP
vsp_data_and_seymourl.mtx,fp16_lb,fp16_lb,controlled_lossy_value_specialized,ok,none,accuracy_pass_runtime_loss,0.0109,0.0082,1.486239,0.825688,,223464,396112,fp16,fp16,false,0,0,false,0,spmv_max_rel,SKIP
vsp_data_and_seymourl.mtx,bf16_lb,bf16_lb,controlled_lossy_value_specialized,ok,none,accuracy_pass_runtime_loss,0.0097,0.0090,1.670103,0.927835,,223464,396112,bf16,bf16,false,0,0,false,0,spmv_max_rel,SKIP
vsp_data_and_seymourl.mtx,bfp8_lb,bfp8_lb,controlled_lossy_value_specialized,ok,none,accuracy_pass_runtime_loss,0.0104,0.0089,1.557692,0.865385,,210760,396112,bfp8,bfp8,false,0,0,false,0,spmv_max_rel,SKIP
vsp_data_and_seymourl.mtx,bfp8_outlier_lb,bfp8_outlier_lb,controlled_lossy_value_specialized,ok,none,accuracy_pass_runtime_loss,0.0103,0.0089,1.572816,0.873786,,210760,396112,bfp8_outlier,bfp8_outlier,false,0,0,false,0,spmv_max_rel,SKIP
vsp_data_and_seymourl.mtx,bfp4_lb,bfp4_lb,controlled_lossy_value_specialized,ok,none,accuracy_pass_runtime_loss,0.0157,0.0132,1.031847,0.573248,,154894,396112,bfp4,bfp4,false,0,0,false,0,spmv_max_rel,SKIP
vsp_data_and_seymourl.mtx,hybrid_lb,hybrid_lb,structural_hybrid,ok,none,promoted_fallback,0.0127,0.0112,1.275591,0.708661,,893856,,original,raw_double,false,,,1,0,exact_abs_or_rel,SKIP
vsp_data_and_seymourl.mtx,cusparse_default,cusparse_csr,external_baseline,ok,none,external_baseline,0.0162,0.0123,1.000000,0.555556,,893856,483600,original,original,false,,,true,0,exact_abs_or_rel,SKIP
wb-edu.mtx,original_lb,original_lb,load_balanced_traversal,ok,none,promoted_fallback,0.7486,0.7460,0.831151,1.000000,,457252296,104172440,original,original,false,0,0,true,0,exact_abs_or_rel,SKIP
wb-edu.mtx,auto_lossless_lb,all_one_lb,lossless_value_specialized,ok,none,accuracy_pass_runtime_win,0.6691,0.6657,0.929906,1.118816,,0,104172440,auto_lossless,all_one,true,1,0,true,0,exact_abs_or_rel,SKIP
wb-edu.mtx,fp16_lb,fp16_lb,controlled_lossy_value_specialized,ok,none,accuracy_pass_runtime_win,0.6388,0.6369,0.974014,1.171885,,114313074,104172440,fp16,fp16,false,0,0,false,0,spmv_max_rel,SKIP
wb-edu.mtx,bf16_lb,bf16_lb,controlled_lossy_value_specialized,ok,none,accuracy_pass_runtime_win,0.6390,0.6362,0.973709,1.171518,,114313074,104172440,bf16,bf16,false,0,0,false,0,spmv_max_rel,SKIP
wb-edu.mtx,bfp8_lb,bfp8_lb,controlled_lossy_value_specialized,ok,none,accuracy_pass_runtime_win,0.6478,0.6444,0.960482,1.155604,,83199647,104172440,bfp8,bfp8,false,0,0,false,0,spmv_max_rel,SKIP
wb-edu.mtx,bfp8_outlier_lb,bfp8_outlier_lb,controlled_lossy_value_specialized,ok,none,accuracy_pass_runtime_win,0.6479,0.6438,0.960333,1.155425,,83199647,104172440,bfp8_outlier,bfp8_outlier,false,0,0,false,0,spmv_max_rel,SKIP
wb-edu.mtx,bfp4_lb,bfp4_lb,controlled_lossy_value_specialized,ok,none,accuracy_pass_runtime_loss,0.7916,0.7889,0.786003,0.945680,,54621379,104172440,bfp4,bfp4,false,0,0,false,0,spmv_max_rel,SKIP
wb-edu.mtx,hybrid_lb,hybrid_lb,structural_hybrid,ok,none,promoted_fallback,0.7173,0.7151,0.867419,1.043636,,457252296,,original,raw_double,false,,,1,0,exact_abs_or_rel,SKIP
wb-edu.mtx,cusparse_default,cusparse_csr,external_baseline,ok,none,external_baseline,0.6222,0.6198,1.000000,1.203150,,457252296,268009052,original,original,false,,,true,0,exact_abs_or_rel,SKIP
west0156.mtx,original_lb,original_lb,load_balanced_traversal,ok,none,promoted_fallback,0.0069,0.0050,1.753623,1.000000,,2896,1072,original,original,false,0,0,true,0,exact_abs_or_rel,SKIP
west0156.mtx,auto_lossless_lb,original_lb,load_balanced_traversal,ok,none,promoted_fallback,0.0057,0.0047,2.122807,1.210526,,2896,1072,auto_lossless,original,true,144,2896,true,0,exact_abs_or_rel,SKIP
west0156.mtx,fp16_lb,fp16_lb,controlled_lossy_value_specialized,ok,none,accuracy_pass_runtime_loss,0.0076,0.0051,1.592105,0.907895,,724,1072,fp16,fp16,false,0,0,false,0,spmv_max_rel,SKIP
west0156.mtx,bf16_lb,bf16_lb,controlled_lossy_value_specialized,ok,none,accuracy_pass_runtime_loss,0.0077,0.0058,1.571429,0.896104,,724,1072,bf16,bf16,false,0,0,false,0,spmv_max_rel,SKIP
west0156.mtx,bfp8_lb,bfp8_lb,controlled_lossy_value_specialized,ok,none,accuracy_pass_runtime_loss,0.0120,0.0077,1.008333,0.575000,,630,1072,bfp8,bfp8,false,0,0,false,0,spmv_max_rel,SKIP
west0156.mtx,bfp8_outlier_lb,bfp8_outlier_lb,controlled_lossy_value_specialized,ok,none,accuracy_pass_runtime_loss,0.0090,0.0086,1.344444,0.766667,,646,1072,bfp8_outlier,bfp8_outlier,false,0,0,false,0,spmv_max_rel,SKIP
west0156.mtx,bfp4_lb,bfp4_lb,controlled_lossy_value_specialized,ok,none,accuracy_pass_runtime_loss,0.0074,0.0061,1.635135,0.932432,,449,1072,bfp4,bfp4,false,0,0,false,0,spmv_max_rel,SKIP
west0156.mtx,hybrid_lb,hybrid_lb,structural_hybrid,ok,none,promoted_fallback,0.0060,0.0044,2.016667,1.150000,,2896,,original,raw_double,false,,,1,0,exact_abs_or_rel,SKIP
west0156.mtx,cusparse_default,cusparse_csr,external_baseline,ok,none,external_baseline,0.0121,0.0082,1.000000,0.570248,,2896,2076,original,original,false,,,true,0,exact_abs_or_rel,SKIP
west2021.mtx,original_lb,original_lb,load_balanced_traversal,ok,none,promoted_fallback,0.0074,0.0055,1.945946,1.000000,,58480,15864,original,original,false,0,0,true,0,exact_abs_or_rel,SKIP
west2021.mtx,auto_lossless_lb,original_lb,load_balanced_traversal,ok,none,promoted_fallback,0.0080,0.0070,1.800000,0.925000,,58480,15864,auto_lossless,original,true,4235,58480,true,0,exact_abs_or_rel,SKIP
west2021.mtx,fp16_lb,fp16_lb,controlled_lossy_value_specialized,ok,none,accuracy_pass_runtime_win,0.0071,0.0059,2.028169,1.042254,,14620,15864,fp16,fp16,false,0,0,false,0,spmv_max_rel,SKIP
west2021.mtx,bf16_lb,bf16_lb,controlled_lossy_value_specialized,ok,none,accuracy_pass_runtime_win,0.0068,0.0053,2.117647,1.088235,,14620,15864,bf16,bf16,false,0,0,false,0,spmv_max_rel,SKIP
west2021.mtx,bfp8_lb,bfp8_lb,controlled_lossy_value_specialized,ok,none,accuracy_pass_runtime_loss,0.0077,0.0071,1.870130,0.961039,,11276,15864,bfp8,bfp8,false,0,0,false,0,spmv_max_rel,SKIP
west2021.mtx,bfp8_outlier_lb,bfp8_outlier_lb,controlled_lossy_value_specialized,ok,none,accuracy_pass_runtime_loss,0.0098,0.0079,1.469388,0.755102,,11852,15864,bfp8_outlier,bfp8_outlier,false,0,0,false,0,spmv_max_rel,SKIP
west2021.mtx,bfp4_lb,bfp4_lb,controlled_lossy_value_specialized,ok,none,accuracy_pass_runtime_loss,0.0092,0.0071,1.565217,0.804348,,7621,15864,bfp4,bfp4,false,0,0,false,0,spmv_max_rel,SKIP
west2021.mtx,hybrid_lb,hybrid_lb,structural_hybrid,ok,none,promoted_fallback,0.0064,0.0047,2.250000,1.156250,,58480,,original,raw_double,false,,,1,0,exact_abs_or_rel,SKIP
west2021.mtx,cusparse_default,cusparse_csr,external_baseline,ok,none,external_baseline,0.0144,0.0123,1.000000,0.513889,,58480,37328,original,original,false,,,true,0,exact_abs_or_rel,SKIP
wheel_5_1.mtx,original_lb,original_lb,load_balanced_traversal,ok,none,promoted_fallback,0.0089,0.0069,1.348315,1.000000,,1456,632,original,original,false,0,0,true,0,exact_abs_or_rel,SKIP
wheel_5_1.mtx,auto_lossless_lb,all_one_lb,lossless_value_specialized,ok,none,accuracy_pass_runtime_win,0.0058,0.0051,2.068966,1.534483,,0,632,auto_lossless,all_one,true,1,0,true,0,exact_abs_or_rel,SKIP
wheel_5_1.mtx,fp16_lb,fp16_lb,controlled_lossy_value_specialized,ok,none,accuracy_pass_runtime_win,0.0077,0.0058,1.558442,1.155844,,364,632,fp16,fp16,false,0,0,false,0,spmv_max_rel,SKIP
wheel_5_1.mtx,bf16_lb,bf16_lb,controlled_lossy_value_specialized,ok,none,accuracy_pass_runtime_win,0.0078,0.0052,1.538462,1.141026,,364,632,bf16,bf16,false,0,0,false,0,spmv_max_rel,SKIP
wheel_5_1.mtx,bfp8_lb,bfp8_lb,controlled_lossy_value_specialized,ok,none,accuracy_pass_runtime_win,0.0056,0.0043,2.142857,1.589286,,340,632,bfp8,bfp8,false,0,0,false,0,spmv_max_rel,SKIP
wheel_5_1.mtx,bfp8_outlier_lb,bfp8_outlier_lb,controlled_lossy_value_specialized,ok,none,accuracy_pass_runtime_win,0.0062,0.0039,1.935484,1.435484,,340,632,bfp8_outlier,bfp8_outlier,false,0,0,false,0,spmv_max_rel,SKIP
wheel_5_1.mtx,bfp4_lb,bfp4_lb,controlled_lossy_value_specialized,ok,none,accuracy_pass_runtime_win,0.0068,0.0055,1.764706,1.308824,,249,632,bfp4,bfp4,false,0,0,false,0,spmv_max_rel,SKIP
wheel_5_1.mtx,hybrid_lb,hybrid_lb,structural_hybrid,ok,none,promoted_fallback,0.0057,0.0044,2.105263,1.561404,,1456,,original,raw_double,false,,,1,0,exact_abs_or_rel,SKIP
wheel_5_1.mtx,cusparse_default,cusparse_csr,external_baseline,ok,none,external_baseline,0.0120,0.0082,1.000000,0.741667,,1456,960,original,original,false,,,true,0,exact_abs_or_rel,SKIP
wiki-RfA_Positive.mtx,original_lb,original_lb,load_balanced_traversal,ok,none,promoted_fallback,0.0130,0.0114,1.269231,1.000000,,1114608,1054656,original,original,false,0,0,true,0,exact_abs_or_rel,SKIP
wiki-RfA_Positive.mtx,auto_lossless_lb,original_lb,load_balanced_traversal,ok,none,promoted_fallback,0.0131,0.0120,1.259542,0.992366,,1114608,1054656,auto_lossless,original,true,6,1114608,true,0,exact_abs_or_rel,SKIP
wiki-RfA_Positive.mtx,fp16_lb,fp16_lb,controlled_lossy_value_specialized,ok,none,accuracy_pass_runtime_win,0.0111,0.0104,1.486486,1.171171,,278652,1054656,fp16,fp16,false,0,0,false,0,spmv_max_rel,SKIP
wiki-RfA_Positive.mtx,bf16_lb,bf16_lb,controlled_lossy_value_specialized,ok,none,accuracy_pass_runtime_win,0.0113,0.0109,1.460177,1.150442,,278652,1054656,bf16,bf16,false,0,0,false,0,spmv_max_rel,SKIP
wiki-RfA_Positive.mtx,bfp8_lb,bfp8_lb,controlled_lossy_value_specialized,ok,none,accuracy_pass_runtime_win,0.0114,0.0107,1.447368,1.140351,,402990,1054656,bfp8,bfp8,false,0,0,false,0,spmv_max_rel,SKIP
wiki-RfA_Positive.mtx,bfp8_outlier_lb,bfp8_outlier_lb,controlled_lossy_value_specialized,ok,none,accuracy_pass_runtime_loss,0.0137,0.0124,1.204380,0.948905,,408014,1054656,bfp8_outlier,bfp8_outlier,false,0,0,false,0,spmv_max_rel,SKIP
wiki-RfA_Positive.mtx,bfp4_lb,bfp4_lb,controlled_lossy_value_specialized,ok,none,accuracy_pass_runtime_loss,0.0145,0.0130,1.137931,0.896552,,333327,1054656,bfp4,bfp4,false,0,0,false,0,spmv_max_rel,SKIP
wiki-RfA_Positive.mtx,hybrid_lb,hybrid_lb,structural_hybrid,ok,none,promoted_fallback,0.0139,0.0125,1.187050,0.935252,,1114608,,original,raw_double,false,,,1,0,exact_abs_or_rel,SKIP
wiki-RfA_Positive.mtx,cusparse_default,cusparse_csr,external_baseline,ok,none,external_baseline,0.0165,0.0143,1.000000,0.787879,,1114608,602828,original,original,false,,,true,0,exact_abs_or_rel,SKIP
ww_36_pmec_36.mtx,original_lb,original_lb,load_balanced_traversal,ok,none,promoted_fallback,0.0078,0.0060,1.500000,1.000000,,9552,1224,original,original,false,0,0,true,0,exact_abs_or_rel,SKIP
ww_36_pmec_36.mtx,auto_lossless_lb,original_lb,load_balanced_traversal,ok,none,promoted_fallback,0.0073,0.0060,1.602740,1.068493,,9552,1224,auto_lossless,original,true,1162,9552,true,0,exact_abs_or_rel,SKIP
ww_36_pmec_36.mtx,fp16_lb,fp16_lb,controlled_lossy_value_specialized,ok,none,accuracy_pass_runtime_loss,0.0078,0.0070,1.500000,1.000000,,2388,1224,fp16,fp16,false,0,0,false,0,spmv_max_rel,SKIP
ww_36_pmec_36.mtx,bf16_lb,bf16_lb,controlled_lossy_value_specialized,ok,none,accuracy_pass_runtime_win,0.0076,0.0065,1.539474,1.026316,,2388,1224,bf16,bf16,false,0,0,false,0,spmv_max_rel,SKIP
ww_36_pmec_36.mtx,bfp8_lb,bfp8_lb,controlled_lossy_value_specialized,ok,none,accuracy_pass_runtime_win,0.0072,0.0058,1.625000,1.083333,,1500,1224,bfp8,bfp8,false,0,0,false,0,spmv_max_rel,SKIP
ww_36_pmec_36.mtx,bfp8_outlier_lb,bfp8_outlier_lb,controlled_lossy_value_specialized,ok,none,accuracy_pass_runtime_loss,0.0091,0.0083,1.285714,0.857143,,1580,1224,bfp8_outlier,bfp8_outlier,false,0,0,false,0,spmv_max_rel,SKIP
ww_36_pmec_36.mtx,bfp4_lb,bfp4_lb,controlled_lossy_value_specialized,ok,none,accuracy_pass_runtime_loss,0.0127,0.0084,0.921260,0.614173,,903,1224,bfp4,bfp4,false,0,0,false,0,spmv_max_rel,SKIP
ww_36_pmec_36.mtx,hybrid_lb,hybrid_lb,structural_hybrid,ok,none,promoted_fallback,0.0081,0.0074,1.444444,0.962963,,9552,,original,raw_double,false,,,1,0,exact_abs_or_rel,SKIP
ww_36_pmec_36.mtx,cusparse_default,cusparse_csr,external_baseline,ok,none,external_baseline,0.0117,0.0082,1.000000,0.666667,,9552,5044,original,original,false,,,true,0,exact_abs_or_rel,SKIP
xingo3012_B.mtx,original_lb,original_lb,load_balanced_traversal,ok,none,promoted_fallback,0.0046,0.0036,3.152174,1.000000,,16,16,original,original,false,0,0,true,0,exact_abs_or_rel,SKIP
xingo3012_B.mtx,auto_lossless_lb,all_one_lb,lossless_value_specialized,ok,none,accuracy_pass_runtime_loss,0.0057,0.0037,2.543860,0.807018,,0,16,auto_lossless,all_one,true,1,0,true,0,exact_abs_or_rel,SKIP
xingo3012_B.mtx,fp16_lb,fp16_lb,controlled_lossy_value_specialized,ok,none,accuracy_pass_runtime_win,0.0042,0.0030,3.452381,1.095238,,4,16,fp16,fp16,false,0,0,false,0,spmv_max_rel,SKIP
xingo3012_B.mtx,bf16_lb,bf16_lb,controlled_lossy_value_specialized,ok,none,accuracy_pass_runtime_loss,0.0046,0.0033,3.152174,1.000000,,4,16,bf16,bf16,false,0,0,false,0,spmv_max_rel,SKIP
xingo3012_B.mtx,bfp8_lb,bfp8_lb,controlled_lossy_value_specialized,ok,none,accuracy_pass_runtime_loss,0.0055,0.0043,2.636364,0.836364,,6,16,bfp8,bfp8,false,0,0,false,0,spmv_max_rel,SKIP
xingo3012_B.mtx,bfp8_outlier_lb,bfp8_outlier_lb,controlled_lossy_value_specialized,ok,none,accuracy_pass_runtime_loss,0.0048,0.0044,3.020833,0.958333,,6,16,bfp8_outlier,bfp8_outlier,false,0,0,false,0,spmv_max_rel,SKIP
xingo3012_B.mtx,bfp4_lb,bfp4_lb,controlled_lossy_value_specialized,ok,none,accuracy_pass_runtime_loss,0.0053,0.0046,2.735849,0.867925,,5,16,bfp4,bfp4,false,0,0,false,0,spmv_max_rel,SKIP
xingo3012_B.mtx,hybrid_lb,hybrid_lb,structural_hybrid,ok,none,promoted_fallback,0.0059,0.0052,2.457627,0.779661,,16,,original,raw_double,false,,,1,0,exact_abs_or_rel,SKIP
xingo3012_B.mtx,cusparse_default,cusparse_csr,external_baseline,ok,none,external_baseline,0.0145,0.0123,1.000000,0.317241,,16,83788,original,original,false,,,true,0,exact_abs_or_rel,SKIP
zeros_nopss_13k_B.mtx,original_lb,original_lb,load_balanced_traversal,ok,none,promoted_fallback,0.0056,0.0040,3.464286,1.000000,,736,504,original,original,false,0,0,true,0,exact_abs_or_rel,SKIP
zeros_nopss_13k_B.mtx,auto_lossless_lb,all_one_lb,lossless_value_specialized,ok,none,accuracy_pass_runtime_loss,0.0059,0.0049,3.288136,0.949153,,0,504,auto_lossless,all_one,true,1,0,true,0,exact_abs_or_rel,SKIP
zeros_nopss_13k_B.mtx,fp16_lb,fp16_lb,controlled_lossy_value_specialized,ok,none,accuracy_pass_runtime_win,0.0053,0.0046,3.660377,1.056604,,184,504,fp16,fp16,false,0,0,false,0,spmv_max_rel,SKIP
zeros_nopss_13k_B.mtx,bf16_lb,bf16_lb,controlled_lossy_value_specialized,ok,none,accuracy_pass_runtime_loss,0.0056,0.0049,3.464286,1.000000,,184,504,bf16,bf16,false,0,0,false,0,spmv_max_rel,SKIP
zeros_nopss_13k_B.mtx,bfp8_lb,bfp8_lb,controlled_lossy_value_specialized,ok,none,accuracy_pass_runtime_loss,0.0056,0.0048,3.464286,1.000000,,218,504,bfp8,bfp8,false,0,0,false,0,spmv_max_rel,SKIP
zeros_nopss_13k_B.mtx,bfp8_outlier_lb,bfp8_outlier_lb,controlled_lossy_value_specialized,ok,none,accuracy_pass_runtime_win,0.0055,0.0046,3.527273,1.018182,,218,504,bfp8_outlier,bfp8_outlier,false,0,0,false,0,spmv_max_rel,SKIP
zeros_nopss_13k_B.mtx,bfp4_lb,bfp4_lb,controlled_lossy_value_specialized,ok,none,accuracy_pass_runtime_loss,0.0061,0.0055,3.180328,0.918033,,172,504,bfp4,bfp4,false,0,0,false,0,spmv_max_rel,SKIP
zeros_nopss_13k_B.mtx,hybrid_lb,hybrid_lb,structural_hybrid,ok,none,promoted_fallback,0.0071,0.0059,2.732394,0.788732,,736,,original,raw_double,false,,,1,0,exact_abs_or_rel,SKIP
zeros_nopss_13k_B.mtx,cusparse_default,cusparse_csr,external_baseline,ok,none,external_baseline,0.0194,0.0164,1.000000,0.288660,,736,53556,original,original,false,,,true,0,exact_abs_or_rel,SKIP
