matrix,baseline,baseline_group,precision_group,status,gpu,rows,cols,nnz,pre_ms,spmv_ms,avg_ms,min_ms,gflops,conversion_ms,storage_ratio,ref_baseline,ref_spmv_ms,ref_gflops,error_metric,elapsed_s
AG-Monien/cage/cage_G_01.mtx,cusparse_double,main,double,ok,6,10,10,30,0.1316,0.0120,0.0120,0.0082,,,,,,,,1.362
AG-Monien/cage/cage_G_01.mtx,cusparse_float,main_float,float,ok,2,10,10,30,0.1237,0.0075,0.0075,0.0060,,,,,,,,0.921
AG-Monien/cage/cage_G_01.mtx,dasp_double,main,double,ok,2,,,,0.0050,0.0041,0.0041,,0.0146,,,,,,,0.665
AG-Monien/cage/cage_G_01.mtx,dasp_half,main_reduced_precision,half,ok,2,,,,0.0050,0.0058,0.0058,,0.0104,,,,,,,0.932
AG-Monien/cage/cage_G_01.mtx,packsell_pack16,structural_related,half,ok,2,10,10,30,,0.003375,0.003375,,0.0177781,,,,,,0.0004729,1.481
AG-Monien/cage/cage_G_01.mtx,packsell_pack32,structural_related,float,ok,2,10,10,30,,0.003923,0.003923,,0.0152952,,,,,,0,1.474
AG-Monien/cage/cage_G_01.mtx,spaden_bitmap_float,structural_related,float,ok,2,10,10,30,,0.0043,0.0043,,0.0140,6.02,64.8,,,,0.000000e+00,0.424
AG-Monien/cage/cage_G_02.mtx,cusparse_double,main,double,ok,5,14,14,42,0.1533,0.0138,0.0138,0.0102,,,,,,,,0.653
AG-Monien/cage/cage_G_02.mtx,cusparse_float,main_float,float,ok,2,14,14,42,0.1281,0.0070,0.0070,0.0052,,,,,,,,1.212
AG-Monien/cage/cage_G_02.mtx,dasp_double,main,double,ok,2,,,,0.0070,0.0041,0.0041,,0.0205,,,,,,,1.485
AG-Monien/cage/cage_G_02.mtx,dasp_half,main_reduced_precision,half,ok,2,,,,0.0050,0.0057,0.0057,,0.0146,,,,,,,1.128
AG-Monien/cage/cage_G_02.mtx,packsell_pack16,structural_related,half,ok,2,14,14,42,,0.003287,0.003287,,0.0255547,,,,,,0.000689488,2.287
AG-Monien/cage/cage_G_02.mtx,packsell_pack32,structural_related,float,ok,2,14,14,42,,0.003394,0.003394,,0.024753,,,,,,0,2.025
AG-Monien/cage/cage_G_02.mtx,spaden_bitmap_float,structural_related,float,ok,2,14,14,42,,0.0048,0.0048,,0.0177,7.62,62.6,,,,0.000000e+00,0.971
AG-Monien/cage/cage_G_31.mtx,cusparse_double,main,double,ok,2,19,19,76,0.1535,0.0156,0.0156,0.0102,,,,,,,,0.932
AG-Monien/cage/cage_G_31.mtx,cusparse_float,main_float,float,ok,3,19,19,76,0.1302,0.0071,0.0071,0.0059,,,,,,,,1.739
AG-Monien/cage/cage_G_31.mtx,dasp_double,main,double,ok,3,,,,0.0070,0.0062,0.0062,,0.0244,,,,,,,1.541
AG-Monien/cage/cage_G_31.mtx,dasp_half,main_reduced_precision,half,ok,3,,,,0.0070,0.0022,0.0022,,0.0683,,,,,,,1.384
AG-Monien/cage/cage_G_31.mtx,packsell_pack16,structural_related,half,ok,3,19,19,76,,0.003110,0.003110,,0.0488809,,,,,,0.000968338,2.024
AG-Monien/cage/cage_G_31.mtx,packsell_pack32,structural_related,float,ok,3,19,19,76,,0.003240,0.003240,,0.0469078,,,,,,2.75894e-07,2.239
AG-Monien/cage/cage_G_31.mtx,spaden_bitmap_float,structural_related,float,ok,3,19,19,76,,0.0043,0.0043,,0.0355,12.15,68.0,,,,0.000000e+00,1.448
AG-Monien/cage/cage_G_36.mtx,cusparse_double,main,double,ok,4,42,42,210,0.1631,0.0158,0.0158,0.0102,,,,,,,,1.063
AG-Monien/cage/cage_G_36.mtx,cusparse_float,main_float,float,ok,5,42,42,210,0.1380,0.0075,0.0075,0.0062,,,,,,,,1.706
AG-Monien/cage/cage_G_36.mtx,dasp_double,main,double,ok,5,,,,0.0130,0.0041,0.0041,,0.1024,,,,,,,1.204
AG-Monien/cage/cage_G_36.mtx,dasp_half,main_reduced_precision,half,ok,5,,,,0.0130,0.0040,0.0040,,0.1052,,,,,,,1.389
AG-Monien/cage/cage_G_36.mtx,packsell_pack16,structural_related,half,ok,5,42,42,210,,0.003057,0.003057,,0.1374,,,,,,0.00125316,3.697
AG-Monien/cage/cage_G_36.mtx,packsell_pack32,structural_related,float,ok,5,42,42,210,,0.004541,0.004541,,0.0924811,,,,,,4.21543e-07,2.447
AG-Monien/cage/cage_G_36.mtx,spaden_bitmap_float,structural_related,float,ok,5,42,42,210,,0.0051,0.0051,,0.0824,28.16,67.8,,,,0.000000e+00,1.900
AG-Monien/se/se_G_01.mtx,cusparse_double,main,double,ok,1,8,8,20,0.1326,0.0111,0.0111,0.0082,,,,,,,,0.403
AG-Monien/se/se_G_01.mtx,cusparse_float,main_float,float,ok,7,8,8,20,0.1263,0.0076,0.0076,0.0067,,,,,,,,0.573
AG-Monien/se/se_G_01.mtx,dasp_double,main,double,ok,7,,,,0.0060,0.0041,0.0041,,0.0098,,,,,,,0.337
AG-Monien/se/se_G_01.mtx,dasp_half,main_reduced_precision,half,ok,7,,,,0.0050,0.0021,0.0021,,0.0195,,,,,,,0.330
AG-Monien/se/se_G_01.mtx,packsell_pack16,structural_related,half,ok,7,8,8,20,,0.003823,0.003823,,0.0104622,,,,,,0.000172387,0.794
AG-Monien/se/se_G_01.mtx,packsell_pack32,structural_related,float,ok,7,8,8,20,,0.004269,0.004269,,0.00937039,,,,,,0,0.815
AG-Monien/se/se_G_01.mtx,spaden_bitmap_float,structural_related,float,ok,7,8,8,20,,0.0030,0.0030,,0.0132,5.28,55.1,,,,0.000000e+00,0.337
AG-Monien/se/se_G_02.mtx,cusparse_double,main,double,ok,7,16,16,42,0.1337,0.0114,0.0114,0.0082,,,,,,,,0.394
AG-Monien/se/se_G_02.mtx,cusparse_float,main_float,float,ok,7,16,16,42,0.1250,0.0080,0.0080,0.0066,,,,,,,,0.988
AG-Monien/se/se_G_02.mtx,dasp_double,main,double,ok,7,,,,0.0090,0.0041,0.0041,,0.0205,,,,,,,0.919
AG-Monien/se/se_G_02.mtx,dasp_half,main_reduced_precision,half,ok,7,,,,0.0080,0.0041,0.0041,,0.0205,,,,,,,0.887
AG-Monien/se/se_G_02.mtx,packsell_pack16,structural_related,half,ok,7,16,16,42,,0.003707,0.003707,,0.0226613,,,,,,0.00025894,1.434
AG-Monien/se/se_G_02.mtx,packsell_pack32,structural_related,float,ok,7,16,16,42,,0.004261,0.004261,,0.0197115,,,,,,8.67292e-08,1.207
AG-Monien/se/se_G_02.mtx,spaden_bitmap_float,structural_related,float,ok,7,16,16,42,,0.0047,0.0047,,0.0178,5.24,61.4,,,,0.000000e+00,0.330
AG-Monien/whitaker3/whitaker3.mtx,cusparse_double,main,double,ok,2,9800,9800,57978,0.1372,0.0151,0.0151,0.0143,,,,,,,,1.226
AG-Monien/whitaker3/whitaker3.mtx,cusparse_float,main_float,float,ok,7,9800,9800,57978,0.1367,0.0096,0.0096,0.0079,,,,,,,,1.677
AG-Monien/whitaker3/whitaker3.mtx,dasp_double,main,double,ok,7,,,,0.7250,0.0041,0.0041,,28.2544,,,,,,,1.711
AG-Monien/whitaker3/whitaker3.mtx,dasp_half,main_reduced_precision,half,ok,7,,,,1.0420,0.0061,0.0061,,18.9254,,,,,,,1.611
AG-Monien/whitaker3/whitaker3.mtx,packsell_pack16,structural_related,half,ok,7,9800,9800,57978,,0.004278,0.004278,,27.1043,,,,,,0.00157269,2.846
AG-Monien/whitaker3/whitaker3.mtx,packsell_pack32,structural_related,float,ok,7,9800,9800,57978,,0.004269,0.004269,,27.1638,,,,,,5.82451e-07,2.263
AG-Monien/whitaker3/whitaker3.mtx,spaden_bitmap_float,structural_related,float,ok,7,9800,9800,57978,,0.0113,0.0113,,10.2934,171.97,79.0,,,,0.000000e+00,1.886
Andrianov/ex3sta1/ex3sta1.mtx,cusparse_double,main,double,ok,4,16782,16782,678998,0.1322,0.0147,0.0147,0.0123,,,,,,,,0.819
Andrianov/ex3sta1/ex3sta1.mtx,cusparse_float,main_float,float,ok,5,16782,16782,678998,0.1280,0.0099,0.0099,0.0084,,,,,,,,1.648
Andrianov/ex3sta1/ex3sta1.mtx,dasp_double,main,double,ok,5,,,,6.9970,0.0281,0.0281,,48.2551,,,,,,,1.907
Andrianov/ex3sta1/ex3sta1.mtx,dasp_half,main_reduced_precision,half,ok,5,,,,4.8800,0.0138,0.0138,,98.4198,,,,,,,1.300
Andrianov/ex3sta1/ex3sta1.mtx,packsell_pack16,structural_related,half,ok,5,16782,16782,678998,,0.022795,0.022795,,59.5736,,,,,,0.00236737,4.042
Andrianov/ex3sta1/ex3sta1.mtx,packsell_pack32,structural_related,float,ok,5,16782,16782,678998,,0.043205,0.043205,,31.4313,,,,,,1.02592e-06,2.165
Andrianov/ex3sta1/ex3sta1.mtx,spaden_bitmap_float,structural_related,float,ok,5,16782,16782,678998,,0.1066,0.1066,,12.7390,349.02,71.9,,,,0.000000e+00,1.909
Andrianov/fxm3_6/fxm3_6.mtx,cusparse_double,main,double,ok,3,5026,5026,94026,0.1380,0.0141,0.0141,0.0102,,,,,,,,1.085
Andrianov/fxm3_6/fxm3_6.mtx,cusparse_float,main_float,float,ok,5,5026,5026,94026,0.1421,0.0098,0.0098,0.0080,,,,,,,,1.664
Andrianov/fxm3_6/fxm3_6.mtx,dasp_double,main,double,ok,5,,,,0.9730,0.0145,0.0145,,12.9593,,,,,,,1.037
Andrianov/fxm3_6/fxm3_6.mtx,dasp_half,main_reduced_precision,half,ok,5,,,,0.9790,0.0082,0.0082,,22.9388,,,,,,,1.661
Andrianov/fxm3_6/fxm3_6.mtx,packsell_pack16,structural_related,half,ok,5,5026,5026,94026,,0.010534,0.010534,,17.852,,,,,,0.00184769,2.727
Andrianov/fxm3_6/fxm3_6.mtx,packsell_pack32,structural_related,float,ok,5,5026,5026,94026,,0.016614,0.016614,,11.319,,,,,,6.1107e-07,1.904
Andrianov/fxm3_6/fxm3_6.mtx,spaden_bitmap_float,structural_related,float,ok,5,5026,5026,94026,,0.0219,0.0219,,8.5773,441.14,67.4,,,,0.000000e+00,2.156
Andrianov/net25/net25.mtx,cusparse_double,main,double,ok,6,9520,9520,401200,0.1531,0.0142,0.0142,0.0123,,,,,,,,0.960
Andrianov/net25/net25.mtx,cusparse_float,main_float,float,ok,3,9520,9520,401200,0.1348,0.0094,0.0094,0.0078,,,,,,,,1.737
Andrianov/net25/net25.mtx,dasp_double,main,double,ok,3,,,,5.3030,0.0143,0.0143,,55.9242,,,,,,,1.714
Andrianov/net25/net25.mtx,dasp_half,main_reduced_precision,half,ok,3,,,,3.0290,0.0082,0.0082,,97.7821,,,,,,,1.502
Andrianov/net25/net25.mtx,packsell_pack16,structural_related,half,ok,3,9520,9520,401200,,0.012565,0.012565,,63.8584,,,,,,0.00145163,2.985
Andrianov/net25/net25.mtx,packsell_pack32,structural_related,float,ok,3,9520,9520,401200,,0.022690,0.022690,,35.363,,,,,,4.22194e-07,2.993
Andrianov/net25/net25.mtx,spaden_bitmap_float,structural_related,float,ok,3,9520,9520,401200,,0.0733,0.0733,,10.9471,361.74,83.0,,,,0.000000e+00,2.083
Arenas/jazz/jazz.mtx,cusparse_double,main,double,ok,4,198,198,5484,0.1349,0.0120,0.0120,0.0102,,,,,,,,1.346
Arenas/jazz/jazz.mtx,cusparse_float,main_float,float,ok,2,198,198,5484,0.1416,0.0079,0.0079,0.0063,,,,,,,,1.643
Arenas/jazz/jazz.mtx,dasp_double,main,double,ok,2,,,,0.1030,0.0103,0.0103,,1.0698,,,,,,,2.223
Arenas/jazz/jazz.mtx,dasp_half,main_reduced_precision,half,ok,2,,,,0.0550,0.0062,0.0062,,1.7828,,,,,,,2.111
Arenas/jazz/jazz.mtx,packsell_pack16,structural_related,half,ok,2,198,198,5484,,0.008358,0.008358,,1.31225,,,,,,0.000405756,2.371
Arenas/jazz/jazz.mtx,packsell_pack32,structural_related,float,ok,2,198,198,5484,,0.012581,0.012581,,0.871812,,,,,,1.21664e-07,2.086
Arenas/jazz/jazz.mtx,spaden_bitmap_float,structural_related,float,ok,2,198,198,5484,,0.0132,0.0132,,0.8296,68.72,71.6,,,,0.000000e+00,1.864
Averous/epb0/epb0.mtx,cusparse_double,main,double,ok,4,1794,1794,7764,0.1497,0.0138,0.0138,0.0123,,,,,,,,1.332
Averous/epb0/epb0.mtx,cusparse_float,main_float,float,ok,3,1794,1794,7764,0.1319,0.0092,0.0092,0.0068,,,,,,,,1.586
Averous/epb0/epb0.mtx,dasp_double,main,double,ok,3,,,,0.0900,0.0098,0.0098,,1.5847,,,,,,,1.281
Averous/epb0/epb0.mtx,dasp_half,main_reduced_precision,half,ok,3,,,,0.0920,0.0053,0.0053,,2.9161,,,,,,,1.426
Averous/epb0/epb0.mtx,packsell_pack16,structural_related,half,ok,3,1794,1794,7764,,0.004261,0.004261,,3.64416,,,,,,0.000613786,3.347
Averous/epb0/epb0.mtx,packsell_pack32,structural_related,float,ok,3,1794,1794,7764,,0.004328,0.004328,,3.58788,,,,,,1.68472e-07,2.277
Averous/epb0/epb0.mtx,spaden_bitmap_float,structural_related,float,ok,3,1794,1794,7764,,0.0089,0.0089,,1.7390,38.44,73.0,,,,6.521478e-08,1.847
Bai/bfwa62/bfwa62.mtx,cusparse_double,main,double,ok,7,62,62,450,0.1132,0.0113,0.0113,0.0082,,,,,,,,0.388
Bai/bfwa62/bfwa62.mtx,cusparse_float,main_float,float,ok,4,62,62,450,0.1857,0.0076,0.0076,0.0063,,,,,,,,1.594
Bai/bfwa62/bfwa62.mtx,dasp_double,main,double,ok,4,,,,0.0130,0.0041,0.0041,,0.2194,,,,,,,2.030
Bai/bfwa62/bfwa62.mtx,dasp_half,main_reduced_precision,half,ok,4,,,,0.0180,0.0041,0.0041,,0.2194,,,,,,,1.661
Bai/bfwa62/bfwa62.mtx,packsell_pack16,structural_related,half,ok,4,62,62,450,,0.003596,0.003596,,0.25029,,,,,,0.000524193,3.725
Bai/bfwa62/bfwa62.mtx,packsell_pack32,structural_related,float,ok,4,62,62,450,,0.004382,0.004382,,0.205404,,,,,,1.27105e-07,2.794
Bai/bfwa62/bfwa62.mtx,spaden_bitmap_float,structural_related,float,ok,4,62,62,450,,0.0070,0.0070,,0.1284,6.10,66.9,,,,3.371110e-07,1.558
Bai/bfwa782/bfwa782.mtx,cusparse_double,main,double,ok,7,782,782,7514,0.1803,0.0165,0.0165,0.0123,,,,,,,,0.450
Bai/bfwa782/bfwa782.mtx,cusparse_float,main_float,float,ok,7,782,782,7514,0.1337,0.0082,0.0082,0.0057,,,,,,,,1.851
Bai/bfwa782/bfwa782.mtx,dasp_double,main,double,ok,7,,,,0.0880,0.0049,0.0049,,3.0483,,,,,,,1.720
Bai/bfwa782/bfwa782.mtx,dasp_half,main_reduced_precision,half,ok,7,,,,0.0940,0.0041,0.0041,,3.6627,,,,,,,1.661
Bai/bfwa782/bfwa782.mtx,packsell_pack16,structural_related,half,ok,7,782,782,7514,,0.003918,0.003918,,3.83596,,,,,,0.00061072,2.403
Bai/bfwa782/bfwa782.mtx,packsell_pack32,structural_related,float,ok,7,782,782,7514,,0.006318,0.006318,,2.37871,,,,,,1.87389e-07,2.642
Bai/bfwa782/bfwa782.mtx,spaden_bitmap_float,structural_related,float,ok,7,782,782,7514,,0.0111,0.0111,,1.3518,14.96,77.5,,,,6.410380e-07,1.700
Bai/bfwb62/bfwb62.mtx,cusparse_double,main,double,ok,7,62,62,342,0.1199,0.0115,0.0115,0.0082,,,,,,,,0.398
Bai/bfwb62/bfwb62.mtx,cusparse_float,main_float,float,ok,2,62,62,342,0.1277,0.0074,0.0074,0.0062,,,,,,,,1.598
Bai/bfwb62/bfwb62.mtx,dasp_double,main,double,ok,2,,,,0.0170,0.0041,0.0041,,0.1668,,,,,,,1.449
Bai/bfwb62/bfwb62.mtx,dasp_half,main_reduced_precision,half,ok,2,,,,0.0150,0.0041,0.0041,,0.1668,,,,,,,1.385
Bai/bfwb62/bfwb62.mtx,packsell_pack16,structural_related,half,ok,2,62,62,342,,0.004478,0.004478,,0.152735,,,,,,0.000810459,2.728
Bai/bfwb62/bfwb62.mtx,packsell_pack32,structural_related,float,ok,2,62,62,342,,0.004254,0.004254,,0.160775,,,,,,1.23651e-07,3.868
Bai/bfwb62/bfwb62.mtx,spaden_bitmap_float,structural_related,float,ok,2,62,62,342,,0.0067,0.0067,,0.1020,19.81,71.8,,,,5.286682e-08,1.498
Bai/bwm200/bwm200.mtx,cusparse_double,main,double,ok,7,200,200,796,0.1237,0.0117,0.0117,0.0082,,,,,,,,0.394
Bai/bwm200/bwm200.mtx,cusparse_float,main_float,float,ok,2,200,200,796,0.1297,0.0077,0.0077,0.0062,,,,,,,,1.654
Bai/bwm200/bwm200.mtx,dasp_double,main,double,ok,2,,,,0.0120,0.0065,0.0065,,0.2447,,,,,,,1.834
Bai/bwm200/bwm200.mtx,dasp_half,main_reduced_precision,half,ok,2,,,,0.0100,0.0046,0.0046,,0.3478,,,,,,,1.380
Bai/bwm200/bwm200.mtx,packsell_pack16,structural_related,half,ok,2,200,200,796,,0.003062,0.003062,,0.519876,,,,,,0.000496556,3.557
Bai/bwm200/bwm200.mtx,packsell_pack32,structural_related,float,ok,2,200,200,796,,0.003162,0.003162,,0.503527,,,,,,9.8924e-08,3.339
Bai/bwm200/bwm200.mtx,spaden_bitmap_float,structural_related,float,ok,2,200,200,796,,0.0049,0.0049,,0.3275,16.72,73.3,,,,3.025505e-07,2.242
Bai/bwm2000/bwm2000.mtx,cusparse_double,main,double,ok,6,2000,2000,7996,0.1337,0.0146,0.0146,0.0123,,,,,,,,1.070
Bai/bwm2000/bwm2000.mtx,cusparse_float,main_float,float,ok,7,2000,2000,7996,0.1366,0.0089,0.0089,0.0079,,,,,,,,1.584
Bai/bwm2000/bwm2000.mtx,dasp_double,main,double,ok,7,,,,0.0600,0.0041,0.0041,,3.9005,,,,,,,1.542
Bai/bwm2000/bwm2000.mtx,dasp_half,main_reduced_precision,half,ok,7,,,,0.0440,0.0021,0.0021,,7.5791,,,,,,,1.645
Bai/bwm2000/bwm2000.mtx,packsell_pack16,structural_related,half,ok,7,2000,2000,7996,,0.002967,0.002967,,5.38917,,,,,,0.000469381,3.984
Bai/bwm2000/bwm2000.mtx,packsell_pack32,structural_related,float,ok,7,2000,2000,7996,,0.003596,0.003596,,4.4472,,,,,,1.50888e-07,2.885
Bai/bwm2000/bwm2000.mtx,spaden_bitmap_float,structural_related,float,ok,7,2000,2000,7996,,0.0051,0.0051,,3.1490,39.72,68.0,,,,6.409891e-07,1.857
Bai/cdde1/cdde1.mtx,cusparse_double,main,double,ok,5,961,961,4681,0.1344,0.0136,0.0136,0.0123,,,,,,,,1.424
Bai/cdde1/cdde1.mtx,cusparse_float,main_float,float,ok,5,961,961,4681,0.1276,0.0083,0.0083,0.0061,,,,,,,,1.603
Bai/cdde1/cdde1.mtx,dasp_double,main,double,ok,5,,,,0.0680,0.0065,0.0065,,1.4313,,,,,,,1.135
Bai/cdde1/cdde1.mtx,dasp_half,main_reduced_precision,half,ok,5,,,,0.0990,0.0041,0.0041,,2.2952,,,,,,,1.502
Bai/cdde1/cdde1.mtx,packsell_pack16,structural_related,half,ok,5,961,961,4681,,0.003446,0.003446,,2.71704,,,,,,0.00060922,2.810
Bai/cdde1/cdde1.mtx,packsell_pack32,structural_related,float,ok,5,961,961,4681,,0.003310,0.003310,,2.82857,,,,,,1.52609e-07,2.472
Bai/cdde1/cdde1.mtx,spaden_bitmap_float,structural_related,float,ok,5,961,961,4681,,0.0069,0.0069,,1.3572,9.58,78.4,,,,0.000000e+00,1.663
Bai/cdde2/cdde2.mtx,cusparse_double,main,double,ok,5,961,961,4681,0.1283,0.0143,0.0143,0.0102,,,,,,,,1.627
Bai/cdde2/cdde2.mtx,cusparse_float,main_float,float,ok,6,961,961,4681,0.1359,0.0087,0.0087,0.0071,,,,,,,,1.548
Bai/cdde2/cdde2.mtx,dasp_double,main,double,ok,6,,,,0.0630,0.0041,0.0041,,2.2823,,,,,,,1.554
Bai/cdde2/cdde2.mtx,dasp_half,main_reduced_precision,half,ok,6,,,,0.0900,0.0041,0.0041,,2.2829,,,,,,,1.987
Bai/cdde2/cdde2.mtx,packsell_pack16,structural_related,half,ok,6,961,961,4681,,0.003293,0.003293,,2.84329,,,,,,0.000535595,2.127
Bai/cdde2/cdde2.mtx,packsell_pack32,structural_related,float,ok,6,961,961,4681,,0.003821,0.003821,,2.44997,,,,,,1.33349e-07,3.114
Bai/cdde2/cdde2.mtx,spaden_bitmap_float,structural_related,float,ok,6,961,961,4681,,0.0071,0.0071,,1.3246,25.69,78.4,,,,0.000000e+00,1.822
Bai/cdde3/cdde3.mtx,cusparse_double,main,double,ok,5,961,961,4681,0.1370,0.0134,0.0134,0.0123,,,,,,,,1.713
Bai/cdde3/cdde3.mtx,cusparse_float,main_float,float,ok,5,961,961,4681,0.1285,0.0084,0.0084,0.0061,,,,,,,,1.506
Bai/cdde3/cdde3.mtx,dasp_double,main,double,ok,5,,,,0.0840,0.0041,0.0041,,2.2806,,,,,,,1.485
Bai/cdde3/cdde3.mtx,dasp_half,main_reduced_precision,half,ok,5,,,,0.1050,0.0041,0.0041,,2.2829,,,,,,,1.704
Bai/cdde3/cdde3.mtx,packsell_pack16,structural_related,half,ok,5,961,961,4681,,0.003601,0.003601,,2.59964,,,,,,0.000641327,3.251
Bai/cdde3/cdde3.mtx,packsell_pack32,structural_related,float,ok,5,961,961,4681,,0.004112,0.004112,,2.27692,,,,,,1.80548e-07,2.319
Bai/cdde3/cdde3.mtx,spaden_bitmap_float,structural_related,float,ok,5,961,961,4681,,0.0072,0.0072,,1.2984,10.74,78.4,,,,0.000000e+00,1.785
Bai/cdde4/cdde4.mtx,cusparse_double,main,double,ok,5,961,961,4681,0.1363,0.0141,0.0141,0.0123,,,,,,,,1.664
Bai/cdde4/cdde4.mtx,cusparse_float,main_float,float,ok,2,961,961,4681,0.1352,0.0081,0.0081,0.0058,,,,,,,,1.646
Bai/cdde4/cdde4.mtx,dasp_double,main,double,ok,2,,,,0.0670,0.0041,0.0041,,2.2823,,,,,,,1.737
Bai/cdde4/cdde4.mtx,dasp_half,main_reduced_precision,half,ok,2,,,,0.1010,0.0041,0.0041,,2.2829,,,,,,,1.849
Bai/cdde4/cdde4.mtx,packsell_pack16,structural_related,half,ok,2,961,961,4681,,0.003373,0.003373,,2.77582,,,,,,0.000511674,3.763
Bai/cdde4/cdde4.mtx,packsell_pack32,structural_related,float,ok,2,961,961,4681,,0.003467,0.003467,,2.70029,,,,,,1.73095e-07,4.071
Bai/cdde4/cdde4.mtx,spaden_bitmap_float,structural_related,float,ok,2,961,961,4681,,0.0067,0.0067,,1.3872,15.71,78.4,,,,0.000000e+00,1.564
Bai/cdde5/cdde5.mtx,cusparse_double,main,double,ok,3,961,961,4681,0.1389,0.0129,0.0129,0.0102,,,,,,,,1.277
Bai/cdde5/cdde5.mtx,cusparse_float,main_float,float,ok,7,961,961,4681,0.1352,0.0082,0.0082,0.0061,,,,,,,,1.663
Bai/cdde5/cdde5.mtx,dasp_double,main,double,ok,7,,,,0.0850,0.0041,0.0041,,2.2834,,,,,,,1.725
Bai/cdde5/cdde5.mtx,dasp_half,main_reduced_precision,half,ok,7,,,,0.1210,0.0041,0.0041,,2.2834,,,,,,,1.562
Bai/cdde5/cdde5.mtx,packsell_pack16,structural_related,half,ok,7,961,961,4681,,0.004246,0.004246,,2.20486,,,,,,0.00051709,2.273
Bai/cdde5/cdde5.mtx,packsell_pack32,structural_related,float,ok,7,961,961,4681,,0.004089,0.004089,,2.28976,,,,,,1.27264e-07,3.056
Bai/cdde5/cdde5.mtx,spaden_bitmap_float,structural_related,float,ok,7,961,961,4681,,0.0069,0.0069,,1.3526,90.62,78.4,,,,0.000000e+00,1.647
Bai/cdde6/cdde6.mtx,cusparse_double,main,double,ok,1,961,961,4681,0.1275,0.0130,0.0130,0.0117,,,,,,,,0.393
Bai/cdde6/cdde6.mtx,cusparse_float,main_float,float,ok,2,961,961,4681,0.1443,0.0081,0.0081,0.0061,,,,,,,,1.701
Bai/cdde6/cdde6.mtx,dasp_double,main,double,ok,2,,,,0.0760,0.0041,0.0041,,2.2829,,,,,,,1.845
Bai/cdde6/cdde6.mtx,dasp_half,main_reduced_precision,half,ok,2,,,,0.1040,0.0041,0.0041,,2.2823,,,,,,,1.662
Bai/cdde6/cdde6.mtx,packsell_pack16,structural_related,half,ok,2,961,961,4681,,0.003742,0.003742,,2.50192,,,,,,0.000416128,3.844
Bai/cdde6/cdde6.mtx,packsell_pack32,structural_related,float,ok,2,961,961,4681,,0.003350,0.003350,,2.79463,,,,,,1.56474e-07,3.125
Bai/cdde6/cdde6.mtx,spaden_bitmap_float,structural_related,float,ok,2,961,961,4681,,0.0068,0.0068,,1.3692,134.87,78.4,,,,0.000000e+00,1.980
Bai/ck104/ck104.mtx,cusparse_double,main,double,ok,5,104,104,992,0.1254,0.0115,0.0115,0.0082,,,,,,,,0.836
Bai/ck104/ck104.mtx,cusparse_float,main_float,float,ok,4,104,104,992,0.1347,0.0076,0.0076,0.0060,,,,,,,,1.575
Bai/ck104/ck104.mtx,dasp_double,main,double,ok,4,,,,0.0160,0.0041,0.0041,,0.4835,,,,,,,1.389
Bai/ck104/ck104.mtx,dasp_half,main_reduced_precision,half,ok,4,,,,0.0180,0.0041,0.0041,,0.4840,,,,,,,2.067
Bai/ck104/ck104.mtx,packsell_pack16,structural_related,half,ok,4,104,104,992,,0.003473,0.003473,,0.571302,,,,,,0.000372875,3.347
Bai/ck104/ck104.mtx,packsell_pack32,structural_related,float,ok,4,104,104,992,,0.003847,0.003847,,0.515677,,,,,,1.05836e-07,2.812
Bai/ck104/ck104.mtx,spaden_bitmap_float,structural_related,float,ok,4,104,104,992,,0.0049,0.0049,,0.4032,28.70,60.3,,,,6.229751e-08,1.414
Bai/ck400/ck400.mtx,cusparse_double,main,double,ok,6,400,400,2860,0.1379,0.0121,0.0121,0.0102,,,,,,,,1.424
Bai/ck400/ck400.mtx,cusparse_float,main_float,float,ok,6,400,400,2860,0.1315,0.0078,0.0078,0.0061,,,,,,,,1.612
Bai/ck400/ck400.mtx,dasp_double,main,double,ok,6,,,,0.0510,0.0097,0.0097,,0.5922,,,,,,,0.922
Bai/ck400/ck400.mtx,dasp_half,main_reduced_precision,half,ok,6,,,,0.0450,0.0041,0.0041,,1.3948,,,,,,,1.226
Bai/ck400/ck400.mtx,packsell_pack16,structural_related,half,ok,6,400,400,2860,,0.003954,0.003954,,1.44662,,,,,,0.000355311,2.238
Bai/ck400/ck400.mtx,packsell_pack32,structural_related,float,ok,6,400,400,2860,,0.004245,0.004245,,1.3475,,,,,,1.06197e-07,2.482
Bai/ck400/ck400.mtx,spaden_bitmap_float,structural_related,float,ok,6,400,400,2860,,0.0050,0.0050,,1.1414,10.62,63.5,,,,4.909521e-08,1.519
Bai/ck656/ck656.mtx,cusparse_double,main,double,ok,5,656,656,3884,0.1277,0.0130,0.0130,0.0102,,,,,,,,1.242
Bai/ck656/ck656.mtx,cusparse_float,main_float,float,ok,4,656,656,3884,0.1282,0.0080,0.0080,0.0061,,,,,,,,1.584
Bai/ck656/ck656.mtx,dasp_double,main,double,ok,4,,,,0.0630,0.0101,0.0101,,0.7712,,,,,,,1.669
Bai/ck656/ck656.mtx,dasp_half,main_reduced_precision,half,ok,4,,,,0.0610,0.0041,0.0041,,1.8937,,,,,,,1.736
Bai/ck656/ck656.mtx,packsell_pack16,structural_related,half,ok,4,656,656,3884,,0.003881,0.003881,,2.00177,,,,,,0.000350469,3.142
Bai/ck656/ck656.mtx,packsell_pack32,structural_related,float,ok,4,656,656,3884,,0.004286,0.004286,,1.8123,,,,,,1.1215e-07,2.568
Bai/ck656/ck656.mtx,spaden_bitmap_float,structural_related,float,ok,4,656,656,3884,,0.0061,0.0061,,1.2826,145.59,66.3,,,,4.231810e-08,2.027
Bai/cryg10000/cryg10000.mtx,cusparse_double,main,double,ok,5,10000,10000,49699,0.1300,0.0151,0.0151,0.0123,,,,,,,,1.282
Bai/cryg10000/cryg10000.mtx,cusparse_float,main_float,float,ok,2,10000,10000,49699,0.1263,0.0090,0.0090,0.0082,,,,,,,,1.596
Bai/cryg10000/cryg10000.mtx,dasp_double,main,double,ok,2,,,,0.8360,0.0059,0.0059,,16.9044,,,,,,,1.862
Bai/cryg10000/cryg10000.mtx,dasp_half,main_reduced_precision,half,ok,2,,,,0.9490,0.0041,0.0041,,24.2434,,,,,,,1.564
Bai/cryg10000/cryg10000.mtx,packsell_pack16,structural_related,half,ok,2,10000,10000,49699,,0.004273,0.004273,,23.2601,,,,,,0.000538812,3.668
Bai/cryg10000/cryg10000.mtx,packsell_pack32,structural_related,float,ok,2,10000,10000,49699,,0.004179,0.004179,,23.7826,,,,,,1.77926e-07,2.218
Bai/cryg10000/cryg10000.mtx,spaden_bitmap_float,structural_related,float,ok,2,10000,10000,49699,,0.0075,0.0075,,13.3408,144.84,78.1,,,,7.880537e-07,1.846
Bai/cryg2500/cryg2500.mtx,cusparse_double,main,double,ok,5,2500,2500,12349,0.1321,0.0136,0.0136,0.0123,,,,,,,,1.606
Bai/cryg2500/cryg2500.mtx,cusparse_float,main_float,float,ok,2,2500,2500,12349,0.1410,0.0094,0.0094,0.0071,,,,,,,,1.589
Bai/cryg2500/cryg2500.mtx,dasp_double,main,double,ok,2,,,,0.2220,0.0040,0.0040,,6.1164,,,,,,,1.539
Bai/cryg2500/cryg2500.mtx,dasp_half,main_reduced_precision,half,ok,2,,,,0.2410,0.0041,0.0041,,6.0224,,,,,,,1.676
Bai/cryg2500/cryg2500.mtx,packsell_pack16,structural_related,half,ok,2,2500,2500,12349,,0.003505,0.003505,,7.04738,,,,,,0.000538106,3.186
Bai/cryg2500/cryg2500.mtx,packsell_pack32,structural_related,float,ok,2,2500,2500,12349,,0.003705,0.003705,,6.66649,,,,,,1.44201e-07,3.503
Bai/cryg2500/cryg2500.mtx,spaden_bitmap_float,structural_related,float,ok,2,2500,2500,12349,,0.0070,0.0070,,3.5388,25.57,78.1,,,,6.010803e-07,1.923
Bai/dw4096/dw4096.mtx,cusparse_double,main,double,ok,2,8192,8192,41746,0.1501,0.0137,0.0137,0.0123,,,,,,,,1.281
Bai/dw4096/dw4096.mtx,cusparse_float,main_float,float,ok,7,8192,8192,41746,0.1398,0.0098,0.0098,0.0080,,,,,,,,1.660
Bai/dw4096/dw4096.mtx,dasp_double,main,double,ok,7,,,,0.7140,0.0041,0.0041,,20.3540,,,,,,,2.038
Bai/dw4096/dw4096.mtx,dasp_half,main_reduced_precision,half,ok,7,,,,0.8530,0.0092,0.0092,,9.1168,,,,,,,1.497
Bai/dw4096/dw4096.mtx,packsell_pack16,structural_related,half,ok,7,8192,8192,41746,,0.004265,0.004265,,19.5746,,,,,,0.000735123,2.622
Bai/dw4096/dw4096.mtx,packsell_pack32,structural_related,float,ok,7,8192,8192,41746,,0.003490,0.003490,,23.9234,,,,,,2.54124e-07,3.277
Bai/dw4096/dw4096.mtx,spaden_bitmap_float,structural_related,float,ok,7,8192,8192,41746,,0.0073,0.0073,,11.4502,75.54,69.5,,,,3.488656e-07,1.887
Bai/dw8192/dw8192.mtx,cusparse_double,main,double,ok,3,8192,8192,41746,0.1486,0.0141,0.0141,0.0123,,,,,,,,0.842
Bai/dw8192/dw8192.mtx,cusparse_float,main_float,float,ok,7,8192,8192,41746,0.1352,0.0094,0.0094,0.0079,,,,,,,,1.839
Bai/dw8192/dw8192.mtx,dasp_double,main,double,ok,7,,,,0.5930,0.0079,0.0079,,10.5499,,,,,,,2.009
Bai/dw8192/dw8192.mtx,dasp_half,main_reduced_precision,half,ok,7,,,,0.7900,0.0090,0.0090,,9.2450,,,,,,,2.397
Bai/dw8192/dw8192.mtx,packsell_pack16,structural_related,half,ok,7,8192,8192,41746,,0.003584,0.003584,,23.2955,,,,,,0.000735123,2.308
Bai/dw8192/dw8192.mtx,packsell_pack32,structural_related,float,ok,7,8192,8192,41746,,0.003840,0.003840,,21.7406,,,,,,2.54124e-07,2.957
Bai/dw8192/dw8192.mtx,spaden_bitmap_float,structural_related,float,ok,7,8192,8192,41746,,0.0070,0.0070,,11.9174,83.22,69.5,,,,3.488656e-07,1.466
Bai/mhd3200a/mhd3200a.mtx,cusparse_double,main,double,ok,5,3200,3200,68026,0.1390,0.0140,0.0140,0.0102,,,,,,,,1.530
Bai/mhd3200a/mhd3200a.mtx,cusparse_float,main_float,float,ok,4,3200,3200,68026,0.1182,0.0087,0.0087,0.0078,,,,,,,,1.456
Bai/mhd3200a/mhd3200a.mtx,dasp_double,main,double,ok,4,,,,0.7360,0.0061,0.0061,,22.1331,,,,,,,1.516
Bai/mhd3200a/mhd3200a.mtx,dasp_half,main_reduced_precision,half,ok,4,,,,0.6150,0.0041,0.0041,,33.1672,,,,,,,1.269
Bai/mhd3200a/mhd3200a.mtx,packsell_pack16,structural_related,half,ok,4,3200,3200,68026,,0.004364,0.004364,,31.1784,,,,,,0.000391731,4.429
Bai/mhd3200a/mhd3200a.mtx,packsell_pack32,structural_related,float,ok,4,3200,3200,68026,,0.006386,0.006386,,21.3038,,,,,,1.56048e-07,4.120
Bai/mhd3200a/mhd3200a.mtx,spaden_bitmap_float,structural_related,float,ok,4,3200,3200,68026,,0.0069,0.0069,,19.6410,27.21,56.0,,,,4.188535e-08,1.360
Bai/mhd4800a/mhd4800a.mtx,cusparse_double,main,double,ok,7,4800,4800,102252,0.1713,0.0162,0.0162,0.0102,,,,,,,,1.379
Bai/mhd4800a/mhd4800a.mtx,cusparse_float,main_float,float,ok,7,4800,4800,102252,0.1281,0.0088,0.0088,0.0077,,,,,,,,1.599
Bai/mhd4800a/mhd4800a.mtx,dasp_double,main,double,ok,7,,,,1.1740,0.0061,0.0061,,33.2797,,,,,,,1.983
Bai/mhd4800a/mhd4800a.mtx,dasp_half,main_reduced_precision,half,ok,7,,,,0.8280,0.0041,0.0041,,49.8426,,,,,,,1.439
Bai/mhd4800a/mhd4800a.mtx,packsell_pack16,structural_related,half,ok,7,4800,4800,102252,,0.004366,0.004366,,46.8366,,,,,,0.00040752,2.871
Bai/mhd4800a/mhd4800a.mtx,packsell_pack32,structural_related,float,ok,7,4800,4800,102252,,0.006471,0.006471,,31.6041,,,,,,1.72845e-07,3.282
Bai/mhd4800a/mhd4800a.mtx,spaden_bitmap_float,structural_related,float,ok,7,4800,4800,102252,,0.0070,0.0070,,29.4188,186.29,56.0,,,,5.043315e-08,1.516
Bai/mhda416/mhda416.mtx,cusparse_double,main,double,ok,5,416,416,8562,0.1454,0.0125,0.0125,0.0102,,,,,,,,1.436
Bai/mhda416/mhda416.mtx,cusparse_float,main_float,float,ok,3,416,416,8562,0.1396,0.0077,0.0077,0.0059,,,,,,,,1.849
Bai/mhda416/mhda416.mtx,dasp_double,main,double,ok,3,,,,0.2230,0.0061,0.0061,,2.7848,,,,,,,1.421
Bai/mhda416/mhda416.mtx,dasp_half,main_reduced_precision,half,ok,3,,,,0.0840,0.0041,0.0041,,4.1725,,,,,,,1.033
Bai/mhda416/mhda416.mtx,packsell_pack16,structural_related,half,ok,3,416,416,8562,,0.004242,0.004242,,4.03722,,,,,,0.000350711,2.408
Bai/mhda416/mhda416.mtx,packsell_pack32,structural_related,float,ok,3,416,416,8562,,0.006410,0.006410,,2.67163,,,,,,1.15398e-07,2.101
Bai/mhda416/mhda416.mtx,spaden_bitmap_float,structural_related,float,ok,3,416,416,8562,,0.0069,0.0069,,2.4886,41.54,56.1,,,,4.079179e-08,2.395
Bai/odepa400/odepa400.mtx,cusparse_double,main,double,ok,4,400,400,1201,0.1349,0.0120,0.0120,0.0102,,,,,,,,1.293
Bai/odepa400/odepa400.mtx,cusparse_float,main_float,float,ok,2,400,400,1201,0.1380,0.0077,0.0077,0.0061,,,,,,,,1.467
Bai/odepa400/odepa400.mtx,dasp_double,main,double,ok,2,,,,0.0200,0.0041,0.0041,,0.5859,,,,,,,1.535
Bai/odepa400/odepa400.mtx,dasp_half,main_reduced_precision,half,ok,2,,,,0.0170,0.0041,0.0041,,0.5859,,,,,,,1.739
Bai/odepa400/odepa400.mtx,packsell_pack16,structural_related,half,ok,2,400,400,1201,,0.004222,0.004222,,0.568871,,,,,,0.000579731,2.475
Bai/odepa400/odepa400.mtx,packsell_pack32,structural_related,float,ok,2,400,400,1201,,0.004263,0.004263,,0.563405,,,,,,1.4697e-07,2.023
Bai/odepa400/odepa400.mtx,spaden_bitmap_float,structural_related,float,ok,2,400,400,1201,,0.0048,0.0048,,0.4980,13.30,66.0,,,,1.507891e-07,1.299
Bai/rbsa480/rbsa480.mtx,cusparse_double,main,double,ok,6,480,480,17088,0.1316,0.0130,0.0130,0.0102,,,,,,,,1.191
Bai/rbsa480/rbsa480.mtx,cusparse_float,main_float,float,ok,2,480,480,17088,0.1405,0.0079,0.0079,0.0061,,,,,,,,1.796
Bai/rbsa480/rbsa480.mtx,dasp_double,main,double,ok,2,,,,0.1650,0.0061,0.0061,,5.5589,,,,,,,2.059
Bai/rbsa480/rbsa480.mtx,dasp_half,main_reduced_precision,half,ok,2,,,,0.1230,0.0062,0.0062,,5.4743,,,,,,,1.344
Bai/rbsa480/rbsa480.mtx,packsell_pack16,structural_related,half,ok,2,480,480,17088,,0.006254,0.006254,,5.46452,,,,,,0.00223342,2.431
Bai/rbsa480/rbsa480.mtx,packsell_pack32,structural_related,float,ok,2,480,480,17088,,0.008358,0.008358,,4.08882,,,,,,1.0236e-06,1.810
Bai/rbsa480/rbsa480.mtx,spaden_bitmap_float,structural_related,float,ok,2,480,480,17088,,0.0222,0.0222,,1.5401,48.48,76.0,,,,0.000000e+00,1.463
Bai/rbsb480/rbsb480.mtx,cusparse_double,main,double,ok,7,480,480,17088,0.1489,0.0151,0.0151,0.0102,,,,,,,,0.623
Bai/rbsb480/rbsb480.mtx,cusparse_float,main_float,float,ok,5,480,480,17088,0.1326,0.0081,0.0081,0.0061,,,,,,,,1.800
Bai/rbsb480/rbsb480.mtx,dasp_double,main,double,ok,5,,,,0.1890,0.0061,0.0061,,5.5598,,,,,,,1.637
Bai/rbsb480/rbsb480.mtx,dasp_half,main_reduced_precision,half,ok,5,,,,0.1380,0.0075,0.0075,,4.5678,,,,,,,1.782
Bai/rbsb480/rbsb480.mtx,packsell_pack16,structural_related,half,ok,5,480,480,17088,,0.004430,0.004430,,7.71409,,,,,,0.00186157,3.749
Bai/rbsb480/rbsb480.mtx,packsell_pack32,structural_related,float,ok,5,480,480,17088,,0.008241,0.008241,,4.14694,,,,,,1.01554e-06,3.339
Bai/rbsb480/rbsb480.mtx,spaden_bitmap_float,structural_related,float,ok,5,480,480,17088,,0.0216,0.0216,,1.5823,32.10,76.0,,,,0.000000e+00,1.501
Bai/rdb1250/rdb1250.mtx,cusparse_double,main,double,ok,6,1250,1250,7300,0.1338,0.0142,0.0142,0.0123,,,,,,,,1.334
Bai/rdb1250/rdb1250.mtx,cusparse_float,main_float,float,ok,5,1250,1250,7300,0.1300,0.0086,0.0086,0.0077,,,,,,,,1.895
Bai/rdb1250/rdb1250.mtx,dasp_double,main,double,ok,5,,,,0.1050,0.0041,0.0041,,3.5592,,,,,,,1.687
Bai/rdb1250/rdb1250.mtx,dasp_half,main_reduced_precision,half,ok,5,,,,0.1260,0.0041,0.0041,,3.5601,,,,,,,1.452
Bai/rdb1250/rdb1250.mtx,packsell_pack16,structural_related,half,ok,5,1250,1250,7300,,0.003474,0.003474,,4.20289,,,,,,0.000560888,2.436
Bai/rdb1250/rdb1250.mtx,packsell_pack32,structural_related,float,ok,5,1250,1250,7300,,0.004297,0.004297,,3.39796,,,,,,1.36167e-07,2.504
Bai/rdb1250/rdb1250.mtx,spaden_bitmap_float,structural_related,float,ok,5,1250,1250,7300,,0.0070,0.0070,,2.0964,9.27,73.7,,,,2.161720e-07,1.295
Bai/rdb1250l/rdb1250l.mtx,cusparse_double,main,double,ok,4,1250,1250,7300,0.1326,0.0135,0.0135,0.0123,,,,,,,,1.152
Bai/rdb1250l/rdb1250l.mtx,cusparse_float,main_float,float,ok,6,1250,1250,7300,0.1350,0.0099,0.0099,0.0077,,,,,,,,1.897
Bai/rdb1250l/rdb1250l.mtx,dasp_double,main,double,ok,6,,,,0.1090,0.0041,0.0041,,3.5601,,,,,,,1.281
Bai/rdb1250l/rdb1250l.mtx,dasp_half,main_reduced_precision,half,ok,6,,,,0.1690,0.0066,0.0066,,2.2232,,,,,,,1.815
Bai/rdb1250l/rdb1250l.mtx,packsell_pack16,structural_related,half,ok,6,1250,1250,7300,,0.004090,0.004090,,3.5693,,,,,,0.000616335,2.927
Bai/rdb1250l/rdb1250l.mtx,packsell_pack32,structural_related,float,ok,6,1250,1250,7300,,0.004097,0.004097,,3.5637,,,,,,1.8825e-07,2.255
Bai/rdb1250l/rdb1250l.mtx,spaden_bitmap_float,structural_related,float,ok,6,1250,1250,7300,,0.0069,0.0069,,2.1022,26.46,73.7,,,,9.816883e-08,1.670
Bai/rdb200/rdb200.mtx,cusparse_double,main,double,ok,2,200,200,1120,0.1706,0.0155,0.0155,0.0135,,,,,,,,0.959
Bai/rdb200/rdb200.mtx,cusparse_float,main_float,float,ok,3,200,200,1120,0.1346,0.0076,0.0076,0.0062,,,,,,,,1.833
Bai/rdb200/rdb200.mtx,dasp_double,main,double,ok,3,,,,0.0240,0.0041,0.0041,,0.5462,,,,,,,1.554
Bai/rdb200/rdb200.mtx,dasp_half,main_reduced_precision,half,ok,3,,,,0.0420,0.0041,0.0041,,0.5463,,,,,,,1.905
Bai/rdb200/rdb200.mtx,packsell_pack16,structural_related,half,ok,3,200,200,1120,,0.003401,0.003401,,0.658727,,,,,,0.000522619,4.186
Bai/rdb200/rdb200.mtx,packsell_pack32,structural_related,float,ok,3,200,200,1120,,0.003170,0.003170,,0.706677,,,,,,1.98332e-07,3.315
Bai/rdb200/rdb200.mtx,spaden_bitmap_float,structural_related,float,ok,3,200,200,1120,,0.0076,0.0076,,0.2938,26.74,72.4,,,,2.797933e-08,1.443
Bai/rdb200l/rdb200l.mtx,cusparse_double,main,double,ok,1,200,200,1120,0.1398,0.0114,0.0114,0.0082,,,,,,,,0.403
Bai/rdb200l/rdb200l.mtx,cusparse_float,main_float,float,ok,7,200,200,1120,0.1312,0.0077,0.0077,0.0062,,,,,,,,1.944
Bai/rdb200l/rdb200l.mtx,dasp_double,main,double,ok,7,,,,0.0230,0.0041,0.0041,,0.5462,,,,,,,1.503
Bai/rdb200l/rdb200l.mtx,dasp_half,main_reduced_precision,half,ok,7,,,,0.0320,0.0040,0.0040,,0.5593,,,,,,,1.525
Bai/rdb200l/rdb200l.mtx,packsell_pack16,structural_related,half,ok,7,200,200,1120,,0.004178,0.004178,,0.536095,,,,,,0.000697014,3.693
Bai/rdb200l/rdb200l.mtx,packsell_pack32,structural_related,float,ok,7,200,200,1120,,0.003870,0.003870,,0.578816,,,,,,1.65829e-07,2.196
Bai/rdb200l/rdb200l.mtx,spaden_bitmap_float,structural_related,float,ok,7,200,200,1120,,0.0069,0.0069,,0.3252,7.67,72.4,,,,1.483460e-08,1.877
Bai/rdb2048/rdb2048.mtx,cusparse_double,main,double,ok,4,2048,2048,12032,0.1332,0.0142,0.0142,0.0123,,,,,,,,1.357
Bai/rdb2048/rdb2048.mtx,cusparse_float,main_float,float,ok,3,2048,2048,12032,0.1458,0.0085,0.0085,0.0067,,,,,,,,1.782
Bai/rdb2048/rdb2048.mtx,dasp_double,main,double,ok,3,,,,0.1700,0.0041,0.0041,,5.8678,,,,,,,1.672
Bai/rdb2048/rdb2048.mtx,dasp_half,main_reduced_precision,half,ok,3,,,,0.2120,0.0041,0.0041,,5.8678,,,,,,,1.025
Bai/rdb2048/rdb2048.mtx,packsell_pack16,structural_related,half,ok,3,2048,2048,12032,,0.004249,0.004249,,5.66376,,,,,,0.000566453,2.694
Bai/rdb2048/rdb2048.mtx,packsell_pack32,structural_related,float,ok,3,2048,2048,12032,,0.003479,0.003479,,6.9166,,,,,,1.95918e-07,3.402
Bai/rdb2048/rdb2048.mtx,spaden_bitmap_float,structural_related,float,ok,3,2048,2048,12032,,0.0051,0.0051,,4.6766,15.18,65.4,,,,6.637148e-08,1.546
Bai/rdb2048_noL/rdb2048_noL.mtx,cusparse_double,main,double,ok,5,2048,2048,12032,0.1285,0.0144,0.0144,0.0123,,,,,,,,1.413
Bai/rdb2048_noL/rdb2048_noL.mtx,cusparse_float,main_float,float,ok,2,2048,2048,12032,0.1310,0.0089,0.0089,0.0077,,,,,,,,1.693
Bai/rdb2048_noL/rdb2048_noL.mtx,dasp_double,main,double,ok,2,,,,0.1570,0.0041,0.0041,,5.8693,,,,,,,1.439
Bai/rdb2048_noL/rdb2048_noL.mtx,dasp_half,main_reduced_precision,half,ok,2,,,,0.2570,0.0037,0.0037,,6.4706,,,,,,,1.407
Bai/rdb2048_noL/rdb2048_noL.mtx,packsell_pack16,structural_related,half,ok,2,2048,2048,12032,,0.004289,0.004289,,5.61089,,,,,,0.000646911,2.070
Bai/rdb2048_noL/rdb2048_noL.mtx,packsell_pack32,structural_related,float,ok,2,2048,2048,12032,,0.004258,0.004258,,5.65126,,,,,,1.99176e-07,2.283
Bai/rdb2048_noL/rdb2048_noL.mtx,spaden_bitmap_float,structural_related,float,ok,2,2048,2048,12032,,0.0051,0.0051,,4.7216,25.37,65.4,,,,4.572721e-08,2.210
Bai/rdb3200l/rdb3200l.mtx,cusparse_double,main,double,ok,3,3200,3200,18880,0.1437,0.0142,0.0142,0.0123,,,,,,,,1.200
Bai/rdb3200l/rdb3200l.mtx,cusparse_float,main_float,float,ok,7,3200,3200,18880,0.1675,0.0093,0.0093,0.0077,,,,,,,,1.604
Bai/rdb3200l/rdb3200l.mtx,dasp_double,main,double,ok,7,,,,0.2750,0.0097,0.0097,,3.8820,,,,,,,2.045
Bai/rdb3200l/rdb3200l.mtx,dasp_half,main_reduced_precision,half,ok,7,,,,0.3260,0.0041,0.0041,,9.2075,,,,,,,1.833
Bai/rdb3200l/rdb3200l.mtx,packsell_pack16,structural_related,half,ok,7,3200,3200,18880,,0.003411,0.003411,,11.0689,,,,,,0.00056023,2.643
Bai/rdb3200l/rdb3200l.mtx,packsell_pack32,structural_related,float,ok,7,3200,3200,18880,,0.004244,0.004244,,8.89699,,,,,,2.0324e-07,2.611
Bai/rdb3200l/rdb3200l.mtx,spaden_bitmap_float,structural_related,float,ok,7,3200,3200,18880,,0.0048,0.0048,,7.8215,100.86,65.6,,,,5.110497e-08,2.576
Bai/rdb450/rdb450.mtx,cusparse_double,main,double,ok,7,450,450,2580,0.1208,0.0124,0.0124,0.0102,,,,,,,,0.397
Bai/rdb450/rdb450.mtx,cusparse_float,main_float,float,ok,6,450,450,2580,0.1265,0.0080,0.0080,0.0064,,,,,,,,1.632
Bai/rdb450/rdb450.mtx,dasp_double,main,double,ok,6,,,,0.0430,0.0041,0.0041,,1.2573,,,,,,,1.554
Bai/rdb450/rdb450.mtx,dasp_half,main_reduced_precision,half,ok,6,,,,0.0620,0.0041,0.0041,,1.2576,,,,,,,1.739
Bai/rdb450/rdb450.mtx,packsell_pack16,structural_related,half,ok,6,450,450,2580,,0.004027,0.004027,,1.2812,,,,,,0.00056803,2.970
Bai/rdb450/rdb450.mtx,packsell_pack32,structural_related,float,ok,6,450,450,2580,,0.003616,0.003616,,1.42681,,,,,,1.11427e-07,2.868
Bai/rdb450/rdb450.mtx,spaden_bitmap_float,structural_related,float,ok,6,450,450,2580,,0.0069,0.0069,,0.7439,42.38,73.8,,,,1.195446e-07,1.275
Bai/rdb450l/rdb450l.mtx,cusparse_double,main,double,ok,5,450,450,2580,0.1518,0.0141,0.0141,0.0102,,,,,,,,0.908
Bai/rdb450l/rdb450l.mtx,cusparse_float,main_float,float,ok,2,450,450,2580,0.1378,0.0080,0.0080,0.0061,,,,,,,,1.694
Bai/rdb450l/rdb450l.mtx,dasp_double,main,double,ok,2,,,,0.0600,0.0041,0.0041,,1.2722,,,,,,,1.436
Bai/rdb450l/rdb450l.mtx,dasp_half,main_reduced_precision,half,ok,2,,,,0.0530,0.0041,0.0041,,1.2582,,,,,,,1.428
Bai/rdb450l/rdb450l.mtx,packsell_pack16,structural_related,half,ok,2,450,450,2580,,0.003163,0.003163,,1.63123,,,,,,0.000519188,4.186
Bai/rdb450l/rdb450l.mtx,packsell_pack32,structural_related,float,ok,2,450,450,2580,,0.004305,0.004305,,1.19853,,,,,,1.77771e-07,2.294
Bai/rdb450l/rdb450l.mtx,spaden_bitmap_float,structural_related,float,ok,2,450,450,2580,,0.0069,0.0069,,0.7432,7.93,73.8,,,,7.074409e-08,1.713
Bai/rdb5000/rdb5000.mtx,cusparse_double,main,double,ok,7,5000,5000,29600,0.1271,0.0142,0.0142,0.0123,,,,,,,,0.849
Bai/rdb5000/rdb5000.mtx,cusparse_float,main_float,float,ok,2,5000,5000,29600,0.1321,0.0092,0.0092,0.0078,,,,,,,,1.837
Bai/rdb5000/rdb5000.mtx,dasp_double,main,double,ok,2,,,,0.3600,0.0076,0.0076,,7.7670,,,,,,,1.605
Bai/rdb5000/rdb5000.mtx,dasp_half,main_reduced_precision,half,ok,2,,,,0.5590,0.0041,0.0041,,14.4355,,,,,,,0.730
Bai/rdb5000/rdb5000.mtx,packsell_pack16,structural_related,half,ok,2,5000,5000,29600,,0.004245,0.004245,,13.9454,,,,,,0.000603998,3.279
Bai/rdb5000/rdb5000.mtx,packsell_pack32,structural_related,float,ok,2,5000,5000,29600,,0.004190,0.004190,,14.13,,,,,,1.81423e-07,1.763
Bai/rdb5000/rdb5000.mtx,spaden_bitmap_float,structural_related,float,ok,2,5000,5000,29600,,0.0071,0.0071,,8.3171,88.32,73.7,,,,2.542506e-07,1.766
Bai/rdb800l/rdb800l.mtx,cusparse_double,main,double,ok,2,800,800,4640,0.1344,0.0137,0.0137,0.0123,,,,,,,,1.497
Bai/rdb800l/rdb800l.mtx,cusparse_float,main_float,float,ok,2,800,800,4640,0.1367,0.0078,0.0078,0.0061,,,,,,,,1.693
Bai/rdb800l/rdb800l.mtx,dasp_double,main,double,ok,2,,,,0.0740,0.0041,0.0041,,2.2623,,,,,,,1.793
Bai/rdb800l/rdb800l.mtx,dasp_half,main_reduced_precision,half,ok,2,,,,0.0990,0.0041,0.0041,,2.2897,,,,,,,1.751
Bai/rdb800l/rdb800l.mtx,packsell_pack16,structural_related,half,ok,2,800,800,4640,,0.004127,0.004127,,2.24877,,,,,,0.000685236,2.414
Bai/rdb800l/rdb800l.mtx,packsell_pack32,structural_related,float,ok,2,800,800,4640,,0.004129,0.004129,,2.24757,,,,,,1.32582e-07,2.404
Bai/rdb800l/rdb800l.mtx,spaden_bitmap_float,structural_related,float,ok,2,800,800,4640,,0.0051,0.0051,,1.8174,17.00,64.9,,,,1.406438e-07,1.435
Bai/rdb968/rdb968.mtx,cusparse_double,main,double,ok,3,968,968,5632,0.1403,0.0147,0.0147,0.0123,,,,,,,,1.488
Bai/rdb968/rdb968.mtx,cusparse_float,main_float,float,ok,3,968,968,5632,0.1328,0.0078,0.0078,0.0058,,,,,,,,1.625
Bai/rdb968/rdb968.mtx,dasp_double,main,double,ok,3,,,,0.0820,0.0041,0.0041,,2.7473,,,,,,,1.194
Bai/rdb968/rdb968.mtx,dasp_half,main_reduced_precision,half,ok,3,,,,0.1080,0.0058,0.0058,,1.9361,,,,,,,1.686
Bai/rdb968/rdb968.mtx,packsell_pack16,structural_related,half,ok,3,968,968,5632,,0.003627,0.003627,,3.10585,,,,,,0.000660394,2.968
Bai/rdb968/rdb968.mtx,packsell_pack32,structural_related,float,ok,3,968,968,5632,,0.003781,0.003781,,2.97932,,,,,,1.31946e-07,2.288
Bai/rdb968/rdb968.mtx,spaden_bitmap_float,structural_related,float,ok,3,968,968,5632,,0.0069,0.0069,,1.6410,10.13,73.3,,,,1.568363e-07,1.597
Bai/rw5151/rw5151.mtx,cusparse_double,main,double,ok,4,5151,5151,20199,0.1368,0.0149,0.0149,0.0123,,,,,,,,1.335
Bai/rw5151/rw5151.mtx,cusparse_float,main_float,float,ok,2,5151,5151,20199,0.1359,0.0111,0.0111,0.0096,,,,,,,,1.625
Bai/rw5151/rw5151.mtx,dasp_double,main,double,ok,2,,,,0.1750,0.0041,0.0041,,9.8460,,,,,,,1.797
Bai/rw5151/rw5151.mtx,dasp_half,main_reduced_precision,half,ok,2,,,,0.1200,0.0041,0.0041,,9.8532,,,,,,,1.635
Bai/rw5151/rw5151.mtx,packsell_pack16,structural_related,half,ok,2,5151,5151,20199,,0.004229,0.004229,,9.55276,,,,,,0.000435052,2.682
Bai/rw5151/rw5151.mtx,packsell_pack32,structural_related,float,ok,2,5151,5151,20199,,0.003151,0.003151,,12.8201,,,,,,1.3831e-07,3.528
Bai/rw5151/rw5151.mtx,spaden_bitmap_float,structural_related,float,ok,2,5151,5151,20199,,0.0069,0.0069,,5.8186,70.04,83.3,,,,1.057042e-08,1.940
Bai/tols1090/tols1090.mtx,cusparse_double,main,double,ok,2,1090,1090,3546,0.1369,0.0140,0.0140,0.0102,,,,,,,,1.776
Bai/tols1090/tols1090.mtx,cusparse_float,main_float,float,ok,4,1090,1090,3546,0.4184,0.0090,0.0090,0.0072,,,,,,,,1.587
Bai/tols1090/tols1090.mtx,dasp_double,main,double,ok,4,,,,0.0460,0.0231,0.0231,,0.3075,,,,,,,1.542
Bai/tols1090/tols1090.mtx,dasp_half,main_reduced_precision,half,ok,4,,,,0.0330,0.0091,0.0091,,0.7803,,,,,,,1.884
Bai/tols1090/tols1090.mtx,packsell_pack16,structural_related,half,ok,4,1090,1090,3546,,0.008357,0.008357,,0.848616,,,,,,0.000442773,2.347
Bai/tols1090/tols1090.mtx,packsell_pack32,structural_related,float,ok,4,1090,1090,3546,,0.012532,0.012532,,0.565904,,,,,,2.88292e-07,3.035
Bai/tols1090/tols1090.mtx,spaden_bitmap_float,structural_related,float,ok,4,1090,1090,3546,,0.0108,0.0108,,0.6540,28.77,65.6,,,,4.314097e-10,1.441
Bai/tols2000/tols2000.mtx,cusparse_double,main,double,ok,2,2000,2000,5184,0.1466,0.0134,0.0134,0.0123,,,,,,,,1.460
Bai/tols2000/tols2000.mtx,cusparse_float,main_float,float,ok,2,2000,2000,5184,0.1357,0.0100,0.0100,0.0091,,,,,,,,1.644
Bai/tols2000/tols2000.mtx,dasp_double,main,double,ok,2,,,,0.0550,0.0143,0.0143,,0.7232,,,,,,,1.076
Bai/tols2000/tols2000.mtx,dasp_half,main_reduced_precision,half,ok,2,,,,0.0520,0.0061,0.0061,,1.6861,,,,,,,1.633
Bai/tols2000/tols2000.mtx,packsell_pack16,structural_related,half,ok,2,2000,2000,5184,,0.008386,0.008386,,1.23627,,,,,,0.000460306,2.946
Bai/tols2000/tols2000.mtx,packsell_pack32,structural_related,float,ok,2,2000,2000,5184,,0.014511,0.014511,,0.714507,,,,,,2.02674e-07,2.771
Bai/tols2000/tols2000.mtx,spaden_bitmap_float,structural_related,float,ok,2,2000,2000,5184,,0.0110,0.0110,,0.9464,27.93,59.8,,,,5.280714e-11,2.080
Bai/tols340/tols340.mtx,cusparse_double,main,double,ok,4,340,340,2196,0.1427,0.0118,0.0118,0.0100,,,,,,,,1.353
Bai/tols340/tols340.mtx,cusparse_float,main_float,float,ok,3,340,340,2196,0.1648,0.0078,0.0078,0.0061,,,,,,,,1.736
Bai/tols340/tols340.mtx,dasp_double,main,double,ok,3,,,,0.0370,0.0143,0.0143,,0.3064,,,,,,,1.674
Bai/tols340/tols340.mtx,dasp_half,main_reduced_precision,half,ok,3,,,,0.0250,0.0180,0.0180,,0.2441,,,,,,,1.599
Bai/tols340/tols340.mtx,packsell_pack16,structural_related,half,ok,3,340,340,2196,,0.008422,0.008422,,0.52151,,,,,,0.000426144,2.158
Bai/tols340/tols340.mtx,packsell_pack32,structural_related,float,ok,3,340,340,2196,,0.012448,0.012448,,0.352818,,,,,,2.43662e-07,2.493
Bai/tols340/tols340.mtx,spaden_bitmap_float,structural_related,float,ok,3,340,340,2196,,0.0091,0.0091,,0.4810,149.17,59.9,,,,9.376346e-09,1.874
Bai/tols4000/tols4000.mtx,cusparse_double,main,double,ok,1,4000,4000,8784,0.1412,0.0142,0.0142,0.0123,,,,,,,,0.407
Bai/tols4000/tols4000.mtx,cusparse_float,main_float,float,ok,3,4000,4000,8784,0.1328,0.0100,0.0100,0.0090,,,,,,,,1.588
Bai/tols4000/tols4000.mtx,dasp_double,main,double,ok,3,,,,0.0930,0.0157,0.0157,,1.1206,,,,,,,1.717
Bai/tols4000/tols4000.mtx,dasp_half,main_reduced_precision,half,ok,3,,,,0.0680,0.0099,0.0099,,1.7798,,,,,,,1.509
Bai/tols4000/tols4000.mtx,packsell_pack16,structural_related,half,ok,3,4000,4000,8784,,0.008651,0.008651,,2.03087,,,,,,0.000457069,3.565
Bai/tols4000/tols4000.mtx,packsell_pack32,structural_related,float,ok,3,4000,4000,8784,,0.014495,0.014495,,1.21203,,,,,,2.33194e-07,2.982
Bai/tols4000/tols4000.mtx,spaden_bitmap_float,structural_related,float,ok,3,4000,4000,8784,,0.0090,0.0090,,1.9477,14.47,60.5,,,,9.554454e-12,1.878
Bai/tols90/tols90.mtx,cusparse_double,main,double,ok,6,90,90,1746,0.1271,0.0116,0.0116,0.0082,,,,,,,,1.504
Bai/tols90/tols90.mtx,cusparse_float,main_float,float,ok,2,90,90,1746,0.1332,0.0077,0.0077,0.0064,,,,,,,,1.450
Bai/tols90/tols90.mtx,dasp_double,main,double,ok,2,,,,0.0310,0.0143,0.0143,,0.2434,,,,,,,1.697
Bai/tols90/tols90.mtx,dasp_half,main_reduced_precision,half,ok,2,,,,0.0240,0.0061,0.0061,,0.5680,,,,,,,1.441
Bai/tols90/tols90.mtx,packsell_pack16,structural_related,half,ok,2,90,90,1746,,0.008350,0.008350,,0.418214,,,,,,0.000396991,2.366
Bai/tols90/tols90.mtx,packsell_pack32,structural_related,float,ok,2,90,90,1746,,0.012514,0.012514,,0.279053,,,,,,2.89965e-07,2.385
Bai/tols90/tols90.mtx,spaden_bitmap_float,structural_related,float,ok,2,90,90,1746,,0.0090,0.0090,,0.3891,16.36,55.9,,,,1.267905e-07,2.047
Bai/tub100/tub100.mtx,cusparse_double,main,double,ok,1,100,100,396,0.1295,0.0113,0.0113,0.0082,,,,,,,,0.404
Bai/tub100/tub100.mtx,cusparse_float,main_float,float,ok,3,100,100,396,0.1280,0.0075,0.0075,0.0064,,,,,,,,1.513
Bai/tub100/tub100.mtx,dasp_double,main,double,ok,3,,,,0.0090,0.0041,0.0041,,0.1939,,,,,,,1.602
Bai/tub100/tub100.mtx,dasp_half,main_reduced_precision,half,ok,3,,,,0.0050,0.0054,0.0054,,0.1464,,,,,,,1.576
Bai/tub100/tub100.mtx,packsell_pack16,structural_related,half,ok,3,100,100,396,,0.003427,0.003427,,0.231135,,,,,,0.000620586,3.125
Bai/tub100/tub100.mtx,packsell_pack32,structural_related,float,ok,3,100,100,396,,0.003386,0.003386,,0.233877,,,,,,1.66105e-07,4.317
Bai/tub100/tub100.mtx,spaden_bitmap_float,structural_related,float,ok,3,100,100,396,,0.0049,0.0049,,0.1605,26.38,62.6,,,,1.225867e-06,1.680
Boeing/bcsstk34/bcsstk34.mtx,cusparse_double,main,double,ok,6,588,588,21418,0.1400,0.0127,0.0127,0.0102,,,,,,,,1.083
Boeing/bcsstk34/bcsstk34.mtx,cusparse_float,main_float,float,ok,2,588,588,21418,0.1372,0.0080,0.0080,0.0070,,,,,,,,1.661
Boeing/bcsstk34/bcsstk34.mtx,dasp_double,main,double,ok,2,,,,0.1780,0.0062,0.0062,,6.9641,,,,,,,1.544
Boeing/bcsstk34/bcsstk34.mtx,dasp_half,main_reduced_precision,half,ok,2,,,,0.2030,0.0069,0.0069,,6.2498,,,,,,,1.562
Boeing/bcsstk34/bcsstk34.mtx,packsell_pack16,structural_related,half,ok,2,588,588,21418,,0.006311,0.006311,,6.78784,,,,,,0.000604659,1.942
Boeing/bcsstk34/bcsstk34.mtx,packsell_pack32,structural_related,float,ok,2,588,588,21418,,0.008396,0.008396,,5.10191,,,,,,2.59686e-07,2.777
Boeing/bcsstk34/bcsstk34.mtx,spaden_bitmap_float,structural_related,float,ok,2,588,588,21418,,0.0111,0.0111,,3.8651,14.67,58.3,,,,1.927158e-07,1.430
Boeing/bcsstk38/bcsstk38.mtx,cusparse_double,main,double,ok,7,8032,8032,355460,0.1681,0.0164,0.0164,0.0123,,,,,,,,1.502
Boeing/bcsstk38/bcsstk38.mtx,cusparse_float,main_float,float,ok,3,8032,8032,355460,0.1199,0.0089,0.0089,0.0080,,,,,,,,2.308
Boeing/bcsstk38/bcsstk38.mtx,dasp_double,main,double,ok,3,,,,3.9090,0.0164,0.0164,,43.3541,,,,,,,2.460
Boeing/bcsstk38/bcsstk38.mtx,dasp_half,main_reduced_precision,half,ok,3,,,,5.7100,0.0082,0.0082,,86.6659,,,,,,,1.673
Boeing/bcsstk38/bcsstk38.mtx,packsell_pack16,structural_related,half,ok,3,8032,8032,355460,,0.035094,0.035094,,20.2575,,,,,,0.000452779,4.070
Boeing/bcsstk38/bcsstk38.mtx,packsell_pack32,structural_related,float,ok,3,8032,8032,355460,,0.067848,0.067848,,10.4781,,,,,,2.29959e-07,4.290
Boeing/bcsstk38/bcsstk38.mtx,spaden_bitmap_float,structural_related,float,ok,3,8032,8032,355460,,0.0274,0.0274,,25.9667,138.41,58.5,,,,8.150289e-08,1.516
Boeing/bcsstm34/bcsstm34.mtx,cusparse_double,main,double,ok,4,588,588,24270,0.1364,0.0141,0.0141,0.0102,,,,,,,,1.339
Boeing/bcsstm34/bcsstm34.mtx,cusparse_float,main_float,float,ok,7,588,588,24270,0.1356,0.0082,0.0082,0.0058,,,,,,,,1.529
Boeing/bcsstm34/bcsstm34.mtx,dasp_double,main,double,ok,7,,,,0.2580,0.0062,0.0062,,7.8303,,,,,,,1.759
Boeing/bcsstm34/bcsstm34.mtx,dasp_half,main_reduced_precision,half,ok,7,,,,0.1860,0.0062,0.0062,,7.8914,,,,,,,1.419
Boeing/bcsstm34/bcsstm34.mtx,packsell_pack16,structural_related,half,ok,7,588,588,24270,,0.006405,0.006405,,7.57802,,,,,,0.000411523,3.714
Boeing/bcsstm34/bcsstm34.mtx,packsell_pack32,structural_related,float,ok,7,588,588,24270,,0.008495,0.008495,,5.71375,,,,,,1.9104e-07,2.407
Boeing/bcsstm34/bcsstm34.mtx,spaden_bitmap_float,structural_related,float,ok,7,588,588,24270,,0.0112,0.0112,,4.3195,22.45,57.4,,,,6.061263e-08,1.436
Boeing/bcsstm35/bcsstm35.mtx,cusparse_double,main,double,ok,5,30237,30237,20619,0.1362,0.0191,0.0191,0.0164,,,,,,,,1.443
Boeing/bcsstm35/bcsstm35.mtx,cusparse_float,main_float,float,ok,6,30237,30237,20619,0.1433,0.0113,0.0113,0.0102,,,,,,,,1.756
Boeing/bcsstm35/bcsstm35.mtx,dasp_double,main,double,ok,6,,,,0.5190,0.0085,0.0085,,4.8750,,,,,,,1.634
Boeing/bcsstm35/bcsstm35.mtx,dasp_half,main_reduced_precision,half,ok,6,,,,0.2920,0.0041,0.0041,,10.0531,,,,,,,0.888
Boeing/bcsstm35/bcsstm35.mtx,packsell_pack16,structural_related,half,ok,6,30237,30237,20619,,0.004254,0.004254,,9.69462,,,,,,0.000215102,2.739
Boeing/bcsstm35/bcsstm35.mtx,packsell_pack32,structural_related,float,ok,6,30237,30237,20619,,0.004210,0.004210,,9.79579,,,,,,4.23146e-08,2.505
Boeing/bcsstm35/bcsstm35.mtx,spaden_bitmap_float,structural_related,float,ok,6,30237,30237,20619,,0.0049,0.0049,,8.3554,15.08,56.9,,,,2.201178e-08,2.073
Boeing/bcsstm37/bcsstm37.mtx,cusparse_double,main,double,ok,3,25503,25503,15525,0.1512,0.0203,0.0203,0.0184,,,,,,,,1.054
Boeing/bcsstm37/bcsstm37.mtx,cusparse_float,main_float,float,ok,6,25503,25503,15525,0.1358,0.0120,0.0120,0.0102,,,,,,,,1.747
Boeing/bcsstm37/bcsstm37.mtx,dasp_double,main,double,ok,6,,,,0.3070,0.0041,0.0041,,7.5898,,,,,,,2.124
Boeing/bcsstm37/bcsstm37.mtx,dasp_half,main_reduced_precision,half,ok,6,,,,0.3150,0.0071,0.0071,,4.3732,,,,,,,2.311
Boeing/bcsstm37/bcsstm37.mtx,packsell_pack16,structural_related,half,ok,6,25503,25503,15525,,0.003813,0.003813,,8.14327,,,,,,0.000677082,2.954
Boeing/bcsstm37/bcsstm37.mtx,packsell_pack32,structural_related,float,ok,6,25503,25503,15525,,0.004212,0.004212,,7.3715,,,,,,1.18501e-07,2.277
Boeing/bcsstm37/bcsstm37.mtx,spaden_bitmap_float,structural_related,float,ok,6,25503,25503,15525,,0.0047,0.0047,,6.5532,15.72,56.5,,,,5.531143e-09,1.758
Boeing/bcsstm39/bcsstm39.mtx,cusparse_double,main,double,ok,3,46772,46772,46772,0.1290,0.0155,0.0155,0.0135,,,,,,,,0.790
Boeing/bcsstm39/bcsstm39.mtx,cusparse_float,main_float,float,ok,7,46772,46772,46772,0.1366,0.0102,0.0102,0.0084,,,,,,,,1.826
Boeing/bcsstm39/bcsstm39.mtx,dasp_double,main,double,ok,7,,,,0.5170,0.0027,0.0027,,35.0352,,,,,,,1.715
Boeing/bcsstm39/bcsstm39.mtx,dasp_half,main_reduced_precision,half,ok,7,,,,0.4550,0.0026,0.0026,,35.8406,,,,,,,1.806
Boeing/bcsstm39/bcsstm39.mtx,packsell_pack16,structural_related,half,ok,7,46772,46772,46772,,0.003013,0.003013,,31.043,,,,,,0.000479942,2.987
Boeing/bcsstm39/bcsstm39.mtx,packsell_pack32,structural_related,float,ok,7,46772,46772,46772,,0.002522,0.002522,,37.0951,,,,,,1.14686e-07,2.569
Boeing/bcsstm39/bcsstm39.mtx,spaden_bitmap_float,structural_related,float,ok,7,46772,46772,46772,,0.0047,0.0047,,20.0131,12.15,54.2,,,,0.000000e+00,1.438
Boeing/msc00726/msc00726.mtx,cusparse_double,main,double,ok,5,726,726,34518,0.1290,0.0133,0.0133,0.0102,,,,,,,,1.341
Boeing/msc00726/msc00726.mtx,cusparse_float,main_float,float,ok,3,726,726,34518,0.1301,0.0080,0.0080,0.0058,,,,,,,,1.786
Boeing/msc00726/msc00726.mtx,dasp_double,main,double,ok,3,,,,0.3020,0.0102,0.0102,,6.7411,,,,,,,1.556
Boeing/msc00726/msc00726.mtx,dasp_half,main_reduced_precision,half,ok,3,,,,0.2790,0.0061,0.0061,,11.2272,,,,,,,1.840
Boeing/msc00726/msc00726.mtx,packsell_pack16,structural_related,half,ok,3,726,726,34518,,0.008343,0.008343,,8.27492,,,,,,0.00078274,2.061
Boeing/msc00726/msc00726.mtx,packsell_pack32,structural_related,float,ok,3,726,726,34518,,0.012494,0.012494,,5.52552,,,,,,4.35287e-07,2.674
Boeing/msc00726/msc00726.mtx,spaden_bitmap_float,structural_related,float,ok,3,726,726,34518,,0.0174,0.0174,,3.9645,32.45,61.1,,,,2.629980e-06,2.138
Boeing/msc01050/msc01050.mtx,cusparse_double,main,double,ok,3,1050,1050,26198,0.1382,0.0139,0.0139,0.0102,,,,,,,,1.116
Boeing/msc01050/msc01050.mtx,cusparse_float,main_float,float,ok,2,1050,1050,26198,0.1344,0.0092,0.0092,0.0074,,,,,,,,1.870
Boeing/msc01050/msc01050.mtx,dasp_double,main,double,ok,2,,,,0.3700,0.0123,0.0123,,4.7404,,,,,,,1.824
Boeing/msc01050/msc01050.mtx,dasp_half,main_reduced_precision,half,ok,2,,,,0.3580,0.0062,0.0062,,9.4755,,,,,,,1.446
Boeing/msc01050/msc01050.mtx,packsell_pack16,structural_related,half,ok,2,1050,1050,26198,,0.010503,0.010503,,4.98876,,,,,,0.000530167,2.487
Boeing/msc01050/msc01050.mtx,packsell_pack32,structural_related,float,ok,2,1050,1050,26198,,0.018608,0.018608,,2.81582,,,,,,2.07144e-07,3.264
Boeing/msc01050/msc01050.mtx,spaden_bitmap_float,structural_related,float,ok,2,1050,1050,29156,,0.0193,0.0193,,3.0216,17.39,62.5,,,,4.587433e-07,1.667
Boeing/msc01440/msc01440.mtx,cusparse_double,main,double,ok,5,1440,1440,44998,0.1715,0.0138,0.0138,0.0102,,,,,,,,1.352
Boeing/msc01440/msc01440.mtx,cusparse_float,main_float,float,ok,5,1440,1440,44998,0.1406,0.0087,0.0087,0.0078,,,,,,,,1.580
Boeing/msc01440/msc01440.mtx,dasp_double,main,double,ok,5,,,,0.4450,0.0061,0.0061,,15.0520,,,,,,,1.686
Boeing/msc01440/msc01440.mtx,dasp_half,main_reduced_precision,half,ok,5,,,,0.3200,0.0044,0.0044,,21.1859,,,,,,,1.271
Boeing/msc01440/msc01440.mtx,packsell_pack16,structural_related,half,ok,5,1440,1440,44998,,0.006353,0.006353,,14.1664,,,,,,0.000706465,3.010
Boeing/msc01440/msc01440.mtx,packsell_pack32,structural_related,float,ok,5,1440,1440,44998,,0.008391,0.008391,,10.7259,,,,,,2.55605e-07,3.834
Boeing/msc01440/msc01440.mtx,spaden_bitmap_float,structural_related,float,ok,5,1440,1440,46270,,0.0133,0.0133,,6.9494,46.12,61.8,,,,2.266069e-07,1.890
Boeing/msc04515/msc04515.mtx,cusparse_double,main,double,ok,5,4515,4515,97707,0.1357,0.0140,0.0140,0.0102,,,,,,,,1.226
Boeing/msc04515/msc04515.mtx,cusparse_float,main_float,float,ok,6,4515,4515,97707,0.1277,0.0091,0.0091,0.0081,,,,,,,,1.643
Boeing/msc04515/msc04515.mtx,dasp_double,main,double,ok,6,,,,1.1880,0.0061,0.0061,,31.7798,,,,,,,1.702
Boeing/msc04515/msc04515.mtx,dasp_half,main_reduced_precision,half,ok,6,,,,0.7720,0.0041,0.0041,,47.6387,,,,,,,1.152
Boeing/msc04515/msc04515.mtx,packsell_pack16,structural_related,half,ok,6,4515,4515,97707,,0.004317,0.004317,,45.2665,,,,,,0.000621737,2.627
Boeing/msc04515/msc04515.mtx,packsell_pack32,structural_related,float,ok,6,4515,4515,97707,,0.006616,0.006616,,29.5364,,,,,,2.49483e-07,3.160
Boeing/msc04515/msc04515.mtx,spaden_bitmap_float,structural_related,float,ok,6,4515,4515,97707,,0.0090,0.0090,,21.7837,53.16,60.3,,,,2.468275e-06,1.768
Boeing/nasa1824/nasa1824.mtx,cusparse_double,main,double,ok,4,1824,1824,39208,0.1343,0.0128,0.0128,0.0102,,,,,,,,1.197
Boeing/nasa1824/nasa1824.mtx,cusparse_float,main_float,float,ok,4,1824,1824,39208,0.1487,0.0089,0.0089,0.0072,,,,,,,,1.837
Boeing/nasa1824/nasa1824.mtx,dasp_double,main,double,ok,4,,,,0.4280,0.0062,0.0062,,12.7444,,,,,,,1.728
Boeing/nasa1824/nasa1824.mtx,dasp_half,main_reduced_precision,half,ok,4,,,,0.3910,0.0041,0.0041,,19.1072,,,,,,,1.575
Boeing/nasa1824/nasa1824.mtx,packsell_pack16,structural_related,half,ok,4,1824,1824,39208,,0.006286,0.006286,,12.4752,,,,,,0.000581667,2.488
Boeing/nasa1824/nasa1824.mtx,packsell_pack32,structural_related,float,ok,4,1824,1824,39208,,0.008356,0.008356,,9.38451,,,,,,2.37242e-07,2.879
Boeing/nasa1824/nasa1824.mtx,spaden_bitmap_float,structural_related,float,ok,4,1824,1824,39208,,0.0112,0.0112,,6.9755,55.52,62.3,,,,6.923466e-07,1.949
Boeing/nasa2910/nasa2910.mtx,cusparse_double,main,double,ok,4,2910,2910,174296,0.2311,0.0145,0.0145,0.0102,,,,,,,,0.799
Boeing/nasa2910/nasa2910.mtx,cusparse_float,main_float,float,ok,7,2910,2910,174296,0.1348,0.0092,0.0092,0.0077,,,,,,,,1.956
Boeing/nasa2910/nasa2910.mtx,dasp_double,main,double,ok,7,,,,1.9400,0.0171,0.0171,,20.4441,,,,,,,2.280
Boeing/nasa2910/nasa2910.mtx,dasp_half,main_reduced_precision,half,ok,7,,,,1.2890,0.0102,0.0102,,34.0355,,,,,,,1.701
Boeing/nasa2910/nasa2910.mtx,packsell_pack16,structural_related,half,ok,7,2910,2910,174296,,0.012510,0.012510,,27.8654,,,,,,0.00248366,4.183
Boeing/nasa2910/nasa2910.mtx,packsell_pack32,structural_related,float,ok,7,2910,2910,174296,,0.022731,0.022731,,15.3358,,,,,,1.19065e-06,2.874
Boeing/nasa2910/nasa2910.mtx,spaden_bitmap_float,structural_related,float,ok,7,2910,2910,174296,,0.0201,0.0201,,17.3482,550.89,58.0,,,,0.000000e+00,2.090
Boeing/nasa4704/nasa4704.mtx,cusparse_double,main,double,ok,6,4704,4704,104756,0.1451,0.0143,0.0143,0.0102,,,,,,,,0.812
Boeing/nasa4704/nasa4704.mtx,cusparse_float,main_float,float,ok,7,4704,4704,104756,0.1439,0.0100,0.0100,0.0081,,,,,,,,1.884
Boeing/nasa4704/nasa4704.mtx,dasp_double,main,double,ok,7,,,,1.1190,0.0062,0.0062,,34.0559,,,,,,,1.490
Boeing/nasa4704/nasa4704.mtx,dasp_half,main_reduced_precision,half,ok,7,,,,0.8870,0.0041,0.0041,,51.0382,,,,,,,1.867
Boeing/nasa4704/nasa4704.mtx,packsell_pack16,structural_related,half,ok,7,4704,4704,104756,,0.006310,0.006310,,33.2012,,,,,,0.00148303,3.283
Boeing/nasa4704/nasa4704.mtx,packsell_pack32,structural_related,float,ok,7,4704,4704,104756,,0.008373,0.008373,,25.0223,,,,,,6.65419e-07,3.195
Boeing/nasa4704/nasa4704.mtx,spaden_bitmap_float,structural_related,float,ok,7,4704,4704,104756,,0.0129,0.0129,,16.2570,147.97,62.7,,,,0.000000e+00,1.799
Brethour/coater1/coater1.mtx,cusparse_double,main,double,ok,1,1348,1348,19457,0.1324,0.0131,0.0131,0.0102,,,,,,,,0.404
Brethour/coater1/coater1.mtx,cusparse_float,main_float,float,ok,4,1348,1348,19457,0.1362,0.0088,0.0088,0.0072,,,,,,,,1.767
Brethour/coater1/coater1.mtx,dasp_double,main,double,ok,4,,,,0.2410,0.0062,0.0062,,6.3244,,,,,,,1.781
Brethour/coater1/coater1.mtx,dasp_half,main_reduced_precision,half,ok,4,,,,0.2190,0.0061,0.0061,,6.3306,,,,,,,1.560
Brethour/coater1/coater1.mtx,packsell_pack16,structural_related,half,ok,4,1348,1348,19457,,0.006331,0.006331,,6.147,,,,,,0.00035611,1.956
Brethour/coater1/coater1.mtx,packsell_pack32,structural_related,float,ok,4,1348,1348,19457,,0.008417,0.008417,,4.6231,,,,,,1.63241e-07,3.457
Brethour/coater1/coater1.mtx,spaden_bitmap_float,structural_related,float,ok,4,1348,1348,19457,,0.0132,0.0132,,2.9468,19.41,73.6,,,,5.539296e-08,1.513
Brunetiere/thermal/thermal.mtx,cusparse_double,main,double,ok,4,3456,3456,66528,0.1213,0.0134,0.0134,0.0102,,,,,,,,1.059
Brunetiere/thermal/thermal.mtx,cusparse_float,main_float,float,ok,3,3456,3456,66528,0.1150,0.0091,0.0091,0.0080,,,,,,,,1.415
Brunetiere/thermal/thermal.mtx,dasp_double,main,double,ok,3,,,,0.7460,0.0053,0.0053,,25.3054,,,,,,,1.424
Brunetiere/thermal/thermal.mtx,dasp_half,main_reduced_precision,half,ok,3,,,,0.5780,0.0041,0.0041,,32.4606,,,,,,,1.605
Brunetiere/thermal/thermal.mtx,packsell_pack16,structural_related,half,ok,3,3456,3456,66528,,0.004667,0.004667,,28.5112,,,,,,0.000799605,3.324
Brunetiere/thermal/thermal.mtx,packsell_pack32,structural_related,float,ok,3,3456,3456,66528,,0.007206,0.007206,,18.4656,,,,,,3.81387e-07,3.040
Brunetiere/thermal/thermal.mtx,spaden_bitmap_float,structural_related,float,ok,3,3456,3456,66528,,0.0072,0.0072,,18.5349,56.70,57.9,,,,2.502881e-07,1.536
CPM/cz148/cz148.mtx,cusparse_double,main,double,ok,7,148,148,1527,0.1117,0.0110,0.0110,0.0082,,,,,,,,0.389
CPM/cz148/cz148.mtx,cusparse_float,main_float,float,ok,3,148,148,1527,0.1325,0.0074,0.0074,0.0060,,,,,,,,1.543
CPM/cz148/cz148.mtx,dasp_double,main,double,ok,3,,,,0.0270,0.0061,0.0061,,0.4968,,,,,,,1.451
CPM/cz148/cz148.mtx,dasp_half,main_reduced_precision,half,ok,3,,,,0.0310,0.0063,0.0063,,0.4828,,,,,,,1.807
CPM/cz148/cz148.mtx,packsell_pack16,structural_related,half,ok,3,148,148,1527,,0.004360,0.004360,,0.700421,,,,,,0.000521849,3.329
CPM/cz148/cz148.mtx,packsell_pack32,structural_related,float,ok,3,148,148,1527,,0.006309,0.006309,,0.484078,,,,,,1.96583e-07,2.992
CPM/cz148/cz148.mtx,spaden_bitmap_float,structural_related,float,ok,3,148,148,1527,,0.0072,0.0072,,0.4249,131.32,67.9,,,,4.437469e-05,1.554
CPM/cz308/cz308.mtx,cusparse_double,main,double,ok,7,308,308,3182,0.1259,0.0118,0.0118,0.0103,,,,,,,,0.398
CPM/cz308/cz308.mtx,cusparse_float,main_float,float,ok,6,308,308,3182,0.1340,0.0079,0.0079,0.0061,,,,,,,,1.690
CPM/cz308/cz308.mtx,dasp_double,main,double,ok,6,,,,0.0460,0.0042,0.0042,,1.5109,,,,,,,2.105
CPM/cz308/cz308.mtx,dasp_half,main_reduced_precision,half,ok,6,,,,0.0450,0.0041,0.0041,,1.5511,,,,,,,1.639
CPM/cz308/cz308.mtx,packsell_pack16,structural_related,half,ok,6,308,308,3182,,0.004320,0.004320,,1.47316,,,,,,0.000727726,2.656
CPM/cz308/cz308.mtx,packsell_pack32,structural_related,float,ok,6,308,308,3182,,0.006385,0.006385,,0.996773,,,,,,2.37138e-07,2.605
CPM/cz308/cz308.mtx,spaden_bitmap_float,structural_related,float,ok,6,308,308,3182,,0.0089,0.0089,,0.7115,9.63,70.4,,,,2.478893e-04,1.558
CPM/cz628/cz628.mtx,cusparse_double,main,double,ok,6,628,628,6346,0.1339,0.0152,0.0152,0.0123,,,,,,,,1.145
CPM/cz628/cz628.mtx,cusparse_float,main_float,float,ok,7,628,628,6346,0.1364,0.0082,0.0082,0.0067,,,,,,,,1.602
CPM/cz628/cz628.mtx,dasp_double,main,double,ok,7,,,,0.0970,0.0061,0.0061,,2.0644,,,,,,,2.022
CPM/cz628/cz628.mtx,dasp_half,main_reduced_precision,half,ok,7,,,,0.0790,0.0041,0.0041,,3.0926,,,,,,,1.621
CPM/cz628/cz628.mtx,packsell_pack16,structural_related,half,ok,7,628,628,6346,,0.004376,0.004376,,2.90014,,,,,,0.00070818,3.652
CPM/cz628/cz628.mtx,packsell_pack32,structural_related,float,ok,7,628,628,6346,,0.006308,0.006308,,2.01212,,,,,,2.46573e-07,4.108
CPM/cz628/cz628.mtx,spaden_bitmap_float,structural_related,float,ok,7,628,628,6346,,0.0090,0.0090,,1.4056,104.50,72.1,,,,1.520416e-03,1.431
Cannizzo/sts4098/sts4098.mtx,cusparse_double,main,double,ok,1,4098,4098,72356,0.1579,0.0153,0.0153,0.0123,,,,,,,,0.432
Cannizzo/sts4098/sts4098.mtx,cusparse_float,main_float,float,ok,6,4098,4098,72348,0.1367,0.0088,0.0088,0.0069,,,,,,,,1.803
Cannizzo/sts4098/sts4098.mtx,dasp_double,main,double,ok,6,,,,0.8030,0.0205,0.0205,,7.0598,,,,,,,1.650
Cannizzo/sts4098/sts4098.mtx,dasp_half,main_reduced_precision,half,ok,6,,,,0.6590,0.0102,0.0102,,14.1279,,,,,,,2.038
Cannizzo/sts4098/sts4098.mtx,packsell_pack16,structural_related,half,ok,6,4098,4098,72356,,0.047290,0.047290,,3.06008,,,,,,0.000440165,3.796
Cannizzo/sts4098/sts4098.mtx,packsell_pack32,structural_related,float,ok,6,4098,4098,72356,,0.162710,0.162710,,0.889384,,,,,,3.12224e-07,2.460
Cannizzo/sts4098/sts4098.mtx,spaden_bitmap_float,structural_related,float,ok,6,4098,4098,72356,,0.0577,0.0577,,2.5062,41.20,72.2,,,,2.177933e-07,1.229
Cunningham/m3plates/m3plates.mtx,cusparse_double,main,double,ok,1,11107,11107,6639,0.1431,0.0183,0.0183,0.0164,,,,,,,,0.421
Cunningham/m3plates/m3plates.mtx,cusparse_float,main_float,float,ok,2,11107,11107,6639,0.1558,0.0115,0.0115,0.0101,,,,,,,,1.771
Cunningham/m3plates/m3plates.mtx,dasp_double,main,double,ok,2,,,,0.0930,0.0028,0.0028,,4.8056,,,,,,,1.357
Cunningham/m3plates/m3plates.mtx,dasp_half,main_reduced_precision,half,ok,2,,,,0.1880,0.0028,0.0028,,4.7866,,,,,,,1.670
Cunningham/m3plates/m3plates.mtx,packsell_pack16,structural_related,half,ok,2,11107,11107,6639,,0.003492,0.003492,,3.80215,,,,,,0.000453126,2.075
Cunningham/m3plates/m3plates.mtx,packsell_pack32,structural_related,float,ok,2,11107,11107,6639,,0.002498,0.002498,,5.31467,,,,,,1.54445e-07,3.872
Cunningham/m3plates/m3plates.mtx,spaden_bitmap_float,structural_related,float,ok,2,11107,11107,6639,,0.0044,0.0044,,3.0192,16.46,55.7,,,,0.000000e+00,1.388
Cylshell/s1rmq4m1/s1rmq4m1.mtx,cusparse_double,main,double,ok,3,5489,5489,262411,0.1843,0.0143,0.0143,0.0102,,,,,,,,0.910
Cylshell/s1rmq4m1/s1rmq4m1.mtx,cusparse_float,main_float,float,ok,5,5489,5489,262411,0.1194,0.0087,0.0087,0.0082,,,,,,,,1.632
Cylshell/s1rmq4m1/s1rmq4m1.mtx,dasp_double,main,double,ok,5,,,,2.7340,0.0062,0.0062,,91.2550,,,,,,,0.832
Cylshell/s1rmq4m1/s1rmq4m1.mtx,dasp_half,main_reduced_precision,half,ok,5,,,,1.9510,0.0061,0.0061,,91.4628,,,,,,,1.218
Cylshell/s1rmq4m1/s1rmq4m1.mtx,packsell_pack16,structural_related,half,ok,5,5489,5489,262411,,0.006347,0.006347,,82.6925,,,,,,0.000633629,1.973
Cylshell/s1rmq4m1/s1rmq4m1.mtx,packsell_pack32,structural_related,float,ok,5,5489,5489,262411,,0.008449,0.008449,,62.113,,,,,,3.68512e-07,1.909
Cylshell/s1rmq4m1/s1rmq4m1.mtx,spaden_bitmap_float,structural_related,float,ok,5,5489,5489,281111,,0.0096,0.0096,,58.7214,232.40,55.3,,,,7.546851e-07,1.480
Cylshell/s1rmt3m1/s1rmt3m1.mtx,cusparse_double,main,double,ok,6,5489,5489,217651,0.1282,0.0132,0.0132,0.0102,,,,,,,,0.849
Cylshell/s1rmt3m1/s1rmt3m1.mtx,cusparse_float,main_float,float,ok,4,5489,5489,217651,0.1217,0.0089,0.0089,0.0072,,,,,,,,1.626
Cylshell/s1rmt3m1/s1rmt3m1.mtx,dasp_double,main,double,ok,4,,,,5.6990,0.0062,0.0062,,71.3541,,,,,,,1.681
Cylshell/s1rmt3m1/s1rmt3m1.mtx,dasp_half,main_reduced_precision,half,ok,4,,,,1.3150,0.0056,0.0056,,78.9786,,,,,,,1.501
Cylshell/s1rmt3m1/s1rmt3m1.mtx,packsell_pack16,structural_related,half,ok,4,5489,5489,217651,,0.006289,0.006289,,69.2149,,,,,,0.000692614,2.420
Cylshell/s1rmt3m1/s1rmt3m1.mtx,packsell_pack32,structural_related,float,ok,4,5489,5489,217651,,0.008365,0.008365,,52.0364,,,,,,3.30627e-07,2.677
Cylshell/s1rmt3m1/s1rmt3m1.mtx,spaden_bitmap_float,structural_related,float,ok,4,5489,5489,219521,,0.0097,0.0097,,45.4407,227.66,56.1,,,,1.004327e-06,1.914
Cylshell/s2rmq4m1/s2rmq4m1.mtx,cusparse_double,main,double,ok,1,5489,5489,263351,0.1332,0.0136,0.0136,0.0102,,,,,,,,0.450
Cylshell/s2rmq4m1/s2rmq4m1.mtx,cusparse_float,main_float,float,ok,7,5489,5489,263351,0.1416,0.0091,0.0091,0.0059,,,,,,,,2.420
Cylshell/s2rmq4m1/s2rmq4m1.mtx,dasp_double,main,double,ok,7,,,,2.8710,0.0062,0.0062,,91.3439,,,,,,,2.287
Cylshell/s2rmq4m1/s2rmq4m1.mtx,dasp_half,main_reduced_precision,half,ok,7,,,,1.9660,0.0061,0.0061,,91.4628,,,,,,,1.590
Cylshell/s2rmq4m1/s2rmq4m1.mtx,packsell_pack16,structural_related,half,ok,7,5489,5489,263351,,0.006399,0.006399,,82.3083,,,,,,0.00065824,2.775
Cylshell/s2rmq4m1/s2rmq4m1.mtx,packsell_pack32,structural_related,float,ok,7,5489,5489,263351,,0.008547,0.008547,,61.6268,,,,,,3.20628e-07,5.511
Cylshell/s2rmq4m1/s2rmq4m1.mtx,spaden_bitmap_float,structural_related,float,ok,7,5489,5489,281111,,0.0089,0.0089,,63.0860,150.01,55.3,,,,8.354629e-07,1.381
Cylshell/s2rmt3m1/s2rmt3m1.mtx,cusparse_double,main,double,ok,5,5489,5489,217681,0.1300,0.0140,0.0140,0.0102,,,,,,,,1.419
Cylshell/s2rmt3m1/s2rmt3m1.mtx,cusparse_float,main_float,float,ok,7,5489,5489,217607,0.1308,0.0086,0.0086,0.0057,,,,,,,,1.850
Cylshell/s2rmt3m1/s2rmt3m1.mtx,dasp_double,main,double,ok,7,,,,2.2910,0.0062,0.0062,,71.3657,,,,,,,1.397
Cylshell/s2rmt3m1/s2rmt3m1.mtx,dasp_half,main_reduced_precision,half,ok,7,,,,2.3470,0.0041,0.0041,,106.9269,,,,,,,1.059
Cylshell/s2rmt3m1/s2rmt3m1.mtx,packsell_pack16,structural_related,half,ok,7,5489,5489,217681,,0.006409,0.006409,,67.9301,,,,,,0.000662621,3.210
Cylshell/s2rmt3m1/s2rmt3m1.mtx,packsell_pack32,structural_related,float,ok,7,5489,5489,217681,,0.008423,0.008423,,51.6895,,,,,,3.24471e-07,2.275
Cylshell/s2rmt3m1/s2rmt3m1.mtx,spaden_bitmap_float,structural_related,float,ok,7,5489,5489,219521,,0.0094,0.0094,,46.7729,261.80,56.1,,,,1.255586e-06,1.942
Cylshell/s3rmq4m1/s3rmq4m1.mtx,cusparse_double,main,double,ok,5,5489,5489,262943,0.1353,0.0141,0.0141,0.0102,,,,,,,,1.595
Cylshell/s3rmq4m1/s3rmq4m1.mtx,cusparse_float,main_float,float,ok,5,5489,5489,262943,0.1319,0.0087,0.0087,0.0071,,,,,,,,2.577
Cylshell/s3rmq4m1/s3rmq4m1.mtx,dasp_double,main,double,ok,5,,,,3.1320,0.0062,0.0062,,91.3588,,,,,,,2.350
Cylshell/s3rmq4m1/s3rmq4m1.mtx,dasp_half,main_reduced_precision,half,ok,5,,,,2.2720,0.0062,0.0062,,91.4182,,,,,,,1.644
Cylshell/s3rmq4m1/s3rmq4m1.mtx,packsell_pack16,structural_related,half,ok,5,5489,5489,262943,,0.006399,0.006399,,82.1877,,,,,,0.000614957,3.136
Cylshell/s3rmq4m1/s3rmq4m1.mtx,packsell_pack32,structural_related,float,ok,5,5489,5489,262943,,0.008462,0.008462,,62.1478,,,,,,3.66798e-07,5.188
Cylshell/s3rmq4m1/s3rmq4m1.mtx,spaden_bitmap_float,structural_related,float,ok,5,5489,5489,281111,,0.0090,0.0090,,62.4728,153.35,55.3,,,,9.124607e-07,1.320
Cylshell/s3rmt3m1/s3rmt3m1.mtx,cusparse_double,main,double,ok,1,5489,5489,217669,0.1391,0.0133,0.0133,0.0102,,,,,,,,0.440
Cylshell/s3rmt3m1/s3rmt3m1.mtx,cusparse_float,main_float,float,ok,2,5489,5489,217591,0.1300,0.0089,0.0089,0.0074,,,,,,,,1.763
Cylshell/s3rmt3m1/s3rmt3m1.mtx,dasp_double,main,double,ok,2,,,,4.9540,0.0062,0.0062,,71.3657,,,,,,,1.528
Cylshell/s3rmt3m1/s3rmt3m1.mtx,dasp_half,main_reduced_precision,half,ok,2,,,,1.5760,0.0041,0.0041,,106.9530,,,,,,,1.622
Cylshell/s3rmt3m1/s3rmt3m1.mtx,packsell_pack16,structural_related,half,ok,2,5489,5489,217669,,0.006299,0.006299,,69.1163,,,,,,0.000534504,1.874
Cylshell/s3rmt3m1/s3rmt3m1.mtx,packsell_pack32,structural_related,float,ok,2,5489,5489,217669,,0.008435,0.008435,,51.6129,,,,,,2.78884e-07,2.929
Cylshell/s3rmt3m1/s3rmt3m1.mtx,spaden_bitmap_float,structural_related,float,ok,2,5489,5489,219521,,0.0100,0.0100,,44.0028,31.23,56.1,,,,1.014013e-06,1.228
Cylshell/s3rmt3m3/s3rmt3m3.mtx,cusparse_double,main,double,ok,2,5357,5357,207123,0.1212,0.0130,0.0130,0.0102,,,,,,,,1.334
Cylshell/s3rmt3m3/s3rmt3m3.mtx,cusparse_float,main_float,float,ok,4,5357,5357,207113,0.1271,0.0090,0.0090,0.0068,,,,,,,,1.463
Cylshell/s3rmt3m3/s3rmt3m3.mtx,dasp_double,main,double,ok,4,,,,3.5380,0.0062,0.0062,,67.5102,,,,,,,1.115
Cylshell/s3rmt3m3/s3rmt3m3.mtx,dasp_half,main_reduced_precision,half,ok,4,,,,1.4130,0.0043,0.0043,,97.4179,,,,,,,1.362
Cylshell/s3rmt3m3/s3rmt3m3.mtx,packsell_pack16,structural_related,half,ok,4,5357,5357,207123,,0.006345,0.006345,,65.2901,,,,,,0.000544882,3.074
Cylshell/s3rmt3m3/s3rmt3m3.mtx,packsell_pack32,structural_related,float,ok,4,5357,5357,207123,,0.008395,0.008395,,49.3432,,,,,,3.13054e-07,3.354
Cylshell/s3rmt3m3/s3rmt3m3.mtx,spaden_bitmap_float,structural_related,float,ok,4,5357,5357,207695,,0.0101,0.0101,,41.2923,116.41,55.6,,,,1.088248e-06,1.637
DIMACS10/chesapeake/chesapeake.mtx,cusparse_double,main,double,ok,6,39,39,340,0.1380,0.0118,0.0118,0.0082,,,,,,,,1.479
DIMACS10/chesapeake/chesapeake.mtx,cusparse_float,main_float,float,ok,7,39,39,340,0.1287,0.0075,0.0075,0.0063,,,,,,,,1.475
DIMACS10/chesapeake/chesapeake.mtx,dasp_double,main,double,ok,7,,,,0.0190,0.0065,0.0065,,0.1051,,,,,,,1.577
DIMACS10/chesapeake/chesapeake.mtx,dasp_half,main_reduced_precision,half,ok,7,,,,0.0110,0.0041,0.0041,,0.1658,,,,,,,1.036
DIMACS10/chesapeake/chesapeake.mtx,packsell_pack16,structural_related,half,ok,7,39,39,340,,0.004352,0.004352,,0.156239,,,,,,0.000794537,2.533
DIMACS10/chesapeake/chesapeake.mtx,packsell_pack32,structural_related,float,ok,7,39,39,340,,0.006369,0.006369,,0.106775,,,,,,2.70032e-07,3.271
DIMACS10/chesapeake/chesapeake.mtx,spaden_bitmap_float,structural_related,float,ok,7,39,39,340,,0.0048,0.0048,,0.1418,6.26,61.0,,,,0.000000e+00,1.333
DIMACS10/data/data.mtx,cusparse_double,main,double,ok,3,2851,2851,30186,0.1456,0.0140,0.0140,0.0102,,,,,,,,1.446
DIMACS10/data/data.mtx,cusparse_float,main_float,float,ok,7,2851,2851,30186,0.1469,0.0091,0.0091,0.0075,,,,,,,,1.345
DIMACS10/data/data.mtx,dasp_double,main,double,ok,7,,,,0.4100,0.0041,0.0041,,14.7105,,,,,,,1.588
DIMACS10/data/data.mtx,dasp_half,main_reduced_precision,half,ok,7,,,,0.3520,0.0041,0.0041,,14.7177,,,,,,,1.501
DIMACS10/data/data.mtx,packsell_pack16,structural_related,half,ok,7,2851,2851,30186,,0.004235,0.004235,,14.255,,,,,,0.00133162,2.768
DIMACS10/data/data.mtx,packsell_pack32,structural_related,float,ok,7,2851,2851,30186,,0.004417,0.004417,,13.6684,,,,,,3.90696e-07,3.729
DIMACS10/data/data.mtx,spaden_bitmap_float,structural_related,float,ok,7,2851,2851,30186,,0.0092,0.0092,,6.5706,30.68,64.7,,,,0.000000e+00,1.439
DRIVCAV/cavity01/cavity01.mtx,cusparse_double,main,double,ok,7,317,317,7280,0.1472,0.0144,0.0144,0.0102,,,,,,,,0.708
DRIVCAV/cavity01/cavity01.mtx,cusparse_float,main_float,float,ok,6,317,317,7280,0.1333,0.0080,0.0080,0.0061,,,,,,,,1.619
DRIVCAV/cavity01/cavity01.mtx,dasp_double,main,double,ok,6,,,,0.0820,0.0062,0.0062,,2.3820,,,,,,,1.695
DRIVCAV/cavity01/cavity01.mtx,dasp_half,main_reduced_precision,half,ok,6,,,,0.0840,0.0041,0.0041,,3.5689,,,,,,,1.661
DRIVCAV/cavity01/cavity01.mtx,packsell_pack16,structural_related,half,ok,6,317,317,7280,,0.006354,0.006354,,2.29149,,,,,,0.000434749,3.075
DRIVCAV/cavity01/cavity01.mtx,packsell_pack32,structural_related,float,ok,6,317,317,7280,,0.008463,0.008463,,1.72049,,,,,,1.69439e-07,3.575
DRIVCAV/cavity01/cavity01.mtx,spaden_bitmap_float,structural_related,float,ok,6,317,317,7327,,0.0110,0.0110,,1.3346,21.03,61.7,,,,2.245757e-07,1.740
DRIVCAV/cavity02/cavity02.mtx,cusparse_double,main,double,ok,7,317,317,5923,0.1616,0.0148,0.0148,0.0102,,,,,,,,0.660
DRIVCAV/cavity02/cavity02.mtx,cusparse_float,main_float,float,ok,5,317,317,5923,0.1281,0.0079,0.0079,0.0064,,,,,,,,1.674
DRIVCAV/cavity02/cavity02.mtx,dasp_double,main,double,ok,5,,,,0.1020,0.0082,0.0082,,1.7864,,,,,,,1.972
DRIVCAV/cavity02/cavity02.mtx,dasp_half,main_reduced_precision,half,ok,5,,,,0.0610,0.0061,0.0061,,2.3839,,,,,,,1.577
DRIVCAV/cavity02/cavity02.mtx,packsell_pack16,structural_related,half,ok,5,317,317,5923,,0.006311,0.006311,,1.87718,,,,,,0.000417646,2.328
DRIVCAV/cavity02/cavity02.mtx,packsell_pack32,structural_related,float,ok,5,317,317,5923,,0.008504,0.008504,,1.39302,,,,,,1.44994e-07,2.934
DRIVCAV/cavity02/cavity02.mtx,spaden_bitmap_float,structural_related,float,ok,5,317,317,7327,,0.0110,0.0110,,1.3350,9.80,61.7,,,,1.312349e-07,1.430
DRIVCAV/cavity03/cavity03.mtx,cusparse_double,main,double,ok,6,317,317,7311,0.1444,0.0127,0.0127,0.0102,,,,,,,,1.383
DRIVCAV/cavity03/cavity03.mtx,cusparse_float,main_float,float,ok,7,317,317,7311,0.1344,0.0080,0.0080,0.0061,,,,,,,,1.752
DRIVCAV/cavity03/cavity03.mtx,dasp_double,main,double,ok,7,,,,0.1080,0.0069,0.0069,,2.1380,,,,,,,1.312
DRIVCAV/cavity03/cavity03.mtx,dasp_half,main_reduced_precision,half,ok,7,,,,0.0690,0.0060,0.0060,,2.4509,,,,,,,1.380
DRIVCAV/cavity03/cavity03.mtx,packsell_pack16,structural_related,half,ok,7,317,317,7311,,0.006333,0.006333,,2.3088,,,,,,0.000443011,2.649
DRIVCAV/cavity03/cavity03.mtx,packsell_pack32,structural_related,float,ok,7,317,317,7311,,0.010396,0.010396,,1.40655,,,,,,1.60111e-07,2.743
DRIVCAV/cavity03/cavity03.mtx,spaden_bitmap_float,structural_related,float,ok,7,317,317,7327,,0.0108,0.0108,,1.3531,8.21,61.7,,,,1.034428e-07,1.338
DRIVCAV/cavity04/cavity04.mtx,cusparse_double,main,double,ok,1,317,317,5923,0.1396,0.0129,0.0129,0.0102,,,,,,,,0.410
DRIVCAV/cavity04/cavity04.mtx,cusparse_float,main_float,float,ok,5,317,317,5923,0.1289,0.0079,0.0079,0.0065,,,,,,,,1.626
DRIVCAV/cavity04/cavity04.mtx,dasp_double,main,double,ok,5,,,,0.0880,0.0082,0.0082,,1.7879,,,,,,,1.887
DRIVCAV/cavity04/cavity04.mtx,dasp_half,main_reduced_precision,half,ok,5,,,,0.0600,0.0061,0.0061,,2.3843,,,,,,,1.632
DRIVCAV/cavity04/cavity04.mtx,packsell_pack16,structural_related,half,ok,5,317,317,5923,,0.006339,0.006339,,1.86877,,,,,,0.000396397,2.114
DRIVCAV/cavity04/cavity04.mtx,packsell_pack32,structural_related,float,ok,5,317,317,5923,,0.008494,0.008494,,1.3946,,,,,,1.83102e-07,3.388
DRIVCAV/cavity04/cavity04.mtx,spaden_bitmap_float,structural_related,float,ok,5,317,317,7327,,0.0109,0.0109,,1.3408,18.14,61.7,,,,1.098701e-07,1.154
DRIVCAV/cavity05/cavity05.mtx,cusparse_double,main,double,ok,4,1182,1182,32632,0.1467,0.0139,0.0139,0.0102,,,,,,,,0.807
DRIVCAV/cavity05/cavity05.mtx,cusparse_float,main_float,float,ok,3,1182,1182,32632,0.1381,0.0088,0.0088,0.0077,,,,,,,,1.557
DRIVCAV/cavity05/cavity05.mtx,dasp_double,main,double,ok,3,,,,0.2670,0.0082,0.0082,,7.9910,,,,,,,1.090
DRIVCAV/cavity05/cavity05.mtx,dasp_half,main_reduced_precision,half,ok,3,,,,0.2380,0.0061,0.0061,,10.6529,,,,,,,1.469
DRIVCAV/cavity05/cavity05.mtx,packsell_pack16,structural_related,half,ok,3,1182,1182,32632,,0.007428,0.007428,,8.78574,,,,,,0.000574439,2.470
DRIVCAV/cavity05/cavity05.mtx,packsell_pack32,structural_related,float,ok,3,1182,1182,32632,,0.010418,0.010418,,6.2648,,,,,,2.22477e-07,2.782
DRIVCAV/cavity05/cavity05.mtx,spaden_bitmap_float,structural_related,float,ok,3,1182,1182,32747,,0.0111,0.0111,,5.9198,12.56,61.3,,,,4.316897e-07,1.281
DRIVCAV/cavity06/cavity06.mtx,cusparse_double,main,double,ok,7,1182,1182,29675,0.1520,0.0162,0.0162,0.0123,,,,,,,,0.910
DRIVCAV/cavity06/cavity06.mtx,cusparse_float,main_float,float,ok,7,1182,1182,29675,0.1429,0.0092,0.0092,0.0078,,,,,,,,1.614
DRIVCAV/cavity06/cavity06.mtx,dasp_double,main,double,ok,7,,,,0.2630,0.0082,0.0082,,7.9842,,,,,,,1.474
DRIVCAV/cavity06/cavity06.mtx,dasp_half,main_reduced_precision,half,ok,7,,,,0.2890,0.0318,0.0318,,2.0599,,,,,,,1.381
DRIVCAV/cavity06/cavity06.mtx,packsell_pack16,structural_related,half,ok,7,1182,1182,29675,,0.006495,0.006495,,9.13789,,,,,,0.000511416,3.282
DRIVCAV/cavity06/cavity06.mtx,packsell_pack32,structural_related,float,ok,7,1182,1182,29675,,0.010417,0.010417,,5.69758,,,,,,2.24345e-07,2.876
DRIVCAV/cavity06/cavity06.mtx,spaden_bitmap_float,structural_related,float,ok,7,1182,1182,32747,,0.0113,0.0113,,5.8051,35.10,61.3,,,,2.515494e-07,2.396
DRIVCAV/cavity07/cavity07.mtx,cusparse_double,main,double,ok,5,1182,1182,32702,0.1280,0.0142,0.0142,0.0119,,,,,,,,1.349
DRIVCAV/cavity07/cavity07.mtx,cusparse_float,main_float,float,ok,3,1182,1182,32702,0.1352,0.0087,0.0087,0.0077,,,,,,,,1.658
DRIVCAV/cavity07/cavity07.mtx,dasp_double,main,double,ok,3,,,,0.3040,0.0082,0.0082,,7.9900,,,,,,,2.073
DRIVCAV/cavity07/cavity07.mtx,dasp_half,main_reduced_precision,half,ok,3,,,,0.2690,0.0061,0.0061,,10.6546,,,,,,,1.878
DRIVCAV/cavity07/cavity07.mtx,packsell_pack16,structural_related,half,ok,3,1182,1182,32702,,0.006383,0.006383,,10.2462,,,,,,0.000560398,2.762
DRIVCAV/cavity07/cavity07.mtx,packsell_pack32,structural_related,float,ok,3,1182,1182,32702,,0.010409,0.010409,,6.28343,,,,,,2.18099e-07,2.104
DRIVCAV/cavity07/cavity07.mtx,spaden_bitmap_float,structural_related,float,ok,3,1182,1182,32747,,0.0109,0.0109,,6.0144,17.16,61.3,,,,1.849538e-07,1.496
DRIVCAV/cavity08/cavity08.mtx,cusparse_double,main,double,ok,6,1182,1182,29675,0.1459,0.0134,0.0134,0.0102,,,,,,,,1.125
DRIVCAV/cavity08/cavity08.mtx,cusparse_float,main_float,float,ok,4,1182,1182,29675,0.1306,0.0085,0.0085,0.0076,,,,,,,,1.749
DRIVCAV/cavity08/cavity08.mtx,dasp_double,main,double,ok,4,,,,0.3100,0.0085,0.0085,,7.6961,,,,,,,1.660
DRIVCAV/cavity08/cavity08.mtx,dasp_half,main_reduced_precision,half,ok,4,,,,3.2820,0.0157,0.0157,,4.1766,,,,,,,1.638
DRIVCAV/cavity08/cavity08.mtx,packsell_pack16,structural_related,half,ok,4,1182,1182,29675,,0.006350,0.006350,,9.34655,,,,,,0.000501724,2.839
DRIVCAV/cavity08/cavity08.mtx,packsell_pack32,structural_related,float,ok,4,1182,1182,29675,,0.010422,0.010422,,5.69459,,,,,,2.01925e-07,1.945
DRIVCAV/cavity08/cavity08.mtx,spaden_bitmap_float,structural_related,float,ok,4,1182,1182,32747,,0.0110,0.0110,,5.9410,6.70,61.3,,,,1.625635e-07,1.674
DRIVCAV/cavity09/cavity09.mtx,cusparse_double,main,double,ok,7,1182,1182,32702,0.1560,0.0172,0.0172,0.0123,,,,,,,,0.827
DRIVCAV/cavity09/cavity09.mtx,cusparse_float,main_float,float,ok,2,1182,1182,32702,0.1277,0.0085,0.0085,0.0072,,,,,,,,1.666
DRIVCAV/cavity09/cavity09.mtx,dasp_double,main,double,ok,2,,,,0.3420,0.0082,0.0082,,7.9919,,,,,,,1.688
DRIVCAV/cavity09/cavity09.mtx,dasp_half,main_reduced_precision,half,ok,2,,,,0.2740,0.0082,0.0082,,7.9832,,,,,,,2.007
DRIVCAV/cavity09/cavity09.mtx,packsell_pack16,structural_related,half,ok,2,1182,1182,32702,,0.006338,0.006338,,10.3198,,,,,,0.000483491,2.205
DRIVCAV/cavity09/cavity09.mtx,packsell_pack32,structural_related,float,ok,2,1182,1182,32702,,0.010407,0.010407,,6.28452,,,,,,1.90313e-07,3.087
DRIVCAV/cavity09/cavity09.mtx,spaden_bitmap_float,structural_related,float,ok,2,1182,1182,32747,,0.0114,0.0114,,5.7234,20.33,61.3,,,,1.686345e-07,1.239
DRIVCAV/cavity10/cavity10.mtx,cusparse_double,main,double,ok,6,2597,2597,76171,0.1510,0.0132,0.0132,0.0123,,,,,,,,1.039
DRIVCAV/cavity10/cavity10.mtx,cusparse_float,main_float,float,ok,2,2597,2597,76171,0.1162,0.0089,0.0089,0.0079,,,,,,,,1.677
DRIVCAV/cavity10/cavity10.mtx,dasp_double,main,double,ok,2,,,,0.7560,0.0082,0.0082,,18.6397,,,,,,,1.347
DRIVCAV/cavity10/cavity10.mtx,dasp_half,main_reduced_precision,half,ok,2,,,,0.6130,0.0099,0.0099,,15.4355,,,,,,,1.572
DRIVCAV/cavity10/cavity10.mtx,packsell_pack16,structural_related,half,ok,2,2597,2597,76171,,0.006390,0.006390,,23.8423,,,,,,0.000677471,2.323
DRIVCAV/cavity10/cavity10.mtx,packsell_pack32,structural_related,float,ok,2,2597,2597,76171,,0.010465,0.010465,,14.557,,,,,,2.22072e-07,3.876
DRIVCAV/cavity10/cavity10.mtx,spaden_bitmap_float,structural_related,float,ok,2,2597,2597,76367,,0.0111,0.0111,,13.7549,187.05,61.2,,,,3.025945e-07,2.584
DRIVCAV/cavity11/cavity11.mtx,cusparse_double,main,double,ok,7,2597,2597,71601,0.1872,0.0171,0.0171,0.0123,,,,,,,,0.864
DRIVCAV/cavity11/cavity11.mtx,cusparse_float,main_float,float,ok,4,2597,2597,71601,0.1647,0.0095,0.0095,0.0076,,,,,,,,1.646
DRIVCAV/cavity11/cavity11.mtx,dasp_double,main,double,ok,4,,,,0.8880,0.0082,0.0082,,18.6397,,,,,,,1.045
DRIVCAV/cavity11/cavity11.mtx,dasp_half,main_reduced_precision,half,ok,4,,,,0.5280,0.0061,0.0061,,24.8510,,,,,,,1.940
DRIVCAV/cavity11/cavity11.mtx,packsell_pack16,structural_related,half,ok,4,2597,2597,71601,,0.006398,0.006398,,22.3811,,,,,,0.000570413,2.462
DRIVCAV/cavity11/cavity11.mtx,packsell_pack32,structural_related,float,ok,4,2597,2597,71601,,0.010489,0.010489,,13.6529,,,,,,2.29322e-07,1.791
DRIVCAV/cavity11/cavity11.mtx,spaden_bitmap_float,structural_related,float,ok,4,2597,2597,76367,,0.0111,0.0111,,13.8053,50.04,61.2,,,,3.604139e-07,1.701
DRIVCAV/cavity12/cavity12.mtx,cusparse_double,main,double,ok,7,2597,2597,76258,0.1506,0.0163,0.0163,0.0123,,,,,,,,1.040
DRIVCAV/cavity12/cavity12.mtx,cusparse_float,main_float,float,ok,6,2597,2597,76258,0.1174,0.0089,0.0089,0.0078,,,,,,,,1.454
DRIVCAV/cavity12/cavity12.mtx,dasp_double,main,double,ok,6,,,,0.8590,0.0102,0.0102,,15.0048,,,,,,,1.619
DRIVCAV/cavity12/cavity12.mtx,dasp_half,main_reduced_precision,half,ok,6,,,,0.7860,0.0061,0.0061,,24.8469,,,,,,,1.193
DRIVCAV/cavity12/cavity12.mtx,packsell_pack16,structural_related,half,ok,6,2597,2597,76258,,0.006382,0.006382,,23.8962,,,,,,0.000536866,2.847
DRIVCAV/cavity12/cavity12.mtx,packsell_pack32,structural_related,float,ok,6,2597,2597,76258,,0.010395,0.010395,,14.6719,,,,,,2.36878e-07,2.717
DRIVCAV/cavity12/cavity12.mtx,spaden_bitmap_float,structural_related,float,ok,6,2597,2597,76367,,0.0111,0.0111,,13.7549,21.07,61.2,,,,2.904914e-07,1.704
DRIVCAV/cavity13/cavity13.mtx,cusparse_double,main,double,ok,5,2597,2597,71601,0.1434,0.0141,0.0141,0.0102,,,,,,,,1.179
DRIVCAV/cavity13/cavity13.mtx,cusparse_float,main_float,float,ok,2,2597,2597,71601,0.1230,0.0089,0.0089,0.0078,,,,,,,,1.638
DRIVCAV/cavity13/cavity13.mtx,dasp_double,main,double,ok,2,,,,0.7210,0.0082,0.0082,,18.6375,,,,,,,1.112
DRIVCAV/cavity13/cavity13.mtx,dasp_half,main_reduced_precision,half,ok,2,,,,0.6460,0.0061,0.0061,,24.8429,,,,,,,1.498
DRIVCAV/cavity13/cavity13.mtx,packsell_pack16,structural_related,half,ok,2,2597,2597,71601,,0.006379,0.006379,,22.4499,,,,,,0.000535895,2.092
DRIVCAV/cavity13/cavity13.mtx,packsell_pack32,structural_related,float,ok,2,2597,2597,71601,,0.010435,0.010435,,13.7228,,,,,,2.27694e-07,2.851
DRIVCAV/cavity13/cavity13.mtx,spaden_bitmap_float,structural_related,float,ok,2,2597,2597,76367,,0.0113,0.0113,,13.5595,99.63,61.2,,,,2.387056e-07,1.839
DRIVCAV/cavity14/cavity14.mtx,cusparse_double,main,double,ok,5,2597,2597,76258,0.1361,0.0141,0.0141,0.0102,,,,,,,,1.733
DRIVCAV/cavity14/cavity14.mtx,cusparse_float,main_float,float,ok,5,2597,2597,76258,0.1294,0.0087,0.0087,0.0077,,,,,,,,1.641
DRIVCAV/cavity14/cavity14.mtx,dasp_double,main,double,ok,5,,,,12.8540,0.0261,0.0261,,5.8481,,,,,,,1.110
DRIVCAV/cavity14/cavity14.mtx,dasp_half,main_reduced_precision,half,ok,5,,,,0.6700,0.0119,0.0119,,12.8575,,,,,,,1.808
DRIVCAV/cavity14/cavity14.mtx,packsell_pack16,structural_related,half,ok,5,2597,2597,76258,,0.006342,0.006342,,24.0488,,,,,,0.00052102,2.292
DRIVCAV/cavity14/cavity14.mtx,packsell_pack32,structural_related,float,ok,5,2597,2597,76258,,0.010404,0.010404,,14.6591,,,,,,2.27382e-07,2.553
DRIVCAV/cavity14/cavity14.mtx,spaden_bitmap_float,structural_related,float,ok,5,2597,2597,76367,,0.0110,0.0110,,13.8507,11.13,61.2,,,,2.134105e-07,1.654
DRIVCAV/cavity15/cavity15.mtx,cusparse_double,main,double,ok,4,2597,2597,71601,0.1173,0.0130,0.0130,0.0102,,,,,,,,0.805
DRIVCAV/cavity15/cavity15.mtx,cusparse_float,main_float,float,ok,6,2597,2597,71601,0.1320,0.0092,0.0092,0.0079,,,,,,,,1.610
DRIVCAV/cavity15/cavity15.mtx,dasp_double,main,double,ok,6,,,,0.7060,0.0082,0.0082,,18.6375,,,,,,,0.713
DRIVCAV/cavity15/cavity15.mtx,dasp_half,main_reduced_precision,half,ok,6,,,,0.7860,0.0061,0.0061,,24.8429,,,,,,,1.809
DRIVCAV/cavity15/cavity15.mtx,packsell_pack16,structural_related,half,ok,6,2597,2597,71601,,0.006340,0.006340,,22.5873,,,,,,0.0005278,1.874
DRIVCAV/cavity15/cavity15.mtx,packsell_pack32,structural_related,float,ok,6,2597,2597,71601,,0.010484,0.010484,,13.6589,,,,,,2.32398e-07,2.029
DRIVCAV/cavity15/cavity15.mtx,spaden_bitmap_float,structural_related,float,ok,6,2597,2597,76367,,0.0113,0.0113,,13.5070,320.95,61.2,,,,2.025882e-07,1.886
DRIVCAV/cavity16/cavity16.mtx,cusparse_double,main,double,ok,2,4562,4562,137887,0.1409,0.0139,0.0139,0.0102,,,,,,,,1.364
DRIVCAV/cavity16/cavity16.mtx,cusparse_float,main_float,float,ok,6,4562,4562,137887,0.1387,0.0087,0.0087,0.0077,,,,,,,,2.135
DRIVCAV/cavity16/cavity16.mtx,dasp_double,main,double,ok,6,,,,1.3180,0.0082,0.0082,,33.7083,,,,,,,2.150
DRIVCAV/cavity16/cavity16.mtx,dasp_half,main_reduced_precision,half,ok,6,,,,1.0500,0.0061,0.0061,,44.9535,,,,,,,1.175
DRIVCAV/cavity16/cavity16.mtx,packsell_pack16,structural_related,half,ok,6,4562,4562,137887,,0.006428,0.006428,,42.8987,,,,,,0.000644604,3.505
DRIVCAV/cavity16/cavity16.mtx,packsell_pack32,structural_related,float,ok,6,4562,4562,137887,,0.010444,0.010444,,26.4039,,,,,,2.82613e-07,5.251
DRIVCAV/cavity16/cavity16.mtx,spaden_bitmap_float,structural_related,float,ok,6,4562,4562,138187,,0.0111,0.0111,,25.0049,42.31,61.0,,,,4.969637e-07,1.335
DRIVCAV/cavity17/cavity17.mtx,cusparse_double,main,double,ok,5,4562,4562,131735,0.1298,0.0141,0.0141,0.0102,,,,,,,,1.435
DRIVCAV/cavity17/cavity17.mtx,cusparse_float,main_float,float,ok,4,4562,4562,131735,0.1230,0.0084,0.0084,0.0078,,,,,,,,1.607
DRIVCAV/cavity17/cavity17.mtx,dasp_double,main,double,ok,4,,,,1.5810,0.0109,0.0109,,25.2881,,,,,,,1.686
DRIVCAV/cavity17/cavity17.mtx,dasp_half,main_reduced_precision,half,ok,4,,,,1.0810,0.0061,0.0061,,44.9535,,,,,,,1.649
DRIVCAV/cavity17/cavity17.mtx,packsell_pack16,structural_related,half,ok,4,4562,4562,131735,,0.006445,0.006445,,40.88,,,,,,0.00060028,3.887
DRIVCAV/cavity17/cavity17.mtx,packsell_pack32,structural_related,float,ok,4,4562,4562,131735,,0.010463,0.010463,,25.1811,,,,,,2.61805e-07,4.269
DRIVCAV/cavity17/cavity17.mtx,spaden_bitmap_float,structural_related,float,ok,4,4562,4562,138187,,0.0111,0.0111,,24.9063,150.91,61.0,,,,5.108054e-07,1.943
DRIVCAV/cavity18/cavity18.mtx,cusparse_double,main,double,ok,5,4562,4562,138040,0.1290,0.0143,0.0143,0.0102,,,,,,,,1.288
DRIVCAV/cavity18/cavity18.mtx,cusparse_float,main_float,float,ok,4,4562,4562,138040,0.1237,0.0088,0.0088,0.0078,,,,,,,,1.548
DRIVCAV/cavity18/cavity18.mtx,dasp_double,main,double,ok,4,,,,1.1500,0.0082,0.0082,,33.7329,,,,,,,1.238
DRIVCAV/cavity18/cavity18.mtx,dasp_half,main_reduced_precision,half,ok,4,,,,1.1050,0.0061,0.0061,,44.9535,,,,,,,1.724
DRIVCAV/cavity18/cavity18.mtx,packsell_pack16,structural_related,half,ok,4,4562,4562,138040,,0.006404,0.006404,,43.1079,,,,,,0.000546912,3.917
DRIVCAV/cavity18/cavity18.mtx,packsell_pack32,structural_related,float,ok,4,4562,4562,138040,,0.010495,0.010495,,26.307,,,,,,2.7058e-07,4.656
DRIVCAV/cavity18/cavity18.mtx,spaden_bitmap_float,structural_related,float,ok,4,4562,4562,138187,,0.0111,0.0111,,24.9615,55.65,61.0,,,,4.691772e-07,1.852
DRIVCAV/cavity19/cavity19.mtx,cusparse_double,main,double,ok,6,4562,4562,131735,0.1317,0.0133,0.0133,0.0102,,,,,,,,0.836
DRIVCAV/cavity19/cavity19.mtx,cusparse_float,main_float,float,ok,2,4562,4562,131735,0.1139,0.0088,0.0088,0.0072,,,,,,,,1.595
DRIVCAV/cavity19/cavity19.mtx,dasp_double,main,double,ok,2,,,,1.5220,0.0091,0.0091,,30.3808,,,,,,,1.624
DRIVCAV/cavity19/cavity19.mtx,dasp_half,main_reduced_precision,half,ok,2,,,,1.1330,0.0065,0.0065,,42.3108,,,,,,,1.843
DRIVCAV/cavity19/cavity19.mtx,packsell_pack16,structural_related,half,ok,2,4562,4562,131735,,0.074417,0.074417,,3.54045,,,,,,0.000559455,3.743
DRIVCAV/cavity19/cavity19.mtx,packsell_pack32,structural_related,float,ok,2,4562,4562,131735,,0.010476,0.010476,,25.1498,,,,,,2.65467e-07,2.732
DRIVCAV/cavity19/cavity19.mtx,spaden_bitmap_float,structural_related,float,ok,2,4562,4562,138187,,0.0112,0.0112,,24.7825,188.79,61.0,,,,4.263575e-07,2.343
DRIVCAV/cavity20/cavity20.mtx,cusparse_double,main,double,ok,4,4562,4562,138040,0.1195,0.0128,0.0128,0.0102,,,,,,,,0.748
DRIVCAV/cavity20/cavity20.mtx,cusparse_float,main_float,float,ok,3,4562,4562,138040,0.1210,0.0088,0.0088,0.0071,,,,,,,,1.552
DRIVCAV/cavity20/cavity20.mtx,dasp_double,main,double,ok,3,,,,1.2880,0.0082,0.0082,,33.7288,,,,,,,1.392
DRIVCAV/cavity20/cavity20.mtx,dasp_half,main_reduced_precision,half,ok,3,,,,0.9690,0.0061,0.0061,,44.9608,,,,,,,1.824
DRIVCAV/cavity20/cavity20.mtx,packsell_pack16,structural_related,half,ok,3,4562,4562,138040,,0.006392,0.006392,,43.1906,,,,,,0.000576902,4.049
DRIVCAV/cavity20/cavity20.mtx,packsell_pack32,structural_related,float,ok,3,4562,4562,138040,,0.010443,0.010443,,26.436,,,,,,2.7248e-07,4.573
DRIVCAV/cavity20/cavity20.mtx,spaden_bitmap_float,structural_related,float,ok,3,4562,4562,138187,,0.0112,0.0112,,24.7328,176.14,61.0,,,,3.800602e-07,1.661
DRIVCAV/cavity21/cavity21.mtx,cusparse_double,main,double,ok,1,4562,4562,131735,0.1393,0.0130,0.0130,0.0102,,,,,,,,0.445
DRIVCAV/cavity21/cavity21.mtx,cusparse_float,main_float,float,ok,7,4562,4562,131735,0.1315,0.0085,0.0085,0.0072,,,,,,,,1.857
DRIVCAV/cavity21/cavity21.mtx,dasp_double,main,double,ok,7,,,,1.3100,0.0091,0.0091,,30.3108,,,,,,,1.562
DRIVCAV/cavity21/cavity21.mtx,dasp_half,main_reduced_precision,half,ok,7,,,,1.0300,0.0061,0.0061,,44.9535,,,,,,,1.870
DRIVCAV/cavity21/cavity21.mtx,packsell_pack16,structural_related,half,ok,7,4562,4562,131735,,0.006340,0.006340,,41.5598,,,,,,0.000575296,2.635
DRIVCAV/cavity21/cavity21.mtx,packsell_pack32,structural_related,float,ok,7,4562,4562,131735,,0.010409,0.010409,,25.3113,,,,,,2.53096e-07,2.116
DRIVCAV/cavity21/cavity21.mtx,spaden_bitmap_float,structural_related,float,ok,7,4562,4562,138187,,0.0113,0.0113,,24.5640,24.75,61.0,,,,3.513350e-07,1.530
DRIVCAV/cavity22/cavity22.mtx,cusparse_double,main,double,ok,6,4562,4562,138040,0.1441,0.0130,0.0130,0.0102,,,,,,,,0.862
DRIVCAV/cavity22/cavity22.mtx,cusparse_float,main_float,float,ok,2,4562,4562,138040,0.1196,0.0087,0.0087,0.0072,,,,,,,,1.451
DRIVCAV/cavity22/cavity22.mtx,dasp_double,main,double,ok,2,,,,1.1030,0.0082,0.0082,,33.7288,,,,,,,1.455
DRIVCAV/cavity22/cavity22.mtx,dasp_half,main_reduced_precision,half,ok,2,,,,0.9800,0.0061,0.0061,,44.9462,,,,,,,1.625
DRIVCAV/cavity22/cavity22.mtx,packsell_pack16,structural_related,half,ok,2,4562,4562,138040,,0.007324,0.007324,,37.694,,,,,,0.00059429,3.738
DRIVCAV/cavity22/cavity22.mtx,packsell_pack32,structural_related,float,ok,2,4562,4562,138040,,0.010404,0.010404,,26.5361,,,,,,2.80364e-07,4.461
DRIVCAV/cavity22/cavity22.mtx,spaden_bitmap_float,structural_related,float,ok,2,4562,4562,138187,,0.0113,0.0113,,24.4943,102.25,61.0,,,,3.226383e-07,1.823
DRIVCAV/cavity23/cavity23.mtx,cusparse_double,main,double,ok,5,4562,4562,131735,0.1742,0.0140,0.0140,0.0103,,,,,,,,1.273
DRIVCAV/cavity23/cavity23.mtx,cusparse_float,main_float,float,ok,6,4562,4562,131735,0.1140,0.0088,0.0088,0.0081,,,,,,,,1.537
DRIVCAV/cavity23/cavity23.mtx,dasp_double,main,double,ok,6,,,,1.5530,0.0082,0.0082,,33.6959,,,,,,,1.268
DRIVCAV/cavity23/cavity23.mtx,dasp_half,main_reduced_precision,half,ok,6,,,,1.2920,0.0062,0.0062,,44.9097,,,,,,,1.294
DRIVCAV/cavity23/cavity23.mtx,packsell_pack16,structural_related,half,ok,6,4562,4562,131735,,0.006438,0.006438,,40.9272,,,,,,0.000600043,4.150
DRIVCAV/cavity23/cavity23.mtx,packsell_pack32,structural_related,float,ok,6,4562,4562,131735,,0.010371,0.010371,,25.4056,,,,,,2.76481e-07,2.328
DRIVCAV/cavity23/cavity23.mtx,spaden_bitmap_float,structural_related,float,ok,6,4562,4562,138187,,0.0119,0.0119,,23.2920,356.17,61.0,,,,2.992034e-07,2.248
DRIVCAV/cavity24/cavity24.mtx,cusparse_double,main,double,ok,1,4562,4562,138040,0.1334,0.0129,0.0129,0.0102,,,,,,,,0.443
DRIVCAV/cavity24/cavity24.mtx,cusparse_float,main_float,float,ok,7,4562,4562,138040,0.1263,0.0084,0.0084,0.0068,,,,,,,,1.831
DRIVCAV/cavity24/cavity24.mtx,dasp_double,main,double,ok,7,,,,4.3610,0.0101,0.0101,,27.4753,,,,,,,1.655
DRIVCAV/cavity24/cavity24.mtx,dasp_half,main_reduced_precision,half,ok,7,,,,1.0510,0.0061,0.0061,,44.9462,,,,,,,1.833
DRIVCAV/cavity24/cavity24.mtx,packsell_pack16,structural_related,half,ok,7,4562,4562,138040,,0.006434,0.006434,,42.91,,,,,,0.000569318,2.023
DRIVCAV/cavity24/cavity24.mtx,packsell_pack32,structural_related,float,ok,7,4562,4562,138040,,0.010471,0.010471,,26.3673,,,,,,2.59955e-07,2.606
DRIVCAV/cavity24/cavity24.mtx,spaden_bitmap_float,structural_related,float,ok,7,4562,4562,138187,,0.0114,0.0114,,24.1473,29.23,61.0,,,,2.780055e-07,1.356
DRIVCAV/cavity25/cavity25.mtx,cusparse_double,main,double,ok,3,4562,4562,131735,0.1480,0.0140,0.0140,0.0102,,,,,,,,0.712
DRIVCAV/cavity25/cavity25.mtx,cusparse_float,main_float,float,ok,4,4562,4562,131735,0.1259,0.0083,0.0083,0.0072,,,,,,,,1.716
DRIVCAV/cavity25/cavity25.mtx,dasp_double,main,double,ok,4,,,,1.4870,0.0111,0.0111,,24.8314,,,,,,,1.701
DRIVCAV/cavity25/cavity25.mtx,dasp_half,main_reduced_precision,half,ok,4,,,,1.1010,0.0061,0.0061,,44.9681,,,,,,,1.721
DRIVCAV/cavity25/cavity25.mtx,packsell_pack16,structural_related,half,ok,4,4562,4562,131735,,0.006439,0.006439,,40.9181,,,,,,0.000560279,2.665
DRIVCAV/cavity25/cavity25.mtx,packsell_pack32,structural_related,float,ok,4,4562,4562,131735,,0.010426,0.010426,,25.2716,,,,,,2.60886e-07,3.215
DRIVCAV/cavity25/cavity25.mtx,spaden_bitmap_float,structural_related,float,ok,4,4562,4562,138187,,0.0119,0.0119,,23.1609,204.30,61.0,,,,2.729731e-07,2.487
DRIVCAV/cavity26/cavity26.mtx,cusparse_double,main,double,ok,2,4562,4562,138040,0.1332,0.0128,0.0128,0.0102,,,,,,,,1.453
DRIVCAV/cavity26/cavity26.mtx,cusparse_float,main_float,float,ok,6,4562,4562,138040,0.1166,0.0090,0.0090,0.0073,,,,,,,,1.410
DRIVCAV/cavity26/cavity26.mtx,dasp_double,main,double,ok,6,,,,1.6390,0.0082,0.0082,,33.7206,,,,,,,0.737
DRIVCAV/cavity26/cavity26.mtx,dasp_half,main_reduced_precision,half,ok,6,,,,1.2390,0.0062,0.0062,,44.9389,,,,,,,1.556
DRIVCAV/cavity26/cavity26.mtx,packsell_pack16,structural_related,half,ok,6,4562,4562,138040,,0.006435,0.006435,,42.9013,,,,,,0.000541977,2.489
DRIVCAV/cavity26/cavity26.mtx,packsell_pack32,structural_related,float,ok,6,4562,4562,138040,,0.010432,0.010432,,26.4648,,,,,,2.57823e-07,1.757
DRIVCAV/cavity26/cavity26.mtx,spaden_bitmap_float,structural_related,float,ok,6,4562,4562,138187,,0.0112,0.0112,,24.7186,8.23,61.0,,,,2.593821e-07,1.469
Dattorro/EternityII_A/EternityII_A_b.mtx,cusparse_double,main,double,ok,7,7362,1,358,0.1282,0.0124,0.0124,0.0102,,,,,,,,0.393
Dattorro/EternityII_A/EternityII_A_b.mtx,cusparse_float,main_float,float,ok,5,7362,1,358,0.1292,0.0086,0.0086,0.0079,,,,,,,,1.593
Dattorro/EternityII_A/EternityII_A_b.mtx,dasp_double,main,double,ok,5,,,,0.0410,0.0022,0.0022,,0.3209,,,,,,,1.168
Dattorro/EternityII_A/EternityII_A_b.mtx,dasp_half,main_reduced_precision,half,ok,5,,,,0.0500,0.0024,0.0024,,0.2957,,,,,,,2.194
Dattorro/EternityII_A/EternityII_A_b.mtx,packsell_pack16,structural_related,half,ok,5,7362,1,358,,0.003388,0.003388,,0.211334,,,,,,0,4.001
Dattorro/EternityII_A/EternityII_A_b.mtx,packsell_pack32,structural_related,float,ok,5,7362,1,358,,0.002770,0.002770,,0.258471,,,,,,0,3.434
Dattorro/EternityII_A/EternityII_A_b.mtx,spaden_bitmap_float,structural_related,float,fail:0,5,7362,1,358,,0.0050,0.0050,,0.1424,7.64,18.1,,,,1.892089e+01,1.997
FEMLAB/poisson2D/poisson2D.mtx,cusparse_double,main,double,ok,4,367,367,2417,0.1333,0.0127,0.0127,0.0102,,,,,,,,1.370
FEMLAB/poisson2D/poisson2D.mtx,cusparse_float,main_float,float,ok,3,367,367,2417,0.1378,0.0076,0.0076,0.0060,,,,,,,,1.495
FEMLAB/poisson2D/poisson2D.mtx,dasp_double,main,double,ok,3,,,,0.0480,0.0041,0.0041,,1.1787,,,,,,,1.077
FEMLAB/poisson2D/poisson2D.mtx,dasp_half,main_reduced_precision,half,ok,3,,,,0.0410,0.0041,0.0041,,1.1787,,,,,,,1.141
FEMLAB/poisson2D/poisson2D.mtx,packsell_pack16,structural_related,half,ok,3,367,367,2417,,0.004272,0.004272,,1.13147,,,,,,0.000496923,2.384
FEMLAB/poisson2D/poisson2D.mtx,packsell_pack32,structural_related,float,ok,3,367,367,2417,,0.004292,0.004292,,1.1263,,,,,,1.493e-07,1.836
FEMLAB/poisson2D/poisson2D.mtx,spaden_bitmap_float,structural_related,float,ok,3,367,367,2417,,0.0115,0.0115,,0.4196,9.66,142.9,,,,2.131651e-07,1.435
FIDAP/ex1/ex1.mtx,cusparse_double,main,double,ok,6,216,216,4317,0.1461,0.0118,0.0118,0.0102,,,,,,,,1.309
FIDAP/ex1/ex1.mtx,cusparse_float,main_float,float,ok,7,216,216,4317,0.1356,0.0081,0.0081,0.0066,,,,,,,,1.608
FIDAP/ex1/ex1.mtx,dasp_double,main,double,ok,7,,,,0.0780,0.0083,0.0083,,1.0448,,,,,,,1.807
FIDAP/ex1/ex1.mtx,dasp_half,main_reduced_precision,half,ok,7,,,,0.0450,0.0041,0.0041,,2.1214,,,,,,,1.418
FIDAP/ex1/ex1.mtx,packsell_pack16,structural_related,half,ok,7,216,216,4317,,0.006312,0.006312,,1.36794,,,,,,0.000456286,2.068
FIDAP/ex1/ex1.mtx,packsell_pack32,structural_related,float,ok,7,216,216,4317,,0.008398,0.008398,,1.0281,,,,,,1.25833e-07,2.282
FIDAP/ex1/ex1.mtx,spaden_bitmap_float,structural_related,float,ok,7,216,216,4352,,0.0090,0.0090,,0.9706,18.72,61.3,,,,9.254152e-08,1.639
FIDAP/ex10/ex10.mtx,cusparse_double,main,double,ok,3,2410,2410,54840,0.1211,0.0124,0.0124,0.0102,,,,,,,,0.829
FIDAP/ex10/ex10.mtx,cusparse_float,main_float,float,ok,6,2410,2410,54840,0.1395,0.0089,0.0089,0.0069,,,,,,,,1.431
FIDAP/ex10/ex10.mtx,dasp_double,main,double,ok,6,,,,0.5420,0.0062,0.0062,,17.8255,,,,,,,1.500
FIDAP/ex10/ex10.mtx,dasp_half,main_reduced_precision,half,ok,6,,,,0.4540,0.0107,0.0107,,10.2066,,,,,,,1.539
FIDAP/ex10/ex10.mtx,packsell_pack16,structural_related,half,ok,6,2410,2410,54840,,0.006341,0.006341,,17.2972,,,,,,0.000645766,2.222
FIDAP/ex10/ex10.mtx,packsell_pack32,structural_related,float,ok,6,2410,2410,54840,,0.008436,0.008436,,13.001,,,,,,2.35539e-07,3.257
FIDAP/ex10/ex10.mtx,spaden_bitmap_float,structural_related,float,ok,6,2410,2410,54840,,0.0111,0.0111,,9.8491,39.27,61.8,,,,4.937017e-07,2.153
FIDAP/ex10hs/ex10hs.mtx,cusparse_double,main,double,ok,3,2548,2548,57308,0.1210,0.0132,0.0132,0.0103,,,,,,,,0.855
FIDAP/ex10hs/ex10hs.mtx,cusparse_float,main_float,float,ok,6,2548,2548,57308,0.1332,0.0086,0.0086,0.0074,,,,,,,,1.841
FIDAP/ex10hs/ex10hs.mtx,dasp_double,main,double,ok,6,,,,0.6020,0.0106,0.0106,,10.8149,,,,,,,1.478
FIDAP/ex10hs/ex10hs.mtx,dasp_half,main_reduced_precision,half,ok,6,,,,0.4250,0.0042,0.0042,,27.1860,,,,,,,1.524
FIDAP/ex10hs/ex10hs.mtx,packsell_pack16,structural_related,half,ok,6,2548,2548,57308,,0.006307,0.006307,,18.1727,,,,,,0.000649905,2.514
FIDAP/ex10hs/ex10hs.mtx,packsell_pack32,structural_related,float,ok,6,2548,2548,57308,,0.008421,0.008421,,13.61,,,,,,2.31545e-07,2.811
FIDAP/ex10hs/ex10hs.mtx,spaden_bitmap_float,structural_related,float,ok,6,2548,2548,57308,,0.0110,0.0110,,10.4151,41.82,63.2,,,,4.515772e-07,1.323
FIDAP/ex13/ex13.mtx,cusparse_double,main,double,ok,1,2568,2568,75628,0.1693,0.0153,0.0153,0.0123,,,,,,,,0.432
FIDAP/ex13/ex13.mtx,cusparse_float,main_float,float,ok,5,2568,2568,75628,0.1390,0.0097,0.0097,0.0080,,,,,,,,1.619
FIDAP/ex13/ex13.mtx,dasp_double,main,double,ok,5,,,,0.6250,0.0062,0.0062,,24.5905,,,,,,,1.794
FIDAP/ex13/ex13.mtx,dasp_half,main_reduced_precision,half,ok,5,,,,0.6070,0.0041,0.0041,,36.6149,,,,,,,1.253
FIDAP/ex13/ex13.mtx,packsell_pack16,structural_related,half,ok,5,2568,2568,75628,,0.006340,0.006340,,23.8562,,,,,,0.000627546,3.507
FIDAP/ex13/ex13.mtx,packsell_pack32,structural_related,float,ok,5,2568,2568,75628,,0.008644,0.008644,,17.4982,,,,,,2.87951e-07,2.888
FIDAP/ex13/ex13.mtx,spaden_bitmap_float,structural_related,float,ok,5,2568,2568,75628,,0.0131,0.0131,,11.5861,21.53,58.8,,,,2.991925e-07,2.043
FIDAP/ex14/ex14.mtx,cusparse_double,main,double,ok,3,3251,3251,65875,0.1354,0.0126,0.0126,0.0102,,,,,,,,0.855
FIDAP/ex14/ex14.mtx,cusparse_float,main_float,float,ok,2,3251,3251,65875,0.1421,0.0093,0.0093,0.0083,,,,,,,,1.625
FIDAP/ex14/ex14.mtx,dasp_double,main,double,ok,2,,,,0.5630,0.0061,0.0061,,21.7331,,,,,,,1.376
FIDAP/ex14/ex14.mtx,dasp_half,main_reduced_precision,half,ok,2,,,,0.6560,0.0041,0.0041,,32.5256,,,,,,,1.021
FIDAP/ex14/ex14.mtx,packsell_pack16,structural_related,half,ok,2,3251,3251,65875,,0.004499,0.004499,,29.2828,,,,,,0.000565909,3.120
FIDAP/ex14/ex14.mtx,packsell_pack32,structural_related,float,ok,2,3251,3251,65875,,0.006413,0.006413,,20.5432,,,,,,2.21742e-07,2.877
FIDAP/ex14/ex14.mtx,spaden_bitmap_float,structural_related,float,ok,2,3251,3251,66775,,0.0111,0.0111,,12.0122,16.66,63.8,,,,5.859599e-08,1.871
FIDAP/ex15/ex15.mtx,cusparse_double,main,double,ok,6,6867,6867,98671,0.1399,0.0132,0.0132,0.0102,,,,,,,,0.813
FIDAP/ex15/ex15.mtx,cusparse_float,main_float,float,ok,7,6867,6867,98671,0.1315,0.0092,0.0092,0.0077,,,,,,,,1.702
FIDAP/ex15/ex15.mtx,dasp_double,main,double,ok,7,,,,1.0770,0.0061,0.0061,,32.1195,,,,,,,1.735
FIDAP/ex15/ex15.mtx,dasp_half,main_reduced_precision,half,ok,7,,,,0.7830,0.0041,0.0041,,48.0853,,,,,,,1.544
FIDAP/ex15/ex15.mtx,packsell_pack16,structural_related,half,ok,7,6867,6867,98671,,0.004298,0.004298,,45.9188,,,,,,0.000778817,3.059
FIDAP/ex15/ex15.mtx,packsell_pack32,structural_related,float,ok,7,6867,6867,98671,,0.004352,0.004352,,45.3444,,,,,,2.6264e-07,2.303
FIDAP/ex15/ex15.mtx,spaden_bitmap_float,structural_related,float,ok,7,6867,6867,98671,,0.0069,0.0069,,28.5859,175.74,63.6,,,,1.139655e-07,1.899
FIDAP/ex18/ex18.mtx,cusparse_double,main,double,ok,7,5773,5773,71701,0.1511,0.0167,0.0167,0.0102,,,,,,,,0.823
FIDAP/ex18/ex18.mtx,cusparse_float,main_float,float,ok,7,5773,5773,71701,0.1229,0.0087,0.0087,0.0062,,,,,,,,1.622
FIDAP/ex18/ex18.mtx,dasp_double,main,double,ok,7,,,,0.7650,0.0041,0.0041,,35.0012,,,,,,,1.727
FIDAP/ex18/ex18.mtx,dasp_half,main_reduced_precision,half,ok,7,,,,0.6340,0.0041,0.0041,,35.0012,,,,,,,1.498
FIDAP/ex18/ex18.mtx,packsell_pack16,structural_related,half,ok,7,5773,5773,71701,,0.004305,0.004305,,33.3093,,,,,,0.000507537,3.729
FIDAP/ex18/ex18.mtx,packsell_pack32,structural_related,float,ok,7,5773,5773,71701,,0.004377,0.004377,,32.7656,,,,,,1.49562e-07,3.223
FIDAP/ex18/ex18.mtx,spaden_bitmap_float,structural_related,float,ok,7,5773,5773,71805,,0.0072,0.0072,,20.0438,48.90,65.3,,,,1.201122e-07,1.980
FIDAP/ex2/ex2.mtx,cusparse_double,main,double,ok,1,441,441,26839,0.1353,0.0119,0.0119,0.0102,,,,,,,,0.405
FIDAP/ex2/ex2.mtx,cusparse_float,main_float,float,ok,5,441,441,26839,0.1279,0.0083,0.0083,0.0068,,,,,,,,1.726
FIDAP/ex2/ex2.mtx,dasp_double,main,double,ok,5,,,,0.2710,0.0150,0.0150,,3.5735,,,,,,,1.235
FIDAP/ex2/ex2.mtx,dasp_half,main_reduced_precision,half,ok,5,,,,0.1990,0.0062,0.0062,,8.7210,,,,,,,1.841
FIDAP/ex2/ex2.mtx,packsell_pack16,structural_related,half,ok,5,441,441,26839,,0.010420,0.010420,,5.15137,,,,,,0.000663354,2.281
FIDAP/ex2/ex2.mtx,packsell_pack32,structural_related,float,ok,5,441,441,26839,,0.016603,0.016603,,3.233,,,,,,3.36486e-07,1.985
FIDAP/ex2/ex2.mtx,spaden_bitmap_float,structural_related,float,ok,5,441,441,26839,,0.0133,0.0133,,4.0281,96.37,55.9,,,,1.649291e-07,2.086
FIDAP/ex20/ex20.mtx,cusparse_double,main,double,ok,5,2203,2203,67830,0.1441,0.0142,0.0142,0.0123,,,,,,,,1.877
FIDAP/ex20/ex20.mtx,cusparse_float,main_float,float,ok,5,2203,2203,67830,0.1256,0.0084,0.0084,0.0072,,,,,,,,1.649
FIDAP/ex20/ex20.mtx,dasp_double,main,double,ok,5,,,,0.8360,0.0082,0.0082,,17.0769,,,,,,,0.998
FIDAP/ex20/ex20.mtx,dasp_half,main_reduced_precision,half,ok,5,,,,0.5690,0.0061,0.0061,,22.7655,,,,,,,1.668
FIDAP/ex20/ex20.mtx,packsell_pack16,structural_related,half,ok,5,2203,2203,67830,,0.006400,0.006400,,21.1958,,,,,,0.00037715,2.874
FIDAP/ex20/ex20.mtx,packsell_pack32,structural_related,float,ok,5,2203,2203,67830,,0.010352,0.010352,,13.1044,,,,,,1.575e-07,2.316
FIDAP/ex20/ex20.mtx,spaden_bitmap_float,structural_related,float,ok,5,2203,2203,69981,,0.0113,0.0113,,12.4244,257.55,60.7,,,,1.336603e-07,1.391
FIDAP/ex21/ex21.mtx,cusparse_double,main,double,ok,3,656,656,18964,0.1446,0.0137,0.0137,0.0102,,,,,,,,0.888
FIDAP/ex21/ex21.mtx,cusparse_float,main_float,float,ok,5,656,656,18964,0.1378,0.0080,0.0080,0.0062,,,,,,,,1.645
FIDAP/ex21/ex21.mtx,dasp_double,main,double,ok,5,,,,0.1900,0.0082,0.0082,,4.6721,,,,,,,1.700
FIDAP/ex21/ex21.mtx,dasp_half,main_reduced_precision,half,ok,5,,,,0.1470,0.0061,0.0061,,6.2277,,,,,,,1.290
FIDAP/ex21/ex21.mtx,packsell_pack16,structural_related,half,ok,5,656,656,18964,,0.006411,0.006411,,5.91605,,,,,,0.000341398,2.970
FIDAP/ex21/ex21.mtx,packsell_pack32,structural_related,float,ok,5,656,656,18964,,0.010536,0.010536,,3.59976,,,,,,1.29111e-07,2.755
FIDAP/ex21/ex21.mtx,spaden_bitmap_float,structural_related,float,ok,5,656,656,19144,,0.0112,0.0112,,3.4082,29.32,57.7,,,,6.305948e-08,1.822
FIDAP/ex22/ex22.mtx,cusparse_double,main,double,ok,3,839,839,22460,0.1376,0.0156,0.0156,0.0102,,,,,,,,0.804
FIDAP/ex22/ex22.mtx,cusparse_float,main_float,float,ok,3,839,839,22460,0.1390,0.0082,0.0082,0.0061,,,,,,,,1.422
FIDAP/ex22/ex22.mtx,dasp_double,main,double,ok,3,,,,0.2880,0.0082,0.0082,,5.5443,,,,,,,1.583
FIDAP/ex22/ex22.mtx,dasp_half,main_reduced_precision,half,ok,3,,,,0.1920,0.0061,0.0061,,7.3894,,,,,,,1.275
FIDAP/ex22/ex22.mtx,packsell_pack16,structural_related,half,ok,3,839,839,22460,,0.006388,0.006388,,7.03245,,,,,,0.000519701,2.741
FIDAP/ex22/ex22.mtx,packsell_pack32,structural_related,float,ok,3,839,839,22460,,0.008430,0.008430,,5.32878,,,,,,2.27564e-07,3.759
FIDAP/ex22/ex22.mtx,spaden_bitmap_float,structural_related,float,ok,3,839,839,22715,,0.0093,0.0093,,4.8781,40.62,57.5,,,,1.660097e-07,2.192
FIDAP/ex23/ex23.mtx,cusparse_double,main,double,ok,6,1409,1409,42760,0.1372,0.0126,0.0126,0.0102,,,,,,,,0.820
FIDAP/ex23/ex23.mtx,cusparse_float,main_float,float,ok,4,1409,1409,42760,0.2380,0.0092,0.0092,0.0077,,,,,,,,1.489
FIDAP/ex23/ex23.mtx,dasp_double,main,double,ok,4,,,,0.5550,0.0082,0.0082,,10.6645,,,,,,,1.570
FIDAP/ex23/ex23.mtx,dasp_half,main_reduced_precision,half,ok,4,,,,0.3990,0.0061,0.0061,,14.2193,,,,,,,1.369
FIDAP/ex23/ex23.mtx,packsell_pack16,structural_related,half,ok,4,1409,1409,42760,,0.006410,0.006410,,13.3426,,,,,,0.000519977,2.337
FIDAP/ex23/ex23.mtx,packsell_pack32,structural_related,float,ok,4,1409,1409,42760,,0.010501,0.010501,,8.14375,,,,,,2.40237e-07,2.283
FIDAP/ex23/ex23.mtx,spaden_bitmap_float,structural_related,float,ok,4,1409,1409,43703,,0.0130,0.0130,,6.7304,18.50,58.0,,,,4.012684e-07,1.486
FIDAP/ex24/ex24.mtx,cusparse_double,main,double,ok,7,2283,2283,47901,0.1484,0.0162,0.0162,0.0102,,,,,,,,0.887
FIDAP/ex24/ex24.mtx,cusparse_float,main_float,float,ok,2,2283,2283,47901,0.1318,0.0089,0.0089,0.0068,,,,,,,,1.740
FIDAP/ex24/ex24.mtx,dasp_double,main,double,ok,2,,,,0.5010,0.0062,0.0062,,15.8494,,,,,,,1.286
FIDAP/ex24/ex24.mtx,dasp_half,main_reduced_precision,half,ok,2,,,,6.5480,0.0092,0.0092,,10.5606,,,,,,,1.828
FIDAP/ex24/ex24.mtx,packsell_pack16,structural_related,half,ok,2,2283,2283,47901,,0.006302,0.006302,,15.2022,,,,,,0.000622789,2.799
FIDAP/ex24/ex24.mtx,packsell_pack32,structural_related,float,ok,2,2283,2283,47901,,0.008377,0.008377,,11.4361,,,,,,2.4125e-07,1.884
FIDAP/ex24/ex24.mtx,spaden_bitmap_float,structural_related,float,ok,2,2283,2283,48737,,0.0091,0.0091,,10.7268,23.75,60.2,,,,2.161913e-07,1.717
FIDAP/ex25/ex25.mtx,cusparse_double,main,double,ok,1,848,848,24369,0.1414,0.0152,0.0152,0.0123,,,,,,,,0.415
FIDAP/ex25/ex25.mtx,cusparse_float,main_float,float,ok,5,848,848,24369,0.1513,0.0080,0.0080,0.0061,,,,,,,,1.729
FIDAP/ex25/ex25.mtx,dasp_double,main,double,ok,5,,,,0.2270,0.0096,0.0096,,5.1099,,,,,,,1.828
FIDAP/ex25/ex25.mtx,dasp_half,main_reduced_precision,half,ok,5,,,,0.2030,0.0061,0.0061,,8.0104,,,,,,,1.948
FIDAP/ex25/ex25.mtx,packsell_pack16,structural_related,half,ok,5,848,848,24369,,0.006389,0.006389,,7.62795,,,,,,0.000370856,2.604
FIDAP/ex25/ex25.mtx,packsell_pack32,structural_related,float,ok,5,848,848,24369,,0.010434,0.010434,,4.67118,,,,,,1.13352e-07,2.186
FIDAP/ex25/ex25.mtx,spaden_bitmap_float,structural_related,float,ok,5,848,848,24612,,0.0111,0.0111,,4.4368,212.40,57.4,,,,2.794089e-07,1.596
FIDAP/ex26/ex26.mtx,cusparse_double,main,double,ok,7,2163,2163,74464,0.1484,0.0165,0.0165,0.0102,,,,,,,,1.193
FIDAP/ex26/ex26.mtx,cusparse_float,main_float,float,ok,2,2163,2163,74464,0.1215,0.0088,0.0088,0.0067,,,,,,,,1.721
FIDAP/ex26/ex26.mtx,dasp_double,main,double,ok,2,,,,0.9700,0.0164,0.0164,,11.4688,,,,,,,1.754
FIDAP/ex26/ex26.mtx,dasp_half,main_reduced_precision,half,ok,2,,,,0.8960,0.0082,0.0082,,22.9405,,,,,,,1.389
FIDAP/ex26/ex26.mtx,packsell_pack16,structural_related,half,ok,2,2163,2163,74464,,0.006409,0.006409,,23.2384,,,,,,0.000557165,2.535
FIDAP/ex26/ex26.mtx,packsell_pack32,structural_related,float,ok,2,2163,2163,74464,,0.208440,0.208440,,0.714487,,,,,,2.34839e-07,3.185
FIDAP/ex26/ex26.mtx,spaden_bitmap_float,structural_related,float,ok,2,2163,2163,94033,,0.0295,0.0295,,6.3731,8.15,59.5,,,,4.402102e-07,1.700
FIDAP/ex27/ex27.mtx,cusparse_double,main,double,ok,1,974,974,37652,0.1384,0.0136,0.0136,0.0102,,,,,,,,0.419
FIDAP/ex27/ex27.mtx,cusparse_float,main_float,float,ok,4,974,974,37652,0.1305,0.0080,0.0080,0.0066,,,,,,,,1.609
FIDAP/ex27/ex27.mtx,dasp_double,main,double,ok,4,,,,0.3210,0.0184,0.0184,,4.4254,,,,,,,1.088
FIDAP/ex27/ex27.mtx,dasp_half,main_reduced_precision,half,ok,4,,,,0.2920,0.0102,0.0102,,7.9629,,,,,,,1.230
FIDAP/ex27/ex27.mtx,packsell_pack16,structural_related,half,ok,4,974,974,37652,,0.008425,0.008425,,8.93798,,,,,,0.000366304,2.857
FIDAP/ex27/ex27.mtx,packsell_pack32,structural_related,float,ok,4,974,974,37652,,0.012549,0.012549,,6.00102,,,,,,1.61006e-07,2.500
FIDAP/ex27/ex27.mtx,spaden_bitmap_float,structural_related,float,ok,4,974,974,40782,,0.0158,0.0158,,5.1482,20.35,58.8,,,,4.086986e-07,1.598
FIDAP/ex28/ex28.mtx,cusparse_double,main,double,ok,1,2603,2603,77031,0.1342,0.0132,0.0132,0.0102,,,,,,,,0.426
FIDAP/ex28/ex28.mtx,cusparse_float,main_float,float,ok,7,2603,2603,77031,0.1141,0.0090,0.0090,0.0077,,,,,,,,1.401
FIDAP/ex28/ex28.mtx,dasp_double,main,double,ok,7,,,,0.7470,0.0089,0.0089,,17.4593,,,,,,,1.357
FIDAP/ex28/ex28.mtx,dasp_half,main_reduced_precision,half,ok,7,,,,2.9750,0.0081,0.0081,,19.2265,,,,,,,2.009
FIDAP/ex28/ex28.mtx,packsell_pack16,structural_related,half,ok,7,2603,2603,77031,,0.006490,0.006490,,23.7401,,,,,,0.000665099,3.671
FIDAP/ex28/ex28.mtx,packsell_pack32,structural_related,float,ok,7,2603,2603,77031,,0.010400,0.010400,,14.8142,,,,,,3.0933e-07,3.284
FIDAP/ex28/ex28.mtx,spaden_bitmap_float,structural_related,float,ok,7,2603,2603,77781,,0.0107,0.0107,,14.4711,29.31,57.5,,,,1.154147e-07,1.389
FIDAP/ex29/ex29.mtx,cusparse_double,main,double,ok,7,2870,2870,23754,0.1431,0.0147,0.0147,0.0123,,,,,,,,0.810
FIDAP/ex29/ex29.mtx,cusparse_float,main_float,float,ok,6,2870,2870,23754,0.1325,0.0096,0.0096,0.0076,,,,,,,,1.615
FIDAP/ex29/ex29.mtx,dasp_double,main,double,ok,6,,,,0.2700,0.0041,0.0041,,11.5760,,,,,,,1.809
FIDAP/ex29/ex29.mtx,dasp_half,main_reduced_precision,half,ok,6,,,,0.3270,0.0067,0.0067,,7.0602,,,,,,,1.743
FIDAP/ex29/ex29.mtx,packsell_pack16,structural_related,half,ok,6,2870,2870,23754,,0.003387,0.003387,,14.0248,,,,,,0.000100035,2.358
FIDAP/ex29/ex29.mtx,packsell_pack32,structural_related,float,ok,6,2870,2870,23754,,0.004307,0.004307,,11.0292,,,,,,3.02221e-08,2.262
FIDAP/ex29/ex29.mtx,spaden_bitmap_float,structural_related,float,ok,6,2870,2870,23754,,0.0070,0.0070,,6.8133,13.84,66.8,,,,5.234631e-09,1.977
FIDAP/ex3/ex3.mtx,cusparse_double,main,double,ok,2,1821,1821,52685,0.1280,0.0134,0.0134,0.0102,,,,,,,,1.345
FIDAP/ex3/ex3.mtx,cusparse_float,main_float,float,ok,2,1821,1821,52685,0.1367,0.0087,0.0087,0.0073,,,,,,,,1.671
FIDAP/ex3/ex3.mtx,dasp_double,main,double,ok,2,,,,0.4410,0.0082,0.0082,,12.8469,,,,,,,2.031
FIDAP/ex3/ex3.mtx,dasp_half,main_reduced_precision,half,ok,2,,,,0.3610,0.0061,0.0061,,17.1389,,,,,,,1.635
FIDAP/ex3/ex3.mtx,packsell_pack16,structural_related,half,ok,2,1821,1821,52685,,0.006313,0.006313,,16.6907,,,,,,0.000606414,2.735
FIDAP/ex3/ex3.mtx,packsell_pack32,structural_related,float,ok,2,1821,1821,52685,,0.010484,0.010484,,10.0505,,,,,,2.11446e-07,2.868
FIDAP/ex3/ex3.mtx,spaden_bitmap_float,structural_related,float,ok,2,1821,1821,52685,,0.0112,0.0112,,9.3893,18.90,59.8,,,,3.460464e-07,1.635
FIDAP/ex31/ex31.mtx,cusparse_double,main,double,ok,5,3909,3909,91223,0.1306,0.0143,0.0143,0.0103,,,,,,,,1.199
FIDAP/ex31/ex31.mtx,cusparse_float,main_float,float,ok,6,3909,3909,91223,0.1204,0.0092,0.0092,0.0079,,,,,,,,1.682
FIDAP/ex31/ex31.mtx,dasp_double,main,double,ok,6,,,,1.2100,0.0094,0.0094,,24.5885,,,,,,,1.512
FIDAP/ex31/ex31.mtx,dasp_half,main_reduced_precision,half,ok,6,,,,1.0010,0.0100,0.0100,,23.1037,,,,,,,1.153
FIDAP/ex31/ex31.mtx,packsell_pack16,structural_related,half,ok,6,3909,3909,91223,,0.007537,0.007537,,24.2069,,,,,,0.000600899,3.701
FIDAP/ex31/ex31.mtx,packsell_pack32,structural_related,float,ok,6,3909,3909,91223,,0.010510,0.010510,,17.3593,,,,,,1.91876e-07,2.589
FIDAP/ex31/ex31.mtx,spaden_bitmap_float,structural_related,float,ok,6,3909,3909,115357,,0.0136,0.0136,,16.9563,37.27,60.8,,,,1.032558e-07,1.496
FIDAP/ex33/ex33.mtx,cusparse_double,main,double,ok,3,1733,1733,22189,0.1388,0.0139,0.0139,0.0102,,,,,,,,1.465
FIDAP/ex33/ex33.mtx,cusparse_float,main_float,float,ok,3,1733,1733,22189,0.1292,0.0094,0.0094,0.0085,,,,,,,,1.644
FIDAP/ex33/ex33.mtx,dasp_double,main,double,ok,3,,,,0.2140,0.0041,0.0041,,10.8160,,,,,,,1.452
FIDAP/ex33/ex33.mtx,dasp_half,main_reduced_precision,half,ok,3,,,,0.2100,0.0041,0.0041,,10.8186,,,,,,,1.849
FIDAP/ex33/ex33.mtx,packsell_pack16,structural_related,half,ok,3,1733,1733,22189,,0.004287,0.004287,,10.3515,,,,,,0.000662614,2.892
FIDAP/ex33/ex33.mtx,packsell_pack32,structural_related,float,ok,3,1733,1733,22189,,0.004386,0.004386,,10.119,,,,,,2.07014e-07,3.380
FIDAP/ex33/ex33.mtx,spaden_bitmap_float,structural_related,float,ok,3,1733,1733,22189,,0.0091,0.0091,,4.8774,19.97,64.5,,,,2.455742e-07,2.379
FIDAP/ex36/ex36.mtx,cusparse_double,main,double,ok,2,3079,3079,53099,0.1305,0.0129,0.0129,0.0102,,,,,,,,1.314
FIDAP/ex36/ex36.mtx,cusparse_float,main_float,float,ok,3,3079,3079,53099,0.1292,0.0091,0.0091,0.0083,,,,,,,,1.714
FIDAP/ex36/ex36.mtx,dasp_double,main,double,ok,3,,,,0.6140,0.0061,0.0061,,17.5156,,,,,,,1.310
FIDAP/ex36/ex36.mtx,dasp_half,main_reduced_precision,half,ok,3,,,,0.4640,0.0041,0.0041,,26.2393,,,,,,,1.590
FIDAP/ex36/ex36.mtx,packsell_pack16,structural_related,half,ok,3,3079,3079,53099,,0.004410,0.004410,,24.0794,,,,,,0.000591998,2.130
FIDAP/ex36/ex36.mtx,packsell_pack32,structural_related,float,ok,3,3079,3079,53099,,0.006547,0.006547,,16.2221,,,,,,2.0864e-07,2.631
FIDAP/ex36/ex36.mtx,spaden_bitmap_float,structural_related,float,ok,3,3079,3079,53843,,0.0110,0.0110,,9.7816,10.13,70.0,,,,4.429503e-07,1.595
FIDAP/ex37/ex37.mtx,cusparse_double,main,double,ok,1,3565,3565,67591,0.1330,0.0137,0.0137,0.0102,,,,,,,,0.420
FIDAP/ex37/ex37.mtx,cusparse_float,main_float,float,ok,5,3565,3565,67591,0.1418,0.0088,0.0088,0.0080,,,,,,,,2.006
FIDAP/ex37/ex37.mtx,dasp_double,main,double,ok,5,,,,0.5110,0.0102,0.0102,,13.1975,,,,,,,1.522
FIDAP/ex37/ex37.mtx,dasp_half,main_reduced_precision,half,ok,5,,,,0.5020,0.0061,0.0061,,21.9844,,,,,,,1.176
FIDAP/ex37/ex37.mtx,packsell_pack16,structural_related,half,ok,5,3565,3565,67591,,0.008371,0.008371,,16.1498,,,,,,0.000603581,3.262
FIDAP/ex37/ex37.mtx,packsell_pack32,structural_related,float,ok,5,3565,3565,67591,,0.012489,0.012489,,10.8237,,,,,,2.78531e-07,4.431
FIDAP/ex37/ex37.mtx,spaden_bitmap_float,structural_related,float,ok,5,3565,3565,67591,,0.0167,0.0167,,8.0943,41.33,75.8,,,,1.739237e-07,1.547
FIDAP/ex6/ex6.mtx,cusparse_double,main,double,ok,1,1651,1651,49062,0.1332,0.0135,0.0135,0.0102,,,,,,,,0.416
FIDAP/ex6/ex6.mtx,cusparse_float,main_float,float,ok,7,1651,1651,49062,0.1228,0.0090,0.0090,0.0077,,,,,,,,1.615
FIDAP/ex6/ex6.mtx,dasp_double,main,double,ok,7,,,,0.5210,0.0082,0.0082,,12.0856,,,,,,,1.702
FIDAP/ex6/ex6.mtx,dasp_half,main_reduced_precision,half,ok,7,,,,0.4830,0.0061,0.0061,,16.1135,,,,,,,1.665
FIDAP/ex6/ex6.mtx,packsell_pack16,structural_related,half,ok,7,1651,1651,49062,,0.006350,0.006350,,15.4536,,,,,,0.000491698,2.870
FIDAP/ex6/ex6.mtx,packsell_pack32,structural_related,float,ok,7,1651,1651,49062,,0.010403,0.010403,,9.4327,,,,,,2.20711e-07,3.147
FIDAP/ex6/ex6.mtx,spaden_bitmap_float,structural_related,float,ok,7,1651,1651,49533,,0.0111,0.0111,,8.8935,14.79,58.1,,,,4.760545e-07,1.847
FIDAP/ex7/ex7.mtx,cusparse_double,main,double,ok,3,1633,1633,46626,0.1406,0.0134,0.0134,0.0102,,,,,,,,0.823
FIDAP/ex7/ex7.mtx,cusparse_float,main_float,float,ok,5,1633,1633,46626,0.1400,0.0087,0.0087,0.0076,,,,,,,,1.606
FIDAP/ex7/ex7.mtx,dasp_double,main,double,ok,5,,,,0.5410,0.0082,0.0082,,13.3048,,,,,,,1.378
FIDAP/ex7/ex7.mtx,dasp_half,main_reduced_precision,half,ok,5,,,,0.4400,0.0061,0.0061,,17.7404,,,,,,,1.604
FIDAP/ex7/ex7.mtx,packsell_pack16,structural_related,half,ok,5,1633,1633,46626,,0.006441,0.006441,,14.4778,,,,,,0.000575578,2.488
FIDAP/ex7/ex7.mtx,packsell_pack32,structural_related,float,ok,5,1633,1633,46626,,0.010447,0.010447,,8.92623,,,,,,2.04356e-07,2.495
FIDAP/ex7/ex7.mtx,spaden_bitmap_float,structural_related,float,ok,5,1633,1633,54543,,0.0132,0.0132,,8.2594,152.55,60.7,,,,1.666708e-07,1.994
FIDAP/ex8/ex8.mtx,cusparse_double,main,double,ok,4,3096,3096,90841,0.1656,0.0133,0.0133,0.0102,,,,,,,,0.826
FIDAP/ex8/ex8.mtx,cusparse_float,main_float,float,ok,6,3096,3096,90841,0.1302,0.0088,0.0088,0.0073,,,,,,,,1.601
FIDAP/ex8/ex8.mtx,dasp_double,main,double,ok,6,,,,1.2430,0.0082,0.0082,,25.9312,,,,,,,2.167
FIDAP/ex8/ex8.mtx,dasp_half,main_reduced_precision,half,ok,6,,,,0.8700,0.0061,0.0061,,34.5890,,,,,,,2.099
FIDAP/ex8/ex8.mtx,packsell_pack16,structural_related,half,ok,6,3096,3096,90841,,0.006446,0.006446,,28.1854,,,,,,0.000649589,2.435
FIDAP/ex8/ex8.mtx,packsell_pack32,structural_related,float,ok,6,3096,3096,90841,,0.010471,0.010471,,17.3514,,,,,,2.30567e-07,2.108
FIDAP/ex8/ex8.mtx,spaden_bitmap_float,structural_related,float,ok,6,3096,3096,106344,,0.0112,0.0112,,19.0462,81.54,58.4,,,,1.862041e-07,1.571
FIDAP/ex9/ex9.mtx,cusparse_double,main,double,ok,6,3363,3363,99471,0.1388,0.0133,0.0133,0.0102,,,,,,,,0.847
FIDAP/ex9/ex9.mtx,cusparse_float,main_float,float,ok,2,3363,3363,99471,0.1275,0.0088,0.0088,0.0061,,,,,,,,1.608
FIDAP/ex9/ex9.mtx,dasp_double,main,double,ok,2,,,,1.1990,0.0062,0.0062,,32.3220,,,,,,,1.760
FIDAP/ex9/ex9.mtx,dasp_half,main_reduced_precision,half,ok,2,,,,0.8370,0.0041,0.0041,,48.4751,,,,,,,1.329
FIDAP/ex9/ex9.mtx,packsell_pack16,structural_related,half,ok,2,3363,3363,99471,,0.006392,0.006392,,31.1231,,,,,,0.000745709,2.735
FIDAP/ex9/ex9.mtx,packsell_pack32,structural_related,float,ok,2,3363,3363,99471,,0.008363,0.008363,,23.7888,,,,,,2.73888e-07,3.270
FIDAP/ex9/ex9.mtx,spaden_bitmap_float,structural_related,float,ok,2,3363,3363,99471,,0.0110,0.0110,,18.1358,54.22,58.2,,,,2.765353e-07,1.718
Fluorem/DK01R/DK01R.mtx,cusparse_double,main,double,ok,2,903,903,11766,0.1309,0.0133,0.0133,0.0102,,,,,,,,1.675
Fluorem/DK01R/DK01R.mtx,cusparse_float,main_float,float,ok,2,903,903,11766,0.1346,0.0078,0.0078,0.0061,,,,,,,,1.606
Fluorem/DK01R/DK01R.mtx,dasp_double,main,double,ok,2,,,,0.1590,0.0041,0.0041,,5.7339,,,,,,,1.974
Fluorem/DK01R/DK01R.mtx,dasp_half,main_reduced_precision,half,ok,2,,,,0.1000,0.0041,0.0041,,5.7367,,,,,,,1.526
Fluorem/DK01R/DK01R.mtx,packsell_pack16,structural_related,half,ok,2,903,903,11766,,0.004291,0.004291,,5.48433,,,,,,0.00037006,3.797
Fluorem/DK01R/DK01R.mtx,packsell_pack32,structural_related,float,ok,2,903,903,11766,,0.004483,0.004483,,5.24948,,,,,,1.17619e-07,3.911
Fluorem/DK01R/DK01R.mtx,spaden_bitmap_float,structural_related,float,ok,2,903,903,11766,,0.0069,0.0069,,3.3956,32.45,57.8,,,,1.028652e-07,1.681
GHS_indef/laser/laser.mtx,cusparse_double,main,double,ok,7,3002,3002,9000,0.1310,0.0150,0.0150,0.0123,,,,,,,,0.399
GHS_indef/laser/laser.mtx,cusparse_float,main_float,float,ok,2,3002,3002,9000,0.1448,0.0101,0.0101,0.0081,,,,,,,,1.779
GHS_indef/laser/laser.mtx,dasp_double,main,double,ok,2,,,,0.0730,0.0041,0.0041,,4.3902,,,,,,,1.665
GHS_indef/laser/laser.mtx,dasp_half,main_reduced_precision,half,ok,2,,,,0.0530,0.0041,0.0041,,4.3892,,,,,,,1.559
GHS_indef/laser/laser.mtx,packsell_pack16,structural_related,half,ok,2,3002,3002,9000,,0.004252,0.004252,,4.2334,,,,,,0.00061053,2.721
GHS_indef/laser/laser.mtx,packsell_pack32,structural_related,float,ok,2,3002,3002,9000,,0.004463,0.004463,,4.03283,,,,,,2.08677e-07,3.149
GHS_indef/laser/laser.mtx,spaden_bitmap_float,structural_related,float,ok,2,3002,3002,9000,,0.0051,0.0051,,3.4989,69.69,61.4,,,,7.450788e-09,1.446
GHS_indef/linverse/linverse.mtx,cusparse_double,main,double,ok,7,11999,11999,95977,0.1565,0.0170,0.0170,0.0123,,,,,,,,0.941
GHS_indef/linverse/linverse.mtx,cusparse_float,main_float,float,ok,4,11999,11999,95977,0.4218,0.0096,0.0096,0.0080,,,,,,,,1.449
GHS_indef/linverse/linverse.mtx,dasp_double,main,double,ok,4,,,,1.1790,0.0041,0.0041,,46.7610,,,,,,,1.467
GHS_indef/linverse/linverse.mtx,dasp_half,main_reduced_precision,half,ok,4,,,,1.3860,0.0074,0.0074,,25.9608,,,,,,,1.872
GHS_indef/linverse/linverse.mtx,packsell_pack16,structural_related,half,ok,4,11999,11999,95977,,0.003622,0.003622,,52.9918,,,,,,0.000605242,2.886
GHS_indef/linverse/linverse.mtx,packsell_pack32,structural_related,float,ok,4,11999,11999,95977,,0.004221,0.004221,,45.481,,,,,,2.03481e-07,3.125
GHS_indef/linverse/linverse.mtx,spaden_bitmap_float,structural_related,float,ok,4,11999,11999,95977,,0.0050,0.0050,,38.2643,46.48,56.6,,,,5.074939e-08,1.394
GHS_indef/ncvxqp1/ncvxqp1.mtx,cusparse_double,main,double,ok,6,12111,12111,73963,0.1381,0.0147,0.0147,0.0123,,,,,,,,0.748
GHS_indef/ncvxqp1/ncvxqp1.mtx,cusparse_float,main_float,float,ok,5,12111,12111,73963,0.1390,0.0100,0.0100,0.0085,,,,,,,,1.608
GHS_indef/ncvxqp1/ncvxqp1.mtx,dasp_double,main,double,ok,5,,,,0.7850,0.0041,0.0041,,36.0443,,,,,,,1.482
GHS_indef/ncvxqp1/ncvxqp1.mtx,dasp_half,main_reduced_precision,half,ok,5,,,,0.7280,0.0041,0.0041,,36.0795,,,,,,,1.877
GHS_indef/ncvxqp1/ncvxqp1.mtx,packsell_pack16,structural_related,half,ok,5,12111,12111,73963,,0.004294,0.004294,,34.45,,,,,,0.000428243,2.558
GHS_indef/ncvxqp1/ncvxqp1.mtx,packsell_pack32,structural_related,float,ok,5,12111,12111,73963,,0.004367,0.004367,,33.8697,,,,,,1.66851e-07,2.636
GHS_indef/ncvxqp1/ncvxqp1.mtx,spaden_bitmap_float,structural_related,float,ok,5,12111,12111,73963,,0.0176,0.0176,,8.4130,314.21,122.1,,,,1.795493e-08,1.488
GHS_indef/ncvxqp9/ncvxqp9.mtx,cusparse_double,main,double,ok,5,16554,16554,54040,0.1345,0.0147,0.0147,0.0123,,,,,,,,1.466
GHS_indef/ncvxqp9/ncvxqp9.mtx,cusparse_float,main_float,float,ok,6,16554,16554,54040,0.1249,0.0102,0.0102,0.0072,,,,,,,,1.562
GHS_indef/ncvxqp9/ncvxqp9.mtx,dasp_double,main,double,ok,6,,,,0.8150,0.0041,0.0041,,26.3289,,,,,,,1.459
GHS_indef/ncvxqp9/ncvxqp9.mtx,dasp_half,main_reduced_precision,half,ok,6,,,,0.5660,0.0042,0.0042,,25.9995,,,,,,,1.887
GHS_indef/ncvxqp9/ncvxqp9.mtx,packsell_pack16,structural_related,half,ok,6,16554,16554,54040,,0.004282,0.004282,,25.2392,,,,,,0.000443397,2.746
GHS_indef/ncvxqp9/ncvxqp9.mtx,packsell_pack32,structural_related,float,ok,6,16554,16554,54040,,0.004029,0.004029,,26.8237,,,,,,1.32351e-07,2.305
GHS_indef/ncvxqp9/ncvxqp9.mtx,spaden_bitmap_float,structural_related,float,ok,6,16554,16554,54040,,0.0091,0.0091,,11.9066,56.17,117.1,,,,8.342420e-17,2.136
GHS_indef/sit100/sit100.mtx,cusparse_double,main,double,ok,3,10262,10262,61046,0.1433,0.0135,0.0135,0.0123,,,,,,,,0.896
GHS_indef/sit100/sit100.mtx,cusparse_float,main_float,float,ok,4,10262,10262,61046,0.1378,0.0099,0.0099,0.0080,,,,,,,,1.806
GHS_indef/sit100/sit100.mtx,dasp_double,main,double,ok,4,,,,1.1900,0.0041,0.0041,,29.7495,,,,,,,1.682
GHS_indef/sit100/sit100.mtx,dasp_half,main_reduced_precision,half,ok,4,,,,1.0400,0.0097,0.0097,,12.5223,,,,,,,1.600
GHS_indef/sit100/sit100.mtx,packsell_pack16,structural_related,half,ok,4,10262,10262,61046,,0.004175,0.004175,,29.2462,,,,,,0.00132568,2.241
GHS_indef/sit100/sit100.mtx,packsell_pack32,structural_related,float,ok,4,10262,10262,61046,,0.004332,0.004332,,28.1824,,,,,,3.36751e-07,2.184
GHS_indef/sit100/sit100.mtx,spaden_bitmap_float,structural_related,float,ok,4,10262,10262,61046,,0.0092,0.0092,,13.3234,16.62,91.5,,,,9.483628e-08,1.895
GHS_psdef/pwt/pwt.mtx,cusparse_double,main,double,ok,4,36519,36519,326107,0.1182,0.0142,0.0142,0.0123,,,,,,,,0.852
GHS_psdef/pwt/pwt.mtx,cusparse_float,main_float,float,ok,4,36519,36519,326107,0.1240,0.0089,0.0089,0.0076,,,,,,,,1.724
GHS_psdef/pwt/pwt.mtx,dasp_double,main,double,ok,4,,,,6.5200,0.0082,0.0082,,79.5771,,,,,,,1.821
GHS_psdef/pwt/pwt.mtx,dasp_half,main_reduced_precision,half,ok,4,,,,7.6030,0.0050,0.0050,,131.0456,,,,,,,1.667
GHS_psdef/pwt/pwt.mtx,packsell_pack16,structural_related,half,ok,4,36519,36519,326107,,0.004295,0.004295,,151.852,,,,,,0.00076246,2.396
GHS_psdef/pwt/pwt.mtx,packsell_pack32,structural_related,float,ok,4,36519,36519,326107,,0.004463,0.004463,,146.129,,,,,,2.60557e-07,3.204
GHS_psdef/pwt/pwt.mtx,spaden_bitmap_float,structural_related,float,ok,4,36519,36519,326107,,0.0172,0.0172,,37.8420,37.36,76.2,,,,0.000000e+00,1.854
Garon/garon1/garon1.mtx,cusparse_double,main,double,ok,2,3175,3175,84723,0.1740,0.0135,0.0135,0.0102,,,,,,,,1.498
Garon/garon1/garon1.mtx,cusparse_float,main_float,float,ok,7,3175,3175,84723,0.1347,0.0091,0.0091,0.0079,,,,,,,,1.378
Garon/garon1/garon1.mtx,dasp_double,main,double,ok,7,,,,0.9140,0.0067,0.0067,,26.4192,,,,,,,1.517
Garon/garon1/garon1.mtx,dasp_half,main_reduced_precision,half,ok,7,,,,0.8050,0.0041,0.0041,,43.3473,,,,,,,0.638
Garon/garon1/garon1.mtx,packsell_pack16,structural_related,half,ok,7,3175,3175,84723,,0.006377,0.006377,,26.5735,,,,,,0.000662537,3.109
Garon/garon1/garon1.mtx,packsell_pack32,structural_related,float,ok,7,3175,3175,84723,,0.008465,0.008465,,20.0179,,,,,,2.7133e-07,1.755
Garon/garon1/garon1.mtx,spaden_bitmap_float,structural_related,float,ok,7,3175,3175,88927,,0.0249,0.0249,,7.1445,110.24,77.2,,,,3.494745e-07,1.512
Goodwin/Goodwin_010/Goodwin_010.mtx,cusparse_double,main,double,ok,2,1182,1182,32282,0.1284,0.0133,0.0133,0.0102,,,,,,,,1.380
Goodwin/Goodwin_010/Goodwin_010.mtx,cusparse_float,main_float,float,ok,4,1182,1182,32282,0.1364,0.0086,0.0086,0.0065,,,,,,,,1.570
Goodwin/Goodwin_010/Goodwin_010.mtx,dasp_double,main,double,ok,4,,,,0.3590,0.0102,0.0102,,6.3112,,,,,,,2.190
Goodwin/Goodwin_010/Goodwin_010.mtx,dasp_half,main_reduced_precision,half,ok,4,,,,0.2500,0.0062,0.0062,,10.4914,,,,,,,1.314
Goodwin/Goodwin_010/Goodwin_010.mtx,packsell_pack16,structural_related,half,ok,4,1182,1182,32282,,0.006340,0.006340,,10.1835,,,,,,0.000277212,2.735
Goodwin/Goodwin_010/Goodwin_010.mtx,packsell_pack32,structural_related,float,ok,4,1182,1182,32282,,0.010402,0.010402,,6.20676,,,,,,1.53158e-07,2.066
Goodwin/Goodwin_010/Goodwin_010.mtx,spaden_bitmap_float,structural_related,float,ok,4,1182,1182,32282,,0.0111,0.0111,,5.8386,39.86,62.6,,,,6.047699e-08,1.826
Goodwin/Goodwin_013/Goodwin_013.mtx,cusparse_double,main,double,ok,3,1965,1965,56069,0.1332,0.0133,0.0133,0.0102,,,,,,,,0.834
Goodwin/Goodwin_013/Goodwin_013.mtx,cusparse_float,main_float,float,ok,4,1965,1965,56069,0.1410,0.0088,0.0088,0.0074,,,,,,,,1.467
Goodwin/Goodwin_013/Goodwin_013.mtx,dasp_double,main,double,ok,4,,,,0.7070,0.0082,0.0082,,13.6804,,,,,,,1.748
Goodwin/Goodwin_013/Goodwin_013.mtx,dasp_half,main_reduced_precision,half,ok,4,,,,0.3760,0.0061,0.0061,,18.2457,,,,,,,1.584
Goodwin/Goodwin_013/Goodwin_013.mtx,packsell_pack16,structural_related,half,ok,4,1965,1965,56069,,0.006352,0.006352,,17.655,,,,,,0.000347844,2.935
Goodwin/Goodwin_013/Goodwin_013.mtx,packsell_pack32,structural_related,float,ok,4,1965,1965,56069,,0.010466,0.010466,,10.7144,,,,,,1.60685e-07,2.741
Goodwin/Goodwin_013/Goodwin_013.mtx,spaden_bitmap_float,structural_related,float,ok,4,1965,1965,56069,,0.0113,0.0113,,9.9347,80.31,62.6,,,,6.370465e-08,1.808
Goodwin/Goodwin_017/Goodwin_017.mtx,cusparse_double,main,double,ok,5,3317,3317,97773,0.1313,0.0142,0.0142,0.0103,,,,,,,,1.359
Goodwin/Goodwin_017/Goodwin_017.mtx,cusparse_float,main_float,float,ok,5,3317,3317,97773,0.1270,0.0091,0.0091,0.0072,,,,,,,,1.574
Goodwin/Goodwin_017/Goodwin_017.mtx,dasp_double,main,double,ok,5,,,,0.8120,0.0082,0.0082,,23.8587,,,,,,,1.596
Goodwin/Goodwin_017/Goodwin_017.mtx,dasp_half,main_reduced_precision,half,ok,5,,,,0.7750,0.0061,0.0061,,31.8064,,,,,,,1.351
Goodwin/Goodwin_017/Goodwin_017.mtx,packsell_pack16,structural_related,half,ok,5,3317,3317,97773,,0.006376,0.006376,,30.6688,,,,,,0.000324404,1.867
Goodwin/Goodwin_017/Goodwin_017.mtx,packsell_pack32,structural_related,float,ok,5,3317,3317,97773,,0.010487,0.010487,,18.6467,,,,,,1.61448e-07,2.791
Goodwin/Goodwin_017/Goodwin_017.mtx,spaden_bitmap_float,structural_related,float,ok,5,3317,3317,97773,,0.0111,0.0111,,17.6511,33.54,62.5,,,,6.392148e-08,1.865
Grund/b1_ss/b1_ss.mtx,cusparse_double,main,double,ok,4,7,7,15,0.1748,0.0144,0.0144,0.0102,,,,,,,,1.188
Grund/b1_ss/b1_ss.mtx,cusparse_float,main_float,float,ok,4,7,7,15,0.1274,0.0071,0.0071,0.0061,,,,,,,,1.540
Grund/b1_ss/b1_ss.mtx,dasp_double,main,double,ok,4,,,,0.0060,0.0041,0.0041,,0.0073,,,,,,,1.063
Grund/b1_ss/b1_ss.mtx,dasp_half,main_reduced_precision,half,ok,4,,,,0.0080,0.0041,0.0041,,0.0073,,,,,,,0.852
Grund/b1_ss/b1_ss.mtx,packsell_pack16,structural_related,half,ok,4,7,7,15,,0.002983,0.002983,,0.0100559,,,,,,0.00028021,1.198
Grund/b1_ss/b1_ss.mtx,packsell_pack32,structural_related,float,ok,4,7,7,15,,0.004267,0.004267,,0.00703081,,,,,,9.86157e-08,1.294
Grund/b1_ss/b1_ss.mtx,spaden_bitmap_float,structural_related,float,ok,4,7,7,15,,0.0045,0.0045,,0.0067,24.96,57.9,,,,0.000000e+00,0.977
Grund/b2_ss/b2_ss.mtx,cusparse_double,main,double,ok,3,1089,1089,3895,0.1277,0.0124,0.0124,0.0102,,,,,,,,1.336
Grund/b2_ss/b2_ss.mtx,cusparse_float,main_float,float,ok,5,1089,1089,3895,0.1382,0.0091,0.0091,0.0078,,,,,,,,1.645
Grund/b2_ss/b2_ss.mtx,dasp_double,main,double,ok,5,,,,0.0660,0.0041,0.0041,,2.0604,,,,,,,1.932
Grund/b2_ss/b2_ss.mtx,dasp_half,main_reduced_precision,half,ok,5,,,,0.0540,0.0041,0.0041,,2.0619,,,,,,,1.352
Grund/b2_ss/b2_ss.mtx,packsell_pack16,structural_related,half,ok,5,1089,1089,3895,,0.003403,0.003403,,2.28909,,,,,,0.000374025,2.361
Grund/b2_ss/b2_ss.mtx,packsell_pack32,structural_related,float,ok,5,1089,1089,3895,,0.003885,0.003885,,2.00537,,,,,,1.07344e-07,2.236
Grund/b2_ss/b2_ss.mtx,spaden_bitmap_float,structural_related,float,ok,5,1089,1089,4228,,0.0069,0.0069,,1.2202,8.48,84.8,,,,8.880562e-09,1.493
Grund/b_dyn/b_dyn.mtx,cusparse_double,main,double,ok,6,1089,1089,4144,0.1348,0.0150,0.0150,0.0123,,,,,,,,1.328
Grund/b_dyn/b_dyn.mtx,cusparse_float,main_float,float,ok,5,1089,1089,4144,0.1322,0.0088,0.0088,0.0068,,,,,,,,1.614
Grund/b_dyn/b_dyn.mtx,dasp_double,main,double,ok,5,,,,0.0750,0.0041,0.0041,,2.0785,,,,,,,1.802
Grund/b_dyn/b_dyn.mtx,dasp_half,main_reduced_precision,half,ok,5,,,,0.0590,0.0041,0.0041,,2.0795,,,,,,,1.961
Grund/b_dyn/b_dyn.mtx,packsell_pack16,structural_related,half,ok,5,1089,1089,4144,,0.004272,0.004272,,1.93986,,,,,,0.000368871,2.314
Grund/b_dyn/b_dyn.mtx,packsell_pack32,structural_related,float,ok,5,1089,1089,4144,,0.004247,0.004247,,1.95137,,,,,,1.15316e-07,2.684
Grund/b_dyn/b_dyn.mtx,spaden_bitmap_float,structural_related,float,ok,5,1089,1089,4264,,0.0069,0.0069,,1.2367,73.90,84.6,,,,4.982868e-11,1.811
Grund/bayer02/bayer02.mtx,cusparse_double,main,double,ok,3,13935,13935,63307,0.1527,0.0144,0.0144,0.0123,,,,,,,,0.973
Grund/bayer02/bayer02.mtx,cusparse_float,main_float,float,ok,5,13935,13935,63307,0.1175,0.0091,0.0091,0.0074,,,,,,,,1.589
Grund/bayer02/bayer02.mtx,dasp_double,main,double,ok,5,,,,0.6430,0.0256,0.0256,,4.9796,,,,,,,1.769
Grund/bayer02/bayer02.mtx,dasp_half,main_reduced_precision,half,ok,5,,,,0.6680,0.0086,0.0086,,14.8505,,,,,,,2.228
Grund/bayer02/bayer02.mtx,packsell_pack16,structural_related,half,ok,5,13935,13935,63307,,0.004283,0.004283,,29.559,,,,,,0.000409293,3.336
Grund/bayer02/bayer02.mtx,packsell_pack32,structural_related,float,ok,5,13935,13935,63307,,0.006328,0.006328,,20.0088,,,,,,1.25118e-07,2.480
Grund/bayer02/bayer02.mtx,spaden_bitmap_float,structural_related,float,ok,5,13935,13935,63679,,0.0089,0.0089,,14.2650,43.09,85.8,,,,4.571827e-11,1.664
Grund/bayer03/bayer03.mtx,cusparse_double,main,double,ok,1,6747,6747,29195,0.1312,0.0145,0.0145,0.0123,,,,,,,,0.413
Grund/bayer03/bayer03.mtx,cusparse_float,main_float,float,ok,4,6747,6747,26866,0.1351,0.0092,0.0092,0.0078,,,,,,,,1.814
Grund/bayer03/bayer03.mtx,dasp_double,main,double,ok,4,,,,3.8320,0.0080,0.0080,,14.0508,,,,,,,1.663
Grund/bayer03/bayer03.mtx,dasp_half,main_reduced_precision,half,ok,4,,,,0.5830,0.0041,0.0041,,27.3926,,,,,,,1.693
Grund/bayer03/bayer03.mtx,packsell_pack16,structural_related,half,ok,4,6747,6747,29195,,0.004364,0.004364,,13.379,,,,,,0.000443315,3.346
Grund/bayer03/bayer03.mtx,packsell_pack32,structural_related,float,ok,4,6747,6747,29195,,0.006445,0.006445,,9.0603,,,,,,1.30931e-07,3.487
Grund/bayer03/bayer03.mtx,spaden_bitmap_float,structural_related,float,ok,4,6747,6747,56196,,0.0089,0.0089,,12.5902,97.57,69.8,,,,2.801713e-08,1.804
Grund/bayer05/bayer05.mtx,cusparse_double,main,double,ok,2,3268,3268,20712,0.1509,0.0141,0.0141,0.0123,,,,,,,,1.187
Grund/bayer05/bayer05.mtx,cusparse_float,main_float,float,ok,5,3268,3268,20705,0.1367,0.0100,0.0100,0.0088,,,,,,,,1.628
Grund/bayer05/bayer05.mtx,dasp_double,main,double,ok,5,,,,0.3310,0.0101,0.0101,,5.5214,,,,,,,1.933
Grund/bayer05/bayer05.mtx,dasp_half,main_reduced_precision,half,ok,5,,,,0.3130,0.0097,0.0097,,5.7590,,,,,,,1.328
Grund/bayer05/bayer05.mtx,packsell_pack16,structural_related,half,ok,5,3268,3268,20712,,0.006367,0.006367,,6.50598,,,,,,0.000435799,2.575
Grund/bayer05/bayer05.mtx,packsell_pack32,structural_related,float,ok,5,3268,3268,20712,,0.010402,0.010402,,3.98216,,,,,,1.27008e-07,2.763
Grund/bayer05/bayer05.mtx,spaden_bitmap_float,structural_related,float,ok,5,3268,3268,27836,,0.0110,0.0110,,5.0530,23.06,66.1,,,,2.673948e-13,1.628
Grund/bayer06/bayer06.mtx,cusparse_double,main,double,ok,6,3008,3008,20715,0.1455,0.0138,0.0138,0.0123,,,,,,,,0.820
Grund/bayer06/bayer06.mtx,cusparse_float,main_float,float,ok,6,3008,3008,20455,0.1400,0.0101,0.0101,0.0082,,,,,,,,1.663
Grund/bayer06/bayer06.mtx,dasp_double,main,double,ok,6,,,,0.3350,0.0082,0.0082,,6.7234,,,,,,,1.930
Grund/bayer06/bayer06.mtx,dasp_half,main_reduced_precision,half,ok,6,,,,0.2680,0.0062,0.0062,,8.9678,,,,,,,1.272
Grund/bayer06/bayer06.mtx,packsell_pack16,structural_related,half,ok,6,3008,3008,20715,,0.007500,0.007500,,5.52417,,,,,,0.000402294,1.931
Grund/bayer06/bayer06.mtx,packsell_pack32,structural_related,float,ok,6,3008,3008,20715,,0.010505,0.010505,,3.9437,,,,,,1.08863e-07,2.398
Grund/bayer06/bayer06.mtx,spaden_bitmap_float,structural_related,float,ok,6,3008,3008,27576,,0.0111,0.0111,,4.9889,62.47,66.2,,,,3.737805e-13,1.787
Grund/bayer07/bayer07.mtx,cusparse_double,main,double,ok,2,3268,3268,20963,0.1378,0.0139,0.0139,0.0123,,,,,,,,1.511
Grund/bayer07/bayer07.mtx,cusparse_float,main_float,float,ok,7,3268,3268,20937,0.1310,0.0100,0.0100,0.0081,,,,,,,,1.500
Grund/bayer07/bayer07.mtx,dasp_double,main,double,ok,7,,,,0.4520,0.0098,0.0098,,5.6913,,,,,,,1.553
Grund/bayer07/bayer07.mtx,dasp_half,main_reduced_precision,half,ok,7,,,,0.2630,0.0062,0.0062,,9.0509,,,,,,,1.481
Grund/bayer07/bayer07.mtx,packsell_pack16,structural_related,half,ok,7,3268,3268,20963,,0.006501,0.006501,,6.44956,,,,,,0.000435799,3.785
Grund/bayer07/bayer07.mtx,packsell_pack32,structural_related,float,ok,7,3268,3268,20963,,0.010570,0.010570,,3.96638,,,,,,1.31993e-07,2.172
Grund/bayer07/bayer07.mtx,spaden_bitmap_float,structural_related,float,ok,7,3268,3268,27836,,0.0110,0.0110,,5.0594,81.17,66.1,,,,2.673910e-13,1.800
Grund/bayer08/bayer08.mtx,cusparse_double,main,double,ok,4,3008,3008,20698,0.1370,0.0146,0.0146,0.0123,,,,,,,,1.113
Grund/bayer08/bayer08.mtx,cusparse_float,main_float,float,ok,7,3008,3008,20678,0.1379,0.0089,0.0089,0.0077,,,,,,,,1.598
Grund/bayer08/bayer08.mtx,dasp_double,main,double,ok,7,,,,0.3300,0.0082,0.0082,,6.7234,,,,,,,1.615
Grund/bayer08/bayer08.mtx,dasp_half,main_reduced_precision,half,ok,7,,,,0.2540,0.0071,0.0071,,7.8152,,,,,,,1.265
Grund/bayer08/bayer08.mtx,packsell_pack16,structural_related,half,ok,7,3008,3008,20698,,0.006447,0.006447,,6.42117,,,,,,0.000414857,2.300
Grund/bayer08/bayer08.mtx,packsell_pack32,structural_related,float,ok,7,3008,3008,20698,,0.010574,0.010574,,3.91487,,,,,,1.12552e-07,2.786
Grund/bayer08/bayer08.mtx,spaden_bitmap_float,structural_related,float,ok,7,3008,3008,27576,,0.0110,0.0110,,5.0170,148.43,66.2,,,,6.554708e-13,1.558
Grund/bayer10/bayer10.mtx,cusparse_double,main,double,ok,6,13436,13436,71594,0.1383,0.0141,0.0141,0.0123,,,,,,,,0.889
Grund/bayer10/bayer10.mtx,cusparse_float,main_float,float,ok,6,13436,13436,71509,0.1226,0.0092,0.0092,0.0080,,,,,,,,1.631
Grund/bayer10/bayer10.mtx,dasp_double,main,double,ok,6,,,,1.2480,0.0062,0.0062,,30.8652,,,,,,,1.312
Grund/bayer10/bayer10.mtx,dasp_half,main_reduced_precision,half,ok,6,,,,0.9920,0.0052,0.0052,,36.8573,,,,,,,1.913
Grund/bayer10/bayer10.mtx,packsell_pack16,structural_related,half,ok,6,13436,13436,71594,,0.004320,0.004320,,33.1487,,,,,,0.000442357,2.840
Grund/bayer10/bayer10.mtx,packsell_pack32,structural_related,float,ok,6,13436,13436,71594,,0.006311,0.006311,,22.688,,,,,,1.26922e-07,3.052
Grund/bayer10/bayer10.mtx,spaden_bitmap_float,structural_related,float,ok,6,13436,13436,94926,,0.0092,0.0092,,20.6481,438.45,73.2,,,,8.507217e-08,1.897
Grund/d_dyn/d_dyn.mtx,cusparse_double,main,double,ok,4,87,87,230,0.1326,0.0121,0.0121,0.0082,,,,,,,,1.713
Grund/d_dyn/d_dyn.mtx,cusparse_float,main_float,float,ok,5,87,87,230,0.1300,0.0073,0.0073,0.0065,,,,,,,,1.688
Grund/d_dyn/d_dyn.mtx,dasp_double,main,double,ok,5,,,,0.0110,0.0041,0.0041,,0.1161,,,,,,,1.566
Grund/d_dyn/d_dyn.mtx,dasp_half,main_reduced_precision,half,ok,5,,,,0.0130,0.0041,0.0041,,0.1161,,,,,,,1.768
Grund/d_dyn/d_dyn.mtx,packsell_pack16,structural_related,half,ok,5,87,87,230,,0.003586,0.003586,,0.128273,,,,,,0.000262601,2.736
Grund/d_dyn/d_dyn.mtx,packsell_pack32,structural_related,float,ok,5,87,87,230,,0.003432,0.003432,,0.134046,,,,,,7.48359e-08,4.195
Grund/d_dyn/d_dyn.mtx,spaden_bitmap_float,structural_related,float,ok,5,87,87,238,,0.0050,0.0050,,0.0955,18.45,83.5,,,,6.221945e-07,1.701
Grund/d_dyn1/d_dyn1.mtx,cusparse_double,main,double,ok,2,87,87,232,0.1333,0.0116,0.0116,0.0082,,,,,,,,0.855
Grund/d_dyn1/d_dyn1.mtx,cusparse_float,main_float,float,ok,7,87,87,232,0.1258,0.0078,0.0078,0.0065,,,,,,,,1.543
Grund/d_dyn1/d_dyn1.mtx,dasp_double,main,double,ok,7,,,,0.0140,0.0064,0.0064,,0.0749,,,,,,,1.717
Grund/d_dyn1/d_dyn1.mtx,dasp_half,main_reduced_precision,half,ok,7,,,,0.0150,0.0118,0.0118,,0.0403,,,,,,,1.497
Grund/d_dyn1/d_dyn1.mtx,packsell_pack16,structural_related,half,ok,7,87,87,232,,0.003551,0.003551,,0.130661,,,,,,0.00037107,2.920
Grund/d_dyn1/d_dyn1.mtx,packsell_pack32,structural_related,float,ok,7,87,87,232,,0.003891,0.003891,,0.119253,,,,,,9.52796e-08,2.334
Grund/d_dyn1/d_dyn1.mtx,spaden_bitmap_float,structural_related,float,ok,7,87,87,238,,0.0050,0.0050,,0.0951,147.52,83.5,,,,6.107340e-09,1.570
Grund/meg1/meg1.mtx,cusparse_double,main,double,ok,5,2904,2904,58142,0.1358,0.0144,0.0144,0.0123,,,,,,,,1.324
Grund/meg1/meg1.mtx,cusparse_float,main_float,float,ok,3,2904,2904,58142,0.1316,0.0089,0.0089,0.0078,,,,,,,,1.712
Grund/meg1/meg1.mtx,dasp_double,main,double,ok,3,,,,0.6640,0.0082,0.0082,,14.1879,,,,,,,0.851
Grund/meg1/meg1.mtx,dasp_half,main_reduced_precision,half,ok,3,,,,0.4350,0.0062,0.0062,,18.9049,,,,,,,0.457
Grund/meg1/meg1.mtx,packsell_pack16,structural_related,half,ok,3,2904,2904,58142,,0.026869,0.026869,,4.32776,,,,,,0.000465859,2.593
Grund/meg1/meg1.mtx,packsell_pack32,structural_related,float,ok,3,2904,2904,58142,,0.049431,0.049431,,2.35244,,,,,,2.85541e-07,3.167
Grund/meg1/meg1.mtx,spaden_bitmap_float,structural_related,float,ok,3,2904,2904,58142,,0.0254,0.0254,,4.5732,7.47,61.1,,,,5.166568e-07,1.401
Grund/meg4/meg4.mtx,cusparse_double,main,double,ok,6,5860,5860,25258,0.1592,0.0165,0.0165,0.0123,,,,,,,,1.227
Grund/meg4/meg4.mtx,cusparse_float,main_float,float,ok,5,5860,5860,25258,0.1408,0.0100,0.0100,0.0085,,,,,,,,1.621
Grund/meg4/meg4.mtx,dasp_double,main,double,ok,5,,,,0.5860,0.0184,0.0184,,5.0813,,,,,,,1.261
Grund/meg4/meg4.mtx,dasp_half,main_reduced_precision,half,ok,5,,,,0.5750,0.0082,0.0082,,11.4221,,,,,,,1.781
Grund/meg4/meg4.mtx,packsell_pack16,structural_related,half,ok,5,5860,5860,25258,,0.074156,0.074156,,0.681211,,,,,,0.000426982,3.402
Grund/meg4/meg4.mtx,packsell_pack32,structural_related,float,ok,5,5860,5860,25258,,0.148483,0.148483,,0.340214,,,,,,1.32707e-07,3.247
Grund/meg4/meg4.mtx,spaden_bitmap_float,structural_related,float,ok,5,5860,5860,46842,,0.0739,0.0739,,1.2679,108.16,83.2,,,,2.296758e-09,1.577
Grund/poli3/poli3.mtx,cusparse_double,main,double,ok,4,16955,16955,37849,0.1290,0.0152,0.0152,0.0123,,,,,,,,1.206
Grund/poli3/poli3.mtx,cusparse_float,main_float,float,ok,5,16955,16955,37849,0.1451,0.0106,0.0106,0.0098,,,,,,,,1.671
Grund/poli3/poli3.mtx,dasp_double,main,double,ok,5,,,,0.5660,0.0246,0.0246,,3.0752,,,,,,,1.171
Grund/poli3/poli3.mtx,dasp_half,main_reduced_precision,half,ok,5,,,,0.4670,0.0103,0.0103,,7.3845,,,,,,,1.827
Grund/poli3/poli3.mtx,packsell_pack16,structural_related,half,ok,5,16955,16955,37849,,0.023742,0.023742,,3.18834,,,,,,0.000728986,2.905
Grund/poli3/poli3.mtx,packsell_pack32,structural_related,float,ok,5,16955,16955,37849,,0.044030,0.044030,,1.71924,,,,,,2.08843e-07,2.476
Grund/poli3/poli3.mtx,spaden_bitmap_float,structural_related,float,ok,5,16955,16955,37849,,0.0378,0.0378,,2.0032,47.88,116.1,,,,7.022953e-08,1.729
Grund/poli4/poli4.mtx,cusparse_double,main,double,ok,2,33833,33833,73249,0.1662,0.0154,0.0154,0.0143,,,,,,,,1.491
Grund/poli4/poli4.mtx,cusparse_float,main_float,float,ok,3,33833,33833,73249,0.1315,0.0096,0.0096,0.0085,,,,,,,,1.745
Grund/poli4/poli4.mtx,dasp_double,main,double,ok,3,,,,1.0550,0.0266,0.0266,,5.5124,,,,,,,1.701
Grund/poli4/poli4.mtx,dasp_half,main_reduced_precision,half,ok,3,,,,0.7490,0.0123,0.0123,,11.9230,,,,,,,1.148
Grund/poli4/poli4.mtx,packsell_pack16,structural_related,half,ok,3,33833,33833,73249,,0.022751,0.022751,,6.43919,,,,,,0.000765987,2.713
Grund/poli4/poli4.mtx,packsell_pack32,structural_related,float,ok,3,33833,33833,73249,,0.043247,0.043247,,3.38749,,,,,,2.43013e-07,2.186
Grund/poli4/poli4.mtx,spaden_bitmap_float,structural_related,float,ok,3,33833,33833,73249,,0.0666,0.0666,,2.1993,19.90,114.8,,,,5.931502e-08,1.361
Grund/poli_large/poli_large.mtx,cusparse_double,main,double,ok,1,15575,15575,33033,0.1517,0.0171,0.0171,0.0143,,,,,,,,0.411
Grund/poli_large/poli_large.mtx,cusparse_float,main_float,float,ok,7,15575,15575,33033,0.1237,0.0090,0.0090,0.0082,,,,,,,,1.711
Grund/poli_large/poli_large.mtx,dasp_double,main,double,ok,7,,,,0.3870,0.0266,0.0266,,2.4851,,,,,,,1.503
Grund/poli_large/poli_large.mtx,dasp_half,main_reduced_precision,half,ok,7,,,,0.3740,0.0123,0.0123,,5.3814,,,,,,,1.498
Grund/poli_large/poli_large.mtx,packsell_pack16,structural_related,half,ok,7,15575,15575,33033,,0.035047,0.035047,,1.88504,,,,,,0.000704501,2.926
Grund/poli_large/poli_large.mtx,packsell_pack32,structural_related,float,ok,7,15575,15575,33033,,0.067520,0.067520,,0.978463,,,,,,2.01557e-07,3.077
Grund/poli_large/poli_large.mtx,spaden_bitmap_float,structural_related,float,ok,7,15575,15575,33074,,0.0399,0.0399,,1.6572,136.26,71.6,,,,5.482476e-08,1.902
Gset/G11/G11.mtx,cusparse_double,main,double,ok,2,800,800,3200,0.1609,0.0167,0.0167,0.0133,,,,,,,,0.923
Gset/G11/G11.mtx,cusparse_float,main_float,float,ok,4,800,800,3200,0.1356,0.0106,0.0106,0.0091,,,,,,,,1.468
Gset/G11/G11.mtx,dasp_double,main,double,ok,4,,,,0.0740,0.0041,0.0041,,1.5598,,,,,,,1.047
Gset/G11/G11.mtx,dasp_half,main_reduced_precision,half,ok,4,,,,0.0230,0.0028,0.0028,,2.2816,,,,,,,2.007
Gset/G11/G11.mtx,packsell_pack16,structural_related,half,ok,4,800,800,3200,,0.003393,0.003393,,1.88624,,,,,,0.0018445,4.031
Gset/G11/G11.mtx,packsell_pack32,structural_related,float,ok,4,800,800,3200,,0.003239,0.003239,,1.97572,,,,,,4.71212e-07,4.026
Gset/G11/G11.mtx,spaden_bitmap_float,structural_related,float,ok,4,800,800,3200,,0.0051,0.0051,,1.2539,101.60,62.5,,,,0.000000e+00,1.834
Gset/G12/G12.mtx,cusparse_double,main,double,ok,7,800,800,3200,0.1267,0.0127,0.0127,0.0102,,,,,,,,0.397
Gset/G12/G12.mtx,cusparse_float,main_float,float,ok,6,800,800,3200,0.1296,0.0081,0.0081,0.0071,,,,,,,,1.600
Gset/G12/G12.mtx,dasp_double,main,double,ok,6,,,,0.0310,0.0041,0.0041,,1.5602,,,,,,,1.595
Gset/G12/G12.mtx,dasp_half,main_reduced_precision,half,ok,6,,,,0.0200,0.0021,0.0021,,3.0607,,,,,,,1.035
Gset/G12/G12.mtx,packsell_pack16,structural_related,half,ok,6,800,800,3200,,0.004070,0.004070,,1.57231,,,,,,0.0018934,3.008
Gset/G12/G12.mtx,packsell_pack32,structural_related,float,ok,6,800,800,3200,,0.004039,0.004039,,1.58471,,,,,,4.77164e-07,3.435
Gset/G12/G12.mtx,spaden_bitmap_float,structural_related,float,ok,6,800,800,3200,,0.0050,0.0050,,1.2925,17.26,68.1,,,,0.000000e+00,1.810
Gset/G13/G13.mtx,cusparse_double,main,double,ok,4,800,800,3200,0.1297,0.0129,0.0129,0.0102,,,,,,,,1.592
Gset/G13/G13.mtx,cusparse_float,main_float,float,ok,2,800,800,3200,0.1375,0.0082,0.0082,0.0071,,,,,,,,1.754
Gset/G13/G13.mtx,dasp_double,main,double,ok,2,,,,0.0310,0.0041,0.0041,,1.5606,,,,,,,1.786
Gset/G13/G13.mtx,dasp_half,main_reduced_precision,half,ok,2,,,,0.0200,0.0021,0.0021,,3.1174,,,,,,,1.463
Gset/G13/G13.mtx,packsell_pack16,structural_related,half,ok,2,800,800,3200,,0.003512,0.003512,,1.82239,,,,,,0.0018323,4.318
Gset/G13/G13.mtx,packsell_pack32,structural_related,float,ok,2,800,800,3200,,0.004196,0.004196,,1.52513,,,,,,4.26459e-07,3.189
Gset/G13/G13.mtx,spaden_bitmap_float,structural_related,float,ok,2,800,800,3200,,0.0049,0.0049,,1.3178,12.31,73.6,,,,0.000000e+00,1.452
Gset/G32/G32.mtx,cusparse_double,main,double,ok,5,2000,2000,8000,0.1630,0.0165,0.0165,0.0143,,,,,,,,1.053
Gset/G32/G32.mtx,cusparse_float,main_float,float,ok,3,2000,2000,8000,0.1594,0.0093,0.0093,0.0064,,,,,,,,1.824
Gset/G32/G32.mtx,dasp_double,main,double,ok,3,,,,0.0750,0.0041,0.0041,,3.9015,,,,,,,1.579
Gset/G32/G32.mtx,dasp_half,main_reduced_precision,half,ok,3,,,,0.0510,0.0045,0.0045,,3.5698,,,,,,,1.509
Gset/G32/G32.mtx,packsell_pack16,structural_related,half,ok,3,2000,2000,8000,,0.002773,0.002773,,5.76992,,,,,,0.00191726,2.920
Gset/G32/G32.mtx,packsell_pack32,structural_related,float,ok,3,2000,2000,8000,,0.004223,0.004223,,3.7891,,,,,,4.651e-07,2.337
Gset/G32/G32.mtx,spaden_bitmap_float,structural_related,float,ok,3,2000,2000,8000,,0.0070,0.0070,,2.2751,9.93,82.5,,,,0.000000e+00,1.202
Gset/G34/G34.mtx,cusparse_double,main,double,ok,4,2000,2000,8000,0.1268,0.0141,0.0141,0.0123,,,,,,,,1.331
Gset/G34/G34.mtx,cusparse_float,main_float,float,ok,6,2000,2000,8000,0.1330,0.0088,0.0088,0.0068,,,,,,,,1.578
Gset/G34/G34.mtx,dasp_double,main,double,ok,6,,,,0.0690,0.0151,0.0151,,1.0602,,,,,,,1.604
Gset/G34/G34.mtx,dasp_half,main_reduced_precision,half,ok,6,,,,1.6100,0.0027,0.0027,,5.9724,,,,,,,1.378
Gset/G34/G34.mtx,packsell_pack16,structural_related,half,ok,6,2000,2000,8000,,0.003554,0.003554,,4.50172,,,,,,0.00192946,2.263
Gset/G34/G34.mtx,packsell_pack32,structural_related,float,ok,6,2000,2000,8000,,0.004135,0.004135,,3.86944,,,,,,4.59142e-07,3.076
Gset/G34/G34.mtx,spaden_bitmap_float,structural_related,float,ok,6,2000,2000,8000,,0.0051,0.0051,,3.1646,8.56,73.6,,,,0.000000e+00,1.855
Gset/G65/G65.mtx,cusparse_double,main,double,ok,1,8000,8000,32000,0.1327,0.0141,0.0141,0.0119,,,,,,,,0.408
Gset/G65/G65.mtx,cusparse_float,main_float,float,ok,6,8000,8000,32000,0.1732,0.0091,0.0091,0.0077,,,,,,,,1.716
Gset/G65/G65.mtx,dasp_double,main,double,ok,6,,,,0.2470,0.0041,0.0041,,15.6059,,,,,,,1.784
Gset/G65/G65.mtx,dasp_half,main_reduced_precision,half,ok,6,,,,0.1430,0.0056,0.0056,,11.5170,,,,,,,1.404
Gset/G65/G65.mtx,packsell_pack16,structural_related,half,ok,6,8000,8000,32000,,0.003081,0.003081,,20.774,,,,,,0.00195341,2.378
Gset/G65/G65.mtx,packsell_pack32,structural_related,float,ok,6,8000,8000,32000,,0.004298,0.004298,,14.8913,,,,,,5.06715e-07,3.941
Gset/G65/G65.mtx,spaden_bitmap_float,structural_related,float,ok,6,8000,8000,32000,,0.0049,0.0049,,12.9730,196.77,73.6,,,,0.000000e+00,1.446
Gset/G66/G66.mtx,cusparse_double,main,double,ok,5,9000,9000,36000,0.1300,0.0140,0.0140,0.0116,,,,,,,,1.326
Gset/G66/G66.mtx,cusparse_float,main_float,float,ok,3,9000,9000,36000,0.1327,0.0097,0.0097,0.0078,,,,,,,,1.774
Gset/G66/G66.mtx,dasp_double,main,double,ok,3,,,,0.2970,0.0106,0.0106,,6.7969,,,,,,,1.459
Gset/G66/G66.mtx,dasp_half,main_reduced_precision,half,ok,3,,,,0.1440,0.0021,0.0021,,35.0365,,,,,,,1.010
Gset/G66/G66.mtx,packsell_pack16,structural_related,half,ok,3,9000,9000,36000,,0.003955,0.003955,,18.206,,,,,,0.00195322,2.562
Gset/G66/G66.mtx,packsell_pack32,structural_related,float,ok,3,9000,9000,36000,,0.003605,0.003605,,19.9723,,,,,,5.24544e-07,1.838
Gset/G66/G66.mtx,spaden_bitmap_float,structural_related,float,ok,3,9000,9000,36000,,0.0070,0.0070,,10.3101,125.06,84.3,,,,0.000000e+00,1.428
Gset/G67/G67.mtx,cusparse_double,main,double,ok,1,10000,10000,40000,0.1496,0.0142,0.0142,0.0123,,,,,,,,0.414
Gset/G67/G67.mtx,cusparse_float,main_float,float,ok,5,10000,10000,40000,0.1364,0.0095,0.0095,0.0077,,,,,,,,1.217
Gset/G67/G67.mtx,dasp_double,main,double,ok,5,,,,4.0730,0.0062,0.0062,,12.8205,,,,,,,1.287
Gset/G67/G67.mtx,dasp_half,main_reduced_precision,half,ok,5,,,,0.1690,0.0062,0.0062,,12.8329,,,,,,,1.790
Gset/G67/G67.mtx,packsell_pack16,structural_related,half,ok,5,10000,10000,40000,,0.004071,0.004071,,19.6507,,,,,,0.00195322,3.975
Gset/G67/G67.mtx,packsell_pack32,structural_related,float,ok,5,10000,10000,40000,,0.003553,0.003553,,22.5177,,,,,,5.18584e-07,2.595
Gset/G67/G67.mtx,spaden_bitmap_float,structural_related,float,ok,5,10000,10000,40000,,0.0072,0.0072,,11.1607,64.10,84.3,,,,0.000000e+00,1.686
HB/494_bus/494_bus.mtx,cusparse_double,main,double,ok,7,494,494,1666,0.1302,0.0118,0.0118,0.0102,,,,,,,,0.344
HB/494_bus/494_bus.mtx,cusparse_float,main_float,float,ok,4,494,494,1666,0.1716,0.0077,0.0077,0.0061,,,,,,,,1.705
HB/494_bus/494_bus.mtx,dasp_double,main,double,ok,4,,,,0.0310,0.0041,0.0041,,0.8125,,,,,,,2.012
HB/494_bus/494_bus.mtx,dasp_half,main_reduced_precision,half,ok,4,,,,0.0330,0.0041,0.0041,,0.8121,,,,,,,2.023
HB/494_bus/494_bus.mtx,packsell_pack16,structural_related,half,ok,4,494,494,1666,,0.003956,0.003956,,0.842329,,,,,,0.000365261,3.717
HB/494_bus/494_bus.mtx,packsell_pack32,structural_related,float,ok,4,494,494,1666,,0.003927,0.003927,,0.848492,,,,,,1.03337e-07,3.797
HB/494_bus/494_bus.mtx,spaden_bitmap_float,structural_related,float,ok,4,494,494,1666,,0.0092,0.0092,,0.3639,85.09,121.1,,,,3.184102e-07,1.216
HB/abb313/abb313.mtx,cusparse_double,main,double,ok,5,313,176,1557,0.1276,0.0117,0.0117,0.0101,,,,,,,,0.761
HB/abb313/abb313.mtx,cusparse_float,main_float,float,ok,3,313,176,1557,0.1288,0.0073,0.0073,0.0061,,,,,,,,1.519
HB/abb313/abb313.mtx,dasp_double,main,double,ok,3,,,,0.0300,0.0041,0.0041,,0.7593,,,,,,,2.517
HB/abb313/abb313.mtx,dasp_half,main_reduced_precision,half,ok,3,,,,0.0360,0.0041,0.0041,,0.7593,,,,,,,1.607
HB/abb313/abb313.mtx,packsell_pack16,structural_related,half,ok,3,313,176,1557,,0.003338,0.003338,,0.933006,,,,,,0.000540656,4.318
HB/abb313/abb313.mtx,packsell_pack32,structural_related,float,ok,3,313,176,1557,,0.003377,0.003377,,0.922138,,,,,,1.90695e-07,2.878
HB/abb313/abb313.mtx,spaden_bitmap_float,structural_related,float,ok,3,313,176,1557,,0.0051,0.0051,,0.6073,105.56,63.4,,,,0.000000e+00,1.593
HB/arc130/arc130.mtx,cusparse_double,main,double,ok,7,130,130,1037,0.1266,0.0117,0.0117,0.0082,,,,,,,,0.399
HB/arc130/arc130.mtx,cusparse_float,main_float,float,ok,5,130,130,1037,0.1362,0.0076,0.0076,0.0067,,,,,,,,1.581
HB/arc130/arc130.mtx,dasp_double,main,double,ok,5,,,,0.0250,0.0143,0.0143,,0.1788,,,,,,,1.576
HB/arc130/arc130.mtx,dasp_half,main_reduced_precision,half,ok,5,,,,0.0250,0.0061,0.0061,,0.4170,,,,,,,1.423
HB/arc130/arc130.mtx,packsell_pack16,structural_related,half,ok,5,130,130,1037,,0.004314,0.004314,,0.480768,,,,,,0.000469333,2.525
HB/arc130/arc130.mtx,packsell_pack32,structural_related,float,ok,5,130,130,1037,,0.006450,0.006450,,0.321557,,,,,,1.20687e-07,3.514
HB/arc130/arc130.mtx,spaden_bitmap_float,structural_related,float,ok,5,130,130,1282,,0.0091,0.0091,,0.2813,246.69,63.0,,,,3.557451e-13,1.447
HB/ash292/ash292.mtx,cusparse_double,main,double,ok,5,292,292,2208,0.1326,0.0118,0.0118,0.0102,,,,,,,,0.918
HB/ash292/ash292.mtx,cusparse_float,main_float,float,ok,3,292,292,2208,0.1270,0.0076,0.0076,0.0061,,,,,,,,1.548
HB/ash292/ash292.mtx,dasp_double,main,double,ok,3,,,,0.0480,0.0123,0.0123,,0.3581,,,,,,,2.047
HB/ash292/ash292.mtx,dasp_half,main_reduced_precision,half,ok,3,,,,0.0430,0.0059,0.0059,,0.7454,,,,,,,1.722
HB/ash292/ash292.mtx,packsell_pack16,structural_related,half,ok,3,292,292,2208,,0.004243,0.004243,,1.04089,,,,,,0.00123851,2.465
HB/ash292/ash292.mtx,packsell_pack32,structural_related,float,ok,3,292,292,2208,,0.004151,0.004151,,1.06392,,,,,,3.87313e-07,3.014
HB/ash292/ash292.mtx,spaden_bitmap_float,structural_related,float,ok,3,292,292,2208,,0.0069,0.0069,,0.6366,10.93,66.1,,,,0.000000e+00,2.063
HB/ash331/ash331.mtx,cusparse_double,main,double,ok,1,331,104,662,0.1294,0.0119,0.0119,0.0082,,,,,,,,0.398
HB/ash331/ash331.mtx,cusparse_float,main_float,float,ok,4,331,104,662,0.1322,0.0077,0.0077,0.0066,,,,,,,,1.575
HB/ash331/ash331.mtx,dasp_double,main,double,ok,4,,,,0.0120,0.0053,0.0053,,0.2495,,,,,,,0.596
HB/ash331/ash331.mtx,dasp_half,main_reduced_precision,half,ok,4,,,,0.0130,0.0041,0.0041,,0.3228,,,,,,,1.054
HB/ash331/ash331.mtx,packsell_pack16,structural_related,half,ok,4,331,104,662,,0.003163,0.003163,,0.418616,,,,,,0.000984609,3.948
HB/ash331/ash331.mtx,packsell_pack32,structural_related,float,ok,4,331,104,662,,0.002790,0.002790,,0.47462,,,,,,2.88523e-07,1.965
HB/ash331/ash331.mtx,spaden_bitmap_float,structural_related,float,ok,4,331,104,662,,0.0047,0.0047,,0.2815,10.74,67.5,,,,0.000000e+00,1.304
HB/ash608/ash608.mtx,cusparse_double,main,double,ok,7,608,188,1216,0.1162,0.0129,0.0129,0.0102,,,,,,,,0.395
HB/ash608/ash608.mtx,cusparse_float,main_float,float,ok,4,608,188,1216,0.1355,0.0081,0.0081,0.0061,,,,,,,,1.597
HB/ash608/ash608.mtx,dasp_double,main,double,ok,4,,,,0.0190,0.0048,0.0048,,0.5049,,,,,,,1.570
HB/ash608/ash608.mtx,dasp_half,main_reduced_precision,half,ok,4,,,,0.0120,0.0041,0.0041,,0.5929,,,,,,,1.301
HB/ash608/ash608.mtx,packsell_pack16,structural_related,half,ok,4,608,188,1216,,0.003742,0.003742,,0.649897,,,,,,0.000983387,3.790
HB/ash608/ash608.mtx,packsell_pack32,structural_related,float,ok,4,608,188,1216,,0.003905,0.003905,,0.622866,,,,,,2.9414e-07,2.977
HB/ash608/ash608.mtx,spaden_bitmap_float,structural_related,float,ok,4,608,188,1216,,0.0050,0.0050,,0.4825,25.52,71.2,,,,0.000000e+00,1.471
HB/ash85/ash85.mtx,cusparse_double,main,double,ok,7,85,85,523,0.1091,0.0113,0.0113,0.0082,,,,,,,,0.386
HB/ash85/ash85.mtx,cusparse_float,main_float,float,ok,5,85,85,523,0.1338,0.0078,0.0078,0.0068,,,,,,,,1.582
HB/ash85/ash85.mtx,dasp_double,main,double,ok,5,,,,0.0220,0.0061,0.0061,,0.1724,,,,,,,1.482
HB/ash85/ash85.mtx,dasp_half,main_reduced_precision,half,ok,5,,,,0.0680,0.0041,0.0041,,0.2549,,,,,,,1.501
HB/ash85/ash85.mtx,packsell_pack16,structural_related,half,ok,5,85,85,523,,0.003562,0.003562,,0.293639,,,,,,0.000920553,2.606
HB/ash85/ash85.mtx,packsell_pack32,structural_related,float,ok,5,85,85,523,,0.004082,0.004082,,0.25627,,,,,,3.09232e-07,2.532
HB/ash85/ash85.mtx,spaden_bitmap_float,structural_related,float,ok,5,85,85,523,,0.0068,0.0068,,0.1531,15.16,70.3,,,,0.000000e+00,0.614
HB/ash958/ash958.mtx,cusparse_double,main,double,ok,4,958,292,1916,0.1296,0.0127,0.0127,0.0102,,,,,,,,1.611
HB/ash958/ash958.mtx,cusparse_float,main_float,float,ok,5,958,292,1916,0.1306,0.0082,0.0082,0.0066,,,,,,,,1.417
HB/ash958/ash958.mtx,dasp_double,main,double,ok,5,,,,0.0260,0.0041,0.0041,,0.9344,,,,,,,1.977
HB/ash958/ash958.mtx,dasp_half,main_reduced_precision,half,ok,5,,,,0.0170,0.0041,0.0041,,0.9349,,,,,,,1.725
HB/ash958/ash958.mtx,packsell_pack16,structural_related,half,ok,5,958,292,1916,,0.003290,0.003290,,1.1646,,,,,,0.000979539,2.789
HB/ash958/ash958.mtx,packsell_pack32,structural_related,float,ok,5,958,292,1916,,0.003074,0.003074,,1.24638,,,,,,2.92965e-07,4.069
HB/ash958/ash958.mtx,spaden_bitmap_float,structural_related,float,ok,5,958,292,1916,,0.0049,0.0049,,0.7849,16.32,70.8,,,,0.000000e+00,1.191
HB/bcsstk03/bcsstk03.mtx,cusparse_double,main,double,ok,2,112,112,640,0.1361,0.0115,0.0115,0.0082,,,,,,,,0.788
HB/bcsstk03/bcsstk03.mtx,cusparse_float,main_float,float,ok,5,112,112,640,0.1314,0.0076,0.0076,0.0058,,,,,,,,1.769
HB/bcsstk03/bcsstk03.mtx,dasp_double,main,double,ok,5,,,,0.0130,0.0041,0.0041,,0.3121,,,,,,,1.509
HB/bcsstk03/bcsstk03.mtx,dasp_half,main_reduced_precision,half,ok,5,,,,0.0200,0.0041,0.0041,,0.3123,,,,,,,1.522
HB/bcsstk03/bcsstk03.mtx,packsell_pack16,structural_related,half,ok,5,112,112,640,,0.004098,0.004098,,0.312378,,,,,,0.000427951,2.635
HB/bcsstk03/bcsstk03.mtx,packsell_pack32,structural_related,float,ok,5,112,112,640,,0.004345,0.004345,,0.294623,,,,,,1.32609e-07,2.551
HB/bcsstk03/bcsstk03.mtx,spaden_bitmap_float,structural_related,float,ok,5,112,112,640,,0.0051,0.0051,,0.2533,20.63,58.6,,,,1.402142e-10,1.868
HB/bcsstk04/bcsstk04.mtx,cusparse_double,main,double,ok,3,132,132,3648,0.1346,0.0131,0.0131,0.0102,,,,,,,,1.478
HB/bcsstk04/bcsstk04.mtx,cusparse_float,main_float,float,ok,5,132,132,3648,0.1297,0.0077,0.0077,0.0066,,,,,,,,1.666
HB/bcsstk04/bcsstk04.mtx,dasp_double,main,double,ok,5,,,,0.0460,0.0062,0.0062,,1.1861,,,,,,,1.669
HB/bcsstk04/bcsstk04.mtx,dasp_half,main_reduced_precision,half,ok,5,,,,0.0350,0.0041,0.0041,,1.7773,,,,,,,1.446
HB/bcsstk04/bcsstk04.mtx,packsell_pack16,structural_related,half,ok,5,132,132,3648,,0.004336,0.004336,,1.68283,,,,,,0.000544672,3.362
HB/bcsstk04/bcsstk04.mtx,packsell_pack32,structural_related,float,ok,5,132,132,3648,,0.008378,0.008378,,0.870883,,,,,,1.95695e-07,2.584
HB/bcsstk04/bcsstk04.mtx,spaden_bitmap_float,structural_related,float,ok,5,132,132,3648,,0.0071,0.0071,,1.0320,13.55,56.6,,,,7.755332e-08,1.468
HB/bcsstk05/bcsstk05.mtx,cusparse_double,main,double,ok,5,153,153,2423,0.1349,0.0113,0.0113,0.0082,,,,,,,,0.890
HB/bcsstk05/bcsstk05.mtx,cusparse_float,main_float,float,ok,7,153,153,2423,0.1367,0.0083,0.0083,0.0067,,,,,,,,1.413
HB/bcsstk05/bcsstk05.mtx,dasp_double,main,double,ok,7,,,,0.0430,0.0041,0.0041,,1.1808,,,,,,,1.783
HB/bcsstk05/bcsstk05.mtx,dasp_half,main_reduced_precision,half,ok,7,,,,0.0360,0.0041,0.0041,,1.1814,,,,,,,1.937
HB/bcsstk05/bcsstk05.mtx,packsell_pack16,structural_related,half,ok,7,153,153,2423,,0.004249,0.004249,,1.1405,,,,,,0.000486584,2.261
HB/bcsstk05/bcsstk05.mtx,packsell_pack32,structural_related,float,ok,7,153,153,2423,,0.006267,0.006267,,0.773257,,,,,,1.96571e-07,2.529
HB/bcsstk05/bcsstk05.mtx,spaden_bitmap_float,structural_related,float,ok,7,153,153,2423,,0.0070,0.0070,,0.6955,14.17,59.0,,,,1.000089e-06,1.816
HB/bcsstk06/bcsstk06.mtx,cusparse_double,main,double,ok,7,420,420,7860,0.1264,0.0117,0.0117,0.0102,,,,,,,,0.397
HB/bcsstk06/bcsstk06.mtx,cusparse_float,main_float,float,ok,5,420,420,7860,0.1283,0.0078,0.0078,0.0063,,,,,,,,1.444
HB/bcsstk06/bcsstk06.mtx,dasp_double,main,double,ok,5,,,,0.0950,0.0066,0.0066,,2.3825,,,,,,,1.174
HB/bcsstk06/bcsstk06.mtx,dasp_half,main_reduced_precision,half,ok,5,,,,0.0820,0.0041,0.0041,,3.8304,,,,,,,1.340
HB/bcsstk06/bcsstk06.mtx,packsell_pack16,structural_related,half,ok,5,420,420,7860,,0.004084,0.004084,,3.84885,,,,,,0.000575296,4.048
HB/bcsstk06/bcsstk06.mtx,packsell_pack32,structural_related,float,ok,5,420,420,7860,,0.006311,0.006311,,2.49105,,,,,,1.90305e-07,2.113
HB/bcsstk06/bcsstk06.mtx,spaden_bitmap_float,structural_related,float,ok,5,420,420,7860,,0.0068,0.0068,,2.3081,8.38,59.5,,,,5.204847e-08,1.911
HB/bcsstk07/bcsstk07.mtx,cusparse_double,main,double,ok,5,420,420,7860,0.1459,0.0132,0.0132,0.0102,,,,,,,,1.380
HB/bcsstk07/bcsstk07.mtx,cusparse_float,main_float,float,ok,6,420,420,7860,0.1331,0.0077,0.0077,0.0061,,,,,,,,1.641
HB/bcsstk07/bcsstk07.mtx,dasp_double,main,double,ok,6,,,,0.1120,0.0043,0.0043,,3.6798,,,,,,,1.295
HB/bcsstk07/bcsstk07.mtx,dasp_half,main_reduced_precision,half,ok,6,,,,0.0770,0.0041,0.0041,,3.8313,,,,,,,1.097
HB/bcsstk07/bcsstk07.mtx,packsell_pack16,structural_related,half,ok,6,420,420,7860,,0.004324,0.004324,,3.63575,,,,,,0.000575296,2.739
HB/bcsstk07/bcsstk07.mtx,packsell_pack32,structural_related,float,ok,6,420,420,7860,,0.006373,0.006373,,2.46672,,,,,,1.90305e-07,2.997
HB/bcsstk07/bcsstk07.mtx,spaden_bitmap_float,structural_related,float,ok,6,420,420,7860,,0.0070,0.0070,,2.2531,64.91,59.5,,,,5.204847e-08,1.441
HB/bcsstk08/bcsstk08.mtx,cusparse_double,main,double,ok,2,1074,1074,12960,0.1358,0.0141,0.0141,0.0102,,,,,,,,1.303
HB/bcsstk08/bcsstk08.mtx,cusparse_float,main_float,float,ok,6,1074,1074,12960,0.1391,0.0085,0.0085,0.0072,,,,,,,,1.551
HB/bcsstk08/bcsstk08.mtx,dasp_double,main,double,ok,6,,,,0.1420,0.0205,0.0205,,1.2659,,,,,,,1.846
HB/bcsstk08/bcsstk08.mtx,dasp_half,main_reduced_precision,half,ok,6,,,,0.1260,0.0082,0.0082,,3.1602,,,,,,,1.829
HB/bcsstk08/bcsstk08.mtx,packsell_pack16,structural_related,half,ok,6,1074,1074,12960,,0.020762,0.020762,,1.24844,,,,,,0.000420649,3.834
HB/bcsstk08/bcsstk08.mtx,packsell_pack32,structural_related,float,ok,6,1074,1074,12960,,0.037088,0.037088,,0.69887,,,,,,3.74417e-07,4.065
HB/bcsstk08/bcsstk08.mtx,spaden_bitmap_float,structural_related,float,ok,6,1074,1074,12960,,0.0253,0.0253,,1.0262,18.71,77.8,,,,2.145678e-07,1.404
HB/bcsstk10/bcsstk10.mtx,cusparse_double,main,double,ok,6,1086,1086,22070,0.1373,0.0139,0.0139,0.0102,,,,,,,,1.350
HB/bcsstk10/bcsstk10.mtx,cusparse_float,main_float,float,ok,7,1086,1086,22070,0.1398,0.0088,0.0088,0.0078,,,,,,,,1.462
HB/bcsstk10/bcsstk10.mtx,dasp_double,main,double,ok,7,,,,0.3390,0.0061,0.0061,,7.1796,,,,,,,1.717
HB/bcsstk10/bcsstk10.mtx,dasp_half,main_reduced_precision,half,ok,7,,,,0.1820,0.0041,0.0041,,10.7554,,,,,,,1.350
HB/bcsstk10/bcsstk10.mtx,packsell_pack16,structural_related,half,ok,7,1086,1086,22070,,0.004371,0.004371,,10.0973,,,,,,0.000594956,3.580
HB/bcsstk10/bcsstk10.mtx,packsell_pack32,structural_related,float,ok,7,1086,1086,22070,,0.007532,0.007532,,5.85999,,,,,,2.32742e-07,2.447
HB/bcsstk10/bcsstk10.mtx,spaden_bitmap_float,structural_related,float,ok,7,1086,1086,22070,,0.0071,0.0071,,6.2246,6.94,59.6,,,,1.293973e-07,1.483
HB/bcsstk11/bcsstk11.mtx,cusparse_double,main,double,ok,2,1473,1473,34241,0.1318,0.0135,0.0135,0.0102,,,,,,,,1.569
HB/bcsstk11/bcsstk11.mtx,cusparse_float,main_float,float,ok,5,1473,1473,34241,0.1338,0.0092,0.0092,0.0079,,,,,,,,1.690
HB/bcsstk11/bcsstk11.mtx,dasp_double,main,double,ok,5,,,,0.3070,0.0061,0.0061,,11.1407,,,,,,,1.619
HB/bcsstk11/bcsstk11.mtx,dasp_half,main_reduced_precision,half,ok,5,,,,0.2750,0.0041,0.0041,,16.6826,,,,,,,1.586
HB/bcsstk11/bcsstk11.mtx,packsell_pack16,structural_related,half,ok,5,1473,1473,34241,,0.004401,0.004401,,15.5591,,,,,,0.000496152,2.654
HB/bcsstk11/bcsstk11.mtx,packsell_pack32,structural_related,float,ok,5,1473,1473,34241,,0.006430,0.006430,,10.6499,,,,,,1.8844e-07,3.402
HB/bcsstk11/bcsstk11.mtx,spaden_bitmap_float,structural_related,float,ok,5,1473,1473,34241,,0.0090,0.0090,,7.5763,22.76,58.1,,,,6.665761e-08,2.345
HB/bcsstk12/bcsstk12.mtx,cusparse_double,main,double,ok,7,1473,1473,34241,0.1330,0.0124,0.0124,0.0102,,,,,,,,0.739
HB/bcsstk12/bcsstk12.mtx,cusparse_float,main_float,float,ok,7,1473,1473,34241,0.1321,0.0087,0.0087,0.0061,,,,,,,,1.668
HB/bcsstk12/bcsstk12.mtx,dasp_double,main,double,ok,7,,,,0.3990,0.0061,0.0061,,11.1371,,,,,,,1.672
HB/bcsstk12/bcsstk12.mtx,dasp_half,main_reduced_precision,half,ok,7,,,,2.3350,0.0041,0.0041,,16.6785,,,,,,,1.676
HB/bcsstk12/bcsstk12.mtx,packsell_pack16,structural_related,half,ok,7,1473,1473,34241,,0.004390,0.004390,,15.6006,,,,,,0.000496152,2.767
HB/bcsstk12/bcsstk12.mtx,packsell_pack32,structural_related,float,ok,7,1473,1473,34241,,0.006396,0.006396,,10.7076,,,,,,1.8844e-07,3.793
HB/bcsstk12/bcsstk12.mtx,spaden_bitmap_float,structural_related,float,ok,7,1473,1473,34241,,0.0090,0.0090,,7.6195,37.22,58.1,,,,6.665761e-08,1.300
HB/bcsstk13/bcsstk13.mtx,cusparse_double,main,double,ok,7,2003,2003,83883,0.1717,0.0174,0.0174,0.0123,,,,,,,,0.976
HB/bcsstk13/bcsstk13.mtx,cusparse_float,main_float,float,ok,2,2003,2003,83883,0.3818,0.0095,0.0095,0.0074,,,,,,,,1.770
HB/bcsstk13/bcsstk13.mtx,dasp_double,main,double,ok,2,,,,0.7630,0.0102,0.0102,,16.3802,,,,,,,1.420
HB/bcsstk13/bcsstk13.mtx,dasp_half,main_reduced_precision,half,ok,2,,,,0.6490,0.0062,0.0062,,27.2613,,,,,,,1.888
HB/bcsstk13/bcsstk13.mtx,packsell_pack16,structural_related,half,ok,2,2003,2003,83883,,0.008403,0.008403,,19.9642,,,,,,0.000613087,3.173
HB/bcsstk13/bcsstk13.mtx,packsell_pack32,structural_related,float,ok,2,2003,2003,83883,,0.012619,0.012619,,13.2946,,,,,,2.97442e-07,3.006
HB/bcsstk13/bcsstk13.mtx,spaden_bitmap_float,structural_related,float,ok,2,2003,2003,83883,,0.0196,0.0196,,8.5702,78.68,61.6,,,,2.231018e-07,1.943
HB/bcsstk14/bcsstk14.mtx,cusparse_double,main,double,ok,7,1806,1806,63454,0.1773,0.0163,0.0163,0.0123,,,,,,,,0.963
HB/bcsstk14/bcsstk14.mtx,cusparse_float,main_float,float,ok,3,1806,1806,63454,0.1307,0.0087,0.0087,0.0079,,,,,,,,1.720
HB/bcsstk14/bcsstk14.mtx,dasp_double,main,double,ok,3,,,,0.7590,0.0062,0.0062,,20.6254,,,,,,,1.955
HB/bcsstk14/bcsstk14.mtx,dasp_half,main_reduced_precision,half,ok,3,,,,0.5630,0.0041,0.0041,,30.9155,,,,,,,1.315
HB/bcsstk14/bcsstk14.mtx,packsell_pack16,structural_related,half,ok,3,1806,1806,63454,,0.006344,0.006344,,20.0051,,,,,,0.000529109,2.554
HB/bcsstk14/bcsstk14.mtx,packsell_pack32,structural_related,float,ok,3,1806,1806,63454,,0.008489,0.008489,,14.9491,,,,,,2.55409e-07,2.746
HB/bcsstk14/bcsstk14.mtx,spaden_bitmap_float,structural_related,float,ok,3,1806,1806,63454,,0.0110,0.0110,,11.5242,149.14,57.9,,,,6.958923e-08,1.793
HB/bcsstk15/bcsstk15.mtx,cusparse_double,main,double,ok,5,3948,3948,117816,0.1388,0.0139,0.0139,0.0102,,,,,,,,1.334
HB/bcsstk15/bcsstk15.mtx,cusparse_float,main_float,float,ok,6,3948,3948,117816,0.1276,0.0088,0.0088,0.0072,,,,,,,,1.306
HB/bcsstk15/bcsstk15.mtx,dasp_double,main,double,ok,6,,,,1.2450,0.0062,0.0062,,38.2955,,,,,,,1.437
HB/bcsstk15/bcsstk15.mtx,dasp_half,main_reduced_precision,half,ok,6,,,,0.8550,0.0060,0.0060,,39.3968,,,,,,,1.687
HB/bcsstk15/bcsstk15.mtx,packsell_pack16,structural_related,half,ok,6,3948,3948,117816,,0.006293,0.006293,,37.4449,,,,,,0.000487561,1.893
HB/bcsstk15/bcsstk15.mtx,packsell_pack32,structural_related,float,ok,6,3948,3948,117816,,0.008412,0.008412,,28.013,,,,,,2.40902e-07,3.192
HB/bcsstk15/bcsstk15.mtx,spaden_bitmap_float,structural_related,float,ok,6,3948,3948,117816,,0.0144,0.0144,,16.3767,186.01,62.3,,,,1.451442e-07,1.454
HB/bcsstk16/bcsstk16.mtx,cusparse_double,main,double,ok,7,4884,4884,290378,0.1692,0.0162,0.0162,0.0123,,,,,,,,1.460
HB/bcsstk16/bcsstk16.mtx,cusparse_float,main_float,float,ok,3,4884,4884,290378,0.1179,0.0090,0.0090,0.0079,,,,,,,,1.566
HB/bcsstk16/bcsstk16.mtx,dasp_double,main,double,ok,3,,,,3.0500,0.0082,0.0082,,70.8066,,,,,,,1.958
HB/bcsstk16/bcsstk16.mtx,dasp_half,main_reduced_precision,half,ok,3,,,,1.7830,0.0061,0.0061,,94.4780,,,,,,,1.826
HB/bcsstk16/bcsstk16.mtx,packsell_pack16,structural_related,half,ok,3,4884,4884,290378,,0.044839,0.044839,,12.9521,,,,,,0.000509725,3.662
HB/bcsstk16/bcsstk16.mtx,packsell_pack32,structural_related,float,ok,3,4884,4884,290378,,0.012449,0.012449,,46.6504,,,,,,3.15328e-07,2.953
HB/bcsstk16/bcsstk16.mtx,spaden_bitmap_float,structural_related,float,ok,3,4884,4884,290378,,0.0131,0.0131,,44.4456,180.18,57.1,,,,4.474316e-07,2.503
HB/bcsstk19/bcsstk19.mtx,cusparse_double,main,double,ok,3,817,817,6853,0.1354,0.0132,0.0132,0.0116,,,,,,,,1.313
HB/bcsstk19/bcsstk19.mtx,cusparse_float,main_float,float,ok,4,817,817,6853,0.1399,0.0085,0.0085,0.0067,,,,,,,,1.738
HB/bcsstk19/bcsstk19.mtx,dasp_double,main,double,ok,4,,,,0.1210,0.0041,0.0041,,3.3405,,,,,,,1.722
HB/bcsstk19/bcsstk19.mtx,dasp_half,main_reduced_precision,half,ok,4,,,,0.1060,0.0055,0.0055,,2.4884,,,,,,,1.180
HB/bcsstk19/bcsstk19.mtx,packsell_pack16,structural_related,half,ok,4,817,817,6853,,0.004313,0.004313,,3.17791,,,,,,0.000450323,2.910
HB/bcsstk19/bcsstk19.mtx,packsell_pack32,structural_related,float,ok,4,817,817,6853,,0.004334,0.004334,,3.16266,,,,,,1.41929e-07,2.327
HB/bcsstk19/bcsstk19.mtx,spaden_bitmap_float,structural_related,float,ok,4,817,817,6853,,0.0071,0.0071,,1.9302,18.75,63.5,,,,4.451761e-08,2.358
HB/bcsstk22/bcsstk22.mtx,cusparse_double,main,double,ok,5,138,138,696,0.1338,0.0114,0.0114,0.0082,,,,,,,,0.808
HB/bcsstk22/bcsstk22.mtx,cusparse_float,main_float,float,ok,5,138,138,696,0.1377,0.0075,0.0075,0.0067,,,,,,,,1.315
HB/bcsstk22/bcsstk22.mtx,dasp_double,main,double,ok,5,,,,0.0210,0.0041,0.0041,,0.3423,,,,,,,1.801
HB/bcsstk22/bcsstk22.mtx,dasp_half,main_reduced_precision,half,ok,5,,,,0.0370,0.0064,0.0064,,0.2180,,,,,,,0.970
HB/bcsstk22/bcsstk22.mtx,packsell_pack16,structural_related,half,ok,5,138,138,696,,0.004262,0.004262,,0.326633,,,,,,0.000478663,2.975
HB/bcsstk22/bcsstk22.mtx,packsell_pack32,structural_related,float,ok,5,138,138,696,,0.003760,0.003760,,0.37018,,,,,,1.46599e-07,3.516
HB/bcsstk22/bcsstk22.mtx,spaden_bitmap_float,structural_related,float,ok,5,138,138,696,,0.0051,0.0051,,0.2720,14.94,71.3,,,,4.861009e-08,1.642
HB/bcsstk23/bcsstk23.mtx,cusparse_double,main,double,ok,5,3134,3134,45178,0.1482,0.0156,0.0156,0.0102,,,,,,,,1.289
HB/bcsstk23/bcsstk23.mtx,cusparse_float,main_float,float,ok,7,3134,3134,45178,0.1284,0.0090,0.0090,0.0072,,,,,,,,1.583
HB/bcsstk23/bcsstk23.mtx,dasp_double,main,double,ok,7,,,,0.5230,0.0061,0.0061,,14.6968,,,,,,,2.099
HB/bcsstk23/bcsstk23.mtx,dasp_half,main_reduced_precision,half,ok,7,,,,0.4960,0.0041,0.0041,,22.0112,,,,,,,1.487
HB/bcsstk23/bcsstk23.mtx,packsell_pack16,structural_related,half,ok,7,3134,3134,45178,,0.004392,0.004392,,20.5707,,,,,,0.000451662,3.414
HB/bcsstk23/bcsstk23.mtx,packsell_pack32,structural_related,float,ok,7,3134,3134,45178,,0.006371,0.006371,,14.1815,,,,,,1.8176e-07,2.058
HB/bcsstk23/bcsstk23.mtx,spaden_bitmap_float,structural_related,float,ok,7,3134,3134,45178,,0.0100,0.0100,,9.0221,8.70,67.5,,,,5.854479e-08,1.365
HB/bcsstk24/bcsstk24.mtx,cusparse_double,main,double,ok,2,3562,3562,159910,0.1370,0.0131,0.0131,0.0102,,,,,,,,1.285
HB/bcsstk24/bcsstk24.mtx,cusparse_float,main_float,float,ok,2,3562,3562,159910,0.1288,0.0087,0.0087,0.0077,,,,,,,,1.567
HB/bcsstk24/bcsstk24.mtx,dasp_double,main,double,ok,2,,,,1.2450,0.0062,0.0062,,51.9779,,,,,,,1.404
HB/bcsstk24/bcsstk24.mtx,dasp_half,main_reduced_precision,half,ok,2,,,,1.0070,0.0062,0.0062,,51.9948,,,,,,,1.686
HB/bcsstk24/bcsstk24.mtx,packsell_pack16,structural_related,half,ok,2,3562,3562,159910,,0.006416,0.006416,,49.8434,,,,,,0.00067487,2.528
HB/bcsstk24/bcsstk24.mtx,packsell_pack32,structural_related,float,ok,2,3562,3562,159910,,0.010402,0.010402,,30.7465,,,,,,4.18509e-07,3.080
HB/bcsstk24/bcsstk24.mtx,spaden_bitmap_float,structural_related,float,ok,2,3562,3562,159910,,0.0113,0.0113,,28.2327,58.86,55.8,,,,7.539814e-08,1.536
HB/bcsstk26/bcsstk26.mtx,cusparse_double,main,double,ok,1,1922,1922,30336,0.1351,0.0131,0.0131,0.0103,,,,,,,,0.403
HB/bcsstk26/bcsstk26.mtx,cusparse_float,main_float,float,ok,4,1922,1922,30336,0.1329,0.0085,0.0085,0.0068,,,,,,,,1.865
HB/bcsstk26/bcsstk26.mtx,dasp_double,main,double,ok,4,,,,0.2750,0.0061,0.0061,,9.8686,,,,,,,1.704
HB/bcsstk26/bcsstk26.mtx,dasp_half,main_reduced_precision,half,ok,4,,,,0.9560,0.0062,0.0062,,9.8558,,,,,,,1.634
HB/bcsstk26/bcsstk26.mtx,packsell_pack16,structural_related,half,ok,4,1922,1922,30336,,0.004306,0.004306,,14.091,,,,,,0.000447206,2.816
HB/bcsstk26/bcsstk26.mtx,packsell_pack32,structural_related,float,ok,4,1922,1922,30336,,0.006431,0.006431,,9.43416,,,,,,1.71267e-07,2.503
HB/bcsstk26/bcsstk26.mtx,spaden_bitmap_float,structural_related,float,ok,4,1922,1922,30336,,0.0093,0.0093,,6.5530,195.00,61.5,,,,1.932908e-07,1.858
HB/bcsstk28/bcsstk28.mtx,cusparse_double,main,double,ok,5,4410,4410,219024,0.1371,0.0141,0.0141,0.0102,,,,,,,,1.447
HB/bcsstk28/bcsstk28.mtx,cusparse_float,main_float,float,ok,2,4410,4410,219024,0.1417,0.0090,0.0090,0.0077,,,,,,,,1.708
HB/bcsstk28/bcsstk28.mtx,dasp_double,main,double,ok,2,,,,2.1100,0.0102,0.0102,,42.7698,,,,,,,1.503
HB/bcsstk28/bcsstk28.mtx,dasp_half,main_reduced_precision,half,ok,2,,,,1.6580,0.0062,0.0062,,71.1810,,,,,,,1.552
HB/bcsstk28/bcsstk28.mtx,packsell_pack16,structural_related,half,ok,2,4410,4410,219024,,0.008400,0.008400,,52.1515,,,,,,0.000694875,3.815
HB/bcsstk28/bcsstk28.mtx,packsell_pack32,structural_related,float,ok,2,4410,4410,219024,,0.012573,0.012573,,34.8411,,,,,,5.05711e-07,2.754
HB/bcsstk28/bcsstk28.mtx,spaden_bitmap_float,structural_related,float,ok,2,4410,4410,219024,,0.0137,0.0137,,32.0861,169.67,56.3,,,,6.933506e-06,1.480
HB/bcsstk33/bcsstk33.mtx,cusparse_double,main,double,ok,7,8738,8738,591904,0.1527,0.0164,0.0164,0.0102,,,,,,,,1.554
HB/bcsstk33/bcsstk33.mtx,cusparse_float,main_float,float,ok,3,8738,8738,591904,0.1301,0.0096,0.0096,0.0081,,,,,,,,1.463
HB/bcsstk33/bcsstk33.mtx,dasp_double,main,double,ok,3,,,,13.4200,0.0230,0.0230,,51.4722,,,,,,,1.584
HB/bcsstk33/bcsstk33.mtx,dasp_half,main_reduced_precision,half,ok,3,,,,6.7510,0.0102,0.0102,,115.7419,,,,,,,1.715
HB/bcsstk33/bcsstk33.mtx,packsell_pack16,structural_related,half,ok,3,8738,8738,591904,,0.010671,0.010671,,110.936,,,,,,0.00288956,2.741
HB/bcsstk33/bcsstk33.mtx,packsell_pack32,structural_related,float,ok,3,8738,8738,591904,,0.018700,0.018700,,63.3045,,,,,,1.65569e-06,2.850
HB/bcsstk33/bcsstk33.mtx,spaden_bitmap_float,structural_related,float,ok,3,8738,8738,591904,,0.0203,0.0203,,58.2369,36.47,58.8,,,,0.000000e+00,2.028
HB/bcsstm03/bcsstm03.mtx,cusparse_double,main,double,ok,6,112,112,72,0.1662,0.0116,0.0116,0.0082,,,,,,,,1.632
HB/bcsstm03/bcsstm03.mtx,cusparse_float,main_float,float,ok,7,112,112,72,0.1305,0.0074,0.0074,0.0061,,,,,,,,1.678
HB/bcsstm03/bcsstm03.mtx,dasp_double,main,double,ok,7,,,,0.0060,0.0060,0.0060,,0.0376,,,,,,,1.819
HB/bcsstm03/bcsstm03.mtx,dasp_half,main_reduced_precision,half,ok,7,,,,0.0060,0.0025,0.0025,,0.0898,,,,,,,1.618
HB/bcsstm03/bcsstm03.mtx,packsell_pack16,structural_related,half,ok,7,112,112,72,,0.003871,0.003871,,0.0371949,,,,,,0.000390261,2.833
HB/bcsstm03/bcsstm03.mtx,packsell_pack32,structural_related,float,ok,7,112,112,72,,0.002617,0.002617,,0.0550213,,,,,,7.80737e-08,2.595
HB/bcsstm03/bcsstm03.mtx,spaden_bitmap_float,structural_related,float,ok,7,112,112,112,,0.0049,0.0049,,0.0455,9.50,54.6,,,,0.000000e+00,1.447
HB/bcsstm07/bcsstm07.mtx,cusparse_double,main,double,ok,7,420,420,7252,0.1265,0.0119,0.0119,0.0102,,,,,,,,0.397
HB/bcsstm07/bcsstm07.mtx,cusparse_float,main_float,float,ok,6,420,420,7252,0.1275,0.0081,0.0081,0.0061,,,,,,,,1.713
HB/bcsstm07/bcsstm07.mtx,dasp_double,main,double,ok,6,,,,0.0850,0.0041,0.0041,,3.5341,,,,,,,1.723
HB/bcsstm07/bcsstm07.mtx,dasp_half,main_reduced_precision,half,ok,6,,,,0.0740,0.0062,0.0062,,2.3352,,,,,,,1.379
HB/bcsstm07/bcsstm07.mtx,packsell_pack16,structural_related,half,ok,6,420,420,7252,,0.004325,0.004325,,3.35345,,,,,,0.000682128,2.362
HB/bcsstm07/bcsstm07.mtx,packsell_pack32,structural_related,float,ok,6,420,420,7252,,0.006305,0.006305,,2.30029,,,,,,2.69281e-07,2.096
HB/bcsstm07/bcsstm07.mtx,spaden_bitmap_float,structural_related,float,ok,6,420,420,7252,,0.0070,0.0070,,2.0640,131.51,60.3,,,,2.566680e-07,2.363
HB/bcsstm08/bcsstm08.mtx,cusparse_double,main,double,ok,7,1074,1074,1074,0.1269,0.0128,0.0128,0.0102,,,,,,,,0.395
HB/bcsstm08/bcsstm08.mtx,cusparse_float,main_float,float,ok,7,1074,1074,1074,0.1366,0.0089,0.0089,0.0078,,,,,,,,1.642
HB/bcsstm08/bcsstm08.mtx,dasp_double,main,double,ok,7,,,,0.0200,0.0061,0.0061,,0.3514,,,,,,,1.895
HB/bcsstm08/bcsstm08.mtx,dasp_half,main_reduced_precision,half,ok,7,,,,0.0200,0.0072,0.0072,,0.2983,,,,,,,1.642
HB/bcsstm08/bcsstm08.mtx,packsell_pack16,structural_related,half,ok,7,1074,1074,1074,,0.004126,0.004126,,0.520551,,,,,,0.000394253,3.982
HB/bcsstm08/bcsstm08.mtx,packsell_pack32,structural_related,float,ok,7,1074,1074,1074,,0.002551,0.002551,,0.8421,,,,,,9.57968e-08,2.518
HB/bcsstm08/bcsstm08.mtx,spaden_bitmap_float,structural_related,float,ok,7,1074,1074,1074,,0.0046,0.0046,,0.4698,191.69,54.3,,,,0.000000e+00,1.832
HB/bcsstm10/bcsstm10.mtx,cusparse_double,main,double,ok,3,1086,1086,22092,0.1360,0.0154,0.0154,0.0102,,,,,,,,1.382
HB/bcsstm10/bcsstm10.mtx,cusparse_float,main_float,float,ok,6,1086,1086,22092,0.1330,0.0089,0.0089,0.0078,,,,,,,,2.094
HB/bcsstm10/bcsstm10.mtx,dasp_double,main,double,ok,6,,,,0.2230,0.0061,0.0061,,7.1879,,,,,,,1.363
HB/bcsstm10/bcsstm10.mtx,dasp_half,main_reduced_precision,half,ok,6,,,,0.1920,0.0041,0.0041,,10.7608,,,,,,,1.886
HB/bcsstm10/bcsstm10.mtx,packsell_pack16,structural_related,half,ok,6,1086,1086,22092,,0.004373,0.004373,,10.1049,,,,,,0.000646361,2.422
HB/bcsstm10/bcsstm10.mtx,packsell_pack32,structural_related,float,ok,6,1086,1086,22092,,0.006370,0.006370,,6.9363,,,,,,2.40954e-07,2.934
HB/bcsstm10/bcsstm10.mtx,spaden_bitmap_float,structural_related,float,ok,6,1086,1086,22092,,0.0091,0.0091,,4.8790,13.16,59.6,,,,1.864953e-07,1.331
HB/bcsstm11/bcsstm11.mtx,cusparse_double,main,double,ok,5,1473,1473,1473,0.1624,0.0158,0.0158,0.0123,,,,,,,,1.013
HB/bcsstm11/bcsstm11.mtx,cusparse_float,main_float,float,ok,3,1473,1473,1473,0.1328,0.0091,0.0091,0.0070,,,,,,,,1.930
HB/bcsstm11/bcsstm11.mtx,dasp_double,main,double,ok,3,,,,0.0260,0.0129,0.0129,,0.2290,,,,,,,1.750
HB/bcsstm11/bcsstm11.mtx,dasp_half,main_reduced_precision,half,ok,3,,,,0.0210,0.0025,0.0025,,1.1658,,,,,,,1.769
HB/bcsstm11/bcsstm11.mtx,packsell_pack16,structural_related,half,ok,3,1473,1473,1473,,0.003317,0.003317,,0.888045,,,,,,0.000348371,2.663
HB/bcsstm11/bcsstm11.mtx,packsell_pack32,structural_related,float,ok,3,1473,1473,1473,,0.002798,0.002798,,1.05284,,,,,,5.05233e-08,2.824
HB/bcsstm11/bcsstm11.mtx,spaden_bitmap_float,structural_related,float,ok,3,1473,1473,1473,,0.0042,0.0042,,0.7010,135.15,54.3,,,,0.000000e+00,1.606
HB/bcsstm13/bcsstm13.mtx,cusparse_double,main,double,ok,7,2003,2003,21181,0.1483,0.0174,0.0174,0.0144,,,,,,,,0.683
HB/bcsstm13/bcsstm13.mtx,cusparse_float,main_float,float,ok,5,2003,2003,21181,0.1255,0.0099,0.0099,0.0081,,,,,,,,1.465
HB/bcsstm13/bcsstm13.mtx,dasp_double,main,double,ok,5,,,,0.3150,0.0082,0.0082,,5.3539,,,,,,,1.092
HB/bcsstm13/bcsstm13.mtx,dasp_half,main_reduced_precision,half,ok,5,,,,0.1690,0.0061,0.0061,,7.1394,,,,,,,1.517
HB/bcsstm13/bcsstm13.mtx,packsell_pack16,structural_related,half,ok,5,2003,2003,21181,,0.006393,0.006393,,6.626,,,,,,0.000449135,2.152
HB/bcsstm13/bcsstm13.mtx,packsell_pack32,structural_related,float,ok,5,2003,2003,21181,,0.010551,0.010551,,4.01495,,,,,,1.69657e-07,4.339
HB/bcsstm13/bcsstm13.mtx,spaden_bitmap_float,structural_related,float,ok,5,2003,2003,21943,,0.0175,0.0175,,2.5064,55.28,73.6,,,,1.203669e-08,1.567
HB/bcsstm19/bcsstm19.mtx,cusparse_double,main,double,ok,7,817,817,817,0.1259,0.0125,0.0125,0.0102,,,,,,,,0.395
HB/bcsstm19/bcsstm19.mtx,cusparse_float,main_float,float,ok,3,817,817,817,0.1376,0.0076,0.0076,0.0061,,,,,,,,1.592
HB/bcsstm19/bcsstm19.mtx,dasp_double,main,double,ok,3,,,,0.0160,0.0033,0.0033,,0.4962,,,,,,,1.796
HB/bcsstm19/bcsstm19.mtx,dasp_half,main_reduced_precision,half,ok,3,,,,0.0130,0.0056,0.0056,,0.2925,,,,,,,1.678
HB/bcsstm19/bcsstm19.mtx,packsell_pack16,structural_related,half,ok,3,817,817,817,,0.003668,0.003668,,0.445519,,,,,,0.000411724,1.913
HB/bcsstm19/bcsstm19.mtx,packsell_pack32,structural_related,float,ok,3,817,817,817,,0.002490,0.002490,,0.656146,,,,,,1.03754e-07,2.502
HB/bcsstm19/bcsstm19.mtx,spaden_bitmap_float,structural_related,float,ok,3,817,817,817,,0.0042,0.0042,,0.3893,26.81,54.4,,,,0.000000e+00,1.987
HB/bcsstm20/bcsstm20.mtx,cusparse_double,main,double,ok,2,485,485,485,0.1563,0.0158,0.0158,0.0112,,,,,,,,0.913
HB/bcsstm20/bcsstm20.mtx,cusparse_float,main_float,float,ok,6,485,485,485,0.1325,0.0076,0.0076,0.0061,,,,,,,,1.535
HB/bcsstm20/bcsstm20.mtx,dasp_double,main,double,ok,6,,,,0.0100,0.0023,0.0023,,0.4288,,,,,,,1.027
HB/bcsstm20/bcsstm20.mtx,dasp_half,main_reduced_precision,half,ok,6,,,,0.0100,0.0030,0.0030,,0.3222,,,,,,,1.451
HB/bcsstm20/bcsstm20.mtx,packsell_pack16,structural_related,half,ok,6,485,485,485,,0.002793,0.002793,,0.347313,,,,,,0.000378575,3.047
HB/bcsstm20/bcsstm20.mtx,packsell_pack32,structural_related,float,ok,6,485,485,485,,0.003311,0.003311,,0.292998,,,,,,1.0387e-07,2.744
HB/bcsstm20/bcsstm20.mtx,spaden_bitmap_float,structural_related,float,ok,6,485,485,485,,0.0040,0.0040,,0.2398,22.24,54.4,,,,0.000000e+00,1.659
HB/bcsstm21/bcsstm21.mtx,cusparse_double,main,double,ok,5,3600,3600,3600,0.1271,0.0140,0.0140,0.0123,,,,,,,,1.384
HB/bcsstm21/bcsstm21.mtx,cusparse_float,main_float,float,ok,6,3600,3600,3600,0.1348,0.0104,0.0104,0.0082,,,,,,,,1.570
HB/bcsstm21/bcsstm21.mtx,dasp_double,main,double,ok,6,,,,0.0490,0.0026,0.0026,,2.7650,,,,,,,1.698
HB/bcsstm21/bcsstm21.mtx,dasp_half,main_reduced_precision,half,ok,6,,,,0.0370,0.0030,0.0030,,2.4121,,,,,,,1.662
HB/bcsstm21/bcsstm21.mtx,packsell_pack16,structural_related,half,ok,6,3600,3600,3600,,0.003627,0.003627,,1.98497,,,,,,0.000675058,4.160
HB/bcsstm21/bcsstm21.mtx,packsell_pack32,structural_related,float,ok,6,3600,3600,3600,,0.004047,0.004047,,1.77904,,,,,,5.16003e-08,4.134
HB/bcsstm21/bcsstm21.mtx,spaden_bitmap_float,structural_related,float,ok,6,3600,3600,3600,,0.0045,0.0045,,1.5890,26.37,54.2,,,,0.000000e+00,1.505
HB/bcsstm23/bcsstm23.mtx,cusparse_double,main,double,ok,3,3134,3134,3134,0.1352,0.0138,0.0138,0.0123,,,,,,,,1.307
HB/bcsstm23/bcsstm23.mtx,cusparse_float,main_float,float,ok,4,3134,3134,3134,0.1299,0.0093,0.0093,0.0079,,,,,,,,2.013
HB/bcsstm23/bcsstm23.mtx,dasp_double,main,double,ok,4,,,,0.0530,0.0028,0.0028,,2.2211,,,,,,,1.372
HB/bcsstm23/bcsstm23.mtx,dasp_half,main_reduced_precision,half,ok,4,,,,0.0360,0.0023,0.0023,,2.7833,,,,,,,1.029
HB/bcsstm23/bcsstm23.mtx,packsell_pack16,structural_related,half,ok,4,3134,3134,3134,,0.002618,0.002618,,2.39416,,,,,,0.000432266,3.231
HB/bcsstm23/bcsstm23.mtx,packsell_pack32,structural_related,float,ok,4,3134,3134,3134,,0.002828,0.002828,,2.21656,,,,,,1.09311e-07,2.743
HB/bcsstm23/bcsstm23.mtx,spaden_bitmap_float,structural_related,float,ok,4,3134,3134,3134,,0.0048,0.0048,,1.3018,52.95,54.2,,,,0.000000e+00,1.437
HB/bcsstm24/bcsstm24.mtx,cusparse_double,main,double,ok,5,3562,3562,3562,0.1262,0.0140,0.0140,0.0123,,,,,,,,1.670
HB/bcsstm24/bcsstm24.mtx,cusparse_float,main_float,float,ok,4,3562,3562,3562,0.1370,0.0102,0.0102,0.0082,,,,,,,,1.529
HB/bcsstm24/bcsstm24.mtx,dasp_double,main,double,ok,4,,,,0.0550,0.0031,0.0031,,2.2855,,,,,,,1.678
HB/bcsstm24/bcsstm24.mtx,dasp_half,main_reduced_precision,half,ok,4,,,,0.0350,0.0026,0.0026,,2.7926,,,,,,,1.400
HB/bcsstm24/bcsstm24.mtx,packsell_pack16,structural_related,half,ok,4,3562,3562,3562,,0.002753,0.002753,,2.58757,,,,,,0.000453581,2.390
HB/bcsstm24/bcsstm24.mtx,packsell_pack32,structural_related,float,ok,4,3562,3562,3562,,0.003507,0.003507,,2.03123,,,,,,1.11148e-07,1.830
HB/bcsstm24/bcsstm24.mtx,spaden_bitmap_float,structural_related,float,ok,4,3562,3562,3562,,0.0046,0.0046,,1.5389,47.90,54.2,,,,0.000000e+00,1.624
HB/bcsstm25/bcsstm25.mtx,cusparse_double,main,double,ok,5,15439,15439,15439,0.1398,0.0166,0.0166,0.0143,,,,,,,,1.228
HB/bcsstm25/bcsstm25.mtx,cusparse_float,main_float,float,ok,2,15439,15439,15439,0.1339,0.0098,0.0098,0.0083,,,,,,,,1.456
HB/bcsstm25/bcsstm25.mtx,dasp_double,main,double,ok,2,,,,0.1610,0.0030,0.0030,,10.2009,,,,,,,1.222
HB/bcsstm25/bcsstm25.mtx,dasp_half,main_reduced_precision,half,ok,2,,,,0.1280,0.0027,0.0027,,11.3983,,,,,,,1.833
HB/bcsstm25/bcsstm25.mtx,packsell_pack16,structural_related,half,ok,2,15439,15439,15439,,0.003093,0.003093,,9.98168,,,,,,0.000456878,2.388
HB/bcsstm25/bcsstm25.mtx,packsell_pack32,structural_related,float,ok,2,15439,15439,15439,,0.003712,0.003712,,8.31746,,,,,,1.14149e-07,4.283
HB/bcsstm25/bcsstm25.mtx,spaden_bitmap_float,structural_related,float,ok,2,15439,15439,15439,,0.0042,0.0042,,7.4398,24.27,54.2,,,,0.000000e+00,1.787
HB/bcsstm26/bcsstm26.mtx,cusparse_double,main,double,ok,1,1922,1922,1922,0.1494,0.0143,0.0143,0.0102,,,,,,,,0.404
HB/bcsstm26/bcsstm26.mtx,cusparse_float,main_float,float,ok,7,1922,1922,1922,0.1358,0.0090,0.0090,0.0072,,,,,,,,1.669
HB/bcsstm26/bcsstm26.mtx,dasp_double,main,double,ok,7,,,,0.0320,0.0054,0.0054,,0.7126,,,,,,,1.638
HB/bcsstm26/bcsstm26.mtx,dasp_half,main_reduced_precision,half,ok,7,,,,0.0230,0.0031,0.0031,,1.2436,,,,,,,1.499
HB/bcsstm26/bcsstm26.mtx,packsell_pack16,structural_related,half,ok,7,1922,1922,1922,,0.002735,0.002735,,1.40571,,,,,,0.000398807,2.893
HB/bcsstm26/bcsstm26.mtx,packsell_pack32,structural_related,float,ok,7,1922,1922,1922,,0.002911,0.002911,,1.32043,,,,,,1.29362e-07,2.539
HB/bcsstm26/bcsstm26.mtx,spaden_bitmap_float,structural_related,float,ok,7,1922,1922,1922,,0.0045,0.0045,,0.8558,108.46,54.3,,,,0.000000e+00,1.466
HB/blckhole/blckhole.mtx,cusparse_double,main,double,ok,5,2132,2132,14872,0.1366,0.0137,0.0137,0.0123,,,,,,,,1.616
HB/blckhole/blckhole.mtx,cusparse_float,main_float,float,ok,3,2132,2132,14872,0.1290,0.0082,0.0082,0.0067,,,,,,,,1.649
HB/blckhole/blckhole.mtx,dasp_double,main,double,ok,3,,,,0.1850,0.0041,0.0041,,7.2476,,,,,,,1.135
HB/blckhole/blckhole.mtx,dasp_half,main_reduced_precision,half,ok,3,,,,0.2390,0.0041,0.0041,,7.2529,,,,,,,1.401
HB/blckhole/blckhole.mtx,packsell_pack16,structural_related,half,ok,3,2132,2132,14872,,0.004173,0.004173,,7.12761,,,,,,0.000487157,2.517
HB/blckhole/blckhole.mtx,packsell_pack32,structural_related,float,ok,3,2132,2132,14872,,0.004370,0.004370,,6.80672,,,,,,1.96776e-07,2.363
HB/blckhole/blckhole.mtx,spaden_bitmap_float,structural_related,float,ok,3,2132,2132,14872,,0.0072,0.0072,,4.1311,29.81,74.6,,,,0.000000e+00,1.643
HB/bp_0/bp_0.mtx,cusparse_double,main,double,ok,2,822,822,3276,0.1599,0.0172,0.0172,0.0133,,,,,,,,1.341
HB/bp_0/bp_0.mtx,cusparse_float,main_float,float,ok,3,822,822,3276,0.1275,0.0079,0.0079,0.0061,,,,,,,,1.667
HB/bp_0/bp_0.mtx,dasp_double,main,double,ok,3,,,,0.0680,0.0181,0.0181,,0.3626,,,,,,,1.670
HB/bp_0/bp_0.mtx,dasp_half,main_reduced_precision,half,ok,3,,,,0.0640,0.0061,0.0061,,1.0657,,,,,,,1.456
HB/bp_0/bp_0.mtx,packsell_pack16,structural_related,half,ok,3,822,822,3276,,0.016641,0.016641,,0.393733,,,,,,0.000369822,2.515
HB/bp_0/bp_0.mtx,packsell_pack32,structural_related,float,ok,3,822,822,3276,,0.030984,0.030984,,0.211464,,,,,,1.13577e-07,1.993
HB/bp_0/bp_0.mtx,spaden_bitmap_float,structural_related,float,ok,3,822,822,3276,,0.0131,0.0131,,0.4996,37.53,93.6,,,,5.066181e-08,1.605
HB/bp_1000/bp_1000.mtx,cusparse_double,main,double,ok,4,822,822,4661,0.1359,0.0138,0.0138,0.0123,,,,,,,,1.673
HB/bp_1000/bp_1000.mtx,cusparse_float,main_float,float,ok,6,822,822,4661,0.1342,0.0080,0.0080,0.0061,,,,,,,,1.769
HB/bp_1000/bp_1000.mtx,dasp_double,main,double,ok,6,,,,0.0860,0.0169,0.0169,,0.5500,,,,,,,1.371
HB/bp_1000/bp_1000.mtx,dasp_half,main_reduced_precision,half,ok,6,,,,0.0960,0.0062,0.0062,,1.5148,,,,,,,1.444
HB/bp_1000/bp_1000.mtx,packsell_pack16,structural_related,half,ok,6,822,822,4661,,0.018573,0.018573,,0.501912,,,,,,0.000385043,2.694
HB/bp_1000/bp_1000.mtx,packsell_pack32,structural_related,float,ok,6,822,822,4661,,0.035053,0.035053,,0.265941,,,,,,1.20004e-07,1.900
HB/bp_1000/bp_1000.mtx,spaden_bitmap_float,structural_related,float,ok,6,822,822,4661,,0.0174,0.0174,,0.5364,53.79,121.2,,,,1.017667e-07,2.018
HB/bp_1200/bp_1200.mtx,cusparse_double,main,double,ok,3,822,822,4726,0.1291,0.0146,0.0146,0.0102,,,,,,,,1.283
HB/bp_1200/bp_1200.mtx,cusparse_float,main_float,float,ok,2,822,822,4726,0.1324,0.0079,0.0079,0.0061,,,,,,,,1.642
HB/bp_1200/bp_1200.mtx,dasp_double,main,double,ok,2,,,,0.0940,0.0164,0.0164,,0.5768,,,,,,,1.318
HB/bp_1200/bp_1200.mtx,dasp_half,main_reduced_precision,half,ok,2,,,,0.0770,0.0071,0.0071,,1.3339,,,,,,,1.815
HB/bp_1200/bp_1200.mtx,packsell_pack16,structural_related,half,ok,2,822,822,4726,,0.018736,0.018736,,0.504475,,,,,,0.000391144,1.917
HB/bp_1200/bp_1200.mtx,packsell_pack32,structural_related,float,ok,2,822,822,4726,,0.035100,0.035100,,0.269289,,,,,,1.23511e-07,2.499
HB/bp_1200/bp_1200.mtx,spaden_bitmap_float,structural_related,float,ok,2,822,822,4726,,0.0193,0.0193,,0.4888,89.11,123.0,,,,7.334672e-08,2.079
HB/bp_1400/bp_1400.mtx,cusparse_double,main,double,ok,2,822,822,4790,0.1410,0.0142,0.0142,0.0102,,,,,,,,1.853
HB/bp_1400/bp_1400.mtx,cusparse_float,main_float,float,ok,2,822,822,4790,0.1318,0.0081,0.0081,0.0061,,,,,,,,1.783
HB/bp_1400/bp_1400.mtx,dasp_double,main,double,ok,2,,,,0.0760,0.0164,0.0164,,0.5841,,,,,,,1.037
HB/bp_1400/bp_1400.mtx,dasp_half,main_reduced_precision,half,ok,2,,,,0.0840,0.0062,0.0062,,1.5570,,,,,,,1.818
HB/bp_1400/bp_1400.mtx,packsell_pack16,structural_related,half,ok,2,822,822,4790,,0.018764,0.018764,,0.51055,,,,,,0.000395817,3.076
HB/bp_1400/bp_1400.mtx,packsell_pack32,structural_related,float,ok,2,822,822,4790,,0.035114,0.035114,,0.272826,,,,,,1.18302e-07,2.808
HB/bp_1400/bp_1400.mtx,spaden_bitmap_float,structural_related,float,ok,2,822,822,4790,,0.0193,0.0193,,0.4961,8.83,124.6,,,,5.360394e-08,1.787
HB/bp_1600/bp_1600.mtx,cusparse_double,main,double,ok,4,822,822,4841,0.1385,0.0140,0.0140,0.0123,,,,,,,,1.274
HB/bp_1600/bp_1600.mtx,cusparse_float,main_float,float,ok,3,822,822,4841,0.1464,0.0077,0.0077,0.0060,,,,,,,,1.682
HB/bp_1600/bp_1600.mtx,dasp_double,main,double,ok,3,,,,0.1230,0.0144,0.0144,,0.6743,,,,,,,1.778
HB/bp_1600/bp_1600.mtx,dasp_half,main_reduced_precision,half,ok,3,,,,0.1050,0.0100,0.0100,,0.9660,,,,,,,1.575
HB/bp_1600/bp_1600.mtx,packsell_pack16,structural_related,half,ok,3,822,822,4841,,0.018579,0.018579,,0.521123,,,,,,0.000392466,3.976
HB/bp_1600/bp_1600.mtx,packsell_pack32,structural_related,float,ok,3,822,822,4841,,0.033035,0.033035,,0.293082,,,,,,1.25816e-07,2.598
HB/bp_1600/bp_1600.mtx,spaden_bitmap_float,structural_related,float,ok,3,822,822,4841,,0.0174,0.0174,,0.5556,27.82,126.1,,,,5.171603e-08,1.340
HB/bp_200/bp_200.mtx,cusparse_double,main,double,ok,6,822,822,3802,0.1423,0.0125,0.0125,0.0118,,,,,,,,1.465
HB/bp_200/bp_200.mtx,cusparse_float,main_float,float,ok,5,822,822,3802,0.1429,0.0080,0.0080,0.0061,,,,,,,,1.566
HB/bp_200/bp_200.mtx,dasp_double,main,double,ok,5,,,,0.0920,0.0164,0.0164,,0.4638,,,,,,,1.250
HB/bp_200/bp_200.mtx,dasp_half,main_reduced_precision,half,ok,5,,,,0.0630,0.0072,0.0072,,1.0620,,,,,,,2.087
HB/bp_200/bp_200.mtx,packsell_pack16,structural_related,half,ok,5,822,822,3802,,0.063017,0.063017,,0.120666,,,,,,0.000379333,2.620
HB/bp_200/bp_200.mtx,packsell_pack32,structural_related,float,ok,5,822,822,3802,,0.032349,0.032349,,0.235061,,,,,,1.07755e-07,3.412
HB/bp_200/bp_200.mtx,spaden_bitmap_float,structural_related,float,ok,5,822,822,3802,,0.0472,0.0472,,0.1612,45.58,104.1,,,,3.915689e-08,1.863
HB/bp_400/bp_400.mtx,cusparse_double,main,double,ok,5,822,822,4028,0.1652,0.0163,0.0163,0.0123,,,,,,,,0.927
HB/bp_400/bp_400.mtx,cusparse_float,main_float,float,ok,4,822,822,4028,0.1308,0.0080,0.0080,0.0067,,,,,,,,1.499
HB/bp_400/bp_400.mtx,dasp_double,main,double,ok,4,,,,0.0620,0.0164,0.0164,,0.4912,,,,,,,1.165
HB/bp_400/bp_400.mtx,dasp_half,main_reduced_precision,half,ok,4,,,,0.0760,0.0066,0.0066,,1.2164,,,,,,,1.288
HB/bp_400/bp_400.mtx,packsell_pack16,structural_related,half,ok,4,822,822,4028,,0.018705,0.018705,,0.430684,,,,,,0.000396801,3.061
HB/bp_400/bp_400.mtx,packsell_pack32,structural_related,float,ok,4,822,822,4028,,0.035199,0.035199,,0.228869,,,,,,1.12141e-07,2.495
HB/bp_400/bp_400.mtx,spaden_bitmap_float,structural_related,float,ok,4,822,822,4028,,0.0186,0.0186,,0.4325,160.04,109.1,,,,4.410790e-08,1.897
HB/bp_600/bp_600.mtx,cusparse_double,main,double,ok,2,822,822,4172,0.1340,0.0137,0.0137,0.0102,,,,,,,,1.559
HB/bp_600/bp_600.mtx,cusparse_float,main_float,float,ok,5,822,822,4172,0.1315,0.0080,0.0080,0.0061,,,,,,,,1.733
HB/bp_600/bp_600.mtx,dasp_double,main,double,ok,5,,,,0.0760,0.0225,0.0225,,0.3714,,,,,,,1.726
HB/bp_600/bp_600.mtx,dasp_half,main_reduced_precision,half,ok,5,,,,0.0630,0.0062,0.0062,,1.3563,,,,,,,1.005
HB/bp_600/bp_600.mtx,packsell_pack16,structural_related,half,ok,5,822,822,4172,,0.018624,0.018624,,0.448023,,,,,,0.000371748,2.582
HB/bp_600/bp_600.mtx,packsell_pack32,structural_related,float,ok,5,822,822,4172,,0.033810,0.033810,,0.24679,,,,,,1.12501e-07,2.445
HB/bp_600/bp_600.mtx,spaden_bitmap_float,structural_related,float,ok,5,822,822,4172,,0.0176,0.0176,,0.4753,12.83,114.4,,,,6.641233e-08,1.919
HB/bp_800/bp_800.mtx,cusparse_double,main,double,ok,4,822,822,4534,0.1417,0.0136,0.0136,0.0123,,,,,,,,1.421
HB/bp_800/bp_800.mtx,cusparse_float,main_float,float,ok,6,822,822,4534,0.1462,0.0081,0.0081,0.0058,,,,,,,,1.673
HB/bp_800/bp_800.mtx,dasp_double,main,double,ok,6,,,,0.0880,0.0164,0.0164,,0.5534,,,,,,,1.784
HB/bp_800/bp_800.mtx,dasp_half,main_reduced_precision,half,ok,6,,,,0.0790,0.0062,0.0062,,1.4742,,,,,,,1.383
HB/bp_800/bp_800.mtx,packsell_pack16,structural_related,half,ok,6,822,822,4534,,0.018643,0.018643,,0.486395,,,,,,0.000407306,2.657
HB/bp_800/bp_800.mtx,packsell_pack32,structural_related,float,ok,6,822,822,4534,,0.035075,0.035075,,0.258534,,,,,,1.41368e-07,3.189
HB/bp_800/bp_800.mtx,spaden_bitmap_float,structural_related,float,ok,6,822,822,4534,,0.0176,0.0176,,0.5161,64.03,118.6,,,,7.519145e-08,1.626
HB/can_144/can_144.mtx,cusparse_double,main,double,ok,1,144,144,1296,0.1366,0.0116,0.0116,0.0082,,,,,,,,0.400
HB/can_144/can_144.mtx,cusparse_float,main_float,float,ok,7,144,144,1296,0.1400,0.0080,0.0080,0.0065,,,,,,,,1.580
HB/can_144/can_144.mtx,dasp_double,main,double,ok,7,,,,0.0210,0.0041,0.0041,,0.6319,,,,,,,1.402
HB/can_144/can_144.mtx,dasp_half,main_reduced_precision,half,ok,7,,,,0.0210,0.0041,0.0041,,0.6322,,,,,,,1.531
HB/can_144/can_144.mtx,packsell_pack16,structural_related,half,ok,7,144,144,1296,,0.003380,0.003380,,0.766758,,,,,,0.00151212,1.951
HB/can_144/can_144.mtx,packsell_pack32,structural_related,float,ok,7,144,144,1296,,0.004393,0.004393,,0.590056,,,,,,5.82229e-07,4.077
HB/can_144/can_144.mtx,spaden_bitmap_float,structural_related,float,ok,7,144,144,1296,,0.0068,0.0068,,0.3786,11.99,63.0,,,,0.000000e+00,1.102
HB/can_161/can_161.mtx,cusparse_double,main,double,ok,7,161,161,1377,0.1138,0.0112,0.0112,0.0082,,,,,,,,0.396
HB/can_161/can_161.mtx,cusparse_float,main_float,float,ok,5,161,161,1377,0.1499,0.0078,0.0078,0.0064,,,,,,,,1.764
HB/can_161/can_161.mtx,dasp_double,main,double,ok,5,,,,0.0210,0.0041,0.0041,,0.6707,,,,,,,1.095
HB/can_161/can_161.mtx,dasp_half,main_reduced_precision,half,ok,5,,,,0.0320,0.0048,0.0048,,0.5713,,,,,,,1.795
HB/can_161/can_161.mtx,packsell_pack16,structural_related,half,ok,5,161,161,1377,,0.003428,0.003428,,0.803446,,,,,,0.00151676,4.269
HB/can_161/can_161.mtx,packsell_pack32,structural_related,float,ok,5,161,161,1377,,0.004366,0.004366,,0.63074,,,,,,5.22079e-07,2.811
HB/can_161/can_161.mtx,spaden_bitmap_float,structural_related,float,ok,5,161,161,1377,,0.0072,0.0072,,0.3826,33.67,64.1,,,,0.000000e+00,1.614
HB/can_187/can_187.mtx,cusparse_double,main,double,ok,4,187,187,1491,0.1486,0.0123,0.0123,0.0102,,,,,,,,1.607
HB/can_187/can_187.mtx,cusparse_float,main_float,float,ok,6,187,187,1491,0.1390,0.0079,0.0079,0.0065,,,,,,,,1.544
HB/can_187/can_187.mtx,dasp_double,main,double,ok,6,,,,0.0280,0.0041,0.0041,,0.7280,,,,,,,1.861
HB/can_187/can_187.mtx,dasp_half,main_reduced_precision,half,ok,6,,,,0.0270,0.0041,0.0041,,0.7277,,,,,,,1.452
HB/can_187/can_187.mtx,packsell_pack16,structural_related,half,ok,6,187,187,1491,,0.003501,0.003501,,0.851781,,,,,,0.00138274,2.702
HB/can_187/can_187.mtx,packsell_pack32,structural_related,float,ok,6,187,187,1491,,0.003459,0.003459,,0.862107,,,,,,5.63154e-07,3.932
HB/can_187/can_187.mtx,spaden_bitmap_float,structural_related,float,ok,6,187,187,1491,,0.0071,0.0071,,0.4204,29.50,70.6,,,,0.000000e+00,1.535
HB/can_229/can_229.mtx,cusparse_double,main,double,ok,4,229,229,1777,0.1335,0.0120,0.0120,0.0100,,,,,,,,1.737
HB/can_229/can_229.mtx,cusparse_float,main_float,float,ok,6,229,229,1777,0.1346,0.0082,0.0082,0.0065,,,,,,,,1.554
HB/can_229/can_229.mtx,dasp_double,main,double,ok,6,,,,0.0310,0.0041,0.0041,,0.8662,,,,,,,1.028
HB/can_229/can_229.mtx,dasp_half,main_reduced_precision,half,ok,6,,,,0.0370,0.0041,0.0041,,0.8687,,,,,,,1.626
HB/can_229/can_229.mtx,packsell_pack16,structural_related,half,ok,6,229,229,1777,,0.003517,0.003517,,1.01061,,,,,,0.000865595,3.032
HB/can_229/can_229.mtx,packsell_pack32,structural_related,float,ok,6,229,229,1777,,0.004385,0.004385,,0.810552,,,,,,3.36972e-07,3.470
HB/can_229/can_229.mtx,spaden_bitmap_float,structural_related,float,ok,6,229,229,1777,,0.0072,0.0072,,0.4914,17.48,73.9,,,,0.000000e+00,1.674
HB/can_24/can_24.mtx,cusparse_double,main,double,ok,7,24,24,160,0.1313,0.0115,0.0115,0.0082,,,,,,,,0.395
HB/can_24/can_24.mtx,cusparse_float,main_float,float,ok,4,24,24,160,0.1466,0.0092,0.0092,0.0076,,,,,,,,1.621
HB/can_24/can_24.mtx,dasp_double,main,double,ok,4,,,,0.0130,0.0041,0.0041,,0.0780,,,,,,,1.999
HB/can_24/can_24.mtx,dasp_half,main_reduced_precision,half,ok,4,,,,0.0090,0.0041,0.0041,,0.0780,,,,,,,1.255
HB/can_24/can_24.mtx,packsell_pack16,structural_related,half,ok,4,24,24,160,,0.003104,0.003104,,0.103097,,,,,,0.000958057,2.761
HB/can_24/can_24.mtx,packsell_pack32,structural_related,float,ok,4,24,24,160,,0.003468,0.003468,,0.0922846,,,,,,2.88161e-07,2.054
HB/can_24/can_24.mtx,spaden_bitmap_float,structural_related,float,ok,4,24,24,160,,0.0043,0.0043,,0.0741,12.74,58.3,,,,0.000000e+00,1.555
HB/can_256/can_256.mtx,cusparse_double,main,double,ok,5,256,256,2916,0.1293,0.0120,0.0120,0.0102,,,,,,,,0.767
HB/can_256/can_256.mtx,cusparse_float,main_float,float,ok,5,256,256,2916,0.1352,0.0079,0.0079,0.0047,,,,,,,,1.426
HB/can_256/can_256.mtx,dasp_double,main,double,ok,5,,,,0.0630,0.0102,0.0102,,0.5690,,,,,,,1.391
HB/can_256/can_256.mtx,dasp_half,main_reduced_precision,half,ok,5,,,,0.0440,0.0061,0.0061,,0.9488,,,,,,,1.516
HB/can_256/can_256.mtx,packsell_pack16,structural_related,half,ok,5,256,256,2916,,0.006410,0.006410,,0.909767,,,,,,0.00111597,3.046
HB/can_256/can_256.mtx,packsell_pack32,structural_related,float,ok,5,256,256,2916,,0.010513,0.010513,,0.554761,,,,,,4.00152e-07,2.757
HB/can_256/can_256.mtx,spaden_bitmap_float,structural_related,float,ok,5,256,256,2916,,0.0131,0.0131,,0.4436,23.36,76.8,,,,0.000000e+00,1.620
HB/can_268/can_268.mtx,cusparse_double,main,double,ok,2,268,268,3082,0.1584,0.0159,0.0159,0.0102,,,,,,,,0.963
HB/can_268/can_268.mtx,cusparse_float,main_float,float,ok,2,268,268,3082,0.1360,0.0081,0.0081,0.0067,,,,,,,,1.653
HB/can_268/can_268.mtx,dasp_double,main,double,ok,2,,,,0.0930,0.0061,0.0061,,1.0026,,,,,,,1.943
HB/can_268/can_268.mtx,dasp_half,main_reduced_precision,half,ok,2,,,,0.0480,0.0041,0.0041,,1.5016,,,,,,,1.960
HB/can_268/can_268.mtx,packsell_pack16,structural_related,half,ok,2,268,268,3082,,0.004474,0.004474,,1.37776,,,,,,0.00124627,2.499
HB/can_268/can_268.mtx,packsell_pack32,structural_related,float,ok,2,268,268,3082,,0.006376,0.006376,,0.96672,,,,,,4.14081e-07,2.709
HB/can_268/can_268.mtx,spaden_bitmap_float,structural_related,float,ok,2,268,268,3082,,0.0112,0.0112,,0.5495,13.70,76.2,,,,0.000000e+00,1.626
HB/can_292/can_292.mtx,cusparse_double,main,double,ok,2,292,292,2540,0.1533,0.0160,0.0160,0.0133,,,,,,,,0.909
HB/can_292/can_292.mtx,cusparse_float,main_float,float,ok,7,292,292,2540,0.1287,0.0081,0.0081,0.0061,,,,,,,,1.638
HB/can_292/can_292.mtx,dasp_double,main,double,ok,7,,,,0.0630,0.0062,0.0062,,0.8253,,,,,,,2.420
HB/can_292/can_292.mtx,dasp_half,main_reduced_precision,half,ok,7,,,,0.0490,0.0114,0.0114,,0.4441,,,,,,,1.697
HB/can_292/can_292.mtx,packsell_pack16,structural_related,half,ok,7,292,292,2540,,0.006248,0.006248,,0.812999,,,,,,0.00116277,3.441
HB/can_292/can_292.mtx,packsell_pack32,structural_related,float,ok,7,292,292,2540,,0.008369,0.008369,,0.607024,,,,,,4.40162e-07,3.706
HB/can_292/can_292.mtx,spaden_bitmap_float,structural_related,float,ok,7,292,292,2540,,0.2045,0.2045,,0.0248,24.07,73.8,,,,0.000000e+00,1.844
HB/can_445/can_445.mtx,cusparse_double,main,double,ok,2,445,445,3809,0.1572,0.0160,0.0160,0.0123,,,,,,,,0.872
HB/can_445/can_445.mtx,cusparse_float,main_float,float,ok,5,445,445,3809,0.1295,0.0078,0.0078,0.0061,,,,,,,,1.491
HB/can_445/can_445.mtx,dasp_double,main,double,ok,5,,,,0.0500,0.0041,0.0041,,1.8576,,,,,,,1.708
HB/can_445/can_445.mtx,dasp_half,main_reduced_precision,half,ok,5,,,,0.0560,0.0041,0.0041,,1.8580,,,,,,,1.649
HB/can_445/can_445.mtx,packsell_pack16,structural_related,half,ok,5,445,445,3809,,0.003407,0.003407,,2.23596,,,,,,0.00113632,3.014
HB/can_445/can_445.mtx,packsell_pack32,structural_related,float,ok,5,445,445,3809,,0.004402,0.004402,,1.73069,,,,,,3.53824e-07,4.771
HB/can_445/can_445.mtx,spaden_bitmap_float,structural_related,float,ok,5,445,445,3809,,0.0069,0.0069,,1.1105,8.89,69.6,,,,0.000000e+00,1.444
HB/can_61/can_61.mtx,cusparse_double,main,double,ok,3,61,61,557,0.1332,0.0114,0.0114,0.0082,,,,,,,,1.301
HB/can_61/can_61.mtx,cusparse_float,main_float,float,ok,7,61,61,557,0.1324,0.0075,0.0075,0.0062,,,,,,,,1.694
HB/can_61/can_61.mtx,dasp_double,main,double,ok,7,,,,0.0130,0.0061,0.0061,,0.1812,,,,,,,1.933
HB/can_61/can_61.mtx,dasp_half,main_reduced_precision,half,ok,7,,,,0.0210,0.0041,0.0041,,0.2716,,,,,,,1.462
HB/can_61/can_61.mtx,packsell_pack16,structural_related,half,ok,7,61,61,557,,0.004296,0.004296,,0.259301,,,,,,0.00119214,2.455
HB/can_61/can_61.mtx,packsell_pack32,structural_related,float,ok,7,61,61,557,,0.043112,0.043112,,0.0258395,,,,,,4.8663e-07,2.425
HB/can_61/can_61.mtx,spaden_bitmap_float,structural_related,float,ok,7,61,61,557,,0.0071,0.0071,,0.1577,148.43,65.2,,,,0.000000e+00,1.780
HB/can_634/can_634.mtx,cusparse_double,main,double,ok,6,634,634,7228,0.1357,0.0147,0.0147,0.0102,,,,,,,,1.306
HB/can_634/can_634.mtx,cusparse_float,main_float,float,ok,6,634,634,7228,0.1406,0.0079,0.0079,0.0051,,,,,,,,1.686
HB/can_634/can_634.mtx,dasp_double,main,double,ok,6,,,,0.0960,0.0090,0.0090,,1.6091,,,,,,,1.506
HB/can_634/can_634.mtx,dasp_half,main_reduced_precision,half,ok,6,,,,0.0920,0.0066,0.0066,,2.1933,,,,,,,1.183
HB/can_634/can_634.mtx,packsell_pack16,structural_related,half,ok,6,634,634,7228,,0.004363,0.004363,,3.31359,,,,,,0.000740116,2.038
HB/can_634/can_634.mtx,packsell_pack32,structural_related,float,ok,6,634,634,7228,,0.006412,0.006412,,2.25468,,,,,,2.59482e-07,2.039
HB/can_634/can_634.mtx,spaden_bitmap_float,structural_related,float,ok,6,634,634,7228,,0.0110,0.0110,,1.3176,21.88,77.3,,,,0.000000e+00,1.716
HB/can_715/can_715.mtx,cusparse_double,main,double,ok,4,715,715,6665,0.1321,0.0147,0.0147,0.0123,,,,,,,,1.388
HB/can_715/can_715.mtx,cusparse_float,main_float,float,ok,6,715,715,6665,0.1303,0.0083,0.0083,0.0061,,,,,,,,1.366
HB/can_715/can_715.mtx,dasp_double,main,double,ok,6,,,,0.1190,0.0164,0.0164,,0.8130,,,,,,,1.981
HB/can_715/can_715.mtx,dasp_half,main_reduced_precision,half,ok,6,,,,0.1520,0.0061,0.0061,,2.1689,,,,,,,1.529
HB/can_715/can_715.mtx,packsell_pack16,structural_related,half,ok,6,715,715,6665,,0.008399,0.008399,,1.58706,,,,,,0.00088124,2.856
HB/can_715/can_715.mtx,packsell_pack32,structural_related,float,ok,6,715,715,6665,,0.014553,0.014553,,0.915954,,,,,,2.73879e-07,2.513
HB/can_715/can_715.mtx,spaden_bitmap_float,structural_related,float,ok,6,715,715,6665,,0.0110,0.0110,,1.2087,100.26,73.2,,,,0.000000e+00,1.869
HB/can_838/can_838.mtx,cusparse_double,main,double,ok,2,838,838,10010,0.1583,0.0173,0.0173,0.0164,,,,,,,,1.269
HB/can_838/can_838.mtx,cusparse_float,main_float,float,ok,5,838,838,10010,0.1320,0.0085,0.0085,0.0074,,,,,,,,1.858
HB/can_838/can_838.mtx,dasp_double,main,double,ok,5,,,,0.1270,0.0185,0.0185,,1.0813,,,,,,,1.128
HB/can_838/can_838.mtx,dasp_half,main_reduced_precision,half,ok,5,,,,0.1210,0.0041,0.0041,,4.8746,,,,,,,1.738
HB/can_838/can_838.mtx,packsell_pack16,structural_related,half,ok,5,838,838,10010,,0.004340,0.004340,,4.61319,,,,,,0.00182149,2.062
HB/can_838/can_838.mtx,packsell_pack32,structural_related,float,ok,5,838,838,10010,,0.006385,0.006385,,3.1356,,,,,,6.13694e-07,3.204
HB/can_838/can_838.mtx,spaden_bitmap_float,structural_related,float,ok,5,838,838,10010,,0.0131,0.0131,,1.5253,80.50,77.4,,,,0.000000e+00,1.498
HB/can_96/can_96.mtx,cusparse_double,main,double,ok,3,96,96,768,0.1294,0.0111,0.0111,0.0082,,,,,,,,1.353
HB/can_96/can_96.mtx,cusparse_float,main_float,float,ok,3,96,96,768,0.1337,0.0072,0.0072,0.0063,,,,,,,,1.535
HB/can_96/can_96.mtx,dasp_double,main,double,ok,3,,,,0.0200,0.0063,0.0063,,0.2435,,,,,,,1.495
HB/can_96/can_96.mtx,dasp_half,main_reduced_precision,half,ok,3,,,,0.0230,0.0041,0.0041,,0.3745,,,,,,,1.657
HB/can_96/can_96.mtx,packsell_pack16,structural_related,half,ok,3,96,96,768,,0.004107,0.004107,,0.373993,,,,,,0.0013856,3.544
HB/can_96/can_96.mtx,packsell_pack32,structural_related,float,ok,3,96,96,768,,0.003774,0.003774,,0.406949,,,,,,5.01778e-07,2.396
HB/can_96/can_96.mtx,spaden_bitmap_float,structural_related,float,ok,3,96,96,768,,0.0056,0.0056,,0.2758,9.38,63.6,,,,0.000000e+00,1.529
HB/cegb2802/cegb2802.mtx,cusparse_double,main,double,ok,6,2802,2802,277362,0.1340,0.0132,0.0132,0.0102,,,,,,,,1.266
HB/cegb2802/cegb2802.mtx,cusparse_float,main_float,float,ok,7,2802,2802,277362,0.1379,0.0095,0.0095,0.0076,,,,,,,,1.618
HB/cegb2802/cegb2802.mtx,dasp_double,main,double,ok,7,,,,2.9680,0.0143,0.0143,,38.6945,,,,,,,1.465
HB/cegb2802/cegb2802.mtx,dasp_half,main_reduced_precision,half,ok,7,,,,1.6910,0.0105,0.0105,,52.6553,,,,,,,1.676
HB/cegb2802/cegb2802.mtx,packsell_pack16,structural_related,half,ok,7,2802,2802,277362,,0.012477,0.012477,,44.4604,,,,,,0.00406716,3.023
HB/cegb2802/cegb2802.mtx,packsell_pack32,structural_related,float,ok,7,2802,2802,277362,,0.020699,0.020699,,26.7998,,,,,,2.09589e-06,4.655
HB/cegb2802/cegb2802.mtx,spaden_bitmap_float,structural_related,float,ok,7,2802,2802,277362,,0.0171,0.0171,,32.4932,69.46,55.1,,,,0.000000e+00,1.684
HB/cegb2919/cegb2919.mtx,cusparse_double,main,double,ok,6,2919,2919,321543,0.1392,0.0132,0.0132,0.0102,,,,,,,,0.829
HB/cegb2919/cegb2919.mtx,cusparse_float,main_float,float,ok,2,2919,2919,321543,0.1208,0.0089,0.0089,0.0071,,,,,,,,1.644
HB/cegb2919/cegb2919.mtx,dasp_double,main,double,ok,2,,,,2.9270,0.0225,0.0225,,28.5233,,,,,,,1.190
HB/cegb2919/cegb2919.mtx,dasp_half,main_reduced_precision,half,ok,2,,,,1.6690,0.0147,0.0147,,43.6790,,,,,,,1.743
HB/cegb2919/cegb2919.mtx,packsell_pack16,structural_related,half,ok,2,2919,2919,321543,,0.018649,0.018649,,34.484,,,,,,0.00342571,3.281
HB/cegb2919/cegb2919.mtx,packsell_pack32,structural_related,float,ok,2,2919,2919,321543,,0.032948,0.032948,,19.5182,,,,,,1.75205e-06,2.644
HB/cegb2919/cegb2919.mtx,spaden_bitmap_float,structural_related,float,ok,2,2919,2919,321543,,0.0255,0.0255,,25.2014,79.44,56.2,,,,0.000000e+00,1.624
HB/cegb3024/cegb3024.mtx,cusparse_double,main,double,ok,6,3024,3024,79848,0.1831,0.0158,0.0158,0.0102,,,,,,,,0.891
HB/cegb3024/cegb3024.mtx,cusparse_float,main_float,float,ok,3,3024,3024,79848,0.1368,0.0096,0.0096,0.0080,,,,,,,,1.640
HB/cegb3024/cegb3024.mtx,dasp_double,main,double,ok,3,,,,0.7180,0.0082,0.0082,,19.4799,,,,,,,1.657
HB/cegb3024/cegb3024.mtx,dasp_half,main_reduced_precision,half,ok,3,,,,0.6050,0.0061,0.0061,,25.9753,,,,,,,1.268
HB/cegb3024/cegb3024.mtx,packsell_pack16,structural_related,half,ok,3,3024,3024,79848,,0.006457,0.006457,,24.733,,,,,,0.00220691,2.300
HB/cegb3024/cegb3024.mtx,packsell_pack32,structural_related,float,ok,3,3024,3024,79848,,0.010438,0.010438,,15.3,,,,,,8.29417e-07,2.207
HB/cegb3024/cegb3024.mtx,spaden_bitmap_float,structural_related,float,ok,3,3024,3024,79848,,0.0131,0.0131,,12.2147,244.37,60.6,,,,0.000000e+00,1.541
HB/cegb3306/cegb3306.mtx,cusparse_double,main,double,ok,3,3306,3306,74916,0.1512,0.0142,0.0142,0.0102,,,,,,,,0.998
HB/cegb3306/cegb3306.mtx,cusparse_float,main_float,float,ok,7,3306,3306,74916,0.1371,0.0092,0.0092,0.0078,,,,,,,,1.704
HB/cegb3306/cegb3306.mtx,dasp_double,main,double,ok,7,,,,0.7110,0.0062,0.0062,,24.3510,,,,,,,1.709
HB/cegb3306/cegb3306.mtx,dasp_half,main_reduced_precision,half,ok,7,,,,0.4720,0.0061,0.0061,,24.3669,,,,,,,1.719
HB/cegb3306/cegb3306.mtx,packsell_pack16,structural_related,half,ok,7,3306,3306,74916,,0.006373,0.006373,,23.5102,,,,,,0.00235941,3.144
HB/cegb3306/cegb3306.mtx,packsell_pack32,structural_related,float,ok,7,3306,3306,74916,,0.010374,0.010374,,14.4427,,,,,,7.10547e-07,2.848
HB/cegb3306/cegb3306.mtx,spaden_bitmap_float,structural_related,float,ok,7,3306,3306,74916,,0.0092,0.0092,,16.2672,35.99,57.5,,,,0.000000e+00,1.602
HB/curtis54/curtis54.mtx,cusparse_double,main,double,ok,6,54,54,291,0.1623,0.0131,0.0131,0.0102,,,,,,,,1.593
HB/curtis54/curtis54.mtx,cusparse_float,main_float,float,ok,5,54,54,291,0.1333,0.0077,0.0077,0.0061,,,,,,,,1.897
HB/curtis54/curtis54.mtx,dasp_double,main,double,ok,5,,,,0.0140,0.0041,0.0041,,0.1419,,,,,,,1.863
HB/curtis54/curtis54.mtx,dasp_half,main_reduced_precision,half,ok,5,,,,0.0140,0.0062,0.0062,,0.0937,,,,,,,1.147
HB/curtis54/curtis54.mtx,packsell_pack16,structural_related,half,ok,5,54,54,291,,0.003523,0.003523,,0.165219,,,,,,0.000780215,2.827
HB/curtis54/curtis54.mtx,packsell_pack32,structural_related,float,ok,5,54,54,291,,0.004291,0.004291,,0.135635,,,,,,2.75624e-07,2.602
HB/curtis54/curtis54.mtx,spaden_bitmap_float,structural_related,float,ok,5,54,54,291,,0.0047,0.0047,,0.1229,10.80,64.1,,,,0.000000e+00,1.501
HB/dwt_1005/dwt_1005.mtx,cusparse_double,main,double,ok,5,1005,1005,8621,0.1697,0.0170,0.0170,0.0143,,,,,,,,0.897
HB/dwt_1005/dwt_1005.mtx,cusparse_float,main_float,float,ok,2,1005,1005,8621,0.1360,0.0086,0.0086,0.0075,,,,,,,,1.620
HB/dwt_1005/dwt_1005.mtx,dasp_double,main,double,ok,2,,,,0.1290,0.0041,0.0041,,4.2002,,,,,,,2.070
HB/dwt_1005/dwt_1005.mtx,dasp_half,main_reduced_precision,half,ok,2,,,,0.1170,0.0041,0.0041,,4.2013,,,,,,,1.790
HB/dwt_1005/dwt_1005.mtx,packsell_pack16,structural_related,half,ok,2,1005,1005,8621,,0.004308,0.004308,,4.00232,,,,,,0.00147674,2.486
HB/dwt_1005/dwt_1005.mtx,packsell_pack32,structural_related,float,ok,2,1005,1005,8621,,0.006376,0.006376,,2.70422,,,,,,5.26516e-07,2.094
HB/dwt_1005/dwt_1005.mtx,spaden_bitmap_float,structural_related,float,ok,2,1005,1005,8621,,0.0091,0.0091,,1.8983,79.13,71.1,,,,0.000000e+00,1.769
HB/dwt_1007/dwt_1007.mtx,cusparse_double,main,double,ok,6,1007,1007,8575,0.1378,0.0145,0.0145,0.0123,,,,,,,,1.464
HB/dwt_1007/dwt_1007.mtx,cusparse_float,main_float,float,ok,4,1007,1007,8575,0.1297,0.0081,0.0081,0.0066,,,,,,,,1.602
HB/dwt_1007/dwt_1007.mtx,dasp_double,main,double,ok,4,,,,0.1240,0.0064,0.0064,,2.6672,,,,,,,1.749
HB/dwt_1007/dwt_1007.mtx,dasp_half,main_reduced_precision,half,ok,4,,,,0.1580,0.0052,0.0052,,3.2792,,,,,,,1.425
HB/dwt_1007/dwt_1007.mtx,packsell_pack16,structural_related,half,ok,4,1007,1007,8575,,0.004087,0.004087,,4.19668,,,,,,0.00122765,2.896
HB/dwt_1007/dwt_1007.mtx,packsell_pack32,structural_related,float,ok,4,1007,1007,8575,,0.004005,0.004005,,4.28265,,,,,,3.91785e-07,4.255
HB/dwt_1007/dwt_1007.mtx,spaden_bitmap_float,structural_related,float,ok,4,1007,1007,8575,,0.0069,0.0069,,2.4989,89.21,67.2,,,,0.000000e+00,1.210
HB/dwt_1242/dwt_1242.mtx,cusparse_double,main,double,ok,4,1242,1242,10426,0.1346,0.0145,0.0145,0.0123,,,,,,,,1.334
HB/dwt_1242/dwt_1242.mtx,cusparse_float,main_float,float,ok,2,1242,1242,10426,0.1281,0.0090,0.0090,0.0067,,,,,,,,1.760
HB/dwt_1242/dwt_1242.mtx,dasp_double,main,double,ok,2,,,,0.1960,0.0041,0.0041,,5.0821,,,,,,,1.490
HB/dwt_1242/dwt_1242.mtx,dasp_half,main_reduced_precision,half,ok,2,,,,0.1570,0.0095,0.0095,,2.1864,,,,,,,1.845
HB/dwt_1242/dwt_1242.mtx,packsell_pack16,structural_related,half,ok,2,1242,1242,10426,,0.004290,0.004290,,4.86057,,,,,,0.000961954,1.968
HB/dwt_1242/dwt_1242.mtx,packsell_pack32,structural_related,float,ok,2,1242,1242,10426,,0.004285,0.004285,,4.86586,,,,,,2.8714e-07,2.744
HB/dwt_1242/dwt_1242.mtx,spaden_bitmap_float,structural_related,float,ok,2,1242,1242,10426,,0.0091,0.0091,,2.2961,18.49,74.2,,,,0.000000e+00,1.343
HB/dwt_162/dwt_162.mtx,cusparse_double,main,double,ok,5,162,162,1182,0.1571,0.0133,0.0133,0.0102,,,,,,,,0.939
HB/dwt_162/dwt_162.mtx,cusparse_float,main_float,float,ok,6,162,162,1182,0.1366,0.0076,0.0076,0.0063,,,,,,,,1.539
HB/dwt_162/dwt_162.mtx,dasp_double,main,double,ok,6,,,,0.0220,0.0041,0.0041,,0.5764,,,,,,,1.121
HB/dwt_162/dwt_162.mtx,dasp_half,main_reduced_precision,half,ok,6,,,,0.0240,0.0041,0.0041,,0.5764,,,,,,,1.662
HB/dwt_162/dwt_162.mtx,packsell_pack16,structural_related,half,ok,6,162,162,1182,,0.004266,0.004266,,0.554188,,,,,,0.00073078,2.191
HB/dwt_162/dwt_162.mtx,packsell_pack32,structural_related,float,ok,6,162,162,1182,,0.004150,0.004150,,0.569616,,,,,,2.3387e-07,3.652
HB/dwt_162/dwt_162.mtx,spaden_bitmap_float,structural_related,float,ok,6,162,162,1182,,0.0071,0.0071,,0.3348,32.81,68.1,,,,0.000000e+00,1.256
HB/dwt_193/dwt_193.mtx,cusparse_double,main,double,ok,5,193,193,3493,0.1314,0.0118,0.0118,0.0098,,,,,,,,1.087
HB/dwt_193/dwt_193.mtx,cusparse_float,main_float,float,ok,3,193,193,3493,0.1411,0.0078,0.0078,0.0062,,,,,,,,1.510
HB/dwt_193/dwt_193.mtx,dasp_double,main,double,ok,3,,,,0.0360,0.0061,0.0061,,1.1369,,,,,,,1.198
HB/dwt_193/dwt_193.mtx,dasp_half,main_reduced_precision,half,ok,3,,,,0.0310,0.0041,0.0041,,1.7031,,,,,,,2.028
HB/dwt_193/dwt_193.mtx,packsell_pack16,structural_related,half,ok,3,193,193,3493,,0.004328,0.004328,,1.61414,,,,,,0.00163114,3.176
HB/dwt_193/dwt_193.mtx,packsell_pack32,structural_related,float,ok,3,193,193,3493,,0.006342,0.006342,,1.10159,,,,,,5.61312e-07,3.869
HB/dwt_193/dwt_193.mtx,spaden_bitmap_float,structural_related,float,ok,3,193,193,3493,,0.0089,0.0089,,0.7825,23.21,64.6,,,,0.000000e+00,1.702
HB/dwt_198/dwt_198.mtx,cusparse_double,main,double,ok,1,198,198,1392,0.1457,0.0117,0.0117,0.0102,,,,,,,,0.406
HB/dwt_198/dwt_198.mtx,cusparse_float,main_float,float,ok,2,198,198,1392,0.1676,0.0077,0.0077,0.0061,,,,,,,,1.366
HB/dwt_198/dwt_198.mtx,dasp_double,main,double,ok,2,,,,0.0320,0.0041,0.0041,,0.6780,,,,,,,1.959
HB/dwt_198/dwt_198.mtx,dasp_half,main_reduced_precision,half,ok,2,,,,0.0290,0.0041,0.0041,,0.6789,,,,,,,1.801
HB/dwt_198/dwt_198.mtx,packsell_pack16,structural_related,half,ok,2,198,198,1392,,0.003074,0.003074,,0.905631,,,,,,0.00075199,3.180
HB/dwt_198/dwt_198.mtx,packsell_pack32,structural_related,float,ok,2,198,198,1392,,0.003671,0.003671,,0.758473,,,,,,2.9338e-07,3.792
HB/dwt_198/dwt_198.mtx,spaden_bitmap_float,structural_related,float,ok,2,198,198,1392,,0.0069,0.0069,,0.4055,11.47,68.1,,,,0.000000e+00,1.534
HB/dwt_209/dwt_209.mtx,cusparse_double,main,double,ok,4,209,209,1743,0.1301,0.0118,0.0118,0.0102,,,,,,,,1.229
HB/dwt_209/dwt_209.mtx,cusparse_float,main_float,float,ok,7,209,209,1743,0.1878,0.0077,0.0077,0.0061,,,,,,,,1.662
HB/dwt_209/dwt_209.mtx,dasp_double,main,double,ok,7,,,,0.0300,0.0041,0.0041,,0.8494,,,,,,,1.455
HB/dwt_209/dwt_209.mtx,dasp_half,main_reduced_precision,half,ok,7,,,,0.0320,0.0041,0.0041,,0.8500,,,,,,,1.985
HB/dwt_209/dwt_209.mtx,packsell_pack16,structural_related,half,ok,7,209,209,1743,,0.004170,0.004170,,0.836058,,,,,,0.00119816,3.555
HB/dwt_209/dwt_209.mtx,packsell_pack32,structural_related,float,ok,7,209,209,1743,,0.004373,0.004373,,0.797158,,,,,,4.42381e-07,4.177
HB/dwt_209/dwt_209.mtx,spaden_bitmap_float,structural_related,float,ok,7,209,209,1743,,0.0091,0.0091,,0.3839,5.90,77.9,,,,0.000000e+00,1.742
HB/dwt_221/dwt_221.mtx,cusparse_double,main,double,ok,5,221,221,1629,0.1333,0.0117,0.0117,0.0082,,,,,,,,0.842
HB/dwt_221/dwt_221.mtx,cusparse_float,main_float,float,ok,7,221,221,1629,0.1390,0.0077,0.0077,0.0067,,,,,,,,1.601
HB/dwt_221/dwt_221.mtx,dasp_double,main,double,ok,7,,,,0.0350,0.0041,0.0041,,0.7946,,,,,,,1.154
HB/dwt_221/dwt_221.mtx,dasp_half,main_reduced_precision,half,ok,7,,,,0.0380,0.0041,0.0041,,0.7948,,,,,,,2.123
HB/dwt_221/dwt_221.mtx,packsell_pack16,structural_related,half,ok,7,221,221,1629,,0.003803,0.003803,,0.856797,,,,,,0.00111202,3.925
HB/dwt_221/dwt_221.mtx,packsell_pack32,structural_related,float,ok,7,221,221,1629,,0.004293,0.004293,,0.758845,,,,,,4.71731e-07,4.639
HB/dwt_221/dwt_221.mtx,spaden_bitmap_float,structural_related,float,ok,7,221,221,1629,,0.0073,0.0073,,0.4450,34.00,72.3,,,,0.000000e+00,1.563
HB/dwt_245/dwt_245.mtx,cusparse_double,main,double,ok,7,245,245,1461,0.1170,0.0116,0.0116,0.0102,,,,,,,,0.345
HB/dwt_245/dwt_245.mtx,cusparse_float,main_float,float,ok,2,245,245,1461,0.1345,0.0075,0.0075,0.0064,,,,,,,,1.591
HB/dwt_245/dwt_245.mtx,dasp_double,main,double,ok,2,,,,0.0340,0.0095,0.0095,,0.3070,,,,,,,1.965
HB/dwt_245/dwt_245.mtx,dasp_half,main_reduced_precision,half,ok,2,,,,0.0340,0.0075,0.0075,,0.3900,,,,,,,1.819
HB/dwt_245/dwt_245.mtx,packsell_pack16,structural_related,half,ok,2,245,245,1461,,0.003413,0.003413,,0.856255,,,,,,0.000913705,3.898
HB/dwt_245/dwt_245.mtx,packsell_pack32,structural_related,float,ok,2,245,245,1461,,0.004587,0.004587,,0.636967,,,,,,2.49419e-07,2.608
HB/dwt_245/dwt_245.mtx,spaden_bitmap_float,structural_related,float,ok,2,245,245,1461,,0.0069,0.0069,,0.4240,7.64,75.3,,,,0.000000e+00,1.474
HB/dwt_2680/dwt_2680.mtx,cusparse_double,main,double,ok,3,2680,2680,25026,0.1538,0.0169,0.0169,0.0123,,,,,,,,1.186
HB/dwt_2680/dwt_2680.mtx,cusparse_float,main_float,float,ok,2,2680,2680,25026,0.1354,0.0088,0.0088,0.0074,,,,,,,,1.438
HB/dwt_2680/dwt_2680.mtx,dasp_double,main,double,ok,2,,,,0.2880,0.0041,0.0041,,12.1959,,,,,,,1.921
HB/dwt_2680/dwt_2680.mtx,dasp_half,main_reduced_precision,half,ok,2,,,,0.3280,0.0041,0.0041,,12.1989,,,,,,,1.445
HB/dwt_2680/dwt_2680.mtx,packsell_pack16,structural_related,half,ok,2,2680,2680,25026,,0.004300,0.004300,,11.6402,,,,,,0.00162684,2.189
HB/dwt_2680/dwt_2680.mtx,packsell_pack32,structural_related,float,ok,2,2680,2680,25026,,0.006524,0.006524,,7.6721,,,,,,4.9375e-07,2.352
HB/dwt_2680/dwt_2680.mtx,spaden_bitmap_float,structural_related,float,ok,2,2680,2680,25026,,0.0110,0.0110,,4.5482,15.52,76.0,,,,0.000000e+00,1.510
HB/dwt_307/dwt_307.mtx,cusparse_double,main,double,ok,6,307,307,2523,0.1316,0.0119,0.0119,0.0102,,,,,,,,1.440
HB/dwt_307/dwt_307.mtx,cusparse_float,main_float,float,ok,4,307,307,2523,0.1165,0.0079,0.0079,0.0061,,,,,,,,1.615
HB/dwt_307/dwt_307.mtx,dasp_double,main,double,ok,4,,,,0.0430,0.0041,0.0041,,1.2298,,,,,,,1.531
HB/dwt_307/dwt_307.mtx,dasp_half,main_reduced_precision,half,ok,4,,,,0.0500,0.0041,0.0041,,1.2325,,,,,,,1.234
HB/dwt_307/dwt_307.mtx,packsell_pack16,structural_related,half,ok,4,307,307,2523,,0.004159,0.004159,,1.21317,,,,,,0.00153289,3.531
HB/dwt_307/dwt_307.mtx,packsell_pack32,structural_related,float,ok,4,307,307,2523,,0.004272,0.004272,,1.1813,,,,,,5.51918e-07,2.962
HB/dwt_307/dwt_307.mtx,spaden_bitmap_float,structural_related,float,ok,4,307,307,2523,,0.0073,0.0073,,0.6934,51.08,71.6,,,,0.000000e+00,2.289
HB/dwt_310/dwt_310.mtx,cusparse_double,main,double,ok,3,310,310,2448,0.1303,0.0121,0.0121,0.0102,,,,,,,,1.144
HB/dwt_310/dwt_310.mtx,cusparse_float,main_float,float,ok,2,310,310,2448,0.1338,0.0079,0.0079,0.0061,,,,,,,,1.630
HB/dwt_310/dwt_310.mtx,dasp_double,main,double,ok,2,,,,0.0450,0.0041,0.0041,,1.1939,,,,,,,2.244
HB/dwt_310/dwt_310.mtx,dasp_half,main_reduced_precision,half,ok,2,,,,0.0460,0.0041,0.0041,,1.1939,,,,,,,1.456
HB/dwt_310/dwt_310.mtx,packsell_pack16,structural_related,half,ok,2,310,310,2448,,0.004265,0.004265,,1.14797,,,,,,0.0012656,3.472
HB/dwt_310/dwt_310.mtx,packsell_pack32,structural_related,float,ok,2,310,310,2448,,0.004200,0.004200,,1.16579,,,,,,4.60699e-07,2.305
HB/dwt_310/dwt_310.mtx,spaden_bitmap_float,structural_related,float,ok,2,310,310,2448,,0.0051,0.0051,,0.9663,96.84,59.6,,,,0.000000e+00,1.107
HB/dwt_346/dwt_346.mtx,cusparse_double,main,double,ok,1,346,346,3226,0.1650,0.0134,0.0134,0.0102,,,,,,,,0.419
HB/dwt_346/dwt_346.mtx,cusparse_float,main_float,float,ok,5,346,346,3226,0.1249,0.0079,0.0079,0.0064,,,,,,,,1.786
HB/dwt_346/dwt_346.mtx,dasp_double,main,double,ok,5,,,,0.0470,0.0060,0.0060,,1.0784,,,,,,,1.413
HB/dwt_346/dwt_346.mtx,dasp_half,main_reduced_precision,half,ok,5,,,,0.0440,0.0041,0.0041,,1.5733,,,,,,,1.385
HB/dwt_346/dwt_346.mtx,packsell_pack16,structural_related,half,ok,5,346,346,3226,,0.004334,0.004334,,1.48852,,,,,,0.00083403,2.441
HB/dwt_346/dwt_346.mtx,packsell_pack32,structural_related,float,ok,5,346,346,3226,,0.004365,0.004365,,1.47819,,,,,,2.73545e-07,3.769
HB/dwt_346/dwt_346.mtx,spaden_bitmap_float,structural_related,float,ok,5,346,346,3226,,0.0089,0.0089,,0.7248,12.28,70.0,,,,0.000000e+00,1.719
HB/dwt_361/dwt_361.mtx,cusparse_double,main,double,ok,1,361,361,2953,0.1626,0.0133,0.0133,0.0102,,,,,,,,0.417
HB/dwt_361/dwt_361.mtx,cusparse_float,main_float,float,ok,5,361,361,2953,0.1415,0.0078,0.0078,0.0066,,,,,,,,1.767
HB/dwt_361/dwt_361.mtx,dasp_double,main,double,ok,5,,,,0.0470,0.0041,0.0041,,1.4398,,,,,,,1.255
HB/dwt_361/dwt_361.mtx,dasp_half,main_reduced_precision,half,ok,5,,,,0.0420,0.0041,0.0041,,1.4401,,,,,,,1.362
HB/dwt_361/dwt_361.mtx,packsell_pack16,structural_related,half,ok,5,361,361,2953,,0.004255,0.004255,,1.38801,,,,,,0.00122053,2.539
HB/dwt_361/dwt_361.mtx,packsell_pack32,structural_related,float,ok,5,361,361,2953,,0.004133,0.004133,,1.4291,,,,,,4.73927e-07,2.304
HB/dwt_361/dwt_361.mtx,spaden_bitmap_float,structural_related,float,ok,5,361,361,2953,,0.0059,0.0059,,0.9985,273.97,62.2,,,,0.000000e+00,1.729
HB/dwt_492/dwt_492.mtx,cusparse_double,main,double,ok,3,492,492,3156,0.1366,0.0124,0.0124,0.0102,,,,,,,,1.534
HB/dwt_492/dwt_492.mtx,cusparse_float,main_float,float,ok,6,492,492,3156,0.1346,0.0080,0.0080,0.0061,,,,,,,,1.564
HB/dwt_492/dwt_492.mtx,dasp_double,main,double,ok,6,,,,0.0480,0.0041,0.0041,,1.5380,,,,,,,1.726
HB/dwt_492/dwt_492.mtx,dasp_half,main_reduced_precision,half,ok,6,,,,0.0580,0.0041,0.0041,,1.5380,,,,,,,1.622
HB/dwt_492/dwt_492.mtx,packsell_pack16,structural_related,half,ok,6,492,492,3156,,0.004213,0.004213,,1.49823,,,,,,0.00116874,2.518
HB/dwt_492/dwt_492.mtx,packsell_pack32,structural_related,float,ok,6,492,492,3156,,0.004311,0.004311,,1.46432,,,,,,3.71537e-07,4.714
HB/dwt_492/dwt_492.mtx,spaden_bitmap_float,structural_related,float,ok,6,492,492,3156,,0.0111,0.0111,,0.5690,85.98,73.9,,,,0.000000e+00,1.408
HB/dwt_503/dwt_503.mtx,cusparse_double,main,double,ok,3,503,503,6027,0.1401,0.0128,0.0128,0.0102,,,,,,,,1.217
HB/dwt_503/dwt_503.mtx,cusparse_float,main_float,float,ok,3,503,503,6027,0.1296,0.0076,0.0076,0.0060,,,,,,,,1.467
HB/dwt_503/dwt_503.mtx,dasp_double,main,double,ok,3,,,,0.0740,0.0041,0.0041,,2.9371,,,,,,,1.606
HB/dwt_503/dwt_503.mtx,dasp_half,main_reduced_precision,half,ok,3,,,,0.0760,0.0067,0.0067,,1.8018,,,,,,,1.832
HB/dwt_503/dwt_503.mtx,packsell_pack16,structural_related,half,ok,3,503,503,6027,,0.004247,0.004247,,2.83855,,,,,,0.00118262,2.439
HB/dwt_503/dwt_503.mtx,packsell_pack32,structural_related,float,ok,3,503,503,6027,,0.006368,0.006368,,1.89276,,,,,,4.21437e-07,2.648
HB/dwt_503/dwt_503.mtx,spaden_bitmap_float,structural_related,float,ok,3,503,503,6027,,0.0112,0.0112,,1.0786,53.89,72.8,,,,0.000000e+00,1.599
HB/dwt_512/dwt_512.mtx,cusparse_double,main,double,ok,5,512,512,3502,0.1284,0.0117,0.0117,0.0102,,,,,,,,0.864
HB/dwt_512/dwt_512.mtx,cusparse_float,main_float,float,ok,2,512,512,3502,0.1337,0.0082,0.0082,0.0064,,,,,,,,1.614
HB/dwt_512/dwt_512.mtx,dasp_double,main,double,ok,2,,,,0.0470,0.0041,0.0041,,1.7062,,,,,,,1.754
HB/dwt_512/dwt_512.mtx,dasp_half,main_reduced_precision,half,ok,2,,,,0.0580,0.0064,0.0064,,1.0945,,,,,,,1.350
HB/dwt_512/dwt_512.mtx,packsell_pack16,structural_related,half,ok,2,512,512,3502,,0.004133,0.004133,,1.69467,,,,,,0.000602888,3.823
HB/dwt_512/dwt_512.mtx,packsell_pack32,structural_related,float,ok,2,512,512,3502,,0.004371,0.004371,,1.60249,,,,,,1.89329e-07,3.196
HB/dwt_512/dwt_512.mtx,spaden_bitmap_float,structural_related,float,ok,2,512,512,3502,,0.0072,0.0072,,0.9790,21.56,64.8,,,,0.000000e+00,1.745
HB/dwt_59/dwt_59.mtx,cusparse_double,main,double,ok,3,59,59,267,0.1312,0.0114,0.0114,0.0082,,,,,,,,1.783
HB/dwt_59/dwt_59.mtx,cusparse_float,main_float,float,ok,2,59,59,267,0.1301,0.0072,0.0072,0.0061,,,,,,,,1.469
HB/dwt_59/dwt_59.mtx,dasp_double,main,double,ok,2,,,,0.0120,0.0041,0.0041,,0.1302,,,,,,,1.571
HB/dwt_59/dwt_59.mtx,dasp_half,main_reduced_precision,half,ok,2,,,,0.0140,0.0058,0.0058,,0.0922,,,,,,,1.395
HB/dwt_59/dwt_59.mtx,packsell_pack16,structural_related,half,ok,2,59,59,267,,0.003578,0.003578,,0.149233,,,,,,0.000750097,2.555
HB/dwt_59/dwt_59.mtx,packsell_pack32,structural_related,float,ok,2,59,59,267,,0.004530,0.004530,,0.11788,,,,,,2.24906e-07,4.084
HB/dwt_59/dwt_59.mtx,spaden_bitmap_float,structural_related,float,ok,2,59,59,267,,0.0057,0.0057,,0.0933,24.39,70.9,,,,0.000000e+00,1.521
HB/dwt_592/dwt_592.mtx,cusparse_double,main,double,ok,1,592,592,5104,0.1524,0.0136,0.0136,0.0120,,,,,,,,0.410
HB/dwt_592/dwt_592.mtx,cusparse_float,main_float,float,ok,6,592,592,5104,0.1332,0.0079,0.0079,0.0058,,,,,,,,1.544
HB/dwt_592/dwt_592.mtx,dasp_double,main,double,ok,6,,,,0.0710,0.0041,0.0041,,2.4867,,,,,,,1.855
HB/dwt_592/dwt_592.mtx,dasp_half,main_reduced_precision,half,ok,6,,,,0.0890,0.0074,0.0074,,1.3770,,,,,,,1.619
HB/dwt_592/dwt_592.mtx,packsell_pack16,structural_related,half,ok,6,592,592,5104,,0.004100,0.004100,,2.48988,,,,,,0.00147633,2.707
HB/dwt_592/dwt_592.mtx,packsell_pack32,structural_related,float,ok,6,592,592,5104,,0.004302,0.004302,,2.37309,,,,,,5.29333e-07,2.070
HB/dwt_592/dwt_592.mtx,spaden_bitmap_float,structural_related,float,ok,6,592,592,5104,,0.0089,0.0089,,1.1522,24.40,69.6,,,,0.000000e+00,1.534
HB/dwt_607/dwt_607.mtx,cusparse_double,main,double,ok,3,607,607,5131,0.1337,0.0137,0.0137,0.0103,,,,,,,,1.528
HB/dwt_607/dwt_607.mtx,cusparse_float,main_float,float,ok,7,607,607,5131,0.1377,0.0081,0.0081,0.0066,,,,,,,,1.588
HB/dwt_607/dwt_607.mtx,dasp_double,main,double,ok,7,,,,0.0720,0.0086,0.0086,,1.1924,,,,,,,1.901
HB/dwt_607/dwt_607.mtx,dasp_half,main_reduced_precision,half,ok,7,,,,0.1240,0.0041,0.0041,,2.5023,,,,,,,1.441
HB/dwt_607/dwt_607.mtx,packsell_pack16,structural_related,half,ok,7,607,607,5131,,0.004004,0.004004,,2.56321,,,,,,0.00136866,2.605
HB/dwt_607/dwt_607.mtx,packsell_pack32,structural_related,float,ok,7,607,607,5131,,0.004333,0.004333,,2.36857,,,,,,4.65711e-07,3.724
HB/dwt_607/dwt_607.mtx,spaden_bitmap_float,structural_related,float,ok,7,607,607,5131,,0.0090,0.0090,,1.1342,38.87,75.2,,,,0.000000e+00,1.967
HB/dwt_66/dwt_66.mtx,cusparse_double,main,double,ok,5,66,66,320,0.1526,0.0135,0.0135,0.0092,,,,,,,,0.665
HB/dwt_66/dwt_66.mtx,cusparse_float,main_float,float,ok,5,66,66,320,0.1295,0.0076,0.0076,0.0063,,,,,,,,1.490
HB/dwt_66/dwt_66.mtx,dasp_double,main,double,ok,5,,,,0.0220,0.0061,0.0061,,0.1057,,,,,,,1.230
HB/dwt_66/dwt_66.mtx,dasp_half,main_reduced_precision,half,ok,5,,,,0.0140,0.0041,0.0041,,0.1561,,,,,,,1.164
HB/dwt_66/dwt_66.mtx,packsell_pack16,structural_related,half,ok,5,66,66,320,,0.003750,0.003750,,0.170676,,,,,,0.000756745,2.987
HB/dwt_66/dwt_66.mtx,packsell_pack32,structural_related,float,ok,5,66,66,320,,0.004015,0.004015,,0.159412,,,,,,2.50743e-07,2.183
HB/dwt_66/dwt_66.mtx,spaden_bitmap_float,structural_related,float,ok,5,66,66,320,,0.0069,0.0069,,0.0930,55.11,71.1,,,,0.000000e+00,1.488
HB/dwt_72/dwt_72.mtx,cusparse_double,main,double,ok,2,72,72,222,0.1525,0.0153,0.0153,0.0102,,,,,,,,0.936
HB/dwt_72/dwt_72.mtx,cusparse_float,main_float,float,ok,7,72,72,222,0.1257,0.0074,0.0074,0.0053,,,,,,,,1.540
HB/dwt_72/dwt_72.mtx,dasp_double,main,double,ok,7,,,,0.0090,0.0065,0.0065,,0.0679,,,,,,,1.510
HB/dwt_72/dwt_72.mtx,dasp_half,main_reduced_precision,half,ok,7,,,,0.0130,0.0041,0.0041,,0.1083,,,,,,,1.753
HB/dwt_72/dwt_72.mtx,packsell_pack16,structural_related,half,ok,7,72,72,222,,0.003824,0.003824,,0.116114,,,,,,0.000700057,2.878
HB/dwt_72/dwt_72.mtx,packsell_pack32,structural_related,float,ok,7,72,72,222,,0.003841,0.003841,,0.115591,,,,,,1.83392e-07,3.309
HB/dwt_72/dwt_72.mtx,spaden_bitmap_float,structural_related,float,ok,7,72,72,222,,0.0048,0.0048,,0.0924,17.99,67.5,,,,0.000000e+00,1.283
HB/dwt_758/dwt_758.mtx,cusparse_double,main,double,ok,3,758,758,5994,0.1322,0.0132,0.0132,0.0117,,,,,,,,1.301
HB/dwt_758/dwt_758.mtx,cusparse_float,main_float,float,ok,2,758,758,5994,0.1359,0.0083,0.0083,0.0066,,,,,,,,1.607
HB/dwt_758/dwt_758.mtx,dasp_double,main,double,ok,2,,,,0.1040,0.0041,0.0041,,2.9218,,,,,,,2.143
HB/dwt_758/dwt_758.mtx,dasp_half,main_reduced_precision,half,ok,2,,,,0.0940,0.0041,0.0041,,2.9211,,,,,,,1.578
HB/dwt_758/dwt_758.mtx,packsell_pack16,structural_related,half,ok,2,758,758,5994,,0.004268,0.004268,,2.80896,,,,,,0.00146606,2.337
HB/dwt_758/dwt_758.mtx,packsell_pack32,structural_related,float,ok,2,758,758,5994,,0.004231,0.004231,,2.83355,,,,,,5.44918e-07,2.143
HB/dwt_758/dwt_758.mtx,spaden_bitmap_float,structural_related,float,ok,2,758,758,5994,,0.0071,0.0071,,1.6872,120.94,64.3,,,,0.000000e+00,2.333
HB/dwt_869/dwt_869.mtx,cusparse_double,main,double,ok,2,869,869,7285,0.1702,0.0177,0.0177,0.0164,,,,,,,,1.634
HB/dwt_869/dwt_869.mtx,cusparse_float,main_float,float,ok,2,869,869,7285,0.1242,0.0079,0.0079,0.0061,,,,,,,,1.598
HB/dwt_869/dwt_869.mtx,dasp_double,main,double,ok,2,,,,0.0970,0.0050,0.0050,,2.9375,,,,,,,1.645
HB/dwt_869/dwt_869.mtx,dasp_half,main_reduced_precision,half,ok,2,,,,0.1090,0.0041,0.0041,,3.5433,,,,,,,1.438
HB/dwt_869/dwt_869.mtx,packsell_pack16,structural_related,half,ok,2,869,869,7285,,0.004004,0.004004,,3.63895,,,,,,0.00144309,2.945
HB/dwt_869/dwt_869.mtx,packsell_pack32,structural_related,float,ok,2,869,869,7285,,0.004368,0.004368,,3.33552,,,,,,4.74563e-07,2.071
HB/dwt_869/dwt_869.mtx,spaden_bitmap_float,structural_related,float,ok,2,869,869,7285,,0.0073,0.0073,,2.0073,30.16,65.0,,,,0.000000e+00,1.726
HB/dwt_87/dwt_87.mtx,cusparse_double,main,double,ok,4,87,87,541,0.1368,0.0119,0.0119,0.0082,,,,,,,,1.766
HB/dwt_87/dwt_87.mtx,cusparse_float,main_float,float,ok,4,87,87,541,0.1297,0.0076,0.0076,0.0064,,,,,,,,1.661
HB/dwt_87/dwt_87.mtx,dasp_double,main,double,ok,4,,,,0.0160,0.0041,0.0041,,0.2637,,,,,,,1.856
HB/dwt_87/dwt_87.mtx,dasp_half,main_reduced_precision,half,ok,4,,,,0.0160,0.0058,0.0058,,0.1853,,,,,,,1.589
HB/dwt_87/dwt_87.mtx,packsell_pack16,structural_related,half,ok,4,87,87,541,,0.003618,0.003618,,0.299033,,,,,,0.000675675,2.560
HB/dwt_87/dwt_87.mtx,packsell_pack32,structural_related,float,ok,4,87,87,541,,0.004083,0.004083,,0.264986,,,,,,2.08487e-07,2.684
HB/dwt_87/dwt_87.mtx,spaden_bitmap_float,structural_related,float,ok,4,87,87,541,,0.0070,0.0070,,0.1539,30.94,77.8,,,,0.000000e+00,1.572
HB/dwt_878/dwt_878.mtx,cusparse_double,main,double,ok,2,878,878,7448,0.1617,0.0174,0.0174,0.0133,,,,,,,,1.345
HB/dwt_878/dwt_878.mtx,cusparse_float,main_float,float,ok,3,878,878,7448,0.1282,0.0079,0.0079,0.0061,,,,,,,,1.538
HB/dwt_878/dwt_878.mtx,dasp_double,main,double,ok,3,,,,0.0990,0.0041,0.0041,,3.6305,,,,,,,1.125
HB/dwt_878/dwt_878.mtx,dasp_half,main_reduced_precision,half,ok,3,,,,0.1100,0.0090,0.0090,,1.6520,,,,,,,1.933
HB/dwt_878/dwt_878.mtx,packsell_pack16,structural_related,half,ok,3,878,878,7448,,0.004259,0.004259,,3.49732,,,,,,0.00147112,3.420
HB/dwt_878/dwt_878.mtx,packsell_pack32,structural_related,float,ok,3,878,878,7448,,0.004188,0.004188,,3.55703,,,,,,4.77126e-07,2.899
HB/dwt_878/dwt_878.mtx,spaden_bitmap_float,structural_related,float,ok,3,878,878,7448,,0.0070,0.0070,,2.1311,10.92,67.3,,,,0.000000e+00,1.040
HB/dwt_918/dwt_918.mtx,cusparse_double,main,double,ok,4,918,918,7384,0.1315,0.0131,0.0131,0.0123,,,,,,,,1.346
HB/dwt_918/dwt_918.mtx,cusparse_float,main_float,float,ok,5,918,918,7384,0.1357,0.0079,0.0079,0.0061,,,,,,,,1.574
HB/dwt_918/dwt_918.mtx,dasp_double,main,double,ok,5,,,,0.1230,0.0041,0.0041,,3.5993,,,,,,,1.494
HB/dwt_918/dwt_918.mtx,dasp_half,main_reduced_precision,half,ok,5,,,,0.1640,0.0041,0.0041,,3.6011,,,,,,,1.031
HB/dwt_918/dwt_918.mtx,packsell_pack16,structural_related,half,ok,5,918,918,7384,,0.003332,0.003332,,4.43169,,,,,,0.00157354,2.788
HB/dwt_918/dwt_918.mtx,packsell_pack32,structural_related,float,ok,5,918,918,7384,,0.004403,0.004403,,3.35403,,,,,,5.36764e-07,2.212
HB/dwt_918/dwt_918.mtx,spaden_bitmap_float,structural_related,float,ok,5,918,918,7384,,0.0079,0.0079,,1.8770,116.43,70.7,,,,0.000000e+00,2.152
HB/dwt_992/dwt_992.mtx,cusparse_double,main,double,ok,6,992,992,16744,0.1291,0.0131,0.0131,0.0102,,,,,,,,1.335
HB/dwt_992/dwt_992.mtx,cusparse_float,main_float,float,ok,4,992,992,16744,0.4195,0.0081,0.0081,0.0061,,,,,,,,1.495
HB/dwt_992/dwt_992.mtx,dasp_double,main,double,ok,4,,,,0.1790,0.0041,0.0041,,8.1579,,,,,,,1.745
HB/dwt_992/dwt_992.mtx,dasp_half,main_reduced_precision,half,ok,4,,,,0.1190,0.0041,0.0041,,8.1658,,,,,,,1.193
HB/dwt_992/dwt_992.mtx,packsell_pack16,structural_related,half,ok,4,992,992,16744,,0.004292,0.004292,,7.80279,,,,,,0.00164627,3.755
HB/dwt_992/dwt_992.mtx,packsell_pack32,structural_related,float,ok,4,992,992,16744,,0.004431,0.004431,,7.55687,,,,,,5.76149e-07,2.627
HB/dwt_992/dwt_992.mtx,spaden_bitmap_float,structural_related,float,ok,4,992,992,16744,,0.0093,0.0093,,3.6119,48.41,65.8,,,,0.000000e+00,2.127
HB/eris1176/eris1176.mtx,cusparse_double,main,double,ok,5,1176,1176,18552,0.1420,0.0157,0.0157,0.0123,,,,,,,,1.338
HB/eris1176/eris1176.mtx,cusparse_float,main_float,float,ok,7,1176,1176,18552,0.1417,0.0093,0.0093,0.0073,,,,,,,,1.630
HB/eris1176/eris1176.mtx,dasp_double,main,double,ok,7,,,,0.1810,0.0103,0.0103,,3.6195,,,,,,,1.781
HB/eris1176/eris1176.mtx,dasp_half,main_reduced_precision,half,ok,7,,,,0.1440,0.0062,0.0062,,6.0302,,,,,,,1.480
HB/eris1176/eris1176.mtx,packsell_pack16,structural_related,half,ok,7,1176,1176,18552,,0.008454,0.008454,,4.38884,,,,,,0.000968932,2.243
HB/eris1176/eris1176.mtx,packsell_pack32,structural_related,float,ok,7,1176,1176,18552,,0.014525,0.014525,,2.55443,,,,,,2.98181e-07,3.842
HB/eris1176/eris1176.mtx,spaden_bitmap_float,structural_related,float,ok,7,1176,1176,18552,,0.0131,0.0131,,2.8384,12.34,63.3,,,,0.000000e+00,1.617
HB/fs_183_3/fs_183_3.mtx,cusparse_double,main,double,ok,7,183,183,1069,0.1425,0.0120,0.0120,0.0082,,,,,,,,0.400
HB/fs_183_3/fs_183_3.mtx,cusparse_float,main_float,float,ok,6,183,183,1069,0.1668,0.0078,0.0078,0.0066,,,,,,,,1.635
HB/fs_183_3/fs_183_3.mtx,dasp_double,main,double,ok,6,,,,0.0210,0.0102,0.0102,,0.2087,,,,,,,1.292
HB/fs_183_3/fs_183_3.mtx,dasp_half,main_reduced_precision,half,ok,6,,,,0.0240,0.0066,0.0066,,0.3234,,,,,,,1.404
HB/fs_183_3/fs_183_3.mtx,packsell_pack16,structural_related,half,ok,6,183,183,1069,,0.006380,0.006380,,0.335118,,,,,,0.00036936,2.383
HB/fs_183_3/fs_183_3.mtx,packsell_pack32,structural_related,float,ok,6,183,183,1069,,0.010430,0.010430,,0.20499,,,,,,1.07678e-07,2.394
HB/fs_183_3/fs_183_3.mtx,spaden_bitmap_float,structural_related,float,ok,6,183,183,1069,,0.0090,0.0090,,0.2386,86.43,86.2,,,,7.029582e-13,1.951
HB/fs_183_4/fs_183_4.mtx,cusparse_double,main,double,ok,1,183,183,1069,0.1409,0.0119,0.0119,0.0081,,,,,,,,0.404
HB/fs_183_4/fs_183_4.mtx,cusparse_float,main_float,float,ok,5,183,183,1069,0.1275,0.0077,0.0077,0.0067,,,,,,,,1.579
HB/fs_183_4/fs_183_4.mtx,dasp_double,main,double,ok,5,,,,0.0250,0.0102,0.0102,,0.2087,,,,,,,1.806
HB/fs_183_4/fs_183_4.mtx,dasp_half,main_reduced_precision,half,ok,5,,,,0.0200,0.0041,0.0041,,0.5210,,,,,,,1.552
HB/fs_183_4/fs_183_4.mtx,packsell_pack16,structural_related,half,ok,5,183,183,1069,,0.006402,0.006402,,0.333955,,,,,,0.000355546,2.673
HB/fs_183_4/fs_183_4.mtx,packsell_pack32,structural_related,float,ok,5,183,183,1069,,0.010493,0.010493,,0.203748,,,,,,9.54152e-08,2.128
HB/fs_183_4/fs_183_4.mtx,spaden_bitmap_float,structural_related,float,ok,5,183,183,1069,,0.0090,0.0090,,0.2376,23.92,86.2,,,,1.335855e-09,1.645
HB/fs_183_6/fs_183_6.mtx,cusparse_double,main,double,ok,6,183,183,1000,0.1449,0.0118,0.0118,0.0082,,,,,,,,1.606
HB/fs_183_6/fs_183_6.mtx,cusparse_float,main_float,float,ok,7,183,183,995,0.1313,0.0077,0.0077,0.0066,,,,,,,,1.621
HB/fs_183_6/fs_183_6.mtx,dasp_double,main,double,ok,7,,,,0.0370,0.0103,0.0103,,0.2086,,,,,,,1.590
HB/fs_183_6/fs_183_6.mtx,dasp_half,main_reduced_precision,half,ok,7,,,,0.0210,0.0041,0.0041,,0.5208,,,,,,,1.685
HB/fs_183_6/fs_183_6.mtx,packsell_pack16,structural_related,half,ok,7,183,183,1000,,0.006356,0.006356,,0.31468,,,,,,0.000361431,2.634
HB/fs_183_6/fs_183_6.mtx,packsell_pack32,structural_related,float,ok,7,183,183,1000,,0.010398,0.010398,,0.192351,,,,,,1.06337e-07,3.971
HB/fs_183_6/fs_183_6.mtx,spaden_bitmap_float,structural_related,float,ok,7,183,183,1069,,0.0090,0.0090,,0.2367,19.97,86.2,,,,2.117142e-10,1.549
HB/fs_541_2/fs_541_2.mtx,cusparse_double,main,double,ok,4,541,541,4282,0.1462,0.0131,0.0131,0.0119,,,,,,,,1.247
HB/fs_541_2/fs_541_2.mtx,cusparse_float,main_float,float,ok,5,541,541,4282,0.1326,0.0078,0.0078,0.0058,,,,,,,,1.591
HB/fs_541_2/fs_541_2.mtx,dasp_double,main,double,ok,5,,,,0.0560,0.0119,0.0119,,0.7183,,,,,,,1.412
HB/fs_541_2/fs_541_2.mtx,dasp_half,main_reduced_precision,half,ok,5,,,,0.0690,0.0041,0.0041,,2.0882,,,,,,,1.884
HB/fs_541_2/fs_541_2.mtx,packsell_pack16,structural_related,half,ok,5,541,541,4282,,0.004172,0.004172,,2.05273,,,,,,0.000433192,2.800
HB/fs_541_2/fs_541_2.mtx,packsell_pack32,structural_related,float,ok,5,541,541,4282,,0.004644,0.004644,,1.84421,,,,,,1.3977e-07,3.208
HB/fs_541_2/fs_541_2.mtx,spaden_bitmap_float,structural_related,float,ok,5,541,541,4285,,0.0095,0.0095,,0.9055,87.73,78.5,,,,5.135421e-08,1.624
HB/fs_541_4/fs_541_4.mtx,cusparse_double,main,double,ok,7,541,541,4273,0.1144,0.0130,0.0130,0.0119,,,,,,,,0.391
HB/fs_541_4/fs_541_4.mtx,cusparse_float,main_float,float,ok,2,541,541,4273,0.1507,0.0080,0.0080,0.0058,,,,,,,,1.634
HB/fs_541_4/fs_541_4.mtx,dasp_double,main,double,ok,2,,,,0.0610,0.0041,0.0041,,2.0887,,,,,,,0.949
HB/fs_541_4/fs_541_4.mtx,dasp_half,main_reduced_precision,half,ok,2,,,,0.0730,0.0041,0.0041,,2.0897,,,,,,,1.491
HB/fs_541_4/fs_541_4.mtx,packsell_pack16,structural_related,half,ok,2,541,541,4273,,0.004114,0.004114,,2.07716,,,,,,0.000436117,2.694
HB/fs_541_4/fs_541_4.mtx,packsell_pack32,structural_related,float,ok,2,541,541,4273,,0.004398,0.004398,,1.94336,,,,,,1.29276e-07,2.961
HB/fs_541_4/fs_541_4.mtx,spaden_bitmap_float,structural_related,float,ok,2,541,541,4285,,0.0091,0.0091,,0.9433,9.48,78.5,,,,6.601475e-08,1.752
HB/fs_680_1/fs_680_1.mtx,cusparse_double,main,double,ok,5,680,680,2184,0.1634,0.0164,0.0164,0.0143,,,,,,,,1.273
HB/fs_680_1/fs_680_1.mtx,cusparse_float,main_float,float,ok,7,680,680,2148,0.1339,0.0079,0.0079,0.0061,,,,,,,,1.763
HB/fs_680_1/fs_680_1.mtx,dasp_double,main,double,ok,7,,,,0.0460,0.0093,0.0093,,0.5693,,,,,,,1.598
HB/fs_680_1/fs_680_1.mtx,dasp_half,main_reduced_precision,half,ok,7,,,,0.0510,0.0107,0.0107,,0.4945,,,,,,,1.370
HB/fs_680_1/fs_680_1.mtx,packsell_pack16,structural_related,half,ok,7,680,680,2184,,0.204116,0.204116,,0.0213996,,,,,,0.000427373,2.733
HB/fs_680_1/fs_680_1.mtx,packsell_pack32,structural_related,float,ok,7,680,680,2184,,0.004242,0.004242,,1.02978,,,,,,1.08494e-07,3.399
HB/fs_680_1/fs_680_1.mtx,spaden_bitmap_float,structural_related,float,ok,7,680,680,2646,,0.0070,0.0070,,0.7546,14.31,67.4,,,,6.882411e-08,1.748
HB/fs_760_1/fs_760_1.mtx,cusparse_double,main,double,ok,6,760,760,5739,0.1294,0.0140,0.0140,0.0123,,,,,,,,1.452
HB/fs_760_1/fs_760_1.mtx,cusparse_float,main_float,float,ok,6,760,760,5739,0.1448,0.0095,0.0095,0.0068,,,,,,,,1.731
HB/fs_760_1/fs_760_1.mtx,dasp_double,main,double,ok,6,,,,0.0820,0.0041,0.0041,,2.9116,,,,,,,1.244
HB/fs_760_1/fs_760_1.mtx,dasp_half,main_reduced_precision,half,ok,6,,,,0.0840,0.0041,0.0041,,2.9123,,,,,,,1.696
HB/fs_760_1/fs_760_1.mtx,packsell_pack16,structural_related,half,ok,6,760,760,5739,,0.004128,0.004128,,2.7807,,,,,,0.000396656,3.363
HB/fs_760_1/fs_760_1.mtx,packsell_pack32,structural_related,float,ok,6,760,760,5739,,0.004945,0.004945,,2.32121,,,,,,1.145e-07,2.817
HB/fs_760_1/fs_760_1.mtx,spaden_bitmap_float,structural_related,float,ok,6,760,760,5976,,0.0152,0.0152,,0.7883,16.79,80.9,,,,4.357029e-10,1.714
HB/gemat1/gemat1.mtx,cusparse_double,main,double,ok,6,4929,10595,46591,0.1281,0.0139,0.0139,0.0123,,,,,,,,0.721
HB/gemat1/gemat1.mtx,cusparse_float,main_float,float,ok,5,4929,10595,46591,0.1348,0.0092,0.0092,0.0077,,,,,,,,1.710
HB/gemat1/gemat1.mtx,dasp_double,main,double,ok,5,,,,0.4780,0.0061,0.0061,,15.4121,,,,,,,1.321
HB/gemat1/gemat1.mtx,dasp_half,main_reduced_precision,half,ok,5,,,,0.6310,0.0062,0.0062,,15.2141,,,,,,,1.554
HB/gemat1/gemat1.mtx,packsell_pack16,structural_related,half,ok,5,4929,10595,46591,,0.260306,0.260306,,0.35797,,,,,,0.000491874,2.038
HB/gemat1/gemat1.mtx,packsell_pack32,structural_related,float,ok,5,4929,10595,46591,,0.600147,0.600147,,0.155265,,,,,,1.89684e-07,3.754
HB/gemat1/gemat1.mtx,spaden_bitmap_float,structural_related,float,ok,5,4929,10595,47369,,0.2861,0.2861,,0.3311,93.96,93.1,,,,7.173320e-08,2.163
HB/gemat11/gemat11.mtx,cusparse_double,main,double,ok,5,4929,4929,33108,0.1410,0.0141,0.0141,0.0123,,,,,,,,1.187
HB/gemat11/gemat11.mtx,cusparse_float,main_float,float,ok,4,4929,4929,33108,0.1500,0.0089,0.0089,0.0078,,,,,,,,1.512
HB/gemat11/gemat11.mtx,dasp_double,main,double,ok,4,,,,0.4070,0.0061,0.0061,,10.7989,,,,,,,1.551
HB/gemat11/gemat11.mtx,dasp_half,main_reduced_precision,half,ok,4,,,,0.4180,0.0041,0.0041,,16.1642,,,,,,,1.505
HB/gemat11/gemat11.mtx,packsell_pack16,structural_related,half,ok,4,4929,4929,33108,,0.004369,0.004369,,15.1564,,,,,,0.000477188,2.661
HB/gemat11/gemat11.mtx,packsell_pack32,structural_related,float,ok,4,4929,4929,33108,,0.006383,0.006383,,10.3732,,,,,,1.69175e-07,3.594
HB/gemat11/gemat11.mtx,spaden_bitmap_float,structural_related,float,ok,4,4929,4929,33185,,0.0131,0.0131,,5.0488,34.77,97.0,,,,7.498074e-08,1.828
HB/gemat12/gemat12.mtx,cusparse_double,main,double,ok,1,4929,4929,33044,0.1466,0.0156,0.0156,0.0123,,,,,,,,0.418
HB/gemat12/gemat12.mtx,cusparse_float,main_float,float,ok,6,4929,4929,33044,0.1722,0.0098,0.0098,0.0078,,,,,,,,1.591
HB/gemat12/gemat12.mtx,dasp_double,main,double,ok,6,,,,0.4170,0.0082,0.0082,,8.0778,,,,,,,1.549
HB/gemat12/gemat12.mtx,dasp_half,main_reduced_precision,half,ok,6,,,,0.4950,0.0043,0.0043,,15.3683,,,,,,,1.550
HB/gemat12/gemat12.mtx,packsell_pack16,structural_related,half,ok,6,4929,4929,33044,,0.006360,0.006360,,10.3915,,,,,,0.000505752,2.644
HB/gemat12/gemat12.mtx,packsell_pack32,structural_related,float,ok,6,4929,4929,33044,,0.008526,0.008526,,7.75129,,,,,,1.78323e-07,2.396
HB/gemat12/gemat12.mtx,spaden_bitmap_float,structural_related,float,ok,6,4929,4929,33111,,0.0155,0.0155,,4.2851,205.31,97.2,,,,1.369422e-08,1.837
HB/gent113/gent113.mtx,cusparse_double,main,double,ok,2,113,113,655,0.1299,0.0116,0.0116,0.0082,,,,,,,,0.824
HB/gent113/gent113.mtx,cusparse_float,main_float,float,ok,6,113,113,655,0.1435,0.0075,0.0075,0.0064,,,,,,,,1.672
HB/gent113/gent113.mtx,dasp_double,main,double,ok,6,,,,0.0230,0.0041,0.0041,,0.3191,,,,,,,1.123
HB/gent113/gent113.mtx,dasp_half,main_reduced_precision,half,ok,6,,,,0.0200,0.0041,0.0041,,0.3195,,,,,,,1.837
HB/gent113/gent113.mtx,packsell_pack16,structural_related,half,ok,6,113,113,655,,0.004301,0.004301,,0.304587,,,,,,0.000520728,2.423
HB/gent113/gent113.mtx,packsell_pack32,structural_related,float,ok,6,113,113,655,,0.004367,0.004367,,0.299961,,,,,,1.50946e-07,2.404
HB/gent113/gent113.mtx,spaden_bitmap_float,structural_related,float,ok,6,113,113,655,,0.0070,0.0070,,0.1881,92.91,69.7,,,,0.000000e+00,1.715
HB/gr_30_30/gr_30_30.mtx,cusparse_double,main,double,ok,2,900,900,7744,0.1439,0.0140,0.0140,0.0123,,,,,,,,1.277
HB/gr_30_30/gr_30_30.mtx,cusparse_float,main_float,float,ok,7,900,900,7744,0.1337,0.0080,0.0080,0.0061,,,,,,,,1.710
HB/gr_30_30/gr_30_30.mtx,dasp_double,main,double,ok,7,,,,0.1150,0.0041,0.0041,,3.7757,,,,,,,1.854
HB/gr_30_30/gr_30_30.mtx,dasp_half,main_reduced_precision,half,ok,7,,,,0.1040,0.0040,0.0040,,3.8885,,,,,,,2.316
HB/gr_30_30/gr_30_30.mtx,packsell_pack16,structural_related,half,ok,7,900,900,7744,,0.004550,0.004550,,3.40416,,,,,,0.000591058,2.624
HB/gr_30_30/gr_30_30.mtx,packsell_pack32,structural_related,float,ok,7,900,900,7744,,0.004333,0.004333,,3.57421,,,,,,2.30303e-07,4.261
HB/gr_30_30/gr_30_30.mtx,spaden_bitmap_float,structural_related,float,ok,7,900,900,7744,,0.0071,0.0071,,2.1904,13.36,66.5,,,,0.000000e+00,1.350
HB/gre_1107/gre_1107.mtx,cusparse_double,main,double,ok,6,1107,1107,5664,0.1278,0.0137,0.0137,0.0123,,,,,,,,1.548
HB/gre_1107/gre_1107.mtx,cusparse_float,main_float,float,ok,5,1107,1107,5664,0.1305,0.0089,0.0089,0.0078,,,,,,,,1.676
HB/gre_1107/gre_1107.mtx,dasp_double,main,double,ok,5,,,,0.0930,0.0041,0.0041,,2.7609,,,,,,,1.702
HB/gre_1107/gre_1107.mtx,dasp_half,main_reduced_precision,half,ok,5,,,,0.0930,0.0041,0.0041,,2.7623,,,,,,,1.225
HB/gre_1107/gre_1107.mtx,packsell_pack16,structural_related,half,ok,5,1107,1107,5664,,0.004072,0.004072,,2.78204,,,,,,0.00049255,3.103
HB/gre_1107/gre_1107.mtx,packsell_pack32,structural_related,float,ok,5,1107,1107,5664,,0.004292,0.004292,,2.63914,,,,,,1.66024e-07,2.202
HB/gre_1107/gre_1107.mtx,spaden_bitmap_float,structural_related,float,ok,5,1107,1107,5664,,0.0089,0.0089,,1.2757,6.26,86.0,,,,3.746256e-08,1.773
HB/gre_216a/gre_216a.mtx,cusparse_double,main,double,ok,1,216,216,812,0.1658,0.0138,0.0138,0.0102,,,,,,,,0.425
HB/gre_216a/gre_216a.mtx,cusparse_float,main_float,float,ok,5,216,216,812,0.1346,0.0076,0.0076,0.0057,,,,,,,,1.518
HB/gre_216a/gre_216a.mtx,dasp_double,main,double,ok,5,,,,0.0250,0.0078,0.0078,,0.2237,,,,,,,1.786
HB/gre_216a/gre_216a.mtx,dasp_half,main_reduced_precision,half,ok,5,,,,0.0230,0.0053,0.0053,,0.3315,,,,,,,1.679
HB/gre_216a/gre_216a.mtx,packsell_pack16,structural_related,half,ok,5,216,216,812,,0.003809,0.003809,,0.426351,,,,,,0.000415817,3.204
HB/gre_216a/gre_216a.mtx,packsell_pack32,structural_related,float,ok,5,216,216,812,,0.003003,0.003003,,0.540745,,,,,,1.23676e-07,2.873
HB/gre_216a/gre_216a.mtx,spaden_bitmap_float,structural_related,float,ok,5,216,216,876,,0.0051,0.0051,,0.3454,77.05,69.7,,,,0.000000e+00,1.867
HB/gre_216b/gre_216b.mtx,cusparse_double,main,double,ok,3,216,216,812,0.1405,0.0113,0.0113,0.0082,,,,,,,,1.362
HB/gre_216b/gre_216b.mtx,cusparse_float,main_float,float,ok,6,216,216,812,0.1408,0.0078,0.0078,0.0063,,,,,,,,1.517
HB/gre_216b/gre_216b.mtx,dasp_double,main,double,ok,6,,,,0.0180,0.0041,0.0041,,0.4272,,,,,,,1.546
HB/gre_216b/gre_216b.mtx,dasp_half,main_reduced_precision,half,ok,6,,,,0.0180,0.0041,0.0041,,0.4273,,,,,,,2.013
HB/gre_216b/gre_216b.mtx,packsell_pack16,structural_related,half,ok,6,216,216,812,,0.003152,0.003152,,0.515294,,,,,,0.000423662,2.811
HB/gre_216b/gre_216b.mtx,packsell_pack32,structural_related,float,ok,6,216,216,812,,0.003134,0.003134,,0.518182,,,,,,1.30013e-07,3.491
HB/gre_216b/gre_216b.mtx,spaden_bitmap_float,structural_related,float,ok,6,216,216,876,,0.0050,0.0050,,0.3481,33.66,69.7,,,,0.000000e+00,1.569
HB/illc1033/illc1033.mtx,cusparse_double,main,double,ok,6,1033,320,4719,0.1324,0.0145,0.0145,0.0123,,,,,,,,1.199
HB/illc1033/illc1033.mtx,cusparse_float,main_float,float,ok,4,1033,320,4719,0.1311,0.0092,0.0092,0.0078,,,,,,,,1.678
HB/illc1033/illc1033.mtx,dasp_double,main,double,ok,4,,,,0.0830,0.0041,0.0041,,2.3151,,,,,,,2.017
HB/illc1033/illc1033.mtx,dasp_half,main_reduced_precision,half,ok,4,,,,0.0940,0.0041,0.0041,,2.3072,,,,,,,1.548
HB/illc1033/illc1033.mtx,packsell_pack16,structural_related,half,ok,4,1033,320,4719,,0.004184,0.004184,,2.25584,,,,,,0.000443465,2.601
HB/illc1033/illc1033.mtx,packsell_pack32,structural_related,float,ok,4,1033,320,4719,,0.004258,0.004258,,2.21662,,,,,,1.42327e-07,2.535
HB/illc1033/illc1033.mtx,spaden_bitmap_float,structural_related,float,ok,4,1033,320,4732,,0.0077,0.0077,,1.2304,25.80,82.8,,,,4.497419e-08,1.447
HB/illc1850/illc1850.mtx,cusparse_double,main,double,ok,5,1850,712,8636,0.1818,0.0141,0.0141,0.0118,,,,,,,,1.696
HB/illc1850/illc1850.mtx,cusparse_float,main_float,float,ok,7,1850,712,8636,0.1306,0.0113,0.0113,0.0092,,,,,,,,1.738
HB/illc1850/illc1850.mtx,dasp_double,main,double,ok,7,,,,0.1690,0.0041,0.0041,,4.2732,,,,,,,1.132
HB/illc1850/illc1850.mtx,dasp_half,main_reduced_precision,half,ok,7,,,,0.1490,0.0041,0.0041,,4.2712,,,,,,,1.729
HB/illc1850/illc1850.mtx,packsell_pack16,structural_related,half,ok,7,1850,712,8636,,0.004090,0.004090,,4.22305,,,,,,0.000533717,3.682
HB/illc1850/illc1850.mtx,packsell_pack32,structural_related,float,ok,7,1850,712,8636,,0.004250,0.004250,,4.06413,,,,,,1.71696e-07,3.950
HB/illc1850/illc1850.mtx,spaden_bitmap_float,structural_related,float,ok,7,1850,712,8758,,0.0089,0.0089,,1.9742,118.59,80.4,,,,4.813453e-08,1.480
HB/impcol_b/impcol_b.mtx,cusparse_double,main,double,ok,5,59,59,271,0.1690,0.0136,0.0136,0.0102,,,,,,,,0.912
HB/impcol_b/impcol_b.mtx,cusparse_float,main_float,float,ok,3,59,59,271,0.1372,0.0074,0.0074,0.0065,,,,,,,,1.431
HB/impcol_b/impcol_b.mtx,dasp_double,main,double,ok,3,,,,0.0180,0.0041,0.0041,,0.1521,,,,,,,1.837
HB/impcol_b/impcol_b.mtx,dasp_half,main_reduced_precision,half,ok,3,,,,0.0170,0.0040,0.0040,,0.1551,,,,,,,2.149
HB/impcol_b/impcol_b.mtx,packsell_pack16,structural_related,half,ok,3,59,59,271,,0.004282,0.004282,,0.126581,,,,,,0.000462522,3.716
HB/impcol_b/impcol_b.mtx,packsell_pack32,structural_related,float,ok,3,59,59,271,,0.003340,0.003340,,0.162256,,,,,,1.39557e-07,3.463
HB/impcol_b/impcol_b.mtx,spaden_bitmap_float,structural_related,float,ok,3,59,59,312,,0.0048,0.0048,,0.1293,26.60,64.0,,,,7.749867e-08,1.695
HB/impcol_d/impcol_d.mtx,cusparse_double,main,double,ok,3,425,425,1255,0.1342,0.0122,0.0122,0.0102,,,,,,,,1.057
HB/impcol_d/impcol_d.mtx,cusparse_float,main_float,float,ok,4,425,425,1255,0.1304,0.0078,0.0078,0.0061,,,,,,,,1.683
HB/impcol_d/impcol_d.mtx,dasp_double,main,double,ok,4,,,,0.0350,0.0078,0.0078,,0.3423,,,,,,,1.591
HB/impcol_d/impcol_d.mtx,dasp_half,main_reduced_precision,half,ok,4,,,,0.0200,0.0041,0.0041,,0.6532,,,,,,,1.639
HB/impcol_d/impcol_d.mtx,packsell_pack16,structural_related,half,ok,4,425,425,1255,,0.004284,0.004284,,0.585865,,,,,,0.000475147,2.495
HB/impcol_d/impcol_d.mtx,packsell_pack32,structural_related,float,ok,4,425,425,1255,,0.003706,0.003706,,0.677359,,,,,,1.16919e-07,2.475
HB/impcol_d/impcol_d.mtx,spaden_bitmap_float,structural_related,float,ok,4,425,425,1339,,0.0051,0.0051,,0.5236,149.92,75.1,,,,0.000000e+00,2.253
HB/jagmesh1/jagmesh1.mtx,cusparse_double,main,double,ok,2,936,936,6264,0.1617,0.0175,0.0175,0.0133,,,,,,,,1.088
HB/jagmesh1/jagmesh1.mtx,cusparse_float,main_float,float,ok,4,936,936,6264,0.1421,0.0100,0.0100,0.0081,,,,,,,,1.784
HB/jagmesh1/jagmesh1.mtx,dasp_double,main,double,ok,4,,,,0.0840,0.0091,0.0091,,1.3698,,,,,,,2.518
HB/jagmesh1/jagmesh1.mtx,dasp_half,main_reduced_precision,half,ok,4,,,,0.1000,0.0041,0.0041,,3.0511,,,,,,,1.655
HB/jagmesh1/jagmesh1.mtx,packsell_pack16,structural_related,half,ok,4,936,936,6264,,0.003593,0.003593,,3.48633,,,,,,0.00137922,2.275
HB/jagmesh1/jagmesh1.mtx,packsell_pack32,structural_related,float,ok,4,936,936,6264,,0.004299,0.004299,,2.91396,,,,,,4.1817e-07,2.078
HB/jagmesh1/jagmesh1.mtx,spaden_bitmap_float,structural_related,float,ok,4,936,936,6264,,0.0090,0.0090,,1.3964,15.04,73.3,,,,0.000000e+00,1.988
HB/jagmesh2/jagmesh2.mtx,cusparse_double,main,double,ok,1,1009,1009,6865,0.1327,0.0132,0.0132,0.0123,,,,,,,,0.397
HB/jagmesh2/jagmesh2.mtx,cusparse_float,main_float,float,ok,2,1009,1009,6865,0.1292,0.0081,0.0081,0.0061,,,,,,,,1.710
HB/jagmesh2/jagmesh2.mtx,dasp_double,main,double,ok,2,,,,0.1190,0.0041,0.0041,,3.3471,,,,,,,1.216
HB/jagmesh2/jagmesh2.mtx,dasp_half,main_reduced_precision,half,ok,2,,,,0.0990,0.0041,0.0041,,3.3471,,,,,,,1.815
HB/jagmesh2/jagmesh2.mtx,packsell_pack16,structural_related,half,ok,2,1009,1009,6865,,0.004292,0.004292,,3.19895,,,,,,0.00139953,2.824
HB/jagmesh2/jagmesh2.mtx,packsell_pack32,structural_related,float,ok,2,1009,1009,6865,,0.003942,0.003942,,3.48297,,,,,,4.17453e-07,2.403
HB/jagmesh2/jagmesh2.mtx,spaden_bitmap_float,structural_related,float,ok,2,1009,1009,6865,,0.0091,0.0091,,1.5124,10.85,74.4,,,,0.000000e+00,2.133
HB/jagmesh3/jagmesh3.mtx,cusparse_double,main,double,ok,4,1089,1089,7361,0.1713,0.0133,0.0133,0.0123,,,,,,,,1.424
HB/jagmesh3/jagmesh3.mtx,cusparse_float,main_float,float,ok,7,1089,1089,7361,0.1425,0.0088,0.0088,0.0077,,,,,,,,1.507
HB/jagmesh3/jagmesh3.mtx,dasp_double,main,double,ok,7,,,,0.1120,0.0064,0.0064,,2.2899,,,,,,,1.496
HB/jagmesh3/jagmesh3.mtx,dasp_half,main_reduced_precision,half,ok,7,,,,0.1320,0.0041,0.0041,,3.5899,,,,,,,1.577
HB/jagmesh3/jagmesh3.mtx,packsell_pack16,structural_related,half,ok,7,1089,1089,7361,,0.004202,0.004202,,3.50374,,,,,,0.00119696,2.661
HB/jagmesh3/jagmesh3.mtx,packsell_pack32,structural_related,float,ok,7,1089,1089,7361,,0.004233,0.004233,,3.47827,,,,,,3.18045e-07,2.727
HB/jagmesh3/jagmesh3.mtx,spaden_bitmap_float,structural_related,float,ok,7,1089,1089,7361,,0.0092,0.0092,,1.5961,8.06,72.8,,,,0.000000e+00,1.606
HB/jagmesh4/jagmesh4.mtx,cusparse_double,main,double,ok,1,1440,1440,9504,0.1414,0.0138,0.0138,0.0119,,,,,,,,0.400
HB/jagmesh4/jagmesh4.mtx,cusparse_float,main_float,float,ok,4,1440,1440,9504,0.1362,0.0094,0.0094,0.0077,,,,,,,,1.618
HB/jagmesh4/jagmesh4.mtx,dasp_double,main,double,ok,4,,,,0.1360,0.0041,0.0041,,4.6361,,,,,,,1.329
HB/jagmesh4/jagmesh4.mtx,dasp_half,main_reduced_precision,half,ok,4,,,,0.1460,0.0041,0.0041,,4.6327,,,,,,,1.255
HB/jagmesh4/jagmesh4.mtx,packsell_pack16,structural_related,half,ok,4,1440,1440,9504,,0.003883,0.003883,,4.89481,,,,,,0.00124573,2.451
HB/jagmesh4/jagmesh4.mtx,packsell_pack32,structural_related,float,ok,4,1440,1440,9504,,0.004308,0.004308,,4.41256,,,,,,3.69735e-07,2.972
HB/jagmesh4/jagmesh4.mtx,spaden_bitmap_float,structural_related,float,ok,4,1440,1440,9504,,0.0088,0.0088,,2.1639,10.85,73.2,,,,0.000000e+00,1.419
HB/jagmesh5/jagmesh5.mtx,cusparse_double,main,double,ok,3,1180,1180,7750,0.1571,0.0159,0.0159,0.0123,,,,,,,,1.316
HB/jagmesh5/jagmesh5.mtx,cusparse_float,main_float,float,ok,7,1180,1180,7750,0.1336,0.0088,0.0088,0.0077,,,,,,,,1.677
HB/jagmesh5/jagmesh5.mtx,dasp_double,main,double,ok,7,,,,0.1320,0.0041,0.0041,,3.7796,,,,,,,1.972
HB/jagmesh5/jagmesh5.mtx,dasp_half,main_reduced_precision,half,ok,7,,,,0.1520,0.0097,0.0097,,1.5996,,,,,,,1.729
HB/jagmesh5/jagmesh5.mtx,packsell_pack16,structural_related,half,ok,7,1180,1180,7750,,0.004250,0.004250,,3.64734,,,,,,0.00107484,3.534
HB/jagmesh5/jagmesh5.mtx,packsell_pack32,structural_related,float,ok,7,1180,1180,7750,,0.004020,0.004020,,3.85537,,,,,,3.78264e-07,3.623
HB/jagmesh5/jagmesh5.mtx,spaden_bitmap_float,structural_related,float,ok,7,1180,1180,7750,,0.0071,0.0071,,2.1721,24.49,72.8,,,,0.000000e+00,2.168
HB/jagmesh6/jagmesh6.mtx,cusparse_double,main,double,ok,3,1377,1377,8993,0.1455,0.0147,0.0147,0.0123,,,,,,,,1.323
HB/jagmesh6/jagmesh6.mtx,cusparse_float,main_float,float,ok,6,1377,1377,8993,0.1322,0.0088,0.0088,0.0077,,,,,,,,1.627
HB/jagmesh6/jagmesh6.mtx,dasp_double,main,double,ok,6,,,,0.1380,0.0041,0.0041,,4.3858,,,,,,,1.551
HB/jagmesh6/jagmesh6.mtx,dasp_half,main_reduced_precision,half,ok,6,,,,0.1540,0.0041,0.0041,,4.3826,,,,,,,1.664
HB/jagmesh6/jagmesh6.mtx,packsell_pack16,structural_related,half,ok,6,1377,1377,8993,,0.004253,0.004253,,4.22888,,,,,,0.00118594,3.035
HB/jagmesh6/jagmesh6.mtx,packsell_pack32,structural_related,float,ok,6,1377,1377,8993,,0.003866,0.003866,,4.65219,,,,,,3.77704e-07,2.711
HB/jagmesh6/jagmesh6.mtx,spaden_bitmap_float,structural_related,float,ok,6,1377,1377,8993,,0.0072,0.0072,,2.4866,12.22,72.5,,,,0.000000e+00,2.338
HB/jagmesh7/jagmesh7.mtx,cusparse_double,main,double,ok,1,1138,1138,7450,0.1501,0.0141,0.0141,0.0123,,,,,,,,0.409
HB/jagmesh7/jagmesh7.mtx,cusparse_float,main_float,float,ok,5,1138,1138,7450,0.1383,0.0091,0.0091,0.0075,,,,,,,,1.625
HB/jagmesh7/jagmesh7.mtx,dasp_double,main,double,ok,5,,,,0.0970,0.0041,0.0041,,3.6315,,,,,,,1.403
HB/jagmesh7/jagmesh7.mtx,dasp_half,main_reduced_precision,half,ok,5,,,,0.1150,0.0041,0.0041,,3.6333,,,,,,,1.553
HB/jagmesh7/jagmesh7.mtx,packsell_pack16,structural_related,half,ok,5,1138,1138,7450,,0.004247,0.004247,,3.50866,,,,,,0.00160302,2.351
HB/jagmesh7/jagmesh7.mtx,packsell_pack32,structural_related,float,ok,5,1138,1138,7450,,0.004144,0.004144,,3.5955,,,,,,4.18161e-07,2.771
HB/jagmesh7/jagmesh7.mtx,spaden_bitmap_float,structural_related,float,ok,5,1138,1138,7450,,0.0069,0.0069,,2.1667,13.34,74.2,,,,0.000000e+00,1.819
HB/jagmesh8/jagmesh8.mtx,cusparse_double,main,double,ok,2,1141,1141,7465,0.1634,0.0179,0.0179,0.0154,,,,,,,,1.329
HB/jagmesh8/jagmesh8.mtx,cusparse_float,main_float,float,ok,3,1141,1141,7465,0.1308,0.0083,0.0083,0.0071,,,,,,,,1.521
HB/jagmesh8/jagmesh8.mtx,dasp_double,main,double,ok,3,,,,0.0930,0.0041,0.0041,,3.6388,,,,,,,1.423
HB/jagmesh8/jagmesh8.mtx,dasp_half,main_reduced_precision,half,ok,3,,,,0.1100,0.0041,0.0041,,3.6406,,,,,,,1.506
HB/jagmesh8/jagmesh8.mtx,packsell_pack16,structural_related,half,ok,3,1141,1141,7465,,0.004045,0.004045,,3.69064,,,,,,0.00149236,2.248
HB/jagmesh8/jagmesh8.mtx,packsell_pack32,structural_related,float,ok,3,1141,1141,7465,,0.004023,0.004023,,3.71162,,,,,,4.38763e-07,3.250
HB/jagmesh8/jagmesh8.mtx,spaden_bitmap_float,structural_related,float,ok,3,1141,1141,7465,,0.0070,0.0070,,2.1207,9.16,74.7,,,,0.000000e+00,1.295
HB/jagmesh9/jagmesh9.mtx,cusparse_double,main,double,ok,4,1349,1349,9101,0.1322,0.0137,0.0137,0.0123,,,,,,,,1.169
HB/jagmesh9/jagmesh9.mtx,cusparse_float,main_float,float,ok,5,1349,1349,9101,0.1472,0.0095,0.0095,0.0078,,,,,,,,1.562
HB/jagmesh9/jagmesh9.mtx,dasp_double,main,double,ok,5,,,,0.1280,0.0041,0.0041,,4.4352,,,,,,,1.607
HB/jagmesh9/jagmesh9.mtx,dasp_half,main_reduced_precision,half,ok,5,,,,0.1590,0.0041,0.0041,,4.4602,,,,,,,1.287
HB/jagmesh9/jagmesh9.mtx,packsell_pack16,structural_related,half,ok,5,1349,1349,9101,,0.004206,0.004206,,4.328,,,,,,0.00138166,2.923
HB/jagmesh9/jagmesh9.mtx,packsell_pack32,structural_related,float,ok,5,1349,1349,9101,,0.004360,0.004360,,4.17432,,,,,,4.47268e-07,2.973
HB/jagmesh9/jagmesh9.mtx,spaden_bitmap_float,structural_related,float,ok,5,1349,1349,9101,,0.0110,0.0110,,1.6550,24.98,73.2,,,,0.000000e+00,1.512
HB/jgl009/jgl009.mtx,cusparse_double,main,double,ok,7,9,9,50,0.1122,0.0114,0.0114,0.0082,,,,,,,,0.340
HB/jgl009/jgl009.mtx,cusparse_float,main_float,float,ok,7,9,9,50,0.1301,0.0079,0.0079,0.0066,,,,,,,,1.491
HB/jgl009/jgl009.mtx,dasp_double,main,double,ok,7,,,,0.0090,0.0076,0.0076,,0.0132,,,,,,,1.473
HB/jgl009/jgl009.mtx,dasp_half,main_reduced_precision,half,ok,7,,,,0.0100,0.0041,0.0041,,0.0246,,,,,,,1.221
HB/jgl009/jgl009.mtx,packsell_pack16,structural_related,half,ok,7,9,9,50,,0.004197,0.004197,,0.0238243,,,,,,0.000524009,1.492
HB/jgl009/jgl009.mtx,packsell_pack32,structural_related,float,ok,7,9,9,50,,0.004153,0.004153,,0.0240772,,,,,,1.44947e-07,1.533
HB/jgl009/jgl009.mtx,spaden_bitmap_float,structural_related,float,ok,7,9,9,50,,0.0048,0.0048,,0.0210,6.86,63.6,,,,0.000000e+00,0.778
HB/jgl011/jgl011.mtx,cusparse_double,main,double,ok,7,11,11,76,0.1239,0.0113,0.0113,0.0082,,,,,,,,0.397
HB/jgl011/jgl011.mtx,cusparse_float,main_float,float,ok,4,11,11,76,0.1293,0.0073,0.0073,0.0062,,,,,,,,1.623
HB/jgl011/jgl011.mtx,dasp_double,main,double,ok,4,,,,0.0110,0.0041,0.0041,,0.0371,,,,,,,1.587
HB/jgl011/jgl011.mtx,dasp_half,main_reduced_precision,half,ok,4,,,,0.0090,0.0061,0.0061,,0.0248,,,,,,,1.339
HB/jgl011/jgl011.mtx,packsell_pack16,structural_related,half,ok,4,11,11,76,,0.004231,0.004231,,0.0359279,,,,,,0.000632109,1.936
HB/jgl011/jgl011.mtx,packsell_pack32,structural_related,float,ok,4,11,11,76,,0.004225,0.004225,,0.0359797,,,,,,2.57235e-07,2.021
HB/jgl011/jgl011.mtx,spaden_bitmap_float,structural_related,float,ok,4,11,11,76,,0.0047,0.0047,,0.0325,27.15,58.5,,,,0.000000e+00,1.463
HB/lap_25/lap_25.mtx,cusparse_double,main,double,ok,6,25,25,169,0.1444,0.0119,0.0119,0.0082,,,,,,,,1.792
HB/lap_25/lap_25.mtx,cusparse_float,main_float,float,ok,6,25,25,169,0.1359,0.0072,0.0072,0.0064,,,,,,,,1.665
HB/lap_25/lap_25.mtx,dasp_double,main,double,ok,6,,,,0.0110,0.0041,0.0041,,0.0825,,,,,,,1.624
HB/lap_25/lap_25.mtx,dasp_half,main_reduced_precision,half,ok,6,,,,0.0090,0.0060,0.0060,,0.0563,,,,,,,1.486
HB/lap_25/lap_25.mtx,packsell_pack16,structural_related,half,ok,6,25,25,169,,0.003277,0.003277,,0.103158,,,,,,0.000760194,2.487
HB/lap_25/lap_25.mtx,packsell_pack32,structural_related,float,ok,6,25,25,169,,0.004278,0.004278,,0.0790027,,,,,,2.87898e-07,1.980
HB/lap_25/lap_25.mtx,spaden_bitmap_float,structural_related,float,ok,6,25,25,169,,0.0045,0.0045,,0.0750,55.36,59.1,,,,0.000000e+00,1.605
HB/lns_511/lns_511.mtx,cusparse_double,main,double,ok,3,511,511,2796,0.1376,0.0126,0.0126,0.0102,,,,,,,,1.784
HB/lns_511/lns_511.mtx,cusparse_float,main_float,float,ok,2,511,511,2796,0.1630,0.0078,0.0078,0.0061,,,,,,,,1.877
HB/lns_511/lns_511.mtx,dasp_double,main,double,ok,2,,,,0.0450,0.0041,0.0041,,1.3626,,,,,,,1.540
HB/lns_511/lns_511.mtx,dasp_half,main_reduced_precision,half,ok,2,,,,0.0440,0.0040,0.0040,,1.3883,,,,,,,1.645
HB/lns_511/lns_511.mtx,packsell_pack16,structural_related,half,ok,2,511,511,2796,,0.004208,0.004208,,1.32887,,,,,,0.000402408,2.361
HB/lns_511/lns_511.mtx,packsell_pack32,structural_related,float,ok,2,511,511,2796,,0.004300,0.004300,,1.30057,,,,,,1.27503e-07,3.215
HB/lns_511/lns_511.mtx,spaden_bitmap_float,structural_related,float,ok,2,511,511,2796,,0.0090,0.0090,,0.6186,13.13,77.7,,,,6.915246e-07,1.252
HB/lnsp3937/lnsp3937.mtx,cusparse_double,main,double,ok,3,3937,3937,25407,0.1489,0.0146,0.0146,0.0123,,,,,,,,0.756
HB/lnsp3937/lnsp3937.mtx,cusparse_float,main_float,float,ok,4,3937,3937,25407,0.1406,0.0110,0.0110,0.0092,,,,,,,,1.565
HB/lnsp3937/lnsp3937.mtx,dasp_double,main,double,ok,4,,,,0.3690,0.0137,0.0137,,3.6972,,,,,,,1.551
HB/lnsp3937/lnsp3937.mtx,dasp_half,main_reduced_precision,half,ok,4,,,,0.3070,0.0041,0.0041,,12.3876,,,,,,,1.778
HB/lnsp3937/lnsp3937.mtx,packsell_pack16,structural_related,half,ok,4,3937,3937,25407,,0.004255,0.004255,,11.9429,,,,,,0.000487583,2.816
HB/lnsp3937/lnsp3937.mtx,packsell_pack32,structural_related,float,ok,4,3937,3937,25407,,0.004303,0.004303,,11.8077,,,,,,1.55159e-07,2.358
HB/lnsp3937/lnsp3937.mtx,spaden_bitmap_float,structural_related,float,ok,4,3937,3937,25407,,0.0069,0.0069,,7.3425,15.94,71.1,,,,2.939401e-06,1.581
HB/lnsp_131/lnsp_131.mtx,cusparse_double,main,double,ok,6,131,131,536,0.1348,0.0118,0.0118,0.0082,,,,,,,,1.506
HB/lnsp_131/lnsp_131.mtx,cusparse_float,main_float,float,ok,3,131,131,536,0.1285,0.0070,0.0070,0.0051,,,,,,,,1.567
HB/lnsp_131/lnsp_131.mtx,dasp_double,main,double,ok,3,,,,0.0200,0.0041,0.0041,,0.2614,,,,,,,1.905
HB/lnsp_131/lnsp_131.mtx,dasp_half,main_reduced_precision,half,ok,3,,,,0.0180,0.0041,0.0041,,0.2615,,,,,,,1.750
HB/lnsp_131/lnsp_131.mtx,packsell_pack16,structural_related,half,ok,3,131,131,536,,0.004382,0.004382,,0.244658,,,,,,0.000326332,3.176
HB/lnsp_131/lnsp_131.mtx,packsell_pack32,structural_related,float,ok,3,131,131,536,,0.003889,0.003889,,0.275645,,,,,,1.02603e-07,4.331
HB/lnsp_131/lnsp_131.mtx,spaden_bitmap_float,structural_related,float,ok,3,131,131,536,,0.0069,0.0069,,0.1553,212.17,79.7,,,,1.366233e-07,1.490
HB/lnsp_511/lnsp_511.mtx,cusparse_double,main,double,ok,2,511,511,2796,0.1402,0.0126,0.0126,0.0102,,,,,,,,1.371
HB/lnsp_511/lnsp_511.mtx,cusparse_float,main_float,float,ok,5,511,511,2796,0.1370,0.0080,0.0080,0.0065,,,,,,,,1.547
HB/lnsp_511/lnsp_511.mtx,dasp_double,main,double,ok,5,,,,0.0400,0.0041,0.0041,,1.3629,,,,,,,1.811
HB/lnsp_511/lnsp_511.mtx,dasp_half,main_reduced_precision,half,ok,5,,,,0.0470,0.0057,0.0057,,0.9862,,,,,,,1.559
HB/lnsp_511/lnsp_511.mtx,packsell_pack16,structural_related,half,ok,5,511,511,2796,,0.004231,0.004231,,1.32156,,,,,,0.000407151,3.018
HB/lnsp_511/lnsp_511.mtx,packsell_pack32,structural_related,float,ok,5,511,511,2796,,0.004295,0.004295,,1.30185,,,,,,1.29138e-07,2.058
HB/lnsp_511/lnsp_511.mtx,spaden_bitmap_float,structural_related,float,ok,5,511,511,2796,,0.0070,0.0070,,0.8016,64.65,75.1,,,,2.693186e-07,1.759
HB/lock1074/lock1074.mtx,cusparse_double,main,double,ok,6,1074,1074,51588,0.1517,0.0128,0.0128,0.0102,,,,,,,,1.145
HB/lock1074/lock1074.mtx,cusparse_float,main_float,float,ok,6,1074,1074,51588,0.1356,0.0092,0.0092,0.0072,,,,,,,,1.540
HB/lock1074/lock1074.mtx,dasp_double,main,double,ok,6,,,,0.4700,0.0102,0.0102,,10.0738,,,,,,,1.927
HB/lock1074/lock1074.mtx,dasp_half,main_reduced_precision,half,ok,6,,,,0.3830,0.0062,0.0062,,16.7766,,,,,,,1.650
HB/lock1074/lock1074.mtx,packsell_pack16,structural_related,half,ok,6,1074,1074,51588,,0.008406,0.008406,,12.2736,,,,,,0.00236064,3.688
HB/lock1074/lock1074.mtx,packsell_pack32,structural_related,float,ok,6,1074,1074,51588,,0.012586,0.012586,,8.19783,,,,,,9.46029e-07,3.725
HB/lock1074/lock1074.mtx,spaden_bitmap_float,structural_related,float,ok,6,1074,1074,51588,,0.0131,0.0131,,7.8961,26.87,55.9,,,,0.000000e+00,2.238
HB/lock2232/lock2232.mtx,cusparse_double,main,double,ok,2,2232,2232,80352,0.1362,0.0140,0.0140,0.0102,,,,,,,,1.243
HB/lock2232/lock2232.mtx,cusparse_float,main_float,float,ok,3,2232,2232,80352,0.1526,0.0101,0.0101,0.0086,,,,,,,,1.489
HB/lock2232/lock2232.mtx,dasp_double,main,double,ok,3,,,,0.6920,0.0062,0.0062,,26.1180,,,,,,,1.544
HB/lock2232/lock2232.mtx,dasp_half,main_reduced_precision,half,ok,3,,,,0.5610,0.0063,0.0063,,25.4440,,,,,,,1.064
HB/lock2232/lock2232.mtx,packsell_pack16,structural_related,half,ok,3,2232,2232,80352,,0.006304,0.006304,,25.4933,,,,,,0.00358654,2.058
HB/lock2232/lock2232.mtx,packsell_pack32,structural_related,float,ok,3,2232,2232,80352,,0.008385,0.008385,,19.1666,,,,,,1.3342e-06,2.196
HB/lock2232/lock2232.mtx,spaden_bitmap_float,structural_related,float,ok,3,2232,2232,80352,,0.0111,0.0111,,14.4629,52.29,57.2,,,,0.000000e+00,1.624
HB/lock3491/lock3491.mtx,cusparse_double,main,double,ok,4,3491,3491,160444,0.1470,0.0146,0.0146,0.0102,,,,,,,,0.998
HB/lock3491/lock3491.mtx,cusparse_float,main_float,float,ok,3,3491,3491,160444,0.1700,0.0088,0.0088,0.0067,,,,,,,,1.541
HB/lock3491/lock3491.mtx,dasp_double,main,double,ok,3,,,,1.6420,0.0143,0.0143,,22.3865,,,,,,,1.683
HB/lock3491/lock3491.mtx,dasp_half,main_reduced_precision,half,ok,3,,,,1.0490,0.0062,0.0062,,52.1430,,,,,,,1.248
HB/lock3491/lock3491.mtx,packsell_pack16,structural_related,half,ok,3,3491,3491,160444,,0.008511,0.008511,,37.7024,,,,,,0.00112073,3.258
HB/lock3491/lock3491.mtx,packsell_pack32,structural_related,float,ok,3,3491,3491,160444,,0.014595,0.014595,,21.9856,,,,,,5.95893e-07,2.846
HB/lock3491/lock3491.mtx,spaden_bitmap_float,structural_related,float,ok,3,3491,3491,160444,,0.0141,0.0141,,22.6906,165.08,55.9,,,,0.000000e+00,1.957
HB/lock_700/lock_700.mtx,cusparse_double,main,double,ok,2,700,700,22175,0.1610,0.0156,0.0156,0.0102,,,,,,,,1.369
HB/lock_700/lock_700.mtx,cusparse_float,main_float,float,ok,5,700,700,22175,0.1302,0.0082,0.0082,0.0061,,,,,,,,1.650
HB/lock_700/lock_700.mtx,dasp_double,main,double,ok,5,,,,0.2040,0.0082,0.0082,,5.4132,,,,,,,1.894
HB/lock_700/lock_700.mtx,dasp_half,main_reduced_precision,half,ok,5,,,,0.1590,0.0089,0.0089,,4.9994,,,,,,,1.449
HB/lock_700/lock_700.mtx,packsell_pack16,structural_related,half,ok,5,700,700,22175,,0.006351,0.006351,,6.98297,,,,,,0.00172563,2.882
HB/lock_700/lock_700.mtx,packsell_pack32,structural_related,float,ok,5,700,700,22175,,0.008467,0.008467,,5.23809,,,,,,7.18524e-07,2.289
HB/lock_700/lock_700.mtx,spaden_bitmap_float,structural_related,float,ok,5,700,700,22175,,0.0097,0.0097,,4.5938,39.45,57.7,,,,0.000000e+00,1.874
HB/lshp1009/lshp1009.mtx,cusparse_double,main,double,ok,5,1009,1009,6865,0.1489,0.0174,0.0174,0.0143,,,,,,,,0.921
HB/lshp1009/lshp1009.mtx,cusparse_float,main_float,float,ok,5,1009,1009,6865,0.1316,0.0081,0.0081,0.0061,,,,,,,,1.614
HB/lshp1009/lshp1009.mtx,dasp_double,main,double,ok,5,,,,0.1070,0.0041,0.0041,,3.3480,,,,,,,1.846
HB/lshp1009/lshp1009.mtx,dasp_half,main_reduced_precision,half,ok,5,,,,0.1080,0.0041,0.0041,,3.3471,,,,,,,1.333
HB/lshp1009/lshp1009.mtx,packsell_pack16,structural_related,half,ok,5,1009,1009,6865,,0.004073,0.004073,,3.37126,,,,,,0.00139953,2.729
HB/lshp1009/lshp1009.mtx,packsell_pack32,structural_related,float,ok,5,1009,1009,6865,,0.004301,0.004301,,3.19211,,,,,,4.17453e-07,2.531
HB/lshp1009/lshp1009.mtx,spaden_bitmap_float,structural_related,float,ok,5,1009,1009,6865,,0.0093,0.0093,,1.4823,52.16,74.4,,,,0.000000e+00,1.896
HB/lshp1270/lshp1270.mtx,cusparse_double,main,double,ok,5,1270,1270,8668,0.1703,0.0172,0.0172,0.0143,,,,,,,,0.990
HB/lshp1270/lshp1270.mtx,cusparse_float,main_float,float,ok,2,1270,1270,8668,0.1383,0.0088,0.0088,0.0078,,,,,,,,1.605
HB/lshp1270/lshp1270.mtx,dasp_double,main,double,ok,2,,,,0.1240,0.0041,0.0041,,4.2616,,,,,,,1.912
HB/lshp1270/lshp1270.mtx,dasp_half,main_reduced_precision,half,ok,2,,,,0.1270,0.0041,0.0041,,4.2262,,,,,,,1.623
HB/lshp1270/lshp1270.mtx,packsell_pack16,structural_related,half,ok,2,1270,1270,8668,,0.004271,0.004271,,4.05926,,,,,,0.00145313,2.569
HB/lshp1270/lshp1270.mtx,packsell_pack32,structural_related,float,ok,2,1270,1270,8668,,0.004248,0.004248,,4.0812,,,,,,4.49409e-07,2.015
HB/lshp1270/lshp1270.mtx,spaden_bitmap_float,structural_related,float,ok,2,1270,1270,8668,,0.0092,0.0092,,1.8903,195.84,73.9,,,,0.000000e+00,1.796
HB/lshp1561/lshp1561.mtx,cusparse_double,main,double,ok,2,1561,1561,10681,0.1333,0.0143,0.0143,0.0123,,,,,,,,1.561
HB/lshp1561/lshp1561.mtx,cusparse_float,main_float,float,ok,4,1561,1561,10681,0.1386,0.0094,0.0094,0.0079,,,,,,,,1.918
HB/lshp1561/lshp1561.mtx,dasp_double,main,double,ok,4,,,,0.1660,0.0041,0.0041,,5.2090,,,,,,,1.265
HB/lshp1561/lshp1561.mtx,dasp_half,main_reduced_precision,half,ok,4,,,,0.1880,0.0041,0.0041,,5.2090,,,,,,,1.328
HB/lshp1561/lshp1561.mtx,packsell_pack16,structural_related,half,ok,4,1561,1561,10681,,0.004305,0.004305,,4.96206,,,,,,0.00123189,2.402
HB/lshp1561/lshp1561.mtx,packsell_pack32,structural_related,float,ok,4,1561,1561,10681,,0.004210,0.004210,,5.07399,,,,,,4.02516e-07,3.287
HB/lshp1561/lshp1561.mtx,spaden_bitmap_float,structural_related,float,ok,4,1561,1561,10681,,0.0089,0.0089,,2.3953,33.76,73.4,,,,0.000000e+00,1.505
HB/lshp1882/lshp1882.mtx,cusparse_double,main,double,ok,5,1882,1882,12904,0.1164,0.0136,0.0136,0.0119,,,,,,,,1.478
HB/lshp1882/lshp1882.mtx,cusparse_float,main_float,float,ok,3,1882,1882,12904,0.1202,0.0083,0.0083,0.0069,,,,,,,,1.708
HB/lshp1882/lshp1882.mtx,dasp_double,main,double,ok,3,,,,0.1520,0.0041,0.0041,,6.2931,,,,,,,2.057
HB/lshp1882/lshp1882.mtx,dasp_half,main_reduced_precision,half,ok,3,,,,0.2150,0.0041,0.0041,,6.2992,,,,,,,1.447
HB/lshp1882/lshp1882.mtx,packsell_pack16,structural_related,half,ok,3,1882,1882,12904,,0.004325,0.004325,,5.96786,,,,,,0.00132451,2.552
HB/lshp1882/lshp1882.mtx,packsell_pack32,structural_related,float,ok,3,1882,1882,12904,,0.004266,0.004266,,6.04984,,,,,,4.13423e-07,3.517
HB/lshp1882/lshp1882.mtx,spaden_bitmap_float,structural_related,float,ok,3,1882,1882,12904,,0.0089,0.0089,,2.8855,9.17,73.6,,,,0.000000e+00,1.572
HB/lshp2233/lshp2233.mtx,cusparse_double,main,double,ok,5,2233,2233,15337,0.1347,0.0145,0.0145,0.0123,,,,,,,,1.483
HB/lshp2233/lshp2233.mtx,cusparse_float,main_float,float,ok,4,2233,2233,15337,0.1449,0.0095,0.0095,0.0078,,,,,,,,1.630
HB/lshp2233/lshp2233.mtx,dasp_double,main,double,ok,4,,,,0.2160,0.0144,0.0144,,2.1282,,,,,,,1.920
HB/lshp2233/lshp2233.mtx,dasp_half,main_reduced_precision,half,ok,4,,,,0.2400,0.0078,0.0078,,3.9080,,,,,,,1.374
HB/lshp2233/lshp2233.mtx,packsell_pack16,structural_related,half,ok,4,2233,2233,15337,,0.004264,0.004264,,7.19355,,,,,,0.001342,2.356
HB/lshp2233/lshp2233.mtx,packsell_pack32,structural_related,float,ok,4,2233,2233,15337,,0.004267,0.004267,,7.18927,,,,,,3.88577e-07,2.242
HB/lshp2233/lshp2233.mtx,spaden_bitmap_float,structural_related,float,ok,4,2233,2233,15337,,0.0090,0.0090,,3.4080,62.21,73.7,,,,0.000000e+00,1.883
HB/lshp2614/lshp2614.mtx,cusparse_double,main,double,ok,6,2614,2614,17980,0.1442,0.0142,0.0142,0.0123,,,,,,,,1.209
HB/lshp2614/lshp2614.mtx,cusparse_float,main_float,float,ok,2,2614,2614,17980,0.1395,0.0091,0.0091,0.0077,,,,,,,,1.771
HB/lshp2614/lshp2614.mtx,dasp_double,main,double,ok,2,,,,0.2430,0.0041,0.0041,,8.7665,,,,,,,1.669
HB/lshp2614/lshp2614.mtx,dasp_half,main_reduced_precision,half,ok,2,,,,0.2860,0.0041,0.0041,,8.7643,,,,,,,1.489
HB/lshp2614/lshp2614.mtx,packsell_pack16,structural_related,half,ok,2,2614,2614,17980,,0.004248,0.004248,,8.46556,,,,,,0.00140883,2.287
HB/lshp2614/lshp2614.mtx,packsell_pack32,structural_related,float,ok,2,2614,2614,17980,,0.004231,0.004231,,8.4989,,,,,,4.45792e-07,2.704
HB/lshp2614/lshp2614.mtx,spaden_bitmap_float,structural_related,float,ok,2,2614,2614,17980,,0.0091,0.0091,,3.9601,6.78,73.9,,,,0.000000e+00,1.218
HB/lshp3025/lshp3025.mtx,cusparse_double,main,double,ok,7,3025,3025,20833,0.1130,0.0143,0.0143,0.0123,,,,,,,,0.395
HB/lshp3025/lshp3025.mtx,cusparse_float,main_float,float,ok,2,3025,3025,20833,0.1257,0.0085,0.0085,0.0069,,,,,,,,1.929
HB/lshp3025/lshp3025.mtx,dasp_double,main,double,ok,2,,,,0.2810,0.0041,0.0041,,10.1525,,,,,,,1.116
HB/lshp3025/lshp3025.mtx,dasp_half,main_reduced_precision,half,ok,2,,,,0.3130,0.0041,0.0041,,10.1550,,,,,,,1.667
HB/lshp3025/lshp3025.mtx,packsell_pack16,structural_related,half,ok,2,3025,3025,20833,,0.004309,0.004309,,9.66886,,,,,,0.00144352,2.772
HB/lshp3025/lshp3025.mtx,packsell_pack32,structural_related,float,ok,2,3025,3025,20833,,0.004277,0.004277,,9.74142,,,,,,4.81952e-07,2.406
HB/lshp3025/lshp3025.mtx,spaden_bitmap_float,structural_related,float,ok,2,3025,3025,20833,,0.0091,0.0091,,4.5713,19.31,74.0,,,,0.000000e+00,1.276
HB/lshp3466/lshp3466.mtx,cusparse_double,main,double,ok,7,3466,3466,23896,0.1516,0.0177,0.0177,0.0123,,,,,,,,0.441
HB/lshp3466/lshp3466.mtx,cusparse_float,main_float,float,ok,6,3466,3466,23896,0.1372,0.0093,0.0093,0.0080,,,,,,,,1.333
HB/lshp3466/lshp3466.mtx,dasp_double,main,double,ok,6,,,,0.3040,0.0041,0.0041,,11.6509,,,,,,,1.395
HB/lshp3466/lshp3466.mtx,dasp_half,main_reduced_precision,half,ok,6,,,,0.3390,0.0041,0.0041,,11.6594,,,,,,,1.401
HB/lshp3466/lshp3466.mtx,packsell_pack16,structural_related,half,ok,6,3466,3466,23896,,0.004295,0.004295,,11.1275,,,,,,0.00144869,2.619
HB/lshp3466/lshp3466.mtx,packsell_pack32,structural_related,float,ok,6,3466,3466,23896,,0.004301,0.004301,,11.1109,,,,,,4.52114e-07,2.456
HB/lshp3466/lshp3466.mtx,spaden_bitmap_float,structural_related,float,ok,6,3466,3466,23896,,0.0092,0.0092,,5.1882,40.10,73.7,,,,0.000000e+00,2.241
HB/lshp_265/lshp_265.mtx,cusparse_double,main,double,ok,7,265,265,1753,0.1120,0.0114,0.0114,0.0100,,,,,,,,0.385
HB/lshp_265/lshp_265.mtx,cusparse_float,main_float,float,ok,3,265,265,1753,0.1259,0.0075,0.0075,0.0061,,,,,,,,1.578
HB/lshp_265/lshp_265.mtx,dasp_double,main,double,ok,3,,,,0.0410,0.0065,0.0065,,0.5404,,,,,,,0.928
HB/lshp_265/lshp_265.mtx,dasp_half,main_reduced_precision,half,ok,3,,,,0.0380,0.0041,0.0041,,0.8549,,,,,,,1.639
HB/lshp_265/lshp_265.mtx,packsell_pack16,structural_related,half,ok,3,265,265,1753,,0.004250,0.004250,,0.824961,,,,,,0.00114643,2.831
HB/lshp_265/lshp_265.mtx,packsell_pack32,structural_related,float,ok,3,265,265,1753,,0.003800,0.003800,,0.922559,,,,,,3.97953e-07,2.968
HB/lshp_265/lshp_265.mtx,spaden_bitmap_float,structural_related,float,ok,3,265,265,1753,,0.0070,0.0070,,0.4991,22.83,74.6,,,,0.000000e+00,1.890
HB/lshp_406/lshp_406.mtx,cusparse_double,main,double,ok,2,406,406,2716,0.2064,0.0168,0.0168,0.0151,,,,,,,,0.911
HB/lshp_406/lshp_406.mtx,cusparse_float,main_float,float,ok,7,406,406,2716,0.1311,0.0079,0.0079,0.0061,,,,,,,,1.607
HB/lshp_406/lshp_406.mtx,dasp_double,main,double,ok,7,,,,0.0530,0.0041,0.0041,,1.3246,,,,,,,1.103
HB/lshp_406/lshp_406.mtx,dasp_half,main_reduced_precision,half,ok,7,,,,0.0470,0.0041,0.0041,,1.3246,,,,,,,1.551
HB/lshp_406/lshp_406.mtx,packsell_pack16,structural_related,half,ok,7,406,406,2716,,0.004257,0.004257,,1.27603,,,,,,0.000971219,3.276
HB/lshp_406/lshp_406.mtx,packsell_pack32,structural_related,float,ok,7,406,406,2716,,0.003332,0.003332,,1.63027,,,,,,3.56736e-07,1.961
HB/lshp_406/lshp_406.mtx,spaden_bitmap_float,structural_related,float,ok,7,406,406,2716,,0.0068,0.0068,,0.7972,94.74,74.8,,,,0.000000e+00,1.791
HB/lshp_577/lshp_577.mtx,cusparse_double,main,double,ok,5,577,577,3889,0.1266,0.0127,0.0127,0.0102,,,,,,,,0.843
HB/lshp_577/lshp_577.mtx,cusparse_float,main_float,float,ok,3,577,577,3889,0.1361,0.0074,0.0074,0.0056,,,,,,,,1.653
HB/lshp_577/lshp_577.mtx,dasp_double,main,double,ok,3,,,,0.0640,0.0041,0.0041,,1.8957,,,,,,,1.639
HB/lshp_577/lshp_577.mtx,dasp_half,main_reduced_precision,half,ok,3,,,,0.0620,0.0041,0.0041,,1.8952,,,,,,,1.728
HB/lshp_577/lshp_577.mtx,packsell_pack16,structural_related,half,ok,3,577,577,3889,,0.003415,0.003415,,2.27793,,,,,,0.00124701,2.654
HB/lshp_577/lshp_577.mtx,packsell_pack32,structural_related,float,ok,3,577,577,3889,,0.004239,0.004239,,1.83472,,,,,,4.11986e-07,1.751
HB/lshp_577/lshp_577.mtx,spaden_bitmap_float,structural_related,float,ok,3,577,577,3889,,0.0069,0.0069,,1.1211,7.94,74.4,,,,0.000000e+00,1.509
HB/lshp_778/lshp_778.mtx,cusparse_double,main,double,ok,3,778,778,5272,0.1344,0.0139,0.0139,0.0123,,,,,,,,1.337
HB/lshp_778/lshp_778.mtx,cusparse_float,main_float,float,ok,5,778,778,5272,0.1284,0.0077,0.0077,0.0061,,,,,,,,1.544
HB/lshp_778/lshp_778.mtx,dasp_double,main,double,ok,5,,,,0.0730,0.0041,0.0041,,2.5705,,,,,,,1.681
HB/lshp_778/lshp_778.mtx,dasp_half,main_reduced_precision,half,ok,5,,,,0.0950,0.0041,0.0041,,2.5711,,,,,,,1.555
HB/lshp_778/lshp_778.mtx,packsell_pack16,structural_related,half,ok,5,778,778,5272,,0.004214,0.004214,,2.50223,,,,,,0.00123279,2.550
HB/lshp_778/lshp_778.mtx,packsell_pack32,structural_related,float,ok,5,778,778,5272,,0.004106,0.004106,,2.56803,,,,,,4.15436e-07,2.670
HB/lshp_778/lshp_778.mtx,spaden_bitmap_float,structural_related,float,ok,5,778,778,5272,,0.0070,0.0070,,1.5041,175.57,74.0,,,,0.000000e+00,2.041
HB/lund_a/lund_a.mtx,cusparse_double,main,double,ok,6,147,147,2449,0.1277,0.0116,0.0116,0.0082,,,,,,,,1.514
HB/lund_a/lund_a.mtx,cusparse_float,main_float,float,ok,6,147,147,2449,0.1377,0.0078,0.0078,0.0061,,,,,,,,1.646
HB/lund_a/lund_a.mtx,dasp_double,main,double,ok,6,,,,0.0570,0.0041,0.0041,,1.1929,,,,,,,2.228
HB/lund_a/lund_a.mtx,dasp_half,main_reduced_precision,half,ok,6,,,,0.0330,0.0067,0.0067,,0.7354,,,,,,,2.092
HB/lund_a/lund_a.mtx,packsell_pack16,structural_related,half,ok,6,147,147,2449,,0.004341,0.004341,,1.12835,,,,,,0.000461286,3.758
HB/lund_a/lund_a.mtx,packsell_pack32,structural_related,float,ok,6,147,147,2449,,0.004355,0.004355,,1.1248,,,,,,1.98496e-07,2.744
HB/lund_a/lund_a.mtx,spaden_bitmap_float,structural_related,float,ok,6,147,147,2449,,0.0069,0.0069,,0.7095,17.47,58.2,,,,5.854222e-08,1.206
HB/lund_b/lund_b.mtx,cusparse_double,main,double,ok,4,147,147,2441,0.1329,0.0118,0.0118,0.0082,,,,,,,,1.223
HB/lund_b/lund_b.mtx,cusparse_float,main_float,float,ok,5,147,147,2441,0.1280,0.0079,0.0079,0.0064,,,,,,,,1.586
HB/lund_b/lund_b.mtx,dasp_double,main,double,ok,5,,,,0.0350,0.0041,0.0041,,1.1893,,,,,,,1.391
HB/lund_b/lund_b.mtx,dasp_half,main_reduced_precision,half,ok,5,,,,0.0250,0.0041,0.0041,,1.1913,,,,,,,2.008
HB/lund_b/lund_b.mtx,packsell_pack16,structural_related,half,ok,5,147,147,2441,,0.004224,0.004224,,1.1557,,,,,,0.00034591,2.922
HB/lund_b/lund_b.mtx,packsell_pack32,structural_related,float,ok,5,147,147,2441,,0.004395,0.004395,,1.11093,,,,,,1.35302e-07,3.539
HB/lund_b/lund_b.mtx,spaden_bitmap_float,structural_related,float,ok,5,147,147,2441,,0.0071,0.0071,,0.6869,16.94,58.3,,,,9.085590e-08,1.919
HB/mahindas/mahindas_b.mtx,cusparse_double,main,double,ok,2,1258,55,162,0.1279,0.0129,0.0129,0.0102,,,,,,,,0.812
HB/mahindas/mahindas_b.mtx,cusparse_float,main_float,float,ok,4,1258,55,162,0.1314,0.0084,0.0084,0.0068,,,,,,,,1.533
HB/mahindas/mahindas_b.mtx,dasp_double,main,double,ok,4,,,,0.0160,0.0041,0.0041,,0.0790,,,,,,,1.636
HB/mahindas/mahindas_b.mtx,dasp_half,main_reduced_precision,half,ok,4,,,,0.0130,0.0041,0.0041,,0.0790,,,,,,,2.035
HB/mahindas/mahindas_b.mtx,packsell_pack16,structural_related,half,ok,4,1258,55,162,,0.003465,0.003465,,0.0935011,,,,,,0.000431427,2.620
HB/mahindas/mahindas_b.mtx,packsell_pack32,structural_related,float,ok,4,1258,55,162,,0.003979,0.003979,,0.0814323,,,,,,1.28615e-07,1.921
HB/mahindas/mahindas_b.mtx,spaden_bitmap_float,structural_related,float,ok,4,1258,55,162,,0.0048,0.0048,,0.0672,32.87,27.2,,,,0.000000e+00,2.092
HB/man_5976/man_5976.mtx,cusparse_double,main,double,ok,4,5976,5976,225046,0.1566,0.0155,0.0155,0.0123,,,,,,,,1.099
HB/man_5976/man_5976.mtx,cusparse_float,main_float,float,ok,4,5976,5976,225046,0.1430,0.0094,0.0094,0.0067,,,,,,,,1.547
HB/man_5976/man_5976.mtx,dasp_double,main,double,ok,4,,,,2.2670,0.0064,0.0064,,69.8250,,,,,,,1.668
HB/man_5976/man_5976.mtx,dasp_half,main_reduced_precision,half,ok,4,,,,1.5520,0.0061,0.0061,,73.2452,,,,,,,1.495
HB/man_5976/man_5976.mtx,packsell_pack16,structural_related,half,ok,4,5976,5976,225046,,0.006415,0.006415,,70.161,,,,,,0.00373375,3.408
HB/man_5976/man_5976.mtx,packsell_pack32,structural_related,float,ok,4,5976,5976,225046,,0.008464,0.008464,,53.1791,,,,,,1.7438e-06,2.281
HB/man_5976/man_5976.mtx,spaden_bitmap_float,structural_related,float,ok,4,5976,5976,225046,,0.0120,0.0120,,37.3980,133.94,57.4,,,,0.000000e+00,1.866
HB/mcca/mcca.mtx,cusparse_double,main,double,ok,3,180,180,2659,0.1413,0.0114,0.0114,0.0082,,,,,,,,1.331
HB/mcca/mcca.mtx,cusparse_float,main_float,float,ok,6,180,180,2659,0.1335,0.0076,0.0076,0.0061,,,,,,,,1.797
HB/mcca/mcca.mtx,dasp_double,main,double,ok,6,,,,0.0320,0.0071,0.0071,,0.7535,,,,,,,1.784
HB/mcca/mcca.mtx,dasp_half,main_reduced_precision,half,ok,6,,,,0.0270,0.0061,0.0061,,0.8656,,,,,,,1.253
HB/mcca/mcca.mtx,packsell_pack16,structural_related,half,ok,6,180,180,2659,,0.006309,0.006309,,0.842878,,,,,,0.000405306,2.590
HB/mcca/mcca.mtx,packsell_pack32,structural_related,float,ok,6,180,180,2659,,0.008459,0.008459,,0.628702,,,,,,1.40024e-07,3.169
HB/mcca/mcca.mtx,spaden_bitmap_float,structural_related,float,fail:0,6,180,180,2659,,0.0091,0.0091,,0.5873,19.57,60.3,,,,9.302114e-02,1.912
HB/mcfe/mcfe.mtx,cusparse_double,main,double,ok,6,765,765,24382,0.1321,0.0141,0.0141,0.0102,,,,,,,,1.024
HB/mcfe/mcfe.mtx,cusparse_float,main_float,float,ok,5,765,765,24382,0.1379,0.0095,0.0095,0.0076,,,,,,,,1.603
HB/mcfe/mcfe.mtx,dasp_double,main,double,ok,5,,,,0.2480,0.0082,0.0082,,5.9483,,,,,,,1.361
HB/mcfe/mcfe.mtx,dasp_half,main_reduced_precision,half,ok,5,,,,0.2080,0.0170,0.0170,,2.8740,,,,,,,2.262
HB/mcfe/mcfe.mtx,packsell_pack16,structural_related,half,ok,5,765,765,24382,,0.006724,0.006724,,7.25259,,,,,,0.000368353,2.604
HB/mcfe/mcfe.mtx,packsell_pack32,structural_related,float,ok,5,765,765,24382,,0.010600,0.010600,,4.60049,,,,,,2.50853e-07,2.347
HB/mcfe/mcfe.mtx,spaden_bitmap_float,structural_related,float,ok,5,765,765,24382,,0.0170,0.0170,,2.8644,45.71,66.5,,,,2.935035e-04,1.957
HB/nnc1374/nnc1374.mtx,cusparse_double,main,double,ok,4,1374,1374,8588,0.1307,0.0142,0.0142,0.0123,,,,,,,,1.336
HB/nnc1374/nnc1374.mtx,cusparse_float,main_float,float,ok,6,1374,1374,8588,0.1386,0.0090,0.0090,0.0070,,,,,,,,1.697
HB/nnc1374/nnc1374.mtx,dasp_double,main,double,ok,6,,,,0.1140,0.0041,0.0041,,4.1950,,,,,,,1.146
HB/nnc1374/nnc1374.mtx,dasp_half,main_reduced_precision,half,ok,6,,,,0.1300,0.0041,0.0041,,4.1970,,,,,,,1.763
HB/nnc1374/nnc1374.mtx,packsell_pack16,structural_related,half,ok,6,1374,1374,8588,,0.004279,0.004279,,4.01418,,,,,,0.000603089,2.936
HB/nnc1374/nnc1374.mtx,packsell_pack32,structural_related,float,ok,6,1374,1374,8588,,0.004369,0.004369,,3.93166,,,,,,1.50643e-07,3.241
HB/nnc1374/nnc1374.mtx,spaden_bitmap_float,structural_related,float,ok,6,1374,1374,8606,,0.0089,0.0089,,1.9343,10.42,78.2,,,,2.500001e-08,1.463
HB/nnc666/nnc666.mtx,cusparse_double,main,double,ok,2,666,666,4032,0.1287,0.0140,0.0140,0.0102,,,,,,,,1.169
HB/nnc666/nnc666.mtx,cusparse_float,main_float,float,ok,4,666,666,4032,0.1530,0.0078,0.0078,0.0061,,,,,,,,1.719
HB/nnc666/nnc666.mtx,dasp_double,main,double,ok,4,,,,0.0790,0.0178,0.0178,,0.4549,,,,,,,1.365
HB/nnc666/nnc666.mtx,dasp_half,main_reduced_precision,half,ok,4,,,,0.0810,0.0041,0.0041,,1.9833,,,,,,,1.636
HB/nnc666/nnc666.mtx,packsell_pack16,structural_related,half,ok,4,666,666,4032,,0.003944,0.003944,,2.04478,,,,,,0.00057023,2.986
HB/nnc666/nnc666.mtx,packsell_pack32,structural_related,float,ok,4,666,666,4032,,0.004353,0.004353,,1.85243,,,,,,1.69497e-07,2.356
HB/nnc666/nnc666.mtx,spaden_bitmap_float,structural_related,float,ok,4,666,666,4044,,0.0069,0.0069,,1.1738,74.16,77.7,,,,3.525822e-08,1.850
HB/nos3/nos3.mtx,cusparse_double,main,double,ok,6,960,960,15844,0.1431,0.0149,0.0149,0.0102,,,,,,,,1.387
HB/nos3/nos3.mtx,cusparse_float,main_float,float,ok,2,960,960,15844,0.1324,0.0083,0.0083,0.0068,,,,,,,,1.629
HB/nos3/nos3.mtx,dasp_double,main,double,ok,2,,,,0.1360,0.0041,0.0041,,7.7212,,,,,,,1.637
HB/nos3/nos3.mtx,dasp_half,main_reduced_precision,half,ok,2,,,,0.2100,0.0041,0.0041,,7.7250,,,,,,,1.540
HB/nos3/nos3.mtx,packsell_pack16,structural_related,half,ok,2,960,960,15844,,0.004288,0.004288,,7.39016,,,,,,0.000585887,4.181
HB/nos3/nos3.mtx,packsell_pack32,structural_related,float,ok,2,960,960,15844,,0.004374,0.004374,,7.24419,,,,,,1.83054e-07,3.625
HB/nos3/nos3.mtx,spaden_bitmap_float,structural_related,float,ok,2,960,960,15844,,0.0069,0.0069,,4.5599,9.38,60.1,,,,2.736379e-07,1.475
HB/nos4/nos4.mtx,cusparse_double,main,double,ok,4,100,100,594,0.1386,0.0120,0.0120,0.0082,,,,,,,,1.608
HB/nos4/nos4.mtx,cusparse_float,main_float,float,ok,7,100,100,594,0.1364,0.0076,0.0076,0.0048,,,,,,,,1.720
HB/nos4/nos4.mtx,dasp_double,main,double,ok,7,,,,0.0180,0.0041,0.0041,,0.2897,,,,,,,1.550
HB/nos4/nos4.mtx,dasp_half,main_reduced_precision,half,ok,7,,,,0.0210,0.0041,0.0041,,0.2895,,,,,,,1.502
HB/nos4/nos4.mtx,packsell_pack16,structural_related,half,ok,7,100,100,594,,0.004249,0.004249,,0.279567,,,,,,0.000444456,2.389
HB/nos4/nos4.mtx,packsell_pack32,structural_related,float,ok,7,100,100,594,,0.004066,0.004066,,0.29216,,,,,,1.253e-07,4.672
HB/nos4/nos4.mtx,spaden_bitmap_float,structural_related,float,ok,7,100,100,594,,0.0049,0.0049,,0.2435,153.35,65.6,,,,1.144799e-07,2.129
HB/nos5/nos5.mtx,cusparse_double,main,double,ok,7,468,468,5172,0.1155,0.0118,0.0118,0.0102,,,,,,,,0.388
HB/nos5/nos5.mtx,cusparse_float,main_float,float,ok,6,468,468,5172,0.1312,0.0079,0.0079,0.0061,,,,,,,,1.552
HB/nos5/nos5.mtx,dasp_double,main,double,ok,6,,,,0.0580,0.0041,0.0041,,2.5205,,,,,,,1.538
HB/nos5/nos5.mtx,dasp_half,main_reduced_precision,half,ok,6,,,,0.0650,0.0041,0.0041,,2.5223,,,,,,,1.051
HB/nos5/nos5.mtx,packsell_pack16,structural_related,half,ok,6,468,468,5172,,0.004295,0.004295,,2.40851,,,,,,0.000547367,4.282
HB/nos5/nos5.mtx,packsell_pack32,structural_related,float,ok,6,468,468,5172,,0.005743,0.005743,,1.80112,,,,,,1.76841e-07,3.050
HB/nos5/nos5.mtx,spaden_bitmap_float,structural_related,float,ok,6,468,468,5172,,0.0089,0.0089,,1.1565,13.70,69.8,,,,7.467203e-09,1.645
HB/nos6/nos6.mtx,cusparse_double,main,double,ok,7,675,675,3255,0.1342,0.0137,0.0137,0.0102,,,,,,,,0.403
HB/nos6/nos6.mtx,cusparse_float,main_float,float,ok,4,675,675,3255,0.1294,0.0083,0.0083,0.0068,,,,,,,,1.468
HB/nos6/nos6.mtx,dasp_double,main,double,ok,4,,,,0.0570,0.0059,0.0059,,1.0963,,,,,,,2.128
HB/nos6/nos6.mtx,dasp_half,main_reduced_precision,half,ok,4,,,,0.0750,0.0041,0.0041,,1.5874,,,,,,,1.753
HB/nos6/nos6.mtx,packsell_pack16,structural_related,half,ok,4,675,675,3255,,0.003842,0.003842,,1.69434,,,,,,0.000291435,2.281
HB/nos6/nos6.mtx,packsell_pack32,structural_related,float,ok,4,675,675,3255,,0.004166,0.004166,,1.56251,,,,,,7.86224e-08,1.964
HB/nos6/nos6.mtx,spaden_bitmap_float,structural_related,float,ok,4,675,675,3255,,0.0068,0.0068,,0.9578,16.09,75.5,,,,2.236066e-08,1.566
HB/nos7/nos7.mtx,cusparse_double,main,double,ok,4,729,729,4617,0.1768,0.0135,0.0135,0.0123,,,,,,,,1.411
HB/nos7/nos7.mtx,cusparse_float,main_float,float,ok,7,729,729,4617,0.1336,0.0077,0.0077,0.0058,,,,,,,,1.631
HB/nos7/nos7.mtx,dasp_double,main,double,ok,7,,,,0.0670,0.0041,0.0041,,2.2511,,,,,,,1.524
HB/nos7/nos7.mtx,dasp_half,main_reduced_precision,half,ok,7,,,,0.0760,0.0041,0.0041,,2.2516,,,,,,,1.921
HB/nos7/nos7.mtx,packsell_pack16,structural_related,half,ok,7,729,729,4617,,0.004226,0.004226,,2.1852,,,,,,0.000608254,2.165
HB/nos7/nos7.mtx,packsell_pack32,structural_related,float,ok,7,729,729,4617,,0.003923,0.003923,,2.35355,,,,,,1.91181e-07,2.902
HB/nos7/nos7.mtx,spaden_bitmap_float,structural_related,float,ok,7,729,729,4617,,0.0070,0.0070,,1.3217,106.77,77.7,,,,4.564089e-04,1.446
HB/orani678/orani678.mtx,cusparse_double,main,double,ok,7,2529,2529,90158,0.1504,0.0164,0.0164,0.0123,,,,,,,,1.051
HB/orani678/orani678.mtx,cusparse_float,main_float,float,ok,4,2529,2529,90158,0.1331,0.0091,0.0091,0.0082,,,,,,,,1.655
HB/orani678/orani678.mtx,dasp_double,main,double,ok,4,,,,0.7450,0.0184,0.0184,,9.7743,,,,,,,1.529
HB/orani678/orani678.mtx,dasp_half,main_reduced_precision,half,ok,4,,,,0.5710,0.0123,0.0123,,14.6753,,,,,,,1.210
HB/orani678/orani678.mtx,packsell_pack16,structural_related,half,ok,4,2529,2529,90158,,0.061665,0.061665,,2.92412,,,,,,0.000688717,4.109
HB/orani678/orani678.mtx,packsell_pack32,structural_related,float,ok,4,2529,2529,90158,,0.118972,0.118972,,1.51562,,,,,,3.93853e-07,1.912
HB/orani678/orani678.mtx,spaden_bitmap_float,structural_related,float,ok,4,2529,2529,90158,,0.0543,0.0543,,3.3210,98.78,58.1,,,,1.237267e-07,1.389
HB/orsirr_1/orsirr_1.mtx,cusparse_double,main,double,ok,7,1030,1030,6858,0.1116,0.0133,0.0133,0.0122,,,,,,,,0.389
HB/orsirr_1/orsirr_1.mtx,cusparse_float,main_float,float,ok,7,1030,1030,6858,0.1265,0.0088,0.0088,0.0068,,,,,,,,1.518
HB/orsirr_1/orsirr_1.mtx,dasp_double,main,double,ok,7,,,,0.0930,0.0041,0.0041,,3.3421,,,,,,,1.705
HB/orsirr_1/orsirr_1.mtx,dasp_half,main_reduced_precision,half,ok,7,,,,0.1200,0.0041,0.0041,,3.3437,,,,,,,1.568
HB/orsirr_1/orsirr_1.mtx,packsell_pack16,structural_related,half,ok,7,1030,1030,6858,,0.003303,0.003303,,4.15284,,,,,,0.000705536,2.214
HB/orsirr_1/orsirr_1.mtx,packsell_pack32,structural_related,float,ok,7,1030,1030,6858,,0.004323,0.004323,,3.17265,,,,,,2.65774e-07,2.677
HB/orsirr_1/orsirr_1.mtx,spaden_bitmap_float,structural_related,float,ok,7,1030,1030,6858,,0.0092,0.0092,,1.4886,16.96,73.2,,,,1.811268e-04,1.349
HB/orsirr_2/orsirr_2.mtx,cusparse_double,main,double,ok,4,886,886,5970,0.1240,0.0133,0.0133,0.0123,,,,,,,,1.388
HB/orsirr_2/orsirr_2.mtx,cusparse_float,main_float,float,ok,2,886,886,5970,0.1490,0.0083,0.0083,0.0066,,,,,,,,1.533
HB/orsirr_2/orsirr_2.mtx,dasp_double,main,double,ok,2,,,,0.0870,0.0041,0.0041,,2.9101,,,,,,,1.122
HB/orsirr_2/orsirr_2.mtx,dasp_half,main_reduced_precision,half,ok,2,,,,0.1210,0.0059,0.0059,,2.0132,,,,,,,1.267
HB/orsirr_2/orsirr_2.mtx,packsell_pack16,structural_related,half,ok,2,886,886,5970,,0.003850,0.003850,,3.10165,,,,,,0.000512037,2.580
HB/orsirr_2/orsirr_2.mtx,packsell_pack32,structural_related,float,ok,2,886,886,5970,,0.004365,0.004365,,2.73514,,,,,,1.92471e-07,2.564
HB/orsirr_2/orsirr_2.mtx,spaden_bitmap_float,structural_related,float,ok,2,886,886,5970,,0.0091,0.0091,,1.3118,28.10,73.2,,,,1.103094e-04,1.915
HB/orsreg_1/orsreg_1.mtx,cusparse_double,main,double,ok,5,2205,2205,14133,0.1254,0.0136,0.0136,0.0123,,,,,,,,1.276
HB/orsreg_1/orsreg_1.mtx,cusparse_float,main_float,float,ok,7,2205,2205,14133,0.1332,0.0088,0.0088,0.0077,,,,,,,,1.661
HB/orsreg_1/orsreg_1.mtx,dasp_double,main,double,ok,7,,,,0.2120,0.0041,0.0041,,6.8857,,,,,,,1.147
HB/orsreg_1/orsreg_1.mtx,dasp_half,main_reduced_precision,half,ok,7,,,,0.2130,0.0041,0.0041,,6.8925,,,,,,,1.064
HB/orsreg_1/orsreg_1.mtx,packsell_pack16,structural_related,half,ok,7,2205,2205,14133,,0.004115,0.004115,,6.86918,,,,,,0.000756872,1.909
HB/orsreg_1/orsreg_1.mtx,packsell_pack32,structural_related,float,ok,7,2205,2205,14133,,0.004260,0.004260,,6.63563,,,,,,2.71304e-07,1.993
HB/orsreg_1/orsreg_1.mtx,spaden_bitmap_float,structural_related,float,ok,7,2205,2205,14133,,0.0089,0.0089,,3.1912,86.56,83.2,,,,9.342987e-05,1.804
HB/plsk1919/plsk1919.mtx,cusparse_double,main,double,ok,5,1919,1919,9662,0.1246,0.0138,0.0138,0.0123,,,,,,,,1.376
HB/plsk1919/plsk1919.mtx,cusparse_float,main_float,float,ok,3,1919,1919,9662,0.1439,0.0086,0.0086,0.0067,,,,,,,,1.820
HB/plsk1919/plsk1919.mtx,dasp_double,main,double,ok,3,,,,0.0810,0.0041,0.0041,,2.3554,,,,,,,1.527
HB/plsk1919/plsk1919.mtx,dasp_half,main_reduced_precision,half,ok,3,,,,0.0860,0.0041,0.0041,,2.3583,,,,,,,1.697
HB/plsk1919/plsk1919.mtx,packsell_pack16,structural_related,half,ok,3,1919,1919,4831,,0.004277,0.004277,,2.25899,,,,,,0.000722668,3.643
HB/plsk1919/plsk1919.mtx,packsell_pack32,structural_related,float,ok,3,1919,1919,4831,,0.004231,0.004231,,2.28376,,,,,,2.44487e-07,2.961
HB/plsk1919/plsk1919.mtx,spaden_bitmap_float,structural_related,float,ok,3,1919,1919,4831,,0.0069,0.0069,,1.3964,18.94,68.5,,,,1.795572e-07,1.759
HB/plskz362/plskz362.mtx,cusparse_double,main,double,ok,6,362,362,1760,0.1424,0.0124,0.0124,0.0103,,,,,,,,1.289
HB/plskz362/plskz362.mtx,cusparse_float,main_float,float,ok,7,362,362,1760,0.1358,0.0079,0.0079,0.0061,,,,,,,,1.770
HB/plskz362/plskz362.mtx,dasp_double,main,double,ok,7,,,,0.0270,0.0041,0.0041,,0.4324,,,,,,,2.021
HB/plskz362/plskz362.mtx,dasp_half,main_reduced_precision,half,ok,7,,,,0.0260,0.0039,0.0039,,0.4498,,,,,,,1.640
HB/plskz362/plskz362.mtx,packsell_pack16,structural_related,half,ok,7,362,362,880,,0.003779,0.003779,,0.465736,,,,,,0.000819406,2.982
HB/plskz362/plskz362.mtx,packsell_pack32,structural_related,float,ok,7,362,362,880,,0.004119,0.004119,,0.427333,,,,,,2.31848e-07,2.558
HB/plskz362/plskz362.mtx,spaden_bitmap_float,structural_related,float,ok,7,362,362,880,,0.0070,0.0070,,0.2514,107.81,66.7,,,,1.661288e-07,1.884
HB/pores_3/pores_3.mtx,cusparse_double,main,double,ok,7,532,532,3474,0.1233,0.0140,0.0140,0.0102,,,,,,,,0.397
HB/pores_3/pores_3.mtx,cusparse_float,main_float,float,ok,7,532,532,3474,0.1334,0.0082,0.0082,0.0061,,,,,,,,1.568
HB/pores_3/pores_3.mtx,dasp_double,main,double,ok,7,,,,0.0550,0.0080,0.0080,,0.8659,,,,,,,1.264
HB/pores_3/pores_3.mtx,dasp_half,main_reduced_precision,half,ok,7,,,,0.0620,0.0057,0.0057,,1.2126,,,,,,,1.106
HB/pores_3/pores_3.mtx,packsell_pack16,structural_related,half,ok,7,532,532,3474,,0.003361,0.003361,,2.06698,,,,,,0.000420181,3.712
HB/pores_3/pores_3.mtx,packsell_pack32,structural_related,float,ok,7,532,532,3474,,0.004325,0.004325,,1.60645,,,,,,1.32541e-07,1.913
HB/pores_3/pores_3.mtx,spaden_bitmap_float,structural_related,float,ok,7,532,532,3474,,0.0071,0.0071,,0.9757,19.49,67.8,,,,2.852456e-07,1.587
HB/rgg010/rgg010.mtx,cusparse_double,main,double,ok,6,10,10,76,0.1244,0.0114,0.0114,0.0082,,,,,,,,1.618
HB/rgg010/rgg010.mtx,cusparse_float,main_float,float,ok,6,10,10,76,0.1189,0.0074,0.0074,0.0053,,,,,,,,1.478
HB/rgg010/rgg010.mtx,dasp_double,main,double,ok,6,,,,0.0100,0.0041,0.0041,,0.0371,,,,,,,1.793
HB/rgg010/rgg010.mtx,dasp_half,main_reduced_precision,half,ok,6,,,,0.0130,0.0063,0.0063,,0.0242,,,,,,,2.098
HB/rgg010/rgg010.mtx,packsell_pack16,structural_related,half,ok,6,10,10,76,,0.003409,0.003409,,0.0445822,,,,,,0.000532243,2.983
HB/rgg010/rgg010.mtx,packsell_pack32,structural_related,float,ok,6,10,10,76,,0.003910,0.003910,,0.038873,,,,,,2.0809e-07,2.851
HB/rgg010/rgg010.mtx,spaden_bitmap_float,structural_related,float,ok,6,10,10,76,,0.0049,0.0049,,0.0310,57.92,58.9,,,,0.000000e+00,2.218
HB/saylr1/saylr1.mtx,cusparse_double,main,double,ok,5,238,238,1128,0.1284,0.0113,0.0113,0.0082,,,,,,,,0.848
HB/saylr1/saylr1.mtx,cusparse_float,main_float,float,ok,3,238,238,1128,0.1370,0.0075,0.0075,0.0061,,,,,,,,1.609
HB/saylr1/saylr1.mtx,dasp_double,main,double,ok,3,,,,0.0240,0.0041,0.0041,,0.5501,,,,,,,1.718
HB/saylr1/saylr1.mtx,dasp_half,main_reduced_precision,half,ok,3,,,,0.0310,0.0041,0.0041,,0.5500,,,,,,,0.979
HB/saylr1/saylr1.mtx,packsell_pack16,structural_related,half,ok,3,238,238,1128,,0.003686,0.003686,,0.611963,,,,,,0.000730375,3.273
HB/saylr1/saylr1.mtx,packsell_pack32,structural_related,float,ok,3,238,238,1128,,0.003619,0.003619,,0.623371,,,,,,2.00735e-07,2.476
HB/saylr1/saylr1.mtx,spaden_bitmap_float,structural_related,float,ok,3,238,238,1128,,0.0049,0.0049,,0.4560,35.53,69.6,,,,1.138376e-03,1.681
HB/saylr3/saylr3.mtx,cusparse_double,main,double,ok,6,1000,1000,3750,0.1766,0.0139,0.0139,0.0102,,,,,,,,1.357
HB/saylr3/saylr3.mtx,cusparse_float,main_float,float,ok,4,1000,1000,3750,0.1311,0.0088,0.0088,0.0069,,,,,,,,1.518
HB/saylr3/saylr3.mtx,dasp_double,main,double,ok,4,,,,0.0600,0.0041,0.0041,,1.8279,,,,,,,1.813
HB/saylr3/saylr3.mtx,dasp_half,main_reduced_precision,half,ok,4,,,,0.0710,0.0041,0.0041,,1.8288,,,,,,,1.598
HB/saylr3/saylr3.mtx,packsell_pack16,structural_related,half,ok,4,1000,1000,3750,,0.003813,0.003813,,1.96706,,,,,,0.000604929,2.904
HB/saylr3/saylr3.mtx,packsell_pack32,structural_related,float,ok,4,1000,1000,3750,,0.003457,0.003457,,2.16922,,,,,,1.63804e-07,2.826
HB/saylr3/saylr3.mtx,spaden_bitmap_float,structural_related,float,ok,4,1000,1000,3750,,0.0072,0.0072,,1.0488,20.47,90.3,,,,5.861045e-08,1.680
HB/sherman1/sherman1.mtx,cusparse_double,main,double,ok,3,1000,1000,3750,0.1442,0.0137,0.0137,0.0102,,,,,,,,1.332
HB/sherman1/sherman1.mtx,cusparse_float,main_float,float,ok,6,1000,1000,3750,0.1318,0.0085,0.0085,0.0067,,,,,,,,1.766
HB/sherman1/sherman1.mtx,dasp_double,main,double,ok,6,,,,0.0560,0.0041,0.0041,,1.8293,,,,,,,1.423
HB/sherman1/sherman1.mtx,dasp_half,main_reduced_precision,half,ok,6,,,,0.1060,0.0040,0.0040,,1.8973,,,,,,,1.597
HB/sherman1/sherman1.mtx,packsell_pack16,structural_related,half,ok,6,1000,1000,3750,,0.004214,0.004214,,1.77977,,,,,,0.000604929,2.826
HB/sherman1/sherman1.mtx,packsell_pack32,structural_related,float,ok,6,1000,1000,3750,,0.004260,0.004260,,1.76056,,,,,,1.63804e-07,2.067
HB/sherman1/sherman1.mtx,spaden_bitmap_float,structural_related,float,ok,6,1000,1000,3750,,0.0069,0.0069,,1.0857,33.16,90.3,,,,5.851771e-08,1.640
HB/sherman2/sherman2.mtx,cusparse_double,main,double,ok,2,1080,1080,23094,0.1516,0.0140,0.0140,0.0102,,,,,,,,1.256
HB/sherman2/sherman2.mtx,cusparse_float,main_float,float,ok,6,1080,1080,23094,0.1364,0.0090,0.0090,0.0073,,,,,,,,1.544
HB/sherman2/sherman2.mtx,dasp_double,main,double,ok,6,,,,0.2360,0.0061,0.0061,,7.5127,,,,,,,1.001
HB/sherman2/sherman2.mtx,dasp_half,main_reduced_precision,half,ok,6,,,,0.1610,0.0041,0.0041,,11.2571,,,,,,,1.420
HB/sherman2/sherman2.mtx,packsell_pack16,structural_related,half,ok,6,1080,1080,23094,,0.004460,0.004460,,10.3568,,,,,,0.000436803,1.983
HB/sherman2/sherman2.mtx,packsell_pack32,structural_related,float,ok,6,1080,1080,23094,,0.007082,0.007082,,6.52146,,,,,,2.35685e-07,2.377
HB/sherman2/sherman2.mtx,spaden_bitmap_float,structural_related,float,ok,6,1080,1080,23094,,0.0091,0.0091,,5.0997,35.74,60.9,,,,9.424502e-08,1.929
HB/shl_0/shl_0.mtx,cusparse_double,main,double,ok,4,663,663,1687,0.1335,0.0130,0.0130,0.0102,,,,,,,,1.340
HB/shl_0/shl_0.mtx,cusparse_float,main_float,float,ok,5,663,663,1687,0.1384,0.0094,0.0094,0.0074,,,,,,,,1.688
HB/shl_0/shl_0.mtx,dasp_double,main,double,ok,5,,,,0.0270,0.0087,0.0087,,0.3891,,,,,,,1.464
HB/shl_0/shl_0.mtx,dasp_half,main_reduced_precision,half,ok,5,,,,0.0230,0.0041,0.0041,,0.8223,,,,,,,1.897
HB/shl_0/shl_0.mtx,packsell_pack16,structural_related,half,ok,5,663,663,1687,,0.024862,0.024862,,0.135711,,,,,,0.000651519,3.665
HB/shl_0/shl_0.mtx,packsell_pack32,structural_related,float,ok,5,663,663,1687,,0.047305,0.047305,,0.0713249,,,,,,1.94846e-07,4.720
HB/shl_0/shl_0.mtx,spaden_bitmap_float,structural_related,float,ok,5,663,663,1687,,0.0150,0.0150,,0.2242,8.88,89.6,,,,0.000000e+00,1.332
HB/steam1/steam1.mtx,cusparse_double,main,double,ok,7,240,240,2248,0.1267,0.0119,0.0119,0.0102,,,,,,,,0.392
HB/steam1/steam1.mtx,cusparse_float,main_float,float,ok,4,240,240,2248,0.1325,0.0080,0.0080,0.0066,,,,,,,,1.786
HB/steam1/steam1.mtx,dasp_double,main,double,ok,4,,,,0.0630,0.0041,0.0041,,1.8333,,,,,,,1.793
HB/steam1/steam1.mtx,dasp_half,main_reduced_precision,half,ok,4,,,,0.0500,0.0067,0.0067,,1.1190,,,,,,,1.089
HB/steam1/steam1.mtx,packsell_pack16,structural_related,half,ok,4,240,240,2248,,0.004211,0.004211,,1.06755,,,,,,0.000416985,2.987
HB/steam1/steam1.mtx,packsell_pack32,structural_related,float,ok,4,240,240,2248,,0.004331,0.004331,,1.03799,,,,,,1.43819e-07,3.845
HB/steam1/steam1.mtx,spaden_bitmap_float,structural_related,float,ok,4,240,240,3762,,0.0072,0.0072,,1.0462,28.85,61.2,,,,5.640304e-08,1.819
HB/steam2/steam2.mtx,cusparse_double,main,double,ok,1,600,600,5660,0.1358,0.0131,0.0131,0.0120,,,,,,,,0.397
HB/steam2/steam2.mtx,cusparse_float,main_float,float,ok,4,600,600,5660,0.1367,0.0081,0.0081,0.0061,,,,,,,,1.709
HB/steam2/steam2.mtx,dasp_double,main,double,ok,4,,,,0.1480,0.0059,0.0059,,4.6353,,,,,,,1.636
HB/steam2/steam2.mtx,dasp_half,main_reduced_precision,half,ok,4,,,,0.1090,0.0041,0.0041,,6.7089,,,,,,,1.663
HB/steam2/steam2.mtx,packsell_pack16,structural_related,half,ok,4,600,600,5660,,0.004256,0.004256,,2.65982,,,,,,0.000422421,2.551
HB/steam2/steam2.mtx,packsell_pack32,structural_related,float,ok,4,600,600,5660,,0.004377,0.004377,,2.58615,,,,,,1.5541e-07,4.254
HB/steam2/steam2.mtx,spaden_bitmap_float,structural_related,float,ok,4,600,600,13760,,0.0069,0.0069,,3.9864,7.68,56.4,,,,4.010285e-08,1.397
HB/str_0/str_0.mtx,cusparse_double,main,double,ok,7,363,363,2454,0.1142,0.0116,0.0116,0.0098,,,,,,,,0.385
HB/str_0/str_0.mtx,cusparse_float,main_float,float,ok,2,363,363,2454,0.1337,0.0084,0.0084,0.0067,,,,,,,,1.618
HB/str_0/str_0.mtx,dasp_double,main,double,ok,2,,,,0.0430,0.0061,0.0061,,0.7983,,,,,,,1.397
HB/str_0/str_0.mtx,dasp_half,main_reduced_precision,half,ok,2,,,,0.0340,0.0041,0.0041,,1.1953,,,,,,,1.746
HB/str_0/str_0.mtx,packsell_pack16,structural_related,half,ok,2,363,363,2454,,0.004350,0.004350,,1.12828,,,,,,0.000415774,2.691
HB/str_0/str_0.mtx,packsell_pack32,structural_related,float,ok,2,363,363,2454,,0.006322,0.006322,,0.7763,,,,,,1.39495e-07,2.907
HB/str_0/str_0.mtx,spaden_bitmap_float,structural_related,float,ok,2,363,363,2454,,0.0072,0.0072,,0.6852,24.22,70.0,,,,5.033982e-08,1.171
HB/well1033/well1033.mtx,cusparse_double,main,double,ok,5,1033,320,4732,0.1436,0.0138,0.0138,0.0123,,,,,,,,1.417
HB/well1033/well1033.mtx,cusparse_float,main_float,float,ok,7,1033,320,4732,0.1270,0.0092,0.0092,0.0078,,,,,,,,1.631
HB/well1033/well1033.mtx,dasp_double,main,double,ok,7,,,,0.0730,0.0060,0.0060,,1.5653,,,,,,,1.470
HB/well1033/well1033.mtx,dasp_half,main_reduced_precision,half,ok,7,,,,0.0760,0.0041,0.0041,,2.3077,,,,,,,1.597
HB/well1033/well1033.mtx,packsell_pack16,structural_related,half,ok,7,1033,320,4732,,0.004253,0.004253,,2.22525,,,,,,0.000449371,2.923
HB/well1033/well1033.mtx,packsell_pack32,structural_related,float,ok,7,1033,320,4732,,0.003422,0.003422,,2.76566,,,,,,1.51587e-07,2.467
HB/well1033/well1033.mtx,spaden_bitmap_float,structural_related,float,ok,7,1033,320,4732,,0.0072,0.0072,,1.3221,34.53,82.8,,,,4.658649e-08,1.426
HB/west0132/west0132.mtx,cusparse_double,main,double,ok,5,132,132,413,0.1582,0.0136,0.0136,0.0102,,,,,,,,0.929
HB/west0132/west0132.mtx,cusparse_float,main_float,float,ok,4,132,132,413,0.1409,0.0076,0.0076,0.0065,,,,,,,,1.605
HB/west0132/west0132.mtx,dasp_double,main,double,ok,4,,,,0.0150,0.0041,0.0041,,0.2018,,,,,,,0.739
HB/west0132/west0132.mtx,dasp_half,main_reduced_precision,half,ok,4,,,,0.0140,0.0041,0.0041,,0.2020,,,,,,,1.530
HB/west0132/west0132.mtx,packsell_pack16,structural_related,half,ok,4,132,132,413,,0.003801,0.003801,,0.217325,,,,,,0.000332548,2.045
HB/west0132/west0132.mtx,packsell_pack32,structural_related,float,ok,4,132,132,413,,0.004255,0.004255,,0.194115,,,,,,8.95796e-08,1.985
HB/west0132/west0132.mtx,spaden_bitmap_float,structural_related,float,ok,4,132,132,414,,0.0050,0.0050,,0.1651,154.17,76.7,,,,8.806734e-10,2.389
HB/west0167/west0167.mtx,cusparse_double,main,double,ok,5,167,167,506,0.1298,0.0113,0.0113,0.0082,,,,,,,,0.826
HB/west0167/west0167.mtx,cusparse_float,main_float,float,ok,2,167,167,506,0.1365,0.0076,0.0076,0.0065,,,,,,,,1.789
HB/west0167/west0167.mtx,dasp_double,main,double,ok,2,,,,0.0160,0.0041,0.0041,,0.2474,,,,,,,1.138
HB/west0167/west0167.mtx,dasp_half,main_reduced_precision,half,ok,2,,,,0.0280,0.0046,0.0046,,0.2208,,,,,,,0.416
HB/west0167/west0167.mtx,packsell_pack16,structural_related,half,ok,2,167,167,506,,0.003771,0.003771,,0.268333,,,,,,0.000372122,4.100
HB/west0167/west0167.mtx,packsell_pack32,structural_related,float,ok,2,167,167,506,,0.004133,0.004133,,0.244833,,,,,,9.92012e-08,2.355
HB/west0167/west0167.mtx,spaden_bitmap_float,structural_related,float,ok,2,167,167,507,,0.0053,0.0053,,0.1928,9.34,76.3,,,,6.188904e-09,1.163
HB/west0479/west0479.mtx,cusparse_double,main,double,ok,6,479,479,1888,0.1320,0.0124,0.0124,0.0102,,,,,,,,1.307
HB/west0479/west0479.mtx,cusparse_float,main_float,float,ok,3,479,479,1888,0.1288,0.0075,0.0075,0.0060,,,,,,,,1.402
HB/west0479/west0479.mtx,dasp_double,main,double,ok,3,,,,0.0320,0.0041,0.0041,,0.9310,,,,,,,1.650
HB/west0479/west0479.mtx,dasp_half,main_reduced_precision,half,ok,3,,,,0.0350,0.0041,0.0041,,0.9315,,,,,,,1.665
HB/west0479/west0479.mtx,packsell_pack16,structural_related,half,ok,3,479,479,1888,,0.004030,0.004030,,0.937089,,,,,,0.000396997,2.506
HB/west0479/west0479.mtx,packsell_pack32,structural_related,float,ok,3,479,479,1888,,0.004277,0.004277,,0.882821,,,,,,1.10772e-07,3.053
HB/west0479/west0479.mtx,spaden_bitmap_float,structural_related,float,ok,3,479,479,1910,,0.0069,0.0069,,0.5516,20.35,80.1,,,,5.649330e-09,1.585
HB/west0497/west0497.mtx,cusparse_double,main,double,ok,6,497,497,1721,0.1435,0.0134,0.0134,0.0102,,,,,,,,1.261
HB/west0497/west0497.mtx,cusparse_float,main_float,float,ok,6,497,497,1721,0.1305,0.0079,0.0079,0.0058,,,,,,,,1.661
HB/west0497/west0497.mtx,dasp_double,main,double,ok,6,,,,0.0260,0.0061,0.0061,,0.5618,,,,,,,1.460
HB/west0497/west0497.mtx,dasp_half,main_reduced_precision,half,ok,6,,,,0.0260,0.0041,0.0041,,0.8418,,,,,,,1.468
HB/west0497/west0497.mtx,packsell_pack16,structural_related,half,ok,6,497,497,1721,,0.005011,0.005011,,0.686925,,,,,,0.000404351,3.037
HB/west0497/west0497.mtx,packsell_pack32,structural_related,float,ok,6,497,497,1721,,0.006311,0.006311,,0.545431,,,,,,1.09403e-07,2.667
HB/west0497/west0497.mtx,spaden_bitmap_float,structural_related,float,ok,6,497,497,1727,,0.0069,0.0069,,0.5041,23.76,76.7,,,,1.638021e-09,1.935
HB/west0655/west0655.mtx,cusparse_double,main,double,ok,2,655,655,2808,0.1704,0.0138,0.0138,0.0102,,,,,,,,1.714
HB/west0655/west0655.mtx,cusparse_float,main_float,float,ok,3,655,655,2808,0.1369,0.0077,0.0077,0.0061,,,,,,,,1.561
HB/west0655/west0655.mtx,dasp_double,main,double,ok,3,,,,0.0450,0.0041,0.0041,,1.3908,,,,,,,2.306
HB/west0655/west0655.mtx,dasp_half,main_reduced_precision,half,ok,3,,,,0.0390,0.0041,0.0041,,1.3936,,,,,,,1.851
HB/west0655/west0655.mtx,packsell_pack16,structural_related,half,ok,3,655,655,2808,,0.003410,0.003410,,1.64699,,,,,,0.000386811,2.931
HB/west0655/west0655.mtx,packsell_pack32,structural_related,float,ok,3,655,655,2808,,0.004240,0.004240,,1.32452,,,,,,1.16422e-07,2.638
HB/west0655/west0655.mtx,spaden_bitmap_float,structural_related,float,ok,3,655,655,2854,,0.0071,0.0071,,0.8072,32.22,79.9,,,,5.649331e-09,1.397
HB/west0989/west0989.mtx,cusparse_double,main,double,ok,7,989,989,3518,0.1293,0.0135,0.0135,0.0102,,,,,,,,0.399
HB/west0989/west0989.mtx,cusparse_float,main_float,float,ok,3,989,989,3518,0.1406,0.0078,0.0078,0.0061,,,,,,,,1.839
HB/west0989/west0989.mtx,dasp_double,main,double,ok,3,,,,0.0530,0.0041,0.0041,,1.7249,,,,,,,1.605
HB/west0989/west0989.mtx,dasp_half,main_reduced_precision,half,ok,3,,,,0.0550,0.0041,0.0041,,1.7249,,,,,,,1.936
HB/west0989/west0989.mtx,packsell_pack16,structural_related,half,ok,3,989,989,3518,,0.004234,0.004234,,1.66176,,,,,,0.000427691,3.107
HB/west0989/west0989.mtx,packsell_pack32,structural_related,float,ok,3,989,989,3518,,0.004242,0.004242,,1.65883,,,,,,1.20901e-07,2.476
HB/west0989/west0989.mtx,spaden_bitmap_float,structural_related,float,ok,3,989,989,3537,,0.0069,0.0069,,1.0298,6.59,78.0,,,,5.541377e-08,1.289
HB/west1505/west1505.mtx,cusparse_double,main,double,ok,7,1505,1505,5414,0.1255,0.0144,0.0144,0.0123,,,,,,,,0.394
HB/west1505/west1505.mtx,cusparse_float,main_float,float,ok,3,1505,1505,5414,0.1482,0.0087,0.0087,0.0071,,,,,,,,1.692
HB/west1505/west1505.mtx,dasp_double,main,double,ok,3,,,,0.0750,0.0061,0.0061,,1.7950,,,,,,,2.188
HB/west1505/west1505.mtx,dasp_half,main_reduced_precision,half,ok,3,,,,0.0630,0.0041,0.0041,,2.6548,,,,,,,1.696
HB/west1505/west1505.mtx,packsell_pack16,structural_related,half,ok,3,1505,1505,5414,,0.004262,0.004262,,2.54065,,,,,,0.000424103,3.194
HB/west1505/west1505.mtx,packsell_pack32,structural_related,float,ok,3,1505,1505,5414,,0.004300,0.004300,,2.51794,,,,,,1.21891e-07,2.201
HB/west1505/west1505.mtx,spaden_bitmap_float,structural_related,float,ok,3,1505,1505,5445,,0.0074,0.0074,,1.4692,37.25,78.2,,,,5.346332e-08,1.758
HB/west2021/west2021.mtx,cusparse_double,main,double,ok,7,2021,2021,7310,0.1529,0.0169,0.0169,0.0143,,,,,,,,0.441
HB/west2021/west2021.mtx,cusparse_float,main_float,float,ok,3,2021,2021,7310,0.1211,0.0091,0.0091,0.0069,,,,,,,,1.320
HB/west2021/west2021.mtx,dasp_double,main,double,ok,3,,,,0.1230,0.0041,0.0041,,3.5772,,,,,,,1.498
HB/west2021/west2021.mtx,dasp_half,main_reduced_precision,half,ok,3,,,,0.0870,0.0041,0.0041,,3.5860,,,,,,,1.467
HB/west2021/west2021.mtx,packsell_pack16,structural_related,half,ok,3,2021,2021,7310,,0.003575,0.003575,,4.08959,,,,,,0.000442455,3.085
HB/west2021/west2021.mtx,packsell_pack32,structural_related,float,ok,3,2021,2021,7310,,0.004166,0.004166,,3.50959,,,,,,1.3367e-07,2.423
HB/west2021/west2021.mtx,spaden_bitmap_float,structural_related,float,ok,3,2021,2021,7353,,0.0068,0.0068,,2.1478,17.60,78.2,,,,4.298377e-08,1.880
HB/will57/will57.mtx,cusparse_double,main,double,ok,1,57,57,281,0.1325,0.0116,0.0116,0.0082,,,,,,,,0.399
HB/will57/will57.mtx,cusparse_float,main_float,float,ok,4,57,57,281,0.1361,0.0074,0.0074,0.0061,,,,,,,,1.587
HB/will57/will57.mtx,dasp_double,main,double,ok,4,,,,0.0200,0.0182,0.0182,,0.0309,,,,,,,1.893
HB/will57/will57.mtx,dasp_half,main_reduced_precision,half,ok,4,,,,0.0180,0.0041,0.0041,,0.1369,,,,,,,1.382
HB/will57/will57.mtx,packsell_pack16,structural_related,half,ok,4,57,57,281,,0.003904,0.003904,,0.143966,,,,,,0.000642338,2.757
HB/will57/will57.mtx,packsell_pack32,structural_related,float,ok,4,57,57,281,,0.004326,0.004326,,0.129927,,,,,,1.95363e-07,2.036
HB/will57/will57.mtx,spaden_bitmap_float,structural_related,float,ok,4,57,57,281,,0.0050,0.0050,,0.1131,30.22,68.9,,,,0.000000e+00,1.487
HB/wm1/wm1.mtx,cusparse_double,main,double,ok,7,207,277,2909,0.1121,0.0121,0.0121,0.0102,,,,,,,,0.396
HB/wm1/wm1.mtx,cusparse_float,main_float,float,ok,3,207,277,2909,0.1363,0.0075,0.0075,0.0060,,,,,,,,1.797
HB/wm1/wm1.mtx,dasp_double,main,double,ok,3,,,,0.0560,0.0106,0.0106,,0.5482,,,,,,,1.591
HB/wm1/wm1.mtx,dasp_half,main_reduced_precision,half,ok,3,,,,0.0680,0.0062,0.0062,,0.9452,,,,,,,1.269
HB/wm1/wm1.mtx,packsell_pack16,structural_related,half,ok,3,207,277,2909,,0.008448,0.008448,,0.688662,,,,,,0.000277908,2.585
HB/wm1/wm1.mtx,packsell_pack32,structural_related,float,ok,3,207,277,2909,,0.012564,0.012564,,0.463078,,,,,,9.8155e-08,1.770
HB/wm1/wm1.mtx,spaden_bitmap_float,structural_related,float,ok,3,207,277,2909,,0.0112,0.0112,,0.5215,30.92,63.0,,,,8.213109e-09,1.657
HB/wm2/wm2.mtx,cusparse_double,main,double,ok,2,207,260,2942,0.1381,0.0120,0.0120,0.0082,,,,,,,,1.514
HB/wm2/wm2.mtx,cusparse_float,main_float,float,ok,6,207,260,2942,0.1379,0.0077,0.0077,0.0064,,,,,,,,1.649
HB/wm2/wm2.mtx,dasp_double,main,double,ok,6,,,,0.0520,0.0103,0.0103,,0.5739,,,,,,,1.572
HB/wm2/wm2.mtx,dasp_half,main_reduced_precision,half,ok,6,,,,0.0400,0.0062,0.0062,,0.9563,,,,,,,1.533
HB/wm2/wm2.mtx,packsell_pack16,structural_related,half,ok,6,207,260,2942,,0.008331,0.008331,,0.706312,,,,,,0.000554765,1.852
HB/wm2/wm2.mtx,packsell_pack32,structural_related,float,ok,6,207,260,2942,,0.014493,0.014493,,0.40598,,,,,,1.82728e-07,1.728
HB/wm2/wm2.mtx,spaden_bitmap_float,structural_related,float,ok,6,207,260,2942,,0.0110,0.0110,,0.5364,36.65,65.1,,,,4.432404e-08,1.677
HB/wm3/wm3.mtx,cusparse_double,main,double,ok,7,207,260,2948,0.1148,0.0119,0.0119,0.0102,,,,,,,,0.398
HB/wm3/wm3.mtx,cusparse_float,main_float,float,ok,5,207,260,2948,0.1439,0.0078,0.0078,0.0065,,,,,,,,1.894
HB/wm3/wm3.mtx,dasp_double,main,double,ok,5,,,,0.0520,0.0103,0.0103,,0.5748,,,,,,,1.893
HB/wm3/wm3.mtx,dasp_half,main_reduced_precision,half,ok,5,,,,0.0360,0.0062,0.0062,,0.9582,,,,,,,1.413
HB/wm3/wm3.mtx,packsell_pack16,structural_related,half,ok,5,207,260,2948,,0.008428,0.008428,,0.699567,,,,,,0.000372448,3.192
HB/wm3/wm3.mtx,packsell_pack32,structural_related,float,ok,5,207,260,2948,,0.012566,0.012566,,0.469204,,,,,,1.07582e-07,2.911
HB/wm3/wm3.mtx,spaden_bitmap_float,structural_related,float,ok,5,207,260,2948,,0.0110,0.0110,,0.5367,11.69,64.7,,,,5.930006e-08,1.309
HB/young3c/young3c.mtx,cusparse_double,main,double,ok,6,841,841,3988,0.1569,0.0199,0.0199,0.0123,,,,,,,,1.219
HB/young3c/young3c.mtx,cusparse_float,main_float,float,ok,3,841,841,3988,0.1409,0.0076,0.0076,0.0061,,,,,,,,1.700
HB/young3c/young3c.mtx,dasp_double,main,double,ok,3,,,,0.0880,0.0041,0.0041,,1.9449,,,,,,,1.330
HB/young3c/young3c.mtx,dasp_half,main_reduced_precision,half,ok,3,,,,0.1010,0.0035,0.0035,,2.2672,,,,,,,1.597
HB/young3c/young3c.mtx,packsell_pack16,structural_related,half,ok,3,841,841,3988,,0.003752,0.003752,,2.12595,,,,,,0.000420372,2.619
HB/young3c/young3c.mtx,packsell_pack32,structural_related,float,ok,3,841,841,3988,,0.003899,0.003899,,2.04543,,,,,,1.03137e-07,3.308
HB/young3c/young3c.mtx,spaden_bitmap_float,structural_related,float,ok,3,841,841,3988,,0.0070,0.0070,,1.1392,63.08,78.6,,,,5.300718e-08,1.956
Hamm/add20/add20.mtx,cusparse_double,main,double,ok,2,2395,2395,13151,0.1361,0.0136,0.0136,0.0123,,,,,,,,1.451
Hamm/add20/add20.mtx,cusparse_float,main_float,float,ok,3,2395,2395,13151,0.1357,0.0083,0.0083,0.0072,,,,,,,,1.673
Hamm/add20/add20.mtx,dasp_double,main,double,ok,3,,,,0.2050,0.0143,0.0143,,2.4162,,,,,,,1.634
Hamm/add20/add20.mtx,dasp_half,main_reduced_precision,half,ok,3,,,,0.2040,0.0062,0.0062,,5.6294,,,,,,,1.572
Hamm/add20/add20.mtx,packsell_pack16,structural_related,half,ok,3,2395,2395,13151,,0.006424,0.006424,,4.09425,,,,,,0.000614721,2.139
Hamm/add20/add20.mtx,packsell_pack32,structural_related,float,ok,3,2395,2395,13151,,0.010528,0.010528,,2.49841,,,,,,2.51084e-07,3.184
Hamm/add20/add20.mtx,spaden_bitmap_float,structural_related,float,ok,3,2395,2395,17319,,0.0255,0.0255,,1.3563,37.79,95.5,,,,1.188550e-07,1.754
Hamrle/Hamrle1/Hamrle1.mtx,cusparse_double,main,double,ok,3,32,32,98,0.1358,0.0113,0.0113,0.0102,,,,,,,,1.537
Hamrle/Hamrle1/Hamrle1.mtx,cusparse_float,main_float,float,ok,6,32,32,98,0.1415,0.0073,0.0073,0.0064,,,,,,,,1.653
Hamrle/Hamrle1/Hamrle1.mtx,dasp_double,main,double,ok,6,,,,0.0120,0.0041,0.0041,,0.0478,,,,,,,1.497
Hamrle/Hamrle1/Hamrle1.mtx,dasp_half,main_reduced_precision,half,ok,6,,,,0.0070,0.0041,0.0041,,0.0478,,,,,,,1.996
Hamrle/Hamrle1/Hamrle1.mtx,packsell_pack16,structural_related,half,ok,6,32,32,98,,0.003199,0.003199,,0.0612749,,,,,,0.000498986,2.489
Hamrle/Hamrle1/Hamrle1.mtx,packsell_pack32,structural_related,float,ok,6,32,32,98,,0.004129,0.004129,,0.0474718,,,,,,1.38214e-07,3.807
Hamrle/Hamrle1/Hamrle1.mtx,spaden_bitmap_float,structural_related,float,ok,6,32,32,98,,0.0053,0.0053,,0.0370,14.74,68.1,,,,9.397961e-09,1.593
Hohn/fd12/fd12.mtx,cusparse_double,main,double,ok,2,7500,7500,28462,0.1377,0.0149,0.0149,0.0123,,,,,,,,1.444
Hohn/fd12/fd12.mtx,cusparse_float,main_float,float,ok,3,7500,7500,28462,0.1681,0.0089,0.0089,0.0078,,,,,,,,1.517
Hohn/fd12/fd12.mtx,dasp_double,main,double,ok,3,,,,0.2800,0.0041,0.0041,,13.8771,,,,,,,2.070
Hohn/fd12/fd12.mtx,dasp_half,main_reduced_precision,half,ok,3,,,,0.3390,0.0041,0.0041,,13.8738,,,,,,,1.580
Hohn/fd12/fd12.mtx,packsell_pack16,structural_related,half,ok,3,7500,7500,28462,,0.004353,0.004353,,13.0775,,,,,,0.000879118,2.488
Hohn/fd12/fd12.mtx,packsell_pack32,structural_related,float,ok,3,7500,7500,28462,,0.003808,0.003808,,14.947,,,,,,2.77807e-07,2.484
Hohn/fd12/fd12.mtx,spaden_bitmap_float,structural_related,float,fail:0,3,7500,7500,28462,,0.0111,0.0111,,5.1215,32.88,86.8,,,,1.412064e-02,2.008
Hohn/fd15/fd15.mtx,cusparse_double,main,double,ok,4,11532,11532,44206,0.1440,0.0149,0.0149,0.0123,,,,,,,,1.091
Hohn/fd15/fd15.mtx,cusparse_float,main_float,float,ok,6,11532,11532,44206,0.1335,0.0097,0.0097,0.0072,,,,,,,,1.602
Hohn/fd15/fd15.mtx,dasp_double,main,double,ok,6,,,,0.3910,0.0041,0.0041,,21.5586,,,,,,,1.117
Hohn/fd15/fd15.mtx,dasp_half,main_reduced_precision,half,ok,6,,,,0.5440,0.0067,0.0067,,13.1605,,,,,,,1.781
Hohn/fd15/fd15.mtx,packsell_pack16,structural_related,half,ok,6,11532,11532,44206,,0.003480,0.003480,,25.4072,,,,,,0.000869797,3.450
Hohn/fd15/fd15.mtx,packsell_pack32,structural_related,float,ok,6,11532,11532,44206,,0.004123,0.004123,,21.445,,,,,,2.94532e-07,2.313
Hohn/fd15/fd15.mtx,spaden_bitmap_float,structural_related,float,ok,6,11532,11532,44206,,0.0111,0.0111,,7.9937,119.88,85.4,,,,1.245340e-06,1.783
Hohn/fd18/fd18.mtx,cusparse_double,main,double,ok,3,16428,16428,63406,0.1425,0.0144,0.0144,0.0123,,,,,,,,0.846
Hohn/fd18/fd18.mtx,cusparse_float,main_float,float,ok,6,16428,16428,63406,0.1306,0.0092,0.0092,0.0077,,,,,,,,1.844
Hohn/fd18/fd18.mtx,dasp_double,main,double,ok,6,,,,0.5340,0.0041,0.0041,,30.9071,,,,,,,1.597
Hohn/fd18/fd18.mtx,dasp_half,main_reduced_precision,half,ok,6,,,,0.8330,0.0041,0.0041,,30.9222,,,,,,,1.657
Hohn/fd18/fd18.mtx,packsell_pack16,structural_related,half,ok,6,16428,16428,63406,,0.004321,0.004321,,29.3469,,,,,,0.000880079,4.145
Hohn/fd18/fd18.mtx,packsell_pack32,structural_related,float,ok,6,16428,16428,63406,,0.003437,0.003437,,36.8943,,,,,,2.99271e-07,4.400
Hohn/fd18/fd18.mtx,spaden_bitmap_float,structural_related,float,fail:0,6,16428,16428,63406,,0.0110,0.0110,,11.5300,18.11,84.7,,,,2.266635e-02,1.178
Hollinger/g7jac010sc/g7jac010sc.mtx,cusparse_double,main,double,ok,3,2880,2880,18229,0.1325,0.0144,0.0144,0.0123,,,,,,,,0.820
Hollinger/g7jac010sc/g7jac010sc.mtx,cusparse_float,main_float,float,ok,7,2880,2880,18229,0.1374,0.0096,0.0096,0.0080,,,,,,,,1.736
Hollinger/g7jac010sc/g7jac010sc.mtx,dasp_double,main,double,ok,7,,,,0.2450,0.0062,0.0062,,6.3854,,,,,,,1.709
Hollinger/g7jac010sc/g7jac010sc.mtx,dasp_half,main_reduced_precision,half,ok,7,,,,0.3010,0.0105,0.0105,,3.7400,,,,,,,1.772
Hollinger/g7jac010sc/g7jac010sc.mtx,packsell_pack16,structural_related,half,ok,7,2880,2880,18229,,0.005863,0.005863,,6.218,,,,,,0.000438303,3.981
Hollinger/g7jac010sc/g7jac010sc.mtx,packsell_pack32,structural_related,float,ok,7,2880,2880,18229,,0.008417,0.008417,,4.33121,,,,,,1.66851e-07,2.895
Hollinger/g7jac010sc/g7jac010sc.mtx,spaden_bitmap_float,structural_related,float,ok,7,2880,2880,19635,,0.0173,0.0173,,2.2765,8.27,93.6,,,,8.227355e-08,1.716
Hollinger/g7jac020sc/g7jac020sc.mtx,cusparse_double,main,double,ok,7,5850,5850,42568,0.1648,0.0170,0.0170,0.0123,,,,,,,,0.943
Hollinger/g7jac020sc/g7jac020sc.mtx,cusparse_float,main_float,float,ok,3,5850,5850,42568,0.1498,0.0091,0.0091,0.0078,,,,,,,,1.371
Hollinger/g7jac020sc/g7jac020sc.mtx,dasp_double,main,double,ok,3,,,,0.5540,0.0062,0.0062,,14.7806,,,,,,,1.867
Hollinger/g7jac020sc/g7jac020sc.mtx,dasp_half,main_reduced_precision,half,ok,3,,,,0.4840,0.0160,0.0160,,5.6877,,,,,,,1.025
Hollinger/g7jac020sc/g7jac020sc.mtx,packsell_pack16,structural_related,half,ok,3,5850,5850,42568,,0.006381,0.006381,,13.3414,,,,,,0.000448483,2.882
Hollinger/g7jac020sc/g7jac020sc.mtx,packsell_pack32,structural_related,float,ok,3,5850,5850,42568,,0.010541,0.010541,,8.07655,,,,,,1.80944e-07,3.603
Hollinger/g7jac020sc/g7jac020sc.mtx,spaden_bitmap_float,structural_related,float,ok,3,5850,5850,45465,,0.0255,0.0255,,3.5679,47.25,101.7,,,,2.477367e-08,1.659
Hollinger/jan99jac020/jan99jac020.mtx,cusparse_double,main,double,ok,4,6774,6774,33744,0.1400,0.0151,0.0151,0.0123,,,,,,,,1.049
Hollinger/jan99jac020/jan99jac020.mtx,cusparse_float,main_float,float,ok,3,6774,6774,33744,0.1299,0.0096,0.0096,0.0090,,,,,,,,1.819
Hollinger/jan99jac020/jan99jac020.mtx,dasp_double,main,double,ok,3,,,,0.5070,0.0082,0.0082,,9.4394,,,,,,,1.498
Hollinger/jan99jac020/jan99jac020.mtx,dasp_half,main_reduced_precision,half,ok,3,,,,0.4870,0.0061,0.0061,,12.5848,,,,,,,1.670
Hollinger/jan99jac020/jan99jac020.mtx,packsell_pack16,structural_related,half,ok,3,6774,6774,33744,,0.008352,0.008352,,8.08001,,,,,,0.000415097,2.208
Hollinger/jan99jac020/jan99jac020.mtx,packsell_pack32,structural_related,float,ok,3,6774,6774,33744,,0.012460,0.012460,,5.41647,,,,,,1.4432e-07,2.248
Hollinger/jan99jac020/jan99jac020.mtx,spaden_bitmap_float,structural_related,float,ok,3,6774,6774,38692,,0.0152,0.0152,,5.0836,106.63,102.7,,,,7.702585e-08,1.911
Hollinger/jan99jac020sc/jan99jac020sc.mtx,cusparse_double,main,double,ok,2,6774,6774,33744,0.1545,0.0167,0.0167,0.0143,,,,,,,,1.327
Hollinger/jan99jac020sc/jan99jac020sc.mtx,cusparse_float,main_float,float,ok,4,6774,6774,33744,0.1287,0.0087,0.0087,0.0078,,,,,,,,1.593
Hollinger/jan99jac020sc/jan99jac020sc.mtx,dasp_double,main,double,ok,4,,,,0.4590,0.0082,0.0082,,9.4428,,,,,,,1.472
Hollinger/jan99jac020sc/jan99jac020sc.mtx,dasp_half,main_reduced_precision,half,ok,4,,,,0.3870,0.0061,0.0061,,12.5889,,,,,,,2.102
Hollinger/jan99jac020sc/jan99jac020sc.mtx,packsell_pack16,structural_related,half,ok,4,6774,6774,33744,,0.008423,0.008423,,8.01197,,,,,,0.000439959,3.273
Hollinger/jan99jac020sc/jan99jac020sc.mtx,packsell_pack32,structural_related,float,ok,4,6774,6774,33744,,0.012472,0.012472,,5.41126,,,,,,1.47587e-07,2.649
Hollinger/jan99jac020sc/jan99jac020sc.mtx,spaden_bitmap_float,structural_related,float,ok,4,6774,6774,38692,,0.0173,0.0173,,4.4642,19.81,102.7,,,,5.172798e-08,1.224
Hollinger/jan99jac040/jan99jac040.mtx,cusparse_double,main,double,ok,1,13694,13694,72734,0.1305,0.0143,0.0143,0.0123,,,,,,,,0.421
Hollinger/jan99jac040/jan99jac040.mtx,cusparse_float,main_float,float,ok,4,13694,13694,72734,0.1365,0.0088,0.0088,0.0077,,,,,,,,1.711
Hollinger/jan99jac040/jan99jac040.mtx,dasp_double,main,double,ok,4,,,,1.0770,0.0082,0.0082,,20.1980,,,,,,,1.529
Hollinger/jan99jac040/jan99jac040.mtx,dasp_half,main_reduced_precision,half,ok,4,,,,0.9340,0.0061,0.0061,,26.9536,,,,,,,2.123
Hollinger/jan99jac040/jan99jac040.mtx,packsell_pack16,structural_related,half,ok,4,13694,13694,72734,,0.008374,0.008374,,17.372,,,,,,0.000439314,2.032
Hollinger/jan99jac040/jan99jac040.mtx,packsell_pack32,structural_related,float,ok,4,13694,13694,72734,,0.012534,0.012534,,11.6063,,,,,,1.52404e-07,2.485
Hollinger/jan99jac040/jan99jac040.mtx,spaden_bitmap_float,structural_related,float,ok,4,13694,13694,82842,,0.0194,0.0194,,8.5322,177.39,106.7,,,,1.042104e-07,1.471
Hollinger/jan99jac040sc/jan99jac040sc.mtx,cusparse_double,main,double,ok,6,13694,13694,72734,0.1406,0.0139,0.0139,0.0123,,,,,,,,0.826
Hollinger/jan99jac040sc/jan99jac040sc.mtx,cusparse_float,main_float,float,ok,7,13694,13694,72734,0.1369,0.0100,0.0100,0.0096,,,,,,,,1.590
Hollinger/jan99jac040sc/jan99jac040sc.mtx,dasp_double,main,double,ok,7,,,,0.9080,0.0082,0.0082,,20.2004,,,,,,,1.411
Hollinger/jan99jac040sc/jan99jac040sc.mtx,dasp_half,main_reduced_precision,half,ok,7,,,,0.9590,0.0061,0.0061,,26.9493,,,,,,,1.360
Hollinger/jan99jac040sc/jan99jac040sc.mtx,packsell_pack16,structural_related,half,ok,7,13694,13694,72734,,0.008420,0.008420,,17.2766,,,,,,0.000456217,2.975
Hollinger/jan99jac040sc/jan99jac040sc.mtx,packsell_pack32,structural_related,float,ok,7,13694,13694,72734,,0.012457,0.012457,,11.678,,,,,,1.69532e-07,2.572
Hollinger/jan99jac040sc/jan99jac040sc.mtx,spaden_bitmap_float,structural_related,float,ok,7,13694,13694,82842,,0.0172,0.0172,,9.6179,175.08,106.7,,,,6.455527e-08,2.090
Hollinger/mark3jac020/mark3jac020.mtx,cusparse_double,main,double,ok,5,9129,9129,52883,0.1316,0.0146,0.0146,0.0123,,,,,,,,1.333
Hollinger/mark3jac020/mark3jac020.mtx,cusparse_float,main_float,float,ok,6,9129,9129,52883,0.1302,0.0090,0.0090,0.0075,,,,,,,,1.477
Hollinger/mark3jac020/mark3jac020.mtx,dasp_double,main,double,ok,6,,,,0.7130,0.0106,0.0106,,10.6181,,,,,,,1.693
Hollinger/mark3jac020/mark3jac020.mtx,dasp_half,main_reduced_precision,half,ok,6,,,,0.7100,0.0043,0.0043,,25.8692,,,,,,,1.398
Hollinger/mark3jac020/mark3jac020.mtx,packsell_pack16,structural_related,half,ok,6,9129,9129,52883,,0.006309,0.006309,,16.7651,,,,,,0.000466564,2.679
Hollinger/mark3jac020/mark3jac020.mtx,packsell_pack32,structural_related,float,ok,6,9129,9129,52883,,0.008424,0.008424,,12.5551,,,,,,1.8108e-07,2.895
Hollinger/mark3jac020/mark3jac020.mtx,spaden_bitmap_float,structural_related,float,ok,6,9129,9129,56175,,0.0275,0.0275,,4.0830,33.27,117.8,,,,1.322636e-09,1.844
Hollinger/mark3jac020sc/mark3jac020sc.mtx,cusparse_double,main,double,ok,3,9129,9129,52883,0.1362,0.0137,0.0137,0.0123,,,,,,,,0.832
Hollinger/mark3jac020sc/mark3jac020sc.mtx,cusparse_float,main_float,float,ok,4,9129,9129,52883,0.1273,0.0099,0.0099,0.0080,,,,,,,,1.723
Hollinger/mark3jac020sc/mark3jac020sc.mtx,dasp_double,main,double,ok,4,,,,0.7900,0.0124,0.0124,,9.0350,,,,,,,1.587
Hollinger/mark3jac020sc/mark3jac020sc.mtx,dasp_half,main_reduced_precision,half,ok,4,,,,0.6810,0.0081,0.0081,,13.8721,,,,,,,2.009
Hollinger/mark3jac020sc/mark3jac020sc.mtx,packsell_pack16,structural_related,half,ok,4,9129,9129,52883,,0.006285,0.006285,,16.8294,,,,,,0.000449819,3.258
Hollinger/mark3jac020sc/mark3jac020sc.mtx,packsell_pack32,structural_related,float,ok,4,9129,9129,52883,,0.008485,0.008485,,12.4651,,,,,,1.60574e-07,2.677
Hollinger/mark3jac020sc/mark3jac020sc.mtx,spaden_bitmap_float,structural_related,float,ok,4,9129,9129,56175,,0.0295,0.0295,,3.8077,108.36,117.8,,,,7.556650e-08,2.517
IBM_Austin/coupled/coupled.mtx,cusparse_double,main,double,ok,7,11341,11341,97193,0.1755,0.0187,0.0187,0.0143,,,,,,,,1.283
IBM_Austin/coupled/coupled.mtx,cusparse_float,main_float,float,ok,5,11341,11341,97193,0.1258,0.0086,0.0086,0.0077,,,,,,,,1.549
IBM_Austin/coupled/coupled.mtx,dasp_double,main,double,ok,5,,,,1.3210,0.0082,0.0082,,23.9978,,,,,,,1.465
IBM_Austin/coupled/coupled.mtx,dasp_half,main_reduced_precision,half,ok,5,,,,1.1810,0.0062,0.0062,,32.0140,,,,,,,1.644
IBM_Austin/coupled/coupled.mtx,packsell_pack16,structural_related,half,ok,5,11341,11341,97193,,0.146730,0.146730,,1.32479,,,,,,0.000421113,2.744
IBM_Austin/coupled/coupled.mtx,packsell_pack32,structural_related,float,ok,5,11341,11341,97193,,0.309438,0.309438,,0.628191,,,,,,2.08085e-07,2.642
IBM_Austin/coupled/coupled.mtx,spaden_bitmap_float,structural_related,float,ok,5,11341,11341,98523,,0.2174,0.2174,,0.9063,44.20,176.4,,,,1.066790e-06,1.670
JGD_BIBD/bibd_11_5/bibd_11_5.mtx,cusparse_double,main,double,ok,7,55,462,4620,0.1271,0.0120,0.0120,0.0102,,,,,,,,0.394
JGD_BIBD/bibd_11_5/bibd_11_5.mtx,cusparse_float,main_float,float,ok,2,55,462,4620,0.1276,0.0077,0.0077,0.0061,,,,,,,,1.537
JGD_BIBD/bibd_11_5/bibd_11_5.mtx,dasp_double,main,double,ok,2,,,,0.0500,0.0082,0.0082,,1.1264,,,,,,,1.543
JGD_BIBD/bibd_11_5/bibd_11_5.mtx,dasp_half,main_reduced_precision,half,ok,2,,,,0.0390,0.0062,0.0062,,1.5024,,,,,,,1.824
JGD_BIBD/bibd_11_5/bibd_11_5.mtx,packsell_pack16,structural_related,half,ok,2,55,462,4620,,0.008442,0.008442,,1.09454,,,,,,0.00396644,2.610
JGD_BIBD/bibd_11_5/bibd_11_5.mtx,packsell_pack32,structural_related,float,ok,2,55,462,4620,,0.012591,0.012591,,0.733842,,,,,,3.75535e-06,2.463
JGD_BIBD/bibd_11_5/bibd_11_5.mtx,spaden_bitmap_float,structural_related,float,ok,2,55,462,4620,,0.0236,0.0236,,0.3910,11.48,63.1,,,,0.000000e+00,1.549
JGD_BIBD/bibd_12_4/bibd_12_4.mtx,cusparse_double,main,double,ok,4,66,495,2970,0.1332,0.0117,0.0117,0.0082,,,,,,,,1.579
JGD_BIBD/bibd_12_4/bibd_12_4.mtx,cusparse_float,main_float,float,ok,7,66,495,2970,0.1333,0.0081,0.0081,0.0061,,,,,,,,1.702
JGD_BIBD/bibd_12_4/bibd_12_4.mtx,dasp_double,main,double,ok,7,,,,0.0400,0.0123,0.0123,,0.4833,,,,,,,0.841
JGD_BIBD/bibd_12_4/bibd_12_4.mtx,dasp_half,main_reduced_precision,half,ok,7,,,,0.0270,0.0041,0.0041,,1.4467,,,,,,,0.432
JGD_BIBD/bibd_12_4/bibd_12_4.mtx,packsell_pack16,structural_related,half,ok,7,66,495,2970,,0.006374,0.006374,,0.93196,,,,,,0.0036902,2.928
JGD_BIBD/bibd_12_4/bibd_12_4.mtx,packsell_pack32,structural_related,float,ok,7,66,495,2970,,0.008452,0.008452,,0.702801,,,,,,1.65897e-06,1.974
JGD_BIBD/bibd_12_4/bibd_12_4.mtx,spaden_bitmap_float,structural_related,float,ok,7,66,495,2970,,0.0212,0.0212,,0.2804,21.86,70.8,,,,0.000000e+00,1.885
JGD_BIBD/bibd_12_5/bibd_12_5.mtx,cusparse_double,main,double,ok,5,66,792,7920,0.1679,0.0146,0.0146,0.0102,,,,,,,,1.150
JGD_BIBD/bibd_12_5/bibd_12_5.mtx,cusparse_float,main_float,float,ok,7,66,792,7920,0.1348,0.0094,0.0094,0.0077,,,,,,,,1.922
JGD_BIBD/bibd_12_5/bibd_12_5.mtx,dasp_double,main,double,ok,7,,,,0.0860,0.0246,0.0246,,0.6446,,,,,,,1.482
JGD_BIBD/bibd_12_5/bibd_12_5.mtx,dasp_half,main_reduced_precision,half,ok,7,,,,0.0530,0.0082,0.0082,,1.9331,,,,,,,1.312
JGD_BIBD/bibd_12_5/bibd_12_5.mtx,packsell_pack16,structural_related,half,ok,7,66,792,7920,,0.010507,0.010507,,1.50761,,,,,,0.00629241,2.978
JGD_BIBD/bibd_12_5/bibd_12_5.mtx,packsell_pack32,structural_related,float,ok,7,66,792,7920,,0.018707,0.018707,,0.846746,,,,,,4.84704e-06,2.359
JGD_BIBD/bibd_12_5/bibd_12_5.mtx,spaden_bitmap_float,structural_related,float,ok,7,66,792,7920,,0.0399,0.0399,,0.3974,32.10,65.4,,,,0.000000e+00,1.910
JGD_BIBD/bibd_13_6/bibd_13_6.mtx,cusparse_double,main,double,ok,3,78,1716,25740,0.1342,0.0121,0.0121,0.0082,,,,,,,,1.198
JGD_BIBD/bibd_13_6/bibd_13_6.mtx,cusparse_float,main_float,float,ok,5,78,1716,25740,0.1344,0.0076,0.0076,0.0065,,,,,,,,1.466
JGD_BIBD/bibd_13_6/bibd_13_6.mtx,dasp_double,main,double,ok,5,,,,0.1880,0.0041,0.0041,,12.5469,,,,,,,1.376
JGD_BIBD/bibd_13_6/bibd_13_6.mtx,dasp_half,main_reduced_precision,half,ok,5,,,,0.1070,0.0056,0.0056,,9.2093,,,,,,,1.585
JGD_BIBD/bibd_13_6/bibd_13_6.mtx,packsell_pack16,structural_related,half,ok,5,78,1716,25740,,0.022828,0.022828,,2.25511,,,,,,0.00749922,3.186
JGD_BIBD/bibd_13_6/bibd_13_6.mtx,packsell_pack32,structural_related,float,ok,5,78,1716,25740,,0.041944,0.041944,,1.22735,,,,,,1.29938e-05,3.009
JGD_BIBD/bibd_13_6/bibd_13_6.mtx,spaden_bitmap_float,structural_related,float,ok,5,78,1716,25740,,0.0832,0.0832,,0.6190,14.71,62.0,,,,0.000000e+00,1.254
JGD_BIBD/bibd_14_7/bibd_14_7.mtx,cusparse_double,main,double,ok,1,91,3432,72072,0.1450,0.0119,0.0119,0.0082,,,,,,,,0.409
JGD_BIBD/bibd_14_7/bibd_14_7.mtx,cusparse_float,main_float,float,ok,3,91,3432,72072,0.1442,0.0080,0.0080,0.0063,,,,,,,,1.558
JGD_BIBD/bibd_14_7/bibd_14_7.mtx,dasp_double,main,double,ok,3,,,,0.4460,0.0067,0.0067,,21.5108,,,,,,,1.818
JGD_BIBD/bibd_14_7/bibd_14_7.mtx,dasp_half,main_reduced_precision,half,ok,3,,,,0.2320,0.0041,0.0041,,35.1657,,,,,,,1.718
JGD_BIBD/bibd_14_7/bibd_14_7.mtx,packsell_pack16,structural_related,half,ok,3,91,3432,72072,,0.049404,0.049404,,2.91769,,,,,,0.016307,2.997
JGD_BIBD/bibd_14_7/bibd_14_7.mtx,packsell_pack32,structural_related,float,ok,3,91,3432,72072,,0.094450,0.094450,,1.52615,,,,,,3.04131e-05,2.021
JGD_BIBD/bibd_14_7/bibd_14_7.mtx,spaden_bitmap_float,structural_related,float,ok,3,91,3432,72072,,0.1564,0.1564,,0.9218,20.54,60.6,,,,0.000000e+00,1.397
JGD_BIBD/bibd_15_7/bibd_15_7.mtx,cusparse_double,main,double,ok,4,105,6435,135135,0.1434,0.0126,0.0126,0.0082,,,,,,,,0.987
JGD_BIBD/bibd_15_7/bibd_15_7.mtx,cusparse_float,main_float,float,ok,5,105,6435,135135,0.4168,0.0079,0.0079,0.0066,,,,,,,,1.793
JGD_BIBD/bibd_15_7/bibd_15_7.mtx,dasp_double,main,double,ok,5,,,,0.8530,0.0064,0.0064,,42.3422,,,,,,,1.803
JGD_BIBD/bibd_15_7/bibd_15_7.mtx,dasp_half,main_reduced_precision,half,ok,5,,,,0.5020,0.0041,0.0041,,65.8553,,,,,,,1.339
JGD_BIBD/bibd_15_7/bibd_15_7.mtx,packsell_pack16,structural_related,half,ok,5,105,6435,135135,,0.078881,0.078881,,3.4263,,,,,,0.0175169,3.672
JGD_BIBD/bibd_15_7/bibd_15_7.mtx,packsell_pack32,structural_related,float,ok,5,105,6435,135135,,0.148723,0.148723,,1.81727,,,,,,4.51428e-05,2.593
JGD_BIBD/bibd_15_7/bibd_15_7.mtx,spaden_bitmap_float,structural_related,float,ok,5,105,6435,135135,,0.2720,0.2720,,0.9937,240.79,61.7,,,,0.000000e+00,2.272
JGD_BIBD/bibd_16_8/bibd_16_8.mtx,cusparse_double,main,double,ok,5,120,12870,360360,0.1361,0.0134,0.0134,0.0102,,,,,,,,1.396
JGD_BIBD/bibd_16_8/bibd_16_8.mtx,cusparse_float,main_float,float,ok,7,120,12870,360360,0.1229,0.0079,0.0079,0.0060,,,,,,,,1.521
JGD_BIBD/bibd_16_8/bibd_16_8.mtx,dasp_double,main,double,ok,7,,,,2.3640,0.0082,0.0082,,87.8391,,,,,,,2.001
JGD_BIBD/bibd_16_8/bibd_16_8.mtx,dasp_half,main_reduced_precision,half,ok,7,,,,1.1140,0.0041,0.0041,,175.6568,,,,,,,1.688
JGD_BIBD/bibd_16_8/bibd_16_8.mtx,packsell_pack16,structural_related,half,ok,7,120,12870,360360,,0.190607,0.190607,,3.78118,,,,,,0.0313841,3.845
JGD_BIBD/bibd_16_8/bibd_16_8.mtx,packsell_pack32,structural_related,float,ok,7,120,12870,360360,,0.372963,0.372963,,1.93242,,,,,,0.000111215,3.299
JGD_BIBD/bibd_16_8/bibd_16_8.mtx,spaden_bitmap_float,structural_related,float,ok,7,120,12870,360360,,0.6018,0.6018,,1.1977,195.19,59.7,,,,0.000000e+00,1.166
JGD_BIBD/bibd_17_4/bibd_17_4.mtx,cusparse_double,main,double,ok,4,136,2380,14280,0.1797,0.0131,0.0131,0.0102,,,,,,,,1.371
JGD_BIBD/bibd_17_4/bibd_17_4.mtx,cusparse_float,main_float,float,ok,4,136,2380,14280,0.1326,0.0076,0.0076,0.0061,,,,,,,,1.609
JGD_BIBD/bibd_17_4/bibd_17_4.mtx,dasp_double,main,double,ok,4,,,,0.1250,0.0124,0.0124,,2.2993,,,,,,,1.010
JGD_BIBD/bibd_17_4/bibd_17_4.mtx,dasp_half,main_reduced_precision,half,ok,4,,,,0.1390,0.0082,0.0082,,3.4863,,,,,,,1.243
JGD_BIBD/bibd_17_4/bibd_17_4.mtx,packsell_pack16,structural_related,half,ok,4,136,2380,14280,,0.010440,0.010440,,2.73554,,,,,,0.00963117,2.698
JGD_BIBD/bibd_17_4/bibd_17_4.mtx,packsell_pack32,structural_related,float,ok,4,136,2380,14280,,0.016656,0.016656,,1.71471,,,,,,4.69881e-06,2.054
JGD_BIBD/bibd_17_4/bibd_17_4.mtx,spaden_bitmap_float,structural_related,float,ok,4,136,2380,14280,,0.0540,0.0540,,0.5288,20.03,73.4,,,,0.000000e+00,1.939
JGD_BIBD/bibd_17_4b/bibd_17_4b.mtx,cusparse_double,main,double,ok,2,136,2380,14280,0.1429,0.0125,0.0125,0.0102,,,,,,,,1.319
JGD_BIBD/bibd_17_4b/bibd_17_4b.mtx,cusparse_float,main_float,float,ok,7,136,2380,14280,0.1293,0.0077,0.0077,0.0061,,,,,,,,1.325
JGD_BIBD/bibd_17_4b/bibd_17_4b.mtx,dasp_double,main,double,ok,7,,,,0.1240,0.0103,0.0103,,2.7863,,,,,,,1.205
JGD_BIBD/bibd_17_4b/bibd_17_4b.mtx,dasp_half,main_reduced_precision,half,ok,7,,,,0.1000,0.0082,0.0082,,3.4859,,,,,,,1.083
JGD_BIBD/bibd_17_4b/bibd_17_4b.mtx,packsell_pack16,structural_related,half,ok,7,136,2380,14280,,0.010476,0.010476,,2.72624,,,,,,0.00963117,4.168
JGD_BIBD/bibd_17_4b/bibd_17_4b.mtx,packsell_pack32,structural_related,float,ok,7,136,2380,14280,,0.016855,0.016855,,1.69441,,,,,,4.69881e-06,4.558
JGD_BIBD/bibd_17_4b/bibd_17_4b.mtx,spaden_bitmap_float,structural_related,float,ok,7,136,2380,14280,,0.0560,0.0560,,0.5096,8.45,73.4,,,,0.000000e+00,1.970
JGD_BIBD/bibd_9_3/bibd_9_3.mtx,cusparse_double,main,double,ok,1,36,84,252,0.1422,0.0117,0.0117,0.0082,,,,,,,,0.398
JGD_BIBD/bibd_9_3/bibd_9_3.mtx,cusparse_float,main_float,float,ok,3,36,84,252,0.1339,0.0071,0.0071,0.0065,,,,,,,,1.587
JGD_BIBD/bibd_9_3/bibd_9_3.mtx,dasp_double,main,double,ok,3,,,,0.0110,0.0041,0.0041,,0.1228,,,,,,,1.761
JGD_BIBD/bibd_9_3/bibd_9_3.mtx,dasp_half,main_reduced_precision,half,ok,3,,,,0.0120,0.0043,0.0043,,0.1173,,,,,,,1.499
JGD_BIBD/bibd_9_3/bibd_9_3.mtx,packsell_pack16,structural_related,half,ok,3,36,84,252,,0.003990,0.003990,,0.126317,,,,,,0.000941968,3.139
JGD_BIBD/bibd_9_3/bibd_9_3.mtx,packsell_pack32,structural_related,float,ok,3,36,84,252,,0.003999,0.003999,,0.126028,,,,,,0,2.630
JGD_BIBD/bibd_9_3/bibd_9_3.mtx,spaden_bitmap_float,structural_related,float,ok,3,36,84,252,,0.0069,0.0069,,0.0728,9.89,70.8,,,,0.000000e+00,1.690
JGD_BIBD/bibd_9_5/bibd_9_5.mtx,cusparse_double,main,double,ok,2,36,126,1260,0.1360,0.0116,0.0116,0.0082,,,,,,,,0.828
JGD_BIBD/bibd_9_5/bibd_9_5.mtx,cusparse_float,main_float,float,ok,2,36,126,1260,0.1242,0.0078,0.0078,0.0066,,,,,,,,1.549
JGD_BIBD/bibd_9_5/bibd_9_5.mtx,dasp_double,main,double,ok,2,,,,0.0190,0.0122,0.0122,,0.2061,,,,,,,0.947
JGD_BIBD/bibd_9_5/bibd_9_5.mtx,dasp_half,main_reduced_precision,half,ok,2,,,,0.0250,0.0139,0.0139,,0.1815,,,,,,,1.039
JGD_BIBD/bibd_9_5/bibd_9_5.mtx,packsell_pack16,structural_related,half,ok,2,36,126,1260,,0.006253,0.006253,,0.403007,,,,,,0.00374404,3.172
JGD_BIBD/bibd_9_5/bibd_9_5.mtx,packsell_pack32,structural_related,float,ok,2,36,126,1260,,0.007172,0.007172,,0.351347,,,,,,1.29677e-06,2.663
JGD_BIBD/bibd_9_5/bibd_9_5.mtx,spaden_bitmap_float,structural_related,float,ok,2,36,126,1260,,0.0111,0.0111,,0.2261,32.75,60.2,,,,0.000000e+00,1.929
JGD_Franz/Franz3/Franz3.mtx,cusparse_double,main,double,ok,1,1280,2800,11520,0.1402,0.0137,0.0137,0.0121,,,,,,,,0.401
JGD_Franz/Franz3/Franz3.mtx,cusparse_float,main_float,float,ok,7,1280,2800,11520,0.1351,0.0089,0.0089,0.0074,,,,,,,,1.664
JGD_Franz/Franz3/Franz3.mtx,dasp_double,main,double,ok,7,,,,0.1350,0.0041,0.0041,,5.6127,,,,,,,1.676
JGD_Franz/Franz3/Franz3.mtx,dasp_half,main_reduced_precision,half,ok,7,,,,0.1280,0.0041,0.0041,,5.6195,,,,,,,1.229
JGD_Franz/Franz3/Franz3.mtx,packsell_pack16,structural_related,half,ok,7,1280,2800,11520,,0.004086,0.004086,,5.63923,,,,,,0.00277803,2.823
JGD_Franz/Franz3/Franz3.mtx,packsell_pack32,structural_related,float,ok,7,1280,2800,11520,,0.004372,0.004372,,5.27006,,,,,,9.06305e-07,3.243
JGD_Franz/Franz3/Franz3.mtx,spaden_bitmap_float,structural_related,float,ok,7,1280,2800,11520,,0.0069,0.0069,,3.3624,15.98,67.5,,,,0.000000e+00,1.423
JGD_Franz/Franz4/Franz4.mtx,cusparse_double,main,double,ok,4,6784,5252,46528,0.1629,0.0153,0.0153,0.0123,,,,,,,,1.011
JGD_Franz/Franz4/Franz4.mtx,cusparse_float,main_float,float,ok,6,6784,5252,46528,0.1357,0.0090,0.0090,0.0072,,,,,,,,1.761
JGD_Franz/Franz4/Franz4.mtx,dasp_double,main,double,ok,6,,,,0.5920,0.0156,0.0156,,5.9548,,,,,,,1.718
JGD_Franz/Franz4/Franz4.mtx,dasp_half,main_reduced_precision,half,ok,6,,,,0.6290,0.0041,0.0041,,22.6855,,,,,,,1.908
JGD_Franz/Franz4/Franz4.mtx,packsell_pack16,structural_related,half,ok,6,6784,5252,46528,,0.003960,0.003960,,23.5016,,,,,,0.00188631,2.933
JGD_Franz/Franz4/Franz4.mtx,packsell_pack32,structural_related,float,ok,6,6784,5252,46528,,0.004285,0.004285,,21.715,,,,,,6.14047e-07,3.659
JGD_Franz/Franz4/Franz4.mtx,spaden_bitmap_float,structural_related,float,ok,6,6784,5252,46528,,0.0069,0.0069,,13.4401,17.35,69.3,,,,0.000000e+00,1.992
JGD_Franz/Franz5/Franz5.mtx,cusparse_double,main,double,ok,2,7382,2882,44056,0.1326,0.0152,0.0152,0.0123,,,,,,,,1.280
JGD_Franz/Franz5/Franz5.mtx,cusparse_float,main_float,float,ok,2,7382,2882,44056,0.1315,0.0095,0.0095,0.0077,,,,,,,,1.640
JGD_Franz/Franz5/Franz5.mtx,dasp_double,main,double,ok,2,,,,0.5750,0.0041,0.0041,,21.4803,,,,,,,1.545
JGD_Franz/Franz5/Franz5.mtx,dasp_half,main_reduced_precision,half,ok,2,,,,0.8430,0.0041,0.0041,,21.4855,,,,,,,1.734
JGD_Franz/Franz5/Franz5.mtx,packsell_pack16,structural_related,half,ok,2,7382,2882,44056,,0.004119,0.004119,,21.3932,,,,,,0.00187878,2.902
JGD_Franz/Franz5/Franz5.mtx,packsell_pack32,structural_related,float,ok,2,7382,2882,44056,,0.004285,0.004285,,20.5621,,,,,,6.89946e-07,2.615
JGD_Franz/Franz5/Franz5.mtx,spaden_bitmap_float,structural_related,float,ok,2,7382,2882,44056,,0.0077,0.0077,,11.4048,8.49,77.7,,,,0.000000e+00,1.532
JGD_Franz/Franz6/Franz6.mtx,cusparse_double,main,double,ok,6,7576,3016,45456,0.1400,0.0148,0.0148,0.0123,,,,,,,,0.913
JGD_Franz/Franz6/Franz6.mtx,cusparse_float,main_float,float,ok,4,7576,3016,45456,0.1391,0.0092,0.0092,0.0064,,,,,,,,1.647
JGD_Franz/Franz6/Franz6.mtx,dasp_double,main,double,ok,4,,,,0.5120,0.0041,0.0041,,22.1520,,,,,,,1.636
JGD_Franz/Franz6/Franz6.mtx,dasp_half,main_reduced_precision,half,ok,4,,,,1.8100,0.0096,0.0096,,9.4219,,,,,,,1.297
JGD_Franz/Franz6/Franz6.mtx,packsell_pack16,structural_related,half,ok,4,7576,3016,45456,,0.004218,0.004218,,21.5547,,,,,,0.00262834,2.812
JGD_Franz/Franz6/Franz6.mtx,packsell_pack32,structural_related,float,ok,4,7576,3016,45456,,0.004133,0.004133,,21.9979,,,,,,1.06129e-06,2.405
JGD_Franz/Franz6/Franz6.mtx,spaden_bitmap_float,structural_related,float,ok,4,7576,3016,45456,,0.1112,0.1112,,0.8174,15.12,69.8,,,,0.000000e+00,1.689
JGD_Franz/Franz8/Franz8.mtx,cusparse_double,main,double,ok,5,16728,7176,100368,0.1387,0.0149,0.0149,0.0123,,,,,,,,1.388
JGD_Franz/Franz8/Franz8.mtx,cusparse_float,main_float,float,ok,3,16728,7176,100368,0.1230,0.0093,0.0093,0.0075,,,,,,,,1.760
JGD_Franz/Franz8/Franz8.mtx,dasp_double,main,double,ok,3,,,,1.4380,0.0041,0.0041,,48.9361,,,,,,,1.451
JGD_Franz/Franz8/Franz8.mtx,dasp_half,main_reduced_precision,half,ok,3,,,,1.9590,0.0041,0.0041,,48.9361,,,,,,,1.200
JGD_Franz/Franz8/Franz8.mtx,packsell_pack16,structural_related,half,ok,3,16728,7176,100368,,0.004300,0.004300,,46.685,,,,,,0.0027166,2.536
JGD_Franz/Franz8/Franz8.mtx,packsell_pack32,structural_related,float,ok,3,16728,7176,100368,,0.003660,0.003660,,54.8529,,,,,,1.08502e-06,2.551
JGD_Franz/Franz8/Franz8.mtx,spaden_bitmap_float,structural_related,float,ok,3,16728,7176,100368,,0.0069,0.0069,,29.0506,111.68,70.1,,,,0.000000e+00,1.630
JGD_G5/IG5-6/IG5-6.mtx,cusparse_double,main,double,ok,3,30,77,251,0.1354,0.0118,0.0118,0.0082,,,,,,,,1.644
JGD_G5/IG5-6/IG5-6.mtx,cusparse_float,main_float,float,ok,2,30,77,251,0.1393,0.0074,0.0074,0.0064,,,,,,,,1.611
JGD_G5/IG5-6/IG5-6.mtx,dasp_double,main,double,ok,2,,,,0.0120,0.0041,0.0041,,0.1223,,,,,,,2.011
JGD_G5/IG5-6/IG5-6.mtx,dasp_half,main_reduced_precision,half,ok,2,,,,0.0150,0.0041,0.0041,,0.1223,,,,,,,1.783
JGD_G5/IG5-6/IG5-6.mtx,packsell_pack16,structural_related,half,ok,2,30,77,251,,0.004313,0.004313,,0.116402,,,,,,0.000437375,3.709
JGD_G5/IG5-6/IG5-6.mtx,packsell_pack32,structural_related,float,ok,2,30,77,251,,0.006388,0.006388,,0.0785795,,,,,,1.26026e-07,3.947
JGD_G5/IG5-6/IG5-6.mtx,spaden_bitmap_float,structural_related,float,ok,2,30,77,251,,0.0068,0.0068,,0.0740,10.36,64.0,,,,0.000000e+00,1.291
JGD_G5/IG5-7/IG5-7.mtx,cusparse_double,main,double,ok,1,62,150,549,0.1653,0.0134,0.0134,0.0102,,,,,,,,0.416
JGD_G5/IG5-7/IG5-7.mtx,cusparse_float,main_float,float,ok,3,62,150,549,0.1332,0.0069,0.0069,0.0060,,,,,,,,1.578
JGD_G5/IG5-7/IG5-7.mtx,dasp_double,main,double,ok,3,,,,0.0160,0.0041,0.0041,,0.2675,,,,,,,1.388
JGD_G5/IG5-7/IG5-7.mtx,dasp_half,main_reduced_precision,half,ok,3,,,,0.0190,0.0065,0.0065,,0.1683,,,,,,,1.613
JGD_G5/IG5-7/IG5-7.mtx,packsell_pack16,structural_related,half,ok,3,62,150,549,,0.004141,0.004141,,0.265138,,,,,,0.000479906,2.943
JGD_G5/IG5-7/IG5-7.mtx,packsell_pack32,structural_related,float,ok,3,62,150,549,,0.004484,0.004484,,0.244885,,,,,,1.42012e-07,3.203
JGD_G5/IG5-7/IG5-7.mtx,spaden_bitmap_float,structural_related,float,ok,3,62,150,549,,0.0070,0.0070,,0.1570,43.62,68.8,,,,0.000000e+00,1.721
JGD_G5/IG5-8/IG5-8.mtx,cusparse_double,main,double,ok,6,156,292,1711,0.1154,0.0113,0.0113,0.0082,,,,,,,,1.177
JGD_G5/IG5-8/IG5-8.mtx,cusparse_float,main_float,float,ok,5,156,292,1711,0.1372,0.0077,0.0077,0.0063,,,,,,,,1.534
JGD_G5/IG5-8/IG5-8.mtx,dasp_double,main,double,ok,5,,,,0.0430,0.0082,0.0082,,0.4174,,,,,,,1.708
JGD_G5/IG5-8/IG5-8.mtx,dasp_half,main_reduced_precision,half,ok,5,,,,0.0390,0.0059,0.0059,,0.5795,,,,,,,1.897
JGD_G5/IG5-8/IG5-8.mtx,packsell_pack16,structural_related,half,ok,5,156,292,1711,,0.006210,0.006210,,0.55105,,,,,,0.000533052,4.100
JGD_G5/IG5-8/IG5-8.mtx,packsell_pack32,structural_related,float,ok,5,156,292,1711,,0.008373,0.008373,,0.408691,,,,,,1.82233e-07,3.676
JGD_G5/IG5-8/IG5-8.mtx,spaden_bitmap_float,structural_related,float,ok,5,156,292,1711,,0.0093,0.0093,,0.3690,107.60,74.8,,,,0.000000e+00,1.709
JGD_G5/IG5-9/IG5-9.mtx,cusparse_double,main,double,ok,1,342,540,4570,0.1569,0.0124,0.0124,0.0102,,,,,,,,0.412
JGD_G5/IG5-9/IG5-9.mtx,cusparse_float,main_float,float,ok,2,342,540,4570,0.1414,0.0083,0.0083,0.0061,,,,,,,,1.656
JGD_G5/IG5-9/IG5-9.mtx,dasp_double,main,double,ok,2,,,,0.0660,0.0062,0.0062,,1.4852,,,,,,,2.081
JGD_G5/IG5-9/IG5-9.mtx,dasp_half,main_reduced_precision,half,ok,2,,,,0.0600,0.0041,0.0041,,2.2249,,,,,,,1.340
JGD_G5/IG5-9/IG5-9.mtx,packsell_pack16,structural_related,half,ok,2,342,540,4570,,0.006335,0.006335,,1.4427,,,,,,0.000461691,2.732
JGD_G5/IG5-9/IG5-9.mtx,packsell_pack32,structural_related,float,ok,2,342,540,4570,,0.008468,0.008468,,1.07931,,,,,,1.57711e-07,3.047
JGD_G5/IG5-9/IG5-9.mtx,spaden_bitmap_float,structural_related,float,ok,2,342,540,4570,,0.0131,0.0131,,0.6961,13.31,80.8,,,,0.000000e+00,0.996
JGD_GL7d/GL7d10/GL7d10.mtx,cusparse_double,main,double,ok,3,1,60,8,0.1398,0.0108,0.0108,0.0078,,,,,,,,1.323
JGD_GL7d/GL7d10/GL7d10.mtx,cusparse_float,main_float,float,ok,7,1,60,8,0.1257,0.0067,0.0067,0.0055,,,,,,,,1.616
JGD_GL7d/GL7d10/GL7d10.mtx,dasp_double,main,double,ok,7,,,,0.0060,0.0063,0.0063,,0.0026,,,,,,,2.268
JGD_GL7d/GL7d10/GL7d10.mtx,dasp_half,main_reduced_precision,half,ok,7,,,,0.0040,0.0041,0.0041,,0.0039,,,,,,,1.308
JGD_GL7d/GL7d10/GL7d10.mtx,packsell_pack16,structural_related,half,ok,7,1,60,8,,0.004063,0.004063,,0.00393811,,,,,,0.000286492,2.606
JGD_GL7d/GL7d10/GL7d10.mtx,packsell_pack32,structural_related,float,ok,7,1,60,8,,0.004070,0.004070,,0.00393098,,,,,,5.0778e-08,3.372
JGD_GL7d/GL7d10/GL7d10.mtx,spaden_bitmap_float,structural_related,float,ok,7,1,60,8,,0.0050,0.0050,,0.0032,8.44,172.2,,,,0.000000e+00,0.911
JGD_GL7d/GL7d25/GL7d25.mtx,cusparse_double,main,double,ok,3,2798,21074,81671,0.1251,0.0159,0.0159,0.0143,,,,,,,,0.825
JGD_GL7d/GL7d25/GL7d25.mtx,cusparse_float,main_float,float,ok,7,2798,21074,81671,0.1312,0.0104,0.0104,0.0082,,,,,,,,1.816
JGD_GL7d/GL7d25/GL7d25.mtx,dasp_double,main,double,ok,7,,,,0.9350,0.0225,0.0225,,7.2442,,,,,,,1.214
JGD_GL7d/GL7d25/GL7d25.mtx,dasp_half,main_reduced_precision,half,ok,7,,,,2.7450,0.0123,0.0123,,13.2863,,,,,,,1.510
JGD_GL7d/GL7d25/GL7d25.mtx,packsell_pack16,structural_related,half,ok,7,2798,21074,81671,,0.026803,0.026803,,6.09427,,,,,,0.000398513,2.990
JGD_GL7d/GL7d25/GL7d25.mtx,packsell_pack32,structural_related,float,ok,7,2798,21074,81671,,0.147663,0.147663,,1.10618,,,,,,1.54076e-07,3.368
JGD_GL7d/GL7d25/GL7d25.mtx,spaden_bitmap_float,structural_related,float,ok,7,2798,21074,81671,,0.4138,0.4138,,0.3948,55.79,215.9,,,,0.000000e+00,1.422
JGD_Groebner/rkat7_mat5/rkat7_mat5.mtx,cusparse_double,main,double,ok,3,694,738,38114,0.4199,0.0140,0.0140,0.0102,,,,,,,,1.003
JGD_Groebner/rkat7_mat5/rkat7_mat5.mtx,cusparse_float,main_float,float,ok,3,694,738,38114,0.1361,0.0087,0.0087,0.0068,,,,,,,,1.662
JGD_Groebner/rkat7_mat5/rkat7_mat5.mtx,dasp_double,main,double,ok,3,,,,0.3720,0.0157,0.0157,,4.8445,,,,,,,1.210
JGD_Groebner/rkat7_mat5/rkat7_mat5.mtx,dasp_half,main_reduced_precision,half,ok,3,,,,0.2360,0.0082,0.0082,,9.3018,,,,,,,1.173
JGD_Groebner/rkat7_mat5/rkat7_mat5.mtx,packsell_pack16,structural_related,half,ok,3,694,738,38114,,0.010486,0.010486,,7.26936,,,,,,0.000321121,3.080
JGD_Groebner/rkat7_mat5/rkat7_mat5.mtx,packsell_pack32,structural_related,float,ok,3,694,738,38114,,0.016623,0.016623,,4.58563,,,,,,7.21648e-08,3.212
JGD_Groebner/rkat7_mat5/rkat7_mat5.mtx,spaden_bitmap_float,structural_related,float,ok,3,694,738,38114,,0.0358,0.0358,,2.1280,91.64,67.3,,,,0.000000e+00,1.116
JGD_Homology/ch3-3-b1/ch3-3-b1.mtx,cusparse_double,main,double,ok,2,18,9,36,0.1615,0.0149,0.0149,0.0102,,,,,,,,0.922
JGD_Homology/ch3-3-b1/ch3-3-b1.mtx,cusparse_float,main_float,float,ok,6,18,9,36,0.1318,0.0075,0.0075,0.0063,,,,,,,,1.719
JGD_Homology/ch3-3-b1/ch3-3-b1.mtx,dasp_double,main,double,ok,6,,,,0.0070,0.0041,0.0041,,0.0176,,,,,,,1.468
JGD_Homology/ch3-3-b1/ch3-3-b1.mtx,dasp_half,main_reduced_precision,half,ok,6,,,,0.0050,0.0041,0.0041,,0.0176,,,,,,,1.400
JGD_Homology/ch3-3-b1/ch3-3-b1.mtx,packsell_pack16,structural_related,half,ok,6,18,9,36,,0.003161,0.003161,,0.0227802,,,,,,0.000823608,2.764
JGD_Homology/ch3-3-b1/ch3-3-b1.mtx,packsell_pack32,structural_related,float,ok,6,18,9,36,,0.003545,0.003545,,0.0203107,,,,,,2.17281e-07,2.669
JGD_Homology/ch3-3-b1/ch3-3-b1.mtx,spaden_bitmap_float,structural_related,float,ok,6,18,9,36,,0.0037,0.0037,,0.0192,11.83,62.6,,,,0.000000e+00,1.924
JGD_Homology/ch4-4-b1/ch4-4-b1.mtx,cusparse_double,main,double,ok,5,72,16,144,0.1542,0.0135,0.0135,0.0102,,,,,,,,0.686
JGD_Homology/ch4-4-b1/ch4-4-b1.mtx,cusparse_float,main_float,float,ok,6,72,16,144,0.1385,0.0075,0.0075,0.0061,,,,,,,,1.539
JGD_Homology/ch4-4-b1/ch4-4-b1.mtx,dasp_double,main,double,ok,6,,,,0.0090,0.0041,0.0041,,0.0703,,,,,,,1.410
JGD_Homology/ch4-4-b1/ch4-4-b1.mtx,dasp_half,main_reduced_precision,half,ok,6,,,,0.0110,0.0041,0.0041,,0.0702,,,,,,,1.567
JGD_Homology/ch4-4-b1/ch4-4-b1.mtx,packsell_pack16,structural_related,half,ok,6,72,16,144,,0.002515,0.002515,,0.114511,,,,,,0.00103502,2.596
JGD_Homology/ch4-4-b1/ch4-4-b1.mtx,packsell_pack32,structural_related,float,ok,6,72,16,144,,0.003115,0.003115,,0.0924608,,,,,,2.5929e-07,3.390
JGD_Homology/ch4-4-b1/ch4-4-b1.mtx,spaden_bitmap_float,structural_related,float,ok,6,72,16,144,,0.0045,0.0045,,0.0636,9.79,60.7,,,,0.000000e+00,1.226
JGD_Homology/ch5-5-b1/ch5-5-b1.mtx,cusparse_double,main,double,ok,5,200,25,400,0.1688,0.0134,0.0134,0.0102,,,,,,,,1.122
JGD_Homology/ch5-5-b1/ch5-5-b1.mtx,cusparse_float,main_float,float,ok,2,200,25,400,0.1470,0.0073,0.0073,0.0060,,,,,,,,1.605
JGD_Homology/ch5-5-b1/ch5-5-b1.mtx,dasp_double,main,double,ok,2,,,,0.0070,0.0041,0.0041,,0.1951,,,,,,,1.317
JGD_Homology/ch5-5-b1/ch5-5-b1.mtx,dasp_half,main_reduced_precision,half,ok,2,,,,0.0070,0.0041,0.0041,,0.1951,,,,,,,1.949
JGD_Homology/ch5-5-b1/ch5-5-b1.mtx,packsell_pack16,structural_related,half,ok,2,200,25,400,,0.002904,0.002904,,0.275507,,,,,,0.00101795,2.841
JGD_Homology/ch5-5-b1/ch5-5-b1.mtx,packsell_pack32,structural_related,float,ok,2,200,25,400,,0.003392,0.003392,,0.235858,,,,,,2.98495e-07,3.696
JGD_Homology/ch5-5-b1/ch5-5-b1.mtx,spaden_bitmap_float,structural_related,float,ok,2,200,25,400,,0.0049,0.0049,,0.1630,17.23,66.2,,,,0.000000e+00,1.801
JGD_Homology/ch6-6-b1/ch6-6-b1.mtx,cusparse_double,main,double,ok,6,450,36,900,0.1359,0.0120,0.0120,0.0102,,,,,,,,1.192
JGD_Homology/ch6-6-b1/ch6-6-b1.mtx,cusparse_float,main_float,float,ok,2,450,36,900,0.1341,0.0077,0.0077,0.0051,,,,,,,,1.486
JGD_Homology/ch6-6-b1/ch6-6-b1.mtx,dasp_double,main,double,ok,2,,,,0.0170,0.0041,0.0041,,0.4403,,,,,,,1.404
JGD_Homology/ch6-6-b1/ch6-6-b1.mtx,dasp_half,main_reduced_precision,half,ok,2,,,,0.0090,0.0040,0.0040,,0.4471,,,,,,,1.714
JGD_Homology/ch6-6-b1/ch6-6-b1.mtx,packsell_pack16,structural_related,half,ok,2,450,36,900,,0.003395,0.003395,,0.530165,,,,,,0.00101684,2.535
JGD_Homology/ch6-6-b1/ch6-6-b1.mtx,packsell_pack32,structural_related,float,ok,2,450,36,900,,0.003310,0.003310,,0.543757,,,,,,3.03802e-07,3.743
JGD_Homology/ch6-6-b1/ch6-6-b1.mtx,spaden_bitmap_float,structural_related,float,ok,2,450,36,900,,0.0049,0.0049,,0.3666,26.06,69.6,,,,0.000000e+00,1.420
JGD_Homology/ch7-8-b1/ch7-8-b1.mtx,cusparse_double,main,double,ok,3,1176,56,2352,0.1378,0.0136,0.0136,0.0102,,,,,,,,1.443
JGD_Homology/ch7-8-b1/ch7-8-b1.mtx,cusparse_float,main_float,float,ok,2,1176,56,2352,0.1365,0.0093,0.0093,0.0071,,,,,,,,1.548
JGD_Homology/ch7-8-b1/ch7-8-b1.mtx,dasp_double,main,double,ok,2,,,,0.0260,0.0079,0.0079,,0.5939,,,,,,,1.159
JGD_Homology/ch7-8-b1/ch7-8-b1.mtx,dasp_half,main_reduced_precision,half,ok,2,,,,0.0230,0.0041,0.0041,,1.1473,,,,,,,1.417
JGD_Homology/ch7-8-b1/ch7-8-b1.mtx,packsell_pack16,structural_related,half,ok,2,1176,56,2352,,0.003067,0.003067,,1.53375,,,,,,0.00100178,2.999
JGD_Homology/ch7-8-b1/ch7-8-b1.mtx,packsell_pack32,structural_related,float,ok,2,1176,56,2352,,0.002799,0.002799,,1.68058,,,,,,3.05718e-07,2.131
JGD_Homology/ch7-8-b1/ch7-8-b1.mtx,spaden_bitmap_float,structural_related,float,ok,2,1176,56,2352,,0.0057,0.0057,,0.8232,123.11,70.3,,,,0.000000e+00,1.734
JGD_Homology/ch8-8-b1/ch8-8-b1.mtx,cusparse_double,main,double,ok,6,1568,64,3136,0.1343,0.0139,0.0139,0.0102,,,,,,,,1.334
JGD_Homology/ch8-8-b1/ch8-8-b1.mtx,cusparse_float,main_float,float,ok,4,1568,64,3136,0.1418,0.0091,0.0091,0.0082,,,,,,,,1.863
JGD_Homology/ch8-8-b1/ch8-8-b1.mtx,dasp_double,main,double,ok,4,,,,0.0390,0.0041,0.0041,,1.5305,,,,,,,2.169
JGD_Homology/ch8-8-b1/ch8-8-b1.mtx,dasp_half,main_reduced_precision,half,ok,4,,,,0.0220,0.0041,0.0041,,1.5298,,,,,,,1.484
JGD_Homology/ch8-8-b1/ch8-8-b1.mtx,packsell_pack16,structural_related,half,ok,4,1568,64,3136,,0.004006,0.004006,,1.56573,,,,,,0.000991615,2.123
JGD_Homology/ch8-8-b1/ch8-8-b1.mtx,packsell_pack32,structural_related,float,ok,4,1568,64,3136,,0.002717,0.002717,,2.30817,,,,,,3.02617e-07,2.891
JGD_Homology/ch8-8-b1/ch8-8-b1.mtx,spaden_bitmap_float,structural_related,float,ok,4,1568,64,3136,,0.0049,0.0049,,1.2932,19.03,71.5,,,,0.000000e+00,1.476
JGD_Homology/cis-n4c6-b1/cis-n4c6-b1.mtx,cusparse_double,main,double,ok,3,210,21,420,0.1677,0.0117,0.0117,0.0082,,,,,,,,1.318
JGD_Homology/cis-n4c6-b1/cis-n4c6-b1.mtx,cusparse_float,main_float,float,ok,3,210,21,420,0.1409,0.0073,0.0073,0.0061,,,,,,,,1.590
JGD_Homology/cis-n4c6-b1/cis-n4c6-b1.mtx,dasp_double,main,double,ok,3,,,,0.0110,0.0041,0.0041,,0.2049,,,,,,,1.934
JGD_Homology/cis-n4c6-b1/cis-n4c6-b1.mtx,dasp_half,main_reduced_precision,half,ok,3,,,,0.0060,0.0041,0.0041,,0.2049,,,,,,,1.923
JGD_Homology/cis-n4c6-b1/cis-n4c6-b1.mtx,packsell_pack16,structural_related,half,ok,3,210,21,420,,0.004197,0.004197,,0.200122,,,,,,0.00101795,3.299
JGD_Homology/cis-n4c6-b1/cis-n4c6-b1.mtx,packsell_pack32,structural_related,float,ok,3,210,21,420,,0.003452,0.003452,,0.243332,,,,,,2.85522e-07,4.283
JGD_Homology/cis-n4c6-b1/cis-n4c6-b1.mtx,spaden_bitmap_float,structural_related,float,ok,3,210,21,420,,0.0050,0.0050,,0.1685,65.05,65.2,,,,0.000000e+00,2.402
JGD_Homology/klein-b1/klein-b1.mtx,cusparse_double,main,double,ok,6,30,10,60,0.1326,0.0115,0.0115,0.0082,,,,,,,,1.514
JGD_Homology/klein-b1/klein-b1.mtx,cusparse_float,main_float,float,ok,7,30,10,60,0.1293,0.0073,0.0073,0.0053,,,,,,,,1.750
JGD_Homology/klein-b1/klein-b1.mtx,dasp_double,main,double,ok,7,,,,0.0090,0.0041,0.0041,,0.0293,,,,,,,2.041
JGD_Homology/klein-b1/klein-b1.mtx,dasp_half,main_reduced_precision,half,ok,7,,,,0.0060,0.0041,0.0041,,0.0293,,,,,,,1.748
JGD_Homology/klein-b1/klein-b1.mtx,packsell_pack16,structural_related,half,ok,7,30,10,60,,0.003932,0.003932,,0.0305211,,,,,,0.000809389,2.920
JGD_Homology/klein-b1/klein-b1.mtx,packsell_pack32,structural_related,float,ok,7,30,10,60,,0.003309,0.003309,,0.0362636,,,,,,2.34285e-07,4.487
JGD_Homology/klein-b1/klein-b1.mtx,spaden_bitmap_float,structural_related,float,ok,7,30,10,60,,0.0047,0.0047,,0.0254,8.88,59.6,,,,0.000000e+00,1.417
JGD_Homology/klein-b2/klein-b2.mtx,cusparse_double,main,double,ok,4,20,30,60,0.1660,0.0144,0.0144,0.0102,,,,,,,,1.528
JGD_Homology/klein-b2/klein-b2.mtx,cusparse_float,main_float,float,ok,5,20,30,60,0.1349,0.0073,0.0073,0.0066,,,,,,,,1.458
JGD_Homology/klein-b2/klein-b2.mtx,dasp_double,main,double,ok,5,,,,0.0100,0.0041,0.0041,,0.0293,,,,,,,1.850
JGD_Homology/klein-b2/klein-b2.mtx,dasp_half,main_reduced_precision,half,ok,5,,,,0.0050,0.0024,0.0024,,0.0497,,,,,,,1.556
JGD_Homology/klein-b2/klein-b2.mtx,packsell_pack16,structural_related,half,ok,5,20,30,60,,0.003472,0.003472,,0.0345669,,,,,,0.000780164,2.851
JGD_Homology/klein-b2/klein-b2.mtx,packsell_pack32,structural_related,float,ok,5,20,30,60,,0.002997,0.002997,,0.0400445,,,,,,0,2.623
JGD_Homology/klein-b2/klein-b2.mtx,spaden_bitmap_float,structural_related,float,ok,5,20,30,60,,0.0047,0.0047,,0.0254,117.72,71.6,,,,0.000000e+00,2.129
JGD_Homology/n2c6-b1/n2c6-b1.mtx,cusparse_double,main,double,ok,5,105,15,210,0.1503,0.0132,0.0132,0.0102,,,,,,,,0.863
JGD_Homology/n2c6-b1/n2c6-b1.mtx,cusparse_float,main_float,float,ok,7,105,15,210,0.1361,0.0076,0.0076,0.0063,,,,,,,,1.613
JGD_Homology/n2c6-b1/n2c6-b1.mtx,dasp_double,main,double,ok,7,,,,0.0080,0.0090,0.0090,,0.0465,,,,,,,2.109
JGD_Homology/n2c6-b1/n2c6-b1.mtx,dasp_half,main_reduced_precision,half,ok,7,,,,0.0080,0.0041,0.0041,,0.1024,,,,,,,1.941
JGD_Homology/n2c6-b1/n2c6-b1.mtx,packsell_pack16,structural_related,half,ok,7,105,15,210,,0.002779,0.002779,,0.151126,,,,,,0.000954323,2.476
JGD_Homology/n2c6-b1/n2c6-b1.mtx,packsell_pack32,structural_related,float,ok,7,105,15,210,,0.004168,0.004168,,0.100764,,,,,,2.65955e-07,2.529
JGD_Homology/n2c6-b1/n2c6-b1.mtx,spaden_bitmap_float,structural_related,float,ok,7,105,15,210,,0.0045,0.0045,,0.0940,106.14,61.2,,,,0.000000e+00,1.540
JGD_Homology/n2c6-b2/n2c6-b2.mtx,cusparse_double,main,double,ok,6,455,105,1365,0.1391,0.0126,0.0126,0.0102,,,,,,,,1.347
JGD_Homology/n2c6-b2/n2c6-b2.mtx,cusparse_float,main_float,float,ok,2,455,105,1365,0.1292,0.0077,0.0077,0.0061,,,,,,,,1.209
JGD_Homology/n2c6-b2/n2c6-b2.mtx,dasp_double,main,double,ok,2,,,,0.0230,0.0041,0.0041,,0.6655,,,,,,,2.056
JGD_Homology/n2c6-b2/n2c6-b2.mtx,dasp_half,main_reduced_precision,half,ok,2,,,,0.0100,0.0022,0.0022,,1.2226,,,,,,,1.688
JGD_Homology/n2c6-b2/n2c6-b2.mtx,packsell_pack16,structural_related,half,ok,2,455,105,1365,,0.003215,0.003215,,0.849074,,,,,,0.000984609,4.487
JGD_Homology/n2c6-b2/n2c6-b2.mtx,packsell_pack32,structural_related,float,ok,2,455,105,1365,,0.003883,0.003883,,0.703119,,,,,,0,2.826
JGD_Homology/n2c6-b2/n2c6-b2.mtx,spaden_bitmap_float,structural_related,float,ok,2,455,105,1365,,0.0052,0.0052,,0.5259,16.41,72.8,,,,0.000000e+00,1.592
JGD_Homology/n2c6-b3/n2c6-b3.mtx,cusparse_double,main,double,ok,5,1365,455,5460,0.1675,0.0167,0.0167,0.0143,,,,,,,,1.041
JGD_Homology/n2c6-b3/n2c6-b3.mtx,cusparse_float,main_float,float,ok,5,1365,455,5460,0.1335,0.0094,0.0094,0.0077,,,,,,,,1.651
JGD_Homology/n2c6-b3/n2c6-b3.mtx,dasp_double,main,double,ok,5,,,,0.0540,0.0041,0.0041,,2.6634,,,,,,,1.433
JGD_Homology/n2c6-b3/n2c6-b3.mtx,dasp_half,main_reduced_precision,half,ok,5,,,,0.0270,0.0021,0.0021,,5.3061,,,,,,,1.255
JGD_Homology/n2c6-b3/n2c6-b3.mtx,packsell_pack16,structural_related,half,ok,5,1365,455,5460,,0.002784,0.002784,,3.92302,,,,,,0.00183165,2.513
JGD_Homology/n2c6-b3/n2c6-b3.mtx,packsell_pack32,structural_related,float,ok,5,1365,455,5460,,0.003114,0.003114,,3.50671,,,,,,4.65451e-07,2.645
JGD_Homology/n2c6-b3/n2c6-b3.mtx,spaden_bitmap_float,structural_related,float,ok,5,1365,455,5460,,0.0072,0.0072,,1.5097,85.98,75.8,,,,0.000000e+00,2.024
JGD_Homology/n3c4-b1/n3c4-b1.mtx,cusparse_double,main,double,ok,6,15,6,30,0.1429,0.0118,0.0118,0.0082,,,,,,,,1.793
JGD_Homology/n3c4-b1/n3c4-b1.mtx,cusparse_float,main_float,float,ok,2,15,6,30,0.1253,0.0073,0.0073,0.0059,,,,,,,,1.661
JGD_Homology/n3c4-b1/n3c4-b1.mtx,dasp_double,main,double,ok,2,,,,0.0080,0.0041,0.0041,,0.0146,,,,,,,1.538
JGD_Homology/n3c4-b1/n3c4-b1.mtx,dasp_half,main_reduced_precision,half,ok,2,,,,0.0050,0.0041,0.0041,,0.0146,,,,,,,1.652
JGD_Homology/n3c4-b1/n3c4-b1.mtx,packsell_pack16,structural_related,half,ok,2,15,6,30,,0.003349,0.003349,,0.0179163,,,,,,0.000821958,2.376
JGD_Homology/n3c4-b1/n3c4-b1.mtx,packsell_pack32,structural_related,float,ok,2,15,6,30,,0.003083,0.003083,,0.0194626,,,,,,2.30113e-07,3.226
JGD_Homology/n3c4-b1/n3c4-b1.mtx,spaden_bitmap_float,structural_related,float,ok,2,15,6,30,,0.0045,0.0045,,0.0133,7.47,55.3,,,,0.000000e+00,1.020
JGD_Homology/n3c4-b2/n3c4-b2.mtx,cusparse_double,main,double,ok,7,20,15,60,0.1113,0.0111,0.0111,0.0082,,,,,,,,0.390
JGD_Homology/n3c4-b2/n3c4-b2.mtx,cusparse_float,main_float,float,ok,4,20,15,60,0.1383,0.0075,0.0075,0.0061,,,,,,,,1.672
JGD_Homology/n3c4-b2/n3c4-b2.mtx,dasp_double,main,double,ok,4,,,,0.0070,0.0062,0.0062,,0.0193,,,,,,,1.908
JGD_Homology/n3c4-b2/n3c4-b2.mtx,dasp_half,main_reduced_precision,half,ok,4,,,,0.0050,0.0023,0.0023,,0.0526,,,,,,,1.977
JGD_Homology/n3c4-b2/n3c4-b2.mtx,packsell_pack16,structural_related,half,ok,4,20,15,60,,0.003506,0.003506,,0.0342251,,,,,,0.000611387,2.291
JGD_Homology/n3c4-b2/n3c4-b2.mtx,packsell_pack32,structural_related,float,ok,4,20,15,60,,0.003220,0.003220,,0.0372725,,,,,,0,1.950
JGD_Homology/n3c4-b2/n3c4-b2.mtx,spaden_bitmap_float,structural_related,float,ok,4,20,15,60,,0.0038,0.0038,,0.0314,19.79,60.3,,,,0.000000e+00,1.669
JGD_Homology/n3c4-b3/n3c4-b3.mtx,cusparse_double,main,double,ok,1,15,20,60,0.1451,0.0114,0.0114,0.0078,,,,,,,,0.400
JGD_Homology/n3c4-b3/n3c4-b3.mtx,cusparse_float,main_float,float,ok,3,15,20,60,0.1370,0.0073,0.0073,0.0060,,,,,,,,1.634
JGD_Homology/n3c4-b3/n3c4-b3.mtx,dasp_double,main,double,ok,3,,,,0.0060,0.0061,0.0061,,0.0197,,,,,,,1.526
JGD_Homology/n3c4-b3/n3c4-b3.mtx,dasp_half,main_reduced_precision,half,ok,3,,,,0.0060,0.0056,0.0056,,0.0213,,,,,,,1.296
JGD_Homology/n3c4-b3/n3c4-b3.mtx,packsell_pack16,structural_related,half,ok,3,15,20,60,,0.002547,0.002547,,0.0471149,,,,,,0.000866887,2.249
JGD_Homology/n3c4-b3/n3c4-b3.mtx,packsell_pack32,structural_related,float,ok,3,15,20,60,,0.002969,0.002969,,0.0404149,,,,,,2.20511e-07,2.385
JGD_Homology/n3c4-b3/n3c4-b3.mtx,spaden_bitmap_float,structural_related,float,ok,3,15,20,60,,0.0048,0.0048,,0.0250,19.95,61.8,,,,0.000000e+00,1.429
JGD_Homology/n3c4-b4/n3c4-b4.mtx,cusparse_double,main,double,ok,5,6,15,30,0.1551,0.0137,0.0137,0.0113,,,,,,,,0.667
JGD_Homology/n3c4-b4/n3c4-b4.mtx,cusparse_float,main_float,float,ok,7,6,15,30,0.1207,0.0066,0.0066,0.0041,,,,,,,,1.415
JGD_Homology/n3c4-b4/n3c4-b4.mtx,dasp_double,main,double,ok,7,,,,0.0060,0.0063,0.0063,,0.0095,,,,,,,1.584
JGD_Homology/n3c4-b4/n3c4-b4.mtx,dasp_half,main_reduced_precision,half,ok,7,,,,0.0060,0.0041,0.0041,,0.0146,,,,,,,1.364
JGD_Homology/n3c4-b4/n3c4-b4.mtx,packsell_pack16,structural_related,half,ok,7,6,15,30,,0.003397,0.003397,,0.0176652,,,,,,0.000767243,2.495
JGD_Homology/n3c4-b4/n3c4-b4.mtx,packsell_pack32,structural_related,float,ok,7,6,15,30,,0.004098,0.004098,,0.0146405,,,,,,3.62497e-07,2.394
JGD_Homology/n3c4-b4/n3c4-b4.mtx,spaden_bitmap_float,structural_related,float,ok,7,6,15,30,,0.0041,0.0041,,0.0147,10.07,61.2,,,,0.000000e+00,1.790
JGD_Homology/n3c5-b1/n3c5-b1.mtx,cusparse_double,main,double,ok,3,45,10,90,0.1284,0.0114,0.0114,0.0082,,,,,,,,1.535
JGD_Homology/n3c5-b1/n3c5-b1.mtx,cusparse_float,main_float,float,ok,6,45,10,90,0.1330,0.0072,0.0072,0.0065,,,,,,,,1.614
JGD_Homology/n3c5-b1/n3c5-b1.mtx,dasp_double,main,double,ok,6,,,,0.0050,0.0041,0.0041,,0.0439,,,,,,,1.795
JGD_Homology/n3c5-b1/n3c5-b1.mtx,dasp_half,main_reduced_precision,half,ok,6,,,,0.0030,0.0041,0.0041,,0.0439,,,,,,,1.407
JGD_Homology/n3c5-b1/n3c5-b1.mtx,packsell_pack16,structural_related,half,ok,6,45,10,90,,0.004415,0.004415,,0.0407741,,,,,,0.000867084,1.624
JGD_Homology/n3c5-b1/n3c5-b1.mtx,packsell_pack32,structural_related,float,ok,6,45,10,90,,0.003979,0.003979,,0.0452345,,,,,,2.57184e-07,2.504
JGD_Homology/n3c5-b1/n3c5-b1.mtx,spaden_bitmap_float,structural_related,float,ok,6,45,10,90,,0.0043,0.0043,,0.0417,10.71,59.3,,,,0.000000e+00,1.324
JGD_Homology/n3c5-b2/n3c5-b2.mtx,cusparse_double,main,double,ok,2,120,45,360,0.1288,0.0117,0.0117,0.0082,,,,,,,,0.837
JGD_Homology/n3c5-b2/n3c5-b2.mtx,cusparse_float,main_float,float,ok,7,120,45,360,0.1341,0.0077,0.0077,0.0064,,,,,,,,1.470
JGD_Homology/n3c5-b2/n3c5-b2.mtx,dasp_double,main,double,ok,7,,,,0.0120,0.0041,0.0041,,0.1755,,,,,,,1.727
JGD_Homology/n3c5-b2/n3c5-b2.mtx,dasp_half,main_reduced_precision,half,ok,7,,,,0.0090,0.0028,0.0028,,0.2616,,,,,,,1.839
JGD_Homology/n3c5-b2/n3c5-b2.mtx,packsell_pack16,structural_related,half,ok,7,120,45,360,,0.004002,0.004002,,0.179907,,,,,,0.000707768,2.760
JGD_Homology/n3c5-b2/n3c5-b2.mtx,packsell_pack32,structural_related,float,ok,7,120,45,360,,0.004375,0.004375,,0.16457,,,,,,0,3.873
JGD_Homology/n3c5-b2/n3c5-b2.mtx,spaden_bitmap_float,structural_related,float,ok,7,120,45,360,,0.0048,0.0048,,0.1510,5.72,67.7,,,,0.000000e+00,0.511
JGD_Homology/n3c5-b3/n3c5-b3.mtx,cusparse_double,main,double,ok,7,210,120,840,0.1251,0.0116,0.0116,0.0082,,,,,,,,0.393
JGD_Homology/n3c5-b3/n3c5-b3.mtx,cusparse_float,main_float,float,ok,6,210,120,840,0.1330,0.0073,0.0073,0.0061,,,,,,,,1.521
JGD_Homology/n3c5-b3/n3c5-b3.mtx,dasp_double,main,double,ok,6,,,,0.0240,0.0055,0.0055,,0.3029,,,,,,,1.425
JGD_Homology/n3c5-b3/n3c5-b3.mtx,dasp_half,main_reduced_precision,half,ok,6,,,,0.0170,0.0023,0.0023,,0.7463,,,,,,,1.384
JGD_Homology/n3c5-b3/n3c5-b3.mtx,packsell_pack16,structural_related,half,ok,6,210,120,840,,0.003445,0.003445,,0.487597,,,,,,0.00136961,3.376
JGD_Homology/n3c5-b3/n3c5-b3.mtx,packsell_pack32,structural_related,float,ok,6,210,120,840,,0.003372,0.003372,,0.498166,,,,,,3.39219e-07,3.468
JGD_Homology/n3c5-b3/n3c5-b3.mtx,spaden_bitmap_float,structural_related,float,ok,6,210,120,840,,0.0049,0.0049,,0.3433,9.93,72.4,,,,0.000000e+00,1.434
JGD_Homology/n3c5-b4/n3c5-b4.mtx,cusparse_double,main,double,ok,5,252,210,1260,0.1265,0.0114,0.0114,0.0082,,,,,,,,0.808
JGD_Homology/n3c5-b4/n3c5-b4.mtx,cusparse_float,main_float,float,ok,3,252,210,1260,0.1755,0.0074,0.0074,0.0061,,,,,,,,1.470
JGD_Homology/n3c5-b4/n3c5-b4.mtx,dasp_double,main,double,ok,3,,,,0.0180,0.0041,0.0041,,0.6148,,,,,,,1.404
JGD_Homology/n3c5-b4/n3c5-b4.mtx,dasp_half,main_reduced_precision,half,ok,3,,,,0.0300,0.0041,0.0041,,0.6146,,,,,,,1.794
JGD_Homology/n3c5-b4/n3c5-b4.mtx,packsell_pack16,structural_related,half,ok,3,252,210,1260,,0.004444,0.004444,,0.567048,,,,,,0.00182832,4.093
JGD_Homology/n3c5-b4/n3c5-b4.mtx,packsell_pack32,structural_related,float,ok,3,252,210,1260,,0.005134,0.005134,,0.490817,,,,,,6.04962e-07,3.851
JGD_Homology/n3c5-b4/n3c5-b4.mtx,spaden_bitmap_float,structural_related,float,ok,3,252,210,1260,,0.0068,0.0068,,0.3690,14.16,76.2,,,,0.000000e+00,1.669
JGD_Homology/n3c5-b5/n3c5-b5.mtx,cusparse_double,main,double,ok,2,210,252,1260,0.1552,0.0159,0.0159,0.0133,,,,,,,,1.010
JGD_Homology/n3c5-b5/n3c5-b5.mtx,cusparse_float,main_float,float,ok,4,210,252,1260,0.1308,0.0077,0.0077,0.0065,,,,,,,,1.444
JGD_Homology/n3c5-b5/n3c5-b5.mtx,dasp_double,main,double,ok,4,,,,0.0180,0.0041,0.0041,,0.6145,,,,,,,1.519
JGD_Homology/n3c5-b5/n3c5-b5.mtx,dasp_half,main_reduced_precision,half,ok,4,,,,0.0330,0.0041,0.0041,,0.6143,,,,,,,1.584
JGD_Homology/n3c5-b5/n3c5-b5.mtx,packsell_pack16,structural_related,half,ok,4,210,252,1260,,0.003159,0.003159,,0.797662,,,,,,0.00162929,2.124
JGD_Homology/n3c5-b5/n3c5-b5.mtx,packsell_pack32,structural_related,float,ok,4,210,252,1260,,0.004276,0.004276,,0.589276,,,,,,6.99891e-07,2.629
JGD_Homology/n3c5-b5/n3c5-b5.mtx,spaden_bitmap_float,structural_related,float,ok,4,210,252,1260,,0.0070,0.0070,,0.3611,12.64,77.2,,,,0.000000e+00,1.857
JGD_Homology/n3c5-b6/n3c5-b6.mtx,cusparse_double,main,double,ok,6,120,210,840,0.1333,0.0117,0.0117,0.0082,,,,,,,,1.339
JGD_Homology/n3c5-b6/n3c5-b6.mtx,cusparse_float,main_float,float,ok,4,120,210,840,0.1362,0.0079,0.0079,0.0066,,,,,,,,1.568
JGD_Homology/n3c5-b6/n3c5-b6.mtx,dasp_double,main,double,ok,4,,,,0.0180,0.0041,0.0041,,0.4098,,,,,,,1.234
JGD_Homology/n3c5-b6/n3c5-b6.mtx,dasp_half,main_reduced_precision,half,ok,4,,,,0.0250,0.0057,0.0057,,0.2934,,,,,,,1.592
JGD_Homology/n3c5-b6/n3c5-b6.mtx,packsell_pack16,structural_related,half,ok,4,120,210,840,,0.004190,0.004190,,0.400951,,,,,,0.00120758,2.872
JGD_Homology/n3c5-b6/n3c5-b6.mtx,packsell_pack32,structural_related,float,ok,4,120,210,840,,0.004151,0.004151,,0.404693,,,,,,0,3.433
JGD_Homology/n3c5-b6/n3c5-b6.mtx,spaden_bitmap_float,structural_related,float,ok,4,120,210,840,,0.0068,0.0068,,0.2470,7.35,75.3,,,,0.000000e+00,1.541
JGD_Homology/n3c6-b1/n3c6-b1.mtx,cusparse_double,main,double,ok,1,105,105,210,0.1328,0.0116,0.0116,0.0082,,,,,,,,0.402
JGD_Homology/n3c6-b1/n3c6-b1.mtx,cusparse_float,main_float,float,ok,4,105,105,210,0.1292,0.0078,0.0078,0.0064,,,,,,,,1.589
JGD_Homology/n3c6-b1/n3c6-b1.mtx,dasp_double,main,double,ok,4,,,,0.0060,0.0041,0.0041,,0.1024,,,,,,,1.686
JGD_Homology/n3c6-b1/n3c6-b1.mtx,dasp_half,main_reduced_precision,half,ok,4,,,,0.0070,0.0033,0.0033,,0.1279,,,,,,,1.633
JGD_Homology/n3c6-b1/n3c6-b1.mtx,packsell_pack16,structural_related,half,ok,4,105,105,210,,0.003003,0.003003,,0.139871,,,,,,0.000898119,3.195
JGD_Homology/n3c6-b1/n3c6-b1.mtx,packsell_pack32,structural_related,float,ok,4,105,105,210,,0.002905,0.002905,,0.144568,,,,,,2.4925e-07,2.993
JGD_Homology/n3c6-b1/n3c6-b1.mtx,spaden_bitmap_float,structural_related,float,ok,4,105,105,210,,0.0046,0.0046,,0.0919,34.30,61.2,,,,0.000000e+00,1.451
JGD_Homology/n3c6-b2/n3c6-b2.mtx,cusparse_double,main,double,ok,5,455,105,1365,0.1238,0.0118,0.0118,0.0102,,,,,,,,0.848
JGD_Homology/n3c6-b2/n3c6-b2.mtx,cusparse_float,main_float,float,ok,7,455,105,1365,0.1349,0.0078,0.0078,0.0061,,,,,,,,1.312
JGD_Homology/n3c6-b2/n3c6-b2.mtx,dasp_double,main,double,ok,7,,,,0.0220,0.0041,0.0041,,0.6655,,,,,,,1.559
JGD_Homology/n3c6-b2/n3c6-b2.mtx,dasp_half,main_reduced_precision,half,ok,7,,,,0.0160,0.0026,0.0026,,1.0317,,,,,,,1.752
JGD_Homology/n3c6-b2/n3c6-b2.mtx,packsell_pack16,structural_related,half,ok,7,455,105,1365,,0.003845,0.003845,,0.710013,,,,,,0.000984609,4.433
JGD_Homology/n3c6-b2/n3c6-b2.mtx,packsell_pack32,structural_related,float,ok,7,455,105,1365,,0.003443,0.003443,,0.792898,,,,,,0,2.714
JGD_Homology/n3c6-b2/n3c6-b2.mtx,spaden_bitmap_float,structural_related,float,ok,7,455,105,1365,,0.0050,0.0050,,0.5461,28.71,72.8,,,,0.000000e+00,1.711
JGD_Homology/n3c6-b3/n3c6-b3.mtx,cusparse_double,main,double,ok,7,1365,455,5460,0.1253,0.0147,0.0147,0.0123,,,,,,,,0.399
JGD_Homology/n3c6-b3/n3c6-b3.mtx,cusparse_float,main_float,float,ok,4,1365,455,5460,0.1328,0.0095,0.0095,0.0072,,,,,,,,1.493
JGD_Homology/n3c6-b3/n3c6-b3.mtx,dasp_double,main,double,ok,4,,,,0.0550,0.0041,0.0041,,2.6628,,,,,,,2.030
JGD_Homology/n3c6-b3/n3c6-b3.mtx,dasp_half,main_reduced_precision,half,ok,4,,,,0.0260,0.0030,0.0030,,3.6595,,,,,,,1.681
JGD_Homology/n3c6-b3/n3c6-b3.mtx,packsell_pack16,structural_related,half,ok,4,1365,455,5460,,0.003190,0.003190,,3.42298,,,,,,0.00183165,3.008
JGD_Homology/n3c6-b3/n3c6-b3.mtx,packsell_pack32,structural_related,float,ok,4,1365,455,5460,,0.004207,0.004207,,2.59541,,,,,,4.65451e-07,3.315
JGD_Homology/n3c6-b3/n3c6-b3.mtx,spaden_bitmap_float,structural_related,float,ok,4,1365,455,5460,,0.0068,0.0068,,1.6155,7.89,75.8,,,,0.000000e+00,1.262
JGD_Homology/n4c5-b1/n4c5-b1.mtx,cusparse_double,main,double,ok,4,105,15,210,0.1302,0.0122,0.0122,0.0082,,,,,,,,1.601
JGD_Homology/n4c5-b1/n4c5-b1.mtx,cusparse_float,main_float,float,ok,5,105,15,210,0.1396,0.0076,0.0076,0.0064,,,,,,,,1.518
JGD_Homology/n4c5-b1/n4c5-b1.mtx,dasp_double,main,double,ok,5,,,,0.0110,0.0041,0.0041,,0.1026,,,,,,,1.268
JGD_Homology/n4c5-b1/n4c5-b1.mtx,dasp_half,main_reduced_precision,half,ok,5,,,,0.0070,0.0040,0.0040,,0.1047,,,,,,,1.735
JGD_Homology/n4c5-b1/n4c5-b1.mtx,packsell_pack16,structural_related,half,ok,5,105,15,210,,0.004041,0.004041,,0.103946,,,,,,0.000954323,2.981
JGD_Homology/n4c5-b1/n4c5-b1.mtx,packsell_pack32,structural_related,float,ok,5,105,15,210,,0.003076,0.003076,,0.136539,,,,,,2.65955e-07,3.437
JGD_Homology/n4c5-b1/n4c5-b1.mtx,spaden_bitmap_float,structural_related,float,ok,5,105,15,210,,0.0047,0.0047,,0.0888,24.66,61.2,,,,0.000000e+00,1.235
JGD_Homology/n4c5-b2/n4c5-b2.mtx,cusparse_double,main,double,ok,4,455,105,1365,0.1293,0.0120,0.0120,0.0100,,,,,,,,1.254
JGD_Homology/n4c5-b2/n4c5-b2.mtx,cusparse_float,main_float,float,ok,4,455,105,1365,0.3768,0.0078,0.0078,0.0051,,,,,,,,1.492
JGD_Homology/n4c5-b2/n4c5-b2.mtx,dasp_double,main,double,ok,4,,,,0.0250,0.0041,0.0041,,0.6655,,,,,,,1.713
JGD_Homology/n4c5-b2/n4c5-b2.mtx,dasp_half,main_reduced_precision,half,ok,4,,,,0.0120,0.0027,0.0027,,1.0052,,,,,,,1.426
JGD_Homology/n4c5-b2/n4c5-b2.mtx,packsell_pack16,structural_related,half,ok,4,455,105,1365,,0.004225,0.004225,,0.646154,,,,,,0.000984609,2.877
JGD_Homology/n4c5-b2/n4c5-b2.mtx,packsell_pack32,structural_related,float,ok,4,455,105,1365,,0.004286,0.004286,,0.636962,,,,,,0,2.946
JGD_Homology/n4c5-b2/n4c5-b2.mtx,spaden_bitmap_float,structural_related,float,ok,4,455,105,1365,,0.0049,0.0049,,0.5620,9.78,72.8,,,,0.000000e+00,0.567
JGD_Homology/n4c5-b3/n4c5-b3.mtx,cusparse_double,main,double,ok,4,1350,455,5400,0.1318,0.0137,0.0137,0.0123,,,,,,,,1.358
JGD_Homology/n4c5-b3/n4c5-b3.mtx,cusparse_float,main_float,float,ok,3,1350,455,5400,0.1393,0.0085,0.0085,0.0075,,,,,,,,1.652
JGD_Homology/n4c5-b3/n4c5-b3.mtx,dasp_double,main,double,ok,3,,,,0.0540,0.0041,0.0041,,2.6329,,,,,,,1.461
JGD_Homology/n4c5-b3/n4c5-b3.mtx,dasp_half,main_reduced_precision,half,ok,3,,,,0.0430,0.0031,0.0031,,3.4472,,,,,,,1.490
JGD_Homology/n4c5-b3/n4c5-b3.mtx,packsell_pack16,structural_related,half,ok,3,1350,455,5400,,0.002755,0.002755,,3.92019,,,,,,0.00183165,3.627
JGD_Homology/n4c5-b3/n4c5-b3.mtx,packsell_pack32,structural_related,float,ok,3,1350,455,5400,,0.004256,0.004256,,2.53738,,,,,,4.65451e-07,2.006
JGD_Homology/n4c5-b3/n4c5-b3.mtx,spaden_bitmap_float,structural_related,float,ok,3,1350,455,5400,,0.1049,0.1049,,0.1030,8.44,75.4,,,,0.000000e+00,1.520
JGD_Homology/n4c6-b1/n4c6-b1.mtx,cusparse_double,main,double,ok,6,210,21,420,0.1326,0.0116,0.0116,0.0082,,,,,,,,1.368
JGD_Homology/n4c6-b1/n4c6-b1.mtx,cusparse_float,main_float,float,ok,3,210,21,420,0.1294,0.0073,0.0073,0.0063,,,,,,,,1.732
JGD_Homology/n4c6-b1/n4c6-b1.mtx,dasp_double,main,double,ok,3,,,,0.0060,0.0041,0.0041,,0.2048,,,,,,,1.924
JGD_Homology/n4c6-b1/n4c6-b1.mtx,dasp_half,main_reduced_precision,half,ok,3,,,,0.0090,0.0041,0.0041,,0.2050,,,,,,,1.692
JGD_Homology/n4c6-b1/n4c6-b1.mtx,packsell_pack16,structural_related,half,ok,3,210,21,420,,0.003732,0.003732,,0.225096,,,,,,0.00101795,3.357
JGD_Homology/n4c6-b1/n4c6-b1.mtx,packsell_pack32,structural_related,float,ok,3,210,21,420,,0.002666,0.002666,,0.315028,,,,,,2.85522e-07,4.105
JGD_Homology/n4c6-b1/n4c6-b1.mtx,spaden_bitmap_float,structural_related,float,ok,3,210,21,420,,0.0050,0.0050,,0.1696,11.33,65.2,,,,0.000000e+00,1.703
JGD_Kocay/Trec4/Trec4.mtx,cusparse_double,main,double,ok,2,2,3,3,0.1240,0.0110,0.0110,0.0102,,,,,,,,0.886
JGD_Kocay/Trec4/Trec4.mtx,cusparse_float,main_float,float,ok,4,2,3,3,0.1292,0.0078,0.0078,0.0068,,,,,,,,1.697
JGD_Kocay/Trec4/Trec4.mtx,dasp_double,main,double,ok,4,,,,0.0070,0.0041,0.0041,,0.0015,,,,,,,1.747
JGD_Kocay/Trec4/Trec4.mtx,dasp_half,main_reduced_precision,half,ok,4,,,,0.0110,0.0041,0.0041,,0.0015,,,,,,,1.113
JGD_Kocay/Trec4/Trec4.mtx,packsell_pack16,structural_related,half,ok,4,2,3,3,,0.004211,0.004211,,0.00142467,,,,,,0.000156464,2.762
JGD_Kocay/Trec4/Trec4.mtx,packsell_pack32,structural_related,float,ok,4,2,3,3,,0.003500,0.003500,,0.00171445,,,,,,0,3.351
JGD_Kocay/Trec4/Trec4.mtx,spaden_bitmap_float,structural_related,float,ok,4,2,3,3,,0.0045,0.0045,,0.0013,11.96,111.1,,,,0.000000e+00,1.692
JGD_Kocay/Trec5/Trec5.mtx,cusparse_double,main,double,ok,6,3,7,12,0.1357,0.0113,0.0113,0.0082,,,,,,,,1.751
JGD_Kocay/Trec5/Trec5.mtx,cusparse_float,main_float,float,ok,6,3,7,12,0.1324,0.0073,0.0073,0.0052,,,,,,,,1.581
JGD_Kocay/Trec5/Trec5.mtx,dasp_double,main,double,ok,6,,,,0.0060,0.0041,0.0041,,0.0059,,,,,,,1.300
JGD_Kocay/Trec5/Trec5.mtx,dasp_half,main_reduced_precision,half,ok,6,,,,0.0140,0.0070,0.0070,,0.0034,,,,,,,1.576
JGD_Kocay/Trec5/Trec5.mtx,packsell_pack16,structural_related,half,ok,6,3,7,12,,0.003990,0.003990,,0.00601454,,,,,,0.000162093,3.768
JGD_Kocay/Trec5/Trec5.mtx,packsell_pack32,structural_related,float,ok,6,3,7,12,,0.004195,0.004195,,0.00572073,,,,,,0,2.706
JGD_Kocay/Trec5/Trec5.mtx,spaden_bitmap_float,structural_related,float,ok,6,3,7,12,,0.0034,0.0034,,0.0070,8.01,67.9,,,,0.000000e+00,1.925
JGD_Kocay/Trec6/Trec6.mtx,cusparse_double,main,double,ok,6,6,15,40,0.1428,0.0120,0.0120,0.0102,,,,,,,,1.670
JGD_Kocay/Trec6/Trec6.mtx,cusparse_float,main_float,float,ok,3,6,15,40,0.1316,0.0069,0.0069,0.0062,,,,,,,,1.804
JGD_Kocay/Trec6/Trec6.mtx,dasp_double,main,double,ok,3,,,,0.0070,0.0073,0.0073,,0.0109,,,,,,,1.492
JGD_Kocay/Trec6/Trec6.mtx,dasp_half,main_reduced_precision,half,ok,3,,,,0.0130,0.0093,0.0093,,0.0086,,,,,,,1.446
JGD_Kocay/Trec6/Trec6.mtx,packsell_pack16,structural_related,half,ok,3,6,15,40,,0.003269,0.003269,,0.0244731,,,,,,0.000160867,3.894
JGD_Kocay/Trec6/Trec6.mtx,packsell_pack32,structural_related,float,ok,3,6,15,40,,0.004449,0.004449,,0.0179816,,,,,,0,3.453
JGD_Kocay/Trec6/Trec6.mtx,spaden_bitmap_float,structural_related,float,ok,3,6,15,40,,0.0037,0.0037,,0.0214,11.64,58.6,,,,0.000000e+00,1.554
JGD_Kocay/Trec7/Trec7.mtx,cusparse_double,main,double,ok,1,11,36,147,0.1324,0.0113,0.0113,0.0082,,,,,,,,0.400
JGD_Kocay/Trec7/Trec7.mtx,cusparse_float,main_float,float,ok,6,11,36,147,0.1295,0.0075,0.0075,0.0062,,,,,,,,1.661
JGD_Kocay/Trec7/Trec7.mtx,dasp_double,main,double,ok,6,,,,0.0080,0.0041,0.0041,,0.0716,,,,,,,1.557
JGD_Kocay/Trec7/Trec7.mtx,dasp_half,main_reduced_precision,half,ok,6,,,,0.0090,0.0041,0.0041,,0.0717,,,,,,,1.331
JGD_Kocay/Trec7/Trec7.mtx,packsell_pack16,structural_related,half,ok,6,11,36,147,,0.004282,0.004282,,0.068659,,,,,,0.000207276,4.228
JGD_Kocay/Trec7/Trec7.mtx,packsell_pack32,structural_related,float,ok,6,11,36,147,,0.006279,0.006279,,0.046822,,,,,,1.60434e-09,2.804
JGD_Kocay/Trec7/Trec7.mtx,spaden_bitmap_float,structural_related,float,ok,6,11,36,147,,0.0047,0.0047,,0.0619,7.18,62.4,,,,0.000000e+00,1.679
JGD_Kocay/Trec8/Trec8.mtx,cusparse_double,main,double,ok,5,23,84,549,0.1521,0.0132,0.0132,0.0113,,,,,,,,1.036
JGD_Kocay/Trec8/Trec8.mtx,cusparse_float,main_float,float,ok,4,23,84,549,0.1402,0.0076,0.0076,0.0063,,,,,,,,1.565
JGD_Kocay/Trec8/Trec8.mtx,dasp_double,main,double,ok,4,,,,0.0110,0.0061,0.0061,,0.1787,,,,,,,1.146
JGD_Kocay/Trec8/Trec8.mtx,dasp_half,main_reduced_precision,half,ok,4,,,,0.0140,0.0041,0.0041,,0.2678,,,,,,,1.844
JGD_Kocay/Trec8/Trec8.mtx,packsell_pack16,structural_related,half,ok,4,23,84,549,,0.006275,0.006275,,0.174983,,,,,,0.000214223,3.449
JGD_Kocay/Trec8/Trec8.mtx,packsell_pack32,structural_related,float,ok,4,23,84,549,,0.008381,0.008381,,0.131012,,,,,,1.36975e-09,2.792
JGD_Kocay/Trec8/Trec8.mtx,spaden_bitmap_float,structural_related,float,ok,4,23,84,549,,0.0069,0.0069,,0.1583,9.19,59.0,,,,0.000000e+00,0.907
JGD_Relat/rel3/rel3.mtx,cusparse_double,main,double,ok,4,12,5,18,0.1784,0.0159,0.0159,0.0102,,,,,,,,1.271
JGD_Relat/rel3/rel3.mtx,cusparse_float,main_float,float,ok,7,12,5,18,0.1302,0.0079,0.0079,0.0065,,,,,,,,1.793
JGD_Relat/rel3/rel3.mtx,dasp_double,main,double,ok,7,,,,0.0060,0.0123,0.0123,,0.0029,,,,,,,1.443
JGD_Relat/rel3/rel3.mtx,dasp_half,main_reduced_precision,half,ok,7,,,,0.0140,0.0032,0.0032,,0.0113,,,,,,,1.592
JGD_Relat/rel3/rel3.mtx,packsell_pack16,structural_related,half,ok,7,12,5,18,,0.004261,0.004261,,0.00844885,,,,,,0.000269408,2.333
JGD_Relat/rel3/rel3.mtx,packsell_pack32,structural_related,float,ok,7,12,5,18,,0.004194,0.004194,,0.00858437,,,,,,6.06984e-08,1.648
JGD_Relat/rel3/rel3.mtx,spaden_bitmap_float,structural_related,float,ok,7,12,5,18,,0.0042,0.0042,,0.0086,25.12,53.1,,,,0.000000e+00,1.632
JGD_Relat/rel4/rel4.mtx,cusparse_double,main,double,ok,1,66,12,104,0.1317,0.0114,0.0114,0.0082,,,,,,,,0.398
JGD_Relat/rel4/rel4.mtx,cusparse_float,main_float,float,ok,7,66,12,104,0.1344,0.0077,0.0077,0.0067,,,,,,,,1.514
JGD_Relat/rel4/rel4.mtx,dasp_double,main,double,ok,7,,,,0.0090,0.0041,0.0041,,0.0507,,,,,,,1.283
JGD_Relat/rel4/rel4.mtx,dasp_half,main_reduced_precision,half,ok,7,,,,0.0030,0.0029,0.0029,,0.0725,,,,,,,1.876
JGD_Relat/rel4/rel4.mtx,packsell_pack16,structural_related,half,ok,7,66,12,104,,0.003049,0.003049,,0.0682176,,,,,,0.00037421,2.788
JGD_Relat/rel4/rel4.mtx,packsell_pack32,structural_related,float,ok,7,66,12,104,,0.003554,0.003554,,0.0585267,,,,,,9.84422e-08,2.865
JGD_Relat/rel4/rel4.mtx,spaden_bitmap_float,structural_related,float,ok,7,66,12,104,,0.0046,0.0046,,0.0453,86.43,53.5,,,,0.000000e+00,1.959
JGD_Relat/relat3/relat3.mtx,cusparse_double,main,double,ok,3,12,5,24,0.1419,0.0118,0.0118,0.0082,,,,,,,,1.623
JGD_Relat/relat3/relat3.mtx,cusparse_float,main_float,float,ok,4,12,5,24,0.1292,0.0078,0.0078,0.0062,,,,,,,,1.471
JGD_Relat/relat3/relat3.mtx,dasp_double,main,double,ok,4,,,,0.0050,0.0041,0.0041,,0.0117,,,,,,,1.771
JGD_Relat/relat3/relat3.mtx,dasp_half,main_reduced_precision,half,ok,4,,,,0.0080,0.0096,0.0096,,0.0050,,,,,,,1.319
JGD_Relat/relat3/relat3.mtx,packsell_pack16,structural_related,half,ok,4,12,5,24,,0.004027,0.004027,,0.0119209,,,,,,0.000269408,3.305
JGD_Relat/relat3/relat3.mtx,packsell_pack32,structural_related,float,ok,4,12,5,24,,0.003136,0.003136,,0.0153061,,,,,,6.06984e-08,3.179
JGD_Relat/relat3/relat3.mtx,spaden_bitmap_float,structural_related,float,ok,4,12,5,24,,0.0043,0.0043,,0.0111,55.87,52.5,,,,0.000000e+00,2.020
JGD_Relat/relat4/relat4.mtx,cusparse_double,main,double,ok,2,66,12,172,0.1290,0.0117,0.0117,0.0082,,,,,,,,0.850
JGD_Relat/relat4/relat4.mtx,cusparse_float,main_float,float,ok,6,66,12,172,0.1336,0.0076,0.0076,0.0062,,,,,,,,1.548
JGD_Relat/relat4/relat4.mtx,dasp_double,main,double,ok,6,,,,0.0060,0.0041,0.0041,,0.0839,,,,,,,1.679
JGD_Relat/relat4/relat4.mtx,dasp_half,main_reduced_precision,half,ok,6,,,,0.0090,0.0025,0.0025,,0.1402,,,,,,,2.153
JGD_Relat/relat4/relat4.mtx,packsell_pack16,structural_related,half,ok,6,66,12,172,,0.004138,0.004138,,0.0831373,,,,,,0.000410019,4.198
JGD_Relat/relat4/relat4.mtx,packsell_pack32,structural_related,float,ok,6,66,12,172,,0.002574,0.002574,,0.133622,,,,,,1.20725e-07,2.270
JGD_Relat/relat4/relat4.mtx,spaden_bitmap_float,structural_related,float,ok,6,66,12,172,,0.0049,0.0049,,0.0702,15.18,56.2,,,,0.000000e+00,1.682
JGD_Relat/relat5/relat5.mtx,cusparse_double,main,double,ok,1,340,35,1058,0.1727,0.0137,0.0137,0.0102,,,,,,,,0.429
JGD_Relat/relat5/relat5.mtx,cusparse_float,main_float,float,ok,2,340,35,1058,0.1302,0.0078,0.0078,0.0062,,,,,,,,1.658
JGD_Relat/relat5/relat5.mtx,dasp_double,main,double,ok,2,,,,0.0160,0.0084,0.0084,,0.2519,,,,,,,1.716
JGD_Relat/relat5/relat5.mtx,dasp_half,main_reduced_precision,half,ok,2,,,,0.0130,0.0028,0.0028,,0.7546,,,,,,,1.966
JGD_Relat/relat5/relat5.mtx,packsell_pack16,structural_related,half,ok,2,340,35,1058,,0.003337,0.003337,,0.634109,,,,,,0.000623968,2.961
JGD_Relat/relat5/relat5.mtx,packsell_pack32,structural_related,float,ok,2,340,35,1058,,0.004224,0.004224,,0.500943,,,,,,1.64093e-07,2.922
JGD_Relat/relat5/relat5.mtx,spaden_bitmap_float,structural_related,float,ok,2,340,35,1058,,0.0050,0.0050,,0.4234,52.64,64.9,,,,0.000000e+00,1.569
JGD_Trefethen/Trefethen_2000/Trefethen_2000.mtx,cusparse_double,main,double,ok,6,2000,2000,41906,0.1307,0.0140,0.0140,0.0102,,,,,,,,1.328
JGD_Trefethen/Trefethen_2000/Trefethen_2000.mtx,cusparse_float,main_float,float,ok,6,2000,2000,41906,0.1430,0.0099,0.0099,0.0080,,,,,,,,1.849
JGD_Trefethen/Trefethen_2000/Trefethen_2000.mtx,dasp_double,main,double,ok,6,,,,0.4760,0.0061,0.0061,,13.6346,,,,,,,0.649
JGD_Trefethen/Trefethen_2000/Trefethen_2000.mtx,dasp_half,main_reduced_precision,half,ok,6,,,,0.3610,0.0041,0.0041,,20.4220,,,,,,,1.786
JGD_Trefethen/Trefethen_2000/Trefethen_2000.mtx,packsell_pack16,structural_related,half,ok,6,2000,2000,41906,,0.004300,0.004300,,19.493,,,,,,0.000444323,2.722
JGD_Trefethen/Trefethen_2000/Trefethen_2000.mtx,packsell_pack32,structural_related,float,ok,6,2000,2000,41906,,0.006375,0.006375,,13.147,,,,,,2.28761e-07,2.218
JGD_Trefethen/Trefethen_2000/Trefethen_2000.mtx,spaden_bitmap_float,structural_related,float,ok,6,2000,2000,41906,,0.0109,0.0109,,7.7207,14.63,66.6,,,,0.000000e+00,1.282
JGD_Trefethen/Trefethen_500/Trefethen_500.mtx,cusparse_double,main,double,ok,5,500,500,8478,0.1544,0.0155,0.0155,0.0102,,,,,,,,0.929
JGD_Trefethen/Trefethen_500/Trefethen_500.mtx,cusparse_float,main_float,float,ok,5,500,500,8478,0.1352,0.0081,0.0081,0.0071,,,,,,,,1.469
JGD_Trefethen/Trefethen_500/Trefethen_500.mtx,dasp_double,main,double,ok,5,,,,0.1160,0.0041,0.0041,,4.1316,,,,,,,1.629
JGD_Trefethen/Trefethen_500/Trefethen_500.mtx,dasp_half,main_reduced_precision,half,ok,5,,,,0.0690,0.0041,0.0041,,4.1326,,,,,,,1.184
JGD_Trefethen/Trefethen_500/Trefethen_500.mtx,packsell_pack16,structural_related,half,ok,5,500,500,8478,,0.004147,0.004147,,4.08851,,,,,,0.000435009,2.815
JGD_Trefethen/Trefethen_500/Trefethen_500.mtx,packsell_pack32,structural_related,float,ok,5,500,500,8478,,0.004364,0.004364,,3.8854,,,,,,1.86793e-07,3.665
JGD_Trefethen/Trefethen_500/Trefethen_500.mtx,spaden_bitmap_float,structural_related,float,ok,5,500,500,8478,,0.0090,0.0090,,1.8761,91.98,64.8,,,,0.000000e+00,0.956
JGD_Trefethen/Trefethen_700/Trefethen_700.mtx,cusparse_double,main,double,ok,6,700,700,12654,0.1348,0.0131,0.0131,0.0102,,,,,,,,1.442
JGD_Trefethen/Trefethen_700/Trefethen_700.mtx,cusparse_float,main_float,float,ok,6,700,700,12654,0.1377,0.0078,0.0078,0.0061,,,,,,,,1.929
JGD_Trefethen/Trefethen_700/Trefethen_700.mtx,dasp_double,main,double,ok,6,,,,0.1420,0.0050,0.0050,,5.0334,,,,,,,1.397
JGD_Trefethen/Trefethen_700/Trefethen_700.mtx,dasp_half,main_reduced_precision,half,ok,6,,,,0.1320,0.0041,0.0041,,6.1145,,,,,,,0.966
JGD_Trefethen/Trefethen_700/Trefethen_700.mtx,packsell_pack16,structural_related,half,ok,6,700,700,12654,,0.004375,0.004375,,5.78504,,,,,,0.000439905,2.753
JGD_Trefethen/Trefethen_700/Trefethen_700.mtx,packsell_pack32,structural_related,float,ok,6,700,700,12654,,0.006054,0.006054,,4.18051,,,,,,2.01625e-07,2.251
JGD_Trefethen/Trefethen_700/Trefethen_700.mtx,spaden_bitmap_float,structural_related,float,ok,6,700,700,12654,,0.0090,0.0090,,2.8039,34.07,65.4,,,,0.000000e+00,1.607
Kemelmacher/Kemelmacher/Kemelmacher.mtx,cusparse_double,main,double,ok,3,28452,9693,100875,0.1447,0.0148,0.0148,0.0123,,,,,,,,0.742
Kemelmacher/Kemelmacher/Kemelmacher.mtx,cusparse_float,main_float,float,ok,2,28452,9693,100875,0.1248,0.0083,0.0083,0.0077,,,,,,,,1.618
Kemelmacher/Kemelmacher/Kemelmacher.mtx,dasp_double,main,double,ok,2,,,,1.3680,0.0051,0.0051,,39.3812,,,,,,,1.805
Kemelmacher/Kemelmacher/Kemelmacher.mtx,dasp_half,main_reduced_precision,half,ok,2,,,,1.1910,0.0041,0.0041,,49.1833,,,,,,,1.114
Kemelmacher/Kemelmacher/Kemelmacher.mtx,packsell_pack16,structural_related,half,ok,2,28452,9693,100875,,0.004064,0.004064,,49.6395,,,,,,0.000869308,3.540
Kemelmacher/Kemelmacher/Kemelmacher.mtx,packsell_pack32,structural_related,float,ok,2,28452,9693,100875,,0.004226,0.004226,,47.7379,,,,,,2.64381e-07,3.990
Kemelmacher/Kemelmacher/Kemelmacher.mtx,spaden_bitmap_float,structural_related,float,ok,2,28452,9693,100875,,0.0072,0.0072,,28.1417,351.61,81.5,,,,2.132794e-04,1.537
LPnetlib/lp_80bau3b/lp_80bau3b.mtx,cusparse_double,main,double,ok,2,2262,12061,23264,0.1393,0.0141,0.0141,0.0123,,,,,,,,1.140
LPnetlib/lp_80bau3b/lp_80bau3b.mtx,cusparse_float,main_float,float,ok,3,2262,12061,23264,0.1318,0.0097,0.0097,0.0083,,,,,,,,1.641
LPnetlib/lp_80bau3b/lp_80bau3b.mtx,dasp_double,main,double,ok,3,,,,0.2790,0.0123,0.0123,,3.7843,,,,,,,1.473
LPnetlib/lp_80bau3b/lp_80bau3b.mtx,dasp_half,main_reduced_precision,half,ok,3,,,,0.2670,0.0127,0.0127,,3.6645,,,,,,,1.494
LPnetlib/lp_80bau3b/lp_80bau3b.mtx,packsell_pack16,structural_related,half,ok,3,2262,12061,23264,,0.010396,0.010396,,4.47542,,,,,,0.000703263,3.356
LPnetlib/lp_80bau3b/lp_80bau3b.mtx,packsell_pack32,structural_related,float,ok,3,2262,12061,23264,,0.016591,0.016591,,2.80434,,,,,,2.2183e-07,2.633
LPnetlib/lp_80bau3b/lp_80bau3b.mtx,spaden_bitmap_float,structural_related,float,ok,3,2262,12061,23264,,0.0276,0.0276,,1.6879,21.27,104.6,,,,6.962122e-08,1.667
LPnetlib/lp_adlittle/lp_adlittle.mtx,cusparse_double,main,double,ok,1,56,138,424,0.1695,0.0132,0.0132,0.0102,,,,,,,,0.423
LPnetlib/lp_adlittle/lp_adlittle.mtx,cusparse_float,main_float,float,ok,7,56,138,424,0.1360,0.0078,0.0078,0.0061,,,,,,,,1.602
LPnetlib/lp_adlittle/lp_adlittle.mtx,dasp_double,main,double,ok,7,,,,0.0170,0.0062,0.0062,,0.1378,,,,,,,1.292
LPnetlib/lp_adlittle/lp_adlittle.mtx,dasp_half,main_reduced_precision,half,ok,7,,,,0.0150,0.0041,0.0041,,0.2068,,,,,,,1.942
LPnetlib/lp_adlittle/lp_adlittle.mtx,packsell_pack16,structural_related,half,ok,7,56,138,424,,0.004359,0.004359,,0.194558,,,,,,0.000542137,3.255
LPnetlib/lp_adlittle/lp_adlittle.mtx,packsell_pack32,structural_related,float,ok,7,56,138,424,,0.006321,0.006321,,0.134151,,,,,,1.416e-07,3.967
LPnetlib/lp_adlittle/lp_adlittle.mtx,spaden_bitmap_float,structural_related,float,ok,7,56,138,424,,0.0092,0.0092,,0.0926,61.10,85.4,,,,8.559301e-09,1.661
LPnetlib/lp_beaconfd/lp_beaconfd.mtx,cusparse_double,main,double,ok,5,173,295,3408,0.1612,0.0140,0.0140,0.0102,,,,,,,,0.985
LPnetlib/lp_beaconfd/lp_beaconfd.mtx,cusparse_float,main_float,float,ok,2,173,295,3408,0.1277,0.0079,0.0079,0.0062,,,,,,,,1.585
LPnetlib/lp_beaconfd/lp_beaconfd.mtx,dasp_double,main,double,ok,2,,,,0.0500,0.0164,0.0164,,0.4160,,,,,,,1.252
LPnetlib/lp_beaconfd/lp_beaconfd.mtx,dasp_half,main_reduced_precision,half,ok,2,,,,0.0460,0.0063,0.0063,,1.0785,,,,,,,2.229
LPnetlib/lp_beaconfd/lp_beaconfd.mtx,packsell_pack16,structural_related,half,ok,2,173,295,3408,,0.010509,0.010509,,0.64856,,,,,,0.000347961,1.863
LPnetlib/lp_beaconfd/lp_beaconfd.mtx,packsell_pack32,structural_related,float,ok,2,173,295,3408,,0.018624,0.018624,,0.365989,,,,,,1.38147e-07,2.564
LPnetlib/lp_beaconfd/lp_beaconfd.mtx,spaden_bitmap_float,structural_related,float,ok,2,173,295,3408,,0.0132,0.0132,,0.5148,24.33,63.6,,,,7.135408e-08,1.928
LPnetlib/lp_bnl1/lp_bnl1.mtx,cusparse_double,main,double,ok,7,643,1586,5532,0.1181,0.0133,0.0133,0.0123,,,,,,,,0.393
LPnetlib/lp_bnl1/lp_bnl1.mtx,cusparse_float,main_float,float,ok,5,643,1586,5532,0.1392,0.0080,0.0080,0.0061,,,,,,,,1.762
LPnetlib/lp_bnl1/lp_bnl1.mtx,dasp_double,main,double,ok,5,,,,0.0850,0.0186,0.0186,,0.5942,,,,,,,1.655
LPnetlib/lp_bnl1/lp_bnl1.mtx,dasp_half,main_reduced_precision,half,ok,5,,,,0.0690,0.0061,0.0061,,1.8002,,,,,,,1.376
LPnetlib/lp_bnl1/lp_bnl1.mtx,packsell_pack16,structural_related,half,ok,5,643,1586,5532,,0.006444,0.006444,,1.71685,,,,,,0.000375105,3.443
LPnetlib/lp_bnl1/lp_bnl1.mtx,packsell_pack32,structural_related,float,ok,5,643,1586,5532,,0.010541,0.010541,,1.04966,,,,,,9.83382e-08,3.112
LPnetlib/lp_bnl1/lp_bnl1.mtx,spaden_bitmap_float,structural_related,float,ok,5,643,1586,5532,,0.0134,0.0134,,0.8270,15.92,92.9,,,,2.393173e-08,1.471
LPnetlib/lp_bnl2/lp_bnl2.mtx,cusparse_double,main,double,ok,5,2324,4486,14996,0.1298,0.0142,0.0142,0.0123,,,,,,,,1.366
LPnetlib/lp_bnl2/lp_bnl2.mtx,cusparse_float,main_float,float,ok,2,2324,4486,14996,0.1343,0.0086,0.0086,0.0076,,,,,,,,1.647
LPnetlib/lp_bnl2/lp_bnl2.mtx,dasp_double,main,double,ok,2,,,,0.2320,0.0082,0.0082,,3.6513,,,,,,,2.027
LPnetlib/lp_bnl2/lp_bnl2.mtx,dasp_half,main_reduced_precision,half,ok,2,,,,0.1700,0.0061,0.0061,,4.8783,,,,,,,1.531
LPnetlib/lp_bnl2/lp_bnl2.mtx,packsell_pack16,structural_related,half,ok,2,2324,4486,14996,,0.008103,0.008103,,3.70131,,,,,,0.000391279,2.440
LPnetlib/lp_bnl2/lp_bnl2.mtx,packsell_pack32,structural_related,float,ok,2,2324,4486,14996,,0.012435,0.012435,,2.4119,,,,,,1.11905e-07,3.029
LPnetlib/lp_bnl2/lp_bnl2.mtx,spaden_bitmap_float,structural_related,float,ok,2,2324,4486,14996,,0.0134,0.0134,,2.2367,11.50,97.9,,,,5.479579e-08,1.220
LPnetlib/lp_cre_b/lp_cre_b.mtx,cusparse_double,main,double,ok,5,9648,77137,260785,0.1309,0.0145,0.0145,0.0123,,,,,,,,1.209
LPnetlib/lp_cre_b/lp_cre_b.mtx,cusparse_float,main_float,float,ok,3,9648,77137,260785,0.1205,0.0090,0.0090,0.0072,,,,,,,,1.998
LPnetlib/lp_cre_b/lp_cre_b.mtx,dasp_double,main,double,ok,3,,,,2.6260,0.0205,0.0205,,25.4449,,,,,,,2.116
LPnetlib/lp_cre_b/lp_cre_b.mtx,dasp_half,main_reduced_precision,half,ok,3,,,,1.6700,0.0123,0.0123,,42.4420,,,,,,,0.967
LPnetlib/lp_cre_b/lp_cre_b.mtx,packsell_pack16,structural_related,half,ok,3,9648,77137,260785,,0.059592,0.059592,,8.75234,,,,,,0.000473244,2.140
LPnetlib/lp_cre_b/lp_cre_b.mtx,packsell_pack32,structural_related,float,ok,3,9648,77137,260785,,0.116010,0.116010,,4.49591,,,,,,3.07723e-07,2.210
LPnetlib/lp_cre_b/lp_cre_b.mtx,spaden_bitmap_float,structural_related,float,ok,3,9648,77137,260785,,0.2523,0.2523,,2.0675,234.30,88.7,,,,7.685119e-08,1.714
LPnetlib/lp_cre_d/lp_cre_d.mtx,cusparse_double,main,double,ok,3,8926,73948,246614,0.1495,0.0135,0.0135,0.0123,,,,,,,,0.815
LPnetlib/lp_cre_d/lp_cre_d.mtx,cusparse_float,main_float,float,ok,6,8926,73948,246614,0.1232,0.0088,0.0088,0.0072,,,,,,,,1.615
LPnetlib/lp_cre_d/lp_cre_d.mtx,dasp_double,main,double,ok,6,,,,2.6050,0.0274,0.0274,,18.0273,,,,,,,1.931
LPnetlib/lp_cre_d/lp_cre_d.mtx,dasp_half,main_reduced_precision,half,ok,6,,,,13.7200,0.0232,0.0232,,21.2452,,,,,,,1.831
LPnetlib/lp_cre_d/lp_cre_d.mtx,packsell_pack16,structural_related,half,ok,6,8926,73948,246614,,0.150998,0.150998,,3.26646,,,,,,0.000475843,2.769
LPnetlib/lp_cre_d/lp_cre_d.mtx,packsell_pack32,structural_related,float,ok,6,8926,73948,246614,,0.112897,0.112897,,4.36881,,,,,,2.87738e-07,2.463
LPnetlib/lp_cre_d/lp_cre_d.mtx,spaden_bitmap_float,structural_related,float,ok,6,8926,73948,246614,,0.2837,0.2837,,1.7384,311.12,89.4,,,,1.989939e-08,1.782
LPnetlib/lp_czprob/lp_czprob.mtx,cusparse_double,main,double,ok,2,929,3562,10708,0.2260,0.0139,0.0139,0.0123,,,,,,,,1.431
LPnetlib/lp_czprob/lp_czprob.mtx,cusparse_float,main_float,float,ok,4,929,3562,10708,0.1347,0.0080,0.0080,0.0061,,,,,,,,1.805
LPnetlib/lp_czprob/lp_czprob.mtx,dasp_double,main,double,ok,4,,,,0.1650,0.0246,0.0246,,0.8707,,,,,,,1.681
LPnetlib/lp_czprob/lp_czprob.mtx,dasp_half,main_reduced_precision,half,ok,4,,,,0.1040,0.0123,0.0123,,1.7427,,,,,,,1.455
LPnetlib/lp_czprob/lp_czprob.mtx,packsell_pack16,structural_related,half,ok,4,929,3562,10708,,0.026915,0.026915,,0.795686,,,,,,0.000675385,2.682
LPnetlib/lp_czprob/lp_czprob.mtx,packsell_pack32,structural_related,float,ok,4,929,3562,10708,,0.053399,0.053399,,0.401054,,,,,,3.01184e-07,2.868
LPnetlib/lp_czprob/lp_czprob.mtx,spaden_bitmap_float,structural_related,float,ok,4,929,3562,10708,,0.1393,0.1393,,0.1537,9.04,93.8,,,,2.562585e-10,1.422
LPnetlib/lp_degen3/lp_degen3.mtx,cusparse_double,main,double,ok,2,1503,2604,25432,0.1276,0.0141,0.0141,0.0123,,,,,,,,1.232
LPnetlib/lp_degen3/lp_degen3.mtx,cusparse_float,main_float,float,ok,6,1503,2604,25432,0.1405,0.0093,0.0093,0.0085,,,,,,,,1.584
LPnetlib/lp_degen3/lp_degen3.mtx,dasp_double,main,double,ok,6,,,,0.3050,0.0230,0.0230,,2.2119,,,,,,,1.993
LPnetlib/lp_degen3/lp_degen3.mtx,dasp_half,main_reduced_precision,half,ok,6,,,,0.2260,0.0102,0.0102,,4.9628,,,,,,,1.387
LPnetlib/lp_degen3/lp_degen3.mtx,packsell_pack16,structural_related,half,ok,6,1503,2604,25432,,0.014647,0.014647,,3.47261,,,,,,0.00101499,3.532
LPnetlib/lp_degen3/lp_degen3.mtx,packsell_pack32,structural_related,float,ok,6,1503,2604,25432,,0.028832,0.028832,,1.76415,,,,,,3.19862e-07,3.336
LPnetlib/lp_degen3/lp_degen3.mtx,spaden_bitmap_float,structural_related,float,ok,6,1503,2604,25432,,0.0378,0.0378,,1.3452,29.62,79.9,,,,0.000000e+00,1.119
LPnetlib/lp_etamacro/lp_etamacro.mtx,cusparse_double,main,double,ok,7,400,816,2537,0.1143,0.0117,0.0117,0.0100,,,,,,,,0.386
LPnetlib/lp_etamacro/lp_etamacro.mtx,cusparse_float,main_float,float,ok,5,400,816,2537,0.1357,0.0078,0.0078,0.0058,,,,,,,,1.470
LPnetlib/lp_etamacro/lp_etamacro.mtx,dasp_double,main,double,ok,5,,,,0.0450,0.0041,0.0041,,1.2361,,,,,,,1.361
LPnetlib/lp_etamacro/lp_etamacro.mtx,dasp_half,main_reduced_precision,half,ok,5,,,,0.0340,0.0041,0.0041,,1.2367,,,,,,,1.891
LPnetlib/lp_etamacro/lp_etamacro.mtx,packsell_pack16,structural_related,half,ok,5,400,816,2537,,0.004390,0.004390,,1.15586,,,,,,0.000413493,2.423
LPnetlib/lp_etamacro/lp_etamacro.mtx,packsell_pack32,structural_related,float,ok,5,400,816,2537,,0.006363,0.006363,,0.797435,,,,,,1.23023e-07,3.358
LPnetlib/lp_etamacro/lp_etamacro.mtx,spaden_bitmap_float,structural_related,float,ok,5,400,816,2537,,0.0133,0.0133,,0.3826,120.89,69.4,,,,6.061804e-08,1.458
LPnetlib/lp_fffff800/lp_fffff800.mtx,cusparse_double,main,double,ok,1,524,1028,6401,0.1444,0.0131,0.0131,0.0102,,,,,,,,0.406
LPnetlib/lp_fffff800/lp_fffff800.mtx,cusparse_float,main_float,float,ok,7,524,1028,6401,0.1281,0.0081,0.0081,0.0061,,,,,,,,1.709
LPnetlib/lp_fffff800/lp_fffff800.mtx,dasp_double,main,double,ok,7,,,,0.1040,0.0307,0.0307,,0.4168,,,,,,,1.469
LPnetlib/lp_fffff800/lp_fffff800.mtx,dasp_half,main_reduced_precision,half,ok,7,,,,0.0940,0.0123,0.0123,,1.0415,,,,,,,1.899
LPnetlib/lp_fffff800/lp_fffff800.mtx,packsell_pack16,structural_related,half,ok,7,524,1028,6401,,0.016650,0.016650,,0.768894,,,,,,0.000329712,2.699
LPnetlib/lp_fffff800/lp_fffff800.mtx,packsell_pack32,structural_related,float,ok,7,524,1028,6401,,0.030872,0.030872,,0.414684,,,,,,9.65796e-08,3.029
LPnetlib/lp_fffff800/lp_fffff800.mtx,spaden_bitmap_float,structural_related,float,ok,7,524,1028,6401,,0.0173,0.0173,,0.7416,52.17,71.9,,,,3.808622e-10,1.537
LPnetlib/lp_finnis/lp_finnis.mtx,cusparse_double,main,double,ok,2,497,1064,2760,0.1517,0.0161,0.0161,0.0133,,,,,,,,1.249
LPnetlib/lp_finnis/lp_finnis.mtx,cusparse_float,main_float,float,ok,6,497,1064,2760,0.1296,0.0078,0.0078,0.0058,,,,,,,,1.654
LPnetlib/lp_finnis/lp_finnis.mtx,dasp_double,main,double,ok,6,,,,0.0540,0.0069,0.0069,,0.7967,,,,,,,1.303
LPnetlib/lp_finnis/lp_finnis.mtx,dasp_half,main_reduced_precision,half,ok,6,,,,0.0350,0.0041,0.0041,,1.3454,,,,,,,1.813
LPnetlib/lp_finnis/lp_finnis.mtx,packsell_pack16,structural_related,half,ok,6,497,1064,2760,,0.006237,0.006237,,0.885079,,,,,,0.000397878,2.609
LPnetlib/lp_finnis/lp_finnis.mtx,packsell_pack32,structural_related,float,ok,6,497,1064,2760,,0.008407,0.008407,,0.656604,,,,,,1.14613e-07,2.447
LPnetlib/lp_finnis/lp_finnis.mtx,spaden_bitmap_float,structural_related,float,ok,6,497,1064,2760,,0.0154,0.0154,,0.3590,33.54,111.4,,,,2.928303e-08,1.480
LPnetlib/lp_fit1d/lp_fit1d.mtx,cusparse_double,main,double,ok,6,24,1049,13427,0.1562,0.0137,0.0137,0.0102,,,,,,,,1.378
LPnetlib/lp_fit1d/lp_fit1d.mtx,cusparse_float,main_float,float,ok,5,24,1049,13427,0.1352,0.0072,0.0072,0.0065,,,,,,,,1.454
LPnetlib/lp_fit1d/lp_fit1d.mtx,dasp_double,main,double,ok,5,,,,0.1010,0.0491,0.0491,,0.5465,,,,,,,1.541
LPnetlib/lp_fit1d/lp_fit1d.mtx,dasp_half,main_reduced_precision,half,ok,5,,,,0.0660,0.0102,0.0102,,2.6214,,,,,,,1.706
LPnetlib/lp_fit1d/lp_fit1d.mtx,packsell_pack16,structural_related,half,ok,5,24,1049,13427,,0.056086,0.056086,,0.478803,,,,,,0.000722817,3.195
LPnetlib/lp_fit1d/lp_fit1d.mtx,packsell_pack32,structural_related,float,ok,5,24,1049,13427,,0.109610,0.109610,,0.244997,,,,,,7.01495e-07,2.536
LPnetlib/lp_fit1d/lp_fit1d.mtx,spaden_bitmap_float,structural_related,float,ok,5,24,1049,13427,,0.0546,0.0546,,0.4914,9.71,55.8,,,,4.023915e-10,1.406
LPnetlib/lp_fit2d/lp_fit2d.mtx,cusparse_double,main,double,ok,7,25,10524,129042,0.1669,0.0145,0.0145,0.0092,,,,,,,,1.097
LPnetlib/lp_fit2d/lp_fit2d.mtx,cusparse_float,main_float,float,ok,3,25,10524,129042,0.1220,0.0081,0.0081,0.0071,,,,,,,,1.578
LPnetlib/lp_fit2d/lp_fit2d.mtx,dasp_double,main,double,ok,3,,,,0.8730,0.0061,0.0061,,41.9717,,,,,,,1.402
LPnetlib/lp_fit2d/lp_fit2d.mtx,dasp_half,main_reduced_precision,half,ok,3,,,,0.3860,0.0098,0.0098,,26.4566,,,,,,,1.383
LPnetlib/lp_fit2d/lp_fit2d.mtx,packsell_pack16,structural_related,half,ok,3,25,10524,129042,,0.549420,0.549420,,0.469739,,,,,,0.000632405,1.770
LPnetlib/lp_fit2d/lp_fit2d.mtx,packsell_pack32,structural_related,float,ok,3,25,10524,129042,,1.112223,1.112223,,0.232043,,,,,,2.92301e-06,2.769
LPnetlib/lp_fit2d/lp_fit2d.mtx,spaden_bitmap_float,structural_related,float,ok,3,25,10524,129042,,0.5100,0.5100,,0.5061,18.24,58.1,,,,1.566787e-09,1.428
LPnetlib/lp_fit2p/lp_fit2p.mtx,cusparse_double,main,double,ok,5,3000,13525,50284,0.1389,0.0133,0.0133,0.0102,,,,,,,,1.290
LPnetlib/lp_fit2p/lp_fit2p.mtx,cusparse_float,main_float,float,ok,6,3000,13525,50284,0.1304,0.0090,0.0090,0.0077,,,,,,,,1.741
LPnetlib/lp_fit2p/lp_fit2p.mtx,dasp_double,main,double,ok,6,,,,0.5070,0.0094,0.0094,,10.6556,,,,,,,1.880
LPnetlib/lp_fit2p/lp_fit2p.mtx,dasp_half,main_reduced_precision,half,ok,6,,,,0.4080,0.0096,0.0096,,10.4944,,,,,,,1.794
LPnetlib/lp_fit2p/lp_fit2p.mtx,packsell_pack16,structural_related,half,ok,6,3000,13525,50284,,0.004325,0.004325,,23.2504,,,,,,0.000407687,3.473
LPnetlib/lp_fit2p/lp_fit2p.mtx,packsell_pack32,structural_related,float,ok,6,3000,13525,50284,,0.006309,0.006309,,15.9403,,,,,,2.33164e-07,2.797
LPnetlib/lp_fit2p/lp_fit2p.mtx,spaden_bitmap_float,structural_related,float,ok,6,3000,13525,50284,,0.0089,0.0089,,11.3266,36.76,62.7,,,,4.765141e-09,1.637
LPnetlib/lp_ganges/lp_ganges.mtx,cusparse_double,main,double,ok,6,1309,1706,6937,0.1436,0.0137,0.0137,0.0123,,,,,,,,1.342
LPnetlib/lp_ganges/lp_ganges.mtx,cusparse_float,main_float,float,ok,4,1309,1706,6937,0.1310,0.0091,0.0091,0.0081,,,,,,,,1.641
LPnetlib/lp_ganges/lp_ganges.mtx,dasp_double,main,double,ok,4,,,,0.0830,0.0103,0.0103,,1.3533,,,,,,,1.924
LPnetlib/lp_ganges/lp_ganges.mtx,dasp_half,main_reduced_precision,half,ok,4,,,,0.0890,0.0062,0.0062,,2.2559,,,,,,,1.641
LPnetlib/lp_ganges/lp_ganges.mtx,packsell_pack16,structural_related,half,ok,4,1309,1706,6937,,0.008396,0.008396,,1.65237,,,,,,0.000752473,2.375
LPnetlib/lp_ganges/lp_ganges.mtx,packsell_pack32,structural_related,float,ok,4,1309,1706,6937,,0.012595,0.012595,,1.10152,,,,,,1.84466e-07,1.844
LPnetlib/lp_ganges/lp_ganges.mtx,spaden_bitmap_float,structural_related,float,ok,4,1309,1706,6937,,0.0093,0.0093,,1.4889,9.25,72.3,,,,1.556830e-08,2.010
LPnetlib/lp_gfrd_pnc/lp_gfrd_pnc.mtx,cusparse_double,main,double,ok,3,616,1160,2445,0.1342,0.0126,0.0126,0.0102,,,,,,,,1.303
LPnetlib/lp_gfrd_pnc/lp_gfrd_pnc.mtx,cusparse_float,main_float,float,ok,4,616,1160,2445,0.1430,0.0099,0.0099,0.0075,,,,,,,,1.655
LPnetlib/lp_gfrd_pnc/lp_gfrd_pnc.mtx,dasp_double,main,double,ok,4,,,,0.0430,0.0106,0.0106,,0.4595,,,,,,,1.979
LPnetlib/lp_gfrd_pnc/lp_gfrd_pnc.mtx,dasp_half,main_reduced_precision,half,ok,4,,,,0.0500,0.0041,0.0041,,1.1918,,,,,,,1.344
LPnetlib/lp_gfrd_pnc/lp_gfrd_pnc.mtx,packsell_pack16,structural_related,half,ok,4,616,1160,2445,,0.003518,0.003518,,1.39005,,,,,,0.00041498,2.477
LPnetlib/lp_gfrd_pnc/lp_gfrd_pnc.mtx,packsell_pack32,structural_related,float,ok,4,616,1160,2445,,0.004183,0.004183,,1.16898,,,,,,1.04113e-07,2.429
LPnetlib/lp_gfrd_pnc/lp_gfrd_pnc.mtx,spaden_bitmap_float,structural_related,float,ok,4,616,1160,2445,,0.0070,0.0070,,0.6937,98.07,79.6,,,,0.000000e+00,1.921
LPnetlib/lp_greenbea/lp_greenbea.mtx,cusparse_double,main,double,ok,2,2392,5598,31070,0.1869,0.0150,0.0150,0.0102,,,,,,,,1.299
LPnetlib/lp_greenbea/lp_greenbea.mtx,cusparse_float,main_float,float,ok,3,2392,5598,31070,0.1257,0.0089,0.0089,0.0077,,,,,,,,1.691
LPnetlib/lp_greenbea/lp_greenbea.mtx,dasp_double,main,double,ok,3,,,,0.3070,0.0102,0.0102,,6.0630,,,,,,,1.734
LPnetlib/lp_greenbea/lp_greenbea.mtx,dasp_half,main_reduced_precision,half,ok,3,,,,0.2730,0.0082,0.0082,,7.5827,,,,,,,1.694
LPnetlib/lp_greenbea/lp_greenbea.mtx,packsell_pack16,structural_related,half,ok,3,2392,5598,31070,,0.018705,0.018705,,3.32213,,,,,,0.000399982,2.798
LPnetlib/lp_greenbea/lp_greenbea.mtx,packsell_pack32,structural_related,float,ok,3,2392,5598,31070,,0.033041,0.033041,,1.88068,,,,,,1.44328e-07,4.173
LPnetlib/lp_greenbea/lp_greenbea.mtx,spaden_bitmap_float,structural_related,float,ok,3,2392,5598,31070,,0.0254,0.0254,,2.4445,149.74,82.2,,,,6.553711e-08,1.594
LPnetlib/lp_greenbeb/lp_greenbeb.mtx,cusparse_double,main,double,ok,3,2392,5598,31070,0.1442,0.0138,0.0138,0.0103,,,,,,,,0.933
LPnetlib/lp_greenbeb/lp_greenbeb.mtx,cusparse_float,main_float,float,ok,4,2392,5598,31070,0.1263,0.0090,0.0090,0.0080,,,,,,,,1.482
LPnetlib/lp_greenbeb/lp_greenbeb.mtx,dasp_double,main,double,ok,4,,,,0.3200,0.0103,0.0103,,6.0618,,,,,,,1.622
LPnetlib/lp_greenbeb/lp_greenbeb.mtx,dasp_half,main_reduced_precision,half,ok,4,,,,0.2900,0.0082,0.0082,,7.5827,,,,,,,1.765
LPnetlib/lp_greenbeb/lp_greenbeb.mtx,packsell_pack16,structural_related,half,ok,4,2392,5598,31070,,0.018750,0.018750,,3.3141,,,,,,0.000399982,3.541
LPnetlib/lp_greenbeb/lp_greenbeb.mtx,packsell_pack32,structural_related,float,ok,4,2392,5598,31070,,0.035056,0.035056,,1.77258,,,,,,1.44328e-07,3.147
LPnetlib/lp_greenbeb/lp_greenbeb.mtx,spaden_bitmap_float,structural_related,float,ok,4,2392,5598,31070,,0.0274,0.0274,,2.2710,17.16,82.2,,,,6.553711e-08,1.557
LPnetlib/lp_grow15/lp_grow15.mtx,cusparse_double,main,double,ok,3,300,645,5620,0.1373,0.0120,0.0120,0.0102,,,,,,,,1.479
LPnetlib/lp_grow15/lp_grow15.mtx,cusparse_float,main_float,float,ok,3,300,645,5620,0.1349,0.0076,0.0076,0.0059,,,,,,,,1.617
LPnetlib/lp_grow15/lp_grow15.mtx,dasp_double,main,double,ok,3,,,,0.0840,0.0041,0.0041,,2.7388,,,,,,,1.785
LPnetlib/lp_grow15/lp_grow15.mtx,dasp_half,main_reduced_precision,half,ok,3,,,,0.0610,0.0041,0.0041,,2.7401,,,,,,,1.474
LPnetlib/lp_grow15/lp_grow15.mtx,packsell_pack16,structural_related,half,ok,3,300,645,5620,,0.004081,0.004081,,2.75405,,,,,,0.000684651,3.167
LPnetlib/lp_grow15/lp_grow15.mtx,packsell_pack32,structural_related,float,ok,3,300,645,5620,,0.005888,0.005888,,1.90898,,,,,,2.5238e-07,2.608
LPnetlib/lp_grow15/lp_grow15.mtx,spaden_bitmap_float,structural_related,float,ok,3,300,645,5620,,0.0069,0.0069,,1.6388,25.56,58.3,,,,1.084190e-07,1.282
LPnetlib/lp_grow22/lp_grow22.mtx,cusparse_double,main,double,ok,4,440,946,8252,0.1334,0.0127,0.0127,0.0102,,,,,,,,1.315
LPnetlib/lp_grow22/lp_grow22.mtx,cusparse_float,main_float,float,ok,2,440,946,8252,0.1356,0.0082,0.0082,0.0061,,,,,,,,1.495
LPnetlib/lp_grow22/lp_grow22.mtx,dasp_double,main,double,ok,2,,,,0.1220,0.0041,0.0041,,4.0214,,,,,,,1.922
LPnetlib/lp_grow22/lp_grow22.mtx,dasp_half,main_reduced_precision,half,ok,2,,,,0.0880,0.0041,0.0041,,4.0205,,,,,,,1.657
LPnetlib/lp_grow22/lp_grow22.mtx,packsell_pack16,structural_related,half,ok,2,440,946,8252,,0.004171,0.004171,,3.95697,,,,,,0.000740071,2.552
LPnetlib/lp_grow22/lp_grow22.mtx,packsell_pack32,structural_related,float,ok,2,440,946,8252,,0.006331,0.006331,,2.6068,,,,,,2.68307e-07,2.481
LPnetlib/lp_grow22/lp_grow22.mtx,spaden_bitmap_float,structural_related,float,ok,2,440,946,8252,,0.0070,0.0070,,2.3734,8.14,58.3,,,,1.098238e-07,1.998
LPnetlib/lp_grow7/lp_grow7.mtx,cusparse_double,main,double,ok,5,140,301,2612,0.1505,0.0136,0.0136,0.0102,,,,,,,,0.890
LPnetlib/lp_grow7/lp_grow7.mtx,cusparse_float,main_float,float,ok,7,140,301,2612,0.1319,0.0079,0.0079,0.0066,,,,,,,,1.514
LPnetlib/lp_grow7/lp_grow7.mtx,dasp_double,main,double,ok,7,,,,0.0310,0.0060,0.0060,,0.8718,,,,,,,1.333
LPnetlib/lp_grow7/lp_grow7.mtx,dasp_half,main_reduced_precision,half,ok,7,,,,0.0280,0.0041,0.0041,,1.2729,,,,,,,2.010
LPnetlib/lp_grow7/lp_grow7.mtx,packsell_pack16,structural_related,half,ok,7,140,301,2612,,0.004237,0.004237,,1.23285,,,,,,0.000631797,2.248
LPnetlib/lp_grow7/lp_grow7.mtx,packsell_pack32,structural_related,float,ok,7,140,301,2612,,0.006237,0.006237,,0.837564,,,,,,2.13061e-07,3.227
LPnetlib/lp_grow7/lp_grow7.mtx,spaden_bitmap_float,structural_related,float,ok,7,140,301,2612,,0.0069,0.0069,,0.7517,8.24,58.2,,,,1.052372e-07,1.501
LPnetlib/lp_israel/lp_israel.mtx,cusparse_double,main,double,ok,6,174,316,2443,0.1325,0.0119,0.0119,0.0082,,,,,,,,1.471
LPnetlib/lp_israel/lp_israel.mtx,cusparse_float,main_float,float,ok,7,174,316,2443,0.1287,0.0080,0.0080,0.0057,,,,,,,,1.585
LPnetlib/lp_israel/lp_israel.mtx,dasp_double,main,double,ok,7,,,,0.0450,0.0143,0.0143,,0.3405,,,,,,,1.693
LPnetlib/lp_israel/lp_israel.mtx,dasp_half,main_reduced_precision,half,ok,7,,,,0.0580,0.0062,0.0062,,0.7942,,,,,,,1.506
LPnetlib/lp_israel/lp_israel.mtx,packsell_pack16,structural_related,half,ok,7,174,316,2443,,0.010393,0.010393,,0.470139,,,,,,0.000370308,2.136
LPnetlib/lp_israel/lp_israel.mtx,packsell_pack32,structural_related,float,ok,7,174,316,2443,,0.016536,0.016536,,0.295469,,,,,,9.51885e-08,2.065
LPnetlib/lp_israel/lp_israel.mtx,spaden_bitmap_float,structural_related,float,ok,7,174,316,2443,,0.0109,0.0109,,0.4502,9.30,66.3,,,,1.758302e-09,1.613
LPnetlib/lp_osa_07/lp_osa_07.mtx,cusparse_double,main,double,ok,4,1118,25067,144812,0.1243,0.0149,0.0149,0.0123,,,,,,,,0.795
LPnetlib/lp_osa_07/lp_osa_07.mtx,cusparse_float,main_float,float,ok,2,1118,25067,144812,0.1223,0.0093,0.0093,0.0078,,,,,,,,1.709
LPnetlib/lp_osa_07/lp_osa_07.mtx,dasp_double,main,double,ok,2,,,,1.0970,0.0471,0.0471,,6.1528,,,,,,,1.950
LPnetlib/lp_osa_07/lp_osa_07.mtx,dasp_half,main_reduced_precision,half,ok,2,,,,2.5780,0.0123,0.0123,,23.5677,,,,,,,1.300
LPnetlib/lp_osa_07/lp_osa_07.mtx,packsell_pack16,structural_related,half,ok,2,1118,25067,144812,,0.968857,0.968857,,0.298934,,,,,,0.00358764,3.973
LPnetlib/lp_osa_07/lp_osa_07.mtx,packsell_pack32,structural_related,float,ok,2,1118,25067,144812,,2.123637,2.123637,,0.136381,,,,,,1.25173e-06,3.784
LPnetlib/lp_osa_07/lp_osa_07.mtx,spaden_bitmap_float,structural_related,float,ok,2,1118,25067,144812,,1.3664,1.3664,,0.2120,293.10,81.2,,,,8.426146e-07,1.863
LPnetlib/lp_perold/lp_perold.mtx,cusparse_double,main,double,ok,6,625,1506,6148,0.1316,0.0133,0.0133,0.0119,,,,,,,,1.422
LPnetlib/lp_perold/lp_perold.mtx,cusparse_float,main_float,float,ok,2,625,1506,6148,0.1403,0.0079,0.0079,0.0063,,,,,,,,1.578
LPnetlib/lp_perold/lp_perold.mtx,dasp_double,main,double,ok,2,,,,0.0830,0.0061,0.0061,,2.0000,,,,,,,1.993
LPnetlib/lp_perold/lp_perold.mtx,dasp_half,main_reduced_precision,half,ok,2,,,,0.0750,0.0041,0.0041,,2.9961,,,,,,,1.898
LPnetlib/lp_perold/lp_perold.mtx,packsell_pack16,structural_related,half,ok,2,625,1506,6148,,0.004382,0.004382,,2.80615,,,,,,0.000472759,3.437
LPnetlib/lp_perold/lp_perold.mtx,packsell_pack32,structural_related,float,ok,2,625,1506,6148,,0.007181,0.007181,,1.71241,,,,,,2.13687e-07,3.236
LPnetlib/lp_perold/lp_perold.mtx,spaden_bitmap_float,structural_related,float,ok,2,625,1506,6148,,0.0089,0.0089,,1.3892,24.25,79.0,,,,6.417669e-08,1.772
LPnetlib/lp_pilot_ja/lp_pilot_ja.mtx,cusparse_double,main,double,ok,5,940,2267,14977,0.1473,0.0141,0.0141,0.0102,,,,,,,,1.895
LPnetlib/lp_pilot_ja/lp_pilot_ja.mtx,cusparse_float,main_float,float,ok,5,940,2267,14977,0.1309,0.0080,0.0080,0.0061,,,,,,,,1.662
LPnetlib/lp_pilot_ja/lp_pilot_ja.mtx,dasp_double,main,double,ok,5,,,,0.1480,0.0191,0.0191,,1.5692,,,,,,,1.167
LPnetlib/lp_pilot_ja/lp_pilot_ja.mtx,dasp_half,main_reduced_precision,half,ok,5,,,,0.1380,0.0102,0.0102,,2.9246,,,,,,,1.616
LPnetlib/lp_pilot_ja/lp_pilot_ja.mtx,packsell_pack16,structural_related,half,ok,5,940,2267,14977,,0.014925,0.014925,,2.00696,,,,,,0.000417868,3.227
LPnetlib/lp_pilot_ja/lp_pilot_ja.mtx,packsell_pack32,structural_related,float,ok,5,940,2267,14977,,0.028128,0.028128,,1.06492,,,,,,1.46406e-07,2.825
LPnetlib/lp_pilot_ja/lp_pilot_ja.mtx,spaden_bitmap_float,structural_related,float,ok,5,940,2267,14977,,0.0269,0.0269,,1.1152,121.48,77.0,,,,3.321645e-08,1.959
LPnetlib/lp_pilot_we/lp_pilot_we.mtx,cusparse_double,main,double,ok,3,722,2928,9265,0.1568,0.0139,0.0139,0.0102,,,,,,,,1.453
LPnetlib/lp_pilot_we/lp_pilot_we.mtx,cusparse_float,main_float,float,ok,7,722,2928,9265,0.1351,0.0083,0.0083,0.0073,,,,,,,,1.581
LPnetlib/lp_pilot_we/lp_pilot_we.mtx,dasp_double,main,double,ok,7,,,,0.1300,0.0082,0.0082,,2.2589,,,,,,,1.763
LPnetlib/lp_pilot_we/lp_pilot_we.mtx,dasp_half,main_reduced_precision,half,ok,7,,,,0.0910,0.0061,0.0061,,3.0135,,,,,,,1.343
LPnetlib/lp_pilot_we/lp_pilot_we.mtx,packsell_pack16,structural_related,half,ok,7,722,2928,9265,,0.008339,0.008339,,2.2222,,,,,,0.000403658,2.725
LPnetlib/lp_pilot_we/lp_pilot_we.mtx,packsell_pack32,structural_related,float,ok,7,722,2928,9265,,0.012550,0.012550,,1.47649,,,,,,1.34717e-07,2.225
LPnetlib/lp_pilot_we/lp_pilot_we.mtx,spaden_bitmap_float,structural_related,float,ok,7,722,2928,9265,,0.0111,0.0111,,1.6670,24.56,77.5,,,,4.754379e-08,2.070
LPnetlib/lp_sc105/lp_sc105.mtx,cusparse_double,main,double,ok,3,105,163,340,0.1411,0.0111,0.0111,0.0082,,,,,,,,1.285
LPnetlib/lp_sc105/lp_sc105.mtx,cusparse_float,main_float,float,ok,5,105,163,340,0.1370,0.0075,0.0075,0.0064,,,,,,,,1.626
LPnetlib/lp_sc105/lp_sc105.mtx,dasp_double,main,double,ok,5,,,,0.0200,0.0041,0.0041,,0.1658,,,,,,,1.780
LPnetlib/lp_sc105/lp_sc105.mtx,dasp_half,main_reduced_precision,half,ok,5,,,,0.0160,0.0049,0.0049,,0.1390,,,,,,,1.897
LPnetlib/lp_sc105/lp_sc105.mtx,packsell_pack16,structural_related,half,ok,5,105,163,340,,0.003330,0.003330,,0.204212,,,,,,0.000542165,3.965
LPnetlib/lp_sc105/lp_sc105.mtx,packsell_pack32,structural_related,float,ok,5,105,163,340,,0.004245,0.004245,,0.160181,,,,,,1.68456e-07,3.301
LPnetlib/lp_sc105/lp_sc105.mtx,spaden_bitmap_float,structural_related,float,ok,5,105,163,340,,0.0048,0.0048,,0.1427,15.65,74.8,,,,3.786827e-09,1.540
LPnetlib/lp_sc205/lp_sc205.mtx,cusparse_double,main,double,ok,2,205,317,665,0.1444,0.0118,0.0118,0.0082,,,,,,,,0.846
LPnetlib/lp_sc205/lp_sc205.mtx,cusparse_float,main_float,float,ok,6,205,317,665,0.1310,0.0077,0.0077,0.0063,,,,,,,,1.598
LPnetlib/lp_sc205/lp_sc205.mtx,dasp_double,main,double,ok,6,,,,0.0200,0.0062,0.0062,,0.2131,,,,,,,1.361
LPnetlib/lp_sc205/lp_sc205.mtx,dasp_half,main_reduced_precision,half,ok,6,,,,0.0210,0.0095,0.0095,,0.1397,,,,,,,1.661
LPnetlib/lp_sc205/lp_sc205.mtx,packsell_pack16,structural_related,half,ok,6,205,317,665,,0.003281,0.003281,,0.405344,,,,,,0.000633384,2.072
LPnetlib/lp_sc205/lp_sc205.mtx,packsell_pack32,structural_related,float,ok,6,205,317,665,,0.004179,0.004179,,0.318253,,,,,,1.82712e-07,2.526
LPnetlib/lp_sc205/lp_sc205.mtx,spaden_bitmap_float,structural_related,float,ok,6,205,317,665,,0.0049,0.0049,,0.2718,9.70,75.1,,,,2.759526e-09,1.273
LPnetlib/lp_sc50a/lp_sc50a.mtx,cusparse_double,main,double,ok,6,50,78,160,0.1309,0.0117,0.0117,0.0082,,,,,,,,1.587
LPnetlib/lp_sc50a/lp_sc50a.mtx,cusparse_float,main_float,float,ok,4,50,78,160,0.1297,0.0075,0.0075,0.0065,,,,,,,,1.632
LPnetlib/lp_sc50a/lp_sc50a.mtx,dasp_double,main,double,ok,4,,,,0.0120,0.0052,0.0052,,0.0617,,,,,,,1.554
LPnetlib/lp_sc50a/lp_sc50a.mtx,dasp_half,main_reduced_precision,half,ok,4,,,,0.0100,0.0041,0.0041,,0.0780,,,,,,,1.618
LPnetlib/lp_sc50a/lp_sc50a.mtx,packsell_pack16,structural_related,half,ok,4,50,78,160,,0.003333,0.003333,,0.0960115,,,,,,0.000479106,3.490
LPnetlib/lp_sc50a/lp_sc50a.mtx,packsell_pack32,structural_related,float,ok,4,50,78,160,,0.003835,0.003835,,0.0834355,,,,,,1.55006e-07,2.185
LPnetlib/lp_sc50a/lp_sc50a.mtx,spaden_bitmap_float,structural_related,float,ok,4,50,78,160,,0.0050,0.0050,,0.0640,10.63,73.6,,,,1.873860e-09,1.960
LPnetlib/lp_sc50b/lp_sc50b.mtx,cusparse_double,main,double,ok,6,50,78,148,0.1320,0.0117,0.0117,0.0082,,,,,,,,1.505
LPnetlib/lp_sc50b/lp_sc50b.mtx,cusparse_float,main_float,float,ok,6,50,78,148,0.1355,0.0076,0.0076,0.0061,,,,,,,,1.818
LPnetlib/lp_sc50b/lp_sc50b.mtx,dasp_double,main,double,ok,6,,,,0.0090,0.0067,0.0067,,0.0440,,,,,,,1.518
LPnetlib/lp_sc50b/lp_sc50b.mtx,dasp_half,main_reduced_precision,half,ok,6,,,,0.0080,0.0041,0.0041,,0.0722,,,,,,,1.365
LPnetlib/lp_sc50b/lp_sc50b.mtx,packsell_pack16,structural_related,half,ok,6,50,78,148,,0.003851,0.003851,,0.0768638,,,,,,0.000458386,2.688
LPnetlib/lp_sc50b/lp_sc50b.mtx,packsell_pack32,structural_related,float,ok,6,50,78,148,,0.004249,0.004249,,0.0696651,,,,,,1.31968e-07,2.158
LPnetlib/lp_sc50b/lp_sc50b.mtx,spaden_bitmap_float,structural_related,float,ok,6,50,78,148,,0.0047,0.0047,,0.0629,12.53,75.2,,,,3.428160e-09,1.329
LPnetlib/lp_scsd1/lp_scsd1.mtx,cusparse_double,main,double,ok,7,77,760,2388,0.1154,0.0120,0.0120,0.0082,,,,,,,,0.393
LPnetlib/lp_scsd1/lp_scsd1.mtx,cusparse_float,main_float,float,ok,7,77,760,2388,0.1314,0.0079,0.0079,0.0064,,,,,,,,1.770
LPnetlib/lp_scsd1/lp_scsd1.mtx,dasp_double,main,double,ok,7,,,,0.0330,0.0062,0.0062,,0.7762,,,,,,,1.462
LPnetlib/lp_scsd1/lp_scsd1.mtx,dasp_half,main_reduced_precision,half,ok,7,,,,0.0260,0.0041,0.0041,,1.1643,,,,,,,1.588
LPnetlib/lp_scsd1/lp_scsd1.mtx,packsell_pack16,structural_related,half,ok,7,77,760,2388,,0.006370,0.006370,,0.749717,,,,,,0.00122705,1.956
LPnetlib/lp_scsd1/lp_scsd1.mtx,packsell_pack32,structural_related,float,ok,7,77,760,2388,,0.008456,0.008456,,0.564775,,,,,,5.55787e-07,2.515
LPnetlib/lp_scsd1/lp_scsd1.mtx,spaden_bitmap_float,structural_related,float,ok,7,77,760,2388,,0.0152,0.0152,,0.3141,14.25,69.2,,,,0.000000e+00,2.307
LPnetlib/lp_scsd6/lp_scsd6.mtx,cusparse_double,main,double,ok,7,147,1350,4316,0.1129,0.0121,0.0121,0.0102,,,,,,,,0.389
LPnetlib/lp_scsd6/lp_scsd6.mtx,cusparse_float,main_float,float,ok,3,147,1350,4316,0.1273,0.0076,0.0076,0.0051,,,,,,,,1.649
LPnetlib/lp_scsd6/lp_scsd6.mtx,dasp_double,main,double,ok,3,,,,0.0490,0.0062,0.0062,,1.4033,,,,,,,1.577
LPnetlib/lp_scsd6/lp_scsd6.mtx,dasp_half,main_reduced_precision,half,ok,3,,,,0.0450,0.0041,0.0041,,2.1028,,,,,,,1.407
LPnetlib/lp_scsd6/lp_scsd6.mtx,packsell_pack16,structural_related,half,ok,3,147,1350,4316,,0.004459,0.004459,,1.93592,,,,,,0.00129848,3.490
LPnetlib/lp_scsd6/lp_scsd6.mtx,packsell_pack32,structural_related,float,ok,3,147,1350,4316,,0.006468,0.006468,,1.33455,,,,,,6.25901e-07,2.118
LPnetlib/lp_scsd6/lp_scsd6.mtx,spaden_bitmap_float,structural_related,float,ok,3,147,1350,4316,,0.0133,0.0133,,0.6468,17.29,69.5,,,,0.000000e+00,1.687
LPnetlib/lp_standata/lp_standata.mtx,cusparse_double,main,double,ok,4,359,1274,3230,0.1327,0.0119,0.0119,0.0102,,,,,,,,1.321
LPnetlib/lp_standata/lp_standata.mtx,cusparse_float,main_float,float,ok,2,359,1274,3230,0.1338,0.0081,0.0081,0.0061,,,,,,,,1.630
LPnetlib/lp_standata/lp_standata.mtx,dasp_double,main,double,ok,2,,,,0.0430,0.0071,0.0071,,0.9124,,,,,,,1.310
LPnetlib/lp_standata/lp_standata.mtx,dasp_half,main_reduced_precision,half,ok,2,,,,0.0350,0.0095,0.0095,,0.6822,,,,,,,1.366
LPnetlib/lp_standata/lp_standata.mtx,packsell_pack16,structural_related,half,ok,2,359,1274,3230,,0.043177,0.043177,,0.149616,,,,,,0.000455381,3.410
LPnetlib/lp_standata/lp_standata.mtx,packsell_pack32,structural_related,float,ok,2,359,1274,3230,,0.082158,0.082158,,0.0786291,,,,,,1.29247e-07,2.411
LPnetlib/lp_standata/lp_standata.mtx,spaden_bitmap_float,structural_related,float,ok,2,359,1274,3230,,0.0297,0.0297,,0.2177,95.26,124.6,,,,1.577326e-07,1.759
LPnetlib/lp_standgub/lp_standgub.mtx,cusparse_double,main,double,ok,5,361,1383,3338,0.1726,0.0142,0.0142,0.0102,,,,,,,,1.064
LPnetlib/lp_standgub/lp_standgub.mtx,cusparse_float,main_float,float,ok,4,361,1383,3338,0.1472,0.0087,0.0087,0.0061,,,,,,,,1.811
LPnetlib/lp_standgub/lp_standgub.mtx,dasp_double,main,double,ok,4,,,,0.0600,0.0125,0.0125,,0.5333,,,,,,,1.758
LPnetlib/lp_standgub/lp_standgub.mtx,dasp_half,main_reduced_precision,half,ok,4,,,,0.0380,0.0061,0.0061,,1.0862,,,,,,,1.808
LPnetlib/lp_standgub/lp_standgub.mtx,packsell_pack16,structural_related,half,ok,4,361,1383,3338,,0.041786,0.041786,,0.159767,,,,,,0.000455381,2.675
LPnetlib/lp_standgub/lp_standgub.mtx,packsell_pack32,structural_related,float,ok,4,361,1383,3338,,0.080092,0.080092,,0.0833538,,,,,,1.34693e-07,2.260
LPnetlib/lp_standgub/lp_standgub.mtx,spaden_bitmap_float,structural_related,float,ok,4,361,1383,3339,,0.0272,0.0272,,0.2453,37.06,135.9,,,,2.365971e-07,1.733
LPnetlib/lp_stocfor1/lp_stocfor1.mtx,cusparse_double,main,double,ok,2,117,165,501,0.2207,0.0167,0.0167,0.0147,,,,,,,,0.950
LPnetlib/lp_stocfor1/lp_stocfor1.mtx,cusparse_float,main_float,float,ok,6,117,165,501,0.1305,0.0075,0.0075,0.0061,,,,,,,,1.550
LPnetlib/lp_stocfor1/lp_stocfor1.mtx,dasp_double,main,double,ok,6,,,,0.0220,0.0041,0.0041,,0.2442,,,,,,,1.549
LPnetlib/lp_stocfor1/lp_stocfor1.mtx,dasp_half,main_reduced_precision,half,ok,6,,,,0.0180,0.0080,0.0080,,0.1250,,,,,,,1.455
LPnetlib/lp_stocfor1/lp_stocfor1.mtx,packsell_pack16,structural_related,half,ok,6,117,165,501,,0.004304,0.004304,,0.232823,,,,,,0.00051427,4.162
LPnetlib/lp_stocfor1/lp_stocfor1.mtx,packsell_pack32,structural_related,float,ok,6,117,165,501,,0.004388,0.004388,,0.228341,,,,,,1.1746e-07,2.909
LPnetlib/lp_stocfor1/lp_stocfor1.mtx,spaden_bitmap_float,structural_related,float,ok,6,117,165,501,,0.0069,0.0069,,0.1460,113.90,81.2,,,,3.242297e-08,1.689
LPnetlib/lp_stocfor2/lp_stocfor2.mtx,cusparse_double,main,double,ok,5,2157,3045,9357,0.1349,0.0138,0.0138,0.0123,,,,,,,,1.372
LPnetlib/lp_stocfor2/lp_stocfor2.mtx,cusparse_float,main_float,float,ok,4,2157,3045,9357,0.1330,0.0091,0.0091,0.0082,,,,,,,,1.830
LPnetlib/lp_stocfor2/lp_stocfor2.mtx,dasp_double,main,double,ok,4,,,,0.1140,0.0041,0.0041,,4.5611,,,,,,,1.388
LPnetlib/lp_stocfor2/lp_stocfor2.mtx,dasp_half,main_reduced_precision,half,ok,4,,,,0.1040,0.0067,0.0067,,2.7881,,,,,,,1.732
LPnetlib/lp_stocfor2/lp_stocfor2.mtx,packsell_pack16,structural_related,half,ok,4,2157,3045,9357,,0.004277,0.004277,,4.37546,,,,,,0.000739848,2.860
LPnetlib/lp_stocfor2/lp_stocfor2.mtx,packsell_pack32,structural_related,float,ok,4,2157,3045,9357,,0.004388,0.004388,,4.26523,,,,,,2.05439e-07,1.951
LPnetlib/lp_stocfor2/lp_stocfor2.mtx,spaden_bitmap_float,structural_related,float,ok,4,2157,3045,9357,,0.0068,0.0068,,2.7413,23.84,84.0,,,,1.026501e-08,1.616
LPnetlib/lp_stocfor3/lp_stocfor3.mtx,cusparse_double,main,double,ok,2,16675,23541,72721,0.1356,0.0143,0.0143,0.0123,,,,,,,,1.333
LPnetlib/lp_stocfor3/lp_stocfor3.mtx,cusparse_float,main_float,float,ok,6,16675,23541,72721,0.1345,0.0090,0.0090,0.0078,,,,,,,,1.650
LPnetlib/lp_stocfor3/lp_stocfor3.mtx,dasp_double,main,double,ok,6,,,,0.9480,0.0062,0.0062,,24.8571,,,,,,,1.565
LPnetlib/lp_stocfor3/lp_stocfor3.mtx,dasp_half,main_reduced_precision,half,ok,6,,,,0.8010,0.0041,0.0041,,37.2675,,,,,,,1.586
LPnetlib/lp_stocfor3/lp_stocfor3.mtx,packsell_pack16,structural_related,half,ok,6,16675,23541,72721,,0.004269,0.004269,,34.0731,,,,,,0.000796016,2.032
LPnetlib/lp_stocfor3/lp_stocfor3.mtx,packsell_pack32,structural_related,float,ok,6,16675,23541,72721,,0.004333,0.004333,,33.5687,,,,,,2.28718e-07,2.352
LPnetlib/lp_stocfor3/lp_stocfor3.mtx,spaden_bitmap_float,structural_related,float,ok,6,16675,23541,76473,,0.0083,0.0083,,18.3594,87.10,83.3,,,,5.211268e-09,1.705
LPnetlib/lp_wood1p/lp_wood1p.mtx,cusparse_double,main,double,ok,1,244,2595,70216,0.1516,0.0141,0.0141,0.0102,,,,,,,,0.431
LPnetlib/lp_wood1p/lp_wood1p.mtx,cusparse_float,main_float,float,ok,7,244,2595,70216,0.1353,0.0081,0.0081,0.0061,,,,,,,,1.516
LPnetlib/lp_wood1p/lp_wood1p.mtx,dasp_double,main,double,ok,7,,,,0.5030,0.0061,0.0061,,22.8382,,,,,,,1.313
LPnetlib/lp_wood1p/lp_wood1p.mtx,dasp_half,main_reduced_precision,half,ok,7,,,,0.3260,0.0041,0.0041,,34.2100,,,,,,,1.493
LPnetlib/lp_wood1p/lp_wood1p.mtx,packsell_pack16,structural_related,half,ok,7,244,2595,70216,,0.143519,0.143519,,0.978493,,,,,,0.000573991,2.831
LPnetlib/lp_wood1p/lp_wood1p.mtx,packsell_pack32,structural_related,float,ok,7,244,2595,70216,,0.278687,0.278687,,0.503906,,,,,,6.61389e-07,2.521
LPnetlib/lp_wood1p/lp_wood1p.mtx,spaden_bitmap_float,structural_related,float,ok,7,244,2595,70216,,0.2154,0.2154,,0.6518,83.60,76.4,,,,6.126724e-08,2.000
LPnetlib/lp_woodw/lp_woodw.mtx,cusparse_double,main,double,ok,5,1098,8418,37487,0.1368,0.0135,0.0135,0.0102,,,,,,,,1.457
LPnetlib/lp_woodw/lp_woodw.mtx,cusparse_float,main_float,float,ok,4,1098,8418,37487,0.1341,0.0093,0.0093,0.0078,,,,,,,,1.510
LPnetlib/lp_woodw/lp_woodw.mtx,dasp_double,main,double,ok,4,,,,0.4190,0.0184,0.0184,,4.0636,,,,,,,1.624
LPnetlib/lp_woodw/lp_woodw.mtx,dasp_half,main_reduced_precision,half,ok,4,,,,0.2670,0.0106,0.0106,,7.0790,,,,,,,1.248
LPnetlib/lp_woodw/lp_woodw.mtx,packsell_pack16,structural_related,half,ok,4,1098,8418,37487,,0.098609,0.098609,,0.760316,,,,,,0.000802616,3.612
LPnetlib/lp_woodw/lp_woodw.mtx,packsell_pack32,structural_related,float,ok,4,1098,8418,37487,,0.193434,0.193434,,0.387595,,,,,,2.58422e-07,4.396
LPnetlib/lp_woodw/lp_woodw.mtx,spaden_bitmap_float,structural_related,float,ok,4,1098,8418,37487,,0.2117,0.2117,,0.3541,14.14,81.4,,,,8.624957e-09,1.576
LPnetlib/lpi_bgetam/lpi_bgetam.mtx,cusparse_double,main,double,ok,5,400,816,2537,0.1539,0.0144,0.0144,0.0102,,,,,,,,0.938
LPnetlib/lpi_bgetam/lpi_bgetam.mtx,cusparse_float,main_float,float,ok,4,400,816,2537,0.1942,0.0081,0.0081,0.0061,,,,,,,,1.868
LPnetlib/lpi_bgetam/lpi_bgetam.mtx,dasp_double,main,double,ok,4,,,,0.0440,0.0041,0.0041,,1.2364,,,,,,,1.328
LPnetlib/lpi_bgetam/lpi_bgetam.mtx,dasp_half,main_reduced_precision,half,ok,4,,,,0.0570,0.0041,0.0041,,1.2373,,,,,,,1.514
LPnetlib/lpi_bgetam/lpi_bgetam.mtx,packsell_pack16,structural_related,half,ok,4,400,816,2537,,0.004358,0.004358,,1.16421,,,,,,0.000413493,2.834
LPnetlib/lpi_bgetam/lpi_bgetam.mtx,packsell_pack32,structural_related,float,ok,4,400,816,2537,,0.006333,0.006333,,0.801179,,,,,,1.22913e-07,2.392
LPnetlib/lpi_bgetam/lpi_bgetam.mtx,spaden_bitmap_float,structural_related,float,ok,4,400,816,2537,,0.0133,0.0133,,0.3804,21.60,69.4,,,,6.061804e-08,1.861
LPnetlib/lpi_bgprtr/lpi_bgprtr.mtx,cusparse_double,main,double,ok,4,20,40,70,0.1392,0.0122,0.0122,0.0082,,,,,,,,1.930
LPnetlib/lpi_bgprtr/lpi_bgprtr.mtx,cusparse_float,main_float,float,ok,2,20,40,70,0.1807,0.0076,0.0076,0.0068,,,,,,,,1.650
LPnetlib/lpi_bgprtr/lpi_bgprtr.mtx,dasp_double,main,double,ok,2,,,,0.0100,0.0049,0.0049,,0.0287,,,,,,,1.272
LPnetlib/lpi_bgprtr/lpi_bgprtr.mtx,dasp_half,main_reduced_precision,half,ok,2,,,,0.0070,0.0041,0.0041,,0.0341,,,,,,,1.650
LPnetlib/lpi_bgprtr/lpi_bgprtr.mtx,packsell_pack16,structural_related,half,ok,2,20,40,70,,0.004086,0.004086,,0.0342614,,,,,,0.000209131,1.685
LPnetlib/lpi_bgprtr/lpi_bgprtr.mtx,packsell_pack32,structural_related,float,ok,2,20,40,70,,0.003902,0.003902,,0.0358747,,,,,,8.6113e-08,2.727
LPnetlib/lpi_bgprtr/lpi_bgprtr.mtx,spaden_bitmap_float,structural_related,float,ok,2,20,40,70,,0.0050,0.0050,,0.0283,35.49,76.4,,,,0.000000e+00,2.185
LPnetlib/lpi_ceria3d/lpi_ceria3d.mtx,cusparse_double,main,double,ok,2,3576,4400,21178,0.1308,0.0150,0.0150,0.0123,,,,,,,,1.280
LPnetlib/lpi_ceria3d/lpi_ceria3d.mtx,cusparse_float,main_float,float,ok,4,3576,4400,21178,0.1360,0.0096,0.0096,0.0073,,,,,,,,1.776
LPnetlib/lpi_ceria3d/lpi_ceria3d.mtx,dasp_double,main,double,ok,4,,,,0.2260,0.0178,0.0178,,2.3845,,,,,,,2.013
LPnetlib/lpi_ceria3d/lpi_ceria3d.mtx,dasp_half,main_reduced_precision,half,ok,4,,,,0.1390,0.0082,0.0082,,5.1635,,,,,,,1.805
LPnetlib/lpi_ceria3d/lpi_ceria3d.mtx,packsell_pack16,structural_related,half,ok,4,3576,4400,21178,,0.012614,0.012614,,3.35798,,,,,,0.000988966,2.764
LPnetlib/lpi_ceria3d/lpi_ceria3d.mtx,packsell_pack32,structural_related,float,ok,4,3576,4400,21178,,0.322354,0.322354,,0.131396,,,,,,2.98081e-07,3.377
LPnetlib/lpi_ceria3d/lpi_ceria3d.mtx,spaden_bitmap_float,structural_related,float,ok,4,3576,4400,21178,,0.3217,0.3217,,0.1317,13.98,77.9,,,,0.000000e+00,1.405
LPnetlib/lpi_cplex2/lpi_cplex2.mtx,cusparse_double,main,double,ok,4,224,378,1215,0.1292,0.0119,0.0119,0.0101,,,,,,,,1.206
LPnetlib/lpi_cplex2/lpi_cplex2.mtx,cusparse_float,main_float,float,ok,6,224,378,1215,0.1387,0.0078,0.0078,0.0063,,,,,,,,1.451
LPnetlib/lpi_cplex2/lpi_cplex2.mtx,dasp_double,main,double,ok,6,,,,0.0240,0.0184,0.0184,,0.1318,,,,,,,1.557
LPnetlib/lpi_cplex2/lpi_cplex2.mtx,dasp_half,main_reduced_precision,half,ok,6,,,,0.0190,0.0082,0.0082,,0.2966,,,,,,,1.608
LPnetlib/lpi_cplex2/lpi_cplex2.mtx,packsell_pack16,structural_related,half,ok,6,224,378,1215,,0.008458,0.008458,,0.287318,,,,,,0.000523578,3.674
LPnetlib/lpi_cplex2/lpi_cplex2.mtx,packsell_pack32,structural_related,float,ok,6,224,378,1215,,0.109528,0.109528,,0.0221862,,,,,,1.31286e-07,5.384
LPnetlib/lpi_cplex2/lpi_cplex2.mtx,spaden_bitmap_float,structural_related,float,ok,6,224,378,1215,,0.0111,0.0111,,0.2190,25.39,80.8,,,,3.354795e-09,1.457
LPnetlib/lpi_galenet/lpi_galenet.mtx,cusparse_double,main,double,ok,4,8,14,22,0.1482,0.0152,0.0152,0.0102,,,,,,,,1.444
LPnetlib/lpi_galenet/lpi_galenet.mtx,cusparse_float,main_float,float,ok,2,8,14,22,0.1495,0.0071,0.0071,0.0060,,,,,,,,1.716
LPnetlib/lpi_galenet/lpi_galenet.mtx,dasp_double,main,double,ok,2,,,,0.0070,0.0041,0.0041,,0.0107,,,,,,,1.545
LPnetlib/lpi_galenet/lpi_galenet.mtx,dasp_half,main_reduced_precision,half,ok,2,,,,0.0200,0.0041,0.0041,,0.0107,,,,,,,1.515
LPnetlib/lpi_galenet/lpi_galenet.mtx,packsell_pack16,structural_related,half,ok,2,8,14,22,,0.003291,0.003291,,0.013371,,,,,,0.000602364,3.653
LPnetlib/lpi_galenet/lpi_galenet.mtx,packsell_pack32,structural_related,float,ok,2,8,14,22,,0.002544,0.002544,,0.0172963,,,,,,1.46818e-07,2.381
LPnetlib/lpi_galenet/lpi_galenet.mtx,spaden_bitmap_float,structural_related,float,ok,2,8,14,22,,0.0042,0.0042,,0.0106,94.85,62.3,,,,0.000000e+00,2.071
LPnetlib/lpi_greenbea/lpi_greenbea.mtx,cusparse_double,main,double,ok,7,2393,5596,31074,0.1353,0.0137,0.0137,0.0102,,,,,,,,0.817
LPnetlib/lpi_greenbea/lpi_greenbea.mtx,cusparse_float,main_float,float,ok,6,2393,5596,31074,0.1341,0.0088,0.0088,0.0069,,,,,,,,1.721
LPnetlib/lpi_greenbea/lpi_greenbea.mtx,dasp_double,main,double,ok,6,,,,0.3480,0.0103,0.0103,,6.0620,,,,,,,1.679
LPnetlib/lpi_greenbea/lpi_greenbea.mtx,dasp_half,main_reduced_precision,half,ok,6,,,,0.3930,0.0082,0.0082,,7.5836,,,,,,,1.527
LPnetlib/lpi_greenbea/lpi_greenbea.mtx,packsell_pack16,structural_related,half,ok,6,2393,5596,31074,,0.018736,0.018736,,3.31705,,,,,,0.000383423,2.207
LPnetlib/lpi_greenbea/lpi_greenbea.mtx,packsell_pack32,structural_related,float,ok,6,2393,5596,31074,,0.035051,0.035051,,1.77309,,,,,,1.23466e-07,3.618
LPnetlib/lpi_greenbea/lpi_greenbea.mtx,spaden_bitmap_float,structural_related,float,ok,6,2393,5596,31074,,0.4170,0.4170,,0.1490,37.58,82.5,,,,6.595081e-08,1.448
LPnetlib/lpi_itest2/lpi_itest2.mtx,cusparse_double,main,double,ok,3,9,13,26,0.1368,0.0115,0.0115,0.0082,,,,,,,,1.303
LPnetlib/lpi_itest2/lpi_itest2.mtx,cusparse_float,main_float,float,ok,7,9,13,26,0.1257,0.0074,0.0074,0.0064,,,,,,,,1.661
LPnetlib/lpi_itest2/lpi_itest2.mtx,dasp_double,main,double,ok,7,,,,0.0070,0.0041,0.0041,,0.0127,,,,,,,0.946
LPnetlib/lpi_itest2/lpi_itest2.mtx,dasp_half,main_reduced_precision,half,ok,7,,,,0.0110,0.0041,0.0041,,0.0127,,,,,,,1.679
LPnetlib/lpi_itest2/lpi_itest2.mtx,packsell_pack16,structural_related,half,ok,7,9,13,26,,0.002721,0.002721,,0.0191104,,,,,,0.000306297,2.675
LPnetlib/lpi_itest2/lpi_itest2.mtx,packsell_pack32,structural_related,float,ok,7,9,13,26,,0.002770,0.002770,,0.0187708,,,,,,1.29816e-07,2.617
LPnetlib/lpi_itest2/lpi_itest2.mtx,spaden_bitmap_float,structural_related,float,ok,7,9,13,26,,0.0050,0.0050,,0.0105,76.79,67.7,,,,0.000000e+00,1.682
LPnetlib/lpi_itest6/lpi_itest6.mtx,cusparse_double,main,double,ok,5,11,17,29,0.1510,0.0136,0.0136,0.0102,,,,,,,,0.929
LPnetlib/lpi_itest6/lpi_itest6.mtx,cusparse_float,main_float,float,ok,3,11,17,29,0.1370,0.0077,0.0077,0.0061,,,,,,,,1.743
LPnetlib/lpi_itest6/lpi_itest6.mtx,dasp_double,main,double,ok,3,,,,0.0070,0.0041,0.0041,,0.0141,,,,,,,1.493
LPnetlib/lpi_itest6/lpi_itest6.mtx,dasp_half,main_reduced_precision,half,ok,3,,,,0.0080,0.0041,0.0041,,0.0141,,,,,,,2.404
LPnetlib/lpi_itest6/lpi_itest6.mtx,packsell_pack16,structural_related,half,ok,3,11,17,29,,0.003284,0.003284,,0.0176592,,,,,,0.000320547,4.310
LPnetlib/lpi_itest6/lpi_itest6.mtx,packsell_pack32,structural_related,float,ok,3,11,17,29,,0.004191,0.004191,,0.0138403,,,,,,1.09819e-07,4.010
LPnetlib/lpi_itest6/lpi_itest6.mtx,spaden_bitmap_float,structural_related,float,ok,3,11,17,29,,0.0050,0.0050,,0.0116,14.31,70.0,,,,0.000000e+00,1.823
LPnetlib/lpi_klein1/lpi_klein1.mtx,cusparse_double,main,double,ok,3,54,108,750,0.1316,0.0110,0.0110,0.0082,,,,,,,,1.280
LPnetlib/lpi_klein1/lpi_klein1.mtx,cusparse_float,main_float,float,ok,7,54,108,750,0.1356,0.0077,0.0077,0.0064,,,,,,,,1.536
LPnetlib/lpi_klein1/lpi_klein1.mtx,dasp_double,main,double,ok,7,,,,0.0290,0.0052,0.0052,,0.2878,,,,,,,1.883
LPnetlib/lpi_klein1/lpi_klein1.mtx,dasp_half,main_reduced_precision,half,ok,7,,,,0.0150,0.0041,0.0041,,0.3657,,,,,,,1.539
LPnetlib/lpi_klein1/lpi_klein1.mtx,packsell_pack16,structural_related,half,ok,7,54,108,750,,0.007848,0.007848,,0.19114,,,,,,0.000262864,3.408
LPnetlib/lpi_klein1/lpi_klein1.mtx,packsell_pack32,structural_related,float,ok,7,54,108,750,,0.006362,0.006362,,0.235774,,,,,,7.1599e-08,4.552
LPnetlib/lpi_klein1/lpi_klein1.mtx,spaden_bitmap_float,structural_related,float,ok,7,54,108,750,,0.0071,0.0071,,0.2125,9.66,62.7,,,,0.000000e+00,1.629
LPnetlib/lpi_pang/lpi_pang.mtx,cusparse_double,main,double,ok,3,361,741,2933,0.1549,0.0132,0.0132,0.0102,,,,,,,,1.528
LPnetlib/lpi_pang/lpi_pang.mtx,cusparse_float,main_float,float,ok,5,361,741,2933,0.1846,0.0083,0.0083,0.0066,,,,,,,,1.781
LPnetlib/lpi_pang/lpi_pang.mtx,dasp_double,main,double,ok,5,,,,0.0540,0.0062,0.0062,,0.9534,,,,,,,1.647
LPnetlib/lpi_pang/lpi_pang.mtx,dasp_half,main_reduced_precision,half,ok,5,,,,0.0410,0.0041,0.0041,,1.4293,,,,,,,1.384
LPnetlib/lpi_pang/lpi_pang.mtx,packsell_pack16,structural_related,half,ok,5,361,741,2933,,0.004363,0.004363,,1.34448,,,,,,0.000291067,2.316
LPnetlib/lpi_pang/lpi_pang.mtx,packsell_pack32,structural_related,float,ok,5,361,741,2933,,0.006370,0.006370,,0.920874,,,,,,9.95059e-08,3.510
LPnetlib/lpi_pang/lpi_pang.mtx,spaden_bitmap_float,structural_related,float,ok,5,361,741,2933,,0.0112,0.0112,,0.5243,47.87,81.4,,,,2.436314e-09,1.278
LPnetlib/lpi_qual/lpi_qual.mtx,cusparse_double,main,double,ok,6,323,464,1646,0.1429,0.0123,0.0123,0.0102,,,,,,,,1.272
LPnetlib/lpi_qual/lpi_qual.mtx,cusparse_float,main_float,float,ok,3,323,464,1646,0.1331,0.0073,0.0073,0.0059,,,,,,,,1.701
LPnetlib/lpi_qual/lpi_qual.mtx,dasp_double,main,double,ok,3,,,,0.0340,0.0041,0.0041,,0.8025,,,,,,,1.721
LPnetlib/lpi_qual/lpi_qual.mtx,dasp_half,main_reduced_precision,half,ok,3,,,,0.0330,0.0041,0.0041,,0.8023,,,,,,,1.718
LPnetlib/lpi_qual/lpi_qual.mtx,packsell_pack16,structural_related,half,ok,3,323,464,1646,,0.004151,0.004151,,0.792973,,,,,,0.000376053,2.247
LPnetlib/lpi_qual/lpi_qual.mtx,packsell_pack32,structural_related,float,ok,3,323,464,1646,,0.004250,0.004250,,0.774527,,,,,,1.15975e-07,2.844
LPnetlib/lpi_qual/lpi_qual.mtx,spaden_bitmap_float,structural_related,float,ok,3,323,464,1646,,0.0091,0.0091,,0.3636,40.47,92.9,,,,3.256147e-08,1.497
LPnetlib/lpi_refinery/lpi_refinery.mtx,cusparse_double,main,double,ok,7,323,464,1626,0.1285,0.0122,0.0122,0.0102,,,,,,,,0.401
LPnetlib/lpi_refinery/lpi_refinery.mtx,cusparse_float,main_float,float,ok,3,323,464,1626,0.1345,0.0075,0.0075,0.0060,,,,,,,,1.651
LPnetlib/lpi_refinery/lpi_refinery.mtx,dasp_double,main,double,ok,3,,,,0.0310,0.0041,0.0041,,0.7928,,,,,,,1.475
LPnetlib/lpi_refinery/lpi_refinery.mtx,dasp_half,main_reduced_precision,half,ok,3,,,,0.0350,0.0041,0.0041,,0.7932,,,,,,,1.801
LPnetlib/lpi_refinery/lpi_refinery.mtx,packsell_pack16,structural_related,half,ok,3,323,464,1626,,0.003554,0.003554,,0.914914,,,,,,0.000393592,2.922
LPnetlib/lpi_refinery/lpi_refinery.mtx,packsell_pack32,structural_related,float,ok,3,323,464,1626,,0.004295,0.004295,,0.757112,,,,,,1.07199e-07,2.352
LPnetlib/lpi_refinery/lpi_refinery.mtx,spaden_bitmap_float,structural_related,float,ok,3,323,464,1626,,0.0092,0.0092,,0.3527,16.46,92.9,,,,8.550651e-08,1.675
LPnetlib/lpi_vol1/lpi_vol1.mtx,cusparse_double,main,double,ok,5,323,464,1646,0.1270,0.0120,0.0120,0.0102,,,,,,,,0.835
LPnetlib/lpi_vol1/lpi_vol1.mtx,cusparse_float,main_float,float,ok,4,323,464,1646,0.1377,0.0080,0.0080,0.0064,,,,,,,,1.644
LPnetlib/lpi_vol1/lpi_vol1.mtx,dasp_double,main,double,ok,4,,,,0.0360,0.0041,0.0041,,0.8021,,,,,,,1.787
LPnetlib/lpi_vol1/lpi_vol1.mtx,dasp_half,main_reduced_precision,half,ok,4,,,,0.0300,0.0041,0.0041,,0.8027,,,,,,,1.072
LPnetlib/lpi_vol1/lpi_vol1.mtx,packsell_pack16,structural_related,half,ok,4,323,464,1646,,0.003800,0.003800,,0.866263,,,,,,0.000376053,3.310
LPnetlib/lpi_vol1/lpi_vol1.mtx,packsell_pack32,structural_related,float,ok,4,323,464,1646,,0.004179,0.004179,,0.787673,,,,,,1.15975e-07,3.100
LPnetlib/lpi_vol1/lpi_vol1.mtx,spaden_bitmap_float,structural_related,float,ok,4,323,464,1646,,0.0097,0.0097,,0.3389,12.98,92.9,,,,3.256147e-08,1.604
Langemyr/comsol/comsol.mtx,cusparse_double,main,double,ok,2,1500,1500,97645,0.1384,0.0153,0.0153,0.0102,,,,,,,,1.281
Langemyr/comsol/comsol.mtx,cusparse_float,main_float,float,ok,3,1500,1500,97645,0.1174,0.0090,0.0090,0.0082,,,,,,,,1.455
Langemyr/comsol/comsol.mtx,dasp_double,main,double,ok,3,,,,0.8300,0.0190,0.0190,,10.2806,,,,,,,0.950
Langemyr/comsol/comsol.mtx,dasp_half,main_reduced_precision,half,ok,3,,,,0.5960,0.0102,0.0102,,19.0806,,,,,,,1.354
Langemyr/comsol/comsol.mtx,packsell_pack16,structural_related,half,ok,3,1500,1500,97645,,0.012724,0.012724,,15.3485,,,,,,0.000615119,2.171
Langemyr/comsol/comsol.mtx,packsell_pack32,structural_related,float,ok,3,1500,1500,97645,,0.022689,0.022689,,8.60731,,,,,,3.46475e-07,2.509
Langemyr/comsol/comsol.mtx,spaden_bitmap_float,structural_related,float,ok,3,1500,1500,97645,,0.0726,0.0726,,2.6915,169.92,104.8,,,,9.217711e-07,2.191
LeGresley/LeGresley_2508/LeGresley_2508.mtx,cusparse_double,main,double,ok,5,2508,2508,16727,0.1363,0.0141,0.0141,0.0123,,,,,,,,1.772
LeGresley/LeGresley_2508/LeGresley_2508.mtx,cusparse_float,main_float,float,ok,2,2508,2508,16727,0.1341,0.0095,0.0095,0.0080,,,,,,,,1.694
LeGresley/LeGresley_2508/LeGresley_2508.mtx,dasp_double,main,double,ok,2,,,,0.2570,0.0155,0.0155,,2.1550,,,,,,,1.615
LeGresley/LeGresley_2508/LeGresley_2508.mtx,dasp_half,main_reduced_precision,half,ok,2,,,,0.2170,0.0041,0.0041,,8.1535,,,,,,,1.659
LeGresley/LeGresley_2508/LeGresley_2508.mtx,packsell_pack16,structural_related,half,ok,2,2508,2508,16727,,0.004410,0.004410,,7.58583,,,,,,0.000718906,3.670
LeGresley/LeGresley_2508/LeGresley_2508.mtx,packsell_pack32,structural_related,float,ok,2,2508,2508,16727,,0.006279,0.006279,,5.3282,,,,,,2.90081e-07,2.203
LeGresley/LeGresley_2508/LeGresley_2508.mtx,spaden_bitmap_float,structural_related,float,ok,2,2508,2508,16727,,0.0110,0.0110,,3.0506,97.32,92.2,,,,5.954115e-05,1.395
LeGresley/LeGresley_4908/LeGresley_4908.mtx,cusparse_double,main,double,ok,6,4908,4908,30482,0.1293,0.0146,0.0146,0.0123,,,,,,,,0.936
LeGresley/LeGresley_4908/LeGresley_4908.mtx,cusparse_float,main_float,float,ok,5,4908,4908,30482,0.1426,0.0099,0.0099,0.0061,,,,,,,,1.681
LeGresley/LeGresley_4908/LeGresley_4908.mtx,dasp_double,main,double,ok,5,,,,0.4290,0.0062,0.0062,,9.9064,,,,,,,1.660
LeGresley/LeGresley_4908/LeGresley_4908.mtx,dasp_half,main_reduced_precision,half,ok,5,,,,0.3660,0.0041,0.0041,,14.8548,,,,,,,1.671
LeGresley/LeGresley_4908/LeGresley_4908.mtx,packsell_pack16,structural_related,half,ok,5,4908,4908,30482,,0.006316,0.006316,,9.6516,,,,,,0.000806377,1.930
LeGresley/LeGresley_4908/LeGresley_4908.mtx,packsell_pack32,structural_related,float,ok,5,4908,4908,30482,,0.008341,0.008341,,7.30896,,,,,,2.86954e-07,2.052
LeGresley/LeGresley_4908/LeGresley_4908.mtx,spaden_bitmap_float,structural_related,float,ok,5,4908,4908,30482,,0.0196,0.0196,,3.1148,134.23,127.7,,,,8.246332e-05,1.780
Luong/photogrammetry/photogrammetry.mtx,cusparse_double,main,double,ok,2,1388,390,11816,0.1772,0.0141,0.0141,0.0123,,,,,,,,1.392
Luong/photogrammetry/photogrammetry.mtx,cusparse_float,main_float,float,ok,5,1388,390,11816,0.4113,0.0089,0.0089,0.0075,,,,,,,,1.545
Luong/photogrammetry/photogrammetry.mtx,dasp_double,main,double,ok,5,,,,0.1390,0.0041,0.0041,,5.7625,,,,,,,1.214
Luong/photogrammetry/photogrammetry.mtx,dasp_half,main_reduced_precision,half,ok,5,,,,0.1330,0.0041,0.0041,,5.7639,,,,,,,1.813
Luong/photogrammetry/photogrammetry.mtx,packsell_pack16,structural_related,half,ok,5,1388,390,11816,,0.004130,0.004130,,5.72148,,,,,,0.00397023,2.768
Luong/photogrammetry/photogrammetry.mtx,packsell_pack32,structural_related,float,ok,5,1388,390,11816,,0.004306,0.004306,,5.4879,,,,,,2.47697e-07,3.677
Luong/photogrammetry/photogrammetry.mtx,spaden_bitmap_float,structural_related,float,ok,5,1388,390,11816,,0.0068,0.0068,,3.4677,12.94,61.8,,,,6.872379e-08,1.742
Luong/photogrammetry2/photogrammetry2.mtx,cusparse_double,main,double,ok,3,4472,936,37056,0.1453,0.0143,0.0143,0.0123,,,,,,,,0.798
Luong/photogrammetry2/photogrammetry2.mtx,cusparse_float,main_float,float,ok,5,4472,936,37056,0.1323,0.0086,0.0086,0.0078,,,,,,,,1.865
Luong/photogrammetry2/photogrammetry2.mtx,dasp_double,main,double,ok,5,,,,0.3770,0.0041,0.0041,,18.0673,,,,,,,1.308
Luong/photogrammetry2/photogrammetry2.mtx,dasp_half,main_reduced_precision,half,ok,5,,,,0.4220,0.0041,0.0041,,18.0673,,,,,,,1.792
Luong/photogrammetry2/photogrammetry2.mtx,packsell_pack16,structural_related,half,ok,5,4472,936,37056,,0.004231,0.004231,,17.5159,,,,,,0.00363367,2.463
Luong/photogrammetry2/photogrammetry2.mtx,packsell_pack32,structural_related,float,ok,5,4472,936,37056,,0.004156,0.004156,,17.8325,,,,,,3.29867e-07,2.550
Luong/photogrammetry2/photogrammetry2.mtx,spaden_bitmap_float,structural_related,float,ok,5,4472,936,37056,,0.0069,0.0069,,10.7888,100.20,62.0,,,,8.045480e-08,1.193
ML_Graph/Fashion_MNIST_norm_10NN/Fashion_MNIST_norm_10NN.mtx,cusparse_double,main,double,ok,2,10000,10000,158304,0.1384,0.0159,0.0159,0.0143,,,,,,,,1.436
ML_Graph/Fashion_MNIST_norm_10NN/Fashion_MNIST_norm_10NN.mtx,cusparse_float,main_float,float,ok,5,10000,10000,158304,0.1408,0.0115,0.0115,0.0097,,,,,,,,1.634
ML_Graph/Fashion_MNIST_norm_10NN/Fashion_MNIST_norm_10NN.mtx,dasp_double,main,double,ok,5,,,,1.7820,0.0144,0.0144,,22.0571,,,,,,,0.643
ML_Graph/Fashion_MNIST_norm_10NN/Fashion_MNIST_norm_10NN.mtx,dasp_half,main_reduced_precision,half,ok,5,,,,1.5730,0.0082,0.0082,,38.6296,,,,,,,1.379
ML_Graph/Fashion_MNIST_norm_10NN/Fashion_MNIST_norm_10NN.mtx,packsell_pack16,structural_related,half,ok,5,10000,10000,158304,,0.010463,0.010463,,30.2598,,,,,,0.000397546,2.783
ML_Graph/Fashion_MNIST_norm_10NN/Fashion_MNIST_norm_10NN.mtx,packsell_pack32,structural_related,float,ok,5,10000,10000,158304,,0.016709,0.016709,,18.9489,,,,,,1.41916e-07,2.910
ML_Graph/Fashion_MNIST_norm_10NN/Fashion_MNIST_norm_10NN.mtx,spaden_bitmap_float,structural_related,float,ok,5,10000,10000,158304,,0.1088,0.1088,,2.9088,28.72,232.8,,,,5.496081e-08,1.779
ML_Graph/dataset18mfeatmorphological_10NN/dataset18mfeatmorphological_10NN.mtx,cusparse_double,main,double,ok,6,2000,2000,22832,0.1299,0.0139,0.0139,0.0102,,,,,,,,1.364
ML_Graph/dataset18mfeatmorphological_10NN/dataset18mfeatmorphological_10NN.mtx,cusparse_float,main_float,float,ok,4,2000,2000,22832,0.1320,0.0093,0.0093,0.0076,,,,,,,,1.537
ML_Graph/dataset18mfeatmorphological_10NN/dataset18mfeatmorphological_10NN.mtx,dasp_double,main,double,ok,4,,,,0.3860,0.0041,0.0041,,11.1240,,,,,,,2.520
ML_Graph/dataset18mfeatmorphological_10NN/dataset18mfeatmorphological_10NN.mtx,dasp_half,main_reduced_precision,half,ok,4,,,,0.2790,0.0041,0.0041,,11.1294,,,,,,,1.820
ML_Graph/dataset18mfeatmorphological_10NN/dataset18mfeatmorphological_10NN.mtx,packsell_pack16,structural_related,half,ok,4,2000,2000,22832,,0.004327,0.004327,,10.5534,,,,,,0.000697739,2.372
ML_Graph/dataset18mfeatmorphological_10NN/dataset18mfeatmorphological_10NN.mtx,packsell_pack32,structural_related,float,ok,4,2000,2000,22832,,0.006112,0.006112,,7.47161,,,,,,2.19552e-07,2.286
ML_Graph/dataset18mfeatmorphological_10NN/dataset18mfeatmorphological_10NN.mtx,spaden_bitmap_float,structural_related,float,ok,4,2000,2000,22832,,0.0274,0.0274,,1.6668,72.41,166.1,,,,5.382427e-08,1.644
ML_Graph/kmnist_norm_10NN/kmnist_norm_10NN.mtx,cusparse_double,main,double,ok,6,10000,10000,156932,0.1475,0.0159,0.0159,0.0143,,,,,,,,0.953
ML_Graph/kmnist_norm_10NN/kmnist_norm_10NN.mtx,cusparse_float,main_float,float,ok,4,10000,10000,156932,0.1256,0.0109,0.0109,0.0082,,,,,,,,1.801
ML_Graph/kmnist_norm_10NN/kmnist_norm_10NN.mtx,dasp_double,main,double,ok,4,,,,2.5870,0.0144,0.0144,,21.8705,,,,,,,0.999
ML_Graph/kmnist_norm_10NN/kmnist_norm_10NN.mtx,dasp_half,main_reduced_precision,half,ok,4,,,,1.9770,0.0082,0.0082,,38.2621,,,,,,,1.136
ML_Graph/kmnist_norm_10NN/kmnist_norm_10NN.mtx,packsell_pack16,structural_related,half,ok,4,10000,10000,156932,,0.010466,0.010466,,29.9885,,,,,,0.000490001,2.957
ML_Graph/kmnist_norm_10NN/kmnist_norm_10NN.mtx,packsell_pack32,structural_related,float,ok,4,10000,10000,156932,,0.020757,0.020757,,15.121,,,,,,2.2634e-07,3.598
ML_Graph/kmnist_norm_10NN/kmnist_norm_10NN.mtx,spaden_bitmap_float,structural_related,float,ok,4,10000,10000,156932,,0.0650,0.0650,,4.8292,127.84,232.9,,,,5.525063e-08,2.597
ML_Graph/mnist_test_norm_10NN/mnist_test_norm_10NN.mtx,cusparse_double,main,double,ok,4,10000,10000,145600,0.1184,0.0166,0.0166,0.0143,,,,,,,,0.774
ML_Graph/mnist_test_norm_10NN/mnist_test_norm_10NN.mtx,cusparse_float,main_float,float,ok,7,10000,10000,145600,0.1344,0.0094,0.0094,0.0084,,,,,,,,1.888
ML_Graph/mnist_test_norm_10NN/mnist_test_norm_10NN.mtx,dasp_double,main,double,ok,7,,,,1.6420,0.0110,0.0110,,26.4799,,,,,,,1.523
ML_Graph/mnist_test_norm_10NN/mnist_test_norm_10NN.mtx,dasp_half,main_reduced_precision,half,ok,7,,,,4.8100,0.0099,0.0099,,29.2810,,,,,,,1.289
ML_Graph/mnist_test_norm_10NN/mnist_test_norm_10NN.mtx,packsell_pack16,structural_related,half,ok,7,10000,10000,145600,,0.006287,0.006287,,46.32,,,,,,0.00052035,3.301
ML_Graph/mnist_test_norm_10NN/mnist_test_norm_10NN.mtx,packsell_pack32,structural_related,float,ok,7,10000,10000,145600,,0.008483,0.008483,,34.3264,,,,,,1.97553e-07,2.414
ML_Graph/mnist_test_norm_10NN/mnist_test_norm_10NN.mtx,spaden_bitmap_float,structural_related,float,ok,7,10000,10000,145600,,0.0488,0.0488,,5.9728,86.69,223.4,,,,5.391103e-08,1.756
ML_Graph/optdigits_10NN/optdigits_10NN.mtx,cusparse_double,main,double,ok,3,5620,5620,79650,0.1250,0.0156,0.0156,0.0123,,,,,,,,1.084
ML_Graph/optdigits_10NN/optdigits_10NN.mtx,cusparse_float,main_float,float,ok,7,5620,5620,79650,0.1282,0.0095,0.0095,0.0072,,,,,,,,1.620
ML_Graph/optdigits_10NN/optdigits_10NN.mtx,dasp_double,main,double,ok,7,,,,1.0020,0.0082,0.0082,,19.4197,,,,,,,1.837
ML_Graph/optdigits_10NN/optdigits_10NN.mtx,dasp_half,main_reduced_precision,half,ok,7,,,,0.9120,0.0062,0.0062,,25.8352,,,,,,,1.273
ML_Graph/optdigits_10NN/optdigits_10NN.mtx,packsell_pack16,structural_related,half,ok,7,5620,5620,79650,,0.006374,0.006374,,24.9924,,,,,,0.000519641,3.464
ML_Graph/optdigits_10NN/optdigits_10NN.mtx,packsell_pack32,structural_related,float,ok,7,5620,5620,79650,,0.010437,0.010437,,15.2636,,,,,,1.75094e-07,2.222
ML_Graph/optdigits_10NN/optdigits_10NN.mtx,spaden_bitmap_float,structural_related,float,ok,7,5620,5620,79650,,0.0440,0.0440,,3.6194,23.76,209.8,,,,5.364686e-08,1.720
ML_Graph/usps_norm_5NN/usps_norm_5NN.mtx,cusparse_double,main,double,ok,7,11000,11000,81112,0.1590,0.0185,0.0185,0.0123,,,,,,,,0.839
ML_Graph/usps_norm_5NN/usps_norm_5NN.mtx,cusparse_float,main_float,float,ok,3,11000,11000,81112,0.1390,0.0102,0.0102,0.0084,,,,,,,,1.960
ML_Graph/usps_norm_5NN/usps_norm_5NN.mtx,dasp_double,main,double,ok,3,,,,0.9440,0.0082,0.0082,,19.7955,,,,,,,1.499
ML_Graph/usps_norm_5NN/usps_norm_5NN.mtx,dasp_half,main_reduced_precision,half,ok,3,,,,1.3510,0.0060,0.0060,,26.9430,,,,,,,1.334
ML_Graph/usps_norm_5NN/usps_norm_5NN.mtx,packsell_pack16,structural_related,half,ok,3,11000,11000,81112,,0.006317,0.006317,,25.6807,,,,,,0.000444161,2.383
ML_Graph/usps_norm_5NN/usps_norm_5NN.mtx,packsell_pack32,structural_related,float,ok,3,11000,11000,81112,,0.008465,0.008465,,19.165,,,,,,1.40544e-07,3.906
ML_Graph/usps_norm_5NN/usps_norm_5NN.mtx,spaden_bitmap_float,structural_related,float,ok,3,11000,11000,81112,,0.0274,0.0274,,5.9149,191.59,201.0,,,,5.195018e-08,1.613
ML_Graph/yeast_30NN/yeast_30NN.mtx,cusparse_double,main,double,ok,4,1484,1484,62350,0.1429,0.0140,0.0140,0.0102,,,,,,,,1.140
ML_Graph/yeast_30NN/yeast_30NN.mtx,cusparse_float,main_float,float,ok,6,1484,1484,62350,0.1368,0.0089,0.0089,0.0077,,,,,,,,1.778
ML_Graph/yeast_30NN/yeast_30NN.mtx,dasp_double,main,double,ok,6,,,,0.5850,0.0082,0.0082,,15.1353,,,,,,,1.448
ML_Graph/yeast_30NN/yeast_30NN.mtx,dasp_half,main_reduced_precision,half,ok,6,,,,0.4460,0.0101,0.0101,,12.3173,,,,,,,1.575
ML_Graph/yeast_30NN/yeast_30NN.mtx,packsell_pack16,structural_related,half,ok,6,1484,1484,62350,,0.006403,0.006403,,19.4763,,,,,,0.000588855,3.000
ML_Graph/yeast_30NN/yeast_30NN.mtx,packsell_pack32,structural_related,float,ok,6,1484,1484,62350,,0.010515,0.010515,,11.8591,,,,,,2.97719e-07,3.102
ML_Graph/yeast_30NN/yeast_30NN.mtx,spaden_bitmap_float,structural_related,float,ok,6,1484,1484,62350,,0.0500,0.0500,,2.4941,44.04,134.6,,,,6.083084e-08,2.521
Mallya/lhr01/lhr01.mtx,cusparse_double,main,double,ok,2,1477,1477,18427,0.1353,0.0140,0.0140,0.0102,,,,,,,,1.199
Mallya/lhr01/lhr01.mtx,cusparse_float,main_float,float,ok,5,1477,1477,18427,0.1357,0.0091,0.0091,0.0079,,,,,,,,1.745
Mallya/lhr01/lhr01.mtx,dasp_double,main,double,ok,5,,,,0.2120,0.0107,0.0107,,3.4865,,,,,,,1.686
Mallya/lhr01/lhr01.mtx,dasp_half,main_reduced_precision,half,ok,5,,,,0.1510,0.0041,0.0041,,9.0582,,,,,,,1.764
Mallya/lhr01/lhr01.mtx,packsell_pack16,structural_related,half,ok,5,1477,1477,18427,,0.006344,0.006344,,5.80942,,,,,,0.000621751,3.591
Mallya/lhr01/lhr01.mtx,packsell_pack32,structural_related,float,ok,5,1477,1477,18427,,0.008286,0.008286,,4.44781,,,,,,1.76261e-07,3.881
Mallya/lhr01/lhr01.mtx,spaden_bitmap_float,structural_related,float,ok,5,1477,1477,18592,,0.0070,0.0070,,5.3213,170.09,62.2,,,,4.594546e-08,1.930
Mallya/lhr02/lhr02.mtx,cusparse_double,main,double,ok,1,2954,2954,36875,0.1431,0.0139,0.0139,0.0103,,,,,,,,0.415
Mallya/lhr02/lhr02.mtx,cusparse_float,main_float,float,ok,5,2954,2954,36875,0.1360,0.0093,0.0093,0.0068,,,,,,,,1.643
Mallya/lhr02/lhr02.mtx,dasp_double,main,double,ok,5,,,,0.3910,0.0062,0.0062,,12.0936,,,,,,,1.458
Mallya/lhr02/lhr02.mtx,dasp_half,main_reduced_precision,half,ok,5,,,,0.4090,0.0067,0.0067,,11.0864,,,,,,,1.686
Mallya/lhr02/lhr02.mtx,packsell_pack16,structural_related,half,ok,5,2954,2954,36875,,0.006330,0.006330,,11.6509,,,,,,0.000636693,3.967
Mallya/lhr02/lhr02.mtx,packsell_pack32,structural_related,float,ok,5,2954,2954,36875,,0.008400,0.008400,,8.78015,,,,,,1.88997e-07,2.630
Mallya/lhr02/lhr02.mtx,spaden_bitmap_float,structural_related,float,ok,5,2954,2954,37206,,0.0089,0.0089,,8.3188,257.57,62.9,,,,5.013088e-08,1.538
Mallya/lhr04/lhr04.mtx,cusparse_double,main,double,ok,3,4101,4101,81057,0.1497,0.0134,0.0134,0.0102,,,,,,,,0.885
Mallya/lhr04/lhr04.mtx,cusparse_float,main_float,float,ok,7,4101,4101,81023,0.1148,0.0094,0.0094,0.0079,,,,,,,,1.590
Mallya/lhr04/lhr04.mtx,dasp_double,main,double,ok,7,,,,0.8910,0.0102,0.0102,,16.1394,,,,,,,1.817
Mallya/lhr04/lhr04.mtx,dasp_half,main_reduced_precision,half,ok,7,,,,0.8710,0.0100,0.0100,,16.5762,,,,,,,1.932
Mallya/lhr04/lhr04.mtx,packsell_pack16,structural_related,half,ok,7,4101,4101,81057,,0.006411,0.006411,,25.2859,,,,,,0.00065539,2.999
Mallya/lhr04/lhr04.mtx,packsell_pack32,structural_related,float,ok,7,4101,4101,81057,,0.010483,0.010483,,15.4641,,,,,,1.99817e-07,3.018
Mallya/lhr04/lhr04.mtx,spaden_bitmap_float,structural_related,float,ok,7,4101,4101,82682,,0.0090,0.0090,,18.3662,186.08,60.8,,,,4.183099e-08,1.723
Mallya/lhr04c/lhr04c.mtx,cusparse_double,main,double,ok,2,4101,4101,82682,0.1412,0.0135,0.0135,0.0102,,,,,,,,1.396
Mallya/lhr04c/lhr04c.mtx,cusparse_float,main_float,float,ok,3,4101,4101,81047,0.1139,0.0091,0.0091,0.0078,,,,,,,,1.488
Mallya/lhr04c/lhr04c.mtx,dasp_double,main,double,ok,3,,,,0.8380,0.0102,0.0102,,16.1457,,,,,,,1.649
Mallya/lhr04c/lhr04c.mtx,dasp_half,main_reduced_precision,half,ok,3,,,,0.6330,0.0061,0.0061,,26.9060,,,,,,,1.215
Mallya/lhr04c/lhr04c.mtx,packsell_pack16,structural_related,half,ok,3,4101,4101,82682,,0.006412,0.006412,,25.788,,,,,,0.000588667,2.777
Mallya/lhr04c/lhr04c.mtx,packsell_pack32,structural_related,float,ok,3,4101,4101,82682,,0.010421,0.010421,,15.8689,,,,,,2.01189e-07,2.829
Mallya/lhr04c/lhr04c.mtx,spaden_bitmap_float,structural_related,float,ok,3,4101,4101,82682,,0.0090,0.0090,,18.3662,229.77,60.8,,,,4.768679e-08,2.076
Mallya/lhr07c/lhr07c.mtx,cusparse_double,main,double,ok,3,7337,7337,156508,0.1364,0.0140,0.0140,0.0102,,,,,,,,0.893
Mallya/lhr07c/lhr07c.mtx,cusparse_float,main_float,float,ok,5,7337,7337,154044,0.1196,0.0093,0.0093,0.0078,,,,,,,,1.802
Mallya/lhr07c/lhr07c.mtx,dasp_double,main,double,ok,5,,,,1.2520,0.0102,0.0102,,30.5680,,,,,,,1.481
Mallya/lhr07c/lhr07c.mtx,dasp_half,main_reduced_precision,half,ok,5,,,,1.0930,0.0057,0.0057,,54.7710,,,,,,,1.818
Mallya/lhr07c/lhr07c.mtx,packsell_pack16,structural_related,half,ok,5,7337,7337,156508,,0.006454,0.006454,,48.503,,,,,,0.000612113,3.617
Mallya/lhr07c/lhr07c.mtx,packsell_pack32,structural_related,float,ok,5,7337,7337,156508,,0.010378,0.010378,,30.1628,,,,,,2.67233e-07,3.318
Mallya/lhr07c/lhr07c.mtx,spaden_bitmap_float,structural_related,float,ok,5,7337,7337,156508,,0.0112,0.0112,,27.9878,8.86,60.6,,,,4.937568e-08,0.944
Marini/eurqsa/eurqsa.mtx,cusparse_double,main,double,ok,7,7245,7245,46142,0.1313,0.0143,0.0143,0.0123,,,,,,,,0.677
Marini/eurqsa/eurqsa.mtx,cusparse_float,main_float,float,ok,6,7245,7245,46142,0.1383,0.0090,0.0090,0.0078,,,,,,,,1.549
Marini/eurqsa/eurqsa.mtx,dasp_double,main,double,ok,6,,,,0.6540,0.0062,0.0062,,14.9982,,,,,,,1.945
Marini/eurqsa/eurqsa.mtx,dasp_half,main_reduced_precision,half,ok,6,,,,0.6390,0.0041,0.0041,,22.4864,,,,,,,1.760
Marini/eurqsa/eurqsa.mtx,packsell_pack16,structural_related,half,ok,6,7245,7245,46142,,0.006328,0.006328,,14.5825,,,,,,0.000508072,3.729
Marini/eurqsa/eurqsa.mtx,packsell_pack32,structural_related,float,ok,6,7245,7245,46142,,0.008468,0.008468,,10.8984,,,,,,1.54806e-07,4.065
Marini/eurqsa/eurqsa.mtx,spaden_bitmap_float,structural_related,float,ok,6,7245,7245,46142,,0.0274,0.0274,,3.3701,31.05,75.4,,,,4.843596e-08,1.374
MathWorks/Kaufhold/Kaufhold.mtx,cusparse_double,main,double,ok,1,8765,8765,42471,0.1461,0.0143,0.0143,0.0123,,,,,,,,0.416
MathWorks/Kaufhold/Kaufhold.mtx,cusparse_float,main_float,float,ok,3,8765,8765,23571,0.1328,0.0098,0.0098,0.0089,,,,,,,,1.619
MathWorks/Kaufhold/Kaufhold.mtx,dasp_double,main,double,ok,3,,,,0.9020,0.0062,0.0062,,13.8095,,,,,,,1.516
MathWorks/Kaufhold/Kaufhold.mtx,dasp_half,main_reduced_precision,half,ok,3,,,,0.6160,0.0041,0.0041,,20.6974,,,,,,,1.964
MathWorks/Kaufhold/Kaufhold.mtx,packsell_pack16,structural_related,half,ok,3,8765,8765,42471,,0.004458,0.004458,,19.0518,,,,,,0.000453619,2.400
MathWorks/Kaufhold/Kaufhold.mtx,packsell_pack32,structural_related,float,ok,3,8765,8765,42471,,0.006383,0.006383,,13.3086,,,,,,1.28604e-07,2.422
MathWorks/Kaufhold/Kaufhold.mtx,spaden_bitmap_float,structural_related,float,ok,3,8765,8765,42471,,0.0111,0.0111,,7.6219,121.87,132.1,,,,9.890058e-13,1.478
MathWorks/QRpivot/QRpivot_b.mtx,cusparse_double,main,double,ok,1,660,1,391,0.1462,0.0134,0.0134,0.0102,,,,,,,,0.404
MathWorks/QRpivot/QRpivot_b.mtx,cusparse_float,main_float,float,ok,3,660,1,391,0.1497,0.0076,0.0076,0.0065,,,,,,,,1.593
MathWorks/QRpivot/QRpivot_b.mtx,dasp_double,main,double,ok,3,,,,0.0150,0.0055,0.0055,,0.1410,,,,,,,1.668
MathWorks/QRpivot/QRpivot_b.mtx,dasp_half,main_reduced_precision,half,ok,3,,,,0.0100,0.0024,0.0024,,0.3305,,,,,,,1.192
MathWorks/QRpivot/QRpivot_b.mtx,packsell_pack16,structural_related,half,ok,3,660,1,391,,0.003149,0.003149,,0.248293,,,,,,0.000442337,3.249
MathWorks/QRpivot/QRpivot_b.mtx,packsell_pack32,structural_related,float,ok,3,660,1,391,,0.003327,0.003327,,0.235075,,,,,,9.76244e-08,3.520
MathWorks/QRpivot/QRpivot_b.mtx,spaden_bitmap_float,structural_related,float,ok,3,660,1,391,,0.0051,0.0051,,0.1548,96.47,56.0,,,,0.000000e+00,1.819
MathWorks/Sieber/Sieber.mtx,cusparse_double,main,double,ok,7,2290,2290,14873,0.1313,0.0154,0.0154,0.0123,,,,,,,,0.866
MathWorks/Sieber/Sieber.mtx,cusparse_float,main_float,float,ok,3,2290,2290,14873,0.1310,0.0084,0.0084,0.0064,,,,,,,,1.640
MathWorks/Sieber/Sieber.mtx,dasp_double,main,double,ok,3,,,,0.1640,0.0041,0.0041,,7.2516,,,,,,,1.555
MathWorks/Sieber/Sieber.mtx,dasp_half,main_reduced_precision,half,ok,3,,,,0.1590,0.0041,0.0041,,7.2534,,,,,,,1.275
MathWorks/Sieber/Sieber.mtx,packsell_pack16,structural_related,half,ok,3,2290,2290,14873,,0.158330,0.158330,,0.187873,,,,,,0.000624648,2.896
MathWorks/Sieber/Sieber.mtx,packsell_pack32,structural_related,float,ok,3,2290,2290,14873,,0.327943,0.327943,,0.0907048,,,,,,1.89369e-07,4.361
MathWorks/Sieber/Sieber.mtx,spaden_bitmap_float,structural_related,float,ok,3,2290,2290,14873,,0.0563,0.0563,,0.5285,38.02,61.6,,,,7.875406e-06,1.821
MathWorks/TS/TS_b.mtx,cusparse_double,main,double,ok,1,2142,1,140,0.1502,0.0156,0.0156,0.0112,,,,,,,,0.414
MathWorks/TS/TS_b.mtx,cusparse_float,main_float,float,ok,2,2142,1,140,0.1342,0.0086,0.0086,0.0077,,,,,,,,1.691
MathWorks/TS/TS_b.mtx,dasp_double,main,double,ok,2,,,,0.0160,0.0021,0.0021,,0.1353,,,,,,,1.313
MathWorks/TS/TS_b.mtx,dasp_half,main_reduced_precision,half,ok,2,,,,0.0170,0.0021,0.0021,,0.1363,,,,,,,1.576
MathWorks/TS/TS_b.mtx,packsell_pack16,structural_related,half,ok,2,2142,1,140,,0.003349,0.003349,,0.083612,,,,,,0.000480031,2.801
MathWorks/TS/TS_b.mtx,packsell_pack32,structural_related,float,ok,2,2142,1,140,,0.003877,0.003877,,0.0722258,,,,,,1.16487e-07,3.205
MathWorks/TS/TS_b.mtx,spaden_bitmap_float,structural_related,float,ok,2,2142,1,140,,0.0045,0.0045,,0.0625,85.01,34.3,,,,0.000000e+00,1.585
Meszaros/aa01/aa01.mtx,cusparse_double,main,double,ok,4,823,8904,72965,0.1421,0.0141,0.0141,0.0123,,,,,,,,1.185
Meszaros/aa01/aa01.mtx,cusparse_float,main_float,float,ok,4,823,8904,72965,0.1318,0.0086,0.0086,0.0061,,,,,,,,1.580
Meszaros/aa01/aa01.mtx,dasp_double,main,double,ok,4,,,,0.8670,0.0205,0.0205,,7.1224,,,,,,,1.559
Meszaros/aa01/aa01.mtx,dasp_half,main_reduced_precision,half,ok,4,,,,0.5190,0.0123,0.0123,,11.8681,,,,,,,1.750
Meszaros/aa01/aa01.mtx,packsell_pack16,structural_related,half,ok,4,823,8904,72965,,0.024782,0.024782,,5.88864,,,,,,0.000560313,2.066
Meszaros/aa01/aa01.mtx,packsell_pack32,structural_related,float,ok,4,823,8904,72965,,0.047352,0.047352,,3.08183,,,,,,2.3074e-07,2.779
Meszaros/aa01/aa01.mtx,spaden_bitmap_float,structural_related,float,ok,4,823,8904,72965,,0.0972,0.0972,,1.5011,20.91,80.3,,,,0.000000e+00,1.497
Meszaros/aa03/aa03.mtx,cusparse_double,main,double,ok,7,825,8627,70806,0.1258,0.0134,0.0134,0.0102,,,,,,,,0.796
Meszaros/aa03/aa03.mtx,cusparse_float,main_float,float,ok,2,825,8627,70806,0.1202,0.0084,0.0084,0.0057,,,,,,,,1.699
Meszaros/aa03/aa03.mtx,dasp_double,main,double,ok,2,,,,5.7130,0.0205,0.0205,,6.8958,,,,,,,1.663
Meszaros/aa03/aa03.mtx,dasp_half,main_reduced_precision,half,ok,2,,,,0.4470,0.0123,0.0123,,11.5197,,,,,,,1.341
Meszaros/aa03/aa03.mtx,packsell_pack16,structural_related,half,ok,2,825,8627,70806,,0.029045,0.029045,,4.8756,,,,,,0.000395719,3.024
Meszaros/aa03/aa03.mtx,packsell_pack32,structural_related,float,ok,2,825,8627,70806,,0.055541,0.055541,,2.54967,,,,,,1.44007e-07,2.355
Meszaros/aa03/aa03.mtx,spaden_bitmap_float,structural_related,float,ok,2,825,8627,70806,,0.0729,0.0729,,1.9432,351.56,81.2,,,,0.000000e+00,1.966
Meszaros/aa3/aa3.mtx,cusparse_double,main,double,ok,4,825,8627,70806,0.1360,0.0141,0.0141,0.0123,,,,,,,,1.052
Meszaros/aa3/aa3.mtx,cusparse_float,main_float,float,ok,4,825,8627,70806,0.1460,0.0084,0.0084,0.0067,,,,,,,,1.612
Meszaros/aa3/aa3.mtx,dasp_double,main,double,ok,4,,,,0.7350,0.0205,0.0205,,6.9160,,,,,,,1.129
Meszaros/aa3/aa3.mtx,dasp_half,main_reduced_precision,half,ok,4,,,,0.4730,0.0123,0.0123,,11.5141,,,,,,,1.351
Meszaros/aa3/aa3.mtx,packsell_pack16,structural_related,half,ok,4,825,8627,70806,,0.028876,0.028876,,4.9041,,,,,,0.000395719,2.116
Meszaros/aa3/aa3.mtx,packsell_pack32,structural_related,float,ok,4,825,8627,70806,,0.054456,0.054456,,2.60049,,,,,,1.44007e-07,2.909
Meszaros/aa3/aa3.mtx,spaden_bitmap_float,structural_related,float,ok,4,825,8627,70806,,0.1567,0.1567,,0.9039,30.62,81.2,,,,0.000000e+00,2.322
Meszaros/aa5/aa5.mtx,cusparse_double,main,double,ok,1,801,8308,65953,0.1442,0.0143,0.0143,0.0102,,,,,,,,0.409
Meszaros/aa5/aa5.mtx,cusparse_float,main_float,float,ok,6,801,8308,65953,0.1345,0.0083,0.0083,0.0061,,,,,,,,1.424
Meszaros/aa5/aa5.mtx,dasp_double,main,double,ok,6,,,,0.5450,0.0205,0.0205,,6.4357,,,,,,,1.545
Meszaros/aa5/aa5.mtx,dasp_half,main_reduced_precision,half,ok,6,,,,0.4690,0.0123,0.0123,,10.7241,,,,,,,1.484
Meszaros/aa5/aa5.mtx,packsell_pack16,structural_related,half,ok,6,801,8308,65953,,0.022765,0.022765,,5.79427,,,,,,0.000400334,2.927
Meszaros/aa5/aa5.mtx,packsell_pack32,structural_related,float,ok,6,801,8308,65953,,0.042019,0.042019,,3.13921,,,,,,1.46279e-07,2.858
Meszaros/aa5/aa5.mtx,spaden_bitmap_float,structural_related,float,ok,6,801,8308,65953,,0.0908,0.0908,,1.4521,12.57,83.5,,,,0.000000e+00,1.550
Meszaros/air02/air02.mtx,cusparse_double,main,double,ok,3,50,6774,61555,0.1403,0.0126,0.0126,0.0082,,,,,,,,1.007
Meszaros/air02/air02.mtx,cusparse_float,main_float,float,ok,4,50,6774,61555,0.1354,0.0076,0.0076,0.0057,,,,,,,,1.537
Meszaros/air02/air02.mtx,dasp_double,main,double,ok,4,,,,0.4090,0.0348,0.0348,,3.5370,,,,,,,1.955
Meszaros/air02/air02.mtx,dasp_half,main_reduced_precision,half,ok,4,,,,0.2360,0.0082,0.0082,,15.0098,,,,,,,1.702
Meszaros/air02/air02.mtx,packsell_pack16,structural_related,half,ok,4,50,6774,61555,,0.214143,0.214143,,0.574896,,,,,,0.000858234,3.075
Meszaros/air02/air02.mtx,packsell_pack32,structural_related,float,ok,4,50,6774,61555,,0.424763,0.424763,,0.289831,,,,,,5.96038e-07,3.926
Meszaros/air02/air02.mtx,spaden_bitmap_float,structural_related,float,ok,4,50,6774,61555,,0.3477,0.3477,,0.3541,37.33,63.5,,,,0.000000e+00,1.132
Meszaros/air03/air03.mtx,cusparse_double,main,double,ok,3,124,10757,91028,0.1238,0.0122,0.0122,0.0102,,,,,,,,0.827
Meszaros/air03/air03.mtx,cusparse_float,main_float,float,ok,7,124,10757,91028,0.1278,0.0078,0.0078,0.0061,,,,,,,,1.740
Meszaros/air03/air03.mtx,dasp_double,main,double,ok,7,,,,0.5340,0.0287,0.0287,,6.3463,,,,,,,1.646
Meszaros/air03/air03.mtx,dasp_half,main_reduced_precision,half,ok,7,,,,0.3280,0.0103,0.0103,,17.7598,,,,,,,1.074
Meszaros/air03/air03.mtx,packsell_pack16,structural_related,half,ok,7,124,10757,91028,,0.221525,0.221525,,0.821832,,,,,,0.000394743,2.607
Meszaros/air03/air03.mtx,packsell_pack32,structural_related,float,ok,7,124,10757,91028,,0.436327,0.436327,,0.417248,,,,,,1.73101e-07,2.521
Meszaros/air03/air03.mtx,spaden_bitmap_float,structural_related,float,ok,7,124,10757,91028,,0.5475,0.5475,,0.3325,384.98,70.5,,,,0.000000e+00,2.432
Meszaros/air04/air04.mtx,cusparse_double,main,double,ok,3,823,8904,72965,0.1351,0.0134,0.0134,0.0102,,,,,,,,0.893
Meszaros/air04/air04.mtx,cusparse_float,main_float,float,ok,2,823,8904,72965,0.1747,0.0083,0.0083,0.0067,,,,,,,,1.885
Meszaros/air04/air04.mtx,dasp_double,main,double,ok,2,,,,0.7280,0.0205,0.0205,,7.1265,,,,,,,1.557
Meszaros/air04/air04.mtx,dasp_half,main_reduced_precision,half,ok,2,,,,0.5330,0.0123,0.0123,,11.8691,,,,,,,1.486
Meszaros/air04/air04.mtx,packsell_pack16,structural_related,half,ok,2,823,8904,72965,,0.024844,0.024844,,5.87374,,,,,,0.000560313,2.617
Meszaros/air04/air04.mtx,packsell_pack32,structural_related,float,ok,2,823,8904,72965,,0.047400,0.047400,,3.07872,,,,,,2.3074e-07,3.264
Meszaros/air04/air04.mtx,spaden_bitmap_float,structural_related,float,ok,2,823,8904,72965,,0.0898,0.0898,,1.6245,404.75,80.3,,,,0.000000e+00,1.965
Meszaros/air06/air06.mtx,cusparse_double,main,double,ok,2,825,8627,70806,0.1396,0.0134,0.0134,0.0102,,,,,,,,1.275
Meszaros/air06/air06.mtx,cusparse_float,main_float,float,ok,3,825,8627,70806,0.1381,0.0082,0.0082,0.0061,,,,,,,,1.681
Meszaros/air06/air06.mtx,dasp_double,main,double,ok,3,,,,0.6570,0.0192,0.0192,,7.3618,,,,,,,1.330
Meszaros/air06/air06.mtx,dasp_half,main_reduced_precision,half,ok,3,,,,0.4190,0.0123,0.0123,,11.5244,,,,,,,1.779
Meszaros/air06/air06.mtx,packsell_pack16,structural_related,half,ok,3,825,8627,70806,,0.028872,0.028872,,4.90474,,,,,,0.000395719,3.104
Meszaros/air06/air06.mtx,packsell_pack32,structural_related,float,ok,3,825,8627,70806,,0.053480,0.053480,,2.64793,,,,,,1.44007e-07,2.693
Meszaros/air06/air06.mtx,spaden_bitmap_float,structural_related,float,ok,3,825,8627,70806,,0.0707,0.0707,,2.0033,98.00,81.2,,,,0.000000e+00,1.890
Meszaros/cep1/cep1.mtx,cusparse_double,main,double,ok,3,1521,4769,8233,0.1515,0.0160,0.0160,0.0143,,,,,,,,1.479
Meszaros/cep1/cep1.mtx,cusparse_float,main_float,float,ok,3,1521,4769,8233,0.1301,0.0084,0.0084,0.0064,,,,,,,,1.565
Meszaros/cep1/cep1.mtx,dasp_double,main,double,ok,3,,,,0.1450,0.0041,0.0041,,4.0161,,,,,,,1.601
Meszaros/cep1/cep1.mtx,dasp_half,main_reduced_precision,half,ok,3,,,,0.1910,0.0041,0.0041,,4.0171,,,,,,,1.228
Meszaros/cep1/cep1.mtx,packsell_pack16,structural_related,half,ok,3,1521,4769,8233,,0.003376,0.003376,,4.87795,,,,,,0.000780703,2.705
Meszaros/cep1/cep1.mtx,packsell_pack32,structural_related,float,ok,3,1521,4769,8233,,0.004110,0.004110,,4.00597,,,,,,2.10679e-07,3.110
Meszaros/cep1/cep1.mtx,spaden_bitmap_float,structural_related,float,ok,3,1521,4769,8233,,0.0070,0.0070,,2.3647,36.83,79.4,,,,1.104697e-09,1.898
Meszaros/ch/ch.mtx,cusparse_double,main,double,ok,1,3700,8291,24102,0.1364,0.0145,0.0145,0.0123,,,,,,,,0.405
Meszaros/ch/ch.mtx,cusparse_float,main_float,float,ok,7,3700,8291,24102,0.1241,0.0092,0.0092,0.0079,,,,,,,,1.625
Meszaros/ch/ch.mtx,dasp_double,main,double,ok,7,,,,0.2810,0.0082,0.0082,,5.8764,,,,,,,1.656
Meszaros/ch/ch.mtx,dasp_half,main_reduced_precision,half,ok,7,,,,0.2510,0.0062,0.0062,,7.8342,,,,,,,1.595
Meszaros/ch/ch.mtx,packsell_pack16,structural_related,half,ok,7,3700,8291,24102,,0.008374,0.008374,,5.75616,,,,,,0.000518227,3.877
Meszaros/ch/ch.mtx,packsell_pack32,structural_related,float,ok,7,3700,8291,24102,,0.012488,0.012488,,3.85995,,,,,,1.49825e-07,2.780
Meszaros/ch/ch.mtx,spaden_bitmap_float,structural_related,float,ok,7,3700,8291,24102,,0.0521,0.0521,,0.9256,38.37,135.0,,,,5.374242e-08,1.766
Meszaros/co5/co5.mtx,cusparse_double,main,double,ok,6,5774,12325,57993,0.1334,0.0144,0.0144,0.0123,,,,,,,,1.114
Meszaros/co5/co5.mtx,cusparse_float,main_float,float,ok,5,5774,12325,57993,0.1457,0.0100,0.0100,0.0079,,,,,,,,1.653
Meszaros/co5/co5.mtx,dasp_double,main,double,ok,5,,,,0.6780,0.0197,0.0197,,5.8778,,,,,,,0.850
Meszaros/co5/co5.mtx,dasp_half,main_reduced_precision,half,ok,5,,,,0.6760,0.0103,0.0103,,11.2904,,,,,,,1.542
Meszaros/co5/co5.mtx,packsell_pack16,structural_related,half,ok,5,5774,12325,57993,,0.028901,0.028901,,4.0132,,,,,,0.000450207,3.175
Meszaros/co5/co5.mtx,packsell_pack32,structural_related,float,ok,5,5774,12325,57993,,0.053528,0.053528,,2.16682,,,,,,2.00818e-07,2.366
Meszaros/co5/co5.mtx,spaden_bitmap_float,structural_related,float,ok,5,5774,12325,57993,,0.2210,0.2210,,0.5248,42.50,116.5,,,,1.421156e-07,1.891
Meszaros/complex/complex.mtx,cusparse_double,main,double,ok,3,1023,1408,46463,0.1316,0.0136,0.0136,0.0102,,,,,,,,1.075
Meszaros/complex/complex.mtx,cusparse_float,main_float,float,ok,7,1023,1408,46463,0.1213,0.0081,0.0081,0.0061,,,,,,,,1.604
Meszaros/complex/complex.mtx,dasp_double,main,double,ok,7,,,,0.3620,0.0225,0.0225,,4.1256,,,,,,,1.988
Meszaros/complex/complex.mtx,dasp_half,main_reduced_precision,half,ok,7,,,,0.2750,0.0082,0.0082,,11.3283,,,,,,,1.194
Meszaros/complex/complex.mtx,packsell_pack16,structural_related,half,ok,7,1023,1408,46463,,0.022803,0.022803,,4.07509,,,,,,0.000844674,3.496
Meszaros/complex/complex.mtx,packsell_pack32,structural_related,float,ok,7,1023,1408,46463,,0.043275,0.043275,,2.14735,,,,,,2.37584e-07,3.458
Meszaros/complex/complex.mtx,spaden_bitmap_float,structural_related,float,ok,7,1023,1408,46463,,0.0254,0.0254,,3.6535,49.48,68.2,,,,0.000000e+00,1.810
Meszaros/cq5/cq5.mtx,cusparse_double,main,double,ok,6,5048,11748,51571,0.1435,0.0145,0.0145,0.0123,,,,,,,,0.858
Meszaros/cq5/cq5.mtx,cusparse_float,main_float,float,ok,7,5048,11748,51571,0.1178,0.0091,0.0091,0.0080,,,,,,,,1.833
Meszaros/cq5/cq5.mtx,dasp_double,main,double,ok,7,,,,0.5230,0.0184,0.0184,,5.5958,,,,,,,1.492
Meszaros/cq5/cq5.mtx,dasp_half,main_reduced_precision,half,ok,7,,,,0.4780,0.0102,0.0102,,10.0685,,,,,,,1.353
Meszaros/cq5/cq5.mtx,packsell_pack16,structural_related,half,ok,7,5048,11748,51571,,0.026889,0.026889,,3.83589,,,,,,0.000420572,3.816
Meszaros/cq5/cq5.mtx,packsell_pack32,structural_related,float,ok,7,5048,11748,51571,,0.051473,0.051473,,2.0038,,,,,,1.96569e-07,2.538
Meszaros/cq5/cq5.mtx,spaden_bitmap_float,structural_related,float,ok,7,5048,11748,51571,,0.4752,0.4752,,0.2171,29.54,118.5,,,,5.845010e-08,1.809
Meszaros/cq9/cq9.mtx,cusparse_double,main,double,ok,4,9278,21534,96653,0.1467,0.0158,0.0158,0.0123,,,,,,,,0.889
Meszaros/cq9/cq9.mtx,cusparse_float,main_float,float,ok,5,9278,21534,96653,0.1303,0.0100,0.0100,0.0092,,,,,,,,1.634
Meszaros/cq9/cq9.mtx,dasp_double,main,double,ok,5,,,,0.8600,0.0225,0.0225,,8.5750,,,,,,,1.679
Meszaros/cq9/cq9.mtx,dasp_half,main_reduced_precision,half,ok,5,,,,0.7440,0.0102,0.0102,,18.8757,,,,,,,1.511
Meszaros/cq9/cq9.mtx,packsell_pack16,structural_related,half,ok,5,9278,21534,96653,,0.026738,0.026738,,7.22969,,,,,,0.000437436,3.437
Meszaros/cq9/cq9.mtx,packsell_pack32,structural_related,float,ok,5,9278,21534,96653,,0.049109,0.049109,,3.93626,,,,,,2.03211e-07,2.942
Meszaros/cq9/cq9.mtx,spaden_bitmap_float,structural_related,float,ok,5,9278,21534,96653,,0.2002,0.2002,,0.9654,86.43,140.8,,,,1.073488e-07,1.732
Meszaros/dano3mip/dano3mip.mtx,cusparse_double,main,double,ok,3,3202,15851,81633,0.1563,0.0168,0.0168,0.0143,,,,,,,,0.818
Meszaros/dano3mip/dano3mip.mtx,cusparse_float,main_float,float,ok,4,3202,15851,81633,0.1334,0.0109,0.0109,0.0096,,,,,,,,1.790
Meszaros/dano3mip/dano3mip.mtx,dasp_double,main,double,ok,4,,,,4.2740,0.0189,0.0189,,8.6270,,,,,,,2.139
Meszaros/dano3mip/dano3mip.mtx,dasp_half,main_reduced_precision,half,ok,4,,,,0.6050,0.0062,0.0062,,26.5430,,,,,,,1.700
Meszaros/dano3mip/dano3mip.mtx,packsell_pack16,structural_related,half,ok,4,3202,15851,81633,,0.039089,0.039089,,4.17673,,,,,,0.000388302,3.522
Meszaros/dano3mip/dano3mip.mtx,packsell_pack32,structural_related,float,ok,4,3202,15851,81633,,0.076053,0.076053,,2.14674,,,,,,2.35774e-07,3.048
Meszaros/dano3mip/dano3mip.mtx,spaden_bitmap_float,structural_related,float,ok,4,3202,15851,81633,,0.4449,0.4449,,0.3669,154.78,165.7,,,,0.000000e+00,1.525
Meszaros/de080285/de080285.mtx,cusparse_double,main,double,ok,1,936,1908,5082,0.1212,0.0137,0.0137,0.0120,,,,,,,,0.393
Meszaros/de080285/de080285.mtx,cusparse_float,main_float,float,ok,2,936,1908,5082,0.1270,0.0079,0.0079,0.0071,,,,,,,,1.777
Meszaros/de080285/de080285.mtx,dasp_double,main,double,ok,2,,,,0.0750,0.0061,0.0061,,1.6670,,,,,,,1.360
Meszaros/de080285/de080285.mtx,dasp_half,main_reduced_precision,half,ok,2,,,,0.0650,0.0065,0.0065,,1.5635,,,,,,,1.416
Meszaros/de080285/de080285.mtx,packsell_pack16,structural_related,half,ok,2,936,1908,5082,,0.004390,0.004390,,2.3151,,,,,,0.00041332,2.885
Meszaros/de080285/de080285.mtx,packsell_pack32,structural_related,float,ok,2,936,1908,5082,,0.006337,0.006337,,1.60384,,,,,,1.44122e-07,2.806
Meszaros/de080285/de080285.mtx,spaden_bitmap_float,structural_related,float,ok,2,936,1908,5082,,0.0112,0.0112,,0.9079,26.98,92.0,,,,2.765076e-08,1.683
Meszaros/delf/delf_A_25.mtx,cusparse_double,main,double,ok,4,3197,6664,15647,0.1342,0.0148,0.0148,0.0123,,,,,,,,1.114
Meszaros/delf/delf_A_25.mtx,cusparse_float,main_float,float,ok,6,3197,6664,15647,0.1295,0.0090,0.0090,0.0080,,,,,,,,1.753
Meszaros/delf/delf_A_25.mtx,dasp_double,main,double,ok,6,,,,0.1690,0.0041,0.0041,,7.6234,,,,,,,1.711
Meszaros/delf/delf_A_25.mtx,dasp_half,main_reduced_precision,half,ok,6,,,,0.1900,0.0046,0.0046,,6.7488,,,,,,,0.834
Meszaros/delf/delf_A_25.mtx,packsell_pack16,structural_related,half,ok,6,3197,6664,15647,,0.006365,0.006365,,4.91673,,,,,,0.000439228,3.540
Meszaros/delf/delf_A_25.mtx,packsell_pack32,structural_related,float,ok,6,3197,6664,15647,,0.006339,0.006339,,4.93682,,,,,,1.77411e-07,2.152
Meszaros/delf/delf_A_25.mtx,spaden_bitmap_float,structural_related,float,ok,6,3197,6664,15647,,0.0089,0.0089,,3.5309,7.73,94.9,,,,7.588433e-08,1.712
Meszaros/delf/delf_A_26.mtx,cusparse_double,main,double,ok,3,3190,6662,15420,0.1434,0.0147,0.0147,0.0123,,,,,,,,1.280
Meszaros/delf/delf_A_26.mtx,cusparse_float,main_float,float,ok,2,3190,6662,15420,0.1319,0.0092,0.0092,0.0078,,,,,,,,1.664
Meszaros/delf/delf_A_26.mtx,dasp_double,main,double,ok,2,,,,0.2080,0.0084,0.0084,,3.6815,,,,,,,1.324
Meszaros/delf/delf_A_26.mtx,dasp_half,main_reduced_precision,half,ok,2,,,,0.1920,0.0041,0.0041,,7.5146,,,,,,,1.631
Meszaros/delf/delf_A_26.mtx,packsell_pack16,structural_related,half,ok,2,3190,6662,15420,,0.004344,0.004344,,7.09901,,,,,,0.000430119,3.421
Meszaros/delf/delf_A_26.mtx,packsell_pack32,structural_related,float,ok,2,3190,6662,15420,,0.006245,0.006245,,4.93861,,,,,,1.68558e-07,2.654
Meszaros/delf/delf_A_26.mtx,spaden_bitmap_float,structural_related,float,ok,2,3190,6662,15420,,0.0091,0.0091,,3.3987,22.68,94.4,,,,6.592156e-08,1.851
Meszaros/delf/delf_A_28.mtx,cusparse_double,main,double,ok,2,3177,6652,15602,0.1431,0.0137,0.0137,0.0123,,,,,,,,1.255
Meszaros/delf/delf_A_28.mtx,cusparse_float,main_float,float,ok,3,3177,6652,15602,0.1333,0.0092,0.0092,0.0070,,,,,,,,1.694
Meszaros/delf/delf_A_28.mtx,dasp_double,main,double,ok,3,,,,0.2050,0.0041,0.0041,,7.6033,,,,,,,1.537
Meszaros/delf/delf_A_28.mtx,dasp_half,main_reduced_precision,half,ok,3,,,,0.2000,0.0041,0.0041,,7.6033,,,,,,,1.129
Meszaros/delf/delf_A_28.mtx,packsell_pack16,structural_related,half,ok,3,3177,6652,15602,,0.004291,0.004291,,7.27213,,,,,,0.000438887,1.749
Meszaros/delf/delf_A_28.mtx,packsell_pack32,structural_related,float,ok,3,3177,6652,15602,,0.004804,0.004804,,6.49592,,,,,,1.67239e-07,3.663
Meszaros/delf/delf_A_28.mtx,spaden_bitmap_float,structural_related,float,ok,3,3177,6652,15602,,0.0090,0.0090,,3.4534,6.71,94.9,,,,6.058114e-08,1.457
Meszaros/delf/delf_A_29.mtx,cusparse_double,main,double,ok,6,3179,6654,15602,0.1545,0.0141,0.0141,0.0123,,,,,,,,1.380
Meszaros/delf/delf_A_29.mtx,cusparse_float,main_float,float,ok,4,3179,6654,15602,0.1325,0.0093,0.0093,0.0068,,,,,,,,1.638
Meszaros/delf/delf_A_29.mtx,dasp_double,main,double,ok,4,,,,0.3000,0.0120,0.0120,,2.6053,,,,,,,1.144
Meszaros/delf/delf_A_29.mtx,dasp_half,main_reduced_precision,half,ok,4,,,,0.1710,0.0041,0.0041,,7.6052,,,,,,,1.064
Meszaros/delf/delf_A_29.mtx,packsell_pack16,structural_related,half,ok,4,3179,6654,15602,,0.004357,0.004357,,7.16252,,,,,,0.000435738,2.772
Meszaros/delf/delf_A_29.mtx,packsell_pack32,structural_related,float,ok,4,3179,6654,15602,,0.006253,0.006253,,4.99056,,,,,,1.70297e-07,1.870
Meszaros/delf/delf_A_29.mtx,spaden_bitmap_float,structural_related,float,ok,4,3179,6654,15602,,0.0092,0.0092,,3.3976,8.57,94.7,,,,5.993949e-08,1.523
Meszaros/deter0/deter0.mtx,cusparse_double,main,double,ok,5,1923,5468,11173,0.1248,0.0152,0.0152,0.0123,,,,,,,,1.286
Meszaros/deter0/deter0.mtx,cusparse_float,main_float,float,ok,3,1923,5468,11173,0.1367,0.0088,0.0088,0.0075,,,,,,,,1.672
Meszaros/deter0/deter0.mtx,dasp_double,main,double,ok,3,,,,0.1080,0.0062,0.0062,,3.6335,,,,,,,1.730
Meszaros/deter0/deter0.mtx,dasp_half,main_reduced_precision,half,ok,3,,,,0.0860,0.0041,0.0041,,5.4449,,,,,,,1.602
Meszaros/deter0/deter0.mtx,packsell_pack16,structural_related,half,ok,3,1923,5468,11173,,0.004353,0.004353,,5.13359,,,,,,0.000965833,2.394
Meszaros/deter0/deter0.mtx,packsell_pack32,structural_related,float,ok,3,1923,5468,11173,,0.006371,0.006371,,3.50731,,,,,,2.29844e-07,2.091
Meszaros/deter0/deter0.mtx,spaden_bitmap_float,structural_related,float,ok,3,1923,5468,11173,,0.0604,0.0604,,0.3699,30.16,212.0,,,,6.992001e-08,1.853
Meszaros/deter1/deter1.mtx,cusparse_double,main,double,ok,1,5527,15737,32187,0.1496,0.0182,0.0182,0.0143,,,,,,,,0.417
Meszaros/deter1/deter1.mtx,cusparse_float,main_float,float,ok,4,5527,15737,32187,0.1382,0.0104,0.0104,0.0096,,,,,,,,1.719
Meszaros/deter1/deter1.mtx,dasp_double,main,double,ok,4,,,,0.3060,0.0125,0.0125,,5.1549,,,,,,,2.162
Meszaros/deter1/deter1.mtx,dasp_half,main_reduced_precision,half,ok,4,,,,0.1690,0.0041,0.0041,,15.6780,,,,,,,1.048
Meszaros/deter1/deter1.mtx,packsell_pack16,structural_related,half,ok,4,5527,15737,32187,,0.004356,0.004356,,14.778,,,,,,0.00101833,2.965
Meszaros/deter1/deter1.mtx,packsell_pack32,structural_related,float,ok,4,5527,15737,32187,,0.006478,0.006478,,9.93682,,,,,,2.59053e-07,4.739
Meszaros/deter1/deter1.mtx,spaden_bitmap_float,structural_related,float,ok,4,5527,15737,32187,,0.0234,0.0234,,2.7493,37.23,212.4,,,,2.061827e-07,1.856
Meszaros/deter2/deter2.mtx,cusparse_double,main,double,ok,6,6095,17313,35731,0.1560,0.0185,0.0185,0.0164,,,,,,,,1.078
Meszaros/deter2/deter2.mtx,cusparse_float,main_float,float,ok,6,6095,17313,35731,0.1358,0.0112,0.0112,0.0094,,,,,,,,1.569
Meszaros/deter2/deter2.mtx,dasp_double,main,double,ok,6,,,,0.2720,0.0062,0.0062,,11.6142,,,,,,,1.906
Meszaros/deter2/deter2.mtx,dasp_half,main_reduced_precision,half,ok,6,,,,0.1790,0.0041,0.0041,,17.4128,,,,,,,1.051
Meszaros/deter2/deter2.mtx,packsell_pack16,structural_related,half,ok,6,6095,17313,35731,,0.004413,0.004413,,16.1922,,,,,,0.00103351,2.299
Meszaros/deter2/deter2.mtx,packsell_pack32,structural_related,float,ok,6,6095,17313,35731,,0.007803,0.007803,,9.15776,,,,,,2.67774e-07,2.751
Meszaros/deter2/deter2.mtx,spaden_bitmap_float,structural_related,float,ok,6,6095,17313,35731,,0.0233,0.0233,,3.0681,62.35,211.7,,,,1.091629e-07,1.688
Meszaros/deter3/deter3.mtx,cusparse_double,main,double,ok,7,7647,21777,44547,0.1343,0.0157,0.0157,0.0143,,,,,,,,0.822
Meszaros/deter3/deter3.mtx,cusparse_float,main_float,float,ok,5,7647,21777,44547,0.1272,0.0105,0.0105,0.0082,,,,,,,,1.509
Meszaros/deter3/deter3.mtx,dasp_double,main,double,ok,5,,,,0.4290,0.0062,0.0062,,14.4774,,,,,,,1.414
Meszaros/deter3/deter3.mtx,dasp_half,main_reduced_precision,half,ok,5,,,,0.3130,0.0062,0.0062,,14.4821,,,,,,,1.143
Meszaros/deter3/deter3.mtx,packsell_pack16,structural_related,half,ok,5,7647,21777,44547,,0.004397,0.004397,,20.2606,,,,,,0.00102533,2.465
Meszaros/deter3/deter3.mtx,packsell_pack32,structural_related,float,ok,5,7647,21777,44547,,0.006408,0.006408,,13.9029,,,,,,2.72527e-07,2.124
Meszaros/deter3/deter3.mtx,spaden_bitmap_float,structural_related,float,ok,5,7647,21777,44547,,0.0235,0.0235,,3.7966,34.79,212.5,,,,1.213017e-07,2.018
Meszaros/deter4/deter4.mtx,cusparse_double,main,double,ok,7,3235,9133,19231,0.1515,0.0182,0.0182,0.0123,,,,,,,,0.669
Meszaros/deter4/deter4.mtx,cusparse_float,main_float,float,ok,5,3235,9133,19231,0.1342,0.0094,0.0094,0.0078,,,,,,,,1.609
Meszaros/deter4/deter4.mtx,dasp_double,main,double,ok,5,,,,0.1790,0.0062,0.0062,,6.2499,,,,,,,1.783
Meszaros/deter4/deter4.mtx,dasp_half,main_reduced_precision,half,ok,5,,,,0.1070,0.0041,0.0041,,9.3718,,,,,,,1.889
Meszaros/deter4/deter4.mtx,packsell_pack16,structural_related,half,ok,5,3235,9133,19231,,0.004343,0.004343,,8.85534,,,,,,0.000972129,2.660
Meszaros/deter4/deter4.mtx,packsell_pack32,structural_related,float,ok,5,3235,9133,19231,,0.006350,0.006350,,6.05682,,,,,,2.48733e-07,2.316
Meszaros/deter4/deter4.mtx,spaden_bitmap_float,structural_related,float,ok,5,3235,9133,19231,,0.0194,0.0194,,1.9782,72.56,208.2,,,,6.343912e-08,1.791
Meszaros/deter5/deter5.mtx,cusparse_double,main,double,ok,4,5103,14529,29715,0.1302,0.0188,0.0188,0.0143,,,,,,,,0.984
Meszaros/deter5/deter5.mtx,cusparse_float,main_float,float,ok,2,5103,14529,29715,0.1342,0.0109,0.0109,0.0098,,,,,,,,1.736
Meszaros/deter5/deter5.mtx,dasp_double,main,double,ok,2,,,,0.2650,0.0062,0.0062,,9.6603,,,,,,,1.652
Meszaros/deter5/deter5.mtx,dasp_half,main_reduced_precision,half,ok,2,,,,0.1590,0.0041,0.0041,,14.4739,,,,,,,1.108
Meszaros/deter5/deter5.mtx,packsell_pack16,structural_related,half,ok,2,5103,14529,29715,,0.004417,0.004417,,13.4538,,,,,,0.00101814,3.098
Meszaros/deter5/deter5.mtx,packsell_pack32,structural_related,float,ok,2,5103,14529,29715,,0.006420,0.006420,,9.25677,,,,,,2.43673e-07,3.590
Meszaros/deter5/deter5.mtx,spaden_bitmap_float,structural_related,float,ok,2,5103,14529,29715,,0.0233,0.0233,,2.5554,33.42,212.4,,,,1.117952e-07,1.474
Meszaros/deter6/deter6.mtx,cusparse_double,main,double,ok,4,4255,12113,24771,0.1318,0.0173,0.0173,0.0143,,,,,,,,1.165
Meszaros/deter6/deter6.mtx,cusparse_float,main_float,float,ok,7,4255,12113,24771,0.1177,0.0107,0.0107,0.0085,,,,,,,,1.799
Meszaros/deter6/deter6.mtx,dasp_double,main,double,ok,7,,,,0.2410,0.0067,0.0067,,7.3472,,,,,,,1.990
Meszaros/deter6/deter6.mtx,dasp_half,main_reduced_precision,half,ok,7,,,,0.1480,0.0041,0.0041,,12.0716,,,,,,,1.796
Meszaros/deter6/deter6.mtx,packsell_pack16,structural_related,half,ok,7,4255,12113,24771,,0.004419,0.004419,,11.2102,,,,,,0.000993156,4.097
Meszaros/deter6/deter6.mtx,packsell_pack32,structural_related,float,ok,7,4255,12113,24771,,0.006436,0.006436,,7.69804,,,,,,2.69452e-07,3.295
Meszaros/deter6/deter6.mtx,spaden_bitmap_float,structural_related,float,ok,7,4255,12113,24771,,0.0212,0.0212,,2.3324,10.37,212.3,,,,1.123479e-07,1.826
Meszaros/deter7/deter7.mtx,cusparse_double,main,double,ok,4,6375,18153,37131,0.1392,0.0164,0.0164,0.0143,,,,,,,,1.064
Meszaros/deter7/deter7.mtx,cusparse_float,main_float,float,ok,7,6375,18153,37131,0.1372,0.0104,0.0104,0.0088,,,,,,,,1.568
Meszaros/deter7/deter7.mtx,dasp_double,main,double,ok,7,,,,0.3030,0.0082,0.0082,,9.0619,,,,,,,1.479
Meszaros/deter7/deter7.mtx,dasp_half,main_reduced_precision,half,ok,7,,,,0.2220,0.0041,0.0041,,18.0950,,,,,,,1.884
Meszaros/deter7/deter7.mtx,packsell_pack16,structural_related,half,ok,7,6375,18153,37131,,0.004381,0.004381,,16.9507,,,,,,0.00102782,3.430
Meszaros/deter7/deter7.mtx,packsell_pack32,structural_related,float,ok,7,6375,18153,37131,,0.006575,0.006575,,11.2942,,,,,,2.7172e-07,3.204
Meszaros/deter7/deter7.mtx,spaden_bitmap_float,structural_related,float,ok,7,6375,18153,37131,,0.0215,0.0215,,3.4584,47.19,212.4,,,,2.024304e-07,1.323
Meszaros/deter8/deter8.mtx,cusparse_double,main,double,ok,1,3831,10905,22299,0.1337,0.0154,0.0154,0.0123,,,,,,,,0.405
Meszaros/deter8/deter8.mtx,cusparse_float,main_float,float,ok,7,3831,10905,22299,0.1370,0.0101,0.0101,0.0098,,,,,,,,1.877
Meszaros/deter8/deter8.mtx,dasp_double,main,double,ok,7,,,,0.1920,0.0082,0.0082,,5.4408,,,,,,,1.547
Meszaros/deter8/deter8.mtx,dasp_half,main_reduced_precision,half,ok,7,,,,0.1430,0.0041,0.0041,,10.8670,,,,,,,2.323
Meszaros/deter8/deter8.mtx,packsell_pack16,structural_related,half,ok,7,3831,10905,22299,,0.004400,0.004400,,10.136,,,,,,0.00101293,3.041
Meszaros/deter8/deter8.mtx,packsell_pack32,structural_related,float,ok,7,3831,10905,22299,,0.006818,0.006818,,6.54096,,,,,,2.54412e-07,2.205
Meszaros/deter8/deter8.mtx,spaden_bitmap_float,structural_related,float,ok,7,3831,10905,22299,,0.0224,0.0224,,1.9925,34.92,212.3,,,,2.025312e-07,1.971
Meszaros/ex3sta1/ex3sta1.mtx,cusparse_double,main,double,ok,2,17443,17516,68779,0.1331,0.0142,0.0142,0.0123,,,,,,,,1.327
Meszaros/ex3sta1/ex3sta1.mtx,cusparse_float,main_float,float,ok,2,17443,17516,68779,0.1369,0.0093,0.0093,0.0062,,,,,,,,1.479
Meszaros/ex3sta1/ex3sta1.mtx,dasp_double,main,double,ok,2,,,,0.8250,0.0041,0.0041,,33.5099,,,,,,,1.802
Meszaros/ex3sta1/ex3sta1.mtx,dasp_half,main_reduced_precision,half,ok,2,,,,0.8010,0.0041,0.0041,,33.5344,,,,,,,1.645
Meszaros/ex3sta1/ex3sta1.mtx,packsell_pack16,structural_related,half,ok,2,17443,17516,68779,,0.004044,0.004044,,34.0193,,,,,,0.000457383,2.094
Meszaros/ex3sta1/ex3sta1.mtx,packsell_pack32,structural_related,float,ok,2,17443,17516,68779,,0.003890,0.003890,,35.3638,,,,,,1.29294e-07,2.850
Meszaros/ex3sta1/ex3sta1.mtx,spaden_bitmap_float,structural_related,float,ok,2,17443,17516,68779,,0.0082,0.0082,,16.6983,17.09,82.7,,,,1.691244e-08,1.683
Meszaros/farm/farm.mtx,cusparse_double,main,double,ok,1,7,17,41,0.1533,0.0115,0.0115,0.0082,,,,,,,,0.408
Meszaros/farm/farm.mtx,cusparse_float,main_float,float,ok,2,7,17,41,0.1325,0.0072,0.0072,0.0058,,,,,,,,1.601
Meszaros/farm/farm.mtx,dasp_double,main,double,ok,2,,,,0.0080,0.0041,0.0041,,0.0200,,,,,,,1.222
Meszaros/farm/farm.mtx,dasp_half,main_reduced_precision,half,ok,2,,,,0.0130,0.0117,0.0117,,0.0070,,,,,,,1.474
Meszaros/farm/farm.mtx,packsell_pack16,structural_related,half,ok,2,7,17,41,,0.004211,0.004211,,0.0194739,,,,,,0.000244448,3.130
Meszaros/farm/farm.mtx,packsell_pack32,structural_related,float,ok,2,7,17,41,,0.004235,0.004235,,0.0193623,,,,,,6.54793e-08,2.451
Meszaros/farm/farm.mtx,spaden_bitmap_float,structural_related,float,ok,2,7,17,41,,0.0047,0.0047,,0.0176,18.23,62.2,,,,0.000000e+00,1.459
Meszaros/gas11/gas11.mtx,cusparse_double,main,double,ok,5,459,862,2166,0.1315,0.0117,0.0117,0.0102,,,,,,,,0.828
Meszaros/gas11/gas11.mtx,cusparse_float,main_float,float,ok,7,459,862,2166,0.1386,0.0081,0.0081,0.0067,,,,,,,,1.604
Meszaros/gas11/gas11.mtx,dasp_double,main,double,ok,7,,,,0.0410,0.0057,0.0057,,0.7625,,,,,,,1.467
Meszaros/gas11/gas11.mtx,dasp_half,main_reduced_precision,half,ok,7,,,,0.0570,0.0041,0.0041,,1.0556,,,,,,,1.540
Meszaros/gas11/gas11.mtx,packsell_pack16,structural_related,half,ok,7,459,862,2166,,0.004247,0.004247,,1.02003,,,,,,0.000409479,2.811
Meszaros/gas11/gas11.mtx,packsell_pack32,structural_related,float,ok,7,459,862,2166,,0.004805,0.004805,,0.901611,,,,,,1.03226e-07,2.891
Meszaros/gas11/gas11.mtx,spaden_bitmap_float,structural_related,float,ok,7,459,862,2166,,0.0089,0.0089,,0.4857,34.33,96.5,,,,3.132561e-08,1.634
Meszaros/ge/ge.mtx,cusparse_double,main,double,ok,3,10099,16369,44825,0.1365,0.0163,0.0163,0.0123,,,,,,,,0.817
Meszaros/ge/ge.mtx,cusparse_float,main_float,float,ok,7,10099,16369,44825,0.1346,0.0091,0.0091,0.0078,,,,,,,,1.365
Meszaros/ge/ge.mtx,dasp_double,main,double,ok,7,,,,0.6280,0.0094,0.0094,,9.5382,,,,,,,1.127
Meszaros/ge/ge.mtx,dasp_half,main_reduced_precision,half,ok,7,,,,0.5540,0.0061,0.0061,,14.5844,,,,,,,1.593
Meszaros/ge/ge.mtx,packsell_pack16,structural_related,half,ok,7,10099,16369,44825,,0.006321,0.006321,,14.1836,,,,,,0.000462174,2.571
Meszaros/ge/ge.mtx,packsell_pack32,structural_related,float,ok,7,10099,16369,44825,,0.008487,0.008487,,10.5629,,,,,,1.411e-07,1.831
Meszaros/ge/ge.mtx,spaden_bitmap_float,structural_related,float,ok,7,10099,16369,44825,,0.0472,0.0472,,1.8983,164.73,161.1,,,,2.341197e-10,1.668
Meszaros/iiasa/iiasa.mtx,cusparse_double,main,double,ok,3,669,3639,7317,0.1410,0.0133,0.0133,0.0102,,,,,,,,1.428
Meszaros/iiasa/iiasa.mtx,cusparse_float,main_float,float,ok,3,669,3639,7317,0.1351,0.0080,0.0080,0.0066,,,,,,,,1.581
Meszaros/iiasa/iiasa.mtx,dasp_double,main,double,ok,3,,,,0.1020,0.0059,0.0059,,2.4909,,,,,,,1.685
Meszaros/iiasa/iiasa.mtx,dasp_half,main_reduced_precision,half,ok,3,,,,0.0730,0.0041,0.0041,,3.5675,,,,,,,1.378
Meszaros/iiasa/iiasa.mtx,packsell_pack16,structural_related,half,ok,3,669,3639,7317,,0.004340,0.004340,,3.37176,,,,,,0.00103493,2.911
Meszaros/iiasa/iiasa.mtx,packsell_pack32,structural_related,float,ok,3,669,3639,7317,,0.006416,0.006416,,2.28069,,,,,,2.84724e-07,2.287
Meszaros/iiasa/iiasa.mtx,spaden_bitmap_float,structural_related,float,ok,3,669,3639,7317,,0.0214,0.0214,,0.6834,16.06,96.0,,,,7.045330e-08,1.654
Meszaros/jendrec1/jendrec1.mtx,cusparse_double,main,double,ok,3,2109,4228,89608,0.1401,0.0128,0.0128,0.0102,,,,,,,,0.853
Meszaros/jendrec1/jendrec1.mtx,cusparse_float,main_float,float,ok,5,2109,4228,89608,0.1168,0.0087,0.0087,0.0059,,,,,,,,1.327
Meszaros/jendrec1/jendrec1.mtx,dasp_double,main,double,ok,5,,,,0.8070,0.0082,0.0082,,21.8663,,,,,,,0.642
Meszaros/jendrec1/jendrec1.mtx,dasp_half,main_reduced_precision,half,ok,5,,,,0.7670,0.0061,0.0061,,29.1503,,,,,,,1.058
Meszaros/jendrec1/jendrec1.mtx,packsell_pack16,structural_related,half,ok,5,2109,4228,89608,,0.006369,0.006369,,28.1375,,,,,,0.000420803,2.446
Meszaros/jendrec1/jendrec1.mtx,packsell_pack32,structural_related,float,ok,5,2109,4228,89608,,0.008925,0.008925,,20.0794,,,,,,1.5906e-07,2.514
Meszaros/jendrec1/jendrec1.mtx,spaden_bitmap_float,structural_related,float,ok,5,2109,4228,89608,,0.0092,0.0092,,19.4642,48.30,56.7,,,,9.395942e-08,1.987
Meszaros/kleemin/kleemin_A_1.mtx,cusparse_double,main,double,ok,5,3,6,9,0.1516,0.0140,0.0140,0.0113,,,,,,,,0.674
Meszaros/kleemin/kleemin_A_1.mtx,cusparse_float,main_float,float,ok,5,3,6,9,0.1248,0.0074,0.0074,0.0060,,,,,,,,1.027
Meszaros/kleemin/kleemin_A_1.mtx,dasp_double,main,double,ok,5,,,,0.0080,0.0041,0.0041,,0.0044,,,,,,,1.618
Meszaros/kleemin/kleemin_A_1.mtx,dasp_half,main_reduced_precision,half,ok,5,,,,0.0060,0.0041,0.0041,,0.0044,,,,,,,1.343
Meszaros/kleemin/kleemin_A_1.mtx,packsell_pack16,structural_related,half,ok,5,3,6,9,,0.004723,0.004723,,0.00381095,,,,,,0.000258643,2.215
Meszaros/kleemin/kleemin_A_1.mtx,packsell_pack32,structural_related,float,ok,5,3,6,9,,0.002799,0.002799,,0.0064301,,,,,,5.85846e-08,1.980
Meszaros/kleemin/kleemin_A_1.mtx,spaden_bitmap_float,structural_related,float,ok,5,3,6,9,,0.0030,0.0030,,0.0060,17.70,72.7,,,,0.000000e+00,1.202
Meszaros/large/large_A_04.mtx,cusparse_double,main,double,ok,4,4200,8536,19717,0.1401,0.0142,0.0142,0.0123,,,,,,,,1.614
Meszaros/large/large_A_04.mtx,cusparse_float,main_float,float,ok,3,4200,8536,19717,0.1156,0.0090,0.0090,0.0082,,,,,,,,1.559
Meszaros/large/large_A_04.mtx,dasp_double,main,double,ok,3,,,,0.2160,0.0048,0.0048,,8.2257,,,,,,,1.593
Meszaros/large/large_A_04.mtx,dasp_half,main_reduced_precision,half,ok,3,,,,0.2510,0.0041,0.0041,,9.6087,,,,,,,2.030
Meszaros/large/large_A_04.mtx,packsell_pack16,structural_related,half,ok,3,4200,8536,19717,,0.004230,0.004230,,9.32194,,,,,,0.000436828,4.163
Meszaros/large/large_A_04.mtx,packsell_pack32,structural_related,float,ok,3,4200,8536,19717,,0.004391,0.004391,,8.98078,,,,,,1.70322e-07,3.655
Meszaros/large/large_A_04.mtx,spaden_bitmap_float,structural_related,float,ok,3,4200,8536,19717,,0.0090,0.0090,,4.3663,14.64,93.8,,,,1.407364e-08,1.192
Meszaros/large/large_A_26.mtx,cusparse_double,main,double,ok,5,4297,8632,20543,0.1348,0.0133,0.0133,0.0123,,,,,,,,1.261
Meszaros/large/large_A_26.mtx,cusparse_float,main_float,float,ok,5,4297,8632,20543,0.1334,0.0088,0.0088,0.0069,,,,,,,,1.763
Meszaros/large/large_A_26.mtx,dasp_double,main,double,ok,5,,,,0.2630,0.0103,0.0103,,3.9913,,,,,,,1.650
Meszaros/large/large_A_26.mtx,dasp_half,main_reduced_precision,half,ok,5,,,,0.2590,0.0041,0.0041,,10.0161,,,,,,,1.454
Meszaros/large/large_A_26.mtx,packsell_pack16,structural_related,half,ok,5,4297,8632,20543,,0.004247,0.004247,,9.6745,,,,,,0.000438434,2.933
Meszaros/large/large_A_26.mtx,packsell_pack32,structural_related,float,ok,5,4297,8632,20543,,0.006280,0.006280,,6.54229,,,,,,1.76779e-07,3.193
Meszaros/large/large_A_26.mtx,spaden_bitmap_float,structural_related,float,ok,5,4297,8632,20543,,0.0090,0.0090,,4.5719,15.87,92.5,,,,1.035868e-08,1.696
Meszaros/large/large_A_29.mtx,cusparse_double,main,double,ok,6,4302,8633,20686,0.1364,0.0142,0.0142,0.0123,,,,,,,,0.967
Meszaros/large/large_A_29.mtx,cusparse_float,main_float,float,ok,4,4302,8633,20686,0.1266,0.0097,0.0097,0.0072,,,,,,,,1.724
Meszaros/large/large_A_29.mtx,dasp_double,main,double,ok,4,,,,0.2660,0.0061,0.0061,,6.7293,,,,,,,0.680
Meszaros/large/large_A_29.mtx,dasp_half,main_reduced_precision,half,ok,4,,,,0.2480,0.0041,0.0041,,10.0834,,,,,,,1.497
Meszaros/large/large_A_29.mtx,packsell_pack16,structural_related,half,ok,4,4302,8633,20686,,0.004296,0.004296,,9.62961,,,,,,0.000434617,3.480
Meszaros/large/large_A_29.mtx,packsell_pack32,structural_related,float,ok,4,4302,8633,20686,,0.006261,0.006261,,6.60821,,,,,,1.81629e-07,2.634
Meszaros/large/large_A_29.mtx,spaden_bitmap_float,structural_related,float,ok,4,4302,8633,20686,,0.0089,0.0089,,4.6273,109.75,92.1,,,,1.002932e-08,1.946
Meszaros/large/large_A_34.mtx,cusparse_double,main,double,ok,4,4273,8612,20586,0.1521,0.0142,0.0142,0.0123,,,,,,,,1.287
Meszaros/large/large_A_34.mtx,cusparse_float,main_float,float,ok,6,4273,8612,20586,0.4198,0.0094,0.0094,0.0073,,,,,,,,1.459
Meszaros/large/large_A_34.mtx,dasp_double,main,double,ok,6,,,,0.2070,0.0061,0.0061,,6.6979,,,,,,,1.676
Meszaros/large/large_A_34.mtx,dasp_half,main_reduced_precision,half,ok,6,,,,0.2620,0.0113,0.0113,,3.6432,,,,,,,1.412
Meszaros/large/large_A_34.mtx,packsell_pack16,structural_related,half,ok,6,4273,8612,20586,,0.004355,0.004355,,9.45288,,,,,,0.00043453,3.521
Meszaros/large/large_A_34.mtx,packsell_pack32,structural_related,float,ok,6,4273,8612,20586,,0.006238,0.006238,,6.60065,,,,,,1.75375e-07,2.671
Meszaros/large/large_A_34.mtx,spaden_bitmap_float,structural_related,float,ok,6,4273,8612,20586,,0.0093,0.0093,,4.4321,33.00,94.1,,,,1.033902e-08,1.527
Meszaros/large/large_A_36.mtx,cusparse_double,main,double,ok,7,4293,8624,20676,0.1590,0.0172,0.0172,0.0123,,,,,,,,0.956
Meszaros/large/large_A_36.mtx,cusparse_float,main_float,float,ok,5,4293,8624,20676,0.1190,0.0089,0.0089,0.0079,,,,,,,,1.594
Meszaros/large/large_A_36.mtx,dasp_double,main,double,ok,5,,,,0.2630,0.0061,0.0061,,6.7283,,,,,,,1.691
Meszaros/large/large_A_36.mtx,dasp_half,main_reduced_precision,half,ok,5,,,,0.2110,0.0041,0.0041,,10.0760,,,,,,,1.393
Meszaros/large/large_A_36.mtx,packsell_pack16,structural_related,half,ok,5,4293,8624,20676,,0.004297,0.004297,,9.62428,,,,,,0.00043631,2.608
Meszaros/large/large_A_36.mtx,packsell_pack32,structural_related,float,ok,5,4293,8624,20676,,0.006235,0.006235,,6.63277,,,,,,2.00199e-07,4.722
Meszaros/large/large_A_36.mtx,spaden_bitmap_float,structural_related,float,ok,5,4293,8624,20676,,0.0090,0.0090,,4.5776,15.57,94.1,,,,1.024447e-08,1.204
Meszaros/model1/model1.mtx,cusparse_double,main,double,ok,6,362,798,3028,0.1342,0.0127,0.0127,0.0102,,,,,,,,1.318
Meszaros/model1/model1.mtx,cusparse_float,main_float,float,ok,6,362,798,3028,0.1326,0.0077,0.0077,0.0061,,,,,,,,1.645
Meszaros/model1/model1.mtx,dasp_double,main,double,ok,6,,,,0.0530,0.0082,0.0082,,0.7389,,,,,,,1.458
Meszaros/model1/model1.mtx,dasp_half,main_reduced_precision,half,ok,6,,,,0.0450,0.0061,0.0061,,0.9852,,,,,,,1.614
Meszaros/model1/model1.mtx,packsell_pack16,structural_related,half,ok,6,362,798,3028,,0.006275,0.006275,,0.965038,,,,,,0.000572002,1.887
Meszaros/model1/model1.mtx,packsell_pack32,structural_related,float,ok,6,362,798,3028,,0.008527,0.008527,,0.710173,,,,,,1.55246e-07,2.203
Meszaros/model1/model1.mtx,spaden_bitmap_float,structural_related,float,ok,6,362,798,3028,,0.0092,0.0092,,0.6606,86.86,79.3,,,,4.908162e-08,1.792
Meszaros/model2/model2.mtx,cusparse_double,main,double,ok,2,379,1321,7607,0.1383,0.0130,0.0130,0.0102,,,,,,,,1.517
Meszaros/model2/model2.mtx,cusparse_float,main_float,float,ok,3,379,1321,7607,0.1183,0.0071,0.0071,0.0057,,,,,,,,1.379
Meszaros/model2/model2.mtx,dasp_double,main,double,ok,3,,,,0.1030,0.0143,0.0143,,1.0606,,,,,,,1.647
Meszaros/model2/model2.mtx,dasp_half,main_reduced_precision,half,ok,3,,,,0.0860,0.0082,0.0082,,1.8565,,,,,,,1.530
Meszaros/model2/model2.mtx,packsell_pack16,structural_related,half,ok,3,379,1321,7607,,0.010569,0.010569,,1.43953,,,,,,0.00033285,2.805
Meszaros/model2/model2.mtx,packsell_pack32,structural_related,float,ok,3,379,1321,7607,,0.018794,0.018794,,0.809531,,,,,,9.86371e-08,3.190
Meszaros/model2/model2.mtx,spaden_bitmap_float,structural_related,float,ok,3,379,1321,7607,,0.0337,0.0337,,0.4515,23.90,79.4,,,,4.597569e-08,1.870
Meszaros/model3/model3.mtx,cusparse_double,main,double,ok,5,1609,4578,23974,0.1325,0.0132,0.0132,0.0102,,,,,,,,1.242
Meszaros/model3/model3.mtx,cusparse_float,main_float,float,ok,4,1609,4578,23974,0.1373,0.0094,0.0094,0.0077,,,,,,,,1.483
Meszaros/model3/model3.mtx,dasp_double,main,double,ok,4,,,,0.2290,0.0246,0.0246,,1.9496,,,,,,,2.377
Meszaros/model3/model3.mtx,dasp_half,main_reduced_precision,half,ok,4,,,,0.3080,0.0102,0.0102,,4.6815,,,,,,,1.235
Meszaros/model3/model3.mtx,packsell_pack16,structural_related,half,ok,4,1609,4578,23974,,0.014530,0.014530,,3.29994,,,,,,0.000393588,3.634
Meszaros/model3/model3.mtx,packsell_pack32,structural_related,float,ok,4,1609,4578,23974,,0.024793,0.024793,,1.93396,,,,,,1.27091e-07,2.446
Meszaros/model3/model3.mtx,spaden_bitmap_float,structural_related,float,ok,4,1609,4578,23974,,0.0274,0.0274,,1.7491,21.34,84.6,,,,1.025618e-08,1.814
Meszaros/model6/model6.mtx,cusparse_double,main,double,ok,6,2096,5289,27628,0.1294,0.0133,0.0133,0.0123,,,,,,,,1.108
Meszaros/model6/model6.mtx,cusparse_float,main_float,float,ok,2,2096,5289,27628,0.1332,0.0095,0.0095,0.0077,,,,,,,,1.731
Meszaros/model6/model6.mtx,dasp_double,main,double,ok,2,,,,0.3290,0.0225,0.0225,,2.4532,,,,,,,1.932
Meszaros/model6/model6.mtx,dasp_half,main_reduced_precision,half,ok,2,,,,0.3030,0.0124,0.0124,,4.4659,,,,,,,1.632
Meszaros/model6/model6.mtx,packsell_pack16,structural_related,half,ok,2,2096,5289,27628,,0.016656,0.016656,,3.31741,,,,,,0.000360592,3.326
Meszaros/model6/model6.mtx,packsell_pack32,structural_related,float,ok,2,2096,5289,27628,,0.030968,0.030968,,1.78432,,,,,,1.24824e-07,2.901
Meszaros/model6/model6.mtx,spaden_bitmap_float,structural_related,float,ok,2,2096,5289,27628,,0.0275,0.0275,,2.0096,99.48,91.3,,,,3.918520e-08,1.514
Meszaros/model7/model7.mtx,cusparse_double,main,double,ok,1,3358,9582,51027,0.1393,0.0161,0.0161,0.0123,,,,,,,,0.426
Meszaros/model7/model7.mtx,cusparse_float,main_float,float,ok,5,3358,9582,51027,0.1350,0.0101,0.0101,0.0090,,,,,,,,1.715
Meszaros/model7/model7.mtx,dasp_double,main,double,ok,5,,,,0.4980,0.0287,0.0287,,3.5570,,,,,,,1.361
Meszaros/model7/model7.mtx,dasp_half,main_reduced_precision,half,ok,5,,,,0.4140,0.0103,0.0103,,9.9545,,,,,,,1.362
Meszaros/model7/model7.mtx,packsell_pack16,structural_related,half,ok,5,3358,9582,51027,,0.016701,0.016701,,6.11058,,,,,,0.000435905,4.110
Meszaros/model7/model7.mtx,packsell_pack32,structural_related,float,ok,5,3358,9582,51027,,0.030913,0.030913,,3.30135,,,,,,1.48519e-07,2.632
Meszaros/model7/model7.mtx,spaden_bitmap_float,structural_related,float,ok,5,3358,9582,51027,,0.0296,0.0296,,3.4421,46.76,85.6,,,,6.939609e-08,1.329
Meszaros/model8/model8.mtx,cusparse_double,main,double,ok,6,2896,6464,25277,0.1289,0.0138,0.0138,0.0119,,,,,,,,1.251
Meszaros/model8/model8.mtx,cusparse_float,main_float,float,ok,4,2896,6464,25277,0.1328,0.0094,0.0094,0.0069,,,,,,,,1.728
Meszaros/model8/model8.mtx,dasp_double,main,double,ok,4,,,,0.3550,0.0082,0.0082,,6.1659,,,,,,,2.273
Meszaros/model8/model8.mtx,dasp_half,main_reduced_precision,half,ok,4,,,,0.3140,0.0096,0.0096,,5.2600,,,,,,,1.440
Meszaros/model8/model8.mtx,packsell_pack16,structural_related,half,ok,4,2896,6464,25277,,0.006401,0.006401,,7.8984,,,,,,0.000746678,3.083
Meszaros/model8/model8.mtx,packsell_pack32,structural_related,float,ok,4,2896,6464,25277,,0.010371,0.010371,,4.87433,,,,,,1.93513e-07,2.458
Meszaros/model8/model8.mtx,spaden_bitmap_float,structural_related,float,ok,4,2896,6464,25277,,0.0109,0.0109,,4.6184,12.61,80.1,,,,4.715151e-08,1.704
Meszaros/model9/model9.mtx,cusparse_double,main,double,ok,2,2879,10939,55956,0.1530,0.0134,0.0134,0.0102,,,,,,,,1.344
Meszaros/model9/model9.mtx,cusparse_float,main_float,float,ok,2,2879,10939,55956,0.1334,0.0085,0.0085,0.0067,,,,,,,,1.782
Meszaros/model9/model9.mtx,dasp_double,main,double,ok,2,,,,0.7860,0.0225,0.0225,,4.9650,,,,,,,1.367
Meszaros/model9/model9.mtx,dasp_half,main_reduced_precision,half,ok,2,,,,0.4590,0.0103,0.0103,,10.9172,,,,,,,1.814
Meszaros/model9/model9.mtx,packsell_pack16,structural_related,half,ok,2,2879,10939,55956,,0.014503,0.014503,,7.71633,,,,,,0.00035905,2.107
Meszaros/model9/model9.mtx,packsell_pack32,structural_related,float,ok,2,2879,10939,55956,,0.024881,0.024881,,4.49793,,,,,,1.37135e-07,3.182
Meszaros/model9/model9.mtx,spaden_bitmap_float,structural_related,float,ok,2,2879,10939,55956,,0.0193,0.0193,,5.7978,221.35,70.8,,,,3.284171e-08,1.700
Meszaros/nemsafm/nemsafm.mtx,cusparse_double,main,double,ok,5,334,2348,2826,0.1533,0.0142,0.0142,0.0102,,,,,,,,0.995
Meszaros/nemsafm/nemsafm.mtx,cusparse_float,main_float,float,ok,6,334,2348,2826,0.1350,0.0083,0.0083,0.0061,,,,,,,,1.481
Meszaros/nemsafm/nemsafm.mtx,dasp_double,main,double,ok,6,,,,0.0560,0.0065,0.0065,,0.8681,,,,,,,1.983
Meszaros/nemsafm/nemsafm.mtx,dasp_half,main_reduced_precision,half,ok,6,,,,0.0410,0.0041,0.0041,,1.3779,,,,,,,1.878
Meszaros/nemsafm/nemsafm.mtx,packsell_pack16,structural_related,half,ok,6,334,2348,2826,,0.004188,0.004188,,1.34958,,,,,,0.000859679,2.795
Meszaros/nemsafm/nemsafm.mtx,packsell_pack32,structural_related,float,ok,6,334,2348,2826,,0.004432,0.004432,,1.27532,,,,,,2.45436e-07,3.606
Meszaros/nemsafm/nemsafm.mtx,spaden_bitmap_float,structural_related,float,ok,6,334,2348,2826,,0.0151,0.0151,,0.3738,14.74,82.3,,,,3.232985e-08,1.551
Meszaros/nemspmm2/nemspmm2.mtx,cusparse_double,main,double,ok,2,2301,8734,68225,0.1297,0.0135,0.0135,0.0102,,,,,,,,1.232
Meszaros/nemspmm2/nemspmm2.mtx,cusparse_float,main_float,float,ok,4,2301,8734,68225,0.1555,0.0090,0.0090,0.0072,,,,,,,,1.736
Meszaros/nemspmm2/nemspmm2.mtx,dasp_double,main,double,ok,4,,,,0.7560,0.0247,0.0247,,5.5268,,,,,,,1.083
Meszaros/nemspmm2/nemspmm2.mtx,dasp_half,main_reduced_precision,half,ok,4,,,,0.4570,0.0126,0.0126,,10.8199,,,,,,,1.374
Meszaros/nemspmm2/nemspmm2.mtx,packsell_pack16,structural_related,half,ok,4,2301,8734,68225,,0.043065,0.043065,,3.1685,,,,,,0.000374234,3.383
Meszaros/nemspmm2/nemspmm2.mtx,packsell_pack32,structural_related,float,ok,4,2301,8734,68225,,0.202630,0.202630,,0.673396,,,,,,2.19685e-07,2.821
Meszaros/nemspmm2/nemspmm2.mtx,spaden_bitmap_float,structural_related,float,ok,4,2301,8734,68225,,0.1505,0.1505,,0.9069,382.98,78.3,,,,6.951523e-08,2.065
Meszaros/nl/nl.mtx,cusparse_double,main,double,ok,2,7039,15325,47035,0.1541,0.0153,0.0153,0.0123,,,,,,,,1.461
Meszaros/nl/nl.mtx,cusparse_float,main_float,float,ok,7,7039,15325,47035,0.1325,0.0087,0.0087,0.0072,,,,,,,,1.586
Meszaros/nl/nl.mtx,dasp_double,main,double,ok,7,,,,0.5420,0.0143,0.0143,,6.5623,,,,,,,2.362
Meszaros/nl/nl.mtx,dasp_half,main_reduced_precision,half,ok,7,,,,0.5170,0.0082,0.0082,,11.4678,,,,,,,1.915
Meszaros/nl/nl.mtx,packsell_pack16,structural_related,half,ok,7,7039,15325,47035,,0.012617,0.012617,,7.45554,,,,,,0.000438696,2.848
Meszaros/nl/nl.mtx,packsell_pack32,structural_related,float,ok,7,7039,15325,47035,,0.022780,0.022780,,4.12946,,,,,,1.41132e-07,2.707
Meszaros/nl/nl.mtx,spaden_bitmap_float,structural_related,float,ok,7,7039,15325,47035,,0.1950,0.1950,,0.4824,190.35,125.3,,,,5.831513e-08,1.792
Meszaros/nsir/nsir_A_1.mtx,cusparse_double,main,double,ok,5,4407,10011,143249,0.1466,0.0147,0.0147,0.0123,,,,,,,,1.393
Meszaros/nsir/nsir_A_1.mtx,cusparse_float,main_float,float,ok,3,4407,10011,143249,0.1222,0.0088,0.0088,0.0078,,,,,,,,1.535
Meszaros/nsir/nsir_A_1.mtx,dasp_double,main,double,ok,3,,,,1.5260,0.0205,0.0205,,13.9919,,,,,,,1.495
Meszaros/nsir/nsir_A_1.mtx,dasp_half,main_reduced_precision,half,ok,3,,,,3.9910,0.0165,0.0165,,17.3362,,,,,,,1.776
Meszaros/nsir/nsir_A_1.mtx,packsell_pack16,structural_related,half,ok,3,4407,10011,143249,,0.041238,0.041238,,6.94735,,,,,,0.000364084,3.125
Meszaros/nsir/nsir_A_1.mtx,packsell_pack32,structural_related,float,ok,3,4407,10011,143249,,0.080061,0.080061,,3.57849,,,,,,1.18073e-07,2.904
Meszaros/nsir/nsir_A_1.mtx,spaden_bitmap_float,structural_related,float,ok,3,4407,10011,143249,,0.1833,0.1833,,1.5629,19.10,75.5,,,,3.487717e-08,1.422
Meszaros/p0033/p0033.mtx,cusparse_double,main,double,ok,6,15,48,113,0.1360,0.0118,0.0118,0.0082,,,,,,,,1.521
Meszaros/p0033/p0033.mtx,cusparse_float,main_float,float,ok,3,15,48,113,0.1435,0.0068,0.0068,0.0058,,,,,,,,1.853
Meszaros/p0033/p0033.mtx,dasp_double,main,double,ok,3,,,,0.0090,0.0041,0.0041,,0.0551,,,,,,,1.540
Meszaros/p0033/p0033.mtx,dasp_half,main_reduced_precision,half,ok,3,,,,0.0070,0.0041,0.0041,,0.0551,,,,,,,1.770
Meszaros/p0033/p0033.mtx,packsell_pack16,structural_related,half,ok,3,15,48,113,,0.004195,0.004195,,0.0538698,,,,,,0.000473215,3.465
Meszaros/p0033/p0033.mtx,packsell_pack32,structural_related,float,ok,3,15,48,113,,0.004492,0.004492,,0.0503064,,,,,,1.00922e-07,2.719
Meszaros/p0033/p0033.mtx,spaden_bitmap_float,structural_related,float,ok,3,15,48,113,,0.0050,0.0050,,0.0454,29.96,66.5,,,,0.000000e+00,1.476
Meszaros/p05/p05.mtx,cusparse_double,main,double,ok,1,5090,9590,59045,0.1515,0.0162,0.0162,0.0143,,,,,,,,0.415
Meszaros/p05/p05.mtx,cusparse_float,main_float,float,ok,2,5090,9590,59045,0.1254,0.0086,0.0086,0.0075,,,,,,,,1.521
Meszaros/p05/p05.mtx,dasp_double,main,double,ok,2,,,,0.4560,0.0071,0.0071,,16.5717,,,,,,,1.062
Meszaros/p05/p05.mtx,dasp_half,main_reduced_precision,half,ok,2,,,,0.2420,0.0041,0.0041,,28.7814,,,,,,,1.636
Meszaros/p05/p05.mtx,packsell_pack16,structural_related,half,ok,2,5090,9590,59045,,0.037174,0.037174,,3.1767,,,,,,0.000665314,2.869
Meszaros/p05/p05.mtx,packsell_pack32,structural_related,float,ok,2,5090,9590,59045,,0.168988,0.168988,,0.698807,,,,,,2.07112e-07,2.505
Meszaros/p05/p05.mtx,spaden_bitmap_float,structural_related,float,ok,2,5090,9590,59045,,0.2468,0.2468,,0.4785,264.30,81.6,,,,4.829345e-07,2.361
Meszaros/plddb/plddb_A_09.mtx,cusparse_double,main,double,ok,7,3069,5049,10829,0.1524,0.0173,0.0173,0.0143,,,,,,,,0.447
Meszaros/plddb/plddb_A_09.mtx,cusparse_float,main_float,float,ok,7,3069,5049,10829,0.1347,0.0098,0.0098,0.0076,,,,,,,,1.481
Meszaros/plddb/plddb_A_09.mtx,dasp_double,main,double,ok,7,,,,0.1150,0.0041,0.0041,,5.2786,,,,,,,1.615
Meszaros/plddb/plddb_A_09.mtx,dasp_half,main_reduced_precision,half,ok,7,,,,0.1020,0.0041,0.0041,,5.2824,,,,,,,1.529
Meszaros/plddb/plddb_A_09.mtx,packsell_pack16,structural_related,half,ok,7,3069,5049,10829,,0.004132,0.004132,,5.24208,,,,,,0.000447218,3.108
Meszaros/plddb/plddb_A_09.mtx,packsell_pack32,structural_related,float,ok,7,3069,5049,10829,,0.004307,0.004307,,5.02856,,,,,,1.24313e-07,2.655
Meszaros/plddb/plddb_A_09.mtx,spaden_bitmap_float,structural_related,float,ok,7,3069,5049,10829,,0.0068,0.0068,,3.1637,8.76,84.1,,,,1.234226e-09,1.806
Meszaros/plddb/plddb_A_10.mtx,cusparse_double,main,double,ok,2,3069,5049,10832,0.1359,0.0143,0.0143,0.0123,,,,,,,,1.321
Meszaros/plddb/plddb_A_10.mtx,cusparse_float,main_float,float,ok,6,3069,5049,10832,0.1330,0.0100,0.0100,0.0080,,,,,,,,1.500
Meszaros/plddb/plddb_A_10.mtx,dasp_double,main,double,ok,6,,,,0.1410,0.0090,0.0090,,2.3999,,,,,,,1.651
Meszaros/plddb/plddb_A_10.mtx,dasp_half,main_reduced_precision,half,ok,6,,,,0.1280,0.0041,0.0041,,5.2826,,,,,,,1.473
Meszaros/plddb/plddb_A_10.mtx,packsell_pack16,structural_related,half,ok,6,3069,5049,10832,,0.003278,0.003278,,6.60931,,,,,,0.000447218,3.091
Meszaros/plddb/plddb_A_10.mtx,packsell_pack32,structural_related,float,ok,6,3069,5049,10832,,0.004283,0.004283,,5.0581,,,,,,1.24313e-07,2.106
Meszaros/plddb/plddb_A_10.mtx,spaden_bitmap_float,structural_related,float,ok,6,3069,5049,10832,,0.0068,0.0068,,3.1954,25.25,84.1,,,,1.234637e-09,1.575
Meszaros/plddb/plddb_A_11.mtx,cusparse_double,main,double,ok,5,3069,5049,10835,0.1307,0.0142,0.0142,0.0123,,,,,,,,1.384
Meszaros/plddb/plddb_A_11.mtx,cusparse_float,main_float,float,ok,4,3069,5049,10835,0.1372,0.0094,0.0094,0.0079,,,,,,,,1.598
Meszaros/plddb/plddb_A_11.mtx,dasp_double,main,double,ok,4,,,,0.1530,0.0041,0.0041,,5.2828,,,,,,,1.800
Meszaros/plddb/plddb_A_11.mtx,dasp_half,main_reduced_precision,half,ok,4,,,,0.1160,0.0041,0.0041,,5.2841,,,,,,,1.626
Meszaros/plddb/plddb_A_11.mtx,packsell_pack16,structural_related,half,ok,4,3069,5049,10835,,0.004211,0.004211,,5.14548,,,,,,0.000447218,2.434
Meszaros/plddb/plddb_A_11.mtx,packsell_pack32,structural_related,float,ok,4,3069,5049,10835,,0.005634,0.005634,,3.84624,,,,,,1.24313e-07,2.801
Meszaros/plddb/plddb_A_11.mtx,spaden_bitmap_float,structural_related,float,ok,4,3069,5049,10835,,0.0069,0.0069,,3.1356,22.53,84.1,,,,1.235047e-09,1.646
Meszaros/plddb/plddb_A_12.mtx,cusparse_double,main,double,ok,1,3069,5049,10837,0.1349,0.0133,0.0133,0.0120,,,,,,,,0.401
Meszaros/plddb/plddb_A_12.mtx,cusparse_float,main_float,float,ok,5,3069,5049,10837,0.1212,0.0090,0.0090,0.0079,,,,,,,,1.639
Meszaros/plddb/plddb_A_12.mtx,dasp_double,main,double,ok,5,,,,0.1670,0.0041,0.0041,,5.2825,,,,,,,1.596
Meszaros/plddb/plddb_A_12.mtx,dasp_half,main_reduced_precision,half,ok,5,,,,2.2950,0.0066,0.0066,,3.2949,,,,,,,1.548
Meszaros/plddb/plddb_A_12.mtx,packsell_pack16,structural_related,half,ok,5,3069,5049,10837,,0.004268,0.004268,,5.07865,,,,,,0.000447218,2.293
Meszaros/plddb/plddb_A_12.mtx,packsell_pack32,structural_related,float,ok,5,3069,5049,10837,,0.004329,0.004329,,5.00693,,,,,,1.24313e-07,3.788
Meszaros/plddb/plddb_A_12.mtx,spaden_bitmap_float,structural_related,float,ok,5,3069,5049,10837,,0.0070,0.0070,,3.0899,13.21,84.1,,,,1.234639e-09,1.732
Meszaros/problem/problem.mtx,cusparse_double,main,double,ok,1,12,46,86,0.1473,0.0112,0.0112,0.0102,,,,,,,,0.399
Meszaros/problem/problem.mtx,cusparse_float,main_float,float,ok,4,12,46,86,0.1316,0.0074,0.0074,0.0061,,,,,,,,1.782
Meszaros/problem/problem.mtx,dasp_double,main,double,ok,4,,,,0.0120,0.0068,0.0068,,0.0254,,,,,,,1.450
Meszaros/problem/problem.mtx,dasp_half,main_reduced_precision,half,ok,4,,,,0.0080,0.0041,0.0041,,0.0420,,,,,,,1.270
Meszaros/problem/problem.mtx,packsell_pack16,structural_related,half,ok,4,12,46,86,,0.003946,0.003946,,0.0435884,,,,,,0.000472012,3.082
Meszaros/problem/problem.mtx,packsell_pack32,structural_related,float,ok,4,12,46,86,,0.004258,0.004258,,0.040399,,,,,,1.71209e-07,2.653
Meszaros/problem/problem.mtx,spaden_bitmap_float,structural_related,float,ok,4,12,46,86,,0.0051,0.0051,,0.0338,34.60,65.9,,,,0.000000e+00,1.563
Meszaros/progas/progas.mtx,cusparse_double,main,double,ok,1,1650,1900,8897,0.1301,0.0135,0.0135,0.0119,,,,,,,,0.399
Meszaros/progas/progas.mtx,cusparse_float,main_float,float,ok,2,1650,1900,8897,0.1274,0.0091,0.0091,0.0068,,,,,,,,1.837
Meszaros/progas/progas.mtx,dasp_double,main,double,ok,2,,,,0.1280,0.0041,0.0041,,4.3358,,,,,,,2.201
Meszaros/progas/progas.mtx,dasp_half,main_reduced_precision,half,ok,2,,,,0.1150,0.0041,0.0041,,4.3411,,,,,,,1.490
Meszaros/progas/progas.mtx,packsell_pack16,structural_related,half,ok,2,1650,1900,8897,,0.004244,0.004244,,4.19304,,,,,,0.000423754,3.305
Meszaros/progas/progas.mtx,packsell_pack32,structural_related,float,ok,2,1650,1900,8897,,0.004377,0.004377,,4.06568,,,,,,1.11252e-07,1.954
Meszaros/progas/progas.mtx,spaden_bitmap_float,structural_related,float,ok,2,1650,1900,8897,,0.0089,0.0089,,2.0058,117.38,89.5,,,,1.660070e-10,1.995
Meszaros/qiulp/qiulp.mtx,cusparse_double,main,double,ok,3,1192,1900,4492,0.1361,0.0132,0.0132,0.0102,,,,,,,,1.438
Meszaros/qiulp/qiulp.mtx,cusparse_float,main_float,float,ok,7,1192,1900,4492,0.1347,0.0095,0.0095,0.0080,,,,,,,,1.732
Meszaros/qiulp/qiulp.mtx,dasp_double,main,double,ok,7,,,,0.0530,0.0574,0.0574,,0.1565,,,,,,,1.647
Meszaros/qiulp/qiulp.mtx,dasp_half,main_reduced_precision,half,ok,7,,,,0.0310,0.0082,0.0082,,1.0955,,,,,,,1.545
Meszaros/qiulp/qiulp.mtx,packsell_pack16,structural_related,half,ok,7,1192,1900,4492,,0.014610,0.014610,,0.614907,,,,,,0.000472401,2.567
Meszaros/qiulp/qiulp.mtx,packsell_pack32,structural_related,float,ok,7,1192,1900,4492,,0.026900,0.026900,,0.333974,,,,,,1.34812e-07,3.246
Meszaros/qiulp/qiulp.mtx,spaden_bitmap_float,structural_related,float,ok,7,1192,1900,4492,,0.0235,0.0235,,0.3824,166.42,85.1,,,,0.000000e+00,1.622
Meszaros/r05/r05.mtx,cusparse_double,main,double,ok,3,5190,9690,104145,0.1355,0.0145,0.0145,0.0123,,,,,,,,0.848
Meszaros/r05/r05.mtx,cusparse_float,main_float,float,ok,3,5190,9690,104145,0.1214,0.0101,0.0101,0.0089,,,,,,,,1.635
Meszaros/r05/r05.mtx,dasp_double,main,double,ok,3,,,,0.5950,0.0061,0.0061,,33.8903,,,,,,,1.275
Meszaros/r05/r05.mtx,dasp_half,main_reduced_precision,half,ok,3,,,,0.3820,0.0041,0.0041,,50.7529,,,,,,,1.310
Meszaros/r05/r05.mtx,packsell_pack16,structural_related,half,ok,3,5190,9690,104145,,0.035104,0.035104,,5.93356,,,,,,0.000651461,2.605
Meszaros/r05/r05.mtx,packsell_pack32,structural_related,float,ok,3,5190,9690,104145,,0.067870,0.067870,,3.06897,,,,,,2.08153e-07,3.379
Meszaros/r05/r05.mtx,spaden_bitmap_float,structural_related,float,ok,3,5190,9690,104145,,0.4629,0.4629,,0.4500,13.58,80.9,,,,4.811079e-07,1.986
Meszaros/rlfddd/rlfddd.mtx,cusparse_double,main,double,ok,3,4050,61521,264627,0.1507,0.0154,0.0154,0.0123,,,,,,,,0.742
Meszaros/rlfddd/rlfddd.mtx,cusparse_float,main_float,float,ok,5,4050,61521,264627,0.1267,0.0091,0.0091,0.0082,,,,,,,,1.785
Meszaros/rlfddd/rlfddd.mtx,dasp_double,main,double,ok,5,,,,2.4930,0.0205,0.0205,,25.8450,,,,,,,1.293
Meszaros/rlfddd/rlfddd.mtx,dasp_half,main_reduced_precision,half,ok,5,,,,1.5990,0.0161,0.0161,,32.8627,,,,,,,1.299
Meszaros/rlfddd/rlfddd.mtx,packsell_pack16,structural_related,half,ok,5,4050,61521,264627,,0.019489,0.019489,,27.157,,,,,,0.00107243,3.023
Meszaros/rlfddd/rlfddd.mtx,packsell_pack32,structural_related,float,ok,5,4050,61521,264627,,0.035046,0.035046,,15.1018,,,,,,3.70776e-07,3.255
Meszaros/rlfddd/rlfddd.mtx,spaden_bitmap_float,structural_related,float,ok,5,4050,61521,264627,,0.1309,0.1309,,4.0419,239.81,77.2,,,,0.000000e+00,1.766
Meszaros/rlfdual/rlfdual.mtx,cusparse_double,main,double,ok,1,8052,74970,282031,0.1349,0.0153,0.0153,0.0123,,,,,,,,0.397
Meszaros/rlfdual/rlfdual.mtx,cusparse_float,main_float,float,ok,7,8052,74970,282031,0.1331,0.0090,0.0090,0.0078,,,,,,,,1.676
Meszaros/rlfdual/rlfdual.mtx,dasp_double,main,double,ok,7,,,,2.2260,0.0238,0.0238,,23.6524,,,,,,,1.680
Meszaros/rlfdual/rlfdual.mtx,dasp_half,main_reduced_precision,half,ok,7,,,,2.0000,0.0105,0.0105,,53.6946,,,,,,,1.904
Meszaros/rlfdual/rlfdual.mtx,packsell_pack16,structural_related,half,ok,7,8052,74970,282031,,0.016553,0.016553,,34.0758,,,,,,0.000917576,4.264
Meszaros/rlfdual/rlfdual.mtx,packsell_pack32,structural_related,float,ok,7,8052,74970,282031,,0.107781,0.107781,,5.23342,,,,,,3.43862e-07,4.580
Meszaros/rlfdual/rlfdual.mtx,spaden_bitmap_float,structural_related,float,ok,7,8052,74970,282031,,0.1991,0.1991,,2.8326,132.14,74.7,,,,0.000000e+00,1.718
Meszaros/rosen2/rosen2.mtx,cusparse_double,main,double,ok,4,1032,3080,47536,0.1240,0.0135,0.0135,0.0102,,,,,,,,1.157
Meszaros/rosen2/rosen2.mtx,cusparse_float,main_float,float,ok,6,1032,3080,47536,0.1474,0.0089,0.0089,0.0068,,,,,,,,1.633
Meszaros/rosen2/rosen2.mtx,dasp_double,main,double,ok,6,,,,0.3840,0.0061,0.0061,,15.4689,,,,,,,1.764
Meszaros/rosen2/rosen2.mtx,dasp_half,main_reduced_precision,half,ok,6,,,,0.2610,0.0041,0.0041,,23.1600,,,,,,,1.587
Meszaros/rosen2/rosen2.mtx,packsell_pack16,structural_related,half,ok,6,1032,3080,47536,,0.193542,0.193542,,0.491222,,,,,,0.00198477,2.488
Meszaros/rosen2/rosen2.mtx,packsell_pack32,structural_related,float,ok,6,1032,3080,47536,,0.221416,0.221416,,0.429381,,,,,,9.2686e-07,3.552
Meszaros/rosen2/rosen2.mtx,spaden_bitmap_float,structural_related,float,ok,6,1032,3080,47536,,0.0526,0.0526,,1.8085,101.28,53.3,,,,0.000000e+00,1.723
Meszaros/scrs8-2r/scrs8-2r.mtx,cusparse_double,main,double,ok,5,14364,27691,58439,0.1293,0.0146,0.0146,0.0123,,,,,,,,1.404
Meszaros/scrs8-2r/scrs8-2r.mtx,cusparse_float,main_float,float,ok,2,14364,27691,58439,0.1295,0.0090,0.0090,0.0078,,,,,,,,1.631
Meszaros/scrs8-2r/scrs8-2r.mtx,dasp_double,main,double,ok,2,,,,0.6120,0.0041,0.0041,,28.4721,,,,,,,2.155
Meszaros/scrs8-2r/scrs8-2r.mtx,dasp_half,main_reduced_precision,half,ok,2,,,,0.4800,0.0042,0.0042,,27.5266,,,,,,,1.488
Meszaros/scrs8-2r/scrs8-2r.mtx,packsell_pack16,structural_related,half,ok,2,14364,27691,58439,,0.004340,0.004340,,26.9294,,,,,,0.000683153,2.406
Meszaros/scrs8-2r/scrs8-2r.mtx,packsell_pack32,structural_related,float,ok,2,14364,27691,58439,,0.004404,0.004404,,26.5403,,,,,,1.69429e-07,2.994
Meszaros/scrs8-2r/scrs8-2r.mtx,spaden_bitmap_float,structural_related,float,ok,2,14364,27691,58439,,0.0069,0.0069,,16.8238,23.95,90.4,,,,9.054086e-10,1.661
Meszaros/scrs8-2r/scrs8-2r_A_08.mtx,cusparse_double,main,double,ok,1,3612,6955,14663,0.1532,0.0139,0.0139,0.0123,,,,,,,,0.408
Meszaros/scrs8-2r/scrs8-2r_A_08.mtx,cusparse_float,main_float,float,ok,4,3612,6955,14663,0.1367,0.0095,0.0095,0.0072,,,,,,,,1.881
Meszaros/scrs8-2r/scrs8-2r_A_08.mtx,dasp_double,main,double,ok,4,,,,0.1580,0.0041,0.0041,,7.1440,,,,,,,1.475
Meszaros/scrs8-2r/scrs8-2r_A_08.mtx,dasp_half,main_reduced_precision,half,ok,4,,,,0.1560,0.0041,0.0041,,7.1353,,,,,,,1.849
Meszaros/scrs8-2r/scrs8-2r_A_08.mtx,packsell_pack16,structural_related,half,ok,4,3612,6955,14663,,0.004289,0.004289,,6.83738,,,,,,0.00067009,2.058
Meszaros/scrs8-2r/scrs8-2r_A_08.mtx,packsell_pack32,structural_related,float,ok,4,3612,6955,14663,,0.004376,0.004376,,6.70155,,,,,,1.50833e-07,2.291
Meszaros/scrs8-2r/scrs8-2r_A_08.mtx,spaden_bitmap_float,structural_related,float,ok,4,3612,6955,14663,,0.0072,0.0072,,4.0514,200.14,90.4,,,,9.032737e-10,1.739
Meszaros/scrs8-2r/scrs8-2r_A_09.mtx,cusparse_double,main,double,ok,7,7196,13867,29255,0.1346,0.0140,0.0140,0.0123,,,,,,,,0.847
Meszaros/scrs8-2r/scrs8-2r_A_09.mtx,cusparse_float,main_float,float,ok,7,7196,13867,29255,0.1349,0.0100,0.0100,0.0077,,,,,,,,1.744
Meszaros/scrs8-2r/scrs8-2r_A_09.mtx,dasp_double,main,double,ok,7,,,,0.3250,0.0041,0.0041,,14.2533,,,,,,,1.674
Meszaros/scrs8-2r/scrs8-2r_A_09.mtx,dasp_half,main_reduced_precision,half,ok,7,,,,0.2530,0.0095,0.0095,,6.1596,,,,,,,1.921
Meszaros/scrs8-2r/scrs8-2r_A_09.mtx,packsell_pack16,structural_related,half,ok,7,7196,13867,29255,,0.004227,0.004227,,13.842,,,,,,0.000669894,2.483
Meszaros/scrs8-2r/scrs8-2r_A_09.mtx,packsell_pack32,structural_related,float,ok,7,7196,13867,29255,,0.004397,0.004397,,13.3067,,,,,,1.59315e-07,3.386
Meszaros/scrs8-2r/scrs8-2r_A_09.mtx,spaden_bitmap_float,structural_related,float,ok,7,7196,13867,29255,,0.0070,0.0070,,8.3186,23.15,90.4,,,,9.046948e-10,1.951
Meszaros/scrs8-2r/scrs8-2r_A_10.mtx,cusparse_double,main,double,ok,5,14364,27691,58439,0.1404,0.0153,0.0153,0.0123,,,,,,,,1.720
Meszaros/scrs8-2r/scrs8-2r_A_10.mtx,cusparse_float,main_float,float,ok,2,14364,27691,58439,0.2225,0.0093,0.0093,0.0074,,,,,,,,1.751
Meszaros/scrs8-2r/scrs8-2r_A_10.mtx,dasp_double,main,double,ok,2,,,,0.6160,0.0041,0.0041,,28.4860,,,,,,,1.635
Meszaros/scrs8-2r/scrs8-2r_A_10.mtx,dasp_half,main_reduced_precision,half,ok,2,,,,0.4980,0.0041,0.0041,,28.4929,,,,,,,1.599
Meszaros/scrs8-2r/scrs8-2r_A_10.mtx,packsell_pack16,structural_related,half,ok,2,14364,27691,58439,,0.004157,0.004157,,28.1171,,,,,,0.000683153,2.624
Meszaros/scrs8-2r/scrs8-2r_A_10.mtx,packsell_pack32,structural_related,float,ok,2,14364,27691,58439,,0.004338,0.004338,,26.9414,,,,,,1.69429e-07,2.926
Meszaros/scrs8-2r/scrs8-2r_A_10.mtx,spaden_bitmap_float,structural_related,float,ok,2,14364,27691,58439,,0.0069,0.0069,,17.0383,212.71,90.4,,,,9.054086e-10,1.779
Meszaros/sctap1-2b/sctap1-2b.mtx,cusparse_double,main,double,ok,2,15390,33858,99454,0.1380,0.0134,0.0134,0.0123,,,,,,,,1.314
Meszaros/sctap1-2b/sctap1-2b.mtx,cusparse_float,main_float,float,ok,4,15390,33858,99454,0.1275,0.0093,0.0093,0.0072,,,,,,,,1.565
Meszaros/sctap1-2b/sctap1-2b.mtx,dasp_double,main,double,ok,4,,,,1.4450,0.0076,0.0076,,26.0521,,,,,,,1.365
Meszaros/sctap1-2b/sctap1-2b.mtx,dasp_half,main_reduced_precision,half,ok,4,,,,1.3390,0.0041,0.0041,,48.5023,,,,,,,2.077
Meszaros/sctap1-2b/sctap1-2b.mtx,packsell_pack16,structural_related,half,ok,4,15390,33858,99454,,0.004425,0.004425,,44.9554,,,,,,0.0006934,2.326
Meszaros/sctap1-2b/sctap1-2b.mtx,packsell_pack32,structural_related,float,ok,4,15390,33858,99454,,0.006344,0.006344,,31.3559,,,,,,3.22278e-07,2.993
Meszaros/sctap1-2b/sctap1-2b.mtx,spaden_bitmap_float,structural_related,float,ok,4,15390,33858,99454,,0.0112,0.0112,,17.7023,170.04,90.8,,,,0.000000e+00,1.791
Meszaros/sctap1-2b/sctap1-2b_A_1.mtx,cusparse_double,main,double,ok,4,270,594,1678,0.1325,0.0120,0.0120,0.0102,,,,,,,,1.163
Meszaros/sctap1-2b/sctap1-2b_A_1.mtx,cusparse_float,main_float,float,ok,4,270,594,1678,0.1470,0.0079,0.0079,0.0065,,,,,,,,1.472
Meszaros/sctap1-2b/sctap1-2b_A_1.mtx,dasp_double,main,double,ok,4,,,,0.0240,0.0041,0.0041,,0.8179,,,,,,,1.754
Meszaros/sctap1-2b/sctap1-2b_A_1.mtx,dasp_half,main_reduced_precision,half,ok,4,,,,0.0230,0.0041,0.0041,,0.8183,,,,,,,2.079
Meszaros/sctap1-2b/sctap1-2b_A_1.mtx,packsell_pack16,structural_related,half,ok,4,270,594,1678,,0.004356,0.004356,,0.770467,,,,,,0.000551833,3.402
Meszaros/sctap1-2b/sctap1-2b_A_1.mtx,packsell_pack32,structural_related,float,ok,4,270,594,1678,,0.005851,0.005851,,0.573561,,,,,,2.41893e-07,3.872
Meszaros/sctap1-2b/sctap1-2b_A_1.mtx,spaden_bitmap_float,structural_related,float,ok,4,270,594,1678,,0.0091,0.0091,,0.3702,11.16,89.8,,,,0.000000e+00,1.602
Meszaros/sctap1-2b/sctap1-2b_A_2.mtx,cusparse_double,main,double,ok,2,990,2178,6334,0.1335,0.0139,0.0139,0.0123,,,,,,,,1.438
Meszaros/sctap1-2b/sctap1-2b_A_2.mtx,cusparse_float,main_float,float,ok,7,990,2178,6334,0.1381,0.0083,0.0083,0.0061,,,,,,,,1.688
Meszaros/sctap1-2b/sctap1-2b_A_2.mtx,dasp_double,main,double,ok,7,,,,0.0830,0.0041,0.0041,,3.0845,,,,,,,1.899
Meszaros/sctap1-2b/sctap1-2b_A_2.mtx,dasp_half,main_reduced_precision,half,ok,7,,,,0.0770,0.0041,0.0041,,3.0882,,,,,,,1.203
Meszaros/sctap1-2b/sctap1-2b_A_2.mtx,packsell_pack16,structural_related,half,ok,7,990,2178,6334,,0.004363,0.004363,,2.90384,,,,,,0.00066429,2.984
Meszaros/sctap1-2b/sctap1-2b_A_2.mtx,packsell_pack32,structural_related,float,ok,7,990,2178,6334,,0.006379,0.006379,,1.98602,,,,,,2.88348e-07,3.600
Meszaros/sctap1-2b/sctap1-2b_A_2.mtx,spaden_bitmap_float,structural_related,float,ok,7,990,2178,6334,,0.0089,0.0089,,1.4223,11.43,90.6,,,,0.000000e+00,1.482
Meszaros/sctap1-2b/sctap1-2b_A_3.mtx,cusparse_double,main,double,ok,2,15390,33858,99454,0.1271,0.0141,0.0141,0.0123,,,,,,,,1.364
Meszaros/sctap1-2b/sctap1-2b_A_3.mtx,cusparse_float,main_float,float,ok,6,15390,33858,99454,0.1430,0.0099,0.0099,0.0079,,,,,,,,1.750
Meszaros/sctap1-2b/sctap1-2b_A_3.mtx,dasp_double,main,double,ok,6,,,,1.0260,0.0061,0.0061,,32.3638,,,,,,,1.489
Meszaros/sctap1-2b/sctap1-2b_A_3.mtx,dasp_half,main_reduced_precision,half,ok,6,,,,1.3570,0.0095,0.0095,,20.9025,,,,,,,1.475
Meszaros/sctap1-2b/sctap1-2b_A_3.mtx,packsell_pack16,structural_related,half,ok,6,15390,33858,99454,,0.004375,0.004375,,45.4643,,,,,,0.0006934,2.705
Meszaros/sctap1-2b/sctap1-2b_A_3.mtx,packsell_pack32,structural_related,float,ok,6,15390,33858,99454,,0.006345,0.006345,,31.3512,,,,,,3.22278e-07,2.497
Meszaros/sctap1-2b/sctap1-2b_A_3.mtx,spaden_bitmap_float,structural_related,float,ok,6,15390,33858,99454,,0.0110,0.0110,,18.1186,121.85,90.8,,,,0.000000e+00,1.530
Meszaros/sctap1-2c/sctap1-2c.mtx,cusparse_double,main,double,ok,2,3390,7458,21854,0.1422,0.0145,0.0145,0.0123,,,,,,,,1.362
Meszaros/sctap1-2c/sctap1-2c.mtx,cusparse_float,main_float,float,ok,2,3390,7458,21854,0.1366,0.0095,0.0095,0.0084,,,,,,,,1.814
Meszaros/sctap1-2c/sctap1-2c.mtx,dasp_double,main,double,ok,2,,,,0.3060,0.0041,0.0041,,10.6475,,,,,,,1.463
Meszaros/sctap1-2c/sctap1-2c.mtx,dasp_half,main_reduced_precision,half,ok,2,,,,0.2820,0.0040,0.0040,,10.7948,,,,,,,1.423
Meszaros/sctap1-2c/sctap1-2c.mtx,packsell_pack16,structural_related,half,ok,2,3390,7458,21854,,0.004356,0.004356,,10.0339,,,,,,0.000668162,3.068
Meszaros/sctap1-2c/sctap1-2c.mtx,packsell_pack32,structural_related,float,ok,2,3390,7458,21854,,0.006279,0.006279,,6.96069,,,,,,2.93842e-07,4.176
Meszaros/sctap1-2c/sctap1-2c.mtx,spaden_bitmap_float,structural_related,float,ok,2,3390,7458,21854,,0.0091,0.0091,,4.7814,43.77,90.8,,,,0.000000e+00,1.473
Meszaros/sctap1-2c/sctap1-2c_A_1.mtx,cusparse_double,main,double,ok,2,270,594,1678,0.1538,0.0160,0.0160,0.0143,,,,,,,,0.943
Meszaros/sctap1-2c/sctap1-2c_A_1.mtx,cusparse_float,main_float,float,ok,2,270,594,1678,0.1349,0.0075,0.0075,0.0062,,,,,,,,1.553
Meszaros/sctap1-2c/sctap1-2c_A_1.mtx,dasp_double,main,double,ok,2,,,,0.0270,0.0041,0.0041,,0.8177,,,,,,,2.041
Meszaros/sctap1-2c/sctap1-2c_A_1.mtx,dasp_half,main_reduced_precision,half,ok,2,,,,0.0290,0.0041,0.0041,,0.8187,,,,,,,1.729
Meszaros/sctap1-2c/sctap1-2c_A_1.mtx,packsell_pack16,structural_related,half,ok,2,270,594,1678,,0.003926,0.003926,,0.854858,,,,,,0.000551833,2.926
Meszaros/sctap1-2c/sctap1-2c_A_1.mtx,packsell_pack32,structural_related,float,ok,2,270,594,1678,,0.005363,0.005363,,0.625816,,,,,,2.41893e-07,3.629
Meszaros/sctap1-2c/sctap1-2c_A_1.mtx,spaden_bitmap_float,structural_related,float,ok,2,270,594,1678,,0.0089,0.0089,,0.3775,88.80,89.8,,,,0.000000e+00,1.962
Meszaros/sctap1-2c/sctap1-2c_A_2.mtx,cusparse_double,main,double,ok,3,990,2178,6334,0.1348,0.0142,0.0142,0.0123,,,,,,,,1.501
Meszaros/sctap1-2c/sctap1-2c_A_2.mtx,cusparse_float,main_float,float,ok,6,990,2178,6334,0.1302,0.0083,0.0083,0.0061,,,,,,,,1.612
Meszaros/sctap1-2c/sctap1-2c_A_2.mtx,dasp_double,main,double,ok,6,,,,0.0890,0.0125,0.0125,,1.0169,,,,,,,1.406
Meszaros/sctap1-2c/sctap1-2c_A_2.mtx,dasp_half,main_reduced_precision,half,ok,6,,,,0.1170,0.0041,0.0041,,3.0882,,,,,,,1.492
Meszaros/sctap1-2c/sctap1-2c_A_2.mtx,packsell_pack16,structural_related,half,ok,6,990,2178,6334,,0.004299,0.004299,,2.94687,,,,,,0.00066429,2.462
Meszaros/sctap1-2c/sctap1-2c_A_2.mtx,packsell_pack32,structural_related,float,ok,6,990,2178,6334,,0.006283,0.006283,,2.0161,,,,,,2.88348e-07,2.615
Meszaros/sctap1-2c/sctap1-2c_A_2.mtx,spaden_bitmap_float,structural_related,float,ok,6,990,2178,6334,,0.0095,0.0095,,1.3364,32.23,90.6,,,,0.000000e+00,1.444
Meszaros/sctap1-2c/sctap1-2c_A_3.mtx,cusparse_double,main,double,ok,6,3390,7458,21854,0.1354,0.0141,0.0141,0.0123,,,,,,,,1.421
Meszaros/sctap1-2c/sctap1-2c_A_3.mtx,cusparse_float,main_float,float,ok,3,3390,7458,21854,0.1311,0.0097,0.0097,0.0084,,,,,,,,1.705
Meszaros/sctap1-2c/sctap1-2c_A_3.mtx,dasp_double,main,double,ok,3,,,,0.2280,0.0041,0.0041,,10.6449,,,,,,,1.797
Meszaros/sctap1-2c/sctap1-2c_A_3.mtx,dasp_half,main_reduced_precision,half,ok,3,,,,0.2760,0.0041,0.0041,,10.6527,,,,,,,1.311
Meszaros/sctap1-2c/sctap1-2c_A_3.mtx,packsell_pack16,structural_related,half,ok,3,3390,7458,21854,,0.004303,0.004303,,10.1584,,,,,,0.000668162,3.169
Meszaros/sctap1-2c/sctap1-2c_A_3.mtx,packsell_pack32,structural_related,float,ok,3,3390,7458,21854,,0.006317,0.006317,,6.91867,,,,,,2.93842e-07,2.651
Meszaros/sctap1-2c/sctap1-2c_A_3.mtx,spaden_bitmap_float,structural_related,float,ok,3,3390,7458,21854,,0.0092,0.0092,,4.7514,25.26,90.8,,,,0.000000e+00,1.535
Meszaros/slptsk/slptsk.mtx,cusparse_double,main,double,ok,1,2861,3347,72465,0.1339,0.0131,0.0131,0.0102,,,,,,,,0.414
Meszaros/slptsk/slptsk.mtx,cusparse_float,main_float,float,ok,5,2861,3347,72465,0.1301,0.0090,0.0090,0.0070,,,,,,,,1.388
Meszaros/slptsk/slptsk.mtx,dasp_double,main,double,ok,5,,,,0.7480,0.0082,0.0082,,17.6722,,,,,,,1.230
Meszaros/slptsk/slptsk.mtx,dasp_half,main_reduced_precision,half,ok,5,,,,0.6500,0.0054,0.0054,,26.6562,,,,,,,1.732
Meszaros/slptsk/slptsk.mtx,packsell_pack16,structural_related,half,ok,5,2861,3347,72465,,0.006427,0.006427,,22.5515,,,,,,0.000313325,2.558
Meszaros/slptsk/slptsk.mtx,packsell_pack32,structural_related,float,ok,5,2861,3347,72465,,0.008500,0.008500,,17.0501,,,,,,1.06381e-07,2.722
Meszaros/slptsk/slptsk.mtx,spaden_bitmap_float,structural_related,float,ok,5,2861,3347,72465,,0.0172,0.0172,,8.4084,122.62,80.7,,,,8.055338e-08,1.211
Meszaros/small/small.mtx,cusparse_double,main,double,ok,1,677,1400,3207,0.1442,0.0131,0.0131,0.0102,,,,,,,,0.404
Meszaros/small/small.mtx,cusparse_float,main_float,float,ok,3,677,1400,3207,0.1397,0.0077,0.0077,0.0060,,,,,,,,1.609
Meszaros/small/small.mtx,dasp_double,main,double,ok,3,,,,0.0690,0.0041,0.0041,,1.5629,,,,,,,1.583
Meszaros/small/small.mtx,dasp_half,main_reduced_precision,half,ok,3,,,,0.0530,0.0079,0.0079,,0.8144,,,,,,,0.914
Meszaros/small/small.mtx,packsell_pack16,structural_related,half,ok,3,677,1400,3207,,0.004288,0.004288,,1.49583,,,,,,0.000375756,2.674
Meszaros/small/small.mtx,packsell_pack32,structural_related,float,ok,3,677,1400,3207,,0.004426,0.004426,,1.4492,,,,,,1.22695e-07,2.835
Meszaros/small/small.mtx,spaden_bitmap_float,structural_related,float,ok,3,677,1400,3207,,0.0091,0.0091,,0.7024,26.84,93.9,,,,1.475730e-09,1.982
Meszaros/small/small_A_14.mtx,cusparse_double,main,double,ok,2,701,1424,3282,0.1412,0.0138,0.0138,0.0102,,,,,,,,1.272
Meszaros/small/small_A_14.mtx,cusparse_float,main_float,float,ok,7,701,1424,3282,0.1281,0.0088,0.0088,0.0069,,,,,,,,1.715
Meszaros/small/small_A_14.mtx,dasp_double,main,double,ok,7,,,,0.0570,0.0065,0.0065,,1.0158,,,,,,,1.216
Meszaros/small/small_A_14.mtx,dasp_half,main_reduced_precision,half,ok,7,,,,0.0490,0.0041,0.0041,,1.6010,,,,,,,1.491
Meszaros/small/small_A_14.mtx,packsell_pack16,structural_related,half,ok,7,701,1424,3282,,0.004185,0.004185,,1.56837,,,,,,0.000398135,2.657
Meszaros/small/small_A_14.mtx,packsell_pack32,structural_related,float,ok,7,701,1424,3282,,0.004359,0.004359,,1.50591,,,,,,1.33168e-07,2.722
Meszaros/small/small_A_14.mtx,spaden_bitmap_float,structural_related,float,ok,7,701,1424,3282,,0.0091,0.0091,,0.7251,26.92,93.1,,,,1.760559e-09,1.819
Meszaros/small/small_A_15.mtx,cusparse_double,main,double,ok,6,687,1410,3207,0.1445,0.0135,0.0135,0.0102,,,,,,,,1.254
Meszaros/small/small_A_15.mtx,cusparse_float,main_float,float,ok,4,687,1410,3207,0.1369,0.0086,0.0086,0.0067,,,,,,,,1.540
Meszaros/small/small_A_15.mtx,dasp_double,main,double,ok,4,,,,0.0590,0.0077,0.0077,,0.8314,,,,,,,1.635
Meszaros/small/small_A_15.mtx,dasp_half,main_reduced_precision,half,ok,4,,,,0.0480,0.0041,0.0041,,1.5632,,,,,,,1.846
Meszaros/small/small_A_15.mtx,packsell_pack16,structural_related,half,ok,4,687,1410,3207,,0.004292,0.004292,,1.49438,,,,,,0.000399325,2.512
Meszaros/small/small_A_15.mtx,packsell_pack32,structural_related,float,ok,4,687,1410,3207,,0.004372,0.004372,,1.46709,,,,,,1.32523e-07,2.593
Meszaros/small/small_A_15.mtx,spaden_bitmap_float,structural_related,float,ok,4,687,1410,3207,,0.0089,0.0089,,0.7240,32.57,92.3,,,,2.041361e-09,1.578
Meszaros/small/small_A_16.mtx,cusparse_double,main,double,ok,2,683,1406,3243,0.1334,0.0138,0.0138,0.0102,,,,,,,,1.422
Meszaros/small/small_A_16.mtx,cusparse_float,main_float,float,ok,6,683,1406,3243,0.1308,0.0078,0.0078,0.0061,,,,,,,,1.550
Meszaros/small/small_A_16.mtx,dasp_double,main,double,ok,6,,,,0.0670,0.0121,0.0121,,0.5381,,,,,,,1.109
Meszaros/small/small_A_16.mtx,dasp_half,main_reduced_precision,half,ok,6,,,,0.0540,0.0041,0.0041,,1.5812,,,,,,,1.451
Meszaros/small/small_A_16.mtx,packsell_pack16,structural_related,half,ok,6,683,1406,3243,,0.004061,0.004061,,1.59705,,,,,,0.000418675,2.837
Meszaros/small/small_A_16.mtx,packsell_pack32,structural_related,float,ok,6,683,1406,3243,,0.004370,0.004370,,1.48411,,,,,,1.29497e-07,2.362
Meszaros/small/small_A_16.mtx,spaden_bitmap_float,structural_related,float,ok,6,683,1406,3243,,0.0091,0.0091,,0.7105,21.13,93.3,,,,1.835075e-09,2.204
Meszaros/small/small_A_17.mtx,cusparse_double,main,double,ok,5,677,1400,3207,0.1486,0.0159,0.0159,0.0123,,,,,,,,0.935
Meszaros/small/small_A_17.mtx,cusparse_float,main_float,float,ok,4,677,1400,3207,0.1649,0.0087,0.0087,0.0061,,,,,,,,1.693
Meszaros/small/small_A_17.mtx,dasp_double,main,double,ok,4,,,,0.0600,0.0041,0.0041,,1.5625,,,,,,,1.472
Meszaros/small/small_A_17.mtx,dasp_half,main_reduced_precision,half,ok,4,,,,0.0430,0.0041,0.0041,,1.5636,,,,,,,1.827
Meszaros/small/small_A_17.mtx,packsell_pack16,structural_related,half,ok,4,677,1400,3207,,0.004334,0.004334,,1.48001,,,,,,0.000375756,2.624
Meszaros/small/small_A_17.mtx,packsell_pack32,structural_related,float,ok,4,677,1400,3207,,0.004402,0.004402,,1.4572,,,,,,1.22695e-07,2.409
Meszaros/small/small_A_17.mtx,spaden_bitmap_float,structural_related,float,ok,4,677,1400,3207,,0.0090,0.0090,,0.7164,44.95,93.9,,,,1.475730e-09,1.503
Meszaros/stormg2-27/stormg2-27.mtx,cusparse_double,main,double,ok,3,14441,37485,94274,0.1311,0.0141,0.0141,0.0123,,,,,,,,0.817
Meszaros/stormg2-27/stormg2-27.mtx,cusparse_float,main_float,float,ok,5,14441,37485,94274,0.1244,0.0092,0.0092,0.0076,,,,,,,,1.577
Meszaros/stormg2-27/stormg2-27.mtx,dasp_double,main,double,ok,5,,,,1.1420,0.0095,0.0095,,19.8430,,,,,,,1.336
Meszaros/stormg2-27/stormg2-27.mtx,dasp_half,main_reduced_precision,half,ok,5,,,,1.3470,0.0049,0.0049,,38.2140,,,,,,,1.685
Meszaros/stormg2-27/stormg2-27.mtx,packsell_pack16,structural_related,half,ok,5,14441,37485,94274,,0.004359,0.004359,,43.2532,,,,,,0.000438279,2.033
Meszaros/stormg2-27/stormg2-27.mtx,packsell_pack32,structural_related,float,ok,5,14441,37485,94274,,0.008362,0.008362,,22.548,,,,,,1.78497e-07,2.090
Meszaros/stormg2-27/stormg2-27.mtx,spaden_bitmap_float,structural_related,float,ok,5,14441,37485,94274,,0.0171,0.0171,,11.0147,45.09,96.5,,,,9.891987e-09,1.716
Meszaros/stormg2-8/stormg2-8.mtx,cusparse_double,main,double,ok,3,4409,11322,28553,0.1431,0.0149,0.0149,0.0140,,,,,,,,1.359
Meszaros/stormg2-8/stormg2-8.mtx,cusparse_float,main_float,float,ok,3,4409,11322,28553,0.1372,0.0097,0.0097,0.0080,,,,,,,,1.652
Meszaros/stormg2-8/stormg2-8.mtx,dasp_double,main,double,ok,3,,,,0.4340,0.0063,0.0063,,9.0817,,,,,,,1.370
Meszaros/stormg2-8/stormg2-8.mtx,dasp_half,main_reduced_precision,half,ok,3,,,,0.3570,0.0164,0.0164,,3.4874,,,,,,,1.471
Meszaros/stormg2-8/stormg2-8.mtx,packsell_pack16,structural_related,half,ok,3,4409,11322,28553,,0.004442,0.004442,,12.8547,,,,,,0.000416736,3.017
Meszaros/stormg2-8/stormg2-8.mtx,packsell_pack32,structural_related,float,ok,3,4409,11322,28553,,0.008354,0.008354,,6.83577,,,,,,1.5628e-07,3.471
Meszaros/stormg2-8/stormg2-8.mtx,spaden_bitmap_float,structural_related,float,ok,3,4409,11322,28553,,0.0172,0.0172,,3.3129,22.34,96.1,,,,1.951275e-08,1.419
Meszaros/testbig/testbig.mtx,cusparse_double,main,double,ok,2,17613,31223,61639,0.1539,0.0135,0.0135,0.0123,,,,,,,,1.353
Meszaros/testbig/testbig.mtx,cusparse_float,main_float,float,ok,3,17613,31223,61639,0.1360,0.0088,0.0088,0.0076,,,,,,,,1.626
Meszaros/testbig/testbig.mtx,dasp_double,main,double,ok,3,,,,0.6680,0.0041,0.0041,,30.0385,,,,,,,1.735
Meszaros/testbig/testbig.mtx,dasp_half,main_reduced_precision,half,ok,3,,,,0.6370,0.0041,0.0041,,30.0605,,,,,,,1.969
Meszaros/testbig/testbig.mtx,packsell_pack16,structural_related,half,ok,3,17613,31223,61639,,0.004272,0.004272,,28.8597,,,,,,0.00078377,4.127
Meszaros/testbig/testbig.mtx,packsell_pack32,structural_related,float,ok,3,17613,31223,61639,,0.004249,0.004249,,29.0114,,,,,,2.96434e-07,1.860
Meszaros/testbig/testbig.mtx,spaden_bitmap_float,structural_related,float,ok,3,17613,31223,61639,,0.0071,0.0071,,17.3873,225.28,79.4,,,,8.499676e-09,2.085
Meszaros/ulevimin/ulevimin.mtx,cusparse_double,main,double,ok,7,6590,46937,164538,0.1612,0.0179,0.0179,0.0123,,,,,,,,1.207
Meszaros/ulevimin/ulevimin.mtx,cusparse_float,main_float,float,ok,3,6590,46937,164538,0.1253,0.0088,0.0088,0.0077,,,,,,,,1.618
Meszaros/ulevimin/ulevimin.mtx,dasp_double,main,double,ok,3,,,,1.6010,0.0306,0.0306,,10.7524,,,,,,,1.780
Meszaros/ulevimin/ulevimin.mtx,dasp_half,main_reduced_precision,half,fail:0,3,,,,1.1260,0.0102,0.0102,,32.1301,,,,,,,1.691
Meszaros/ulevimin/ulevimin.mtx,packsell_pack16,structural_related,half,ok,3,6590,46937,164538,,1.460050,1.460050,,0.225387,,,,,,0.000731956,2.518
Meszaros/ulevimin/ulevimin.mtx,packsell_pack32,structural_related,float,ok,3,6590,46937,164538,,2.933187,2.933187,,0.112191,,,,,,3.85871e-07,3.088
Meszaros/ulevimin/ulevimin.mtx,spaden_bitmap_float,structural_related,float,ok,3,6590,46937,164538,,0.8610,0.8610,,0.3822,31.26,91.9,,,,4.816882e-08,1.533
Morandini/robot/robot.mtx,cusparse_double,main,double,ok,3,120,120,870,0.1400,0.0114,0.0114,0.0082,,,,,,,,1.269
Morandini/robot/robot.mtx,cusparse_float,main_float,float,ok,6,120,120,870,0.1302,0.0079,0.0079,0.0065,,,,,,,,1.525
Morandini/robot/robot.mtx,dasp_double,main,double,ok,6,,,,0.0180,0.0062,0.0062,,0.2819,,,,,,,1.634
Morandini/robot/robot.mtx,dasp_half,main_reduced_precision,half,ok,6,,,,0.0170,0.0041,0.0041,,0.4241,,,,,,,1.453
Morandini/robot/robot.mtx,packsell_pack16,structural_related,half,ok,6,120,120,870,,0.004206,0.004206,,0.413731,,,,,,0.000378372,3.021
Morandini/robot/robot.mtx,packsell_pack32,structural_related,float,ok,6,120,120,870,,0.005792,0.005792,,0.300399,,,,,,1.13073e-07,4.115
Morandini/robot/robot.mtx,spaden_bitmap_float,structural_related,float,ok,6,120,120,870,,0.0071,0.0071,,0.2467,17.98,65.1,,,,3.346921e-08,2.150
Morandini/rotor1/rotor1.mtx,cusparse_double,main,double,ok,7,100,100,708,0.1241,0.0109,0.0109,0.0082,,,,,,,,0.388
Morandini/rotor1/rotor1.mtx,cusparse_float,main_float,float,ok,5,100,100,702,0.1349,0.0077,0.0077,0.0062,,,,,,,,1.630
Morandini/rotor1/rotor1.mtx,dasp_double,main,double,ok,5,,,,0.0220,0.0106,0.0106,,0.1331,,,,,,,1.545
Morandini/rotor1/rotor1.mtx,dasp_half,main_reduced_precision,half,ok,5,,,,0.0260,0.0041,0.0041,,0.3449,,,,,,,1.387
Morandini/rotor1/rotor1.mtx,packsell_pack16,structural_related,half,ok,5,100,100,708,,0.004389,0.004389,,0.322635,,,,,,0.000329668,4.232
Morandini/rotor1/rotor1.mtx,packsell_pack32,structural_related,float,ok,5,100,100,708,,0.006411,0.006411,,0.220872,,,,,,1.01886e-07,2.936
Morandini/rotor1/rotor1.mtx,spaden_bitmap_float,structural_related,float,ok,5,100,100,708,,0.0070,0.0070,,0.2016,20.02,65.9,,,,8.576022e-06,1.425
Morandini/rotor2/rotor2.mtx,cusparse_double,main,double,ok,5,791,791,10685,0.1398,0.0139,0.0139,0.0102,,,,,,,,1.340
Morandini/rotor2/rotor2.mtx,cusparse_float,main_float,float,ok,6,791,791,10665,0.1300,0.0080,0.0080,0.0057,,,,,,,,1.772
Morandini/rotor2/rotor2.mtx,dasp_double,main,double,ok,6,,,,0.1350,0.0062,0.0062,,3.4737,,,,,,,1.549
Morandini/rotor2/rotor2.mtx,dasp_half,main_reduced_precision,half,ok,6,,,,0.1170,0.0041,0.0041,,5.2046,,,,,,,2.098
Morandini/rotor2/rotor2.mtx,packsell_pack16,structural_related,half,ok,6,791,791,10685,,0.006297,0.006297,,3.39364,,,,,,0.00041766,4.264
Morandini/rotor2/rotor2.mtx,packsell_pack32,structural_related,float,ok,6,791,791,10685,,0.008421,0.008421,,2.53778,,,,,,1.254e-07,3.015
Morandini/rotor2/rotor2.mtx,spaden_bitmap_float,structural_related,float,ok,6,791,791,10685,,0.0091,0.0091,,2.3410,12.86,60.0,,,,6.929409e-07,1.447
Muite/Chebyshev1/Chebyshev1.mtx,cusparse_double,main,double,ok,3,261,261,2319,0.1375,0.0118,0.0118,0.0082,,,,,,,,1.361
Muite/Chebyshev1/Chebyshev1.mtx,cusparse_float,main_float,float,ok,2,261,261,2319,0.1399,0.0077,0.0077,0.0061,,,,,,,,1.578
Muite/Chebyshev1/Chebyshev1.mtx,dasp_double,main,double,ok,2,,,,0.0400,0.0041,0.0041,,1.1312,,,,,,,1.483
Muite/Chebyshev1/Chebyshev1.mtx,dasp_half,main_reduced_precision,half,ok,2,,,,0.0430,0.0041,0.0041,,1.1304,,,,,,,1.838
Muite/Chebyshev1/Chebyshev1.mtx,packsell_pack16,structural_related,half,ok,2,261,261,2319,,0.016579,0.016579,,0.279756,,,,,,0.000255719,2.397
Muite/Chebyshev1/Chebyshev1.mtx,packsell_pack32,structural_related,float,ok,2,261,261,2319,,0.030597,0.030597,,0.151583,,,,,,9.13836e-08,2.910
Muite/Chebyshev1/Chebyshev1.mtx,spaden_bitmap_float,structural_related,float,ok,2,261,261,2319,,0.0109,0.0109,,0.4254,21.09,58.5,,,,7.271139e-12,1.725
Mycielski/mycielskian10/mycielskian10.mtx,cusparse_double,main,double,ok,3,767,767,44392,0.1396,0.0141,0.0141,0.0102,,,,,,,,1.155
Mycielski/mycielskian10/mycielskian10.mtx,cusparse_float,main_float,float,ok,2,767,767,44392,0.1315,0.0085,0.0085,0.0067,,,,,,,,1.719
Mycielski/mycielskian10/mycielskian10.mtx,dasp_double,main,double,ok,2,,,,4.7200,0.0200,0.0200,,4.4408,,,,,,,1.984
Mycielski/mycielskian10/mycielskian10.mtx,dasp_half,main_reduced_precision,half,ok,2,,,,0.3250,0.0102,0.0102,,8.6678,,,,,,,1.450
Mycielski/mycielskian10/mycielskian10.mtx,packsell_pack16,structural_related,half,ok,2,767,767,44392,,0.022799,0.022799,,3.89428,,,,,,0.00167618,3.538
Mycielski/mycielskian10/mycielskian10.mtx,packsell_pack32,structural_related,float,ok,2,767,767,44392,,0.049353,0.049353,,1.79897,,,,,,6.79495e-07,1.707
Mycielski/mycielskian10/mycielskian10.mtx,spaden_bitmap_float,structural_related,float,ok,2,767,767,44392,,0.0462,0.0462,,1.9238,28.27,64.6,,,,0.000000e+00,1.585
Mycielski/mycielskian11/mycielskian11.mtx,cusparse_double,main,double,ok,7,1535,1535,134710,0.1278,0.0135,0.0135,0.0102,,,,,,,,0.826
Mycielski/mycielskian11/mycielskian11.mtx,cusparse_float,main_float,float,ok,3,1535,1535,134710,0.1370,0.0095,0.0095,0.0083,,,,,,,,1.590
Mycielski/mycielskian11/mycielskian11.mtx,dasp_double,main,double,ok,3,,,,1.3430,0.0184,0.0184,,14.6178,,,,,,,2.105
Mycielski/mycielskian11/mycielskian11.mtx,dasp_half,main_reduced_precision,half,ok,3,,,,0.9130,0.0102,0.0102,,26.2977,,,,,,,1.266
Mycielski/mycielskian11/mycielskian11.mtx,packsell_pack16,structural_related,half,ok,3,1535,1535,134710,,0.043453,0.043453,,6.20025,,,,,,0.00192034,3.743
Mycielski/mycielskian11/mycielskian11.mtx,packsell_pack32,structural_related,float,ok,3,1535,1535,134710,,0.096597,0.096597,,2.78912,,,,,,7.88459e-07,3.412
Mycielski/mycielskian11/mycielskian11.mtx,spaden_bitmap_float,structural_related,float,ok,3,1535,1535,134710,,0.0769,0.0769,,3.5014,314.34,64.8,,,,0.000000e+00,2.063
Mycielski/mycielskian12/mycielskian12.mtx,cusparse_double,main,double,ok,2,3071,3071,407200,0.1340,0.0134,0.0134,0.0102,,,,,,,,1.291
Mycielski/mycielskian12/mycielskian12.mtx,cusparse_float,main_float,float,ok,2,3071,3071,407200,0.1329,0.0093,0.0093,0.0082,,,,,,,,1.552
Mycielski/mycielskian12/mycielskian12.mtx,dasp_double,main,double,ok,2,,,,3.3200,0.0234,0.0234,,34.8049,,,,,,,1.188
Mycielski/mycielskian12/mycielskian12.mtx,dasp_half,main_reduced_precision,half,ok,2,,,,2.3580,0.0144,0.0144,,56.6067,,,,,,,0.990
Mycielski/mycielskian12/mycielskian12.mtx,packsell_pack16,structural_related,half,ok,2,3071,3071,407200,,0.088247,0.088247,,9.22862,,,,,,0.00216013,3.094
Mycielski/mycielskian12/mycielskian12.mtx,packsell_pack32,structural_related,float,ok,2,3071,3071,407200,,0.182611,0.182611,,4.45976,,,,,,1.00235e-06,3.426
Mycielski/mycielskian12/mycielskian12.mtx,spaden_bitmap_float,structural_related,float,ok,2,3071,3071,407200,,0.4137,0.4137,,1.9684,114.05,64.9,,,,0.000000e+00,1.476
Mycielski/mycielskian3/mycielskian3.mtx,cusparse_double,main,double,ok,2,5,5,10,0.1439,0.0116,0.0116,0.0082,,,,,,,,0.784
Mycielski/mycielskian3/mycielskian3.mtx,cusparse_float,main_float,float,ok,2,5,5,10,0.1358,0.0075,0.0075,0.0062,,,,,,,,1.690
Mycielski/mycielskian3/mycielskian3.mtx,dasp_double,main,double,ok,2,,,,0.0040,0.0041,0.0041,,0.0049,,,,,,,1.464
Mycielski/mycielskian3/mycielskian3.mtx,dasp_half,main_reduced_precision,half,ok,2,,,,0.0080,0.0041,0.0041,,0.0049,,,,,,,1.059
Mycielski/mycielskian3/mycielskian3.mtx,packsell_pack16,structural_related,half,ok,2,5,5,10,,0.003244,0.003244,,0.00616504,,,,,,0.000505481,4.277
Mycielski/mycielskian3/mycielskian3.mtx,packsell_pack32,structural_related,float,ok,2,5,5,10,,0.003354,0.003354,,0.00596368,,,,,,2.22596e-07,3.536
Mycielski/mycielskian3/mycielskian3.mtx,spaden_bitmap_float,structural_related,float,ok,2,5,5,10,,0.0035,0.0035,,0.0057,26.29,65.4,,,,0.000000e+00,2.173
Mycielski/mycielskian4/mycielskian4.mtx,cusparse_double,main,double,ok,1,11,11,40,0.1282,0.0114,0.0114,0.0082,,,,,,,,0.447
Mycielski/mycielskian4/mycielskian4.mtx,cusparse_float,main_float,float,ok,2,11,11,40,0.1399,0.0074,0.0074,0.0065,,,,,,,,1.600
Mycielski/mycielskian4/mycielskian4.mtx,dasp_double,main,double,ok,2,,,,0.0080,0.0038,0.0038,,0.0212,,,,,,,1.389
Mycielski/mycielskian4/mycielskian4.mtx,dasp_half,main_reduced_precision,half,ok,2,,,,0.0060,0.0034,0.0034,,0.0236,,,,,,,1.268
Mycielski/mycielskian4/mycielskian4.mtx,packsell_pack16,structural_related,half,ok,2,11,11,40,,0.004567,0.004567,,0.0175163,,,,,,0.00062094,2.747
Mycielski/mycielskian4/mycielskian4.mtx,packsell_pack32,structural_related,float,ok,2,11,11,40,,0.004137,0.004137,,0.0193375,,,,,,1.4682e-07,2.484
Mycielski/mycielskian4/mycielskian4.mtx,spaden_bitmap_float,structural_related,float,ok,2,11,11,40,,0.0046,0.0046,,0.0172,47.68,65.2,,,,0.000000e+00,1.604
Mycielski/mycielskian5/mycielskian5.mtx,cusparse_double,main,double,ok,5,23,23,142,0.1540,0.0139,0.0139,0.0127,,,,,,,,0.648
Mycielski/mycielskian5/mycielskian5.mtx,cusparse_float,main_float,float,ok,2,23,23,142,0.1350,0.0074,0.0074,0.0061,,,,,,,,1.559
Mycielski/mycielskian5/mycielskian5.mtx,dasp_double,main,double,ok,2,,,,0.0170,0.0099,0.0099,,0.0287,,,,,,,1.337
Mycielski/mycielskian5/mycielskian5.mtx,dasp_half,main_reduced_precision,half,ok,2,,,,0.0140,0.0041,0.0041,,0.0693,,,,,,,1.309
Mycielski/mycielskian5/mycielskian5.mtx,packsell_pack16,structural_related,half,ok,2,23,23,142,,0.004230,0.004230,,0.0671337,,,,,,0.000914635,2.816
Mycielski/mycielskian5/mycielskian5.mtx,packsell_pack32,structural_related,float,ok,2,23,23,142,,0.004188,0.004188,,0.0678171,,,,,,3.01701e-07,1.829
Mycielski/mycielskian5/mycielskian5.mtx,spaden_bitmap_float,structural_related,float,ok,2,23,23,142,,0.0056,0.0056,,0.0507,6.41,59.4,,,,0.000000e+00,1.498
Mycielski/mycielskian6/mycielskian6.mtx,cusparse_double,main,double,ok,3,47,47,472,0.1347,0.0113,0.0113,0.0082,,,,,,,,1.693
Mycielski/mycielskian6/mycielskian6.mtx,cusparse_float,main_float,float,ok,6,47,47,472,0.1377,0.0073,0.0073,0.0060,,,,,,,,1.521
Mycielski/mycielskian6/mycielskian6.mtx,dasp_double,main,double,ok,6,,,,0.0160,0.0041,0.0041,,0.2301,,,,,,,1.363
Mycielski/mycielskian6/mycielskian6.mtx,dasp_half,main_reduced_precision,half,ok,6,,,,0.0190,0.0041,0.0041,,0.2301,,,,,,,1.396
Mycielski/mycielskian6/mycielskian6.mtx,packsell_pack16,structural_related,half,ok,6,47,47,472,,0.004499,0.004499,,0.209834,,,,,,0.00116989,3.711
Mycielski/mycielskian6/mycielskian6.mtx,packsell_pack32,structural_related,float,ok,6,47,47,472,,0.006350,0.006350,,0.148668,,,,,,4.13752e-07,3.187
Mycielski/mycielskian6/mycielskian6.mtx,spaden_bitmap_float,structural_related,float,ok,6,47,47,472,,0.0055,0.0055,,0.1704,97.06,61.3,,,,0.000000e+00,1.681
Mycielski/mycielskian7/mycielskian7.mtx,cusparse_double,main,double,ok,1,95,95,1510,0.1409,0.0116,0.0116,0.0102,,,,,,,,0.406
Mycielski/mycielskian7/mycielskian7.mtx,cusparse_float,main_float,float,ok,5,95,95,1510,0.1435,0.0077,0.0077,0.0066,,,,,,,,1.536
Mycielski/mycielskian7/mycielskian7.mtx,dasp_double,main,double,ok,5,,,,0.0230,0.0062,0.0062,,0.4909,,,,,,,1.458
Mycielski/mycielskian7/mycielskian7.mtx,dasp_half,main_reduced_precision,half,ok,5,,,,0.0220,0.0065,0.0065,,0.4650,,,,,,,1.598
Mycielski/mycielskian7/mycielskian7.mtx,packsell_pack16,structural_related,half,ok,5,95,95,1510,,0.006227,0.006227,,0.485018,,,,,,0.00126231,4.647
Mycielski/mycielskian7/mycielskian7.mtx,packsell_pack32,structural_related,float,ok,5,95,95,1510,,0.008334,0.008334,,0.362361,,,,,,4.53254e-07,2.356
Mycielski/mycielskian7/mycielskian7.mtx,spaden_bitmap_float,structural_related,float,ok,5,95,95,1510,,0.0089,0.0089,,0.3388,13.89,62.6,,,,0.000000e+00,1.554
Mycielski/mycielskian8/mycielskian8.mtx,cusparse_double,main,double,ok,3,191,191,4720,0.1463,0.0122,0.0122,0.0102,,,,,,,,1.767
Mycielski/mycielskian8/mycielskian8.mtx,cusparse_float,main_float,float,ok,7,191,191,4720,0.1358,0.0079,0.0079,0.0061,,,,,,,,1.537
Mycielski/mycielskian8/mycielskian8.mtx,dasp_double,main,double,ok,7,,,,0.0630,0.0123,0.0123,,0.7681,,,,,,,1.401
Mycielski/mycielskian8/mycielskian8.mtx,dasp_half,main_reduced_precision,half,ok,7,,,,0.0590,0.0061,0.0061,,1.5355,,,,,,,1.341
Mycielski/mycielskian8/mycielskian8.mtx,packsell_pack16,structural_related,half,ok,7,191,191,4720,,0.008879,0.008879,,1.0632,,,,,,0.00149147,3.939
Mycielski/mycielskian8/mycielskian8.mtx,packsell_pack32,structural_related,float,ok,7,191,191,4720,,0.012537,0.012537,,0.752987,,,,,,5.82906e-07,2.231
Mycielski/mycielskian8/mycielskian8.mtx,spaden_bitmap_float,structural_related,float,ok,7,191,191,4720,,0.0150,0.0150,,0.6273,22.00,63.6,,,,0.000000e+00,1.784
Mycielski/mycielskian9/mycielskian9.mtx,cusparse_double,main,double,ok,1,383,383,14542,0.1466,0.0128,0.0128,0.0102,,,,,,,,0.405
Mycielski/mycielskian9/mycielskian9.mtx,cusparse_float,main_float,float,ok,2,383,383,14542,0.1317,0.0079,0.0079,0.0061,,,,,,,,1.548
Mycielski/mycielskian9/mycielskian9.mtx,dasp_double,main,double,ok,2,,,,0.1640,0.0184,0.0184,,1.5780,,,,,,,1.960
Mycielski/mycielskian9/mycielskian9.mtx,dasp_half,main_reduced_precision,half,ok,2,,,,0.1140,0.0111,0.0111,,2.6148,,,,,,,1.513
Mycielski/mycielskian9/mycielskian9.mtx,packsell_pack16,structural_related,half,ok,2,383,383,14542,,0.012549,0.012549,,2.31763,,,,,,0.00150168,3.271
Mycielski/mycielskian9/mycielskian9.mtx,packsell_pack32,structural_related,float,ok,2,383,383,14542,,0.024865,0.024865,,1.16969,,,,,,5.81555e-07,3.588
Mycielski/mycielskian9/mycielskian9.mtx,spaden_bitmap_float,structural_related,float,ok,2,383,383,14542,,0.0255,0.0255,,1.1406,9.44,64.2,,,,0.000000e+00,1.045
NYPA/Maragal_1/Maragal_1.mtx,cusparse_double,main,double,ok,2,32,14,234,0.1305,0.0118,0.0118,0.0082,,,,,,,,0.822
NYPA/Maragal_1/Maragal_1.mtx,cusparse_float,main_float,float,ok,6,32,14,234,0.1398,0.0074,0.0074,0.0065,,,,,,,,1.593
NYPA/Maragal_1/Maragal_1.mtx,dasp_double,main,double,ok,6,,,,0.0130,0.0041,0.0041,,0.1141,,,,,,,1.194
NYPA/Maragal_1/Maragal_1.mtx,dasp_half,main_reduced_precision,half,ok,6,,,,0.0130,0.0067,0.0067,,0.0703,,,,,,,1.876
NYPA/Maragal_1/Maragal_1.mtx,packsell_pack16,structural_related,half,ok,6,32,14,234,,0.004224,0.004224,,0.1108,,,,,,0.000442116,3.948
NYPA/Maragal_1/Maragal_1.mtx,packsell_pack32,structural_related,float,ok,6,32,14,234,,0.004333,0.004333,,0.108016,,,,,,1.25973e-07,2.897
NYPA/Maragal_1/Maragal_1.mtx,spaden_bitmap_float,structural_related,float,ok,6,32,14,234,,0.0069,0.0069,,0.0680,18.68,54.3,,,,6.221536e-08,1.612
NYPA/Maragal_3/Maragal_3.mtx,cusparse_double,main,double,ok,2,1690,860,18391,0.1359,0.0143,0.0143,0.0102,,,,,,,,1.449
NYPA/Maragal_3/Maragal_3.mtx,cusparse_float,main_float,float,ok,3,1690,860,18391,0.1411,0.0101,0.0101,0.0091,,,,,,,,1.576
NYPA/Maragal_3/Maragal_3.mtx,dasp_double,main,double,ok,3,,,,0.2150,0.0205,0.0205,,1.7946,,,,,,,1.548
NYPA/Maragal_3/Maragal_3.mtx,dasp_half,main_reduced_precision,half,ok,3,,,,0.1690,0.0102,0.0102,,3.5909,,,,,,,1.314
NYPA/Maragal_3/Maragal_3.mtx,packsell_pack16,structural_related,half,ok,3,1690,860,18391,,0.026898,0.026898,,1.36746,,,,,,0.000651605,2.029
NYPA/Maragal_3/Maragal_3.mtx,packsell_pack32,structural_related,float,ok,3,1690,860,18391,,0.049391,0.049391,,0.744704,,,,,,1.97485e-07,2.886
NYPA/Maragal_3/Maragal_3.mtx,spaden_bitmap_float,structural_related,float,ok,3,1690,860,18391,,0.0315,0.0315,,1.1675,11.77,91.2,,,,9.269797e-08,1.359
Nasa/nasa1824/nasa1824.mtx,cusparse_double,main,double,ok,5,1824,1824,39208,0.1287,0.0126,0.0126,0.0102,,,,,,,,1.450
Nasa/nasa1824/nasa1824.mtx,cusparse_float,main_float,float,ok,2,1824,1824,39208,0.1332,0.0094,0.0094,0.0077,,,,,,,,1.516
Nasa/nasa1824/nasa1824.mtx,dasp_double,main,double,ok,2,,,,0.4820,0.0087,0.0087,,9.0623,,,,,,,2.053
Nasa/nasa1824/nasa1824.mtx,dasp_half,main_reduced_precision,half,ok,2,,,,0.3650,0.0092,0.0092,,8.4912,,,,,,,0.989
Nasa/nasa1824/nasa1824.mtx,packsell_pack16,structural_related,half,ok,2,1824,1824,39208,,0.006272,0.006272,,12.5024,,,,,,0.000600813,2.374
Nasa/nasa1824/nasa1824.mtx,packsell_pack32,structural_related,float,ok,2,1824,1824,39208,,0.008412,0.008412,,9.32188,,,,,,2.40012e-07,3.442
Nasa/nasa1824/nasa1824.mtx,spaden_bitmap_float,structural_related,float,ok,2,1824,1824,39208,,0.0112,0.0112,,6.9914,42.92,62.3,,,,7.119921e-07,2.002
Nasa/nasa2146/nasa2146.mtx,cusparse_double,main,double,ok,5,2146,2146,72250,0.1335,0.0143,0.0143,0.0102,,,,,,,,1.284
Nasa/nasa2146/nasa2146.mtx,cusparse_float,main_float,float,ok,3,2146,2146,72250,0.1338,0.0088,0.0088,0.0077,,,,,,,,1.616
Nasa/nasa2146/nasa2146.mtx,dasp_double,main,double,ok,3,,,,0.6570,0.0062,0.0062,,23.4959,,,,,,,1.178
Nasa/nasa2146/nasa2146.mtx,dasp_half,main_reduced_precision,half,ok,3,,,,0.6070,0.0073,0.0073,,19.8625,,,,,,,1.352
Nasa/nasa2146/nasa2146.mtx,packsell_pack16,structural_related,half,ok,3,2146,2146,72250,,0.004395,0.004395,,32.8768,,,,,,0.000634029,3.648
Nasa/nasa2146/nasa2146.mtx,packsell_pack32,structural_related,float,ok,3,2146,2146,72250,,0.006439,0.006439,,22.4424,,,,,,3.47333e-07,3.364
Nasa/nasa2146/nasa2146.mtx,spaden_bitmap_float,structural_related,float,ok,3,2146,2146,72250,,0.0089,0.0089,,16.2745,35.86,56.4,,,,5.203162e-07,1.379
Nasa/nasa2910/nasa2910.mtx,cusparse_double,main,double,ok,7,2910,2910,174296,0.1568,0.0163,0.0163,0.0123,,,,,,,,1.205
Nasa/nasa2910/nasa2910.mtx,cusparse_float,main_float,float,ok,6,2910,2910,174296,0.1197,0.0091,0.0091,0.0072,,,,,,,,1.682
Nasa/nasa2910/nasa2910.mtx,dasp_double,main,double,ok,6,,,,1.5980,0.0164,0.0164,,21.2777,,,,,,,1.746
Nasa/nasa2910/nasa2910.mtx,dasp_half,main_reduced_precision,half,ok,6,,,,1.2120,0.0102,0.0102,,34.1958,,,,,,,1.045
Nasa/nasa2910/nasa2910.mtx,packsell_pack16,structural_related,half,ok,6,2910,2910,174296,,0.012584,0.012584,,27.7007,,,,,,0.000605835,3.455
Nasa/nasa2910/nasa2910.mtx,packsell_pack32,structural_related,float,ok,6,2910,2910,174296,,0.022799,0.022799,,15.29,,,,,,2.78198e-07,3.632
Nasa/nasa2910/nasa2910.mtx,spaden_bitmap_float,structural_related,float,ok,6,2910,2910,174296,,0.0194,0.0194,,17.9969,422.51,58.0,,,,2.427087e-06,1.629
Nasa/nasa4704/nasa4704.mtx,cusparse_double,main,double,ok,1,4704,4704,104756,0.1356,0.0135,0.0135,0.0103,,,,,,,,0.420
Nasa/nasa4704/nasa4704.mtx,cusparse_float,main_float,float,ok,6,4704,4704,104756,0.1190,0.0087,0.0087,0.0059,,,,,,,,1.616
Nasa/nasa4704/nasa4704.mtx,dasp_double,main,double,ok,6,,,,2.0150,0.0062,0.0062,,34.0559,,,,,,,1.911
Nasa/nasa4704/nasa4704.mtx,dasp_half,main_reduced_precision,half,ok,6,,,,0.7600,0.0041,0.0041,,51.0507,,,,,,,1.174
Nasa/nasa4704/nasa4704.mtx,packsell_pack16,structural_related,half,ok,6,4704,4704,104756,,0.006339,0.006339,,33.0537,,,,,,0.000696747,1.958
Nasa/nasa4704/nasa4704.mtx,packsell_pack32,structural_related,float,ok,6,4704,4704,104756,,0.008407,0.008407,,24.9207,,,,,,3.03946e-07,2.651
Nasa/nasa4704/nasa4704.mtx,spaden_bitmap_float,structural_related,float,ok,6,4704,4704,104756,,0.0111,0.0111,,18.8013,23.55,62.7,,,,1.962526e-06,2.221
Negre/dendrimer/dendrimer.mtx,cusparse_double,main,double,ok,5,730,730,63024,0.1287,0.0126,0.0126,0.0102,,,,,,,,1.355
Negre/dendrimer/dendrimer.mtx,cusparse_float,main_float,float,ok,7,730,730,63024,0.1348,0.0079,0.0079,0.0061,,,,,,,,1.656
Negre/dendrimer/dendrimer.mtx,dasp_double,main,double,ok,7,,,,0.6180,0.0205,0.0205,,6.1517,,,,,,,1.633
Negre/dendrimer/dendrimer.mtx,dasp_half,main_reduced_precision,half,ok,7,,,,0.4690,0.0157,0.0157,,8.0183,,,,,,,1.604
Negre/dendrimer/dendrimer.mtx,packsell_pack16,structural_related,half,ok,7,730,730,63024,,0.015087,0.015087,,8.35448,,,,,,0.000776321,2.368
Negre/dendrimer/dendrimer.mtx,packsell_pack32,structural_related,float,ok,7,730,730,63024,,0.028002,0.028002,,4.50145,,,,,,5.76711e-07,2.979
Negre/dendrimer/dendrimer.mtx,spaden_bitmap_float,structural_related,float,ok,7,730,730,63024,,0.0274,0.0274,,4.6074,19.94,58.3,,,,9.918953e-08,1.359
Newman/cond-mat/cond-mat.mtx,cusparse_double,main,double,ok,1,16726,16726,95188,0.1348,0.0152,0.0152,0.0123,,,,,,,,0.414
Newman/cond-mat/cond-mat.mtx,cusparse_float,main_float,float,ok,4,16726,16726,95188,0.1345,0.0096,0.0096,0.0079,,,,,,,,1.745
Newman/cond-mat/cond-mat.mtx,dasp_double,main,double,ok,4,,,,1.6720,0.0176,0.0176,,10.8328,,,,,,,2.096
Newman/cond-mat/cond-mat.mtx,dasp_half,main_reduced_precision,half,ok,4,,,,1.2680,0.0082,0.0082,,23.2308,,,,,,,2.029
Newman/cond-mat/cond-mat.mtx,packsell_pack16,structural_related,half,ok,4,16726,16726,95188,,0.010390,0.010390,,18.3239,,,,,,0.000477869,2.511
Newman/cond-mat/cond-mat.mtx,packsell_pack32,structural_related,float,ok,4,16726,16726,95188,,0.016650,0.016650,,11.4338,,,,,,1.63881e-07,2.373
Newman/cond-mat/cond-mat.mtx,spaden_bitmap_float,structural_related,float,ok,4,16726,16726,95188,,0.0357,0.0357,,5.3352,356.24,137.9,,,,4.987098e-08,2.118
Newman/hep-th/hep-th.mtx,cusparse_double,main,double,ok,2,8361,8361,31502,0.1540,0.0161,0.0161,0.0123,,,,,,,,1.152
Newman/hep-th/hep-th.mtx,cusparse_float,main_float,float,ok,6,8361,8361,31502,0.1321,0.0098,0.0098,0.0087,,,,,,,,1.488
Newman/hep-th/hep-th.mtx,dasp_double,main,double,ok,6,,,,0.6240,0.0131,0.0131,,4.8069,,,,,,,1.773
Newman/hep-th/hep-th.mtx,dasp_half,main_reduced_precision,half,ok,6,,,,0.4910,0.0061,0.0061,,10.2462,,,,,,,1.461
Newman/hep-th/hep-th.mtx,packsell_pack16,structural_related,half,ok,6,8361,8361,31502,,0.006399,0.006399,,9.84561,,,,,,0.00045362,4.047
Newman/hep-th/hep-th.mtx,packsell_pack32,structural_related,float,ok,6,8361,8361,31502,,0.010377,0.010377,,6.07123,,,,,,1.38303e-07,2.324
Newman/hep-th/hep-th.mtx,spaden_bitmap_float,structural_related,float,ok,6,8361,8361,31502,,0.0275,0.0275,,2.2874,16.94,160.3,,,,3.568661e-08,1.346
Newman/karate/karate.mtx,cusparse_double,main,double,ok,2,34,34,156,0.1286,0.0114,0.0114,0.0082,,,,,,,,0.831
Newman/karate/karate.mtx,cusparse_float,main_float,float,ok,6,34,34,156,0.1439,0.0073,0.0073,0.0061,,,,,,,,1.629
Newman/karate/karate.mtx,dasp_double,main,double,ok,6,,,,0.0150,0.0060,0.0060,,0.0524,,,,,,,1.550
Newman/karate/karate.mtx,dasp_half,main_reduced_precision,half,ok,6,,,,0.0090,0.0035,0.0035,,0.0888,,,,,,,1.518
Newman/karate/karate.mtx,packsell_pack16,structural_related,half,ok,6,34,34,156,,0.003346,0.003346,,0.0932494,,,,,,0.000382661,2.806
Newman/karate/karate.mtx,packsell_pack32,structural_related,float,ok,6,34,34,156,,0.004412,0.004412,,0.0707093,,,,,,1.34186e-07,2.640
Newman/karate/karate.mtx,spaden_bitmap_float,structural_related,float,ok,6,34,34,156,,0.0047,0.0047,,0.0660,81.04,71.2,,,,0.000000e+00,1.525
Newman/netscience/netscience.mtx,cusparse_double,main,double,ok,1,1589,1589,5484,0.1514,0.0142,0.0142,0.0123,,,,,,,,0.408
Newman/netscience/netscience.mtx,cusparse_float,main_float,float,ok,4,1589,1589,5484,0.1315,0.0095,0.0095,0.0085,,,,,,,,1.596
Newman/netscience/netscience.mtx,dasp_double,main,double,ok,4,,,,0.1230,0.0062,0.0062,,1.7823,,,,,,,1.575
Newman/netscience/netscience.mtx,dasp_half,main_reduced_precision,half,ok,4,,,,0.0990,0.0041,0.0041,,2.6725,,,,,,,1.360
Newman/netscience/netscience.mtx,packsell_pack16,structural_related,half,ok,4,1589,1589,5484,,0.004394,0.004394,,2.4963,,,,,,0.000436178,2.676
Newman/netscience/netscience.mtx,packsell_pack32,structural_related,float,ok,4,1589,1589,5484,,0.006433,0.006433,,1.70507,,,,,,1.37322e-07,1.988
Newman/netscience/netscience.mtx,spaden_bitmap_float,structural_related,float,ok,4,1589,1589,5484,,0.0110,0.0110,,0.9991,10.51,87.0,,,,3.436027e-08,1.419
Newman/polbooks/polbooks.mtx,cusparse_double,main,double,ok,1,105,105,882,0.1294,0.0116,0.0116,0.0082,,,,,,,,0.451
Newman/polbooks/polbooks.mtx,cusparse_float,main_float,float,ok,4,105,105,882,0.1325,0.0076,0.0076,0.0063,,,,,,,,1.522
Newman/polbooks/polbooks.mtx,dasp_double,main,double,ok,4,,,,0.0340,0.0041,0.0041,,0.4293,,,,,,,1.913
Newman/polbooks/polbooks.mtx,dasp_half,main_reduced_precision,half,ok,4,,,,0.0260,0.0041,0.0041,,0.4296,,,,,,,2.073
Newman/polbooks/polbooks.mtx,packsell_pack16,structural_related,half,ok,4,105,105,882,,0.004330,0.004330,,0.40739,,,,,,0.000645364,3.656
Newman/polbooks/polbooks.mtx,packsell_pack32,structural_related,float,ok,4,105,105,882,,0.006270,0.006270,,0.281343,,,,,,2.48049e-07,3.048
Newman/polbooks/polbooks.mtx,spaden_bitmap_float,structural_related,float,ok,4,105,105,882,,0.0070,0.0070,,0.2523,17.94,72.2,,,,0.000000e+00,2.229
Norris/fv1/fv1.mtx,cusparse_double,main,double,ok,3,9604,9604,85264,0.1304,0.0135,0.0135,0.0118,,,,,,,,1.107
Norris/fv1/fv1.mtx,cusparse_float,main_float,float,ok,5,9604,9604,85264,0.1707,0.0099,0.0099,0.0086,,,,,,,,1.897
Norris/fv1/fv1.mtx,dasp_double,main,double,ok,5,,,,0.9240,0.0041,0.0041,,41.4809,,,,,,,1.945
Norris/fv1/fv1.mtx,dasp_half,main_reduced_precision,half,ok,5,,,,0.9470,0.0041,0.0041,,41.5821,,,,,,,1.537
Norris/fv1/fv1.mtx,packsell_pack16,structural_related,half,ok,5,9604,9604,85264,,0.004231,0.004231,,40.3089,,,,,,0.000580698,2.836
Norris/fv1/fv1.mtx,packsell_pack32,structural_related,float,ok,5,9604,9604,85264,,0.004367,0.004367,,39.0451,,,,,,2.46545e-07,2.697
Norris/fv1/fv1.mtx,spaden_bitmap_float,structural_related,float,ok,5,9604,9604,85264,,0.0069,0.0069,,24.7324,180.07,66.4,,,,0.000000e+00,1.883
Norris/fv2/fv2.mtx,cusparse_double,main,double,ok,6,9801,9801,87025,0.1489,0.0138,0.0138,0.0123,,,,,,,,0.928
Norris/fv2/fv2.mtx,cusparse_float,main_float,float,ok,4,9801,9801,87025,0.1338,0.0091,0.0091,0.0077,,,,,,,,1.577
Norris/fv2/fv2.mtx,dasp_double,main,double,ok,4,,,,4.0880,0.0096,0.0096,,18.2137,,,,,,,1.852
Norris/fv2/fv2.mtx,dasp_half,main_reduced_precision,half,ok,4,,,,0.9750,0.0041,0.0041,,42.4202,,,,,,,1.822
Norris/fv2/fv2.mtx,packsell_pack16,structural_related,half,ok,4,9801,9801,87025,,0.004348,0.004348,,40.0274,,,,,,0.000573769,3.340
Norris/fv2/fv2.mtx,packsell_pack32,structural_related,float,ok,4,9801,9801,87025,,0.004404,0.004404,,39.5224,,,,,,1.91462e-07,3.227
Norris/fv2/fv2.mtx,spaden_bitmap_float,structural_related,float,ok,4,9801,9801,87025,,0.0072,0.0072,,24.2996,437.63,66.5,,,,0.000000e+00,2.171
Norris/fv3/fv3.mtx,cusparse_double,main,double,ok,5,9801,9801,87025,0.1523,0.0147,0.0147,0.0123,,,,,,,,1.577
Norris/fv3/fv3.mtx,cusparse_float,main_float,float,ok,7,9801,9801,87025,0.1404,0.0094,0.0094,0.0081,,,,,,,,1.586
Norris/fv3/fv3.mtx,dasp_double,main,double,ok,7,,,,1.1190,0.0154,0.0154,,11.2924,,,,,,,1.336
Norris/fv3/fv3.mtx,dasp_half,main_reduced_precision,half,ok,7,,,,1.1340,0.0040,0.0040,,43.3824,,,,,,,1.118
Norris/fv3/fv3.mtx,packsell_pack16,structural_related,half,ok,7,9801,9801,87025,,0.003376,0.003376,,51.5581,,,,,,0.000675903,3.473
Norris/fv3/fv3.mtx,packsell_pack32,structural_related,float,ok,7,9801,9801,87025,,0.004294,0.004294,,40.5311,,,,,,2.59292e-07,2.632
Norris/fv3/fv3.mtx,spaden_bitmap_float,structural_related,float,ok,7,9801,9801,87025,,0.0069,0.0069,,25.3176,22.59,66.5,,,,0.000000e+00,2.091
Norris/lung1/lung1.mtx,cusparse_double,main,double,ok,2,1650,1650,7419,0.1398,0.0139,0.0139,0.0123,,,,,,,,1.442
Norris/lung1/lung1.mtx,cusparse_float,main_float,float,ok,5,1650,1650,7419,0.1324,0.0092,0.0092,0.0075,,,,,,,,1.579
Norris/lung1/lung1.mtx,dasp_double,main,double,ok,5,,,,0.0850,0.0071,0.0071,,2.1026,,,,,,,1.891
Norris/lung1/lung1.mtx,dasp_half,main_reduced_precision,half,ok,5,,,,0.1080,0.0041,0.0041,,3.6129,,,,,,,1.438
Norris/lung1/lung1.mtx,packsell_pack16,structural_related,half,ok,5,1650,1650,7419,,0.004253,0.004253,,3.48848,,,,,,0.000435525,3.478
Norris/lung1/lung1.mtx,packsell_pack32,structural_related,float,ok,5,1650,1650,7419,,0.004234,0.004234,,3.50418,,,,,,9.70712e-08,4.124
Norris/lung1/lung1.mtx,spaden_bitmap_float,structural_related,float,ok,5,1650,1650,7419,,0.0049,0.0049,,3.0326,36.97,64.2,,,,4.292328e-10,2.264
Oberwolfach/flowmeter0/flowmeter0_B.mtx,cusparse_double,main,double,ok,3,9669,1,24,0.1387,0.0136,0.0136,0.0123,,,,,,,,1.364
Oberwolfach/flowmeter0/flowmeter0_B.mtx,cusparse_float,main_float,float,ok,5,9669,1,24,0.1395,0.0100,0.0100,0.0082,,,,,,,,1.552
Oberwolfach/flowmeter0/flowmeter0_B.mtx,dasp_double,main,double,ok,5,,,,0.0550,0.0056,0.0056,,0.0086,,,,,,,1.223
Oberwolfach/flowmeter0/flowmeter0_B.mtx,dasp_half,main_reduced_precision,half,ok,5,,,,0.0690,0.0029,0.0029,,0.0164,,,,,,,1.732
Oberwolfach/flowmeter0/flowmeter0_B.mtx,packsell_pack16,structural_related,half,ok,5,9669,1,24,,0.002523,0.002523,,0.0190217,,,,,,0.000507561,2.116
Oberwolfach/flowmeter0/flowmeter0_B.mtx,packsell_pack32,structural_related,float,ok,5,9669,1,24,,0.002483,0.002483,,0.0193294,,,,,,1.03603e-07,2.053
Oberwolfach/flowmeter0/flowmeter0_B.mtx,spaden_bitmap_float,structural_related,float,fail:0,5,9669,1,24,,0.0042,0.0042,,0.0113,32.76,13.5,,,,1.380077e+03,1.759
Oberwolfach/flowmeter0/flowmeter0_E.mtx,cusparse_double,main,double,ok,6,9669,9669,9669,0.1586,0.0160,0.0160,0.0143,,,,,,,,1.183
Oberwolfach/flowmeter0/flowmeter0_E.mtx,cusparse_float,main_float,float,ok,2,9669,9669,9669,0.1258,0.0097,0.0097,0.0080,,,,,,,,1.667
Oberwolfach/flowmeter0/flowmeter0_E.mtx,dasp_double,main,double,ok,2,,,,0.1020,0.0021,0.0021,,9.3330,,,,,,,1.892
Oberwolfach/flowmeter0/flowmeter0_E.mtx,dasp_half,main_reduced_precision,half,ok,2,,,,0.0930,0.0030,0.0030,,6.5177,,,,,,,1.351
Oberwolfach/flowmeter0/flowmeter0_E.mtx,packsell_pack16,structural_related,half,ok,2,9669,9669,9669,,0.004109,0.004109,,4.70664,,,,,,0.000459639,2.826
Oberwolfach/flowmeter0/flowmeter0_E.mtx,packsell_pack32,structural_related,float,ok,2,9669,9669,9669,,0.003828,0.003828,,5.05146,,,,,,8.78885e-08,2.742
Oberwolfach/flowmeter0/flowmeter0_E.mtx,spaden_bitmap_float,structural_related,float,ok,2,9669,9669,9669,,0.0047,0.0047,,4.0850,7.60,54.2,,,,0.000000e+00,1.669
Oberwolfach/flowmeter5/flowmeter5_B.mtx,cusparse_double,main,double,ok,4,9669,1,24,0.1645,0.0182,0.0182,0.0143,,,,,,,,1.136
Oberwolfach/flowmeter5/flowmeter5_B.mtx,cusparse_float,main_float,float,ok,3,9669,1,24,0.1332,0.0094,0.0094,0.0081,,,,,,,,1.728
Oberwolfach/flowmeter5/flowmeter5_B.mtx,dasp_double,main,double,ok,3,,,,0.0540,0.0024,0.0024,,0.0196,,,,,,,2.128
Oberwolfach/flowmeter5/flowmeter5_B.mtx,dasp_half,main_reduced_precision,half,ok,3,,,,0.0990,0.0035,0.0035,,0.0138,,,,,,,1.822
Oberwolfach/flowmeter5/flowmeter5_B.mtx,packsell_pack16,structural_related,half,ok,3,9669,1,24,,0.003351,0.003351,,0.0143255,,,,,,0.000507561,3.996
Oberwolfach/flowmeter5/flowmeter5_B.mtx,packsell_pack32,structural_related,float,ok,3,9669,1,24,,0.002491,0.002491,,0.0192704,,,,,,1.03603e-07,2.711
Oberwolfach/flowmeter5/flowmeter5_B.mtx,spaden_bitmap_float,structural_related,float,fail:0,3,9669,1,24,,0.0042,0.0042,,0.0114,25.31,13.5,,,,1.380077e+03,1.945
Oberwolfach/flowmeter5/flowmeter5_E.mtx,cusparse_double,main,double,ok,1,9669,9669,9669,0.1292,0.0151,0.0151,0.0123,,,,,,,,0.404
Oberwolfach/flowmeter5/flowmeter5_E.mtx,cusparse_float,main_float,float,ok,4,9669,9669,9669,0.1346,0.0095,0.0095,0.0083,,,,,,,,1.648
Oberwolfach/flowmeter5/flowmeter5_E.mtx,dasp_double,main,double,ok,4,,,,0.1170,0.0088,0.0088,,2.2083,,,,,,,1.608
Oberwolfach/flowmeter5/flowmeter5_E.mtx,dasp_half,main_reduced_precision,half,ok,4,,,,0.1350,0.0027,0.0027,,7.0965,,,,,,,1.565
Oberwolfach/flowmeter5/flowmeter5_E.mtx,packsell_pack16,structural_related,half,ok,4,9669,9669,9669,,0.003404,0.003404,,5.68069,,,,,,0.000459639,2.442
Oberwolfach/flowmeter5/flowmeter5_E.mtx,packsell_pack32,structural_related,float,ok,4,9669,9669,9669,,0.017809,0.017809,,1.08584,,,,,,8.78885e-08,1.991
Oberwolfach/flowmeter5/flowmeter5_E.mtx,spaden_bitmap_float,structural_related,float,ok,4,9669,9669,9669,,0.0049,0.0049,,3.9480,9.64,54.2,,,,0.000000e+00,1.645
Oberwolfach/piston/piston_E.mtx,cusparse_double,main,double,ok,3,2025,2025,96400,0.1664,0.0134,0.0134,0.0102,,,,,,,,0.829
Oberwolfach/piston/piston_E.mtx,cusparse_float,main_float,float,ok,4,2025,2025,96400,0.1180,0.0089,0.0089,0.0072,,,,,,,,1.555
Oberwolfach/piston/piston_E.mtx,dasp_double,main,double,ok,4,,,,0.6960,0.0082,0.0082,,23.5323,,,,,,,1.600
Oberwolfach/piston/piston_E.mtx,dasp_half,main_reduced_precision,half,ok,4,,,,0.6310,0.0061,0.0061,,31.3751,,,,,,,1.807
Oberwolfach/piston/piston_E.mtx,packsell_pack16,structural_related,half,ok,4,2025,2025,96400,,0.006435,0.006435,,29.9602,,,,,,0.00253935,2.605
Oberwolfach/piston/piston_E.mtx,packsell_pack32,structural_related,float,ok,4,2025,2025,96400,,0.010448,0.010448,,18.4529,,,,,,1.61544e-06,1.959
Oberwolfach/piston/piston_E.mtx,spaden_bitmap_float,structural_related,float,ok,4,2025,2025,96400,,0.0118,0.0118,,16.3014,169.27,54.7,,,,6.361629e-08,1.813
Oberwolfach/t2dal_bci/t2dal_bci_Abottom.mtx,cusparse_double,main,double,ok,5,4257,4257,99,0.1538,0.0166,0.0166,0.0123,,,,,,,,0.837
Oberwolfach/t2dal_bci/t2dal_bci_Abottom.mtx,cusparse_float,main_float,float,ok,4,4257,4257,99,0.1280,0.0101,0.0101,0.0082,,,,,,,,1.693
Oberwolfach/t2dal_bci/t2dal_bci_Abottom.mtx,dasp_double,main,double,ok,4,,,,0.0270,0.0028,0.0028,,0.0715,,,,,,,1.792
Oberwolfach/t2dal_bci/t2dal_bci_Abottom.mtx,dasp_half,main_reduced_precision,half,ok,4,,,,0.0290,0.0049,0.0049,,0.0400,,,,,,,1.267
Oberwolfach/t2dal_bci/t2dal_bci_Abottom.mtx,packsell_pack16,structural_related,half,ok,4,4257,4257,99,,0.004071,0.004071,,0.0486339,,,,,,0.191976,3.733
Oberwolfach/t2dal_bci/t2dal_bci_Abottom.mtx,packsell_pack32,structural_related,float,ok,4,4257,4257,99,,0.003285,0.003285,,0.0602691,,,,,,8.86644e-08,2.924
Oberwolfach/t2dal_bci/t2dal_bci_Abottom.mtx,spaden_bitmap_float,structural_related,float,ok,4,4257,4257,99,,0.0051,0.0051,,0.0385,26.43,23.0,,,,6.566144e+01,1.535
Oberwolfach/t2dal_bci/t2dal_bci_Atop.mtx,cusparse_double,main,double,ok,2,4257,4257,111,0.1288,0.0139,0.0139,0.0123,,,,,,,,0.803
Oberwolfach/t2dal_bci/t2dal_bci_Atop.mtx,cusparse_float,main_float,float,ok,5,4257,4257,111,0.1302,0.0102,0.0102,0.0091,,,,,,,,1.643
Oberwolfach/t2dal_bci/t2dal_bci_Atop.mtx,dasp_double,main,double,ok,5,,,,0.0250,0.0023,0.0023,,0.0985,,,,,,,1.721
Oberwolfach/t2dal_bci/t2dal_bci_Atop.mtx,dasp_half,main_reduced_precision,half,ok,5,,,,0.0300,0.0022,0.0022,,0.1018,,,,,,,1.766
Oberwolfach/t2dal_bci/t2dal_bci_Atop.mtx,packsell_pack16,structural_related,half,ok,5,4257,4257,111,,0.002514,0.002514,,0.0882938,,,,,,0.215525,2.240
Oberwolfach/t2dal_bci/t2dal_bci_Atop.mtx,packsell_pack32,structural_related,float,ok,5,4257,4257,111,,0.003410,0.003410,,0.0651045,,,,,,8.33245e-08,4.648
Oberwolfach/t2dal_bci/t2dal_bci_Atop.mtx,spaden_bitmap_float,structural_related,float,ok,5,4257,4257,111,,0.0034,0.0034,,0.0653,11.09,23.3,,,,7.095551e+01,1.820
Oberwolfach/t3dl_e/t3dl_e.mtx,cusparse_double,main,double,ok,4,20360,20360,20360,0.1805,0.0162,0.0162,0.0144,,,,,,,,0.929
Oberwolfach/t3dl_e/t3dl_e.mtx,cusparse_float,main_float,float,ok,4,20360,20360,20360,0.1350,0.0102,0.0102,0.0098,,,,,,,,1.706
Oberwolfach/t3dl_e/t3dl_e.mtx,dasp_double,main,double,ok,4,,,,0.2960,0.0028,0.0028,,14.3078,,,,,,,1.567
Oberwolfach/t3dl_e/t3dl_e.mtx,dasp_half,main_reduced_precision,half,ok,4,,,,0.1650,0.0022,0.0022,,18.1058,,,,,,,2.170
Oberwolfach/t3dl_e/t3dl_e.mtx,packsell_pack16,structural_related,half,ok,4,20360,20360,20360,,0.003882,0.003882,,10.4892,,,,,,0.0266707,2.658
Oberwolfach/t3dl_e/t3dl_e.mtx,packsell_pack32,structural_related,float,ok,4,20360,20360,20360,,0.003141,0.003141,,12.9637,,,,,,9.62473e-08,2.145
Oberwolfach/t3dl_e/t3dl_e.mtx,spaden_bitmap_float,structural_related,float,ok,4,20360,20360,20360,,0.0046,0.0046,,8.7779,183.38,54.2,,,,0.000000e+00,1.972
PARSEC/Si2/Si2.mtx,cusparse_double,main,double,ok,7,769,769,17801,0.1516,0.0163,0.0163,0.0123,,,,,,,,0.658
PARSEC/Si2/Si2.mtx,cusparse_float,main_float,float,ok,3,769,769,17801,0.1279,0.0088,0.0088,0.0066,,,,,,,,1.481
PARSEC/Si2/Si2.mtx,dasp_double,main,double,ok,3,,,,0.2000,0.0068,0.0068,,5.2464,,,,,,,1.314
PARSEC/Si2/Si2.mtx,dasp_half,main_reduced_precision,half,ok,3,,,,0.1740,0.0061,0.0061,,5.7927,,,,,,,1.124
PARSEC/Si2/Si2.mtx,packsell_pack16,structural_related,half,ok,3,769,769,17801,,0.006411,0.006411,,5.55347,,,,,,0.000546631,3.327
PARSEC/Si2/Si2.mtx,packsell_pack32,structural_related,float,ok,3,769,769,17801,,0.010467,0.010467,,3.40139,,,,,,2.27575e-07,3.934
PARSEC/Si2/Si2.mtx,spaden_bitmap_float,structural_related,float,ok,3,769,769,17801,,0.0152,0.0152,,2.3457,22.37,74.6,,,,3.522547e-07,1.659
PARSEC/SiNa/SiNa.mtx,cusparse_double,main,double,ok,4,5743,5743,198787,0.1174,0.0135,0.0135,0.0102,,,,,,,,0.813
PARSEC/SiNa/SiNa.mtx,cusparse_float,main_float,float,ok,6,5743,5743,198787,0.1168,0.0088,0.0088,0.0082,,,,,,,,1.647
PARSEC/SiNa/SiNa.mtx,dasp_double,main,double,ok,6,,,,3.4330,0.0246,0.0246,,16.1793,,,,,,,1.465
PARSEC/SiNa/SiNa.mtx,dasp_half,main_reduced_precision,half,ok,6,,,,1.9070,0.0123,0.0123,,32.3231,,,,,,,1.875
PARSEC/SiNa/SiNa.mtx,packsell_pack16,structural_related,half,ok,6,5743,5743,198787,,0.016612,0.016612,,23.9325,,,,,,0.000750719,3.140
PARSEC/SiNa/SiNa.mtx,packsell_pack32,structural_related,float,ok,6,5743,5743,198787,,0.031182,0.031182,,12.75,,,,,,4.64365e-07,2.600
PARSEC/SiNa/SiNa.mtx,spaden_bitmap_float,structural_related,float,ok,6,5743,5743,198787,,0.0422,0.0422,,9.4237,213.57,78.0,,,,4.919117e-07,1.510
PARSEC/benzene/benzene.mtx,cusparse_double,main,double,ok,2,8219,8219,242669,0.1498,0.0144,0.0144,0.0102,,,,,,,,1.349
PARSEC/benzene/benzene.mtx,cusparse_float,main_float,float,ok,3,8219,8219,242669,0.1166,0.0094,0.0094,0.0081,,,,,,,,1.766
PARSEC/benzene/benzene.mtx,dasp_double,main,double,ok,3,,,,4.6100,0.0082,0.0082,,59.2454,,,,,,,1.956
PARSEC/benzene/benzene.mtx,dasp_half,main_reduced_precision,half,ok,3,,,,2.0210,0.0044,0.0044,,110.4547,,,,,,,1.314
PARSEC/benzene/benzene.mtx,packsell_pack16,structural_related,half,ok,3,8219,8219,242669,,0.006328,0.006328,,76.7001,,,,,,0.00058568,2.787
PARSEC/benzene/benzene.mtx,packsell_pack32,structural_related,float,ok,3,8219,8219,242669,,0.008430,0.008430,,57.5729,,,,,,2.9539e-07,3.075
PARSEC/benzene/benzene.mtx,spaden_bitmap_float,structural_related,float,ok,3,8219,8219,242669,,0.0214,0.0214,,22.6269,17.94,79.1,,,,6.100569e-07,1.073
Pajek/Cities/Cities.mtx,cusparse_double,main,double,ok,1,55,46,1342,0.1409,0.0111,0.0111,0.0082,,,,,,,,0.409
Pajek/Cities/Cities.mtx,cusparse_float,main_float,float,ok,3,55,46,1342,0.1273,0.0066,0.0066,0.0051,,,,,,,,1.582
Pajek/Cities/Cities.mtx,dasp_double,main,double,ok,3,,,,0.0180,0.0061,0.0061,,0.4365,,,,,,,1.519
Pajek/Cities/Cities.mtx,dasp_half,main_reduced_precision,half,ok,3,,,,0.0180,0.0041,0.0041,,0.6542,,,,,,,1.337
Pajek/Cities/Cities.mtx,packsell_pack16,structural_related,half,ok,3,55,46,1342,,0.004355,0.004355,,0.616289,,,,,,0.00062379,4.207
Pajek/Cities/Cities.mtx,packsell_pack32,structural_related,float,ok,3,55,46,1342,,0.006427,0.006427,,0.417607,,,,,,1.99754e-07,3.336
Pajek/Cities/Cities.mtx,spaden_bitmap_float,structural_related,float,ok,3,55,46,1342,,0.0048,0.0048,,0.5614,108.67,55.4,,,,0.000000e+00,1.792
Pajek/FA/FA.mtx,cusparse_double,main,double,ok,7,10617,10617,72176,0.1674,0.0194,0.0194,0.0143,,,,,,,,0.910
Pajek/FA/FA.mtx,cusparse_float,main_float,float,ok,2,10617,10617,72176,0.1366,0.0098,0.0098,0.0082,,,,,,,,1.844
Pajek/FA/FA.mtx,dasp_double,main,double,ok,2,,,,0.9650,0.0061,0.0061,,23.4757,,,,,,,1.427
Pajek/FA/FA.mtx,dasp_half,main_reduced_precision,half,ok,2,,,,1.0020,0.0078,0.0078,,18.5019,,,,,,,1.393
Pajek/FA/FA.mtx,packsell_pack16,structural_related,half,ok,2,10617,10617,72176,,0.006311,0.006311,,22.8724,,,,,,0.000448214,2.932
Pajek/FA/FA.mtx,packsell_pack32,structural_related,float,ok,2,10617,10617,72176,,0.008379,0.008379,,17.2271,,,,,,1.65746e-07,3.334
Pajek/FA/FA.mtx,spaden_bitmap_float,structural_related,float,ok,2,10617,10617,72176,,0.0358,0.0358,,4.0284,31.82,214.2,,,,5.125886e-08,1.596
Pajek/GD01_c/GD01_c.mtx,cusparse_double,main,double,ok,4,33,33,135,0.1366,0.0120,0.0120,0.0082,,,,,,,,1.549
Pajek/GD01_c/GD01_c.mtx,cusparse_float,main_float,float,ok,5,33,33,135,0.1340,0.0075,0.0075,0.0065,,,,,,,,1.752
Pajek/GD01_c/GD01_c.mtx,dasp_double,main,double,ok,5,,,,0.0270,0.0041,0.0041,,0.0658,,,,,,,0.781
Pajek/GD01_c/GD01_c.mtx,dasp_half,main_reduced_precision,half,ok,5,,,,0.0100,0.0041,0.0041,,0.0660,,,,,,,1.859
Pajek/GD01_c/GD01_c.mtx,packsell_pack16,structural_related,half,ok,5,33,33,135,,0.007781,0.007781,,0.0346986,,,,,,0.000237514,2.189
Pajek/GD01_c/GD01_c.mtx,packsell_pack32,structural_related,float,ok,5,33,33,135,,0.004067,0.004067,,0.0663896,,,,,,8.52536e-08,2.199
Pajek/GD01_c/GD01_c.mtx,spaden_bitmap_float,structural_related,float,ok,5,33,33,135,,0.0046,0.0046,,0.0589,34.58,61.2,,,,0.000000e+00,1.261
Pajek/GD02_a/GD02_a.mtx,cusparse_double,main,double,ok,5,23,23,87,0.1525,0.0136,0.0136,0.0102,,,,,,,,0.677
Pajek/GD02_a/GD02_a.mtx,cusparse_float,main_float,float,ok,2,23,23,87,0.1277,0.0073,0.0073,0.0061,,,,,,,,1.559
Pajek/GD02_a/GD02_a.mtx,dasp_double,main,double,ok,2,,,,0.0150,0.0041,0.0041,,0.0424,,,,,,,1.126
Pajek/GD02_a/GD02_a.mtx,dasp_half,main_reduced_precision,half,ok,2,,,,0.0090,0.0041,0.0041,,0.0424,,,,,,,1.388
Pajek/GD02_a/GD02_a.mtx,packsell_pack16,structural_related,half,ok,2,23,23,87,,0.003976,0.003976,,0.0437571,,,,,,0.000352381,2.992
Pajek/GD02_a/GD02_a.mtx,packsell_pack32,structural_related,float,ok,2,23,23,87,,0.004364,0.004364,,0.0398717,,,,,,1.29573e-07,2.531
Pajek/GD02_a/GD02_a.mtx,spaden_bitmap_float,structural_related,float,ok,2,23,23,87,,0.0048,0.0048,,0.0363,12.10,64.6,,,,0.000000e+00,1.487
Pajek/GD95_c/GD95_c.mtx,cusparse_double,main,double,ok,2,62,62,287,0.1276,0.0115,0.0115,0.0082,,,,,,,,0.809
Pajek/GD95_c/GD95_c.mtx,cusparse_float,main_float,float,ok,4,62,62,287,0.1292,0.0076,0.0076,0.0062,,,,,,,,1.582
Pajek/GD95_c/GD95_c.mtx,dasp_double,main,double,ok,4,,,,0.0130,0.0062,0.0062,,0.0919,,,,,,,1.842
Pajek/GD95_c/GD95_c.mtx,dasp_half,main_reduced_precision,half,ok,4,,,,0.0150,0.0059,0.0059,,0.0978,,,,,,,1.431
Pajek/GD95_c/GD95_c.mtx,packsell_pack16,structural_related,half,ok,4,62,62,287,,0.003448,0.003448,,0.166467,,,,,,0.00059522,3.052
Pajek/GD95_c/GD95_c.mtx,packsell_pack32,structural_related,float,ok,4,62,62,287,,0.004356,0.004356,,0.131765,,,,,,1.87934e-07,2.839
Pajek/GD95_c/GD95_c.mtx,spaden_bitmap_float,structural_related,float,ok,4,62,62,287,,0.0057,0.0057,,0.1008,133.42,65.5,,,,0.000000e+00,1.826
Pajek/Ragusa16/Ragusa16.mtx,cusparse_double,main,double,ok,6,24,24,81,0.1308,0.0120,0.0120,0.0082,,,,,,,,1.466
Pajek/Ragusa16/Ragusa16.mtx,cusparse_float,main_float,float,ok,2,24,24,81,0.1244,0.0076,0.0076,0.0062,,,,,,,,1.417
Pajek/Ragusa16/Ragusa16.mtx,dasp_double,main,double,ok,2,,,,0.0160,0.0063,0.0063,,0.0257,,,,,,,1.840
Pajek/Ragusa16/Ragusa16.mtx,dasp_half,main_reduced_precision,half,ok,2,,,,0.0080,0.0060,0.0060,,0.0270,,,,,,,1.449
Pajek/Ragusa16/Ragusa16.mtx,packsell_pack16,structural_related,half,ok,2,24,24,81,,0.003706,0.003706,,0.0437176,,,,,,0.000235922,2.617
Pajek/Ragusa16/Ragusa16.mtx,packsell_pack32,structural_related,float,ok,2,24,24,81,,0.004283,0.004283,,0.0378219,,,,,,7.61174e-08,2.752
Pajek/Ragusa16/Ragusa16.mtx,spaden_bitmap_float,structural_related,float,ok,2,24,24,81,,0.0048,0.0048,,0.0339,13.16,65.2,,,,0.000000e+00,1.937
Pajek/Ragusa18/Ragusa18.mtx,cusparse_double,main,double,ok,5,23,23,64,0.1528,0.0139,0.0139,0.0102,,,,,,,,0.658
Pajek/Ragusa18/Ragusa18.mtx,cusparse_float,main_float,float,ok,5,23,23,64,0.1464,0.0076,0.0076,0.0065,,,,,,,,1.605
Pajek/Ragusa18/Ragusa18.mtx,dasp_double,main,double,ok,5,,,,0.0110,0.0041,0.0041,,0.0312,,,,,,,1.506
Pajek/Ragusa18/Ragusa18.mtx,dasp_half,main_reduced_precision,half,ok,5,,,,0.0060,0.0041,0.0041,,0.0312,,,,,,,1.149
Pajek/Ragusa18/Ragusa18.mtx,packsell_pack16,structural_related,half,ok,5,23,23,64,,0.004210,0.004210,,0.0304069,,,,,,0.000355716,2.625
Pajek/Ragusa18/Ragusa18.mtx,packsell_pack32,structural_related,float,ok,5,23,23,64,,0.004210,0.004210,,0.0304069,,,,,,9.87537e-08,2.127
Pajek/Ragusa18/Ragusa18.mtx,spaden_bitmap_float,structural_related,float,ok,5,23,23,64,,0.0047,0.0047,,0.0270,51.96,69.1,,,,0.000000e+00,2.177
Pajek/Sandi_authors/Sandi_authors.mtx,cusparse_double,main,double,ok,1,86,86,248,0.1184,0.0114,0.0114,0.0082,,,,,,,,0.393
Pajek/Sandi_authors/Sandi_authors.mtx,cusparse_float,main_float,float,ok,7,86,86,248,0.1370,0.0073,0.0073,0.0053,,,,,,,,1.591
Pajek/Sandi_authors/Sandi_authors.mtx,dasp_double,main,double,ok,7,,,,0.0130,0.0041,0.0041,,0.1209,,,,,,,1.564
Pajek/Sandi_authors/Sandi_authors.mtx,dasp_half,main_reduced_precision,half,ok,7,,,,0.0150,0.0121,0.0121,,0.0411,,,,,,,1.675
Pajek/Sandi_authors/Sandi_authors.mtx,packsell_pack16,structural_related,half,ok,7,86,86,248,,0.003902,0.003902,,0.127102,,,,,,0.000376875,3.212
Pajek/Sandi_authors/Sandi_authors.mtx,packsell_pack32,structural_related,float,ok,7,86,86,248,,0.004264,0.004264,,0.116335,,,,,,1.09069e-07,3.138
Pajek/Sandi_authors/Sandi_authors.mtx,spaden_bitmap_float,structural_related,float,ok,7,86,86,248,,0.0069,0.0069,,0.0717,121.01,115.4,,,,0.000000e+00,1.716
Pajek/SmallW/SmallW.mtx,cusparse_double,main,double,ok,7,396,396,994,0.1216,0.0114,0.0114,0.0100,,,,,,,,0.390
Pajek/SmallW/SmallW.mtx,cusparse_float,main_float,float,ok,4,396,396,994,0.1288,0.0081,0.0081,0.0066,,,,,,,,1.486
Pajek/SmallW/SmallW.mtx,dasp_double,main,double,ok,4,,,,0.0340,0.0185,0.0185,,0.1077,,,,,,,1.413
Pajek/SmallW/SmallW.mtx,dasp_half,main_reduced_precision,half,ok,4,,,,0.0240,0.0062,0.0062,,0.3230,,,,,,,1.621
Pajek/SmallW/SmallW.mtx,packsell_pack16,structural_related,half,ok,4,396,396,994,,0.010750,0.010750,,0.184935,,,,,,0.000518112,3.158
Pajek/SmallW/SmallW.mtx,packsell_pack32,structural_related,float,ok,4,396,396,994,,0.018659,0.018659,,0.106545,,,,,,1.50077e-07,2.480
Pajek/SmallW/SmallW.mtx,spaden_bitmap_float,structural_related,float,ok,4,396,396,994,,0.0152,0.0152,,0.1308,217.93,95.5,,,,0.000000e+00,1.600
Pajek/Tina_AskCal/Tina_AskCal.mtx,cusparse_double,main,double,ok,7,11,11,29,0.1117,0.0111,0.0111,0.0082,,,,,,,,0.388
Pajek/Tina_AskCal/Tina_AskCal.mtx,cusparse_float,main_float,float,ok,3,11,11,29,0.1356,0.0069,0.0069,0.0060,,,,,,,,1.376
Pajek/Tina_AskCal/Tina_AskCal.mtx,dasp_double,main,double,ok,3,,,,0.0080,0.0041,0.0041,,0.0141,,,,,,,1.589
Pajek/Tina_AskCal/Tina_AskCal.mtx,dasp_half,main_reduced_precision,half,ok,3,,,,0.0080,0.0041,0.0041,,0.0142,,,,,,,1.649
Pajek/Tina_AskCal/Tina_AskCal.mtx,packsell_pack16,structural_related,half,ok,3,11,11,29,,0.003423,0.003423,,0.0169426,,,,,,0.000341714,2.224
Pajek/Tina_AskCal/Tina_AskCal.mtx,packsell_pack32,structural_related,float,ok,3,11,11,29,,0.004254,0.004254,,0.0136329,,,,,,1.01787e-07,1.936
Pajek/Tina_AskCal/Tina_AskCal.mtx,spaden_bitmap_float,structural_related,float,ok,3,11,11,29,,0.0047,0.0047,,0.0123,9.96,70.0,,,,0.000000e+00,1.284
Pajek/Tina_AskCog/Tina_AskCog.mtx,cusparse_double,main,double,ok,6,11,11,36,0.1287,0.0115,0.0115,0.0082,,,,,,,,1.551
Pajek/Tina_AskCog/Tina_AskCog.mtx,cusparse_float,main_float,float,ok,5,11,11,36,0.1341,0.0075,0.0075,0.0063,,,,,,,,1.470
Pajek/Tina_AskCog/Tina_AskCog.mtx,dasp_double,main,double,ok,5,,,,0.0090,0.0062,0.0062,,0.0117,,,,,,,1.610
Pajek/Tina_AskCog/Tina_AskCog.mtx,dasp_half,main_reduced_precision,half,ok,5,,,,0.0080,0.0040,0.0040,,0.0179,,,,,,,1.641
Pajek/Tina_AskCog/Tina_AskCog.mtx,packsell_pack16,structural_related,half,ok,5,11,11,36,,0.004271,0.004271,,0.0168574,,,,,,0.000461443,2.373
Pajek/Tina_AskCog/Tina_AskCog.mtx,packsell_pack32,structural_related,float,ok,5,11,11,36,,0.004273,0.004273,,0.0168513,,,,,,1.67757e-07,3.180
Pajek/Tina_AskCog/Tina_AskCog.mtx,spaden_bitmap_float,structural_related,float,ok,5,11,11,36,,0.2737,0.2737,,0.0003,50.55,61.9,,,,0.000000e+00,1.901
Pajek/Tina_DisCal/Tina_DisCal.mtx,cusparse_double,main,double,ok,6,11,11,41,0.1296,0.0117,0.0117,0.0082,,,,,,,,1.591
Pajek/Tina_DisCal/Tina_DisCal.mtx,cusparse_float,main_float,float,ok,3,11,11,41,0.1337,0.0068,0.0068,0.0059,,,,,,,,1.585
Pajek/Tina_DisCal/Tina_DisCal.mtx,dasp_double,main,double,ok,3,,,,0.0100,0.0041,0.0041,,0.0200,,,,,,,1.731
Pajek/Tina_DisCal/Tina_DisCal.mtx,dasp_half,main_reduced_precision,half,ok,3,,,,0.0180,0.0041,0.0041,,0.0200,,,,,,,1.927
Pajek/Tina_DisCal/Tina_DisCal.mtx,packsell_pack16,structural_related,half,ok,3,11,11,41,,0.002919,0.002919,,0.0280908,,,,,,0.000295018,2.434
Pajek/Tina_DisCal/Tina_DisCal.mtx,packsell_pack32,structural_related,float,ok,3,11,11,41,,0.004288,0.004288,,0.0191233,,,,,,9.1095e-08,2.146
Pajek/Tina_DisCal/Tina_DisCal.mtx,spaden_bitmap_float,structural_related,float,ok,3,11,11,41,,0.0042,0.0042,,0.0195,26.17,64.9,,,,0.000000e+00,1.729
Pajek/Tina_DisCog/Tina_DisCog.mtx,cusparse_double,main,double,ok,4,11,11,48,0.1975,0.0162,0.0162,0.0123,,,,,,,,1.230
Pajek/Tina_DisCog/Tina_DisCog.mtx,cusparse_float,main_float,float,ok,6,11,11,48,0.1266,0.0074,0.0074,0.0066,,,,,,,,1.441
Pajek/Tina_DisCog/Tina_DisCog.mtx,dasp_double,main,double,ok,6,,,,0.0140,0.0041,0.0041,,0.0234,,,,,,,1.567
Pajek/Tina_DisCog/Tina_DisCog.mtx,dasp_half,main_reduced_precision,half,ok,6,,,,0.0090,0.0041,0.0041,,0.0234,,,,,,,1.236
Pajek/Tina_DisCog/Tina_DisCog.mtx,packsell_pack16,structural_related,half,ok,6,11,11,48,,0.002545,0.002545,,0.037727,,,,,,0.000503369,2.849
Pajek/Tina_DisCog/Tina_DisCog.mtx,packsell_pack32,structural_related,float,ok,6,11,11,48,,0.004146,0.004146,,0.0231558,,,,,,1.51728e-07,2.666
Pajek/Tina_DisCog/Tina_DisCog.mtx,spaden_bitmap_float,structural_related,float,ok,6,11,11,48,,0.0047,0.0047,,0.0203,27.91,63.0,,,,0.000000e+00,1.516
Pajek/WorldCities/WorldCities.mtx,cusparse_double,main,double,ok,2,315,100,7518,0.1323,0.0129,0.0129,0.0102,,,,,,,,1.665
Pajek/WorldCities/WorldCities.mtx,cusparse_float,main_float,float,ok,7,315,100,7518,0.1340,0.0081,0.0081,0.0061,,,,,,,,1.753
Pajek/WorldCities/WorldCities.mtx,dasp_double,main,double,ok,7,,,,0.1210,0.0102,0.0102,,1.4676,,,,,,,1.286
Pajek/WorldCities/WorldCities.mtx,dasp_half,main_reduced_precision,half,ok,7,,,,0.0670,0.0062,0.0062,,2.4441,,,,,,,1.499
Pajek/WorldCities/WorldCities.mtx,packsell_pack16,structural_related,half,ok,7,315,100,7518,,0.008426,0.008426,,1.78456,,,,,,0.000593737,2.510
Pajek/WorldCities/WorldCities.mtx,packsell_pack32,structural_related,float,ok,7,315,100,7518,,0.014406,0.014406,,1.04371,,,,,,1.65814e-07,2.652
Pajek/WorldCities/WorldCities.mtx,spaden_bitmap_float,structural_related,float,ok,7,315,100,7518,,0.0089,0.0089,,1.6853,8.94,62.5,,,,0.000000e+00,2.083
Pajek/divorce/divorce.mtx,cusparse_double,main,double,ok,6,50,9,225,0.1405,0.0118,0.0118,0.0082,,,,,,,,1.646
Pajek/divorce/divorce.mtx,cusparse_float,main_float,float,ok,3,50,9,225,0.1334,0.0070,0.0070,0.0059,,,,,,,,1.516
Pajek/divorce/divorce.mtx,dasp_double,main,double,ok,3,,,,0.0160,0.0040,0.0040,,0.1125,,,,,,,1.401
Pajek/divorce/divorce.mtx,dasp_half,main_reduced_precision,half,ok,3,,,,0.0130,0.0041,0.0041,,0.1098,,,,,,,1.469
Pajek/divorce/divorce.mtx,packsell_pack16,structural_related,half,ok,3,50,9,225,,0.003341,0.003341,,0.134681,,,,,,0.000353305,2.760
Pajek/divorce/divorce.mtx,packsell_pack32,structural_related,float,ok,3,50,9,225,,0.003535,0.003535,,0.127306,,,,,,1.14236e-07,3.031
Pajek/divorce/divorce.mtx,spaden_bitmap_float,structural_related,float,ok,3,50,9,225,,0.0042,0.0042,,0.1059,19.36,57.9,,,,0.000000e+00,1.866
Pajek/geom/geom.mtx,cusparse_double,main,double,ok,7,7343,7343,23796,0.1480,0.0195,0.0195,0.0143,,,,,,,,0.440
Pajek/geom/geom.mtx,cusparse_float,main_float,float,ok,5,7343,7343,23796,0.1359,0.0106,0.0106,0.0092,,,,,,,,1.413
Pajek/geom/geom.mtx,dasp_double,main,double,ok,5,,,,0.4090,0.0120,0.0120,,3.9670,,,,,,,1.070
Pajek/geom/geom.mtx,dasp_half,main_reduced_precision,half,ok,5,,,,0.3540,0.0062,0.0062,,7.7348,,,,,,,1.323
Pajek/geom/geom.mtx,packsell_pack16,structural_related,half,ok,5,7343,7343,23796,,0.010443,0.010443,,4.55743,,,,,,0.000415985,2.233
Pajek/geom/geom.mtx,packsell_pack32,structural_related,float,ok,5,7343,7343,23796,,0.016501,0.016501,,2.88411,,,,,,1.34584e-07,2.182
Pajek/geom/geom.mtx,spaden_bitmap_float,structural_related,float,ok,5,7343,7343,23796,,0.0297,0.0297,,1.6011,87.08,213.7,,,,0.000000e+00,1.794
Pothen/barth4/barth4.mtx,cusparse_double,main,double,ok,7,6019,6019,40965,0.1565,0.0176,0.0176,0.0143,,,,,,,,0.709
Pothen/barth4/barth4.mtx,cusparse_float,main_float,float,ok,7,6019,6019,40965,0.1373,0.0085,0.0085,0.0067,,,,,,,,1.677
Pothen/barth4/barth4.mtx,dasp_double,main,double,ok,7,,,,0.5670,0.0041,0.0041,,19.9586,,,,,,,1.731
Pothen/barth4/barth4.mtx,dasp_half,main_reduced_precision,half,ok,7,,,,0.8490,0.0041,0.0041,,19.9781,,,,,,,1.700
Pothen/barth4/barth4.mtx,packsell_pack16,structural_related,half,ok,7,6019,6019,40965,,0.004258,0.004258,,19.2408,,,,,,0.00182381,3.086
Pothen/barth4/barth4.mtx,packsell_pack32,structural_related,float,ok,7,6019,6019,40965,,0.004304,0.004304,,19.0346,,,,,,5.52161e-07,1.938
Pothen/barth4/barth4.mtx,spaden_bitmap_float,structural_related,float,ok,7,6019,6019,40965,,0.0089,0.0089,,9.2475,92.36,75.0,,,,0.000000e+00,1.300
Pothen/mesh1em6/mesh1em6.mtx,cusparse_double,main,double,ok,2,48,48,306,0.1341,0.0116,0.0116,0.0082,,,,,,,,0.773
Pothen/mesh1em6/mesh1em6.mtx,cusparse_float,main_float,float,ok,5,48,48,306,0.1293,0.0073,0.0073,0.0067,,,,,,,,1.515
Pothen/mesh1em6/mesh1em6.mtx,dasp_double,main,double,ok,5,,,,0.0140,0.0041,0.0041,,0.1492,,,,,,,1.296
Pothen/mesh1em6/mesh1em6.mtx,dasp_half,main_reduced_precision,half,ok,5,,,,0.0160,0.0041,0.0041,,0.1487,,,,,,,1.807
Pothen/mesh1em6/mesh1em6.mtx,packsell_pack16,structural_related,half,ok,5,48,48,306,,0.003063,0.003063,,0.199822,,,,,,0.000406936,2.751
Pothen/mesh1em6/mesh1em6.mtx,packsell_pack32,structural_related,float,ok,5,48,48,306,,0.004063,0.004063,,0.150624,,,,,,1.17383e-07,3.675
Pothen/mesh1em6/mesh1em6.mtx,spaden_bitmap_float,structural_related,float,ok,5,48,48,306,,0.0052,0.0052,,0.1179,278.86,64.4,,,,5.940757e-08,1.670
Pothen/mesh3e1/mesh3e1.mtx,cusparse_double,main,double,ok,3,289,289,1377,0.1424,0.0116,0.0116,0.0082,,,,,,,,1.253
Pothen/mesh3e1/mesh3e1.mtx,cusparse_float,main_float,float,ok,7,289,289,1377,0.1275,0.0078,0.0078,0.0061,,,,,,,,1.431
Pothen/mesh3e1/mesh3e1.mtx,dasp_double,main,double,ok,7,,,,0.0410,0.0052,0.0052,,0.7265,,,,,,,2.239
Pothen/mesh3e1/mesh3e1.mtx,dasp_half,main_reduced_precision,half,ok,7,,,,0.0380,0.0041,0.0041,,0.9215,,,,,,,1.911
Pothen/mesh3e1/mesh3e1.mtx,packsell_pack16,structural_related,half,ok,7,289,289,1377,,0.004234,0.004234,,0.650526,,,,,,0.000551716,2.921
Pothen/mesh3e1/mesh3e1.mtx,packsell_pack32,structural_related,float,ok,7,289,289,1377,,0.004085,0.004085,,0.674091,,,,,,1.38694e-07,3.422
Pothen/mesh3e1/mesh3e1.mtx,spaden_bitmap_float,structural_related,float,ok,7,289,289,1889,,0.0070,0.0070,,0.5429,40.69,71.1,,,,0.000000e+00,1.171
Pothen/pwt/pwt.mtx,cusparse_double,main,double,ok,1,36519,36519,326107,0.1452,0.0140,0.0140,0.0123,,,,,,,,0.425
Pothen/pwt/pwt.mtx,cusparse_float,main_float,float,ok,6,36519,36519,326107,0.1196,0.0088,0.0088,0.0072,,,,,,,,1.478
Pothen/pwt/pwt.mtx,dasp_double,main,double,ok,6,,,,4.3950,0.0082,0.0082,,79.5577,,,,,,,1.682
Pothen/pwt/pwt.mtx,dasp_half,main_reduced_precision,half,ok,6,,,,6.7580,0.0041,0.0041,,158.8828,,,,,,,1.272
Pothen/pwt/pwt.mtx,packsell_pack16,structural_related,half,ok,6,36519,36519,326107,,0.004332,0.004332,,150.541,,,,,,0.00076246,2.443
Pothen/pwt/pwt.mtx,packsell_pack32,structural_related,float,ok,6,36519,36519,326107,,0.004388,0.004388,,148.643,,,,,,2.60557e-07,2.566
Pothen/pwt/pwt.mtx,spaden_bitmap_float,structural_related,float,ok,6,36519,36519,326107,,0.0173,0.0173,,37.7159,147.72,76.2,,,,0.000000e+00,1.390
Pothen/shuttle_eddy/shuttle_eddy.mtx,cusparse_double,main,double,ok,2,10429,10429,103599,0.1327,0.0136,0.0136,0.0123,,,,,,,,1.422
Pothen/shuttle_eddy/shuttle_eddy.mtx,cusparse_float,main_float,float,ok,4,10429,10429,103599,0.1474,0.0094,0.0094,0.0087,,,,,,,,1.543
Pothen/shuttle_eddy/shuttle_eddy.mtx,dasp_double,main,double,ok,4,,,,1.2220,0.0061,0.0061,,33.6962,,,,,,,1.946
Pothen/shuttle_eddy/shuttle_eddy.mtx,dasp_half,main_reduced_precision,half,ok,4,,,,1.1710,0.0041,0.0041,,50.4745,,,,,,,1.810
Pothen/shuttle_eddy/shuttle_eddy.mtx,packsell_pack16,structural_related,half,ok,4,10429,10429,103599,,0.004264,0.004264,,48.5928,,,,,,0.00177622,2.572
Pothen/shuttle_eddy/shuttle_eddy.mtx,packsell_pack32,structural_related,float,ok,4,10429,10429,103599,,0.006332,0.006332,,32.7231,,,,,,5.43442e-07,2.470
Pothen/shuttle_eddy/shuttle_eddy.mtx,spaden_bitmap_float,structural_related,float,ok,4,10429,10429,103599,,0.0132,0.0132,,15.7235,88.73,69.9,,,,0.000000e+00,2.141
Pothen/skirt/skirt.mtx,cusparse_double,main,double,ok,3,12598,12598,196520,0.1776,0.0133,0.0133,0.0123,,,,,,,,0.780
Pothen/skirt/skirt.mtx,cusparse_float,main_float,float,ok,2,12598,12598,196520,0.1371,0.0089,0.0089,0.0074,,,,,,,,1.805
Pothen/skirt/skirt.mtx,dasp_double,main,double,ok,2,,,,11.0900,0.0156,0.0156,,25.2613,,,,,,,1.637
Pothen/skirt/skirt.mtx,dasp_half,main_reduced_precision,half,ok,2,,,,1.6730,0.0041,0.0041,,95.7700,,,,,,,1.798
Pothen/skirt/skirt.mtx,packsell_pack16,structural_related,half,ok,2,12598,12598,196520,,0.004314,0.004314,,91.1094,,,,,,0.000701147,2.722
Pothen/skirt/skirt.mtx,packsell_pack32,structural_related,float,ok,2,12598,12598,196520,,0.006417,0.006417,,61.2524,,,,,,2.51139e-07,1.928
Pothen/skirt/skirt.mtx,spaden_bitmap_float,structural_related,float,ok,2,12598,12598,196520,,0.0152,0.0152,,25.7837,28.52,73.6,,,,0.000000e+00,1.701
Pothen/sphere2/sphere2.mtx,cusparse_double,main,double,ok,7,66,66,450,0.1297,0.0117,0.0117,0.0082,,,,,,,,0.397
Pothen/sphere2/sphere2.mtx,cusparse_float,main_float,float,ok,3,66,66,450,0.1347,0.0073,0.0073,0.0058,,,,,,,,1.769
Pothen/sphere2/sphere2.mtx,dasp_double,main,double,ok,3,,,,0.0140,0.0049,0.0049,,0.1819,,,,,,,1.743
Pothen/sphere2/sphere2.mtx,dasp_half,main_reduced_precision,half,ok,3,,,,0.0120,0.0041,0.0041,,0.2195,,,,,,,1.343
Pothen/sphere2/sphere2.mtx,packsell_pack16,structural_related,half,ok,3,66,66,450,,0.004261,0.004261,,0.211231,,,,,,0.000813718,2.466
Pothen/sphere2/sphere2.mtx,packsell_pack32,structural_related,float,ok,3,66,66,450,,0.003818,0.003818,,0.23573,,,,,,3.07809e-07,2.355
Pothen/sphere2/sphere2.mtx,spaden_bitmap_float,structural_related,float,ok,3,66,66,450,,0.0051,0.0051,,0.1755,29.56,63.8,,,,0.000000e+00,1.702
Pothen/sphere3/sphere3.mtx,cusparse_double,main,double,ok,5,258,258,1794,0.1340,0.0119,0.0119,0.0102,,,,,,,,0.849
Pothen/sphere3/sphere3.mtx,cusparse_float,main_float,float,ok,5,258,258,1794,0.1413,0.0093,0.0093,0.0072,,,,,,,,1.483
Pothen/sphere3/sphere3.mtx,dasp_double,main,double,ok,5,,,,0.0290,0.0041,0.0041,,0.8758,,,,,,,1.558
Pothen/sphere3/sphere3.mtx,dasp_half,main_reduced_precision,half,ok,5,,,,0.0350,0.0041,0.0041,,0.8751,,,,,,,1.143
Pothen/sphere3/sphere3.mtx,packsell_pack16,structural_related,half,ok,5,258,258,1794,,0.004001,0.004001,,0.896679,,,,,,0.00108264,3.919
Pothen/sphere3/sphere3.mtx,packsell_pack32,structural_related,float,ok,5,258,258,1794,,0.004086,0.004086,,0.878199,,,,,,2.87116e-07,3.894
Pothen/sphere3/sphere3.mtx,spaden_bitmap_float,structural_related,float,ok,5,258,258,1794,,0.0070,0.0070,,0.5125,29.08,72.8,,,,0.000000e+00,1.761
Quaglino/viscoplastic1/viscoplastic1.mtx,cusparse_double,main,double,ok,6,4326,4326,61166,0.1436,0.0138,0.0138,0.0123,,,,,,,,0.884
Quaglino/viscoplastic1/viscoplastic1.mtx,cusparse_float,main_float,float,ok,3,4326,4326,61166,0.1334,0.0089,0.0089,0.0078,,,,,,,,1.789
Quaglino/viscoplastic1/viscoplastic1.mtx,dasp_double,main,double,ok,3,,,,0.7200,0.0061,0.0061,,19.8946,,,,,,,1.376
Quaglino/viscoplastic1/viscoplastic1.mtx,dasp_half,main_reduced_precision,half,ok,3,,,,0.5870,0.0041,0.0041,,29.8080,,,,,,,1.252
Quaglino/viscoplastic1/viscoplastic1.mtx,packsell_pack16,structural_related,half,ok,3,4326,4326,61166,,0.004848,0.004848,,25.2333,,,,,,0.000417439,3.031
Quaglino/viscoplastic1/viscoplastic1.mtx,packsell_pack32,structural_related,float,ok,3,4326,4326,61166,,0.008361,0.008361,,14.6309,,,,,,1.37548e-07,2.147
Quaglino/viscoplastic1/viscoplastic1.mtx,spaden_bitmap_float,structural_related,float,ok,3,4326,4326,61166,,0.0216,0.0216,,5.6711,27.63,79.3,,,,5.111256e-08,1.975
Quaglino/viscoplastic1/viscoplastic1_C_1.mtx,cusparse_double,main,double,ok,4,4326,4326,61166,0.1419,0.0147,0.0147,0.0123,,,,,,,,0.861
Quaglino/viscoplastic1/viscoplastic1_C_1.mtx,cusparse_float,main_float,float,ok,6,4326,4326,61166,0.1353,0.0093,0.0093,0.0073,,,,,,,,1.659
Quaglino/viscoplastic1/viscoplastic1_C_1.mtx,dasp_double,main,double,ok,6,,,,3.7670,0.0100,0.0100,,12.2540,,,,,,,1.448
Quaglino/viscoplastic1/viscoplastic1_C_1.mtx,dasp_half,main_reduced_precision,half,ok,6,,,,0.5580,0.0041,0.0041,,29.8007,,,,,,,1.797
Quaglino/viscoplastic1/viscoplastic1_C_1.mtx,packsell_pack16,structural_related,half,ok,6,4326,4326,61166,,0.004992,0.004992,,24.5071,,,,,,0.000480451,3.193
Quaglino/viscoplastic1/viscoplastic1_C_1.mtx,packsell_pack32,structural_related,float,ok,6,4326,4326,61166,,0.008372,0.008372,,14.6127,,,,,,1.71476e-07,3.322
Quaglino/viscoplastic1/viscoplastic1_C_1.mtx,spaden_bitmap_float,structural_related,float,ok,6,4326,4326,61166,,0.0213,0.0213,,5.7375,77.33,79.3,,,,5.520202e-08,1.324
Quaglino/viscoplastic1/viscoplastic1_C_2.mtx,cusparse_double,main,double,ok,1,4326,4326,61166,0.1376,0.0131,0.0131,0.0123,,,,,,,,0.418
Quaglino/viscoplastic1/viscoplastic1_C_2.mtx,cusparse_float,main_float,float,ok,5,4326,4326,61166,0.1412,0.0087,0.0087,0.0079,,,,,,,,1.582
Quaglino/viscoplastic1/viscoplastic1_C_2.mtx,dasp_double,main,double,ok,5,,,,0.5600,0.0061,0.0061,,19.9011,,,,,,,1.903
Quaglino/viscoplastic1/viscoplastic1_C_2.mtx,dasp_half,main_reduced_precision,half,ok,5,,,,0.5990,0.0041,0.0041,,29.8080,,,,,,,1.317
Quaglino/viscoplastic1/viscoplastic1_C_2.mtx,packsell_pack16,structural_related,half,ok,5,4326,4326,61166,,0.004374,0.004374,,27.9667,,,,,,0.00107245,2.702
Quaglino/viscoplastic1/viscoplastic1_C_2.mtx,packsell_pack32,structural_related,float,ok,5,4326,4326,61166,,0.008406,0.008406,,14.5534,,,,,,3.21611e-07,2.735
Quaglino/viscoplastic1/viscoplastic1_C_2.mtx,spaden_bitmap_float,structural_related,float,ok,5,4326,4326,61166,,0.0233,0.0233,,5.2483,37.16,79.3,,,,1.356332e-07,1.933
Quaglino/viscoplastic1/viscoplastic1_C_3.mtx,cusparse_double,main,double,ok,6,4326,4326,61166,0.1396,0.0142,0.0142,0.0123,,,,,,,,0.987
Quaglino/viscoplastic1/viscoplastic1_C_3.mtx,cusparse_float,main_float,float,ok,7,4326,4326,61166,0.1329,0.0090,0.0090,0.0077,,,,,,,,1.605
Quaglino/viscoplastic1/viscoplastic1_C_3.mtx,dasp_double,main,double,ok,7,,,,0.6080,0.0072,0.0072,,16.9552,,,,,,,1.328
Quaglino/viscoplastic1/viscoplastic1_C_3.mtx,dasp_half,main_reduced_precision,half,ok,7,,,,1.2210,0.0041,0.0041,,29.8080,,,,,,,1.718
Quaglino/viscoplastic1/viscoplastic1_C_3.mtx,packsell_pack16,structural_related,half,ok,7,4326,4326,61166,,0.006290,0.006290,,19.448,,,,,,0.000964511,1.577
Quaglino/viscoplastic1/viscoplastic1_C_3.mtx,packsell_pack32,structural_related,float,ok,7,4326,4326,61166,,0.008409,0.008409,,14.5483,,,,,,3.76309e-07,2.090
Quaglino/viscoplastic1/viscoplastic1_C_3.mtx,spaden_bitmap_float,structural_related,float,ok,7,4326,4326,61166,,0.0213,0.0213,,5.7372,48.87,79.3,,,,6.784446e-06,1.743
Rajat/rajat04/rajat04.mtx,cusparse_double,main,double,ok,7,1041,1041,8725,0.1629,0.0172,0.0172,0.0123,,,,,,,,0.669
Rajat/rajat04/rajat04.mtx,cusparse_float,main_float,float,ok,7,1041,1041,8725,0.4166,0.0091,0.0091,0.0077,,,,,,,,1.676
Rajat/rajat04/rajat04.mtx,dasp_double,main,double,ok,7,,,,0.1170,0.0143,0.0143,,1.3438,,,,,,,1.238
Rajat/rajat04/rajat04.mtx,dasp_half,main_reduced_precision,half,ok,7,,,,0.1440,0.0062,0.0062,,3.1336,,,,,,,1.833
Rajat/rajat04/rajat04.mtx,packsell_pack16,structural_related,half,ok,7,1041,1041,8725,,0.039256,0.039256,,0.444516,,,,,,0.000368382,1.846
Rajat/rajat04/rajat04.mtx,packsell_pack32,structural_related,float,ok,7,1041,1041,8725,,0.078022,0.078022,,0.223656,,,,,,3.39786e-07,3.366
Rajat/rajat04/rajat04.mtx,spaden_bitmap_float,structural_related,float,ok,7,1041,1041,9642,,0.0294,0.0294,,0.6565,12.49,82.1,,,,1.701945e-05,1.104
Rajat/rajat12/rajat12.mtx,cusparse_double,main,double,ok,2,1879,1879,12818,0.1329,0.0141,0.0141,0.0123,,,,,,,,1.307
Rajat/rajat12/rajat12.mtx,cusparse_float,main_float,float,ok,7,1879,1879,12818,0.1407,0.0088,0.0088,0.0077,,,,,,,,1.756
Rajat/rajat12/rajat12.mtx,dasp_double,main,double,ok,7,,,,0.1890,0.0213,0.0213,,1.2162,,,,,,,2.130
Rajat/rajat12/rajat12.mtx,dasp_half,main_reduced_precision,half,ok,7,,,,0.1730,0.0082,0.0082,,3.1538,,,,,,,1.543
Rajat/rajat12/rajat12.mtx,packsell_pack16,structural_related,half,ok,7,1879,1879,12818,,0.073865,0.073865,,0.347065,,,,,,0.000688856,3.305
Rajat/rajat12/rajat12.mtx,packsell_pack32,structural_related,float,ok,7,1879,1879,12818,,0.143655,0.143655,,0.178455,,,,,,6.90957e-07,2.488
Rajat/rajat12/rajat12.mtx,spaden_bitmap_float,structural_related,float,ok,7,1879,1879,12926,,0.0682,0.0682,,0.3790,11.41,78.8,,,,1.996549e-04,1.818
Rajat/rajat14/rajat14.mtx,cusparse_double,main,double,ok,4,180,180,1475,0.1390,0.0119,0.0119,0.0101,,,,,,,,1.389
Rajat/rajat14/rajat14.mtx,cusparse_float,main_float,float,ok,6,180,180,1475,0.1282,0.0077,0.0077,0.0064,,,,,,,,1.728
Rajat/rajat14/rajat14.mtx,dasp_double,main,double,ok,6,,,,0.0240,0.0225,0.0225,,0.1335,,,,,,,1.444
Rajat/rajat14/rajat14.mtx,dasp_half,main_reduced_precision,half,ok,6,,,,0.0350,0.0062,0.0062,,0.4884,,,,,,,1.289
Rajat/rajat14/rajat14.mtx,packsell_pack16,structural_related,half,ok,6,180,180,1475,,0.010513,0.010513,,0.280607,,,,,,0.000596061,2.872
Rajat/rajat14/rajat14.mtx,packsell_pack32,structural_related,float,ok,6,180,180,1475,,0.018695,0.018695,,0.157795,,,,,,2.75069e-07,2.569
Rajat/rajat14/rajat14.mtx,spaden_bitmap_float,structural_related,float,ok,6,180,180,1503,,0.0093,0.0093,,0.3230,43.02,69.8,,,,6.381767e-04,1.991
Rajat/rajat19/rajat19.mtx,cusparse_double,main,double,ok,7,1157,1157,3699,0.1287,0.0130,0.0130,0.0114,,,,,,,,0.396
Rajat/rajat19/rajat19.mtx,cusparse_float,main_float,float,ok,7,1157,1157,3699,0.1340,0.0098,0.0098,0.0081,,,,,,,,1.689
Rajat/rajat19/rajat19.mtx,dasp_double,main,double,ok,7,,,,0.0830,0.0184,0.0184,,0.5859,,,,,,,1.595
Rajat/rajat19/rajat19.mtx,dasp_half,main_reduced_precision,half,ok,7,,,,0.0940,0.0062,0.0062,,1.7555,,,,,,,1.237
Rajat/rajat19/rajat19.mtx,packsell_pack16,structural_related,half,ok,7,1157,1157,3699,,0.020757,0.020757,,0.356416,,,,,,0.000612301,2.841
Rajat/rajat19/rajat19.mtx,packsell_pack32,structural_related,float,ok,7,1157,1157,3699,,0.039156,0.039156,,0.188938,,,,,,1.72268e-07,2.830
Rajat/rajat19/rajat19.mtx,spaden_bitmap_float,structural_related,float,ok,7,1157,1157,5399,,0.0215,0.0215,,0.5011,80.29,86.4,,,,1.257895e-08,1.253
Rajat/rajat27/rajat27.mtx,cusparse_double,main,double,ok,1,20640,20640,97353,0.1309,0.0149,0.0149,0.0123,,,,,,,,0.431
Rajat/rajat27/rajat27.mtx,cusparse_float,main_float,float,ok,7,20640,20640,97329,0.1326,0.0092,0.0092,0.0079,,,,,,,,1.742
Rajat/rajat27/rajat27.mtx,dasp_double,main,double,ok,7,,,,1.7860,0.0246,0.0246,,8.1139,,,,,,,1.644
Rajat/rajat27/rajat27.mtx,dasp_half,main_reduced_precision,half,ok,7,,,,4.2080,0.0174,0.0174,,11.4410,,,,,,,1.077
Rajat/rajat27/rajat27.mtx,packsell_pack16,structural_related,half,ok,7,20640,20640,97353,,0.106659,0.106659,,1.8255,,,,,,0.000472355,2.881
Rajat/rajat27/rajat27.mtx,packsell_pack32,structural_related,float,ok,7,20640,20640,97353,,0.204517,0.204517,,0.95203,,,,,,4.98305e-07,2.351
Rajat/rajat27/rajat27.mtx,spaden_bitmap_float,structural_related,float,ok,7,20640,20640,99777,,0.0744,0.0744,,2.6825,45.64,88.2,,,,1.708106e-07,2.036
Rommes/M10PI_n/M10PI_n.mtx,cusparse_double,main,double,ok,4,682,682,1633,0.1383,0.0137,0.0137,0.0102,,,,,,,,1.581
Rommes/M10PI_n/M10PI_n.mtx,cusparse_float,main_float,float,ok,5,682,682,1633,0.1254,0.0081,0.0081,0.0065,,,,,,,,1.590
Rommes/M10PI_n/M10PI_n.mtx,dasp_double,main,double,ok,5,,,,0.0340,0.0092,0.0092,,0.3533,,,,,,,1.508
Rommes/M10PI_n/M10PI_n.mtx,dasp_half,main_reduced_precision,half,ok,5,,,,0.0220,0.0041,0.0041,,0.7966,,,,,,,1.500
Rommes/M10PI_n/M10PI_n.mtx,packsell_pack16,structural_related,half,ok,5,682,682,1633,,0.004279,0.004279,,0.763179,,,,,,0.000359202,2.759
Rommes/M10PI_n/M10PI_n.mtx,packsell_pack32,structural_related,float,ok,5,682,682,1633,,0.004285,0.004285,,0.762277,,,,,,1.01089e-07,2.552
Rommes/M10PI_n/M10PI_n.mtx,spaden_bitmap_float,structural_related,float,ok,5,682,682,1633,,0.0092,0.0092,,0.3565,37.40,82.5,,,,3.913546e-09,1.984
Rommes/M10PI_n1/M10PI_n1.mtx,cusparse_double,main,double,ok,4,528,528,1317,0.1336,0.0131,0.0131,0.0102,,,,,,,,1.319
Rommes/M10PI_n1/M10PI_n1.mtx,cusparse_float,main_float,float,ok,4,528,528,1317,0.1237,0.0080,0.0080,0.0061,,,,,,,,1.628
Rommes/M10PI_n1/M10PI_n1.mtx,dasp_double,main,double,ok,4,,,,0.0220,0.0041,0.0041,,0.6420,,,,,,,1.727
Rommes/M10PI_n1/M10PI_n1.mtx,dasp_half,main_reduced_precision,half,ok,4,,,,0.0170,0.0041,0.0041,,0.6423,,,,,,,1.871
Rommes/M10PI_n1/M10PI_n1.mtx,packsell_pack16,structural_related,half,ok,4,528,528,1317,,0.003632,0.003632,,0.72518,,,,,,0.00046736,3.567
Rommes/M10PI_n1/M10PI_n1.mtx,packsell_pack32,structural_related,float,ok,4,528,528,1317,,0.004364,0.004364,,0.603593,,,,,,1.3952e-07,4.849
Rommes/M10PI_n1/M10PI_n1.mtx,spaden_bitmap_float,structural_related,float,ok,4,528,528,1317,,0.0089,0.0089,,0.2964,10.75,80.0,,,,3.373995e-08,1.330
Rommes/M10PI_n1/M10PI_n1_E.mtx,cusparse_double,main,double,ok,6,528,528,528,0.1379,0.0136,0.0136,0.0102,,,,,,,,1.315
Rommes/M10PI_n1/M10PI_n1_E.mtx,cusparse_float,main_float,float,ok,4,528,528,528,0.1405,0.0082,0.0082,0.0061,,,,,,,,1.490
Rommes/M10PI_n1/M10PI_n1_E.mtx,dasp_double,main,double,ok,4,,,,0.0110,0.0020,0.0020,,0.5166,,,,,,,1.710
Rommes/M10PI_n1/M10PI_n1_E.mtx,dasp_half,main_reduced_precision,half,ok,4,,,,0.0080,0.0027,0.0027,,0.3974,,,,,,,1.184
Rommes/M10PI_n1/M10PI_n1_E.mtx,packsell_pack16,structural_related,half,ok,4,528,528,528,,0.002550,0.002550,,0.414069,,,,,,0.000189748,2.991
Rommes/M10PI_n1/M10PI_n1_E.mtx,packsell_pack32,structural_related,float,ok,4,528,528,528,,0.003164,0.003164,,0.333709,,,,,,3.86455e-08,1.954
Rommes/M10PI_n1/M10PI_n1_E.mtx,spaden_bitmap_float,structural_related,float,ok,4,528,528,528,,0.0046,0.0046,,0.2272,162.17,54.3,,,,0.000000e+00,1.780
Rommes/M20PI_n/M20PI_n.mtx,cusparse_double,main,double,ok,1,1182,1182,2881,0.1336,0.0131,0.0131,0.0102,,,,,,,,0.406
Rommes/M20PI_n/M20PI_n.mtx,cusparse_float,main_float,float,ok,2,1182,1182,2881,0.1335,0.0098,0.0098,0.0084,,,,,,,,1.779
Rommes/M20PI_n/M20PI_n.mtx,dasp_double,main,double,ok,2,,,,0.0390,0.0041,0.0041,,1.4040,,,,,,,1.391
Rommes/M20PI_n/M20PI_n.mtx,dasp_half,main_reduced_precision,half,ok,2,,,,0.0290,0.0041,0.0041,,1.4033,,,,,,,1.477
Rommes/M20PI_n/M20PI_n.mtx,packsell_pack16,structural_related,half,ok,2,1182,1182,2881,,0.004187,0.004187,,1.37627,,,,,,0.000350268,2.231
Rommes/M20PI_n/M20PI_n.mtx,packsell_pack32,structural_related,float,ok,2,1182,1182,2881,,0.003802,0.003802,,1.51569,,,,,,1.05359e-07,3.182
Rommes/M20PI_n/M20PI_n.mtx,spaden_bitmap_float,structural_related,float,ok,2,1182,1182,2881,,0.0094,0.0094,,0.6120,123.97,76.8,,,,6.241061e-09,2.330
Rommes/M20PI_n/M20PI_n_E.mtx,cusparse_double,main,double,ok,4,1182,1182,1063,0.1342,0.0129,0.0129,0.0102,,,,,,,,1.140
Rommes/M20PI_n/M20PI_n_E.mtx,cusparse_float,main_float,float,ok,7,1182,1182,1063,0.1294,0.0094,0.0094,0.0079,,,,,,,,1.586
Rommes/M20PI_n/M20PI_n_E.mtx,dasp_double,main,double,ok,7,,,,0.0190,0.0024,0.0024,,0.8811,,,,,,,1.770
Rommes/M20PI_n/M20PI_n_E.mtx,dasp_half,main_reduced_precision,half,ok,7,,,,0.0180,0.0050,0.0050,,0.4285,,,,,,,1.862
Rommes/M20PI_n/M20PI_n_E.mtx,packsell_pack16,structural_related,half,ok,7,1182,1182,1063,,0.004103,0.004103,,0.5182,,,,,,0.000151991,2.761
Rommes/M20PI_n/M20PI_n_E.mtx,packsell_pack32,structural_related,float,ok,7,1182,1182,1063,,0.003252,0.003252,,0.653825,,,,,,1.63664e-08,2.729
Rommes/M20PI_n/M20PI_n_E.mtx,spaden_bitmap_float,structural_related,float,ok,7,1182,1182,1063,,0.0039,0.0039,,0.5407,26.73,53.9,,,,0.000000e+00,1.628
Rommes/M20PI_n1/M20PI_n1_E.mtx,cusparse_double,main,double,ok,1,1028,1028,1028,0.1377,0.0128,0.0128,0.0103,,,,,,,,0.403
Rommes/M20PI_n1/M20PI_n1_E.mtx,cusparse_float,main_float,float,ok,3,1028,1028,1028,0.1375,0.0083,0.0083,0.0067,,,,,,,,1.438
Rommes/M20PI_n1/M20PI_n1_E.mtx,dasp_double,main,double,ok,3,,,,0.0180,0.0032,0.0032,,0.6367,,,,,,,1.237
Rommes/M20PI_n1/M20PI_n1_E.mtx,dasp_half,main_reduced_precision,half,ok,3,,,,0.0160,0.0025,0.0025,,0.8351,,,,,,,2.320
Rommes/M20PI_n1/M20PI_n1_E.mtx,packsell_pack16,structural_related,half,ok,3,1028,1028,1028,,0.002680,0.002680,,0.767031,,,,,,0.000203528,2.766
Rommes/M20PI_n1/M20PI_n1_E.mtx,packsell_pack32,structural_related,float,ok,3,1028,1028,1028,,0.003438,0.003438,,0.597976,,,,,,5.71474e-08,2.649
Rommes/M20PI_n1/M20PI_n1_E.mtx,spaden_bitmap_float,structural_related,float,ok,3,1028,1028,1028,,0.0045,0.0045,,0.4561,19.17,54.3,,,,0.000000e+00,1.800
Rommes/M40PI_n/M40PI_n_E.mtx,cusparse_double,main,double,ok,3,2182,2182,2063,0.1291,0.0132,0.0132,0.0117,,,,,,,,1.443
Rommes/M40PI_n/M40PI_n_E.mtx,cusparse_float,main_float,float,ok,5,2182,2182,2063,0.1331,0.0091,0.0091,0.0077,,,,,,,,1.979
Rommes/M40PI_n/M40PI_n_E.mtx,dasp_double,main,double,ok,5,,,,0.0480,0.0027,0.0027,,1.5321,,,,,,,1.722
Rommes/M40PI_n/M40PI_n_E.mtx,dasp_half,main_reduced_precision,half,ok,5,,,,0.0340,0.0023,0.0023,,1.8144,,,,,,,1.617
Rommes/M40PI_n/M40PI_n_E.mtx,packsell_pack16,structural_related,half,ok,5,2182,2182,2063,,0.004138,0.004138,,0.997092,,,,,,0.00015197,3.416
Rommes/M40PI_n/M40PI_n_E.mtx,packsell_pack32,structural_related,float,ok,5,2182,2182,2063,,0.004293,0.004293,,0.961122,,,,,,1.63634e-08,4.627
Rommes/M40PI_n/M40PI_n_E.mtx,spaden_bitmap_float,structural_related,float,ok,5,2182,2182,2063,,0.0047,0.0047,,0.8837,11.47,54.0,,,,0.000000e+00,1.351
Rommes/M40PI_n1/M40PI_n1_E.mtx,cusparse_double,main,double,ok,5,2028,2028,2028,0.1728,0.0160,0.0160,0.0123,,,,,,,,1.262
Rommes/M40PI_n1/M40PI_n1_E.mtx,cusparse_float,main_float,float,ok,4,2028,2028,2028,0.1412,0.0100,0.0100,0.0092,,,,,,,,1.676
Rommes/M40PI_n1/M40PI_n1_E.mtx,dasp_double,main,double,ok,4,,,,0.0320,0.0032,0.0032,,1.2775,,,,,,,1.727
Rommes/M40PI_n1/M40PI_n1_E.mtx,dasp_half,main_reduced_precision,half,ok,4,,,,0.0230,0.0024,0.0024,,1.6767,,,,,,,1.673
Rommes/M40PI_n1/M40PI_n1_E.mtx,packsell_pack16,structural_related,half,ok,4,2028,2028,2028,,0.003385,0.003385,,1.19829,,,,,,0.000181799,2.265
Rommes/M40PI_n1/M40PI_n1_E.mtx,packsell_pack32,structural_related,float,ok,4,2028,2028,2028,,0.002578,0.002578,,1.57339,,,,,,6.05504e-08,3.880
Rommes/M40PI_n1/M40PI_n1_E.mtx,spaden_bitmap_float,structural_related,float,ok,4,2028,2028,2028,,0.0048,0.0048,,0.8450,12.68,54.2,,,,0.000000e+00,1.593
Rommes/M80PI_n/M80PI_n_E.mtx,cusparse_double,main,double,ok,1,4182,4182,4063,0.1285,0.0151,0.0151,0.0123,,,,,,,,0.397
Rommes/M80PI_n/M80PI_n_E.mtx,cusparse_float,main_float,float,ok,4,4182,4182,4063,0.1428,0.0102,0.0102,0.0089,,,,,,,,1.657
Rommes/M80PI_n/M80PI_n_E.mtx,dasp_double,main,double,ok,4,,,,0.0690,0.0025,0.0025,,3.2478,,,,,,,1.580
Rommes/M80PI_n/M80PI_n_E.mtx,dasp_half,main_reduced_precision,half,ok,4,,,,0.0430,0.0030,0.0030,,2.7416,,,,,,,1.771
Rommes/M80PI_n/M80PI_n_E.mtx,packsell_pack16,structural_related,half,ok,4,4182,4182,4063,,0.004033,0.004033,,2.01469,,,,,,0.000151944,2.838
Rommes/M80PI_n/M80PI_n_E.mtx,packsell_pack32,structural_related,float,ok,4,4182,4182,4063,,0.003290,0.003290,,2.47006,,,,,,1.63609e-08,2.560
Rommes/M80PI_n/M80PI_n_E.mtx,spaden_bitmap_float,structural_related,float,ok,4,4182,4182,4063,,0.0047,0.0047,,1.7216,13.59,54.1,,,,0.000000e+00,1.666
Rommes/M80PI_n1/M80PI_n1_E.mtx,cusparse_double,main,double,ok,1,4028,4028,4028,0.1475,0.0153,0.0153,0.0123,,,,,,,,0.466
Rommes/M80PI_n1/M80PI_n1_E.mtx,cusparse_float,main_float,float,ok,5,4028,4028,4028,0.1379,0.0101,0.0101,0.0097,,,,,,,,1.752
Rommes/M80PI_n1/M80PI_n1_E.mtx,dasp_double,main,double,ok,5,,,,0.0780,0.0058,0.0058,,1.3909,,,,,,,1.429
Rommes/M80PI_n1/M80PI_n1_E.mtx,dasp_half,main_reduced_precision,half,ok,5,,,,0.0600,0.0041,0.0041,,1.9625,,,,,,,1.413
Rommes/M80PI_n1/M80PI_n1_E.mtx,packsell_pack16,structural_related,half,ok,5,4028,4028,4028,,0.004024,0.004024,,2.00176,,,,,,0.000199994,3.083
Rommes/M80PI_n1/M80PI_n1_E.mtx,packsell_pack32,structural_related,float,ok,5,4028,4028,4028,,0.002486,0.002486,,3.24007,,,,,,6.14222e-08,2.427
Rommes/M80PI_n1/M80PI_n1_E.mtx,spaden_bitmap_float,structural_related,float,ok,5,4028,4028,4028,,0.0043,0.0043,,1.8552,25.86,54.2,,,,0.000000e+00,2.060
Rommes/S10PI_n/S10PI_n.mtx,cusparse_double,main,double,ok,2,682,682,1633,0.1545,0.0170,0.0170,0.0151,,,,,,,,0.940
Rommes/S10PI_n/S10PI_n.mtx,cusparse_float,main_float,float,ok,3,682,682,1633,0.1294,0.0079,0.0079,0.0060,,,,,,,,1.556
Rommes/S10PI_n/S10PI_n.mtx,dasp_double,main,double,ok,3,,,,0.0270,0.0051,0.0051,,0.6453,,,,,,,2.065
Rommes/S10PI_n/S10PI_n.mtx,dasp_half,main_reduced_precision,half,ok,3,,,,0.0220,0.0041,0.0041,,0.7966,,,,,,,1.267
Rommes/S10PI_n/S10PI_n.mtx,packsell_pack16,structural_related,half,ok,3,682,682,1633,,0.004090,0.004090,,0.798507,,,,,,0.000359202,2.413
Rommes/S10PI_n/S10PI_n.mtx,packsell_pack32,structural_related,float,ok,3,682,682,1633,,0.004279,0.004279,,0.763245,,,,,,1.01089e-07,2.593
Rommes/S10PI_n/S10PI_n.mtx,spaden_bitmap_float,structural_related,float,ok,3,682,682,1633,,0.0092,0.0092,,0.3538,19.05,82.5,,,,3.913546e-09,1.434
Rommes/S10PI_n1/S10PI_n1.mtx,cusparse_double,main,double,ok,2,528,528,1317,0.1695,0.0172,0.0172,0.0145,,,,,,,,0.946
Rommes/S10PI_n1/S10PI_n1.mtx,cusparse_float,main_float,float,ok,2,528,528,1317,0.1334,0.0080,0.0080,0.0063,,,,,,,,1.562
Rommes/S10PI_n1/S10PI_n1.mtx,dasp_double,main,double,ok,2,,,,0.0260,0.0041,0.0041,,0.6417,,,,,,,1.796
Rommes/S10PI_n1/S10PI_n1.mtx,dasp_half,main_reduced_precision,half,ok,2,,,,0.0160,0.0041,0.0041,,0.6424,,,,,,,1.263
Rommes/S10PI_n1/S10PI_n1.mtx,packsell_pack16,structural_related,half,ok,2,528,528,1317,,0.003709,0.003709,,0.710088,,,,,,0.00046736,2.814
Rommes/S10PI_n1/S10PI_n1.mtx,packsell_pack32,structural_related,float,ok,2,528,528,1317,,0.004164,0.004164,,0.632605,,,,,,1.3952e-07,2.723
Rommes/S10PI_n1/S10PI_n1.mtx,spaden_bitmap_float,structural_related,float,ok,2,528,528,1317,,0.0091,0.0091,,0.2879,15.73,80.0,,,,3.373995e-08,2.149
Rommes/S10PI_n1/S10PI_n1_E.mtx,cusparse_double,main,double,ok,4,528,528,528,0.1359,0.0136,0.0136,0.0102,,,,,,,,1.221
Rommes/S10PI_n1/S10PI_n1_E.mtx,cusparse_float,main_float,float,ok,6,528,528,528,0.1321,0.0081,0.0081,0.0061,,,,,,,,1.584
Rommes/S10PI_n1/S10PI_n1_E.mtx,dasp_double,main,double,ok,6,,,,0.0090,0.0022,0.0022,,0.4826,,,,,,,1.298
Rommes/S10PI_n1/S10PI_n1_E.mtx,dasp_half,main_reduced_precision,half,ok,6,,,,0.0070,0.0020,0.0020,,0.5277,,,,,,,1.175
Rommes/S10PI_n1/S10PI_n1_E.mtx,packsell_pack16,structural_related,half,ok,6,528,528,528,,0.002606,0.002606,,0.405255,,,,,,0.000189748,1.890
Rommes/S10PI_n1/S10PI_n1_E.mtx,packsell_pack32,structural_related,float,ok,6,528,528,528,,0.003089,0.003089,,0.341873,,,,,,3.86455e-08,2.961
Rommes/S10PI_n1/S10PI_n1_E.mtx,spaden_bitmap_float,structural_related,float,ok,6,528,528,528,,0.0043,0.0043,,0.2428,55.71,54.3,,,,0.000000e+00,1.288
Rommes/S20PI_n/S20PI_n.mtx,cusparse_double,main,double,ok,7,1182,1182,2881,0.1137,0.0128,0.0128,0.0102,,,,,,,,0.393
Rommes/S20PI_n/S20PI_n.mtx,cusparse_float,main_float,float,ok,7,1182,1182,2881,0.1392,0.0099,0.0099,0.0090,,,,,,,,1.557
Rommes/S20PI_n/S20PI_n.mtx,dasp_double,main,double,ok,7,,,,0.0520,0.0061,0.0061,,0.9403,,,,,,,1.281
Rommes/S20PI_n/S20PI_n.mtx,dasp_half,main_reduced_precision,half,ok,7,,,,0.0290,0.0041,0.0041,,1.4040,,,,,,,0.952
Rommes/S20PI_n/S20PI_n.mtx,packsell_pack16,structural_related,half,ok,7,1182,1182,2881,,0.004211,0.004211,,1.3682,,,,,,0.000350268,2.915
Rommes/S20PI_n/S20PI_n.mtx,packsell_pack32,structural_related,float,ok,7,1182,1182,2881,,0.004349,0.004349,,1.32489,,,,,,1.05359e-07,1.945
Rommes/S20PI_n/S20PI_n.mtx,spaden_bitmap_float,structural_related,float,ok,7,1182,1182,2881,,0.0090,0.0090,,0.6381,33.90,76.8,,,,6.241061e-09,2.046
Rommes/S20PI_n/S20PI_n_E.mtx,cusparse_double,main,double,ok,1,1182,1182,1063,0.1308,0.0131,0.0131,0.0102,,,,,,,,0.396
Rommes/S20PI_n/S20PI_n_E.mtx,cusparse_float,main_float,float,ok,6,1182,1182,1063,0.1392,0.0101,0.0101,0.0084,,,,,,,,1.509
Rommes/S20PI_n/S20PI_n_E.mtx,dasp_double,main,double,ok,6,,,,0.0160,0.0021,0.0021,,1.0345,,,,,,,1.999
Rommes/S20PI_n/S20PI_n_E.mtx,dasp_half,main_reduced_precision,half,ok,6,,,,0.0150,0.0029,0.0029,,0.7306,,,,,,,1.375
Rommes/S20PI_n/S20PI_n_E.mtx,packsell_pack16,structural_related,half,ok,6,1182,1182,1063,,0.003266,0.003266,,0.650996,,,,,,0.000151991,2.601
Rommes/S20PI_n/S20PI_n_E.mtx,packsell_pack32,structural_related,float,ok,6,1182,1182,1063,,0.002721,0.002721,,0.781455,,,,,,1.63664e-08,2.728
Rommes/S20PI_n/S20PI_n_E.mtx,spaden_bitmap_float,structural_related,float,ok,6,1182,1182,1063,,0.0047,0.0047,,0.4567,115.45,53.9,,,,0.000000e+00,1.932
Rommes/S20PI_n1/S20PI_n1_E.mtx,cusparse_double,main,double,ok,3,1028,1028,1028,0.1448,0.0135,0.0135,0.0102,,,,,,,,1.258
Rommes/S20PI_n1/S20PI_n1_E.mtx,cusparse_float,main_float,float,ok,5,1028,1028,1028,0.1269,0.0087,0.0087,0.0072,,,,,,,,1.530
Rommes/S20PI_n1/S20PI_n1_E.mtx,dasp_double,main,double,ok,5,,,,0.0210,0.0091,0.0091,,0.2255,,,,,,,1.488
Rommes/S20PI_n1/S20PI_n1_E.mtx,dasp_half,main_reduced_precision,half,ok,5,,,,0.0160,0.0032,0.0032,,0.6488,,,,,,,1.183
Rommes/S20PI_n1/S20PI_n1_E.mtx,packsell_pack16,structural_related,half,ok,5,1028,1028,1028,,0.003587,0.003587,,0.573197,,,,,,0.000203528,2.542
Rommes/S20PI_n1/S20PI_n1_E.mtx,packsell_pack32,structural_related,float,ok,5,1028,1028,1028,,0.003758,0.003758,,0.54708,,,,,,5.71474e-08,3.458
Rommes/S20PI_n1/S20PI_n1_E.mtx,spaden_bitmap_float,structural_related,float,ok,5,1028,1028,1028,,0.0046,0.0046,,0.4506,11.18,54.3,,,,0.000000e+00,1.668
Rommes/S40PI_n/S40PI_n_E.mtx,cusparse_double,main,double,ok,6,2182,2182,2063,0.1415,0.0142,0.0142,0.0123,,,,,,,,1.405
Rommes/S40PI_n/S40PI_n_E.mtx,cusparse_float,main_float,float,ok,7,2182,2182,2063,0.1384,0.0089,0.0089,0.0078,,,,,,,,1.521
Rommes/S40PI_n/S40PI_n_E.mtx,dasp_double,main,double,ok,7,,,,0.0380,0.0031,0.0031,,1.3392,,,,,,,1.818
Rommes/S40PI_n/S40PI_n_E.mtx,dasp_half,main_reduced_precision,half,ok,7,,,,0.0300,0.0028,0.0028,,1.4949,,,,,,,1.681
Rommes/S40PI_n/S40PI_n_E.mtx,packsell_pack16,structural_related,half,ok,7,2182,2182,2063,,0.003309,0.003309,,1.24699,,,,,,0.00015197,3.013
Rommes/S40PI_n/S40PI_n_E.mtx,packsell_pack32,structural_related,float,ok,7,2182,2182,2063,,0.002990,0.002990,,1.37983,,,,,,1.63634e-08,3.265
Rommes/S40PI_n/S40PI_n_E.mtx,spaden_bitmap_float,structural_related,float,ok,7,2182,2182,2063,,0.0047,0.0047,,0.8797,41.19,54.0,,,,0.000000e+00,1.807
Rommes/S40PI_n1/S40PI_n1_E.mtx,cusparse_double,main,double,ok,5,2028,2028,2028,0.1705,0.0157,0.0157,0.0123,,,,,,,,1.319
Rommes/S40PI_n1/S40PI_n1_E.mtx,cusparse_float,main_float,float,ok,6,2028,2028,2028,0.1343,0.0094,0.0094,0.0082,,,,,,,,1.645
Rommes/S40PI_n1/S40PI_n1_E.mtx,dasp_double,main,double,ok,6,,,,0.0380,0.0025,0.0025,,1.6172,,,,,,,1.637
Rommes/S40PI_n1/S40PI_n1_E.mtx,dasp_half,main_reduced_precision,half,ok,6,,,,0.0260,0.0024,0.0024,,1.6664,,,,,,,1.780
Rommes/S40PI_n1/S40PI_n1_E.mtx,packsell_pack16,structural_related,half,ok,6,2028,2028,2028,,0.003578,0.003578,,1.13347,,,,,,0.000181799,2.730
Rommes/S40PI_n1/S40PI_n1_E.mtx,packsell_pack32,structural_related,float,ok,6,2028,2028,2028,,0.003412,0.003412,,1.18869,,,,,,6.05504e-08,2.726
Rommes/S40PI_n1/S40PI_n1_E.mtx,spaden_bitmap_float,structural_related,float,ok,6,2028,2028,2028,,0.0047,0.0047,,0.8624,10.46,54.2,,,,0.000000e+00,1.277
Rommes/S80PI_n/S80PI_n_E.mtx,cusparse_double,main,double,ok,5,4182,4182,4063,0.1288,0.0151,0.0151,0.0123,,,,,,,,1.236
Rommes/S80PI_n/S80PI_n_E.mtx,cusparse_float,main_float,float,ok,3,4182,4182,4063,0.1220,0.0089,0.0089,0.0079,,,,,,,,1.712
Rommes/S80PI_n/S80PI_n_E.mtx,dasp_double,main,double,ok,3,,,,0.1140,0.0022,0.0022,,3.7139,,,,,,,1.590
Rommes/S80PI_n/S80PI_n_E.mtx,dasp_half,main_reduced_precision,half,ok,3,,,,0.0450,0.0030,0.0030,,2.7214,,,,,,,2.256
Rommes/S80PI_n/S80PI_n_E.mtx,packsell_pack16,structural_related,half,ok,3,4182,4182,4063,,0.003302,0.003302,,2.46091,,,,,,0.000151944,3.771
Rommes/S80PI_n/S80PI_n_E.mtx,packsell_pack32,structural_related,float,ok,3,4182,4182,4063,,0.004054,0.004054,,2.00444,,,,,,1.63609e-08,2.748
Rommes/S80PI_n/S80PI_n_E.mtx,spaden_bitmap_float,structural_related,float,ok,3,4182,4182,4063,,0.0046,0.0046,,1.7816,11.06,54.1,,,,0.000000e+00,1.360
Rommes/S80PI_n1/S80PI_n1_E.mtx,cusparse_double,main,double,ok,3,4028,4028,4028,0.1587,0.0152,0.0152,0.0139,,,,,,,,1.419
Rommes/S80PI_n1/S80PI_n1_E.mtx,cusparse_float,main_float,float,ok,2,4028,4028,4028,0.1272,0.0092,0.0092,0.0077,,,,,,,,1.561
Rommes/S80PI_n1/S80PI_n1_E.mtx,dasp_double,main,double,ok,2,,,,0.0490,0.0030,0.0030,,2.6667,,,,,,,1.392
Rommes/S80PI_n1/S80PI_n1_E.mtx,dasp_half,main_reduced_precision,half,ok,2,,,,0.0360,0.0030,0.0030,,2.7198,,,,,,,1.365
Rommes/S80PI_n1/S80PI_n1_E.mtx,packsell_pack16,structural_related,half,ok,2,4028,4028,4028,,0.003372,0.003372,,2.38885,,,,,,0.000199994,2.344
Rommes/S80PI_n1/S80PI_n1_E.mtx,packsell_pack32,structural_related,float,ok,2,4028,4028,4028,,0.002841,0.002841,,2.83589,,,,,,6.14222e-08,2.775
Rommes/S80PI_n1/S80PI_n1_E.mtx,spaden_bitmap_float,structural_related,float,ok,2,4028,4028,4028,,0.0046,0.0046,,1.7354,8.17,54.2,,,,0.000000e+00,1.359
Rommes/bips07_1693/bips07_1693.mtx,cusparse_double,main,double,ok,4,13275,13275,49044,0.1390,0.0150,0.0150,0.0123,,,,,,,,1.036
Rommes/bips07_1693/bips07_1693.mtx,cusparse_float,main_float,float,ok,2,13275,13275,49044,0.1348,0.0092,0.0092,0.0082,,,,,,,,1.470
Rommes/bips07_1693/bips07_1693.mtx,dasp_double,main,double,ok,2,,,,0.5670,0.0062,0.0062,,15.9467,,,,,,,1.532
Rommes/bips07_1693/bips07_1693.mtx,dasp_half,main_reduced_precision,half,ok,2,,,,0.6290,0.0041,0.0041,,23.9064,,,,,,,1.276
Rommes/bips07_1693/bips07_1693.mtx,packsell_pack16,structural_related,half,ok,2,13275,13275,49044,,0.004261,0.004261,,23.0212,,,,,,0.000444548,3.135
Rommes/bips07_1693/bips07_1693.mtx,packsell_pack32,structural_related,float,ok,2,13275,13275,49044,,0.006382,0.006382,,15.3697,,,,,,1.32811e-07,2.008
Rommes/bips07_1693/bips07_1693.mtx,spaden_bitmap_float,structural_related,float,ok,2,13275,13275,49044,,0.0172,0.0172,,5.7085,18.60,90.6,,,,0.000000e+00,1.655
Rommes/bips07_1693/bips07_1693_C.mtx,cusparse_double,main,double,ok,5,4,13275,20,0.1526,0.0139,0.0139,0.0102,,,,,,,,0.656
Rommes/bips07_1693/bips07_1693_C.mtx,cusparse_float,main_float,float,ok,4,4,13275,20,0.1380,0.0072,0.0072,0.0064,,,,,,,,1.433
Rommes/bips07_1693/bips07_1693_C.mtx,dasp_double,main,double,ok,4,,,,0.0070,0.0041,0.0041,,0.0098,,,,,,,1.784
Rommes/bips07_1693/bips07_1693_C.mtx,dasp_half,main_reduced_precision,half,ok,4,,,,0.0060,0.0034,0.0034,,0.0117,,,,,,,1.295
Rommes/bips07_1693/bips07_1693_C.mtx,packsell_pack16,structural_related,half,ok,4,4,13275,20,,0.004197,0.004197,,0.00952971,,,,,,0.000168341,1.753
Rommes/bips07_1693/bips07_1693_C.mtx,packsell_pack32,structural_related,float,ok,4,4,13275,20,,0.004140,0.004140,,0.00966191,,,,,,8.40965e-08,2.383
Rommes/bips07_1693/bips07_1693_C.mtx,spaden_bitmap_float,structural_related,float,ok,4,4,13275,20,,0.0051,0.0051,,0.0079,34.46,140.0,,,,1.489616e-08,1.169
Rommes/bips07_1998/bips07_1998_C.mtx,cusparse_double,main,double,ok,6,4,15066,20,0.1302,0.0111,0.0111,0.0082,,,,,,,,1.875
Rommes/bips07_1998/bips07_1998_C.mtx,cusparse_float,main_float,float,ok,6,4,15066,20,0.1295,0.0068,0.0068,0.0052,,,,,,,,1.569
Rommes/bips07_1998/bips07_1998_C.mtx,dasp_double,main,double,ok,6,,,,0.0050,0.0067,0.0067,,0.0060,,,,,,,1.856
Rommes/bips07_1998/bips07_1998_C.mtx,dasp_half,main_reduced_precision,half,ok,6,,,,0.0060,0.0036,0.0036,,0.0112,,,,,,,1.716
Rommes/bips07_1998/bips07_1998_C.mtx,packsell_pack16,structural_related,half,ok,6,4,15066,20,,0.003763,0.003763,,0.0106311,,,,,,0.000256048,2.497
Rommes/bips07_1998/bips07_1998_C.mtx,packsell_pack32,structural_related,float,ok,6,4,15066,20,,0.004188,0.004188,,0.00955163,,,,,,9.01165e-08,3.504
Rommes/bips07_1998/bips07_1998_C.mtx,spaden_bitmap_float,structural_related,float,ok,6,4,15066,20,,0.0050,0.0050,,0.0080,57.12,140.0,,,,4.610600e-08,1.387
Rommes/bips07_2476/bips07_2476.mtx,cusparse_double,main,double,ok,3,16861,16861,66498,0.1332,0.0143,0.0143,0.0117,,,,,,,,1.061
Rommes/bips07_2476/bips07_2476.mtx,cusparse_float,main_float,float,ok,3,16861,16861,66498,0.1167,0.0087,0.0087,0.0076,,,,,,,,1.606
Rommes/bips07_2476/bips07_2476.mtx,dasp_double,main,double,ok,3,,,,0.7200,0.0061,0.0061,,21.6324,,,,,,,1.394
Rommes/bips07_2476/bips07_2476.mtx,dasp_half,main_reduced_precision,half,ok,3,,,,0.8720,0.0041,0.0041,,32.4222,,,,,,,1.339
Rommes/bips07_2476/bips07_2476.mtx,packsell_pack16,structural_related,half,ok,3,16861,16861,66498,,0.004345,0.004345,,30.609,,,,,,0.000454548,1.920
Rommes/bips07_2476/bips07_2476.mtx,packsell_pack32,structural_related,float,ok,3,16861,16861,66498,,0.006377,0.006377,,20.8548,,,,,,1.51186e-07,2.677
Rommes/bips07_2476/bips07_2476.mtx,spaden_bitmap_float,structural_related,float,ok,3,16861,16861,66498,,0.0182,0.0182,,7.3098,17.93,91.0,,,,6.578657e-15,1.628
Rommes/bips07_2476/bips07_2476_C.mtx,cusparse_double,main,double,ok,2,4,16861,20,0.1656,0.0156,0.0156,0.0092,,,,,,,,0.984
Rommes/bips07_2476/bips07_2476_C.mtx,cusparse_float,main_float,float,ok,7,4,16861,20,0.1354,0.0072,0.0072,0.0063,,,,,,,,1.433
Rommes/bips07_2476/bips07_2476_C.mtx,dasp_double,main,double,ok,7,,,,0.0070,0.0057,0.0057,,0.0070,,,,,,,1.195
Rommes/bips07_2476/bips07_2476_C.mtx,dasp_half,main_reduced_precision,half,ok,7,,,,0.0060,0.0038,0.0038,,0.0104,,,,,,,1.317
Rommes/bips07_2476/bips07_2476_C.mtx,packsell_pack16,structural_related,half,ok,7,4,16861,20,,0.003366,0.003366,,0.0118837,,,,,,0.000296604,2.739
Rommes/bips07_2476/bips07_2476_C.mtx,packsell_pack32,structural_related,float,ok,7,4,16861,20,,0.004302,0.004302,,0.00929786,,,,,,9.28935e-08,1.818
Rommes/bips07_2476/bips07_2476_C.mtx,spaden_bitmap_float,structural_related,float,ok,7,4,16861,20,,0.0051,0.0051,,0.0078,30.63,148.9,,,,7.261687e-08,1.847
Rommes/bips07_3078/bips07_3078_C.mtx,cusparse_double,main,double,ok,1,4,21128,20,0.1409,0.0108,0.0108,0.0082,,,,,,,,0.401
Rommes/bips07_3078/bips07_3078_C.mtx,cusparse_float,main_float,float,ok,2,4,21128,20,0.1329,0.0074,0.0074,0.0053,,,,,,,,1.466
Rommes/bips07_3078/bips07_3078_C.mtx,dasp_double,main,double,ok,2,,,,0.0080,0.0060,0.0060,,0.0067,,,,,,,1.186
Rommes/bips07_3078/bips07_3078_C.mtx,dasp_half,main_reduced_precision,half,ok,2,,,,0.0050,0.0062,0.0062,,0.0065,,,,,,,1.285
Rommes/bips07_3078/bips07_3078_C.mtx,packsell_pack16,structural_related,half,ok,2,4,21128,20,,0.002885,0.002885,,0.0138627,,,,,,0.000317783,2.071
Rommes/bips07_3078/bips07_3078_C.mtx,packsell_pack32,structural_related,float,ok,2,4,21128,20,,0.003523,0.003523,,0.0113554,,,,,,8.06837e-08,2.145
Rommes/bips07_3078/bips07_3078_C.mtx,spaden_bitmap_float,structural_related,float,ok,2,4,21128,20,,0.0048,0.0048,,0.0084,10.00,140.0,,,,4.610600e-08,1.395
Rommes/bips98_1142/bips98_1142.mtx,cusparse_double,main,double,ok,4,9735,9735,40983,0.1446,0.0159,0.0159,0.0123,,,,,,,,1.153
Rommes/bips98_1142/bips98_1142.mtx,cusparse_float,main_float,float,ok,5,9735,9735,40983,0.1337,0.0099,0.0099,0.0080,,,,,,,,1.609
Rommes/bips98_1142/bips98_1142.mtx,dasp_double,main,double,ok,5,,,,0.5440,0.0061,0.0061,,13.3321,,,,,,,1.527
Rommes/bips98_1142/bips98_1142.mtx,dasp_half,main_reduced_precision,half,ok,5,,,,0.6220,0.0041,0.0041,,19.9722,,,,,,,1.131
Rommes/bips98_1142/bips98_1142.mtx,packsell_pack16,structural_related,half,ok,5,9735,9735,40983,,0.004385,0.004385,,18.6945,,,,,,0.000452555,2.444
Rommes/bips98_1142/bips98_1142.mtx,packsell_pack32,structural_related,float,ok,5,9735,9735,40983,,0.006430,0.006430,,12.7478,,,,,,1.35469e-07,1.991
Rommes/bips98_1142/bips98_1142.mtx,spaden_bitmap_float,structural_related,float,ok,5,9735,9735,40983,,0.0154,0.0154,,5.3212,124.25,92.4,,,,0.000000e+00,1.713
Rommes/bips98_1142/bips98_1142_C.mtx,cusparse_double,main,double,ok,7,4,9735,20,0.1190,0.0117,0.0117,0.0082,,,,,,,,0.395
Rommes/bips98_1142/bips98_1142_C.mtx,cusparse_float,main_float,float,ok,5,4,9735,20,0.1282,0.0068,0.0068,0.0062,,,,,,,,1.439
Rommes/bips98_1142/bips98_1142_C.mtx,dasp_double,main,double,ok,5,,,,0.0060,0.0041,0.0041,,0.0098,,,,,,,1.223
Rommes/bips98_1142/bips98_1142_C.mtx,dasp_half,main_reduced_precision,half,ok,5,,,,0.0070,0.0028,0.0028,,0.0145,,,,,,,2.222
Rommes/bips98_1142/bips98_1142_C.mtx,packsell_pack16,structural_related,half,ok,5,4,9735,20,,0.003166,0.003166,,0.012634,,,,,,0.000220135,2.191
Rommes/bips98_1142/bips98_1142_C.mtx,packsell_pack32,structural_related,float,ok,5,4,9735,20,,0.004065,0.004065,,0.00983897,,,,,,9.35433e-08,1.896
Rommes/bips98_1142/bips98_1142_C.mtx,spaden_bitmap_float,structural_related,float,ok,5,4,9735,20,,0.0050,0.0050,,0.0080,22.20,131.1,,,,6.773565e-08,1.661
Rommes/bips98_1450/bips98_1450.mtx,cusparse_double,main,double,ok,6,11305,11305,44678,0.1331,0.0149,0.0149,0.0123,,,,,,,,0.756
Rommes/bips98_1450/bips98_1450.mtx,cusparse_float,main_float,float,ok,5,11305,11305,44678,0.1472,0.0119,0.0119,0.0103,,,,,,,,1.622
Rommes/bips98_1450/bips98_1450.mtx,dasp_double,main,double,ok,5,,,,0.6430,0.0090,0.0090,,9.8769,,,,,,,1.406
Rommes/bips98_1450/bips98_1450.mtx,dasp_half,main_reduced_precision,half,ok,5,,,,0.5500,0.0041,0.0041,,21.7782,,,,,,,1.643
Rommes/bips98_1450/bips98_1450.mtx,packsell_pack16,structural_related,half,ok,5,11305,11305,44678,,0.004384,0.004384,,20.3804,,,,,,0.000450337,3.383
Rommes/bips98_1450/bips98_1450.mtx,packsell_pack32,structural_related,float,ok,5,11305,11305,44678,,0.006412,0.006412,,13.9355,,,,,,1.31524e-07,2.917
Rommes/bips98_1450/bips98_1450.mtx,spaden_bitmap_float,structural_related,float,ok,5,11305,11305,44678,,0.0176,0.0176,,5.0798,272.57,91.6,,,,0.000000e+00,1.700
Rommes/bips98_1450/bips98_1450_C.mtx,cusparse_double,main,double,ok,3,4,11305,20,0.1275,0.0109,0.0109,0.0082,,,,,,,,1.727
Rommes/bips98_1450/bips98_1450_C.mtx,cusparse_float,main_float,float,ok,3,4,11305,20,0.1334,0.0066,0.0066,0.0054,,,,,,,,1.422
Rommes/bips98_1450/bips98_1450_C.mtx,dasp_double,main,double,ok,3,,,,0.0080,0.0060,0.0060,,0.0066,,,,,,,1.674
Rommes/bips98_1450/bips98_1450_C.mtx,dasp_half,main_reduced_precision,half,ok,3,,,,0.0040,0.0021,0.0021,,0.0195,,,,,,,1.494
Rommes/bips98_1450/bips98_1450_C.mtx,packsell_pack16,structural_related,half,ok,3,4,11305,20,,0.002823,0.002823,,0.0141671,,,,,,0.000231689,2.232
Rommes/bips98_1450/bips98_1450_C.mtx,packsell_pack32,structural_related,float,ok,3,4,11305,20,,0.003534,0.003534,,0.0113184,,,,,,8.33842e-08,2.128
Rommes/bips98_1450/bips98_1450_C.mtx,spaden_bitmap_float,structural_related,float,ok,3,4,11305,20,,0.0050,0.0050,,0.0080,8.55,131.1,,,,6.097216e-08,1.196
Rommes/bips98_606/bips98_606_C.mtx,cusparse_double,main,double,ok,1,4,7135,20,0.1555,0.0110,0.0110,0.0082,,,,,,,,0.406
Rommes/bips98_606/bips98_606_C.mtx,cusparse_float,main_float,float,ok,2,4,7135,20,0.1243,0.0069,0.0069,0.0052,,,,,,,,1.634
Rommes/bips98_606/bips98_606_C.mtx,dasp_double,main,double,ok,2,,,,0.0050,0.0041,0.0041,,0.0098,,,,,,,1.648
Rommes/bips98_606/bips98_606_C.mtx,dasp_half,main_reduced_precision,half,ok,2,,,,0.0060,0.0094,0.0094,,0.0043,,,,,,,1.263
Rommes/bips98_606/bips98_606_C.mtx,packsell_pack16,structural_related,half,ok,2,4,7135,20,,0.003435,0.003435,,0.0116446,,,,,,0.000202479,2.238
Rommes/bips98_606/bips98_606_C.mtx,packsell_pack32,structural_related,float,ok,2,4,7135,20,,0.004452,0.004452,,0.008985,,,,,,8.12609e-08,2.021
Rommes/bips98_606/bips98_606_C.mtx,spaden_bitmap_float,structural_related,float,ok,2,4,7135,20,,0.0051,0.0051,,0.0078,114.07,131.1,,,,1.478113e-08,1.575
Rommes/mimo28x28_system/mimo28x28_system.mtx,cusparse_double,main,double,ok,4,13251,13251,48737,0.1355,0.0150,0.0150,0.0123,,,,,,,,0.807
Rommes/mimo28x28_system/mimo28x28_system.mtx,cusparse_float,main_float,float,ok,4,13251,13251,48737,0.1439,0.0089,0.0089,0.0078,,,,,,,,1.713
Rommes/mimo28x28_system/mimo28x28_system.mtx,dasp_double,main,double,ok,4,,,,0.6420,0.0062,0.0062,,15.8443,,,,,,,1.899
Rommes/mimo28x28_system/mimo28x28_system.mtx,dasp_half,main_reduced_precision,half,ok,4,,,,0.5980,0.0041,0.0041,,23.7626,,,,,,,1.274
Rommes/mimo28x28_system/mimo28x28_system.mtx,packsell_pack16,structural_related,half,ok,4,13251,13251,48737,,0.004413,0.004413,,22.0883,,,,,,0.000445043,3.031
Rommes/mimo28x28_system/mimo28x28_system.mtx,packsell_pack32,structural_related,float,ok,4,13251,13251,48737,,0.006402,0.006402,,15.2257,,,,,,1.43855e-07,2.744
Rommes/mimo28x28_system/mimo28x28_system.mtx,spaden_bitmap_float,structural_related,float,ok,4,13251,13251,48737,,0.0190,0.0190,,5.1289,24.51,90.3,,,,0.000000e+00,1.561
Rommes/mimo8x8_system/mimo8x8_system.mtx,cusparse_double,main,double,ok,5,13309,13309,48872,0.1290,0.0146,0.0146,0.0123,,,,,,,,1.452
Rommes/mimo8x8_system/mimo8x8_system.mtx,cusparse_float,main_float,float,ok,4,13309,13309,48872,0.1342,0.0101,0.0101,0.0090,,,,,,,,1.479
Rommes/mimo8x8_system/mimo8x8_system.mtx,dasp_double,main,double,ok,4,,,,0.5920,0.0062,0.0062,,15.8830,,,,,,,1.424
Rommes/mimo8x8_system/mimo8x8_system.mtx,dasp_half,main_reduced_precision,half,ok,4,,,,0.6280,0.0041,0.0041,,23.8168,,,,,,,1.778
Rommes/mimo8x8_system/mimo8x8_system.mtx,packsell_pack16,structural_related,half,ok,4,13309,13309,48872,,0.004423,0.004423,,22.0975,,,,,,0.000434808,3.359
Rommes/mimo8x8_system/mimo8x8_system.mtx,packsell_pack32,structural_related,float,ok,4,13309,13309,48872,,0.006412,0.006412,,15.2449,,,,,,1.3583e-07,2.443
Rommes/mimo8x8_system/mimo8x8_system.mtx,spaden_bitmap_float,structural_related,float,ok,4,13309,13309,48872,,0.0174,0.0174,,5.6245,202.52,90.1,,,,0.000000e+00,1.648
Rommes/nopss_11k/nopss_11k.mtx,cusparse_double,main,double,ok,7,11685,11685,44941,0.1768,0.0185,0.0185,0.0123,,,,,,,,0.981
Rommes/nopss_11k/nopss_11k.mtx,cusparse_float,main_float,float,ok,5,11685,11685,44941,0.1299,0.0102,0.0102,0.0082,,,,,,,,1.712
Rommes/nopss_11k/nopss_11k.mtx,dasp_double,main,double,ok,5,,,,0.6070,0.0062,0.0062,,14.6150,,,,,,,1.618
Rommes/nopss_11k/nopss_11k.mtx,dasp_half,main_reduced_precision,half,ok,5,,,,0.5830,0.0091,0.0091,,9.8935,,,,,,,1.440
Rommes/nopss_11k/nopss_11k.mtx,packsell_pack16,structural_related,half,ok,5,11685,11685,44941,,0.004351,0.004351,,20.6584,,,,,,0.000448981,2.403
Rommes/nopss_11k/nopss_11k.mtx,packsell_pack32,structural_related,float,ok,5,11685,11685,44941,,0.006511,0.006511,,13.8036,,,,,,1.3933e-07,2.186
Rommes/nopss_11k/nopss_11k.mtx,spaden_bitmap_float,structural_related,float,ok,5,11685,11685,44941,,0.0153,0.0153,,5.8684,26.81,91.4,,,,0.000000e+00,1.770
Rommes/nopss_11k/nopss_11k_C.mtx,cusparse_double,main,double,ok,3,1,11685,5,0.1388,0.0105,0.0105,0.0082,,,,,,,,1.527
Rommes/nopss_11k/nopss_11k_C.mtx,cusparse_float,main_float,float,ok,5,1,11685,5,0.1286,0.0075,0.0075,0.0059,,,,,,,,1.486
Rommes/nopss_11k/nopss_11k_C.mtx,dasp_double,main,double,ok,5,,,,0.0040,0.0041,0.0041,,0.0024,,,,,,,1.606
Rommes/nopss_11k/nopss_11k_C.mtx,dasp_half,main_reduced_precision,half,ok,5,,,,0.0050,0.0026,0.0026,,0.0038,,,,,,,1.319
Rommes/nopss_11k/nopss_11k_C.mtx,packsell_pack16,structural_related,half,ok,5,1,11685,5,,0.003172,0.003172,,0.00315245,,,,,,0.000230111,2.082
Rommes/nopss_11k/nopss_11k_C.mtx,packsell_pack32,structural_related,float,ok,5,1,11685,5,,0.003214,0.003214,,0.00311129,,,,,,6.63156e-08,1.879
Rommes/nopss_11k/nopss_11k_C.mtx,spaden_bitmap_float,structural_related,float,ok,5,1,11685,5,,0.0028,0.0028,,0.0035,12.50,133.3,,,,0.000000e+00,1.717
Rommes/ww_36_pmec_36/ww_36_pmec_36_B.mtx,cusparse_double,main,double,ok,3,66,1,1,0.1314,0.0119,0.0119,0.0082,,,,,,,,1.493
Rommes/ww_36_pmec_36/ww_36_pmec_36_B.mtx,cusparse_float,main_float,float,ok,3,66,1,1,0.1293,0.0079,0.0079,0.0061,,,,,,,,1.037
Rommes/ww_36_pmec_36/ww_36_pmec_36_B.mtx,dasp_double,main,double,ok,3,,,,0.0050,0.0027,0.0027,,0.0007,,,,,,,1.213
Rommes/ww_36_pmec_36/ww_36_pmec_36_B.mtx,dasp_half,main_reduced_precision,half,ok,3,,,,0.0020,0.0027,0.0027,,0.0008,,,,,,,1.693
Rommes/ww_36_pmec_36/ww_36_pmec_36_B.mtx,packsell_pack16,structural_related,half,ok,3,66,1,1,,0.002834,0.002834,,0.000705667,,,,,,0.000209339,2.153
Rommes/ww_36_pmec_36/ww_36_pmec_36_B.mtx,packsell_pack32,structural_related,float,ok,3,66,1,1,,0.002812,0.002812,,0.00071117,,,,,,9.51801e-08,1.978
Rommes/ww_36_pmec_36/ww_36_pmec_36_B.mtx,spaden_bitmap_float,structural_related,float,ok,3,66,1,1,,0.0037,0.0037,,0.0005,10.05,23.2,,,,0.000000e+00,1.501
Rommes/ww_vref_6405/ww_vref_6405.mtx,cusparse_double,main,double,ok,7,13251,13251,48737,0.1513,0.0177,0.0177,0.0123,,,,,,,,0.968
Rommes/ww_vref_6405/ww_vref_6405.mtx,cusparse_float,main_float,float,ok,7,13251,13251,48737,0.1327,0.0099,0.0099,0.0084,,,,,,,,1.505
Rommes/ww_vref_6405/ww_vref_6405.mtx,dasp_double,main,double,ok,7,,,,0.7630,0.0113,0.0113,,8.6138,,,,,,,1.664
Rommes/ww_vref_6405/ww_vref_6405.mtx,dasp_half,main_reduced_precision,half,ok,7,,,,0.5570,0.0041,0.0041,,23.7568,,,,,,,1.519
Rommes/ww_vref_6405/ww_vref_6405.mtx,packsell_pack16,structural_related,half,ok,7,13251,13251,48737,,0.004467,0.004467,,21.8232,,,,,,0.000445043,2.512
Rommes/ww_vref_6405/ww_vref_6405.mtx,packsell_pack32,structural_related,float,ok,7,13251,13251,48737,,0.006309,0.006309,,15.4493,,,,,,1.43855e-07,2.892
Rommes/ww_vref_6405/ww_vref_6405.mtx,spaden_bitmap_float,structural_related,float,ok,7,13251,13251,48737,,0.0173,0.0173,,5.6468,51.95,90.3,,,,0.000000e+00,1.716
Rommes/xingo3012/xingo3012_C.mtx,cusparse_double,main,double,ok,2,2,20944,10,0.1508,0.0151,0.0151,0.0113,,,,,,,,0.939
Rommes/xingo3012/xingo3012_C.mtx,cusparse_float,main_float,float,ok,6,2,20944,10,0.1422,0.0071,0.0071,0.0059,,,,,,,,1.565
Rommes/xingo3012/xingo3012_C.mtx,dasp_double,main,double,ok,6,,,,0.0070,0.0041,0.0041,,0.0049,,,,,,,1.268
Rommes/xingo3012/xingo3012_C.mtx,dasp_half,main_reduced_precision,half,ok,6,,,,0.0040,0.0040,0.0040,,0.0050,,,,,,,1.550
Rommes/xingo3012/xingo3012_C.mtx,packsell_pack16,structural_related,half,ok,6,2,20944,10,,0.003222,0.003222,,0.00620777,,,,,,0.000152808,2.355
Rommes/xingo3012/xingo3012_C.mtx,packsell_pack32,structural_related,float,ok,6,2,20944,10,,0.003706,0.003706,,0.00539622,,,,,,4.10836e-08,2.352
Rommes/xingo3012/xingo3012_C.mtx,spaden_bitmap_float,structural_related,float,ok,6,2,20944,10,,0.0047,0.0047,,0.0043,12.04,160.9,,,,6.188447e-09,1.706
Rothberg/struct4/struct4.mtx,cusparse_double,main,double,ok,5,4350,4350,237798,0.1313,0.0143,0.0143,0.0102,,,,,,,,1.439
Rothberg/struct4/struct4.mtx,cusparse_float,main_float,float,ok,3,4350,4350,237798,0.1748,0.0087,0.0087,0.0077,,,,,,,,1.580
Rothberg/struct4/struct4.mtx,dasp_double,main,double,ok,3,,,,1.9590,0.0103,0.0103,,46.3860,,,,,,,1.631
Rothberg/struct4/struct4.mtx,dasp_half,main_reduced_precision,half,ok,3,,,,1.5940,0.0062,0.0062,,77.2824,,,,,,,2.179
Rothberg/struct4/struct4.mtx,packsell_pack16,structural_related,half,ok,3,4350,4350,237798,,0.008434,0.008434,,56.3892,,,,,,0.00397693,2.498
Rothberg/struct4/struct4.mtx,packsell_pack32,structural_related,float,ok,3,4350,4350,237798,,0.012568,0.012568,,37.8427,,,,,,1.91581e-06,3.197
Rothberg/struct4/struct4.mtx,spaden_bitmap_float,structural_related,float,ok,3,4350,4350,237798,,0.0182,0.0182,,26.1385,46.71,61.3,,,,0.000000e+00,1.407
SNAP/soc-sign-bitcoin-otc/soc-sign-bitcoin-otc.mtx,cusparse_double,main,double,ok,6,5881,5881,35592,0.1405,0.0175,0.0175,0.0123,,,,,,,,1.136
SNAP/soc-sign-bitcoin-otc/soc-sign-bitcoin-otc.mtx,cusparse_float,main_float,float,ok,7,5881,5881,35592,0.1359,0.0099,0.0099,0.0081,,,,,,,,1.726
SNAP/soc-sign-bitcoin-otc/soc-sign-bitcoin-otc.mtx,dasp_double,main,double,ok,7,,,,0.4930,0.0205,0.0205,,3.4754,,,,,,,1.823
SNAP/soc-sign-bitcoin-otc/soc-sign-bitcoin-otc.mtx,dasp_half,main_reduced_precision,half,ok,7,,,,0.4160,0.0103,0.0103,,6.9441,,,,,,,1.975
SNAP/soc-sign-bitcoin-otc/soc-sign-bitcoin-otc.mtx,packsell_pack16,structural_related,half,ok,7,5881,5881,35592,,0.051314,0.051314,,1.38723,,,,,,0.00046733,3.967
SNAP/soc-sign-bitcoin-otc/soc-sign-bitcoin-otc.mtx,packsell_pack32,structural_related,float,ok,7,5881,5881,35592,,0.103029,0.103029,,0.690912,,,,,,1.5408e-07,3.530
SNAP/soc-sign-bitcoin-otc/soc-sign-bitcoin-otc.mtx,spaden_bitmap_float,structural_related,float,ok,7,5881,5881,35592,,0.1011,0.1011,,0.7044,52.00,185.1,,,,0.000000e+00,1.978
SNAP/sx-askubuntu/sx-askubuntu_C2A.mtx,cusparse_double,main,double,ok,3,159316,159316,178210,0.1500,0.0210,0.0210,0.0184,,,,,,,,0.865
SNAP/sx-askubuntu/sx-askubuntu_C2A.mtx,cusparse_float,main_float,float,ok,5,159316,159316,178210,0.1320,0.0135,0.0135,0.0102,,,,,,,,1.653
SNAP/sx-askubuntu/sx-askubuntu_C2A.mtx,dasp_double,main,double,ok,5,,,,6.5650,0.0246,0.0246,,14.5057,,,,,,,1.720
SNAP/sx-askubuntu/sx-askubuntu_C2A.mtx,dasp_half,main_reduced_precision,half,ok,5,,,,4.3290,0.0143,0.0143,,24.8567,,,,,,,1.542
SNAP/sx-askubuntu/sx-askubuntu_C2A.mtx,packsell_pack16,structural_related,half,ok,5,159316,159316,178210,,0.221664,0.221664,,1.60793,,,,,,0.000457292,3.332
SNAP/sx-askubuntu/sx-askubuntu_C2A.mtx,packsell_pack32,structural_related,float,ok,5,159316,159316,178210,,0.195891,0.195891,,1.81948,,,,,,3.16962e-07,3.403
SNAP/sx-askubuntu/sx-askubuntu_C2A.mtx,spaden_bitmap_float,structural_related,float,ok,5,159316,159316,178210,,0.2663,0.2663,,1.3385,237.29,170.4,,,,0.000000e+00,1.632
SNAP/sx-askubuntu/sx-askubuntu_C2Q.mtx,cusparse_double,main,double,ok,6,159316,159316,198852,0.1533,0.0197,0.0197,0.0184,,,,,,,,0.783
SNAP/sx-askubuntu/sx-askubuntu_C2Q.mtx,cusparse_float,main_float,float,ok,2,159316,159316,198852,0.1274,0.0124,0.0124,0.0102,,,,,,,,1.487
SNAP/sx-askubuntu/sx-askubuntu_C2Q.mtx,dasp_double,main,double,ok,2,,,,3.5690,0.0226,0.0226,,17.6358,,,,,,,1.566
SNAP/sx-askubuntu/sx-askubuntu_C2Q.mtx,dasp_half,main_reduced_precision,half,ok,2,,,,5.7700,0.0143,0.0143,,27.8973,,,,,,,1.528
SNAP/sx-askubuntu/sx-askubuntu_C2Q.mtx,packsell_pack16,structural_related,half,ok,2,159316,159316,198852,,0.217421,0.217421,,1.82919,,,,,,0.0004542,2.359
SNAP/sx-askubuntu/sx-askubuntu_C2Q.mtx,packsell_pack32,structural_related,float,ok,2,159316,159316,198852,,0.421963,0.421963,,0.94251,,,,,,1.78352e-07,3.038
SNAP/sx-askubuntu/sx-askubuntu_C2Q.mtx,spaden_bitmap_float,structural_related,float,ok,2,159316,159316,198852,,0.5811,0.5811,,0.6844,232.56,160.4,,,,0.000000e+00,1.985
SNAP/sx-mathoverflow/sx-mathoverflow.mtx,cusparse_double,main,double,ok,6,24818,24818,239978,0.1435,0.0170,0.0170,0.0143,,,,,,,,0.811
SNAP/sx-mathoverflow/sx-mathoverflow.mtx,cusparse_float,main_float,float,ok,5,24818,24818,239978,0.1236,0.0110,0.0110,0.0082,,,,,,,,1.765
SNAP/sx-mathoverflow/sx-mathoverflow.mtx,dasp_double,main,double,ok,5,,,,2.8000,0.0232,0.0232,,20.6771,,,,,,,1.366
SNAP/sx-mathoverflow/sx-mathoverflow.mtx,dasp_half,main_reduced_precision,half,ok,5,,,,1.8950,0.0141,0.0141,,34.0394,,,,,,,1.548
SNAP/sx-mathoverflow/sx-mathoverflow.mtx,packsell_pack16,structural_related,half,ok,5,24818,24818,239978,,0.113488,0.113488,,4.22912,,,,,,0.000441148,2.943
SNAP/sx-mathoverflow/sx-mathoverflow.mtx,packsell_pack32,structural_related,float,ok,5,24818,24818,239978,,0.242456,0.242456,,1.97956,,,,,,2.98954e-07,2.687
SNAP/sx-mathoverflow/sx-mathoverflow.mtx,spaden_bitmap_float,structural_related,float,ok,5,24818,24818,239978,,0.3635,0.3635,,1.3202,128.00,204.4,,,,0.000000e+00,1.298
SNAP/sx-mathoverflow/sx-mathoverflow_C2A.mtx,cusparse_double,main,double,ok,5,24818,24818,81121,0.1387,0.0180,0.0180,0.0143,,,,,,,,1.687
SNAP/sx-mathoverflow/sx-mathoverflow_C2A.mtx,cusparse_float,main_float,float,ok,6,24818,24818,81121,0.1474,0.0113,0.0113,0.0082,,,,,,,,1.768
SNAP/sx-mathoverflow/sx-mathoverflow_C2A.mtx,dasp_double,main,double,ok,6,,,,1.2370,0.0246,0.0246,,6.6027,,,,,,,1.197
SNAP/sx-mathoverflow/sx-mathoverflow_C2A.mtx,dasp_half,main_reduced_precision,half,ok,6,,,,1.1120,0.0123,0.0123,,13.1893,,,,,,,1.481
SNAP/sx-mathoverflow/sx-mathoverflow_C2A.mtx,packsell_pack16,structural_related,half,ok,6,24818,24818,81121,,0.039118,0.039118,,4.14748,,,,,,0.000434968,2.337
SNAP/sx-mathoverflow/sx-mathoverflow_C2A.mtx,packsell_pack32,structural_related,float,ok,6,24818,24818,81121,,0.073921,0.073921,,2.19482,,,,,,2.24392e-07,2.564
SNAP/sx-mathoverflow/sx-mathoverflow_C2A.mtx,spaden_bitmap_float,structural_related,float,ok,6,24818,24818,81121,,0.1546,0.1546,,1.0495,70.24,197.6,,,,0.000000e+00,1.333
SNAP/sx-mathoverflow/sx-mathoverflow_C2Q.mtx,cusparse_double,main,double,ok,6,24818,24818,101329,0.1511,0.0177,0.0177,0.0143,,,,,,,,0.814
SNAP/sx-mathoverflow/sx-mathoverflow_C2Q.mtx,cusparse_float,main_float,float,ok,2,24818,24818,101329,0.1767,0.0122,0.0122,0.0102,,,,,,,,1.631
SNAP/sx-mathoverflow/sx-mathoverflow_C2Q.mtx,dasp_double,main,double,ok,2,,,,1.1060,0.0225,0.0225,,8.9886,,,,,,,1.661
SNAP/sx-mathoverflow/sx-mathoverflow_C2Q.mtx,dasp_half,main_reduced_precision,half,ok,2,,,,1.0040,0.0155,0.0155,,13.0874,,,,,,,1.389
SNAP/sx-mathoverflow/sx-mathoverflow_C2Q.mtx,packsell_pack16,structural_related,half,ok,2,24818,24818,101329,,0.270178,0.270178,,0.750091,,,,,,0.00044486,3.569
SNAP/sx-mathoverflow/sx-mathoverflow_C2Q.mtx,packsell_pack32,structural_related,float,ok,2,24818,24818,101329,,0.194827,0.194827,,1.0402,,,,,,2.59076e-07,2.696
SNAP/sx-mathoverflow/sx-mathoverflow_C2Q.mtx,spaden_bitmap_float,structural_related,float,ok,2,24818,24818,101329,,0.2656,0.2656,,0.7630,433.81,197.7,,,,0.000000e+00,1.603
SNAP/sx-superuser/sx-superuser_C2A.mtx,cusparse_double,main,double,ok,4,194085,194085,289487,0.1279,0.0223,0.0223,0.0202,,,,,,,,0.700
SNAP/sx-superuser/sx-superuser_C2A.mtx,cusparse_float,main_float,float,ok,4,194085,194085,289487,0.1356,0.0151,0.0151,0.0123,,,,,,,,2.480
SNAP/sx-superuser/sx-superuser_C2A.mtx,dasp_double,main,double,ok,4,,,,6.2110,0.0246,0.0246,,23.5787,,,,,,,2.555
SNAP/sx-superuser/sx-superuser_C2A.mtx,dasp_half,main_reduced_precision,half,ok,4,,,,5.9280,0.0143,0.0143,,40.3466,,,,,,,1.864
SNAP/sx-superuser/sx-superuser_C2A.mtx,packsell_pack16,structural_related,half,ok,4,194085,194085,289487,,0.159231,0.159231,,3.63605,,,,,,0.000463894,4.904
SNAP/sx-superuser/sx-superuser_C2A.mtx,packsell_pack32,structural_related,float,ok,4,194085,194085,289487,,0.554713,0.554713,,1.04374,,,,,,4.05334e-07,3.749
SNAP/sx-superuser/sx-superuser_C2A.mtx,spaden_bitmap_float,structural_related,float,ok,4,194085,194085,289487,,0.4418,0.4418,,1.3105,250.80,183.1,,,,0.000000e+00,1.574
SNAP/sx-superuser/sx-superuser_C2Q.mtx,cusparse_double,main,double,ok,3,194085,194085,291030,0.1197,0.0200,0.0200,0.0182,,,,,,,,0.769
SNAP/sx-superuser/sx-superuser_C2Q.mtx,cusparse_float,main_float,float,ok,2,194085,194085,291030,0.1267,0.0129,0.0129,0.0102,,,,,,,,2.239
SNAP/sx-superuser/sx-superuser_C2Q.mtx,dasp_double,main,double,ok,2,,,,5.6490,0.0234,0.0234,,24.9266,,,,,,,2.499
SNAP/sx-superuser/sx-superuser_C2Q.mtx,dasp_half,main_reduced_precision,half,ok,2,,,,4.9970,0.0146,0.0146,,39.9794,,,,,,,1.813
SNAP/sx-superuser/sx-superuser_C2Q.mtx,packsell_pack16,structural_related,half,ok,2,194085,194085,291030,,0.874387,0.874387,,0.665678,,,,,,0.000457796,4.947
SNAP/sx-superuser/sx-superuser_C2Q.mtx,packsell_pack32,structural_related,float,ok,2,194085,194085,291030,,1.723870,1.723870,,0.337647,,,,,,1.9316e-07,3.715
SNAP/sx-superuser/sx-superuser_C2Q.mtx,spaden_bitmap_float,structural_related,float,ok,2,194085,194085,291030,,1.9696,1.9696,,0.2955,247.04,169.3,,,,0.000000e+00,1.840
Sandia/adder_dcop_03/adder_dcop_03.mtx,cusparse_double,main,double,ok,2,1813,1813,11148,0.1392,0.0142,0.0142,0.0123,,,,,,,,1.351
Sandia/adder_dcop_03/adder_dcop_03.mtx,cusparse_float,main_float,float,ok,7,1813,1813,9622,0.1304,0.0099,0.0099,0.0080,,,,,,,,1.735
Sandia/adder_dcop_03/adder_dcop_03.mtx,dasp_double,main,double,ok,7,,,,0.1630,0.0198,0.0198,,1.1257,,,,,,,1.534
Sandia/adder_dcop_03/adder_dcop_03.mtx,dasp_half,main_reduced_precision,half,ok,7,,,,0.2120,0.0066,0.0066,,3.3588,,,,,,,0.851
Sandia/adder_dcop_03/adder_dcop_03.mtx,packsell_pack16,structural_related,half,ok,7,1813,1813,11148,,0.080034,0.080034,,0.278583,,,,,,0.000209317,4.595
Sandia/adder_dcop_03/adder_dcop_03.mtx,packsell_pack32,structural_related,float,ok,7,1813,1813,11148,,0.154059,0.154059,,0.144724,,,,,,8.46964e-08,2.783
Sandia/adder_dcop_03/adder_dcop_03.mtx,spaden_bitmap_float,structural_related,float,ok,7,1813,1813,11148,,0.0358,0.0358,,0.6231,31.01,128.0,,,,4.679612e-08,1.656
Sandia/adder_dcop_05/adder_dcop_05.mtx,cusparse_double,main,double,ok,4,1813,1813,11097,0.1315,0.0142,0.0142,0.0123,,,,,,,,1.297
Sandia/adder_dcop_05/adder_dcop_05.mtx,cusparse_float,main_float,float,ok,6,1813,1813,10416,0.1299,0.0085,0.0085,0.0078,,,,,,,,1.820
Sandia/adder_dcop_05/adder_dcop_05.mtx,dasp_double,main,double,ok,6,,,,0.1860,0.0184,0.0184,,1.2031,,,,,,,1.761
Sandia/adder_dcop_05/adder_dcop_05.mtx,dasp_half,main_reduced_precision,half,ok,6,,,,0.1900,0.0062,0.0062,,3.6082,,,,,,,1.022
Sandia/adder_dcop_05/adder_dcop_05.mtx,packsell_pack16,structural_related,half,ok,6,1813,1813,11097,,0.080564,0.080564,,0.275482,,,,,,0.000190041,3.830
Sandia/adder_dcop_05/adder_dcop_05.mtx,packsell_pack32,structural_related,float,ok,6,1813,1813,11097,,0.158509,0.158509,,0.140017,,,,,,4.84603e-08,2.783
Sandia/adder_dcop_05/adder_dcop_05.mtx,spaden_bitmap_float,structural_related,float,ok,6,1813,1813,11097,,0.0360,0.0360,,0.6159,113.31,128.1,,,,7.203700e-08,1.652
Sandia/adder_dcop_17/adder_dcop_17.mtx,cusparse_double,main,double,ok,7,1813,1813,11246,0.1507,0.0170,0.0170,0.0143,,,,,,,,0.929
Sandia/adder_dcop_17/adder_dcop_17.mtx,cusparse_float,main_float,float,ok,5,1813,1813,10807,0.1344,0.0091,0.0091,0.0075,,,,,,,,1.587
Sandia/adder_dcop_17/adder_dcop_17.mtx,dasp_double,main,double,ok,5,,,,0.1630,0.0202,0.0202,,1.1127,,,,,,,1.395
Sandia/adder_dcop_17/adder_dcop_17.mtx,dasp_half,main_reduced_precision,half,ok,5,,,,0.1700,0.0061,0.0061,,3.6584,,,,,,,1.484
Sandia/adder_dcop_17/adder_dcop_17.mtx,packsell_pack16,structural_related,half,ok,5,1813,1813,11246,,0.179337,0.179337,,0.125417,,,,,,0.000175192,3.089
Sandia/adder_dcop_17/adder_dcop_17.mtx,packsell_pack32,structural_related,float,ok,5,1813,1813,11246,,0.156440,0.156440,,0.143774,,,,,,5.37495e-08,2.456
Sandia/adder_dcop_17/adder_dcop_17.mtx,spaden_bitmap_float,structural_related,float,ok,5,1813,1813,11246,,0.0356,0.0356,,0.6322,21.59,128.2,,,,3.141305e-08,1.969
Sandia/adder_dcop_20/adder_dcop_20.mtx,cusparse_double,main,double,ok,4,1813,1813,11246,0.1307,0.0143,0.0143,0.0123,,,,,,,,1.438
Sandia/adder_dcop_20/adder_dcop_20.mtx,cusparse_float,main_float,float,ok,7,1813,1813,10808,0.1401,0.0099,0.0099,0.0078,,,,,,,,1.545
Sandia/adder_dcop_20/adder_dcop_20.mtx,dasp_double,main,double,ok,7,,,,0.2110,0.0184,0.0184,,1.2192,,,,,,,1.461
Sandia/adder_dcop_20/adder_dcop_20.mtx,dasp_half,main_reduced_precision,half,ok,7,,,,0.1730,0.0062,0.0062,,3.6555,,,,,,,1.337
Sandia/adder_dcop_20/adder_dcop_20.mtx,packsell_pack16,structural_related,half,ok,7,1813,1813,11246,,0.078085,0.078085,,0.288047,,,,,,0.000140948,2.867
Sandia/adder_dcop_20/adder_dcop_20.mtx,packsell_pack32,structural_related,float,ok,7,1813,1813,11246,,0.153935,0.153935,,0.146114,,,,,,5.02321e-08,1.920
Sandia/adder_dcop_20/adder_dcop_20.mtx,spaden_bitmap_float,structural_related,float,ok,7,1813,1813,11246,,0.0357,0.0357,,0.6293,21.40,128.2,,,,3.141410e-08,1.970
Sandia/adder_dcop_21/adder_dcop_21.mtx,cusparse_double,main,double,ok,1,1813,1813,11246,0.1361,0.0138,0.0138,0.0121,,,,,,,,0.406
Sandia/adder_dcop_21/adder_dcop_21.mtx,cusparse_float,main_float,float,ok,6,1813,1813,10818,0.1460,0.0086,0.0086,0.0078,,,,,,,,1.774
Sandia/adder_dcop_21/adder_dcop_21.mtx,dasp_double,main,double,ok,6,,,,0.1960,0.0184,0.0184,,1.2193,,,,,,,2.046
Sandia/adder_dcop_21/adder_dcop_21.mtx,dasp_half,main_reduced_precision,half,ok,6,,,,0.1800,0.0068,0.0068,,3.2869,,,,,,,1.763
Sandia/adder_dcop_21/adder_dcop_21.mtx,packsell_pack16,structural_related,half,ok,6,1813,1813,11246,,0.080461,0.080461,,0.279539,,,,,,0.000104615,2.769
Sandia/adder_dcop_21/adder_dcop_21.mtx,packsell_pack32,structural_related,float,ok,6,1813,1813,11246,,0.158512,0.158512,,0.141895,,,,,,5.13145e-08,1.750
Sandia/adder_dcop_21/adder_dcop_21.mtx,spaden_bitmap_float,structural_related,float,ok,6,1813,1813,11246,,0.0359,0.0359,,0.6268,145.87,128.2,,,,1.406050e-08,1.971
Sandia/adder_dcop_22/adder_dcop_22.mtx,cusparse_double,main,double,ok,6,1813,1813,11246,0.1436,0.0147,0.0147,0.0123,,,,,,,,0.965
Sandia/adder_dcop_22/adder_dcop_22.mtx,cusparse_float,main_float,float,ok,4,1813,1813,10818,0.1465,0.0102,0.0102,0.0084,,,,,,,,1.657
Sandia/adder_dcop_22/adder_dcop_22.mtx,dasp_double,main,double,ok,4,,,,0.1780,0.0212,0.0212,,1.0633,,,,,,,1.506
Sandia/adder_dcop_22/adder_dcop_22.mtx,dasp_half,main_reduced_precision,half,ok,4,,,,0.1840,0.0062,0.0062,,3.6560,,,,,,,1.626
Sandia/adder_dcop_22/adder_dcop_22.mtx,packsell_pack16,structural_related,half,ok,4,1813,1813,11246,,0.082112,0.082112,,0.273918,,,,,,0.000111078,2.548
Sandia/adder_dcop_22/adder_dcop_22.mtx,packsell_pack32,structural_related,float,ok,4,1813,1813,11246,,0.190060,0.190060,,0.118341,,,,,,4.90758e-08,1.919
Sandia/adder_dcop_22/adder_dcop_22.mtx,spaden_bitmap_float,structural_related,float,ok,4,1813,1813,11246,,0.0356,0.0356,,0.6313,21.72,128.2,,,,1.405627e-08,1.230
Sandia/adder_dcop_23/adder_dcop_23.mtx,cusparse_double,main,double,ok,1,1813,1813,11246,0.1386,0.0137,0.0137,0.0120,,,,,,,,0.405
Sandia/adder_dcop_23/adder_dcop_23.mtx,cusparse_float,main_float,float,ok,5,1813,1813,10809,0.1337,0.0087,0.0087,0.0073,,,,,,,,1.798
Sandia/adder_dcop_23/adder_dcop_23.mtx,dasp_double,main,double,ok,5,,,,0.1520,0.0225,0.0225,,1.0008,,,,,,,1.945
Sandia/adder_dcop_23/adder_dcop_23.mtx,dasp_half,main_reduced_precision,half,ok,5,,,,0.1670,0.0061,0.0061,,3.6584,,,,,,,1.643
Sandia/adder_dcop_23/adder_dcop_23.mtx,packsell_pack16,structural_related,half,ok,5,1813,1813,11246,,0.079894,0.079894,,0.281521,,,,,,0.000114651,3.932
Sandia/adder_dcop_23/adder_dcop_23.mtx,packsell_pack32,structural_related,float,ok,5,1813,1813,11246,,0.156868,0.156868,,0.143382,,,,,,6.30061e-08,5.089
Sandia/adder_dcop_23/adder_dcop_23.mtx,spaden_bitmap_float,structural_related,float,ok,5,1813,1813,11246,,0.0357,0.0357,,0.6307,12.84,128.2,,,,1.405381e-08,1.686
Sandia/adder_dcop_24/adder_dcop_24.mtx,cusparse_double,main,double,ok,3,1813,1813,11246,0.1318,0.0139,0.0139,0.0119,,,,,,,,1.416
Sandia/adder_dcop_24/adder_dcop_24.mtx,cusparse_float,main_float,float,ok,2,1813,1813,10810,0.1347,0.0084,0.0084,0.0077,,,,,,,,1.599
Sandia/adder_dcop_24/adder_dcop_24.mtx,dasp_double,main,double,ok,2,,,,0.1940,0.0184,0.0184,,1.2191,,,,,,,1.879
Sandia/adder_dcop_24/adder_dcop_24.mtx,dasp_half,main_reduced_precision,half,ok,2,,,,0.2250,0.0062,0.0062,,3.6560,,,,,,,1.251
Sandia/adder_dcop_24/adder_dcop_24.mtx,packsell_pack16,structural_related,half,ok,2,1813,1813,11246,,0.078026,0.078026,,0.288263,,,,,,0.000133239,2.515
Sandia/adder_dcop_24/adder_dcop_24.mtx,packsell_pack32,structural_related,float,ok,2,1813,1813,11246,,0.151689,0.151689,,0.148277,,,,,,5.13621e-08,2.406
Sandia/adder_dcop_24/adder_dcop_24.mtx,spaden_bitmap_float,structural_related,float,ok,2,1813,1813,11246,,0.0354,0.0354,,0.6351,72.43,128.2,,,,1.405222e-08,1.429
Sandia/adder_dcop_25/adder_dcop_25.mtx,cusparse_double,main,double,ok,2,1813,1813,11246,0.1350,0.0137,0.0137,0.0123,,,,,,,,1.336
Sandia/adder_dcop_25/adder_dcop_25.mtx,cusparse_float,main_float,float,ok,3,1813,1813,10812,0.1339,0.0089,0.0089,0.0072,,,,,,,,1.760
Sandia/adder_dcop_25/adder_dcop_25.mtx,dasp_double,main,double,ok,3,,,,0.1680,0.0184,0.0184,,1.2193,,,,,,,1.940
Sandia/adder_dcop_25/adder_dcop_25.mtx,dasp_half,main_reduced_precision,half,ok,3,,,,0.1730,0.0061,0.0061,,3.6590,,,,,,,1.837
Sandia/adder_dcop_25/adder_dcop_25.mtx,packsell_pack16,structural_related,half,ok,3,1813,1813,11246,,0.079951,0.079951,,0.281323,,,,,,0.000134689,2.988
Sandia/adder_dcop_25/adder_dcop_25.mtx,packsell_pack32,structural_related,float,ok,3,1813,1813,11246,,0.155869,0.155869,,0.144301,,,,,,5.26247e-08,2.584
Sandia/adder_dcop_25/adder_dcop_25.mtx,spaden_bitmap_float,structural_related,float,ok,3,1813,1813,11246,,0.0361,0.0361,,0.6236,26.82,128.2,,,,4.215066e-08,1.802
Sandia/adder_dcop_26/adder_dcop_26.mtx,cusparse_double,main,double,ok,7,1813,1813,11246,0.1555,0.0169,0.0169,0.0143,,,,,,,,0.940
Sandia/adder_dcop_26/adder_dcop_26.mtx,cusparse_float,main_float,float,ok,6,1813,1813,10812,0.1358,0.0086,0.0086,0.0077,,,,,,,,1.642
Sandia/adder_dcop_26/adder_dcop_26.mtx,dasp_double,main,double,ok,6,,,,0.1760,0.0184,0.0184,,1.2193,,,,,,,0.947
Sandia/adder_dcop_26/adder_dcop_26.mtx,dasp_half,main_reduced_precision,half,ok,6,,,,0.2100,0.0061,0.0061,,3.6578,,,,,,,1.872
Sandia/adder_dcop_26/adder_dcop_26.mtx,packsell_pack16,structural_related,half,ok,6,1813,1813,11246,,0.080468,0.080468,,0.279514,,,,,,0.000156625,3.180
Sandia/adder_dcop_26/adder_dcop_26.mtx,packsell_pack32,structural_related,float,ok,6,1813,1813,11246,,0.158460,0.158460,,0.141941,,,,,,5.73191e-08,2.124
Sandia/adder_dcop_26/adder_dcop_26.mtx,spaden_bitmap_float,structural_related,float,ok,6,1813,1813,11246,,0.0357,0.0357,,0.6307,22.39,128.2,,,,1.986915e-08,1.614
Sandia/adder_dcop_27/adder_dcop_27.mtx,cusparse_double,main,double,ok,5,1813,1813,11246,0.1288,0.0143,0.0143,0.0123,,,,,,,,1.111
Sandia/adder_dcop_27/adder_dcop_27.mtx,cusparse_float,main_float,float,ok,7,1813,1813,10812,0.1274,0.0099,0.0099,0.0080,,,,,,,,1.545
Sandia/adder_dcop_27/adder_dcop_27.mtx,dasp_double,main,double,ok,7,,,,0.1460,0.0184,0.0184,,1.2193,,,,,,,1.311
Sandia/adder_dcop_27/adder_dcop_27.mtx,dasp_half,main_reduced_precision,half,ok,7,,,,0.1680,0.0062,0.0062,,3.6555,,,,,,,1.158
Sandia/adder_dcop_27/adder_dcop_27.mtx,packsell_pack16,structural_related,half,ok,7,1813,1813,11246,,0.078177,0.078177,,0.287706,,,,,,0.000164291,2.326
Sandia/adder_dcop_27/adder_dcop_27.mtx,packsell_pack32,structural_related,float,ok,7,1813,1813,11246,,0.153971,0.153971,,0.146079,,,,,,8.27048e-08,2.627
Sandia/adder_dcop_27/adder_dcop_27.mtx,spaden_bitmap_float,structural_related,float,ok,7,1813,1813,11246,,0.0356,0.0356,,0.6316,20.73,128.2,,,,3.141071e-08,2.013
Sandia/adder_dcop_28/adder_dcop_28.mtx,cusparse_double,main,double,ok,5,1813,1813,11246,0.1346,0.0142,0.0142,0.0123,,,,,,,,1.365
Sandia/adder_dcop_28/adder_dcop_28.mtx,cusparse_float,main_float,float,ok,4,1813,1813,10812,0.1356,0.0099,0.0099,0.0085,,,,,,,,1.819
Sandia/adder_dcop_28/adder_dcop_28.mtx,dasp_double,main,double,ok,4,,,,0.1490,0.0184,0.0184,,1.2193,,,,,,,1.684
Sandia/adder_dcop_28/adder_dcop_28.mtx,dasp_half,main_reduced_precision,half,ok,4,,,,0.2270,0.0062,0.0062,,3.6560,,,,,,,1.091
Sandia/adder_dcop_28/adder_dcop_28.mtx,packsell_pack16,structural_related,half,ok,4,1813,1813,11246,,0.082408,0.082408,,0.272935,,,,,,0.000118376,3.022
Sandia/adder_dcop_28/adder_dcop_28.mtx,packsell_pack32,structural_related,float,ok,4,1813,1813,11246,,0.161925,0.161925,,0.138904,,,,,,8.17408e-08,3.866
Sandia/adder_dcop_28/adder_dcop_28.mtx,spaden_bitmap_float,structural_related,float,ok,4,1813,1813,11246,,0.0358,0.0358,,0.6290,29.70,128.2,,,,3.140953e-08,1.451
Sandia/adder_dcop_29/adder_dcop_29.mtx,cusparse_double,main,double,ok,7,1813,1813,11246,0.1532,0.0170,0.0170,0.0143,,,,,,,,0.983
Sandia/adder_dcop_29/adder_dcop_29.mtx,cusparse_float,main_float,float,ok,7,1813,1813,10812,0.1380,0.0090,0.0090,0.0082,,,,,,,,1.503
Sandia/adder_dcop_29/adder_dcop_29.mtx,dasp_double,main,double,ok,7,,,,0.2040,0.0184,0.0184,,1.2193,,,,,,,1.458
Sandia/adder_dcop_29/adder_dcop_29.mtx,dasp_half,main_reduced_precision,half,ok,7,,,,0.1970,0.0062,0.0062,,3.6560,,,,,,,1.673
Sandia/adder_dcop_29/adder_dcop_29.mtx,packsell_pack16,structural_related,half,ok,7,1813,1813,11246,,0.078119,0.078119,,0.287919,,,,,,0.000123426,2.554
Sandia/adder_dcop_29/adder_dcop_29.mtx,packsell_pack32,structural_related,float,ok,7,1813,1813,11246,,0.153978,0.153978,,0.146072,,,,,,5.57764e-08,2.738
Sandia/adder_dcop_29/adder_dcop_29.mtx,spaden_bitmap_float,structural_related,float,ok,7,1813,1813,11246,,0.0357,0.0357,,0.6304,115.75,128.2,,,,3.140914e-08,2.165
Sandia/adder_dcop_30/adder_dcop_30.mtx,cusparse_double,main,double,ok,6,1813,1813,11246,0.1400,0.0144,0.0144,0.0123,,,,,,,,1.165
Sandia/adder_dcop_30/adder_dcop_30.mtx,cusparse_float,main_float,float,ok,2,1813,1813,10812,0.1510,0.0113,0.0113,0.0091,,,,,,,,1.590
Sandia/adder_dcop_30/adder_dcop_30.mtx,dasp_double,main,double,ok,2,,,,0.1860,0.0184,0.0184,,1.2191,,,,,,,2.036
Sandia/adder_dcop_30/adder_dcop_30.mtx,dasp_half,main_reduced_precision,half,ok,2,,,,0.2080,0.0061,0.0061,,3.6578,,,,,,,1.643
Sandia/adder_dcop_30/adder_dcop_30.mtx,packsell_pack16,structural_related,half,ok,2,1813,1813,11246,,0.078022,0.078022,,0.288279,,,,,,0.000158816,2.481
Sandia/adder_dcop_30/adder_dcop_30.mtx,packsell_pack32,structural_related,float,ok,2,1813,1813,11246,,0.151790,0.151790,,0.148178,,,,,,5.86398e-08,1.924
Sandia/adder_dcop_30/adder_dcop_30.mtx,spaden_bitmap_float,structural_related,float,ok,2,1813,1813,11246,,0.0357,0.0357,,0.6294,46.42,128.2,,,,3.140769e-08,1.882
Sandia/adder_dcop_31/adder_dcop_31.mtx,cusparse_double,main,double,ok,4,1813,1813,11246,0.1419,0.0141,0.0141,0.0123,,,,,,,,1.174
Sandia/adder_dcop_31/adder_dcop_31.mtx,cusparse_float,main_float,float,ok,4,1813,1813,10812,0.1324,0.0099,0.0099,0.0080,,,,,,,,1.657
Sandia/adder_dcop_31/adder_dcop_31.mtx,dasp_double,main,double,ok,4,,,,0.1800,0.0200,0.0200,,1.1254,,,,,,,2.158
Sandia/adder_dcop_31/adder_dcop_31.mtx,dasp_half,main_reduced_precision,half,ok,4,,,,0.1670,0.0062,0.0062,,3.6572,,,,,,,1.485
Sandia/adder_dcop_31/adder_dcop_31.mtx,packsell_pack16,structural_related,half,ok,4,1813,1813,11246,,0.082170,0.082170,,0.273724,,,,,,0.000157593,2.049
Sandia/adder_dcop_31/adder_dcop_31.mtx,packsell_pack32,structural_related,float,ok,4,1813,1813,11246,,0.161993,0.161993,,0.138845,,,,,,5.44024e-08,3.466
Sandia/adder_dcop_31/adder_dcop_31.mtx,spaden_bitmap_float,structural_related,float,ok,4,1813,1813,11246,,0.0356,0.0356,,0.6326,8.42,128.2,,,,3.440548e-08,1.431
Sandia/adder_dcop_32/adder_dcop_32.mtx,cusparse_double,main,double,ok,3,1813,1813,11246,0.1214,0.0136,0.0136,0.0123,,,,,,,,1.348
Sandia/adder_dcop_32/adder_dcop_32.mtx,cusparse_float,main_float,float,ok,5,1813,1813,10812,0.1698,0.0086,0.0086,0.0077,,,,,,,,1.761
Sandia/adder_dcop_32/adder_dcop_32.mtx,dasp_double,main,double,ok,5,,,,0.1610,0.0212,0.0212,,1.0620,,,,,,,1.652
Sandia/adder_dcop_32/adder_dcop_32.mtx,dasp_half,main_reduced_precision,half,ok,5,,,,0.1860,0.0091,0.0091,,2.4651,,,,,,,1.699
Sandia/adder_dcop_32/adder_dcop_32.mtx,packsell_pack16,structural_related,half,ok,5,1813,1813,11246,,0.079944,0.079944,,0.281345,,,,,,0.000132935,3.135
Sandia/adder_dcop_32/adder_dcop_32.mtx,packsell_pack32,structural_related,float,ok,5,1813,1813,11246,,0.206918,0.206918,,0.1087,,,,,,5.37559e-08,2.009
Sandia/adder_dcop_32/adder_dcop_32.mtx,spaden_bitmap_float,structural_related,float,ok,5,1813,1813,11246,,0.0355,0.0355,,0.6330,105.76,128.2,,,,3.140781e-08,1.484
Sandia/adder_dcop_33/adder_dcop_33.mtx,cusparse_double,main,double,ok,6,1813,1813,11246,0.1500,0.0139,0.0139,0.0123,,,,,,,,0.984
Sandia/adder_dcop_33/adder_dcop_33.mtx,cusparse_float,main_float,float,ok,3,1813,1813,10794,0.1356,0.0085,0.0085,0.0075,,,,,,,,1.610
Sandia/adder_dcop_33/adder_dcop_33.mtx,dasp_double,main,double,ok,3,,,,0.1400,0.0184,0.0184,,1.2193,,,,,,,1.241
Sandia/adder_dcop_33/adder_dcop_33.mtx,dasp_half,main_reduced_precision,half,ok,3,,,,0.2040,0.0074,0.0074,,3.0264,,,,,,,1.800
Sandia/adder_dcop_33/adder_dcop_33.mtx,packsell_pack16,structural_related,half,ok,3,1813,1813,11246,,0.080028,0.080028,,0.281053,,,,,,0.000156214,2.557
Sandia/adder_dcop_33/adder_dcop_33.mtx,packsell_pack32,structural_related,float,ok,3,1813,1813,11246,,0.155944,0.155944,,0.144231,,,,,,7.20884e-08,2.873
Sandia/adder_dcop_33/adder_dcop_33.mtx,spaden_bitmap_float,structural_related,float,ok,3,1813,1813,11246,,0.0355,0.0355,,0.6342,16.14,128.2,,,,1.986625e-08,1.979
Sandia/adder_dcop_34/adder_dcop_34.mtx,cusparse_double,main,double,ok,2,1813,1813,11246,0.1414,0.0143,0.0143,0.0123,,,,,,,,1.635
Sandia/adder_dcop_34/adder_dcop_34.mtx,cusparse_float,main_float,float,ok,2,1813,1813,10812,0.1294,0.0085,0.0085,0.0069,,,,,,,,1.597
Sandia/adder_dcop_34/adder_dcop_34.mtx,dasp_double,main,double,ok,2,,,,0.1570,0.0184,0.0184,,1.2192,,,,,,,1.921
Sandia/adder_dcop_34/adder_dcop_34.mtx,dasp_half,main_reduced_precision,half,ok,2,,,,0.1930,0.0062,0.0062,,3.6543,,,,,,,1.192
Sandia/adder_dcop_34/adder_dcop_34.mtx,packsell_pack16,structural_related,half,ok,2,1813,1813,11246,,0.131272,0.131272,,0.171339,,,,,,0.000101082,3.089
Sandia/adder_dcop_34/adder_dcop_34.mtx,packsell_pack32,structural_related,float,ok,2,1813,1813,11246,,0.151773,0.151773,,0.148195,,,,,,5.74675e-08,3.403
Sandia/adder_dcop_34/adder_dcop_34.mtx,spaden_bitmap_float,structural_related,float,ok,2,1813,1813,11246,,0.0358,0.0358,,0.6289,34.38,128.2,,,,1.986599e-08,1.556
Sandia/adder_dcop_35/adder_dcop_35.mtx,cusparse_double,main,double,ok,1,1813,1813,11246,0.1317,0.0136,0.0136,0.0121,,,,,,,,0.404
Sandia/adder_dcop_35/adder_dcop_35.mtx,cusparse_float,main_float,float,ok,6,1813,1813,10818,0.1340,0.0091,0.0091,0.0082,,,,,,,,1.715
Sandia/adder_dcop_35/adder_dcop_35.mtx,dasp_double,main,double,ok,6,,,,0.2140,0.0184,0.0184,,1.2192,,,,,,,1.413
Sandia/adder_dcop_35/adder_dcop_35.mtx,dasp_half,main_reduced_precision,half,ok,6,,,,0.1740,0.0061,0.0061,,3.6584,,,,,,,1.490
Sandia/adder_dcop_35/adder_dcop_35.mtx,packsell_pack16,structural_related,half,ok,6,1813,1813,11246,,0.080378,0.080378,,0.279826,,,,,,0.000109166,2.894
Sandia/adder_dcop_35/adder_dcop_35.mtx,packsell_pack32,structural_related,float,ok,6,1813,1813,11246,,0.158387,0.158387,,0.142007,,,,,,6.28743e-08,3.087
Sandia/adder_dcop_35/adder_dcop_35.mtx,spaden_bitmap_float,structural_related,float,ok,6,1813,1813,11246,,0.0356,0.0356,,0.6317,37.87,128.2,,,,1.405203e-08,2.290
Sandia/adder_dcop_36/adder_dcop_36.mtx,cusparse_double,main,double,ok,4,1813,1813,11246,0.1325,0.0164,0.0164,0.0123,,,,,,,,1.302
Sandia/adder_dcop_36/adder_dcop_36.mtx,cusparse_float,main_float,float,ok,3,1813,1813,10821,0.1339,0.0085,0.0085,0.0075,,,,,,,,1.694
Sandia/adder_dcop_36/adder_dcop_36.mtx,dasp_double,main,double,ok,3,,,,0.1840,0.0184,0.0184,,1.2194,,,,,,,1.963
Sandia/adder_dcop_36/adder_dcop_36.mtx,dasp_half,main_reduced_precision,half,ok,3,,,,0.1910,0.0091,0.0091,,2.4633,,,,,,,1.731
Sandia/adder_dcop_36/adder_dcop_36.mtx,packsell_pack16,structural_related,half,ok,3,1813,1813,11246,,0.080126,0.080126,,0.280706,,,,,,0.000128935,2.209
Sandia/adder_dcop_36/adder_dcop_36.mtx,packsell_pack32,structural_related,float,ok,3,1813,1813,11246,,0.155909,0.155909,,0.144264,,,,,,6.4729e-08,2.021
Sandia/adder_dcop_36/adder_dcop_36.mtx,spaden_bitmap_float,structural_related,float,ok,3,1813,1813,11246,,0.0357,0.0357,,0.6309,7.59,128.2,,,,7.161860e-08,1.082
Sandia/adder_dcop_37/adder_dcop_37.mtx,cusparse_double,main,double,ok,3,1813,1813,11246,0.1648,0.0141,0.0141,0.0123,,,,,,,,1.047
Sandia/adder_dcop_37/adder_dcop_37.mtx,cusparse_float,main_float,float,ok,6,1813,1813,10812,0.1321,0.0088,0.0088,0.0078,,,,,,,,1.633
Sandia/adder_dcop_37/adder_dcop_37.mtx,dasp_double,main,double,ok,6,,,,0.1590,0.0184,0.0184,,1.2193,,,,,,,1.351
Sandia/adder_dcop_37/adder_dcop_37.mtx,dasp_half,main_reduced_precision,half,ok,6,,,,0.1550,0.0061,0.0061,,3.6578,,,,,,,1.479
Sandia/adder_dcop_37/adder_dcop_37.mtx,packsell_pack16,structural_related,half,ok,6,1813,1813,11246,,0.144268,0.144268,,0.155905,,,,,,0.000191129,2.363
Sandia/adder_dcop_37/adder_dcop_37.mtx,packsell_pack32,structural_related,float,ok,6,1813,1813,11246,,0.158400,0.158400,,0.141995,,,,,,5.3006e-08,2.961
Sandia/adder_dcop_37/adder_dcop_37.mtx,spaden_bitmap_float,structural_related,float,ok,6,1813,1813,11246,,0.0356,0.0356,,0.6312,18.26,128.2,,,,1.986620e-08,1.003
Sandia/adder_dcop_38/adder_dcop_38.mtx,cusparse_double,main,double,ok,2,1813,1813,11246,0.1279,0.0143,0.0143,0.0123,,,,,,,,1.352
Sandia/adder_dcop_38/adder_dcop_38.mtx,cusparse_float,main_float,float,ok,5,1813,1813,10816,0.1340,0.0085,0.0085,0.0078,,,,,,,,1.684
Sandia/adder_dcop_38/adder_dcop_38.mtx,dasp_double,main,double,ok,5,,,,3.9080,0.0229,0.0229,,0.9814,,,,,,,1.857
Sandia/adder_dcop_38/adder_dcop_38.mtx,dasp_half,main_reduced_precision,half,ok,5,,,,0.2580,0.0062,0.0062,,3.6572,,,,,,,0.930
Sandia/adder_dcop_38/adder_dcop_38.mtx,packsell_pack16,structural_related,half,ok,5,1813,1813,11246,,0.080106,0.080106,,0.280779,,,,,,0.00019307,2.956
Sandia/adder_dcop_38/adder_dcop_38.mtx,packsell_pack32,structural_related,float,ok,5,1813,1813,11246,,0.161382,0.161382,,0.139371,,,,,,5.76862e-08,2.386
Sandia/adder_dcop_38/adder_dcop_38.mtx,spaden_bitmap_float,structural_related,float,ok,5,1813,1813,11246,,0.0357,0.0357,,0.6307,19.20,128.2,,,,4.213747e-08,1.923
Sandia/adder_dcop_39/adder_dcop_39.mtx,cusparse_double,main,double,ok,1,1813,1813,11246,0.1323,0.0139,0.0139,0.0121,,,,,,,,0.403
Sandia/adder_dcop_39/adder_dcop_39.mtx,cusparse_float,main_float,float,ok,7,1813,1813,10812,0.1283,0.0087,0.0087,0.0082,,,,,,,,1.631
Sandia/adder_dcop_39/adder_dcop_39.mtx,dasp_double,main,double,ok,7,,,,0.1800,0.0185,0.0185,,1.2188,,,,,,,1.402
Sandia/adder_dcop_39/adder_dcop_39.mtx,dasp_half,main_reduced_precision,half,ok,7,,,,0.3110,0.0062,0.0062,,3.6525,,,,,,,1.690
Sandia/adder_dcop_39/adder_dcop_39.mtx,packsell_pack16,structural_related,half,ok,7,1813,1813,11246,,0.078086,0.078086,,0.288041,,,,,,0.000137516,2.236
Sandia/adder_dcop_39/adder_dcop_39.mtx,packsell_pack32,structural_related,float,ok,7,1813,1813,11246,,0.279282,0.279282,,0.080535,,,,,,6.30648e-08,2.318
Sandia/adder_dcop_39/adder_dcop_39.mtx,spaden_bitmap_float,structural_related,float,ok,7,1813,1813,11246,,0.0356,0.0356,,0.6311,21.86,128.2,,,,1.404752e-08,1.493
Sandia/adder_dcop_40/adder_dcop_40.mtx,cusparse_double,main,double,ok,5,1813,1813,11246,0.1277,0.0146,0.0146,0.0123,,,,,,,,1.286
Sandia/adder_dcop_40/adder_dcop_40.mtx,cusparse_float,main_float,float,ok,3,1813,1813,10812,0.1285,0.0084,0.0084,0.0076,,,,,,,,1.670
Sandia/adder_dcop_40/adder_dcop_40.mtx,dasp_double,main,double,ok,3,,,,0.1660,0.0184,0.0184,,1.2193,,,,,,,1.633
Sandia/adder_dcop_40/adder_dcop_40.mtx,dasp_half,main_reduced_precision,half,ok,3,,,,0.1600,0.0061,0.0061,,3.6584,,,,,,,1.200
Sandia/adder_dcop_40/adder_dcop_40.mtx,packsell_pack16,structural_related,half,ok,3,1813,1813,11246,,0.079986,0.079986,,0.281198,,,,,,0.000109855,2.442
Sandia/adder_dcop_40/adder_dcop_40.mtx,packsell_pack32,structural_related,float,ok,3,1813,1813,11246,,0.200011,0.200011,,0.112454,,,,,,5.12568e-08,2.612
Sandia/adder_dcop_40/adder_dcop_40.mtx,spaden_bitmap_float,structural_related,float,ok,3,1813,1813,11246,,0.0356,0.0356,,0.6319,19.82,128.2,,,,1.404765e-08,1.471
Sandia/adder_dcop_41/adder_dcop_41.mtx,cusparse_double,main,double,ok,1,1813,1813,11246,0.1393,0.0136,0.0136,0.0120,,,,,,,,0.401
Sandia/adder_dcop_41/adder_dcop_41.mtx,cusparse_float,main_float,float,ok,3,1813,1813,10812,0.1288,0.0085,0.0085,0.0067,,,,,,,,1.648
Sandia/adder_dcop_41/adder_dcop_41.mtx,dasp_double,main,double,ok,3,,,,0.1880,0.0184,0.0184,,1.2192,,,,,,,1.362
Sandia/adder_dcop_41/adder_dcop_41.mtx,dasp_half,main_reduced_precision,half,ok,3,,,,0.1830,0.0091,0.0091,,2.4714,,,,,,,1.505
Sandia/adder_dcop_41/adder_dcop_41.mtx,packsell_pack16,structural_related,half,ok,3,1813,1813,11246,,0.079932,0.079932,,0.28139,,,,,,0.000108387,2.463
Sandia/adder_dcop_41/adder_dcop_41.mtx,packsell_pack32,structural_related,float,ok,3,1813,1813,11246,,0.155969,0.155969,,0.144208,,,,,,6.32372e-08,3.610
Sandia/adder_dcop_41/adder_dcop_41.mtx,spaden_bitmap_float,structural_related,float,ok,3,1813,1813,11246,,0.0356,0.0356,,0.6317,160.07,128.2,,,,1.404888e-08,2.108
Sandia/adder_dcop_42/adder_dcop_42.mtx,cusparse_double,main,double,ok,4,1813,1813,11246,0.1308,0.0141,0.0141,0.0123,,,,,,,,1.220
Sandia/adder_dcop_42/adder_dcop_42.mtx,cusparse_float,main_float,float,ok,2,1813,1813,10812,0.1385,0.0087,0.0087,0.0067,,,,,,,,1.614
Sandia/adder_dcop_42/adder_dcop_42.mtx,dasp_double,main,double,ok,2,,,,0.1600,0.0184,0.0184,,1.2193,,,,,,,1.704
Sandia/adder_dcop_42/adder_dcop_42.mtx,dasp_half,main_reduced_precision,half,ok,2,,,,0.2100,0.0095,0.0095,,2.3557,,,,,,,2.187
Sandia/adder_dcop_42/adder_dcop_42.mtx,packsell_pack16,structural_related,half,ok,2,1813,1813,11246,,0.077962,0.077962,,0.288501,,,,,,0.000109871,3.176
Sandia/adder_dcop_42/adder_dcop_42.mtx,packsell_pack32,structural_related,float,ok,2,1813,1813,11246,,0.335550,0.335550,,0.0670302,,,,,,4.91257e-08,3.750
Sandia/adder_dcop_42/adder_dcop_42.mtx,spaden_bitmap_float,structural_related,float,ok,2,1813,1813,11246,,0.0358,0.0358,,0.6288,13.64,128.2,,,,1.404966e-08,1.693
Sandia/adder_dcop_43/adder_dcop_43.mtx,cusparse_double,main,double,ok,3,1813,1813,11246,0.1383,0.0139,0.0139,0.0123,,,,,,,,1.274
Sandia/adder_dcop_43/adder_dcop_43.mtx,cusparse_float,main_float,float,ok,7,1813,1813,10812,0.1233,0.0088,0.0088,0.0072,,,,,,,,1.767
Sandia/adder_dcop_43/adder_dcop_43.mtx,dasp_double,main,double,ok,7,,,,0.1520,0.0212,0.0212,,1.0611,,,,,,,1.691
Sandia/adder_dcop_43/adder_dcop_43.mtx,dasp_half,main_reduced_precision,half,ok,7,,,,0.1920,0.0068,0.0068,,3.3057,,,,,,,1.933
Sandia/adder_dcop_43/adder_dcop_43.mtx,packsell_pack16,structural_related,half,ok,7,1813,1813,11246,,0.129450,0.129450,,0.17375,,,,,,0.000110187,4.199
Sandia/adder_dcop_43/adder_dcop_43.mtx,packsell_pack32,structural_related,float,ok,7,1813,1813,11246,,0.154006,0.154006,,0.146046,,,,,,5.00965e-08,4.316
Sandia/adder_dcop_43/adder_dcop_43.mtx,spaden_bitmap_float,structural_related,float,ok,7,1813,1813,11246,,0.0362,0.0362,,0.6217,15.34,128.2,,,,1.404887e-08,1.595
Sandia/adder_dcop_46/adder_dcop_46.mtx,cusparse_double,main,double,ok,7,1813,1813,11246,0.1605,0.0180,0.0180,0.0143,,,,,,,,1.035
Sandia/adder_dcop_46/adder_dcop_46.mtx,cusparse_float,main_float,float,ok,4,1813,1813,10812,0.1280,0.0097,0.0097,0.0078,,,,,,,,1.597
Sandia/adder_dcop_46/adder_dcop_46.mtx,dasp_double,main,double,ok,4,,,,0.1410,0.0184,0.0184,,1.2192,,,,,,,1.614
Sandia/adder_dcop_46/adder_dcop_46.mtx,dasp_half,main_reduced_precision,half,ok,4,,,,0.1930,0.0095,0.0095,,2.3629,,,,,,,1.412
Sandia/adder_dcop_46/adder_dcop_46.mtx,packsell_pack16,structural_related,half,ok,4,1813,1813,11246,,0.082213,0.082213,,0.273581,,,,,,0.000127753,3.091
Sandia/adder_dcop_46/adder_dcop_46.mtx,packsell_pack32,structural_related,float,ok,4,1813,1813,11246,,0.277152,0.277152,,0.0811539,,,,,,5.00457e-08,3.333
Sandia/adder_dcop_46/adder_dcop_46.mtx,spaden_bitmap_float,structural_related,float,ok,4,1813,1813,11246,,0.0357,0.0357,,0.6302,7.74,128.2,,,,1.404743e-08,1.448
Sandia/adder_dcop_50/adder_dcop_50.mtx,cusparse_double,main,double,ok,6,1813,1813,11246,0.1275,0.0141,0.0141,0.0121,,,,,,,,1.276
Sandia/adder_dcop_50/adder_dcop_50.mtx,cusparse_float,main_float,float,ok,2,1813,1813,10783,0.1394,0.0102,0.0102,0.0077,,,,,,,,1.785
Sandia/adder_dcop_50/adder_dcop_50.mtx,dasp_double,main,double,ok,2,,,,0.1690,0.0184,0.0184,,1.2191,,,,,,,0.602
Sandia/adder_dcop_50/adder_dcop_50.mtx,dasp_half,main_reduced_precision,half,ok,2,,,,0.1800,0.0104,0.0104,,2.1669,,,,,,,0.699
Sandia/adder_dcop_50/adder_dcop_50.mtx,packsell_pack16,structural_related,half,ok,2,1813,1813,11246,,0.077996,0.077996,,0.288373,,,,,,0.00014889,2.656
Sandia/adder_dcop_50/adder_dcop_50.mtx,packsell_pack32,structural_related,float,ok,2,1813,1813,11246,,0.151677,0.151677,,0.148289,,,,,,5.11241e-08,2.146
Sandia/adder_dcop_50/adder_dcop_50.mtx,spaden_bitmap_float,structural_related,float,ok,2,1813,1813,11246,,0.0358,0.0358,,0.6277,174.49,128.2,,,,1.404965e-08,1.920
Sandia/adder_dcop_51/adder_dcop_51.mtx,cusparse_double,main,double,ok,1,1813,1813,11246,0.1346,0.0138,0.0138,0.0120,,,,,,,,0.404
Sandia/adder_dcop_51/adder_dcop_51.mtx,cusparse_float,main_float,float,ok,5,1813,1813,10791,0.1335,0.0099,0.0099,0.0085,,,,,,,,1.638
Sandia/adder_dcop_51/adder_dcop_51.mtx,dasp_double,main,double,ok,5,,,,0.1660,0.0199,0.0199,,1.1309,,,,,,,1.355
Sandia/adder_dcop_51/adder_dcop_51.mtx,dasp_half,main_reduced_precision,half,ok,5,,,,0.1930,0.0061,0.0061,,3.6578,,,,,,,1.245
Sandia/adder_dcop_51/adder_dcop_51.mtx,packsell_pack16,structural_related,half,ok,5,1813,1813,11246,,0.079991,0.079991,,0.281181,,,,,,0.000149937,3.142
Sandia/adder_dcop_51/adder_dcop_51.mtx,packsell_pack32,structural_related,float,ok,5,1813,1813,11246,,0.156492,0.156492,,0.143727,,,,,,5.16042e-08,2.623
Sandia/adder_dcop_51/adder_dcop_51.mtx,spaden_bitmap_float,structural_related,float,ok,5,1813,1813,11246,,0.0356,0.0356,,0.6311,98.04,128.2,,,,1.405005e-08,2.332
Sandia/fpga_dcop_01/fpga_dcop_01.mtx,cusparse_double,main,double,ok,5,1220,1220,5892,0.1331,0.0136,0.0136,0.0123,,,,,,,,1.284
Sandia/fpga_dcop_01/fpga_dcop_01.mtx,cusparse_float,main_float,float,ok,4,1220,1220,5892,0.2761,0.0098,0.0098,0.0087,,,,,,,,1.751
Sandia/fpga_dcop_01/fpga_dcop_01.mtx,dasp_double,main,double,ok,4,,,,0.0860,0.0061,0.0061,,1.9173,,,,,,,1.449
Sandia/fpga_dcop_01/fpga_dcop_01.mtx,dasp_half,main_reduced_precision,half,ok,4,,,,0.0890,0.0041,0.0041,,2.8727,,,,,,,1.831
Sandia/fpga_dcop_01/fpga_dcop_01.mtx,packsell_pack16,structural_related,half,ok,4,1220,1220,5892,,0.004363,0.004363,,2.70067,,,,,,0.000434325,2.982
Sandia/fpga_dcop_01/fpga_dcop_01.mtx,packsell_pack32,structural_related,float,ok,4,1220,1220,5892,,0.007006,0.007006,,1.68187,,,,,,1.08899e-07,4.108
Sandia/fpga_dcop_01/fpga_dcop_01.mtx,spaden_bitmap_float,structural_related,float,ok,4,1220,1220,5892,,0.0151,0.0151,,0.7796,22.09,88.0,,,,2.897925e-08,1.670
Sandia/fpga_dcop_02/fpga_dcop_02.mtx,cusparse_double,main,double,ok,5,1220,1220,5892,0.1289,0.0141,0.0141,0.0122,,,,,,,,1.454
Sandia/fpga_dcop_02/fpga_dcop_02.mtx,cusparse_float,main_float,float,ok,5,1220,1220,5887,0.1413,0.0096,0.0096,0.0080,,,,,,,,2.053
Sandia/fpga_dcop_02/fpga_dcop_02.mtx,dasp_double,main,double,ok,5,,,,0.1050,0.0065,0.0065,,1.8264,,,,,,,1.528
Sandia/fpga_dcop_02/fpga_dcop_02.mtx,dasp_half,main_reduced_precision,half,ok,5,,,,0.1010,0.0064,0.0064,,1.8341,,,,,,,2.334
Sandia/fpga_dcop_02/fpga_dcop_02.mtx,packsell_pack16,structural_related,half,ok,5,1220,1220,5892,,0.004360,0.004360,,2.70304,,,,,,0.000434325,2.488
Sandia/fpga_dcop_02/fpga_dcop_02.mtx,packsell_pack32,structural_related,float,ok,5,1220,1220,5892,,0.006418,0.006418,,1.83597,,,,,,1.14098e-07,4.659
Sandia/fpga_dcop_02/fpga_dcop_02.mtx,spaden_bitmap_float,structural_related,float,ok,5,1220,1220,5892,,0.0133,0.0133,,0.8873,20.72,88.0,,,,5.155778e-08,1.592
Sandia/fpga_dcop_03/fpga_dcop_03.mtx,cusparse_double,main,double,ok,5,1220,1220,5892,0.1433,0.0137,0.0137,0.0123,,,,,,,,1.427
Sandia/fpga_dcop_03/fpga_dcop_03.mtx,cusparse_float,main_float,float,ok,6,1220,1220,5704,0.1369,0.0095,0.0095,0.0081,,,,,,,,1.845
Sandia/fpga_dcop_03/fpga_dcop_03.mtx,dasp_double,main,double,ok,6,,,,0.0940,0.0061,0.0061,,1.9167,,,,,,,1.455
Sandia/fpga_dcop_03/fpga_dcop_03.mtx,dasp_half,main_reduced_precision,half,ok,6,,,,0.1230,0.0070,0.0070,,1.6856,,,,,,,1.533
Sandia/fpga_dcop_03/fpga_dcop_03.mtx,packsell_pack16,structural_related,half,ok,6,1220,1220,5892,,0.004409,0.004409,,2.673,,,,,,0.000466391,4.169
Sandia/fpga_dcop_03/fpga_dcop_03.mtx,packsell_pack32,structural_related,float,ok,6,1220,1220,5892,,0.006462,0.006462,,1.82368,,,,,,1.21603e-07,2.356
Sandia/fpga_dcop_03/fpga_dcop_03.mtx,spaden_bitmap_float,structural_related,float,ok,6,1220,1220,5892,,0.0151,0.0151,,0.7821,124.04,88.0,,,,8.437036e-08,1.477
Sandia/fpga_dcop_04/fpga_dcop_04.mtx,cusparse_double,main,double,ok,6,1220,1220,5884,0.1300,0.0142,0.0142,0.0123,,,,,,,,1.414
Sandia/fpga_dcop_04/fpga_dcop_04.mtx,cusparse_float,main_float,float,ok,3,1220,1220,5700,0.1447,0.0087,0.0087,0.0078,,,,,,,,1.535
Sandia/fpga_dcop_04/fpga_dcop_04.mtx,dasp_double,main,double,ok,3,,,,0.0770,0.0061,0.0061,,1.9147,,,,,,,1.541
Sandia/fpga_dcop_04/fpga_dcop_04.mtx,dasp_half,main_reduced_precision,half,ok,3,,,,0.1080,0.0041,0.0041,,2.8667,,,,,,,1.329
Sandia/fpga_dcop_04/fpga_dcop_04.mtx,packsell_pack16,structural_related,half,ok,3,1220,1220,5884,,0.004391,0.004391,,2.68005,,,,,,0.000463451,3.599
Sandia/fpga_dcop_04/fpga_dcop_04.mtx,packsell_pack32,structural_related,float,ok,3,1220,1220,5884,,0.006439,0.006439,,1.82757,,,,,,1.28322e-07,1.854
Sandia/fpga_dcop_04/fpga_dcop_04.mtx,spaden_bitmap_float,structural_related,float,ok,3,1220,1220,5884,,0.0131,0.0131,,0.8975,9.75,88.0,,,,1.327013e-07,1.593
Sandia/fpga_dcop_05/fpga_dcop_05.mtx,cusparse_double,main,double,ok,1,1220,1220,5852,0.1354,0.0134,0.0134,0.0122,,,,,,,,0.400
Sandia/fpga_dcop_05/fpga_dcop_05.mtx,cusparse_float,main_float,float,ok,4,1220,1220,5692,0.1374,0.0089,0.0089,0.0078,,,,,,,,1.818
Sandia/fpga_dcop_05/fpga_dcop_05.mtx,dasp_double,main,double,ok,4,,,,0.0920,0.0099,0.0099,,1.1845,,,,,,,1.741
Sandia/fpga_dcop_05/fpga_dcop_05.mtx,dasp_half,main_reduced_precision,half,ok,4,,,,0.1030,0.0041,0.0041,,2.8519,,,,,,,1.719
Sandia/fpga_dcop_05/fpga_dcop_05.mtx,packsell_pack16,structural_related,half,ok,4,1220,1220,5852,,0.004401,0.004401,,2.65962,,,,,,0.000491077,2.109
Sandia/fpga_dcop_05/fpga_dcop_05.mtx,packsell_pack32,structural_related,float,ok,4,1220,1220,5852,,0.007375,0.007375,,1.587,,,,,,1.19529e-07,2.954
Sandia/fpga_dcop_05/fpga_dcop_05.mtx,spaden_bitmap_float,structural_related,float,ok,4,1220,1220,5852,,0.0152,0.0152,,0.7680,141.52,88.1,,,,1.041558e-07,1.766
Sandia/fpga_dcop_06/fpga_dcop_06.mtx,cusparse_double,main,double,ok,4,1220,1220,5860,0.1313,0.0142,0.0142,0.0123,,,,,,,,1.447
Sandia/fpga_dcop_06/fpga_dcop_06.mtx,cusparse_float,main_float,float,ok,5,1220,1220,5706,0.1289,0.0095,0.0095,0.0077,,,,,,,,1.735
Sandia/fpga_dcop_06/fpga_dcop_06.mtx,dasp_double,main,double,ok,5,,,,0.0890,0.0116,0.0116,,1.0129,,,,,,,1.609
Sandia/fpga_dcop_06/fpga_dcop_06.mtx,dasp_half,main_reduced_precision,half,ok,5,,,,0.1040,0.0041,0.0041,,2.8551,,,,,,,1.251
Sandia/fpga_dcop_06/fpga_dcop_06.mtx,packsell_pack16,structural_related,half,ok,5,1220,1220,5860,,0.004366,0.004366,,2.68458,,,,,,0.00048725,2.211
Sandia/fpga_dcop_06/fpga_dcop_06.mtx,packsell_pack32,structural_related,float,ok,5,1220,1220,5860,,0.105998,0.105998,,0.110568,,,,,,1.19593e-07,2.916
Sandia/fpga_dcop_06/fpga_dcop_06.mtx,spaden_bitmap_float,structural_related,float,ok,5,1220,1220,5860,,0.0132,0.0132,,0.8907,7.05,88.1,,,,6.645128e-08,1.033
Sandia/fpga_dcop_07/fpga_dcop_07.mtx,cusparse_double,main,double,ok,1,1220,1220,5855,0.1277,0.0135,0.0135,0.0123,,,,,,,,0.399
Sandia/fpga_dcop_07/fpga_dcop_07.mtx,cusparse_float,main_float,float,ok,2,1220,1220,5740,0.1370,0.0100,0.0100,0.0081,,,,,,,,1.899
Sandia/fpga_dcop_07/fpga_dcop_07.mtx,dasp_double,main,double,ok,2,,,,0.0870,0.0061,0.0061,,1.9053,,,,,,,1.313
Sandia/fpga_dcop_07/fpga_dcop_07.mtx,dasp_half,main_reduced_precision,half,ok,2,,,,0.1030,0.0041,0.0041,,2.8533,,,,,,,1.216
Sandia/fpga_dcop_07/fpga_dcop_07.mtx,packsell_pack16,structural_related,half,ok,2,1220,1220,5855,,0.004431,0.004431,,2.64264,,,,,,0.000487971,2.148
Sandia/fpga_dcop_07/fpga_dcop_07.mtx,packsell_pack32,structural_related,float,ok,2,1220,1220,5855,,0.006374,0.006374,,1.83711,,,,,,1.11686e-07,1.810
Sandia/fpga_dcop_07/fpga_dcop_07.mtx,spaden_bitmap_float,structural_related,float,ok,2,1220,1220,5855,,0.0151,0.0151,,0.7761,43.60,88.1,,,,5.437617e-07,1.694
Sandia/fpga_dcop_08/fpga_dcop_08.mtx,cusparse_double,main,double,ok,2,1220,1220,5888,0.1577,0.0141,0.0141,0.0123,,,,,,,,1.417
Sandia/fpga_dcop_08/fpga_dcop_08.mtx,cusparse_float,main_float,float,ok,4,1220,1220,5752,0.1336,0.0086,0.0086,0.0078,,,,,,,,1.651
Sandia/fpga_dcop_08/fpga_dcop_08.mtx,dasp_double,main,double,ok,4,,,,0.1100,0.0066,0.0066,,1.7786,,,,,,,1.774
Sandia/fpga_dcop_08/fpga_dcop_08.mtx,dasp_half,main_reduced_precision,half,ok,4,,,,0.1060,0.0041,0.0041,,2.8694,,,,,,,1.768
Sandia/fpga_dcop_08/fpga_dcop_08.mtx,packsell_pack16,structural_related,half,ok,4,1220,1220,5888,,0.004386,0.004386,,2.68517,,,,,,0.000475864,2.725
Sandia/fpga_dcop_08/fpga_dcop_08.mtx,packsell_pack32,structural_related,float,ok,4,1220,1220,5888,,0.007050,0.007050,,1.67028,,,,,,1.1151e-07,2.941
Sandia/fpga_dcop_08/fpga_dcop_08.mtx,spaden_bitmap_float,structural_related,float,ok,4,1220,1220,5888,,0.0152,0.0152,,0.7722,20.04,88.0,,,,6.843217e-08,1.490
Sandia/fpga_dcop_09/fpga_dcop_09.mtx,cusparse_double,main,double,ok,6,1220,1220,5888,0.1418,0.0141,0.0141,0.0123,,,,,,,,1.270
Sandia/fpga_dcop_09/fpga_dcop_09.mtx,cusparse_float,main_float,float,ok,2,1220,1220,5791,0.1311,0.0089,0.0089,0.0077,,,,,,,,1.613
Sandia/fpga_dcop_09/fpga_dcop_09.mtx,dasp_double,main,double,ok,2,,,,0.0910,0.0061,0.0061,,1.9154,,,,,,,1.703
Sandia/fpga_dcop_09/fpga_dcop_09.mtx,dasp_half,main_reduced_precision,half,ok,2,,,,0.0910,0.0041,0.0041,,2.8694,,,,,,,1.063
Sandia/fpga_dcop_09/fpga_dcop_09.mtx,packsell_pack16,structural_related,half,ok,2,1220,1220,5888,,0.004289,0.004289,,2.74541,,,,,,0.000433333,2.340
Sandia/fpga_dcop_09/fpga_dcop_09.mtx,packsell_pack32,structural_related,float,ok,2,1220,1220,5888,,0.006411,0.006411,,1.83675,,,,,,1.06234e-07,3.073
Sandia/fpga_dcop_09/fpga_dcop_09.mtx,spaden_bitmap_float,structural_related,float,ok,2,1220,1220,5888,,0.0153,0.0153,,0.7705,55.17,88.0,,,,1.102188e-07,1.274
Sandia/fpga_dcop_10/fpga_dcop_10.mtx,cusparse_double,main,double,ok,3,1220,1220,5884,0.1464,0.0139,0.0139,0.0123,,,,,,,,1.391
Sandia/fpga_dcop_10/fpga_dcop_10.mtx,cusparse_float,main_float,float,ok,3,1220,1220,5819,0.1342,0.0088,0.0088,0.0078,,,,,,,,1.568
Sandia/fpga_dcop_10/fpga_dcop_10.mtx,dasp_double,main,double,ok,3,,,,0.1100,0.0070,0.0070,,1.6867,,,,,,,1.271
Sandia/fpga_dcop_10/fpga_dcop_10.mtx,dasp_half,main_reduced_precision,half,ok,3,,,,0.1030,0.0048,0.0048,,2.4374,,,,,,,1.566
Sandia/fpga_dcop_10/fpga_dcop_10.mtx,packsell_pack16,structural_related,half,ok,3,1220,1220,5884,,0.004375,0.004375,,2.68995,,,,,,0.000448389,2.206
Sandia/fpga_dcop_10/fpga_dcop_10.mtx,packsell_pack32,structural_related,float,ok,3,1220,1220,5884,,0.006413,0.006413,,1.83511,,,,,,1.23025e-07,2.758
Sandia/fpga_dcop_10/fpga_dcop_10.mtx,spaden_bitmap_float,structural_related,float,ok,3,1220,1220,5884,,0.0133,0.0133,,0.8860,31.75,88.0,,,,5.065296e-08,1.704
Sandia/fpga_dcop_11/fpga_dcop_11.mtx,cusparse_double,main,double,ok,3,1220,1220,5892,0.1256,0.0137,0.0137,0.0123,,,,,,,,1.315
Sandia/fpga_dcop_11/fpga_dcop_11.mtx,cusparse_float,main_float,float,ok,2,1220,1220,5823,0.1315,0.0084,0.0084,0.0077,,,,,,,,1.864
Sandia/fpga_dcop_11/fpga_dcop_11.mtx,dasp_double,main,double,ok,2,,,,0.0810,0.0061,0.0061,,1.9167,,,,,,,1.768
Sandia/fpga_dcop_11/fpga_dcop_11.mtx,dasp_half,main_reduced_precision,half,ok,2,,,,0.0930,0.0041,0.0041,,2.8713,,,,,,,1.580
Sandia/fpga_dcop_11/fpga_dcop_11.mtx,packsell_pack16,structural_related,half,ok,2,1220,1220,5892,,0.004388,0.004388,,2.6854,,,,,,0.00043525,2.706
Sandia/fpga_dcop_11/fpga_dcop_11.mtx,packsell_pack32,structural_related,float,ok,2,1220,1220,5892,,0.006426,0.006426,,1.83373,,,,,,1.12104e-07,3.538
Sandia/fpga_dcop_11/fpga_dcop_11.mtx,spaden_bitmap_float,structural_related,float,ok,2,1220,1220,5892,,0.0145,0.0145,,0.8135,11.85,88.0,,,,4.178362e-08,1.725
Sandia/fpga_dcop_12/fpga_dcop_12.mtx,cusparse_double,main,double,ok,2,1220,1220,5892,0.1298,0.0138,0.0138,0.0123,,,,,,,,1.089
Sandia/fpga_dcop_12/fpga_dcop_12.mtx,cusparse_float,main_float,float,ok,5,1220,1220,5816,0.1355,0.0089,0.0089,0.0074,,,,,,,,1.742
Sandia/fpga_dcop_12/fpga_dcop_12.mtx,dasp_double,main,double,ok,5,,,,0.0760,0.0061,0.0061,,1.9173,,,,,,,1.525
Sandia/fpga_dcop_12/fpga_dcop_12.mtx,dasp_half,main_reduced_precision,half,ok,5,,,,0.0930,0.0055,0.0055,,2.1543,,,,,,,1.529
Sandia/fpga_dcop_12/fpga_dcop_12.mtx,packsell_pack16,structural_related,half,ok,5,1220,1220,5892,,0.004327,0.004327,,2.7232,,,,,,0.00044281,2.218
Sandia/fpga_dcop_12/fpga_dcop_12.mtx,packsell_pack32,structural_related,float,ok,5,1220,1220,5892,,0.006472,0.006472,,1.82067,,,,,,1.16546e-07,3.186
Sandia/fpga_dcop_12/fpga_dcop_12.mtx,spaden_bitmap_float,structural_related,float,ok,5,1220,1220,5892,,0.0132,0.0132,,0.8952,9.74,88.0,,,,5.537553e-08,1.337
Sandia/fpga_dcop_13/fpga_dcop_13.mtx,cusparse_double,main,double,ok,7,1220,1220,5892,0.1517,0.0170,0.0170,0.0143,,,,,,,,0.444
Sandia/fpga_dcop_13/fpga_dcop_13.mtx,cusparse_float,main_float,float,ok,3,1220,1220,5824,0.1421,0.0086,0.0086,0.0071,,,,,,,,1.448
Sandia/fpga_dcop_13/fpga_dcop_13.mtx,dasp_double,main,double,ok,3,,,,0.0920,0.0074,0.0074,,1.5884,,,,,,,1.334
Sandia/fpga_dcop_13/fpga_dcop_13.mtx,dasp_half,main_reduced_precision,half,ok,3,,,,0.1000,0.0041,0.0041,,2.8720,,,,,,,1.124
Sandia/fpga_dcop_13/fpga_dcop_13.mtx,packsell_pack16,structural_related,half,ok,3,1220,1220,5892,,0.004392,0.004392,,2.68337,,,,,,0.000434325,2.878
Sandia/fpga_dcop_13/fpga_dcop_13.mtx,packsell_pack32,structural_related,float,ok,3,1220,1220,5892,,0.006437,0.006437,,1.83075,,,,,,1.13755e-07,3.328
Sandia/fpga_dcop_13/fpga_dcop_13.mtx,spaden_bitmap_float,structural_related,float,ok,3,1220,1220,5892,,0.3465,0.3465,,0.0340,18.34,88.0,,,,3.935155e-08,1.578
Sandia/fpga_dcop_14/fpga_dcop_14.mtx,cusparse_double,main,double,ok,7,1220,1220,5892,0.1629,0.0170,0.0170,0.0143,,,,,,,,0.433
Sandia/fpga_dcop_14/fpga_dcop_14.mtx,cusparse_float,main_float,float,ok,4,1220,1220,5831,0.1273,0.0089,0.0089,0.0079,,,,,,,,1.585
Sandia/fpga_dcop_14/fpga_dcop_14.mtx,dasp_double,main,double,ok,4,,,,0.0780,0.0061,0.0061,,1.9170,,,,,,,1.510
Sandia/fpga_dcop_14/fpga_dcop_14.mtx,dasp_half,main_reduced_precision,half,ok,4,,,,0.1050,0.0041,0.0041,,2.8720,,,,,,,1.685
Sandia/fpga_dcop_14/fpga_dcop_14.mtx,packsell_pack16,structural_related,half,ok,4,1220,1220,5892,,0.004337,0.004337,,2.71709,,,,,,0.000434325,2.124
Sandia/fpga_dcop_14/fpga_dcop_14.mtx,packsell_pack32,structural_related,float,ok,4,1220,1220,5892,,0.007044,0.007044,,1.67302,,,,,,1.13704e-07,3.698
Sandia/fpga_dcop_14/fpga_dcop_14.mtx,spaden_bitmap_float,structural_related,float,ok,4,1220,1220,5892,,0.0152,0.0152,,0.7729,11.37,88.0,,,,4.418057e-08,1.455
Sandia/fpga_dcop_15/fpga_dcop_15.mtx,cusparse_double,main,double,ok,4,1220,1220,5892,0.1598,0.0137,0.0137,0.0123,,,,,,,,1.243
Sandia/fpga_dcop_15/fpga_dcop_15.mtx,cusparse_float,main_float,float,ok,7,1220,1220,5824,0.1340,0.0093,0.0093,0.0079,,,,,,,,1.379
Sandia/fpga_dcop_15/fpga_dcop_15.mtx,dasp_double,main,double,ok,7,,,,0.0890,0.0061,0.0061,,1.9167,,,,,,,1.528
Sandia/fpga_dcop_15/fpga_dcop_15.mtx,dasp_half,main_reduced_precision,half,ok,7,,,,0.1020,0.0041,0.0041,,2.8713,,,,,,,1.743
Sandia/fpga_dcop_15/fpga_dcop_15.mtx,packsell_pack16,structural_related,half,ok,7,1220,1220,5892,,0.004364,0.004364,,2.70017,,,,,,0.000434325,3.433
Sandia/fpga_dcop_15/fpga_dcop_15.mtx,packsell_pack32,structural_related,float,ok,7,1220,1220,5892,,0.008343,0.008343,,1.41243,,,,,,1.18692e-07,3.385
Sandia/fpga_dcop_15/fpga_dcop_15.mtx,spaden_bitmap_float,structural_related,float,ok,7,1220,1220,5892,,0.0152,0.0152,,0.7752,129.73,88.0,,,,4.174705e-08,1.573
Sandia/fpga_dcop_16/fpga_dcop_16.mtx,cusparse_double,main,double,ok,6,1220,1220,5892,0.1334,0.0139,0.0139,0.0123,,,,,,,,1.216
Sandia/fpga_dcop_16/fpga_dcop_16.mtx,cusparse_float,main_float,float,ok,6,1220,1220,5824,0.1305,0.0100,0.0100,0.0081,,,,,,,,1.725
Sandia/fpga_dcop_16/fpga_dcop_16.mtx,dasp_double,main,double,ok,6,,,,0.0980,0.0061,0.0061,,1.9167,,,,,,,1.422
Sandia/fpga_dcop_16/fpga_dcop_16.mtx,dasp_half,main_reduced_precision,half,ok,6,,,,0.1040,0.0041,0.0041,,2.8720,,,,,,,0.843
Sandia/fpga_dcop_16/fpga_dcop_16.mtx,packsell_pack16,structural_related,half,ok,6,1220,1220,5892,,0.004411,0.004411,,2.67124,,,,,,0.000434325,3.303
Sandia/fpga_dcop_16/fpga_dcop_16.mtx,packsell_pack32,structural_related,float,ok,6,1220,1220,5892,,0.006438,0.006438,,1.83032,,,,,,1.1317e-07,2.965
Sandia/fpga_dcop_16/fpga_dcop_16.mtx,spaden_bitmap_float,structural_related,float,ok,6,1220,1220,5892,,0.0153,0.0153,,0.7720,33.85,88.0,,,,3.893265e-08,1.821
Sandia/fpga_dcop_17/fpga_dcop_17.mtx,cusparse_double,main,double,ok,4,1220,1220,5892,0.1478,0.0139,0.0139,0.0123,,,,,,,,1.309
Sandia/fpga_dcop_17/fpga_dcop_17.mtx,cusparse_float,main_float,float,ok,2,1220,1220,5847,0.1303,0.0089,0.0089,0.0078,,,,,,,,1.667
Sandia/fpga_dcop_17/fpga_dcop_17.mtx,dasp_double,main,double,ok,2,,,,0.1000,0.0062,0.0062,,1.9065,,,,,,,1.395
Sandia/fpga_dcop_17/fpga_dcop_17.mtx,dasp_half,main_reduced_precision,half,ok,2,,,,0.0860,0.0041,0.0041,,2.8706,,,,,,,1.614
Sandia/fpga_dcop_17/fpga_dcop_17.mtx,packsell_pack16,structural_related,half,ok,2,1220,1220,5892,,0.004337,0.004337,,2.71704,,,,,,0.000434325,2.575
Sandia/fpga_dcop_17/fpga_dcop_17.mtx,packsell_pack32,structural_related,float,ok,2,1220,1220,5892,,0.006502,0.006502,,1.81226,,,,,,1.13111e-07,3.584
Sandia/fpga_dcop_17/fpga_dcop_17.mtx,spaden_bitmap_float,structural_related,float,ok,2,1220,1220,5892,,0.0148,0.0148,,0.7945,22.25,88.0,,,,3.188757e-08,1.694
Sandia/fpga_dcop_18/fpga_dcop_18.mtx,cusparse_double,main,double,ok,1,1220,1220,5892,0.1324,0.0154,0.0154,0.0123,,,,,,,,0.414
Sandia/fpga_dcop_18/fpga_dcop_18.mtx,cusparse_float,main_float,float,ok,7,1220,1220,5845,0.1322,0.0098,0.0098,0.0079,,,,,,,,1.843
Sandia/fpga_dcop_18/fpga_dcop_18.mtx,dasp_double,main,double,ok,7,,,,0.0810,0.0061,0.0061,,1.9164,,,,,,,1.490
Sandia/fpga_dcop_18/fpga_dcop_18.mtx,dasp_half,main_reduced_precision,half,ok,7,,,,0.1230,0.0041,0.0041,,2.8713,,,,,,,1.492
Sandia/fpga_dcop_18/fpga_dcop_18.mtx,packsell_pack16,structural_related,half,ok,7,1220,1220,5892,,0.004409,0.004409,,2.67292,,,,,,0.000434325,4.460
Sandia/fpga_dcop_18/fpga_dcop_18.mtx,packsell_pack32,structural_related,float,ok,7,1220,1220,5892,,0.006383,0.006383,,1.84621,,,,,,1.12026e-07,2.354
Sandia/fpga_dcop_18/fpga_dcop_18.mtx,spaden_bitmap_float,structural_related,float,ok,7,1220,1220,5892,,0.0152,0.0152,,0.7732,30.55,88.0,,,,3.874399e-08,1.704
Sandia/fpga_dcop_19/fpga_dcop_19.mtx,cusparse_double,main,double,ok,4,1220,1220,5892,0.1374,0.0141,0.0141,0.0123,,,,,,,,1.442
Sandia/fpga_dcop_19/fpga_dcop_19.mtx,cusparse_float,main_float,float,ok,2,1220,1220,5852,0.1258,0.0092,0.0092,0.0078,,,,,,,,1.668
Sandia/fpga_dcop_19/fpga_dcop_19.mtx,dasp_double,main,double,ok,2,,,,0.0980,0.0062,0.0062,,1.9161,,,,,,,1.543
Sandia/fpga_dcop_19/fpga_dcop_19.mtx,dasp_half,main_reduced_precision,half,ok,2,,,,0.0990,0.0041,0.0041,,2.8699,,,,,,,1.834
Sandia/fpga_dcop_19/fpga_dcop_19.mtx,packsell_pack16,structural_related,half,ok,2,1220,1220,5892,,0.004319,0.004319,,2.72854,,,,,,0.000434325,2.801
Sandia/fpga_dcop_19/fpga_dcop_19.mtx,packsell_pack32,structural_related,float,ok,2,1220,1220,5892,,0.006401,0.006401,,1.84088,,,,,,1.13181e-07,2.848
Sandia/fpga_dcop_19/fpga_dcop_19.mtx,spaden_bitmap_float,structural_related,float,ok,2,1220,1220,5892,,0.0145,0.0145,,0.8130,10.40,88.0,,,,4.549594e-08,1.276
Sandia/fpga_dcop_20/fpga_dcop_20.mtx,cusparse_double,main,double,ok,2,1220,1220,5892,0.1257,0.0138,0.0138,0.0123,,,,,,,,1.316
Sandia/fpga_dcop_20/fpga_dcop_20.mtx,cusparse_float,main_float,float,ok,3,1220,1220,5844,0.1352,0.0085,0.0085,0.0077,,,,,,,,2.028
Sandia/fpga_dcop_20/fpga_dcop_20.mtx,dasp_double,main,double,ok,3,,,,0.1020,0.0061,0.0061,,1.9173,,,,,,,1.797
Sandia/fpga_dcop_20/fpga_dcop_20.mtx,dasp_half,main_reduced_precision,half,ok,3,,,,0.1080,0.0126,0.0126,,0.9361,,,,,,,1.352
Sandia/fpga_dcop_20/fpga_dcop_20.mtx,packsell_pack16,structural_related,half,ok,3,1220,1220,5892,,0.004643,0.004643,,2.53807,,,,,,0.000434325,3.099
Sandia/fpga_dcop_20/fpga_dcop_20.mtx,packsell_pack32,structural_related,float,ok,3,1220,1220,5892,,0.006441,0.006441,,1.82945,,,,,,1.12026e-07,2.372
Sandia/fpga_dcop_20/fpga_dcop_20.mtx,spaden_bitmap_float,structural_related,float,ok,3,1220,1220,5892,,0.0152,0.0152,,0.7771,12.50,88.0,,,,2.844404e-08,1.500
Sandia/fpga_dcop_21/fpga_dcop_21.mtx,cusparse_double,main,double,ok,6,1220,1220,5892,0.1248,0.0143,0.0143,0.0123,,,,,,,,1.453
Sandia/fpga_dcop_21/fpga_dcop_21.mtx,cusparse_float,main_float,float,ok,6,1220,1220,5835,0.1295,0.0098,0.0098,0.0079,,,,,,,,1.434
Sandia/fpga_dcop_21/fpga_dcop_21.mtx,dasp_double,main,double,ok,6,,,,0.0910,0.0069,0.0069,,1.7026,,,,,,,1.495
Sandia/fpga_dcop_21/fpga_dcop_21.mtx,dasp_half,main_reduced_precision,half,ok,6,,,,0.1310,0.0041,0.0041,,2.8713,,,,,,,1.556
Sandia/fpga_dcop_21/fpga_dcop_21.mtx,packsell_pack16,structural_related,half,ok,6,1220,1220,5892,,0.004381,0.004381,,2.68969,,,,,,0.000439761,2.935
Sandia/fpga_dcop_21/fpga_dcop_21.mtx,packsell_pack32,structural_related,float,ok,6,1220,1220,5892,,0.006489,0.006489,,1.81597,,,,,,1.12024e-07,2.390
Sandia/fpga_dcop_21/fpga_dcop_21.mtx,spaden_bitmap_float,structural_related,float,ok,6,1220,1220,5892,,0.0152,0.0152,,0.7729,45.69,88.0,,,,4.079797e-08,2.012
Sandia/fpga_dcop_22/fpga_dcop_22.mtx,cusparse_double,main,double,ok,5,1220,1220,5892,0.1320,0.0135,0.0135,0.0123,,,,,,,,1.333
Sandia/fpga_dcop_22/fpga_dcop_22.mtx,cusparse_float,main_float,float,ok,3,1220,1220,5827,0.1350,0.0085,0.0085,0.0068,,,,,,,,1.770
Sandia/fpga_dcop_22/fpga_dcop_22.mtx,dasp_double,main,double,ok,3,,,,0.0890,0.0061,0.0061,,1.9173,,,,,,,1.393
Sandia/fpga_dcop_22/fpga_dcop_22.mtx,dasp_half,main_reduced_precision,half,ok,3,,,,0.1070,0.0041,0.0041,,2.8706,,,,,,,1.605
Sandia/fpga_dcop_22/fpga_dcop_22.mtx,packsell_pack16,structural_related,half,ok,3,1220,1220,5892,,0.004351,0.004351,,2.70828,,,,,,0.000434325,2.369
Sandia/fpga_dcop_22/fpga_dcop_22.mtx,packsell_pack32,structural_related,float,ok,3,1220,1220,5892,,0.006482,0.006482,,1.81799,,,,,,1.12026e-07,1.882
Sandia/fpga_dcop_22/fpga_dcop_22.mtx,spaden_bitmap_float,structural_related,float,ok,3,1220,1220,5892,,0.0146,0.0146,,0.8092,67.34,88.0,,,,3.147272e-08,1.799
Sandia/fpga_dcop_23/fpga_dcop_23.mtx,cusparse_double,main,double,ok,7,1220,1220,5892,0.1454,0.0171,0.0171,0.0143,,,,,,,,0.434
Sandia/fpga_dcop_23/fpga_dcop_23.mtx,cusparse_float,main_float,float,ok,5,1220,1220,5832,0.1331,0.0087,0.0087,0.0077,,,,,,,,1.723
Sandia/fpga_dcop_23/fpga_dcop_23.mtx,dasp_double,main,double,ok,5,,,,0.0810,0.0102,0.0102,,1.1572,,,,,,,1.880
Sandia/fpga_dcop_23/fpga_dcop_23.mtx,dasp_half,main_reduced_precision,half,ok,5,,,,0.1020,0.0041,0.0041,,2.8713,,,,,,,1.268
Sandia/fpga_dcop_23/fpga_dcop_23.mtx,packsell_pack16,structural_related,half,ok,5,1220,1220,5892,,0.004345,0.004345,,2.71194,,,,,,0.000434325,3.905
Sandia/fpga_dcop_23/fpga_dcop_23.mtx,packsell_pack32,structural_related,float,ok,5,1220,1220,5892,,0.006442,0.006442,,1.82933,,,,,,1.12026e-07,1.642
Sandia/fpga_dcop_23/fpga_dcop_23.mtx,spaden_bitmap_float,structural_related,float,ok,5,1220,1220,5892,,0.0136,0.0136,,0.8686,7.00,88.0,,,,2.783537e-08,1.506
Sandia/fpga_dcop_24/fpga_dcop_24.mtx,cusparse_double,main,double,ok,3,1220,1220,5892,0.2392,0.0139,0.0139,0.0123,,,,,,,,1.289
Sandia/fpga_dcop_24/fpga_dcop_24.mtx,cusparse_float,main_float,float,ok,4,1220,1220,5830,0.3022,0.0090,0.0090,0.0074,,,,,,,,1.577
Sandia/fpga_dcop_24/fpga_dcop_24.mtx,dasp_double,main,double,ok,4,,,,0.0950,0.0061,0.0061,,1.9167,,,,,,,1.780
Sandia/fpga_dcop_24/fpga_dcop_24.mtx,dasp_half,main_reduced_precision,half,ok,4,,,,0.0930,0.0041,0.0041,,2.8713,,,,,,,1.557
Sandia/fpga_dcop_24/fpga_dcop_24.mtx,packsell_pack16,structural_related,half,ok,4,1220,1220,5892,,0.004468,0.004468,,2.63758,,,,,,0.000434325,3.391
Sandia/fpga_dcop_24/fpga_dcop_24.mtx,packsell_pack32,structural_related,float,ok,4,1220,1220,5892,,0.007519,0.007519,,1.56723,,,,,,1.12025e-07,3.888
Sandia/fpga_dcop_24/fpga_dcop_24.mtx,spaden_bitmap_float,structural_related,float,ok,4,1220,1220,5892,,0.0151,0.0151,,0.7811,30.59,88.0,,,,2.769373e-08,2.010
Sandia/fpga_dcop_25/fpga_dcop_25.mtx,cusparse_double,main,double,ok,6,1220,1220,5892,0.1316,0.0143,0.0143,0.0123,,,,,,,,1.343
Sandia/fpga_dcop_25/fpga_dcop_25.mtx,cusparse_float,main_float,float,ok,4,1220,1220,5830,0.1320,0.0092,0.0092,0.0078,,,,,,,,1.904
Sandia/fpga_dcop_25/fpga_dcop_25.mtx,dasp_double,main,double,ok,4,,,,0.0760,0.0061,0.0061,,1.9173,,,,,,,1.413
Sandia/fpga_dcop_25/fpga_dcop_25.mtx,dasp_half,main_reduced_precision,half,ok,4,,,,0.1060,0.0091,0.0091,,1.2947,,,,,,,1.828
Sandia/fpga_dcop_25/fpga_dcop_25.mtx,packsell_pack16,structural_related,half,ok,4,1220,1220,5892,,0.004411,0.004411,,2.67152,,,,,,0.000434325,2.656
Sandia/fpga_dcop_25/fpga_dcop_25.mtx,packsell_pack32,structural_related,float,ok,4,1220,1220,5892,,0.007693,0.007693,,1.53182,,,,,,1.12008e-07,4.619
Sandia/fpga_dcop_25/fpga_dcop_25.mtx,spaden_bitmap_float,structural_related,float,ok,4,1220,1220,5892,,0.0156,0.0156,,0.7565,36.42,88.0,,,,2.661214e-08,2.153
Sandia/fpga_dcop_26/fpga_dcop_26.mtx,cusparse_double,main,double,ok,3,1220,1220,5892,0.1389,0.0137,0.0137,0.0123,,,,,,,,1.299
Sandia/fpga_dcop_26/fpga_dcop_26.mtx,cusparse_float,main_float,float,ok,5,1220,1220,5824,0.1300,0.0085,0.0085,0.0072,,,,,,,,1.603
Sandia/fpga_dcop_26/fpga_dcop_26.mtx,dasp_double,main,double,ok,5,,,,0.0810,0.0061,0.0061,,1.9177,,,,,,,1.895
Sandia/fpga_dcop_26/fpga_dcop_26.mtx,dasp_half,main_reduced_precision,half,ok,5,,,,0.0940,0.0041,0.0041,,2.8727,,,,,,,1.230
Sandia/fpga_dcop_26/fpga_dcop_26.mtx,packsell_pack16,structural_related,half,ok,5,1220,1220,5892,,0.004458,0.004458,,2.64361,,,,,,0.000434325,3.574
Sandia/fpga_dcop_26/fpga_dcop_26.mtx,packsell_pack32,structural_related,float,ok,5,1220,1220,5892,,0.006413,0.006413,,1.83757,,,,,,1.11031e-07,2.582
Sandia/fpga_dcop_26/fpga_dcop_26.mtx,spaden_bitmap_float,structural_related,float,ok,5,1220,1220,5892,,0.0130,0.0130,,0.9072,11.46,88.0,,,,2.694949e-08,1.484
Sandia/fpga_dcop_27/fpga_dcop_27.mtx,cusparse_double,main,double,ok,5,1220,1220,5892,0.1321,0.0137,0.0137,0.0123,,,,,,,,1.145
Sandia/fpga_dcop_27/fpga_dcop_27.mtx,cusparse_float,main_float,float,ok,7,1220,1220,5827,0.1413,0.0097,0.0097,0.0078,,,,,,,,1.679
Sandia/fpga_dcop_27/fpga_dcop_27.mtx,dasp_double,main,double,ok,7,,,,0.0930,0.0061,0.0061,,1.9167,,,,,,,1.195
Sandia/fpga_dcop_27/fpga_dcop_27.mtx,dasp_half,main_reduced_precision,half,ok,7,,,,0.1080,0.0094,0.0094,,1.2550,,,,,,,1.405
Sandia/fpga_dcop_27/fpga_dcop_27.mtx,packsell_pack16,structural_related,half,ok,7,1220,1220,5892,,0.004372,0.004372,,2.69509,,,,,,0.000434325,2.789
Sandia/fpga_dcop_27/fpga_dcop_27.mtx,packsell_pack32,structural_related,float,ok,7,1220,1220,5892,,0.006441,0.006441,,1.82946,,,,,,1.11031e-07,2.158
Sandia/fpga_dcop_27/fpga_dcop_27.mtx,spaden_bitmap_float,structural_related,float,ok,7,1220,1220,5892,,0.0155,0.0155,,0.7599,34.75,88.0,,,,2.792044e-08,1.856
Sandia/fpga_dcop_28/fpga_dcop_28.mtx,cusparse_double,main,double,ok,1,1220,1220,5892,0.1463,0.0136,0.0136,0.0120,,,,,,,,0.410
Sandia/fpga_dcop_28/fpga_dcop_28.mtx,cusparse_float,main_float,float,ok,6,1220,1220,5828,0.1295,0.0091,0.0091,0.0079,,,,,,,,1.736
Sandia/fpga_dcop_28/fpga_dcop_28.mtx,dasp_double,main,double,ok,6,,,,0.0920,0.0061,0.0061,,1.9167,,,,,,,1.653
Sandia/fpga_dcop_28/fpga_dcop_28.mtx,dasp_half,main_reduced_precision,half,ok,6,,,,0.0930,0.0041,0.0041,,2.8720,,,,,,,1.540
Sandia/fpga_dcop_28/fpga_dcop_28.mtx,packsell_pack16,structural_related,half,ok,6,1220,1220,5892,,0.004354,0.004354,,2.70656,,,,,,0.000434325,2.312
Sandia/fpga_dcop_28/fpga_dcop_28.mtx,packsell_pack32,structural_related,float,ok,6,1220,1220,5892,,0.006451,0.006451,,1.8268,,,,,,1.11031e-07,2.056
Sandia/fpga_dcop_28/fpga_dcop_28.mtx,spaden_bitmap_float,structural_related,float,ok,6,1220,1220,5892,,0.0153,0.0153,,0.7715,11.43,88.0,,,,2.686268e-08,1.632
Sandia/fpga_dcop_29/fpga_dcop_29.mtx,cusparse_double,main,double,ok,5,1220,1220,5892,0.1312,0.0138,0.0138,0.0117,,,,,,,,1.191
Sandia/fpga_dcop_29/fpga_dcop_29.mtx,cusparse_float,main_float,float,ok,6,1220,1220,5828,0.1734,0.0099,0.0099,0.0081,,,,,,,,1.674
Sandia/fpga_dcop_29/fpga_dcop_29.mtx,dasp_double,main,double,ok,6,,,,0.1070,0.0062,0.0062,,1.9155,,,,,,,2.063
Sandia/fpga_dcop_29/fpga_dcop_29.mtx,dasp_half,main_reduced_precision,half,ok,6,,,,0.0880,0.0041,0.0041,,2.8713,,,,,,,1.416
Sandia/fpga_dcop_29/fpga_dcop_29.mtx,packsell_pack16,structural_related,half,ok,6,1220,1220,5892,,0.005974,0.005974,,1.97264,,,,,,0.000434325,2.340
Sandia/fpga_dcop_29/fpga_dcop_29.mtx,packsell_pack32,structural_related,float,ok,6,1220,1220,5892,,0.006455,0.006455,,1.82561,,,,,,1.11031e-07,3.227
Sandia/fpga_dcop_29/fpga_dcop_29.mtx,spaden_bitmap_float,structural_related,float,ok,6,1220,1220,5892,,0.0150,0.0150,,0.7843,15.90,88.0,,,,2.677135e-08,1.572
Sandia/fpga_dcop_30/fpga_dcop_30.mtx,cusparse_double,main,double,ok,7,1220,1220,5892,0.1530,0.0171,0.0171,0.0143,,,,,,,,0.716
Sandia/fpga_dcop_30/fpga_dcop_30.mtx,cusparse_float,main_float,float,ok,6,1220,1220,5828,0.2976,0.0090,0.0090,0.0076,,,,,,,,1.877
Sandia/fpga_dcop_30/fpga_dcop_30.mtx,dasp_double,main,double,ok,6,,,,0.1010,0.0062,0.0062,,1.9161,,,,,,,1.563
Sandia/fpga_dcop_30/fpga_dcop_30.mtx,dasp_half,main_reduced_precision,half,ok,6,,,,0.1080,0.0041,0.0041,,2.8713,,,,,,,1.414
Sandia/fpga_dcop_30/fpga_dcop_30.mtx,packsell_pack16,structural_related,half,ok,6,1220,1220,5892,,0.004332,0.004332,,2.72049,,,,,,0.000434325,3.633
Sandia/fpga_dcop_30/fpga_dcop_30.mtx,packsell_pack32,structural_related,float,ok,6,1220,1220,5892,,0.006462,0.006462,,1.82345,,,,,,1.11031e-07,3.742
Sandia/fpga_dcop_30/fpga_dcop_30.mtx,spaden_bitmap_float,structural_related,float,ok,6,1220,1220,5892,,0.0152,0.0152,,0.7740,23.86,88.0,,,,2.686009e-08,1.858
Sandia/fpga_dcop_31/fpga_dcop_31.mtx,cusparse_double,main,double,ok,4,1220,1220,5892,0.1451,0.0139,0.0139,0.0123,,,,,,,,1.356
Sandia/fpga_dcop_31/fpga_dcop_31.mtx,cusparse_float,main_float,float,ok,4,1220,1220,5828,0.1264,0.0093,0.0093,0.0077,,,,,,,,1.788
Sandia/fpga_dcop_31/fpga_dcop_31.mtx,dasp_double,main,double,ok,4,,,,0.0740,0.0061,0.0061,,1.9167,,,,,,,1.536
Sandia/fpga_dcop_31/fpga_dcop_31.mtx,dasp_half,main_reduced_precision,half,ok,4,,,,0.0910,0.0041,0.0041,,2.8713,,,,,,,1.839
Sandia/fpga_dcop_31/fpga_dcop_31.mtx,packsell_pack16,structural_related,half,ok,4,1220,1220,5892,,0.004367,0.004367,,2.69819,,,,,,0.000434325,4.298
Sandia/fpga_dcop_31/fpga_dcop_31.mtx,packsell_pack32,structural_related,float,ok,4,1220,1220,5892,,0.007751,0.007751,,1.52027,,,,,,1.11942e-07,2.457
Sandia/fpga_dcop_31/fpga_dcop_31.mtx,spaden_bitmap_float,structural_related,float,ok,4,1220,1220,5892,,0.0151,0.0151,,0.7812,7.31,88.0,,,,2.824584e-08,1.277
Sandia/fpga_dcop_32/fpga_dcop_32.mtx,cusparse_double,main,double,ok,3,1220,1220,5892,0.1256,0.0137,0.0137,0.0123,,,,,,,,1.264
Sandia/fpga_dcop_32/fpga_dcop_32.mtx,cusparse_float,main_float,float,ok,7,1220,1220,5828,0.1275,0.0096,0.0096,0.0080,,,,,,,,1.757
Sandia/fpga_dcop_32/fpga_dcop_32.mtx,dasp_double,main,double,ok,7,,,,0.0800,0.0061,0.0061,,1.9164,,,,,,,1.411
Sandia/fpga_dcop_32/fpga_dcop_32.mtx,dasp_half,main_reduced_precision,half,ok,7,,,,0.0860,0.0041,0.0041,,2.8706,,,,,,,1.730
Sandia/fpga_dcop_32/fpga_dcop_32.mtx,packsell_pack16,structural_related,half,ok,7,1220,1220,5892,,0.004392,0.004392,,2.68328,,,,,,0.000434325,2.494
Sandia/fpga_dcop_32/fpga_dcop_32.mtx,packsell_pack32,structural_related,float,ok,7,1220,1220,5892,,0.006464,0.006464,,1.82294,,,,,,1.12e-07,3.610
Sandia/fpga_dcop_32/fpga_dcop_32.mtx,spaden_bitmap_float,structural_related,float,ok,7,1220,1220,5892,,0.0153,0.0153,,0.7710,45.00,88.0,,,,2.621838e-08,1.730
Sandia/fpga_dcop_33/fpga_dcop_33.mtx,cusparse_double,main,double,ok,5,1220,1220,5892,0.1296,0.0139,0.0139,0.0123,,,,,,,,1.305
Sandia/fpga_dcop_33/fpga_dcop_33.mtx,cusparse_float,main_float,float,ok,5,1220,1220,5828,0.1397,0.0095,0.0095,0.0079,,,,,,,,1.662
Sandia/fpga_dcop_33/fpga_dcop_33.mtx,dasp_double,main,double,ok,5,,,,0.0910,0.0104,0.0104,,1.1377,,,,,,,0.796
Sandia/fpga_dcop_33/fpga_dcop_33.mtx,dasp_half,main_reduced_precision,half,ok,5,,,,0.1080,0.0041,0.0041,,2.8713,,,,,,,1.529
Sandia/fpga_dcop_33/fpga_dcop_33.mtx,packsell_pack16,structural_related,half,ok,5,1220,1220,5892,,0.004373,0.004373,,2.69488,,,,,,0.000434325,2.594
Sandia/fpga_dcop_33/fpga_dcop_33.mtx,packsell_pack32,structural_related,float,ok,5,1220,1220,5892,,0.006378,0.006378,,1.84758,,,,,,1.12018e-07,2.608
Sandia/fpga_dcop_33/fpga_dcop_33.mtx,spaden_bitmap_float,structural_related,float,ok,5,1220,1220,5892,,0.0132,0.0132,,0.8959,18.04,88.0,,,,2.626665e-08,1.223
Sandia/fpga_dcop_34/fpga_dcop_34.mtx,cusparse_double,main,double,ok,7,1220,1220,5892,0.1478,0.0169,0.0169,0.0143,,,,,,,,0.433
Sandia/fpga_dcop_34/fpga_dcop_34.mtx,cusparse_float,main_float,float,ok,2,1220,1220,5828,0.1325,0.0091,0.0091,0.0073,,,,,,,,1.805
Sandia/fpga_dcop_34/fpga_dcop_34.mtx,dasp_double,main,double,ok,2,,,,0.0820,0.0075,0.0075,,1.5767,,,,,,,1.552
Sandia/fpga_dcop_34/fpga_dcop_34.mtx,dasp_half,main_reduced_precision,half,ok,2,,,,0.0940,0.0041,0.0041,,2.8699,,,,,,,1.945
Sandia/fpga_dcop_34/fpga_dcop_34.mtx,packsell_pack16,structural_related,half,ok,2,1220,1220,5892,,0.004385,0.004385,,2.68751,,,,,,0.000434325,3.304
Sandia/fpga_dcop_34/fpga_dcop_34.mtx,packsell_pack32,structural_related,float,ok,2,1220,1220,5892,,0.006429,0.006429,,1.83304,,,,,,1.12024e-07,2.924
Sandia/fpga_dcop_34/fpga_dcop_34.mtx,spaden_bitmap_float,structural_related,float,ok,2,1220,1220,5892,,0.0144,0.0144,,0.8205,32.38,88.0,,,,2.626440e-08,1.591
Sandia/fpga_dcop_35/fpga_dcop_35.mtx,cusparse_double,main,double,ok,1,1220,1220,5892,0.1253,0.0133,0.0133,0.0121,,,,,,,,0.392
Sandia/fpga_dcop_35/fpga_dcop_35.mtx,cusparse_float,main_float,float,ok,2,1220,1220,5828,0.1316,0.0100,0.0100,0.0080,,,,,,,,1.466
Sandia/fpga_dcop_35/fpga_dcop_35.mtx,dasp_double,main,double,ok,2,,,,0.1280,0.0062,0.0062,,1.9155,,,,,,,1.850
Sandia/fpga_dcop_35/fpga_dcop_35.mtx,dasp_half,main_reduced_precision,half,ok,2,,,,0.1160,0.0061,0.0061,,1.9331,,,,,,,2.045
Sandia/fpga_dcop_35/fpga_dcop_35.mtx,packsell_pack16,structural_related,half,ok,2,1220,1220,5892,,0.004419,0.004419,,2.66636,,,,,,0.000434325,3.912
Sandia/fpga_dcop_35/fpga_dcop_35.mtx,packsell_pack32,structural_related,float,ok,2,1220,1220,5892,,0.006431,0.006431,,1.83239,,,,,,1.12025e-07,2.666
Sandia/fpga_dcop_35/fpga_dcop_35.mtx,spaden_bitmap_float,structural_related,float,ok,2,1220,1220,5892,,0.0145,0.0145,,0.8114,76.39,88.0,,,,2.620583e-08,1.565
Sandia/fpga_dcop_36/fpga_dcop_36.mtx,cusparse_double,main,double,ok,3,1220,1220,5892,0.1540,0.0137,0.0137,0.0123,,,,,,,,1.363
Sandia/fpga_dcop_36/fpga_dcop_36.mtx,cusparse_float,main_float,float,ok,2,1220,1220,5828,0.1291,0.0095,0.0095,0.0078,,,,,,,,1.662
Sandia/fpga_dcop_36/fpga_dcop_36.mtx,dasp_double,main,double,ok,2,,,,0.1010,0.0061,0.0061,,1.9170,,,,,,,1.471
Sandia/fpga_dcop_36/fpga_dcop_36.mtx,dasp_half,main_reduced_precision,half,ok,2,,,,0.0920,0.0041,0.0041,,2.8713,,,,,,,1.685
Sandia/fpga_dcop_36/fpga_dcop_36.mtx,packsell_pack16,structural_related,half,ok,2,1220,1220,5892,,0.004335,0.004335,,2.71853,,,,,,0.000434325,4.059
Sandia/fpga_dcop_36/fpga_dcop_36.mtx,packsell_pack32,structural_related,float,ok,2,1220,1220,5892,,0.006542,0.006542,,1.80121,,,,,,1.12025e-07,2.465
Sandia/fpga_dcop_36/fpga_dcop_36.mtx,spaden_bitmap_float,structural_related,float,ok,2,1220,1220,5892,,0.0143,0.0143,,0.8214,112.68,88.0,,,,2.623967e-08,1.565
Sandia/fpga_dcop_37/fpga_dcop_37.mtx,cusparse_double,main,double,ok,6,1220,1220,5892,0.1351,0.0165,0.0165,0.0143,,,,,,,,1.367
Sandia/fpga_dcop_37/fpga_dcop_37.mtx,cusparse_float,main_float,float,ok,3,1220,1220,5828,0.1358,0.0086,0.0086,0.0073,,,,,,,,1.754
Sandia/fpga_dcop_37/fpga_dcop_37.mtx,dasp_double,main,double,ok,3,,,,0.0840,0.0064,0.0064,,1.8344,,,,,,,1.675
Sandia/fpga_dcop_37/fpga_dcop_37.mtx,dasp_half,main_reduced_precision,half,ok,3,,,,0.0880,0.0041,0.0041,,2.8720,,,,,,,1.309
Sandia/fpga_dcop_37/fpga_dcop_37.mtx,packsell_pack16,structural_related,half,ok,3,1220,1220,5892,,0.004386,0.004386,,2.68696,,,,,,0.000434325,2.708
Sandia/fpga_dcop_37/fpga_dcop_37.mtx,packsell_pack32,structural_related,float,ok,3,1220,1220,5892,,0.006407,0.006407,,1.83919,,,,,,1.12026e-07,2.222
Sandia/fpga_dcop_37/fpga_dcop_37.mtx,spaden_bitmap_float,structural_related,float,ok,3,1220,1220,5892,,0.0150,0.0150,,0.7866,22.89,88.0,,,,2.625830e-08,1.377
Sandia/fpga_dcop_38/fpga_dcop_38.mtx,cusparse_double,main,double,ok,6,1220,1220,5892,0.1362,0.0141,0.0141,0.0123,,,,,,,,1.347
Sandia/fpga_dcop_38/fpga_dcop_38.mtx,cusparse_float,main_float,float,ok,5,1220,1220,5828,0.1321,0.0085,0.0085,0.0067,,,,,,,,1.782
Sandia/fpga_dcop_38/fpga_dcop_38.mtx,dasp_double,main,double,ok,5,,,,0.0810,0.0061,0.0061,,1.9177,,,,,,,1.699
Sandia/fpga_dcop_38/fpga_dcop_38.mtx,dasp_half,main_reduced_precision,half,ok,5,,,,0.0990,0.0070,0.0070,,1.6777,,,,,,,1.676
Sandia/fpga_dcop_38/fpga_dcop_38.mtx,packsell_pack16,structural_related,half,ok,5,1220,1220,5892,,0.004342,0.004342,,2.71389,,,,,,0.000434325,3.740
Sandia/fpga_dcop_38/fpga_dcop_38.mtx,packsell_pack32,structural_related,float,ok,5,1220,1220,5892,,0.006407,0.006407,,1.83918,,,,,,1.12026e-07,2.892
Sandia/fpga_dcop_38/fpga_dcop_38.mtx,spaden_bitmap_float,structural_related,float,ok,5,1220,1220,5892,,0.0132,0.0132,,0.8898,12.73,88.0,,,,2.620077e-08,1.443
Sandia/fpga_dcop_39/fpga_dcop_39.mtx,cusparse_double,main,double,ok,6,1220,1220,5892,0.1356,0.0143,0.0143,0.0123,,,,,,,,1.399
Sandia/fpga_dcop_39/fpga_dcop_39.mtx,cusparse_float,main_float,float,ok,2,1220,1220,5828,0.1324,0.0093,0.0093,0.0076,,,,,,,,1.675
Sandia/fpga_dcop_39/fpga_dcop_39.mtx,dasp_double,main,double,ok,2,,,,0.0760,0.0061,0.0061,,1.9177,,,,,,,1.402
Sandia/fpga_dcop_39/fpga_dcop_39.mtx,dasp_half,main_reduced_precision,half,ok,2,,,,0.0900,0.0041,0.0041,,2.8713,,,,,,,1.194
Sandia/fpga_dcop_39/fpga_dcop_39.mtx,packsell_pack16,structural_related,half,ok,2,1220,1220,5892,,0.004391,0.004391,,2.68355,,,,,,0.000434325,3.385
Sandia/fpga_dcop_39/fpga_dcop_39.mtx,packsell_pack32,structural_related,float,ok,2,1220,1220,5892,,0.006457,0.006457,,1.82501,,,,,,1.12026e-07,2.919
Sandia/fpga_dcop_39/fpga_dcop_39.mtx,spaden_bitmap_float,structural_related,float,ok,2,1220,1220,5892,,0.0143,0.0143,,0.8265,10.10,88.0,,,,2.621866e-08,1.749
Sandia/fpga_dcop_40/fpga_dcop_40.mtx,cusparse_double,main,double,ok,4,1220,1220,5892,0.1372,0.0139,0.0139,0.0123,,,,,,,,1.391
Sandia/fpga_dcop_40/fpga_dcop_40.mtx,cusparse_float,main_float,float,ok,7,1220,1220,5828,0.1367,0.0096,0.0096,0.0080,,,,,,,,1.793
Sandia/fpga_dcop_40/fpga_dcop_40.mtx,dasp_double,main,double,ok,7,,,,0.1020,0.0067,0.0067,,1.7507,,,,,,,1.508
Sandia/fpga_dcop_40/fpga_dcop_40.mtx,dasp_half,main_reduced_precision,half,ok,7,,,,0.0940,0.0041,0.0041,,2.8720,,,,,,,0.889
Sandia/fpga_dcop_40/fpga_dcop_40.mtx,packsell_pack16,structural_related,half,ok,7,1220,1220,5892,,0.004327,0.004327,,2.72313,,,,,,0.000434325,2.749
Sandia/fpga_dcop_40/fpga_dcop_40.mtx,packsell_pack32,structural_related,float,ok,7,1220,1220,5892,,0.006439,0.006439,,1.83015,,,,,,1.12026e-07,3.278
Sandia/fpga_dcop_40/fpga_dcop_40.mtx,spaden_bitmap_float,structural_related,float,ok,7,1220,1220,5892,,0.0151,0.0151,,0.7817,19.34,88.0,,,,2.617781e-08,1.426
Sandia/fpga_dcop_41/fpga_dcop_41.mtx,cusparse_double,main,double,ok,2,1220,1220,5892,0.1326,0.0140,0.0140,0.0123,,,,,,,,1.324
Sandia/fpga_dcop_41/fpga_dcop_41.mtx,cusparse_float,main_float,float,ok,3,1220,1220,5828,0.1413,0.0091,0.0091,0.0070,,,,,,,,1.453
Sandia/fpga_dcop_41/fpga_dcop_41.mtx,dasp_double,main,double,ok,3,,,,0.0750,0.0061,0.0061,,1.9173,,,,,,,1.335
Sandia/fpga_dcop_41/fpga_dcop_41.mtx,dasp_half,main_reduced_precision,half,ok,3,,,,0.1170,0.0041,0.0041,,2.8706,,,,,,,1.649
Sandia/fpga_dcop_41/fpga_dcop_41.mtx,packsell_pack16,structural_related,half,ok,3,1220,1220,5892,,0.004459,0.004459,,2.64284,,,,,,0.000434325,4.047
Sandia/fpga_dcop_41/fpga_dcop_41.mtx,packsell_pack32,structural_related,float,ok,3,1220,1220,5892,,0.006451,0.006451,,1.82667,,,,,,1.12026e-07,2.354
Sandia/fpga_dcop_41/fpga_dcop_41.mtx,spaden_bitmap_float,structural_related,float,ok,3,1220,1220,5892,,0.0144,0.0144,,0.8181,7.58,88.0,,,,2.618784e-08,1.407
Sandia/fpga_dcop_42/fpga_dcop_42.mtx,cusparse_double,main,double,ok,7,1220,1220,5892,0.1490,0.0189,0.0189,0.0143,,,,,,,,0.665
Sandia/fpga_dcop_42/fpga_dcop_42.mtx,cusparse_float,main_float,float,ok,7,1220,1220,5828,0.1446,0.0097,0.0097,0.0080,,,,,,,,1.896
Sandia/fpga_dcop_42/fpga_dcop_42.mtx,dasp_double,main,double,ok,7,,,,0.0780,0.0061,0.0061,,1.9164,,,,,,,1.591
Sandia/fpga_dcop_42/fpga_dcop_42.mtx,dasp_half,main_reduced_precision,half,ok,7,,,,0.0920,0.0041,0.0041,,2.8706,,,,,,,1.183
Sandia/fpga_dcop_42/fpga_dcop_42.mtx,packsell_pack16,structural_related,half,ok,7,1220,1220,5892,,0.004321,0.004321,,2.72738,,,,,,0.000434325,2.325
Sandia/fpga_dcop_42/fpga_dcop_42.mtx,packsell_pack32,structural_related,float,ok,7,1220,1220,5892,,0.006478,0.006478,,1.81903,,,,,,1.12026e-07,3.125
Sandia/fpga_dcop_42/fpga_dcop_42.mtx,spaden_bitmap_float,structural_related,float,ok,7,1220,1220,5892,,0.0152,0.0152,,0.7749,59.92,88.0,,,,2.617617e-08,1.639
Sandia/fpga_dcop_43/fpga_dcop_43.mtx,cusparse_double,main,double,ok,5,1220,1220,5892,0.1401,0.0136,0.0136,0.0123,,,,,,,,1.301
Sandia/fpga_dcop_43/fpga_dcop_43.mtx,cusparse_float,main_float,float,ok,4,1220,1220,5828,0.1330,0.0086,0.0086,0.0077,,,,,,,,1.695
Sandia/fpga_dcop_43/fpga_dcop_43.mtx,dasp_double,main,double,ok,4,,,,0.0800,0.0061,0.0061,,1.9167,,,,,,,1.750
Sandia/fpga_dcop_43/fpga_dcop_43.mtx,dasp_half,main_reduced_precision,half,ok,4,,,,0.0980,0.0041,0.0041,,2.8713,,,,,,,1.665
Sandia/fpga_dcop_43/fpga_dcop_43.mtx,packsell_pack16,structural_related,half,ok,4,1220,1220,5892,,0.004397,0.004397,,2.68011,,,,,,0.000434325,3.259
Sandia/fpga_dcop_43/fpga_dcop_43.mtx,packsell_pack32,structural_related,float,ok,4,1220,1220,5892,,0.007785,0.007785,,1.51376,,,,,,1.12026e-07,2.832
Sandia/fpga_dcop_43/fpga_dcop_43.mtx,spaden_bitmap_float,structural_related,float,ok,4,1220,1220,5892,,0.0150,0.0150,,0.7846,184.86,88.0,,,,2.620409e-08,1.446
Sandia/fpga_dcop_44/fpga_dcop_44.mtx,cusparse_double,main,double,ok,4,1220,1220,5892,0.1424,0.0140,0.0140,0.0123,,,,,,,,1.456
Sandia/fpga_dcop_44/fpga_dcop_44.mtx,cusparse_float,main_float,float,ok,7,1220,1220,5828,0.1729,0.0097,0.0097,0.0080,,,,,,,,1.722
Sandia/fpga_dcop_44/fpga_dcop_44.mtx,dasp_double,main,double,ok,7,,,,0.0940,0.0082,0.0082,,1.4429,,,,,,,1.076
Sandia/fpga_dcop_44/fpga_dcop_44.mtx,dasp_half,main_reduced_precision,half,ok,7,,,,0.1120,0.0041,0.0041,,2.8713,,,,,,,1.656
Sandia/fpga_dcop_44/fpga_dcop_44.mtx,packsell_pack16,structural_related,half,ok,7,1220,1220,5892,,0.004367,0.004367,,2.69834,,,,,,0.000434325,2.090
Sandia/fpga_dcop_44/fpga_dcop_44.mtx,packsell_pack32,structural_related,float,ok,7,1220,1220,5892,,0.006416,0.006416,,1.83663,,,,,,1.12026e-07,2.661
Sandia/fpga_dcop_44/fpga_dcop_44.mtx,spaden_bitmap_float,structural_related,float,ok,7,1220,1220,5892,,0.0152,0.0152,,0.7747,114.13,88.0,,,,2.617383e-08,1.848
Sandia/fpga_dcop_45/fpga_dcop_45.mtx,cusparse_double,main,double,ok,2,1220,1220,5892,0.1315,0.0138,0.0138,0.0123,,,,,,,,1.208
Sandia/fpga_dcop_45/fpga_dcop_45.mtx,cusparse_float,main_float,float,ok,6,1220,1220,5828,0.1323,0.0098,0.0098,0.0080,,,,,,,,1.672
Sandia/fpga_dcop_45/fpga_dcop_45.mtx,dasp_double,main,double,ok,6,,,,0.0950,0.0066,0.0066,,1.7977,,,,,,,1.849
Sandia/fpga_dcop_45/fpga_dcop_45.mtx,dasp_half,main_reduced_precision,half,ok,6,,,,0.0910,0.0041,0.0041,,2.8720,,,,,,,1.543
Sandia/fpga_dcop_45/fpga_dcop_45.mtx,packsell_pack16,structural_related,half,ok,6,1220,1220,5892,,0.004362,0.004362,,2.70151,,,,,,0.000434325,2.540
Sandia/fpga_dcop_45/fpga_dcop_45.mtx,packsell_pack32,structural_related,float,ok,6,1220,1220,5892,,0.006573,0.006573,,1.79292,,,,,,1.12026e-07,3.767
Sandia/fpga_dcop_45/fpga_dcop_45.mtx,spaden_bitmap_float,structural_related,float,ok,6,1220,1220,5892,,0.0152,0.0152,,0.7765,94.77,88.0,,,,2.616696e-08,1.711
Sandia/fpga_dcop_46/fpga_dcop_46.mtx,cusparse_double,main,double,ok,3,1220,1220,5892,0.1433,0.0146,0.0146,0.0123,,,,,,,,1.307
Sandia/fpga_dcop_46/fpga_dcop_46.mtx,cusparse_float,main_float,float,ok,3,1220,1220,5828,0.1356,0.0084,0.0084,0.0073,,,,,,,,1.582
Sandia/fpga_dcop_46/fpga_dcop_46.mtx,dasp_double,main,double,ok,3,,,,0.1040,0.0103,0.0103,,1.1415,,,,,,,2.019
Sandia/fpga_dcop_46/fpga_dcop_46.mtx,dasp_half,main_reduced_precision,half,ok,3,,,,0.1030,0.0100,0.0100,,1.1768,,,,,,,1.279
Sandia/fpga_dcop_46/fpga_dcop_46.mtx,packsell_pack16,structural_related,half,ok,3,1220,1220,5892,,0.004371,0.004371,,2.69585,,,,,,0.000434325,4.139
Sandia/fpga_dcop_46/fpga_dcop_46.mtx,packsell_pack32,structural_related,float,ok,3,1220,1220,5892,,0.006438,0.006438,,1.83025,,,,,,1.12026e-07,3.051
Sandia/fpga_dcop_46/fpga_dcop_46.mtx,spaden_bitmap_float,structural_related,float,ok,3,1220,1220,5892,,0.0150,0.0150,,0.7835,8.82,88.0,,,,2.616601e-08,1.482
Sandia/fpga_dcop_47/fpga_dcop_47.mtx,cusparse_double,main,double,ok,7,1220,1220,5892,0.1488,0.0170,0.0170,0.0143,,,,,,,,0.512
Sandia/fpga_dcop_47/fpga_dcop_47.mtx,cusparse_float,main_float,float,ok,3,1220,1220,5828,0.1398,0.0086,0.0086,0.0078,,,,,,,,1.698
Sandia/fpga_dcop_47/fpga_dcop_47.mtx,dasp_double,main,double,ok,3,,,,0.0890,0.0061,0.0061,,1.9173,,,,,,,1.779
Sandia/fpga_dcop_47/fpga_dcop_47.mtx,dasp_half,main_reduced_precision,half,ok,3,,,,0.1110,0.0063,0.0063,,1.8737,,,,,,,1.692
Sandia/fpga_dcop_47/fpga_dcop_47.mtx,packsell_pack16,structural_related,half,ok,3,1220,1220,5892,,0.004400,0.004400,,2.6781,,,,,,0.000434325,3.011
Sandia/fpga_dcop_47/fpga_dcop_47.mtx,packsell_pack32,structural_related,float,ok,3,1220,1220,5892,,0.006419,0.006419,,1.83575,,,,,,1.12026e-07,2.744
Sandia/fpga_dcop_47/fpga_dcop_47.mtx,spaden_bitmap_float,structural_related,float,ok,3,1220,1220,5892,,0.0142,0.0142,,0.8299,9.02,88.0,,,,2.616588e-08,1.260
Sandia/fpga_dcop_48/fpga_dcop_48.mtx,cusparse_double,main,double,ok,1,1220,1220,5892,0.1245,0.0134,0.0134,0.0121,,,,,,,,0.394
Sandia/fpga_dcop_48/fpga_dcop_48.mtx,cusparse_float,main_float,float,ok,5,1220,1220,5828,0.1272,0.0093,0.0093,0.0079,,,,,,,,1.547
Sandia/fpga_dcop_48/fpga_dcop_48.mtx,dasp_double,main,double,ok,5,,,,0.0900,0.0061,0.0061,,1.9173,,,,,,,0.841
Sandia/fpga_dcop_48/fpga_dcop_48.mtx,dasp_half,main_reduced_precision,half,ok,5,,,,0.1020,0.0041,0.0041,,2.8713,,,,,,,1.535
Sandia/fpga_dcop_48/fpga_dcop_48.mtx,packsell_pack16,structural_related,half,ok,5,1220,1220,5892,,0.004395,0.004395,,2.68151,,,,,,0.000434325,3.242
Sandia/fpga_dcop_48/fpga_dcop_48.mtx,packsell_pack32,structural_related,float,ok,5,1220,1220,5892,,0.006450,0.006450,,1.82688,,,,,,1.12026e-07,1.737
Sandia/fpga_dcop_48/fpga_dcop_48.mtx,spaden_bitmap_float,structural_related,float,ok,5,1220,1220,5892,,0.0130,0.0130,,0.9063,9.69,88.0,,,,2.616586e-08,1.460
Sandia/fpga_dcop_49/fpga_dcop_49.mtx,cusparse_double,main,double,ok,4,1220,1220,5892,0.1426,0.0141,0.0141,0.0123,,,,,,,,1.344
Sandia/fpga_dcop_49/fpga_dcop_49.mtx,cusparse_float,main_float,float,ok,6,1220,1220,5828,0.1385,0.0098,0.0098,0.0079,,,,,,,,1.452
Sandia/fpga_dcop_49/fpga_dcop_49.mtx,dasp_double,main,double,ok,6,,,,0.0890,0.0061,0.0061,,1.9167,,,,,,,1.325
Sandia/fpga_dcop_49/fpga_dcop_49.mtx,dasp_half,main_reduced_precision,half,ok,6,,,,0.0900,0.0041,0.0041,,2.8713,,,,,,,1.482
Sandia/fpga_dcop_49/fpga_dcop_49.mtx,packsell_pack16,structural_related,half,ok,6,1220,1220,5892,,0.004384,0.004384,,2.68783,,,,,,0.000434325,2.194
Sandia/fpga_dcop_49/fpga_dcop_49.mtx,packsell_pack32,structural_related,float,ok,6,1220,1220,5892,,0.006445,0.006445,,1.82845,,,,,,1.12026e-07,3.458
Sandia/fpga_dcop_49/fpga_dcop_49.mtx,spaden_bitmap_float,structural_related,float,ok,6,1220,1220,5892,,0.0150,0.0150,,0.7854,6.46,88.0,,,,2.616586e-08,1.001
Sandia/fpga_dcop_50/fpga_dcop_50.mtx,cusparse_double,main,double,ok,2,1220,1220,5892,0.1301,0.0140,0.0140,0.0123,,,,,,,,1.242
Sandia/fpga_dcop_50/fpga_dcop_50.mtx,cusparse_float,main_float,float,ok,4,1220,1220,5828,0.1320,0.0091,0.0091,0.0081,,,,,,,,1.635
Sandia/fpga_dcop_50/fpga_dcop_50.mtx,dasp_double,main,double,ok,4,,,,0.0970,0.0065,0.0065,,1.8227,,,,,,,2.025
Sandia/fpga_dcop_50/fpga_dcop_50.mtx,dasp_half,main_reduced_precision,half,ok,4,,,,0.1200,0.0041,0.0041,,2.8706,,,,,,,1.903
Sandia/fpga_dcop_50/fpga_dcop_50.mtx,packsell_pack16,structural_related,half,ok,4,1220,1220,5892,,0.004339,0.004339,,2.71613,,,,,,0.000434325,4.324
Sandia/fpga_dcop_50/fpga_dcop_50.mtx,packsell_pack32,structural_related,float,ok,4,1220,1220,5892,,0.007271,0.007271,,1.62071,,,,,,1.12026e-07,2.609
Sandia/fpga_dcop_50/fpga_dcop_50.mtx,spaden_bitmap_float,structural_related,float,ok,4,1220,1220,5892,,0.0153,0.0153,,0.7726,19.55,88.0,,,,2.616586e-08,1.401
Sandia/fpga_dcop_51/fpga_dcop_51.mtx,cusparse_double,main,double,ok,1,1220,1220,5892,0.1317,0.0137,0.0137,0.0123,,,,,,,,0.393
Sandia/fpga_dcop_51/fpga_dcop_51.mtx,cusparse_float,main_float,float,ok,4,1220,1220,5828,0.1329,0.0092,0.0092,0.0079,,,,,,,,1.505
Sandia/fpga_dcop_51/fpga_dcop_51.mtx,dasp_double,main,double,ok,4,,,,0.0910,0.0061,0.0061,,1.9170,,,,,,,1.688
Sandia/fpga_dcop_51/fpga_dcop_51.mtx,dasp_half,main_reduced_precision,half,ok,4,,,,0.1120,0.0041,0.0041,,2.8713,,,,,,,1.316
Sandia/fpga_dcop_51/fpga_dcop_51.mtx,packsell_pack16,structural_related,half,ok,4,1220,1220,5892,,0.004582,0.004582,,2.57175,,,,,,0.000434325,1.875
Sandia/fpga_dcop_51/fpga_dcop_51.mtx,packsell_pack32,structural_related,float,ok,4,1220,1220,5892,,0.007506,0.007506,,1.56987,,,,,,1.12026e-07,2.600
Sandia/fpga_dcop_51/fpga_dcop_51.mtx,spaden_bitmap_float,structural_related,float,ok,4,1220,1220,5892,,0.0151,0.0151,,0.7812,35.74,88.0,,,,2.616586e-08,1.612
Sandia/fpga_trans_01/fpga_trans_01.mtx,cusparse_double,main,double,ok,5,1220,1220,7382,0.1319,0.0142,0.0142,0.0123,,,,,,,,1.344
Sandia/fpga_trans_01/fpga_trans_01.mtx,cusparse_float,main_float,float,ok,3,1220,1220,7382,0.1374,0.0088,0.0088,0.0071,,,,,,,,1.626
Sandia/fpga_trans_01/fpga_trans_01.mtx,dasp_double,main,double,ok,3,,,,0.1180,0.0082,0.0082,,1.8016,,,,,,,1.415
Sandia/fpga_trans_01/fpga_trans_01.mtx,dasp_half,main_reduced_precision,half,ok,3,,,,0.1240,0.0059,0.0059,,2.5105,,,,,,,1.756
Sandia/fpga_trans_01/fpga_trans_01.mtx,packsell_pack16,structural_related,half,ok,3,1220,1220,7382,,0.006353,0.006353,,2.32378,,,,,,0.000425623,2.485
Sandia/fpga_trans_01/fpga_trans_01.mtx,packsell_pack32,structural_related,float,ok,3,1220,1220,7382,,0.008450,0.008450,,1.74732,,,,,,1.26574e-07,3.236
Sandia/fpga_trans_01/fpga_trans_01.mtx,spaden_bitmap_float,structural_related,float,ok,3,1220,1220,7382,,0.0191,0.0191,,0.7743,69.79,88.3,,,,8.574253e-08,1.433
Sandia/fpga_trans_02/fpga_trans_02.mtx,cusparse_double,main,double,ok,7,1220,1220,7382,0.1513,0.0165,0.0165,0.0143,,,,,,,,0.715
Sandia/fpga_trans_02/fpga_trans_02.mtx,cusparse_float,main_float,float,ok,7,1220,1220,7382,0.1356,0.0087,0.0087,0.0077,,,,,,,,1.701
Sandia/fpga_trans_02/fpga_trans_02.mtx,dasp_double,main,double,ok,7,,,,0.1200,0.0082,0.0082,,1.8009,,,,,,,1.884
Sandia/fpga_trans_02/fpga_trans_02.mtx,dasp_half,main_reduced_precision,half,ok,7,,,,0.1090,0.0058,0.0058,,2.5579,,,,,,,1.674
Sandia/fpga_trans_02/fpga_trans_02.mtx,packsell_pack16,structural_related,half,ok,7,1220,1220,7382,,0.006275,0.006275,,2.35273,,,,,,0.000419734,3.493
Sandia/fpga_trans_02/fpga_trans_02.mtx,packsell_pack32,structural_related,float,ok,7,1220,1220,7382,,0.008456,0.008456,,1.74591,,,,,,1.27039e-07,1.818
Sandia/fpga_trans_02/fpga_trans_02.mtx,spaden_bitmap_float,structural_related,float,ok,7,1220,1220,7382,,0.0190,0.0190,,0.7778,9.99,88.3,,,,6.304975e-08,1.348
Sandia/oscil_dcop_01/oscil_dcop_01.mtx,cusparse_double,main,double,ok,3,430,430,1544,0.1268,0.0120,0.0120,0.0102,,,,,,,,1.322
Sandia/oscil_dcop_01/oscil_dcop_01.mtx,cusparse_float,main_float,float,ok,5,430,430,1544,0.1410,0.0077,0.0077,0.0065,,,,,,,,1.584
Sandia/oscil_dcop_01/oscil_dcop_01.mtx,dasp_double,main,double,ok,5,,,,0.0250,0.0041,0.0041,,0.7528,,,,,,,1.807
Sandia/oscil_dcop_01/oscil_dcop_01.mtx,dasp_half,main_reduced_precision,half,ok,5,,,,0.0280,0.0041,0.0041,,0.7528,,,,,,,1.926
Sandia/oscil_dcop_01/oscil_dcop_01.mtx,packsell_pack16,structural_related,half,ok,5,430,430,1544,,0.004046,0.004046,,0.763311,,,,,,0.000399154,2.689
Sandia/oscil_dcop_01/oscil_dcop_01.mtx,packsell_pack32,structural_related,float,ok,5,430,430,1544,,0.004399,0.004399,,0.70193,,,,,,1.12922e-07,3.298
Sandia/oscil_dcop_01/oscil_dcop_01.mtx,spaden_bitmap_float,structural_related,float,ok,5,430,430,1544,,0.0081,0.0081,,0.3798,144.07,92.2,,,,8.301237e-07,1.768
Sandia/oscil_dcop_02/oscil_dcop_02.mtx,cusparse_double,main,double,ok,7,430,430,1544,0.1315,0.0117,0.0117,0.0102,,,,,,,,0.396
Sandia/oscil_dcop_02/oscil_dcop_02.mtx,cusparse_float,main_float,float,ok,5,430,430,1544,0.1340,0.0081,0.0081,0.0065,,,,,,,,1.654
Sandia/oscil_dcop_02/oscil_dcop_02.mtx,dasp_double,main,double,ok,5,,,,0.0310,0.0041,0.0041,,0.7524,,,,,,,1.542
Sandia/oscil_dcop_02/oscil_dcop_02.mtx,dasp_half,main_reduced_precision,half,ok,5,,,,0.0220,0.0041,0.0041,,0.7534,,,,,,,1.681
Sandia/oscil_dcop_02/oscil_dcop_02.mtx,packsell_pack16,structural_related,half,ok,5,430,430,1544,,0.004021,0.004021,,0.767879,,,,,,0.000356034,2.168
Sandia/oscil_dcop_02/oscil_dcop_02.mtx,packsell_pack32,structural_related,float,ok,5,430,430,1544,,0.004271,0.004271,,0.722931,,,,,,1.02138e-07,2.062
Sandia/oscil_dcop_02/oscil_dcop_02.mtx,spaden_bitmap_float,structural_related,float,ok,5,430,430,1544,,0.0070,0.0070,,0.4390,13.43,92.2,,,,5.352869e-07,1.891
Sandia/oscil_dcop_03/oscil_dcop_03.mtx,cusparse_double,main,double,ok,4,430,430,1544,0.1313,0.0118,0.0118,0.0102,,,,,,,,1.192
Sandia/oscil_dcop_03/oscil_dcop_03.mtx,cusparse_float,main_float,float,ok,5,430,430,1544,0.1357,0.0077,0.0077,0.0061,,,,,,,,1.508
Sandia/oscil_dcop_03/oscil_dcop_03.mtx,dasp_double,main,double,ok,5,,,,0.0240,0.0041,0.0041,,0.7524,,,,,,,1.769
Sandia/oscil_dcop_03/oscil_dcop_03.mtx,dasp_half,main_reduced_precision,half,ok,5,,,,0.0250,0.0037,0.0037,,0.8444,,,,,,,1.635
Sandia/oscil_dcop_03/oscil_dcop_03.mtx,packsell_pack16,structural_related,half,ok,5,430,430,1544,,0.003828,0.003828,,0.806716,,,,,,0.000356371,2.573
Sandia/oscil_dcop_03/oscil_dcop_03.mtx,packsell_pack32,structural_related,float,ok,5,430,430,1544,,0.004373,0.004373,,0.70613,,,,,,9.87696e-08,2.574
Sandia/oscil_dcop_03/oscil_dcop_03.mtx,spaden_bitmap_float,structural_related,float,ok,5,430,430,1544,,0.0089,0.0089,,0.3462,19.89,92.2,,,,5.352791e-07,1.229
Sandia/oscil_dcop_04/oscil_dcop_04.mtx,cusparse_double,main,double,ok,4,430,430,1544,0.1208,0.0118,0.0118,0.0102,,,,,,,,1.227
Sandia/oscil_dcop_04/oscil_dcop_04.mtx,cusparse_float,main_float,float,ok,4,430,430,1544,0.1346,0.0078,0.0078,0.0062,,,,,,,,1.230
Sandia/oscil_dcop_04/oscil_dcop_04.mtx,dasp_double,main,double,ok,4,,,,0.0290,0.0041,0.0041,,0.7524,,,,,,,1.400
Sandia/oscil_dcop_04/oscil_dcop_04.mtx,dasp_half,main_reduced_precision,half,ok,4,,,,0.0240,0.0041,0.0041,,0.7537,,,,,,,1.148
Sandia/oscil_dcop_04/oscil_dcop_04.mtx,packsell_pack16,structural_related,half,ok,4,430,430,1544,,0.003909,0.003909,,0.790006,,,,,,0.000342277,3.444
Sandia/oscil_dcop_04/oscil_dcop_04.mtx,packsell_pack32,structural_related,float,ok,4,430,430,1544,,0.004289,0.004289,,0.720043,,,,,,9.14364e-08,2.672
Sandia/oscil_dcop_04/oscil_dcop_04.mtx,spaden_bitmap_float,structural_related,float,ok,4,430,430,1544,,0.0070,0.0070,,0.4425,24.87,92.2,,,,5.352817e-07,2.152
Sandia/oscil_dcop_05/oscil_dcop_05.mtx,cusparse_double,main,double,ok,3,430,430,1544,0.1300,0.0119,0.0119,0.0102,,,,,,,,1.362
Sandia/oscil_dcop_05/oscil_dcop_05.mtx,cusparse_float,main_float,float,ok,2,430,430,1544,0.1906,0.0076,0.0076,0.0051,,,,,,,,1.588
Sandia/oscil_dcop_05/oscil_dcop_05.mtx,dasp_double,main,double,ok,2,,,,0.0260,0.0041,0.0041,,0.7526,,,,,,,1.505
Sandia/oscil_dcop_05/oscil_dcop_05.mtx,dasp_half,main_reduced_precision,half,ok,2,,,,0.0290,0.0041,0.0041,,0.7528,,,,,,,1.456
Sandia/oscil_dcop_05/oscil_dcop_05.mtx,packsell_pack16,structural_related,half,ok,2,430,430,1544,,0.003683,0.003683,,0.838348,,,,,,0.000340229,2.941
Sandia/oscil_dcop_05/oscil_dcop_05.mtx,packsell_pack32,structural_related,float,ok,2,430,430,1544,,0.004258,0.004258,,0.72524,,,,,,9.77616e-08,2.246
Sandia/oscil_dcop_05/oscil_dcop_05.mtx,spaden_bitmap_float,structural_related,float,ok,2,430,430,1544,,0.0072,0.0072,,0.4283,17.16,92.2,,,,5.352815e-07,1.834
Sandia/oscil_dcop_06/oscil_dcop_06.mtx,cusparse_double,main,double,ok,4,430,430,1544,0.1328,0.0121,0.0121,0.0102,,,,,,,,1.368
Sandia/oscil_dcop_06/oscil_dcop_06.mtx,cusparse_float,main_float,float,ok,2,430,430,1544,0.1340,0.0080,0.0080,0.0066,,,,,,,,1.763
Sandia/oscil_dcop_06/oscil_dcop_06.mtx,dasp_double,main,double,ok,2,,,,0.0370,0.0063,0.0063,,0.4919,,,,,,,1.697
Sandia/oscil_dcop_06/oscil_dcop_06.mtx,dasp_half,main_reduced_precision,half,ok,2,,,,0.0210,0.0041,0.0041,,0.7530,,,,,,,1.628
Sandia/oscil_dcop_06/oscil_dcop_06.mtx,packsell_pack16,structural_related,half,ok,2,430,430,1544,,0.003565,0.003565,,0.866102,,,,,,0.000338526,2.560
Sandia/oscil_dcop_06/oscil_dcop_06.mtx,packsell_pack32,structural_related,float,ok,2,430,430,1544,,0.004354,0.004354,,0.709217,,,,,,9.80324e-08,2.495
Sandia/oscil_dcop_06/oscil_dcop_06.mtx,spaden_bitmap_float,structural_related,float,ok,2,430,430,1544,,0.0071,0.0071,,0.4362,112.44,92.2,,,,5.352838e-07,1.414
Sandia/oscil_dcop_07/oscil_dcop_07.mtx,cusparse_double,main,double,ok,6,430,430,1544,0.1428,0.0122,0.0122,0.0102,,,,,,,,1.435
Sandia/oscil_dcop_07/oscil_dcop_07.mtx,cusparse_float,main_float,float,ok,7,430,430,1544,0.1261,0.0083,0.0083,0.0061,,,,,,,,1.612
Sandia/oscil_dcop_07/oscil_dcop_07.mtx,dasp_double,main,double,ok,7,,,,0.0310,0.0047,0.0047,,0.6604,,,,,,,2.055
Sandia/oscil_dcop_07/oscil_dcop_07.mtx,dasp_half,main_reduced_precision,half,ok,7,,,,0.0360,0.0066,0.0066,,0.4670,,,,,,,1.258
Sandia/oscil_dcop_07/oscil_dcop_07.mtx,packsell_pack16,structural_related,half,ok,7,430,430,1544,,0.004221,0.004221,,0.731586,,,,,,0.000340996,3.006
Sandia/oscil_dcop_07/oscil_dcop_07.mtx,packsell_pack32,structural_related,float,ok,7,430,430,1544,,0.004366,0.004366,,0.707359,,,,,,9.13167e-08,2.215
Sandia/oscil_dcop_07/oscil_dcop_07.mtx,spaden_bitmap_float,structural_related,float,ok,7,430,430,1544,,0.0070,0.0070,,0.4388,9.61,92.2,,,,5.869433e-07,1.718
Sandia/oscil_dcop_08/oscil_dcop_08.mtx,cusparse_double,main,double,ok,1,430,430,1544,0.1278,0.0115,0.0115,0.0102,,,,,,,,0.395
Sandia/oscil_dcop_08/oscil_dcop_08.mtx,cusparse_float,main_float,float,ok,3,430,430,1544,0.1405,0.0074,0.0074,0.0065,,,,,,,,1.555
Sandia/oscil_dcop_08/oscil_dcop_08.mtx,dasp_double,main,double,ok,3,,,,0.0420,0.0041,0.0041,,0.7524,,,,,,,1.477
Sandia/oscil_dcop_08/oscil_dcop_08.mtx,dasp_half,main_reduced_precision,half,ok,3,,,,0.0200,0.0041,0.0041,,0.7530,,,,,,,1.791
Sandia/oscil_dcop_08/oscil_dcop_08.mtx,packsell_pack16,structural_related,half,ok,3,430,430,1544,,0.003350,0.003350,,0.921901,,,,,,0.000361721,2.861
Sandia/oscil_dcop_08/oscil_dcop_08.mtx,packsell_pack32,structural_related,float,ok,3,430,430,1544,,0.004311,0.004311,,0.716296,,,,,,9.60478e-08,2.207
Sandia/oscil_dcop_08/oscil_dcop_08.mtx,spaden_bitmap_float,structural_related,float,ok,3,430,430,1544,,0.0070,0.0070,,0.4425,23.27,92.2,,,,5.352784e-07,1.472
Sandia/oscil_dcop_09/oscil_dcop_09.mtx,cusparse_double,main,double,ok,3,430,430,1544,0.1282,0.0119,0.0119,0.0102,,,,,,,,1.285
Sandia/oscil_dcop_09/oscil_dcop_09.mtx,cusparse_float,main_float,float,ok,2,430,430,1544,0.1493,0.0079,0.0079,0.0063,,,,,,,,1.580
Sandia/oscil_dcop_09/oscil_dcop_09.mtx,dasp_double,main,double,ok,2,,,,0.0510,0.0041,0.0041,,0.7528,,,,,,,1.412
Sandia/oscil_dcop_09/oscil_dcop_09.mtx,dasp_half,main_reduced_precision,half,ok,2,,,,0.0290,0.0041,0.0041,,0.7532,,,,,,,1.834
Sandia/oscil_dcop_09/oscil_dcop_09.mtx,packsell_pack16,structural_related,half,ok,2,430,430,1544,,0.004250,0.004250,,0.726657,,,,,,0.000365699,2.901
Sandia/oscil_dcop_09/oscil_dcop_09.mtx,packsell_pack32,structural_related,float,ok,2,430,430,1544,,0.004325,0.004325,,0.714038,,,,,,9.32556e-08,3.071
Sandia/oscil_dcop_09/oscil_dcop_09.mtx,spaden_bitmap_float,structural_related,float,ok,2,430,430,1544,,0.0071,0.0071,,0.4329,163.79,92.2,,,,5.352794e-07,1.756
Sandia/oscil_dcop_10/oscil_dcop_10.mtx,cusparse_double,main,double,ok,6,430,430,1544,0.1395,0.0125,0.0125,0.0102,,,,,,,,1.331
Sandia/oscil_dcop_10/oscil_dcop_10.mtx,cusparse_float,main_float,float,ok,2,430,430,1544,0.1283,0.0078,0.0078,0.0063,,,,,,,,1.585
Sandia/oscil_dcop_10/oscil_dcop_10.mtx,dasp_double,main,double,ok,2,,,,0.0400,0.0041,0.0041,,0.7519,,,,,,,1.590
Sandia/oscil_dcop_10/oscil_dcop_10.mtx,dasp_half,main_reduced_precision,half,ok,2,,,,0.0200,0.0041,0.0041,,0.7535,,,,,,,1.623
Sandia/oscil_dcop_10/oscil_dcop_10.mtx,packsell_pack16,structural_related,half,ok,2,430,430,1544,,0.004184,0.004184,,0.738097,,,,,,0.000344072,2.625
Sandia/oscil_dcop_10/oscil_dcop_10.mtx,packsell_pack32,structural_related,float,ok,2,430,430,1544,,0.004364,0.004364,,0.707527,,,,,,8.88207e-08,2.792
Sandia/oscil_dcop_10/oscil_dcop_10.mtx,spaden_bitmap_float,structural_related,float,ok,2,430,430,1544,,0.0069,0.0069,,0.4461,19.57,92.2,,,,5.352820e-07,1.997
Sandia/oscil_dcop_11/oscil_dcop_11.mtx,cusparse_double,main,double,ok,2,430,430,1544,0.1636,0.0159,0.0159,0.0141,,,,,,,,1.171
Sandia/oscil_dcop_11/oscil_dcop_11.mtx,cusparse_float,main_float,float,ok,7,430,430,1544,0.1318,0.0079,0.0079,0.0061,,,,,,,,1.735
Sandia/oscil_dcop_11/oscil_dcop_11.mtx,dasp_double,main,double,ok,7,,,,0.0360,0.0041,0.0041,,0.7528,,,,,,,1.440
Sandia/oscil_dcop_11/oscil_dcop_11.mtx,dasp_half,main_reduced_precision,half,ok,7,,,,0.0270,0.0041,0.0041,,0.7532,,,,,,,1.130
Sandia/oscil_dcop_11/oscil_dcop_11.mtx,packsell_pack16,structural_related,half,ok,7,430,430,1544,,0.004009,0.004009,,0.770305,,,,,,0.000348615,3.210
Sandia/oscil_dcop_11/oscil_dcop_11.mtx,packsell_pack32,structural_related,float,ok,7,430,430,1544,,0.004327,0.004327,,0.713653,,,,,,8.9691e-08,2.636
Sandia/oscil_dcop_11/oscil_dcop_11.mtx,spaden_bitmap_float,structural_related,float,ok,7,430,430,1544,,0.0070,0.0070,,0.4390,8.17,92.2,,,,5.352837e-07,1.567
Sandia/oscil_dcop_12/oscil_dcop_12.mtx,cusparse_double,main,double,ok,5,430,430,1544,0.1357,0.0119,0.0119,0.0102,,,,,,,,0.970
Sandia/oscil_dcop_12/oscil_dcop_12.mtx,cusparse_float,main_float,float,ok,7,430,430,1544,0.1316,0.0083,0.0083,0.0051,,,,,,,,1.571
Sandia/oscil_dcop_12/oscil_dcop_12.mtx,dasp_double,main,double,ok,7,,,,0.0350,0.0070,0.0070,,0.4432,,,,,,,2.067
Sandia/oscil_dcop_12/oscil_dcop_12.mtx,dasp_half,main_reduced_precision,half,ok,7,,,,0.0250,0.0035,0.0035,,0.8778,,,,,,,1.926
Sandia/oscil_dcop_12/oscil_dcop_12.mtx,packsell_pack16,structural_related,half,ok,7,430,430,1544,,0.003707,0.003707,,0.832951,,,,,,0.00035429,2.431
Sandia/oscil_dcop_12/oscil_dcop_12.mtx,packsell_pack32,structural_related,float,ok,7,430,430,1544,,0.004304,0.004304,,0.717428,,,,,,9.25348e-08,2.372
Sandia/oscil_dcop_12/oscil_dcop_12.mtx,spaden_bitmap_float,structural_related,float,ok,7,430,430,1544,,0.0070,0.0070,,0.4429,10.01,92.2,,,,5.352789e-07,1.899
Sandia/oscil_dcop_13/oscil_dcop_13.mtx,cusparse_double,main,double,ok,2,430,430,1544,0.1603,0.0163,0.0163,0.0143,,,,,,,,1.243
Sandia/oscil_dcop_13/oscil_dcop_13.mtx,cusparse_float,main_float,float,ok,3,430,430,1544,0.1387,0.0077,0.0077,0.0064,,,,,,,,1.672
Sandia/oscil_dcop_13/oscil_dcop_13.mtx,dasp_double,main,double,ok,3,,,,0.0560,0.0041,0.0041,,0.7526,,,,,,,1.486
Sandia/oscil_dcop_13/oscil_dcop_13.mtx,dasp_half,main_reduced_precision,half,ok,3,,,,0.0250,0.0041,0.0041,,0.7528,,,,,,,1.445
Sandia/oscil_dcop_13/oscil_dcop_13.mtx,packsell_pack16,structural_related,half,ok,3,430,430,1544,,0.003868,0.003868,,0.798249,,,,,,0.000348074,2.862
Sandia/oscil_dcop_13/oscil_dcop_13.mtx,packsell_pack32,structural_related,float,ok,3,430,430,1544,,0.004335,0.004335,,0.712287,,,,,,8.9945e-08,3.540
Sandia/oscil_dcop_13/oscil_dcop_13.mtx,spaden_bitmap_float,structural_related,float,ok,3,430,430,1544,,0.1039,0.1039,,0.0297,21.56,92.2,,,,5.352796e-07,1.793
Sandia/oscil_dcop_14/oscil_dcop_14.mtx,cusparse_double,main,double,ok,2,430,430,1544,0.1681,0.0160,0.0160,0.0133,,,,,,,,1.361
Sandia/oscil_dcop_14/oscil_dcop_14.mtx,cusparse_float,main_float,float,ok,4,430,430,1544,0.1436,0.0077,0.0077,0.0062,,,,,,,,1.869
Sandia/oscil_dcop_14/oscil_dcop_14.mtx,dasp_double,main,double,ok,4,,,,0.0300,0.0096,0.0096,,0.3222,,,,,,,1.438
Sandia/oscil_dcop_14/oscil_dcop_14.mtx,dasp_half,main_reduced_precision,half,ok,4,,,,0.0410,0.0041,0.0041,,0.7530,,,,,,,1.528
Sandia/oscil_dcop_14/oscil_dcop_14.mtx,packsell_pack16,structural_related,half,ok,4,430,430,1544,,0.004220,0.004220,,0.73169,,,,,,0.000360881,2.088
Sandia/oscil_dcop_14/oscil_dcop_14.mtx,packsell_pack32,structural_related,float,ok,4,430,430,1544,,0.004347,0.004347,,0.710424,,,,,,8.94639e-08,2.642
Sandia/oscil_dcop_14/oscil_dcop_14.mtx,spaden_bitmap_float,structural_related,float,ok,4,430,430,1544,,0.0073,0.0073,,0.4207,15.58,92.2,,,,5.352837e-07,1.315
Sandia/oscil_dcop_15/oscil_dcop_15.mtx,cusparse_double,main,double,ok,3,430,430,1544,0.1332,0.0117,0.0117,0.0101,,,,,,,,1.108
Sandia/oscil_dcop_15/oscil_dcop_15.mtx,cusparse_float,main_float,float,ok,5,430,430,1544,0.1342,0.0076,0.0076,0.0062,,,,,,,,1.626
Sandia/oscil_dcop_15/oscil_dcop_15.mtx,dasp_double,main,double,ok,5,,,,0.0340,0.0041,0.0041,,0.7524,,,,,,,1.635
Sandia/oscil_dcop_15/oscil_dcop_15.mtx,dasp_half,main_reduced_precision,half,ok,5,,,,0.0250,0.0039,0.0039,,0.7990,,,,,,,1.508
Sandia/oscil_dcop_15/oscil_dcop_15.mtx,packsell_pack16,structural_related,half,ok,5,430,430,1544,,0.004264,0.004264,,0.724135,,,,,,0.00034588,3.633
Sandia/oscil_dcop_15/oscil_dcop_15.mtx,packsell_pack32,structural_related,float,ok,5,430,430,1544,,0.004282,0.004282,,0.721243,,,,,,9.96059e-08,2.898
Sandia/oscil_dcop_15/oscil_dcop_15.mtx,spaden_bitmap_float,structural_related,float,ok,5,430,430,1544,,0.0073,0.0073,,0.4246,31.14,92.2,,,,5.352781e-07,1.794
Sandia/oscil_dcop_16/oscil_dcop_16.mtx,cusparse_double,main,double,ok,3,430,430,1544,0.1464,0.0116,0.0116,0.0101,,,,,,,,1.123
Sandia/oscil_dcop_16/oscil_dcop_16.mtx,cusparse_float,main_float,float,ok,3,430,430,1544,0.1326,0.0076,0.0076,0.0060,,,,,,,,1.639
Sandia/oscil_dcop_16/oscil_dcop_16.mtx,dasp_double,main,double,ok,3,,,,0.0380,0.0041,0.0041,,0.7523,,,,,,,2.197
Sandia/oscil_dcop_16/oscil_dcop_16.mtx,dasp_half,main_reduced_precision,half,ok,3,,,,0.0210,0.0041,0.0041,,0.7530,,,,,,,1.612
Sandia/oscil_dcop_16/oscil_dcop_16.mtx,packsell_pack16,structural_related,half,ok,3,430,430,1544,,0.003432,0.003432,,0.899881,,,,,,0.000343736,2.347
Sandia/oscil_dcop_16/oscil_dcop_16.mtx,packsell_pack32,structural_related,float,ok,3,430,430,1544,,0.004292,0.004292,,0.719433,,,,,,9.61114e-08,2.365
Sandia/oscil_dcop_16/oscil_dcop_16.mtx,spaden_bitmap_float,structural_related,float,ok,3,430,430,1544,,0.0072,0.0072,,0.4297,47.00,92.2,,,,5.352773e-07,1.857
Sandia/oscil_dcop_17/oscil_dcop_17.mtx,cusparse_double,main,double,ok,7,430,430,1544,0.1246,0.0121,0.0121,0.0102,,,,,,,,0.345
Sandia/oscil_dcop_17/oscil_dcop_17.mtx,cusparse_float,main_float,float,ok,7,430,430,1544,0.1240,0.0078,0.0078,0.0058,,,,,,,,1.459
Sandia/oscil_dcop_17/oscil_dcop_17.mtx,dasp_double,main,double,ok,7,,,,0.0310,0.0041,0.0041,,0.7515,,,,,,,1.973
Sandia/oscil_dcop_17/oscil_dcop_17.mtx,dasp_half,main_reduced_precision,half,ok,7,,,,0.0250,0.0091,0.0091,,0.3392,,,,,,,1.727
Sandia/oscil_dcop_17/oscil_dcop_17.mtx,packsell_pack16,structural_related,half,ok,7,430,430,1544,,0.004223,0.004223,,0.731239,,,,,,0.000346112,3.011
Sandia/oscil_dcop_17/oscil_dcop_17.mtx,packsell_pack32,structural_related,float,ok,7,430,430,1544,,0.004365,0.004365,,0.707386,,,,,,9.11389e-08,3.276
Sandia/oscil_dcop_17/oscil_dcop_17.mtx,spaden_bitmap_float,structural_related,float,ok,7,430,430,1544,,0.0069,0.0069,,0.4488,7.23,92.2,,,,5.352781e-07,1.215
Sandia/oscil_dcop_18/oscil_dcop_18.mtx,cusparse_double,main,double,ok,4,430,430,1544,0.1352,0.0118,0.0118,0.0102,,,,,,,,1.293
Sandia/oscil_dcop_18/oscil_dcop_18.mtx,cusparse_float,main_float,float,ok,3,430,430,1544,0.1310,0.0077,0.0077,0.0061,,,,,,,,1.527
Sandia/oscil_dcop_18/oscil_dcop_18.mtx,dasp_double,main,double,ok,3,,,,0.0280,0.0041,0.0041,,0.7524,,,,,,,1.531
Sandia/oscil_dcop_18/oscil_dcop_18.mtx,dasp_half,main_reduced_precision,half,ok,3,,,,0.0240,0.0041,0.0041,,0.7535,,,,,,,1.731
Sandia/oscil_dcop_18/oscil_dcop_18.mtx,packsell_pack16,structural_related,half,ok,3,430,430,1544,,0.003911,0.003911,,0.789655,,,,,,0.000338477,2.975
Sandia/oscil_dcop_18/oscil_dcop_18.mtx,packsell_pack32,structural_related,float,ok,3,430,430,1544,,0.004280,0.004280,,0.721501,,,,,,9.34294e-08,2.110
Sandia/oscil_dcop_18/oscil_dcop_18.mtx,spaden_bitmap_float,structural_related,float,ok,3,430,430,1544,,0.0072,0.0072,,0.4316,117.08,92.2,,,,8.065019e-07,1.576
Sandia/oscil_dcop_19/oscil_dcop_19.mtx,cusparse_double,main,double,ok,6,430,430,1544,0.1317,0.0122,0.0122,0.0102,,,,,,,,1.711
Sandia/oscil_dcop_19/oscil_dcop_19.mtx,cusparse_float,main_float,float,ok,7,430,430,1544,0.1268,0.0081,0.0081,0.0061,,,,,,,,1.578
Sandia/oscil_dcop_19/oscil_dcop_19.mtx,dasp_double,main,double,ok,7,,,,0.0280,0.0041,0.0041,,0.7524,,,,,,,1.441
Sandia/oscil_dcop_19/oscil_dcop_19.mtx,dasp_half,main_reduced_precision,half,ok,7,,,,0.0250,0.0041,0.0041,,0.7534,,,,,,,1.765
Sandia/oscil_dcop_19/oscil_dcop_19.mtx,packsell_pack16,structural_related,half,ok,7,430,430,1544,,0.004156,0.004156,,0.742951,,,,,,0.000344207,2.293
Sandia/oscil_dcop_19/oscil_dcop_19.mtx,packsell_pack32,structural_related,float,ok,7,430,430,1544,,0.004306,0.004306,,0.7172,,,,,,9.60322e-08,2.007
Sandia/oscil_dcop_19/oscil_dcop_19.mtx,spaden_bitmap_float,structural_related,float,ok,7,430,430,1544,,0.0071,0.0071,,0.4365,153.32,92.2,,,,5.352764e-07,2.334
Sandia/oscil_dcop_20/oscil_dcop_20.mtx,cusparse_double,main,double,ok,4,430,430,1544,0.1141,0.0117,0.0117,0.0102,,,,,,,,1.497
Sandia/oscil_dcop_20/oscil_dcop_20.mtx,cusparse_float,main_float,float,ok,6,430,430,1544,0.1438,0.0079,0.0079,0.0061,,,,,,,,1.602
Sandia/oscil_dcop_20/oscil_dcop_20.mtx,dasp_double,main,double,ok,6,,,,0.0320,0.0099,0.0099,,0.3135,,,,,,,1.984
Sandia/oscil_dcop_20/oscil_dcop_20.mtx,dasp_half,main_reduced_precision,half,ok,6,,,,0.0280,0.0038,0.0038,,0.8105,,,,,,,1.837
Sandia/oscil_dcop_20/oscil_dcop_20.mtx,packsell_pack16,structural_related,half,ok,6,430,430,1544,,0.004117,0.004117,,0.750115,,,,,,0.000344205,3.421
Sandia/oscil_dcop_20/oscil_dcop_20.mtx,packsell_pack32,structural_related,float,ok,6,430,430,1544,,0.004293,0.004293,,0.719232,,,,,,9.07978e-08,2.919
Sandia/oscil_dcop_20/oscil_dcop_20.mtx,spaden_bitmap_float,structural_related,float,ok,6,430,430,1544,,0.0071,0.0071,,0.4366,76.24,92.2,,,,5.352792e-07,1.745
Sandia/oscil_dcop_21/oscil_dcop_21.mtx,cusparse_double,main,double,ok,7,430,430,1544,0.1266,0.0119,0.0119,0.0099,,,,,,,,0.345
Sandia/oscil_dcop_21/oscil_dcop_21.mtx,cusparse_float,main_float,float,ok,3,430,430,1544,0.1335,0.0073,0.0073,0.0061,,,,,,,,1.639
Sandia/oscil_dcop_21/oscil_dcop_21.mtx,dasp_double,main,double,ok,3,,,,0.0310,0.0041,0.0041,,0.7528,,,,,,,1.938
Sandia/oscil_dcop_21/oscil_dcop_21.mtx,dasp_half,main_reduced_precision,half,ok,3,,,,0.0200,0.0041,0.0041,,0.7532,,,,,,,1.267
Sandia/oscil_dcop_21/oscil_dcop_21.mtx,packsell_pack16,structural_related,half,ok,3,430,430,1544,,0.003345,0.003345,,0.923059,,,,,,0.000344205,2.659
Sandia/oscil_dcop_21/oscil_dcop_21.mtx,packsell_pack32,structural_related,float,ok,3,430,430,1544,,0.004323,0.004323,,0.714291,,,,,,9.08835e-08,2.819
Sandia/oscil_dcop_21/oscil_dcop_21.mtx,spaden_bitmap_float,structural_related,float,ok,3,430,430,1544,,0.0071,0.0071,,0.4359,86.91,92.2,,,,5.352781e-07,1.634
Sandia/oscil_dcop_22/oscil_dcop_22.mtx,cusparse_double,main,double,ok,4,430,430,1544,0.1194,0.0118,0.0118,0.0102,,,,,,,,1.338
Sandia/oscil_dcop_22/oscil_dcop_22.mtx,cusparse_float,main_float,float,ok,5,430,430,1544,0.1443,0.0078,0.0078,0.0062,,,,,,,,1.606
Sandia/oscil_dcop_22/oscil_dcop_22.mtx,dasp_double,main,double,ok,5,,,,0.0270,0.0041,0.0041,,0.7524,,,,,,,1.935
Sandia/oscil_dcop_22/oscil_dcop_22.mtx,dasp_half,main_reduced_precision,half,ok,5,,,,0.0200,0.0041,0.0041,,0.7530,,,,,,,1.709
Sandia/oscil_dcop_22/oscil_dcop_22.mtx,packsell_pack16,structural_related,half,ok,5,430,430,1544,,0.003368,0.003368,,0.91681,,,,,,0.000344205,2.324
Sandia/oscil_dcop_22/oscil_dcop_22.mtx,packsell_pack32,structural_related,float,ok,5,430,430,1544,,0.004332,0.004332,,0.712873,,,,,,9.45167e-08,2.112
Sandia/oscil_dcop_22/oscil_dcop_22.mtx,spaden_bitmap_float,structural_related,float,ok,5,430,430,1544,,0.0069,0.0069,,0.4455,10.33,92.2,,,,5.352804e-07,1.467
Sandia/oscil_dcop_23/oscil_dcop_23.mtx,cusparse_double,main,double,ok,7,430,430,1544,0.1249,0.0118,0.0118,0.0102,,,,,,,,0.393
Sandia/oscil_dcop_23/oscil_dcop_23.mtx,cusparse_float,main_float,float,ok,5,430,430,1544,0.1352,0.0078,0.0078,0.0065,,,,,,,,1.783
Sandia/oscil_dcop_23/oscil_dcop_23.mtx,dasp_double,main,double,ok,5,,,,0.0250,0.0041,0.0041,,0.7526,,,,,,,2.057
Sandia/oscil_dcop_23/oscil_dcop_23.mtx,dasp_half,main_reduced_precision,half,ok,5,,,,0.0310,0.0065,0.0065,,0.4768,,,,,,,1.821
Sandia/oscil_dcop_23/oscil_dcop_23.mtx,packsell_pack16,structural_related,half,ok,5,430,430,1544,,0.003730,0.003730,,0.827786,,,,,,0.000344205,2.829
Sandia/oscil_dcop_23/oscil_dcop_23.mtx,packsell_pack32,structural_related,float,ok,5,430,430,1544,,0.004305,0.004305,,0.717239,,,,,,9.21245e-08,3.539
Sandia/oscil_dcop_23/oscil_dcop_23.mtx,spaden_bitmap_float,structural_related,float,ok,5,430,430,1544,,0.0071,0.0071,,0.4364,28.56,92.2,,,,5.352795e-07,1.508
Sandia/oscil_dcop_24/oscil_dcop_24.mtx,cusparse_double,main,double,ok,1,430,430,1544,0.1284,0.0116,0.0116,0.0100,,,,,,,,0.399
Sandia/oscil_dcop_24/oscil_dcop_24.mtx,cusparse_float,main_float,float,ok,7,430,430,1544,0.1344,0.0079,0.0079,0.0058,,,,,,,,1.246
Sandia/oscil_dcop_24/oscil_dcop_24.mtx,dasp_double,main,double,ok,7,,,,0.0270,0.0041,0.0041,,0.7524,,,,,,,1.681
Sandia/oscil_dcop_24/oscil_dcop_24.mtx,dasp_half,main_reduced_precision,half,ok,7,,,,0.0240,0.0041,0.0041,,0.7528,,,,,,,2.071
Sandia/oscil_dcop_24/oscil_dcop_24.mtx,packsell_pack16,structural_related,half,ok,7,430,430,1544,,0.004264,0.004264,,0.724169,,,,,,0.000344205,2.092
Sandia/oscil_dcop_24/oscil_dcop_24.mtx,packsell_pack32,structural_related,float,ok,7,430,430,1544,,0.004300,0.004300,,0.718156,,,,,,9.86203e-08,2.138
Sandia/oscil_dcop_24/oscil_dcop_24.mtx,spaden_bitmap_float,structural_related,float,ok,7,430,430,1544,,0.0071,0.0071,,0.4378,47.12,92.2,,,,5.352775e-07,1.662
Sandia/oscil_dcop_25/oscil_dcop_25.mtx,cusparse_double,main,double,ok,5,430,430,1544,0.1535,0.0141,0.0141,0.0102,,,,,,,,0.909
Sandia/oscil_dcop_25/oscil_dcop_25.mtx,cusparse_float,main_float,float,ok,3,430,430,1544,0.1254,0.0075,0.0075,0.0060,,,,,,,,1.548
Sandia/oscil_dcop_25/oscil_dcop_25.mtx,dasp_double,main,double,ok,3,,,,0.0480,0.0121,0.0121,,0.2556,,,,,,,1.529
Sandia/oscil_dcop_25/oscil_dcop_25.mtx,dasp_half,main_reduced_precision,half,ok,3,,,,0.0230,0.0041,0.0041,,0.7532,,,,,,,1.968
Sandia/oscil_dcop_25/oscil_dcop_25.mtx,packsell_pack16,structural_related,half,ok,3,430,430,1544,,0.003701,0.003701,,0.834369,,,,,,0.000344211,2.645
Sandia/oscil_dcop_25/oscil_dcop_25.mtx,packsell_pack32,structural_related,float,ok,3,430,430,1544,,0.004389,0.004389,,0.703593,,,,,,9.21168e-08,2.284
Sandia/oscil_dcop_25/oscil_dcop_25.mtx,spaden_bitmap_float,structural_related,float,ok,3,430,430,1544,,0.0070,0.0070,,0.4436,27.81,92.2,,,,5.352784e-07,1.445
Sandia/oscil_dcop_26/oscil_dcop_26.mtx,cusparse_double,main,double,ok,7,430,430,1544,0.1256,0.0119,0.0119,0.0102,,,,,,,,0.397
Sandia/oscil_dcop_26/oscil_dcop_26.mtx,cusparse_float,main_float,float,ok,4,430,430,1544,0.1360,0.0079,0.0079,0.0067,,,,,,,,1.456
Sandia/oscil_dcop_26/oscil_dcop_26.mtx,dasp_double,main,double,ok,4,,,,0.0270,0.0041,0.0041,,0.7524,,,,,,,1.424
Sandia/oscil_dcop_26/oscil_dcop_26.mtx,dasp_half,main_reduced_precision,half,ok,4,,,,0.0290,0.0047,0.0047,,0.6611,,,,,,,1.748
Sandia/oscil_dcop_26/oscil_dcop_26.mtx,packsell_pack16,structural_related,half,ok,4,430,430,1544,,0.004058,0.004058,,0.760978,,,,,,0.000343736,3.240
Sandia/oscil_dcop_26/oscil_dcop_26.mtx,packsell_pack32,structural_related,float,ok,4,430,430,1544,,0.004323,0.004323,,0.714313,,,,,,9.42557e-08,2.555
Sandia/oscil_dcop_26/oscil_dcop_26.mtx,spaden_bitmap_float,structural_related,float,ok,4,430,430,1544,,0.0071,0.0071,,0.4325,30.88,92.2,,,,5.352823e-07,2.279
Sandia/oscil_dcop_27/oscil_dcop_27.mtx,cusparse_double,main,double,ok,5,430,430,1544,0.1511,0.0140,0.0140,0.0102,,,,,,,,0.976
Sandia/oscil_dcop_27/oscil_dcop_27.mtx,cusparse_float,main_float,float,ok,4,430,430,1544,0.1328,0.0079,0.0079,0.0051,,,,,,,,1.491
Sandia/oscil_dcop_27/oscil_dcop_27.mtx,dasp_double,main,double,ok,4,,,,0.0290,0.0041,0.0041,,0.7528,,,,,,,1.336
Sandia/oscil_dcop_27/oscil_dcop_27.mtx,dasp_half,main_reduced_precision,half,ok,4,,,,0.0270,0.0094,0.0094,,0.3302,,,,,,,1.800
Sandia/oscil_dcop_27/oscil_dcop_27.mtx,packsell_pack16,structural_related,half,ok,4,430,430,1544,,0.004262,0.004262,,0.72452,,,,,,0.000348274,3.768
Sandia/oscil_dcop_27/oscil_dcop_27.mtx,packsell_pack32,structural_related,float,ok,4,430,430,1544,,0.004310,0.004310,,0.716534,,,,,,9.41561e-08,2.147
Sandia/oscil_dcop_27/oscil_dcop_27.mtx,spaden_bitmap_float,structural_related,float,ok,4,430,430,1544,,0.0072,0.0072,,0.4288,22.97,92.2,,,,5.352811e-07,1.235
Sandia/oscil_dcop_28/oscil_dcop_28.mtx,cusparse_double,main,double,ok,5,430,430,1544,0.1556,0.0134,0.0134,0.0102,,,,,,,,0.932
Sandia/oscil_dcop_28/oscil_dcop_28.mtx,cusparse_float,main_float,float,ok,6,430,430,1544,0.1345,0.0079,0.0079,0.0063,,,,,,,,1.588
Sandia/oscil_dcop_28/oscil_dcop_28.mtx,dasp_double,main,double,ok,6,,,,0.0310,0.0041,0.0041,,0.7528,,,,,,,1.839
Sandia/oscil_dcop_28/oscil_dcop_28.mtx,dasp_half,main_reduced_precision,half,ok,6,,,,0.0250,0.0092,0.0092,,0.3341,,,,,,,1.866
Sandia/oscil_dcop_28/oscil_dcop_28.mtx,packsell_pack16,structural_related,half,ok,6,430,430,1544,,0.004471,0.004471,,0.69073,,,,,,0.000343736,2.003
Sandia/oscil_dcop_28/oscil_dcop_28.mtx,packsell_pack32,structural_related,float,ok,6,430,430,1544,,0.004385,0.004385,,0.704224,,,,,,9.2117e-08,2.103
Sandia/oscil_dcop_28/oscil_dcop_28.mtx,spaden_bitmap_float,structural_related,float,ok,6,430,430,1544,,0.0071,0.0071,,0.4363,34.93,92.2,,,,5.352802e-07,2.064
Sandia/oscil_dcop_29/oscil_dcop_29.mtx,cusparse_double,main,double,ok,6,430,430,1544,0.1401,0.0126,0.0126,0.0103,,,,,,,,1.723
Sandia/oscil_dcop_29/oscil_dcop_29.mtx,cusparse_float,main_float,float,ok,4,430,430,1544,0.1491,0.0077,0.0077,0.0051,,,,,,,,1.817
Sandia/oscil_dcop_29/oscil_dcop_29.mtx,dasp_double,main,double,ok,4,,,,0.0290,0.0041,0.0041,,0.7524,,,,,,,1.778
Sandia/oscil_dcop_29/oscil_dcop_29.mtx,dasp_half,main_reduced_precision,half,ok,4,,,,0.0220,0.0041,0.0041,,0.7528,,,,,,,1.790
Sandia/oscil_dcop_29/oscil_dcop_29.mtx,packsell_pack16,structural_related,half,ok,4,430,430,1544,,0.003914,0.003914,,0.78905,,,,,,0.000343736,1.882
Sandia/oscil_dcop_29/oscil_dcop_29.mtx,packsell_pack32,structural_related,float,ok,4,430,430,1544,,0.004322,0.004322,,0.714506,,,,,,9.31755e-08,1.794
Sandia/oscil_dcop_29/oscil_dcop_29.mtx,spaden_bitmap_float,structural_related,float,ok,4,430,430,1544,,0.0073,0.0073,,0.4205,24.98,92.2,,,,5.352771e-07,2.078
Sandia/oscil_dcop_30/oscil_dcop_30.mtx,cusparse_double,main,double,ok,1,430,430,1544,0.1404,0.0119,0.0119,0.0103,,,,,,,,0.398
Sandia/oscil_dcop_30/oscil_dcop_30.mtx,cusparse_float,main_float,float,ok,7,430,430,1544,0.1296,0.0081,0.0081,0.0065,,,,,,,,1.725
Sandia/oscil_dcop_30/oscil_dcop_30.mtx,dasp_double,main,double,ok,7,,,,0.0270,0.0041,0.0041,,0.7526,,,,,,,1.144
Sandia/oscil_dcop_30/oscil_dcop_30.mtx,dasp_half,main_reduced_precision,half,ok,7,,,,0.0240,0.0060,0.0060,,0.5173,,,,,,,1.685
Sandia/oscil_dcop_30/oscil_dcop_30.mtx,packsell_pack16,structural_related,half,ok,7,430,430,1544,,0.004057,0.004057,,0.761222,,,,,,0.000343736,2.570
Sandia/oscil_dcop_30/oscil_dcop_30.mtx,packsell_pack32,structural_related,float,ok,7,430,430,1544,,0.004258,0.004258,,0.725178,,,,,,9.21169e-08,3.415
Sandia/oscil_dcop_30/oscil_dcop_30.mtx,spaden_bitmap_float,structural_related,float,ok,7,430,430,1544,,0.0069,0.0069,,0.4448,40.07,92.2,,,,5.352762e-07,1.828
Sandia/oscil_dcop_31/oscil_dcop_31.mtx,cusparse_double,main,double,ok,2,430,430,1544,0.1629,0.0166,0.0166,0.0143,,,,,,,,1.172
Sandia/oscil_dcop_31/oscil_dcop_31.mtx,cusparse_float,main_float,float,ok,2,430,430,1544,0.1280,0.0080,0.0080,0.0061,,,,,,,,1.770
Sandia/oscil_dcop_31/oscil_dcop_31.mtx,dasp_double,main,double,ok,2,,,,0.0280,0.0111,0.0111,,0.2782,,,,,,,1.626
Sandia/oscil_dcop_31/oscil_dcop_31.mtx,dasp_half,main_reduced_precision,half,ok,2,,,,0.0280,0.0041,0.0041,,0.7530,,,,,,,1.621
Sandia/oscil_dcop_31/oscil_dcop_31.mtx,packsell_pack16,structural_related,half,ok,2,430,430,1544,,0.003595,0.003595,,0.858859,,,,,,0.000343736,2.336
Sandia/oscil_dcop_31/oscil_dcop_31.mtx,packsell_pack32,structural_related,float,ok,2,430,430,1544,,0.004355,0.004355,,0.709086,,,,,,9.21169e-08,1.969
Sandia/oscil_dcop_31/oscil_dcop_31.mtx,spaden_bitmap_float,structural_related,float,ok,2,430,430,1544,,0.0071,0.0071,,0.4378,154.62,92.2,,,,5.352779e-07,2.025
Sandia/oscil_dcop_32/oscil_dcop_32.mtx,cusparse_double,main,double,ok,3,430,430,1544,0.1543,0.0117,0.0117,0.0102,,,,,,,,1.260
Sandia/oscil_dcop_32/oscil_dcop_32.mtx,cusparse_float,main_float,float,ok,6,430,430,1544,0.1304,0.0077,0.0077,0.0058,,,,,,,,1.550
Sandia/oscil_dcop_32/oscil_dcop_32.mtx,dasp_double,main,double,ok,6,,,,0.0340,0.0041,0.0041,,0.7526,,,,,,,1.817
Sandia/oscil_dcop_32/oscil_dcop_32.mtx,dasp_half,main_reduced_precision,half,ok,6,,,,0.0260,0.0041,0.0041,,0.7532,,,,,,,1.856
Sandia/oscil_dcop_32/oscil_dcop_32.mtx,packsell_pack16,structural_related,half,ok,6,430,430,1544,,0.004080,0.004080,,0.756782,,,,,,0.000343736,1.705
Sandia/oscil_dcop_32/oscil_dcop_32.mtx,packsell_pack32,structural_related,float,ok,6,430,430,1544,,0.004406,0.004406,,0.700921,,,,,,9.2117e-08,2.424
Sandia/oscil_dcop_32/oscil_dcop_32.mtx,spaden_bitmap_float,structural_related,float,ok,6,430,430,1544,,0.0074,0.0074,,0.4197,26.05,92.2,,,,5.352762e-07,2.038
Sandia/oscil_dcop_33/oscil_dcop_33.mtx,cusparse_double,main,double,ok,1,430,430,1544,0.1283,0.0121,0.0121,0.0102,,,,,,,,0.401
Sandia/oscil_dcop_33/oscil_dcop_33.mtx,cusparse_float,main_float,float,ok,4,430,430,1544,0.1411,0.0078,0.0078,0.0061,,,,,,,,1.513
Sandia/oscil_dcop_33/oscil_dcop_33.mtx,dasp_double,main,double,ok,4,,,,0.0320,0.0167,0.0167,,0.1848,,,,,,,1.790
Sandia/oscil_dcop_33/oscil_dcop_33.mtx,dasp_half,main_reduced_precision,half,ok,4,,,,0.0230,0.0041,0.0041,,0.7532,,,,,,,1.973
Sandia/oscil_dcop_33/oscil_dcop_33.mtx,packsell_pack16,structural_related,half,ok,4,430,430,1544,,0.003949,0.003949,,0.782036,,,,,,0.000343736,2.523
Sandia/oscil_dcop_33/oscil_dcop_33.mtx,packsell_pack32,structural_related,float,ok,4,430,430,1544,,0.004322,0.004322,,0.714506,,,,,,9.33516e-08,2.432
Sandia/oscil_dcop_33/oscil_dcop_33.mtx,spaden_bitmap_float,structural_related,float,ok,4,430,430,1544,,0.0071,0.0071,,0.4367,46.79,92.2,,,,5.352745e-07,1.797
Sandia/oscil_dcop_34/oscil_dcop_34.mtx,cusparse_double,main,double,ok,3,430,430,1544,0.1290,0.0122,0.0122,0.0102,,,,,,,,1.335
Sandia/oscil_dcop_34/oscil_dcop_34.mtx,cusparse_float,main_float,float,ok,5,430,430,1544,0.1318,0.0078,0.0078,0.0062,,,,,,,,1.589
Sandia/oscil_dcop_34/oscil_dcop_34.mtx,dasp_double,main,double,ok,5,,,,0.0340,0.0041,0.0041,,0.7523,,,,,,,1.972
Sandia/oscil_dcop_34/oscil_dcop_34.mtx,dasp_half,main_reduced_precision,half,ok,5,,,,0.0250,0.0040,0.0040,,0.7676,,,,,,,1.363
Sandia/oscil_dcop_34/oscil_dcop_34.mtx,packsell_pack16,structural_related,half,ok,5,430,430,1544,,0.003346,0.003346,,0.922875,,,,,,0.000343736,2.498
Sandia/oscil_dcop_34/oscil_dcop_34.mtx,packsell_pack32,structural_related,float,ok,5,430,430,1544,,0.004218,0.004218,,0.732129,,,,,,9.21169e-08,2.725
Sandia/oscil_dcop_34/oscil_dcop_34.mtx,spaden_bitmap_float,structural_related,float,ok,5,430,430,1544,,0.0071,0.0071,,0.4353,11.98,92.2,,,,5.352739e-07,1.542
Sandia/oscil_dcop_35/oscil_dcop_35.mtx,cusparse_double,main,double,ok,6,430,430,1544,0.1484,0.0127,0.0127,0.0102,,,,,,,,1.372
Sandia/oscil_dcop_35/oscil_dcop_35.mtx,cusparse_float,main_float,float,ok,2,430,430,1544,0.1342,0.0080,0.0080,0.0061,,,,,,,,1.551
Sandia/oscil_dcop_35/oscil_dcop_35.mtx,dasp_double,main,double,ok,2,,,,0.0370,0.0041,0.0041,,0.7526,,,,,,,1.815
Sandia/oscil_dcop_35/oscil_dcop_35.mtx,dasp_half,main_reduced_precision,half,ok,2,,,,0.0300,0.0040,0.0040,,0.7627,,,,,,,1.231
Sandia/oscil_dcop_35/oscil_dcop_35.mtx,packsell_pack16,structural_related,half,ok,2,430,430,1544,,0.004219,0.004219,,0.731875,,,,,,0.000344771,3.138
Sandia/oscil_dcop_35/oscil_dcop_35.mtx,packsell_pack32,structural_related,float,ok,2,430,430,1544,,0.004535,0.004535,,0.680946,,,,,,9.46184e-08,2.374
Sandia/oscil_dcop_35/oscil_dcop_35.mtx,spaden_bitmap_float,structural_related,float,ok,2,430,430,1544,,0.0073,0.0073,,0.4224,42.94,92.2,,,,5.352733e-07,1.481
Sandia/oscil_dcop_36/oscil_dcop_36.mtx,cusparse_double,main,double,ok,3,430,430,1544,0.1309,0.0118,0.0118,0.0102,,,,,,,,1.219
Sandia/oscil_dcop_36/oscil_dcop_36.mtx,cusparse_float,main_float,float,ok,6,430,430,1544,0.1325,0.0078,0.0078,0.0062,,,,,,,,1.879
Sandia/oscil_dcop_36/oscil_dcop_36.mtx,dasp_double,main,double,ok,6,,,,0.0310,0.0069,0.0069,,0.4486,,,,,,,1.804
Sandia/oscil_dcop_36/oscil_dcop_36.mtx,dasp_half,main_reduced_precision,half,ok,6,,,,0.0270,0.0041,0.0041,,0.7530,,,,,,,1.435
Sandia/oscil_dcop_36/oscil_dcop_36.mtx,packsell_pack16,structural_related,half,ok,6,430,430,1544,,0.004259,0.004259,,0.725036,,,,,,0.000344412,2.325
Sandia/oscil_dcop_36/oscil_dcop_36.mtx,packsell_pack32,structural_related,float,ok,6,430,430,1544,,0.004713,0.004713,,0.655223,,,,,,9.2117e-08,2.448
Sandia/oscil_dcop_36/oscil_dcop_36.mtx,spaden_bitmap_float,structural_related,float,ok,6,430,430,1544,,0.0070,0.0070,,0.4419,64.89,92.2,,,,5.352735e-07,2.218
Sandia/oscil_dcop_37/oscil_dcop_37.mtx,cusparse_double,main,double,ok,1,430,430,1544,0.1349,0.0116,0.0116,0.0102,,,,,,,,0.350
Sandia/oscil_dcop_37/oscil_dcop_37.mtx,cusparse_float,main_float,float,ok,6,430,430,1544,0.1292,0.0077,0.0077,0.0062,,,,,,,,1.530
Sandia/oscil_dcop_37/oscil_dcop_37.mtx,dasp_double,main,double,ok,6,,,,0.0270,0.0041,0.0041,,0.7528,,,,,,,1.588
Sandia/oscil_dcop_37/oscil_dcop_37.mtx,dasp_half,main_reduced_precision,half,ok,6,,,,0.0230,0.0041,0.0041,,0.7530,,,,,,,1.472
Sandia/oscil_dcop_37/oscil_dcop_37.mtx,packsell_pack16,structural_related,half,ok,6,430,430,1544,,0.004206,0.004206,,0.734236,,,,,,0.000344281,2.407
Sandia/oscil_dcop_37/oscil_dcop_37.mtx,packsell_pack32,structural_related,float,ok,6,430,430,1544,,0.004359,0.004359,,0.708392,,,,,,9.2117e-08,2.653
Sandia/oscil_dcop_37/oscil_dcop_37.mtx,spaden_bitmap_float,structural_related,float,ok,6,430,430,1544,,0.0070,0.0070,,0.4412,28.91,92.2,,,,5.352732e-07,1.729
Sandia/oscil_dcop_38/oscil_dcop_38.mtx,cusparse_double,main,double,ok,5,430,430,1544,0.1629,0.0137,0.0137,0.0097,,,,,,,,0.945
Sandia/oscil_dcop_38/oscil_dcop_38.mtx,cusparse_float,main_float,float,ok,2,430,430,1544,0.1259,0.0080,0.0080,0.0062,,,,,,,,1.520
Sandia/oscil_dcop_38/oscil_dcop_38.mtx,dasp_double,main,double,ok,2,,,,0.0290,0.0041,0.0041,,0.7524,,,,,,,1.788
Sandia/oscil_dcop_38/oscil_dcop_38.mtx,dasp_half,main_reduced_precision,half,ok,2,,,,0.0200,0.0041,0.0041,,0.7528,,,,,,,1.563
Sandia/oscil_dcop_38/oscil_dcop_38.mtx,packsell_pack16,structural_related,half,ok,2,430,430,1544,,0.002991,0.002991,,1.03247,,,,,,0.000344233,2.857
Sandia/oscil_dcop_38/oscil_dcop_38.mtx,packsell_pack32,structural_related,float,ok,2,430,430,1544,,0.004454,0.004454,,0.693377,,,,,,9.2117e-08,3.066
Sandia/oscil_dcop_38/oscil_dcop_38.mtx,spaden_bitmap_float,structural_related,float,ok,2,430,430,1544,,0.0070,0.0070,,0.4384,116.82,92.2,,,,5.352731e-07,1.885
Sandia/oscil_dcop_39/oscil_dcop_39.mtx,cusparse_double,main,double,ok,7,430,430,1544,0.1228,0.0118,0.0118,0.0102,,,,,,,,0.343
Sandia/oscil_dcop_39/oscil_dcop_39.mtx,cusparse_float,main_float,float,ok,3,430,430,1544,0.1335,0.0078,0.0078,0.0059,,,,,,,,1.687
Sandia/oscil_dcop_39/oscil_dcop_39.mtx,dasp_double,main,double,ok,3,,,,0.0290,0.0061,0.0061,,0.5043,,,,,,,1.468
Sandia/oscil_dcop_39/oscil_dcop_39.mtx,dasp_half,main_reduced_precision,half,ok,3,,,,0.0240,0.0095,0.0095,,0.3246,,,,,,,1.432
Sandia/oscil_dcop_39/oscil_dcop_39.mtx,packsell_pack16,structural_related,half,ok,3,430,430,1544,,0.004231,0.004231,,0.729857,,,,,,0.000344215,2.355
Sandia/oscil_dcop_39/oscil_dcop_39.mtx,packsell_pack32,structural_related,float,ok,3,430,430,1544,,0.004296,0.004296,,0.718808,,,,,,9.2117e-08,2.248
Sandia/oscil_dcop_39/oscil_dcop_39.mtx,spaden_bitmap_float,structural_related,float,ok,3,430,430,1544,,0.0070,0.0070,,0.4397,30.05,92.2,,,,5.352731e-07,1.652
Sandia/oscil_dcop_40/oscil_dcop_40.mtx,cusparse_double,main,double,ok,6,430,430,1544,0.1404,0.0121,0.0121,0.0102,,,,,,,,1.350
Sandia/oscil_dcop_40/oscil_dcop_40.mtx,cusparse_float,main_float,float,ok,3,430,430,1544,0.1339,0.0074,0.0074,0.0051,,,,,,,,1.575
Sandia/oscil_dcop_40/oscil_dcop_40.mtx,dasp_double,main,double,ok,3,,,,0.0280,0.0062,0.0062,,0.4962,,,,,,,1.611
Sandia/oscil_dcop_40/oscil_dcop_40.mtx,dasp_half,main_reduced_precision,half,ok,3,,,,0.0270,0.0041,0.0041,,0.7530,,,,,,,1.580
Sandia/oscil_dcop_40/oscil_dcop_40.mtx,packsell_pack16,structural_related,half,ok,3,430,430,1544,,0.003605,0.003605,,0.856651,,,,,,0.000344209,3.237
Sandia/oscil_dcop_40/oscil_dcop_40.mtx,packsell_pack32,structural_related,float,ok,3,430,430,1544,,0.004313,0.004313,,0.715964,,,,,,9.2117e-08,1.609
Sandia/oscil_dcop_40/oscil_dcop_40.mtx,spaden_bitmap_float,structural_related,float,ok,3,430,430,1544,,0.0070,0.0070,,0.4399,19.08,92.2,,,,5.352731e-07,1.943
Sandia/oscil_dcop_41/oscil_dcop_41.mtx,cusparse_double,main,double,ok,2,430,430,1544,0.1548,0.0164,0.0164,0.0102,,,,,,,,1.145
Sandia/oscil_dcop_41/oscil_dcop_41.mtx,cusparse_float,main_float,float,ok,6,430,430,1544,0.1325,0.0076,0.0076,0.0062,,,,,,,,1.683
Sandia/oscil_dcop_41/oscil_dcop_41.mtx,dasp_double,main,double,ok,6,,,,0.0360,0.0069,0.0069,,0.4498,,,,,,,1.859
Sandia/oscil_dcop_41/oscil_dcop_41.mtx,dasp_half,main_reduced_precision,half,ok,6,,,,0.0200,0.0041,0.0041,,0.7530,,,,,,,1.366
Sandia/oscil_dcop_41/oscil_dcop_41.mtx,packsell_pack16,structural_related,half,ok,6,430,430,1544,,0.003382,0.003382,,0.913123,,,,,,0.000344206,2.468
Sandia/oscil_dcop_41/oscil_dcop_41.mtx,packsell_pack32,structural_related,float,ok,6,430,430,1544,,0.004340,0.004340,,0.71157,,,,,,9.2117e-08,2.027
Sandia/oscil_dcop_41/oscil_dcop_41.mtx,spaden_bitmap_float,structural_related,float,ok,6,430,430,1544,,0.0072,0.0072,,0.4316,13.41,92.2,,,,5.352731e-07,1.618
Sandia/oscil_dcop_42/oscil_dcop_42.mtx,cusparse_double,main,double,ok,5,430,430,1544,0.1261,0.0118,0.0118,0.0102,,,,,,,,0.813
Sandia/oscil_dcop_42/oscil_dcop_42.mtx,cusparse_float,main_float,float,ok,5,430,430,1544,0.1349,0.0082,0.0082,0.0067,,,,,,,,1.521
Sandia/oscil_dcop_42/oscil_dcop_42.mtx,dasp_double,main,double,ok,5,,,,0.0290,0.0041,0.0041,,0.7523,,,,,,,1.615
Sandia/oscil_dcop_42/oscil_dcop_42.mtx,dasp_half,main_reduced_precision,half,ok,5,,,,0.0260,0.0041,0.0041,,0.7530,,,,,,,1.772
Sandia/oscil_dcop_42/oscil_dcop_42.mtx,packsell_pack16,structural_related,half,ok,5,430,430,1544,,0.003269,0.003269,,0.94466,,,,,,0.000344205,3.272
Sandia/oscil_dcop_42/oscil_dcop_42.mtx,packsell_pack32,structural_related,float,ok,5,430,430,1544,,0.004305,0.004305,,0.717344,,,,,,9.2117e-08,3.725
Sandia/oscil_dcop_42/oscil_dcop_42.mtx,spaden_bitmap_float,structural_related,float,ok,5,430,430,1544,,0.0087,0.0087,,0.3535,8.01,92.2,,,,5.352731e-07,1.187
Sandia/oscil_dcop_43/oscil_dcop_43.mtx,cusparse_double,main,double,ok,6,430,430,1544,0.1452,0.0121,0.0121,0.0102,,,,,,,,1.281
Sandia/oscil_dcop_43/oscil_dcop_43.mtx,cusparse_float,main_float,float,ok,6,430,430,1544,0.1406,0.0078,0.0078,0.0062,,,,,,,,1.680
Sandia/oscil_dcop_43/oscil_dcop_43.mtx,dasp_double,main,double,ok,6,,,,0.0310,0.0082,0.0082,,0.3776,,,,,,,1.871
Sandia/oscil_dcop_43/oscil_dcop_43.mtx,dasp_half,main_reduced_precision,half,ok,6,,,,0.0250,0.0039,0.0039,,0.8010,,,,,,,1.466
Sandia/oscil_dcop_43/oscil_dcop_43.mtx,packsell_pack16,structural_related,half,ok,6,430,430,1544,,0.003342,0.003342,,0.924044,,,,,,0.000344205,2.810
Sandia/oscil_dcop_43/oscil_dcop_43.mtx,packsell_pack32,structural_related,float,ok,6,430,430,1544,,0.004341,0.004341,,0.71133,,,,,,9.2117e-08,2.485
Sandia/oscil_dcop_43/oscil_dcop_43.mtx,spaden_bitmap_float,structural_related,float,ok,6,430,430,1544,,0.0070,0.0070,,0.4409,52.03,92.2,,,,5.352731e-07,2.000
Sandia/oscil_dcop_44/oscil_dcop_44.mtx,cusparse_double,main,double,ok,7,430,430,1544,0.1275,0.0122,0.0122,0.0102,,,,,,,,0.404
Sandia/oscil_dcop_44/oscil_dcop_44.mtx,cusparse_float,main_float,float,ok,4,430,430,1544,0.1365,0.0079,0.0079,0.0061,,,,,,,,1.659
Sandia/oscil_dcop_44/oscil_dcop_44.mtx,dasp_double,main,double,ok,4,,,,0.0310,0.0059,0.0059,,0.5228,,,,,,,1.761
Sandia/oscil_dcop_44/oscil_dcop_44.mtx,dasp_half,main_reduced_precision,half,ok,4,,,,0.0250,0.0041,0.0041,,0.7589,,,,,,,1.745
Sandia/oscil_dcop_44/oscil_dcop_44.mtx,packsell_pack16,structural_related,half,ok,4,430,430,1544,,0.003722,0.003722,,0.829766,,,,,,0.000344205,2.448
Sandia/oscil_dcop_44/oscil_dcop_44.mtx,packsell_pack32,structural_related,float,ok,4,430,430,1544,,0.004233,0.004233,,0.72946,,,,,,9.2117e-08,2.947
Sandia/oscil_dcop_44/oscil_dcop_44.mtx,spaden_bitmap_float,structural_related,float,ok,4,430,430,1544,,0.0072,0.0072,,0.4300,34.70,92.2,,,,5.352731e-07,1.764
Sandia/oscil_dcop_45/oscil_dcop_45.mtx,cusparse_double,main,double,ok,5,430,430,1544,0.1365,0.0117,0.0117,0.0100,,,,,,,,0.831
Sandia/oscil_dcop_45/oscil_dcop_45.mtx,cusparse_float,main_float,float,ok,7,430,430,1544,0.1268,0.0081,0.0081,0.0066,,,,,,,,1.713
Sandia/oscil_dcop_45/oscil_dcop_45.mtx,dasp_double,main,double,ok,7,,,,0.0260,0.0041,0.0041,,0.7530,,,,,,,1.001
Sandia/oscil_dcop_45/oscil_dcop_45.mtx,dasp_half,main_reduced_precision,half,ok,7,,,,0.0250,0.0037,0.0037,,0.8252,,,,,,,2.151
Sandia/oscil_dcop_45/oscil_dcop_45.mtx,packsell_pack16,structural_related,half,ok,7,430,430,1544,,0.004092,0.004092,,0.754705,,,,,,0.000344205,2.806
Sandia/oscil_dcop_45/oscil_dcop_45.mtx,packsell_pack32,structural_related,float,ok,7,430,430,1544,,0.004367,0.004367,,0.707116,,,,,,9.2117e-08,3.338
Sandia/oscil_dcop_45/oscil_dcop_45.mtx,spaden_bitmap_float,structural_related,float,ok,7,430,430,1544,,0.0071,0.0071,,0.4353,27.80,92.2,,,,5.352731e-07,1.751
Sandia/oscil_dcop_46/oscil_dcop_46.mtx,cusparse_double,main,double,ok,1,430,430,1544,0.1388,0.0119,0.0119,0.0102,,,,,,,,0.396
Sandia/oscil_dcop_46/oscil_dcop_46.mtx,cusparse_float,main_float,float,ok,4,430,430,1544,0.1359,0.0075,0.0075,0.0060,,,,,,,,1.497
Sandia/oscil_dcop_46/oscil_dcop_46.mtx,dasp_double,main,double,ok,4,,,,0.0440,0.0041,0.0041,,0.7524,,,,,,,1.830
Sandia/oscil_dcop_46/oscil_dcop_46.mtx,dasp_half,main_reduced_precision,half,ok,4,,,,0.0310,0.0041,0.0041,,0.7528,,,,,,,1.146
Sandia/oscil_dcop_46/oscil_dcop_46.mtx,packsell_pack16,structural_related,half,ok,4,430,430,1544,,0.003917,0.003917,,0.788285,,,,,,0.000344205,2.988
Sandia/oscil_dcop_46/oscil_dcop_46.mtx,packsell_pack32,structural_related,float,ok,4,430,430,1544,,0.004321,0.004321,,0.714693,,,,,,9.2117e-08,3.067
Sandia/oscil_dcop_46/oscil_dcop_46.mtx,spaden_bitmap_float,structural_related,float,ok,4,430,430,1544,,0.0071,0.0071,,0.4378,29.81,92.2,,,,5.352731e-07,1.748
Sandia/oscil_dcop_47/oscil_dcop_47.mtx,cusparse_double,main,double,ok,3,430,430,1544,0.1256,0.0119,0.0119,0.0102,,,,,,,,1.258
Sandia/oscil_dcop_47/oscil_dcop_47.mtx,cusparse_float,main_float,float,ok,6,430,430,1544,0.4142,0.0076,0.0076,0.0058,,,,,,,,1.597
Sandia/oscil_dcop_47/oscil_dcop_47.mtx,dasp_double,main,double,ok,6,,,,0.0260,0.0041,0.0041,,0.7526,,,,,,,2.107
Sandia/oscil_dcop_47/oscil_dcop_47.mtx,dasp_half,main_reduced_precision,half,ok,6,,,,0.0230,0.0041,0.0041,,0.7530,,,,,,,1.864
Sandia/oscil_dcop_47/oscil_dcop_47.mtx,packsell_pack16,structural_related,half,ok,6,430,430,1544,,0.003367,0.003367,,0.917255,,,,,,0.000344205,2.691
Sandia/oscil_dcop_47/oscil_dcop_47.mtx,packsell_pack32,structural_related,float,ok,6,430,430,1544,,0.004319,0.004319,,0.714942,,,,,,9.2117e-08,2.280
Sandia/oscil_dcop_47/oscil_dcop_47.mtx,spaden_bitmap_float,structural_related,float,ok,6,430,430,1544,,0.0070,0.0070,,0.4438,9.85,92.2,,,,5.352731e-07,1.792
Sandia/oscil_dcop_48/oscil_dcop_48.mtx,cusparse_double,main,double,ok,5,430,430,1544,0.1329,0.0117,0.0117,0.0101,,,,,,,,0.770
Sandia/oscil_dcop_48/oscil_dcop_48.mtx,cusparse_float,main_float,float,ok,6,430,430,1544,0.1404,0.0079,0.0079,0.0063,,,,,,,,1.642
Sandia/oscil_dcop_48/oscil_dcop_48.mtx,dasp_double,main,double,ok,6,,,,0.0430,0.0062,0.0062,,0.5006,,,,,,,1.665
Sandia/oscil_dcop_48/oscil_dcop_48.mtx,dasp_half,main_reduced_precision,half,ok,6,,,,0.0520,0.0041,0.0041,,0.7534,,,,,,,1.541
Sandia/oscil_dcop_48/oscil_dcop_48.mtx,packsell_pack16,structural_related,half,ok,6,430,430,1544,,0.004280,0.004280,,0.721428,,,,,,0.000344205,3.115
Sandia/oscil_dcop_48/oscil_dcop_48.mtx,packsell_pack32,structural_related,float,ok,6,430,430,1544,,0.004301,0.004301,,0.717973,,,,,,9.2117e-08,2.364
Sandia/oscil_dcop_48/oscil_dcop_48.mtx,spaden_bitmap_float,structural_related,float,ok,6,430,430,1544,,0.0069,0.0069,,0.4486,17.79,92.2,,,,5.352731e-07,1.498
Sandia/oscil_dcop_49/oscil_dcop_49.mtx,cusparse_double,main,double,ok,4,430,430,1544,0.1339,0.0134,0.0134,0.0102,,,,,,,,1.410
Sandia/oscil_dcop_49/oscil_dcop_49.mtx,cusparse_float,main_float,float,ok,3,430,430,1544,0.1355,0.0075,0.0075,0.0060,,,,,,,,1.576
Sandia/oscil_dcop_49/oscil_dcop_49.mtx,dasp_double,main,double,ok,3,,,,0.0270,0.0041,0.0041,,0.7530,,,,,,,1.351
Sandia/oscil_dcop_49/oscil_dcop_49.mtx,dasp_half,main_reduced_precision,half,ok,3,,,,0.0260,0.0041,0.0041,,0.7528,,,,,,,1.725
Sandia/oscil_dcop_49/oscil_dcop_49.mtx,packsell_pack16,structural_related,half,ok,3,430,430,1544,,0.004191,0.004191,,0.736788,,,,,,0.000344205,2.794
Sandia/oscil_dcop_49/oscil_dcop_49.mtx,packsell_pack32,structural_related,float,ok,3,430,430,1544,,0.004291,0.004291,,0.719595,,,,,,9.2117e-08,1.758
Sandia/oscil_dcop_49/oscil_dcop_49.mtx,spaden_bitmap_float,structural_related,float,ok,3,430,430,1544,,0.0070,0.0070,,0.4408,19.05,92.2,,,,5.352731e-07,1.819
Sandia/oscil_dcop_50/oscil_dcop_50.mtx,cusparse_double,main,double,ok,6,430,430,1544,0.1371,0.0124,0.0124,0.0102,,,,,,,,1.338
Sandia/oscil_dcop_50/oscil_dcop_50.mtx,cusparse_float,main_float,float,ok,5,430,430,1544,0.1290,0.0081,0.0081,0.0066,,,,,,,,1.677
Sandia/oscil_dcop_50/oscil_dcop_50.mtx,dasp_double,main,double,ok,5,,,,0.0290,0.0059,0.0059,,0.5215,,,,,,,1.905
Sandia/oscil_dcop_50/oscil_dcop_50.mtx,dasp_half,main_reduced_precision,half,ok,5,,,,0.0220,0.0041,0.0041,,0.7534,,,,,,,1.209
Sandia/oscil_dcop_50/oscil_dcop_50.mtx,packsell_pack16,structural_related,half,ok,5,430,430,1544,,0.004039,0.004039,,0.76459,,,,,,0.000344205,2.778
Sandia/oscil_dcop_50/oscil_dcop_50.mtx,packsell_pack32,structural_related,float,ok,5,430,430,1544,,0.007408,0.007408,,0.416871,,,,,,9.2117e-08,2.713
Sandia/oscil_dcop_50/oscil_dcop_50.mtx,spaden_bitmap_float,structural_related,float,ok,5,430,430,1544,,0.0070,0.0070,,0.4406,16.76,92.2,,,,5.352731e-07,1.441
Sandia/oscil_dcop_51/oscil_dcop_51.mtx,cusparse_double,main,double,ok,3,430,430,1544,0.1281,0.0117,0.0117,0.0102,,,,,,,,1.665
Sandia/oscil_dcop_51/oscil_dcop_51.mtx,cusparse_float,main_float,float,ok,3,430,430,1544,0.1321,0.0075,0.0075,0.0059,,,,,,,,1.668
Sandia/oscil_dcop_51/oscil_dcop_51.mtx,dasp_double,main,double,ok,3,,,,0.0310,0.0062,0.0062,,0.4953,,,,,,,2.161
Sandia/oscil_dcop_51/oscil_dcop_51.mtx,dasp_half,main_reduced_precision,half,ok,3,,,,0.0250,0.0041,0.0041,,0.7530,,,,,,,1.547
Sandia/oscil_dcop_51/oscil_dcop_51.mtx,packsell_pack16,structural_related,half,ok,3,430,430,1544,,0.004264,0.004264,,0.724129,,,,,,0.000344205,2.424
Sandia/oscil_dcop_51/oscil_dcop_51.mtx,packsell_pack32,structural_related,float,ok,3,430,430,1544,,0.007391,0.007391,,0.417809,,,,,,9.2117e-08,2.393
Sandia/oscil_dcop_51/oscil_dcop_51.mtx,spaden_bitmap_float,structural_related,float,ok,3,430,430,1544,,0.0072,0.0072,,0.4300,21.81,92.2,,,,5.352731e-07,1.503
Sandia/oscil_dcop_52/oscil_dcop_52.mtx,cusparse_double,main,double,ok,7,430,430,1544,0.1307,0.0122,0.0122,0.0102,,,,,,,,0.402
Sandia/oscil_dcop_52/oscil_dcop_52.mtx,cusparse_float,main_float,float,ok,2,430,430,1544,0.1335,0.0083,0.0083,0.0053,,,,,,,,1.422
Sandia/oscil_dcop_52/oscil_dcop_52.mtx,dasp_double,main,double,ok,2,,,,0.0310,0.0041,0.0041,,0.7528,,,,,,,1.902
Sandia/oscil_dcop_52/oscil_dcop_52.mtx,dasp_half,main_reduced_precision,half,ok,2,,,,0.0220,0.0041,0.0041,,0.7530,,,,,,,1.460
Sandia/oscil_dcop_52/oscil_dcop_52.mtx,packsell_pack16,structural_related,half,ok,2,430,430,1544,,0.004235,0.004235,,0.729185,,,,,,0.000344205,3.243
Sandia/oscil_dcop_52/oscil_dcop_52.mtx,packsell_pack32,structural_related,float,ok,2,430,430,1544,,0.004280,0.004280,,0.721462,,,,,,9.2117e-08,2.182
Sandia/oscil_dcop_52/oscil_dcop_52.mtx,spaden_bitmap_float,structural_related,float,ok,2,430,430,1544,,0.0073,0.0073,,0.4249,18.02,92.2,,,,5.352731e-07,1.981
Sandia/oscil_dcop_53/oscil_dcop_53.mtx,cusparse_double,main,double,ok,2,430,430,1544,0.1592,0.0160,0.0160,0.0102,,,,,,,,1.320
Sandia/oscil_dcop_53/oscil_dcop_53.mtx,cusparse_float,main_float,float,ok,4,430,430,1544,0.1369,0.0084,0.0084,0.0075,,,,,,,,1.683
Sandia/oscil_dcop_53/oscil_dcop_53.mtx,dasp_double,main,double,ok,4,,,,0.0300,0.0041,0.0041,,0.7524,,,,,,,1.716
Sandia/oscil_dcop_53/oscil_dcop_53.mtx,dasp_half,main_reduced_precision,half,ok,4,,,,0.0350,0.0065,0.0065,,0.4733,,,,,,,1.521
Sandia/oscil_dcop_53/oscil_dcop_53.mtx,packsell_pack16,structural_related,half,ok,4,430,430,1544,,0.004194,0.004194,,0.736267,,,,,,0.000344205,2.872
Sandia/oscil_dcop_53/oscil_dcop_53.mtx,packsell_pack32,structural_related,float,ok,4,430,430,1544,,0.004189,0.004189,,0.737087,,,,,,9.2117e-08,2.227
Sandia/oscil_dcop_53/oscil_dcop_53.mtx,spaden_bitmap_float,structural_related,float,ok,4,430,430,1544,,0.0069,0.0069,,0.4451,88.54,92.2,,,,5.352731e-07,1.388
Sandia/oscil_dcop_54/oscil_dcop_54.mtx,cusparse_double,main,double,ok,2,430,430,1544,0.1644,0.0166,0.0166,0.0143,,,,,,,,1.143
Sandia/oscil_dcop_54/oscil_dcop_54.mtx,cusparse_float,main_float,float,ok,4,430,430,1544,0.1293,0.0079,0.0079,0.0061,,,,,,,,1.410
Sandia/oscil_dcop_54/oscil_dcop_54.mtx,dasp_double,main,double,ok,4,,,,0.0290,0.0041,0.0041,,0.7524,,,,,,,1.530
Sandia/oscil_dcop_54/oscil_dcop_54.mtx,dasp_half,main_reduced_precision,half,ok,4,,,,0.0270,0.0051,0.0051,,0.6092,,,,,,,1.414
Sandia/oscil_dcop_54/oscil_dcop_54.mtx,packsell_pack16,structural_related,half,ok,4,430,430,1544,,0.003856,0.003856,,0.800795,,,,,,0.000344205,2.699
Sandia/oscil_dcop_54/oscil_dcop_54.mtx,packsell_pack32,structural_related,float,ok,4,430,430,1544,,0.004337,0.004337,,0.711975,,,,,,9.2117e-08,1.905
Sandia/oscil_dcop_54/oscil_dcop_54.mtx,spaden_bitmap_float,structural_related,float,ok,4,430,430,1544,,0.0069,0.0069,,0.4445,21.37,92.2,,,,5.352731e-07,1.815
Sandia/oscil_dcop_55/oscil_dcop_55.mtx,cusparse_double,main,double,ok,1,430,430,1544,0.1254,0.0117,0.0117,0.0102,,,,,,,,0.396
Sandia/oscil_dcop_55/oscil_dcop_55.mtx,cusparse_float,main_float,float,ok,7,430,430,1544,0.1330,0.0079,0.0079,0.0065,,,,,,,,1.745
Sandia/oscil_dcop_55/oscil_dcop_55.mtx,dasp_double,main,double,ok,7,,,,0.0270,0.0041,0.0041,,0.7528,,,,,,,1.361
Sandia/oscil_dcop_55/oscil_dcop_55.mtx,dasp_half,main_reduced_precision,half,ok,7,,,,0.0220,0.0060,0.0060,,0.5140,,,,,,,1.400
Sandia/oscil_dcop_55/oscil_dcop_55.mtx,packsell_pack16,structural_related,half,ok,7,430,430,1544,,0.003354,0.003354,,0.920765,,,,,,0.000344205,2.415
Sandia/oscil_dcop_55/oscil_dcop_55.mtx,packsell_pack32,structural_related,float,ok,7,430,430,1544,,0.004327,0.004327,,0.713702,,,,,,9.2117e-08,2.629
Sandia/oscil_dcop_55/oscil_dcop_55.mtx,spaden_bitmap_float,structural_related,float,ok,7,430,430,1544,,0.0069,0.0069,,0.4497,74.88,92.2,,,,5.352731e-07,1.989
Sandia/oscil_dcop_56/oscil_dcop_56.mtx,cusparse_double,main,double,ok,4,430,430,1544,0.1406,0.0127,0.0127,0.0102,,,,,,,,1.652
Sandia/oscil_dcop_56/oscil_dcop_56.mtx,cusparse_float,main_float,float,ok,2,430,430,1544,0.1359,0.0080,0.0080,0.0067,,,,,,,,1.573
Sandia/oscil_dcop_56/oscil_dcop_56.mtx,dasp_double,main,double,ok,2,,,,0.0320,0.0041,0.0041,,0.7519,,,,,,,1.880
Sandia/oscil_dcop_56/oscil_dcop_56.mtx,dasp_half,main_reduced_precision,half,ok,2,,,,0.0220,0.0041,0.0041,,0.7528,,,,,,,1.377
Sandia/oscil_dcop_56/oscil_dcop_56.mtx,packsell_pack16,structural_related,half,ok,2,430,430,1544,,0.004200,0.004200,,0.735267,,,,,,0.000344205,2.930
Sandia/oscil_dcop_56/oscil_dcop_56.mtx,packsell_pack32,structural_related,float,ok,2,430,430,1544,,0.004244,0.004244,,0.727695,,,,,,9.2117e-08,2.202
Sandia/oscil_dcop_56/oscil_dcop_56.mtx,spaden_bitmap_float,structural_related,float,ok,2,430,430,1544,,0.0070,0.0070,,0.4398,19.60,92.2,,,,5.352731e-07,2.145
Sandia/oscil_dcop_57/oscil_dcop_57.mtx,cusparse_double,main,double,ok,1,430,430,1544,0.1550,0.0119,0.0119,0.0103,,,,,,,,0.409
Sandia/oscil_dcop_57/oscil_dcop_57.mtx,cusparse_float,main_float,float,ok,7,430,430,1544,0.1403,0.0081,0.0081,0.0061,,,,,,,,1.629
Sandia/oscil_dcop_57/oscil_dcop_57.mtx,dasp_double,main,double,ok,7,,,,0.0430,0.0059,0.0059,,0.5213,,,,,,,1.514
Sandia/oscil_dcop_57/oscil_dcop_57.mtx,dasp_half,main_reduced_precision,half,ok,7,,,,0.0400,0.0041,0.0041,,0.7528,,,,,,,1.411
Sandia/oscil_dcop_57/oscil_dcop_57.mtx,packsell_pack16,structural_related,half,ok,7,430,430,1544,,0.004219,0.004219,,0.73191,,,,,,0.000344205,2.772
Sandia/oscil_dcop_57/oscil_dcop_57.mtx,packsell_pack32,structural_related,float,ok,7,430,430,1544,,0.004410,0.004410,,0.700195,,,,,,9.2117e-08,2.602
Sandia/oscil_dcop_57/oscil_dcop_57.mtx,spaden_bitmap_float,structural_related,float,ok,7,430,430,1544,,0.0073,0.0073,,0.4229,12.29,92.2,,,,5.352731e-07,1.354
Schenk_IBMNA/c-18/c-18.mtx,cusparse_double,main,double,ok,7,2169,2169,15145,0.1491,0.0172,0.0172,0.0143,,,,,,,,0.659
Schenk_IBMNA/c-18/c-18.mtx,cusparse_float,main_float,float,ok,5,2169,2169,15145,0.1293,0.0100,0.0100,0.0082,,,,,,,,1.536
Schenk_IBMNA/c-18/c-18.mtx,dasp_double,main,double,ok,5,,,,0.2320,0.0184,0.0184,,1.6435,,,,,,,2.033
Schenk_IBMNA/c-18/c-18.mtx,dasp_half,main_reduced_precision,half,ok,5,,,,0.1770,0.0082,0.0082,,3.6957,,,,,,,1.846
Schenk_IBMNA/c-18/c-18.mtx,packsell_pack16,structural_related,half,ok,5,2169,2169,15145,,0.012502,0.012502,,2.42275,,,,,,0.000443651,2.851
Schenk_IBMNA/c-18/c-18.mtx,packsell_pack32,structural_related,float,ok,5,2169,2169,15145,,0.020769,0.020769,,1.45845,,,,,,1.74244e-07,2.995
Schenk_IBMNA/c-18/c-18.mtx,spaden_bitmap_float,structural_related,float,ok,5,2169,2169,15145,,0.0173,0.0173,,1.7501,28.03,81.8,,,,5.343959e-09,1.505
Schenk_IBMNA/c-19/c-19.mtx,cusparse_double,main,double,ok,6,2327,2327,21817,0.1295,0.0142,0.0142,0.0123,,,,,,,,1.080
Schenk_IBMNA/c-19/c-19.mtx,cusparse_float,main_float,float,ok,4,2327,2327,21817,0.1340,0.0091,0.0091,0.0082,,,,,,,,1.519
Schenk_IBMNA/c-19/c-19.mtx,dasp_double,main,double,ok,4,,,,0.2830,0.0272,0.0272,,1.6041,,,,,,,1.300
Schenk_IBMNA/c-19/c-19.mtx,dasp_half,main_reduced_precision,half,ok,4,,,,0.2330,0.0082,0.0082,,5.3193,,,,,,,1.457
Schenk_IBMNA/c-19/c-19.mtx,packsell_pack16,structural_related,half,ok,4,2327,2327,21817,,0.022812,0.022812,,1.91275,,,,,,0.000438135,4.080
Schenk_IBMNA/c-19/c-19.mtx,packsell_pack32,structural_related,float,ok,4,2327,2327,21817,,0.043195,0.043195,,1.01017,,,,,,2.4238e-07,2.701
Schenk_IBMNA/c-19/c-19.mtx,spaden_bitmap_float,structural_related,float,ok,4,2327,2327,21817,,0.0213,0.0213,,2.0512,133.80,80.4,,,,4.873528e-08,1.594
Schenk_IBMNA/c-20/c-20.mtx,cusparse_double,main,double,ok,1,2921,2921,20445,0.1352,0.0139,0.0139,0.0123,,,,,,,,0.407
Schenk_IBMNA/c-20/c-20.mtx,cusparse_float,main_float,float,ok,6,2921,2921,20445,0.1361,0.0100,0.0100,0.0090,,,,,,,,1.568
Schenk_IBMNA/c-20/c-20.mtx,dasp_double,main,double,ok,6,,,,0.2870,0.0143,0.0143,,3.1634,,,,,,,1.654
Schenk_IBMNA/c-20/c-20.mtx,dasp_half,main_reduced_precision,half,ok,6,,,,0.2480,0.0082,0.0082,,5.5309,,,,,,,1.581
Schenk_IBMNA/c-20/c-20.mtx,packsell_pack16,structural_related,half,ok,6,2921,2921,20445,,0.012221,0.012221,,3.346,,,,,,0.000395783,2.606
Schenk_IBMNA/c-20/c-20.mtx,packsell_pack32,structural_related,float,ok,6,2921,2921,20445,,0.020713,0.020713,,1.97408,,,,,,1.14446e-07,2.410
Schenk_IBMNA/c-20/c-20.mtx,spaden_bitmap_float,structural_related,float,ok,6,2921,2921,22685,,0.0236,0.0236,,1.9232,114.41,76.1,,,,2.679027e-12,2.142
Schenk_IBMNA/c-22/c-22.mtx,cusparse_double,main,double,ok,4,3792,3792,28870,0.1481,0.0147,0.0147,0.0123,,,,,,,,1.260
Schenk_IBMNA/c-22/c-22.mtx,cusparse_float,main_float,float,ok,6,3792,3792,28870,0.3369,0.0095,0.0095,0.0082,,,,,,,,1.588
Schenk_IBMNA/c-22/c-22.mtx,dasp_double,main,double,ok,6,,,,0.3760,0.0225,0.0225,,2.5637,,,,,,,1.566
Schenk_IBMNA/c-22/c-22.mtx,dasp_half,main_reduced_precision,half,ok,6,,,,0.3100,0.0114,0.0114,,5.0653,,,,,,,1.737
Schenk_IBMNA/c-22/c-22.mtx,packsell_pack16,structural_related,half,ok,6,3792,3792,28870,,0.014458,0.014458,,3.99354,,,,,,0.000416119,3.373
Schenk_IBMNA/c-22/c-22.mtx,packsell_pack32,structural_related,float,ok,6,3792,3792,28870,,0.024837,0.024837,,2.3248,,,,,,1.25543e-07,2.909
Schenk_IBMNA/c-22/c-22.mtx,spaden_bitmap_float,structural_related,float,ok,6,3792,3792,28872,,0.0357,0.0357,,1.6190,28.37,79.7,,,,2.659396e-10,1.374
Schenk_IBMNA/c-23/c-23.mtx,cusparse_double,main,double,ok,1,3969,3969,31079,0.1344,0.0139,0.0139,0.0123,,,,,,,,0.404
Schenk_IBMNA/c-23/c-23.mtx,cusparse_float,main_float,float,ok,4,3969,3969,31079,0.1375,0.0087,0.0087,0.0078,,,,,,,,1.663
Schenk_IBMNA/c-23/c-23.mtx,dasp_double,main,double,ok,4,,,,0.3240,0.0082,0.0082,,7.5784,,,,,,,1.646
Schenk_IBMNA/c-23/c-23.mtx,dasp_half,main_reduced_precision,half,ok,4,,,,0.3550,0.0073,0.0073,,8.5429,,,,,,,1.184
Schenk_IBMNA/c-23/c-23.mtx,packsell_pack16,structural_related,half,ok,4,3969,3969,31079,,0.038724,0.038724,,1.60516,,,,,,0.00045096,3.605
Schenk_IBMNA/c-23/c-23.mtx,packsell_pack32,structural_related,float,ok,4,3969,3969,31079,,0.072811,0.072811,,0.853687,,,,,,2.17771e-07,2.707
Schenk_IBMNA/c-23/c-23.mtx,spaden_bitmap_float,structural_related,float,ok,4,3969,3969,31079,,0.0279,0.0279,,2.2308,48.52,76.5,,,,8.598277e-08,1.740
Schenk_IBMNA/c-24/c-24.mtx,cusparse_double,main,double,ok,4,4119,4119,35699,0.1316,0.0155,0.0155,0.0123,,,,,,,,1.385
Schenk_IBMNA/c-24/c-24.mtx,cusparse_float,main_float,float,ok,3,4119,4119,35699,0.1301,0.0085,0.0085,0.0076,,,,,,,,1.639
Schenk_IBMNA/c-24/c-24.mtx,dasp_double,main,double,ok,3,,,,0.4410,0.0205,0.0205,,3.4837,,,,,,,1.385
Schenk_IBMNA/c-24/c-24.mtx,dasp_half,main_reduced_precision,half,ok,3,,,,0.3860,0.0103,0.0103,,6.9650,,,,,,,1.439
Schenk_IBMNA/c-24/c-24.mtx,packsell_pack16,structural_related,half,ok,3,4119,4119,35699,,0.014602,0.014602,,4.88951,,,,,,0.000433307,3.413
Schenk_IBMNA/c-24/c-24.mtx,packsell_pack32,structural_related,float,ok,3,4119,4119,35699,,0.026902,0.026902,,2.65405,,,,,,1.46573e-07,3.996
Schenk_IBMNA/c-24/c-24.mtx,spaden_bitmap_float,structural_related,float,ok,3,4119,4119,35699,,0.0256,0.0256,,2.7929,12.93,72.4,,,,4.396110e-09,1.802
Schenk_IBMNA/c-25/c-25.mtx,cusparse_double,main,double,ok,2,3797,3797,49635,0.1387,0.0137,0.0137,0.0123,,,,,,,,1.378
Schenk_IBMNA/c-25/c-25.mtx,cusparse_float,main_float,float,ok,7,3797,3797,49635,0.1375,0.0084,0.0084,0.0077,,,,,,,,1.845
Schenk_IBMNA/c-25/c-25.mtx,dasp_double,main,double,ok,7,,,,0.6030,0.0168,0.0168,,5.9016,,,,,,,1.385
Schenk_IBMNA/c-25/c-25.mtx,dasp_half,main_reduced_precision,half,ok,7,,,,0.4760,0.0190,0.0190,,5.2324,,,,,,,1.709
Schenk_IBMNA/c-25/c-25.mtx,packsell_pack16,structural_related,half,ok,7,3797,3797,49635,,0.035057,0.035057,,2.83166,,,,,,0.000432543,4.231
Schenk_IBMNA/c-25/c-25.mtx,packsell_pack32,structural_related,float,ok,7,3797,3797,49635,,0.067855,0.067855,,1.46298,,,,,,3.64948e-07,2.567
Schenk_IBMNA/c-25/c-25.mtx,spaden_bitmap_float,structural_related,float,ok,7,3797,3797,49635,,0.0335,0.0335,,2.9656,29.71,75.5,,,,1.124512e-07,1.732
Schenk_IBMNA/c-26/c-26.mtx,cusparse_double,main,double,ok,4,4307,4307,34537,0.1726,0.0150,0.0150,0.0123,,,,,,,,1.099
Schenk_IBMNA/c-26/c-26.mtx,cusparse_float,main_float,float,ok,5,4307,4307,34537,0.1421,0.0105,0.0105,0.0079,,,,,,,,1.602
Schenk_IBMNA/c-26/c-26.mtx,dasp_double,main,double,ok,5,,,,0.3750,0.0085,0.0085,,8.1715,,,,,,,1.596
Schenk_IBMNA/c-26/c-26.mtx,dasp_half,main_reduced_precision,half,ok,5,,,,0.3830,0.0061,0.0061,,11.2389,,,,,,,2.176
Schenk_IBMNA/c-26/c-26.mtx,packsell_pack16,structural_related,half,ok,5,4307,4307,34537,,0.025881,0.025881,,2.66891,,,,,,0.0004368,2.068
Schenk_IBMNA/c-26/c-26.mtx,packsell_pack32,structural_related,float,ok,5,4307,4307,34537,,0.048305,0.048305,,1.42994,,,,,,1.54186e-07,2.835
Schenk_IBMNA/c-26/c-26.mtx,spaden_bitmap_float,structural_related,float,ok,5,4307,4307,34537,,0.0281,0.0281,,2.4615,18.98,76.7,,,,1.768602e-10,1.864
Schenk_IBMNA/c-27/c-27.mtx,cusparse_double,main,double,ok,3,4563,4563,30927,0.1432,0.0149,0.0149,0.0123,,,,,,,,0.804
Schenk_IBMNA/c-27/c-27.mtx,cusparse_float,main_float,float,ok,6,4563,4563,30927,0.2258,0.0105,0.0105,0.0092,,,,,,,,1.817
Schenk_IBMNA/c-27/c-27.mtx,dasp_double,main,double,ok,6,,,,0.3810,0.0123,0.0123,,5.1062,,,,,,,1.804
Schenk_IBMNA/c-27/c-27.mtx,dasp_half,main_reduced_precision,half,ok,6,,,,0.3260,0.0123,0.0123,,5.0818,,,,,,,2.057
Schenk_IBMNA/c-27/c-27.mtx,packsell_pack16,structural_related,half,ok,6,4563,4563,30927,,0.022767,0.022767,,2.7168,,,,,,0.000408952,3.810
Schenk_IBMNA/c-27/c-27.mtx,packsell_pack32,structural_related,float,ok,6,4563,4563,30927,,0.043172,0.043172,,1.43272,,,,,,1.4614e-07,2.013
Schenk_IBMNA/c-27/c-27.mtx,spaden_bitmap_float,structural_related,float,ok,6,4563,4563,31375,,0.0194,0.0194,,3.2414,133.00,83.5,,,,3.376373e-09,1.934
Schenk_IBMNA/c-28/c-28.mtx,cusparse_double,main,double,ok,2,4598,4598,30590,0.1283,0.0151,0.0151,0.0123,,,,,,,,1.161
Schenk_IBMNA/c-28/c-28.mtx,cusparse_float,main_float,float,ok,2,4598,4598,30590,0.1417,0.0095,0.0095,0.0078,,,,,,,,1.808
Schenk_IBMNA/c-28/c-28.mtx,dasp_double,main,double,ok,2,,,,0.3460,0.0082,0.0082,,7.4619,,,,,,,2.154
Schenk_IBMNA/c-28/c-28.mtx,dasp_half,main_reduced_precision,half,ok,2,,,,0.3510,0.0116,0.0116,,5.2642,,,,,,,1.853
Schenk_IBMNA/c-28/c-28.mtx,packsell_pack16,structural_related,half,ok,2,4598,4598,30590,,0.022833,0.022833,,2.67949,,,,,,0.00044845,3.782
Schenk_IBMNA/c-28/c-28.mtx,packsell_pack32,structural_related,float,ok,2,4598,4598,30590,,0.043258,0.043258,,1.41431,,,,,,1.61506e-07,3.538
Schenk_IBMNA/c-28/c-28.mtx,spaden_bitmap_float,structural_related,float,ok,2,4598,4598,30590,,0.0214,0.0214,,2.8575,17.40,83.5,,,,2.600666e-11,1.716
Schenk_IBMNA/c-29/c-29.mtx,cusparse_double,main,double,ok,2,5033,5033,43731,0.1347,0.0146,0.0146,0.0123,,,,,,,,1.377
Schenk_IBMNA/c-29/c-29.mtx,cusparse_float,main_float,float,ok,2,5033,5033,43731,0.1405,0.0102,0.0102,0.0082,,,,,,,,1.570
Schenk_IBMNA/c-29/c-29.mtx,dasp_double,main,double,ok,2,,,,0.4630,0.0164,0.0164,,5.3386,,,,,,,1.174
Schenk_IBMNA/c-29/c-29.mtx,dasp_half,main_reduced_precision,half,ok,2,,,,0.4030,0.0082,0.0082,,10.6648,,,,,,,1.921
Schenk_IBMNA/c-29/c-29.mtx,packsell_pack16,structural_related,half,ok,2,5033,5033,43731,,0.028989,0.028989,,3.0171,,,,,,0.000445157,2.575
Schenk_IBMNA/c-29/c-29.mtx,packsell_pack32,structural_related,float,ok,2,5033,5033,43731,,0.055494,0.055494,,1.57606,,,,,,2.82455e-07,2.929
Schenk_IBMNA/c-29/c-29.mtx,spaden_bitmap_float,structural_related,float,ok,2,5033,5033,43731,,0.0378,0.0378,,2.3156,19.06,77.4,,,,5.253983e-10,1.558
Schenk_IBMNA/c-33/c-33.mtx,cusparse_double,main,double,ok,5,6317,6317,56123,0.1434,0.0150,0.0150,0.0123,,,,,,,,1.270
Schenk_IBMNA/c-33/c-33.mtx,cusparse_float,main_float,float,ok,2,6317,6317,56123,0.1322,0.0100,0.0100,0.0086,,,,,,,,1.803
Schenk_IBMNA/c-33/c-33.mtx,dasp_double,main,double,ok,2,,,,0.5690,0.0205,0.0205,,5.4816,,,,,,,1.524
Schenk_IBMNA/c-33/c-33.mtx,dasp_half,main_reduced_precision,half,ok,2,,,,0.5960,0.0103,0.0103,,10.9476,,,,,,,1.485
Schenk_IBMNA/c-33/c-33.mtx,packsell_pack16,structural_related,half,ok,2,6317,6317,56123,,0.057586,0.057586,,1.94918,,,,,,0.000439503,2.471
Schenk_IBMNA/c-33/c-33.mtx,packsell_pack32,structural_related,float,ok,2,6317,6317,56123,,0.200090,0.200090,,0.560978,,,,,,3.19225e-07,2.352
Schenk_IBMNA/c-33/c-33.mtx,spaden_bitmap_float,structural_related,float,ok,2,6317,6317,56123,,0.0910,0.0910,,1.2334,17.12,70.5,,,,3.477803e-08,1.609
Schenk_IBMNA/c-34/c-34.mtx,cusparse_double,main,double,ok,1,6611,6611,64333,0.1500,0.0164,0.0164,0.0143,,,,,,,,0.422
Schenk_IBMNA/c-34/c-34.mtx,cusparse_float,main_float,float,ok,4,6611,6611,64333,0.1326,0.0084,0.0084,0.0077,,,,,,,,1.589
Schenk_IBMNA/c-34/c-34.mtx,dasp_double,main,double,ok,4,,,,0.7740,0.0246,0.0246,,5.2233,,,,,,,2.000
Schenk_IBMNA/c-34/c-34.mtx,dasp_half,main_reduced_precision,half,ok,4,,,,0.6310,0.0102,0.0102,,12.5638,,,,,,,1.427
Schenk_IBMNA/c-34/c-34.mtx,packsell_pack16,structural_related,half,ok,4,6611,6611,64333,,0.049416,0.049416,,2.60373,,,,,,0.000442683,2.482
Schenk_IBMNA/c-34/c-34.mtx,packsell_pack32,structural_related,float,ok,4,6611,6611,64333,,0.095123,0.095123,,1.35263,,,,,,1.61692e-07,2.935
Schenk_IBMNA/c-34/c-34.mtx,spaden_bitmap_float,structural_related,float,ok,4,6611,6611,64333,,0.0316,0.0316,,4.0706,29.00,74.3,,,,1.558729e-08,1.505
Schenk_IBMNA/c-35/c-35.mtx,cusparse_double,main,double,ok,7,6537,6537,62891,0.1507,0.0176,0.0176,0.0143,,,,,,,,1.047
Schenk_IBMNA/c-35/c-35.mtx,cusparse_float,main_float,float,ok,4,6537,6537,62891,0.1387,0.0091,0.0091,0.0078,,,,,,,,1.429
Schenk_IBMNA/c-35/c-35.mtx,dasp_double,main,double,ok,4,,,,0.9970,0.0062,0.0062,,20.4457,,,,,,,1.856
Schenk_IBMNA/c-35/c-35.mtx,dasp_half,main_reduced_precision,half,ok,4,,,,0.5390,0.0046,0.0046,,27.1902,,,,,,,1.759
Schenk_IBMNA/c-35/c-35.mtx,packsell_pack16,structural_related,half,ok,4,6537,6537,62891,,0.053504,0.053504,,2.35089,,,,,,0.000446929,2.574
Schenk_IBMNA/c-35/c-35.mtx,packsell_pack32,structural_related,float,ok,4,6537,6537,62891,,0.106756,0.106756,,1.17822,,,,,,2.77954e-07,2.947
Schenk_IBMNA/c-35/c-35.mtx,spaden_bitmap_float,structural_related,float,ok,4,6537,6537,62891,,0.0398,0.0398,,3.1595,29.36,77.4,,,,8.667821e-08,1.573
Schenk_IBMNA/c-36/c-36.mtx,cusparse_double,main,double,ok,2,7479,7479,65941,0.1485,0.0146,0.0146,0.0123,,,,,,,,1.482
Schenk_IBMNA/c-36/c-36.mtx,cusparse_float,main_float,float,ok,6,7479,7479,65941,0.1383,0.0098,0.0098,0.0082,,,,,,,,1.613
Schenk_IBMNA/c-36/c-36.mtx,dasp_double,main,double,ok,6,,,,0.6750,0.0246,0.0246,,5.3619,,,,,,,1.940
Schenk_IBMNA/c-36/c-36.mtx,dasp_half,main_reduced_precision,half,ok,6,,,,0.6400,0.0103,0.0103,,12.8440,,,,,,,1.394
Schenk_IBMNA/c-36/c-36.mtx,packsell_pack16,structural_related,half,ok,6,7479,7479,65941,,0.039119,0.039119,,3.3713,,,,,,0.00041793,2.562
Schenk_IBMNA/c-36/c-36.mtx,packsell_pack32,structural_related,float,ok,6,7479,7479,65941,,0.468020,0.468020,,0.281786,,,,,,1.34263e-07,2.834
Schenk_IBMNA/c-36/c-36.mtx,spaden_bitmap_float,structural_related,float,ok,6,7479,7479,65941,,0.0705,0.0705,,1.8708,53.25,76.3,,,,9.202105e-09,2.033
Schenk_IBMNA/c-37/c-37.mtx,cusparse_double,main,double,ok,4,8204,8204,74676,0.1451,0.0154,0.0154,0.0123,,,,,,,,1.141
Schenk_IBMNA/c-37/c-37.mtx,cusparse_float,main_float,float,ok,4,8204,8204,74676,0.1393,0.0088,0.0088,0.0077,,,,,,,,1.493
Schenk_IBMNA/c-37/c-37.mtx,dasp_double,main,double,ok,4,,,,0.8840,0.0123,0.0123,,12.1434,,,,,,,1.961
Schenk_IBMNA/c-37/c-37.mtx,dasp_half,main_reduced_precision,half,ok,4,,,,0.7610,0.0082,0.0082,,18.2248,,,,,,,1.905
Schenk_IBMNA/c-37/c-37.mtx,packsell_pack16,structural_related,half,ok,4,8204,8204,74676,,0.037137,0.037137,,4.02169,,,,,,0.000440659,2.913
Schenk_IBMNA/c-37/c-37.mtx,packsell_pack32,structural_related,float,ok,4,8204,8204,74676,,0.080206,0.080206,,1.86211,,,,,,1.71633e-07,3.119
Schenk_IBMNA/c-37/c-37.mtx,spaden_bitmap_float,structural_related,float,ok,4,8204,8204,74676,,0.0266,0.0266,,5.6194,345.99,81.5,,,,2.336777e-09,2.342
Schenk_IBMNA/c-38/c-38.mtx,cusparse_double,main,double,ok,5,8127,8127,77689,0.1383,0.0158,0.0158,0.0123,,,,,,,,1.511
Schenk_IBMNA/c-38/c-38.mtx,cusparse_float,main_float,float,ok,7,8127,8127,77689,0.1360,0.0102,0.0102,0.0087,,,,,,,,1.524
Schenk_IBMNA/c-38/c-38.mtx,dasp_double,main,double,ok,7,,,,0.7450,0.0103,0.0103,,15.1574,,,,,,,1.279
Schenk_IBMNA/c-38/c-38.mtx,dasp_half,main_reduced_precision,half,ok,7,,,,0.7990,0.0144,0.0144,,10.7528,,,,,,,1.402
Schenk_IBMNA/c-38/c-38.mtx,packsell_pack16,structural_related,half,ok,7,8127,8127,77689,,0.053512,0.053512,,2.90363,,,,,,0.000446005,3.601
Schenk_IBMNA/c-38/c-38.mtx,packsell_pack32,structural_related,float,ok,7,8127,8127,77689,,0.104613,0.104613,,1.48527,,,,,,1.85844e-07,2.363
Schenk_IBMNA/c-38/c-38.mtx,spaden_bitmap_float,structural_related,float,ok,7,8127,8127,77689,,0.0256,0.0256,,6.0596,11.72,80.1,,,,4.699136e-08,1.070
Schenk_IBMNA/c-39/c-39.mtx,cusparse_double,main,double,ok,5,9271,9271,116587,0.1672,0.0149,0.0149,0.0123,,,,,,,,1.265
Schenk_IBMNA/c-39/c-39.mtx,cusparse_float,main_float,float,ok,7,9271,9271,116587,0.1414,0.0101,0.0101,0.0090,,,,,,,,1.819
Schenk_IBMNA/c-39/c-39.mtx,dasp_double,main,double,ok,7,,,,1.3710,0.0143,0.0143,,19.0731,,,,,,,1.673
Schenk_IBMNA/c-39/c-39.mtx,dasp_half,main_reduced_precision,half,ok,7,,,,0.8480,0.0082,0.0082,,33.3604,,,,,,,1.087
Schenk_IBMNA/c-39/c-39.mtx,packsell_pack16,structural_related,half,ok,7,9271,9271,116587,,0.039074,0.039074,,5.96753,,,,,,0.00043125,3.262
Schenk_IBMNA/c-39/c-39.mtx,packsell_pack32,structural_related,float,ok,7,9271,9271,116587,,0.080042,0.080042,,2.91313,,,,,,2.31498e-07,3.553
Schenk_IBMNA/c-39/c-39.mtx,spaden_bitmap_float,structural_related,float,ok,7,9271,9271,136811,,0.0616,0.0616,,4.4411,158.06,76.4,,,,1.098027e-10,1.106
Schenk_IBMNA/c-40/c-40.mtx,cusparse_double,main,double,ok,2,9941,9941,81501,0.1313,0.0147,0.0147,0.0123,,,,,,,,1.303
Schenk_IBMNA/c-40/c-40.mtx,cusparse_float,main_float,float,ok,6,9941,9941,81501,0.1386,0.0093,0.0093,0.0082,,,,,,,,1.424
Schenk_IBMNA/c-40/c-40.mtx,dasp_double,main,double,ok,6,,,,0.8260,0.0184,0.0184,,8.8367,,,,,,,1.608
Schenk_IBMNA/c-40/c-40.mtx,dasp_half,main_reduced_precision,half,ok,6,,,,0.6480,0.0103,0.0103,,15.8995,,,,,,,1.162
Schenk_IBMNA/c-40/c-40.mtx,packsell_pack16,structural_related,half,ok,6,9941,9941,81501,,0.088257,0.088257,,1.84689,,,,,,0.000456469,3.192
Schenk_IBMNA/c-40/c-40.mtx,packsell_pack32,structural_related,float,ok,6,9941,9941,81501,,0.170642,0.170642,,0.955226,,,,,,2.06509e-07,2.145
Schenk_IBMNA/c-40/c-40.mtx,spaden_bitmap_float,structural_related,float,ok,6,9941,9941,81501,,0.4111,0.4111,,0.3965,49.67,72.0,,,,3.154436e-07,1.600
Schenk_IBMNA/c-41/c-41.mtx,cusparse_double,main,double,ok,4,9769,9769,101635,0.1343,0.0153,0.0153,0.0123,,,,,,,,0.843
Schenk_IBMNA/c-41/c-41.mtx,cusparse_float,main_float,float,ok,7,9769,9769,101635,0.1433,0.0102,0.0102,0.0084,,,,,,,,1.447
Schenk_IBMNA/c-41/c-41.mtx,dasp_double,main,double,ok,7,,,,0.9480,0.0307,0.0307,,6.6255,,,,,,,1.542
Schenk_IBMNA/c-41/c-41.mtx,dasp_half,main_reduced_precision,half,ok,7,,,,0.8660,0.0102,0.0102,,19.8546,,,,,,,1.499
Schenk_IBMNA/c-41/c-41.mtx,packsell_pack16,structural_related,half,ok,7,9769,9769,101635,,0.055591,0.055591,,3.6565,,,,,,0.000438864,3.740
Schenk_IBMNA/c-41/c-41.mtx,packsell_pack32,structural_related,float,ok,7,9769,9769,101635,,0.182563,0.182563,,1.11342,,,,,,2.14306e-07,2.279
Schenk_IBMNA/c-41/c-41.mtx,spaden_bitmap_float,structural_related,float,ok,7,9769,9769,101745,,0.0398,0.0398,,5.1089,142.44,74.3,,,,6.218327e-08,1.563
Schenk_IBMNA/c-44/c-44.mtx,cusparse_double,main,double,ok,5,10728,10728,85000,0.1403,0.0155,0.0155,0.0123,,,,,,,,1.354
Schenk_IBMNA/c-44/c-44.mtx,cusparse_float,main_float,float,ok,3,10728,10728,85000,0.1443,0.0089,0.0089,0.0079,,,,,,,,1.766
Schenk_IBMNA/c-44/c-44.mtx,dasp_double,main,double,ok,3,,,,1.0860,0.0123,0.0123,,13.8324,,,,,,,1.308
Schenk_IBMNA/c-44/c-44.mtx,dasp_half,main_reduced_precision,half,ok,3,,,,0.7530,0.0082,0.0082,,20.7520,,,,,,,1.207
Schenk_IBMNA/c-44/c-44.mtx,packsell_pack16,structural_related,half,ok,3,10728,10728,85000,,0.043244,0.043244,,3.93117,,,,,,0.000442776,2.593
Schenk_IBMNA/c-44/c-44.mtx,packsell_pack32,structural_related,float,ok,3,10728,10728,85000,,0.084108,0.084108,,2.02121,,,,,,1.33035e-07,1.668
Schenk_IBMNA/c-44/c-44.mtx,spaden_bitmap_float,structural_related,float,ok,3,10728,10728,85000,,0.0266,0.0266,,6.3944,564.89,85.3,,,,6.876813e-10,2.362
Shen/shermanACd/shermanACd.mtx,cusparse_double,main,double,ok,6,6136,6136,53329,0.1453,0.0151,0.0151,0.0123,,,,,,,,0.821
Shen/shermanACd/shermanACd.mtx,cusparse_float,main_float,float,ok,2,6136,6136,53329,0.1364,0.0088,0.0088,0.0077,,,,,,,,1.630
Shen/shermanACd/shermanACd.mtx,dasp_double,main,double,ok,2,,,,0.7560,0.0240,0.0240,,4.4437,,,,,,,1.244
Shen/shermanACd/shermanACd.mtx,dasp_half,main_reduced_precision,half,ok,2,,,,0.7000,0.0123,0.0123,,8.6806,,,,,,,1.214
Shen/shermanACd/shermanACd.mtx,packsell_pack16,structural_related,half,ok,2,6136,6136,53329,,0.299039,0.299039,,0.356669,,,,,,0.00054538,3.339
Shen/shermanACd/shermanACd.mtx,packsell_pack32,structural_related,float,ok,2,6136,6136,53329,,0.589487,0.589487,,0.180934,,,,,,5.4173e-07,2.479
Shen/shermanACd/shermanACd.mtx,spaden_bitmap_float,structural_related,float,ok,2,6136,6136,53329,,0.1808,0.1808,,0.5899,49.96,114.8,,,,4.721364e-07,1.860
Simon/raefsky6/raefsky6.mtx,cusparse_double,main,double,ok,6,3402,3402,130371,0.1409,0.0132,0.0132,0.0102,,,,,,,,0.805
Simon/raefsky6/raefsky6.mtx,cusparse_float,main_float,float,ok,2,3402,3402,130371,0.1489,0.0087,0.0087,0.0067,,,,,,,,1.476
Simon/raefsky6/raefsky6.mtx,dasp_double,main,double,ok,2,,,,1.1340,0.0143,0.0143,,19.2293,,,,,,,2.038
Simon/raefsky6/raefsky6.mtx,dasp_half,main_reduced_precision,half,ok,2,,,,0.9790,0.0082,0.0082,,33.6125,,,,,,,1.496
Simon/raefsky6/raefsky6.mtx,packsell_pack16,structural_related,half,ok,2,3402,3402,130371,,0.010471,0.010471,,24.9013,,,,,,0.000449473,2.871
Simon/raefsky6/raefsky6.mtx,packsell_pack32,structural_related,float,ok,2,3402,3402,130371,,0.018617,0.018617,,14.0053,,,,,,1.96758e-07,3.772
Simon/raefsky6/raefsky6.mtx,spaden_bitmap_float,structural_related,float,ok,2,3402,3402,137845,,0.0353,0.0353,,7.8184,84.86,59.8,,,,5.566250e-08,1.880
TAMU_SmartGridCenter/ACTIVSg10K/ACTIVSg10K.mtx,cusparse_double,main,double,ok,2,20000,20000,135888,0.3972,0.0135,0.0135,0.0123,,,,,,,,1.281
TAMU_SmartGridCenter/ACTIVSg10K/ACTIVSg10K.mtx,cusparse_float,main_float,float,ok,6,20000,20000,135888,0.2148,0.0112,0.0112,0.0098,,,,,,,,1.338
TAMU_SmartGridCenter/ACTIVSg10K/ACTIVSg10K.mtx,dasp_double,main,double,ok,6,,,,1.7290,0.0082,0.0082,,33.7051,,,,,,,1.534
TAMU_SmartGridCenter/ACTIVSg10K/ACTIVSg10K.mtx,dasp_half,main_reduced_precision,half,ok,6,,,,1.5400,0.0042,0.0042,,66.1397,,,,,,,1.538
TAMU_SmartGridCenter/ACTIVSg10K/ACTIVSg10K.mtx,packsell_pack16,structural_related,half,ok,6,20000,20000,135888,,0.004451,0.004451,,61.06,,,,,,0.000871545,2.795
TAMU_SmartGridCenter/ACTIVSg10K/ACTIVSg10K.mtx,packsell_pack32,structural_related,float,ok,6,20000,20000,135888,,0.008275,0.008275,,32.8432,,,,,,3.47927e-07,4.110
TAMU_SmartGridCenter/ACTIVSg10K/ACTIVSg10K.mtx,spaden_bitmap_float,structural_related,float,ok,6,20000,20000,137736,,0.0174,0.0174,,15.8312,177.63,115.8,,,,2.546045e-05,1.648
TAMU_SmartGridCenter/ACTIVSg2000/ACTIVSg2000.mtx,cusparse_double,main,double,ok,6,4000,4000,28505,0.1577,0.0143,0.0143,0.0123,,,,,,,,0.717
TAMU_SmartGridCenter/ACTIVSg2000/ACTIVSg2000.mtx,cusparse_float,main_float,float,ok,6,4000,4000,28505,0.1355,0.0086,0.0086,0.0068,,,,,,,,1.841
TAMU_SmartGridCenter/ACTIVSg2000/ACTIVSg2000.mtx,dasp_double,main,double,ok,6,,,,0.3360,0.0061,0.0061,,9.5417,,,,,,,1.973
TAMU_SmartGridCenter/ACTIVSg2000/ACTIVSg2000.mtx,dasp_half,main_reduced_precision,half,ok,6,,,,0.4200,0.0041,0.0041,,14.2928,,,,,,,1.631
TAMU_SmartGridCenter/ACTIVSg2000/ACTIVSg2000.mtx,packsell_pack16,structural_related,half,ok,6,4000,4000,28505,,0.004650,0.004650,,12.2606,,,,,,0.000796151,2.761
TAMU_SmartGridCenter/ACTIVSg2000/ACTIVSg2000.mtx,packsell_pack32,structural_related,float,ok,6,4000,4000,28505,,0.006424,0.006424,,8.87518,,,,,,2.67707e-07,3.612
TAMU_SmartGridCenter/ACTIVSg2000/ACTIVSg2000.mtx,spaden_bitmap_float,structural_related,float,ok,6,4000,4000,29336,,0.0172,0.0172,,3.4167,32.22,135.0,,,,5.956988e-06,1.872
TKK/g3rmt3m3/g3rmt3m3.mtx,cusparse_double,main,double,ok,6,5357,5357,207695,0.1459,0.0130,0.0130,0.0102,,,,,,,,0.716
TKK/g3rmt3m3/g3rmt3m3.mtx,cusparse_float,main_float,float,ok,6,5357,5357,207695,0.1347,0.0090,0.0090,0.0073,,,,,,,,1.657
TKK/g3rmt3m3/g3rmt3m3.mtx,dasp_double,main,double,ok,6,,,,1.8440,0.0062,0.0062,,67.5321,,,,,,,1.310
TKK/g3rmt3m3/g3rmt3m3.mtx,dasp_half,main_reduced_precision,half,ok,6,,,,1.4450,0.0041,0.0041,,101.1666,,,,,,,1.440
TKK/g3rmt3m3/g3rmt3m3.mtx,packsell_pack16,structural_related,half,ok,6,5357,5357,207695,,0.006296,0.006296,,65.9754,,,,,,0.00124064,2.673
TKK/g3rmt3m3/g3rmt3m3.mtx,packsell_pack32,structural_related,float,ok,6,5357,5357,207695,,0.008454,0.008454,,49.1361,,,,,,4.5386e-07,2.992
TKK/g3rmt3m3/g3rmt3m3.mtx,spaden_bitmap_float,structural_related,float,ok,6,5357,5357,207695,,0.0100,0.0100,,41.5878,447.90,55.6,,,,0.000000e+00,1.925
TKK/plbuckle/plbuckle.mtx,cusparse_double,main,double,ok,5,1282,1282,30644,0.1418,0.0131,0.0131,0.0102,,,,,,,,1.157
TKK/plbuckle/plbuckle.mtx,cusparse_float,main_float,float,ok,6,1282,1282,30644,0.1361,0.0090,0.0090,0.0073,,,,,,,,1.683
TKK/plbuckle/plbuckle.mtx,dasp_double,main,double,ok,6,,,,0.3230,0.0082,0.0082,,7.4778,,,,,,,1.831
TKK/plbuckle/plbuckle.mtx,dasp_half,main_reduced_precision,half,ok,6,,,,0.2450,0.0069,0.0069,,8.9302,,,,,,,1.149
TKK/plbuckle/plbuckle.mtx,packsell_pack16,structural_related,half,ok,6,1282,1282,30644,,0.004850,0.004850,,12.6355,,,,,,0.000622136,3.407
TKK/plbuckle/plbuckle.mtx,packsell_pack32,structural_related,float,ok,6,1282,1282,30644,,0.008375,0.008375,,7.31777,,,,,,2.48914e-07,2.052
TKK/plbuckle/plbuckle.mtx,spaden_bitmap_float,structural_related,float,ok,6,1282,1282,30644,,0.0094,0.0094,,6.5159,27.07,60.5,,,,6.254394e-07,1.622
TKK/plbuckle/plbuckle_G.mtx,cusparse_double,main,double,ok,1,1282,1282,13664,0.1304,0.0150,0.0150,0.0102,,,,,,,,0.406
TKK/plbuckle/plbuckle_G.mtx,cusparse_float,main_float,float,ok,2,1282,1282,13664,0.1359,0.0087,0.0087,0.0073,,,,,,,,1.901
TKK/plbuckle/plbuckle_G.mtx,dasp_double,main,double,ok,2,,,,0.1840,0.0061,0.0061,,4.4450,,,,,,,1.330
TKK/plbuckle/plbuckle_G.mtx,dasp_half,main_reduced_precision,half,ok,2,,,,0.1190,0.0041,0.0041,,6.6637,,,,,,,1.631
TKK/plbuckle/plbuckle_G.mtx,packsell_pack16,structural_related,half,ok,2,1282,1282,13664,,0.004302,0.004302,,6.35249,,,,,,0.000639889,1.866
TKK/plbuckle/plbuckle_G.mtx,packsell_pack32,structural_related,float,ok,2,1282,1282,13664,,0.006304,0.006304,,4.33473,,,,,,2.21405e-07,3.662
TKK/plbuckle/plbuckle_G.mtx,spaden_bitmap_float,structural_related,float,ok,2,1282,1282,13664,,0.0091,0.0091,,2.9944,15.78,72.6,,,,2.117155e-07,1.645
TKK/t2d_q4/t2d_q4_A_11.mtx,cusparse_double,main,double,ok,4,9801,9801,87025,0.1333,0.0140,0.0140,0.0123,,,,,,,,0.885
TKK/t2d_q4/t2d_q4_A_11.mtx,cusparse_float,main_float,float,ok,3,9801,9801,87025,0.1171,0.0090,0.0090,0.0083,,,,,,,,1.596
TKK/t2d_q4/t2d_q4_A_11.mtx,dasp_double,main,double,ok,3,,,,0.9880,0.0045,0.0045,,38.8591,,,,,,,1.324
TKK/t2d_q4/t2d_q4_A_11.mtx,dasp_half,main_reduced_precision,half,ok,3,,,,1.1550,0.0041,0.0041,,42.8695,,,,,,,0.936
TKK/t2d_q4/t2d_q4_A_11.mtx,packsell_pack16,structural_related,half,ok,3,9801,9801,87025,,0.004252,0.004252,,40.9385,,,,,,0.000607364,3.172
TKK/t2d_q4/t2d_q4_A_11.mtx,packsell_pack32,structural_related,float,ok,3,9801,9801,87025,,0.004238,0.004238,,41.0683,,,,,,2.06002e-07,2.741
TKK/t2d_q4/t2d_q4_A_11.mtx,spaden_bitmap_float,structural_related,float,ok,3,9801,9801,87025,,0.0070,0.0070,,24.9193,169.90,66.5,,,,2.083399e-07,1.725
TKK/t2d_q4/t2d_q4_A_20.mtx,cusparse_double,main,double,ok,6,9801,9801,87025,0.1343,0.0142,0.0142,0.0123,,,,,,,,0.824
TKK/t2d_q4/t2d_q4_A_20.mtx,cusparse_float,main_float,float,ok,5,9801,9801,87025,0.1294,0.0088,0.0088,0.0075,,,,,,,,1.641
TKK/t2d_q4/t2d_q4_A_20.mtx,dasp_double,main,double,ok,5,,,,1.0240,0.0088,0.0088,,19.7067,,,,,,,1.656
TKK/t2d_q4/t2d_q4_A_20.mtx,dasp_half,main_reduced_precision,half,ok,5,,,,0.9900,0.0041,0.0041,,42.4409,,,,,,,1.399
TKK/t2d_q4/t2d_q4_A_20.mtx,packsell_pack16,structural_related,half,ok,5,9801,9801,87025,,0.004034,0.004034,,43.1454,,,,,,0.000604687,2.302
TKK/t2d_q4/t2d_q4_A_20.mtx,packsell_pack32,structural_related,float,ok,5,9801,9801,87025,,0.004355,0.004355,,39.9698,,,,,,2.08422e-07,2.032
TKK/t2d_q4/t2d_q4_A_20.mtx,spaden_bitmap_float,structural_related,float,ok,5,9801,9801,87025,,0.0070,0.0070,,24.9842,56.21,66.5,,,,1.997592e-07,1.737
TKK/t2d_q4/t2d_q4_A_21.mtx,cusparse_double,main,double,ok,1,9801,9801,87025,0.1419,0.0144,0.0144,0.0123,,,,,,,,0.429
TKK/t2d_q4/t2d_q4_A_21.mtx,cusparse_float,main_float,float,ok,7,9801,9801,87025,0.1297,0.0089,0.0089,0.0079,,,,,,,,1.678
TKK/t2d_q4/t2d_q4_A_21.mtx,dasp_double,main,double,ok,7,,,,0.9880,0.0041,0.0041,,42.4202,,,,,,,1.138
TKK/t2d_q4/t2d_q4_A_21.mtx,dasp_half,main_reduced_precision,half,ok,7,,,,1.1230,0.0041,0.0041,,42.3685,,,,,,,1.954
TKK/t2d_q4/t2d_q4_A_21.mtx,packsell_pack16,structural_related,half,ok,7,9801,9801,87025,,0.004234,0.004234,,41.108,,,,,,0.000576192,2.452
TKK/t2d_q4/t2d_q4_A_21.mtx,packsell_pack32,structural_related,float,ok,7,9801,9801,87025,,0.004337,0.004337,,40.128,,,,,,2.08303e-07,2.310
TKK/t2d_q4/t2d_q4_A_21.mtx,spaden_bitmap_float,structural_related,float,ok,7,9801,9801,87025,,0.0070,0.0070,,24.8586,38.41,66.5,,,,1.776750e-07,1.324
TKK/t2d_q4/t2d_q4_A_22.mtx,cusparse_double,main,double,ok,3,9801,9801,87025,0.1622,0.0162,0.0162,0.0138,,,,,,,,0.803
TKK/t2d_q4/t2d_q4_A_22.mtx,cusparse_float,main_float,float,ok,3,9801,9801,87025,0.1244,0.0091,0.0091,0.0071,,,,,,,,1.706
TKK/t2d_q4/t2d_q4_A_22.mtx,dasp_double,main,double,ok,3,,,,0.9870,0.0094,0.0094,,18.4806,,,,,,,1.657
TKK/t2d_q4/t2d_q4_A_22.mtx,dasp_half,main_reduced_precision,half,ok,3,,,,1.0480,0.0041,0.0041,,42.4409,,,,,,,1.540
TKK/t2d_q4/t2d_q4_A_22.mtx,packsell_pack16,structural_related,half,ok,3,9801,9801,87025,,0.003976,0.003976,,43.7733,,,,,,0.0006038,2.500
TKK/t2d_q4/t2d_q4_A_22.mtx,packsell_pack32,structural_related,float,ok,3,9801,9801,87025,,0.004419,0.004419,,39.3885,,,,,,2.05432e-07,3.153
TKK/t2d_q4/t2d_q4_A_22.mtx,spaden_bitmap_float,structural_related,float,ok,3,9801,9801,87025,,0.0071,0.0071,,24.6409,114.89,66.5,,,,1.809072e-07,1.626
TKK/t2d_q9/t2d_q9_A_11.mtx,cusparse_double,main,double,ok,5,9801,9801,87025,0.1322,0.0146,0.0146,0.0123,,,,,,,,1.773
TKK/t2d_q9/t2d_q9_A_11.mtx,cusparse_float,main_float,float,ok,2,9801,9801,87025,0.1244,0.0089,0.0089,0.0078,,,,,,,,1.675
TKK/t2d_q9/t2d_q9_A_11.mtx,dasp_double,main,double,ok,2,,,,0.9650,0.0041,0.0041,,42.4202,,,,,,,1.491
TKK/t2d_q9/t2d_q9_A_11.mtx,dasp_half,main_reduced_precision,half,ok,2,,,,1.0840,0.0066,0.0066,,26.5563,,,,,,,1.879
TKK/t2d_q9/t2d_q9_A_11.mtx,packsell_pack16,structural_related,half,ok,2,9801,9801,87025,,0.004252,0.004252,,40.9308,,,,,,0.000607364,3.510
TKK/t2d_q9/t2d_q9_A_11.mtx,packsell_pack32,structural_related,float,ok,2,9801,9801,87025,,0.004336,0.004336,,40.1398,,,,,,2.06002e-07,3.941
TKK/t2d_q9/t2d_q9_A_11.mtx,spaden_bitmap_float,structural_related,float,ok,2,9801,9801,87025,,0.0068,0.0068,,25.4598,49.20,66.5,,,,2.083399e-07,1.333
TKK/t2d_q9/t2d_q9_A_20.mtx,cusparse_double,main,double,ok,2,9801,9801,87025,0.1320,0.0137,0.0137,0.0123,,,,,,,,1.372
TKK/t2d_q9/t2d_q9_A_20.mtx,cusparse_float,main_float,float,ok,4,9801,9801,87025,0.1211,0.0088,0.0088,0.0071,,,,,,,,1.690
TKK/t2d_q9/t2d_q9_A_20.mtx,dasp_double,main,double,ok,4,,,,0.9850,0.0041,0.0041,,42.4098,,,,,,,1.852
TKK/t2d_q9/t2d_q9_A_20.mtx,dasp_half,main_reduced_precision,half,ok,4,,,,1.1040,0.0062,0.0062,,28.1407,,,,,,,1.425
TKK/t2d_q9/t2d_q9_A_20.mtx,packsell_pack16,structural_related,half,ok,4,9801,9801,87025,,0.004238,0.004238,,41.067,,,,,,0.000604687,2.933
TKK/t2d_q9/t2d_q9_A_20.mtx,packsell_pack32,structural_related,float,ok,4,9801,9801,87025,,0.005299,0.005299,,32.8487,,,,,,2.08422e-07,3.953
TKK/t2d_q9/t2d_q9_A_20.mtx,spaden_bitmap_float,structural_related,float,ok,4,9801,9801,87025,,0.0070,0.0070,,24.8435,20.18,66.5,,,,1.997592e-07,1.468
TKK/t2d_q9/t2d_q9_A_21.mtx,cusparse_double,main,double,ok,6,9801,9801,87025,0.1365,0.0139,0.0139,0.0123,,,,,,,,0.837
TKK/t2d_q9/t2d_q9_A_21.mtx,cusparse_float,main_float,float,ok,6,9801,9801,87025,0.1228,0.0105,0.0105,0.0083,,,,,,,,1.642
TKK/t2d_q9/t2d_q9_A_21.mtx,dasp_double,main,double,ok,6,,,,0.9250,0.0041,0.0041,,42.4098,,,,,,,1.281
TKK/t2d_q9/t2d_q9_A_21.mtx,dasp_half,main_reduced_precision,half,ok,6,,,,1.1460,0.0041,0.0041,,42.4512,,,,,,,1.858
TKK/t2d_q9/t2d_q9_A_21.mtx,packsell_pack16,structural_related,half,ok,6,9801,9801,87025,,0.004237,0.004237,,41.0754,,,,,,0.000576192,2.549
TKK/t2d_q9/t2d_q9_A_21.mtx,packsell_pack32,structural_related,float,ok,6,9801,9801,87025,,0.004289,0.004289,,40.579,,,,,,2.08303e-07,2.137
TKK/t2d_q9/t2d_q9_A_21.mtx,spaden_bitmap_float,structural_related,float,ok,6,9801,9801,87025,,0.0073,0.0073,,23.9888,200.78,66.5,,,,1.776750e-07,2.321
TKK/t2d_q9/t2d_q9_A_22.mtx,cusparse_double,main,double,ok,5,9801,9801,87025,0.1395,0.0145,0.0145,0.0123,,,,,,,,1.378
TKK/t2d_q9/t2d_q9_A_22.mtx,cusparse_float,main_float,float,ok,4,9801,9801,87025,0.1222,0.0094,0.0094,0.0078,,,,,,,,1.596
TKK/t2d_q9/t2d_q9_A_22.mtx,dasp_double,main,double,ok,4,,,,0.9670,0.0041,0.0041,,42.4098,,,,,,,1.935
TKK/t2d_q9/t2d_q9_A_22.mtx,dasp_half,main_reduced_precision,half,ok,4,,,,1.1240,0.0041,0.0041,,42.4512,,,,,,,1.444
TKK/t2d_q9/t2d_q9_A_22.mtx,packsell_pack16,structural_related,half,ok,4,9801,9801,87025,,0.003275,0.003275,,53.1375,,,,,,0.0006038,3.726
TKK/t2d_q9/t2d_q9_A_22.mtx,packsell_pack32,structural_related,float,ok,4,9801,9801,87025,,0.004433,0.004433,,39.2635,,,,,,2.05432e-07,3.094
TKK/t2d_q9/t2d_q9_A_22.mtx,spaden_bitmap_float,structural_related,float,ok,4,9801,9801,87025,,0.0070,0.0070,,24.6931,86.36,66.5,,,,1.809072e-07,1.310
TKK/t520/t520.mtx,cusparse_double,main,double,ok,6,5563,5563,286341,0.1414,0.0130,0.0130,0.0102,,,,,,,,0.832
TKK/t520/t520.mtx,cusparse_float,main_float,float,ok,6,5563,5563,286341,0.1327,0.0089,0.0089,0.0078,,,,,,,,1.568
TKK/t520/t520.mtx,dasp_double,main,double,ok,6,,,,2.7650,0.0245,0.0245,,23.3767,,,,,,,1.682
TKK/t520/t520.mtx,dasp_half,main_reduced_precision,half,ok,6,,,,4.9050,0.0082,0.0082,,69.7627,,,,,,,0.961
TKK/t520/t520.mtx,packsell_pack16,structural_related,half,ok,6,5563,5563,286341,,0.012550,0.012550,,45.6305,,,,,,0.00227103,3.049
TKK/t520/t520.mtx,packsell_pack32,structural_related,float,ok,6,5563,5563,286341,,0.021544,0.021544,,26.5819,,,,,,1.32551e-06,2.887
TKK/t520/t520.mtx,spaden_bitmap_float,structural_related,float,ok,6,5563,5563,286341,,0.0119,0.0119,,48.2771,466.69,56.3,,,,0.000000e+00,1.946
TOKAMAK/utm1700b/utm1700b.mtx,cusparse_double,main,double,ok,4,1700,1700,21509,0.1389,0.0136,0.0136,0.0102,,,,,,,,1.181
TOKAMAK/utm1700b/utm1700b.mtx,cusparse_float,main_float,float,ok,5,1700,1700,21509,0.1244,0.0095,0.0095,0.0070,,,,,,,,1.709
TOKAMAK/utm1700b/utm1700b.mtx,dasp_double,main,double,ok,5,,,,0.2390,0.0058,0.0058,,7.4323,,,,,,,1.546
TOKAMAK/utm1700b/utm1700b.mtx,dasp_half,main_reduced_precision,half,ok,5,,,,0.1920,0.0041,0.0041,,10.4820,,,,,,,1.762
TOKAMAK/utm1700b/utm1700b.mtx,packsell_pack16,structural_related,half,ok,5,1700,1700,21509,,0.004409,0.004409,,9.75679,,,,,,0.000469855,2.712
TOKAMAK/utm1700b/utm1700b.mtx,packsell_pack32,structural_related,float,ok,5,1700,1700,21509,,0.006376,0.006376,,6.74672,,,,,,1.8153e-07,2.668
TOKAMAK/utm1700b/utm1700b.mtx,spaden_bitmap_float,structural_related,float,ok,5,1700,1700,21509,,0.0075,0.0075,,5.7671,43.87,63.5,,,,1.008968e-07,1.770
TOKAMAK/utm300/utm300.mtx,cusparse_double,main,double,ok,1,300,300,3155,0.1501,0.0121,0.0121,0.0102,,,,,,,,0.405
TOKAMAK/utm300/utm300.mtx,cusparse_float,main_float,float,ok,7,300,300,3155,0.1416,0.0081,0.0081,0.0061,,,,,,,,1.679
TOKAMAK/utm300/utm300.mtx,dasp_double,main,double,ok,7,,,,0.0470,0.0061,0.0061,,1.0264,,,,,,,1.309
TOKAMAK/utm300/utm300.mtx,dasp_half,main_reduced_precision,half,ok,7,,,,0.0420,0.0041,0.0041,,1.5375,,,,,,,1.643
TOKAMAK/utm300/utm300.mtx,packsell_pack16,structural_related,half,ok,7,300,300,3155,,0.004396,0.004396,,1.43545,,,,,,0.000445874,2.590
TOKAMAK/utm300/utm300.mtx,packsell_pack32,structural_related,float,ok,7,300,300,3155,,0.006382,0.006382,,0.98878,,,,,,1.64886e-07,2.576
TOKAMAK/utm300/utm300.mtx,spaden_bitmap_float,structural_related,float,ok,7,300,300,3155,,0.0073,0.0073,,0.8699,33.22,65.1,,,,7.389663e-08,1.843
TOKAMAK/utm3060/utm3060.mtx,cusparse_double,main,double,ok,5,3060,3060,42211,0.1324,0.0139,0.0139,0.0102,,,,,,,,1.428
TOKAMAK/utm3060/utm3060.mtx,cusparse_float,main_float,float,ok,2,3060,3060,42211,0.1339,0.0090,0.0090,0.0068,,,,,,,,1.792
TOKAMAK/utm3060/utm3060.mtx,dasp_double,main,double,ok,2,,,,0.3400,0.0061,0.0061,,13.7316,,,,,,,1.837
TOKAMAK/utm3060/utm3060.mtx,dasp_half,main_reduced_precision,half,ok,2,,,,0.3700,0.0041,0.0041,,20.5707,,,,,,,1.861
TOKAMAK/utm3060/utm3060.mtx,packsell_pack16,structural_related,half,ok,2,3060,3060,42211,,0.004358,0.004358,,19.3732,,,,,,0.000537534,3.466
TOKAMAK/utm3060/utm3060.mtx,packsell_pack32,structural_related,float,ok,2,3060,3060,42211,,0.006364,0.006364,,13.2646,,,,,,1.9479e-07,2.568
TOKAMAK/utm3060/utm3060.mtx,spaden_bitmap_float,structural_related,float,ok,2,3060,3060,42211,,0.0091,0.0091,,9.3102,51.94,63.2,,,,1.199732e-07,1.985
TOKAMAK/utm5940/utm5940.mtx,cusparse_double,main,double,ok,2,5940,5940,83842,0.1384,0.0137,0.0137,0.0102,,,,,,,,1.481
TOKAMAK/utm5940/utm5940.mtx,cusparse_float,main_float,float,ok,7,5940,5940,83842,0.1257,0.0091,0.0091,0.0080,,,,,,,,1.572
TOKAMAK/utm5940/utm5940.mtx,dasp_double,main,double,ok,7,,,,0.7530,0.0061,0.0061,,27.2746,,,,,,,1.552
TOKAMAK/utm5940/utm5940.mtx,dasp_half,main_reduced_precision,half,ok,7,,,,0.7720,0.0062,0.0062,,26.9936,,,,,,,1.251
TOKAMAK/utm5940/utm5940.mtx,packsell_pack16,structural_related,half,ok,7,5940,5940,83842,,0.004378,0.004378,,38.3044,,,,,,0.000568191,4.223
TOKAMAK/utm5940/utm5940.mtx,packsell_pack32,structural_related,float,ok,7,5940,5940,83842,,0.006342,0.006342,,26.4416,,,,,,2.06258e-07,1.927
TOKAMAK/utm5940/utm5940.mtx,spaden_bitmap_float,structural_related,float,ok,7,5940,5940,83842,,0.0075,0.0075,,22.3142,114.70,62.9,,,,1.374370e-07,1.782
TSOPF/TSOPF_FS_b9_c1/TSOPF_FS_b9_c1_b.mtx,cusparse_double,main,double,ok,2,2454,1,2453,0.1342,0.0137,0.0137,0.0102,,,,,,,,1.534
TSOPF/TSOPF_FS_b9_c1/TSOPF_FS_b9_c1_b.mtx,cusparse_float,main_float,float,ok,5,2454,1,2453,0.1327,0.0087,0.0087,0.0077,,,,,,,,1.562
TSOPF/TSOPF_FS_b9_c1/TSOPF_FS_b9_c1_b.mtx,dasp_double,main,double,ok,5,,,,0.0340,0.0025,0.0025,,1.9632,,,,,,,1.543
TSOPF/TSOPF_FS_b9_c1/TSOPF_FS_b9_c1_b.mtx,dasp_half,main_reduced_precision,half,ok,5,,,,0.0250,0.0027,0.0027,,1.8197,,,,,,,1.987
TSOPF/TSOPF_FS_b9_c1/TSOPF_FS_b9_c1_b.mtx,packsell_pack16,structural_related,half,ok,5,2454,1,2453,,0.003176,0.003176,,1.54469,,,,,,0.000465944,3.775
TSOPF/TSOPF_FS_b9_c1/TSOPF_FS_b9_c1_b.mtx,packsell_pack32,structural_related,float,ok,5,2454,1,2453,,0.003386,0.003386,,1.44876,,,,,,1.06583e-07,4.208
TSOPF/TSOPF_FS_b9_c1/TSOPF_FS_b9_c1_b.mtx,spaden_bitmap_float,structural_related,float,ok,5,2454,1,2453,,0.0048,0.0048,,1.0173,49.25,54.2,,,,0.000000e+00,1.910
TSOPF/TSOPF_RS_b9_c6/TSOPF_RS_b9_c6_b.mtx,cusparse_double,main,double,ok,1,7224,5,3613,0.1334,0.0152,0.0152,0.0144,,,,,,,,0.399
TSOPF/TSOPF_RS_b9_c6/TSOPF_RS_b9_c6_b.mtx,cusparse_float,main_float,float,ok,3,7224,5,3613,0.1343,0.0112,0.0112,0.0099,,,,,,,,1.736
TSOPF/TSOPF_RS_b9_c6/TSOPF_RS_b9_c6_b.mtx,dasp_double,main,double,ok,3,,,,0.0640,0.0041,0.0041,,1.7612,,,,,,,1.824
TSOPF/TSOPF_RS_b9_c6/TSOPF_RS_b9_c6_b.mtx,dasp_half,main_reduced_precision,half,ok,3,,,,0.1020,0.0041,0.0041,,1.7620,,,,,,,1.592
TSOPF/TSOPF_RS_b9_c6/TSOPF_RS_b9_c6_b.mtx,packsell_pack16,structural_related,half,ok,3,7224,5,3613,,0.003336,0.003336,,2.166,,,,,,0.000290871,2.762
TSOPF/TSOPF_RS_b9_c6/TSOPF_RS_b9_c6_b.mtx,packsell_pack32,structural_related,float,ok,3,7224,5,3613,,0.003331,0.003331,,2.16912,,,,,,8.33472e-08,2.228
TSOPF/TSOPF_RS_b9_c6/TSOPF_RS_b9_c6_b.mtx,spaden_bitmap_float,structural_related,float,ok,3,7224,5,3613,,0.0039,0.0039,,1.8404,14.59,43.8,,,,0.000000e+00,1.910
VDOL/dynamicSoaringProblem_4/dynamicSoaringProblem_4.mtx,cusparse_double,main,double,ok,2,3191,3191,36516,0.1334,0.0134,0.0134,0.0102,,,,,,,,1.229
VDOL/dynamicSoaringProblem_4/dynamicSoaringProblem_4.mtx,cusparse_float,main_float,float,ok,5,3191,3191,36516,0.1774,0.0090,0.0090,0.0078,,,,,,,,1.576
VDOL/dynamicSoaringProblem_4/dynamicSoaringProblem_4.mtx,dasp_double,main,double,ok,5,,,,0.4020,0.0050,0.0050,,14.6768,,,,,,,1.325
VDOL/dynamicSoaringProblem_4/dynamicSoaringProblem_4.mtx,dasp_half,main_reduced_precision,half,ok,5,,,,0.3250,0.0041,0.0041,,17.7953,,,,,,,1.401
VDOL/dynamicSoaringProblem_4/dynamicSoaringProblem_4.mtx,packsell_pack16,structural_related,half,ok,5,3191,3191,36516,,0.071878,0.071878,,1.01606,,,,,,0.000395267,2.665
VDOL/dynamicSoaringProblem_4/dynamicSoaringProblem_4.mtx,packsell_pack32,structural_related,float,ok,5,3191,3191,36516,,0.138518,0.138518,,0.52724,,,,,,1.612e-07,2.567
VDOL/dynamicSoaringProblem_4/dynamicSoaringProblem_4.mtx,spaden_bitmap_float,structural_related,float,ok,5,3191,3191,36516,,0.0419,0.0419,,1.7411,61.38,67.0,,,,7.407247e-08,1.993
VDOL/dynamicSoaringProblem_5/dynamicSoaringProblem_5.mtx,cusparse_double,main,double,ok,1,3271,3271,36789,0.1566,0.0141,0.0141,0.0123,,,,,,,,0.410
VDOL/dynamicSoaringProblem_5/dynamicSoaringProblem_5.mtx,cusparse_float,main_float,float,ok,2,3271,3271,36789,0.1291,0.0096,0.0096,0.0077,,,,,,,,1.708
VDOL/dynamicSoaringProblem_5/dynamicSoaringProblem_5.mtx,dasp_double,main,double,ok,2,,,,0.3960,0.0065,0.0065,,11.3476,,,,,,,1.242
VDOL/dynamicSoaringProblem_5/dynamicSoaringProblem_5.mtx,dasp_half,main_reduced_precision,half,ok,2,,,,0.3510,0.0041,0.0041,,17.9371,,,,,,,1.183
VDOL/dynamicSoaringProblem_5/dynamicSoaringProblem_5.mtx,packsell_pack16,structural_related,half,ok,2,3271,3271,36789,,0.362387,0.362387,,0.203037,,,,,,0.000398077,2.679
VDOL/dynamicSoaringProblem_5/dynamicSoaringProblem_5.mtx,packsell_pack32,structural_related,float,ok,2,3271,3271,36789,,0.139500,0.139500,,0.527441,,,,,,1.59873e-07,2.806
VDOL/dynamicSoaringProblem_5/dynamicSoaringProblem_5.mtx,spaden_bitmap_float,structural_related,float,ok,2,3271,3271,36789,,0.0341,0.0341,,2.1596,48.05,67.4,,,,6.935731e-08,1.589
VDOL/dynamicSoaringProblem_7/dynamicSoaringProblem_7.mtx,cusparse_double,main,double,ok,6,3511,3511,37680,0.1435,0.0138,0.0138,0.0123,,,,,,,,1.020
VDOL/dynamicSoaringProblem_7/dynamicSoaringProblem_7.mtx,cusparse_float,main_float,float,ok,2,3511,3511,37680,0.1326,0.0093,0.0093,0.0077,,,,,,,,1.400
VDOL/dynamicSoaringProblem_7/dynamicSoaringProblem_7.mtx,dasp_double,main,double,ok,2,,,,0.4300,0.0058,0.0058,,12.9886,,,,,,,1.555
VDOL/dynamicSoaringProblem_7/dynamicSoaringProblem_7.mtx,dasp_half,main_reduced_precision,half,ok,2,,,,0.4160,0.0041,0.0041,,18.3626,,,,,,,1.563
VDOL/dynamicSoaringProblem_7/dynamicSoaringProblem_7.mtx,packsell_pack16,structural_related,half,ok,2,3511,3511,37680,,0.078121,0.078121,,0.964658,,,,,,0.000409581,1.917
VDOL/dynamicSoaringProblem_7/dynamicSoaringProblem_7.mtx,packsell_pack32,structural_related,float,ok,2,3511,3511,37680,,0.147792,0.147792,,0.509904,,,,,,1.61376e-07,2.201
VDOL/dynamicSoaringProblem_7/dynamicSoaringProblem_7.mtx,spaden_bitmap_float,structural_related,float,ok,2,3511,3511,37680,,0.0442,0.0442,,1.7048,42.44,67.8,,,,6.623874e-11,1.697
VDOL/freeFlyingRobot_1/freeFlyingRobot_1.mtx,cusparse_double,main,double,ok,1,798,798,5246,0.1332,0.0134,0.0134,0.0119,,,,,,,,0.396
VDOL/freeFlyingRobot_1/freeFlyingRobot_1.mtx,cusparse_float,main_float,float,ok,7,798,798,5246,0.1351,0.0083,0.0083,0.0061,,,,,,,,1.776
VDOL/freeFlyingRobot_1/freeFlyingRobot_1.mtx,dasp_double,main,double,ok,7,,,,0.0860,0.0184,0.0184,,0.5693,,,,,,,1.774
VDOL/freeFlyingRobot_1/freeFlyingRobot_1.mtx,dasp_half,main_reduced_precision,half,ok,7,,,,0.0860,0.0062,0.0062,,1.7055,,,,,,,1.723
VDOL/freeFlyingRobot_1/freeFlyingRobot_1.mtx,packsell_pack16,structural_related,half,ok,7,798,798,5246,,0.010511,0.010511,,0.998167,,,,,,0.000418578,2.109
VDOL/freeFlyingRobot_1/freeFlyingRobot_1.mtx,packsell_pack32,structural_related,float,ok,7,798,798,5246,,0.018739,0.018739,,0.559907,,,,,,1.52986e-07,2.116
VDOL/freeFlyingRobot_1/freeFlyingRobot_1.mtx,spaden_bitmap_float,structural_related,float,ok,7,798,798,5246,,0.0110,0.0110,,0.9556,37.44,74.3,,,,2.452362e-10,1.588
VDOL/freeFlyingRobot_10/freeFlyingRobot_10.mtx,cusparse_double,main,double,ok,4,5218,5218,40080,0.1444,0.0147,0.0147,0.0123,,,,,,,,1.124
VDOL/freeFlyingRobot_10/freeFlyingRobot_10.mtx,cusparse_float,main_float,float,ok,4,5218,5218,40080,0.1612,0.0098,0.0098,0.0090,,,,,,,,1.763
VDOL/freeFlyingRobot_10/freeFlyingRobot_10.mtx,dasp_double,main,double,ok,4,,,,0.5210,0.0044,0.0044,,18.1357,,,,,,,1.604
VDOL/freeFlyingRobot_10/freeFlyingRobot_10.mtx,dasp_half,main_reduced_precision,half,ok,4,,,,0.5720,0.0041,0.0041,,19.5369,,,,,,,1.572
VDOL/freeFlyingRobot_10/freeFlyingRobot_10.mtx,packsell_pack16,structural_related,half,ok,4,5218,5218,40080,,0.060458,0.060458,,1.32588,,,,,,0.000452448,2.831
VDOL/freeFlyingRobot_10/freeFlyingRobot_10.mtx,packsell_pack32,structural_related,float,ok,4,5218,5218,40080,,0.116909,0.116909,,0.685662,,,,,,1.83347e-07,2.997
VDOL/freeFlyingRobot_10/freeFlyingRobot_10.mtx,spaden_bitmap_float,structural_related,float,ok,4,5218,5218,40080,,0.0294,0.0294,,2.7231,229.05,71.1,,,,4.909540e-08,1.790
VDOL/freeFlyingRobot_11/freeFlyingRobot_11.mtx,cusparse_double,main,double,ok,7,5438,5438,40054,0.1276,0.0144,0.0144,0.0123,,,,,,,,0.827
VDOL/freeFlyingRobot_11/freeFlyingRobot_11.mtx,cusparse_float,main_float,float,ok,6,5438,5438,40054,0.1764,0.0100,0.0100,0.0093,,,,,,,,1.563
VDOL/freeFlyingRobot_11/freeFlyingRobot_11.mtx,dasp_double,main,double,ok,6,,,,0.5010,0.0041,0.0041,,19.5195,,,,,,,1.595
VDOL/freeFlyingRobot_11/freeFlyingRobot_11.mtx,dasp_half,main_reduced_precision,half,ok,6,,,,0.5310,0.0041,0.0041,,19.5290,,,,,,,1.213
VDOL/freeFlyingRobot_11/freeFlyingRobot_11.mtx,packsell_pack16,structural_related,half,ok,6,5438,5438,40054,,0.065933,0.065933,,1.215,,,,,,0.000450898,2.211
VDOL/freeFlyingRobot_11/freeFlyingRobot_11.mtx,packsell_pack32,structural_related,float,ok,6,5438,5438,40054,,0.129197,0.129197,,0.620044,,,,,,1.78565e-07,2.270
VDOL/freeFlyingRobot_11/freeFlyingRobot_11.mtx,spaden_bitmap_float,structural_related,float,ok,6,5438,5438,40054,,0.0355,0.0355,,2.2567,17.96,72.7,,,,5.538729e-08,1.543
VDOL/freeFlyingRobot_12/freeFlyingRobot_12.mtx,cusparse_double,main,double,ok,3,5578,5578,41940,0.1348,0.0143,0.0143,0.0123,,,,,,,,0.813
VDOL/freeFlyingRobot_12/freeFlyingRobot_12.mtx,cusparse_float,main_float,float,ok,6,5578,5578,41940,0.2267,0.0094,0.0094,0.0078,,,,,,,,1.780
VDOL/freeFlyingRobot_12/freeFlyingRobot_12.mtx,dasp_double,main,double,ok,6,,,,0.5250,0.0087,0.0087,,9.5984,,,,,,,0.765
VDOL/freeFlyingRobot_12/freeFlyingRobot_12.mtx,dasp_half,main_reduced_precision,half,ok,6,,,,0.5900,0.0041,0.0041,,20.4436,,,,,,,2.074
VDOL/freeFlyingRobot_12/freeFlyingRobot_12.mtx,packsell_pack16,structural_related,half,ok,6,5578,5578,41940,,0.065735,0.065735,,1.27604,,,,,,0.000447926,2.497
VDOL/freeFlyingRobot_12/freeFlyingRobot_12.mtx,packsell_pack32,structural_related,float,ok,6,5578,5578,41940,,0.122320,0.122320,,0.685743,,,,,,1.84202e-07,2.680
VDOL/freeFlyingRobot_12/freeFlyingRobot_12.mtx,spaden_bitmap_float,structural_related,float,ok,6,5578,5578,41940,,0.0401,0.0401,,2.0896,14.14,70.5,,,,3.900356e-08,1.677
VDOL/freeFlyingRobot_13/freeFlyingRobot_13.mtx,cusparse_double,main,double,ok,2,5718,5718,43994,0.1470,0.0140,0.0140,0.0123,,,,,,,,1.307
VDOL/freeFlyingRobot_13/freeFlyingRobot_13.mtx,cusparse_float,main_float,float,ok,5,5718,5718,43994,0.1374,0.0103,0.0103,0.0083,,,,,,,,1.546
VDOL/freeFlyingRobot_13/freeFlyingRobot_13.mtx,dasp_double,main,double,ok,5,,,,0.6030,0.0041,0.0041,,21.4343,,,,,,,1.312
VDOL/freeFlyingRobot_13/freeFlyingRobot_13.mtx,dasp_half,main_reduced_precision,half,ok,5,,,,0.5160,0.0041,0.0041,,21.4500,,,,,,,1.336
VDOL/freeFlyingRobot_13/freeFlyingRobot_13.mtx,packsell_pack16,structural_related,half,ok,5,5718,5718,43994,,0.067749,0.067749,,1.29873,,,,,,0.000454073,3.188
VDOL/freeFlyingRobot_13/freeFlyingRobot_13.mtx,packsell_pack32,structural_related,float,ok,5,5718,5718,43994,,0.130153,0.130153,,0.676037,,,,,,1.99342e-07,3.206
VDOL/freeFlyingRobot_13/freeFlyingRobot_13.mtx,spaden_bitmap_float,structural_related,float,ok,5,5718,5718,43994,,0.0386,0.0386,,2.2766,212.95,70.9,,,,3.253504e-08,1.671
VDOL/freeFlyingRobot_14/freeFlyingRobot_14.mtx,cusparse_double,main,double,ok,5,5958,5958,43298,0.1388,0.0142,0.0142,0.0123,,,,,,,,1.441
VDOL/freeFlyingRobot_14/freeFlyingRobot_14.mtx,cusparse_float,main_float,float,ok,3,5958,5958,43298,0.1180,0.0091,0.0091,0.0072,,,,,,,,1.975
VDOL/freeFlyingRobot_14/freeFlyingRobot_14.mtx,dasp_double,main,double,ok,3,,,,0.5150,0.0066,0.0066,,13.2066,,,,,,,2.305
VDOL/freeFlyingRobot_14/freeFlyingRobot_14.mtx,dasp_half,main_reduced_precision,half,ok,3,,,,0.5430,0.0041,0.0041,,21.1158,,,,,,,2.108
VDOL/freeFlyingRobot_14/freeFlyingRobot_14.mtx,packsell_pack16,structural_related,half,ok,3,5958,5958,43298,,0.065803,0.065803,,1.316,,,,,,0.000457994,2.946
VDOL/freeFlyingRobot_14/freeFlyingRobot_14.mtx,packsell_pack32,structural_related,float,ok,3,5958,5958,43298,,0.127322,0.127322,,0.680135,,,,,,1.83294e-07,2.849
VDOL/freeFlyingRobot_14/freeFlyingRobot_14.mtx,spaden_bitmap_float,structural_related,float,ok,3,5958,5958,43298,,0.0335,0.0335,,2.5847,113.76,72.1,,,,1.979490e-09,1.361
VDOL/freeFlyingRobot_15/freeFlyingRobot_15.mtx,cusparse_double,main,double,ok,1,6038,6038,43378,0.1470,0.0140,0.0140,0.0123,,,,,,,,0.409
VDOL/freeFlyingRobot_15/freeFlyingRobot_15.mtx,cusparse_float,main_float,float,ok,6,6038,6038,43378,0.1358,0.0101,0.0101,0.0088,,,,,,,,1.469
VDOL/freeFlyingRobot_15/freeFlyingRobot_15.mtx,dasp_double,main,double,ok,6,,,,0.5580,0.0076,0.0076,,11.4711,,,,,,,1.534
VDOL/freeFlyingRobot_15/freeFlyingRobot_15.mtx,dasp_half,main_reduced_precision,half,ok,6,,,,0.6260,0.0041,0.0041,,21.1548,,,,,,,1.530
VDOL/freeFlyingRobot_15/freeFlyingRobot_15.mtx,packsell_pack16,structural_related,half,ok,6,6038,6038,43378,,0.071711,0.071711,,1.2098,,,,,,0.000461054,2.683
VDOL/freeFlyingRobot_15/freeFlyingRobot_15.mtx,packsell_pack32,structural_related,float,ok,6,6038,6038,43378,,0.137590,0.137590,,0.630542,,,,,,1.94215e-07,2.316
VDOL/freeFlyingRobot_15/freeFlyingRobot_15.mtx,spaden_bitmap_float,structural_related,float,ok,6,6038,6038,43378,,0.0418,0.0418,,2.0779,26.73,72.0,,,,1.525983e-08,1.681
VDOL/freeFlyingRobot_16/freeFlyingRobot_16.mtx,cusparse_double,main,double,ok,3,6078,6078,44006,0.1349,0.0140,0.0140,0.0121,,,,,,,,0.888
VDOL/freeFlyingRobot_16/freeFlyingRobot_16.mtx,cusparse_float,main_float,float,ok,3,6078,6078,44006,0.1370,0.0090,0.0090,0.0082,,,,,,,,1.639
VDOL/freeFlyingRobot_16/freeFlyingRobot_16.mtx,dasp_double,main,double,ok,3,,,,0.4980,0.0041,0.0041,,21.4402,,,,,,,1.770
VDOL/freeFlyingRobot_16/freeFlyingRobot_16.mtx,dasp_half,main_reduced_precision,half,ok,3,,,,0.5300,0.0041,0.0041,,21.4506,,,,,,,1.620
VDOL/freeFlyingRobot_16/freeFlyingRobot_16.mtx,packsell_pack16,structural_related,half,ok,3,6078,6078,44006,,0.069875,0.069875,,1.25957,,,,,,0.000454021,2.740
VDOL/freeFlyingRobot_16/freeFlyingRobot_16.mtx,packsell_pack32,structural_related,float,ok,3,6078,6078,44006,,0.136718,0.136718,,0.64375,,,,,,1.85706e-07,2.738
VDOL/freeFlyingRobot_16/freeFlyingRobot_16.mtx,spaden_bitmap_float,structural_related,float,ok,3,6078,6078,44006,,0.0358,0.0358,,2.4595,27.93,73.0,,,,3.538456e-09,1.277
VDOL/freeFlyingRobot_2/freeFlyingRobot_2.mtx,cusparse_double,main,double,ok,5,1338,1338,11600,0.1422,0.0137,0.0137,0.0123,,,,,,,,1.197
VDOL/freeFlyingRobot_2/freeFlyingRobot_2.mtx,cusparse_float,main_float,float,ok,4,1338,1338,11600,0.1296,0.0092,0.0092,0.0077,,,,,,,,1.715
VDOL/freeFlyingRobot_2/freeFlyingRobot_2.mtx,dasp_double,main,double,ok,4,,,,0.1710,0.0041,0.0041,,5.6489,,,,,,,2.022
VDOL/freeFlyingRobot_2/freeFlyingRobot_2.mtx,dasp_half,main_reduced_precision,half,ok,4,,,,0.1400,0.0041,0.0041,,5.6558,,,,,,,1.512
VDOL/freeFlyingRobot_2/freeFlyingRobot_2.mtx,packsell_pack16,structural_related,half,ok,4,1338,1338,11600,,0.016917,0.016917,,1.37137,,,,,,0.000425934,3.681
VDOL/freeFlyingRobot_2/freeFlyingRobot_2.mtx,packsell_pack32,structural_related,float,ok,4,1338,1338,11600,,0.031000,0.031000,,0.748394,,,,,,1.53837e-07,3.769
VDOL/freeFlyingRobot_2/freeFlyingRobot_2.mtx,spaden_bitmap_float,structural_related,float,ok,4,1338,1338,11600,,0.0130,0.0130,,1.7813,106.20,69.4,,,,4.849462e-08,1.568
VDOL/freeFlyingRobot_3/freeFlyingRobot_3.mtx,cusparse_double,main,double,ok,4,1718,1718,12922,0.1350,0.0146,0.0146,0.0123,,,,,,,,1.366
VDOL/freeFlyingRobot_3/freeFlyingRobot_3.mtx,cusparse_float,main_float,float,ok,3,1718,1718,12922,0.1399,0.0088,0.0088,0.0066,,,,,,,,1.759
VDOL/freeFlyingRobot_3/freeFlyingRobot_3.mtx,dasp_double,main,double,ok,3,,,,0.1650,0.0065,0.0065,,3.9797,,,,,,,1.661
VDOL/freeFlyingRobot_3/freeFlyingRobot_3.mtx,dasp_half,main_reduced_precision,half,ok,3,,,,0.2730,0.0041,0.0041,,6.3019,,,,,,,1.841
VDOL/freeFlyingRobot_3/freeFlyingRobot_3.mtx,packsell_pack16,structural_related,half,ok,3,1718,1718,12922,,0.020807,0.020807,,1.24206,,,,,,0.000431115,3.139
VDOL/freeFlyingRobot_3/freeFlyingRobot_3.mtx,packsell_pack32,structural_related,float,ok,3,1718,1718,12922,,0.039215,0.039215,,0.659035,,,,,,1.61168e-07,3.113
VDOL/freeFlyingRobot_3/freeFlyingRobot_3.mtx,spaden_bitmap_float,structural_related,float,ok,3,1718,1718,12922,,0.0151,0.0151,,1.7084,11.02,71.1,,,,3.855072e-08,1.554
VDOL/freeFlyingRobot_4/freeFlyingRobot_4.mtx,cusparse_double,main,double,ok,4,2358,2358,18218,0.1370,0.0144,0.0144,0.0123,,,,,,,,1.184
VDOL/freeFlyingRobot_4/freeFlyingRobot_4.mtx,cusparse_float,main_float,float,ok,2,2358,2358,18218,0.1356,0.0099,0.0099,0.0083,,,,,,,,1.516
VDOL/freeFlyingRobot_4/freeFlyingRobot_4.mtx,dasp_double,main,double,ok,2,,,,0.2580,0.0041,0.0041,,8.8803,,,,,,,1.583
VDOL/freeFlyingRobot_4/freeFlyingRobot_4.mtx,dasp_half,main_reduced_precision,half,ok,2,,,,0.2190,0.0041,0.0041,,8.8847,,,,,,,1.340
VDOL/freeFlyingRobot_4/freeFlyingRobot_4.mtx,packsell_pack16,structural_related,half,ok,2,2358,2358,18218,,0.026930,0.026930,,1.35297,,,,,,0.000438002,2.866
VDOL/freeFlyingRobot_4/freeFlyingRobot_4.mtx,packsell_pack32,structural_related,float,ok,2,2358,2358,18218,,0.103902,0.103902,,0.350676,,,,,,1.64261e-07,3.350
VDOL/freeFlyingRobot_4/freeFlyingRobot_4.mtx,spaden_bitmap_float,structural_related,float,ok,2,2358,2358,18218,,0.0194,0.0194,,1.8773,27.71,70.8,,,,4.248003e-08,1.571
VDOL/freeFlyingRobot_5/freeFlyingRobot_5.mtx,cusparse_double,main,double,ok,2,2878,2878,24582,0.1335,0.0139,0.0139,0.0123,,,,,,,,1.389
VDOL/freeFlyingRobot_5/freeFlyingRobot_5.mtx,cusparse_float,main_float,float,ok,4,2878,2878,24582,0.1327,0.0087,0.0087,0.0076,,,,,,,,1.743
VDOL/freeFlyingRobot_5/freeFlyingRobot_5.mtx,dasp_double,main,double,ok,4,,,,0.3330,0.0100,0.0100,,4.9081,,,,,,,1.771
VDOL/freeFlyingRobot_5/freeFlyingRobot_5.mtx,dasp_half,main_reduced_precision,half,ok,4,,,,0.2920,0.0041,0.0041,,11.9795,,,,,,,1.443
VDOL/freeFlyingRobot_5/freeFlyingRobot_5.mtx,packsell_pack16,structural_related,half,ok,4,2878,2878,24582,,0.034990,0.034990,,1.40509,,,,,,0.000441645,3.237
VDOL/freeFlyingRobot_5/freeFlyingRobot_5.mtx,packsell_pack32,structural_related,float,ok,4,2878,2878,24582,,0.065738,0.065738,,0.747883,,,,,,1.79848e-07,1.968
VDOL/freeFlyingRobot_5/freeFlyingRobot_5.mtx,spaden_bitmap_float,structural_related,float,ok,4,2878,2878,24582,,0.0234,0.0234,,2.1002,29.82,69.9,,,,3.056753e-08,1.655
VDOL/freeFlyingRobot_6/freeFlyingRobot_6.mtx,cusparse_double,main,double,ok,2,3358,3358,27030,0.1421,0.0144,0.0144,0.0123,,,,,,,,1.732
VDOL/freeFlyingRobot_6/freeFlyingRobot_6.mtx,cusparse_float,main_float,float,ok,5,3358,3358,27030,0.1326,0.0100,0.0100,0.0091,,,,,,,,1.588
VDOL/freeFlyingRobot_6/freeFlyingRobot_6.mtx,dasp_double,main,double,ok,5,,,,0.2980,0.0041,0.0041,,13.1629,,,,,,,1.784
VDOL/freeFlyingRobot_6/freeFlyingRobot_6.mtx,dasp_half,main_reduced_precision,half,ok,5,,,,0.4020,0.0097,0.0097,,5.5888,,,,,,,2.254
VDOL/freeFlyingRobot_6/freeFlyingRobot_6.mtx,packsell_pack16,structural_related,half,ok,5,3358,3358,27030,,0.039114,0.039114,,1.38212,,,,,,0.000437195,3.387
VDOL/freeFlyingRobot_6/freeFlyingRobot_6.mtx,packsell_pack32,structural_related,float,ok,5,3358,3358,27030,,0.072437,0.072437,,0.746308,,,,,,1.90398e-07,2.136
VDOL/freeFlyingRobot_6/freeFlyingRobot_6.mtx,spaden_bitmap_float,structural_related,float,ok,5,3358,3358,27030,,0.0234,0.0234,,2.3081,95.32,71.3,,,,6.189881e-08,1.706
VDOL/freeFlyingRobot_7/freeFlyingRobot_7.mtx,cusparse_double,main,double,ok,7,3918,3918,31046,0.1359,0.0148,0.0148,0.0123,,,,,,,,0.799
VDOL/freeFlyingRobot_7/freeFlyingRobot_7.mtx,cusparse_float,main_float,float,ok,2,3918,3918,31046,0.1410,0.0098,0.0098,0.0077,,,,,,,,1.501
VDOL/freeFlyingRobot_7/freeFlyingRobot_7.mtx,dasp_double,main,double,ok,2,,,,0.4460,0.0041,0.0041,,15.1223,,,,,,,1.557
VDOL/freeFlyingRobot_7/freeFlyingRobot_7.mtx,dasp_half,main_reduced_precision,half,ok,2,,,,14.5750,0.0195,0.0195,,3.1800,,,,,,,2.057
VDOL/freeFlyingRobot_7/freeFlyingRobot_7.mtx,packsell_pack16,structural_related,half,ok,2,3918,3918,31046,,0.314108,0.314108,,0.197677,,,,,,0.000451006,3.792
VDOL/freeFlyingRobot_7/freeFlyingRobot_7.mtx,packsell_pack32,structural_related,float,ok,2,3918,3918,31046,,0.082055,0.082055,,0.75671,,,,,,1.67102e-07,2.987
VDOL/freeFlyingRobot_7/freeFlyingRobot_7.mtx,spaden_bitmap_float,structural_related,float,ok,2,3918,3918,31046,,0.0213,0.0213,,2.9157,11.14,71.7,,,,2.543618e-08,1.541
VDOL/freeFlyingRobot_8/freeFlyingRobot_8.mtx,cusparse_double,main,double,ok,5,4398,4398,34958,0.1609,0.0145,0.0145,0.0123,,,,,,,,1.206
VDOL/freeFlyingRobot_8/freeFlyingRobot_8.mtx,cusparse_float,main_float,float,ok,7,4398,4398,34958,0.2125,0.0094,0.0094,0.0072,,,,,,,,1.457
VDOL/freeFlyingRobot_8/freeFlyingRobot_8.mtx,dasp_double,main,double,ok,7,,,,0.4100,0.0042,0.0042,,16.5835,,,,,,,1.953
VDOL/freeFlyingRobot_8/freeFlyingRobot_8.mtx,dasp_half,main_reduced_precision,half,ok,7,,,,0.4430,0.0041,0.0041,,17.0319,,,,,,,1.359
VDOL/freeFlyingRobot_8/freeFlyingRobot_8.mtx,packsell_pack16,structural_related,half,ok,7,4398,4398,34958,,0.051402,0.051402,,1.36018,,,,,,0.000446151,2.403
VDOL/freeFlyingRobot_8/freeFlyingRobot_8.mtx,packsell_pack32,structural_related,float,ok,7,4398,4398,34958,,0.098269,0.098269,,0.711479,,,,,,1.66448e-07,2.528
VDOL/freeFlyingRobot_8/freeFlyingRobot_8.mtx,spaden_bitmap_float,structural_related,float,ok,7,4398,4398,34958,,0.0253,0.0253,,2.7612,31.75,71.6,,,,8.824905e-08,2.013
VDOL/freeFlyingRobot_9/freeFlyingRobot_9.mtx,cusparse_double,main,double,ok,6,4778,4778,39964,0.1481,0.0144,0.0144,0.0123,,,,,,,,0.964
VDOL/freeFlyingRobot_9/freeFlyingRobot_9.mtx,cusparse_float,main_float,float,ok,7,4778,4778,39964,0.1382,0.0090,0.0090,0.0074,,,,,,,,1.696
VDOL/freeFlyingRobot_9/freeFlyingRobot_9.mtx,dasp_double,main,double,ok,7,,,,0.4820,0.0041,0.0041,,19.4756,,,,,,,1.260
VDOL/freeFlyingRobot_9/freeFlyingRobot_9.mtx,dasp_half,main_reduced_precision,half,ok,7,,,,0.4950,0.0089,0.0089,,9.0060,,,,,,,1.736
VDOL/freeFlyingRobot_9/freeFlyingRobot_9.mtx,packsell_pack16,structural_related,half,ok,7,4778,4778,39964,,0.055486,0.055486,,1.4405,,,,,,0.00044746,2.141
VDOL/freeFlyingRobot_9/freeFlyingRobot_9.mtx,packsell_pack32,structural_related,float,ok,7,4778,4778,39964,,0.104851,0.104851,,0.762304,,,,,,1.79513e-07,2.453
VDOL/freeFlyingRobot_9/freeFlyingRobot_9.mtx,spaden_bitmap_float,structural_related,float,ok,7,4778,4778,39964,,0.0337,0.0337,,2.3706,29.04,68.9,,,,1.968889e-08,2.034
VDOL/goddardRocketProblem_1/goddardRocketProblem_1.mtx,cusparse_double,main,double,ok,2,831,831,8498,0.1471,0.0140,0.0140,0.0102,,,,,,,,1.295
VDOL/goddardRocketProblem_1/goddardRocketProblem_1.mtx,cusparse_float,main_float,float,ok,6,831,831,8498,0.1347,0.0080,0.0080,0.0061,,,,,,,,1.436
VDOL/goddardRocketProblem_1/goddardRocketProblem_1.mtx,dasp_double,main,double,ok,6,,,,0.1030,0.0368,0.0368,,0.4621,,,,,,,1.660
VDOL/goddardRocketProblem_1/goddardRocketProblem_1.mtx,dasp_half,main_reduced_precision,half,ok,6,,,,0.0970,0.0102,0.0102,,1.6593,,,,,,,2.040
VDOL/goddardRocketProblem_1/goddardRocketProblem_1.mtx,packsell_pack16,structural_related,half,ok,6,831,831,8498,,0.018495,0.018495,,0.918969,,,,,,0.000376127,2.034
VDOL/goddardRocketProblem_1/goddardRocketProblem_1.mtx,packsell_pack32,structural_related,float,ok,6,831,831,8498,,0.033040,0.033040,,0.514413,,,,,,1.48525e-07,2.582
VDOL/goddardRocketProblem_1/goddardRocketProblem_1.mtx,spaden_bitmap_float,structural_related,float,ok,6,831,831,8498,,0.0171,0.0171,,0.9915,13.26,68.8,,,,7.436326e-08,1.409
VDOL/goddardRocketProblem_2/goddardRocketProblem_2.mtx,cusparse_double,main,double,ok,4,867,867,9058,0.1321,0.0139,0.0139,0.0103,,,,,,,,1.204
VDOL/goddardRocketProblem_2/goddardRocketProblem_2.mtx,cusparse_float,main_float,float,ok,6,867,867,9058,0.1310,0.0078,0.0078,0.0061,,,,,,,,1.544
VDOL/goddardRocketProblem_2/goddardRocketProblem_2.mtx,dasp_double,main,double,ok,6,,,,0.1260,0.0469,0.0469,,0.3859,,,,,,,1.518
VDOL/goddardRocketProblem_2/goddardRocketProblem_2.mtx,dasp_half,main_reduced_precision,half,ok,6,,,,0.1040,0.0102,0.0102,,1.7686,,,,,,,1.321
VDOL/goddardRocketProblem_2/goddardRocketProblem_2.mtx,packsell_pack16,structural_related,half,ok,6,867,867,9058,,0.018616,0.018616,,0.973141,,,,,,0.000409216,2.774
VDOL/goddardRocketProblem_2/goddardRocketProblem_2.mtx,packsell_pack32,structural_related,float,ok,6,867,867,9058,,0.033168,0.033168,,0.546196,,,,,,1.21918e-07,3.305
VDOL/goddardRocketProblem_2/goddardRocketProblem_2.mtx,spaden_bitmap_float,structural_related,float,ok,6,867,867,9058,,0.0152,0.0152,,1.1888,121.35,71.9,,,,2.577865e-08,2.174
VDOL/hangGlider_2/hangGlider_2.mtx,cusparse_double,main,double,ok,1,1647,1647,14754,0.1468,0.0153,0.0153,0.0102,,,,,,,,0.410
VDOL/hangGlider_2/hangGlider_2.mtx,cusparse_float,main_float,float,ok,5,1647,1647,14754,0.1425,0.0090,0.0090,0.0079,,,,,,,,1.703
VDOL/hangGlider_2/hangGlider_2.mtx,dasp_double,main,double,ok,5,,,,0.2090,0.0109,0.0109,,2.7154,,,,,,,1.219
VDOL/hangGlider_2/hangGlider_2.mtx,dasp_half,main_reduced_precision,half,ok,5,,,,3.2080,0.0041,0.0041,,7.1883,,,,,,,1.321
VDOL/hangGlider_2/hangGlider_2.mtx,packsell_pack16,structural_related,half,ok,5,1647,1647,14754,,0.080984,0.080984,,0.36437,,,,,,0.00041458,3.755
VDOL/hangGlider_2/hangGlider_2.mtx,packsell_pack32,structural_related,float,ok,5,1647,1647,14754,,0.163163,0.163163,,0.18085,,,,,,1.65747e-07,3.066
VDOL/hangGlider_2/hangGlider_2.mtx,spaden_bitmap_float,structural_related,float,ok,5,1647,1647,14754,,0.0356,0.0356,,0.8289,24.81,74.7,,,,6.793371e-08,1.612
VDOL/hangGlider_3/hangGlider_3.mtx,cusparse_double,main,double,ok,7,10260,10260,92703,0.1522,0.0171,0.0171,0.0123,,,,,,,,1.065
VDOL/hangGlider_3/hangGlider_3.mtx,cusparse_float,main_float,float,ok,5,10260,10260,92703,0.1350,0.0087,0.0087,0.0077,,,,,,,,1.892
VDOL/hangGlider_3/hangGlider_3.mtx,dasp_double,main,double,ok,5,,,,0.9990,0.0068,0.0068,,27.0666,,,,,,,1.325
VDOL/hangGlider_3/hangGlider_3.mtx,dasp_half,main_reduced_precision,half,ok,5,,,,1.1680,0.0152,0.0152,,12.1578,,,,,,,1.079
VDOL/hangGlider_3/hangGlider_3.mtx,packsell_pack16,structural_related,half,ok,5,10260,10260,92703,,0.526353,0.526353,,0.352247,,,,,,0.000435578,3.266
VDOL/hangGlider_3/hangGlider_3.mtx,packsell_pack32,structural_related,float,ok,5,10260,10260,92703,,1.051113,1.051113,,0.17639,,,,,,2.17033e-07,2.392
VDOL/hangGlider_3/hangGlider_3.mtx,spaden_bitmap_float,structural_related,float,ok,5,10260,10260,92703,,0.2107,0.2107,,0.8799,29.49,74.6,,,,6.736779e-08,1.563
VDOL/kineticBatchReactor_1/kineticBatchReactor_1.mtx,cusparse_double,main,double,ok,5,2052,2052,20600,0.1395,0.0138,0.0138,0.0123,,,,,,,,1.671
VDOL/kineticBatchReactor_1/kineticBatchReactor_1.mtx,cusparse_float,main_float,float,ok,2,2052,2052,20600,0.1381,0.0087,0.0087,0.0077,,,,,,,,1.602
VDOL/kineticBatchReactor_1/kineticBatchReactor_1.mtx,dasp_double,main,double,ok,2,,,,0.3350,0.0041,0.0041,,10.0365,,,,,,,1.552
VDOL/kineticBatchReactor_1/kineticBatchReactor_1.mtx,dasp_half,main_reduced_precision,half,ok,2,,,,0.2320,0.0070,0.0070,,5.8531,,,,,,,1.167
VDOL/kineticBatchReactor_1/kineticBatchReactor_1.mtx,packsell_pack16,structural_related,half,ok,2,2052,2052,20600,,0.028973,0.028973,,1.42204,,,,,,0.000456341,2.561
VDOL/kineticBatchReactor_1/kineticBatchReactor_1.mtx,packsell_pack32,structural_related,float,ok,2,2052,2052,20600,,0.055466,0.055466,,0.742794,,,,,,2.13252e-07,2.548
VDOL/kineticBatchReactor_1/kineticBatchReactor_1.mtx,spaden_bitmap_float,structural_related,float,ok,2,2052,2052,20600,,0.0356,0.0356,,1.1569,28.85,83.9,,,,8.425824e-10,1.676
VDOL/kineticBatchReactor_2/kineticBatchReactor_2.mtx,cusparse_double,main,double,ok,4,4361,4361,44840,0.1502,0.0145,0.0145,0.0123,,,,,,,,1.139
VDOL/kineticBatchReactor_2/kineticBatchReactor_2.mtx,cusparse_float,main_float,float,ok,2,4361,4361,44840,0.1370,0.0093,0.0093,0.0079,,,,,,,,1.653
VDOL/kineticBatchReactor_2/kineticBatchReactor_2.mtx,dasp_double,main,double,ok,2,,,,0.5600,0.0049,0.0049,,18.1538,,,,,,,1.285
VDOL/kineticBatchReactor_2/kineticBatchReactor_2.mtx,dasp_half,main_reduced_precision,half,ok,2,,,,0.4710,0.0041,0.0041,,21.8625,,,,,,,1.453
VDOL/kineticBatchReactor_2/kineticBatchReactor_2.mtx,packsell_pack16,structural_related,half,ok,2,4361,4361,44840,,0.061730,0.061730,,1.45277,,,,,,0.000451726,2.262
VDOL/kineticBatchReactor_2/kineticBatchReactor_2.mtx,packsell_pack32,structural_related,float,ok,2,4361,4361,44840,,0.121037,0.121037,,0.740929,,,,,,2.48654e-07,1.962
VDOL/kineticBatchReactor_2/kineticBatchReactor_2.mtx,spaden_bitmap_float,structural_related,float,ok,2,4361,4361,44840,,0.1340,0.1340,,0.6690,38.27,80.2,,,,5.789975e-10,1.705
VDOL/kineticBatchReactor_3/kineticBatchReactor_3.mtx,cusparse_double,main,double,ok,4,5082,5082,53219,0.1426,0.0146,0.0146,0.0123,,,,,,,,1.129
VDOL/kineticBatchReactor_3/kineticBatchReactor_3.mtx,cusparse_float,main_float,float,ok,5,5082,5082,53219,0.1456,0.0098,0.0098,0.0081,,,,,,,,1.582
VDOL/kineticBatchReactor_3/kineticBatchReactor_3.mtx,dasp_double,main,double,ok,5,,,,0.7820,0.0044,0.0044,,24.0484,,,,,,,1.358
VDOL/kineticBatchReactor_3/kineticBatchReactor_3.mtx,dasp_half,main_reduced_precision,half,ok,5,,,,2.6830,0.0064,0.0064,,16.6335,,,,,,,1.931
VDOL/kineticBatchReactor_3/kineticBatchReactor_3.mtx,packsell_pack16,structural_related,half,ok,5,5082,5082,53219,,0.076062,0.076062,,1.39936,,,,,,0.000434034,2.582
VDOL/kineticBatchReactor_3/kineticBatchReactor_3.mtx,packsell_pack32,structural_related,float,ok,5,5082,5082,53219,,0.146563,0.146563,,0.726226,,,,,,2.58892e-07,2.360
VDOL/kineticBatchReactor_3/kineticBatchReactor_3.mtx,spaden_bitmap_float,structural_related,float,ok,5,5082,5082,53219,,0.0540,0.0540,,1.9699,192.52,80.1,,,,1.961907e-13,1.761
VDOL/kineticBatchReactor_4/kineticBatchReactor_4.mtx,cusparse_double,main,double,ok,4,7105,7105,74869,0.1440,0.0145,0.0145,0.0123,,,,,,,,0.818
VDOL/kineticBatchReactor_4/kineticBatchReactor_4.mtx,cusparse_float,main_float,float,ok,6,7105,7105,74869,0.1377,0.0089,0.0089,0.0076,,,,,,,,1.565
VDOL/kineticBatchReactor_4/kineticBatchReactor_4.mtx,dasp_double,main,double,ok,6,,,,0.9010,0.0041,0.0041,,36.4770,,,,,,,1.420
VDOL/kineticBatchReactor_4/kineticBatchReactor_4.mtx,dasp_half,main_reduced_precision,half,ok,6,,,,0.6340,0.0041,0.0041,,36.4859,,,,,,,1.633
VDOL/kineticBatchReactor_4/kineticBatchReactor_4.mtx,packsell_pack16,structural_related,half,ok,6,7105,7105,74869,,0.133302,0.133302,,1.1233,,,,,,0.000427271,2.323
VDOL/kineticBatchReactor_4/kineticBatchReactor_4.mtx,packsell_pack32,structural_related,float,ok,6,7105,7105,74869,,0.260797,0.260797,,0.574156,,,,,,2.0834e-07,2.665
VDOL/kineticBatchReactor_4/kineticBatchReactor_4.mtx,spaden_bitmap_float,structural_related,float,ok,6,7105,7105,74869,,0.1421,0.1421,,1.0537,27.99,81.1,,,,1.818780e-13,1.174
VDOL/kineticBatchReactor_5/kineticBatchReactor_5.mtx,cusparse_double,main,double,ok,7,7641,7641,80767,0.1502,0.0172,0.0172,0.0123,,,,,,,,1.031
VDOL/kineticBatchReactor_5/kineticBatchReactor_5.mtx,cusparse_float,main_float,float,ok,7,7641,7641,80767,0.1329,0.0100,0.0100,0.0082,,,,,,,,2.031
VDOL/kineticBatchReactor_5/kineticBatchReactor_5.mtx,dasp_double,main,double,ok,7,,,,1.0140,0.0117,0.0117,,13.8430,,,,,,,1.646
VDOL/kineticBatchReactor_5/kineticBatchReactor_5.mtx,dasp_half,main_reduced_precision,half,ok,7,,,,0.8350,0.0061,0.0061,,26.4160,,,,,,,1.461
VDOL/kineticBatchReactor_5/kineticBatchReactor_5.mtx,packsell_pack16,structural_related,half,ok,7,7641,7641,80767,,0.145701,0.145701,,1.10867,,,,,,0.000436648,3.390
VDOL/kineticBatchReactor_5/kineticBatchReactor_5.mtx,packsell_pack32,structural_related,float,ok,7,7641,7641,80767,,0.345623,0.345623,,0.467368,,,,,,2.32013e-07,3.795
VDOL/kineticBatchReactor_5/kineticBatchReactor_5.mtx,spaden_bitmap_float,structural_related,float,ok,7,7641,7641,80767,,0.2918,0.2918,,0.5537,255.97,80.0,,,,2.806315e-12,1.427
VDOL/kineticBatchReactor_6/kineticBatchReactor_6.mtx,cusparse_double,main,double,ok,7,7773,7773,82500,0.1627,0.0173,0.0173,0.0143,,,,,,,,0.902
VDOL/kineticBatchReactor_6/kineticBatchReactor_6.mtx,cusparse_float,main_float,float,ok,6,7773,7773,82500,0.1316,0.0092,0.0092,0.0072,,,,,,,,1.644
VDOL/kineticBatchReactor_6/kineticBatchReactor_6.mtx,dasp_double,main,double,ok,6,,,,0.8300,0.0062,0.0062,,26.7814,,,,,,,1.396
VDOL/kineticBatchReactor_6/kineticBatchReactor_6.mtx,dasp_half,main_reduced_precision,half,ok,6,,,,0.9020,0.0057,0.0057,,28.8109,,,,,,,1.162
VDOL/kineticBatchReactor_6/kineticBatchReactor_6.mtx,packsell_pack16,structural_related,half,ok,6,7773,7773,82500,,0.246110,0.246110,,0.670431,,,,,,0.000440312,2.856
VDOL/kineticBatchReactor_6/kineticBatchReactor_6.mtx,packsell_pack32,structural_related,float,ok,6,7773,7773,82500,,0.305007,0.305007,,0.54097,,,,,,1.70412e-07,2.413
VDOL/kineticBatchReactor_6/kineticBatchReactor_6.mtx,spaden_bitmap_float,structural_related,float,ok,6,7773,7773,82500,,0.0876,0.0876,,1.8838,48.26,79.3,,,,3.362075e-10,1.389
VDOL/kineticBatchReactor_7/kineticBatchReactor_7.mtx,cusparse_double,main,double,ok,6,7968,7968,84508,0.1456,0.0139,0.0139,0.0123,,,,,,,,0.844
VDOL/kineticBatchReactor_7/kineticBatchReactor_7.mtx,cusparse_float,main_float,float,ok,4,7968,7968,84508,0.1378,0.0090,0.0090,0.0078,,,,,,,,1.642
VDOL/kineticBatchReactor_7/kineticBatchReactor_7.mtx,dasp_double,main,double,ok,4,,,,0.9430,0.0083,0.0083,,20.3536,,,,,,,1.903
VDOL/kineticBatchReactor_7/kineticBatchReactor_7.mtx,dasp_half,main_reduced_precision,half,ok,4,,,,0.9350,0.0068,0.0068,,25.0246,,,,,,,1.078
VDOL/kineticBatchReactor_7/kineticBatchReactor_7.mtx,packsell_pack16,structural_related,half,ok,4,7968,7968,84508,,0.150544,0.150544,,1.1227,,,,,,0.000428366,2.939
VDOL/kineticBatchReactor_7/kineticBatchReactor_7.mtx,packsell_pack32,structural_related,float,ok,4,7968,7968,84508,,0.293426,0.293426,,0.576008,,,,,,3.12299e-07,2.747
VDOL/kineticBatchReactor_7/kineticBatchReactor_7.mtx,spaden_bitmap_float,structural_related,float,ok,4,7968,7968,84508,,0.1728,0.1728,,0.9781,52.07,80.4,,,,6.039197e-09,1.670
VDOL/kineticBatchReactor_8/kineticBatchReactor_8.mtx,cusparse_double,main,double,ok,2,8052,8052,85194,0.1433,0.0137,0.0137,0.0123,,,,,,,,1.236
VDOL/kineticBatchReactor_8/kineticBatchReactor_8.mtx,cusparse_float,main_float,float,ok,2,8052,8052,85194,0.1315,0.0093,0.0093,0.0082,,,,,,,,1.595
VDOL/kineticBatchReactor_8/kineticBatchReactor_8.mtx,dasp_double,main,double,ok,2,,,,1.0470,0.0061,0.0061,,27.7234,,,,,,,1.628
VDOL/kineticBatchReactor_8/kineticBatchReactor_8.mtx,dasp_half,main_reduced_precision,half,ok,2,,,,0.7200,0.0041,0.0041,,41.5378,,,,,,,1.530
VDOL/kineticBatchReactor_8/kineticBatchReactor_8.mtx,packsell_pack16,structural_related,half,ok,2,8052,8052,85194,,0.141620,0.141620,,1.20314,,,,,,0.000425875,3.250
VDOL/kineticBatchReactor_8/kineticBatchReactor_8.mtx,packsell_pack32,structural_related,float,ok,2,8052,8052,85194,,0.275487,0.275487,,0.618497,,,,,,3.33211e-07,2.341
VDOL/kineticBatchReactor_8/kineticBatchReactor_8.mtx,spaden_bitmap_float,structural_related,float,ok,2,8052,8052,85194,,0.0806,0.0806,,2.1151,15.34,80.3,,,,1.440580e-09,1.220
VDOL/kineticBatchReactor_9/kineticBatchReactor_9.mtx,cusparse_double,main,double,ok,5,8115,8115,86183,0.1366,0.0142,0.0142,0.0123,,,,,,,,1.187
VDOL/kineticBatchReactor_9/kineticBatchReactor_9.mtx,cusparse_float,main_float,float,ok,5,8115,8115,86183,0.1313,0.0098,0.0098,0.0080,,,,,,,,1.521
VDOL/kineticBatchReactor_9/kineticBatchReactor_9.mtx,dasp_double,main,double,ok,5,,,,1.0400,0.0072,0.0072,,24.0231,,,,,,,1.801
VDOL/kineticBatchReactor_9/kineticBatchReactor_9.mtx,dasp_half,main_reduced_precision,half,ok,5,,,,0.8750,0.0041,0.0041,,41.9995,,,,,,,1.938
VDOL/kineticBatchReactor_9/kineticBatchReactor_9.mtx,packsell_pack16,structural_related,half,ok,5,8115,8115,86183,,0.148946,0.148946,,1.15724,,,,,,0.000438363,2.370
VDOL/kineticBatchReactor_9/kineticBatchReactor_9.mtx,packsell_pack32,structural_related,float,ok,5,8115,8115,86183,,0.284394,0.284394,,0.606082,,,,,,3.21331e-07,2.275
VDOL/kineticBatchReactor_9/kineticBatchReactor_9.mtx,spaden_bitmap_float,structural_related,float,ok,5,8115,8115,86183,,0.0964,0.0964,,1.7880,28.05,79.1,,,,4.076580e-11,1.398
VDOL/lowThrust_1/lowThrust_1.mtx,cusparse_double,main,double,ok,2,584,584,6133,0.1345,0.0138,0.0138,0.0102,,,,,,,,1.285
VDOL/lowThrust_1/lowThrust_1.mtx,cusparse_float,main_float,float,ok,3,584,584,6133,0.1340,0.0079,0.0079,0.0061,,,,,,,,1.590
VDOL/lowThrust_1/lowThrust_1.mtx,dasp_double,main,double,ok,3,,,,0.0900,0.0328,0.0328,,0.3741,,,,,,,1.300
VDOL/lowThrust_1/lowThrust_1.mtx,dasp_half,main_reduced_precision,half,ok,3,,,,0.0730,0.0103,0.0103,,1.1966,,,,,,,1.912
VDOL/lowThrust_1/lowThrust_1.mtx,packsell_pack16,structural_related,half,ok,3,584,584,6133,,0.014498,0.014498,,0.846052,,,,,,0.000407462,3.143
VDOL/lowThrust_1/lowThrust_1.mtx,packsell_pack32,structural_related,float,ok,3,584,584,6133,,0.024808,0.024808,,0.494435,,,,,,1.41446e-07,2.354
VDOL/lowThrust_1/lowThrust_1.mtx,spaden_bitmap_float,structural_related,float,ok,3,584,584,6133,,0.0133,0.0133,,0.9240,12.98,80.4,,,,7.526927e-08,1.384
VDOL/lowThrust_3/lowThrust_3.mtx,cusparse_double,main,double,ok,2,7064,7064,80645,0.1424,0.0141,0.0141,0.0123,,,,,,,,1.244
VDOL/lowThrust_3/lowThrust_3.mtx,cusparse_float,main_float,float,ok,3,7064,7064,80645,0.1353,0.0099,0.0099,0.0080,,,,,,,,1.426
VDOL/lowThrust_3/lowThrust_3.mtx,dasp_double,main,double,ok,3,,,,0.9680,0.0087,0.0087,,18.5008,,,,,,,1.749
VDOL/lowThrust_3/lowThrust_3.mtx,dasp_half,main_reduced_precision,half,ok,3,,,,0.7110,0.0041,0.0041,,39.3103,,,,,,,1.336
VDOL/lowThrust_3/lowThrust_3.mtx,packsell_pack16,structural_related,half,ok,3,7064,7064,80645,,0.159909,0.159909,,1.00864,,,,,,0.000457142,4.230
VDOL/lowThrust_3/lowThrust_3.mtx,packsell_pack32,structural_related,float,ok,3,7064,7064,80645,,0.341307,0.341307,,0.472567,,,,,,1.85017e-07,2.946
VDOL/lowThrust_3/lowThrust_3.mtx,spaden_bitmap_float,structural_related,float,ok,3,7064,7064,80645,,0.3070,0.3070,,0.5254,33.90,79.0,,,,9.570355e-08,1.932
VDOL/reorientation_1/reorientation_1.mtx,cusparse_double,main,double,ok,7,677,677,7326,0.1144,0.0129,0.0129,0.0102,,,,,,,,0.390
VDOL/reorientation_1/reorientation_1.mtx,cusparse_float,main_float,float,ok,6,677,677,7326,0.1316,0.0079,0.0079,0.0066,,,,,,,,1.596
VDOL/reorientation_1/reorientation_1.mtx,dasp_double,main,double,ok,6,,,,0.1490,0.0065,0.0065,,2.2393,,,,,,,1.665
VDOL/reorientation_1/reorientation_1.mtx,dasp_half,main_reduced_precision,half,ok,6,,,,0.0960,0.0041,0.0041,,3.5710,,,,,,,1.296
VDOL/reorientation_1/reorientation_1.mtx,packsell_pack16,structural_related,half,ok,6,677,677,7326,,0.124485,0.124485,,0.117701,,,,,,0.000411785,2.019
VDOL/reorientation_1/reorientation_1.mtx,packsell_pack32,structural_related,float,ok,6,677,677,7326,,0.067800,0.067800,,0.216107,,,,,,1.82222e-07,2.642
VDOL/reorientation_1/reorientation_1.mtx,spaden_bitmap_float,structural_related,float,ok,6,677,677,7326,,0.0254,0.0254,,0.5769,15.23,78.0,,,,7.053297e-09,1.389
VDOL/reorientation_2/reorientation_2.mtx,cusparse_double,main,double,ok,1,1544,1544,17910,0.1368,0.0132,0.0132,0.0102,,,,,,,,0.405
VDOL/reorientation_2/reorientation_2.mtx,cusparse_float,main_float,float,ok,3,1544,1544,17910,0.1337,0.0095,0.0095,0.0081,,,,,,,,1.602
VDOL/reorientation_2/reorientation_2.mtx,dasp_double,main,double,ok,3,,,,0.1790,0.0041,0.0041,,8.7238,,,,,,,1.652
VDOL/reorientation_2/reorientation_2.mtx,dasp_half,main_reduced_precision,half,ok,3,,,,0.1710,0.0060,0.0060,,5.9462,,,,,,,1.767
VDOL/reorientation_2/reorientation_2.mtx,packsell_pack16,structural_related,half,ok,3,1544,1544,17910,,0.082138,0.082138,,0.436098,,,,,,0.000393115,2.849
VDOL/reorientation_2/reorientation_2.mtx,packsell_pack32,structural_related,float,ok,3,1544,1544,17910,,0.156133,0.156133,,0.229419,,,,,,1.64222e-07,3.502
VDOL/reorientation_2/reorientation_2.mtx,spaden_bitmap_float,structural_related,float,ok,3,1544,1544,17910,,0.0421,0.0421,,0.8517,10.92,76.9,,,,1.406341e-11,2.248
VDOL/reorientation_3/reorientation_3.mtx,cusparse_double,main,double,ok,2,2513,2513,32166,0.1348,0.0133,0.0133,0.0102,,,,,,,,1.431
VDOL/reorientation_3/reorientation_3.mtx,cusparse_float,main_float,float,ok,5,2513,2513,32166,0.1426,0.0096,0.0096,0.0078,,,,,,,,1.654
VDOL/reorientation_3/reorientation_3.mtx,dasp_double,main,double,ok,5,,,,0.3600,0.0056,0.0056,,11.4551,,,,,,,1.335
VDOL/reorientation_3/reorientation_3.mtx,dasp_half,main_reduced_precision,half,ok,5,,,,0.3060,0.0041,0.0041,,15.6754,,,,,,,1.430
VDOL/reorientation_3/reorientation_3.mtx,packsell_pack16,structural_related,half,ok,5,2513,2513,32166,,0.133900,0.133900,,0.480448,,,,,,0.000419396,2.513
VDOL/reorientation_3/reorientation_3.mtx,packsell_pack32,structural_related,float,ok,5,2513,2513,32166,,0.353013,0.353013,,0.182237,,,,,,1.54155e-07,2.607
VDOL/reorientation_3/reorientation_3.mtx,spaden_bitmap_float,structural_related,float,ok,5,2513,2513,32166,,0.0612,0.0612,,1.0506,12.15,75.4,,,,1.802143e-13,1.807
VDOL/reorientation_4/reorientation_4.mtx,cusparse_double,main,double,ok,2,2717,2717,33630,0.1348,0.0134,0.0134,0.0102,,,,,,,,1.397
VDOL/reorientation_4/reorientation_4.mtx,cusparse_float,main_float,float,ok,2,2717,2717,33630,0.1387,0.0096,0.0096,0.0084,,,,,,,,1.807
VDOL/reorientation_4/reorientation_4.mtx,dasp_double,main,double,ok,2,,,,0.3560,0.0103,0.0103,,6.5364,,,,,,,1.866
VDOL/reorientation_4/reorientation_4.mtx,dasp_half,main_reduced_precision,half,ok,2,,,,0.3020,0.0041,0.0041,,16.3929,,,,,,,1.647
VDOL/reorientation_4/reorientation_4.mtx,packsell_pack16,structural_related,half,ok,2,2717,2717,33630,,0.147620,0.147620,,0.455628,,,,,,0.000410569,2.545
VDOL/reorientation_4/reorientation_4.mtx,packsell_pack32,structural_related,float,ok,2,2717,2717,33630,,0.283135,0.283135,,0.237554,,,,,,1.53112e-07,2.386
VDOL/reorientation_4/reorientation_4.mtx,spaden_bitmap_float,structural_related,float,ok,2,2717,2717,33630,,0.0829,0.0829,,0.8111,20.60,75.5,,,,3.569120e-10,2.831
VDOL/reorientation_5/reorientation_5.mtx,cusparse_double,main,double,ok,6,2904,2904,35590,0.1431,0.0141,0.0141,0.0123,,,,,,,,0.859
VDOL/reorientation_5/reorientation_5.mtx,cusparse_float,main_float,float,ok,7,2904,2904,35590,0.1292,0.0086,0.0086,0.0074,,,,,,,,1.595
VDOL/reorientation_5/reorientation_5.mtx,dasp_double,main,double,ok,7,,,,0.4190,0.0050,0.0050,,14.1202,,,,,,,1.662
VDOL/reorientation_5/reorientation_5.mtx,dasp_half,main_reduced_precision,half,ok,7,,,,0.3460,0.0041,0.0041,,17.3525,,,,,,,1.605
VDOL/reorientation_5/reorientation_5.mtx,packsell_pack16,structural_related,half,ok,7,2904,2904,35590,,0.160890,0.160890,,0.442413,,,,,,0.000413143,2.265
VDOL/reorientation_5/reorientation_5.mtx,packsell_pack32,structural_related,float,ok,7,2904,2904,35590,,0.313498,0.313498,,0.227051,,,,,,1.52223e-07,2.261
VDOL/reorientation_5/reorientation_5.mtx,spaden_bitmap_float,structural_related,float,ok,7,2904,2904,35590,,0.0870,0.0870,,0.8182,94.13,75.8,,,,1.161065e-10,1.567
VDOL/reorientation_6/reorientation_6.mtx,cusparse_double,main,double,ok,1,3006,3006,37342,0.1474,0.0142,0.0142,0.0103,,,,,,,,0.409
VDOL/reorientation_6/reorientation_6.mtx,cusparse_float,main_float,float,ok,3,3006,3006,37342,0.1342,0.0088,0.0088,0.0077,,,,,,,,1.684
VDOL/reorientation_6/reorientation_6.mtx,dasp_double,main,double,ok,3,,,,0.3330,0.0041,0.0041,,18.1979,,,,,,,1.314
VDOL/reorientation_6/reorientation_6.mtx,dasp_half,main_reduced_precision,half,ok,3,,,,0.3270,0.0155,0.0155,,4.8068,,,,,,,1.575
VDOL/reorientation_6/reorientation_6.mtx,packsell_pack16,structural_related,half,ok,3,3006,3006,37342,,0.166066,0.166066,,0.449726,,,,,,0.000422478,2.912
VDOL/reorientation_6/reorientation_6.mtx,packsell_pack32,structural_related,float,ok,3,3006,3006,37342,,0.333947,0.333947,,0.223641,,,,,,1.5577e-07,1.850
VDOL/reorientation_6/reorientation_6.mtx,spaden_bitmap_float,structural_related,float,ok,3,3006,3006,37342,,0.0704,0.0704,,1.0605,47.54,72.2,,,,8.690114e-15,1.729
VDOL/reorientation_7/reorientation_7.mtx,cusparse_double,main,double,ok,3,3057,3057,37150,0.1236,0.0133,0.0133,0.0102,,,,,,,,0.815
VDOL/reorientation_7/reorientation_7.mtx,cusparse_float,main_float,float,ok,5,3057,3057,37150,0.1376,0.0101,0.0101,0.0081,,,,,,,,1.652
VDOL/reorientation_7/reorientation_7.mtx,dasp_double,main,double,ok,5,,,,0.4570,0.0066,0.0066,,11.3400,,,,,,,1.655
VDOL/reorientation_7/reorientation_7.mtx,dasp_half,main_reduced_precision,half,ok,5,,,,0.3800,0.0041,0.0041,,18.1087,,,,,,,1.465
VDOL/reorientation_7/reorientation_7.mtx,packsell_pack16,structural_related,half,ok,5,3057,3057,37150,,0.168663,0.168663,,0.440523,,,,,,0.000418849,2.576
VDOL/reorientation_7/reorientation_7.mtx,packsell_pack32,structural_related,float,ok,5,3057,3057,37150,,0.328710,0.328710,,0.226035,,,,,,1.67236e-07,3.418
VDOL/reorientation_7/reorientation_7.mtx,spaden_bitmap_float,structural_related,float,ok,5,3057,3057,37150,,0.0749,0.0749,,0.9922,122.53,76.6,,,,2.496500e-11,1.680
VDOL/reorientation_8/reorientation_8.mtx,cusparse_double,main,double,ok,7,3108,3108,37894,0.1288,0.0141,0.0141,0.0123,,,,,,,,0.830
VDOL/reorientation_8/reorientation_8.mtx,cusparse_float,main_float,float,ok,3,3108,3108,37894,0.1353,0.0087,0.0087,0.0073,,,,,,,,1.522
VDOL/reorientation_8/reorientation_8.mtx,dasp_double,main,double,ok,3,,,,0.4030,0.0057,0.0057,,13.2845,,,,,,,1.502
VDOL/reorientation_8/reorientation_8.mtx,dasp_half,main_reduced_precision,half,ok,3,,,,0.3580,0.0041,0.0041,,18.4714,,,,,,,1.169
VDOL/reorientation_8/reorientation_8.mtx,packsell_pack16,structural_related,half,ok,3,3108,3108,37894,,0.222895,0.222895,,0.340016,,,,,,0.000412463,2.035
VDOL/reorientation_8/reorientation_8.mtx,packsell_pack32,structural_related,float,ok,3,3108,3108,37894,,0.333637,0.333637,,0.227156,,,,,,1.54866e-07,2.254
VDOL/reorientation_8/reorientation_8.mtx,spaden_bitmap_float,structural_related,float,ok,3,3108,3108,37894,,0.5269,0.5269,,0.1438,23.22,75.6,,,,1.175969e-10,1.665
VDOL/spaceShuttleEntry_1/spaceShuttleEntry_1.mtx,cusparse_double,main,double,ok,1,560,560,6891,0.1356,0.0131,0.0131,0.0102,,,,,,,,0.396
VDOL/spaceShuttleEntry_1/spaceShuttleEntry_1.mtx,cusparse_float,main_float,float,ok,5,560,560,6891,0.1174,0.0077,0.0077,0.0054,,,,,,,,1.624
VDOL/spaceShuttleEntry_1/spaceShuttleEntry_1.mtx,dasp_double,main,double,ok,5,,,,0.0960,0.0041,0.0041,,3.3574,,,,,,,1.858
VDOL/spaceShuttleEntry_1/spaceShuttleEntry_1.mtx,dasp_half,main_reduced_precision,half,ok,5,,,,0.0740,0.0041,0.0041,,3.3582,,,,,,,1.361
VDOL/spaceShuttleEntry_1/spaceShuttleEntry_1.mtx,packsell_pack16,structural_related,half,ok,5,560,560,6891,,0.030939,0.030939,,0.445457,,,,,,0.000404646,2.911
VDOL/spaceShuttleEntry_1/spaceShuttleEntry_1.mtx,packsell_pack32,structural_related,float,ok,5,560,560,6891,,0.054438,0.054438,,0.25317,,,,,,2.06165e-07,2.717
VDOL/spaceShuttleEntry_1/spaceShuttleEntry_1.mtx,spaden_bitmap_float,structural_related,float,ok,5,560,560,6891,,0.0193,0.0193,,0.7135,9.54,78.6,,,,7.152821e-08,1.142
VDOL/spaceShuttleEntry_2/spaceShuttleEntry_2.mtx,cusparse_double,main,double,ok,7,1428,1428,24073,0.1640,0.0161,0.0161,0.0133,,,,,,,,0.880
VDOL/spaceShuttleEntry_2/spaceShuttleEntry_2.mtx,cusparse_float,main_float,float,ok,6,1428,1428,24073,0.1307,0.0087,0.0087,0.0061,,,,,,,,1.655
VDOL/spaceShuttleEntry_2/spaceShuttleEntry_2.mtx,dasp_double,main,double,ok,6,,,,0.3120,0.0061,0.0061,,7.8312,,,,,,,2.100
VDOL/spaceShuttleEntry_2/spaceShuttleEntry_2.mtx,dasp_half,main_reduced_precision,half,ok,6,,,,0.2190,0.0041,0.0041,,11.7315,,,,,,,1.581
VDOL/spaceShuttleEntry_2/spaceShuttleEntry_2.mtx,packsell_pack16,structural_related,half,ok,6,1428,1428,24073,,0.166570,0.166570,,0.289044,,,,,,0.000405049,2.860
VDOL/spaceShuttleEntry_2/spaceShuttleEntry_2.mtx,packsell_pack32,structural_related,float,ok,6,1428,1428,24073,,0.384503,0.384503,,0.125216,,,,,,1.54651e-07,2.816
VDOL/spaceShuttleEntry_2/spaceShuttleEntry_2.mtx,spaden_bitmap_float,structural_related,float,ok,6,1428,1428,24073,,0.0464,0.0464,,1.0383,49.39,71.7,,,,1.191553e-07,1.628
VDOL/spaceShuttleEntry_3/spaceShuttleEntry_3.mtx,cusparse_double,main,double,ok,6,1834,1834,28757,0.1288,0.0133,0.0133,0.0102,,,,,,,,0.950
VDOL/spaceShuttleEntry_3/spaceShuttleEntry_3.mtx,cusparse_float,main_float,float,ok,4,1834,1834,28757,0.1277,0.0089,0.0089,0.0071,,,,,,,,1.767
VDOL/spaceShuttleEntry_3/spaceShuttleEntry_3.mtx,dasp_double,main,double,ok,4,,,,0.3480,0.0073,0.0073,,7.8464,,,,,,,1.646
VDOL/spaceShuttleEntry_3/spaceShuttleEntry_3.mtx,dasp_half,main_reduced_precision,half,ok,4,,,,0.2370,0.0041,0.0041,,14.0175,,,,,,,2.059
VDOL/spaceShuttleEntry_3/spaceShuttleEntry_3.mtx,packsell_pack16,structural_related,half,ok,4,1834,1834,28757,,0.148589,0.148589,,0.387067,,,,,,0.000406855,1.935
VDOL/spaceShuttleEntry_3/spaceShuttleEntry_3.mtx,packsell_pack32,structural_related,float,ok,4,1834,1834,28757,,0.198803,0.198803,,0.289302,,,,,,1.5847e-07,2.249
VDOL/spaceShuttleEntry_3/spaceShuttleEntry_3.mtx,spaden_bitmap_float,structural_related,float,ok,4,1834,1834,28757,,0.0468,0.0468,,1.2283,17.63,73.7,,,,1.150497e-07,1.489
VDOL/spaceShuttleEntry_4/spaceShuttleEntry_4.mtx,cusparse_double,main,double,ok,7,2450,2450,39669,0.2216,0.0138,0.0138,0.0102,,,,,,,,0.843
VDOL/spaceShuttleEntry_4/spaceShuttleEntry_4.mtx,cusparse_float,main_float,float,ok,2,2450,2450,39669,0.1435,0.0095,0.0095,0.0075,,,,,,,,1.675
VDOL/spaceShuttleEntry_4/spaceShuttleEntry_4.mtx,dasp_double,main,double,ok,2,,,,0.3790,0.0061,0.0061,,12.9047,,,,,,,1.804
VDOL/spaceShuttleEntry_4/spaceShuttleEntry_4.mtx,dasp_half,main_reduced_precision,half,ok,2,,,,0.4410,0.0041,0.0041,,19.3319,,,,,,,1.444
VDOL/spaceShuttleEntry_4/spaceShuttleEntry_4.mtx,packsell_pack16,structural_related,half,ok,2,2450,2450,39669,,0.174904,0.174904,,0.45361,,,,,,0.000408316,2.900
VDOL/spaceShuttleEntry_4/spaceShuttleEntry_4.mtx,packsell_pack32,structural_related,float,ok,2,2450,2450,39669,,0.244134,0.244134,,0.324978,,,,,,1.59175e-07,3.674
VDOL/spaceShuttleEntry_4/spaceShuttleEntry_4.mtx,spaden_bitmap_float,structural_related,float,ok,2,2450,2450,39669,,0.0582,0.0582,,1.3621,16.91,73.2,,,,1.230650e-07,1.903
VDOL/spaceStation_10/spaceStation_10.mtx,cusparse_double,main,double,ok,6,1272,1272,17478,0.1347,0.0140,0.0140,0.0102,,,,,,,,1.251
VDOL/spaceStation_10/spaceStation_10.mtx,cusparse_float,main_float,float,ok,2,1272,1272,17478,0.1453,0.0085,0.0085,0.0068,,,,,,,,1.363
VDOL/spaceStation_10/spaceStation_10.mtx,dasp_double,main,double,ok,2,,,,0.1740,0.0205,0.0205,,1.7071,,,,,,,1.246
VDOL/spaceStation_10/spaceStation_10.mtx,dasp_half,main_reduced_precision,half,ok,2,,,,0.1600,0.0082,0.0082,,4.2655,,,,,,,1.881
VDOL/spaceStation_10/spaceStation_10.mtx,packsell_pack16,structural_related,half,ok,2,1272,1272,17478,,0.012355,0.012355,,2.82932,,,,,,0.00045097,1.724
VDOL/spaceStation_10/spaceStation_10.mtx,packsell_pack32,structural_related,float,ok,2,1272,1272,17478,,0.020644,0.020644,,1.69324,,,,,,1.62967e-07,1.864
VDOL/spaceStation_10/spaceStation_10.mtx,spaden_bitmap_float,structural_related,float,ok,2,1272,1272,17478,,0.0132,0.0132,,2.6503,41.37,75.7,,,,5.364294e-08,2.191
VDOL/spaceStation_11/spaceStation_11.mtx,cusparse_double,main,double,ok,1,1364,1364,18954,0.1354,0.0131,0.0131,0.0118,,,,,,,,0.357
VDOL/spaceStation_11/spaceStation_11.mtx,cusparse_float,main_float,float,ok,5,1364,1364,18954,0.1426,0.0098,0.0098,0.0079,,,,,,,,1.714
VDOL/spaceStation_11/spaceStation_11.mtx,dasp_double,main,double,ok,5,,,,0.2400,0.0205,0.0205,,1.8504,,,,,,,1.991
VDOL/spaceStation_11/spaceStation_11.mtx,dasp_half,main_reduced_precision,half,ok,5,,,,0.1810,0.0100,0.0100,,3.7900,,,,,,,2.111
VDOL/spaceStation_11/spaceStation_11.mtx,packsell_pack16,structural_related,half,ok,5,1364,1364,18954,,0.012544,0.012544,,3.02191,,,,,,0.000433851,2.806
VDOL/spaceStation_11/spaceStation_11.mtx,packsell_pack32,structural_related,float,ok,5,1364,1364,18954,,0.020756,0.020756,,1.82634,,,,,,1.52781e-07,2.332
VDOL/spaceStation_11/spaceStation_11.mtx,spaden_bitmap_float,structural_related,float,ok,5,1364,1364,18954,,0.0132,0.0132,,2.8683,20.73,75.9,,,,5.288994e-08,1.719
VDOL/spaceStation_12/spaceStation_12.mtx,cusparse_double,main,double,ok,4,1410,1410,19728,0.1382,0.0141,0.0141,0.0123,,,,,,,,1.513
VDOL/spaceStation_12/spaceStation_12.mtx,cusparse_float,main_float,float,ok,5,1410,1410,19728,0.1328,0.0093,0.0093,0.0076,,,,,,,,1.527
VDOL/spaceStation_12/spaceStation_12.mtx,dasp_double,main,double,ok,5,,,,0.2550,0.0233,0.0233,,1.6911,,,,,,,0.671
VDOL/spaceStation_12/spaceStation_12.mtx,dasp_half,main_reduced_precision,half,ok,5,,,,0.2070,0.0082,0.0082,,4.8146,,,,,,,0.614
VDOL/spaceStation_12/spaceStation_12.mtx,packsell_pack16,structural_related,half,ok,5,1410,1410,19728,,0.012553,0.012553,,3.14327,,,,,,0.00045692,3.083
VDOL/spaceStation_12/spaceStation_12.mtx,packsell_pack32,structural_related,float,ok,5,1410,1410,19728,,0.023187,0.023187,,1.70161,,,,,,1.65924e-07,2.077
VDOL/spaceStation_12/spaceStation_12.mtx,spaden_bitmap_float,structural_related,float,ok,5,1410,1410,19728,,0.0133,0.0133,,2.9601,8.26,75.9,,,,4.736918e-08,1.733
VDOL/spaceStation_13/spaceStation_13.mtx,cusparse_double,main,double,ok,7,1617,1617,23649,0.1573,0.0163,0.0163,0.0123,,,,,,,,0.931
VDOL/spaceStation_13/spaceStation_13.mtx,cusparse_float,main_float,float,ok,5,1617,1617,23649,0.1473,0.0095,0.0095,0.0076,,,,,,,,1.670
VDOL/spaceStation_13/spaceStation_13.mtx,dasp_double,main,double,ok,5,,,,0.2940,0.0266,0.0266,,1.7751,,,,,,,1.734
VDOL/spaceStation_13/spaceStation_13.mtx,dasp_half,main_reduced_precision,half,ok,5,,,,0.2480,0.0082,0.0082,,5.7673,,,,,,,0.984
VDOL/spaceStation_13/spaceStation_13.mtx,packsell_pack16,structural_related,half,ok,5,1617,1617,23649,,0.016599,0.016599,,2.84943,,,,,,0.000450488,3.092
VDOL/spaceStation_13/spaceStation_13.mtx,packsell_pack32,structural_related,float,ok,5,1617,1617,23649,,0.028852,0.028852,,1.63932,,,,,,1.71921e-07,2.711
VDOL/spaceStation_13/spaceStation_13.mtx,spaden_bitmap_float,structural_related,float,ok,5,1617,1617,23649,,0.0135,0.0135,,3.5067,211.39,73.6,,,,7.089670e-08,1.757
VDOL/spaceStation_14/spaceStation_14.mtx,cusparse_double,main,double,ok,5,1640,1640,24324,0.1396,0.0136,0.0136,0.0102,,,,,,,,1.382
VDOL/spaceStation_14/spaceStation_14.mtx,cusparse_float,main_float,float,ok,2,1640,1640,24324,0.1376,0.0090,0.0090,0.0067,,,,,,,,1.575
VDOL/spaceStation_14/spaceStation_14.mtx,dasp_double,main,double,ok,2,,,,0.2770,0.0246,0.0246,,1.9780,,,,,,,1.679
VDOL/spaceStation_14/spaceStation_14.mtx,dasp_half,main_reduced_precision,half,ok,2,,,,0.2400,0.0097,0.0097,,5.0402,,,,,,,1.413
VDOL/spaceStation_14/spaceStation_14.mtx,packsell_pack16,structural_related,half,ok,2,1640,1640,24324,,0.015648,0.015648,,3.10895,,,,,,0.000468844,2.207
VDOL/spaceStation_14/spaceStation_14.mtx,packsell_pack32,structural_related,float,ok,2,1640,1640,24324,,0.024879,0.024879,,1.9554,,,,,,1.86571e-07,4.165
VDOL/spaceStation_14/spaceStation_14.mtx,spaden_bitmap_float,structural_related,float,ok,2,1640,1640,24324,,0.0151,0.0151,,3.2125,24.83,74.1,,,,5.723539e-08,1.919
VDOL/spaceStation_2/spaceStation_2.mtx,cusparse_double,main,double,ok,5,329,329,5817,0.1400,0.0119,0.0119,0.0102,,,,,,,,1.493
VDOL/spaceStation_2/spaceStation_2.mtx,cusparse_float,main_float,float,ok,6,329,329,5817,0.1351,0.0080,0.0080,0.0067,,,,,,,,1.812
VDOL/spaceStation_2/spaceStation_2.mtx,dasp_double,main,double,ok,6,,,,0.0710,0.0063,0.0063,,1.8443,,,,,,,1.668
VDOL/spaceStation_2/spaceStation_2.mtx,dasp_half,main_reduced_precision,half,ok,6,,,,0.0650,0.0041,0.0041,,2.8341,,,,,,,1.666
VDOL/spaceStation_2/spaceStation_2.mtx,packsell_pack16,structural_related,half,ok,6,329,329,5817,,0.006301,0.006301,,1.84638,,,,,,0.00043164,2.319
VDOL/spaceStation_2/spaceStation_2.mtx,packsell_pack32,structural_related,float,ok,6,329,329,5817,,0.008364,0.008364,,1.39098,,,,,,1.46136e-07,2.148
VDOL/spaceStation_2/spaceStation_2.mtx,spaden_bitmap_float,structural_related,float,ok,6,329,329,5817,,0.0131,0.0131,,0.8894,122.54,70.2,,,,5.514254e-08,1.665
VDOL/spaceStation_3/spaceStation_3.mtx,cusparse_double,main,double,ok,7,467,467,5103,0.1113,0.0118,0.0118,0.0102,,,,,,,,0.388
VDOL/spaceStation_3/spaceStation_3.mtx,cusparse_float,main_float,float,ok,6,467,467,5103,0.1444,0.0081,0.0081,0.0062,,,,,,,,1.696
VDOL/spaceStation_3/spaceStation_3.mtx,dasp_double,main,double,ok,6,,,,0.0880,0.0102,0.0102,,0.9966,,,,,,,1.561
VDOL/spaceStation_3/spaceStation_3.mtx,dasp_half,main_reduced_precision,half,ok,6,,,,0.0610,0.0041,0.0041,,2.4868,,,,,,,1.519
VDOL/spaceStation_3/spaceStation_3.mtx,packsell_pack16,structural_related,half,ok,6,467,467,5103,,0.006317,0.006317,,1.61555,,,,,,0.000423619,2.553
VDOL/spaceStation_3/spaceStation_3.mtx,packsell_pack32,structural_related,float,ok,6,467,467,5103,,0.008481,0.008481,,1.20338,,,,,,1.22289e-07,3.570
VDOL/spaceStation_3/spaceStation_3.mtx,spaden_bitmap_float,structural_related,float,ok,6,467,467,5103,,0.0111,0.0111,,0.9234,21.20,78.1,,,,4.716908e-08,1.586
VDOL/spaceStation_4/spaceStation_4.mtx,cusparse_double,main,double,ok,2,950,950,13626,0.1519,0.0142,0.0142,0.0102,,,,,,,,1.366
VDOL/spaceStation_4/spaceStation_4.mtx,cusparse_float,main_float,float,ok,4,950,950,13626,0.1294,0.0083,0.0083,0.0075,,,,,,,,1.704
VDOL/spaceStation_4/spaceStation_4.mtx,dasp_double,main,double,ok,4,,,,0.1810,0.0253,0.0253,,1.0753,,,,,,,1.451
VDOL/spaceStation_4/spaceStation_4.mtx,dasp_half,main_reduced_precision,half,ok,4,,,,0.1460,0.0062,0.0062,,4.4291,,,,,,,1.636
VDOL/spaceStation_4/spaceStation_4.mtx,packsell_pack16,structural_related,half,ok,4,950,950,13626,,0.010410,0.010410,,2.61783,,,,,,0.000470987,3.424
VDOL/spaceStation_4/spaceStation_4.mtx,packsell_pack32,structural_related,float,ok,4,950,950,13626,,0.016623,0.016623,,1.63937,,,,,,1.56518e-07,2.622
VDOL/spaceStation_4/spaceStation_4.mtx,spaden_bitmap_float,structural_related,float,ok,4,950,950,13626,,0.0131,0.0131,,2.0793,105.55,75.5,,,,6.542884e-08,2.367
VDOL/spaceStation_5/spaceStation_5.mtx,cusparse_double,main,double,ok,5,1019,1019,15219,0.1685,0.0141,0.0141,0.0102,,,,,,,,1.363
VDOL/spaceStation_5/spaceStation_5.mtx,cusparse_float,main_float,float,ok,4,1019,1019,15219,0.1294,0.0080,0.0080,0.0061,,,,,,,,1.593
VDOL/spaceStation_5/spaceStation_5.mtx,dasp_double,main,double,ok,4,,,,0.1950,0.0211,0.0211,,1.4426,,,,,,,1.769
VDOL/spaceStation_5/spaceStation_5.mtx,dasp_half,main_reduced_precision,half,ok,4,,,,0.1760,0.0077,0.0077,,3.9285,,,,,,,1.066
VDOL/spaceStation_5/spaceStation_5.mtx,packsell_pack16,structural_related,half,ok,4,1019,1019,15219,,0.010545,0.010545,,2.88661,,,,,,0.0004785,4.138
VDOL/spaceStation_5/spaceStation_5.mtx,packsell_pack32,structural_related,float,ok,4,1019,1019,15219,,0.016661,0.016661,,1.82688,,,,,,1.77798e-07,2.088
VDOL/spaceStation_5/spaceStation_5.mtx,spaden_bitmap_float,structural_related,float,ok,4,1019,1019,15219,,0.0132,0.0132,,2.3050,13.95,71.5,,,,6.649502e-08,1.599
VDOL/spaceStation_6/spaceStation_6.mtx,cusparse_double,main,double,ok,7,1111,1111,17595,0.1566,0.0168,0.0168,0.0123,,,,,,,,0.667
VDOL/spaceStation_6/spaceStation_6.mtx,cusparse_float,main_float,float,ok,7,1111,1111,17595,0.1374,0.0093,0.0093,0.0077,,,,,,,,1.895
VDOL/spaceStation_6/spaceStation_6.mtx,dasp_double,main,double,ok,7,,,,0.2170,0.0205,0.0205,,1.7183,,,,,,,2.274
VDOL/spaceStation_6/spaceStation_6.mtx,dasp_half,main_reduced_precision,half,ok,7,,,,0.1740,0.0072,0.0072,,4.9079,,,,,,,1.469
VDOL/spaceStation_6/spaceStation_6.mtx,packsell_pack16,structural_related,half,ok,7,1111,1111,17595,,0.010488,0.010488,,3.35536,,,,,,0.000470819,1.871
VDOL/spaceStation_6/spaceStation_6.mtx,packsell_pack32,structural_related,float,ok,7,1111,1111,17595,,0.019690,0.019690,,1.78721,,,,,,1.81815e-07,3.974
VDOL/spaceStation_6/spaceStation_6.mtx,spaden_bitmap_float,structural_related,float,ok,7,1111,1111,17595,,0.0113,0.0113,,3.1259,23.50,67.0,,,,6.795436e-08,1.879
VDOL/spaceStation_7/spaceStation_7.mtx,cusparse_double,main,double,ok,7,1134,1134,18252,0.1512,0.0166,0.0166,0.0152,,,,,,,,0.622
VDOL/spaceStation_7/spaceStation_7.mtx,cusparse_float,main_float,float,ok,4,1134,1134,18252,0.1281,0.0091,0.0091,0.0082,,,,,,,,1.477
VDOL/spaceStation_7/spaceStation_7.mtx,dasp_double,main,double,ok,4,,,,0.2090,0.0205,0.0205,,1.7826,,,,,,,1.681
VDOL/spaceStation_7/spaceStation_7.mtx,dasp_half,main_reduced_precision,half,ok,4,,,,0.2050,0.0082,0.0082,,4.4544,,,,,,,1.688
VDOL/spaceStation_7/spaceStation_7.mtx,packsell_pack16,structural_related,half,ok,4,1134,1134,18252,,0.011608,0.011608,,3.14471,,,,,,0.000470241,2.675
VDOL/spaceStation_7/spaceStation_7.mtx,packsell_pack32,structural_related,float,ok,4,1134,1134,18252,,0.020656,0.020656,,1.76722,,,,,,1.73887e-07,4.271
VDOL/spaceStation_7/spaceStation_7.mtx,spaden_bitmap_float,structural_related,float,ok,4,1134,1134,18252,,0.0156,0.0156,,2.3440,118.00,73.0,,,,6.974539e-08,2.009
VDOL/spaceStation_8/spaceStation_8.mtx,cusparse_double,main,double,ok,5,1157,1157,18945,0.1324,0.0134,0.0134,0.0102,,,,,,,,1.335
VDOL/spaceStation_8/spaceStation_8.mtx,cusparse_float,main_float,float,ok,4,1157,1157,18945,0.1393,0.0093,0.0093,0.0077,,,,,,,,1.605
VDOL/spaceStation_8/spaceStation_8.mtx,dasp_double,main,double,ok,4,,,,0.2340,0.0205,0.0205,,1.8503,,,,,,,1.483
VDOL/spaceStation_8/spaceStation_8.mtx,dasp_half,main_reduced_precision,half,ok,4,,,,0.1840,0.0082,0.0082,,4.6236,,,,,,,0.999
VDOL/spaceStation_8/spaceStation_8.mtx,packsell_pack16,structural_related,half,ok,4,1157,1157,18945,,0.010519,0.010519,,3.60217,,,,,,0.000456866,2.719
VDOL/spaceStation_8/spaceStation_8.mtx,packsell_pack32,structural_related,float,ok,4,1157,1157,18945,,0.020684,0.020684,,1.83184,,,,,,1.86113e-07,3.327
VDOL/spaceStation_8/spaceStation_8.mtx,spaden_bitmap_float,structural_related,float,ok,4,1157,1157,18945,,0.0132,0.0132,,2.8642,22.36,71.5,,,,7.589823e-08,1.652
VDOL/spaceStation_9/spaceStation_9.mtx,cusparse_double,main,double,ok,5,1180,1180,19674,0.1386,0.0135,0.0135,0.0102,,,,,,,,1.208
VDOL/spaceStation_9/spaceStation_9.mtx,cusparse_float,main_float,float,ok,6,1180,1180,19674,0.1390,0.0097,0.0097,0.0077,,,,,,,,1.771
VDOL/spaceStation_9/spaceStation_9.mtx,dasp_double,main,double,ok,6,,,,0.2130,0.0184,0.0184,,2.1345,,,,,,,1.823
VDOL/spaceStation_9/spaceStation_9.mtx,dasp_half,main_reduced_precision,half,ok,6,,,,0.1760,0.0082,0.0082,,4.8009,,,,,,,1.796
VDOL/spaceStation_9/spaceStation_9.mtx,packsell_pack16,structural_related,half,ok,6,1180,1180,19674,,0.010503,0.010503,,3.74642,,,,,,0.000475456,1.829
VDOL/spaceStation_9/spaceStation_9.mtx,packsell_pack32,structural_related,float,ok,6,1180,1180,19674,,0.018680,0.018680,,2.10641,,,,,,1.92382e-07,2.401
VDOL/spaceStation_9/spaceStation_9.mtx,spaden_bitmap_float,structural_related,float,ok,6,1180,1180,19674,,0.0136,0.0136,,2.9037,147.58,72.2,,,,6.201821e-08,1.804
VDOL/tumorAntiAngiogenesis_3/tumorAntiAngiogenesis_3.mtx,cusparse_double,main,double,ok,6,410,410,3952,0.1309,0.0127,0.0127,0.0102,,,,,,,,1.563
VDOL/tumorAntiAngiogenesis_3/tumorAntiAngiogenesis_3.mtx,cusparse_float,main_float,float,ok,7,410,410,3952,0.1288,0.0078,0.0078,0.0061,,,,,,,,1.586
VDOL/tumorAntiAngiogenesis_3/tumorAntiAngiogenesis_3.mtx,dasp_double,main,double,ok,7,,,,0.0690,0.0155,0.0155,,0.5092,,,,,,,1.455
VDOL/tumorAntiAngiogenesis_3/tumorAntiAngiogenesis_3.mtx,dasp_half,main_reduced_precision,half,ok,7,,,,0.0580,0.0061,0.0061,,1.2856,,,,,,,1.015
VDOL/tumorAntiAngiogenesis_3/tumorAntiAngiogenesis_3.mtx,packsell_pack16,structural_related,half,ok,7,410,410,3952,,0.024815,0.024815,,0.318517,,,,,,0.000349787,1.870
VDOL/tumorAntiAngiogenesis_3/tumorAntiAngiogenesis_3.mtx,packsell_pack32,structural_related,float,ok,7,410,410,3952,,0.047273,0.047273,,0.167198,,,,,,1.25031e-07,2.985
VDOL/tumorAntiAngiogenesis_3/tumorAntiAngiogenesis_3.mtx,spaden_bitmap_float,structural_related,float,ok,7,410,410,3952,,0.0142,0.0142,,0.5556,103.43,68.7,,,,3.918895e-09,1.326
VDOL/tumorAntiAngiogenesis_4/tumorAntiAngiogenesis_4.mtx,cusparse_double,main,double,ok,6,455,455,4593,0.1264,0.0120,0.0120,0.0102,,,,,,,,1.331
VDOL/tumorAntiAngiogenesis_4/tumorAntiAngiogenesis_4.mtx,cusparse_float,main_float,float,ok,2,455,455,4593,0.1397,0.0078,0.0078,0.0061,,,,,,,,1.603
VDOL/tumorAntiAngiogenesis_4/tumorAntiAngiogenesis_4.mtx,dasp_double,main,double,ok,2,,,,0.0760,0.0123,0.0123,,0.7474,,,,,,,1.878
VDOL/tumorAntiAngiogenesis_4/tumorAntiAngiogenesis_4.mtx,dasp_half,main_reduced_precision,half,ok,2,,,,0.0700,0.0062,0.0062,,1.4937,,,,,,,2.315
VDOL/tumorAntiAngiogenesis_4/tumorAntiAngiogenesis_4.mtx,packsell_pack16,structural_related,half,ok,2,455,455,4593,,0.028621,0.028621,,0.320955,,,,,,0.000354842,3.383
VDOL/tumorAntiAngiogenesis_4/tumorAntiAngiogenesis_4.mtx,packsell_pack32,structural_related,float,ok,2,455,455,4593,,0.053434,0.053434,,0.171913,,,,,,1.21366e-07,3.196
VDOL/tumorAntiAngiogenesis_4/tumorAntiAngiogenesis_4.mtx,spaden_bitmap_float,structural_related,float,ok,2,455,455,4593,,0.0194,0.0194,,0.4745,14.27,68.2,,,,1.709429e-13,0.787
VDOL/tumorAntiAngiogenesis_5/tumorAntiAngiogenesis_5.mtx,cusparse_double,main,double,ok,6,460,460,4690,0.1407,0.0119,0.0119,0.0102,,,,,,,,1.539
VDOL/tumorAntiAngiogenesis_5/tumorAntiAngiogenesis_5.mtx,cusparse_float,main_float,float,ok,3,460,460,4690,0.1419,0.0075,0.0075,0.0058,,,,,,,,1.792
VDOL/tumorAntiAngiogenesis_5/tumorAntiAngiogenesis_5.mtx,dasp_double,main,double,ok,3,,,,0.0740,0.0123,0.0123,,0.7632,,,,,,,1.317
VDOL/tumorAntiAngiogenesis_5/tumorAntiAngiogenesis_5.mtx,dasp_half,main_reduced_precision,half,ok,3,,,,0.0980,0.0061,0.0061,,1.5257,,,,,,,1.351
VDOL/tumorAntiAngiogenesis_5/tumorAntiAngiogenesis_5.mtx,packsell_pack16,structural_related,half,ok,3,460,460,4690,,0.026847,0.026847,,0.349385,,,,,,0.00037285,2.840
VDOL/tumorAntiAngiogenesis_5/tumorAntiAngiogenesis_5.mtx,packsell_pack32,structural_related,float,ok,3,460,460,4690,,0.051406,0.051406,,0.182467,,,,,,1.25297e-07,3.236
VDOL/tumorAntiAngiogenesis_5/tumorAntiAngiogenesis_5.mtx,spaden_bitmap_float,structural_related,float,ok,3,460,460,4690,,0.0152,0.0152,,0.6154,11.08,67.7,,,,1.196018e-09,1.616
VDOL/tumorAntiAngiogenesis_6/tumorAntiAngiogenesis_6.mtx,cusparse_double,main,double,ok,4,465,465,4795,0.1301,0.0119,0.0119,0.0102,,,,,,,,1.242
VDOL/tumorAntiAngiogenesis_6/tumorAntiAngiogenesis_6.mtx,cusparse_float,main_float,float,ok,4,465,465,4795,0.1370,0.0082,0.0082,0.0061,,,,,,,,1.668
VDOL/tumorAntiAngiogenesis_6/tumorAntiAngiogenesis_6.mtx,dasp_double,main,double,ok,4,,,,0.0610,0.0123,0.0123,,0.7802,,,,,,,1.444
VDOL/tumorAntiAngiogenesis_6/tumorAntiAngiogenesis_6.mtx,dasp_half,main_reduced_precision,half,ok,4,,,,0.0570,0.0061,0.0061,,1.5596,,,,,,,1.374
VDOL/tumorAntiAngiogenesis_6/tumorAntiAngiogenesis_6.mtx,packsell_pack16,structural_related,half,ok,4,465,465,4795,,0.028766,0.028766,,0.333374,,,,,,0.000358194,1.786
VDOL/tumorAntiAngiogenesis_6/tumorAntiAngiogenesis_6.mtx,packsell_pack32,structural_related,float,ok,4,465,465,4795,,0.053388,0.053388,,0.179629,,,,,,1.24037e-07,1.810
VDOL/tumorAntiAngiogenesis_6/tumorAntiAngiogenesis_6.mtx,spaden_bitmap_float,structural_related,float,ok,4,465,465,4795,,0.0171,0.0171,,0.5605,16.80,69.3,,,,9.030924e-12,1.803
VDOL/tumorAntiAngiogenesis_7/tumorAntiAngiogenesis_7.mtx,cusparse_double,main,double,ok,2,475,475,4597,0.1729,0.0128,0.0128,0.0102,,,,,,,,1.656
VDOL/tumorAntiAngiogenesis_7/tumorAntiAngiogenesis_7.mtx,cusparse_float,main_float,float,ok,5,475,475,4597,0.1330,0.0076,0.0076,0.0051,,,,,,,,1.797
VDOL/tumorAntiAngiogenesis_7/tumorAntiAngiogenesis_7.mtx,dasp_double,main,double,ok,5,,,,0.0550,0.0123,0.0123,,0.7475,,,,,,,1.834
VDOL/tumorAntiAngiogenesis_7/tumorAntiAngiogenesis_7.mtx,dasp_half,main_reduced_precision,half,ok,5,,,,0.0770,0.0066,0.0066,,1.3886,,,,,,,1.627
VDOL/tumorAntiAngiogenesis_7/tumorAntiAngiogenesis_7.mtx,packsell_pack16,structural_related,half,ok,5,475,475,4597,,0.028102,0.028102,,0.327165,,,,,,0.000354325,2.694
VDOL/tumorAntiAngiogenesis_7/tumorAntiAngiogenesis_7.mtx,packsell_pack32,structural_related,float,ok,5,475,475,4597,,0.051490,0.051490,,0.178561,,,,,,1.15022e-07,2.984
VDOL/tumorAntiAngiogenesis_7/tumorAntiAngiogenesis_7.mtx,spaden_bitmap_float,structural_related,float,ok,5,475,475,4597,,0.0195,0.0195,,0.4722,108.06,68.9,,,,1.360834e-09,1.532
VDOL/tumorAntiAngiogenesis_8/tumorAntiAngiogenesis_8.mtx,cusparse_double,main,double,ok,5,490,490,4776,0.1233,0.0127,0.0127,0.0102,,,,,,,,1.513
VDOL/tumorAntiAngiogenesis_8/tumorAntiAngiogenesis_8.mtx,cusparse_float,main_float,float,ok,6,490,490,4776,0.1444,0.0079,0.0079,0.0066,,,,,,,,1.884
VDOL/tumorAntiAngiogenesis_8/tumorAntiAngiogenesis_8.mtx,dasp_double,main,double,ok,6,,,,0.0810,0.0150,0.0150,,0.6355,,,,,,,1.719
VDOL/tumorAntiAngiogenesis_8/tumorAntiAngiogenesis_8.mtx,dasp_half,main_reduced_precision,half,ok,6,,,,0.0760,0.0103,0.0103,,0.9275,,,,,,,1.177
VDOL/tumorAntiAngiogenesis_8/tumorAntiAngiogenesis_8.mtx,packsell_pack16,structural_related,half,ok,6,490,490,4776,,0.028840,0.028840,,0.331202,,,,,,0.000351446,2.112
VDOL/tumorAntiAngiogenesis_8/tumorAntiAngiogenesis_8.mtx,packsell_pack32,structural_related,float,ok,6,490,490,4776,,0.054012,0.054012,,0.17685,,,,,,1.10501e-07,2.463
VDOL/tumorAntiAngiogenesis_8/tumorAntiAngiogenesis_8.mtx,spaden_bitmap_float,structural_related,float,ok,6,490,490,4776,,0.0153,0.0153,,0.6262,44.83,68.7,,,,6.116169e-12,1.926
YCheng/psse1/psse1.mtx,cusparse_double,main,double,ok,6,14318,11028,57376,0.1432,0.0153,0.0153,0.0123,,,,,,,,0.807
YCheng/psse1/psse1.mtx,cusparse_float,main_float,float,ok,2,14318,11028,57376,0.1294,0.0088,0.0088,0.0078,,,,,,,,1.599
YCheng/psse1/psse1.mtx,dasp_double,main,double,ok,2,,,,3.6240,0.0073,0.0073,,15.6423,,,,,,,1.964
YCheng/psse1/psse1.mtx,dasp_half,main_reduced_precision,half,ok,2,,,,0.3630,0.0041,0.0041,,27.9678,,,,,,,1.791
YCheng/psse1/psse1.mtx,packsell_pack16,structural_related,half,ok,2,14318,11028,57376,,0.004365,0.004365,,26.2863,,,,,,0.000479021,4.181
YCheng/psse1/psse1.mtx,packsell_pack32,structural_related,float,ok,2,14318,11028,57376,,0.006336,0.006336,,18.1123,,,,,,1.41004e-07,2.629
YCheng/psse1/psse1.mtx,spaden_bitmap_float,structural_related,float,ok,2,14318,11028,57376,,0.0212,0.0212,,5.4164,13.86,110.3,,,,8.057689e-05,1.940
YZhou/circuit204/circuit204.mtx,cusparse_double,main,double,ok,3,1020,1020,5883,0.1775,0.0159,0.0159,0.0141,,,,,,,,1.255
YZhou/circuit204/circuit204.mtx,cusparse_float,main_float,float,ok,5,1020,1020,5508,0.1731,0.0081,0.0081,0.0066,,,,,,,,1.591
YZhou/circuit204/circuit204.mtx,dasp_double,main,double,ok,5,,,,0.1280,0.0041,0.0041,,2.8670,,,,,,,1.123
YZhou/circuit204/circuit204.mtx,dasp_half,main_reduced_precision,half,ok,5,,,,0.1040,0.0041,0.0041,,2.8677,,,,,,,1.835
YZhou/circuit204/circuit204.mtx,packsell_pack16,structural_related,half,ok,5,1020,1020,5883,,0.004082,0.004082,,2.88269,,,,,,0.000675555,3.967
YZhou/circuit204/circuit204.mtx,packsell_pack32,structural_related,float,ok,5,1020,1020,5883,,0.004390,0.004390,,2.67994,,,,,,1.90834e-07,2.896
YZhou/circuit204/circuit204.mtx,spaden_bitmap_float,structural_related,float,ok,5,1020,1020,5883,,0.0113,0.0113,,1.0433,24.63,89.6,,,,4.907699e-08,1.534
Zitney/extr1/extr1.mtx,cusparse_double,main,double,ok,2,2837,2837,10967,0.1308,0.0146,0.0146,0.0123,,,,,,,,1.305
Zitney/extr1/extr1.mtx,cusparse_float,main_float,float,ok,4,2837,2837,10967,0.1316,0.0091,0.0091,0.0071,,,,,,,,1.584
Zitney/extr1/extr1.mtx,dasp_double,main,double,ok,4,,,,0.1580,0.0226,0.0226,,1.0099,,,,,,,1.419
Zitney/extr1/extr1.mtx,dasp_half,main_reduced_precision,half,ok,4,,,,0.1570,0.0041,0.0041,,5.5630,,,,,,,1.741
Zitney/extr1/extr1.mtx,packsell_pack16,structural_related,half,ok,4,2837,2837,10967,,0.004208,0.004208,,5.21245,,,,,,0.000429934,3.068
Zitney/extr1/extr1.mtx,packsell_pack32,structural_related,float,ok,4,2837,2837,10967,,0.004315,0.004315,,5.0832,,,,,,1.40822e-07,2.566
Zitney/extr1/extr1.mtx,spaden_bitmap_float,structural_related,float,ok,4,2837,2837,11407,,0.0070,0.0070,,3.2694,11.12,82.8,,,,5.457643e-08,1.649
Zitney/extr1b/extr1b_A_26.mtx,cusparse_double,main,double,ok,3,2836,2836,11405,0.1393,0.0139,0.0139,0.0123,,,,,,,,1.043
Zitney/extr1b/extr1b_A_26.mtx,cusparse_float,main_float,float,ok,4,2836,2836,11405,0.1305,0.0097,0.0097,0.0072,,,,,,,,1.686
Zitney/extr1b/extr1b_A_26.mtx,dasp_double,main,double,ok,4,,,,0.1490,0.0041,0.0041,,5.5593,,,,,,,1.329
Zitney/extr1b/extr1b_A_26.mtx,dasp_half,main_reduced_precision,half,ok,4,,,,0.1690,0.0076,0.0076,,2.9852,,,,,,,1.586
Zitney/extr1b/extr1b_A_26.mtx,packsell_pack16,structural_related,half,ok,4,2836,2836,11405,,0.004148,0.004148,,5.49899,,,,,,0.000404009,4.202
Zitney/extr1b/extr1b_A_26.mtx,packsell_pack32,structural_related,float,ok,4,2836,2836,11405,,0.004290,0.004290,,5.31664,,,,,,1.32998e-07,4.237
Zitney/extr1b/extr1b_A_26.mtx,spaden_bitmap_float,structural_related,float,ok,4,2836,2836,11405,,0.0070,0.0070,,3.2371,101.74,82.6,,,,7.903300e-08,1.381
Zitney/extr1b/extr1b_A_27.mtx,cusparse_double,main,double,ok,4,2836,2836,9053,0.1334,0.0144,0.0144,0.0123,,,,,,,,1.307
Zitney/extr1b/extr1b_A_27.mtx,cusparse_float,main_float,float,ok,4,2836,2836,9053,0.1302,0.0093,0.0093,0.0072,,,,,,,,1.514
Zitney/extr1b/extr1b_A_27.mtx,dasp_double,main,double,ok,4,,,,0.1360,0.0085,0.0085,,2.1349,,,,,,,1.449
Zitney/extr1b/extr1b_A_27.mtx,dasp_half,main_reduced_precision,half,ok,4,,,,0.1260,0.0050,0.0050,,3.6032,,,,,,,0.940
Zitney/extr1b/extr1b_A_27.mtx,packsell_pack16,structural_related,half,ok,4,2836,2836,9053,,0.004063,0.004063,,4.45661,,,,,,0.000425661,2.969
Zitney/extr1b/extr1b_A_27.mtx,packsell_pack32,structural_related,float,ok,4,2836,2836,9053,,0.004078,0.004078,,4.44028,,,,,,1.21981e-07,3.167
Zitney/extr1b/extr1b_A_27.mtx,spaden_bitmap_float,structural_related,float,ok,4,2836,2836,9053,,0.0071,0.0071,,2.5680,51.99,84.2,,,,3.415534e-08,2.146
Zitney/extr1b/extr1b_A_29.mtx,cusparse_double,main,double,ok,2,2836,2836,11404,0.1375,0.0138,0.0138,0.0123,,,,,,,,1.214
Zitney/extr1b/extr1b_A_29.mtx,cusparse_float,main_float,float,ok,6,2836,2836,11404,0.1280,0.0089,0.0089,0.0069,,,,,,,,1.826
Zitney/extr1b/extr1b_A_29.mtx,dasp_double,main,double,ok,6,,,,0.1270,0.0041,0.0041,,5.5589,,,,,,,1.696
Zitney/extr1b/extr1b_A_29.mtx,dasp_half,main_reduced_precision,half,ok,6,,,,0.1600,0.0041,0.0041,,5.5602,,,,,,,1.576
Zitney/extr1b/extr1b_A_29.mtx,packsell_pack16,structural_related,half,ok,6,2836,2836,11404,,0.004300,0.004300,,5.30456,,,,,,0.000417262,3.038
Zitney/extr1b/extr1b_A_29.mtx,packsell_pack32,structural_related,float,ok,6,2836,2836,11404,,0.004214,0.004214,,5.41192,,,,,,1.23152e-07,3.141
Zitney/extr1b/extr1b_A_29.mtx,spaden_bitmap_float,structural_related,float,ok,6,2836,2836,11404,,0.0068,0.0068,,3.3353,84.44,82.6,,,,7.903259e-08,1.667
Zitney/extr1b/extr1b_A_34.mtx,cusparse_double,main,double,ok,7,2836,2836,11404,0.1781,0.0173,0.0173,0.0143,,,,,,,,0.989
Zitney/extr1b/extr1b_A_34.mtx,cusparse_float,main_float,float,ok,6,2836,2836,11404,0.1310,0.0090,0.0090,0.0081,,,,,,,,1.702
Zitney/extr1b/extr1b_A_34.mtx,dasp_double,main,double,ok,6,,,,0.1620,0.0061,0.0061,,3.7159,,,,,,,1.561
Zitney/extr1b/extr1b_A_34.mtx,dasp_half,main_reduced_precision,half,ok,6,,,,0.1440,0.0041,0.0041,,5.5616,,,,,,,1.474
Zitney/extr1b/extr1b_A_34.mtx,packsell_pack16,structural_related,half,ok,6,2836,2836,11404,,0.004307,0.004307,,5.29548,,,,,,0.000404598,2.751
Zitney/extr1b/extr1b_A_34.mtx,packsell_pack32,structural_related,float,ok,6,2836,2836,11404,,0.004057,0.004057,,5.6217,,,,,,1.38638e-07,3.735
Zitney/extr1b/extr1b_A_34.mtx,spaden_bitmap_float,structural_related,float,ok,6,2836,2836,11404,,0.0069,0.0069,,3.3280,8.91,82.6,,,,7.831040e-08,2.041
Zitney/extr1b/extr1b_A_37.mtx,cusparse_double,main,double,ok,4,2836,2836,11405,0.1353,0.0144,0.0144,0.0123,,,,,,,,1.283
Zitney/extr1b/extr1b_A_37.mtx,cusparse_float,main_float,float,ok,3,2836,2836,11405,0.1310,0.0085,0.0085,0.0074,,,,,,,,1.508
Zitney/extr1b/extr1b_A_37.mtx,dasp_double,main,double,ok,3,,,,0.1680,0.0041,0.0041,,5.5621,,,,,,,1.426
Zitney/extr1b/extr1b_A_37.mtx,dasp_half,main_reduced_precision,half,ok,3,,,,0.1780,0.0041,0.0041,,5.5621,,,,,,,1.785
Zitney/extr1b/extr1b_A_37.mtx,packsell_pack16,structural_related,half,ok,3,2836,2836,11405,,0.004238,0.004238,,5.38247,,,,,,0.00041084,2.472
Zitney/extr1b/extr1b_A_37.mtx,packsell_pack32,structural_related,float,ok,3,2836,2836,11405,,0.004345,0.004345,,5.24923,,,,,,1.5182e-07,3.655
Zitney/extr1b/extr1b_A_37.mtx,spaden_bitmap_float,structural_related,float,ok,3,2836,2836,11405,,0.0069,0.0069,,3.3001,136.39,82.6,,,,7.853326e-08,1.740
Zitney/extr1b/extr1b_A_38.mtx,cusparse_double,main,double,ok,5,2836,2836,9053,0.1338,0.0141,0.0141,0.0123,,,,,,,,1.352
Zitney/extr1b/extr1b_A_38.mtx,cusparse_float,main_float,float,ok,6,2836,2836,9053,0.1296,0.0098,0.0098,0.0076,,,,,,,,1.494
Zitney/extr1b/extr1b_A_38.mtx,dasp_double,main,double,ok,6,,,,0.1000,0.0041,0.0041,,4.4129,,,,,,,1.133
Zitney/extr1b/extr1b_A_38.mtx,dasp_half,main_reduced_precision,half,ok,6,,,,0.0980,0.0041,0.0041,,4.4139,,,,,,,1.745
Zitney/extr1b/extr1b_A_38.mtx,packsell_pack16,structural_related,half,ok,6,2836,2836,9053,,0.003829,0.003829,,4.72824,,,,,,0.000412443,2.461
Zitney/extr1b/extr1b_A_38.mtx,packsell_pack32,structural_related,float,ok,6,2836,2836,9053,,0.004291,0.004291,,4.21956,,,,,,1.17269e-07,3.242
Zitney/extr1b/extr1b_A_38.mtx,spaden_bitmap_float,structural_related,float,ok,6,2836,2836,9053,,0.0069,0.0069,,2.6102,17.27,84.2,,,,4.827553e-08,1.980
Zitney/extr1b/extr1b_A_41.mtx,cusparse_double,main,double,ok,1,2836,2836,9053,0.1337,0.0148,0.0148,0.0123,,,,,,,,0.403
Zitney/extr1b/extr1b_A_41.mtx,cusparse_float,main_float,float,ok,5,2836,2836,9053,0.1316,0.0098,0.0098,0.0075,,,,,,,,1.823
Zitney/extr1b/extr1b_A_41.mtx,dasp_double,main,double,ok,5,,,,0.1190,0.0041,0.0041,,4.4129,,,,,,,2.049
Zitney/extr1b/extr1b_A_41.mtx,dasp_half,main_reduced_precision,half,ok,5,,,,0.1500,0.0041,0.0041,,4.4161,,,,,,,1.672
Zitney/extr1b/extr1b_A_41.mtx,packsell_pack16,structural_related,half,ok,5,2836,2836,9053,,0.004113,0.004113,,4.4016,,,,,,0.000416355,2.740
Zitney/extr1b/extr1b_A_41.mtx,packsell_pack32,structural_related,float,ok,5,2836,2836,9053,,0.004227,0.004227,,4.28379,,,,,,1.17561e-07,4.167
Zitney/extr1b/extr1b_A_41.mtx,spaden_bitmap_float,structural_related,float,ok,5,2836,2836,9053,,0.0069,0.0069,,2.6090,208.36,84.2,,,,4.312331e-08,1.409
Zitney/extr1b/extr1b_A_43.mtx,cusparse_double,main,double,ok,2,2836,2836,9053,0.1307,0.0142,0.0142,0.0123,,,,,,,,1.326
Zitney/extr1b/extr1b_A_43.mtx,cusparse_float,main_float,float,ok,3,2836,2836,9053,0.1320,0.0096,0.0096,0.0068,,,,,,,,1.514
Zitney/extr1b/extr1b_A_43.mtx,dasp_double,main,double,ok,3,,,,0.1060,0.0041,0.0041,,4.4118,,,,,,,1.366
Zitney/extr1b/extr1b_A_43.mtx,dasp_half,main_reduced_precision,half,ok,3,,,,0.1280,0.0066,0.0066,,2.7529,,,,,,,1.715
Zitney/extr1b/extr1b_A_43.mtx,packsell_pack16,structural_related,half,ok,3,2836,2836,9053,,0.004274,0.004274,,4.23678,,,,,,0.000411575,2.298
Zitney/extr1b/extr1b_A_43.mtx,packsell_pack32,structural_related,float,ok,3,2836,2836,9053,,0.004272,0.004272,,4.2383,,,,,,1.21754e-07,4.073
Zitney/extr1b/extr1b_A_43.mtx,spaden_bitmap_float,structural_related,float,ok,3,2836,2836,9053,,0.0069,0.0069,,2.6415,16.79,84.2,,,,5.392266e-08,2.024
Zitney/hydr1/hydr1.mtx,cusparse_double,main,double,ok,2,5308,5308,22680,0.1372,0.0150,0.0150,0.0123,,,,,,,,1.340
Zitney/hydr1/hydr1.mtx,cusparse_float,main_float,float,ok,7,5308,5308,22680,0.1409,0.0095,0.0095,0.0086,,,,,,,,1.825
Zitney/hydr1/hydr1.mtx,dasp_double,main,double,ok,7,,,,0.3100,0.0065,0.0065,,7.3581,,,,,,,1.529
Zitney/hydr1/hydr1.mtx,dasp_half,main_reduced_precision,half,ok,7,,,,0.2760,0.0041,0.0041,,11.5807,,,,,,,1.471
Zitney/hydr1/hydr1.mtx,packsell_pack16,structural_related,half,ok,7,5308,5308,22680,,0.004228,0.004228,,10.7282,,,,,,0.000427223,3.329
Zitney/hydr1/hydr1.mtx,packsell_pack32,structural_related,float,ok,7,5308,5308,22680,,0.004363,0.004363,,10.3975,,,,,,1.41523e-07,1.855
Zitney/hydr1/hydr1.mtx,spaden_bitmap_float,structural_related,float,ok,7,5308,5308,23752,,0.0069,0.0069,,6.8812,23.96,83.9,,,,6.384683e-08,1.281
Zitney/hydr1c/hydr1c_A_03.mtx,cusparse_double,main,double,ok,7,5308,5308,22996,0.1290,0.0148,0.0148,0.0123,,,,,,,,0.846
Zitney/hydr1c/hydr1c_A_03.mtx,cusparse_float,main_float,float,ok,3,5308,5308,22996,0.1381,0.0100,0.0100,0.0083,,,,,,,,1.632
Zitney/hydr1c/hydr1c_A_03.mtx,dasp_double,main,double,ok,3,,,,0.2760,0.0041,0.0041,,11.2039,,,,,,,1.668
Zitney/hydr1c/hydr1c_A_03.mtx,dasp_half,main_reduced_precision,half,ok,3,,,,0.2550,0.0041,0.0041,,11.2121,,,,,,,1.636
Zitney/hydr1c/hydr1c_A_03.mtx,packsell_pack16,structural_related,half,ok,3,5308,5308,22996,,0.004334,0.004334,,10.6125,,,,,,0.000443543,2.445
Zitney/hydr1c/hydr1c_A_03.mtx,packsell_pack32,structural_related,float,ok,3,5308,5308,22996,,0.004359,0.004359,,10.5514,,,,,,1.38614e-07,2.544
Zitney/hydr1c/hydr1c_A_03.mtx,spaden_bitmap_float,structural_related,float,ok,3,5308,5308,22996,,0.0069,0.0069,,6.6335,13.56,84.4,,,,5.317698e-08,1.505
Zitney/hydr1c/hydr1c_A_25.mtx,cusparse_double,main,double,ok,5,5308,5308,23539,0.1416,0.0151,0.0151,0.0123,,,,,,,,1.413
Zitney/hydr1c/hydr1c_A_25.mtx,cusparse_float,main_float,float,ok,3,5308,5308,23539,0.1178,0.0089,0.0089,0.0081,,,,,,,,1.793
Zitney/hydr1c/hydr1c_A_25.mtx,dasp_double,main,double,ok,3,,,,0.2610,0.0041,0.0041,,11.4712,,,,,,,0.779
Zitney/hydr1c/hydr1c_A_25.mtx,dasp_half,main_reduced_precision,half,ok,3,,,,0.2830,0.0041,0.0041,,11.4824,,,,,,,1.673
Zitney/hydr1c/hydr1c_A_25.mtx,packsell_pack16,structural_related,half,ok,3,5308,5308,23539,,0.003825,0.003825,,12.3088,,,,,,0.000417021,2.431
Zitney/hydr1c/hydr1c_A_25.mtx,packsell_pack32,structural_related,float,ok,3,5308,5308,23539,,0.004410,0.004410,,10.6757,,,,,,1.44348e-07,2.191
Zitney/hydr1c/hydr1c_A_25.mtx,spaden_bitmap_float,structural_related,float,ok,3,5308,5308,23539,,0.0070,0.0070,,6.6862,81.21,84.3,,,,6.163928e-08,2.348
Zitney/hydr1c/hydr1c_A_35.mtx,cusparse_double,main,double,ok,6,5308,5308,23541,0.1310,0.0149,0.0149,0.0123,,,,,,,,0.780
Zitney/hydr1c/hydr1c_A_35.mtx,cusparse_float,main_float,float,ok,6,5308,5308,23541,0.1399,0.0096,0.0096,0.0080,,,,,,,,1.555
Zitney/hydr1c/hydr1c_A_35.mtx,dasp_double,main,double,ok,6,,,,0.3570,0.0041,0.0041,,11.4722,,,,,,,1.521
Zitney/hydr1c/hydr1c_A_35.mtx,dasp_half,main_reduced_precision,half,ok,6,,,,0.2780,0.0041,0.0041,,11.4806,,,,,,,1.519
Zitney/hydr1c/hydr1c_A_35.mtx,packsell_pack16,structural_related,half,ok,6,5308,5308,23541,,0.003405,0.003405,,13.8283,,,,,,0.000425824,2.726
Zitney/hydr1c/hydr1c_A_35.mtx,packsell_pack32,structural_related,float,ok,6,5308,5308,23541,,0.004294,0.004294,,10.964,,,,,,1.49545e-07,3.749
Zitney/hydr1c/hydr1c_A_35.mtx,spaden_bitmap_float,structural_related,float,ok,6,5308,5308,23541,,0.0071,0.0071,,6.6726,9.56,84.3,,,,5.861765e-08,1.794
Zitney/hydr1c/hydr1c_A_48.mtx,cusparse_double,main,double,ok,1,5308,5308,23517,0.1547,0.0162,0.0162,0.0123,,,,,,,,0.412
Zitney/hydr1c/hydr1c_A_48.mtx,cusparse_float,main_float,float,ok,2,5308,5308,23517,0.1452,0.0098,0.0098,0.0080,,,,,,,,1.706
Zitney/hydr1c/hydr1c_A_48.mtx,dasp_double,main,double,ok,2,,,,0.2850,0.0073,0.0073,,6.4035,,,,,,,1.669
Zitney/hydr1c/hydr1c_A_48.mtx,dasp_half,main_reduced_precision,half,ok,2,,,,0.2790,0.0041,0.0041,,11.4717,,,,,,,1.186
Zitney/hydr1c/hydr1c_A_48.mtx,packsell_pack16,structural_related,half,ok,2,5308,5308,23517,,0.004239,0.004239,,11.0961,,,,,,0.00043359,3.928
Zitney/hydr1c/hydr1c_A_48.mtx,packsell_pack32,structural_related,float,ok,2,5308,5308,23517,,0.004326,0.004326,,10.8727,,,,,,1.48573e-07,2.106
Zitney/hydr1c/hydr1c_A_48.mtx,spaden_bitmap_float,structural_related,float,ok,2,5308,5308,23517,,0.0089,0.0089,,5.3100,113.40,84.3,,,,6.076675e-08,2.097
Zitney/rdist1/rdist1.mtx,cusparse_double,main,double,ok,4,4134,4134,94408,0.1355,0.0134,0.0134,0.0102,,,,,,,,0.777
Zitney/rdist1/rdist1.mtx,cusparse_float,main_float,float,ok,4,4134,4134,94408,0.1149,0.0091,0.0091,0.0081,,,,,,,,1.638
Zitney/rdist1/rdist1.mtx,dasp_double,main,double,ok,4,,,,1.0280,0.0125,0.0125,,15.1004,,,,,,,1.747
Zitney/rdist1/rdist1.mtx,dasp_half,main_reduced_precision,half,ok,4,,,,0.7740,0.0061,0.0061,,30.7118,,,,,,,1.299
Zitney/rdist1/rdist1.mtx,packsell_pack16,structural_related,half,ok,4,4134,4134,94408,,0.008401,0.008401,,22.4749,,,,,,0.000334875,2.495
Zitney/rdist1/rdist1.mtx,packsell_pack32,structural_related,float,ok,4,4134,4134,94408,,0.012567,0.012567,,15.0251,,,,,,1.50662e-07,2.285
Zitney/rdist1/rdist1.mtx,spaden_bitmap_float,structural_related,float,ok,4,4134,4134,94408,,0.0090,0.0090,,21.0357,42.16,58.5,,,,2.782549e-08,1.772
Zitney/rdist2/rdist2.mtx,cusparse_double,main,double,ok,7,3198,3198,56834,0.1526,0.0169,0.0169,0.0151,,,,,,,,0.948
Zitney/rdist2/rdist2.mtx,cusparse_float,main_float,float,ok,3,3198,3198,56834,0.1187,0.0088,0.0088,0.0072,,,,,,,,1.748
Zitney/rdist2/rdist2.mtx,dasp_double,main,double,ok,3,,,,3.9010,0.0120,0.0120,,9.4685,,,,,,,1.966
Zitney/rdist2/rdist2.mtx,dasp_half,main_reduced_precision,half,ok,3,,,,0.5480,0.0061,0.0061,,18.5272,,,,,,,1.626
Zitney/rdist2/rdist2.mtx,packsell_pack16,structural_related,half,ok,3,3198,3198,56834,,0.006406,0.006406,,17.7447,,,,,,0.000356713,3.216
Zitney/rdist2/rdist2.mtx,packsell_pack32,structural_related,float,ok,3,3198,3198,56834,,0.010497,0.010497,,10.8287,,,,,,1.30751e-07,3.332
Zitney/rdist2/rdist2.mtx,spaden_bitmap_float,structural_related,float,ok,3,3198,3198,56934,,0.0087,0.0087,,13.0535,119.33,60.1,,,,1.469464e-08,1.602
vanHeukelum/cage3/cage3.mtx,cusparse_double,main,double,ok,5,5,5,19,0.1519,0.0139,0.0139,0.0092,,,,,,,,0.668
vanHeukelum/cage3/cage3.mtx,cusparse_float,main_float,float,ok,3,5,5,19,0.1347,0.0067,0.0067,0.0059,,,,,,,,1.629
vanHeukelum/cage3/cage3.mtx,dasp_double,main,double,ok,3,,,,0.0060,0.0041,0.0041,,0.0093,,,,,,,1.615
vanHeukelum/cage3/cage3.mtx,dasp_half,main_reduced_precision,half,ok,3,,,,0.0120,0.0059,0.0059,,0.0065,,,,,,,1.552
vanHeukelum/cage3/cage3.mtx,packsell_pack16,structural_related,half,ok,3,5,5,19,,0.004194,0.004194,,0.00905955,,,,,,0.000421733,3.245
vanHeukelum/cage3/cage3.mtx,packsell_pack32,structural_related,float,ok,3,5,5,19,,0.004201,0.004201,,0.00904654,,,,,,7.9745e-08,3.672
vanHeukelum/cage3/cage3.mtx,spaden_bitmap_float,structural_related,float,ok,3,5,5,19,,0.0039,0.0039,,0.0096,35.92,59.1,,,,2.368445e-08,1.829
vanHeukelum/cage7/cage7.mtx,cusparse_double,main,double,ok,2,340,340,3084,0.1365,0.0123,0.0123,0.0102,,,,,,,,1.200
vanHeukelum/cage7/cage7.mtx,cusparse_float,main_float,float,ok,4,340,340,3084,0.1353,0.0082,0.0082,0.0061,,,,,,,,1.786
vanHeukelum/cage7/cage7.mtx,dasp_double,main,double,ok,4,,,,0.0520,0.0041,0.0041,,1.5026,,,,,,,1.196
vanHeukelum/cage7/cage7.mtx,dasp_half,main_reduced_precision,half,ok,4,,,,0.0490,0.0094,0.0094,,0.6556,,,,,,,1.635
vanHeukelum/cage7/cage7.mtx,packsell_pack16,structural_related,half,ok,4,340,340,3084,,0.004248,0.004248,,1.45182,,,,,,0.000467676,3.619
vanHeukelum/cage7/cage7.mtx,packsell_pack32,structural_related,float,ok,4,340,340,3084,,0.004302,0.004302,,1.43372,,,,,,1.57572e-07,2.207
vanHeukelum/cage7/cage7.mtx,spaden_bitmap_float,structural_related,float,ok,4,340,340,3084,,0.0090,0.0090,,0.6856,87.53,79.5,,,,5.836236e-08,1.601
vanHeukelum/cage8/cage8.mtx,cusparse_double,main,double,ok,3,1015,1015,11003,0.1431,0.0140,0.0140,0.0102,,,,,,,,1.280
vanHeukelum/cage8/cage8.mtx,cusparse_float,main_float,float,ok,3,1015,1015,11003,0.1385,0.0078,0.0078,0.0064,,,,,,,,1.547
vanHeukelum/cage8/cage8.mtx,dasp_double,main,double,ok,3,,,,0.1610,0.0059,0.0059,,3.7495,,,,,,,1.999
vanHeukelum/cage8/cage8.mtx,dasp_half,main_reduced_precision,half,ok,3,,,,0.1300,0.0041,0.0041,,5.3699,,,,,,,1.998
vanHeukelum/cage8/cage8.mtx,packsell_pack16,structural_related,half,ok,3,1015,1015,11003,,0.006243,0.006243,,3.52519,,,,,,0.000527208,2.286
vanHeukelum/cage8/cage8.mtx,packsell_pack32,structural_related,float,ok,3,1015,1015,11003,,0.004399,0.004399,,5.00205,,,,,,1.95517e-07,2.941
vanHeukelum/cage8/cage8.mtx,spaden_bitmap_float,structural_related,float,ok,3,1015,1015,11003,,0.0112,0.0112,,1.9628,8.17,78.1,,,,7.426708e-08,1.343
